store_id,business_date,city_id,orders_placed,orders_cancelled,orders_completed,gmv,discount,refunds,net_revenue,avg_order_value,units,unique_customers,bulk_orders,cancellation_rate
S01,2025-04-01,C01,10,0,9,8347.00,0.00,0.00,8347.00,927.44,46,9,0,0.0
S01,2025-04-02,C01,13,1,12,6925.00,0.00,0.00,6925.00,577.08,45,12,0,0.0769
S01,2025-04-03,C01,12,0,11,7962.00,0.00,0.00,7962.00,723.82,62,11,1,0.0
S01,2025-04-04,C01,19,0,18,14978.00,0.00,0.00,14978.00,832.11,79,18,0,0.0
S01,2025-04-05,C01,20,1,19,18361.00,0.00,42.00,18319.00,966.37,104,18,0,0.05
S01,2025-04-06,C01,18,0,18,16489.00,270.20,168.00,16050.80,901.04,73,18,0,0.0
S01,2025-04-07,C01,11,1,9,7760.00,140.60,454.00,7165.40,846.6,48,9,0,0.0909
S01,2025-04-08,C01,20,0,19,15923.00,105.10,0.00,15817.90,832.52,81,19,0,0.0
S01,2025-04-09,C01,12,0,11,3939.00,64.80,0.00,3874.20,352.2,33,11,0,0.0
S01,2025-04-10,C01,17,1,15,8088.00,136.50,0.00,7951.50,530.1,58,15,0,0.0588
S01,2025-04-11,C01,13,0,13,9221.00,309.65,0.00,8911.35,685.49,55,13,0,0.0
S01,2025-04-12,C01,21,1,19,16385.00,8.40,0.00,16376.60,861.93,89,18,0,0.0476
S01,2025-04-13,C01,11,1,9,9008.00,35.20,1490.00,7482.80,996.98,49,9,0,0.0909
S01,2025-04-14,C01,8,0,7,5114.00,26.90,0.00,5087.10,726.73,24,7,0,0.0
S01,2025-04-15,C01,19,0,17,16631.00,443.10,0.00,16187.90,952.23,75,17,0,0.0
S01,2025-04-16,C01,13,1,12,7096.00,87.70,169.00,6839.30,584.03,47,12,0,0.0769
S01,2025-04-17,C01,16,3,11,8658.00,183.60,468.00,8006.40,770.4,40,11,0,0.1875
S01,2025-04-18,C01,16,0,16,10250.00,462.00,0.00,9788.00,611.75,52,16,0,0.0
S01,2025-04-19,C01,16,2,14,24751.00,142.60,707.00,23901.40,1757.74,90,14,0,0.125
S01,2025-04-20,C01,10,0,10,11023.00,130.90,92.00,10800.10,1089.21,54,10,0,0.0
S01,2025-04-21,C01,10,1,8,8344.00,407.30,0.00,7936.70,992.09,34,8,0,0.1
S01,2025-04-22,C01,15,1,14,10403.00,257.60,0.00,10145.40,724.67,51,14,0,0.0667
S01,2025-04-23,C01,14,0,14,12851.00,408.30,89.00,12353.70,888.76,65,14,0,0.0
S01,2025-04-24,C01,23,0,22,11794.00,194.20,0.00,11599.80,527.26,77,22,0,0.0
S01,2025-04-25,C01,18,1,17,9534.00,305.80,0.00,9228.20,542.84,78,17,0,0.0556
S01,2025-04-26,C01,13,1,12,5106.00,70.25,24.00,5011.75,419.65,34,12,0,0.0769
S01,2025-04-27,C01,6,1,5,4422.00,102.00,0.00,4320.00,864.0,20,5,0,0.1667
S01,2025-04-28,C01,13,1,12,6231.00,51.00,0.00,6180.00,515.0,42,12,0,0.0769
S01,2025-04-29,C01,14,0,11,6894.00,0.00,0.00,6894.00,626.73,62,11,1,0.0
S01,2025-04-30,C01,14,2,12,7117.00,57.90,258.00,6801.10,588.26,37,12,0,0.1429
S01,2025-05-01,C01,20,2,17,11598.00,25.20,386.00,11186.80,680.75,70,17,0,0.1
S01,2025-05-02,C01,9,1,8,6540.00,38.40,0.00,6501.60,812.7,44,8,0,0.1111
S01,2025-05-03,C01,22,1,20,17989.00,120.25,0.00,17868.75,893.44,88,20,0,0.0455
S01,2025-05-04,C01,16,1,14,13790.00,63.55,0.00,13726.45,980.46,68,14,0,0.0625
S01,2025-05-05,C01,23,1,21,14966.00,25.20,606.00,14334.80,711.47,88,21,0,0.0435
S01,2025-05-06,C01,16,0,16,10989.00,21.40,0.00,10967.60,685.48,67,16,0,0.0
S01,2025-05-07,C01,11,2,7,5189.00,25.20,0.00,5163.80,737.69,29,7,0,0.1818
S01,2025-05-08,C01,16,0,15,11133.00,64.20,0.00,11068.80,737.92,56,14,0,0.0
S01,2025-05-09,C01,11,2,9,5107.00,12.60,0.00,5094.40,566.04,37,8,0,0.1818
S01,2025-05-10,C01,20,1,18,13206.00,0.00,0.00,13206.00,733.67,89,18,0,0.05
S01,2025-05-11,C01,17,0,16,19032.00,35.70,722.00,18274.30,1187.27,78,14,0,0.0
S01,2025-05-12,C01,17,1,16,12542.00,13.20,0.00,12528.80,783.05,77,16,0,0.0588
S01,2025-05-13,C01,14,2,12,10260.00,0.00,0.00,10260.00,855.0,54,11,0,0.1429
S01,2025-05-14,C01,12,1,11,10755.00,6.60,469.00,10279.40,977.13,50,11,0,0.0833
S01,2025-05-15,C01,17,0,17,16526.00,0.00,79.00,16447.00,972.12,85,17,0,0.0
S01,2025-05-16,C01,20,3,16,15916.00,22.50,0.00,15893.50,993.34,68,16,0,0.15
S01,2025-05-17,C01,14,0,13,9060.00,6.60,0.00,9053.40,696.42,58,13,0,0.0
S01,2025-05-18,C01,14,3,11,9792.00,17.10,40.00,9734.90,888.63,63,11,0,0.2143
S01,2025-05-19,C01,18,0,17,11164.00,19.80,0.00,11144.20,655.54,68,17,0,0.0
S01,2025-05-20,C01,18,0,18,13889.00,6.60,0.00,13882.40,771.24,70,18,0,0.0
S01,2025-05-21,C01,10,3,7,3455.00,0.00,42.00,3413.00,493.57,24,7,0,0.3
S01,2025-05-22,C01,21,4,15,8113.00,0.00,0.00,8113.00,540.87,51,14,0,0.1905
S01,2025-05-23,C01,18,2,13,10120.00,0.00,715.00,9405.00,778.46,55,13,0,0.1111
S01,2025-05-24,C01,20,1,19,19975.00,0.00,971.00,19004.00,1051.32,98,19,0,0.05
S01,2025-05-25,C01,10,2,8,9056.00,0.00,0.00,9056.00,1132.0,46,8,0,0.2
S01,2025-05-26,C01,8,0,7,7942.00,0.00,252.00,7690.00,1134.57,30,7,0,0.0
S01,2025-05-27,C01,11,1,10,8738.00,82.15,158.00,8497.85,865.59,43,10,0,0.0909
S01,2025-05-28,C01,16,1,15,12310.00,380.25,0.00,11929.75,795.32,70,14,0,0.0625
S01,2025-05-29,C01,14,1,13,11550.00,116.35,493.50,10940.15,879.51,66,12,0,0.0714
S01,2025-05-30,C01,21,1,20,13181.00,416.90,947.00,11817.10,638.21,72,20,0,0.0476
S01,2025-05-31,C01,24,4,17,17958.00,574.50,0.00,17383.50,1022.56,85,17,0,0.1667
S01,2025-06-01,C01,16,0,15,11641.00,366.70,298.00,10976.30,751.62,68,15,0,0.0
S01,2025-06-02,C01,13,0,12,9887.00,87.65,0.00,9799.35,816.61,66,12,0,0.0
S01,2025-06-03,C01,16,0,16,9480.00,38.75,66.00,9375.25,590.08,60,15,0,0.0
S01,2025-06-04,C01,17,1,15,13803.00,302.05,0.00,13500.95,900.06,79,15,0,0.0588
S01,2025-06-05,C01,10,0,10,6038.00,67.80,0.00,5970.20,597.02,43,10,0,0.0
S01,2025-06-06,C01,21,2,18,15634.00,152.05,0.00,15481.95,860.11,78,18,0,0.0952
S01,2025-06-07,C01,14,1,12,16929.00,8.80,0.00,16920.20,1410.02,74,12,0,0.0714
S01,2025-06-08,C01,18,3,13,11129.00,49.60,0.00,11079.40,852.26,58,13,0,0.1667
S01,2025-06-09,C01,8,2,6,7597.00,106.00,506.00,6985.00,1248.5,29,6,0,0.25
S01,2025-06-10,C01,18,1,17,16157.00,30.20,0.00,16126.80,948.64,74,17,0,0.0556
S01,2025-06-11,C01,4,0,4,1311.00,32.00,887.00,392.00,319.75,16,4,0,0.0
S01,2025-06-12,C01,19,2,15,12107.00,34.00,17.00,12056.00,804.87,71,15,0,0.1053
S01,2025-06-13,C01,13,0,13,10503.00,51.60,0.00,10451.40,803.95,70,13,0,0.0
S01,2025-06-14,C01,15,2,13,6870.00,73.20,323.00,6473.80,522.83,49,13,0,0.1333
S01,2025-06-15,C01,16,1,15,21790.00,147.20,581.00,21061.80,1442.85,92,15,0,0.0625
S01,2025-06-16,C01,10,0,9,6878.00,0.00,170.00,6708.00,764.22,35,9,0,0.0
S01,2025-06-17,C01,16,1,15,10255.00,14.40,428.00,9812.60,682.71,54,15,0,0.0625
S01,2025-06-18,C01,18,1,15,10777.00,34.50,0.00,10742.50,716.17,56,15,0,0.0556
S01,2025-06-19,C01,13,0,12,6093.00,26.40,0.00,6066.60,505.55,52,12,0,0.0
S01,2025-06-20,C01,10,0,10,9524.00,12.60,0.00,9511.40,951.14,50,10,0,0.0
S01,2025-06-21,C01,27,4,22,16785.00,18.70,0.00,16766.30,762.1,105,22,0,0.1481
S01,2025-06-22,C01,18,0,18,12949.00,16.80,2594.00,10338.20,718.46,78,17,0,0.0
S01,2025-06-23,C01,9,1,8,8103.00,0.00,220.00,7883.00,1012.88,30,8,0,0.1111
S01,2025-06-24,C01,17,1,16,10404.00,40.50,588.00,9775.50,647.72,64,15,0,0.0588
S01,2025-06-25,C01,18,2,15,8069.00,8.10,0.00,8060.90,537.39,58,15,0,0.1111
S01,2025-06-26,C01,19,2,16,14503.00,24.20,178.00,14300.80,904.93,75,16,0,0.1053
S01,2025-06-27,C01,16,1,15,7778.00,21.40,0.00,7756.60,517.11,54,15,0,0.0625
S01,2025-06-28,C01,22,3,16,11616.00,152.00,229.00,11235.00,716.5,64,16,0,0.1364
S01,2025-06-29,C01,18,1,17,13386.00,16.10,0.00,13369.90,786.46,89,17,0,0.0556
S01,2025-06-30,C01,21,1,19,11970.00,3.80,0.00,11966.20,629.8,70,19,0,0.0476
S01,2025-07-01,C01,20,1,17,9555.00,72.80,0.00,9482.20,557.78,65,17,0,0.05
S01,2025-07-02,C01,14,1,13,9280.00,22.60,182.00,9075.40,712.11,44,13,0,0.0714
S01,2025-07-03,C01,16,2,14,3582.00,19.90,84.00,3478.10,254.44,45,14,0,0.125
S01,2025-07-04,C01,11,0,11,8181.00,71.80,0.00,8109.20,737.2,46,11,0,0.0
S01,2025-07-05,C01,23,0,23,21486.00,42.00,42.00,21402.00,932.35,106,23,0,0.0
S01,2025-07-06,C01,16,0,15,10101.00,38.90,0.00,10062.10,670.81,63,15,0,0.0
S01,2025-07-07,C01,14,0,13,7566.00,28.60,0.00,7537.40,579.8,51,12,0,0.0
S01,2025-07-08,C01,9,0,7,5146.00,203.80,42.00,4900.20,706.03,23,7,0,0.0
S01,2025-07-09,C01,13,0,12,8028.00,83.25,0.00,7944.75,662.06,43,12,0,0.0
S01,2025-07-10,C01,15,1,13,9313.00,61.00,0.00,9252.00,711.69,45,13,0,0.0667
S01,2025-07-11,C01,12,0,11,8927.00,0.00,0.00,8927.00,811.55,48,11,0,0.0
S01,2025-07-12,C01,26,1,24,20863.00,41.00,0.00,20822.00,867.58,115,24,0,0.0385
S01,2025-07-13,C01,21,0,19,16938.00,34.00,0.00,16904.00,889.68,92,18,0,0.0
S01,2025-07-14,C01,11,0,11,6807.00,0.00,0.00,6807.00,618.82,45,11,0,0.0
S01,2025-07-15,C01,19,1,17,7645.00,8.40,0.00,7636.60,449.21,50,17,0,0.0526
S01,2025-07-16,C01,10,1,8,27226.00,10.50,358.00,26857.50,3401.94,97,8,1,0.1
S01,2025-07-17,C01,12,0,12,13677.00,27.25,0.00,13649.75,1137.48,60,12,0,0.0
S01,2025-07-18,C01,13,1,12,8313.00,11.40,0.00,8301.60,691.8,46,12,0,0.0769
S01,2025-07-19,C01,22,0,20,16622.00,2.10,795.00,15824.90,831.0,81,20,0,0.0
S01,2025-07-20,C01,13,0,13,17604.00,56.65,0.00,17547.35,1349.8,95,13,0,0.0
S01,2025-07-21,C01,21,3,17,13246.00,107.25,0.00,13138.75,772.87,70,17,0,0.1429
S01,2025-07-22,C01,11,2,9,6205.00,114.60,45.00,6045.40,676.71,33,9,0,0.1818
S01,2025-07-23,C01,17,2,13,10015.00,93.90,324.00,9597.10,763.16,63,13,0,0.1176
S01,2025-07-24,C01,12,1,10,9505.00,2.10,0.00,9502.90,950.29,52,10,0,0.0833
S01,2025-07-25,C01,18,0,18,8062.00,135.25,0.00,7926.75,440.38,56,18,0,0.0
S01,2025-07-26,C01,18,1,17,16305.00,2.10,0.00,16302.90,958.99,94,17,0,0.0556
S01,2025-07-27,C01,19,3,15,11636.00,358.70,0.00,11277.30,751.82,75,15,0,0.1579
S01,2025-07-28,C01,20,0,19,11779.00,219.25,169.00,11390.75,608.41,60,19,0,0.0
S01,2025-07-29,C01,17,0,17,21929.00,235.95,42.00,21651.05,1276.06,96,17,0,0.0
S01,2025-07-30,C01,8,0,8,4972.00,0.00,0.00,4972.00,621.5,29,8,0,0.0
S01,2025-07-31,C01,17,0,17,14967.00,222.00,0.00,14745.00,867.35,80,17,0,0.0
S01,2025-08-01,C01,15,1,14,11671.00,26.70,716.00,10928.30,831.74,59,14,0,0.0667
S01,2025-08-02,C01,18,1,16,15826.00,229.50,154.00,15442.50,974.78,83,16,0,0.0556
S01,2025-08-03,C01,20,2,17,23455.00,51.00,0.00,23404.00,1376.71,100,17,0,0.1
S01,2025-08-04,C01,12,0,12,8929.00,0.00,0.00,8929.00,744.08,56,11,0,0.0
S01,2025-08-05,C01,17,2,15,13796.00,0.00,0.00,13796.00,919.73,58,15,0,0.1176
S01,2025-08-06,C01,13,1,11,7616.00,0.00,319.00,7297.00,692.36,47,11,0,0.0769
S01,2025-08-07,C01,9,0,9,4942.00,55.00,0.00,4887.00,543.0,38,9,0,0.0
S01,2025-08-08,C01,14,2,10,6559.00,76.80,0.00,6482.20,648.22,35,10,0,0.1429
S01,2025-08-09,C01,17,0,17,20260.00,173.55,0.00,20086.45,1181.56,92,17,0,0.0
S01,2025-08-10,C01,14,1,12,11919.00,281.50,377.00,11260.50,969.79,70,12,0,0.0714
S01,2025-08-11,C01,20,2,18,14747.00,148.95,731.40,13866.65,811.0,69,18,0,0.1
S01,2025-08-12,C01,11,0,11,9166.00,394.65,0.00,8771.35,797.4,47,11,0,0.0
S01,2025-08-13,C01,13,2,10,4914.00,73.10,0.00,4840.90,484.09,33,10,0,0.1538
S01,2025-08-14,C01,19,2,16,10880.00,439.40,0.00,10440.60,652.54,68,16,0,0.1053
S01,2025-08-15,C01,13,0,12,9922.00,102.40,0.00,9819.60,818.3,50,12,0,0.0
S01,2025-08-16,C01,19,2,17,20566.00,120.10,0.00,20445.90,1202.7,106,17,0,0.1053
S01,2025-08-17,C01,19,2,15,10244.00,178.30,42.00,10023.70,671.05,57,15,0,0.1053
S01,2025-08-18,C01,14,0,14,14041.00,72.65,0.00,13968.35,997.74,79,14,0,0.0
S01,2025-08-19,C01,21,2,18,21433.00,183.80,0.00,21249.20,1180.51,103,18,0,0.0952
S01,2025-08-20,C01,10,0,10,6159.00,28.70,1916.50,4213.80,613.03,38,10,0,0.0
S01,2025-08-21,C01,12,1,10,8975.00,53.00,0.00,8922.00,892.2,64,10,0,0.0833
S01,2025-08-22,C01,13,0,13,10760.00,3.35,0.00,10756.65,827.43,63,13,0,0.0
S01,2025-08-23,C01,16,1,12,10014.00,26.35,0.00,9987.65,832.3,61,12,0,0.0625
S01,2025-08-24,C01,11,2,9,6074.00,5.90,0.00,6068.10,674.23,34,9,0,0.1818
S01,2025-08-25,C01,13,2,10,7710.00,146.70,0.00,7563.30,756.33,40,10,0,0.1538
S01,2025-08-26,C01,12,0,12,12895.00,44.30,1022.00,11828.70,1070.89,69,12,0,0.0
S01,2025-08-27,C01,14,2,11,6901.00,0.00,0.00,6901.00,627.36,35,10,0,0.1429
S01,2025-08-28,C01,7,0,7,3900.00,0.00,0.00,3900.00,557.14,25,7,0,0.0
S01,2025-08-29,C01,13,2,9,7152.00,6.40,42.00,7103.60,793.96,35,9,0,0.1538
S01,2025-08-30,C01,17,1,15,12860.00,142.30,176.00,12541.70,847.85,75,15,0,0.0588
S01,2025-08-31,C01,18,0,14,9612.00,143.45,0.00,9468.55,676.33,59,13,0,0.0
S01,2025-09-01,C01,15,1,14,21192.00,218.95,229.00,20744.05,1498.08,113,14,0,0.0667
S01,2025-09-02,C01,12,1,11,6634.00,121.75,21.00,6491.25,592.02,41,11,0,0.0833
S01,2025-09-03,C01,18,2,15,14730.00,247.50,98.00,14384.50,965.5,70,15,0,0.1111
S01,2025-09-04,C01,13,2,11,6547.00,192.70,0.00,6354.30,577.66,31,11,0,0.1538
S01,2025-09-05,C01,18,0,18,17154.00,204.70,343.00,16606.30,941.63,93,18,0,0.0
S01,2025-09-06,C01,24,5,19,13340.00,463.00,0.00,12877.00,677.74,89,19,0,0.2083
S01,2025-09-07,C01,15,0,13,13227.00,232.20,0.00,12994.80,999.6,73,13,0,0.0
S01,2025-09-08,C01,11,1,10,6693.00,42.30,1052.30,5598.40,665.07,42,10,0,0.0909
S01,2025-09-09,C01,11,3,7,5342.00,13.80,0.00,5328.20,761.17,36,7,0,0.2727
S01,2025-09-10,C01,18,1,16,12261.00,44.70,251.30,11965.00,763.52,69,16,0,0.0556
S01,2025-09-11,C01,14,0,14,11351.00,84.45,371.00,10895.55,804.75,58,14,0,0.0
S01,2025-09-12,C01,14,1,13,9004.00,54.75,0.00,8949.25,688.4,70,13,0,0.0714
S01,2025-09-13,C01,20,3,16,12961.00,0.00,0.00,12961.00,810.06,81,15,0,0.15
S01,2025-09-14,C01,20,5,14,9649.00,249.60,1332.00,8067.40,671.39,58,14,0,0.25
S01,2025-09-15,C01,16,1,13,13197.00,67.20,3208.10,9921.70,1009.98,62,13,0,0.0625
S01,2025-09-16,C01,16,1,15,13939.00,309.60,70.00,13559.40,908.63,88,15,0,0.0625
S01,2025-09-17,C01,16,1,14,8595.00,530.40,0.00,8064.60,576.04,56,14,0,0.0625
S01,2025-09-18,C01,11,1,10,9881.00,48.90,0.00,9832.10,983.21,52,10,0,0.0909
S01,2025-09-19,C01,12,1,11,10087.00,4.20,0.00,10082.80,916.62,51,11,0,0.0833
S01,2025-09-20,C01,16,4,12,10332.00,0.00,0.00,10332.00,861.0,56,12,0,0.25
S01,2025-09-21,C01,31,1,29,27133.00,0.00,0.00,27133.00,935.62,137,29,0,0.0323
S01,2025-09-22,C01,18,0,17,12957.00,0.00,0.00,12957.00,762.18,73,17,0,0.0
S01,2025-09-23,C01,18,1,17,13633.00,0.00,0.00,13633.00,801.94,66,17,0,0.0556
S01,2025-09-24,C01,18,1,17,13642.00,0.00,0.00,13642.00,802.47,79,17,0,0.0556
S01,2025-09-25,C01,20,3,14,12674.00,0.00,0.00,12674.00,905.29,59,14,0,0.15
S01,2025-09-26,C01,29,6,20,18543.00,0.00,21.00,18522.00,927.15,95,20,0,0.2069
S01,2025-09-27,C01,10,0,9,10649.00,0.00,1699.00,8950.00,1183.22,49,9,0,0.0
S01,2025-09-28,C01,14,0,14,9156.00,0.00,1266.00,7890.00,654.0,59,14,0,0.0
S01,2025-09-29,C01,20,1,19,17861.00,0.00,1012.00,16849.00,940.05,83,19,0,0.05
S01,2025-09-30,C01,19,1,15,13666.00,0.00,0.00,13666.00,911.07,68,15,0,0.0526
S02,2025-04-01,C01,17,0,16,12440.00,0.00,0.00,12440.00,777.5,85,15,0,0.0
S02,2025-04-02,C01,13,2,11,11292.00,0.00,0.00,11292.00,1026.55,57,11,0,0.1538
S02,2025-04-03,C01,17,3,13,7818.00,0.00,506.00,7312.00,601.38,52,13,0,0.1765
S02,2025-04-04,C01,12,1,10,6952.00,0.00,0.00,6952.00,695.2,44,10,0,0.0833
S02,2025-04-05,C01,14,2,12,10098.00,0.00,84.00,10014.00,841.5,57,12,0,0.1429
S02,2025-04-06,C01,11,0,11,6432.00,158.40,498.00,5775.60,570.33,41,11,0,0.0
S02,2025-04-07,C01,14,1,12,14665.00,42.00,0.00,14623.00,1218.58,97,12,1,0.0714
S02,2025-04-08,C01,10,1,9,12422.00,68.40,0.00,12353.60,1372.62,56,9,0,0.1
S02,2025-04-09,C01,10,1,9,5885.00,55.20,0.00,5829.80,647.76,43,8,0,0.1
S02,2025-04-10,C01,23,2,21,20204.00,243.30,46.00,19914.70,950.51,99,21,0,0.087
S02,2025-04-11,C01,21,2,19,13747.00,120.80,38.00,13588.20,717.17,81,19,0,0.0952
S02,2025-04-12,C01,7,0,7,4881.00,50.40,42.00,4788.60,690.09,35,7,0,0.0
S02,2025-04-13,C01,14,1,12,7988.00,0.00,0.00,7988.00,665.67,50,12,0,0.0714
S02,2025-04-14,C01,11,2,9,5613.00,0.00,0.00,5613.00,623.67,38,9,0,0.1818
S02,2025-04-15,C01,12,0,12,9956.00,509.10,0.00,9446.90,787.24,57,12,0,0.0
S02,2025-04-16,C01,13,0,11,8539.00,67.20,0.00,8471.80,770.16,45,11,0,0.0
S02,2025-04-17,C01,14,2,11,6105.00,16.80,85.00,6003.20,553.47,39,11,0,0.1429
S02,2025-04-18,C01,18,0,18,12827.00,54.60,0.00,12772.40,709.58,71,17,0,0.0
S02,2025-04-19,C01,21,0,20,19301.00,952.00,129.00,18220.00,917.45,86,19,0,0.0
S02,2025-04-20,C01,16,1,15,21587.00,414.00,133.00,21040.00,1411.53,96,15,0,0.0625
S02,2025-04-21,C01,14,2,11,10067.00,294.20,0.00,9772.80,888.44,56,11,0,0.1429
S02,2025-04-22,C01,6,0,6,3517.00,91.80,199.00,3226.20,570.87,27,6,0,0.0
S02,2025-04-23,C01,7,0,6,5119.00,117.80,0.00,5001.20,833.53,26,6,0,0.0
S02,2025-04-24,C01,9,2,7,7175.00,51.60,3085.20,4038.20,1017.63,35,7,0,0.2222
S02,2025-04-25,C01,10,0,10,11060.00,78.70,458.00,10523.30,1098.13,51,10,0,0.0
S02,2025-04-26,C01,19,0,19,16525.00,367.50,0.00,16157.50,850.39,88,19,0,0.0
S02,2025-04-27,C01,19,1,17,19872.00,1079.70,42.00,18750.30,1105.43,109,17,0,0.0526
S02,2025-04-28,C01,17,3,13,7517.00,157.65,255.00,7104.35,566.1,37,13,0,0.1765
S02,2025-04-29,C01,15,1,12,8962.00,25.20,0.00,8936.80,744.73,43,12,0,0.0667
S02,2025-04-30,C01,14,0,14,15011.00,602.00,867.00,13542.00,1029.21,71,14,0,0.0
S02,2025-05-01,C01,14,1,13,9642.00,24.05,42.00,9575.95,739.84,54,13,0,0.0714
S02,2025-05-02,C01,14,0,14,10124.00,49.30,0.00,10074.70,719.62,65,14,0,0.0
S02,2025-05-03,C01,13,0,13,14957.00,24.05,69.00,14863.95,1148.69,77,13,0,0.0
S02,2025-05-04,C01,20,1,19,17678.00,24.05,553.55,17100.40,929.16,86,19,0,0.05
S02,2025-05-05,C01,15,2,13,13667.00,65.40,84.00,13517.60,1046.28,74,13,0,0.1333
S02,2025-05-06,C01,11,2,9,9448.00,0.00,42.00,9406.00,1049.78,37,9,0,0.1818
S02,2025-05-07,C01,11,2,8,4381.00,0.00,0.00,4381.00,547.63,28,8,0,0.1818
S02,2025-05-08,C01,20,2,18,12420.00,34.00,0.00,12386.00,688.11,64,18,0,0.1
S02,2025-05-09,C01,19,0,19,35238.00,490.00,897.00,33851.00,1828.84,152,19,1,0.0
S02,2025-05-10,C01,21,0,20,17455.00,51.60,0.00,17403.40,870.17,106,19,0,0.0
S02,2025-05-11,C01,13,0,13,14114.00,50.40,711.00,13352.60,1081.82,65,13,0,0.0
S02,2025-05-12,C01,9,1,8,3753.00,0.00,0.00,3753.00,469.13,26,8,0,0.1111
S02,2025-05-13,C01,14,0,12,7273.00,22.65,0.00,7250.35,604.2,57,12,0,0.0
S02,2025-05-14,C01,13,2,11,6464.00,19.80,0.00,6444.20,585.84,41,11,0,0.1538
S02,2025-05-15,C01,18,4,13,9388.00,11.85,922.00,8454.15,721.24,55,13,0,0.2222
S02,2025-05-16,C01,12,2,9,7034.00,41.70,0.00,6992.30,776.92,43,9,0,0.1667
S02,2025-05-17,C01,21,0,21,19115.00,0.00,0.00,19115.00,910.24,87,21,0,0.0
S02,2025-05-18,C01,14,2,12,7318.00,13.20,0.00,7304.80,608.73,45,12,0,0.1429
S02,2025-05-19,C01,13,0,13,10784.00,6.60,0.00,10777.40,829.03,63,13,0,0.0
S02,2025-05-20,C01,15,0,14,9189.00,11.85,94.00,9083.15,655.51,62,14,0,0.0
S02,2025-05-21,C01,8,0,8,5842.00,0.00,0.00,5842.00,730.25,30,8,0,0.0
S02,2025-05-22,C01,12,0,10,4025.00,0.00,0.00,4025.00,402.5,34,10,0,0.0
S02,2025-05-23,C01,11,1,10,7607.00,0.00,0.00,7607.00,760.7,46,10,0,0.0909
S02,2025-05-24,C01,19,1,18,15549.00,0.00,0.00,15549.00,863.83,83,18,0,0.0526
S02,2025-05-25,C01,19,0,16,17953.00,0.00,0.00,17953.00,1122.06,92,15,0,0.0
S02,2025-05-26,C01,10,2,8,7332.00,0.00,178.00,7154.00,916.5,35,8,0,0.2
S02,2025-05-27,C01,15,2,13,8043.00,70.25,0.00,7972.75,613.29,54,13,0,0.1333
S02,2025-05-28,C01,15,0,14,13147.00,152.80,0.00,12994.20,928.16,68,14,0,0.0
S02,2025-05-29,C01,14,2,12,7245.00,231.15,129.00,6884.85,584.49,49,12,0,0.1429
S02,2025-05-30,C01,21,0,20,16682.00,102.40,0.00,16579.60,828.98,84,20,0,0.0
S02,2025-05-31,C01,19,3,16,16038.00,84.75,0.00,15953.25,997.08,82,16,0,0.1579
S02,2025-06-01,C01,20,0,20,14729.00,394.30,0.00,14334.70,716.74,82,20,0,0.0
S02,2025-06-02,C01,19,1,18,9061.00,355.55,189.00,8516.45,483.64,62,18,0,0.0526
S02,2025-06-03,C01,12,0,12,11497.00,27.95,0.00,11469.05,955.75,59,12,0,0.0
S02,2025-06-04,C01,18,1,17,10607.00,190.65,42.00,10374.35,612.73,74,17,0,0.0556
S02,2025-06-05,C01,19,4,15,14412.00,194.70,0.00,14217.30,947.82,62,15,0,0.2105
S02,2025-06-06,C01,12,1,11,8201.00,206.85,255.00,7739.15,726.74,51,11,0,0.0833
S02,2025-06-07,C01,23,2,21,14524.00,72.55,85.00,14366.45,688.16,85,21,0,0.087
S02,2025-06-08,C01,15,1,13,16827.00,116.10,85.00,16625.90,1285.45,71,13,0,0.0667
S02,2025-06-09,C01,11,0,10,11001.00,0.00,3414.60,7586.40,1100.1,53,10,0,0.0
S02,2025-06-10,C01,18,0,18,12729.00,137.35,767.00,11824.65,699.54,75,18,0,0.0
S02,2025-06-11,C01,8,1,7,3438.00,6.40,0.00,3431.60,490.23,20,7,0,0.125
S02,2025-06-12,C01,12,1,11,10956.00,44.00,0.00,10912.00,992.0,53,11,0,0.0833
S02,2025-06-13,C01,16,0,15,9007.00,73.40,0.00,8933.60,595.57,50,15,0,0.0
S02,2025-06-14,C01,14,0,13,14268.00,116.25,0.00,14151.75,1088.6,61,13,0,0.0
S02,2025-06-15,C01,20,2,18,29336.00,297.15,0.00,29038.85,1613.27,103,18,0,0.1
S02,2025-06-16,C01,15,0,14,9423.00,0.00,0.00,9423.00,673.07,65,14,0,0.0
S02,2025-06-17,C01,14,0,12,10776.00,0.00,366.00,10410.00,898.0,62,12,0,0.0
S02,2025-06-18,C01,17,1,16,13823.00,67.00,478.00,13278.00,859.75,73,16,0,0.0588
S02,2025-06-19,C01,14,0,13,6924.00,54.50,668.00,6201.50,528.42,45,13,0,0.0
S02,2025-06-20,C01,17,1,16,13262.00,25.20,0.00,13236.80,827.3,84,16,0,0.0588
S02,2025-06-21,C01,19,3,14,14176.00,4.20,0.00,14171.80,1012.27,82,14,0,0.1579
S02,2025-06-22,C01,9,1,8,7669.00,0.00,417.00,7252.00,958.63,37,8,0,0.1111
S02,2025-06-23,C01,14,1,12,9727.00,12.10,0.00,9714.90,809.58,69,12,0,0.0714
S02,2025-06-24,C01,13,1,12,7476.00,12.60,0.00,7463.40,621.95,49,11,0,0.0769
S02,2025-06-25,C01,15,3,12,5552.00,11.80,0.00,5540.20,461.68,46,12,0,0.2
S02,2025-06-26,C01,17,0,17,16874.00,22.80,253.00,16598.20,991.25,85,17,0,0.0
S02,2025-06-27,C01,13,0,12,6203.00,114.00,665.00,5424.00,507.42,31,12,0,0.0
S02,2025-06-28,C01,17,2,15,12797.00,83.70,0.00,12713.30,847.55,78,15,0,0.1176
S02,2025-06-29,C01,16,0,16,15378.00,85.80,0.00,15292.20,955.76,83,15,0,0.0
S02,2025-06-30,C01,11,2,8,4778.00,4.50,85.00,4688.50,596.69,32,8,0,0.1818
S02,2025-07-01,C01,15,1,12,8282.00,15.50,860.40,7406.10,688.88,47,12,0,0.0667
S02,2025-07-02,C01,10,0,10,8912.00,12.80,0.00,8899.20,889.92,49,10,0,0.0
S02,2025-07-03,C01,21,2,19,14960.00,23.10,231.00,14705.90,786.15,86,19,0,0.0952
S02,2025-07-04,C01,20,1,19,14493.00,13.70,302.00,14177.30,762.07,87,19,0,0.05
S02,2025-07-05,C01,22,0,22,20655.00,39.60,0.00,20615.40,937.06,120,22,0,0.0
S02,2025-07-06,C01,20,0,19,15596.00,30.00,42.00,15524.00,819.26,72,19,0,0.0
S02,2025-07-07,C01,9,0,9,6121.00,53.20,0.00,6067.80,674.2,36,9,0,0.0
S02,2025-07-08,C01,10,1,9,6688.00,240.00,199.00,6249.00,716.44,58,9,0,0.1
S02,2025-07-09,C01,13,0,10,11579.00,0.00,0.00,11579.00,1157.9,59,10,0,0.0
S02,2025-07-10,C01,18,1,17,15240.00,269.50,675.70,14294.80,880.62,75,17,0,0.0556
S02,2025-07-11,C01,17,1,15,10475.00,72.85,0.00,10402.15,693.48,57,15,0,0.0588
S02,2025-07-12,C01,12,0,11,12709.00,16.80,0.00,12692.20,1153.84,60,10,0,0.0
S02,2025-07-13,C01,17,0,14,15617.00,12.60,0.00,15604.40,1114.6,88,14,0,0.0
S02,2025-07-14,C01,20,2,16,8384.00,4.20,1472.00,6907.80,523.74,57,16,0,0.1
S02,2025-07-15,C01,17,0,17,11502.00,8.40,0.00,11493.60,676.09,86,17,0,0.0
S02,2025-07-16,C01,15,1,12,8119.00,24.00,0.00,8095.00,674.58,61,12,1,0.0667
S02,2025-07-17,C01,26,3,23,19494.00,31.50,0.00,19462.50,846.2,99,22,0,0.1154
S02,2025-07-18,C01,15,0,14,12818.00,88.80,61.00,12668.20,909.23,75,13,0,0.0
S02,2025-07-19,C01,15,2,13,10599.00,51.70,0.00,10547.30,811.33,58,13,0,0.1333
S02,2025-07-20,C01,20,2,18,16125.00,23.90,122.00,15979.10,894.51,104,18,0,0.1
S02,2025-07-21,C01,15,0,15,9202.00,29.40,0.00,9172.60,611.51,53,15,0,0.0
S02,2025-07-22,C01,11,0,11,8509.00,39.10,0.00,8469.90,769.99,52,11,0,0.0
S02,2025-07-23,C01,17,3,13,14416.00,525.60,312.00,13578.40,1068.49,86,13,0,0.1765
S02,2025-07-24,C01,14,0,13,11669.00,258.00,973.35,10437.65,877.77,68,13,0,0.0
S02,2025-07-25,C01,18,2,14,11121.00,75.85,0.00,11045.15,788.94,64,14,0,0.1111
S02,2025-07-26,C01,25,2,22,19147.00,125.10,0.00,19021.90,864.63,92,22,0,0.08
S02,2025-07-27,C01,16,2,14,21319.00,58.20,0.00,21260.80,1518.63,90,13,0,0.125
S02,2025-07-28,C01,14,1,12,7132.00,81.50,439.00,6611.50,587.54,45,12,0,0.0714
S02,2025-07-29,C01,20,2,18,13698.00,93.30,0.00,13604.70,755.82,112,18,1,0.1
S02,2025-07-30,C01,14,2,11,6042.00,110.10,44.00,5887.90,539.26,46,11,0,0.1429
S02,2025-07-31,C01,16,1,15,12852.00,102.00,0.00,12750.00,850.0,57,15,0,0.0625
S02,2025-08-01,C01,15,1,13,11405.00,50.70,0.00,11354.30,873.41,72,13,0,0.0667
S02,2025-08-02,C01,18,3,15,16245.00,84.60,4037.00,12123.40,1077.36,68,15,0,0.1667
S02,2025-08-03,C01,32,2,30,25432.00,200.70,124.00,25107.30,841.04,129,30,0,0.0625
S02,2025-08-04,C01,8,1,7,4307.00,0.00,665.00,3642.00,615.29,31,7,0,0.125
S02,2025-08-05,C01,12,1,11,6957.00,0.00,0.00,6957.00,632.45,42,11,0,0.0833
S02,2025-08-06,C01,18,5,12,9089.00,0.00,39.00,9050.00,757.42,46,12,0,0.2778
S02,2025-08-07,C01,11,0,11,8634.00,11.00,0.00,8623.00,783.91,41,11,0,0.0
S02,2025-08-08,C01,14,0,13,14576.00,131.70,683.00,13761.30,1111.1,60,13,0,0.0
S02,2025-08-09,C01,11,0,9,10459.00,44.25,21.00,10393.75,1157.19,52,9,0,0.0
S02,2025-08-10,C01,23,1,21,16791.00,203.50,0.00,16587.50,789.88,97,21,0,0.0435
S02,2025-08-11,C01,20,0,19,13263.00,61.50,0.00,13201.50,694.82,78,19,0,0.0
S02,2025-08-12,C01,25,2,22,15973.00,231.10,214.00,15527.90,715.54,98,22,0,0.08
S02,2025-08-13,C01,15,0,14,14938.00,134.25,0.00,14803.75,1057.41,73,14,0,0.0
S02,2025-08-14,C01,16,0,16,14152.00,82.95,533.00,13536.05,879.32,73,16,0,0.0
S02,2025-08-15,C01,21,3,17,10032.00,188.25,0.00,9843.75,579.04,69,17,0,0.1429
S02,2025-08-16,C01,20,1,18,14530.00,76.50,0.00,14453.50,802.97,93,18,0,0.05
S02,2025-08-17,C01,24,2,21,16077.00,144.00,0.00,15933.00,758.71,94,21,0,0.0833
S02,2025-08-18,C01,7,0,7,5525.00,42.00,55.00,5428.00,783.29,29,7,0,0.0
S02,2025-08-19,C01,12,2,10,5022.00,58.05,0.00,4963.95,496.4,31,10,0,0.1667
S02,2025-08-20,C01,15,1,14,9193.00,38.60,0.00,9154.40,653.89,51,14,0,0.0667
S02,2025-08-21,C01,14,4,8,4547.00,53.90,0.00,4493.10,561.64,38,8,0,0.2857
S02,2025-08-22,C01,17,0,17,14130.00,103.10,922.00,13104.90,825.11,66,17,0,0.0
S02,2025-08-23,C01,17,2,14,10709.00,122.00,0.00,10587.00,756.21,65,13,0,0.1176
S02,2025-08-24,C01,19,2,17,12382.00,44.70,691.00,11646.30,725.72,80,17,0,0.1053
S02,2025-08-25,C01,12,0,12,10870.00,10.60,0.00,10859.40,904.95,62,12,0,0.0
S02,2025-08-26,C01,20,1,19,15226.00,4.70,0.00,15221.30,801.12,91,19,0,0.05
S02,2025-08-27,C01,19,0,19,15620.00,13.80,0.00,15606.20,821.38,89,19,0,0.0
S02,2025-08-28,C01,12,0,11,8043.00,0.00,149.00,7894.00,731.18,42,11,0,0.0
S02,2025-08-29,C01,15,1,14,12861.00,51.90,121.00,12688.10,914.94,63,14,0,0.0667
S02,2025-08-30,C01,14,2,11,8409.00,65.80,0.00,8343.20,758.47,52,11,0,0.1429
S02,2025-08-31,C01,18,1,17,19238.00,95.20,0.00,19142.80,1126.05,89,17,0,0.0556
S02,2025-09-01,C01,19,0,19,19130.00,586.70,42.00,18501.30,975.96,96,19,0,0.0
S02,2025-09-02,C01,12,2,10,14092.00,361.50,0.00,13730.50,1373.05,69,10,0,0.1667
S02,2025-09-03,C01,11,1,10,6836.00,58.80,0.00,6777.20,677.72,49,10,0,0.0909
S02,2025-09-04,C01,15,2,12,10262.00,93.00,0.00,10169.00,847.42,53,12,0,0.1333
S02,2025-09-05,C01,18,0,15,14988.00,722.50,548.00,13717.50,951.03,73,15,0,0.0
S02,2025-09-06,C01,28,1,26,24314.00,490.00,94.00,23730.00,916.31,124,26,0,0.0357
S02,2025-09-07,C01,16,2,13,16042.00,95.60,0.00,15946.40,1226.65,91,13,0,0.125
S02,2025-09-08,C01,15,0,13,12796.00,44.10,0.00,12751.90,980.92,66,13,0,0.0
S02,2025-09-09,C01,19,1,17,13948.00,368.55,42.00,13537.45,798.79,79,17,0,0.0526
S02,2025-09-10,C01,12,1,10,6712.00,516.00,0.00,6196.00,619.6,39,10,0,0.0833
S02,2025-09-11,C01,12,1,10,10251.00,84.45,109.00,10057.55,1016.66,60,10,0,0.0833
S02,2025-09-12,C01,6,0,6,4272.00,0.00,0.00,4272.00,712.0,35,6,0,0.0
S02,2025-09-13,C01,13,0,13,13640.00,0.00,0.00,13640.00,1049.23,57,13,0,0.0
S02,2025-09-14,C01,16,3,13,8782.00,127.80,28.00,8626.20,665.71,42,13,0,0.1875
S02,2025-09-15,C01,13,0,13,14455.00,245.70,2055.00,12154.30,1093.02,59,13,0,0.0
S02,2025-09-16,C01,20,1,17,7822.00,189.70,0.00,7632.30,448.96,43,17,0,0.05
S02,2025-09-17,C01,12,0,11,11488.00,124.80,294.00,11069.20,1033.02,59,11,0,0.0
S02,2025-09-18,C01,15,0,14,13274.00,4.20,0.00,13269.80,947.84,72,14,0,0.0
S02,2025-09-19,C01,18,1,16,10200.00,4.20,21.00,10174.80,637.24,55,16,0,0.0556
S02,2025-09-20,C01,20,0,17,11259.00,0.00,0.00,11259.00,662.29,65,17,0,0.0
S02,2025-09-21,C01,22,3,19,17566.00,0.00,0.00,17566.00,924.53,95,19,0,0.1364
S02,2025-09-22,C01,16,0,16,13883.00,0.00,0.00,13883.00,867.69,67,16,0,0.0
S02,2025-09-23,C01,20,1,19,14038.00,0.00,418.00,13620.00,738.84,67,19,0,0.05
S02,2025-09-24,C01,20,1,19,13701.00,0.00,0.00,13701.00,721.11,101,19,0,0.05
S02,2025-09-25,C01,9,1,8,6285.00,0.00,0.00,6285.00,785.63,41,8,0,0.1111
S02,2025-09-26,C01,19,0,18,10778.00,0.00,0.00,10778.00,598.78,62,18,0,0.0
S02,2025-09-27,C01,19,0,19,24583.00,0.00,129.00,24454.00,1293.84,113,19,0,0.0
S02,2025-09-28,C01,20,0,20,16521.00,0.00,117.00,16404.00,826.05,86,19,0,0.0
S02,2025-09-29,C01,15,1,14,9245.00,0.00,0.00,9245.00,660.36,56,14,0,0.0667
S02,2025-09-30,C01,16,2,12,6168.00,0.00,0.00,6168.00,514.0,42,12,0,0.125
S03,2025-04-01,C01,11,1,10,6561.00,0.00,0.00,6561.00,656.1,43,10,0,0.0909
S03,2025-04-02,C01,8,0,8,4378.00,0.00,0.00,4378.00,547.25,32,8,0,0.0
S03,2025-04-03,C01,14,0,12,8477.00,0.00,0.00,8477.00,706.42,71,12,0,0.0
S03,2025-04-04,C01,14,1,13,7840.00,0.00,627.00,7213.00,603.08,40,13,0,0.0714
S03,2025-04-05,C01,20,0,19,25855.00,0.00,0.00,25855.00,1360.79,145,19,1,0.0
S03,2025-04-06,C01,16,0,15,18085.00,288.40,0.00,17796.60,1186.44,71,15,0,0.0
S03,2025-04-07,C01,9,1,8,7408.00,4.20,0.00,7403.80,925.48,35,8,0,0.1111
S03,2025-04-08,C01,15,0,15,9026.00,78.80,678.00,8269.20,596.48,54,14,0,0.0
S03,2025-04-09,C01,12,0,12,13200.00,178.60,0.00,13021.40,1085.12,74,12,0,0.0
S03,2025-04-10,C01,15,0,14,11214.00,7.40,242.00,10964.60,800.47,70,14,0,0.0
S03,2025-04-11,C01,10,2,7,2545.00,0.00,89.00,2456.00,363.57,24,7,0,0.2
S03,2025-04-12,C01,19,3,16,13425.00,87.00,0.00,13338.00,833.63,86,16,0,0.1579
S03,2025-04-13,C01,19,3,15,16831.00,8.40,190.00,16632.60,1121.51,94,15,0,0.1579
S03,2025-04-14,C01,15,1,14,8553.00,42.40,30.00,8480.60,607.9,48,14,0,0.0667
S03,2025-04-15,C01,19,1,18,11883.00,139.80,193.00,11550.20,652.4,81,18,0,0.0526
S03,2025-04-16,C01,11,4,6,4897.00,0.00,131.00,4766.00,816.17,29,6,0,0.3636
S03,2025-04-17,C01,19,1,18,11431.00,85.80,0.00,11345.20,630.29,89,18,0,0.0526
S03,2025-04-18,C01,17,2,14,6694.00,73.50,1025.00,5595.50,472.89,50,14,0,0.1176
S03,2025-04-19,C01,18,2,15,16661.00,198.60,757.00,15705.40,1097.49,74,15,0,0.1111
S03,2025-04-20,C01,18,1,15,13744.00,682.20,140.00,12921.80,870.79,64,15,0,0.0556
S03,2025-04-21,C01,13,1,12,15004.00,308.50,456.00,14239.50,1224.63,66,12,0,0.0769
S03,2025-04-22,C01,13,0,13,16486.00,107.60,0.00,16378.40,1259.88,60,13,0,0.0
S03,2025-04-23,C01,12,1,11,7090.00,134.60,0.00,6955.40,632.31,50,11,0,0.0833
S03,2025-04-24,C01,17,1,15,8620.00,111.20,169.00,8339.80,567.25,39,15,0,0.0588
S03,2025-04-25,C01,14,0,14,12110.00,285.20,0.00,11824.80,844.63,65,14,0,0.0
S03,2025-04-26,C01,27,3,24,21767.00,1330.35,179.00,20257.65,851.53,108,24,0,0.1111
S03,2025-04-27,C01,19,2,15,19195.00,723.90,1068.00,17403.10,1231.41,91,15,0,0.1053
S03,2025-04-28,C01,12,1,11,11757.00,0.00,0.00,11757.00,1068.82,64,11,0,0.0833
S03,2025-04-29,C01,15,0,15,12889.00,87.65,0.00,12801.35,853.42,73,15,0,0.0
S03,2025-04-30,C01,16,2,14,11344.00,311.30,0.00,11032.70,788.05,54,14,0,0.125
S03,2025-05-01,C01,18,0,15,14812.00,108.30,0.00,14703.70,980.25,69,15,0,0.0
S03,2025-05-02,C01,18,0,17,13114.00,71.45,1232.00,11810.55,767.21,95,16,0,0.0
S03,2025-05-03,C01,15,1,13,10345.00,18.30,234.00,10092.70,794.36,54,13,0,0.0667
S03,2025-05-04,C01,9,0,8,10179.00,0.00,0.00,10179.00,1272.38,47,8,0,0.0
S03,2025-05-05,C01,16,2,13,13270.00,0.00,0.00,13270.00,1020.77,49,13,0,0.125
S03,2025-05-06,C01,14,0,13,7310.00,123.80,704.00,6482.20,552.78,47,13,0,0.0
S03,2025-05-07,C01,6,0,6,4767.00,8.80,0.00,4758.20,793.03,23,6,0,0.0
S03,2025-05-08,C01,21,5,16,11641.00,86.00,269.00,11286.00,722.19,72,16,0,0.2381
S03,2025-05-09,C01,15,1,13,11647.00,42.80,189.60,11414.60,892.63,81,13,0,0.0667
S03,2025-05-10,C01,17,2,15,11679.00,12.60,1572.00,10094.40,777.76,61,15,0,0.1176
S03,2025-05-11,C01,14,2,12,14373.00,0.00,459.00,13914.00,1197.75,71,12,0,0.1429
S03,2025-05-12,C01,17,2,15,12940.00,13.20,0.00,12926.80,861.79,71,15,0,0.1176
S03,2025-05-13,C01,12,0,12,6916.00,10.80,3224.60,3680.60,575.43,50,12,0,0.0
S03,2025-05-14,C01,18,0,18,16673.00,35.85,0.00,16637.15,924.29,80,18,0,0.0
S03,2025-05-15,C01,19,1,16,11829.00,0.00,0.00,11829.00,739.31,67,16,0,0.0526
S03,2025-05-16,C01,13,0,12,11411.00,13.20,169.00,11228.80,949.82,60,12,0,0.0
S03,2025-05-17,C01,16,3,11,11219.00,6.60,216.00,10996.40,1019.31,53,11,0,0.1875
S03,2025-05-18,C01,14,1,13,15969.00,0.00,245.00,15724.00,1228.38,77,13,0,0.0714
S03,2025-05-19,C01,13,0,13,9124.00,0.00,193.00,8931.00,701.85,44,13,0,0.0
S03,2025-05-20,C01,15,1,14,8127.00,13.20,289.00,7824.80,579.56,65,14,1,0.0667
S03,2025-05-21,C01,16,2,14,6676.00,0.00,0.00,6676.00,476.86,53,14,0,0.125
S03,2025-05-22,C01,17,1,16,8629.00,0.00,0.00,8629.00,539.31,56,16,0,0.0588
S03,2025-05-23,C01,17,0,16,7591.00,0.00,311.00,7280.00,474.44,57,16,0,0.0
S03,2025-05-24,C01,8,2,6,4902.00,0.00,234.00,4668.00,817.0,21,6,0,0.25
S03,2025-05-25,C01,17,1,15,15504.00,0.00,0.00,15504.00,1033.6,80,15,0,0.0588
S03,2025-05-26,C01,14,0,14,13356.00,42.00,0.00,13314.00,951.0,55,14,0,0.0
S03,2025-05-27,C01,20,2,18,17475.00,233.25,0.00,17241.75,957.88,72,17,0,0.1
S03,2025-05-28,C01,12,1,10,7161.00,63.75,0.00,7097.25,709.73,42,10,0,0.0833
S03,2025-05-29,C01,18,0,17,12471.00,37.15,144.00,12289.85,731.4,84,17,0,0.0
S03,2025-05-30,C01,17,0,17,14447.00,141.95,3049.00,11256.05,841.47,76,17,0,0.0
S03,2025-05-31,C01,15,0,15,12117.00,233.25,0.00,11883.75,792.25,74,15,0,0.0
S03,2025-06-01,C01,10,1,9,6172.00,29.00,1784.00,4359.00,682.56,43,9,0,0.1
S03,2025-06-02,C01,12,1,10,12477.00,170.40,400.00,11906.60,1230.66,72,10,0,0.0833
S03,2025-06-03,C01,15,1,14,13763.00,27.80,631.00,13104.20,981.09,61,14,0,0.0667
S03,2025-06-04,C01,10,2,8,6747.00,110.90,0.00,6636.10,829.51,35,8,0,0.2
S03,2025-06-05,C01,19,0,19,17555.00,86.90,0.00,17468.10,919.37,83,18,0,0.0
S03,2025-06-06,C01,30,1,25,12812.00,190.90,118.00,12503.10,504.84,80,24,0,0.0333
S03,2025-06-07,C01,20,0,20,22187.00,289.80,299.00,21598.20,1094.86,97,20,0,0.0
S03,2025-06-08,C01,21,1,19,14239.00,62.95,0.00,14176.05,746.11,89,19,0,0.0476
S03,2025-06-09,C01,8,0,8,6914.00,15.80,556.00,6342.20,862.28,42,8,0,0.0
S03,2025-06-10,C01,17,2,15,6953.00,80.05,0.00,6872.95,458.2,59,15,0,0.1176
S03,2025-06-11,C01,15,2,13,12190.00,140.60,0.00,12049.40,926.88,58,13,0,0.1333
S03,2025-06-12,C01,13,0,10,4803.00,53.40,0.00,4749.60,474.96,39,10,0,0.0
S03,2025-06-13,C01,17,1,16,10453.00,124.35,170.00,10158.65,645.54,72,16,0,0.0588
S03,2025-06-14,C01,19,0,19,26919.00,106.15,0.00,26812.85,1411.2,105,19,0,0.0
S03,2025-06-15,C01,22,2,18,19742.00,150.20,380.00,19211.80,1088.43,90,17,0,0.0909
S03,2025-06-16,C01,19,0,19,19543.00,0.00,126.00,19417.00,1028.58,109,17,0,0.0
S03,2025-06-17,C01,10,1,9,6065.00,17.60,0.00,6047.40,671.93,41,9,0,0.1
S03,2025-06-18,C01,12,1,11,6515.00,21.80,0.00,6493.20,590.29,47,11,0,0.0833
S03,2025-06-19,C01,16,2,13,11701.00,43.20,0.00,11657.80,896.75,56,13,0,0.125
S03,2025-06-20,C01,17,0,16,11825.00,4.20,0.00,11820.80,738.8,102,16,1,0.0
S03,2025-06-21,C01,25,2,20,24450.00,30.00,43.00,24377.00,1221.0,108,18,0,0.08
S03,2025-06-22,C01,19,2,16,11822.00,13.20,0.00,11808.80,738.05,64,16,0,0.1053
S03,2025-06-23,C01,19,0,18,17968.00,8.40,2774.00,15185.60,997.76,99,18,0,0.0
S03,2025-06-24,C01,16,1,15,11926.00,4.40,0.00,11921.60,794.77,77,15,0,0.0625
S03,2025-06-25,C01,12,1,11,7119.00,4.20,0.00,7114.80,646.8,38,11,0,0.0833
S03,2025-06-26,C01,12,2,9,7867.00,12.20,273.00,7581.80,872.76,43,9,0,0.1667
S03,2025-06-27,C01,16,0,15,13154.00,81.40,0.00,13072.60,871.51,76,15,0,0.0
S03,2025-06-28,C01,15,1,12,7775.00,45.20,0.00,7729.80,644.15,46,12,0,0.0667
S03,2025-06-29,C01,10,0,10,5843.00,81.50,0.00,5761.50,576.15,32,10,0,0.0
S03,2025-06-30,C01,11,1,10,4943.00,20.20,0.00,4922.80,492.28,33,10,0,0.0909
S03,2025-07-01,C01,14,3,11,9130.00,40.70,0.00,9089.30,826.3,58,11,0,0.2143
S03,2025-07-02,C01,16,3,13,7850.00,25.40,422.00,7402.60,601.89,56,13,0,0.1875
S03,2025-07-03,C01,12,1,10,10097.00,35.10,0.00,10061.90,1006.19,45,10,0,0.0833
S03,2025-07-04,C01,19,2,17,9844.00,30.70,0.00,9813.30,577.25,54,17,0,0.1053
S03,2025-07-05,C01,15,2,13,11689.00,52.60,0.00,11636.40,895.11,77,13,0,0.1333
S03,2025-07-06,C01,12,0,12,11306.00,0.00,0.00,11306.00,942.17,59,12,0,0.0
S03,2025-07-07,C01,16,1,15,15737.00,176.40,0.00,15560.60,1037.37,66,15,0,0.0625
S03,2025-07-08,C01,17,1,15,12036.00,273.70,42.00,11720.30,784.15,84,15,0,0.0588
S03,2025-07-09,C01,15,0,12,5909.00,66.25,45.00,5797.75,486.9,34,12,0,0.0
S03,2025-07-10,C01,16,1,15,5684.00,164.25,0.00,5519.75,367.98,42,15,0,0.0625
S03,2025-07-11,C01,17,1,15,13577.00,0.00,352.00,13225.00,905.13,62,15,0,0.0588
S03,2025-07-12,C01,23,2,20,18627.00,29.40,592.00,18005.60,929.88,102,20,0,0.087
S03,2025-07-13,C01,12,0,12,9269.00,16.80,1064.00,8188.20,771.02,55,12,0,0.0
S03,2025-07-14,C01,18,0,17,8996.00,12.60,42.00,8941.40,528.44,63,17,0,0.0
S03,2025-07-15,C01,8,1,7,2906.00,16.80,0.00,2889.20,412.74,16,7,0,0.125
S03,2025-07-16,C01,9,1,7,6553.00,10.50,0.00,6542.50,934.64,32,7,0,0.1111
S03,2025-07-17,C01,12,2,10,5012.00,10.50,0.00,5001.50,500.15,36,10,0,0.1667
S03,2025-07-18,C01,16,1,15,26505.00,105.35,938.00,25461.65,1759.98,104,15,1,0.0625
S03,2025-07-19,C01,14,2,12,8103.00,35.00,266.00,7802.00,672.33,48,12,0,0.1429
S03,2025-07-20,C01,13,2,11,6506.00,34.50,112.00,6359.50,588.32,42,11,0,0.1538
S03,2025-07-21,C01,15,0,14,10373.00,69.00,0.00,10304.00,736.0,57,14,0,0.0
S03,2025-07-22,C01,18,1,17,12198.00,63.90,170.00,11964.10,713.77,67,17,0,0.0556
S03,2025-07-23,C01,19,1,17,9287.00,205.20,319.00,8762.80,534.22,49,17,0,0.0526
S03,2025-07-24,C01,10,0,10,6312.00,84.90,0.00,6227.10,622.71,40,10,0,0.0
S03,2025-07-25,C01,15,1,11,6604.00,25.50,0.00,6578.50,598.05,36,11,0,0.0667
S03,2025-07-26,C01,9,1,6,2311.00,23.80,0.00,2287.20,381.2,21,6,0,0.1111
S03,2025-07-27,C01,22,2,20,20518.00,42.30,85.00,20390.70,1023.79,97,20,0,0.0909
S03,2025-07-28,C01,14,1,13,10444.00,84.90,0.00,10359.10,796.85,57,13,0,0.0714
S03,2025-07-29,C01,22,1,20,14332.00,219.60,0.00,14112.40,705.62,91,20,0,0.0455
S03,2025-07-30,C01,13,0,13,9778.00,34.30,0.00,9743.70,749.52,60,13,0,0.0
S03,2025-07-31,C01,14,0,13,11357.00,51.10,266.00,11039.90,869.68,56,13,0,0.0
S03,2025-08-01,C01,15,1,14,10639.00,147.00,85.00,10407.00,749.43,70,14,0,0.0667
S03,2025-08-02,C01,25,3,21,17369.00,76.50,0.00,17292.50,823.45,100,20,0,0.12
S03,2025-08-03,C01,17,1,15,11519.00,51.00,21.00,11447.00,764.53,57,15,0,0.0588
S03,2025-08-04,C01,17,3,12,13922.00,0.00,0.00,13922.00,1160.17,57,12,0,0.1765
S03,2025-08-05,C01,8,0,6,3058.00,0.00,129.00,2929.00,509.67,19,6,0,0.0
S03,2025-08-06,C01,23,0,22,20761.00,0.00,0.00,20761.00,943.68,97,22,0,0.0
S03,2025-08-07,C01,12,2,10,8931.00,39.50,0.00,8891.50,889.15,42,10,0,0.1667
S03,2025-08-08,C01,19,1,17,9990.00,142.85,278.00,9569.15,579.24,65,17,0,0.0526
S03,2025-08-09,C01,9,2,7,9103.00,21.50,282.00,8799.50,1297.36,35,7,0,0.2222
S03,2025-08-10,C01,20,0,19,14256.00,489.35,2011.50,11755.15,724.56,82,19,0,0.0
S03,2025-08-11,C01,20,1,19,10329.00,196.55,0.00,10132.45,533.29,64,19,0,0.05
S03,2025-08-12,C01,21,1,20,9699.00,193.30,695.00,8810.70,475.29,80,18,0,0.0476
S03,2025-08-13,C01,16,1,14,7577.00,32.50,0.00,7544.50,538.89,45,14,0,0.0625
S03,2025-08-14,C01,17,1,16,8953.00,156.30,0.00,8796.70,549.79,61,16,0,0.0588
S03,2025-08-15,C01,16,1,15,10595.00,21.25,2438.00,8135.75,704.92,61,15,0,0.0625
S03,2025-08-16,C01,12,3,9,7971.00,7.75,4174.00,3789.25,884.81,41,9,0,0.25
S03,2025-08-17,C01,12,1,9,8230.00,187.00,0.00,8043.00,893.67,50,9,0,0.0833
S03,2025-08-18,C01,16,1,14,11521.00,57.20,0.00,11463.80,818.84,55,14,0,0.0625
S03,2025-08-19,C01,18,2,16,13887.00,120.15,0.00,13766.85,860.43,64,16,0,0.1111
S03,2025-08-20,C01,16,0,16,12570.00,113.70,0.00,12456.30,778.52,69,16,0,0.0
S03,2025-08-21,C01,12,2,9,13324.00,191.50,444.75,12687.75,1459.17,59,9,0,0.1667
S03,2025-08-22,C01,17,1,15,13677.00,105.10,514.00,13057.90,904.79,68,15,0,0.0588
S03,2025-08-23,C01,22,2,19,17213.00,179.70,0.00,17033.30,896.49,74,19,0,0.0909
S03,2025-08-24,C01,8,1,6,5551.00,13.10,21.00,5516.90,922.98,27,6,0,0.125
S03,2025-08-25,C01,20,1,19,18684.00,120.70,139.00,18424.30,977.02,100,19,0,0.05
S03,2025-08-26,C01,13,3,9,5405.00,26.55,245.00,5133.45,597.61,38,9,0,0.2308
S03,2025-08-27,C01,14,1,13,15251.00,4.70,0.00,15246.30,1172.79,80,13,0,0.0714
S03,2025-08-28,C01,13,1,9,11669.00,7.00,0.00,11662.00,1295.78,60,9,0,0.0769
S03,2025-08-29,C01,16,4,11,10638.00,25.20,0.00,10612.80,964.8,45,11,0,0.25
S03,2025-08-30,C01,29,0,27,20928.00,16.90,0.00,20911.10,774.49,130,27,0,0.0
S03,2025-08-31,C01,20,1,18,9266.00,197.20,0.00,9068.80,503.82,66,18,0,0.05
S03,2025-09-01,C01,10,1,9,5524.00,125.70,0.00,5398.30,599.81,41,9,0,0.1
S03,2025-09-02,C01,17,0,15,11019.00,318.15,234.00,10466.85,713.39,73,15,0,0.0
S03,2025-09-03,C01,12,0,12,7964.00,357.75,738.00,6868.25,633.85,50,12,0,0.0
S03,2025-09-04,C01,20,0,19,13421.00,213.00,0.00,13208.00,695.16,67,19,0,0.0
S03,2025-09-05,C01,15,1,14,9787.00,569.80,0.00,9217.20,658.37,66,14,0,0.0667
S03,2025-09-06,C01,15,0,13,11915.00,0.00,0.00,11915.00,916.54,54,13,0,0.0
S03,2025-09-07,C01,17,0,16,11176.00,137.30,267.00,10771.70,689.92,67,16,0,0.0
S03,2025-09-08,C01,14,0,13,6975.00,84.45,0.00,6890.55,530.04,49,13,0,0.0
S03,2025-09-09,C01,15,0,15,15079.00,127.50,0.00,14951.50,996.77,75,15,0,0.0
S03,2025-09-10,C01,14,0,14,5897.00,291.90,134.00,5471.10,400.36,41,14,0,0.0
S03,2025-09-11,C01,18,0,18,11499.00,61.35,0.00,11437.65,635.43,69,18,0,0.0
S03,2025-09-12,C01,13,0,13,14635.00,28.20,0.00,14606.80,1123.6,71,13,0,0.0
S03,2025-09-13,C01,15,0,15,8641.00,0.00,0.00,8641.00,576.07,57,15,0,0.0
S03,2025-09-14,C01,20,0,20,15442.00,454.50,0.00,14987.50,749.38,85,20,0,0.0
S03,2025-09-15,C01,14,1,12,12269.00,503.10,468.00,11297.90,980.49,75,12,0,0.0714
S03,2025-09-16,C01,9,1,7,4847.00,0.00,55.00,4792.00,692.43,26,7,0,0.1111
S03,2025-09-17,C01,17,1,15,11949.00,133.40,0.00,11815.60,787.71,69,15,0,0.0588
S03,2025-09-18,C01,12,1,11,9701.00,4.20,44.00,9652.80,881.53,51,11,0,0.0833
S03,2025-09-19,C01,14,2,11,6740.00,12.60,367.00,6360.40,611.58,55,11,0,0.1429
S03,2025-09-20,C01,23,3,19,16331.00,0.00,75.00,16256.00,859.53,87,19,0,0.1304
S03,2025-09-21,C01,16,3,13,7968.00,0.00,214.00,7754.00,612.92,48,13,0,0.1875
S03,2025-09-22,C01,11,0,11,7298.00,0.00,546.00,6752.00,663.45,30,11,0,0.0
S03,2025-09-23,C01,15,4,10,9448.00,0.00,247.00,9201.00,944.8,52,10,0,0.2667
S03,2025-09-24,C01,13,0,13,10942.00,0.00,0.00,10942.00,841.69,73,13,1,0.0
S03,2025-09-25,C01,16,0,15,11841.00,0.00,0.00,11841.00,789.4,58,14,0,0.0
S03,2025-09-26,C01,17,2,14,15493.00,0.00,245.00,15248.00,1106.64,73,14,0,0.1176
S03,2025-09-27,C01,13,0,12,10278.00,0.00,420.00,9858.00,856.5,48,12,0,0.0
S03,2025-09-28,C01,23,1,21,21307.00,0.00,0.00,21307.00,1014.62,102,21,0,0.0435
S03,2025-09-29,C01,8,2,6,7784.00,0.00,0.00,7784.00,1297.33,37,6,0,0.25
S03,2025-09-30,C01,18,4,14,10152.00,0.00,2445.00,7707.00,725.14,59,14,0,0.2222
S04,2025-04-01,C01,4,0,4,1763.00,0.00,0.00,1763.00,440.75,11,4,0,0.0
S04,2025-04-02,C01,8,0,6,2493.00,0.00,0.00,2493.00,415.5,18,6,0,0.0
S04,2025-04-03,C01,13,0,13,9803.00,0.00,84.00,9719.00,754.08,69,13,0,0.0
S04,2025-04-04,C01,8,1,7,7328.00,0.00,0.00,7328.00,1046.86,47,7,0,0.125
S04,2025-04-05,C01,14,3,9,7617.00,0.00,0.00,7617.00,846.33,45,9,0,0.2143
S04,2025-04-06,C01,18,1,17,13023.00,149.40,0.00,12873.60,757.27,70,17,0,0.0556
S04,2025-04-07,C01,6,0,6,4153.00,8.40,2663.00,1481.60,690.77,32,6,0,0.0
S04,2025-04-08,C01,6,0,5,3909.00,121.60,0.00,3787.40,757.48,30,5,0,0.0
S04,2025-04-09,C01,12,0,11,7120.00,163.80,0.00,6956.20,632.38,47,11,0,0.0
S04,2025-04-10,C01,14,2,12,6732.00,88.20,0.00,6643.80,553.65,47,12,0,0.1429
S04,2025-04-11,C01,13,0,13,9076.00,0.00,0.00,9076.00,698.15,51,12,0,0.0
S04,2025-04-12,C01,15,0,15,20018.00,0.00,1308.60,18709.40,1334.53,86,15,0,0.0
S04,2025-04-13,C01,13,0,13,9177.00,16.80,273.00,8887.20,704.63,48,12,0,0.0
S04,2025-04-14,C01,20,2,17,9817.00,34.40,0.00,9782.60,575.45,62,17,0,0.1
S04,2025-04-15,C01,11,0,11,11266.00,364.60,230.00,10671.40,991.04,55,11,0,0.0
S04,2025-04-16,C01,18,2,16,9920.00,418.10,0.00,9501.90,593.87,52,16,0,0.1111
S04,2025-04-17,C01,15,0,14,11433.00,184.80,0.00,11248.20,803.44,65,14,0,0.0
S04,2025-04-18,C01,20,2,16,11153.00,134.40,0.00,11018.60,688.66,57,16,0,0.1
S04,2025-04-19,C01,9,0,8,6716.00,343.70,0.00,6372.30,796.54,36,8,0,0.0
S04,2025-04-20,C01,18,0,17,16316.00,676.20,0.00,15639.80,919.99,89,17,0,0.0
S04,2025-04-21,C01,13,0,13,13975.00,209.40,2566.00,11199.60,1058.89,70,13,0,0.0
S04,2025-04-22,C01,9,0,9,10705.00,9.80,99.00,10596.20,1188.36,48,9,0,0.0
S04,2025-04-23,C01,6,0,6,1658.00,5.40,0.00,1652.60,275.43,21,6,0,0.0
S04,2025-04-24,C01,15,1,13,6137.00,206.40,0.00,5930.60,456.2,34,13,0,0.0667
S04,2025-04-25,C01,13,1,11,12130.00,384.70,0.00,11745.30,1067.75,67,11,0,0.0769
S04,2025-04-26,C01,9,0,8,3902.00,58.80,0.00,3843.20,480.4,28,8,0,0.0
S04,2025-04-27,C01,12,1,11,14396.00,693.40,0.00,13702.60,1245.69,66,11,0,0.0833
S04,2025-04-28,C01,11,0,10,3341.00,76.50,89.00,3175.50,326.45,29,10,0,0.0
S04,2025-04-29,C01,13,3,9,10555.00,109.25,826.00,9619.75,1160.64,36,9,0,0.2308
S04,2025-04-30,C01,9,0,9,3928.00,25.80,0.00,3902.20,433.58,26,9,0,0.0
S04,2025-05-01,C01,13,3,10,6191.00,12.60,0.00,6178.40,617.84,38,10,0,0.2308
S04,2025-05-02,C01,18,0,17,17482.00,73.30,1541.00,15867.70,1024.04,82,17,0,0.0
S04,2025-05-03,C01,14,2,12,16118.00,60.70,711.00,15346.30,1338.11,73,12,1,0.1429
S04,2025-05-04,C01,11,0,10,11059.00,25.20,0.00,11033.80,1103.38,46,10,0,0.0
S04,2025-05-05,C01,8,0,8,10080.00,0.00,1007.00,9073.00,1260.0,31,8,0,0.0
S04,2025-05-06,C01,8,1,7,4039.00,18.30,0.00,4020.70,574.39,11,7,0,0.125
S04,2025-05-07,C01,10,1,8,5021.00,0.00,1697.00,3324.00,627.63,34,8,0,0.1
S04,2025-05-08,C01,10,1,8,6746.00,156.00,0.00,6590.00,823.75,41,8,0,0.1
S04,2025-05-09,C01,17,3,14,9054.00,68.20,242.00,8743.80,641.84,59,14,0,0.1765
S04,2025-05-10,C01,10,1,8,9574.00,51.60,0.00,9522.40,1190.3,51,8,0,0.1
S04,2025-05-11,C01,8,0,6,5009.00,0.00,0.00,5009.00,834.83,32,5,0,0.0
S04,2025-05-12,C01,10,0,10,7443.00,6.60,0.00,7436.40,743.64,41,10,0,0.0
S04,2025-05-13,C01,5,1,4,3487.00,0.00,562.00,2925.00,871.75,18,4,0,0.2
S04,2025-05-14,C01,15,1,14,9062.00,33.00,0.00,9029.00,644.93,55,14,0,0.0667
S04,2025-05-15,C01,10,4,5,5246.00,13.20,44.00,5188.80,1046.56,28,5,0,0.4
S04,2025-05-16,C01,11,1,10,6596.00,0.00,0.00,6596.00,659.6,32,10,0,0.0909
S04,2025-05-17,C01,17,1,15,14035.00,36.60,729.00,13269.40,933.23,78,15,0,0.0588
S04,2025-05-18,C01,15,1,14,10609.00,0.00,0.00,10609.00,757.79,69,14,0,0.0667
S04,2025-05-19,C01,12,4,8,7833.00,0.00,96.00,7737.00,979.13,35,8,0,0.3333
S04,2025-05-20,C01,15,1,13,10649.00,0.00,0.00,10649.00,819.15,63,13,0,0.0667
S04,2025-05-21,C01,15,2,13,12259.00,0.00,0.00,12259.00,943.0,53,13,0,0.1333
S04,2025-05-22,C01,16,1,15,9861.00,0.00,0.00,9861.00,657.4,51,15,0,0.0625
S04,2025-05-23,C01,16,0,16,16599.00,0.00,0.00,16599.00,1037.44,94,16,0,0.0
S04,2025-05-24,C01,14,1,11,6386.00,0.00,44.00,6342.00,580.55,33,10,0,0.0714
S04,2025-05-25,C01,14,0,13,8844.00,0.00,0.00,8844.00,680.31,55,13,0,0.0
S04,2025-05-26,C01,13,2,10,10307.00,8.50,1470.00,8828.50,1029.85,47,10,0,0.1538
S04,2025-05-27,C01,10,1,9,10178.00,225.00,0.00,9953.00,1105.89,60,9,0,0.1
S04,2025-05-28,C01,8,0,7,5765.00,182.90,0.00,5582.10,797.44,33,7,0,0.0
S04,2025-05-29,C01,8,0,8,4242.00,8.40,0.00,4233.60,529.2,35,8,0,0.0
S04,2025-05-30,C01,17,2,15,11600.00,185.00,178.00,11237.00,761.0,66,15,0,0.1176
S04,2025-05-31,C01,19,2,17,18210.00,280.65,0.00,17929.35,1054.67,94,17,0,0.1053
S04,2025-06-01,C01,18,1,16,19422.00,115.05,273.00,19033.95,1206.68,89,16,0,0.0556
S04,2025-06-02,C01,13,1,11,7345.00,376.70,0.00,6968.30,633.48,41,11,0,0.0769
S04,2025-06-03,C01,16,1,14,9891.00,174.95,0.00,9716.05,694.0,49,14,0,0.0625
S04,2025-06-04,C01,7,1,6,6807.00,13.20,198.00,6595.80,1132.3,38,6,0,0.1429
S04,2025-06-05,C01,8,0,8,8392.00,385.75,245.00,7761.25,1000.78,43,8,0,0.0
S04,2025-06-06,C01,9,2,7,6812.00,54.90,0.00,6757.10,965.3,38,7,0,0.2222
S04,2025-06-07,C01,13,1,12,21054.00,139.60,0.00,20914.40,1742.87,84,12,0,0.0769
S04,2025-06-08,C01,18,1,16,13517.00,73.95,0.00,13443.05,840.19,67,16,0,0.0556
S04,2025-06-09,C01,6,0,5,2861.00,64.40,229.00,2567.60,559.32,18,5,0,0.0
S04,2025-06-10,C01,16,0,15,7255.00,30.00,42.00,7183.00,481.67,44,15,0,0.0
S04,2025-06-11,C01,10,1,7,7545.00,51.00,0.00,7494.00,1070.57,39,7,0,0.1
S04,2025-06-12,C01,10,0,9,5282.00,0.00,1311.00,3971.00,586.89,37,9,0,0.0
S04,2025-06-13,C01,21,5,15,11387.00,157.80,0.00,11229.20,748.61,49,15,0,0.2381
S04,2025-06-14,C01,18,1,16,18505.00,48.25,0.00,18456.75,1153.55,78,16,0,0.0556
S04,2025-06-15,C01,15,2,13,9339.00,171.35,1030.00,8137.65,705.2,58,13,0,0.1333
S04,2025-06-16,C01,9,0,9,5469.00,0.00,0.00,5469.00,607.67,34,9,0,0.0
S04,2025-06-17,C01,17,4,12,9248.00,8.80,39.00,9200.20,769.93,55,12,0,0.2353
S04,2025-06-18,C01,9,0,8,7531.00,30.20,42.00,7458.80,937.6,36,8,0,0.0
S04,2025-06-19,C01,8,0,8,3201.00,42.60,0.00,3158.40,394.8,22,8,0,0.0
S04,2025-06-20,C01,14,1,13,10750.00,17.00,0.00,10733.00,825.62,64,13,0,0.0714
S04,2025-06-21,C01,17,2,13,10721.00,13.80,437.00,10270.20,823.63,59,13,0,0.1176
S04,2025-06-22,C01,21,4,17,22395.00,22.50,459.00,21913.50,1316.03,82,17,0,0.1905
S04,2025-06-23,C01,9,0,9,8489.00,4.20,0.00,8484.80,942.76,52,9,0,0.0
S04,2025-06-24,C01,11,0,11,7713.00,12.60,0.00,7700.40,700.04,43,11,0,0.0
S04,2025-06-25,C01,11,0,9,7594.00,0.00,126.00,7468.00,843.78,46,9,0,0.0
S04,2025-06-26,C01,13,2,11,7968.00,26.20,69.00,7872.80,721.98,56,11,0,0.1538
S04,2025-06-27,C01,10,0,9,4702.00,49.80,0.00,4652.20,516.91,34,9,0,0.0
S04,2025-06-28,C01,16,5,11,12179.00,89.30,652.00,11437.70,1099.06,70,11,0,0.3125
S04,2025-06-29,C01,9,1,7,7469.00,12.00,0.00,7457.00,1065.29,39,7,0,0.1111
S04,2025-06-30,C01,12,2,9,4716.00,9.40,0.00,4706.60,522.96,30,9,0,0.1667
S04,2025-07-01,C01,12,1,11,10953.00,59.60,0.00,10893.40,990.31,55,11,0,0.0833
S04,2025-07-02,C01,12,1,11,7335.00,35.80,44.00,7255.20,663.56,42,11,0,0.0833
S04,2025-07-03,C01,12,1,11,9489.00,6.60,0.00,9482.40,862.04,52,11,0,0.0833
S04,2025-07-04,C01,14,1,13,8788.00,7.60,782.50,7997.90,675.42,54,13,0,0.0714
S04,2025-07-05,C01,13,0,13,13968.00,19.75,42.00,13906.25,1072.94,77,13,0,0.0
S04,2025-07-06,C01,11,0,11,12620.00,21.50,0.00,12598.50,1145.32,64,11,0,0.0
S04,2025-07-07,C01,9,0,7,6277.00,49.50,0.00,6227.50,889.64,29,7,0,0.0
S04,2025-07-08,C01,7,1,5,3106.00,0.00,410.00,2696.00,621.2,13,5,0,0.1429
S04,2025-07-09,C01,6,0,6,3853.00,0.00,778.00,3075.00,642.17,29,6,0,0.0
S04,2025-07-10,C01,9,0,9,3358.00,0.00,0.00,3358.00,373.11,23,9,0,0.0
S04,2025-07-11,C01,12,0,10,9122.00,0.00,0.00,9122.00,912.2,57,10,0,0.0
S04,2025-07-12,C01,16,2,13,18820.00,0.00,0.00,18820.00,1447.69,76,13,0,0.125
S04,2025-07-13,C01,13,1,12,12164.00,4.20,0.00,12159.80,1013.32,60,12,0,0.0769
S04,2025-07-14,C01,8,0,8,7809.00,9.90,42.00,7757.10,974.89,47,8,0,0.0
S04,2025-07-15,C01,15,1,14,10200.00,4.20,288.00,9907.80,728.27,52,14,0,0.0667
S04,2025-07-16,C01,14,1,13,25293.00,238.50,0.00,25054.50,1927.27,128,13,1,0.0714
S04,2025-07-17,C01,15,2,12,5498.00,22.00,691.00,4785.00,456.33,43,12,0,0.1333
S04,2025-07-18,C01,10,2,8,6654.00,4.20,0.00,6649.80,831.23,43,8,0,0.2
S04,2025-07-19,C01,7,0,6,5479.00,0.00,257.00,5222.00,913.17,24,6,0,0.0
S04,2025-07-20,C01,11,1,10,9112.00,57.00,0.00,9055.00,905.5,60,10,0,0.0909
S04,2025-07-21,C01,7,1,6,3912.00,216.30,0.00,3695.70,615.95,18,6,0,0.1429
S04,2025-07-22,C01,13,0,11,6490.00,33.90,0.00,6456.10,586.92,49,11,0,0.0
S04,2025-07-23,C01,7,1,6,3069.00,21.00,0.00,3048.00,508.0,16,6,0,0.1429
S04,2025-07-24,C01,15,0,15,6357.00,46.50,0.00,6310.50,420.7,49,15,0,0.0
S04,2025-07-25,C01,14,2,12,9971.00,146.95,21.00,9803.05,818.67,54,12,0,0.1429
S04,2025-07-26,C01,6,0,4,4647.00,110.10,1441.00,3095.90,1134.23,24,4,0,0.0
S04,2025-07-27,C01,12,1,9,6819.00,11.40,0.00,6807.60,756.4,37,9,0,0.0833
S04,2025-07-28,C01,6,0,5,3325.00,2.10,0.00,3322.90,664.58,22,5,0,0.0
S04,2025-07-29,C01,12,0,12,10352.00,96.90,0.00,10255.10,854.59,62,12,0,0.0
S04,2025-07-30,C01,13,3,9,4483.00,33.90,0.00,4449.10,494.34,40,9,0,0.2308
S04,2025-07-31,C01,17,1,15,13288.00,211.90,0.00,13076.10,871.74,78,15,0,0.0588
S04,2025-08-01,C01,17,1,12,6353.00,59.40,0.00,6293.60,524.47,54,12,0,0.0588
S04,2025-08-02,C01,7,2,4,3819.00,208.50,1197.00,2413.50,902.63,17,4,0,0.2857
S04,2025-08-03,C01,18,1,17,21126.00,76.50,975.00,20074.50,1238.21,92,17,0,0.0556
S04,2025-08-04,C01,9,0,9,7426.00,0.00,1207.00,6219.00,825.11,36,9,0,0.0
S04,2025-08-05,C01,20,1,19,9867.00,0.00,234.00,9633.00,519.32,74,19,0,0.05
S04,2025-08-06,C01,7,2,4,1535.00,0.00,0.00,1535.00,383.75,10,4,0,0.2857
S04,2025-08-07,C01,12,1,11,9511.00,39.75,0.00,9471.25,861.02,55,11,0,0.0833
S04,2025-08-08,C01,14,2,11,11257.00,0.00,0.00,11257.00,1023.36,57,10,0,0.1429
S04,2025-08-09,C01,11,0,11,8674.00,115.40,237.00,8321.60,778.05,43,11,0,0.0
S04,2025-08-10,C01,11,0,9,11547.00,553.30,0.00,10993.70,1221.52,45,9,0,0.0
S04,2025-08-11,C01,16,0,14,6382.00,48.00,42.00,6292.00,452.43,41,14,0,0.0
S04,2025-08-12,C01,9,1,8,3289.00,32.50,0.00,3256.50,407.06,33,8,0,0.1111
S04,2025-08-13,C01,11,0,11,4359.00,21.50,0.00,4337.50,394.32,31,11,0,0.0
S04,2025-08-14,C01,10,1,9,3159.00,81.95,42.00,3035.05,341.89,30,9,0,0.1
S04,2025-08-15,C01,16,1,15,12944.00,82.85,1063.00,11798.15,857.41,77,15,0,0.0625
S04,2025-08-16,C01,12,1,9,6041.00,84.65,44.00,5912.35,661.82,35,9,0,0.0833
S04,2025-08-17,C01,11,0,11,7282.00,77.35,228.00,6976.65,654.97,47,11,0,0.0
S04,2025-08-18,C01,18,2,15,11739.00,55.25,0.00,11683.75,778.92,67,15,0,0.1111
S04,2025-08-19,C01,9,1,8,7159.00,116.30,179.00,6863.70,880.34,39,8,0,0.1111
S04,2025-08-20,C01,14,0,14,14091.00,124.55,864.00,13102.45,997.6,70,14,0,0.0
S04,2025-08-21,C01,13,1,11,11202.00,183.25,253.00,10765.75,1001.7,60,11,0,0.0769
S04,2025-08-22,C01,15,2,11,5902.00,9.40,0.00,5892.60,535.69,40,11,0,0.1333
S04,2025-08-23,C01,17,1,13,11595.00,175.25,0.00,11419.75,878.44,66,13,0,0.0588
S04,2025-08-24,C01,12,0,12,10675.00,123.40,79.00,10472.60,879.3,52,12,0,0.0
S04,2025-08-25,C01,11,1,10,4527.00,19.60,0.00,4507.40,450.74,40,10,0,0.0909
S04,2025-08-26,C01,10,0,10,10290.00,0.00,93.00,10197.00,1029.0,49,10,0,0.0
S04,2025-08-27,C01,9,1,8,5423.00,0.00,0.00,5423.00,677.88,24,8,0,0.1111
S04,2025-08-28,C01,10,0,10,6373.00,25.20,393.00,5954.80,634.78,40,10,0,0.0
S04,2025-08-29,C01,9,1,8,6407.00,22.80,79.00,6305.20,798.03,35,8,0,0.1111
S04,2025-08-30,C01,17,1,15,11482.00,6.00,0.00,11476.00,765.07,64,15,0,0.0588
S04,2025-08-31,C01,14,1,11,12111.00,39.60,0.00,12071.40,1097.4,54,11,0,0.0714
S04,2025-09-01,C01,13,1,11,5638.00,90.90,288.00,5259.10,504.28,43,11,0,0.0769
S04,2025-09-02,C01,8,0,8,6307.00,53.50,0.00,6253.50,781.69,34,8,0,0.0
S04,2025-09-03,C01,15,1,14,9562.00,167.35,0.00,9394.65,671.05,57,14,0,0.0667
S04,2025-09-04,C01,15,1,14,10190.00,78.90,1125.00,8986.10,722.22,58,14,0,0.0667
S04,2025-09-05,C01,14,2,12,3937.00,197.10,0.00,3739.90,311.66,34,12,0,0.1429
S04,2025-09-06,C01,17,1,15,14908.00,61.00,0.00,14847.00,989.8,88,15,0,0.0588
S04,2025-09-07,C01,13,0,13,12721.00,269.40,0.00,12451.60,957.82,71,13,0,0.0
S04,2025-09-08,C01,13,0,13,11404.00,186.90,0.00,11217.10,862.85,69,13,0,0.0
S04,2025-09-09,C01,14,2,12,6053.00,280.20,0.00,5772.80,481.07,39,12,0,0.1429
S04,2025-09-10,C01,14,1,12,8256.00,551.10,1018.00,6686.90,642.08,51,12,0,0.0714
S04,2025-09-11,C01,13,0,13,6443.00,0.00,109.00,6334.00,495.62,37,13,0,0.0
S04,2025-09-12,C01,16,3,13,13823.00,214.35,0.00,13608.65,1046.82,78,13,0,0.1875
S04,2025-09-13,C01,11,0,10,11121.00,0.00,0.00,11121.00,1112.1,48,10,0,0.0
S04,2025-09-14,C01,10,1,7,2664.00,107.40,0.00,2556.60,365.23,21,7,0,0.1
S04,2025-09-15,C01,11,0,11,6534.00,381.00,0.00,6153.00,559.36,40,11,0,0.0
S04,2025-09-16,C01,9,0,9,5541.00,578.70,0.00,4962.30,551.37,32,9,0,0.0
S04,2025-09-17,C01,8,1,7,4608.00,4.20,229.00,4374.80,657.69,25,7,0,0.125
S04,2025-09-18,C01,5,1,4,1376.00,0.00,0.00,1376.00,344.0,13,4,0,0.2
S04,2025-09-19,C01,13,0,13,12422.00,12.60,139.00,12270.40,954.57,57,13,0,0.0
S04,2025-09-20,C01,14,0,14,12104.00,0.00,739.00,11365.00,864.57,59,14,0,0.0
S04,2025-09-21,C01,15,0,13,10782.00,0.00,775.00,10007.00,829.38,67,13,0,0.0
S04,2025-09-22,C01,22,1,21,16507.00,0.00,5669.00,10838.00,786.05,86,21,0,0.0455
S04,2025-09-23,C01,14,0,13,13679.00,0.00,0.00,13679.00,1052.23,60,13,0,0.0
S04,2025-09-24,C01,20,4,15,15703.00,0.00,309.00,15394.00,1046.87,84,15,1,0.2
S04,2025-09-25,C01,7,2,5,6265.00,0.00,1352.00,4913.00,1253.0,30,5,0,0.2857
S04,2025-09-26,C01,16,2,13,11275.00,0.00,0.00,11275.00,867.31,53,13,0,0.125
S04,2025-09-27,C01,15,0,14,9809.00,0.00,209.00,9600.00,700.64,52,14,0,0.0
S04,2025-09-28,C01,21,1,20,16434.00,0.00,0.00,16434.00,821.7,100,20,0,0.0476
S04,2025-09-29,C01,11,2,8,6773.00,0.00,94.00,6679.00,846.63,38,8,0,0.1818
S04,2025-09-30,C01,12,0,10,7111.00,0.00,0.00,7111.00,711.1,39,10,0,0.0
S05,2025-04-01,C02,7,0,7,6788.00,0.00,0.00,6788.00,969.71,36,7,0,0.0
S05,2025-04-02,C02,9,0,8,8473.00,0.00,84.00,8389.00,1059.13,37,8,0,0.0
S05,2025-04-03,C02,6,1,5,1863.00,0.00,94.00,1769.00,372.6,13,5,0,0.1667
S05,2025-04-04,C02,9,1,8,10857.00,0.00,0.00,10857.00,1357.13,48,8,0,0.1111
S05,2025-04-05,C02,15,2,12,13534.00,0.00,118.00,13416.00,1127.83,61,12,0,0.1333
S05,2025-04-06,C02,5,0,4,3311.00,170.60,0.00,3140.40,785.1,17,4,0,0.0
S05,2025-04-07,C02,6,0,6,4455.00,87.80,0.00,4367.20,727.87,31,6,0,0.0
S05,2025-04-08,C02,17,0,16,22516.00,237.90,1030.00,21248.10,1392.38,143,16,1,0.0
S05,2025-04-09,C02,10,0,10,9280.00,237.30,85.00,8957.70,904.27,49,10,0,0.0
S05,2025-04-10,C02,7,1,5,1948.00,72.00,0.00,1876.00,375.2,16,5,0,0.1429
S05,2025-04-11,C02,7,1,6,4454.00,57.20,0.00,4396.80,732.8,27,6,0,0.1429
S05,2025-04-12,C02,8,1,6,7817.00,8.80,0.00,7808.20,1301.37,28,6,0,0.125
S05,2025-04-13,C02,8,0,8,7384.00,16.80,0.00,7367.20,920.9,33,8,0,0.0
S05,2025-04-14,C02,12,2,9,8788.00,8.40,496.00,8283.60,975.51,43,9,0,0.1667
S05,2025-04-15,C02,8,0,8,6778.00,0.00,0.00,6778.00,847.25,32,8,0,0.0
S05,2025-04-16,C02,9,0,7,6200.00,143.00,0.00,6057.00,865.29,33,7,0,0.0
S05,2025-04-17,C02,8,1,6,3676.00,48.60,44.00,3583.40,604.57,25,6,0,0.125
S05,2025-04-18,C02,13,1,12,8676.00,301.10,0.00,8374.90,697.91,50,11,0,0.0769
S05,2025-04-19,C02,7,0,7,8395.00,58.80,0.00,8336.20,1190.89,29,7,0,0.0
S05,2025-04-20,C02,12,0,11,15500.00,176.40,124.00,15199.60,1393.05,71,11,0,0.0
S05,2025-04-21,C02,10,0,10,8309.00,30.40,0.00,8278.60,827.86,49,10,0,0.0
S05,2025-04-22,C02,13,0,12,12202.00,279.60,960.00,10962.40,993.53,52,12,0,0.0
S05,2025-04-23,C02,8,0,8,8993.00,23.80,0.00,8969.20,1121.15,37,8,0,0.0
S05,2025-04-24,C02,9,3,6,6537.00,426.30,0.00,6110.70,1018.45,28,6,0,0.3333
S05,2025-04-25,C02,11,0,11,11666.00,235.40,0.00,11430.60,1039.15,60,11,0,0.0
S05,2025-04-26,C02,11,0,11,13042.00,156.75,299.00,12586.25,1171.39,73,11,0,0.0
S05,2025-04-27,C02,8,1,7,7573.00,75.60,0.00,7497.40,1071.06,31,7,0,0.125
S05,2025-04-28,C02,14,1,12,11384.00,159.55,0.00,11224.45,935.37,53,12,0,0.0714
S05,2025-04-29,C02,9,0,8,3938.00,0.00,0.00,3938.00,492.25,22,8,0,0.0
S05,2025-04-30,C02,11,1,10,6696.00,77.10,0.00,6618.90,661.89,47,10,0,0.0909
S05,2025-05-01,C02,7,1,6,3543.00,0.00,0.00,3543.00,590.5,25,6,0,0.1429
S05,2025-05-02,C02,13,3,9,4663.00,107.70,188.00,4367.30,506.14,50,9,0,0.2308
S05,2025-05-03,C02,11,1,10,9528.00,13.20,0.00,9514.80,951.48,43,10,0,0.0909
S05,2025-05-04,C02,14,2,12,12337.00,60.70,0.00,12276.30,1023.03,69,12,0,0.1429
S05,2025-05-05,C02,11,0,11,7698.00,25.20,197.40,7475.40,697.53,54,10,0,0.0
S05,2025-05-06,C02,5,0,4,2416.00,12.40,0.00,2403.60,600.9,9,4,0,0.0
S05,2025-05-07,C02,5,0,5,2380.00,0.00,234.00,2146.00,476.0,20,5,0,0.0
S05,2025-05-08,C02,6,1,5,2862.00,0.00,0.00,2862.00,572.4,16,5,0,0.1667
S05,2025-05-09,C02,9,0,9,4151.00,92.00,297.00,3762.00,451.0,33,9,0,0.0
S05,2025-05-10,C02,10,1,9,13126.00,12.60,0.00,13113.40,1457.04,54,9,1,0.1
S05,2025-05-11,C02,11,0,11,10970.00,12.60,692.00,10265.40,996.13,45,11,0,0.0
S05,2025-05-12,C02,8,1,7,4904.00,32.40,0.00,4871.60,695.94,29,7,0,0.125
S05,2025-05-13,C02,11,2,9,6024.00,0.00,0.00,6024.00,669.33,39,9,0,0.1818
S05,2025-05-14,C02,2,0,2,1017.00,6.60,0.00,1010.40,505.2,12,2,0,0.0
S05,2025-05-15,C02,9,1,8,5394.00,6.60,0.00,5387.40,673.43,27,8,0,0.1111
S05,2025-05-16,C02,10,0,8,8234.00,0.00,0.00,8234.00,1029.25,30,8,0,0.0
S05,2025-05-17,C02,10,0,10,9851.00,19.80,0.00,9831.20,983.12,54,10,0,0.0
S05,2025-05-18,C02,12,0,12,14204.00,33.45,0.00,14170.55,1180.88,69,12,0,0.0
S05,2025-05-19,C02,9,0,9,8717.00,0.00,0.00,8717.00,968.56,33,9,0,0.0
S05,2025-05-20,C02,9,0,9,9840.00,0.00,0.00,9840.00,1093.33,53,8,0,0.0
S05,2025-05-21,C02,12,0,11,6003.00,0.00,0.00,6003.00,545.73,54,11,0,0.0
S05,2025-05-22,C02,11,2,9,5772.00,0.00,0.00,5772.00,641.33,32,9,0,0.1818
S05,2025-05-23,C02,3,0,3,3687.00,0.00,139.00,3548.00,1229.0,21,3,0,0.0
S05,2025-05-24,C02,16,3,13,15422.00,0.00,0.00,15422.00,1186.31,71,13,0,0.1875
S05,2025-05-25,C02,10,0,9,7073.00,0.00,0.00,7073.00,785.89,44,9,0,0.0
S05,2025-05-26,C02,7,0,7,4316.00,0.00,0.00,4316.00,616.57,18,7,0,0.0
S05,2025-05-27,C02,16,0,16,14974.00,57.75,39.00,14877.25,932.27,65,16,0,0.0
S05,2025-05-28,C02,9,0,9,7377.00,206.50,0.00,7170.50,796.72,38,9,0,0.0
S05,2025-05-29,C02,10,0,10,9012.00,134.95,0.00,8877.05,887.71,50,10,0,0.0
S05,2025-05-30,C02,7,0,6,2816.00,68.20,218.00,2529.80,457.97,26,6,0,0.0
S05,2025-05-31,C02,6,1,5,5279.00,32.00,42.00,5205.00,1049.4,32,5,0,0.1667
S05,2025-06-01,C02,8,1,5,4131.00,107.50,0.00,4023.50,804.7,17,5,0,0.125
S05,2025-06-02,C02,13,0,12,16712.00,29.75,94.00,16588.25,1390.19,69,12,0,0.0
S05,2025-06-03,C02,10,1,9,6959.00,4.20,278.00,6676.80,772.76,38,8,0,0.1
S05,2025-06-04,C02,9,0,8,6775.00,109.75,0.00,6665.25,833.16,37,8,0,0.0
S05,2025-06-05,C02,15,1,14,21997.00,88.50,0.00,21908.50,1564.89,97,14,1,0.0667
S05,2025-06-06,C02,12,0,12,12463.00,42.00,0.00,12421.00,1035.08,46,12,0,0.0
S05,2025-06-07,C02,9,1,8,4565.00,118.15,0.00,4446.85,555.86,30,8,0,0.1111
S05,2025-06-08,C02,10,1,8,9422.00,0.00,0.00,9422.00,1177.75,39,8,0,0.1
S05,2025-06-09,C02,11,1,9,15683.00,184.00,0.00,15499.00,1722.11,53,9,0,0.0909
S05,2025-06-10,C02,11,0,10,10090.00,38.00,0.00,10052.00,1005.2,46,10,0,0.0
S05,2025-06-11,C02,8,0,7,7284.00,91.05,0.00,7192.95,1027.56,43,7,0,0.0
S05,2025-06-12,C02,8,2,5,3851.00,127.15,0.00,3723.85,744.77,15,5,0,0.25
S05,2025-06-13,C02,5,0,5,2973.00,8.80,0.00,2964.20,592.84,11,5,0,0.0
S05,2025-06-14,C02,13,3,9,5594.00,91.60,0.00,5502.40,611.38,39,9,0,0.2308
S05,2025-06-15,C02,7,0,7,7402.00,153.25,556.00,6692.75,1035.54,35,7,0,0.0
S05,2025-06-16,C02,11,0,10,7819.00,0.00,159.00,7660.00,781.9,44,10,0,0.0
S05,2025-06-17,C02,15,2,12,6729.00,83.60,0.00,6645.40,553.78,43,12,0,0.1333
S05,2025-06-18,C02,9,1,7,3184.00,4.20,229.00,2950.80,454.26,18,7,0,0.1111
S05,2025-06-19,C02,11,0,10,6712.00,27.00,118.00,6567.00,668.5,46,10,0,0.0
S05,2025-06-20,C02,11,1,10,8166.00,12.60,63.00,8090.40,815.34,39,10,0,0.0909
S05,2025-06-21,C02,16,3,13,11003.00,4.40,0.00,10998.60,846.05,52,13,0,0.1875
S05,2025-06-22,C02,13,0,12,9391.00,0.00,719.00,8672.00,782.58,62,12,0,0.0
S05,2025-06-23,C02,8,0,8,7853.00,29.00,0.00,7824.00,978.0,36,8,0,0.0
S05,2025-06-24,C02,9,1,8,5973.00,0.00,0.00,5973.00,746.63,30,7,0,0.1111
S05,2025-06-25,C02,12,0,12,9591.00,42.80,0.00,9548.20,795.68,50,12,0,0.0
S05,2025-06-26,C02,13,1,11,11016.00,34.00,44.00,10938.00,998.36,61,11,0,0.0769
S05,2025-06-27,C02,9,0,7,3507.00,12.40,119.00,3375.60,499.23,27,7,0,0.0
S05,2025-06-28,C02,13,0,13,13472.00,56.60,0.00,13415.40,1031.95,68,13,0,0.0
S05,2025-06-29,C02,15,0,15,9633.00,14.70,0.00,9618.30,641.22,68,14,0,0.0
S05,2025-06-30,C02,7,0,7,6018.00,9.80,0.00,6008.20,858.31,37,7,0,0.0
S05,2025-07-01,C02,5,1,4,861.00,9.40,0.00,851.60,212.9,9,4,0,0.2
S05,2025-07-02,C02,13,2,11,8108.00,0.00,0.00,8108.00,737.09,50,11,0,0.1538
S05,2025-07-03,C02,8,0,7,5535.00,3.90,0.00,5531.10,790.16,30,7,0,0.0
S05,2025-07-04,C02,9,0,9,5723.00,41.70,0.00,5681.30,631.26,44,9,0,0.0
S05,2025-07-05,C02,15,2,12,13048.00,41.20,0.00,13006.80,1083.9,71,12,0,0.1333
S05,2025-07-06,C02,11,0,10,6767.00,1.70,537.00,6228.30,676.53,43,10,0,0.0
S05,2025-07-07,C02,7,0,6,7181.00,54.00,0.00,7127.00,1187.83,29,6,0,0.0
S05,2025-07-08,C02,10,0,10,4694.00,11.80,0.00,4682.20,468.22,26,10,0,0.0
S05,2025-07-09,C02,8,1,7,5065.00,0.00,0.00,5065.00,723.57,20,7,0,0.125
S05,2025-07-10,C02,12,0,12,8654.00,84.50,0.00,8569.50,714.13,47,12,0,0.0
S05,2025-07-11,C02,16,5,10,9832.00,12.60,676.00,9143.40,981.94,54,10,0,0.3125
S05,2025-07-12,C02,18,2,16,12272.00,4.20,367.00,11900.80,766.74,64,16,0,0.1111
S05,2025-07-13,C02,10,0,10,10211.00,4.20,1044.00,9162.80,1020.68,45,10,0,0.0
S05,2025-07-14,C02,8,1,7,5261.00,4.20,1157.00,4099.80,750.97,33,7,0,0.125
S05,2025-07-15,C02,8,1,7,4676.00,0.00,0.00,4676.00,668.0,26,7,0,0.125
S05,2025-07-16,C02,10,1,9,5139.00,0.00,2485.00,2654.00,571.0,30,9,0,0.1
S05,2025-07-17,C02,7,0,6,3656.00,0.00,149.00,3507.00,609.33,22,6,0,0.0
S05,2025-07-18,C02,11,2,9,7999.00,40.65,0.00,7958.35,884.26,46,9,0,0.1818
S05,2025-07-19,C02,14,1,12,9211.00,13.20,298.00,8899.80,766.48,49,12,0,0.0714
S05,2025-07-20,C02,17,0,17,16326.00,38.20,0.00,16287.80,958.11,78,17,0,0.0
S05,2025-07-21,C02,14,1,12,11664.00,26.35,0.00,11637.65,969.8,53,12,0,0.0714
S05,2025-07-22,C02,7,1,6,6341.00,25.50,255.00,6060.50,1052.58,28,6,0,0.1429
S05,2025-07-23,C02,11,1,10,6987.00,42.50,0.00,6944.50,694.45,32,10,0,0.0909
S05,2025-07-24,C02,16,2,13,12574.00,211.70,118.90,12243.40,950.95,60,13,0,0.125
S05,2025-07-25,C02,9,0,8,8830.00,0.00,3779.00,5051.00,1103.75,43,8,0,0.0
S05,2025-07-26,C02,7,0,7,8425.00,10.50,0.00,8414.50,1202.07,42,7,0,0.0
S05,2025-07-27,C02,14,2,9,7621.00,102.90,0.00,7518.10,835.34,44,9,0,0.1429
S05,2025-07-28,C02,9,0,9,7278.00,101.40,169.00,7007.60,797.4,45,9,0,0.0
S05,2025-07-29,C02,10,0,8,4305.00,11.40,288.00,4005.60,536.7,35,8,0,0.0
S05,2025-07-30,C02,12,1,11,7534.00,109.00,0.00,7425.00,675.0,42,11,0,0.0833
S05,2025-07-31,C02,7,1,6,3248.00,0.00,0.00,3248.00,541.33,22,6,0,0.1429
S05,2025-08-01,C02,8,0,7,2153.00,76.20,42.00,2034.80,296.69,26,7,0,0.0
S05,2025-08-02,C02,8,1,6,5663.00,0.00,42.00,5621.00,943.83,25,6,0,0.125
S05,2025-08-03,C02,11,1,10,10364.00,80.10,0.00,10283.90,1028.39,48,10,0,0.0909
S05,2025-08-04,C02,11,1,10,6380.00,0.00,0.00,6380.00,638.0,31,10,0,0.0909
S05,2025-08-05,C02,4,0,4,3321.00,0.00,363.00,2958.00,830.25,23,4,0,0.0
S05,2025-08-06,C02,9,2,5,2178.00,0.00,348.00,1830.00,435.6,19,5,0,0.2222
S05,2025-08-07,C02,17,1,14,11817.00,45.50,0.00,11771.50,840.82,69,14,0,0.0588
S05,2025-08-08,C02,14,1,12,4511.00,57.80,0.00,4453.20,371.1,36,12,0,0.0714
S05,2025-08-09,C02,15,1,12,12032.00,50.10,0.00,11981.90,998.49,74,12,0,0.0667
S05,2025-08-10,C02,12,2,8,8603.00,273.90,0.00,8329.10,1041.14,42,8,0,0.1667
S05,2025-08-11,C02,11,2,9,8077.00,143.45,0.00,7933.55,881.51,57,9,1,0.1818
S05,2025-08-12,C02,12,0,12,13048.00,388.95,382.00,12277.05,1054.92,55,12,0,0.0
S05,2025-08-13,C02,15,1,14,8783.00,88.85,1178.00,7516.15,621.01,63,14,0,0.0667
S05,2025-08-14,C02,7,0,7,5216.00,4.25,40.00,5171.75,744.54,33,7,0,0.0
S05,2025-08-15,C02,22,2,19,16912.00,81.75,85.00,16745.25,885.8,100,19,0,0.0909
S05,2025-08-16,C02,13,1,10,8656.00,32.65,486.00,8137.35,862.34,43,10,0,0.0769
S05,2025-08-17,C02,9,0,8,6084.00,40.95,0.00,6043.05,755.38,37,8,0,0.0
S05,2025-08-18,C02,14,1,11,8838.00,100.90,0.00,8737.10,794.28,54,11,0,0.0714
S05,2025-08-19,C02,12,0,11,11478.00,158.55,469.00,10850.45,1029.04,51,11,0,0.0
S05,2025-08-20,C02,13,2,11,10833.00,65.10,165.75,10602.15,978.9,45,11,0,0.1538
S05,2025-08-21,C02,10,0,9,6411.00,0.00,458.00,5953.00,712.33,33,9,0,0.0
S05,2025-08-22,C02,10,2,6,6477.00,15.20,0.00,6461.80,1076.97,26,6,0,0.2
S05,2025-08-23,C02,10,0,10,8479.00,112.20,0.00,8366.80,836.68,45,10,0,0.0
S05,2025-08-24,C02,13,1,9,3771.00,33.30,0.00,3737.70,415.3,30,9,0,0.0769
S05,2025-08-25,C02,8,3,5,6526.00,0.00,367.00,6159.00,1305.2,24,5,0,0.375
S05,2025-08-26,C02,6,1,5,2305.00,0.00,0.00,2305.00,461.0,15,5,0,0.1667
S05,2025-08-27,C02,3,0,3,2856.00,0.00,0.00,2856.00,952.0,12,3,0,0.0
S05,2025-08-28,C02,12,0,12,12503.00,0.00,0.00,12503.00,1041.92,71,12,0,0.0
S05,2025-08-29,C02,16,0,14,14722.00,0.00,458.00,14264.00,1051.57,64,14,0,0.0
S05,2025-08-30,C02,16,2,14,14589.00,35.00,0.00,14554.00,1039.57,66,14,0,0.125
S05,2025-08-31,C02,9,1,8,9866.00,10.50,30.00,9825.50,1231.94,39,8,0,0.1111
S05,2025-09-01,C02,9,0,9,5365.00,76.75,0.00,5288.25,587.58,37,9,0,0.0
S05,2025-09-02,C02,8,1,6,3819.00,0.00,0.00,3819.00,636.5,17,6,0,0.125
S05,2025-09-03,C02,4,0,4,4902.00,71.40,0.00,4830.60,1207.65,28,4,0,0.0
S05,2025-09-04,C02,12,0,11,7509.00,80.05,0.00,7428.95,675.36,48,11,0,0.0
S05,2025-09-05,C02,12,1,10,5594.00,0.00,0.00,5594.00,559.4,37,10,0,0.0833
S05,2025-09-06,C02,16,1,15,18313.00,398.70,0.00,17914.30,1194.29,86,15,0,0.0625
S05,2025-09-07,C02,13,2,11,15189.00,47.00,0.00,15142.00,1376.55,64,11,0,0.1538
S05,2025-09-08,C02,9,1,8,4291.00,51.60,0.00,4239.40,529.93,28,7,0,0.1111
S05,2025-09-09,C02,9,0,9,5051.00,108.00,267.00,4676.00,549.22,34,9,0,0.0
S05,2025-09-10,C02,12,1,11,8035.00,171.45,0.00,7863.55,714.87,48,11,0,0.0833
S05,2025-09-11,C02,11,0,11,12456.00,112.65,0.00,12343.35,1122.12,57,11,0,0.0
S05,2025-09-12,C02,6,1,5,2358.00,0.00,0.00,2358.00,471.6,14,5,0,0.1667
S05,2025-09-13,C02,13,0,13,11009.00,0.00,21.00,10988.00,846.85,63,13,0,0.0
S05,2025-09-14,C02,13,1,12,8706.00,75.90,268.00,8362.10,719.18,42,12,0,0.0769
S05,2025-09-15,C02,14,1,11,9207.00,183.60,0.00,9023.40,820.31,50,11,0,0.0714
S05,2025-09-16,C02,6,0,6,3876.00,8.40,0.00,3867.60,644.6,24,6,0,0.0
S05,2025-09-17,C02,9,2,7,7749.00,191.10,89.00,7468.90,1079.7,45,7,0,0.2222
S05,2025-09-18,C02,11,0,11,7247.00,22.50,0.00,7224.50,656.77,52,11,0,0.0
S05,2025-09-19,C02,18,0,18,15177.00,30.80,28.00,15118.20,841.46,105,18,0,0.0
S05,2025-09-20,C02,21,4,17,12055.00,0.00,160.00,11895.00,709.12,69,16,0,0.1905
S05,2025-09-21,C02,17,3,14,9591.00,0.00,0.00,9591.00,685.07,54,14,0,0.1765
S05,2025-09-22,C02,9,0,8,5482.00,0.00,461.00,5021.00,685.25,31,8,0,0.0
S05,2025-09-23,C02,12,3,9,6462.00,0.00,84.00,6378.00,718.0,37,9,0,0.25
S05,2025-09-24,C02,15,0,14,10028.00,0.00,41.00,9987.00,716.29,51,14,0,0.0
S05,2025-09-25,C02,9,0,8,3583.00,0.00,540.00,3043.00,447.88,29,8,0,0.0
S05,2025-09-26,C02,9,1,8,7398.00,0.00,0.00,7398.00,924.75,41,8,0,0.1111
S05,2025-09-27,C02,12,2,10,11355.00,0.00,0.00,11355.00,1135.5,51,10,0,0.1667
S05,2025-09-28,C02,14,0,14,15882.00,0.00,2187.00,13695.00,1134.43,75,14,0,0.0
S05,2025-09-29,C02,10,2,8,7540.00,0.00,0.00,7540.00,942.5,31,8,0,0.2
S05,2025-09-30,C02,4,1,3,2622.00,0.00,256.00,2366.00,874.0,13,3,0,0.25
S06,2025-04-01,C02,12,2,10,6040.00,0.00,0.00,6040.00,604.0,42,10,0,0.1667
S06,2025-04-02,C02,14,0,13,7802.00,0.00,0.00,7802.00,600.15,48,13,0,0.0
S06,2025-04-03,C02,20,2,18,15932.00,0.00,419.00,15513.00,885.11,93,18,1,0.1
S06,2025-04-04,C02,23,0,23,18400.00,0.00,84.00,18316.00,800.0,101,23,0,0.0
S06,2025-04-05,C02,24,1,20,14240.00,0.00,0.00,14240.00,712.0,79,20,0,0.0417
S06,2025-04-06,C02,15,1,13,11809.00,70.60,86.00,11652.40,902.95,78,12,0,0.0667
S06,2025-04-07,C02,12,0,12,11000.00,249.60,0.00,10750.40,895.87,60,12,0,0.0
S06,2025-04-08,C02,19,0,19,14680.00,302.50,602.00,13775.50,756.71,94,19,0,0.0
S06,2025-04-09,C02,14,1,13,5927.00,82.40,0.00,5844.60,449.58,37,13,0,0.0714
S06,2025-04-10,C02,19,1,16,14937.00,527.80,0.00,14409.20,900.58,72,16,0,0.0526
S06,2025-04-11,C02,20,2,16,11611.00,16.80,0.00,11594.20,724.64,55,16,0,0.1
S06,2025-04-12,C02,20,2,16,18034.00,42.40,331.00,17660.60,1124.48,83,16,0,0.1
S06,2025-04-13,C02,11,1,9,10119.00,25.20,351.00,9742.80,1121.53,49,9,0,0.0909
S06,2025-04-14,C02,22,5,16,12965.00,133.10,645.00,12186.90,801.99,74,16,0,0.2273
S06,2025-04-15,C02,14,0,13,11109.00,174.40,1575.00,9359.60,841.12,55,13,0,0.0
S06,2025-04-16,C02,17,2,14,11846.00,255.20,0.00,11590.80,827.91,61,14,0,0.1176
S06,2025-04-17,C02,19,0,18,13261.00,839.40,0.00,12421.60,690.09,70,18,0,0.0
S06,2025-04-18,C02,23,3,20,18072.00,42.40,0.00,18029.60,901.48,96,20,0,0.1304
S06,2025-04-19,C02,14,0,14,14568.00,584.60,1846.20,12137.20,998.81,64,14,0,0.0
S06,2025-04-20,C02,15,2,13,10597.00,117.60,0.00,10479.40,806.11,54,13,0,0.1333
S06,2025-04-21,C02,17,0,17,13013.00,653.20,0.00,12359.80,727.05,72,17,0,0.0
S06,2025-04-22,C02,12,1,10,4698.00,47.80,0.00,4650.20,465.02,42,10,0,0.0833
S06,2025-04-23,C02,20,2,17,12310.00,564.60,1645.00,10100.40,690.91,64,17,0,0.1
S06,2025-04-24,C02,18,1,17,16791.00,405.60,169.00,16216.40,963.85,77,17,0,0.0556
S06,2025-04-25,C02,13,0,13,8556.00,60.30,294.00,8201.70,653.52,55,13,0,0.0
S06,2025-04-26,C02,27,1,26,19800.00,695.30,0.00,19104.70,734.8,94,24,0,0.037
S06,2025-04-27,C02,24,0,24,20797.00,454.65,0.00,20342.35,847.6,128,23,0,0.0
S06,2025-04-28,C02,15,0,11,9476.00,240.30,0.00,9235.70,839.61,58,11,0,0.0
S06,2025-04-29,C02,15,2,13,13575.00,85.50,42.00,13447.50,1037.65,60,13,0,0.1333
S06,2025-04-30,C02,16,0,15,9079.00,51.00,2070.00,6958.00,601.87,57,15,0,0.0
S06,2025-05-01,C02,15,1,14,13159.00,143.50,0.00,13015.50,929.68,60,14,0,0.0667
S06,2025-05-02,C02,11,1,9,5471.00,26.95,0.00,5444.05,604.89,31,9,0,0.0909
S06,2025-05-03,C02,33,1,32,30197.00,271.75,0.00,29925.25,935.16,153,32,0,0.0303
S06,2025-05-04,C02,22,5,16,10315.00,64.45,0.00,10250.55,640.66,69,16,0,0.2273
S06,2025-05-05,C02,11,0,11,7705.00,50.40,0.00,7654.60,695.87,47,11,0,0.0
S06,2025-05-06,C02,11,0,11,11639.00,59.90,0.00,11579.10,1052.65,45,11,0,0.0
S06,2025-05-07,C02,18,2,15,15189.00,59.60,149.00,14980.40,1008.63,86,15,0,0.1111
S06,2025-05-08,C02,15,2,13,9080.00,58.00,492.00,8530.00,694.0,53,12,0,0.1333
S06,2025-05-09,C02,12,0,12,7258.00,25.20,0.00,7232.80,602.73,46,12,0,0.0
S06,2025-05-10,C02,14,0,14,14992.00,25.80,2165.00,12801.20,1069.01,73,13,0,0.0
S06,2025-05-11,C02,18,1,17,13174.00,0.00,1933.00,11241.00,774.94,70,17,0,0.0556
S06,2025-05-12,C02,27,2,24,14330.00,17.40,0.00,14312.60,596.36,91,24,0,0.0741
S06,2025-05-13,C02,17,2,15,10720.00,0.00,946.00,9774.00,714.67,53,15,0,0.1176
S06,2025-05-14,C02,15,2,12,12399.00,19.80,0.00,12379.20,1031.6,65,12,0,0.1333
S06,2025-05-15,C02,18,2,16,14648.00,6.60,1231.00,13410.40,915.09,91,16,0,0.1111
S06,2025-05-16,C02,24,0,22,18392.00,0.00,0.00,18392.00,836.0,99,22,0,0.0
S06,2025-05-17,C02,17,0,16,15073.00,38.10,0.00,15034.90,939.68,74,16,0,0.0
S06,2025-05-18,C02,26,1,22,16742.00,13.20,0.00,16728.80,760.4,102,22,0,0.0385
S06,2025-05-19,C02,13,1,12,7704.00,121.05,0.00,7582.95,631.91,51,12,0,0.0769
S06,2025-05-20,C02,18,2,15,14692.00,41.70,0.00,14650.30,976.69,67,15,0,0.1111
S06,2025-05-21,C02,20,3,15,6890.00,0.00,0.00,6890.00,459.33,68,15,0,0.15
S06,2025-05-22,C02,19,2,16,17775.00,0.00,170.00,17605.00,1110.94,89,16,0,0.1053
S06,2025-05-23,C02,23,2,19,9871.00,0.00,0.00,9871.00,519.53,72,19,0,0.087
S06,2025-05-24,C02,28,3,24,18940.00,0.00,0.00,18940.00,789.17,110,24,0,0.1071
S06,2025-05-25,C02,25,1,22,20278.00,0.00,0.00,20278.00,921.73,122,22,0,0.04
S06,2025-05-26,C02,26,3,20,18856.00,22.25,135.00,18698.75,941.69,114,20,0,0.1154
S06,2025-05-27,C02,15,0,14,14336.00,100.10,0.00,14235.90,1016.85,76,14,0,0.0
S06,2025-05-28,C02,25,3,20,11702.00,492.85,0.00,11209.15,560.46,72,20,0,0.12
S06,2025-05-29,C02,13,1,11,11589.00,46.75,628.00,10914.25,1049.3,77,11,0,0.0769
S06,2025-05-30,C02,19,1,18,11196.00,116.60,229.00,10850.40,615.52,63,18,0,0.0526
S06,2025-05-31,C02,22,2,19,16397.00,221.55,267.00,15908.45,851.34,78,19,0,0.0909
S06,2025-06-01,C02,20,2,18,14536.00,278.75,0.00,14257.25,792.07,91,18,0,0.1
S06,2025-06-02,C02,18,4,14,8919.00,63.60,86.00,8769.40,632.53,59,14,0,0.2222
S06,2025-06-03,C02,21,1,18,13885.00,218.20,0.00,13666.80,759.27,71,17,0,0.0476
S06,2025-06-04,C02,16,1,14,11337.00,149.40,326.00,10861.60,799.11,66,14,0,0.0625
S06,2025-06-05,C02,22,6,16,10181.00,62.90,351.00,9767.10,632.38,63,16,0,0.2727
S06,2025-06-06,C02,27,0,27,23011.00,727.80,300.80,21982.40,825.3,110,26,0,0.0
S06,2025-06-07,C02,34,3,30,24646.00,51.25,0.00,24594.75,819.83,136,30,0,0.0882
S06,2025-06-08,C02,22,2,20,21710.00,113.60,1148.00,20448.40,1079.82,113,20,0,0.0909
S06,2025-06-09,C02,17,3,14,14365.00,118.40,627.00,13619.60,1017.61,87,14,0,0.1765
S06,2025-06-10,C02,19,3,15,13292.00,61.20,882.00,12348.80,882.05,79,15,0,0.1579
S06,2025-06-11,C02,15,0,13,7503.00,61.60,623.00,6818.40,572.42,61,13,0,0.0
S06,2025-06-12,C02,19,0,17,11148.00,0.00,0.00,11148.00,655.76,52,17,0,0.0
S06,2025-06-13,C02,20,2,18,13394.00,196.25,0.00,13197.75,733.21,79,18,0,0.1
S06,2025-06-14,C02,25,1,23,15795.00,207.15,36.00,15551.85,677.73,81,23,0,0.04
S06,2025-06-15,C02,21,0,21,17677.00,98.00,0.00,17579.00,837.1,102,21,0,0.0
S06,2025-06-16,C02,19,1,17,10865.00,8.80,44.00,10812.20,638.6,70,17,0,0.0526
S06,2025-06-17,C02,20,3,15,12052.00,64.00,0.00,11988.00,799.2,63,15,0,0.15
S06,2025-06-18,C02,26,4,22,11175.00,28.80,1135.00,10011.20,506.65,67,22,0,0.1538
S06,2025-06-19,C02,23,1,22,16185.00,59.20,1813.00,14312.80,732.99,100,22,0,0.0435
S06,2025-06-20,C02,27,1,22,12611.00,16.80,143.00,12451.20,572.46,90,22,0,0.037
S06,2025-06-21,C02,17,0,16,17006.00,12.60,0.00,16993.40,1062.09,102,16,0,0.0
S06,2025-06-22,C02,16,0,15,13833.00,12.80,0.00,13820.20,921.35,77,14,0,0.0
S06,2025-06-23,C02,15,1,13,12805.00,29.60,253.00,12522.40,982.72,76,13,0,0.0667
S06,2025-06-24,C02,13,1,12,10322.00,15.70,0.00,10306.30,858.86,53,12,0,0.0769
S06,2025-06-25,C02,15,2,13,14610.00,16.80,0.00,14593.20,1122.55,66,13,0,0.1333
S06,2025-06-26,C02,19,1,16,12040.00,13.00,321.00,11706.00,751.69,81,16,0,0.0526
S06,2025-06-27,C02,28,2,26,26194.00,126.60,3136.00,22931.40,1002.59,129,26,0,0.0714
S06,2025-06-28,C02,28,1,27,20878.00,100.20,258.00,20519.80,769.55,123,27,0,0.0357
S06,2025-06-29,C02,28,3,23,20522.00,112.10,85.00,20324.90,887.39,106,23,0,0.1071
S06,2025-06-30,C02,15,2,12,8853.00,30.00,228.00,8595.00,735.25,52,12,0,0.1333
S06,2025-07-01,C02,20,2,18,19028.00,59.10,578.00,18390.90,1053.83,92,18,0,0.1
S06,2025-07-02,C02,26,0,25,17052.00,7.50,0.00,17044.50,681.78,107,25,0,0.0
S06,2025-07-03,C02,22,2,20,21052.00,53.40,0.00,20998.60,1049.93,82,20,0,0.0909
S06,2025-07-04,C02,23,1,20,39811.00,132.10,0.00,39678.90,1983.95,162,20,1,0.0435
S06,2025-07-05,C02,24,3,19,18616.00,84.45,162.50,18369.05,975.34,94,19,0,0.125
S06,2025-07-06,C02,23,2,20,14992.00,57.80,0.00,14934.20,746.71,86,20,0,0.087
S06,2025-07-07,C02,16,1,15,11025.00,59.60,66.00,10899.40,731.03,69,15,0,0.0625
S06,2025-07-08,C02,23,2,20,15644.00,183.25,21.00,15439.75,773.04,105,20,1,0.087
S06,2025-07-09,C02,30,1,29,19961.00,75.75,229.00,19656.25,685.7,115,28,0,0.0333
S06,2025-07-10,C02,13,2,10,6060.00,70.25,1384.00,4605.75,598.98,36,10,0,0.1538
S06,2025-07-11,C02,18,2,14,12551.00,0.00,89.00,12462.00,896.5,56,14,0,0.1111
S06,2025-07-12,C02,24,0,22,16539.00,10.90,42.00,16486.10,751.28,84,22,0,0.0
S06,2025-07-13,C02,16,1,14,14129.00,12.60,321.00,13795.40,1008.31,77,14,0,0.0625
S06,2025-07-14,C02,16,2,13,8721.00,12.80,124.00,8584.20,669.86,51,13,0,0.125
S06,2025-07-15,C02,28,6,21,10821.00,25.20,0.00,10795.80,514.09,72,21,0,0.2143
S06,2025-07-16,C02,20,1,17,11312.00,24.75,2992.00,8295.25,663.96,63,17,0,0.05
S06,2025-07-17,C02,15,0,13,10322.00,71.50,288.00,9962.50,788.5,67,13,0,0.0
S06,2025-07-18,C02,20,2,17,14013.00,52.50,0.00,13960.50,821.21,79,17,0,0.1
S06,2025-07-19,C02,32,2,30,24691.00,47.40,860.00,23783.60,821.45,142,29,0,0.0625
S06,2025-07-20,C02,20,0,20,24509.00,37.80,57.00,24414.20,1223.56,116,19,0,0.0
S06,2025-07-21,C02,21,3,16,13454.00,158.05,0.00,13295.95,831.0,96,16,0,0.1429
S06,2025-07-22,C02,15,0,14,7433.00,131.45,0.00,7301.55,521.54,62,14,0,0.0
S06,2025-07-23,C02,19,1,18,12083.00,132.35,0.00,11950.65,663.93,75,18,0,0.0526
S06,2025-07-24,C02,23,3,20,10625.00,87.85,1158.00,9379.15,526.86,70,20,0,0.1304
S06,2025-07-25,C02,18,1,17,14688.00,547.75,972.00,13168.25,831.78,84,17,1,0.0556
S06,2025-07-26,C02,21,0,21,12636.00,133.50,0.00,12502.50,595.36,89,21,0,0.0
S06,2025-07-27,C02,16,0,14,14856.00,34.50,0.00,14821.50,1058.68,77,14,0,0.0
S06,2025-07-28,C02,17,3,14,11571.00,246.70,0.00,11324.30,808.88,70,14,0,0.1765
S06,2025-07-29,C02,22,1,20,12708.00,19.45,142.00,12546.55,634.43,107,20,1,0.0455
S06,2025-07-30,C02,16,0,15,12434.00,25.20,339.00,12069.80,827.25,62,15,0,0.0
S06,2025-07-31,C02,28,5,22,27836.00,140.10,391.30,27304.60,1258.9,98,22,1,0.1786
S06,2025-08-01,C02,14,2,12,5640.00,25.50,630.00,4984.50,467.88,50,12,0,0.1429
S06,2025-08-02,C02,13,1,12,10619.00,200.70,2204.00,8214.30,868.19,59,12,0,0.0769
S06,2025-08-03,C02,21,1,17,15490.00,157.50,174.00,15158.50,901.91,61,16,0,0.0476
S06,2025-08-04,C02,15,3,12,12529.00,0.00,0.00,12529.00,1044.08,75,12,0,0.2
S06,2025-08-05,C02,20,2,17,12617.00,0.00,594.00,12023.00,742.18,71,17,0,0.1
S06,2025-08-06,C02,15,1,13,10570.00,0.00,0.00,10570.00,813.08,68,12,0,0.0667
S06,2025-08-07,C02,21,2,17,10620.00,0.00,0.00,10620.00,624.71,62,17,0,0.0952
S06,2025-08-08,C02,23,3,18,16832.00,599.95,0.00,16232.05,901.78,89,18,0,0.1304
S06,2025-08-09,C02,11,0,10,8996.00,281.00,469.00,8246.00,871.5,41,10,0,0.0
S06,2025-08-10,C02,24,3,20,17156.00,166.55,0.00,16989.45,849.47,102,20,0,0.125
S06,2025-08-11,C02,22,1,21,11883.00,340.45,0.00,11542.55,549.65,88,21,0,0.0455
S06,2025-08-12,C02,12,1,10,13280.00,260.40,122.00,12897.60,1301.96,72,10,0,0.0833
S06,2025-08-13,C02,18,0,18,7854.00,155.70,0.00,7698.30,427.68,56,18,0,0.0
S06,2025-08-14,C02,13,1,12,6651.00,69.65,0.00,6581.35,548.45,44,12,0,0.0769
S06,2025-08-15,C02,29,1,27,23015.00,118.00,229.00,22668.00,848.04,129,25,0,0.0345
S06,2025-08-16,C02,21,2,18,22034.00,405.00,0.00,21629.00,1201.61,97,18,0,0.0952
S06,2025-08-17,C02,21,2,18,23084.00,112.55,0.00,22971.45,1276.19,102,18,0,0.0952
S06,2025-08-18,C02,20,1,17,19176.00,49.95,712.00,18414.05,1125.06,88,16,0,0.05
S06,2025-08-19,C02,17,0,17,17328.00,80.85,1632.00,15615.15,1014.54,86,17,0,0.0
S06,2025-08-20,C02,14,0,14,13224.00,236.95,0.00,12987.05,927.65,59,14,0,0.0
S06,2025-08-21,C02,35,1,31,27781.00,195.90,0.00,27585.10,889.84,142,31,0,0.0286
S06,2025-08-22,C02,23,1,20,16548.00,106.95,99.00,16342.05,822.05,98,20,0,0.0435
S06,2025-08-23,C02,15,1,14,19812.00,191.55,43.00,19577.45,1401.46,74,13,0,0.0667
S06,2025-08-24,C02,14,1,11,9739.00,23.45,86.05,9629.50,883.23,45,11,0,0.0714
S06,2025-08-25,C02,21,2,18,17272.00,68.70,783.00,16420.30,955.74,121,18,1,0.0952
S06,2025-08-26,C02,17,1,16,9752.00,46.90,393.00,9312.10,606.57,50,16,0,0.0588
S06,2025-08-27,C02,20,0,20,22306.00,0.00,273.00,22033.00,1115.3,140,18,1,0.0
S06,2025-08-28,C02,20,1,19,14118.00,90.00,85.00,13943.00,738.32,89,19,0,0.05
S06,2025-08-29,C02,30,3,25,23061.00,29.80,229.00,22802.20,921.25,123,25,0,0.1
S06,2025-08-30,C02,25,1,23,21733.00,42.20,1338.00,20352.80,943.08,131,23,0,0.04
S06,2025-08-31,C02,12,2,10,5364.00,28.00,0.00,5336.00,533.6,28,10,0,0.1667
S06,2025-09-01,C02,14,1,11,10686.00,57.00,169.00,10460.00,966.27,58,11,0,0.0714
S06,2025-09-02,C02,32,3,29,21625.00,592.40,559.40,20473.20,725.26,131,27,0,0.0938
S06,2025-09-03,C02,21,3,17,13813.00,79.30,366.80,13366.90,807.86,71,17,0,0.1429
S06,2025-09-04,C02,20,1,18,16277.00,492.50,1300.00,14484.50,876.92,84,18,0,0.05
S06,2025-09-05,C02,18,1,16,13817.00,210.10,0.00,13606.90,850.43,79,16,0,0.0556
S06,2025-09-06,C02,23,6,17,16547.00,109.20,0.00,16437.80,966.93,80,17,0,0.2609
S06,2025-09-07,C02,14,3,9,5307.00,74.40,0.00,5232.60,581.4,33,9,0,0.2143
S06,2025-09-08,C02,14,0,14,13401.00,167.15,1403.00,11830.85,945.28,69,14,0,0.0
S06,2025-09-09,C02,15,0,14,8271.00,34.70,0.00,8236.30,588.31,59,14,0,0.0
S06,2025-09-10,C02,11,1,9,8699.00,98.10,0.00,8600.90,955.66,57,9,0,0.0909
S06,2025-09-11,C02,21,1,19,11680.00,0.00,338.00,11342.00,614.74,74,18,0,0.0476
S06,2025-09-12,C02,18,0,16,17958.00,61.95,0.00,17896.05,1118.5,82,16,0,0.0
S06,2025-09-13,C02,19,3,15,8519.00,0.00,1422.00,7097.00,567.93,53,15,0,0.1579
S06,2025-09-14,C02,23,3,17,13355.00,130.80,462.00,12762.20,777.89,72,17,0,0.1304
S06,2025-09-15,C02,19,2,16,12315.00,761.30,253.00,11300.70,722.11,57,16,0,0.1053
S06,2025-09-16,C02,10,0,9,9216.00,79.10,122.00,9014.90,1015.21,37,9,0,0.0
S06,2025-09-17,C02,27,3,21,20784.00,887.10,1311.60,18585.30,947.47,98,20,0,0.1111
S06,2025-09-18,C02,20,2,18,13147.00,29.40,52.00,13065.60,728.76,79,18,0,0.1
S06,2025-09-19,C02,26,1,25,14979.00,15.30,589.00,14374.70,598.55,70,25,0,0.0385
S06,2025-09-20,C02,17,2,14,18341.00,0.00,0.00,18341.00,1310.07,88,14,0,0.1176
S06,2025-09-21,C02,25,2,22,16158.00,0.00,2211.00,13947.00,734.45,96,22,0,0.08
S06,2025-09-22,C02,25,4,18,13814.00,0.00,257.80,13556.20,767.44,78,17,0,0.16
S06,2025-09-23,C02,15,2,13,9487.00,0.00,0.00,9487.00,729.77,49,13,0,0.1333
S06,2025-09-24,C02,27,1,25,20996.00,0.00,353.00,20643.00,839.84,105,25,0,0.037
S06,2025-09-25,C02,16,1,15,9947.00,0.00,0.00,9947.00,663.13,65,15,0,0.0625
S06,2025-09-26,C02,16,0,15,12609.00,0.00,343.00,12266.00,840.6,71,15,0,0.0
S06,2025-09-27,C02,20,0,19,15752.00,0.00,0.00,15752.00,829.05,78,19,0,0.0
S06,2025-09-28,C02,22,2,19,18380.00,0.00,408.00,17972.00,967.37,100,19,0,0.0909
S06,2025-09-29,C02,14,1,13,5291.00,0.00,0.00,5291.00,407.0,43,13,0,0.0714
S06,2025-09-30,C02,21,3,16,7780.00,0.00,462.00,7318.00,486.25,66,16,0,0.1429
S07,2025-04-01,C02,10,1,9,7565.00,0.00,0.00,7565.00,840.56,46,9,0,0.1
S07,2025-04-02,C02,9,2,6,2946.00,0.00,0.00,2946.00,491.0,22,6,0,0.2222
S07,2025-04-03,C02,15,2,13,11558.00,0.00,0.00,11558.00,889.08,63,13,0,0.1333
S07,2025-04-04,C02,12,0,12,11515.00,0.00,0.00,11515.00,959.58,54,12,0,0.0
S07,2025-04-05,C02,13,2,10,9873.00,0.00,0.00,9873.00,987.3,50,10,0,0.1538
S07,2025-04-06,C02,8,1,6,9277.00,223.30,0.00,9053.70,1508.95,46,6,0,0.125
S07,2025-04-07,C02,9,1,8,3746.00,0.00,0.00,3746.00,468.25,35,8,0,0.1111
S07,2025-04-08,C02,12,2,10,5348.00,4.20,299.00,5044.80,534.38,44,10,0,0.1667
S07,2025-04-09,C02,9,1,7,3338.00,8.40,109.00,3220.60,475.66,23,7,0,0.1111
S07,2025-04-10,C02,12,2,10,6212.00,210.15,0.00,6001.85,600.19,43,10,0,0.1667
S07,2025-04-11,C02,8,1,5,2796.00,31.80,0.00,2764.20,552.84,16,5,0,0.125
S07,2025-04-12,C02,19,0,19,16116.00,21.00,35.00,16060.00,847.11,84,19,0,0.0
S07,2025-04-13,C02,15,0,14,8667.00,8.40,0.00,8658.60,618.47,63,13,0,0.0
S07,2025-04-14,C02,7,1,6,5356.00,8.40,303.00,5044.60,891.27,31,6,0,0.1429
S07,2025-04-15,C02,10,1,8,11343.00,545.20,0.00,10797.80,1349.73,40,8,0,0.1
S07,2025-04-16,C02,11,2,8,8093.00,78.20,24.00,7990.80,1001.85,41,8,0,0.1818
S07,2025-04-17,C02,14,0,14,9137.00,50.30,0.00,9086.70,649.05,50,14,0,0.0
S07,2025-04-18,C02,11,0,11,8648.00,285.40,193.00,8169.60,760.24,50,11,0,0.0
S07,2025-04-19,C02,11,0,9,11668.00,454.00,0.00,11214.00,1246.0,48,9,0,0.0
S07,2025-04-20,C02,7,0,6,9665.00,0.00,0.00,9665.00,1610.83,59,6,1,0.0
S07,2025-04-21,C02,12,1,10,9638.00,159.00,0.00,9479.00,947.9,46,10,0,0.0833
S07,2025-04-22,C02,14,1,12,8116.00,117.80,0.00,7998.20,666.52,42,12,0,0.0714
S07,2025-04-23,C02,8,0,8,8107.00,246.60,0.00,7860.40,982.55,38,8,0,0.0
S07,2025-04-24,C02,7,0,7,4990.00,370.20,0.00,4619.80,659.97,26,7,0,0.0
S07,2025-04-25,C02,11,1,10,7340.00,227.40,0.00,7112.60,711.26,42,10,0,0.0909
S07,2025-04-26,C02,13,0,13,8395.00,391.25,0.00,8003.75,615.67,44,13,0,0.0
S07,2025-04-27,C02,7,0,7,3563.00,258.30,0.00,3304.70,472.1,17,7,0,0.0
S07,2025-04-28,C02,8,1,7,8447.00,51.00,0.00,8396.00,1199.43,38,7,0,0.125
S07,2025-04-29,C02,10,0,10,9514.00,141.90,43.00,9329.10,937.21,57,10,0,0.0
S07,2025-04-30,C02,13,3,10,7777.00,37.80,88.00,7651.20,773.92,45,9,0,0.2308
S07,2025-05-01,C02,14,1,13,10269.00,0.00,0.00,10269.00,789.92,60,13,0,0.0714
S07,2025-05-02,C02,7,1,6,4428.00,0.00,0.00,4428.00,738.0,20,6,0,0.1429
S07,2025-05-03,C02,17,0,17,15020.00,35.50,94.00,14890.50,881.44,75,17,0,0.0
S07,2025-05-04,C02,11,0,11,5048.00,11.45,0.00,5036.55,457.87,46,11,0,0.0
S07,2025-05-05,C02,9,0,9,5241.00,29.70,0.00,5211.30,579.03,42,9,0,0.0
S07,2025-05-06,C02,13,1,12,8976.00,12.60,0.00,8963.40,746.95,55,12,0,0.0769
S07,2025-05-07,C02,9,0,9,7800.00,91.80,0.00,7708.20,856.47,43,9,0,0.0
S07,2025-05-08,C02,7,0,7,5775.00,12.60,0.00,5762.40,823.2,39,7,0,0.0
S07,2025-05-09,C02,14,0,13,11815.00,34.60,0.00,11780.40,906.18,68,13,0,0.0
S07,2025-05-10,C02,9,0,9,10613.00,37.80,231.00,10344.20,1175.02,57,8,0,0.0
S07,2025-05-11,C02,12,0,12,18165.00,0.00,629.00,17536.00,1513.75,79,12,0,0.0
S07,2025-05-12,C02,11,2,9,6764.00,6.60,0.00,6757.40,750.82,33,9,0,0.1818
S07,2025-05-13,C02,8,0,6,4725.00,0.00,209.00,4516.00,787.5,28,6,0,0.0
S07,2025-05-14,C02,11,2,9,7234.00,13.05,85.00,7135.95,802.33,39,9,0,0.1818
S07,2025-05-15,C02,15,1,14,7370.00,66.75,0.00,7303.25,521.66,42,13,0,0.0667
S07,2025-05-16,C02,10,0,10,5205.00,6.60,0.00,5198.40,519.84,33,10,0,0.0
S07,2025-05-17,C02,24,4,17,11927.00,62.70,0.00,11864.30,697.9,66,17,0,0.1667
S07,2025-05-18,C02,9,2,7,6645.00,6.60,0.00,6638.40,948.34,31,7,0,0.2222
S07,2025-05-19,C02,7,2,4,2036.00,0.00,0.00,2036.00,509.0,13,4,0,0.2857
S07,2025-05-20,C02,13,2,11,6570.00,33.00,327.80,6209.20,594.27,43,11,0,0.1538
S07,2025-05-21,C02,8,0,8,5240.00,0.00,458.00,4782.00,655.0,29,8,0,0.0
S07,2025-05-22,C02,18,1,17,18397.00,0.00,664.80,17732.20,1082.18,78,17,0,0.0556
S07,2025-05-23,C02,10,1,8,3278.00,0.00,289.00,2989.00,409.75,27,8,0,0.1
S07,2025-05-24,C02,12,1,11,5552.00,0.00,0.00,5552.00,504.73,36,11,0,0.0833
S07,2025-05-25,C02,16,1,12,18831.00,0.00,267.00,18564.00,1569.25,90,12,0,0.0625
S07,2025-05-26,C02,10,1,9,7403.00,34.50,42.00,7326.50,818.72,52,9,0,0.1
S07,2025-05-27,C02,11,1,10,7086.00,128.75,85.00,6872.25,695.73,29,10,0,0.0909
S07,2025-05-28,C02,11,0,10,6588.00,64.25,0.00,6523.75,652.38,51,10,0,0.0
S07,2025-05-29,C02,17,1,13,11885.00,187.70,38.00,11659.30,899.79,65,13,0,0.0588
S07,2025-05-30,C02,10,1,9,9496.00,66.50,0.00,9429.50,1047.72,51,9,0,0.1
S07,2025-05-31,C02,11,1,10,5885.00,59.45,854.05,4971.50,582.56,47,10,0,0.0909
S07,2025-06-01,C02,18,1,17,12654.00,306.20,1575.00,10772.80,726.34,72,17,0,0.0556
S07,2025-06-02,C02,15,0,14,9445.00,80.25,0.00,9364.75,668.91,61,14,0,0.0
S07,2025-06-03,C02,8,0,8,3382.00,34.25,1138.50,2209.25,418.47,23,8,0,0.0
S07,2025-06-04,C02,8,0,7,8594.00,73.15,0.00,8520.85,1217.26,34,7,0,0.0
S07,2025-06-05,C02,9,0,9,6142.00,129.00,21.00,5992.00,668.11,32,9,0,0.0
S07,2025-06-06,C02,8,1,7,1867.00,14.40,0.00,1852.60,264.66,15,7,0,0.125
S07,2025-06-07,C02,23,0,23,20758.00,399.85,231.00,20127.15,885.14,94,23,0,0.0
S07,2025-06-08,C02,20,3,17,13494.00,123.15,98.00,13272.85,786.52,62,17,0,0.15
S07,2025-06-09,C02,5,0,5,4000.00,0.00,101.00,3899.00,800.0,20,5,0,0.0
S07,2025-06-10,C02,11,0,10,8702.00,15.45,0.00,8686.55,868.66,47,10,0,0.0
S07,2025-06-11,C02,15,1,14,12088.00,67.25,0.00,12020.75,858.63,67,14,0,0.0667
S07,2025-06-12,C02,4,0,3,3626.00,63.10,42.00,3520.90,1187.63,11,3,0,0.0
S07,2025-06-13,C02,7,0,7,4289.00,78.80,0.00,4210.20,601.46,39,7,0,0.0
S07,2025-06-14,C02,19,2,15,8662.00,25.80,0.00,8636.20,575.75,59,15,0,0.1053
S07,2025-06-15,C02,10,0,10,8172.00,60.40,0.00,8111.60,811.16,56,10,0,0.0
S07,2025-06-16,C02,14,1,12,9749.00,75.60,0.00,9673.40,806.12,67,12,0,0.0714
S07,2025-06-17,C02,11,1,10,10977.00,31.60,0.00,10945.40,1094.54,54,10,0,0.0909
S07,2025-06-18,C02,13,1,9,9802.00,77.10,0.00,9724.90,1080.54,64,9,0,0.0769
S07,2025-06-19,C02,14,2,12,10414.00,4.60,2359.80,8049.60,867.45,55,12,0,0.1429
S07,2025-06-20,C02,15,1,13,16212.00,8.10,0.00,16203.90,1246.45,78,13,0,0.0667
S07,2025-06-21,C02,15,0,13,12136.00,9.90,0.00,12126.10,932.78,63,13,0,0.0
S07,2025-06-22,C02,8,0,7,9318.00,4.40,0.00,9313.60,1330.51,51,7,0,0.0
S07,2025-06-23,C02,19,2,16,10948.00,12.80,832.00,10103.20,683.45,64,16,0,0.1053
S07,2025-06-24,C02,7,1,6,5063.00,12.60,79.00,4971.40,841.73,31,6,0,0.1429
S07,2025-06-25,C02,12,0,12,13052.00,7.60,1033.00,12011.40,1087.03,61,12,0,0.0
S07,2025-06-26,C02,13,1,12,6814.00,21.30,0.00,6792.70,566.06,37,12,0,0.0769
S07,2025-06-27,C02,16,0,15,13212.00,65.60,245.60,12900.80,876.43,80,15,0,0.0
S07,2025-06-28,C02,14,1,12,9739.00,18.80,0.00,9720.20,810.02,58,12,0,0.0714
S07,2025-06-29,C02,13,1,12,12487.00,31.70,829.00,11626.30,1037.94,72,12,0,0.0769
S07,2025-06-30,C02,8,0,7,2973.00,74.20,132.00,2766.80,414.11,25,7,0,0.0
S07,2025-07-01,C02,6,0,6,2751.00,39.20,15.00,2696.80,451.97,24,6,0,0.0
S07,2025-07-02,C02,14,1,11,5728.00,0.00,0.00,5728.00,520.73,46,11,0,0.0714
S07,2025-07-03,C02,14,1,12,8752.00,45.00,0.00,8707.00,725.58,53,12,0,0.0714
S07,2025-07-04,C02,11,2,9,4618.00,11.00,0.00,4607.00,511.89,32,9,0,0.1818
S07,2025-07-05,C02,16,0,14,7993.00,22.70,0.00,7970.30,569.31,46,14,0,0.0
S07,2025-07-06,C02,13,1,12,9198.00,79.25,0.00,9118.75,759.9,45,12,0,0.0769
S07,2025-07-07,C02,7,0,6,3051.00,17.40,0.00,3033.60,505.6,23,6,0,0.0
S07,2025-07-08,C02,13,2,11,6870.00,58.95,17.00,6794.05,619.19,38,11,0,0.1538
S07,2025-07-09,C02,16,1,13,11515.00,0.00,0.00,11515.00,885.77,64,13,0,0.0625
S07,2025-07-10,C02,16,2,13,13750.00,0.00,1670.00,12080.00,1057.69,54,13,0,0.125
S07,2025-07-11,C02,8,0,8,5167.00,4.20,0.00,5162.80,645.35,39,8,0,0.0
S07,2025-07-12,C02,10,1,8,7437.00,0.00,0.00,7437.00,929.63,37,8,0,0.1
S07,2025-07-13,C02,11,0,10,7303.00,15.90,345.00,6942.10,728.71,49,10,0,0.0
S07,2025-07-14,C02,11,3,8,8579.00,4.20,188.00,8386.80,1071.85,43,8,0,0.2727
S07,2025-07-15,C02,11,0,11,8871.00,4.20,0.00,8866.80,806.07,52,11,1,0.0
S07,2025-07-16,C02,8,1,7,8377.00,0.00,0.00,8377.00,1196.71,36,7,0,0.125
S07,2025-07-17,C02,12,0,11,10595.00,68.75,789.00,9737.25,956.93,48,11,0,0.0
S07,2025-07-18,C02,14,1,11,8180.00,9.80,0.00,8170.20,742.75,47,11,0,0.0714
S07,2025-07-19,C02,19,3,15,8995.00,9.05,288.00,8697.95,599.06,53,15,0,0.1579
S07,2025-07-20,C02,14,0,13,10849.00,29.45,1017.00,9802.55,832.27,55,13,0,0.0
S07,2025-07-21,C02,13,0,13,14113.00,25.50,3179.00,10908.50,1083.65,65,13,0,0.0
S07,2025-07-22,C02,13,2,10,11960.00,89.10,0.00,11870.90,1187.09,50,10,0,0.1538
S07,2025-07-23,C02,19,4,14,9891.00,160.20,42.00,9688.80,695.06,59,14,0,0.2105
S07,2025-07-24,C02,12,1,10,3914.00,78.65,0.00,3835.35,383.54,31,10,0,0.0833
S07,2025-07-25,C02,18,1,17,13150.00,229.50,1413.00,11507.50,760.03,77,16,0,0.0556
S07,2025-07-26,C02,14,1,12,11537.00,121.80,0.00,11415.20,951.27,61,11,0,0.0714
S07,2025-07-27,C02,13,0,13,11350.00,293.40,24.00,11032.60,850.51,63,13,0,0.0
S07,2025-07-28,C02,6,1,5,5207.00,26.00,319.00,4862.00,1036.2,27,5,0,0.1667
S07,2025-07-29,C02,10,1,7,3860.00,25.50,0.00,3834.50,547.79,26,7,0,0.1
S07,2025-07-30,C02,16,0,16,9996.00,84.90,670.00,9241.10,619.44,65,16,0,0.0
S07,2025-07-31,C02,16,1,14,8872.00,144.30,0.00,8727.70,623.41,68,14,0,0.0625
S07,2025-08-01,C02,15,1,14,10846.00,328.90,0.00,10517.10,751.22,72,14,0,0.0667
S07,2025-08-02,C02,17,3,13,16870.00,25.50,707.00,16137.50,1295.73,85,13,0,0.1765
S07,2025-08-03,C02,18,0,18,12528.00,67.20,88.00,12372.80,692.27,79,18,0,0.0
S07,2025-08-04,C02,12,1,11,8845.00,0.00,0.00,8845.00,804.09,51,11,0,0.0833
S07,2025-08-05,C02,10,1,9,4419.00,0.00,94.00,4325.00,491.0,37,8,0,0.1
S07,2025-08-06,C02,8,1,6,4148.00,0.00,0.00,4148.00,691.33,19,6,0,0.125
S07,2025-08-07,C02,12,1,10,3973.00,87.75,246.00,3639.25,388.53,30,10,0,0.0833
S07,2025-08-08,C02,15,1,12,10609.00,52.50,0.00,10556.50,879.71,67,12,0,0.0667
S07,2025-08-09,C02,9,1,7,3639.00,46.00,44.00,3549.00,513.29,29,7,0,0.1111
S07,2025-08-10,C02,14,1,13,19257.00,659.40,307.00,18290.60,1430.58,87,13,1,0.0714
S07,2025-08-11,C02,11,4,6,1506.00,21.15,0.00,1484.85,247.48,18,6,0,0.3636
S07,2025-08-12,C02,13,1,12,6677.00,32.50,1518.00,5126.50,553.71,37,12,0,0.0769
S07,2025-08-13,C02,11,1,10,9806.00,123.60,0.00,9682.40,968.24,41,10,0,0.0909
S07,2025-08-14,C02,9,1,7,5698.00,81.00,0.00,5617.00,802.43,37,7,0,0.1111
S07,2025-08-15,C02,15,1,12,7299.00,76.00,1569.50,5653.50,601.92,50,12,0,0.0667
S07,2025-08-16,C02,12,0,12,13706.00,48.00,209.00,13449.00,1138.17,58,12,0,0.0
S07,2025-08-17,C02,10,1,9,5301.00,27.30,0.00,5273.70,585.97,29,9,0,0.1
S07,2025-08-18,C02,12,1,11,6520.00,107.85,42.00,6370.15,582.92,40,11,0,0.0833
S07,2025-08-19,C02,4,0,4,4626.00,21.00,430.00,4175.00,1151.25,27,4,0,0.0
S07,2025-08-20,C02,8,1,7,4895.00,21.00,42.00,4832.00,696.29,32,6,0,0.125
S07,2025-08-21,C02,16,2,12,12214.00,82.50,0.00,12131.50,1010.96,48,12,0,0.125
S07,2025-08-22,C02,14,0,14,12725.00,0.00,0.00,12725.00,908.93,67,14,0,0.0
S07,2025-08-23,C02,15,0,15,12240.00,182.00,127.00,11931.00,803.87,67,15,0,0.0
S07,2025-08-24,C02,9,0,9,6281.00,130.15,0.00,6150.85,683.43,36,9,0,0.0
S07,2025-08-25,C02,9,0,8,5454.00,0.00,0.00,5454.00,681.75,37,8,0,0.0
S07,2025-08-26,C02,14,2,10,10753.00,0.00,0.00,10753.00,1075.3,46,10,0,0.1429
S07,2025-08-27,C02,14,0,14,13011.00,0.00,0.00,13011.00,929.36,78,14,0,0.0
S07,2025-08-28,C02,8,1,7,4269.00,8.40,249.00,4011.60,608.66,29,7,0,0.125
S07,2025-08-29,C02,17,4,13,17418.00,30.60,1015.00,16372.40,1337.49,76,13,0,0.2353
S07,2025-08-30,C02,19,4,15,15785.00,51.55,0.00,15733.45,1048.9,74,15,0,0.2105
S07,2025-08-31,C02,18,3,15,20513.00,39.60,114.00,20359.40,1364.89,101,15,0,0.1667
S07,2025-09-01,C02,13,2,11,10447.00,89.45,278.00,10079.55,941.6,54,11,0,0.1538
S07,2025-09-02,C02,17,2,15,7147.00,71.20,0.00,7075.80,471.72,61,15,0,0.1176
S07,2025-09-03,C02,13,1,10,5793.00,88.40,0.00,5704.60,570.46,36,10,0,0.0769
S07,2025-09-04,C02,15,1,12,6834.00,89.70,0.00,6744.30,562.03,46,12,0,0.0667
S07,2025-09-05,C02,10,1,9,8006.00,167.60,193.00,7645.40,870.93,36,9,0,0.1
S07,2025-09-06,C02,17,2,15,11175.00,436.80,179.00,10559.20,715.88,68,15,0,0.1176
S07,2025-09-07,C02,18,1,16,15037.00,191.90,0.00,14845.10,927.82,86,16,0,0.0556
S07,2025-09-08,C02,7,1,5,3444.00,0.00,469.00,2975.00,688.8,19,5,0,0.1429
S07,2025-09-09,C02,13,1,12,8883.00,287.40,0.00,8595.60,716.3,50,12,0,0.0769
S07,2025-09-10,C02,11,0,11,9924.00,16.80,0.00,9907.20,900.65,59,11,0,0.0
S07,2025-09-11,C02,12,1,8,6417.00,42.30,0.00,6374.70,796.84,33,8,0,0.0833
S07,2025-09-12,C02,14,0,13,11924.00,70.35,110.00,11743.65,911.82,67,13,0,0.0
S07,2025-09-13,C02,15,2,11,11616.00,0.00,0.00,11616.00,1056.0,50,11,0,0.1333
S07,2025-09-14,C02,17,1,16,13780.00,747.90,0.00,13032.10,814.51,85,16,0,0.0588
S07,2025-09-15,C02,12,1,9,8347.00,147.00,338.00,7862.00,911.11,43,9,0,0.0833
S07,2025-09-16,C02,12,0,11,7195.00,80.10,532.00,6582.90,646.81,49,11,0,0.0
S07,2025-09-17,C02,11,0,11,10459.00,279.30,0.00,10179.70,925.43,52,11,0,0.0
S07,2025-09-18,C02,14,0,14,14535.00,45.80,0.00,14489.20,1034.94,66,14,0,0.0
S07,2025-09-19,C02,12,1,11,9877.00,4.40,0.00,9872.60,897.51,52,11,0,0.0833
S07,2025-09-20,C02,24,0,23,26148.00,0.00,44.00,26104.00,1136.87,121,23,0,0.0
S07,2025-09-21,C02,17,2,15,15949.00,0.00,1203.00,14746.00,1063.27,68,15,0,0.1176
S07,2025-09-22,C02,6,0,5,7575.00,0.00,1275.00,6300.00,1515.0,35,5,0,0.0
S07,2025-09-23,C02,14,1,13,11531.00,0.00,0.00,11531.00,887.0,48,13,0,0.0714
S07,2025-09-24,C02,14,0,13,14316.00,0.00,0.00,14316.00,1101.23,71,13,0,0.0
S07,2025-09-25,C02,12,0,11,6637.00,0.00,637.00,6000.00,603.36,48,11,0,0.0
S07,2025-09-26,C02,16,1,14,8112.00,0.00,0.00,8112.00,579.43,55,14,0,0.0625
S07,2025-09-27,C02,15,2,10,13035.00,0.00,922.00,12113.00,1303.5,57,10,0,0.1333
S07,2025-09-28,C02,22,1,17,11945.00,0.00,0.00,11945.00,702.65,75,17,0,0.0455
S07,2025-09-29,C02,8,3,5,4286.00,0.00,85.00,4201.00,857.2,28,5,0,0.375
S07,2025-09-30,C02,12,0,12,9786.00,0.00,1070.00,8716.00,815.5,44,12,0,0.0
S08,2025-04-01,C02,18,1,17,14388.00,0.00,0.00,14388.00,846.35,77,17,0,0.0556
S08,2025-04-02,C02,14,1,12,10046.00,0.00,1109.00,8937.00,837.17,63,12,0,0.0714
S08,2025-04-03,C02,23,1,20,16291.00,0.00,159.00,16132.00,814.55,98,20,0,0.0435
S08,2025-04-04,C02,19,0,19,18312.00,0.00,287.00,18025.00,963.79,90,19,0,0.0
S08,2025-04-05,C02,20,1,18,22625.00,0.00,0.00,22625.00,1256.94,101,18,0,0.05
S08,2025-04-06,C02,15,2,13,13858.00,224.70,0.00,13633.30,1048.72,65,13,0,0.1333
S08,2025-04-07,C02,19,1,18,11396.00,51.00,0.00,11345.00,630.28,64,18,0,0.0526
S08,2025-04-08,C02,17,1,14,11777.00,202.40,0.00,11574.60,826.76,63,14,0,0.0588
S08,2025-04-09,C02,17,0,16,9944.00,8.40,59.00,9876.60,620.98,60,16,0,0.0
S08,2025-04-10,C02,23,1,20,17649.00,94.20,0.00,17554.80,877.74,101,20,0,0.0435
S08,2025-04-11,C02,26,2,20,15535.00,216.30,389.00,14929.70,765.94,83,20,0,0.0769
S08,2025-04-12,C02,24,3,19,20667.00,24.20,0.00,20642.80,1086.46,103,19,0,0.125
S08,2025-04-13,C02,16,2,13,10587.00,0.00,49.00,10538.00,814.38,76,13,0,0.125
S08,2025-04-14,C02,17,2,15,8810.00,156.40,486.00,8167.60,576.91,47,15,0,0.1176
S08,2025-04-15,C02,15,1,14,10748.00,470.80,0.00,10277.20,734.09,62,14,0,0.0667
S08,2025-04-16,C02,8,1,7,5488.00,155.80,0.00,5332.20,761.74,23,7,0,0.125
S08,2025-04-17,C02,23,2,20,18931.00,83.90,193.00,18654.10,942.36,79,20,1,0.087
S08,2025-04-18,C02,21,3,18,11283.00,270.80,1609.00,9403.20,611.79,79,18,0,0.1429
S08,2025-04-19,C02,16,0,15,11656.00,144.50,789.00,10722.50,767.43,61,15,0,0.0
S08,2025-04-20,C02,17,1,14,10720.00,122.60,0.00,10597.40,756.96,53,13,0,0.0588
S08,2025-04-21,C02,23,2,20,15551.00,222.40,138.00,15190.60,766.43,109,19,0,0.087
S08,2025-04-22,C02,19,0,19,17465.00,200.10,169.00,17095.90,908.68,87,19,0,0.0
S08,2025-04-23,C02,13,1,12,9996.00,172.60,21.00,9802.40,818.62,50,12,0,0.0769
S08,2025-04-24,C02,17,0,17,17396.00,102.20,343.00,16950.80,1017.28,74,17,0,0.0
S08,2025-04-25,C02,15,1,13,9393.00,211.60,407.00,8774.40,706.26,55,13,0,0.0667
S08,2025-04-26,C02,10,0,10,7172.00,28.50,0.00,7143.50,714.35,40,10,0,0.0
S08,2025-04-27,C02,22,1,21,26233.00,613.00,546.00,25074.00,1220.0,128,21,0,0.0455
S08,2025-04-28,C02,14,0,14,8690.00,36.95,82.00,8571.05,618.08,49,14,0,0.0
S08,2025-04-29,C02,13,0,11,11859.00,165.90,0.00,11693.10,1063.01,68,11,0,0.0
S08,2025-04-30,C02,22,1,19,10622.00,128.50,398.00,10095.50,552.29,81,19,0,0.0455
S08,2025-05-01,C02,16,1,12,5684.00,12.60,0.00,5671.40,472.62,50,12,0,0.0625
S08,2025-05-02,C02,21,2,17,10172.00,50.40,0.00,10121.60,595.39,92,16,0,0.0952
S08,2025-05-03,C02,23,1,21,15922.00,46.95,1160.00,14715.05,755.95,78,21,0,0.0435
S08,2025-05-04,C02,20,0,17,13348.00,49.25,1149.00,12149.75,782.28,72,17,0,0.0
S08,2025-05-05,C02,22,0,22,16135.00,37.80,0.00,16097.20,731.69,89,21,0,0.0
S08,2025-05-06,C02,11,0,11,7601.00,17.60,366.00,7217.40,689.4,42,11,0,0.0
S08,2025-05-07,C02,20,2,18,13840.00,89.40,0.00,13750.60,763.92,78,18,0,0.1
S08,2025-05-08,C02,17,2,15,13002.00,37.80,0.00,12964.20,864.28,78,15,0,0.1176
S08,2025-05-09,C02,17,0,17,5058.00,234.20,85.00,4738.80,283.75,47,17,0,0.0
S08,2025-05-10,C02,26,2,23,21369.00,63.00,0.00,21306.00,926.35,118,23,0,0.0769
S08,2025-05-11,C02,14,1,10,9094.00,50.40,0.00,9043.60,904.36,37,10,0,0.0714
S08,2025-05-12,C02,16,2,14,15748.00,6.60,0.00,15741.40,1124.39,62,14,0,0.125
S08,2025-05-13,C02,14,1,13,11952.00,13.20,85.00,11853.80,918.37,60,13,0,0.0714
S08,2025-05-14,C02,22,0,22,16420.00,0.00,0.00,16420.00,746.36,104,22,0,0.0
S08,2025-05-15,C02,15,0,15,6797.00,123.90,84.00,6589.10,444.87,44,15,0,0.0
S08,2025-05-16,C02,22,3,18,14444.00,22.15,0.00,14421.85,801.21,97,17,0,0.1364
S08,2025-05-17,C02,23,4,19,18996.00,78.75,0.00,18917.25,995.64,87,19,0,0.1739
S08,2025-05-18,C02,22,1,21,22171.00,0.00,2006.75,20164.25,1055.76,107,21,0,0.0455
S08,2025-05-19,C02,17,3,14,10508.00,62.70,0.00,10445.30,746.09,66,14,0,0.1765
S08,2025-05-20,C02,10,0,10,5311.00,0.00,416.00,4895.00,531.1,32,10,0,0.0
S08,2025-05-21,C02,15,2,12,8021.00,0.00,0.00,8021.00,668.42,50,12,0,0.1333
S08,2025-05-22,C02,22,1,20,18442.00,0.00,234.00,18208.00,922.1,75,20,0,0.0455
S08,2025-05-23,C02,25,3,21,14082.00,0.00,126.00,13956.00,670.57,70,21,0,0.12
S08,2025-05-24,C02,23,0,23,17601.00,0.00,196.00,17405.00,765.26,118,23,0,0.0
S08,2025-05-25,C02,21,3,16,11186.00,0.00,42.00,11144.00,699.13,58,16,0,0.1429
S08,2025-05-26,C02,21,4,17,10472.00,67.25,0.00,10404.75,612.04,74,17,0,0.1905
S08,2025-05-27,C02,12,4,7,3817.00,49.75,84.00,3683.25,538.18,26,7,0,0.3333
S08,2025-05-28,C02,21,0,21,34060.00,535.90,160.00,33364.10,1596.39,156,21,1,0.0
S08,2025-05-29,C02,17,2,14,10700.00,132.90,291.00,10276.10,754.79,70,14,0,0.1176
S08,2025-05-30,C02,21,1,18,9126.00,73.85,0.00,9052.15,502.9,60,18,0,0.0476
S08,2025-05-31,C02,13,1,12,12228.00,138.85,0.00,12089.15,1007.43,62,12,0,0.0769
S08,2025-06-01,C02,27,0,26,29797.00,190.95,691.00,28915.05,1138.69,156,26,1,0.0
S08,2025-06-02,C02,19,2,17,6530.00,52.00,0.00,6478.00,381.06,58,17,0,0.1053
S08,2025-06-03,C02,14,0,13,7089.00,53.55,272.00,6763.45,541.19,45,13,0,0.0
S08,2025-06-04,C02,9,1,8,10248.00,249.70,79.00,9919.30,1249.79,32,8,0,0.1111
S08,2025-06-05,C02,18,0,17,12581.00,100.05,443.50,12037.45,734.17,70,17,0,0.0
S08,2025-06-06,C02,20,4,16,13408.00,94.35,0.00,13313.65,832.1,74,15,0,0.2
S08,2025-06-07,C02,13,1,12,18005.00,239.50,96.00,17669.50,1480.46,72,12,0,0.0769
S08,2025-06-08,C02,22,3,18,16097.00,13.00,32.00,16052.00,893.56,80,18,0,0.1364
S08,2025-06-09,C02,17,0,17,11968.00,4.20,179.00,11784.80,703.75,55,16,0,0.0
S08,2025-06-10,C02,19,1,17,18456.00,69.00,49.00,18338.00,1081.59,95,17,0,0.0526
S08,2025-06-11,C02,12,0,11,10625.00,119.40,0.00,10505.60,955.05,44,11,0,0.0
S08,2025-06-12,C02,10,1,9,7374.00,43.60,0.00,7330.40,814.49,43,9,0,0.1
S08,2025-06-13,C02,22,0,21,30624.00,86.80,0.00,30537.20,1454.15,197,21,1,0.0
S08,2025-06-14,C02,21,0,19,16702.00,119.05,288.00,16294.95,872.79,77,19,0,0.0
S08,2025-06-15,C02,30,2,28,28993.00,127.95,0.00,28865.05,1030.89,118,28,0,0.0667
S08,2025-06-16,C02,12,1,11,9199.00,0.00,0.00,9199.00,836.27,41,11,0,0.0833
S08,2025-06-17,C02,22,2,20,14838.00,26.40,0.00,14811.60,740.58,67,20,0,0.0909
S08,2025-06-18,C02,18,1,16,14415.00,43.20,1304.00,13067.80,898.24,86,16,0,0.0556
S08,2025-06-19,C02,12,0,11,9419.00,14.50,44.00,9360.50,854.95,42,11,0,0.0
S08,2025-06-20,C02,18,1,17,13143.00,0.00,600.00,12543.00,773.12,78,17,0,0.0556
S08,2025-06-21,C02,25,2,22,26256.00,41.40,0.00,26214.60,1191.57,129,22,0,0.08
S08,2025-06-22,C02,22,4,18,19976.00,29.60,224.00,19722.40,1108.13,88,16,0,0.1818
S08,2025-06-23,C02,21,2,17,16826.00,8.40,552.00,16265.60,989.27,103,17,0,0.0952
S08,2025-06-24,C02,18,0,16,6957.00,19.80,0.00,6937.20,433.58,53,16,0,0.0
S08,2025-06-25,C02,21,2,18,14110.00,42.60,459.00,13608.40,781.52,84,18,0,0.0952
S08,2025-06-26,C02,29,3,25,15941.00,28.60,0.00,15912.40,636.5,92,25,0,0.1034
S08,2025-06-27,C02,24,2,21,15646.00,184.70,253.00,15208.30,736.25,86,21,0,0.0833
S08,2025-06-28,C02,17,1,14,11742.00,0.00,77.00,11665.00,838.71,66,14,0,0.0588
S08,2025-06-29,C02,22,0,20,23450.00,45.00,0.00,23405.00,1170.25,117,20,0,0.0
S08,2025-06-30,C02,17,2,15,8218.00,27.60,0.00,8190.40,546.03,57,15,0,0.1176
S08,2025-07-01,C02,12,4,6,4641.00,37.30,0.00,4603.70,767.28,23,6,0,0.3333
S08,2025-07-02,C02,26,2,20,24217.00,151.90,0.00,24065.10,1203.26,104,20,0,0.0769
S08,2025-07-03,C02,21,1,19,15658.00,35.50,1223.00,14399.50,822.24,84,19,0,0.0476
S08,2025-07-04,C02,24,1,21,10078.00,156.85,1930.00,7991.15,472.44,86,21,0,0.0417
S08,2025-07-05,C02,23,5,17,19553.00,32.50,0.00,19520.50,1148.26,78,17,0,0.2174
S08,2025-07-06,C02,18,1,17,13697.00,36.30,1109.50,12551.20,803.57,70,17,0,0.0556
S08,2025-07-07,C02,21,2,17,12569.00,21.00,1963.00,10585.00,738.12,56,17,0,0.0952
S08,2025-07-08,C02,16,2,14,11150.00,84.30,0.00,11065.70,790.41,61,14,0,0.125
S08,2025-07-09,C02,21,1,17,9500.00,0.00,810.00,8690.00,558.82,61,17,0,0.0476
S08,2025-07-10,C02,19,2,16,8671.00,58.75,338.00,8274.25,538.27,62,16,0,0.1053
S08,2025-07-11,C02,25,3,21,17091.00,19.75,0.00,17071.25,812.92,76,21,0,0.12
S08,2025-07-12,C02,27,1,26,21412.00,29.40,447.00,20935.60,822.41,127,26,0,0.037
S08,2025-07-13,C02,22,3,18,17551.00,29.00,0.00,17522.00,973.44,99,18,0,0.1364
S08,2025-07-14,C02,16,0,13,7327.00,4.20,0.00,7322.80,563.29,51,13,0,0.0
S08,2025-07-15,C02,13,2,11,10227.00,4.20,0.00,10222.80,929.35,53,11,0,0.1538
S08,2025-07-16,C02,18,0,18,16076.00,31.50,589.00,15455.50,891.36,87,18,0,0.0
S08,2025-07-17,C02,13,2,11,8776.00,42.50,378.00,8355.50,793.95,49,11,0,0.1538
S08,2025-07-18,C02,28,1,27,13658.00,37.80,0.00,13620.20,504.45,85,27,0,0.0357
S08,2025-07-19,C02,25,2,22,27388.00,6.50,0.00,27381.50,1244.61,120,22,0,0.08
S08,2025-07-20,C02,15,0,14,15542.00,15.90,459.00,15067.10,1109.01,72,14,0,0.0
S08,2025-07-21,C02,10,1,7,7264.00,345.90,39.00,6879.10,988.3,64,7,1,0.1
S08,2025-07-22,C02,25,2,23,19133.00,321.00,0.00,18812.00,817.91,109,23,0,0.08
S08,2025-07-23,C02,20,3,17,23700.00,1079.70,169.00,22451.30,1330.61,108,17,0,0.15
S08,2025-07-24,C02,24,3,20,13551.00,87.00,661.00,12803.00,673.2,78,18,0,0.125
S08,2025-07-25,C02,20,0,18,11990.00,83.00,0.00,11907.00,661.5,80,18,0,0.0
S08,2025-07-26,C02,31,3,27,22075.00,283.55,988.00,20803.45,807.09,127,26,0,0.0968
S08,2025-07-27,C02,16,0,14,13101.00,74.70,0.00,13026.30,930.45,72,14,0,0.0
S08,2025-07-28,C02,13,0,13,13982.00,161.40,40.85,13779.75,1063.12,67,13,0,0.0
S08,2025-07-29,C02,23,0,22,14264.00,105.40,0.00,14158.60,643.57,92,22,0,0.0
S08,2025-07-30,C02,15,1,13,12141.00,126.90,0.00,12014.10,924.16,61,13,0,0.0667
S08,2025-07-31,C02,23,4,17,12962.00,350.10,257.00,12354.90,741.88,74,17,0,0.1739
S08,2025-08-01,C02,14,0,13,9327.00,76.50,275.00,8975.50,711.58,60,13,0,0.0
S08,2025-08-02,C02,22,2,19,20066.00,523.50,793.00,18749.50,1028.55,94,19,0,0.0909
S08,2025-08-03,C02,19,4,13,10137.00,525.60,288.00,9323.40,739.34,55,13,0,0.2105
S08,2025-08-04,C02,26,1,25,16715.00,0.00,524.00,16191.00,668.6,109,23,0,0.0385
S08,2025-08-05,C02,15,1,11,4848.00,0.00,263.00,4585.00,440.73,39,11,0,0.0667
S08,2025-08-06,C02,18,1,16,13509.00,0.00,0.00,13509.00,844.31,63,16,0,0.0556
S08,2025-08-07,C02,12,0,12,9278.00,11.00,0.00,9267.00,772.25,55,12,0,0.0
S08,2025-08-08,C02,26,3,22,18287.00,292.45,103.00,17891.55,817.93,103,21,0,0.1154
S08,2025-08-09,C02,15,2,13,14141.00,848.50,568.75,12723.75,1022.5,65,13,0,0.1333
S08,2025-08-10,C02,19,2,17,15606.00,174.05,0.00,15431.95,907.76,88,17,0,0.1053
S08,2025-08-11,C02,11,1,10,9939.00,446.25,532.00,8960.75,949.28,64,10,1,0.0909
S08,2025-08-12,C02,16,0,16,10521.00,93.60,0.00,10427.40,651.71,69,15,0,0.0
S08,2025-08-13,C02,12,0,10,9462.00,636.45,0.00,8825.55,882.56,45,9,0,0.0
S08,2025-08-14,C02,13,0,12,15183.00,112.50,85.00,14985.50,1255.88,70,12,0,0.0
S08,2025-08-15,C02,26,1,24,15158.00,276.80,0.00,14881.20,620.05,100,24,0,0.0385
S08,2025-08-16,C02,31,0,29,23196.00,309.50,1417.00,21469.50,789.19,149,29,0,0.0
S08,2025-08-17,C02,17,3,14,17069.00,213.00,630.00,16226.00,1204.0,70,14,0,0.1765
S08,2025-08-18,C02,16,0,16,8260.00,20.70,0.00,8239.30,514.96,60,16,0,0.0
S08,2025-08-19,C02,14,1,13,10933.00,53.00,1786.00,9094.00,836.92,67,13,0,0.0714
S08,2025-08-20,C02,16,1,15,8777.00,105.95,23.00,8648.05,578.07,66,15,0,0.0625
S08,2025-08-21,C02,20,1,18,17577.00,93.80,0.00,17483.20,971.29,93,18,0,0.05
S08,2025-08-22,C02,23,1,18,13049.00,27.80,403.00,12618.20,723.4,76,18,0,0.0435
S08,2025-08-23,C02,18,1,16,16853.00,111.70,84.00,16657.30,1046.33,82,16,0,0.0556
S08,2025-08-24,C02,20,3,15,11884.00,75.55,168.00,11640.45,787.23,66,15,0,0.15
S08,2025-08-25,C02,17,1,16,11758.00,47.80,0.00,11710.20,731.89,61,16,0,0.0588
S08,2025-08-26,C02,10,1,8,3789.00,0.00,279.00,3510.00,473.63,20,8,0,0.1
S08,2025-08-27,C02,17,1,14,15445.00,41.35,253.00,15150.65,1100.26,76,14,0,0.0588
S08,2025-08-28,C02,26,1,22,12880.00,0.00,0.00,12880.00,585.45,99,22,0,0.0385
S08,2025-08-29,C02,28,4,24,19016.00,26.00,0.00,18990.00,791.25,96,23,0,0.1429
S08,2025-08-30,C02,40,1,38,28460.00,192.35,2443.00,25824.65,743.89,139,37,0,0.025
S08,2025-08-31,C02,25,6,19,20347.00,44.75,2215.00,18087.25,1068.54,119,19,0,0.24
S08,2025-09-01,C02,14,0,14,9065.00,74.90,747.00,8243.10,642.15,48,14,0,0.0
S08,2025-09-02,C02,28,0,27,19894.00,605.15,2122.00,17166.85,714.4,122,27,0,0.0
S08,2025-09-03,C02,21,2,18,11864.00,465.40,383.00,11015.60,633.26,79,18,0,0.0952
S08,2025-09-04,C02,24,2,21,12510.00,98.60,0.00,12411.40,591.02,88,21,0,0.0833
S08,2025-09-05,C02,19,2,16,13724.00,8.40,702.00,13013.60,857.23,89,16,1,0.1053
S08,2025-09-06,C02,22,1,20,14338.00,242.00,0.00,14096.00,704.8,102,20,0,0.0455
S08,2025-09-07,C02,20,1,19,24523.00,182.50,0.00,24340.50,1281.08,123,19,0,0.05
S08,2025-09-08,C02,20,1,19,18012.00,84.45,78.00,17849.55,943.56,83,19,0,0.05
S08,2025-09-09,C02,13,1,8,7437.00,148.20,0.00,7288.80,911.1,31,8,0,0.0769
S08,2025-09-10,C02,17,1,16,10900.00,107.75,0.00,10792.25,674.52,67,16,0,0.0588
S08,2025-09-11,C02,29,2,25,16809.00,55.80,0.00,16753.20,670.13,96,24,0,0.069
S08,2025-09-12,C02,16,1,15,6861.00,28.20,0.00,6832.80,455.52,64,15,0,0.0625
S08,2025-09-13,C02,23,3,20,19279.00,0.00,0.00,19279.00,963.95,87,20,0,0.1304
S08,2025-09-14,C02,29,3,23,28038.00,354.30,0.00,27683.70,1203.64,149,22,1,0.1034
S08,2025-09-15,C02,22,4,18,9319.00,236.10,118.00,8964.90,504.61,51,18,0,0.1818
S08,2025-09-16,C02,21,1,20,14327.00,84.30,0.00,14242.70,712.14,85,20,0,0.0476
S08,2025-09-17,C02,14,2,12,10965.00,454.80,1565.00,8945.20,875.85,57,12,0,0.1429
S08,2025-09-18,C02,17,0,14,7874.00,8.60,0.00,7865.40,561.81,54,14,0,0.0
S08,2025-09-19,C02,20,1,18,14231.00,16.80,170.00,14044.20,789.68,77,18,0,0.05
S08,2025-09-20,C02,29,2,26,24227.00,0.00,303.00,23924.00,931.81,129,26,0,0.069
S08,2025-09-21,C02,32,3,29,24886.00,0.00,138.00,24748.00,858.14,130,29,0,0.0938
S08,2025-09-22,C02,16,0,15,9413.00,0.00,2895.00,6518.00,627.53,59,15,0,0.0
S08,2025-09-23,C02,15,0,14,4275.00,0.00,111.00,4164.00,305.36,39,14,0,0.0
S08,2025-09-24,C02,25,1,24,16424.00,0.00,0.00,16424.00,684.33,92,24,0,0.04
S08,2025-09-25,C02,27,2,22,17843.00,0.00,0.00,17843.00,811.05,113,22,0,0.0741
S08,2025-09-26,C02,21,1,18,13060.00,0.00,69.00,12991.00,725.56,64,18,0,0.0476
S08,2025-09-27,C02,26,1,24,19949.00,0.00,733.00,19216.00,831.21,103,24,0,0.0385
S08,2025-09-28,C02,29,5,22,16097.00,0.00,94.00,16003.00,731.68,88,22,0,0.1724
S08,2025-09-29,C02,22,1,19,14195.00,0.00,0.00,14195.00,747.11,79,18,0,0.0455
S08,2025-09-30,C02,11,0,11,7562.00,0.00,837.00,6725.00,687.45,57,11,0,0.0
S09,2025-04-01,C03,19,0,18,12434.00,0.00,0.00,12434.00,690.78,68,18,0,0.0
S09,2025-04-02,C03,14,0,14,11381.00,0.00,0.00,11381.00,812.93,54,14,0,0.0
S09,2025-04-03,C03,10,0,10,8439.00,0.00,200.00,8239.00,843.9,51,10,0,0.0
S09,2025-04-04,C03,24,2,21,13287.00,0.00,79.00,13208.00,632.71,85,21,0,0.0833
S09,2025-04-05,C03,17,1,15,18415.00,0.00,0.00,18415.00,1227.67,74,15,0,0.0588
S09,2025-04-06,C03,13,1,11,4463.00,4.20,966.00,3492.80,405.35,33,11,0,0.0769
S09,2025-04-07,C03,20,1,19,17050.00,0.00,0.00,17050.00,897.37,90,19,0,0.05
S09,2025-04-08,C03,15,4,10,9067.00,16.80,3327.00,5723.20,905.02,42,10,0,0.2667
S09,2025-04-09,C03,17,2,15,9187.00,40.40,0.00,9146.60,609.77,45,15,0,0.1176
S09,2025-04-10,C03,21,0,20,13057.00,188.40,1010.00,11858.60,643.43,71,19,0,0.0
S09,2025-04-11,C03,21,1,18,15282.00,145.70,24.00,15112.30,840.91,81,18,0,0.0476
S09,2025-04-12,C03,25,1,24,16651.00,55.80,0.00,16595.20,691.47,89,24,0,0.04
S09,2025-04-13,C03,16,1,14,13340.00,8.40,0.00,13331.60,952.26,71,14,0,0.0625
S09,2025-04-14,C03,10,1,7,2721.00,29.50,104.00,2587.50,384.5,24,7,0,0.1
S09,2025-04-15,C03,13,0,12,9304.00,311.20,0.00,8992.80,749.4,53,12,0,0.0
S09,2025-04-16,C03,15,0,14,6528.00,115.90,84.00,6328.10,458.01,37,14,0,0.0
S09,2025-04-17,C03,17,2,15,9223.00,182.10,33.60,9007.30,602.73,60,15,0,0.1176
S09,2025-04-18,C03,9,2,7,7015.00,34.00,1903.80,5077.20,997.29,43,7,0,0.2222
S09,2025-04-19,C03,20,1,17,16398.00,245.10,0.00,16152.90,950.17,83,17,0,0.05
S09,2025-04-20,C03,21,0,19,15690.00,142.50,0.00,15547.50,818.29,86,19,0,0.0
S09,2025-04-21,C03,20,1,18,13985.00,314.10,94.00,13576.90,759.49,66,17,0,0.05
S09,2025-04-22,C03,16,1,14,9259.00,0.00,47.00,9212.00,661.36,43,14,0,0.0625
S09,2025-04-23,C03,13,0,13,8475.00,319.00,42.00,8114.00,627.38,61,13,0,0.0
S09,2025-04-24,C03,13,0,13,10123.00,195.80,0.00,9927.20,763.63,67,13,0,0.0
S09,2025-04-25,C03,24,5,19,14476.00,608.90,0.00,13867.10,729.85,84,19,0,0.2083
S09,2025-04-26,C03,24,1,22,22550.00,158.30,106.00,22285.70,1017.8,114,22,0,0.0417
S09,2025-04-27,C03,16,0,14,20066.00,192.20,1491.20,18382.60,1419.56,102,14,0,0.0
S09,2025-04-28,C03,15,2,12,8946.00,76.50,0.00,8869.50,739.13,67,12,0,0.1333
S09,2025-04-29,C03,25,0,22,27398.00,137.75,248.00,27012.25,1239.1,117,22,0,0.0
S09,2025-04-30,C03,22,0,21,17226.00,124.90,0.00,17101.10,814.34,96,21,0,0.0
S09,2025-05-01,C03,14,0,14,9400.00,79.25,94.00,9226.75,665.77,58,14,0,0.0
S09,2025-05-02,C03,15,3,12,6460.00,63.60,59.00,6337.40,533.03,33,12,0,0.2
S09,2025-05-03,C03,30,1,26,26416.00,244.90,0.00,26171.10,1006.58,127,25,0,0.0333
S09,2025-05-04,C03,15,0,13,10977.00,12.60,0.00,10964.40,843.42,55,13,0,0.0
S09,2025-05-05,C03,9,2,7,8137.00,12.60,589.00,7535.40,1160.63,41,7,0,0.2222
S09,2025-05-06,C03,13,0,13,9684.00,8.80,0.00,9675.20,744.25,54,13,0,0.0
S09,2025-05-07,C03,15,0,15,11584.00,60.40,1756.00,9767.60,768.24,62,15,0,0.0
S09,2025-05-08,C03,18,1,15,12297.00,0.00,0.00,12297.00,819.8,67,15,0,0.0556
S09,2025-05-09,C03,17,3,14,8039.00,63.60,0.00,7975.40,569.67,53,14,0,0.1765
S09,2025-05-10,C03,21,1,20,15486.00,64.20,163.00,15258.80,771.09,88,20,0,0.0476
S09,2025-05-11,C03,21,3,17,10923.00,108.00,1555.00,9260.00,636.18,61,17,0,0.1429
S09,2025-05-12,C03,17,0,17,14374.00,0.00,238.00,14136.00,845.53,72,17,0,0.0
S09,2025-05-13,C03,13,2,10,7753.00,51.45,88.00,7613.55,770.16,48,10,0,0.1538
S09,2025-05-14,C03,16,0,16,13211.00,31.35,1109.00,12070.65,823.73,66,16,0,0.0
S09,2025-05-15,C03,17,1,16,12352.00,0.00,0.00,12352.00,772.0,68,16,0,0.0588
S09,2025-05-16,C03,18,0,16,11667.00,42.15,1323.40,10301.45,726.55,80,16,0,0.0
S09,2025-05-17,C03,25,1,23,23503.00,6.60,0.00,23496.40,1021.58,126,23,0,0.04
S09,2025-05-18,C03,24,0,24,28690.00,43.50,0.00,28646.50,1193.6,144,23,0,0.0
S09,2025-05-19,C03,9,0,9,7827.00,0.00,42.00,7785.00,869.67,53,9,1,0.0
S09,2025-05-20,C03,12,1,9,6064.00,0.00,0.00,6064.00,673.78,39,9,0,0.0833
S09,2025-05-21,C03,16,0,15,12497.00,0.00,169.00,12328.00,833.13,59,15,0,0.0
S09,2025-05-22,C03,12,1,11,44302.00,0.00,0.00,44302.00,4027.45,161,11,1,0.0833
S09,2025-05-23,C03,26,1,24,24871.00,6.85,118.00,24746.15,1036.01,129,24,0,0.0385
S09,2025-05-24,C03,24,1,21,19638.00,0.00,0.00,19638.00,935.14,104,21,0,0.0417
S09,2025-05-25,C03,22,1,19,23231.00,0.00,0.00,23231.00,1222.68,116,19,0,0.0455
S09,2025-05-26,C03,14,0,14,11693.00,0.00,0.00,11693.00,835.21,57,14,0,0.0
S09,2025-05-27,C03,21,3,18,11274.00,269.75,0.00,11004.25,611.35,75,17,0,0.1429
S09,2025-05-28,C03,11,0,10,9073.00,0.00,0.00,9073.00,907.3,47,10,0,0.0
S09,2025-05-29,C03,8,0,7,3497.00,109.75,0.00,3387.25,483.89,22,7,0,0.0
S09,2025-05-30,C03,13,1,11,10443.00,308.20,0.00,10134.80,921.35,53,11,0,0.0769
S09,2025-05-31,C03,17,0,15,11069.00,43.90,390.25,10634.85,735.01,53,15,0,0.0
S09,2025-06-01,C03,21,4,16,15920.00,272.15,41.00,15606.85,977.99,78,16,0,0.1905
S09,2025-06-02,C03,13,1,11,12643.00,73.60,0.00,12569.40,1142.67,53,11,0,0.0769
S09,2025-06-03,C03,16,1,13,7718.00,17.30,0.00,7700.70,592.36,52,13,0,0.0625
S09,2025-06-04,C03,11,0,11,11385.00,34.80,0.00,11350.20,1031.84,45,11,0,0.0
S09,2025-06-05,C03,18,1,17,12639.00,223.80,947.00,11468.20,730.31,61,17,0,0.0556
S09,2025-06-06,C03,15,3,11,7176.00,367.80,0.00,6808.20,618.93,49,11,0,0.2
S09,2025-06-07,C03,19,0,19,18779.00,326.15,953.00,17499.85,971.2,85,19,0,0.0
S09,2025-06-08,C03,19,2,17,13178.00,22.60,289.00,12866.40,773.85,80,17,0,0.1053
S09,2025-06-09,C03,20,3,17,12108.00,44.20,1053.80,11010.00,709.64,64,17,0,0.15
S09,2025-06-10,C03,12,1,9,11146.00,85.55,684.00,10376.45,1228.94,42,9,0,0.0833
S09,2025-06-11,C03,17,2,15,12834.00,172.25,0.00,12661.75,844.12,64,15,0,0.1176
S09,2025-06-12,C03,16,1,15,7288.00,78.20,0.00,7209.80,480.65,49,15,0,0.0625
S09,2025-06-13,C03,16,1,13,14170.00,70.65,84.00,14015.35,1084.57,68,13,0,0.0625
S09,2025-06-14,C03,21,0,20,18636.00,66.55,44.00,18525.45,928.47,96,20,0,0.0
S09,2025-06-15,C03,19,1,18,15059.00,96.50,0.00,14962.50,831.25,83,18,0,0.0526
S09,2025-06-16,C03,18,4,13,10173.00,0.00,1167.00,9006.00,782.54,53,13,0,0.2222
S09,2025-06-17,C03,14,1,11,6990.00,26.40,754.00,6209.60,633.05,41,11,0,0.0714
S09,2025-06-18,C03,21,0,19,14598.00,8.80,21.00,14568.20,767.85,83,19,0,0.0
S09,2025-06-19,C03,11,0,10,6551.00,17.60,0.00,6533.40,653.34,40,10,0,0.0
S09,2025-06-20,C03,13,1,11,9571.00,16.80,0.00,9554.20,868.56,52,11,0,0.0769
S09,2025-06-21,C03,12,0,12,8389.00,16.80,0.00,8372.20,697.68,48,12,0,0.0
S09,2025-06-22,C03,23,2,19,14626.00,37.80,684.00,13904.20,767.8,92,18,0,0.087
S09,2025-06-23,C03,23,5,18,7898.00,22.50,0.00,7875.50,437.53,55,18,0,0.2174
S09,2025-06-24,C03,17,0,14,8441.00,4.20,0.00,8436.80,602.63,41,14,0,0.0
S09,2025-06-25,C03,18,1,17,11935.00,45.80,170.00,11719.20,699.36,82,17,0,0.0556
S09,2025-06-26,C03,9,0,8,5872.00,22.00,1057.00,4793.00,731.25,40,8,0,0.0
S09,2025-06-27,C03,19,1,17,20485.00,128.80,0.00,20356.20,1197.42,92,17,0,0.0526
S09,2025-06-28,C03,24,1,22,19264.00,9.40,0.00,19254.60,875.21,114,21,0,0.0417
S09,2025-06-29,C03,11,0,11,9051.00,46.30,290.00,8714.70,818.61,51,11,0,0.0
S09,2025-06-30,C03,11,1,8,6380.00,0.00,0.00,6380.00,797.5,38,8,0,0.0909
S09,2025-07-01,C03,10,2,8,6476.00,0.00,700.00,5776.00,809.5,28,8,0,0.2
S09,2025-07-02,C03,13,1,11,5363.00,71.60,0.00,5291.40,481.04,34,10,0,0.0769
S09,2025-07-03,C03,18,1,15,11210.00,30.55,355.00,10824.45,745.3,62,15,0,0.0556
S09,2025-07-04,C03,17,0,16,9937.00,91.00,0.00,9846.00,615.38,72,16,0,0.0
S09,2025-07-05,C03,20,1,17,22298.00,92.95,44.00,22161.05,1306.18,99,17,0,0.05
S09,2025-07-06,C03,23,1,21,21189.00,95.80,0.00,21093.20,1004.44,115,21,0,0.0435
S09,2025-07-07,C03,18,0,17,15754.00,123.55,0.00,15630.45,919.44,86,16,0,0.0
S09,2025-07-08,C03,10,0,10,6173.00,0.00,0.00,6173.00,617.3,40,10,0,0.0
S09,2025-07-09,C03,16,0,16,10764.00,131.25,0.00,10632.75,664.55,86,15,0,0.0
S09,2025-07-10,C03,17,0,17,14926.00,42.25,0.00,14883.75,875.51,64,16,0,0.0
S09,2025-07-11,C03,12,2,9,4909.00,12.60,0.00,4896.40,544.04,30,9,0,0.1667
S09,2025-07-12,C03,26,2,21,16062.00,20.10,478.00,15563.90,763.9,78,21,0,0.0769
S09,2025-07-13,C03,21,2,18,18180.00,21.40,869.00,17289.60,1008.81,111,18,0,0.0952
S09,2025-07-14,C03,20,0,19,18681.00,22.90,0.00,18658.10,982.01,95,19,0,0.0
S09,2025-07-15,C03,12,1,10,3743.00,0.00,289.00,3454.00,374.3,33,10,0,0.0833
S09,2025-07-16,C03,15,2,13,12668.00,21.50,452.00,12194.50,972.81,50,13,0,0.1333
S09,2025-07-17,C03,14,0,13,7133.00,10.50,0.00,7122.50,547.88,46,13,0,0.0
S09,2025-07-18,C03,21,2,19,17339.00,61.75,0.00,17277.25,909.33,78,19,0,0.0952
S09,2025-07-19,C03,23,4,18,17442.00,110.70,136.00,17195.30,962.85,89,18,0,0.1739
S09,2025-07-20,C03,22,2,19,16970.00,59.10,531.00,16379.90,890.05,92,19,0,0.0909
S09,2025-07-21,C03,11,2,9,11480.00,51.00,2796.00,8633.00,1269.89,52,9,0,0.1818
S09,2025-07-22,C03,15,2,13,11593.00,89.95,84.00,11419.05,884.85,77,13,0,0.1333
S09,2025-07-23,C03,13,2,11,9602.00,237.65,0.00,9364.35,851.3,38,11,0,0.1538
S09,2025-07-24,C03,14,1,13,10011.00,603.60,219.00,9188.40,723.65,57,13,0,0.0714
S09,2025-07-25,C03,18,0,18,12604.00,623.25,0.00,11980.75,665.6,74,18,0,0.0
S09,2025-07-26,C03,18,0,18,17961.00,339.85,0.00,17621.15,978.95,79,18,0,0.0
S09,2025-07-27,C03,17,0,16,23114.00,1008.60,0.00,22105.40,1381.59,97,16,0,0.0
S09,2025-07-28,C03,15,0,14,13017.00,102.00,0.00,12915.00,922.5,128,13,1,0.0
S09,2025-07-29,C03,15,0,15,10116.00,59.40,0.00,10056.60,670.44,68,15,0,0.0
S09,2025-07-30,C03,14,1,12,7387.00,33.90,0.00,7353.10,612.76,37,12,0,0.0714
S09,2025-07-31,C03,23,1,20,17110.00,364.70,179.00,16566.30,837.27,96,20,0,0.0435
S09,2025-08-01,C03,12,0,11,8042.00,387.30,0.00,7654.70,695.88,44,11,0,0.0
S09,2025-08-02,C03,17,0,17,21457.00,549.00,0.00,20908.00,1229.88,107,17,0,0.0
S09,2025-08-03,C03,21,2,19,15838.00,166.50,0.00,15671.50,824.82,82,19,0,0.0952
S09,2025-08-04,C03,16,1,15,11327.00,0.00,683.00,10644.00,755.13,64,15,0,0.0625
S09,2025-08-05,C03,9,0,9,9158.00,0.00,114.00,9044.00,1017.56,46,9,0,0.0
S09,2025-08-06,C03,18,2,16,10660.00,0.00,429.00,10231.00,666.25,56,16,0,0.1111
S09,2025-08-07,C03,16,1,15,8714.00,44.00,393.00,8277.00,578.0,50,15,0,0.0625
S09,2025-08-08,C03,21,2,17,11224.00,159.70,0.00,11064.30,650.84,84,17,0,0.0952
S09,2025-08-09,C03,22,4,17,18678.00,152.15,0.00,18525.85,1089.76,87,17,0,0.1818
S09,2025-08-10,C03,20,1,17,9866.00,84.50,0.00,9781.50,575.38,65,17,0,0.05
S09,2025-08-11,C03,9,0,9,12439.00,155.75,600.00,11683.25,1364.81,55,9,0,0.0
S09,2025-08-12,C03,14,1,13,10972.00,34.05,0.00,10937.95,841.38,55,13,0,0.0714
S09,2025-08-13,C03,18,2,15,12565.00,118.40,109.00,12337.60,829.77,68,15,0,0.1111
S09,2025-08-14,C03,24,1,22,17691.00,182.75,0.00,17508.25,795.83,96,22,0,0.0417
S09,2025-08-15,C03,14,0,14,13631.00,41.70,820.00,12769.30,970.66,73,14,0,0.0
S09,2025-08-16,C03,13,0,12,12182.00,42.50,193.00,11946.50,1011.63,76,11,0,0.0
S09,2025-08-17,C03,23,1,21,24847.00,246.40,42.00,24558.60,1171.46,123,21,0,0.0435
S09,2025-08-18,C03,12,1,11,5821.00,122.10,428.00,5270.90,518.08,41,10,0,0.0833
S09,2025-08-19,C03,10,1,9,10300.00,38.50,0.00,10261.50,1140.17,47,9,0,0.1
S09,2025-08-20,C03,13,0,13,9624.00,29.70,0.00,9594.30,738.02,70,13,1,0.0
S09,2025-08-21,C03,17,3,13,8323.00,93.45,0.00,8229.55,633.04,53,13,0,0.1765
S09,2025-08-22,C03,23,2,20,9867.00,63.75,0.00,9803.25,490.16,75,20,0,0.087
S09,2025-08-23,C03,21,0,21,19174.00,81.30,986.10,18106.60,909.18,92,21,0,0.0
S09,2025-08-24,C03,19,2,16,11547.00,108.10,348.00,11090.90,714.93,71,16,0,0.1053
S09,2025-08-25,C03,20,2,18,17019.00,176.60,0.00,16842.40,935.69,81,18,0,0.1
S09,2025-08-26,C03,16,1,14,15349.00,94.60,61.00,15193.40,1089.6,76,14,1,0.0625
S09,2025-08-27,C03,19,0,17,14275.00,70.40,766.00,13438.60,835.56,78,17,0,0.0
S09,2025-08-28,C03,27,1,26,23549.00,55.55,0.00,23493.45,903.59,135,26,0,0.037
S09,2025-08-29,C03,13,0,12,6942.00,8.40,0.00,6933.60,577.8,45,12,0,0.0
S09,2025-08-30,C03,19,0,19,17973.00,28.05,0.00,17944.95,944.47,108,19,0,0.0
S09,2025-08-31,C03,17,0,15,20556.00,11.50,1142.00,19402.50,1369.63,106,15,0,0.0
S09,2025-09-01,C03,18,0,17,18344.00,168.90,85.00,18090.10,1069.12,83,17,0,0.0
S09,2025-09-02,C03,17,0,16,15747.00,275.70,0.00,15471.30,966.96,84,16,0,0.0
S09,2025-09-03,C03,12,2,9,7176.00,0.00,44.00,7132.00,797.33,35,9,0,0.1667
S09,2025-09-04,C03,21,1,19,14556.00,432.60,0.00,14123.40,743.34,81,19,0,0.0476
S09,2025-09-05,C03,18,1,16,8927.00,274.30,42.00,8610.70,540.79,65,16,0,0.0556
S09,2025-09-06,C03,21,1,20,16959.00,351.30,0.00,16607.70,830.39,99,20,0,0.0476
S09,2025-09-07,C03,19,1,16,11469.00,539.30,2436.00,8493.70,683.11,65,16,0,0.0526
S09,2025-09-08,C03,16,1,15,18497.00,463.50,3441.00,14592.50,1202.23,75,14,0,0.0625
S09,2025-09-09,C03,10,1,9,5457.00,86.70,85.00,5285.30,596.7,35,9,0,0.1
S09,2025-09-10,C03,16,2,14,10102.00,235.50,0.00,9866.50,704.75,51,14,0,0.125
S09,2025-09-11,C03,14,1,13,15054.00,14.10,94.00,14945.90,1156.92,61,13,0,0.0714
S09,2025-09-12,C03,16,1,14,10609.00,42.30,687.00,9879.70,754.76,65,14,0,0.0625
S09,2025-09-13,C03,18,2,15,17985.00,0.00,91.00,17894.00,1199.0,76,15,0,0.1111
S09,2025-09-14,C03,7,0,7,6979.00,23.70,0.00,6955.30,993.61,31,7,0,0.0
S09,2025-09-15,C03,20,1,18,10977.00,223.10,861.00,9892.90,597.44,70,18,0,0.05
S09,2025-09-16,C03,14,0,12,5149.00,133.80,0.00,5015.20,417.93,31,12,0,0.0
S09,2025-09-17,C03,12,1,10,5255.00,141.30,0.00,5113.70,511.37,30,10,0,0.0833
S09,2025-09-18,C03,23,1,22,13249.00,8.60,0.00,13240.40,601.84,83,22,0,0.0435
S09,2025-09-19,C03,21,1,20,16179.00,34.00,0.00,16145.00,807.25,98,19,0,0.0476
S09,2025-09-20,C03,19,2,17,12298.00,0.00,129.00,12169.00,723.41,65,17,0,0.1053
S09,2025-09-21,C03,11,1,10,9706.00,0.00,469.00,9237.00,970.6,50,10,0,0.0909
S09,2025-09-22,C03,16,1,15,15949.00,0.00,0.00,15949.00,1063.27,80,15,0,0.0625
S09,2025-09-23,C03,8,2,5,2947.00,0.00,0.00,2947.00,589.4,19,5,0,0.25
S09,2025-09-24,C03,22,0,20,10849.00,0.00,578.00,10271.00,542.45,70,19,0,0.0
S09,2025-09-25,C03,23,1,21,25925.00,0.00,300.00,25625.00,1234.52,110,21,0,0.0435
S09,2025-09-26,C03,20,0,18,13172.00,0.00,0.00,13172.00,731.78,87,17,0,0.0
S09,2025-09-27,C03,17,1,15,16145.00,0.00,0.00,16145.00,1076.33,80,15,0,0.0588
S09,2025-09-28,C03,30,0,26,16150.00,0.00,0.00,16150.00,621.15,107,26,0,0.0
S09,2025-09-29,C03,14,1,12,5808.00,0.00,1115.00,4693.00,484.0,50,12,0,0.0714
S09,2025-09-30,C03,23,0,23,16677.00,0.00,139.00,16538.00,725.09,93,23,0,0.0
S10,2025-04-01,C03,13,1,11,7402.00,0.00,0.00,7402.00,672.91,45,11,0,0.0769
S10,2025-04-02,C03,14,1,12,3924.00,0.00,0.00,3924.00,327.0,32,11,0,0.0714
S10,2025-04-03,C03,15,3,11,11109.00,0.00,33.00,11076.00,1009.91,39,11,0,0.2
S10,2025-04-04,C03,18,1,17,10466.00,0.00,168.00,10298.00,615.65,72,17,0,0.0556
S10,2025-04-05,C03,14,1,12,15007.00,0.00,178.00,14829.00,1250.58,78,12,0,0.0714
S10,2025-04-06,C03,13,1,12,13673.00,230.20,0.00,13442.80,1120.23,69,12,0,0.0769
S10,2025-04-07,C03,9,1,7,8125.00,46.80,94.00,7984.20,1154.03,38,7,0,0.1111
S10,2025-04-08,C03,14,0,13,11120.00,115.00,0.00,11005.00,846.54,56,13,0,0.0
S10,2025-04-09,C03,13,0,13,10009.00,176.85,199.00,9633.15,756.32,50,13,0,0.0
S10,2025-04-10,C03,9,0,7,5482.00,14.10,84.00,5383.90,781.13,43,7,0,0.0
S10,2025-04-11,C03,16,0,15,14383.00,481.00,0.00,13902.00,926.8,79,15,0,0.0
S10,2025-04-12,C03,18,3,11,12871.00,8.40,44.00,12818.60,1169.33,46,11,0,0.1667
S10,2025-04-13,C03,11,0,11,9601.00,33.60,251.00,9316.40,869.76,53,10,0,0.0
S10,2025-04-14,C03,17,0,17,13463.00,199.50,0.00,13263.50,780.21,69,17,0,0.0
S10,2025-04-15,C03,12,0,11,8384.00,117.40,605.00,7661.60,751.51,48,11,0,0.0
S10,2025-04-16,C03,19,1,17,11577.00,403.70,469.00,10704.30,657.25,76,17,0,0.0526
S10,2025-04-17,C03,15,1,14,6273.00,13.10,0.00,6259.90,447.14,44,13,0,0.0667
S10,2025-04-18,C03,17,2,15,14735.00,712.20,722.00,13300.80,934.85,69,15,0,0.1176
S10,2025-04-19,C03,15,0,15,10557.00,170.00,0.00,10387.00,692.47,66,15,0,0.0
S10,2025-04-20,C03,18,1,17,16337.00,78.50,0.00,16258.50,956.38,74,17,0,0.0556
S10,2025-04-21,C03,17,3,13,13066.00,552.40,0.00,12513.60,962.58,68,13,0,0.1765
S10,2025-04-22,C03,15,0,15,13951.00,149.90,85.00,13716.10,920.07,66,15,0,0.0
S10,2025-04-23,C03,14,0,13,8792.00,459.50,598.00,7734.50,640.96,42,13,0,0.0
S10,2025-04-24,C03,17,0,17,14024.00,5.40,0.00,14018.60,824.62,81,16,0,0.0
S10,2025-04-25,C03,10,1,8,7353.00,69.50,502.00,6781.50,910.44,37,8,0,0.1
S10,2025-04-26,C03,15,2,12,11568.00,126.20,239.00,11202.80,953.48,60,12,0,0.1333
S10,2025-04-27,C03,10,2,7,13570.00,235.60,0.00,13334.40,1904.91,48,7,0,0.2
S10,2025-04-28,C03,8,0,8,10151.00,0.00,0.00,10151.00,1268.88,47,8,0,0.0
S10,2025-04-29,C03,14,3,11,8515.00,491.05,0.00,8023.95,729.45,49,11,0,0.2143
S10,2025-04-30,C03,14,0,14,8921.00,102.45,0.00,8818.55,629.9,65,14,0,0.0
S10,2025-05-01,C03,9,0,9,8833.00,46.95,0.00,8786.05,976.23,49,8,0,0.0
S10,2025-05-02,C03,13,0,13,11015.00,146.55,0.00,10868.45,836.03,62,13,0,0.0
S10,2025-05-03,C03,14,2,11,6724.00,12.60,0.00,6711.40,610.13,48,11,0,0.1429
S10,2025-05-04,C03,15,0,12,7294.00,25.20,38.00,7230.80,605.73,51,12,0,0.0
S10,2025-05-05,C03,6,0,5,3722.00,66.60,0.00,3655.40,731.08,25,5,0,0.0
S10,2025-05-06,C03,17,3,14,11751.00,91.20,0.00,11659.80,832.84,76,14,1,0.1765
S10,2025-05-07,C03,7,3,4,3129.00,0.00,0.00,3129.00,782.25,14,4,0,0.4286
S10,2025-05-08,C03,16,2,14,10008.00,63.00,0.00,9945.00,710.36,70,14,0,0.125
S10,2025-05-09,C03,14,1,12,8591.00,246.40,0.00,8344.60,695.38,60,12,0,0.0714
S10,2025-05-10,C03,15,3,11,11027.00,12.60,0.00,11014.40,1001.31,56,11,0,0.2
S10,2025-05-11,C03,10,0,10,5906.00,50.40,1554.00,4301.60,585.56,40,10,0,0.0
S10,2025-05-12,C03,17,1,16,12618.00,13.20,1844.00,10760.80,787.8,63,16,0,0.0588
S10,2025-05-13,C03,14,1,12,7874.00,12.30,581.00,7280.70,655.14,48,12,0,0.0714
S10,2025-05-14,C03,13,0,13,8011.00,0.00,327.00,7684.00,616.23,43,13,0,0.0
S10,2025-05-15,C03,19,0,19,13713.00,67.20,717.00,12928.80,718.2,80,19,0,0.0
S10,2025-05-16,C03,12,0,11,9297.00,13.20,0.00,9283.80,843.98,60,11,0,0.0
S10,2025-05-17,C03,12,1,11,7241.00,0.00,2367.00,4874.00,658.27,40,11,0,0.0833
S10,2025-05-18,C03,16,0,15,19359.00,0.00,413.00,18946.00,1290.6,73,14,0,0.0
S10,2025-05-19,C03,14,0,12,7527.00,60.15,578.00,6888.85,622.24,51,12,0,0.0
S10,2025-05-20,C03,14,0,14,13303.00,0.00,0.00,13303.00,950.21,62,14,0,0.0
S10,2025-05-21,C03,20,0,20,16771.00,0.00,687.00,16084.00,838.55,96,20,0,0.0
S10,2025-05-22,C03,8,1,7,6532.00,0.00,88.00,6444.00,933.14,30,7,0,0.125
S10,2025-05-23,C03,19,2,17,13922.00,0.00,127.00,13795.00,818.94,86,16,0,0.1053
S10,2025-05-24,C03,19,2,16,14522.00,0.00,0.00,14522.00,907.63,75,16,0,0.1053
S10,2025-05-25,C03,15,0,14,10639.00,0.00,0.00,10639.00,759.93,71,13,0,0.0
S10,2025-05-26,C03,8,0,8,3350.00,0.00,109.00,3241.00,418.75,25,8,0,0.0
S10,2025-05-27,C03,13,0,10,7784.00,22.25,0.00,7761.75,776.18,41,10,0,0.0
S10,2025-05-28,C03,8,1,6,3708.00,143.35,0.00,3564.65,594.11,25,6,0,0.125
S10,2025-05-29,C03,8,1,7,2614.00,4.80,0.00,2609.20,372.74,22,7,0,0.125
S10,2025-05-30,C03,20,2,18,11414.00,93.80,0.00,11320.20,628.9,62,18,0,0.1
S10,2025-05-31,C03,15,1,13,9990.00,231.70,0.00,9758.30,750.64,56,13,0,0.0667
S10,2025-06-01,C03,21,3,18,14450.00,235.25,0.00,14214.75,789.71,82,18,0,0.1429
S10,2025-06-02,C03,16,3,11,9114.00,19.10,0.00,9094.90,826.81,47,11,0,0.1875
S10,2025-06-03,C03,14,0,14,10487.00,78.90,0.00,10408.10,743.44,57,14,0,0.0
S10,2025-06-04,C03,14,1,13,6866.00,72.45,0.00,6793.55,522.58,41,13,0,0.0714
S10,2025-06-05,C03,11,0,10,12470.00,68.55,32.00,12369.45,1240.15,47,10,0,0.0
S10,2025-06-06,C03,9,1,8,2974.00,149.10,42.00,2782.90,353.11,22,8,0,0.1111
S10,2025-06-07,C03,13,1,12,13972.00,88.65,0.00,13883.35,1156.95,58,12,0,0.0769
S10,2025-06-08,C03,11,0,11,13107.00,53.85,57.60,12995.55,1186.65,64,11,0,0.0
S10,2025-06-09,C03,17,2,15,11465.00,35.40,459.00,10970.60,761.97,63,15,0,0.1176
S10,2025-06-10,C03,14,1,13,13074.00,59.25,222.00,12792.75,1001.13,73,13,0,0.0714
S10,2025-06-11,C03,7,0,7,6187.00,0.00,0.00,6187.00,883.86,34,7,0,0.0
S10,2025-06-12,C03,18,3,14,10451.00,91.75,38.00,10321.25,739.95,45,14,0,0.1667
S10,2025-06-13,C03,14,1,13,12256.00,165.30,0.00,12090.70,930.05,49,13,0,0.0714
S10,2025-06-14,C03,19,1,18,18233.00,113.10,0.00,18119.90,1006.66,80,17,0,0.0526
S10,2025-06-15,C03,17,0,16,13864.00,25.80,0.00,13838.20,864.89,77,16,0,0.0
S10,2025-06-16,C03,9,1,8,6344.00,26.40,234.00,6083.60,789.7,40,8,0,0.1111
S10,2025-06-17,C03,12,1,9,4769.00,17.60,0.00,4751.40,527.93,43,9,0,0.0833
S10,2025-06-18,C03,17,1,15,14347.00,26.00,469.00,13852.00,954.73,66,15,0,0.0588
S10,2025-06-19,C03,19,2,17,14880.00,20.20,0.00,14859.80,874.11,81,17,0,0.1053
S10,2025-06-20,C03,17,0,16,16003.00,8.80,0.00,15994.20,999.64,92,16,1,0.0
S10,2025-06-21,C03,24,2,21,15635.00,0.00,1051.00,14584.00,744.52,91,21,0,0.0833
S10,2025-06-22,C03,13,1,12,6731.00,0.00,282.00,6449.00,560.92,39,12,0,0.0769
S10,2025-06-23,C03,11,2,9,9342.00,8.40,129.00,9204.60,1037.07,42,9,0,0.1818
S10,2025-06-24,C03,9,0,8,6859.00,0.00,0.00,6859.00,857.38,41,8,0,0.0
S10,2025-06-25,C03,9,0,9,4736.00,18.30,0.00,4717.70,524.19,34,9,0,0.0
S10,2025-06-26,C03,13,1,11,5659.00,22.00,0.00,5637.00,512.45,37,11,0,0.0769
S10,2025-06-27,C03,13,1,12,13211.00,49.60,0.00,13161.40,1096.78,86,12,0,0.0769
S10,2025-06-28,C03,9,1,7,7826.00,39.70,0.00,7786.30,1112.33,41,7,0,0.1111
S10,2025-06-29,C03,10,0,9,4761.00,4.00,467.00,4290.00,528.56,40,9,0,0.0
S10,2025-06-30,C03,21,1,18,14019.00,71.10,190.00,13757.90,774.88,65,18,0,0.0476
S10,2025-07-01,C03,14,1,13,10307.00,39.70,0.00,10267.30,789.79,73,13,0,0.0714
S10,2025-07-02,C03,11,2,9,3454.00,0.00,0.00,3454.00,383.78,30,9,0,0.1818
S10,2025-07-03,C03,21,1,19,11837.00,27.95,0.00,11809.05,621.53,73,19,0,0.0476
S10,2025-07-04,C03,17,3,14,11514.00,28.00,0.00,11486.00,820.43,69,14,0,0.1765
S10,2025-07-05,C03,18,2,16,20752.00,57.75,1290.00,19404.25,1293.39,99,16,0,0.1111
S10,2025-07-06,C03,14,4,10,7673.00,58.25,308.00,7306.75,761.48,46,10,0,0.2857
S10,2025-07-07,C03,13,0,12,9305.00,59.75,523.00,8722.25,770.44,54,12,0,0.0
S10,2025-07-08,C03,12,0,12,7780.00,95.00,1955.00,5730.00,640.42,48,12,0,0.0
S10,2025-07-09,C03,16,2,13,11773.00,44.50,2658.00,9070.50,902.19,61,13,0,0.125
S10,2025-07-10,C03,17,2,15,10367.00,58.75,323.00,9985.25,687.22,81,15,0,0.1176
S10,2025-07-11,C03,11,1,8,3108.00,158.45,127.00,2822.55,368.69,29,8,0,0.0909
S10,2025-07-12,C03,13,0,13,12815.00,4.20,98.00,12712.80,985.45,59,13,0,0.0
S10,2025-07-13,C03,14,3,9,4767.00,8.40,0.00,4758.60,528.73,35,9,0,0.2143
S10,2025-07-14,C03,14,1,13,7662.00,0.00,79.00,7583.00,589.38,49,13,0,0.0714
S10,2025-07-15,C03,9,2,7,5569.00,4.20,0.00,5564.80,794.97,28,7,0,0.2222
S10,2025-07-16,C03,15,0,15,10317.00,73.50,0.00,10243.50,682.9,58,15,0,0.0
S10,2025-07-17,C03,12,0,12,11390.00,0.00,0.00,11390.00,949.17,60,12,0,0.0
S10,2025-07-18,C03,14,3,10,9304.00,31.50,158.00,9114.50,927.25,42,10,0,0.2143
S10,2025-07-19,C03,16,0,15,9206.00,47.70,0.00,9158.30,610.55,45,15,0,0.0
S10,2025-07-20,C03,12,1,11,9588.00,16.80,0.00,9571.20,870.11,54,11,0,0.0833
S10,2025-07-21,C03,15,0,14,9675.00,43.55,0.00,9631.45,687.96,46,14,0,0.0
S10,2025-07-22,C03,16,0,15,11049.00,70.10,119.00,10859.90,731.93,76,14,0,0.0
S10,2025-07-23,C03,8,0,8,7212.00,45.75,0.00,7166.25,895.78,47,7,0,0.0
S10,2025-07-24,C03,11,0,10,7103.00,57.30,0.00,7045.70,704.57,55,10,0,0.0
S10,2025-07-25,C03,17,3,14,8116.00,182.20,0.00,7933.80,566.7,61,14,0,0.1765
S10,2025-07-26,C03,27,1,26,25022.00,281.10,394.00,24346.90,951.57,160,26,0,0.037
S10,2025-07-27,C03,18,1,15,15797.00,436.20,0.00,15360.80,1024.05,77,15,0,0.0556
S10,2025-07-28,C03,25,3,22,14765.00,103.60,0.00,14661.40,666.43,90,22,0,0.12
S10,2025-07-29,C03,15,1,13,7678.00,36.60,600.00,7041.40,587.8,49,13,0,0.0667
S10,2025-07-30,C03,11,1,10,6748.00,191.70,0.00,6556.30,655.63,50,9,0,0.0909
S10,2025-07-31,C03,5,0,5,2283.00,51.00,358.00,1874.00,446.4,14,5,0,0.0
S10,2025-08-01,C03,12,1,8,8583.00,59.10,85.00,8438.90,1065.49,37,8,0,0.0833
S10,2025-08-02,C03,8,2,6,4678.00,116.70,0.00,4561.30,760.22,23,6,0,0.25
S10,2025-08-03,C03,10,0,10,8862.00,0.00,0.00,8862.00,886.2,49,10,0,0.0
S10,2025-08-04,C03,11,0,11,6484.00,0.00,0.00,6484.00,589.45,50,11,0,0.0
S10,2025-08-05,C03,15,1,14,7969.00,0.00,193.00,7776.00,569.21,47,14,0,0.0667
S10,2025-08-06,C03,8,1,6,1804.00,0.00,0.00,1804.00,300.67,17,6,0,0.125
S10,2025-08-07,C03,15,1,13,15241.00,11.00,0.00,15230.00,1171.54,76,13,0,0.0667
S10,2025-08-08,C03,13,1,12,6980.00,165.10,1142.00,5672.90,567.91,36,12,0,0.0769
S10,2025-08-09,C03,24,3,19,17930.00,416.40,0.00,17513.60,921.77,98,19,0,0.125
S10,2025-08-10,C03,28,1,22,15405.00,321.90,0.00,15083.10,685.6,84,22,0,0.0357
S10,2025-08-11,C03,17,1,14,12909.00,125.35,1416.00,11367.65,913.12,70,14,0,0.0588
S10,2025-08-12,C03,18,0,13,8650.00,70.45,669.00,7910.55,659.97,51,13,0,0.0
S10,2025-08-13,C03,13,2,10,4116.00,59.60,0.00,4056.40,405.64,33,10,0,0.1538
S10,2025-08-14,C03,15,1,14,6746.00,96.20,736.00,5913.80,474.99,45,14,0,0.0667
S10,2025-08-15,C03,15,1,14,7634.00,25.30,0.00,7608.70,543.48,51,14,0,0.0667
S10,2025-08-16,C03,21,0,18,16158.00,56.15,1263.00,14838.85,894.55,94,17,0,0.0
S10,2025-08-17,C03,15,0,15,10644.00,142.60,602.00,9899.40,700.09,67,15,0,0.0
S10,2025-08-18,C03,15,1,13,6805.00,100.35,40.00,6664.65,515.74,66,13,0,0.0667
S10,2025-08-19,C03,8,0,8,6333.00,38.60,578.00,5716.40,786.8,28,8,0,0.0
S10,2025-08-20,C03,22,2,18,15658.00,158.10,0.00,15499.90,861.11,80,18,0,0.0909
S10,2025-08-21,C03,11,0,11,7739.00,124.85,88.00,7526.15,692.2,60,11,0,0.0
S10,2025-08-22,C03,15,2,10,5152.00,15.90,1079.00,4057.10,513.61,37,10,0,0.1333
S10,2025-08-23,C03,22,3,19,17195.00,156.30,1423.50,15615.20,896.77,87,19,0,0.1364
S10,2025-08-24,C03,19,0,19,21735.00,235.05,126.00,21373.95,1131.58,89,19,0,0.0
S10,2025-08-25,C03,15,1,14,9862.00,20.50,468.00,9373.50,702.96,62,14,0,0.0667
S10,2025-08-26,C03,17,3,14,18761.00,7.00,0.00,18754.00,1339.57,81,14,0,0.1765
S10,2025-08-27,C03,15,0,13,7195.00,37.55,168.00,6989.45,550.57,42,13,0,0.0
S10,2025-08-28,C03,18,0,18,11593.00,45.60,0.00,11547.40,641.52,75,18,0,0.0
S10,2025-08-29,C03,19,3,16,11276.00,15.40,0.00,11260.60,703.79,64,16,0,0.1579
S10,2025-08-30,C03,17,1,15,18926.00,5.25,0.00,18920.75,1261.38,92,15,0,0.0588
S10,2025-08-31,C03,13,1,12,14523.00,38.25,3080.00,11404.75,1207.06,67,12,0,0.0769
S10,2025-09-01,C03,14,0,13,8497.00,37.20,0.00,8459.80,650.75,49,13,0,0.0
S10,2025-09-02,C03,8,0,8,8140.00,468.20,2388.00,5283.80,958.98,38,8,0,0.0
S10,2025-09-03,C03,12,1,9,7008.00,113.95,0.00,6894.05,766.01,36,9,0,0.0833
S10,2025-09-04,C03,11,2,7,3846.00,88.85,88.00,3669.15,536.74,24,7,0,0.1818
S10,2025-09-05,C03,17,3,14,14470.00,740.40,0.00,13729.60,980.69,69,14,0,0.1765
S10,2025-09-06,C03,28,3,22,12299.00,129.80,0.00,12169.20,553.15,79,21,0,0.1071
S10,2025-09-07,C03,8,1,6,6994.00,12.00,0.00,6982.00,1163.67,34,6,0,0.125
S10,2025-09-08,C03,17,0,17,9255.00,114.05,84.00,9056.95,537.7,75,17,0,0.0
S10,2025-09-09,C03,9,1,6,4663.00,415.50,85.00,4162.50,707.92,24,6,0,0.1111
S10,2025-09-10,C03,12,1,11,6495.00,14.10,489.00,5991.90,589.17,45,11,0,0.0833
S10,2025-09-11,C03,14,2,9,6098.00,0.00,0.00,6098.00,677.56,39,9,0,0.1429
S10,2025-09-12,C03,16,1,15,15206.00,211.05,0.00,14994.95,999.66,70,15,0,0.0625
S10,2025-09-13,C03,18,1,17,14817.00,0.00,0.00,14817.00,871.59,89,16,0,0.0556
S10,2025-09-14,C03,13,0,11,12380.00,692.40,0.00,11687.60,1062.51,58,11,0,0.0
S10,2025-09-15,C03,22,1,20,19521.00,820.00,0.00,18701.00,935.05,107,20,0,0.0455
S10,2025-09-16,C03,11,1,10,9746.00,926.40,489.00,8330.60,881.96,59,10,0,0.0909
S10,2025-09-17,C03,15,1,14,10110.00,269.10,2010.00,7830.90,702.92,67,13,0,0.0667
S10,2025-09-18,C03,17,4,13,14244.00,16.80,0.00,14227.20,1094.4,58,12,0,0.2353
S10,2025-09-19,C03,20,2,17,15638.00,8.40,44.00,15585.60,919.39,68,17,0,0.1
S10,2025-09-20,C03,14,0,14,14568.00,0.00,0.00,14568.00,1040.57,75,14,0,0.0
S10,2025-09-21,C03,10,0,10,11410.00,0.00,119.00,11291.00,1141.0,56,9,0,0.0
S10,2025-09-22,C03,13,2,11,8894.00,0.00,0.00,8894.00,808.55,48,11,0,0.1538
S10,2025-09-23,C03,9,1,8,4709.00,0.00,0.00,4709.00,588.63,36,8,0,0.1111
S10,2025-09-24,C03,16,0,14,12086.00,0.00,44.00,12042.00,863.29,70,14,0,0.0
S10,2025-09-25,C03,18,1,17,14586.00,0.00,0.00,14586.00,858.0,109,17,0,0.0556
S10,2025-09-26,C03,16,1,15,20348.00,0.00,0.00,20348.00,1356.53,77,15,0,0.0625
S10,2025-09-27,C03,11,0,11,11517.00,0.00,199.00,11318.00,1047.0,53,11,0,0.0
S10,2025-09-28,C03,16,0,15,28137.00,0.00,0.00,28137.00,1875.8,134,15,1,0.0
S10,2025-09-29,C03,13,1,11,6655.00,0.00,0.00,6655.00,605.0,40,11,0,0.0769
S10,2025-09-30,C03,9,0,9,8997.00,0.00,193.00,8804.00,999.67,48,9,0,0.0
S11,2025-04-01,C03,12,0,10,7034.00,0.00,0.00,7034.00,703.4,37,10,0,0.0
S11,2025-04-02,C03,20,1,19,11230.00,0.00,0.00,11230.00,591.05,72,19,0,0.05
S11,2025-04-03,C03,16,2,13,11024.00,0.00,1757.00,9267.00,848.0,65,13,0,0.125
S11,2025-04-04,C03,18,1,17,14667.00,0.00,440.00,14227.00,862.76,72,17,0,0.0556
S11,2025-04-05,C03,24,1,21,25895.00,0.00,238.00,25657.00,1233.1,119,21,0,0.0417
S11,2025-04-06,C03,25,1,24,25674.00,568.60,85.00,25020.40,1046.06,138,23,0,0.04
S11,2025-04-07,C03,16,2,13,8112.00,211.20,0.00,7900.80,607.75,56,13,0,0.125
S11,2025-04-08,C03,14,0,14,11405.00,107.40,0.00,11297.60,806.97,59,13,0,0.0
S11,2025-04-09,C03,27,4,23,19720.00,179.80,0.00,19540.20,849.57,103,23,0,0.1481
S11,2025-04-10,C03,16,0,16,14069.00,596.80,499.00,12973.20,842.01,74,16,0,0.0
S11,2025-04-11,C03,21,2,16,13986.00,242.35,0.00,13743.65,858.98,78,16,0,0.0952
S11,2025-04-12,C03,27,3,20,39508.00,100.00,0.00,39408.00,1970.4,165,20,1,0.1111
S11,2025-04-13,C03,14,2,12,9353.00,49.00,951.00,8353.00,775.33,45,12,0,0.1429
S11,2025-04-14,C03,19,2,16,11721.00,167.80,987.00,10566.20,722.08,62,16,0,0.1053
S11,2025-04-15,C03,16,1,15,13884.00,229.30,0.00,13654.70,910.31,65,15,0,0.0625
S11,2025-04-16,C03,14,0,13,8598.00,302.40,0.00,8295.60,638.12,53,13,0,0.0
S11,2025-04-17,C03,16,1,15,12123.00,692.40,387.00,11043.60,762.04,55,15,0,0.0625
S11,2025-04-18,C03,12,1,10,10310.00,478.40,42.00,9789.60,983.16,55,10,0,0.0833
S11,2025-04-19,C03,23,2,19,20291.00,215.40,662.00,19413.60,1056.61,106,19,0,0.087
S11,2025-04-20,C03,21,0,20,15355.00,563.20,0.00,14791.80,739.59,95,20,0,0.0
S11,2025-04-21,C03,15,1,13,12104.00,465.70,43.00,11595.30,895.25,59,13,0,0.0667
S11,2025-04-22,C03,13,0,12,13016.00,23.90,253.00,12739.10,1082.68,56,11,0,0.0
S11,2025-04-23,C03,20,3,17,8451.00,137.50,0.00,8313.50,489.03,69,17,0,0.15
S11,2025-04-24,C03,14,0,14,8400.00,75.80,518.00,7806.20,594.59,51,14,0,0.0
S11,2025-04-25,C03,16,0,16,6530.00,143.20,0.00,6386.80,399.18,43,16,0,0.0
S11,2025-04-26,C03,14,1,11,8840.00,63.20,0.00,8776.80,797.89,51,11,0,0.0714
S11,2025-04-27,C03,17,1,16,7792.00,174.50,1048.00,6569.50,476.09,54,15,0,0.0588
S11,2025-04-28,C03,11,0,11,6099.00,73.90,0.00,6025.10,547.74,42,11,0,0.0
S11,2025-04-29,C03,10,0,10,7359.00,63.00,0.00,7296.00,729.6,46,10,0,0.0
S11,2025-04-30,C03,16,0,15,11449.00,75.60,0.00,11373.40,758.23,69,14,0,0.0
S11,2025-05-01,C03,20,0,20,16093.00,0.00,0.00,16093.00,804.65,92,20,1,0.0
S11,2025-05-02,C03,18,1,16,10849.00,22.90,0.00,10826.10,676.63,61,16,0,0.0556
S11,2025-05-03,C03,29,2,26,23280.00,25.80,0.00,23254.20,894.39,134,26,0,0.069
S11,2025-05-04,C03,14,0,13,11374.00,12.60,447.00,10914.40,873.95,50,13,0,0.0
S11,2025-05-05,C03,13,1,11,4740.00,12.60,0.00,4727.40,429.76,33,11,0,0.0769
S11,2025-05-06,C03,16,3,13,19026.00,0.00,0.00,19026.00,1463.54,77,13,1,0.1875
S11,2025-05-07,C03,14,1,10,7025.00,8.80,34.00,6982.20,701.62,46,10,0,0.0714
S11,2025-05-08,C03,25,2,21,16652.00,73.70,0.00,16578.30,789.44,86,21,0,0.08
S11,2025-05-09,C03,19,1,17,6903.00,246.40,0.00,6656.60,391.56,49,17,0,0.0526
S11,2025-05-10,C03,27,1,26,25171.00,119.70,116.00,24935.30,963.51,139,25,0,0.037
S11,2025-05-11,C03,17,1,16,18163.00,63.00,303.00,17797.00,1131.25,84,16,0,0.0588
S11,2025-05-12,C03,16,4,12,6672.00,0.00,0.00,6672.00,556.0,43,12,0,0.25
S11,2025-05-13,C03,17,2,13,3740.00,30.75,621.00,3088.25,285.33,31,13,0,0.1176
S11,2025-05-14,C03,16,1,15,10321.00,19.80,589.00,9712.20,686.75,57,15,0,0.0625
S11,2025-05-15,C03,27,1,24,20300.00,19.80,320.00,19960.20,845.01,106,24,0,0.037
S11,2025-05-16,C03,23,2,21,17342.00,125.25,0.00,17216.75,819.85,92,20,0,0.087
S11,2025-05-17,C03,22,2,18,15123.00,46.95,0.00,15076.05,837.56,73,18,0,0.0909
S11,2025-05-18,C03,27,0,25,34919.00,6.60,0.00,34912.40,1396.5,155,25,0,0.0
S11,2025-05-19,C03,20,3,16,12214.00,17.40,1617.00,10579.60,762.29,82,15,0,0.15
S11,2025-05-20,C03,20,0,18,12456.00,6.60,539.00,11910.40,691.63,89,18,0,0.0
S11,2025-05-21,C03,14,3,11,4922.00,0.00,401.00,4521.00,447.45,42,11,0,0.2143
S11,2025-05-22,C03,11,0,10,8460.00,0.00,643.90,7816.10,846.0,52,10,0,0.0
S11,2025-05-23,C03,19,1,18,10501.00,0.00,764.00,9737.00,583.39,81,18,0,0.0526
S11,2025-05-24,C03,26,3,23,20090.00,0.00,0.00,20090.00,873.48,121,22,0,0.1154
S11,2025-05-25,C03,19,2,17,14925.00,0.00,433.00,14492.00,877.94,75,16,0,0.1053
S11,2025-05-26,C03,29,0,27,20642.00,37.50,299.00,20305.50,763.13,113,26,0,0.0
S11,2025-05-27,C03,14,2,12,10569.00,53.70,169.00,10346.30,876.28,52,12,0,0.1429
S11,2025-05-28,C03,18,1,17,11100.00,141.85,3148.00,7810.15,644.6,66,17,0,0.0556
S11,2025-05-29,C03,20,1,18,13645.00,103.95,264.00,13277.05,752.28,77,18,0,0.05
S11,2025-05-30,C03,19,0,19,9502.00,49.20,0.00,9452.80,497.52,57,19,0,0.0
S11,2025-05-31,C03,21,2,19,13111.00,466.30,279.00,12365.70,665.51,76,19,0,0.0952
S11,2025-06-01,C03,32,1,29,21863.00,152.80,0.00,21710.20,748.63,111,29,0,0.0313
S11,2025-06-02,C03,16,1,14,6403.00,291.95,148.00,5963.05,436.5,45,14,0,0.0625
S11,2025-06-03,C03,17,1,16,15770.00,47.90,0.00,15722.10,982.63,75,16,0,0.0588
S11,2025-06-04,C03,9,0,9,10433.00,180.95,705.00,9547.05,1139.12,45,8,0,0.0
S11,2025-06-05,C03,20,0,17,13269.00,104.10,0.00,13164.90,774.41,67,17,0,0.0
S11,2025-06-06,C03,26,2,23,25142.00,308.35,0.00,24833.65,1079.72,146,22,0,0.0769
S11,2025-06-07,C03,24,1,23,27752.00,192.95,1442.00,26117.05,1198.22,123,22,0,0.0417
S11,2025-06-08,C03,28,3,24,23119.00,134.90,0.00,22984.10,957.67,94,24,0,0.1071
S11,2025-06-09,C03,22,5,15,9619.00,15.80,2218.00,7385.20,640.21,58,15,0,0.2273
S11,2025-06-10,C03,18,0,18,14110.00,241.20,311.80,13557.00,770.49,86,18,0,0.0
S11,2025-06-11,C03,18,1,17,13023.00,165.10,0.00,12857.90,756.35,68,17,0,0.0556
S11,2025-06-12,C03,19,2,15,6570.00,51.60,0.00,6518.40,434.56,44,15,0,0.1053
S11,2025-06-13,C03,21,1,20,12336.00,119.00,996.00,11221.00,610.85,81,19,0,0.0476
S11,2025-06-14,C03,19,3,15,16703.00,160.00,103.00,16440.00,1102.87,70,15,0,0.1579
S11,2025-06-15,C03,22,3,19,18282.00,441.80,2841.00,14999.20,938.96,83,19,0,0.1364
S11,2025-06-16,C03,19,1,18,8886.00,47.60,3584.00,5254.40,491.02,61,18,0,0.0526
S11,2025-06-17,C03,16,1,14,11594.00,40.40,0.00,11553.60,825.26,73,14,0,0.0625
S11,2025-06-18,C03,12,0,12,7075.00,0.00,0.00,7075.00,589.58,43,12,0,0.0
S11,2025-06-19,C03,22,1,20,16475.00,20.10,0.00,16454.90,822.75,87,19,0,0.0455
S11,2025-06-20,C03,16,4,10,6103.00,26.80,0.00,6076.20,607.62,44,10,0,0.25
S11,2025-06-21,C03,21,3,17,10524.00,4.20,0.00,10519.80,618.81,58,17,0,0.1429
S11,2025-06-22,C03,19,2,17,15303.00,12.80,0.00,15290.20,899.42,74,17,0,0.1053
S11,2025-06-23,C03,17,1,15,13432.00,16.80,0.00,13415.20,894.35,70,15,0,0.0588
S11,2025-06-24,C03,19,1,17,10755.00,4.20,0.00,10750.80,632.4,76,17,0,0.0526
S11,2025-06-25,C03,19,0,19,15224.00,16.00,418.00,14790.00,800.42,90,19,0,0.0
S11,2025-06-26,C03,22,5,15,14781.00,49.20,0.00,14731.80,982.12,62,15,0,0.2273
S11,2025-06-27,C03,21,0,20,14604.00,13.00,0.00,14591.00,729.55,89,20,0,0.0
S11,2025-06-28,C03,22,1,20,15616.00,54.00,0.00,15562.00,778.1,88,20,0,0.0455
S11,2025-06-29,C03,11,0,11,9565.00,4.00,0.00,9561.00,869.18,53,11,0,0.0
S11,2025-06-30,C03,25,6,18,17616.00,119.80,0.00,17496.20,972.01,94,18,0,0.24
S11,2025-07-01,C03,22,1,20,16847.00,40.10,0.00,16806.90,840.35,112,20,0,0.0455
S11,2025-07-02,C03,18,2,16,12940.00,27.40,1119.00,11793.60,807.04,60,16,0,0.1111
S11,2025-07-03,C03,23,0,22,19714.00,49.40,32.00,19632.60,893.85,91,22,0,0.0
S11,2025-07-04,C03,23,3,19,16698.00,139.20,94.00,16464.80,871.52,104,19,0,0.1304
S11,2025-07-05,C03,13,0,13,10751.00,52.50,0.00,10698.50,822.96,67,13,0,0.0
S11,2025-07-06,C03,19,1,16,10838.00,62.10,0.00,10775.90,673.49,65,16,0,0.0526
S11,2025-07-07,C03,17,0,15,11492.00,28.70,1012.00,10451.30,764.22,59,15,0,0.0
S11,2025-07-08,C03,12,0,12,8107.00,128.20,0.00,7978.80,664.9,52,12,0,0.0
S11,2025-07-09,C03,23,2,21,13123.00,375.75,0.00,12747.25,607.01,78,21,0,0.087
S11,2025-07-10,C03,22,3,19,8553.00,218.00,0.00,8335.00,438.68,60,19,0,0.1364
S11,2025-07-11,C03,20,4,16,9018.00,88.95,0.00,8929.05,558.07,65,16,0,0.2
S11,2025-07-12,C03,21,1,17,18579.00,4.20,459.00,18115.80,1092.64,93,17,0,0.0476
S11,2025-07-13,C03,21,1,19,16561.00,4.40,0.00,16556.60,871.4,90,19,0,0.0476
S11,2025-07-14,C03,18,0,18,12609.00,37.60,0.00,12571.40,698.41,68,18,0,0.0
S11,2025-07-15,C03,24,1,21,13373.00,16.80,170.00,13186.20,636.01,79,21,0,0.0417
S11,2025-07-16,C03,28,1,27,24032.00,42.50,84.00,23905.50,888.5,112,26,0,0.0357
S11,2025-07-17,C03,15,0,13,10369.00,11.00,88.00,10270.00,796.77,56,13,0,0.0
S11,2025-07-18,C03,23,2,20,12393.00,59.90,0.00,12333.10,616.66,93,20,0,0.087
S11,2025-07-19,C03,23,2,19,46874.00,85.00,0.00,46789.00,2462.58,201,19,1,0.087
S11,2025-07-20,C03,27,2,22,18784.00,38.50,0.00,18745.50,852.07,93,22,0,0.0741
S11,2025-07-21,C03,27,2,24,19470.00,186.80,1960.00,17323.20,803.47,107,24,0,0.0741
S11,2025-07-22,C03,18,2,16,14413.00,343.50,0.00,14069.50,879.34,76,16,0,0.1111
S11,2025-07-23,C03,19,3,16,11221.00,827.40,1168.00,9225.60,649.6,67,16,0,0.1579
S11,2025-07-24,C03,23,2,17,8038.00,15.20,450.00,7572.80,471.93,67,16,0,0.087
S11,2025-07-25,C03,20,4,15,13298.00,25.70,1212.50,12059.80,884.82,67,14,0,0.2
S11,2025-07-26,C03,28,2,24,24189.00,466.50,383.00,23339.50,988.44,130,24,0,0.0714
S11,2025-07-27,C03,20,2,18,17384.00,210.95,44.00,17129.05,954.06,76,17,0,0.1
S11,2025-07-28,C03,22,1,19,15125.00,320.50,0.00,14804.50,779.18,86,18,0,0.0455
S11,2025-07-29,C03,21,2,19,18203.00,491.50,0.00,17711.50,932.18,99,19,1,0.0952
S11,2025-07-30,C03,28,2,24,17476.00,102.20,0.00,17373.80,723.91,102,24,0,0.0714
S11,2025-07-31,C03,27,2,24,19027.00,211.50,0.00,18815.50,783.98,103,24,0,0.0741
S11,2025-08-01,C03,20,1,18,11100.00,196.20,0.00,10903.80,605.77,75,18,0,0.05
S11,2025-08-02,C03,19,1,18,15638.00,0.00,0.00,15638.00,868.78,66,18,0,0.0526
S11,2025-08-03,C03,21,0,20,14707.00,496.80,0.00,14210.20,710.51,79,20,0,0.0
S11,2025-08-04,C03,23,1,22,17749.00,0.00,0.00,17749.00,806.77,98,21,0,0.0435
S11,2025-08-05,C03,15,1,14,6209.00,0.00,42.00,6167.00,443.5,48,14,0,0.0667
S11,2025-08-06,C03,16,3,13,7413.00,0.00,0.00,7413.00,570.23,50,13,0,0.1875
S11,2025-08-07,C03,26,3,23,44902.00,22.00,80.00,44800.00,1951.3,173,22,2,0.1154
S11,2025-08-08,C03,24,1,22,16379.00,300.55,473.00,15605.45,730.84,96,21,0,0.0417
S11,2025-08-09,C03,20,2,17,15571.00,122.30,59.00,15389.70,908.75,83,17,0,0.1
S11,2025-08-10,C03,21,2,19,13632.00,515.85,704.80,12411.35,690.32,83,19,0,0.0952
S11,2025-08-11,C03,21,2,17,12681.00,157.55,2474.00,10049.45,736.67,68,17,0,0.0952
S11,2025-08-12,C03,35,5,29,22909.00,271.70,45.00,22592.30,780.6,120,29,0,0.1429
S11,2025-08-13,C03,23,2,20,17787.00,558.15,0.00,17228.85,861.44,93,20,0,0.087
S11,2025-08-14,C03,14,1,11,8257.00,179.10,282.00,7795.90,734.35,48,11,0,0.0714
S11,2025-08-15,C03,21,3,16,12790.00,88.75,121.00,12580.25,793.83,75,16,0,0.1429
S11,2025-08-16,C03,18,0,18,15501.00,70.25,42.00,15388.75,857.26,102,18,0,0.0
S11,2025-08-17,C03,22,4,15,14670.00,16.90,0.00,14653.10,976.87,61,15,0,0.1818
S11,2025-08-18,C03,18,0,17,21487.00,337.10,0.00,21149.90,1244.11,95,17,1,0.0
S11,2025-08-19,C03,21,2,19,12116.00,105.35,397.00,11613.65,632.14,64,19,0,0.0952
S11,2025-08-20,C03,19,2,16,15270.00,144.75,0.00,15125.25,945.33,83,16,0,0.1053
S11,2025-08-21,C03,21,1,19,12916.00,203.95,27.00,12685.05,669.06,71,19,0,0.0476
S11,2025-08-22,C03,25,0,22,16152.00,31.50,2736.00,13384.50,732.75,100,22,0,0.0
S11,2025-08-23,C03,27,1,26,34915.00,144.90,0.00,34770.10,1337.31,157,26,0,0.037
S11,2025-08-24,C03,25,1,23,25311.00,361.60,350.20,24599.20,1084.76,117,23,0,0.04
S11,2025-08-25,C03,21,1,19,12797.00,37.95,187.00,12572.05,671.53,82,19,0,0.0476
S11,2025-08-26,C03,18,0,18,20267.00,40.80,0.00,20226.20,1123.68,97,18,0,0.0
S11,2025-08-27,C03,15,1,13,9599.00,4.70,2999.00,6595.30,738.02,58,13,0,0.0667
S11,2025-08-28,C03,19,1,18,16027.00,39.60,244.00,15743.40,888.19,93,18,0,0.0526
S11,2025-08-29,C03,25,0,23,14144.00,92.00,0.00,14052.00,610.96,93,22,0,0.0
S11,2025-08-30,C03,31,1,29,25782.00,99.80,245.00,25437.20,885.59,132,28,0,0.0323
S11,2025-08-31,C03,27,3,24,19058.00,131.10,85.00,18841.90,788.62,113,24,0,0.1111
S11,2025-09-01,C03,17,2,15,13748.00,417.95,0.00,13330.05,888.67,77,15,0,0.1176
S11,2025-09-02,C03,18,0,17,11969.00,295.95,1145.45,10527.60,686.65,82,16,0,0.0
S11,2025-09-03,C03,22,1,19,9292.00,65.20,59.00,9167.80,485.62,61,19,0,0.0455
S11,2025-09-04,C03,15,1,12,6203.00,89.00,0.00,6114.00,509.5,44,12,0,0.0667
S11,2025-09-05,C03,21,3,16,9318.00,137.80,199.00,8981.20,573.76,56,16,0,0.1429
S11,2025-09-06,C03,20,1,16,20969.00,39.60,0.00,20929.40,1308.09,91,16,0,0.05
S11,2025-09-07,C03,24,1,21,17744.00,401.70,4502.00,12840.30,825.82,101,21,0,0.0417
S11,2025-09-08,C03,19,2,17,8759.00,236.40,137.00,8385.60,501.33,62,17,0,0.1053
S11,2025-09-09,C03,24,1,23,18236.00,640.10,79.00,17516.90,765.04,114,21,0,0.0417
S11,2025-09-10,C03,11,1,10,12102.00,0.00,0.00,12102.00,1210.2,46,10,0,0.0909
S11,2025-09-11,C03,26,2,20,12843.00,20.10,516.00,12306.90,641.15,70,20,0,0.0769
S11,2025-09-12,C03,21,3,18,31602.00,0.00,0.00,31602.00,1755.67,138,17,1,0.1429
S11,2025-09-13,C03,36,1,33,45804.00,0.00,1149.00,44655.00,1388.0,277,32,1,0.0278
S11,2025-09-14,C03,29,2,27,25205.00,612.30,417.00,24175.70,910.84,125,27,0,0.069
S11,2025-09-15,C03,21,1,20,15416.00,711.90,0.00,14704.10,735.21,98,19,0,0.0476
S11,2025-09-16,C03,20,1,16,13040.00,492.00,0.00,12548.00,784.25,66,16,0,0.05
S11,2025-09-17,C03,18,2,15,11912.00,0.00,42.00,11870.00,794.13,55,15,0,0.1111
S11,2025-09-18,C03,20,1,18,11327.00,21.00,2498.30,8807.70,628.11,58,18,0,0.05
S11,2025-09-19,C03,23,3,18,20253.00,8.40,0.00,20244.60,1124.7,102,18,0,0.1304
S11,2025-09-20,C03,20,3,17,18590.00,0.00,0.00,18590.00,1093.53,95,17,0,0.15
S11,2025-09-21,C03,13,1,12,8633.00,0.00,38.00,8595.00,719.42,53,12,0,0.0769
S11,2025-09-22,C03,18,3,14,10454.00,0.00,234.00,10220.00,746.71,59,14,0,0.1667
S11,2025-09-23,C03,26,0,25,21376.00,0.00,0.00,21376.00,855.04,123,25,0,0.0
S11,2025-09-24,C03,17,2,14,8033.00,0.00,0.00,8033.00,573.79,46,14,0,0.1176
S11,2025-09-25,C03,19,0,19,14776.00,0.00,1876.00,12900.00,777.68,79,19,0,0.0
S11,2025-09-26,C03,22,0,20,16960.00,0.00,0.00,16960.00,848.0,93,20,0,0.0
S11,2025-09-27,C03,17,2,15,17016.00,0.00,864.00,16152.00,1134.4,83,15,0,0.1176
S11,2025-09-28,C03,28,2,25,25805.00,0.00,545.00,25260.00,1032.2,141,25,0,0.0714
S11,2025-09-29,C03,14,1,12,18398.00,0.00,0.00,18398.00,1533.17,124,11,1,0.0714
S11,2025-09-30,C03,19,2,16,14627.00,0.00,497.00,14130.00,914.19,74,15,0,0.1053
S12,2025-04-01,C03,10,1,8,5048.00,0.00,0.00,5048.00,631.0,39,8,0,0.1
S12,2025-04-02,C03,13,1,10,3342.00,0.00,0.00,3342.00,334.2,34,10,0,0.0769
S12,2025-04-03,C03,18,2,14,10704.00,0.00,322.00,10382.00,764.57,74,14,0,0.1111
S12,2025-04-04,C03,13,0,10,4452.00,0.00,0.00,4452.00,445.2,32,10,0,0.0
S12,2025-04-05,C03,16,1,15,11804.00,0.00,169.00,11635.00,786.93,64,15,0,0.0625
S12,2025-04-06,C03,18,1,17,15738.00,200.40,0.00,15537.60,913.98,69,16,0,0.0556
S12,2025-04-07,C03,8,0,7,4973.00,51.00,864.00,4058.00,703.14,30,7,0,0.0
S12,2025-04-08,C03,15,0,14,13076.00,51.00,0.00,13025.00,930.36,59,14,0,0.0
S12,2025-04-09,C03,7,0,7,6121.00,283.05,482.00,5355.95,833.99,30,7,0,0.0
S12,2025-04-10,C03,12,3,9,4972.00,0.00,0.00,4972.00,552.44,29,9,0,0.25
S12,2025-04-11,C03,18,0,18,16597.00,68.00,0.00,16529.00,918.28,83,18,0,0.0
S12,2025-04-12,C03,20,0,19,11633.00,60.00,229.00,11344.00,609.11,80,19,0,0.0
S12,2025-04-13,C03,17,1,15,15123.00,0.00,0.00,15123.00,1008.2,91,15,0,0.0588
S12,2025-04-14,C03,14,1,12,6244.00,100.00,0.00,6144.00,512.0,47,12,0,0.0714
S12,2025-04-15,C03,6,0,6,3186.00,67.20,0.00,3118.80,519.8,24,6,0,0.0
S12,2025-04-16,C03,16,0,15,13432.00,157.90,117.00,13157.10,884.94,59,15,0,0.0
S12,2025-04-17,C03,10,0,10,8245.00,440.70,0.00,7804.30,780.43,47,10,0,0.0
S12,2025-04-18,C03,15,4,10,7240.00,370.20,0.00,6869.80,686.98,45,10,0,0.2667
S12,2025-04-19,C03,18,1,17,14969.00,565.90,18.00,14385.10,847.24,76,17,0,0.0556
S12,2025-04-20,C03,13,1,12,12322.00,329.40,219.00,11773.60,999.38,63,12,0,0.0769
S12,2025-04-21,C03,8,0,7,7443.00,294.00,0.00,7149.00,1021.29,34,7,0,0.0
S12,2025-04-22,C03,9,0,9,7664.00,248.70,0.00,7415.30,823.92,49,8,0,0.0
S12,2025-04-23,C03,13,0,11,8560.00,288.80,0.00,8271.20,751.93,57,11,0,0.0
S12,2025-04-24,C03,12,3,9,5230.00,117.60,0.00,5112.40,568.04,33,9,0,0.25
S12,2025-04-25,C03,16,1,14,17071.00,0.00,0.00,17071.00,1219.36,65,14,0,0.0625
S12,2025-04-26,C03,14,1,13,8377.00,189.70,0.00,8187.30,629.79,40,13,0,0.0714
S12,2025-04-27,C03,12,0,10,13411.00,278.05,0.00,13132.95,1313.3,65,10,0,0.0
S12,2025-04-28,C03,6,0,6,3621.00,153.05,0.00,3467.95,577.99,18,6,0,0.0
S12,2025-04-29,C03,18,0,18,14680.00,128.90,0.00,14551.10,808.39,68,17,0,0.0
S12,2025-04-30,C03,10,0,10,5444.00,25.50,0.00,5418.50,541.85,33,10,0,0.0
S12,2025-05-01,C03,13,0,12,6283.00,0.00,279.00,6004.00,523.58,37,12,0,0.0
S12,2025-05-02,C03,16,3,13,10534.00,49.25,0.00,10484.75,806.52,51,13,0,0.1875
S12,2025-05-03,C03,16,1,15,16070.00,64.65,0.00,16005.35,1067.02,73,15,0,0.0625
S12,2025-05-04,C03,16,1,15,10422.00,84.75,158.00,10179.25,689.15,67,15,0,0.0625
S12,2025-05-05,C03,16,2,13,9271.00,25.20,79.00,9166.80,711.22,49,13,0,0.125
S12,2025-05-06,C03,21,3,18,16495.00,28.20,38.00,16428.80,914.82,74,18,0,0.1429
S12,2025-05-07,C03,17,0,16,14064.00,103.10,0.00,13960.90,872.56,78,16,0,0.0
S12,2025-05-08,C03,11,0,11,7775.00,37.80,524.00,7213.20,703.38,48,11,0,0.0
S12,2025-05-09,C03,20,1,17,10835.00,50.40,0.00,10784.60,634.39,64,17,0,0.05
S12,2025-05-10,C03,7,0,6,3867.00,12.60,0.00,3854.40,642.4,25,6,0,0.0
S12,2025-05-11,C03,16,2,13,12689.00,12.60,0.00,12676.40,975.11,60,13,0,0.125
S12,2025-05-12,C03,14,0,14,11924.00,6.60,0.00,11917.40,851.24,65,14,0,0.0
S12,2025-05-13,C03,18,1,17,15250.00,43.50,398.00,14808.50,894.5,82,17,0,0.0556
S12,2025-05-14,C03,12,0,12,6504.00,6.60,274.00,6223.40,541.45,53,12,0,0.0
S12,2025-05-15,C03,15,0,14,10586.00,0.00,84.00,10502.00,756.14,55,14,0,0.0
S12,2025-05-16,C03,22,1,20,9826.00,13.20,258.00,9554.80,490.64,81,20,0,0.0455
S12,2025-05-17,C03,24,1,23,18361.00,73.35,0.00,18287.65,795.12,118,23,0,0.0417
S12,2025-05-18,C03,11,1,10,8926.00,0.00,0.00,8926.00,892.6,51,10,0,0.0909
S12,2025-05-19,C03,6,1,5,2479.00,0.00,0.00,2479.00,495.8,22,5,0,0.1667
S12,2025-05-20,C03,10,0,10,4741.00,0.00,0.00,4741.00,474.1,34,10,0,0.0
S12,2025-05-21,C03,21,2,19,14131.00,0.00,0.00,14131.00,743.74,70,19,0,0.0952
S12,2025-05-22,C03,12,0,11,6931.00,0.00,0.00,6931.00,630.09,51,11,0,0.0
S12,2025-05-23,C03,15,0,15,7901.00,0.00,299.00,7602.00,526.73,47,14,0,0.0
S12,2025-05-24,C03,16,2,14,12981.00,0.00,0.00,12981.00,927.21,57,13,0,0.125
S12,2025-05-25,C03,18,4,14,22707.00,0.00,183.00,22524.00,1621.93,95,14,0,0.2222
S12,2025-05-26,C03,17,2,14,11577.00,218.25,0.00,11358.75,811.34,66,14,0,0.1176
S12,2025-05-27,C03,9,0,8,3970.00,24.50,0.00,3945.50,493.19,30,7,0,0.0
S12,2025-05-28,C03,9,0,7,2559.00,79.00,0.00,2480.00,354.29,26,7,0,0.0
S12,2025-05-29,C03,14,0,11,7216.00,361.55,170.00,6684.45,623.13,60,11,0,0.0
S12,2025-05-30,C03,15,1,14,6463.00,145.90,0.00,6317.10,451.22,49,14,0,0.0667
S12,2025-05-31,C03,14,1,13,11069.00,73.25,0.00,10995.75,845.83,68,13,0,0.0714
S12,2025-06-01,C03,19,0,19,15128.00,190.65,0.00,14937.35,786.18,87,18,0,0.0
S12,2025-06-02,C03,10,1,8,7592.00,52.00,219.00,7321.00,942.5,40,8,0,0.1
S12,2025-06-03,C03,17,3,12,14689.00,223.70,0.00,14465.30,1205.44,57,12,0,0.1765
S12,2025-06-04,C03,23,0,22,26483.00,558.35,0.00,25924.65,1178.39,115,20,0,0.0
S12,2025-06-05,C03,10,0,8,11266.00,308.55,0.00,10957.45,1369.68,43,8,0,0.0
S12,2025-06-06,C03,16,1,15,7495.00,17.55,0.00,7477.45,498.5,53,15,0,0.0625
S12,2025-06-07,C03,21,1,20,25603.00,74.05,0.00,25528.95,1276.45,121,19,0,0.0476
S12,2025-06-08,C03,11,1,10,11703.00,16.80,0.00,11686.20,1168.62,51,10,0,0.0909
S12,2025-06-09,C03,10,0,10,6783.00,33.60,0.00,6749.40,674.94,41,10,0,0.0
S12,2025-06-10,C03,17,1,16,14696.00,52.80,0.00,14643.20,915.2,68,16,0,0.0588
S12,2025-06-11,C03,23,1,21,11517.00,60.40,945.00,10511.60,545.55,71,20,0,0.0435
S12,2025-06-12,C03,18,0,18,13343.00,50.40,0.00,13292.60,738.48,96,18,0,0.0
S12,2025-06-13,C03,16,0,15,13929.00,286.80,0.00,13642.20,909.48,73,15,0,0.0
S12,2025-06-14,C03,12,1,9,7083.00,26.40,0.00,7056.60,784.07,40,9,0,0.0833
S12,2025-06-15,C03,19,0,18,15945.00,242.20,0.00,15702.80,872.38,77,18,0,0.0
S12,2025-06-16,C03,13,0,12,15232.00,8.80,0.00,15223.20,1268.6,66,11,0,0.0
S12,2025-06-17,C03,18,1,15,10345.00,8.80,0.00,10336.20,689.08,56,15,0,0.0556
S12,2025-06-18,C03,9,0,8,7706.00,12.20,0.00,7693.80,961.73,38,8,0,0.0
S12,2025-06-19,C03,16,0,14,13886.00,13.40,0.00,13872.60,990.9,65,14,0,0.0
S12,2025-06-20,C03,15,2,12,9958.00,6.10,0.00,9951.90,829.33,51,12,0,0.1333
S12,2025-06-21,C03,14,0,13,13762.00,8.40,0.00,13753.60,1057.97,74,13,0,0.0
S12,2025-06-22,C03,23,3,19,21937.00,0.00,0.00,21937.00,1154.58,102,19,0,0.1304
S12,2025-06-23,C03,12,1,11,13037.00,30.20,408.00,12598.80,1182.44,63,11,0,0.0833
S12,2025-06-24,C03,16,1,13,9563.00,4.20,170.00,9388.80,735.29,55,13,0,0.0625
S12,2025-06-25,C03,19,2,16,8265.00,12.60,0.00,8252.40,515.78,64,16,0,0.1053
S12,2025-06-26,C03,14,0,14,9518.00,11.20,0.00,9506.80,679.06,58,14,0,0.0
S12,2025-06-27,C03,19,1,17,7730.00,34.00,488.00,7208.00,452.71,58,17,0,0.0526
S12,2025-06-28,C03,20,0,19,13520.00,64.80,0.00,13455.20,708.17,81,18,0,0.0
S12,2025-06-29,C03,13,1,12,9998.00,0.00,0.00,9998.00,833.17,51,12,0,0.0769
S12,2025-06-30,C03,16,0,16,9956.00,20.40,170.00,9765.60,620.98,56,16,0,0.0
S12,2025-07-01,C03,20,1,18,8633.00,139.90,117.00,8376.10,471.84,67,18,0,0.05
S12,2025-07-02,C03,18,0,18,11037.00,46.90,296.00,10694.10,610.56,72,18,0,0.0
S12,2025-07-03,C03,8,0,8,4224.00,6.70,0.00,4217.30,527.16,24,8,0,0.0
S12,2025-07-04,C03,16,1,15,8760.00,78.40,0.00,8681.60,578.77,53,15,0,0.0625
S12,2025-07-05,C03,12,0,12,9622.00,47.35,0.00,9574.65,797.89,58,12,0,0.0
S12,2025-07-06,C03,15,1,14,13556.00,105.80,56.00,13394.20,960.73,69,14,0,0.0667
S12,2025-07-07,C03,16,2,14,9335.00,20.20,0.00,9314.80,665.34,59,14,0,0.125
S12,2025-07-08,C03,14,0,13,13339.00,264.25,0.00,13074.75,1005.75,69,13,0,0.0
S12,2025-07-09,C03,13,2,10,6762.00,224.50,294.00,6243.50,653.75,33,10,0,0.1538
S12,2025-07-10,C03,15,0,15,12663.00,64.50,0.00,12598.50,839.9,61,15,0,0.0
S12,2025-07-11,C03,18,2,16,11487.00,309.25,777.00,10400.75,698.61,69,16,0,0.1111
S12,2025-07-12,C03,19,2,16,8934.00,8.40,299.00,8626.60,557.85,60,16,0,0.1053
S12,2025-07-13,C03,20,0,19,14444.00,0.00,951.00,13493.00,760.21,92,18,0,0.0
S12,2025-07-14,C03,19,0,18,14551.00,16.20,398.00,14136.80,807.49,81,18,0,0.0
S12,2025-07-15,C03,12,2,10,11673.00,4.20,0.00,11668.80,1166.88,50,10,0,0.1667
S12,2025-07-16,C03,9,0,9,4702.00,116.50,88.00,4497.50,509.5,35,9,0,0.0
S12,2025-07-17,C03,20,1,17,17454.00,21.00,0.00,17433.00,1025.47,82,17,0,0.05
S12,2025-07-18,C03,10,0,9,6810.00,20.95,2169.50,4619.55,754.34,37,9,0,0.0
S12,2025-07-19,C03,13,0,13,9678.00,37.00,0.00,9641.00,741.62,60,13,0,0.0
S12,2025-07-20,C03,14,2,12,10413.00,42.00,0.00,10371.00,864.25,57,12,0,0.1429
S12,2025-07-21,C03,13,0,13,10650.00,57.15,0.00,10592.85,814.83,61,12,0,0.0
S12,2025-07-22,C03,18,0,17,14772.00,90.50,1708.00,12973.50,863.62,68,17,0,0.0
S12,2025-07-23,C03,14,1,12,11194.00,228.10,0.00,10965.90,913.83,75,12,0,0.0714
S12,2025-07-24,C03,8,0,8,6579.00,178.75,677.00,5723.25,800.03,37,8,0,0.0
S12,2025-07-25,C03,13,1,11,7899.00,27.60,118.00,7753.40,715.58,46,11,0,0.0769
S12,2025-07-26,C03,10,0,10,10212.00,28.45,0.00,10183.55,1018.36,47,10,0,0.0
S12,2025-07-27,C03,26,1,23,18997.00,82.95,1154.50,17759.55,822.35,99,23,0,0.0385
S12,2025-07-28,C03,19,2,15,13586.00,75.60,0.00,13510.40,900.69,80,15,0,0.1053
S12,2025-07-29,C03,6,0,5,3323.00,51.00,0.00,3272.00,654.4,22,5,0,0.0
S12,2025-07-30,C03,18,1,17,12972.00,59.10,0.00,12912.90,759.58,78,17,0,0.0556
S12,2025-07-31,C03,7,0,7,3808.00,51.10,0.00,3756.90,536.7,26,7,0,0.0
S12,2025-08-01,C03,5,0,5,1952.00,0.00,322.00,1630.00,390.4,14,5,0,0.0
S12,2025-08-02,C03,21,2,19,12399.00,498.30,23.00,11877.70,626.35,75,19,0,0.0952
S12,2025-08-03,C03,15,2,13,13750.00,51.00,288.00,13411.00,1053.77,61,13,0,0.1333
S12,2025-08-04,C03,12,1,11,7133.00,0.00,486.50,6646.50,648.45,43,11,0,0.0833
S12,2025-08-05,C03,8,0,8,5001.00,0.00,1240.00,3761.00,625.13,35,8,0,0.0
S12,2025-08-06,C03,18,1,15,13289.00,0.00,288.00,13001.00,885.93,69,15,0,0.0556
S12,2025-08-07,C03,6,1,5,3561.00,0.00,0.00,3561.00,712.2,20,5,0,0.1667
S12,2025-08-08,C03,11,1,9,4771.00,9.10,0.00,4761.90,529.1,35,8,0,0.0909
S12,2025-08-09,C03,14,0,13,16638.00,488.55,0.00,16149.45,1242.27,91,13,0,0.0
S12,2025-08-10,C03,18,2,16,13045.00,90.35,0.00,12954.65,809.67,60,16,0,0.1111
S12,2025-08-11,C03,13,2,11,5475.00,26.95,420.40,5027.65,495.28,37,11,0,0.1538
S12,2025-08-12,C03,15,2,13,12302.00,250.40,343.00,11708.60,927.05,55,13,0,0.1333
S12,2025-08-13,C03,8,0,8,4461.00,98.80,30.00,4332.20,545.28,37,8,0,0.0
S12,2025-08-14,C03,26,2,22,15461.00,482.85,733.00,14245.15,680.83,95,22,0,0.0769
S12,2025-08-15,C03,21,1,20,12693.00,138.25,226.00,12328.75,627.74,94,20,0,0.0476
S12,2025-08-16,C03,15,0,15,10735.00,94.75,0.00,10640.25,709.35,73,15,0,0.0
S12,2025-08-17,C03,19,2,15,8931.00,67.50,0.00,8863.50,590.9,62,15,0,0.1053
S12,2025-08-18,C03,15,0,14,8824.00,108.00,0.00,8716.00,622.57,59,14,0,0.0
S12,2025-08-19,C03,15,0,15,11769.00,166.30,817.00,10785.70,773.51,65,15,0,0.0
S12,2025-08-20,C03,15,2,12,8980.00,23.55,1133.00,7823.45,746.37,48,12,0,0.1333
S12,2025-08-21,C03,17,2,15,10714.00,111.90,346.00,10256.10,706.81,50,15,0,0.1176
S12,2025-08-22,C03,14,0,14,17111.00,86.10,0.00,17024.90,1216.06,73,14,0,0.0
S12,2025-08-23,C03,14,1,13,7080.00,38.50,0.00,7041.50,541.65,49,12,0,0.0714
S12,2025-08-24,C03,15,2,12,12245.00,89.50,279.00,11876.50,1012.96,57,12,0,0.1333
S12,2025-08-25,C03,11,0,11,8474.00,13.10,160.00,8300.90,769.17,46,11,0,0.0
S12,2025-08-26,C03,12,0,10,8690.00,4.70,12.00,8673.30,868.53,47,10,0,0.0
S12,2025-08-27,C03,11,3,8,5714.00,4.70,175.00,5534.30,713.66,29,8,0,0.2727
S12,2025-08-28,C03,20,1,19,17017.00,102.80,0.00,16914.20,890.22,82,19,0,0.05
S12,2025-08-29,C03,17,2,14,10544.00,13.60,42.00,10488.40,752.17,56,14,0,0.1176
S12,2025-08-30,C03,22,1,20,19733.00,71.55,0.00,19661.45,983.07,110,19,0,0.0455
S12,2025-08-31,C03,13,1,12,14652.00,86.75,0.00,14565.25,1213.77,67,12,0,0.0769
S12,2025-09-01,C03,17,2,15,13328.00,227.75,0.00,13100.25,873.35,65,15,0,0.1176
S12,2025-09-02,C03,15,2,13,10042.00,736.50,0.00,9305.50,715.81,70,13,0,0.1333
S12,2025-09-03,C03,14,0,14,9038.00,128.55,884.00,8025.45,636.39,47,14,0,0.0
S12,2025-09-04,C03,21,3,17,12823.00,342.00,0.00,12481.00,734.18,75,16,0,0.1429
S12,2025-09-05,C03,25,4,21,19954.00,444.00,357.00,19153.00,929.05,98,21,0,0.16
S12,2025-09-06,C03,19,0,19,19779.00,145.40,2367.00,17266.60,1033.35,92,19,0,0.0
S12,2025-09-07,C03,20,2,17,18553.00,1001.70,294.00,17257.30,1032.43,87,17,0,0.1
S12,2025-09-08,C03,15,0,14,9659.00,65.40,66.00,9527.60,685.26,65,14,0,0.0
S12,2025-09-09,C03,17,0,15,9769.00,28.20,168.00,9572.80,649.39,69,15,0,0.0
S12,2025-09-10,C03,19,0,18,19917.00,98.55,0.00,19818.45,1101.03,86,18,0,0.0
S12,2025-09-11,C03,14,0,11,12994.00,0.00,0.00,12994.00,1181.27,61,11,0,0.0
S12,2025-09-12,C03,21,0,20,14388.00,37.95,0.00,14350.05,717.5,79,20,0,0.0
S12,2025-09-13,C03,20,2,17,13997.00,0.00,0.00,13997.00,823.35,74,16,0,0.1
S12,2025-09-14,C03,20,1,17,9231.00,191.40,0.00,9039.60,531.74,73,17,0,0.05
S12,2025-09-15,C03,11,0,11,13393.00,215.10,3867.00,9310.90,1197.99,77,11,1,0.0
S12,2025-09-16,C03,15,2,13,18182.00,815.70,0.00,17366.30,1335.87,69,13,0,0.1333
S12,2025-09-17,C03,15,0,15,10173.00,393.30,0.00,9779.70,651.98,61,15,0,0.0
S12,2025-09-18,C03,3,0,3,2782.00,12.60,0.00,2769.40,923.13,17,3,0,0.0
S12,2025-09-19,C03,10,1,9,5937.00,0.00,0.00,5937.00,659.67,35,9,0,0.1
S12,2025-09-20,C03,24,1,21,29066.00,0.00,0.00,29066.00,1384.1,126,21,0,0.0417
S12,2025-09-21,C03,17,4,11,13566.00,0.00,0.00,13566.00,1233.27,56,11,0,0.2353
S12,2025-09-22,C03,11,0,11,7658.00,0.00,4383.00,3275.00,696.18,43,11,0,0.0
S12,2025-09-23,C03,12,3,9,4602.00,0.00,0.00,4602.00,511.33,31,9,0,0.25
S12,2025-09-24,C03,13,1,12,9419.00,0.00,42.00,9377.00,784.92,39,11,0,0.0769
S12,2025-09-25,C03,18,0,18,17478.00,0.00,42.00,17436.00,971.0,106,18,0,0.0
S12,2025-09-26,C03,19,0,19,16156.00,0.00,0.00,16156.00,850.32,80,19,0,0.0
S12,2025-09-27,C03,22,2,18,23322.00,0.00,262.00,23060.00,1295.67,93,18,0,0.0909
S12,2025-09-28,C03,17,0,15,18646.00,0.00,38.00,18608.00,1243.07,95,14,0,0.0
S12,2025-09-29,C03,11,1,10,9886.00,0.00,0.00,9886.00,988.6,53,10,0,0.0909
S12,2025-09-30,C03,14,0,13,11888.00,0.00,1461.00,10427.00,914.46,55,13,0,0.0
