customer_id,city_id,signup_date,orders_placed,orders_completed,orders_cancelled,total_spend,avg_order_value,units,avg_items_per_order,distinct_categories,top_category,first_order_date,last_order_date,recency_days,tenure_days,cancellation_rate,night_order_share,weekend_order_share,promo_order_share,reviews,avg_rating
CUST00001,C01,2024-05-09,5,5,0,659.35,131.87,12,1.4,5,CAT13,2025-04-01,2025-08-25,36,509,0.0,0.4,0.2,0.6,1,2.0
CUST00002,C01,2025-01-10,3,3,0,2458.80,819.6,17,4.0,9,CAT13,2025-04-09,2025-08-24,37,263,0.0,0.3333,0.3333,0.3333,0,
CUST00003,C01,2025-05-26,1,1,0,459.00,459.0,1,1.0,1,CAT15,2025-06-15,2025-06-15,107,127,0.0,0.0,1.0,0.0,0,
CUST00004,C02,2023-03-22,2,2,0,4022.00,2011.0,20,6.5,11,CAT17,2025-05-07,2025-08-12,49,923,0.0,0.0,0.0,0.5,1,5.0
CUST00005,C01,2023-07-19,9,8,1,5571.75,696.47,38,3.5,15,CAT05,2025-04-20,2025-08-25,36,804,0.1111,0.1111,0.3333,0.125,1,5.0
CUST00006,C01,2023-12-11,1,1,0,524.80,524.8,6,3.0,3,CAT12,2025-09-09,2025-09-09,21,659,0.0,1.0,0.0,1.0,0,
CUST00007,C03,2025-05-23,8,6,2,3596.00,599.33,21,2.83,11,CAT10,2025-05-24,2025-09-22,8,130,0.25,0.125,0.375,0.0,0,
CUST00008,C03,2025-05-28,1,1,0,469.00,469.0,1,1.0,1,CAT10,2025-09-14,2025-09-14,16,125,0.0,0.0,1.0,0.0,0,
CUST00009,C01,2023-05-18,18,16,1,12089.45,755.59,81,3.5,15,CAT05,2025-04-02,2025-09-04,26,866,0.0556,0.0556,0.1667,0.125,6,4.67
CUST00010,C02,2025-01-26,8,6,0,5217.80,869.63,32,3.5,8,CAT05,2025-04-01,2025-08-07,54,247,0.0,0.25,0.25,0.5,2,3.5
CUST00011,C02,2024-01-01,3,3,0,3078.05,1026.02,14,2.67,6,CAT10,2025-04-19,2025-09-28,2,638,0.0,0.3333,0.6667,0.3333,0,
CUST00012,C01,2023-11-02,4,4,0,1060.00,265.0,8,1.25,4,CAT12,2025-04-10,2025-07-22,70,698,0.0,0.5,0.0,0.0,1,5.0
CUST00013,C02,2024-06-17,2,2,0,1286.00,643.0,13,3.5,4,CAT08,2025-04-01,2025-04-13,170,470,0.0,0.0,0.5,0.0,0,
CUST00014,C01,2025-05-25,0,0,0,0.00,,0,,0,,,,,128,,,,,0,
CUST00015,C03,2025-05-29,6,6,0,2696.00,449.33,18,2.33,10,CAT15,2025-06-05,2025-09-28,2,124,0.0,0.8333,0.1667,0.0,2,2.5
CUST00016,C02,2025-08-03,1,1,0,1230.00,1230.0,4,3.0,2,CAT05,2025-09-28,2025-09-28,2,58,0.0,0.0,1.0,0.0,0,
CUST00017,C03,2023-10-27,2,1,0,498.00,498.0,2,1.0,1,CAT03,2025-06-07,2025-06-07,115,704,0.0,0.5,1.0,0.0,0,
CUST00018,C03,2023-10-12,2,2,0,5741.00,2870.5,21,7.5,7,CAT18,2025-06-24,2025-08-23,38,719,0.0,0.5,0.5,0.0,0,
CUST00019,C01,2024-05-06,2,2,0,933.00,466.5,6,2.0,3,CAT03,2025-04-09,2025-04-10,173,512,0.0,0.0,0.0,0.0,0,
CUST00020,C01,2024-02-18,9,9,0,6073.25,674.81,33,2.78,13,CAT18,2025-04-19,2025-09-20,10,590,0.0,0.2222,0.6667,0.1111,2,3.0
CUST00021,C01,2024-06-30,1,1,0,1180.00,1180.0,4,3.0,3,CAT15,2025-04-11,2025-04-11,172,457,0.0,0.0,0.0,0.0,0,
CUST00022,C02,2023-12-27,8,6,1,2188.00,364.67,23,2.67,8,CAT16,2025-04-12,2025-08-03,58,643,0.125,0.5,0.5,0.0,1,5.0
CUST00023,C03,2024-01-06,7,7,0,6316.95,902.42,25,2.71,13,CAT17,2025-04-09,2025-08-25,36,633,0.0,0.1429,0.2857,0.4286,1,4.0
CUST00024,C01,2024-10-09,5,3,1,3521.40,1173.8,18,4.0,9,CAT11,2025-04-18,2025-09-23,7,356,0.2,0.0,0.2,0.6667,2,2.5
CUST00025,C03,2023-04-10,13,12,1,6562.30,546.86,40,2.75,11,CAT12,2025-04-28,2025-09-16,14,904,0.0769,0.6154,0.2308,0.0833,2,3.5
CUST00026,C02,2023-11-21,6,4,1,3315.00,828.75,16,2.0,6,CAT18,2025-05-25,2025-09-26,4,679,0.1667,0.0,0.6667,0.0,0,
CUST00027,C02,2025-05-24,1,1,0,2061.00,2061.0,9,6.0,6,CAT14,2025-09-13,2025-09-13,17,129,0.0,1.0,1.0,0.0,0,
CUST00028,C02,2024-06-16,3,3,0,3170.00,1056.67,12,2.33,6,CAT18,2025-05-29,2025-08-08,53,471,0.0,0.3333,0.3333,0.0,0,
CUST00029,C02,2024-08-28,5,5,0,4915.05,983.01,16,2.0,7,CAT10,2025-06-04,2025-09-19,11,398,0.0,0.2,0.4,0.4,1,5.0
CUST00030,C01,2023-03-13,3,2,0,4805.40,2402.7,24,8.5,9,CAT05,2025-08-09,2025-08-23,38,932,0.0,0.3333,0.6667,0.5,0,
CUST00031,C02,2025-09-14,0,0,0,0.00,,0,,0,,,,,16,,,,,0,
CUST00032,C02,2023-08-23,9,7,1,3598.25,514.04,29,3.29,13,CAT16,2025-04-12,2025-09-21,9,769,0.1111,0.2222,0.5556,0.2857,3,3.0
CUST00033,C01,2025-08-06,0,0,0,0.00,,0,,0,,,,,55,,,,,0,
CUST00034,C01,2023-05-01,4,4,0,6535.60,1633.9,30,6.25,10,CAT10,2025-04-12,2025-08-21,40,883,0.0,0.25,0.25,0.25,0,
CUST00035,C02,2024-08-07,6,6,0,6338.00,1056.33,25,3.5,11,CAT17,2025-05-12,2025-09-05,25,419,0.0,0.1667,0.1667,0.1667,1,5.0
CUST00036,C03,2024-09-25,6,6,0,5762.00,960.33,21,2.83,11,CAT17,2025-06-12,2025-09-24,6,370,0.0,0.1667,0.0,0.0,2,2.5
CUST00037,C03,2024-12-24,4,4,0,3532.90,883.23,18,3.75,9,CAT10,2025-05-18,2025-09-20,10,280,0.0,0.25,0.75,0.25,1,4.0
CUST00038,C01,2024-04-30,11,11,0,5206.25,473.3,49,2.91,13,CAT01,2025-04-13,2025-09-23,7,518,0.0,0.0909,0.4545,0.1818,2,5.0
CUST00039,C01,2025-05-15,9,9,0,3197.90,355.32,25,1.89,8,CAT12,2025-05-28,2025-09-28,2,138,0.0,0.6667,0.6667,0.2222,1,5.0
CUST00040,C01,2024-10-12,19,16,2,29698.90,1856.18,121,5.38,15,CAT15,2025-04-11,2025-09-28,2,353,0.1053,0.3158,0.7895,0.125,3,3.33
CUST00041,C01,2025-08-26,0,0,0,0.00,,0,,0,,,,,35,,,,,0,
CUST00042,C02,2023-04-23,4,4,0,5201.00,1300.25,20,3.0,7,CAT18,2025-04-28,2025-09-15,15,891,0.0,0.0,0.25,0.0,1,3.0
CUST00043,C02,2025-05-30,7,6,1,3863.40,643.9,28,3.0,9,CAT03,2025-06-27,2025-09-21,9,123,0.1429,0.0,0.2857,0.1667,0,
CUST00044,C02,2024-09-15,8,7,0,2337.80,333.97,20,2.0,10,CAT19,2025-04-28,2025-09-10,20,380,0.0,0.75,0.25,0.2857,1,5.0
CUST00045,C02,2024-04-20,3,3,0,1453.00,484.33,8,2.33,7,CAT17,2025-05-15,2025-07-27,65,528,0.0,0.3333,0.3333,0.0,1,4.0
CUST00046,C03,2025-07-31,0,0,0,0.00,,0,,0,,,,,61,,,,,0,
CUST00047,C03,2025-07-12,6,6,0,5738.00,956.33,28,3.0,13,CAT10,2025-07-20,2025-09-30,0,80,0.0,0.5,0.5,0.3333,2,2.5
CUST00048,C02,2025-02-13,0,0,0,0.00,,0,,0,,,,,229,,,,,0,
CUST00049,C01,2025-09-13,1,1,0,1417.00,1417.0,5,4.0,3,CAT10,2025-09-20,2025-09-20,10,17,0.0,0.0,1.0,0.0,1,3.0
CUST00050,C01,2023-05-07,12,10,1,3211.10,321.11,25,1.7,11,CAT08,2025-04-22,2025-08-08,53,877,0.0833,0.6667,0.25,0.2,3,4.33
CUST00051,C01,2025-07-02,8,8,0,11622.40,1452.8,55,4.63,16,CAT15,2025-07-15,2025-09-20,10,90,0.0,0.25,0.375,0.125,0,
CUST00052,C01,2025-01-15,15,11,2,8734.05,794.0,49,3.36,13,CAT05,2025-04-12,2025-09-17,13,258,0.1333,0.4,0.4,0.2727,4,2.75
CUST00053,C01,2024-06-20,9,9,0,2947.00,327.44,25,1.89,8,CAT13,2025-04-04,2025-09-23,7,467,0.0,0.7778,0.0,0.0,1,3.0
CUST00054,C02,2025-08-05,4,4,0,8731.50,2182.88,53,3.0,7,CAT11,2025-08-05,2025-09-25,5,56,0.0,0.5,0.25,0.5,1,3.0
CUST00055,C02,2024-05-24,13,11,2,6503.95,591.27,47,2.91,13,CAT06,2025-04-15,2025-08-24,37,494,0.1538,0.7692,0.4615,0.2727,2,4.5
CUST00056,C03,2023-12-23,0,0,0,0.00,,0,,0,,,,,647,,,,,0,
CUST00057,C02,2024-10-23,20,17,2,25892.45,1523.09,107,4.65,15,CAT15,2025-04-04,2025-09-30,0,342,0.1,0.25,0.45,0.2353,1,4.0
CUST00058,C02,2023-06-12,4,4,0,6904.00,1726.0,25,4.5,9,CAT17,2025-06-15,2025-09-14,16,841,0.0,0.5,0.75,0.0,0,
CUST00059,C02,2025-06-28,12,9,1,6807.80,756.42,43,3.67,15,CAT13,2025-07-13,2025-09-21,9,94,0.0833,0.1667,0.1667,0.2222,3,4.0
CUST00060,C03,2024-12-15,5,5,0,7689.70,1537.94,30,4.2,10,CAT15,2025-04-05,2025-09-14,16,289,0.0,0.4,0.8,0.2,2,5.0
CUST00061,C03,2024-02-07,1,1,0,1046.00,1046.0,4,2.0,1,CAT12,2025-08-14,2025-08-14,47,601,0.0,1.0,0.0,1.0,0,
CUST00062,C01,2025-07-25,1,1,0,1306.00,1306.0,6,6.0,5,CAT15,2025-08-14,2025-08-14,47,67,0.0,0.0,0.0,0.0,0,
CUST00063,C03,2023-04-28,6,6,0,5510.50,918.42,36,3.83,11,CAT03,2025-04-01,2025-07-19,73,886,0.0,0.0,0.3333,0.1667,2,4.5
CUST00064,C03,2023-01-24,10,10,0,6840.05,684.01,44,3.2,14,CAT17,2025-04-29,2025-09-20,10,980,0.0,0.0,0.3,0.2,3,4.33
CUST00065,C02,2024-08-10,10,8,0,2113.80,264.23,18,2.0,7,CAT12,2025-04-09,2025-09-09,21,416,0.0,0.9,0.3,0.25,1,4.0
CUST00066,C02,2023-11-27,0,0,0,0.00,,0,,0,,,,,673,,,,,0,
CUST00067,C01,2024-08-26,9,9,0,15595.65,1732.85,60,5.33,15,CAT15,2025-05-22,2025-09-27,3,400,0.0,0.4444,0.5556,0.4444,2,3.5
CUST00068,C03,2025-05-14,4,3,1,11280.30,3760.1,40,9.0,11,CAT15,2025-06-16,2025-09-30,0,139,0.25,0.25,0.0,0.3333,0,
CUST00069,C03,2024-02-16,0,0,0,0.00,,0,,0,,,,,592,,,,,0,
CUST00070,C01,2023-10-11,4,4,0,5403.90,1350.98,25,5.0,10,CAT14,2025-04-11,2025-08-17,44,720,0.0,0.0,0.5,0.25,3,3.33
CUST00071,C03,2023-10-13,7,6,0,2765.70,460.95,29,2.5,8,CAT19,2025-05-15,2025-09-01,29,718,0.0,0.7143,0.1429,0.5,1,5.0
CUST00072,C03,2025-03-21,12,10,1,7626.00,762.6,56,3.8,11,CAT03,2025-04-14,2025-09-14,16,193,0.0833,0.0833,0.25,0.1,3,4.67
CUST00073,C01,2023-02-23,4,4,0,4024.35,1006.09,16,3.0,7,CAT13,2025-05-31,2025-08-31,30,950,0.0,0.25,1.0,0.5,0,
CUST00074,C02,2023-04-11,8,7,1,3936.40,562.34,36,3.14,12,CAT11,2025-04-04,2025-08-04,57,903,0.125,0.25,0.25,0.1429,0,
CUST00075,C01,2025-06-20,4,3,1,4130.30,1376.77,20,5.0,7,CAT15,2025-06-21,2025-09-09,21,102,0.25,0.0,0.75,0.6667,1,4.0
CUST00076,C01,2024-11-17,17,15,2,15120.00,1008.0,46,2.53,14,CAT17,2025-04-02,2025-09-16,14,317,0.1176,0.1176,0.1765,0.0,1,5.0
CUST00077,C01,2025-09-09,0,0,0,0.00,,0,,0,,,,,21,,,,,0,
CUST00078,C01,2025-08-04,0,0,0,0.00,,0,,0,,,,,57,,,,,0,
CUST00079,C02,2025-04-17,7,7,0,7938.20,1134.03,39,4.71,14,CAT17,2025-04-26,2025-09-06,24,166,0.0,0.0,0.5714,0.4286,1,5.0
CUST00080,C01,2023-04-28,4,2,0,3560.00,1780.0,18,5.5,7,CAT14,2025-06-10,2025-06-22,100,886,0.0,0.25,0.75,0.0,0,
CUST00081,C02,2024-07-24,2,2,0,387.60,193.8,4,2.0,3,CAT12,2025-07-02,2025-08-14,47,433,0.0,0.5,0.0,0.5,0,
CUST00082,C03,2024-11-13,4,3,0,3442.00,1147.33,15,3.67,10,CAT15,2025-07-14,2025-09-25,5,321,0.0,0.25,0.25,0.0,0,
CUST00083,C01,2024-07-18,4,4,0,10309.10,2577.28,39,6.25,13,CAT16,2025-04-25,2025-09-15,15,439,0.0,0.5,0.0,0.5,2,2.0
CUST00084,C01,2025-07-12,7,7,0,1701.00,243.0,8,1.14,5,CAT17,2025-07-15,2025-09-26,4,80,0.0,0.8571,0.1429,0.1429,0,
CUST00085,C01,2025-07-13,3,3,0,3061.00,1020.33,14,4.0,8,CAT17,2025-07-24,2025-09-24,6,79,0.0,0.0,0.0,0.0,0,
CUST00086,C02,2024-02-20,8,7,1,11342.15,1620.31,56,4.86,12,CAT13,2025-04-10,2025-09-27,3,588,0.125,0.375,0.5,0.2857,1,4.0
CUST00087,C01,2025-09-07,6,6,0,5266.00,877.67,28,4.0,10,CAT05,2025-09-08,2025-09-27,3,23,0.0,0.3333,0.3333,0.0,2,4.5
CUST00088,C03,2023-09-23,9,8,0,12965.30,1620.66,51,5.25,15,CAT13,2025-04-06,2025-09-13,17,738,0.0,0.1111,0.5556,0.5,2,3.5
CUST00089,C01,2023-12-30,4,4,0,961.00,240.25,8,1.25,5,CAT19,2025-04-10,2025-08-28,33,640,0.0,0.75,0.25,0.0,1,4.0
CUST00090,C03,2025-06-23,1,1,0,3806.00,3806.0,6,2.0,2,CAT17,2025-09-21,2025-09-21,9,99,0.0,0.0,1.0,0.0,0,
CUST00091,C02,2025-06-04,12,11,1,20480.90,1861.9,92,6.18,19,CAT15,2025-06-21,2025-09-28,2,118,0.0833,0.0833,0.5,0.1818,0,
CUST00092,C02,2024-02-05,9,9,0,7492.00,832.44,40,3.33,13,CAT01,2025-05-17,2025-09-25,5,603,0.0,0.2222,0.2222,0.1111,1,3.0
CUST00093,C03,2025-04-08,3,3,0,2017.00,672.33,10,2.67,7,CAT15,2025-05-21,2025-07-29,63,175,0.0,0.0,0.0,0.3333,0,
CUST00094,C02,2024-04-01,2,2,0,248.00,124.0,2,1.0,2,CAT08,2025-05-22,2025-08-17,44,547,0.0,0.0,0.5,0.0,0,
CUST00095,C03,2023-12-22,11,11,0,8322.00,756.55,41,3.0,13,CAT19,2025-04-24,2025-09-17,13,648,0.0,0.1818,0.2727,0.0,0,
CUST00096,C02,2025-09-11,2,0,1,0.00,,0,,0,,2025-09-20,,,19,0.5,0.0,0.5,,0,
CUST00097,C01,2023-02-14,1,1,0,1326.00,1326.0,8,6.0,4,CAT10,2025-06-15,2025-06-15,107,959,0.0,0.0,1.0,0.0,0,
CUST00098,C01,2025-07-11,4,2,1,1063.00,531.5,5,2.0,4,CAT17,2025-07-22,2025-09-20,10,81,0.25,1.0,0.25,0.0,0,
CUST00099,C01,2025-07-27,1,1,0,1967.00,1967.0,6,3.0,3,CAT15,2025-08-22,2025-08-22,39,65,0.0,0.0,0.0,0.0,0,
CUST00100,C02,2023-06-22,11,10,0,7192.00,719.2,32,2.1,11,CAT16,2025-04-05,2025-09-26,4,831,0.0,0.9091,0.2727,0.0,1,4.0
CUST00101,C01,2023-08-19,1,1,0,527.00,527.0,8,3.0,2,CAT09,2025-06-07,2025-06-07,115,773,0.0,0.0,1.0,0.0,0,
CUST00102,C03,2023-06-26,8,7,1,3181.70,454.53,27,2.71,10,CAT15,2025-06-15,2025-09-03,27,827,0.125,0.0,0.5,0.4286,0,
CUST00103,C02,2025-09-27,0,0,0,0.00,,0,,0,,,,,3,,,,,0,
CUST00104,C01,2024-09-27,2,2,0,1036.30,518.15,10,4.0,7,CAT08,2025-04-30,2025-08-26,35,368,0.0,0.5,0.0,0.5,0,
CUST00105,C03,2023-03-24,3,3,0,2609.00,869.67,10,2.0,6,CAT17,2025-04-13,2025-06-12,110,921,0.0,0.0,0.3333,0.0,0,
CUST00106,C02,2023-09-23,0,0,0,0.00,,0,,0,,,,,738,,,,,0,
CUST00107,C01,2024-01-03,5,4,0,1068.30,267.08,9,2.25,5,CAT05,2025-04-12,2025-09-14,16,636,0.0,0.4,0.6,0.25,1,5.0
CUST00108,C02,2025-01-14,13,10,2,12065.70,1206.57,62,4.1,16,CAT17,2025-04-04,2025-09-21,9,259,0.1538,0.3077,0.2308,0.5,1,5.0
CUST00109,C01,2023-03-25,2,2,0,2459.70,1229.85,11,4.0,7,CAT17,2025-04-12,2025-09-03,27,920,0.0,1.0,0.5,0.5,0,
CUST00110,C03,2024-10-21,11,11,0,12118.35,1101.67,43,2.55,13,CAT17,2025-04-11,2025-09-22,8,344,0.0,0.0909,0.0909,0.1818,2,3.5
CUST00111,C01,2023-03-25,7,6,1,2384.60,397.43,19,2.83,11,CAT17,2025-04-16,2025-07-27,65,920,0.1429,0.1429,0.4286,0.1667,1,4.0
CUST00112,C01,2025-07-11,2,2,0,6501.80,3250.9,23,7.5,7,CAT15,2025-09-03,2025-09-06,24,81,0.0,0.0,0.5,0.5,0,
CUST00113,C02,2025-09-07,2,2,0,1347.00,673.5,9,2.5,4,CAT17,2025-09-12,2025-09-29,1,23,0.0,0.5,0.0,0.0,1,4.0
CUST00114,C03,2023-07-04,2,2,0,3248.00,1624.0,11,4.0,7,CAT15,2025-08-03,2025-08-06,55,819,0.0,0.0,0.5,0.0,0,
CUST00115,C01,2025-03-29,4,4,0,6114.00,1528.5,22,3.75,9,CAT15,2025-04-20,2025-07-31,61,185,0.0,0.25,0.75,0.0,1,4.0
CUST00116,C02,2025-07-24,9,6,3,4679.10,779.85,28,3.0,11,CAT17,2025-07-27,2025-09-05,25,68,0.3333,0.2222,0.3333,0.3333,0,
CUST00117,C01,2023-01-11,0,0,0,0.00,,0,,0,,,,,993,,,,,0,
CUST00118,C03,2023-08-22,5,5,0,2346.85,469.37,18,2.6,8,CAT12,2025-04-17,2025-08-21,40,770,0.0,1.0,0.0,0.2,0,
CUST00119,C01,2024-05-06,2,2,0,411.00,205.5,6,2.5,5,CAT11,2025-07-27,2025-08-24,37,512,0.0,1.0,1.0,0.0,0,
CUST00120,C01,2025-07-19,0,0,0,0.00,,0,,0,,,,,73,,,,,0,
CUST00121,C01,2025-04-10,2,2,0,1800.80,900.4,9,4.0,7,CAT05,2025-05-23,2025-07-15,77,173,0.0,0.5,0.0,0.5,0,
CUST00122,C03,2024-04-09,19,16,3,25044.70,1565.29,97,4.31,17,CAT17,2025-04-03,2025-09-29,1,539,0.1579,0.3158,0.4737,0.1875,4,3.75
CUST00123,C02,2023-10-01,9,9,0,4821.00,535.67,31,2.33,11,CAT19,2025-04-19,2025-07-06,86,730,0.0,0.6667,0.4444,0.0,1,5.0
CUST00124,C01,2023-05-18,0,0,0,0.00,,0,,0,,,,,866,,,,,0,
CUST00125,C03,2023-06-25,13,11,1,17331.60,1575.6,78,4.73,16,CAT15,2025-04-07,2025-09-18,12,828,0.0769,0.1538,0.7692,0.2727,0,
CUST00126,C03,2024-09-12,1,1,0,1216.00,1216.0,7,6.0,5,CAT14,2025-06-22,2025-06-22,100,383,0.0,0.0,1.0,0.0,1,3.0
CUST00127,C02,2025-05-29,0,0,0,0.00,,0,,0,,,,,124,,,,,0,
CUST00128,C02,2023-07-16,4,3,0,511.00,170.33,5,1.67,4,CAT16,2025-07-15,2025-09-24,6,807,0.0,0.75,0.0,0.0,0,
CUST00129,C01,2024-02-20,4,3,1,1365.20,455.07,7,1.33,3,CAT12,2025-05-28,2025-09-06,24,588,0.25,1.0,0.25,0.3333,1,4.0
CUST00130,C02,2025-05-21,5,5,0,2069.00,413.8,17,2.4,7,CAT05,2025-06-17,2025-08-03,58,132,0.0,0.2,0.6,0.0,2,2.5
CUST00131,C02,2025-09-08,1,1,0,1410.00,1410.0,5,5.0,4,CAT17,2025-09-20,2025-09-20,10,22,0.0,1.0,1.0,0.0,0,
CUST00132,C02,2023-06-29,1,1,0,948.00,948.0,4,3.0,3,CAT12,2025-07-10,2025-07-10,82,824,0.0,0.0,0.0,0.0,0,
CUST00133,C03,2024-11-20,1,1,0,386.00,386.0,2,1.0,1,CAT12,2025-08-21,2025-08-21,40,314,0.0,0.0,0.0,0.0,0,
CUST00134,C03,2024-02-26,10,8,1,4627.55,578.44,33,2.88,11,CAT03,2025-04-02,2025-08-26,35,582,0.1,0.0,0.3,0.125,2,5.0
CUST00135,C01,2025-06-12,6,4,0,3589.00,897.25,13,2.5,6,CAT17,2025-06-19,2025-09-21,9,110,0.0,0.1667,0.1667,0.0,2,4.5
CUST00136,C03,2023-02-17,5,4,1,1686.00,421.5,12,2.25,4,CAT08,2025-04-23,2025-09-19,11,956,0.2,0.4,0.0,0.0,1,3.0
CUST00137,C03,2024-03-16,9,8,0,5524.10,690.51,41,3.75,13,CAT16,2025-05-19,2025-08-01,60,563,0.0,0.0,0.0,0.25,4,3.5
CUST00138,C01,2024-03-26,6,5,0,1043.00,208.6,15,2.6,8,CAT01,2025-04-02,2025-09-25,5,553,0.0,0.0,0.1667,0.0,0,
CUST00139,C01,2023-12-23,23,23,0,15804.00,687.13,97,3.17,19,CAT15,2025-04-02,2025-09-18,12,647,0.0,0.2174,0.2174,0.1304,3,4.0
CUST00140,C01,2025-06-28,1,0,1,0.00,,0,,0,,2025-06-29,,,94,1.0,1.0,1.0,,0,
CUST00141,C03,2024-06-08,1,1,0,778.00,778.0,2,2.0,2,CAT18,2025-04-25,2025-04-25,158,479,0.0,1.0,0.0,0.0,0,
CUST00142,C02,2023-07-17,4,4,0,2607.20,651.8,14,2.5,8,CAT19,2025-04-12,2025-08-20,41,806,0.0,0.5,0.25,0.25,0,
CUST00143,C02,2024-01-08,11,9,2,2903.20,322.58,24,2.0,9,CAT08,2025-04-13,2025-09-23,7,631,0.1818,0.8182,0.2727,0.1111,2,4.0
CUST00144,C03,2025-06-27,2,2,0,493.00,246.5,2,1.0,2,CAT18,2025-08-10,2025-08-28,33,95,0.0,0.0,0.5,0.0,0,
CUST00145,C01,2024-06-11,5,5,0,8357.50,1671.5,24,3.2,11,CAT17,2025-05-27,2025-08-14,47,476,0.0,0.2,0.2,0.2,0,
CUST00146,C02,2024-04-23,4,3,0,691.30,230.43,5,1.67,5,CAT10,2025-04-25,2025-08-03,58,525,0.0,0.25,0.5,1.0,0,
CUST00147,C01,2023-03-03,0,0,0,0.00,,0,,0,,,,,942,,,,,0,
CUST00148,C01,2025-04-14,8,7,0,2925.80,417.97,29,3.0,9,CAT01,2025-05-05,2025-09-29,1,169,0.0,0.0,0.375,0.1429,1,4.0
CUST00149,C03,2024-02-22,4,4,0,3119.20,779.8,19,3.5,11,CAT17,2025-05-16,2025-08-22,39,586,0.0,0.0,0.0,0.5,0,
CUST00150,C03,2024-12-07,4,4,0,6418.00,1604.5,29,5.5,12,CAT05,2025-05-06,2025-09-28,2,297,0.0,0.25,0.5,0.0,1,5.0
CUST00151,C03,2023-01-18,7,7,0,2946.00,420.86,28,2.43,7,CAT12,2025-04-03,2025-09-27,3,986,0.0,0.8571,0.4286,0.0,1,4.0
CUST00152,C02,2023-04-05,4,3,0,1843.00,614.33,9,2.0,4,CAT08,2025-05-08,2025-08-26,35,909,0.0,0.25,0.0,0.0,0,
CUST00153,C03,2025-08-14,9,7,2,8295.90,1185.13,37,3.43,11,CAT17,2025-08-14,2025-09-28,2,47,0.2222,0.1111,0.4444,0.2857,2,4.0
CUST00154,C03,2024-03-26,3,2,0,3922.00,1961.0,8,2.0,3,CAT18,2025-04-16,2025-09-13,17,553,0.0,0.3333,0.6667,0.0,2,4.5
CUST00155,C02,2025-01-02,10,9,1,2991.70,332.41,18,1.56,8,CAT12,2025-04-08,2025-09-18,12,271,0.1,0.6,0.2,0.2222,6,4.17
CUST00156,C01,2024-06-30,2,2,0,2453.00,1226.5,10,3.5,5,CAT17,2025-05-05,2025-05-13,140,457,0.0,0.5,0.0,0.0,0,
CUST00157,C02,2024-03-29,5,4,1,2224.55,556.14,9,1.75,6,CAT18,2025-04-07,2025-07-30,62,550,0.2,0.2,0.2,0.25,0,
CUST00158,C02,2024-01-24,18,18,0,7142.00,396.78,56,1.94,12,CAT08,2025-04-13,2025-09-24,6,615,0.0,0.7222,0.2778,0.1667,0,
CUST00159,C01,2024-03-16,4,4,0,3890.50,972.63,17,3.0,8,CAT19,2025-04-10,2025-09-06,24,563,0.0,0.5,0.25,0.5,0,
CUST00160,C03,2024-05-15,13,12,0,9669.05,805.75,50,3.0,12,CAT05,2025-04-05,2025-09-09,21,503,0.0,0.0769,0.2308,0.25,1,5.0
CUST00161,C03,2025-09-14,2,2,0,1586.00,793.0,8,3.0,6,CAT10,2025-09-28,2025-09-30,0,16,0.0,0.0,0.5,0.0,0,
CUST00162,C02,2023-04-23,26,23,3,15473.40,672.76,104,3.09,18,CAT11,2025-04-05,2025-09-18,12,891,0.1154,0.0769,0.1923,0.3478,1,4.0
CUST00163,C03,2023-02-08,1,1,0,299.00,299.0,1,1.0,1,CAT13,2025-08-06,2025-08-06,55,965,0.0,0.0,0.0,0.0,0,
CUST00164,C02,2023-05-16,6,5,1,3096.00,619.2,21,3.2,10,CAT05,2025-06-20,2025-09-09,21,868,0.1667,0.3333,0.5,0.2,1,3.0
CUST00165,C03,2025-08-16,0,0,0,0.00,,0,,0,,,,,45,,,,,0,
CUST00166,C02,2024-08-27,8,8,0,16851.00,2106.38,74,5.75,17,CAT15,2025-04-03,2025-09-20,10,399,0.0,0.0,0.25,0.0,2,4.0
CUST00167,C01,2023-05-13,7,7,0,11348.80,1621.26,52,5.0,15,CAT15,2025-04-26,2025-09-22,8,871,0.0,0.1429,0.5714,0.1429,1,5.0
CUST00168,C02,2023-05-23,11,9,2,6715.60,746.18,52,1.89,13,CAT14,2025-04-26,2025-08-11,50,861,0.1818,0.4545,0.1818,0.2222,2,3.0
CUST00169,C03,2023-04-19,5,5,0,1949.00,389.8,17,2.4,6,CAT14,2025-04-24,2025-09-24,6,895,0.0,0.6,0.2,0.0,1,5.0
CUST00170,C03,2023-03-10,18,17,0,25465.30,1497.96,122,5.0,17,CAT15,2025-04-12,2025-09-20,10,935,0.0,0.1667,0.4444,0.3529,3,4.33
CUST00171,C03,2025-07-05,11,11,0,6887.50,626.14,48,2.91,13,CAT15,2025-07-11,2025-09-25,5,87,0.0,0.0,0.3636,0.0909,4,4.0
CUST00172,C02,2025-06-28,0,0,0,0.00,,0,,0,,,,,94,,,,,0,
CUST00173,C02,2023-04-24,10,9,0,16637.40,1848.6,69,4.89,10,CAT15,2025-04-04,2025-08-06,55,890,0.0,0.0,0.6,0.1111,2,4.0
CUST00174,C03,2023-05-29,3,3,0,2208.00,736.0,14,3.0,8,CAT10,2025-05-01,2025-07-04,88,855,0.0,0.0,0.0,0.0,1,4.0
CUST00175,C01,2025-01-10,2,2,0,2812.70,1406.35,16,6.5,9,CAT16,2025-05-03,2025-09-11,19,263,0.0,0.0,0.5,0.5,1,1.0
CUST00176,C03,2025-01-27,4,4,0,5899.00,1474.75,22,4.25,10,CAT16,2025-06-22,2025-09-20,10,246,0.0,0.0,0.75,0.0,0,
CUST00177,C02,2024-12-06,7,6,0,11684.60,1947.43,51,5.17,13,CAT16,2025-04-05,2025-09-20,10,298,0.0,0.2857,0.7143,0.1667,3,4.0
CUST00178,C01,2023-08-03,3,3,0,1779.70,593.23,4,1.0,2,CAT17,2025-07-12,2025-08-22,39,789,0.0,0.0,0.6667,0.3333,0,
CUST00179,C03,2025-07-01,3,3,0,2710.00,903.33,21,5.0,10,CAT17,2025-07-22,2025-09-24,6,91,0.0,0.0,0.0,0.0,0,
CUST00180,C02,2024-09-10,8,6,2,5816.10,969.35,38,4.33,13,CAT03,2025-04-04,2025-08-20,41,385,0.25,0.0,0.375,0.1667,0,
CUST00181,C03,2023-05-17,2,2,0,444.60,222.3,2,0.5,1,CAT13,2025-04-04,2025-05-28,125,867,0.0,0.0,0.0,0.5,0,
CUST00182,C01,2025-05-27,5,5,0,7617.20,1523.44,36,5.6,11,CAT10,2025-06-06,2025-08-28,33,126,0.0,0.2,0.6,0.2,1,3.0
CUST00183,C02,2024-09-03,37,32,1,12901.15,403.16,87,1.97,16,CAT17,2025-04-01,2025-09-27,3,392,0.027,0.7027,0.1622,0.0938,6,3.83
CUST00184,C01,2025-06-27,5,5,0,4404.00,880.8,26,3.8,10,CAT03,2025-07-18,2025-09-20,10,95,0.0,0.2,0.4,0.0,0,
CUST00185,C01,2024-09-07,6,5,1,1630.40,326.08,19,3.0,9,CAT01,2025-04-18,2025-09-27,3,388,0.1667,0.1667,0.5,0.2,1,1.0
CUST00186,C03,2024-05-19,4,3,1,4115.25,1371.75,13,3.0,9,CAT17,2025-05-17,2025-09-12,18,499,0.25,0.5,0.25,0.3333,2,3.5
CUST00187,C02,2025-07-12,3,3,0,2169.00,723.0,7,2.0,5,CAT12,2025-07-12,2025-08-26,35,80,0.0,0.6667,0.3333,0.0,0,
CUST00188,C02,2024-01-20,12,12,0,8458.20,704.85,41,2.92,14,CAT17,2025-04-01,2025-09-15,15,619,0.0,0.0833,0.25,0.0833,1,3.0
CUST00189,C01,2024-09-17,6,6,0,19230.00,3205.0,61,6.17,16,CAT17,2025-06-07,2025-08-06,55,378,0.0,0.3333,0.5,0.0,1,2.0
CUST00190,C02,2024-05-08,11,9,2,2842.00,315.78,23,1.78,9,CAT15,2025-04-18,2025-09-21,9,510,0.1818,0.7273,0.3636,0.0,0,
CUST00191,C02,2025-09-01,0,0,0,0.00,,0,,0,,,,,29,,,,,0,
CUST00192,C02,2023-07-21,5,4,1,5143.75,1285.94,28,5.75,11,CAT13,2025-04-06,2025-06-02,120,802,0.2,0.2,0.6,0.25,0,
CUST00193,C03,2023-05-27,10,9,0,5723.70,635.97,37,3.33,15,CAT20,2025-04-02,2025-09-19,11,857,0.0,0.0,0.2,0.3333,1,3.0
CUST00194,C01,2024-08-04,7,7,0,3799.50,542.79,24,1.86,8,CAT08,2025-04-24,2025-09-25,5,422,0.0,0.7143,0.0,0.1429,2,3.0
CUST00195,C03,2023-05-27,5,5,0,1942.00,388.4,21,3.0,8,CAT11,2025-04-16,2025-08-20,41,857,0.0,0.2,0.0,0.0,0,
CUST00196,C01,2024-05-24,19,16,0,9564.30,597.77,49,2.44,16,CAT17,2025-04-03,2025-09-05,25,494,0.0,0.5789,0.2632,0.1875,3,4.67
CUST00197,C01,2024-12-06,2,2,0,443.00,221.5,4,1.5,2,CAT10,2025-08-07,2025-08-17,44,298,0.0,0.5,0.5,0.0,0,
CUST00198,C01,2025-09-27,1,0,0,0.00,,0,,0,,2025-09-27,,,3,0.0,0.0,1.0,,0,
CUST00199,C01,2025-07-30,1,1,0,1276.00,1276.0,4,4.0,3,CAT05,2025-09-09,2025-09-09,21,62,0.0,0.0,0.0,0.0,0,
CUST00200,C01,2023-06-20,24,24,0,18796.20,783.18,125,3.67,18,CAT15,2025-04-05,2025-09-30,0,833,0.0,0.1667,0.2083,0.0833,3,4.33
CUST00201,C01,2024-11-24,3,2,1,686.40,343.2,4,1.5,3,CAT15,2025-04-19,2025-09-04,26,310,0.3333,0.3333,0.3333,0.5,0,
CUST00202,C02,2025-02-08,6,2,3,1862.00,931.0,8,3.5,3,CAT10,2025-06-07,2025-06-14,108,234,0.5,0.1667,0.3333,0.0,0,
CUST00203,C03,2025-01-26,4,4,0,1517.00,379.25,15,2.25,6,CAT04,2025-04-01,2025-08-30,31,247,0.0,0.0,0.5,0.0,1,5.0
CUST00204,C03,2023-08-02,2,1,1,348.00,348.0,4,4.0,3,CAT06,2025-05-31,2025-05-31,122,790,0.5,0.0,0.5,0.0,0,
CUST00205,C01,2025-08-19,1,1,0,953.00,953.0,8,4.0,4,CAT03,2025-09-26,2025-09-26,4,42,0.0,1.0,0.0,0.0,0,
CUST00206,C01,2024-10-23,4,4,0,1877.00,469.25,16,3.5,8,CAT12,2025-04-05,2025-09-29,1,342,0.0,0.75,0.5,0.0,1,2.0
CUST00207,C02,2024-12-28,6,6,0,2781.80,463.63,21,2.83,10,CAT15,2025-04-11,2025-09-08,22,276,0.0,0.6667,0.3333,0.1667,2,4.5
CUST00208,C01,2025-04-16,10,10,0,5785.60,578.56,73,2.3,14,CAT12,2025-04-17,2025-09-20,10,167,0.0,0.7,0.2,0.1,2,4.5
CUST00209,C01,2024-08-31,3,3,0,3898.00,1299.33,17,4.33,9,CAT17,2025-06-29,2025-09-28,2,395,0.0,0.3333,0.6667,0.0,0,
CUST00210,C02,2024-04-28,3,2,1,1290.50,645.25,5,1.5,3,CAT15,2025-05-26,2025-08-07,54,520,0.3333,0.3333,0.0,0.5,1,5.0
CUST00211,C03,2024-01-14,6,3,2,1569.00,523.0,13,3.33,8,CAT14,2025-04-19,2025-08-31,30,625,0.3333,0.1667,0.5,0.0,0,
CUST00212,C01,2025-05-04,7,6,0,2867.00,477.83,21,3.0,9,CAT05,2025-05-16,2025-09-01,29,149,0.0,0.4286,0.1429,0.0,0,
CUST00213,C03,2023-01-25,3,3,0,3320.00,1106.67,21,4.67,10,CAT15,2025-05-04,2025-07-04,88,979,0.0,0.3333,0.3333,0.3333,0,
CUST00214,C03,2025-07-03,4,3,1,4202.60,1400.87,19,3.67,8,CAT15,2025-09-08,2025-09-22,8,89,0.25,0.5,0.25,0.3333,0,
CUST00215,C02,2023-08-26,10,9,0,2207.20,245.24,16,1.44,9,CAT13,2025-04-09,2025-09-30,0,766,0.0,0.5,0.1,0.1111,1,5.0
CUST00216,C03,2024-09-04,12,10,1,11617.60,1161.76,49,3.5,15,CAT15,2025-04-19,2025-09-02,28,391,0.0833,0.0833,0.5,0.2,1,2.0
CUST00217,C02,2025-08-26,1,1,0,117.00,117.0,1,1.0,1,CAT05,2025-09-26,2025-09-26,4,35,0.0,0.0,0.0,0.0,0,
CUST00218,C01,2023-12-03,0,0,0,0.00,,0,,0,,,,,667,,,,,0,
CUST00219,C02,2024-10-29,9,9,0,5105.50,567.28,35,2.89,8,CAT11,2025-04-06,2025-09-21,9,336,0.0,0.2222,0.3333,0.1111,3,3.0
CUST00220,C03,2023-11-07,17,17,0,22426.00,1319.18,100,4.71,18,CAT15,2025-04-03,2025-09-27,3,693,0.0,0.1176,0.4118,0.0588,4,4.25
CUST00221,C02,2023-11-06,31,27,2,8684.65,321.65,71,2.07,16,CAT17,2025-04-07,2025-09-15,15,694,0.0645,0.7742,0.2581,0.1481,3,3.67
CUST00222,C02,2023-12-11,0,0,0,0.00,,0,,0,,,,,659,,,,,0,
CUST00223,C03,2023-04-02,3,3,0,765.00,255.0,11,2.0,4,CAT06,2025-05-01,2025-06-22,100,912,0.0,0.3333,0.6667,0.0,0,
CUST00224,C02,2023-05-18,10,9,0,11956.00,1328.44,35,3.22,12,CAT17,2025-04-22,2025-09-30,0,866,0.0,0.3,0.3,0.0,2,4.5
CUST00225,C02,2024-10-02,6,4,1,2293.00,573.25,11,2.25,8,CAT17,2025-05-04,2025-09-16,14,363,0.1667,0.8333,0.1667,0.0,1,5.0
CUST00226,C02,2025-06-24,5,4,1,2270.20,567.55,14,2.0,6,CAT05,2025-06-29,2025-09-13,17,98,0.2,0.0,0.4,0.25,0,
CUST00227,C03,2023-05-09,3,3,0,3550.90,1183.63,13,2.67,7,CAT18,2025-05-16,2025-07-25,67,875,0.0,0.0,0.0,0.3333,1,5.0
CUST00228,C01,2023-09-08,0,0,0,0.00,,0,,0,,,,,753,,,,,0,
CUST00229,C02,2024-09-01,3,3,0,3939.40,1313.13,23,5.67,12,CAT05,2025-07-12,2025-09-06,24,394,0.0,0.6667,1.0,0.3333,0,
CUST00230,C03,2024-09-26,10,8,2,5147.30,643.41,39,3.63,12,CAT18,2025-04-09,2025-09-02,28,369,0.2,0.1,0.2,0.125,0,
CUST00231,C03,2024-01-12,1,0,1,0.00,,0,,0,,2025-07-12,,,627,1.0,1.0,1.0,,0,
CUST00232,C03,2023-02-15,8,6,1,3594.40,599.07,19,2.5,9,CAT13,2025-04-23,2025-09-26,4,958,0.125,0.5,0.125,0.1667,1,5.0
CUST00233,C03,2023-06-04,7,7,0,4836.40,690.91,35,3.71,17,CAT17,2025-04-30,2025-09-04,26,849,0.0,0.1429,0.1429,0.4286,2,3.5
CUST00234,C02,2023-08-05,7,6,0,6464.00,1077.33,26,2.5,8,CAT17,2025-04-05,2025-08-28,33,787,0.0,0.4286,0.1429,0.0,2,5.0
CUST00235,C02,2023-10-06,1,1,0,820.20,820.2,4,3.0,3,CAT10,2025-04-10,2025-04-10,173,725,0.0,0.0,0.0,1.0,0,
CUST00236,C02,2025-06-16,1,1,0,443.30,443.3,2,2.0,2,CAT14,2025-09-02,2025-09-02,28,106,0.0,0.0,0.0,1.0,0,
CUST00237,C01,2024-10-11,3,2,1,2190.00,1095.0,5,2.0,4,CAT17,2025-04-21,2025-06-15,107,354,0.3333,0.3333,0.3333,0.0,0,
CUST00238,C03,2025-05-16,3,3,0,575.20,191.73,5,1.67,5,CAT10,2025-08-22,2025-09-04,26,137,0.0,0.3333,0.3333,0.3333,0,
CUST00239,C02,2024-10-06,7,5,1,1520.80,304.16,9,1.6,5,CAT19,2025-05-19,2025-08-05,56,359,0.1429,0.5714,0.2857,0.2,0,
CUST00240,C01,2025-05-18,0,0,0,0.00,,0,,0,,,,,135,,,,,0,
CUST00241,C01,2024-06-02,6,5,0,8155.40,1631.08,40,5.6,15,CAT15,2025-05-11,2025-09-07,23,485,0.0,0.5,0.8333,0.2,0,
CUST00242,C01,2025-05-31,1,1,0,234.00,234.0,1,1.0,1,CAT13,2025-06-24,2025-06-24,98,122,0.0,1.0,0.0,0.0,0,
CUST00243,C01,2024-07-12,3,3,0,3659.00,1219.67,21,5.0,9,CAT05,2025-07-14,2025-08-04,57,445,0.0,0.0,0.3333,0.0,0,
CUST00244,C02,2024-04-14,6,5,0,4012.45,802.49,32,4.8,11,CAT03,2025-04-08,2025-09-01,29,534,0.0,0.1667,0.1667,0.4,1,3.0
CUST00245,C02,2025-06-21,5,4,0,6221.60,1555.4,23,3.25,8,CAT13,2025-07-27,2025-09-09,21,101,0.0,0.0,0.6,0.25,0,
CUST00246,C01,2023-06-20,2,2,0,1509.50,754.75,11,3.0,4,CAT16,2025-08-22,2025-09-16,14,833,0.0,0.0,0.0,1.0,0,
CUST00247,C03,2024-03-09,11,9,1,8761.75,973.53,47,4.0,14,CAT15,2025-04-05,2025-08-30,31,570,0.0909,0.0909,0.4545,0.2222,1,4.0
CUST00248,C02,2024-09-27,9,8,1,7678.40,959.8,46,4.5,15,CAT01,2025-05-08,2025-09-16,14,368,0.1111,0.2222,0.4444,0.125,2,4.0
CUST00249,C01,2023-11-13,2,2,0,1843.00,921.5,8,3.0,6,CAT18,2025-07-02,2025-08-02,59,687,0.0,0.0,0.5,0.0,0,
CUST00250,C02,2025-09-24,1,1,0,819.00,819.0,10,6.0,5,CAT05,2025-09-25,2025-09-25,5,6,0.0,0.0,0.0,0.0,0,
CUST00251,C01,2023-11-22,2,2,0,1254.00,627.0,8,2.0,3,CAT05,2025-04-10,2025-07-22,70,678,0.0,0.0,0.0,0.5,0,
CUST00252,C01,2025-05-20,1,0,1,0.00,,0,,0,,2025-05-31,,,133,1.0,0.0,1.0,,0,
CUST00253,C01,2024-08-08,7,6,1,2675.10,445.85,14,1.83,8,CAT17,2025-04-28,2025-07-25,67,418,0.1429,0.5714,0.1429,0.3333,1,2.0
CUST00254,C01,2025-04-07,7,6,1,8254.50,1375.75,44,5.33,15,CAT15,2025-04-26,2025-09-28,2,176,0.1429,0.1429,0.4286,0.1667,2,4.0
CUST00255,C01,2023-04-17,16,16,0,13638.55,852.41,76,3.25,15,CAT05,2025-04-03,2025-09-07,23,897,0.0,0.25,0.125,0.375,5,4.0
CUST00256,C03,2023-09-26,4,4,0,1540.00,385.0,14,2.75,5,CAT05,2025-07-06,2025-09-06,24,735,0.0,0.25,0.5,0.0,0,
CUST00257,C02,2023-07-05,5,5,0,3936.00,787.2,14,2.0,8,CAT14,2025-04-05,2025-09-20,10,818,0.0,0.2,0.6,0.2,0,
CUST00258,C01,2025-07-08,2,2,0,403.90,201.95,6,2.0,4,CAT20,2025-07-21,2025-09-30,0,84,0.0,0.0,0.0,0.5,0,
CUST00259,C03,2023-07-23,1,1,0,863.00,863.0,5,4.0,4,CAT13,2025-04-14,2025-04-14,169,800,0.0,1.0,0.0,0.0,0,
CUST00260,C02,2024-03-21,8,7,1,6920.70,988.67,36,4.29,12,CAT15,2025-04-23,2025-09-19,11,558,0.125,0.125,0.5,0.5714,2,3.0
CUST00261,C03,2025-03-16,2,2,0,3274.40,1637.2,14,4.0,6,CAT10,2025-08-10,2025-08-30,31,198,0.0,0.0,1.0,0.5,1,1.0
CUST00262,C03,2025-04-25,20,19,0,8969.30,472.07,53,2.0,12,CAT10,2025-04-29,2025-09-12,18,158,0.0,0.45,0.3,0.1053,3,4.33
CUST00263,C02,2023-12-06,19,16,2,23605.95,1475.37,185,3.56,13,CAT05,2025-04-03,2025-09-18,12,664,0.1053,0.0526,0.2105,0.1875,4,4.0
CUST00264,C03,2023-07-10,8,5,3,4460.00,892.0,27,3.8,6,CAT05,2025-04-22,2025-09-13,17,813,0.375,0.125,0.375,0.0,1,5.0
CUST00265,C01,2023-03-31,7,7,0,6508.80,929.83,40,4.29,13,CAT01,2025-04-12,2025-08-08,53,914,0.0,0.4286,0.4286,0.1429,1,4.0
CUST00266,C02,2023-07-22,13,11,1,7298.00,663.45,51,3.09,10,CAT11,2025-04-03,2025-09-25,5,801,0.0769,0.1538,0.3077,0.0,2,5.0
CUST00267,C01,2023-05-15,2,2,0,2340.40,1170.2,12,3.0,5,CAT13,2025-05-04,2025-09-04,26,869,0.0,0.0,0.5,1.0,1,2.0
CUST00268,C01,2025-07-01,1,1,0,559.00,559.0,5,4.0,3,CAT20,2025-08-22,2025-08-22,39,91,0.0,0.0,0.0,0.0,0,
CUST00269,C02,2023-05-16,8,8,0,14351.20,1793.9,73,6.13,16,CAT13,2025-04-20,2025-09-24,6,868,0.0,0.125,0.5,0.125,1,4.0
CUST00270,C03,2024-04-30,4,4,0,2312.05,578.01,9,2.0,7,CAT15,2025-04-08,2025-09-25,5,518,0.0,0.25,0.0,0.25,1,4.0
CUST00271,C02,2024-07-15,13,13,0,13143.00,1011.0,60,3.08,14,CAT17,2025-04-23,2025-09-28,2,442,0.0,0.2308,0.5385,0.0,6,3.0
CUST00272,C01,2025-05-17,4,4,0,6870.00,1717.5,32,5.5,15,CAT10,2025-05-31,2025-09-21,9,136,0.0,0.0,0.75,0.0,0,
CUST00273,C02,2025-06-17,3,3,0,2679.10,893.03,17,4.67,8,CAT01,2025-07-02,2025-09-21,9,105,0.0,0.3333,0.6667,0.3333,1,1.0
CUST00274,C02,2025-03-22,12,9,0,2854.80,317.2,31,2.56,11,CAT08,2025-04-11,2025-09-04,26,192,0.0,0.6667,0.1667,0.1111,1,3.0
CUST00275,C03,2023-09-24,9,8,1,2545.30,318.16,13,1.5,10,CAT16,2025-04-11,2025-09-01,29,737,0.1111,0.3333,0.3333,0.125,2,2.0
CUST00276,C03,2025-04-07,4,2,2,1499.60,749.8,9,3.5,5,CAT15,2025-04-27,2025-06-08,114,176,0.5,0.25,0.75,1.0,1,5.0
CUST00277,C02,2023-05-14,3,3,0,1930.50,643.5,8,2.67,7,CAT10,2025-04-18,2025-08-24,37,870,0.0,0.6667,0.6667,0.3333,0,
CUST00278,C02,2024-10-28,4,4,0,2246.50,561.63,13,2.5,10,CAT01,2025-05-28,2025-09-15,15,337,0.0,0.5,0.0,0.25,0,
CUST00279,C01,2024-08-24,9,8,1,4589.40,573.68,34,3.5,10,CAT01,2025-04-11,2025-09-18,12,402,0.1111,0.1111,0.1111,0.125,2,4.5
CUST00280,C02,2024-12-31,10,7,2,11367.00,1623.86,52,5.43,16,CAT10,2025-04-24,2025-07-21,71,273,0.2,0.3,0.4,0.4286,2,5.0
CUST00281,C03,2024-01-31,2,2,0,1342.90,671.45,5,2.0,3,CAT18,2025-04-26,2025-06-07,115,608,0.0,0.5,1.0,0.5,0,
CUST00282,C01,2025-07-02,2,2,0,740.00,370.0,8,2.5,5,CAT04,2025-07-13,2025-08-08,53,90,0.0,0.5,0.5,0.0,0,
CUST00283,C03,2024-03-24,7,7,0,5732.00,818.86,29,2.86,9,CAT17,2025-04-29,2025-09-25,5,555,0.0,0.5714,0.5714,0.0,1,5.0
CUST00284,C01,2025-08-05,1,1,0,2555.00,2555.0,7,6.0,5,CAT15,2025-08-25,2025-08-25,36,56,0.0,1.0,0.0,0.0,0,
CUST00285,C01,2025-05-04,4,3,1,3334.00,1111.33,16,4.0,7,CAT05,2025-06-15,2025-09-23,7,149,0.25,0.0,0.75,0.0,0,
CUST00286,C01,2024-03-16,8,5,1,2501.00,500.2,20,3.2,9,CAT05,2025-04-18,2025-09-28,2,563,0.125,0.25,0.375,0.0,0,
CUST00287,C03,2024-12-19,3,2,1,895.60,447.8,7,2.5,4,CAT16,2025-06-04,2025-09-01,29,285,0.3333,0.6667,0.0,1.0,0,
CUST00288,C01,2024-09-30,6,6,0,1651.00,275.17,22,2.33,8,CAT08,2025-04-25,2025-07-27,65,365,0.0,0.5,0.1667,0.0,0,
CUST00289,C03,2025-08-29,3,3,0,4227.00,1409.0,25,5.0,9,CAT05,2025-09-06,2025-09-26,4,32,0.0,0.3333,0.3333,0.0,1,5.0
CUST00290,C02,2023-11-05,13,12,1,21313.20,1776.1,76,4.33,14,CAT15,2025-04-10,2025-08-21,40,695,0.0769,0.0769,0.5385,0.25,4,3.5
CUST00291,C03,2023-05-26,1,1,0,1840.00,1840.0,11,5.0,3,CAT13,2025-04-30,2025-04-30,153,858,0.0,0.0,0.0,0.0,1,4.0
CUST00292,C03,2024-11-15,1,1,0,55.00,55.0,1,1.0,1,CAT04,2025-08-25,2025-08-25,36,319,0.0,0.0,0.0,0.0,0,
CUST00293,C01,2023-12-07,5,4,1,7292.00,1823.0,35,5.75,11,CAT13,2025-04-27,2025-08-09,52,663,0.2,0.2,0.6,0.0,0,
CUST00294,C03,2023-01-02,1,1,0,1496.00,1496.0,10,4.0,3,CAT18,2025-08-23,2025-08-23,38,1002,0.0,0.0,1.0,0.0,0,
CUST00295,C01,2025-08-15,2,2,0,2400.30,1200.15,12,4.5,5,CAT05,2025-08-23,2025-09-01,29,46,0.0,0.0,0.5,0.5,0,
CUST00296,C01,2025-07-11,4,4,0,5335.50,1333.88,23,4.5,11,CAT17,2025-07-28,2025-09-25,5,81,0.0,0.25,0.0,0.5,0,
CUST00297,C02,2024-10-06,1,1,0,218.00,218.0,2,1.0,1,CAT12,2025-07-26,2025-07-26,66,359,0.0,0.0,1.0,0.0,0,
CUST00298,C01,2023-05-12,9,9,0,3633.40,403.71,22,1.89,11,CAT16,2025-04-11,2025-08-19,42,872,0.0,1.0,0.1111,0.2222,2,5.0
CUST00299,C01,2023-04-20,5,5,0,1132.00,226.4,10,1.6,6,CAT16,2025-06-16,2025-09-17,13,894,0.0,0.6,0.2,0.0,1,2.0
CUST00300,C02,2023-12-12,2,2,0,2169.00,1084.5,9,3.5,6,CAT17,2025-04-07,2025-09-26,4,658,0.0,0.5,0.0,0.0,0,
CUST00301,C02,2024-04-23,11,11,0,3081.20,280.11,28,1.91,11,CAT08,2025-04-10,2025-09-13,17,525,0.0,0.6364,0.1818,0.0909,2,5.0
CUST00302,C03,2024-11-19,4,4,0,5261.00,1315.25,19,4.25,10,CAT15,2025-04-19,2025-07-07,85,315,0.0,0.0,0.75,0.0,1,5.0
CUST00303,C01,2023-06-16,4,4,0,1157.40,289.35,15,2.5,7,CAT10,2025-05-26,2025-08-17,44,837,0.0,0.5,0.25,0.25,1,4.0
CUST00304,C01,2024-06-17,1,1,0,785.00,785.0,4,3.0,3,CAT18,2025-07-17,2025-07-17,75,470,0.0,1.0,0.0,0.0,0,
CUST00305,C03,2024-09-09,7,6,1,6728.50,1121.42,23,2.67,11,CAT17,2025-04-20,2025-08-28,33,386,0.1429,0.1429,0.5714,0.3333,1,5.0
CUST00306,C03,2024-04-06,4,4,0,1293.00,323.25,9,2.0,5,CAT19,2025-05-13,2025-09-15,15,542,0.0,0.25,0.0,0.0,0,
CUST00307,C03,2025-04-02,3,2,1,3488.00,1744.0,12,4.5,8,CAT18,2025-05-18,2025-06-21,101,181,0.3333,0.3333,0.6667,0.0,0,
CUST00308,C02,2025-05-16,4,4,0,2003.80,500.95,15,3.0,8,CAT08,2025-06-14,2025-08-14,47,137,0.0,1.0,0.25,0.25,1,5.0
CUST00309,C03,2023-04-15,3,2,1,1136.00,568.0,4,2.0,3,CAT17,2025-07-24,2025-08-31,30,899,0.3333,0.3333,0.3333,0.0,0,
CUST00310,C01,2025-09-01,0,0,0,0.00,,0,,0,,,,,29,,,,,0,
CUST00311,C02,2023-01-14,5,5,0,4672.80,934.56,25,2.8,8,CAT15,2025-04-05,2025-08-09,52,990,0.0,0.2,0.8,0.2,0,
CUST00312,C03,2025-03-03,2,1,0,543.00,543.0,3,2.0,2,CAT20,2025-04-22,2025-04-22,161,211,0.0,0.0,0.0,0.0,0,
CUST00313,C03,2025-08-29,2,2,0,1158.00,579.0,8,3.5,6,CAT17,2025-09-02,2025-09-28,2,32,0.0,0.0,0.5,0.0,0,
CUST00314,C03,2023-09-04,4,3,1,5487.65,1829.22,19,4.67,8,CAT14,2025-04-13,2025-07-26,66,757,0.25,0.0,0.75,0.3333,0,
CUST00315,C02,2025-03-08,3,3,0,1961.00,653.67,8,2.33,4,CAT15,2025-05-16,2025-06-22,100,206,0.0,0.3333,0.6667,0.0,1,5.0
CUST00316,C01,2025-07-06,3,3,0,2656.00,885.33,9,2.67,7,CAT16,2025-08-15,2025-09-14,16,86,0.0,0.0,0.6667,0.0,1,4.0
CUST00317,C03,2025-05-09,0,0,0,0.00,,0,,0,,,,,144,,,,,0,
CUST00318,C01,2023-08-19,1,1,0,1389.00,1389.0,9,5.0,4,CAT16,2025-08-04,2025-08-04,57,773,0.0,1.0,0.0,0.0,0,
CUST00319,C01,2024-07-06,21,19,2,9735.85,512.41,74,2.89,13,CAT11,2025-04-08,2025-09-15,15,451,0.0952,0.1429,0.2381,0.1053,3,4.33
CUST00320,C01,2023-05-28,2,2,0,1095.20,547.6,3,1.5,3,CAT17,2025-04-15,2025-08-08,53,856,0.0,0.0,0.0,0.5,0,
CUST00321,C01,2023-02-06,0,0,0,0.00,,0,,0,,,,,967,,,,,0,
CUST00322,C02,2024-09-06,2,2,0,6729.50,3364.75,26,8.0,9,CAT15,2025-07-16,2025-08-31,30,389,0.0,0.0,0.5,0.5,1,3.0
CUST00323,C02,2025-09-07,0,0,0,0.00,,0,,0,,,,,23,,,,,0,
CUST00324,C03,2025-07-12,3,3,0,2941.00,980.33,25,5.67,7,CAT03,2025-08-05,2025-09-26,4,80,0.0,0.0,0.3333,0.0,1,5.0
CUST00325,C01,2023-09-30,8,7,1,6038.80,862.69,27,3.43,13,CAT18,2025-05-10,2025-08-22,39,731,0.125,0.25,0.375,0.1429,1,4.0
CUST00326,C01,2025-05-01,5,2,1,1647.00,823.5,8,1.5,2,CAT18,2025-05-08,2025-06-23,99,152,0.2,0.2,0.0,0.0,0,
CUST00327,C01,2023-06-21,5,4,0,2301.00,575.25,13,1.75,6,CAT16,2025-04-08,2025-08-26,35,832,0.0,1.0,0.2,0.0,1,4.0
CUST00328,C03,2023-01-15,8,7,0,3771.15,538.74,28,2.86,11,CAT18,2025-05-09,2025-09-14,16,989,0.0,0.0,0.375,0.2857,3,2.67
CUST00329,C01,2024-08-13,5,3,2,935.00,311.67,10,2.33,6,CAT16,2025-06-13,2025-09-06,24,413,0.4,0.2,0.6,0.0,0,
CUST00330,C03,2024-02-21,4,2,1,1129.00,564.5,10,3.0,4,CAT17,2025-06-09,2025-08-25,36,587,0.25,0.5,0.25,0.0,0,
CUST00331,C01,2024-11-15,12,12,0,7767.80,647.32,46,3.0,14,CAT15,2025-04-06,2025-09-12,18,319,0.0,0.1667,0.25,0.0833,1,4.0
CUST00332,C03,2025-06-14,7,6,1,11394.50,1899.08,56,6.83,16,CAT15,2025-07-12,2025-09-29,1,108,0.1429,0.0,0.7143,0.1667,0,
CUST00333,C03,2025-09-16,0,0,0,0.00,,0,,0,,,,,14,,,,,0,
CUST00334,C03,2025-03-11,6,5,0,4676.00,935.2,23,4.0,11,CAT13,2025-05-25,2025-08-17,44,203,0.0,0.0,0.8333,0.0,1,3.0
CUST00335,C02,2024-02-17,3,2,1,1508.00,754.0,8,3.5,7,CAT14,2025-08-03,2025-08-14,47,591,0.3333,0.0,0.3333,0.0,0,
CUST00336,C01,2024-05-13,3,3,0,1094.40,364.8,4,1.0,3,CAT10,2025-04-11,2025-09-26,4,505,0.0,0.0,0.0,0.3333,2,3.0
CUST00337,C01,2024-01-17,16,15,1,10103.55,673.57,73,3.2,17,CAT01,2025-04-06,2025-09-19,11,622,0.0625,0.125,0.3125,0.1333,2,4.0
CUST00338,C02,2024-10-24,11,9,0,4408.00,489.78,28,2.11,8,CAT12,2025-05-02,2025-09-04,26,341,0.0,0.6364,0.0,0.0,2,4.5
CUST00339,C03,2024-04-23,1,1,0,29.40,29.4,1,1.0,1,CAT02,2025-05-10,2025-05-10,143,525,0.0,0.0,1.0,1.0,0,
CUST00340,C02,2024-12-13,6,6,0,1772.20,295.37,11,1.33,5,CAT12,2025-04-06,2025-09-04,26,291,0.0,0.8333,0.5,0.1667,0,
CUST00341,C03,2025-09-29,0,0,0,0.00,,0,,0,,,,,1,,,,,0,
CUST00342,C02,2024-11-10,3,3,0,2690.00,896.67,13,2.67,7,CAT15,2025-04-17,2025-06-28,94,324,0.0,1.0,0.3333,0.0,1,4.0
CUST00343,C03,2025-05-15,7,6,1,8081.10,1346.85,28,3.0,9,CAT17,2025-06-15,2025-09-21,9,138,0.1429,0.1429,0.4286,0.1667,1,5.0
CUST00344,C02,2024-08-08,1,0,0,0.00,,0,,0,,2025-04-02,,,418,0.0,0.0,0.0,,0,
CUST00345,C02,2024-04-29,1,1,0,398.00,398.0,2,2.0,2,CAT18,2025-09-27,2025-09-27,3,519,0.0,1.0,1.0,0.0,0,
CUST00346,C02,2023-12-30,1,1,0,1757.00,1757.0,8,7.0,5,CAT13,2025-06-14,2025-06-14,108,640,0.0,1.0,1.0,0.0,0,
CUST00347,C01,2023-06-26,2,2,0,3729.20,1864.6,24,7.0,10,CAT20,2025-04-27,2025-07-20,72,827,0.0,0.5,1.0,1.0,0,
CUST00348,C02,2024-09-04,9,8,1,4468.50,558.56,22,2.0,11,CAT15,2025-04-09,2025-09-23,7,391,0.1111,0.2222,0.0,0.25,2,5.0
CUST00349,C01,2025-02-25,2,2,0,2176.00,1088.0,13,3.0,5,CAT03,2025-04-11,2025-08-22,39,217,0.0,0.5,0.0,0.0,0,
CUST00350,C03,2024-08-30,8,8,0,4602.00,575.25,32,3.13,11,CAT05,2025-04-21,2025-09-23,7,396,0.0,0.125,0.125,0.375,2,3.0
CUST00351,C01,2024-07-14,10,8,1,3452.45,431.56,25,2.13,8,CAT12,2025-04-02,2025-09-18,12,443,0.1,0.7,0.1,0.25,0,
CUST00352,C03,2025-04-07,4,3,0,2108.40,702.8,10,2.67,7,CAT17,2025-06-17,2025-07-14,78,176,0.0,0.5,0.0,0.3333,1,4.0
CUST00353,C01,2023-01-22,16,16,0,13373.30,835.83,80,3.63,18,CAT05,2025-04-21,2025-09-09,21,982,0.0,0.125,0.1875,0.125,4,3.25
CUST00354,C02,2023-04-07,6,6,0,5234.60,872.43,23,2.67,8,CAT17,2025-04-01,2025-07-26,66,907,0.0,0.0,0.5,0.3333,3,4.33
CUST00355,C03,2025-09-16,0,0,0,0.00,,0,,0,,,,,14,,,,,0,
CUST00356,C02,2023-02-06,4,4,0,4378.75,1094.69,18,3.25,8,CAT13,2025-04-03,2025-08-31,30,967,0.0,0.0,0.25,0.25,0,
CUST00357,C03,2023-09-22,2,2,0,3184.00,1592.0,12,4.5,5,CAT17,2025-05-17,2025-09-22,8,739,0.0,0.5,0.5,0.0,0,
CUST00358,C03,2024-12-30,15,15,0,17916.50,1194.43,86,4.13,19,CAT13,2025-04-05,2025-09-28,2,274,0.0,0.2,0.6667,0.0667,4,4.25
CUST00359,C01,2023-11-27,7,6,1,4717.80,786.3,33,3.5,12,CAT16,2025-04-16,2025-09-18,12,673,0.1429,0.1429,0.2857,0.1667,1,2.0
CUST00360,C03,2024-11-08,2,1,0,474.00,474.0,9,4.0,4,CAT01,2025-06-13,2025-06-19,103,326,0.0,0.0,0.0,0.0,0,
CUST00361,C03,2025-07-02,21,18,1,27806.30,1544.79,123,4.78,20,CAT15,2025-07-02,2025-09-21,9,90,0.0476,0.0952,0.7143,0.1667,2,2.5
CUST00362,C01,2024-12-02,7,7,0,2833.10,404.73,29,3.14,9,CAT11,2025-04-01,2025-09-22,8,302,0.0,0.2857,0.1429,0.2857,1,3.0
CUST00363,C01,2025-04-07,6,5,1,4042.30,808.46,20,3.0,13,CAT17,2025-04-19,2025-09-30,0,176,0.1667,0.0,0.1667,0.2,1,4.0
CUST00364,C02,2025-07-30,3,3,0,4574.40,1524.8,15,4.67,7,CAT15,2025-08-09,2025-09-06,24,62,0.0,0.3333,1.0,0.3333,0,
CUST00365,C03,2025-06-28,3,3,0,2721.00,907.0,19,4.67,9,CAT14,2025-07-27,2025-08-23,38,94,0.0,0.3333,0.6667,0.0,1,5.0
CUST00366,C03,2025-08-05,2,1,1,109.50,109.5,2,1.0,1,CAT07,2025-08-31,2025-08-31,30,56,0.5,1.0,0.5,1.0,1,5.0
CUST00367,C03,2024-12-11,16,16,0,5962.30,372.64,36,1.75,10,CAT19,2025-04-06,2025-09-24,6,293,0.0,0.6875,0.4375,0.25,5,3.6
CUST00368,C02,2024-10-24,16,12,2,5257.60,438.13,40,2.17,11,CAT18,2025-04-01,2025-09-28,2,341,0.125,0.875,0.1875,0.0833,3,3.0
CUST00369,C03,2023-04-23,19,16,1,16381.00,1023.81,70,3.06,14,CAT17,2025-04-20,2025-09-29,1,891,0.0526,0.3684,0.1579,0.0,2,3.0
CUST00370,C03,2023-08-13,0,0,0,0.00,,0,,0,,,,,779,,,,,0,
CUST00371,C01,2025-04-21,14,13,0,5904.40,454.18,28,1.62,12,CAT19,2025-04-26,2025-09-21,9,162,0.0,0.6429,0.2857,0.1538,0,
CUST00372,C01,2023-09-12,3,3,0,1767.00,589.0,6,2.0,6,CAT17,2025-04-03,2025-08-04,57,749,0.0,0.3333,0.3333,0.0,0,
CUST00373,C01,2025-05-27,4,4,0,746.90,186.73,12,2.0,6,CAT12,2025-07-23,2025-09-28,2,126,0.0,0.5,0.5,0.5,0,
CUST00374,C02,2024-09-15,14,12,1,8189.50,682.46,60,3.92,15,CAT17,2025-04-03,2025-09-25,5,380,0.0714,0.0714,0.3571,0.25,2,2.5
CUST00375,C01,2024-05-20,15,13,1,7027.95,540.61,47,2.54,14,CAT08,2025-04-15,2025-09-03,27,498,0.0667,0.6,0.2667,0.2308,2,3.5
CUST00376,C01,2025-05-13,0,0,0,0.00,,0,,0,,,,,140,,,,,0,
CUST00377,C02,2024-05-09,9,7,1,4516.00,645.14,25,2.14,9,CAT11,2025-05-13,2025-09-17,13,509,0.1111,0.2222,0.3333,0.0,1,4.0
CUST00378,C03,2025-08-17,0,0,0,0.00,,0,,0,,,,,44,,,,,0,
CUST00379,C01,2025-06-24,3,2,0,3123.00,1561.5,16,5.0,6,CAT10,2025-07-06,2025-07-29,63,98,0.0,0.0,0.6667,0.0,0,
CUST00380,C02,2025-08-16,1,1,0,437.90,437.9,4,3.0,3,CAT03,2025-09-18,2025-09-18,12,45,0.0,0.0,0.0,1.0,0,
CUST00381,C03,2025-08-18,0,0,0,0.00,,0,,0,,,,,43,,,,,0,
CUST00382,C01,2025-01-24,0,0,0,0.00,,0,,0,,,,,249,,,,,0,
CUST00383,C01,2023-01-02,4,4,0,3392.40,848.1,28,4.5,12,CAT17,2025-04-10,2025-09-25,5,1002,0.0,0.0,0.0,0.25,1,5.0
CUST00384,C03,2024-08-26,6,6,0,8158.40,1359.73,34,4.33,10,CAT15,2025-04-27,2025-09-15,15,400,0.0,0.0,0.8333,0.3333,0,
CUST00385,C02,2024-09-15,3,3,0,7759.00,2586.33,30,7.33,13,CAT15,2025-08-08,2025-09-28,2,380,0.0,0.0,0.3333,0.3333,0,
CUST00386,C01,2025-09-13,4,4,0,2778.20,694.55,17,3.5,9,CAT15,2025-09-14,2025-09-25,5,17,0.0,0.75,0.5,0.25,1,5.0
CUST00387,C03,2024-05-19,3,3,0,3279.50,1093.17,15,4.0,8,CAT19,2025-06-01,2025-09-04,26,499,0.0,0.0,0.3333,0.3333,0,
CUST00388,C02,2023-05-18,4,3,1,2443.55,814.52,8,1.33,4,CAT12,2025-04-27,2025-06-06,116,866,0.25,0.25,0.5,0.3333,1,4.0
CUST00389,C01,2025-03-05,10,8,0,1985.50,248.19,11,1.25,7,CAT15,2025-04-21,2025-08-09,52,209,0.0,0.5,0.1,0.125,2,4.5
CUST00390,C02,2023-09-23,2,2,0,3146.00,1573.0,12,3.5,7,CAT16,2025-08-16,2025-08-17,44,738,0.0,0.5,1.0,0.0,0,
CUST00391,C01,2024-03-12,2,0,1,0.00,,0,,0,,2025-06-15,,,567,0.5,0.5,0.5,,1,5.0
CUST00392,C02,2024-12-06,5,4,1,1719.00,429.75,9,2.0,6,CAT01,2025-04-12,2025-09-28,2,298,0.2,0.0,0.8,0.0,0,
CUST00393,C02,2023-08-21,2,2,0,753.00,376.5,2,1.0,2,CAT17,2025-04-15,2025-05-05,148,771,0.0,0.0,0.0,0.0,0,
CUST00394,C03,2025-01-18,9,9,0,6023.55,669.28,34,2.67,11,CAT18,2025-04-12,2025-09-27,3,255,0.0,0.1111,0.3333,0.1111,0,
CUST00395,C02,2024-05-06,41,35,0,20889.15,596.83,158,3.17,19,CAT01,2025-04-02,2025-09-25,5,512,0.0,0.1463,0.2927,0.1143,4,4.75
CUST00396,C01,2023-07-12,1,1,0,149.00,149.0,5,4.0,3,CAT04,2025-06-27,2025-06-27,95,811,0.0,0.0,0.0,0.0,0,
CUST00397,C02,2023-07-02,28,28,0,9508.20,339.58,70,1.86,14,CAT17,2025-04-17,2025-09-23,7,821,0.0,0.6429,0.1429,0.1071,3,3.33
CUST00398,C01,2024-06-02,18,17,1,10057.00,591.59,74,3.41,14,CAT05,2025-04-14,2025-09-23,7,485,0.0556,0.1111,0.2778,0.0588,3,4.0
CUST00399,C03,2024-10-06,2,2,0,1363.35,681.68,9,3.0,5,CAT13,2025-05-27,2025-08-30,31,359,0.0,1.0,0.5,0.5,1,5.0
CUST00400,C01,2024-09-11,6,6,0,8032.10,1338.68,40,5.17,18,CAT05,2025-04-06,2025-09-15,15,384,0.0,0.0,0.6667,0.3333,2,3.5
CUST00401,C02,2023-06-30,10,10,0,8738.50,873.85,54,3.5,15,CAT17,2025-04-21,2025-09-20,10,823,0.0,0.2,0.3,0.2,0,
CUST00402,C03,2024-02-10,4,3,0,4533.90,1511.3,19,3.33,8,CAT17,2025-04-21,2025-09-26,4,598,0.0,0.75,0.0,0.3333,0,
CUST00403,C03,2025-01-09,10,9,0,3506.40,389.6,34,2.56,11,CAT10,2025-04-01,2025-09-21,9,264,0.0,0.7,0.3,0.2222,2,4.0
CUST00404,C02,2023-07-28,8,8,0,6120.00,765.0,36,2.88,11,CAT15,2025-05-04,2025-09-19,11,795,0.0,0.5,0.5,0.0,0,
CUST00405,C03,2024-12-18,2,1,0,42.00,42.0,1,1.0,1,CAT02,2025-07-28,2025-09-29,1,286,0.0,1.0,0.0,0.0,0,
CUST00406,C02,2023-02-20,3,3,0,6278.40,2092.8,23,4.67,11,CAT17,2025-05-01,2025-09-06,24,953,0.0,0.3333,0.6667,0.3333,0,
CUST00407,C01,2023-08-27,3,3,0,3494.00,1164.67,18,3.0,5,CAT03,2025-04-25,2025-08-01,60,765,0.0,0.0,0.0,0.0,0,
CUST00408,C03,2025-06-03,4,4,0,4965.00,1241.25,25,4.5,12,CAT15,2025-06-10,2025-08-03,58,119,0.0,0.25,0.75,0.0,1,3.0
CUST00409,C03,2024-02-19,2,2,0,524.40,262.2,3,1.5,3,CAT14,2025-07-18,2025-08-30,31,589,0.0,0.5,0.5,0.5,0,
CUST00410,C03,2025-02-28,5,5,0,8164.00,1632.8,37,4.6,11,CAT15,2025-04-28,2025-09-06,24,214,0.0,0.2,0.4,0.0,1,3.0
CUST00411,C02,2025-08-01,3,1,2,588.00,588.0,2,2.0,2,CAT19,2025-08-02,2025-09-08,22,60,0.6667,0.0,0.6667,0.0,0,
CUST00412,C01,2023-12-24,3,0,3,0.00,,0,,0,,2025-05-22,,,646,1.0,0.3333,0.0,,0,
CUST00413,C03,2023-04-09,4,4,0,4122.40,1030.6,18,3.0,8,CAT13,2025-04-09,2025-08-18,43,905,0.0,0.0,0.25,0.5,0,
CUST00414,C01,2024-01-17,4,4,0,4652.90,1163.23,19,4.25,13,CAT13,2025-05-26,2025-09-06,24,622,0.0,0.0,0.25,0.25,0,
CUST00415,C02,2024-06-30,4,4,0,2874.80,718.7,20,3.5,10,CAT03,2025-04-30,2025-07-14,78,457,0.0,0.0,0.0,0.25,0,
CUST00416,C01,2023-05-19,2,2,0,1564.75,782.38,11,3.0,5,CAT13,2025-08-11,2025-08-16,45,865,0.0,0.0,0.5,0.5,0,
CUST00417,C03,2023-08-26,1,1,0,3121.00,3121.0,13,8.0,8,CAT19,2025-04-26,2025-04-26,157,766,0.0,0.0,1.0,0.0,1,4.0
CUST00418,C02,2024-12-21,3,3,0,7214.80,2404.93,22,4.67,7,CAT15,2025-04-20,2025-07-02,90,283,0.0,0.0,0.6667,0.6667,0,
CUST00419,C03,2024-11-23,2,2,0,455.00,227.5,4,2.0,3,CAT05,2025-04-27,2025-09-18,12,311,0.0,0.0,0.5,0.0,1,4.0
CUST00420,C03,2025-02-15,4,3,0,1232.20,410.73,8,1.67,5,CAT15,2025-04-26,2025-09-03,27,227,0.0,0.75,0.5,0.3333,2,2.5
CUST00421,C03,2023-01-21,3,2,0,2136.00,1068.0,12,4.0,6,CAT11,2025-05-04,2025-05-18,135,983,0.0,0.0,0.6667,0.0,1,3.0
CUST00422,C01,2023-09-06,3,2,1,156.00,78.0,2,1.0,1,CAT06,2025-05-04,2025-08-18,43,755,0.3333,0.3333,0.6667,0.0,0,
CUST00423,C02,2024-07-17,9,8,0,5259.80,657.48,33,3.0,13,CAT11,2025-04-21,2025-09-27,3,440,0.0,0.2222,0.2222,0.25,1,4.0
CUST00424,C02,2025-09-11,2,2,0,1024.00,512.0,4,2.0,4,CAT11,2025-09-12,2025-09-12,18,19,0.0,0.5,0.0,0.0,0,
CUST00425,C01,2024-06-19,4,3,1,2101.25,700.42,11,2.67,7,CAT12,2025-05-05,2025-08-16,45,468,0.25,0.5,0.25,0.3333,1,4.0
CUST00426,C02,2023-05-29,0,0,0,0.00,,0,,0,,,,,855,,,,,0,
CUST00427,C03,2025-02-26,8,8,0,4738.00,592.25,31,2.25,11,CAT19,2025-04-19,2025-09-26,4,216,0.0,0.125,0.5,0.0,0,
CUST00428,C02,2024-05-10,1,1,0,2515.40,2515.4,7,4.0,3,CAT15,2025-07-31,2025-07-31,61,508,0.0,0.0,0.0,1.0,0,
CUST00429,C03,2023-05-26,8,7,0,10191.75,1455.96,54,5.43,14,CAT05,2025-05-16,2025-08-26,35,858,0.0,0.375,0.25,0.5714,1,4.0
CUST00430,C02,2023-03-29,5,4,1,2861.00,715.25,20,3.25,9,CAT03,2025-04-22,2025-09-24,6,916,0.2,0.0,0.0,0.0,1,3.0
CUST00431,C01,2025-06-19,5,4,1,2377.00,594.25,13,2.75,9,CAT05,2025-06-28,2025-09-30,0,103,0.2,0.0,0.6,0.0,0,
CUST00432,C02,2023-06-24,12,11,0,9632.85,875.71,53,3.36,12,CAT17,2025-04-12,2025-08-30,31,829,0.0,0.0833,0.25,0.2727,0,
CUST00433,C01,2024-05-04,2,2,0,39.00,19.5,1,0.5,1,CAT04,2025-05-22,2025-09-16,14,514,0.0,1.0,0.0,0.0,1,5.0
CUST00434,C01,2024-02-21,1,1,0,366.00,366.0,5,3.0,3,CAT10,2025-05-04,2025-05-04,149,587,0.0,0.0,1.0,0.0,1,4.0
CUST00435,C03,2025-07-12,1,1,0,29841.00,29841.0,108,9.0,6,CAT10,2025-07-19,2025-07-19,73,80,0.0,0.0,1.0,0.0,1,5.0
CUST00436,C01,2025-08-19,0,0,0,0.00,,0,,0,,,,,42,,,,,0,
CUST00437,C02,2025-08-01,16,14,1,11147.30,796.24,72,3.71,13,CAT05,2025-08-03,2025-09-28,2,60,0.0625,0.125,0.5,0.1429,2,4.5
CUST00438,C01,2025-09-12,0,0,0,0.00,,0,,0,,,,,18,,,,,0,
CUST00439,C02,2023-12-07,3,3,0,1637.00,545.67,16,3.67,6,CAT10,2025-04-02,2025-05-29,124,663,0.0,0.0,0.0,0.0,0,
CUST00440,C01,2025-07-28,1,1,0,869.20,869.2,5,4.0,4,CAT01,2025-08-29,2025-08-29,32,64,0.0,1.0,0.0,1.0,0,
CUST00441,C01,2025-07-26,3,3,0,5389.00,1796.33,22,6.33,10,CAT14,2025-08-02,2025-09-20,10,66,0.0,0.0,1.0,0.0,0,
CUST00442,C02,2023-08-05,2,2,0,2656.00,1328.0,8,2.0,3,CAT18,2025-04-11,2025-06-05,117,787,0.0,0.0,0.0,0.0,0,
CUST00443,C01,2025-05-27,4,4,0,7863.25,1965.81,28,5.0,8,CAT13,2025-05-31,2025-09-02,28,126,0.0,0.25,0.5,0.5,1,5.0
CUST00444,C03,2025-06-25,0,0,0,0.00,,0,,0,,,,,97,,,,,0,
CUST00445,C01,2024-12-25,4,4,0,2491.00,622.75,15,3.0,10,CAT14,2025-04-22,2025-08-06,55,279,0.0,0.25,0.0,0.0,1,2.0
CUST00446,C03,2025-04-11,11,10,0,2505.10,250.51,20,1.8,11,CAT17,2025-04-30,2025-09-23,7,172,0.0,0.3636,0.1818,0.2,0,
CUST00447,C01,2023-03-13,2,2,0,253.00,126.5,5,2.0,3,CAT11,2025-06-13,2025-08-17,44,932,0.0,0.5,0.5,0.0,0,
CUST00448,C01,2025-07-14,0,0,0,0.00,,0,,0,,,,,78,,,,,0,
CUST00449,C03,2024-10-12,9,9,0,2366.10,262.9,24,2.0,9,CAT01,2025-04-02,2025-08-28,33,353,0.0,0.4444,0.2222,0.2222,0,
CUST00450,C03,2024-05-04,6,5,1,1410.00,282.0,13,2.2,7,CAT12,2025-05-15,2025-07-31,61,514,0.1667,0.3333,0.3333,0.0,1,4.0
CUST00451,C01,2023-10-16,3,3,0,3741.00,1247.0,13,3.0,5,CAT17,2025-05-01,2025-08-16,45,715,0.0,0.0,0.3333,0.0,0,
CUST00452,C01,2025-08-25,0,0,0,0.00,,0,,0,,,,,36,,,,,0,
CUST00453,C01,2025-09-08,0,0,0,0.00,,0,,0,,,,,22,,,,,0,
CUST00454,C03,2024-11-02,20,19,1,13149.50,692.08,99,3.16,13,CAT05,2025-04-01,2025-09-14,16,332,0.05,0.3,0.5,0.1053,6,4.5
CUST00455,C03,2025-04-03,9,7,2,2322.20,331.74,15,1.86,9,CAT12,2025-05-17,2025-09-02,28,180,0.2222,0.5556,0.3333,0.2857,0,
CUST00456,C01,2025-09-21,0,0,0,0.00,,0,,0,,,,,9,,,,,0,
CUST00457,C02,2024-04-09,6,4,2,3728.60,932.15,20,3.5,10,CAT19,2025-04-17,2025-09-02,28,539,0.3333,0.1667,0.0,0.25,0,
CUST00458,C01,2025-06-23,3,3,0,4383.00,1461.0,13,3.67,8,CAT15,2025-09-14,2025-09-20,10,99,0.0,0.0,0.6667,0.0,0,
CUST00459,C02,2025-01-31,2,2,0,1724.00,862.0,8,2.5,5,CAT13,2025-07-29,2025-08-02,59,242,0.0,0.0,0.5,0.0,0,
CUST00460,C01,2023-03-05,2,1,1,276.00,276.0,2,2.0,2,CAT03,2025-04-24,2025-04-24,159,940,0.5,0.0,0.0,0.0,1,1.0
CUST00461,C01,2024-03-05,4,4,0,1166.40,291.6,7,1.5,5,CAT17,2025-06-02,2025-09-19,11,574,0.0,0.25,0.0,0.25,0,
CUST00462,C03,2023-04-15,18,17,0,10700.00,629.41,64,2.88,15,CAT01,2025-04-08,2025-09-25,5,899,0.0,0.2222,0.1111,0.1176,1,3.0
CUST00463,C02,2023-10-17,4,4,0,695.00,173.75,15,2.25,5,CAT08,2025-04-13,2025-09-28,2,714,0.0,0.75,0.5,0.0,1,5.0
CUST00464,C03,2024-10-11,0,0,0,0.00,,0,,0,,,,,354,,,,,0,
CUST00465,C03,2024-06-15,8,8,0,6853.50,856.69,43,3.75,12,CAT17,2025-04-22,2025-09-15,15,472,0.0,0.0,0.25,0.25,1,4.0
CUST00466,C02,2025-07-29,3,3,0,1131.00,377.0,8,2.0,6,CAT15,2025-08-12,2025-09-29,1,63,0.0,0.6667,0.0,0.0,0,
CUST00467,C03,2025-07-16,8,7,1,3629.50,518.5,27,2.57,11,CAT05,2025-07-24,2025-09-26,4,76,0.125,0.25,0.25,0.2857,2,3.5
CUST00468,C01,2023-10-15,5,4,1,1448.00,362.0,12,2.25,6,CAT12,2025-05-05,2025-08-09,52,716,0.2,0.8,0.4,0.0,0,
CUST00469,C02,2024-07-16,11,11,0,6644.90,604.08,45,2.91,12,CAT05,2025-04-08,2025-08-24,37,441,0.0,0.2727,0.6364,0.2727,1,4.0
CUST00470,C01,2023-05-27,11,11,0,8101.00,736.45,30,2.27,11,CAT17,2025-04-05,2025-08-30,31,857,0.0,0.3636,0.5455,0.0,0,
CUST00471,C01,2023-10-24,5,4,0,1158.80,289.7,12,2.5,8,CAT01,2025-04-03,2025-07-31,61,707,0.0,0.2,0.4,0.25,0,
CUST00472,C01,2024-02-11,5,4,1,7690.00,1922.5,28,5.25,8,CAT10,2025-06-01,2025-08-30,31,597,0.2,0.2,0.6,0.0,0,
CUST00473,C02,2024-08-05,6,4,2,4289.50,1072.38,27,4.0,10,CAT17,2025-04-25,2025-08-08,53,421,0.3333,0.1667,0.3333,0.5,1,4.0
CUST00474,C01,2024-07-31,5,4,1,5547.15,1386.79,25,5.75,13,CAT15,2025-05-03,2025-08-16,45,426,0.2,0.4,0.6,0.5,0,
CUST00475,C03,2023-03-05,2,2,0,2009.00,1004.5,9,4.0,7,CAT17,2025-04-27,2025-09-20,10,940,0.0,0.0,1.0,0.0,1,4.0
CUST00476,C01,2024-11-02,0,0,0,0.00,,0,,0,,,,,332,,,,,0,
CUST00477,C01,2025-08-14,2,2,0,1359.00,679.5,11,4.0,8,CAT11,2025-09-02,2025-09-30,0,47,0.0,0.5,0.0,0.0,0,
CUST00478,C01,2024-03-06,8,6,0,8526.20,1421.03,38,4.67,13,CAT13,2025-04-05,2025-07-11,81,573,0.0,0.0,0.5,0.3333,1,1.0
CUST00479,C01,2023-03-01,3,3,0,4506.40,1502.13,21,5.0,9,CAT05,2025-07-15,2025-07-20,72,944,0.0,0.0,0.6667,0.6667,1,5.0
CUST00480,C02,2024-06-27,2,2,0,1403.00,701.5,10,3.0,5,CAT19,2025-06-22,2025-07-19,73,460,0.0,0.0,1.0,0.0,1,5.0
CUST00481,C01,2025-05-13,1,1,0,458.20,458.2,5,4.0,4,CAT11,2025-06-29,2025-06-29,93,140,0.0,0.0,1.0,1.0,0,
CUST00482,C01,2024-07-04,7,6,0,4167.00,694.5,28,3.5,10,CAT14,2025-04-03,2025-09-03,27,453,0.0,0.1429,0.1429,0.0,3,3.67
CUST00483,C01,2024-11-15,2,2,0,532.40,266.2,6,2.5,5,CAT15,2025-06-13,2025-06-21,101,319,0.0,0.5,0.5,1.0,0,
CUST00484,C01,2024-07-11,34,30,3,22681.65,756.06,132,3.2,19,CAT01,2025-04-08,2025-09-25,5,446,0.0882,0.0882,0.3529,0.2667,3,3.33
CUST00485,C02,2023-08-26,9,9,0,6840.20,760.02,32,2.33,13,CAT13,2025-04-04,2025-09-04,26,766,0.0,0.2222,0.2222,0.3333,1,4.0
CUST00486,C02,2025-02-28,18,16,1,14340.00,896.25,65,3.0,18,CAT17,2025-04-27,2025-09-26,4,214,0.0556,0.2778,0.1667,0.0,3,2.67
CUST00487,C02,2025-09-17,0,0,0,0.00,,0,,0,,,,,13,,,,,0,
CUST00488,C03,2023-06-12,2,2,0,2109.00,1054.5,7,2.5,5,CAT10,2025-06-03,2025-06-16,106,841,0.0,0.0,0.0,0.0,0,
CUST00489,C03,2025-02-10,5,4,1,6114.00,1528.5,17,3.0,6,CAT17,2025-04-04,2025-09-12,18,232,0.2,0.2,0.0,0.0,0,
CUST00490,C03,2023-07-23,4,4,0,1914.20,478.55,10,2.5,9,CAT16,2025-04-02,2025-09-26,4,800,0.0,0.25,0.0,0.5,2,4.0
CUST00491,C03,2025-09-25,0,0,0,0.00,,0,,0,,,,,5,,,,,0,
CUST00492,C03,2025-05-26,6,5,1,2731.50,546.3,18,2.8,9,CAT17,2025-05-27,2025-09-28,2,127,0.1667,0.3333,0.3333,0.2,1,5.0
CUST00493,C01,2024-05-05,8,7,1,5230.00,747.14,27,2.57,9,CAT17,2025-04-28,2025-09-18,12,513,0.125,0.375,0.125,0.0,0,
CUST00494,C02,2025-09-24,1,1,0,1335.00,1335.0,11,3.0,3,CAT02,2025-09-27,2025-09-27,3,6,0.0,0.0,1.0,0.0,0,
CUST00495,C03,2023-09-16,4,3,0,4589.70,1529.9,13,3.33,8,CAT17,2025-04-11,2025-06-03,119,745,0.0,0.5,0.0,1.0,3,3.67
CUST00496,C03,2023-10-21,8,6,2,5157.50,859.58,22,2.67,10,CAT17,2025-07-10,2025-09-15,15,710,0.25,0.125,0.125,0.3333,0,
CUST00497,C02,2023-04-12,12,12,0,19172.00,1597.67,40,1.58,8,CAT17,2025-05-18,2025-09-26,4,902,0.0,0.3333,0.4167,0.0,3,4.33
CUST00498,C02,2023-01-12,15,13,2,9144.20,703.4,65,3.31,14,CAT03,2025-04-01,2025-09-10,20,992,0.1333,0.2667,0.0667,0.2308,1,3.0
CUST00499,C02,2023-09-09,8,8,0,3984.00,498.0,24,2.38,15,CAT19,2025-04-05,2025-09-23,7,752,0.0,0.125,0.375,0.0,0,
CUST00500,C03,2024-06-06,10,10,0,11077.00,1107.7,40,2.7,11,CAT17,2025-04-02,2025-09-26,4,481,0.0,0.2,0.3,0.0,2,4.0
CUST00501,C03,2024-03-31,1,1,0,640.50,640.5,6,2.0,2,CAT05,2025-07-04,2025-07-04,88,548,0.0,0.0,0.0,1.0,0,
CUST00502,C01,2024-09-24,8,7,0,1467.80,209.69,15,1.71,6,CAT12,2025-05-07,2025-09-07,23,371,0.0,0.625,0.375,0.1429,2,4.0
CUST00503,C01,2023-04-14,10,8,1,3948.00,493.5,34,2.88,10,CAT03,2025-04-19,2025-07-19,73,900,0.1,0.2,0.4,0.125,4,4.25
CUST00504,C02,2024-10-28,7,6,1,8755.50,1459.25,48,5.0,14,CAT13,2025-04-30,2025-08-10,51,337,0.1429,0.1429,0.7143,0.1667,1,1.0
CUST00505,C03,2024-02-26,17,15,2,12338.75,822.58,58,3.07,16,CAT05,2025-04-04,2025-09-20,10,582,0.1176,0.0588,0.2941,0.0667,2,2.0
CUST00506,C03,2025-07-22,4,4,0,6110.00,1527.5,29,6.0,10,CAT15,2025-07-26,2025-09-13,17,70,0.0,0.0,1.0,0.0,1,3.0
CUST00507,C03,2023-10-27,1,1,0,1283.00,1283.0,8,6.0,5,CAT05,2025-07-31,2025-07-31,61,704,0.0,0.0,0.0,0.0,0,
CUST00508,C03,2024-05-22,4,3,0,1166.00,388.67,11,3.0,8,CAT05,2025-06-10,2025-08-23,38,496,0.0,0.0,0.25,0.0,2,3.0
CUST00509,C02,2023-09-22,5,5,0,7703.00,1540.6,34,4.6,10,CAT14,2025-04-04,2025-09-06,24,739,0.0,0.2,0.8,0.0,1,5.0
CUST00510,C03,2024-08-04,0,0,0,0.00,,0,,0,,,,,422,,,,,0,
CUST00511,C02,2024-10-19,3,3,0,4665.30,1555.1,19,5.0,11,CAT15,2025-04-02,2025-08-23,38,346,0.0,0.0,0.3333,0.3333,0,
CUST00512,C03,2023-06-25,8,7,1,2211.25,315.89,17,1.57,8,CAT19,2025-04-09,2025-08-01,60,828,0.125,0.5,0.0,0.4286,2,3.0
CUST00513,C02,2025-07-11,6,5,0,4132.00,826.4,20,2.0,8,CAT15,2025-07-15,2025-09-28,2,81,0.0,0.5,0.3333,0.0,1,5.0
CUST00514,C01,2023-07-25,0,0,0,0.00,,0,,0,,,,,798,,,,,0,
CUST00515,C02,2024-03-30,9,7,1,8394.20,1199.17,39,3.86,12,CAT11,2025-04-18,2025-08-29,32,549,0.1111,0.2222,0.3333,0.1429,0,
CUST00516,C03,2023-01-11,6,6,0,6366.00,1061.0,26,3.33,12,CAT15,2025-04-04,2025-09-26,4,993,0.0,0.0,0.1667,0.0,1,4.0
CUST00517,C02,2023-08-18,1,1,0,686.00,686.0,4,3.0,3,CAT05,2025-09-29,2025-09-29,1,774,0.0,0.0,0.0,0.0,1,4.0
CUST00518,C02,2025-07-03,4,3,0,5960.00,1986.67,28,6.0,8,CAT13,2025-07-20,2025-09-29,1,89,0.0,0.0,0.5,0.0,0,
CUST00519,C01,2025-04-14,16,16,0,9191.90,574.49,77,3.13,16,CAT01,2025-04-24,2025-09-23,7,169,0.0,0.25,0.125,0.125,3,4.0
CUST00520,C03,2023-05-18,6,5,1,2125.80,425.16,12,2.0,9,CAT17,2025-04-14,2025-09-17,13,866,0.1667,0.1667,0.3333,0.2,1,2.0
CUST00521,C03,2025-06-06,6,5,1,5185.80,1037.16,16,2.8,10,CAT17,2025-06-10,2025-09-21,9,116,0.1667,0.0,0.3333,0.4,1,5.0
CUST00522,C02,2025-05-25,0,0,0,0.00,,0,,0,,,,,128,,,,,0,
CUST00523,C02,2025-09-20,0,0,0,0.00,,0,,0,,,,,10,,,,,0,
CUST00524,C03,2025-05-07,10,8,2,3763.00,470.38,26,1.88,6,CAT12,2025-05-07,2025-09-04,26,146,0.2,0.8,0.2,0.125,2,5.0
CUST00525,C02,2024-10-15,4,2,1,3915.25,1957.63,16,5.0,9,CAT15,2025-04-12,2025-08-18,43,350,0.25,0.0,0.75,0.5,0,
CUST00526,C03,2023-11-18,9,9,0,4555.55,506.17,26,2.22,11,CAT18,2025-04-05,2025-09-19,11,682,0.0,0.3333,0.3333,0.1111,2,2.5
CUST00527,C02,2024-01-13,2,2,0,4062.00,2031.0,14,4.0,7,CAT17,2025-08-01,2025-09-08,22,626,0.0,1.0,0.0,0.0,0,
CUST00528,C03,2024-09-23,6,5,0,4029.00,805.8,22,3.6,13,CAT16,2025-04-04,2025-09-15,15,372,0.0,0.1667,0.1667,0.0,1,3.0
CUST00529,C02,2023-03-26,5,5,0,4462.20,892.44,16,2.4,10,CAT10,2025-08-30,2025-09-25,5,919,0.0,0.2,0.6,0.2,0,
CUST00530,C03,2023-02-07,1,1,0,762.50,762.5,4,3.0,3,CAT18,2025-07-21,2025-07-21,71,966,0.0,1.0,0.0,1.0,0,
CUST00531,C03,2023-07-09,8,8,0,2988.20,373.53,32,2.75,11,CAT05,2025-04-04,2025-08-25,36,814,0.0,0.375,0.25,0.125,0,
CUST00532,C03,2023-03-07,14,12,1,6678.20,556.52,61,3.5,14,CAT11,2025-04-06,2025-08-17,44,938,0.0714,0.0714,0.5,0.1667,1,4.0
CUST00533,C03,2023-10-22,6,6,0,6616.00,1102.67,44,5.0,14,CAT05,2025-04-10,2025-08-10,51,709,0.0,0.0,0.1667,0.0,3,3.67
CUST00534,C02,2023-11-09,12,11,1,19439.10,1767.19,79,4.82,16,CAT15,2025-04-27,2025-09-02,28,691,0.0833,0.4167,0.5,0.1818,1,1.0
CUST00535,C03,2024-07-26,6,6,0,2237.00,372.83,12,1.83,9,CAT17,2025-06-15,2025-08-31,30,431,0.0,0.6667,0.3333,0.0,0,
CUST00536,C03,2023-05-30,10,8,0,2379.00,297.38,19,1.75,8,CAT08,2025-04-18,2025-08-27,34,854,0.0,0.7,0.0,0.0,0,
CUST00537,C02,2023-12-16,1,1,0,462.00,462.0,2,1.0,1,CAT03,2025-06-18,2025-06-18,104,654,0.0,1.0,0.0,0.0,0,
CUST00538,C02,2023-05-05,4,4,0,4423.20,1105.8,24,4.25,8,CAT05,2025-06-14,2025-09-29,1,879,0.0,0.0,0.5,0.25,0,
CUST00539,C03,2025-09-14,0,0,0,0.00,,0,,0,,,,,16,,,,,0,
CUST00540,C01,2025-04-19,7,7,0,5853.80,836.26,38,4.0,11,CAT01,2025-05-09,2025-09-28,2,164,0.0,0.2857,0.2857,0.4286,2,5.0
CUST00541,C03,2023-06-02,18,17,0,11255.10,662.06,72,3.41,16,CAT05,2025-04-16,2025-09-28,2,851,0.0,0.1667,0.2778,0.1765,4,4.5
CUST00542,C02,2025-07-24,2,2,0,1412.00,706.0,15,4.0,6,CAT11,2025-08-18,2025-08-22,39,68,0.0,0.0,0.0,0.0,1,4.0
CUST00543,C02,2025-05-08,9,8,0,7654.00,956.75,40,3.13,10,CAT15,2025-05-12,2025-08-23,38,145,0.0,0.0,0.2222,0.0,4,4.25
CUST00544,C01,2023-05-02,1,1,0,114.00,114.0,1,1.0,1,CAT06,2025-09-22,2025-09-22,8,882,0.0,0.0,0.0,0.0,0,
CUST00545,C03,2024-05-24,18,15,2,10088.35,672.56,64,2.93,14,CAT03,2025-04-04,2025-09-29,1,494,0.1111,0.2222,0.1667,0.1333,1,4.0
CUST00546,C01,2024-07-24,6,5,0,3518.00,703.6,20,3.2,10,CAT17,2025-04-09,2025-08-30,31,433,0.0,0.1667,0.1667,0.0,1,5.0
CUST00547,C02,2024-07-05,10,9,1,8227.00,914.11,42,3.56,15,CAT17,2025-05-18,2025-09-22,8,452,0.1,0.2,0.4,0.0,0,
CUST00548,C02,2024-11-24,8,6,1,5875.10,979.18,25,3.0,11,CAT17,2025-04-09,2025-09-29,1,310,0.125,0.5,0.0,0.5,3,2.67
CUST00549,C01,2025-07-22,1,1,0,217.00,217.0,3,3.0,3,CAT05,2025-09-09,2025-09-09,21,70,0.0,0.0,0.0,0.0,0,
CUST00550,C03,2023-03-29,21,18,1,4913.25,272.96,45,2.0,12,CAT10,2025-04-27,2025-09-24,6,916,0.0476,0.619,0.4286,0.0556,3,3.33
CUST00551,C03,2024-09-04,5,4,1,3993.00,998.25,29,5.5,11,CAT18,2025-04-09,2025-08-26,35,391,0.2,0.6,0.4,0.0,2,3.0
CUST00552,C03,2024-08-09,8,6,2,6193.00,1032.17,29,3.67,13,CAT17,2025-04-01,2025-08-06,55,417,0.25,0.25,0.375,0.0,1,5.0
CUST00553,C02,2025-08-09,1,1,0,338.00,338.0,2,2.0,2,CAT08,2025-08-15,2025-08-15,46,52,0.0,0.0,0.0,0.0,0,
CUST00554,C03,2024-09-25,4,4,0,1309.90,327.48,9,1.5,4,CAT08,2025-04-28,2025-09-28,2,370,0.0,0.75,0.25,0.25,0,
CUST00555,C01,2025-08-10,0,0,0,0.00,,0,,0,,,,,51,,,,,0,
CUST00556,C01,2025-07-06,1,1,0,851.40,851.4,5,5.0,5,CAT14,2025-08-17,2025-08-17,44,86,0.0,0.0,1.0,1.0,0,
CUST00557,C02,2025-04-23,0,0,0,0.00,,0,,0,,,,,160,,,,,0,
CUST00558,C03,2024-11-26,5,5,0,1650.00,330.0,15,2.0,7,CAT12,2025-04-14,2025-09-14,16,308,0.0,0.6,0.4,0.0,1,3.0
CUST00559,C03,2024-01-08,4,3,1,6882.60,2294.2,28,6.0,8,CAT15,2025-04-12,2025-09-10,20,631,0.25,0.5,0.5,0.3333,0,
CUST00560,C01,2024-12-21,6,4,2,2095.50,523.88,10,1.5,6,CAT10,2025-04-01,2025-08-21,40,283,0.3333,0.5,0.0,0.25,3,4.67
CUST00561,C02,2025-08-04,6,5,1,2725.80,545.16,27,3.8,11,CAT03,2025-08-04,2025-09-20,10,57,0.1667,0.1667,0.1667,0.2,1,5.0
CUST00562,C01,2025-01-10,4,4,0,2451.00,612.75,10,2.25,7,CAT17,2025-05-02,2025-07-03,89,263,0.0,0.0,0.0,0.0,2,4.5
CUST00563,C03,2023-08-02,3,3,0,930.20,310.07,6,1.67,4,CAT15,2025-04-09,2025-08-14,47,790,0.0,1.0,0.3333,0.3333,0,
CUST00564,C01,2024-05-19,7,6,1,10856.50,1809.42,37,4.5,13,CAT17,2025-04-05,2025-09-21,9,499,0.1429,0.0,0.7143,0.1667,1,5.0
CUST00565,C03,2024-03-17,11,11,0,9632.80,875.71,38,3.0,14,CAT17,2025-04-02,2025-08-19,42,562,0.0,0.1818,0.2727,0.0909,3,2.33
CUST00566,C02,2025-05-23,2,2,0,988.00,494.0,6,2.5,3,CAT11,2025-06-21,2025-09-27,3,130,0.0,0.0,1.0,0.0,1,5.0
CUST00567,C01,2023-11-24,15,13,2,6535.10,502.7,54,3.38,16,CAT05,2025-04-03,2025-09-28,2,676,0.1333,0.2,0.2667,0.1538,3,4.33
CUST00568,C01,2023-09-13,10,8,2,8903.25,1112.91,50,4.13,15,CAT15,2025-04-05,2025-09-29,1,748,0.2,0.1,0.4,0.25,1,5.0
CUST00569,C01,2025-04-01,9,8,1,6669.00,833.63,41,3.75,11,CAT05,2025-04-10,2025-08-29,32,182,0.1111,0.2222,0.2222,0.125,0,
CUST00570,C01,2023-05-13,12,10,1,4245.30,424.53,44,3.3,9,CAT05,2025-04-17,2025-09-15,15,871,0.0833,0.4167,0.0,0.4,1,5.0
CUST00571,C01,2023-10-06,9,8,1,5676.10,709.51,35,2.75,13,CAT11,2025-04-10,2025-09-18,12,725,0.1111,0.1111,0.4444,0.125,1,4.0
CUST00572,C03,2024-01-28,8,7,0,3548.60,506.94,19,2.29,12,CAT17,2025-04-09,2025-09-04,26,611,0.0,0.25,0.0,0.4286,1,5.0
CUST00573,C01,2023-05-29,5,4,1,8975.00,2243.75,39,7.5,12,CAT13,2025-04-13,2025-09-13,17,855,0.2,0.0,0.8,0.0,1,5.0
CUST00574,C01,2023-09-26,5,5,0,2831.00,566.2,15,2.0,6,CAT15,2025-04-22,2025-09-12,18,735,0.0,0.8,0.4,0.0,0,
CUST00575,C01,2023-10-17,17,15,1,7927.70,528.51,67,3.33,16,CAT05,2025-04-01,2025-09-18,12,714,0.0588,0.2353,0.3529,0.2,4,3.5
CUST00576,C02,2025-03-15,4,4,0,654.20,163.55,8,1.5,4,CAT09,2025-08-05,2025-09-02,28,199,0.0,0.5,0.0,0.25,0,
CUST00577,C03,2023-03-08,2,2,0,1553.50,776.75,14,4.0,4,CAT05,2025-07-04,2025-07-11,81,937,0.0,0.0,0.0,0.5,0,
CUST00578,C01,2024-05-05,5,5,0,1959.00,391.8,16,2.8,10,CAT14,2025-05-12,2025-08-05,56,513,0.0,0.2,0.0,0.0,0,
CUST00579,C03,2024-11-19,15,15,0,11405.55,760.37,64,3.13,15,CAT17,2025-04-07,2025-09-29,1,315,0.0,0.1333,0.3333,0.1333,2,2.0
CUST00580,C01,2024-11-04,19,17,1,7565.00,445.0,60,2.41,11,CAT05,2025-04-02,2025-09-01,29,330,0.0526,0.1579,0.1579,0.0588,6,4.33
CUST00581,C02,2023-08-27,0,0,0,0.00,,0,,0,,,,,765,,,,,0,
CUST00582,C02,2024-02-13,4,4,0,4456.00,1114.0,26,4.25,11,CAT05,2025-05-07,2025-09-13,17,595,0.0,0.25,0.25,0.0,0,
CUST00583,C03,2023-01-21,6,6,0,11730.70,1955.12,44,4.33,13,CAT10,2025-04-08,2025-08-30,31,983,0.0,0.0,0.5,0.5,0,
CUST00584,C02,2023-05-08,4,3,1,4537.70,1512.57,15,3.33,5,CAT16,2025-05-24,2025-08-24,37,876,0.25,0.25,1.0,0.3333,1,3.0
CUST00585,C01,2025-07-31,0,0,0,0.00,,0,,0,,,,,61,,,,,0,
CUST00586,C02,2025-01-13,0,0,0,0.00,,0,,0,,,,,260,,,,,0,
CUST00587,C01,2023-06-01,3,3,0,1677.00,559.0,11,2.0,6,CAT01,2025-05-01,2025-08-27,34,852,0.0,0.3333,0.0,0.6667,0,
CUST00588,C03,2023-07-30,1,1,0,2384.00,2384.0,7,6.0,5,CAT15,2025-07-05,2025-07-05,87,793,0.0,0.0,1.0,0.0,1,4.0
CUST00589,C01,2024-08-10,2,2,0,2538.50,1269.25,14,4.0,5,CAT11,2025-06-26,2025-07-08,84,416,0.0,0.0,0.0,0.5,0,
CUST00590,C01,2024-06-17,1,1,0,532.00,532.0,3,2.0,1,CAT20,2025-07-16,2025-07-16,76,470,0.0,0.0,0.0,0.0,0,
CUST00591,C02,2024-11-03,11,11,0,4142.00,376.55,25,1.64,9,CAT12,2025-04-11,2025-08-14,47,331,0.0,0.4545,0.1818,0.0,2,4.5
CUST00592,C01,2024-12-12,1,1,0,1633.20,1633.2,7,4.0,3,CAT10,2025-08-09,2025-08-09,52,292,0.0,0.0,1.0,1.0,1,4.0
CUST00593,C01,2023-07-05,6,6,0,3470.70,578.45,31,3.83,8,CAT01,2025-04-14,2025-08-21,40,818,0.0,0.3333,0.1667,0.3333,0,
CUST00594,C02,2024-02-04,12,11,0,4195.75,381.43,25,1.91,11,CAT16,2025-04-01,2025-09-14,16,604,0.0,0.5833,0.3333,0.0909,5,4.8
CUST00595,C02,2024-12-15,2,1,1,458.00,458.0,4,3.0,3,CAT05,2025-05-22,2025-07-26,66,289,0.5,0.0,0.5,0.0,0,
CUST00596,C03,2023-07-06,17,17,0,8489.50,499.38,56,2.53,15,CAT05,2025-04-25,2025-09-30,0,817,0.0,0.1176,0.4118,0.1765,3,4.67
CUST00597,C03,2023-10-25,9,9,0,15454.60,1717.18,58,4.89,14,CAT17,2025-04-20,2025-08-31,30,706,0.0,0.2222,0.8889,0.4444,0,
CUST00598,C03,2025-07-08,1,1,0,265.00,265.0,5,3.0,3,CAT08,2025-09-27,2025-09-27,3,84,0.0,1.0,1.0,0.0,0,
CUST00599,C03,2025-07-15,1,1,0,1830.00,1830.0,6,6.0,4,CAT15,2025-07-31,2025-07-31,61,77,0.0,1.0,0.0,0.0,1,1.0
CUST00600,C01,2025-07-10,0,0,0,0.00,,0,,0,,,,,82,,,,,0,
CUST00601,C02,2024-04-09,6,5,1,3561.30,712.26,18,2.2,6,CAT08,2025-05-22,2025-06-15,107,539,0.1667,0.8333,0.3333,0.6,1,4.0
CUST00602,C03,2023-01-11,17,15,1,11087.75,739.18,72,3.4,15,CAT17,2025-04-16,2025-09-25,5,993,0.0588,0.2353,0.1765,0.3333,2,5.0
CUST00603,C01,2025-06-27,0,0,0,0.00,,0,,0,,,,,95,,,,,0,
CUST00604,C02,2023-11-15,11,10,1,7417.60,741.76,57,3.7,13,CAT11,2025-04-04,2025-09-03,27,685,0.0909,0.1818,0.2727,0.2,2,4.5
CUST00605,C03,2024-08-07,2,2,0,940.00,470.0,4,1.5,3,CAT17,2025-06-26,2025-08-03,58,419,0.0,0.5,0.5,0.0,0,
CUST00606,C02,2024-01-31,3,3,0,3975.00,1325.0,13,2.67,7,CAT17,2025-06-08,2025-08-21,40,608,0.0,0.6667,0.3333,0.0,0,
CUST00607,C03,2025-06-22,2,2,0,2056.20,1028.1,12,4.0,7,CAT19,2025-07-05,2025-09-26,4,100,0.0,0.0,0.5,0.5,0,
CUST00608,C02,2023-02-13,5,3,1,1020.00,340.0,9,2.0,6,CAT15,2025-04-29,2025-06-26,96,960,0.2,0.2,0.0,0.0,0,
CUST00609,C02,2023-06-05,5,4,0,175.00,43.75,4,1.0,3,CAT20,2025-04-09,2025-06-19,103,848,0.0,0.6,0.2,0.0,1,4.0
CUST00610,C03,2023-04-21,1,0,0,0.00,,0,,0,,2025-08-22,,,893,0.0,1.0,0.0,,0,
CUST00611,C02,2025-02-21,5,4,0,6803.40,1700.85,38,7.0,14,CAT05,2025-04-09,2025-09-28,2,221,0.0,0.2,0.4,0.5,1,4.0
CUST00612,C02,2024-01-31,4,3,1,3747.00,1249.0,15,3.0,6,CAT17,2025-05-28,2025-09-07,23,608,0.25,0.25,0.5,0.0,1,2.0
CUST00613,C01,2023-06-12,3,2,1,1431.00,715.5,5,2.5,5,CAT15,2025-04-27,2025-07-03,89,841,0.3333,0.3333,0.3333,0.0,0,
CUST00614,C02,2025-08-16,1,1,0,1208.00,1208.0,6,4.0,3,CAT05,2025-09-05,2025-09-05,25,45,0.0,0.0,0.0,0.0,0,
CUST00615,C01,2024-08-18,18,15,2,13065.50,871.03,82,3.8,16,CAT05,2025-04-10,2025-09-13,17,408,0.1111,0.0556,0.2222,0.0667,3,4.67
CUST00616,C01,2024-01-21,4,2,1,730.00,365.0,6,2.5,4,CAT05,2025-04-03,2025-07-06,86,618,0.25,0.25,0.5,0.0,0,
CUST00617,C02,2025-06-24,2,2,0,1583.00,791.5,7,2.0,4,CAT18,2025-07-31,2025-08-29,32,98,0.0,0.0,0.0,0.0,0,
CUST00618,C01,2024-06-04,8,7,1,4707.60,672.51,22,2.43,10,CAT19,2025-04-15,2025-09-18,12,483,0.125,0.125,0.0,0.1429,3,4.33
CUST00619,C02,2023-04-14,16,15,1,10996.15,733.08,66,3.13,16,CAT17,2025-04-21,2025-09-25,5,900,0.0625,0.125,0.25,0.2,1,4.0
CUST00620,C02,2025-02-19,4,4,0,3246.55,811.64,16,3.75,8,CAT13,2025-04-13,2025-08-19,42,223,0.0,0.0,0.25,0.75,1,2.0
CUST00621,C02,2023-11-09,5,5,0,2363.00,472.6,18,2.8,9,CAT05,2025-04-14,2025-09-19,11,691,0.0,0.0,0.2,0.0,0,
CUST00622,C02,2023-05-24,12,10,1,9847.40,984.74,59,4.0,12,CAT11,2025-04-26,2025-09-08,22,860,0.0833,0.1667,0.3333,0.1,2,2.5
CUST00623,C01,2025-03-01,19,17,2,10662.60,627.21,68,2.94,14,CAT18,2025-04-03,2025-09-24,6,213,0.1053,0.2105,0.3684,0.1765,2,3.5
CUST00624,C01,2025-05-30,2,2,0,2251.00,1125.5,6,1.5,3,CAT17,2025-08-11,2025-08-23,38,123,0.0,0.0,0.5,0.0,1,5.0
CUST00625,C03,2025-08-30,1,0,0,0.00,,0,,0,,2025-09-26,,,31,0.0,0.0,0.0,,0,
CUST00626,C01,2024-04-06,5,5,0,7680.80,1536.16,32,4.2,11,CAT15,2025-04-02,2025-09-08,22,542,0.0,0.2,0.6,0.2,0,
CUST00627,C01,2025-06-30,4,4,0,1956.90,489.23,10,2.0,6,CAT17,2025-07-14,2025-09-26,4,92,0.0,0.0,0.0,0.5,0,
CUST00628,C03,2025-05-31,1,1,0,1153.00,1153.0,7,4.0,4,CAT05,2025-07-16,2025-07-16,76,122,0.0,1.0,0.0,1.0,0,
CUST00629,C01,2023-04-17,3,3,0,801.05,267.02,5,1.67,4,CAT16,2025-04-29,2025-07-27,65,897,0.0,0.6667,0.3333,0.6667,0,
CUST00630,C01,2024-05-23,1,1,0,392.00,392.0,3,2.0,2,CAT08,2025-08-10,2025-08-10,51,495,0.0,0.0,1.0,0.0,1,4.0
CUST00631,C02,2023-11-08,8,7,1,4839.90,691.41,31,3.43,8,CAT05,2025-04-17,2025-09-10,20,692,0.125,0.25,0.25,0.2857,2,4.0
CUST00632,C01,2024-03-24,6,6,0,1594.00,265.67,20,2.67,8,CAT06,2025-04-27,2025-09-11,19,555,0.0,0.8333,0.1667,0.0,2,2.5
CUST00633,C02,2025-09-11,0,0,0,0.00,,0,,0,,,,,19,,,,,0,
CUST00634,C01,2023-08-12,6,6,0,1269.80,211.63,12,1.83,9,CAT19,2025-06-23,2025-08-26,35,780,0.0,0.0,0.1667,0.3333,0,
CUST00635,C01,2024-05-11,8,5,2,2667.00,533.4,13,2.6,8,CAT12,2025-04-21,2025-08-11,50,507,0.25,0.75,0.25,0.0,0,
CUST00636,C02,2023-12-27,4,4,0,1539.00,384.75,12,2.25,4,CAT08,2025-04-08,2025-09-08,22,643,0.0,0.75,0.0,0.0,2,3.5
CUST00637,C02,2025-06-14,2,2,0,4252.00,2126.0,8,2.5,3,CAT17,2025-07-03,2025-09-12,18,108,0.0,0.0,0.0,0.0,1,4.0
CUST00638,C03,2025-07-21,2,2,0,2061.00,1030.5,14,4.5,6,CAT19,2025-09-03,2025-09-19,11,71,0.0,0.0,0.0,0.0,0,
CUST00639,C02,2023-04-17,21,21,0,10092.50,480.6,66,2.57,13,CAT11,2025-04-04,2025-09-26,4,897,0.0,0.0476,0.1429,0.2857,8,4.13
CUST00640,C01,2025-09-13,0,0,0,0.00,,0,,0,,,,,17,,,,,0,
CUST00641,C03,2024-10-19,10,8,1,2433.00,304.13,24,2.38,9,CAT08,2025-04-11,2025-08-07,54,346,0.1,0.6,0.5,0.125,2,5.0
CUST00642,C03,2023-10-24,4,3,1,5745.00,1915.0,17,4.0,8,CAT15,2025-06-19,2025-09-26,4,707,0.25,0.5,0.0,0.0,1,5.0
CUST00643,C01,2023-07-04,7,6,1,2024.90,337.48,18,2.5,8,CAT05,2025-05-20,2025-09-09,21,819,0.1429,0.4286,0.2857,0.1667,1,4.0
CUST00644,C01,2025-08-20,0,0,0,0.00,,0,,0,,,,,41,,,,,0,
CUST00645,C02,2024-04-30,3,3,0,4310.60,1436.87,16,4.0,9,CAT18,2025-08-02,2025-08-29,32,518,0.0,0.3333,0.3333,0.6667,0,
CUST00646,C02,2025-03-03,12,11,1,7511.00,682.82,41,2.45,14,CAT17,2025-04-11,2025-09-21,9,211,0.0833,0.3333,0.25,0.0,2,3.0
CUST00647,C03,2025-02-18,10,10,0,3139.90,313.99,24,1.4,10,CAT14,2025-04-11,2025-09-28,2,224,0.0,0.6,0.3,0.2,1,5.0
CUST00648,C03,2023-10-05,1,1,0,1275.55,1275.55,4,2.0,2,CAT05,2025-07-22,2025-07-22,70,726,0.0,1.0,0.0,1.0,0,
CUST00649,C01,2025-04-14,5,4,1,1890.00,472.5,11,2.0,4,CAT12,2025-05-04,2025-09-30,0,169,0.2,0.8,0.2,0.0,0,
CUST00650,C01,2023-03-25,7,6,1,1369.00,228.17,10,1.5,6,CAT05,2025-04-10,2025-09-21,9,920,0.1429,0.8571,0.1429,0.0,2,4.5
CUST00651,C03,2025-05-03,6,5,1,2404.00,480.8,25,3.0,10,CAT03,2025-05-03,2025-09-06,24,150,0.1667,0.6667,0.5,0.4,1,4.0
CUST00652,C01,2025-06-14,8,8,0,5384.00,673.0,36,3.25,13,CAT17,2025-06-15,2025-08-18,43,108,0.0,0.125,0.375,0.25,2,3.5
CUST00653,C01,2025-03-05,15,15,0,9809.30,653.95,60,2.93,16,CAT17,2025-04-22,2025-09-22,8,209,0.0,0.2,0.3333,0.2,1,5.0
CUST00654,C03,2024-05-14,2,2,0,2638.00,1319.0,12,4.0,8,CAT13,2025-04-07,2025-08-18,43,504,0.0,0.5,0.0,0.0,0,
CUST00655,C02,2024-02-02,0,0,0,0.00,,0,,0,,,,,606,,,,,0,
CUST00656,C02,2023-02-08,11,9,1,7762.00,862.44,43,3.44,15,CAT17,2025-05-08,2025-09-19,11,965,0.0909,0.2727,0.1818,0.0,3,4.67
CUST00657,C03,2024-06-12,13,12,1,13636.00,1136.33,72,3.67,16,CAT15,2025-04-30,2025-09-25,5,475,0.0769,0.0,0.2308,0.5,0,
CUST00658,C02,2023-03-01,10,9,1,6536.55,726.28,28,2.22,14,CAT17,2025-04-26,2025-09-28,2,944,0.1,0.2,0.2,0.2222,2,3.5
CUST00659,C01,2023-08-31,7,6,1,11073.15,1845.53,49,5.67,13,CAT13,2025-05-21,2025-09-11,19,761,0.1429,0.0,0.4286,0.3333,1,5.0
CUST00660,C03,2023-04-28,2,1,0,512.00,512.0,3,2.0,2,CAT20,2025-07-17,2025-08-20,41,886,0.0,0.0,0.0,0.0,0,
CUST00661,C01,2023-09-03,1,1,0,42.00,42.0,1,1.0,1,CAT06,2025-08-20,2025-08-20,41,758,0.0,1.0,0.0,0.0,0,
CUST00662,C02,2025-07-25,0,0,0,0.00,,0,,0,,,,,67,,,,,0,
CUST00663,C03,2024-10-25,2,2,0,3233.00,1616.5,10,3.5,7,CAT17,2025-07-09,2025-07-21,71,340,0.0,0.0,0.0,0.0,1,5.0
CUST00664,C02,2024-10-24,7,7,0,1165.85,166.55,14,1.71,6,CAT08,2025-04-10,2025-09-30,0,341,0.0,0.4286,0.2857,0.2857,0,
CUST00665,C03,2024-02-26,9,8,0,3106.90,388.36,20,2.13,10,CAT05,2025-04-08,2025-09-22,8,582,0.0,0.1111,0.3333,0.25,1,5.0
CUST00666,C02,2025-05-29,1,1,0,617.00,617.0,8,5.0,5,CAT16,2025-06-21,2025-06-21,101,124,0.0,0.0,1.0,0.0,0,
CUST00667,C03,2024-10-06,6,5,0,5628.00,1125.6,31,4.0,11,CAT11,2025-05-03,2025-09-25,5,359,0.0,0.3333,0.1667,0.4,2,4.0
CUST00668,C02,2024-12-24,7,7,0,5236.25,748.04,20,1.86,8,CAT17,2025-04-13,2025-09-02,28,280,0.0,0.5714,0.4286,0.1429,1,3.0
CUST00669,C03,2025-07-01,5,5,0,2188.00,437.6,13,2.2,7,CAT17,2025-07-01,2025-09-05,25,91,0.0,0.0,0.6,0.0,0,
CUST00670,C02,2024-03-20,6,5,0,3612.40,722.48,27,3.8,10,CAT03,2025-04-11,2025-08-05,56,559,0.0,0.6667,0.1667,0.2,2,4.5
CUST00671,C01,2024-07-03,6,5,1,2593.00,518.6,27,3.0,8,CAT11,2025-04-07,2025-07-31,61,454,0.1667,0.1667,0.1667,0.0,1,5.0
CUST00672,C01,2024-08-08,4,4,0,5818.70,1454.68,23,4.25,9,CAT15,2025-05-31,2025-06-29,93,418,0.0,0.0,0.75,0.25,0,
CUST00673,C03,2024-09-22,6,6,0,4127.05,687.84,20,2.33,9,CAT17,2025-04-18,2025-08-22,39,373,0.0,0.8333,0.0,0.1667,0,
CUST00674,C03,2025-08-24,1,1,0,262.00,262.0,3,2.0,2,CAT19,2025-09-30,2025-09-30,0,37,0.0,1.0,0.0,0.0,0,
CUST00675,C01,2023-11-04,5,5,0,6429.25,1285.85,35,6.4,12,CAT10,2025-05-31,2025-08-31,30,696,0.0,0.0,0.6,0.2,0,
CUST00676,C03,2023-12-19,5,4,1,1142.00,285.5,9,1.5,4,CAT08,2025-05-19,2025-07-14,78,651,0.2,0.4,0.2,0.0,1,4.0
CUST00677,C03,2023-04-29,17,17,0,12292.70,723.1,73,3.24,16,CAT05,2025-04-20,2025-09-27,3,885,0.0,0.1765,0.4118,0.1176,3,4.67
CUST00678,C01,2023-01-24,13,11,0,7654.40,695.85,48,2.91,14,CAT05,2025-04-08,2025-09-20,10,980,0.0,0.3077,0.3077,0.1818,1,4.0
CUST00679,C03,2025-09-26,0,0,0,0.00,,0,,0,,,,,4,,,,,0,
CUST00680,C03,2025-07-31,4,4,0,3178.70,794.68,22,4.0,8,CAT19,2025-08-28,2025-09-23,7,61,0.0,0.25,0.5,0.5,1,4.0
CUST00681,C01,2025-07-20,1,1,0,333.00,333.0,7,4.0,4,CAT11,2025-09-08,2025-09-08,22,72,0.0,0.0,0.0,0.0,0,
CUST00682,C02,2024-07-27,0,0,0,0.00,,0,,0,,,,,430,,,,,0,
CUST00683,C03,2023-12-16,19,16,0,9889.05,618.07,80,3.44,14,CAT17,2025-04-09,2025-09-26,4,654,0.0,0.2632,0.2632,0.3125,2,3.5
CUST00684,C02,2024-02-16,10,8,1,1933.00,241.63,17,1.38,7,CAT12,2025-05-14,2025-09-15,15,592,0.1,0.7,0.1,0.0,2,4.0
CUST00685,C02,2023-05-11,6,5,1,2417.00,483.4,16,2.2,8,CAT13,2025-04-03,2025-09-23,7,873,0.1667,0.1667,0.0,0.0,1,5.0
CUST00686,C01,2023-11-26,5,5,0,3001.60,600.32,22,3.0,7,CAT02,2025-06-04,2025-09-21,9,674,0.0,0.4,0.2,0.4,1,5.0
CUST00687,C02,2025-09-06,1,1,0,303.00,303.0,1,1.0,1,CAT16,2025-09-14,2025-09-14,16,24,0.0,1.0,1.0,0.0,0,
CUST00688,C02,2024-05-24,2,2,0,3203.00,1601.5,17,6.0,8,CAT15,2025-06-07,2025-07-30,62,494,0.0,0.0,0.5,0.0,0,
CUST00689,C03,2023-01-27,2,1,1,1648.70,1648.7,9,4.0,4,CAT15,2025-04-11,2025-04-11,172,977,0.5,0.5,0.0,1.0,0,
CUST00690,C03,2023-09-21,4,4,0,1275.00,318.75,12,2.0,6,CAT08,2025-04-02,2025-09-17,13,740,0.0,1.0,0.25,0.0,2,4.5
CUST00691,C01,2025-02-25,8,7,1,3350.70,478.67,24,3.0,11,CAT17,2025-04-18,2025-08-27,34,217,0.125,0.375,0.125,0.2857,1,3.0
CUST00692,C03,2023-11-28,4,2,1,3618.50,1809.25,18,6.5,8,CAT05,2025-05-08,2025-07-26,66,672,0.25,0.0,0.75,0.5,0,
CUST00693,C03,2025-05-14,5,4,0,4032.30,1008.08,18,3.25,7,CAT15,2025-07-10,2025-09-13,17,139,0.0,0.0,0.6,0.25,0,
CUST00694,C01,2025-09-11,0,0,0,0.00,,0,,0,,,,,19,,,,,0,
CUST00695,C01,2025-07-25,2,2,0,3826.00,1913.0,11,4.0,6,CAT17,2025-08-27,2025-09-11,19,67,0.0,0.0,0.0,0.0,0,
CUST00696,C01,2025-05-28,0,0,0,0.00,,0,,0,,,,,125,,,,,0,
CUST00697,C01,2025-05-01,1,1,0,2188.00,2188.0,7,7.0,5,CAT13,2025-09-07,2025-09-07,23,152,0.0,0.0,1.0,0.0,0,
CUST00698,C01,2024-12-22,6,5,1,4225.00,845.0,27,4.0,10,CAT15,2025-04-26,2025-09-28,2,282,0.1667,0.1667,0.3333,0.0,2,3.5
CUST00699,C01,2024-11-27,2,2,0,1648.00,824.0,13,4.0,7,CAT10,2025-05-22,2025-09-21,9,307,0.0,0.0,0.5,0.0,1,4.0
CUST00700,C01,2023-02-14,1,1,0,725.00,725.0,6,6.0,5,CAT05,2025-04-30,2025-04-30,153,959,0.0,0.0,0.0,0.0,0,
CUST00701,C02,2024-03-21,2,1,1,586.00,586.0,5,3.0,3,CAT18,2025-05-02,2025-05-26,127,558,0.5,0.0,0.0,0.0,0,
CUST00702,C01,2023-02-16,2,2,0,879.00,439.5,5,2.5,5,CAT01,2025-06-02,2025-08-28,33,957,0.0,0.0,0.0,0.5,0,
CUST00703,C01,2025-05-21,2,2,0,2027.00,1013.5,8,3.0,6,CAT17,2025-07-29,2025-08-23,38,132,0.0,0.5,0.5,0.0,1,5.0
CUST00704,C02,2025-07-19,0,0,0,0.00,,0,,0,,,,,73,,,,,0,
CUST00705,C01,2024-09-22,1,1,0,22.00,22.0,1,1.0,1,CAT04,2025-05-01,2025-05-01,152,373,0.0,0.0,0.0,0.0,0,
CUST00706,C01,2025-02-19,1,1,0,922.00,922.0,1,1.0,1,CAT17,2025-08-23,2025-08-23,38,223,0.0,0.0,1.0,0.0,0,
CUST00707,C02,2025-07-20,0,0,0,0.00,,0,,0,,,,,72,,,,,0,
CUST00708,C03,2023-06-22,14,11,3,11693.00,1063.0,69,2.73,15,CAT08,2025-05-01,2025-08-27,34,831,0.2143,0.1429,0.1429,0.1818,2,3.5
CUST00709,C03,2025-05-17,0,0,0,0.00,,0,,0,,,,,136,,,,,0,
CUST00710,C02,2024-05-22,1,1,0,246.00,246.0,4,3.0,3,CAT20,2025-07-10,2025-07-10,82,496,0.0,0.0,0.0,0.0,0,
CUST00711,C02,2024-10-24,6,6,0,10537.00,1756.17,37,4.67,10,CAT17,2025-04-16,2025-09-21,9,341,0.0,0.1667,0.1667,0.0,0,
CUST00712,C01,2024-08-24,4,4,0,4335.00,1083.75,13,2.75,7,CAT11,2025-04-09,2025-06-27,95,402,0.0,0.25,0.0,0.0,1,3.0
CUST00713,C03,2025-02-22,8,8,0,6410.20,801.28,35,3.38,13,CAT01,2025-04-06,2025-09-29,1,220,0.0,0.0,0.25,0.125,2,4.0
CUST00714,C02,2024-04-07,4,4,0,3250.00,812.5,23,4.0,9,CAT16,2025-05-26,2025-09-17,13,541,0.0,0.25,0.0,0.25,3,4.0
CUST00715,C02,2025-06-21,5,5,0,6850.60,1370.12,37,4.2,12,CAT13,2025-06-26,2025-09-21,9,101,0.0,0.0,0.2,0.4,0,
CUST00716,C01,2023-08-27,10,8,1,5561.00,695.13,36,2.88,9,CAT05,2025-04-16,2025-09-16,14,765,0.1,0.1,0.0,0.0,1,5.0
CUST00717,C02,2024-05-23,3,3,0,2114.80,704.93,14,2.67,7,CAT10,2025-04-26,2025-09-13,17,495,0.0,0.0,1.0,0.6667,0,
CUST00718,C01,2024-04-30,3,3,0,2997.40,999.13,14,3.0,7,CAT15,2025-04-09,2025-09-19,11,518,0.0,0.0,0.0,0.3333,0,
CUST00719,C01,2023-12-06,4,4,0,983.00,245.75,7,1.5,6,CAT19,2025-04-07,2025-09-23,7,664,0.0,0.5,0.25,0.0,0,
CUST00720,C01,2024-02-08,1,1,0,266.00,266.0,1,1.0,1,CAT14,2025-09-21,2025-09-21,9,600,0.0,0.0,1.0,0.0,0,
CUST00721,C01,2024-03-29,16,11,1,5215.00,474.09,51,3.73,15,CAT18,2025-04-05,2025-09-24,6,550,0.0625,0.0625,0.375,0.0909,0,
CUST00722,C02,2025-01-16,8,8,0,11591.45,1448.93,54,5.13,16,CAT15,2025-04-13,2025-09-26,4,257,0.0,0.25,0.625,0.375,1,3.0
CUST00723,C02,2023-06-23,5,4,1,5220.80,1305.2,22,4.75,13,CAT05,2025-04-20,2025-09-12,18,830,0.2,0.2,0.8,0.5,0,
CUST00724,C03,2023-07-21,2,2,0,1292.00,646.0,10,4.5,6,CAT15,2025-04-13,2025-06-12,110,802,0.0,0.0,0.5,0.0,0,
CUST00725,C02,2024-04-14,4,4,0,5758.50,1439.63,35,6.75,14,CAT15,2025-04-22,2025-07-22,70,534,0.0,0.25,0.0,0.5,3,4.33
CUST00726,C03,2024-09-08,9,8,0,6464.95,808.12,45,3.75,13,CAT11,2025-05-03,2025-09-20,10,387,0.0,0.1111,0.2222,0.5,1,4.0
CUST00727,C02,2024-02-22,8,7,1,13282.20,1897.46,62,6.29,13,CAT15,2025-04-05,2025-09-14,16,586,0.125,0.375,0.75,0.1429,1,5.0
CUST00728,C03,2025-06-13,7,7,0,3699.00,528.43,38,3.43,13,CAT03,2025-06-19,2025-09-28,2,109,0.0,0.0,0.2857,0.2857,0,
CUST00729,C02,2024-02-09,2,2,0,766.60,383.3,5,2.5,5,CAT19,2025-05-14,2025-08-28,33,599,0.0,0.5,0.0,1.0,1,4.0
CUST00730,C03,2025-06-15,1,1,0,2877.00,2877.0,8,4.0,4,CAT19,2025-07-18,2025-07-18,74,107,0.0,1.0,0.0,0.0,1,5.0
CUST00731,C01,2023-09-22,6,6,0,2178.85,363.14,18,2.5,7,CAT17,2025-05-09,2025-09-03,27,739,0.0,0.6667,0.0,0.6667,1,5.0
CUST00732,C01,2024-02-14,2,2,0,94.00,47.0,2,1.0,2,CAT04,2025-04-17,2025-04-25,158,594,0.0,0.5,0.0,0.0,0,
CUST00733,C03,2024-04-15,45,38,6,27520.90,724.23,242,3.5,20,CAT05,2025-04-04,2025-09-26,4,533,0.1333,0.1556,0.2222,0.2895,14,4.29
CUST00734,C02,2025-09-25,0,0,0,0.00,,0,,0,,,,,5,,,,,0,
CUST00735,C03,2024-03-08,3,3,0,1874.00,624.67,10,2.0,6,CAT12,2025-05-24,2025-07-15,77,571,0.0,0.0,0.6667,0.0,0,
CUST00736,C01,2025-08-24,0,0,0,0.00,,0,,0,,,,,37,,,,,0,
CUST00737,C01,2025-08-11,1,1,0,160.90,160.9,2,2.0,2,CAT05,2025-09-16,2025-09-16,14,50,0.0,1.0,0.0,1.0,0,
CUST00738,C02,2025-07-06,2,1,1,193.00,193.0,1,1.0,1,CAT12,2025-07-19,2025-08-10,51,86,0.5,0.0,1.0,0.0,1,4.0
CUST00739,C01,2024-09-29,4,3,1,2612.10,870.7,10,2.0,6,CAT17,2025-05-19,2025-08-19,42,366,0.25,0.0,0.0,0.6667,1,3.0
CUST00740,C02,2025-07-02,1,1,0,496.00,496.0,3,3.0,3,CAT14,2025-07-10,2025-07-10,82,90,0.0,1.0,0.0,1.0,0,
CUST00741,C01,2023-09-19,5,5,0,9027.35,1805.47,34,5.0,10,CAT15,2025-05-17,2025-09-12,18,742,0.0,0.4,0.6,0.2,0,
CUST00742,C02,2023-12-10,1,1,0,56.00,56.0,1,1.0,1,CAT03,2025-07-16,2025-07-16,76,660,0.0,0.0,0.0,0.0,0,
CUST00743,C03,2024-07-04,20,18,1,13524.10,751.34,72,2.83,16,CAT13,2025-04-01,2025-09-28,2,453,0.05,0.05,0.5,0.1111,3,4.33
CUST00744,C03,2023-03-23,0,0,0,0.00,,0,,0,,,,,922,,,,,0,
CUST00745,C03,2025-03-08,8,8,0,10753.50,1344.19,47,4.0,13,CAT13,2025-05-04,2025-09-20,10,206,0.0,0.125,0.5,0.375,1,1.0
CUST00746,C02,2023-07-20,8,6,1,9849.40,1641.57,48,6.0,12,CAT10,2025-04-05,2025-09-20,10,803,0.125,0.125,0.5,0.1667,0,
CUST00747,C03,2025-01-11,1,1,0,289.00,289.0,1,1.0,1,CAT09,2025-07-04,2025-07-04,88,262,0.0,0.0,0.0,0.0,1,5.0
CUST00748,C01,2023-03-20,10,9,0,2854.50,317.17,29,2.33,12,CAT13,2025-04-06,2025-08-05,56,925,0.0,0.6,0.3,0.2222,1,4.0
CUST00749,C03,2025-04-07,2,2,0,1772.00,886.0,6,3.0,4,CAT15,2025-05-01,2025-05-17,136,176,0.0,0.0,0.5,0.0,2,4.0
CUST00750,C02,2024-11-01,8,8,0,1884.60,235.58,22,2.0,8,CAT08,2025-04-06,2025-08-03,58,333,0.0,0.5,0.375,0.125,2,3.0
CUST00751,C01,2025-04-21,2,2,0,1105.00,552.5,8,2.0,4,CAT20,2025-05-12,2025-09-14,16,162,0.0,0.0,0.5,0.0,0,
CUST00752,C01,2025-09-06,1,1,0,996.50,996.5,5,3.0,3,CAT08,2025-09-10,2025-09-10,20,24,0.0,0.0,0.0,1.0,0,
CUST00753,C03,2025-01-16,11,10,1,1846.00,184.6,18,1.3,7,CAT12,2025-04-13,2025-08-21,40,257,0.0909,0.6364,0.5455,0.0,1,4.0
CUST00754,C03,2024-12-01,2,2,0,1383.60,691.8,9,2.5,5,CAT16,2025-07-03,2025-08-20,41,303,0.0,0.5,0.0,0.5,0,
CUST00755,C03,2025-01-17,2,2,0,985.20,492.6,9,3.5,4,CAT15,2025-05-12,2025-08-23,38,256,0.0,0.5,0.5,0.5,0,
CUST00756,C03,2025-08-17,0,0,0,0.00,,0,,0,,,,,44,,,,,0,
CUST00757,C03,2024-06-06,4,4,0,4304.20,1076.05,21,3.75,10,CAT18,2025-04-22,2025-06-21,101,481,0.0,0.25,0.25,0.25,0,
CUST00758,C01,2024-10-01,6,5,1,2716.00,543.2,20,3.0,12,CAT05,2025-04-08,2025-08-05,56,364,0.1667,0.3333,0.1667,0.0,0,
CUST00759,C02,2024-09-28,5,5,0,7761.20,1552.24,32,4.8,12,CAT13,2025-04-10,2025-07-27,65,367,0.0,0.4,0.6,0.2,0,
CUST00760,C03,2024-10-30,3,2,0,88.00,44.0,2,1.0,1,CAT09,2025-07-12,2025-09-18,12,335,0.0,1.0,0.3333,0.0,0,
CUST00761,C03,2025-06-17,0,0,0,0.00,,0,,0,,,,,105,,,,,0,
CUST00762,C01,2024-09-07,6,5,0,4918.40,983.68,22,3.2,11,CAT05,2025-04-19,2025-08-30,31,388,0.0,0.0,0.6667,0.2,1,4.0
CUST00763,C02,2025-05-07,8,5,0,6057.75,1211.55,29,3.8,11,CAT17,2025-05-16,2025-08-10,51,146,0.0,0.75,0.375,0.2,0,
CUST00764,C03,2025-08-27,2,2,0,2284.00,1142.0,7,3.0,4,CAT17,2025-09-01,2025-09-27,3,34,0.0,0.0,0.5,0.0,1,4.0
CUST00765,C02,2025-08-12,0,0,0,0.00,,0,,0,,,,,49,,,,,0,
CUST00766,C02,2025-08-07,2,2,0,1226.00,613.0,9,2.5,5,CAT17,2025-08-21,2025-09-15,15,54,0.0,0.0,0.0,0.0,1,4.0
CUST00767,C02,2024-11-26,13,13,0,5861.40,450.88,32,2.0,13,CAT17,2025-04-04,2025-09-24,6,308,0.0,0.6923,0.3077,0.0769,1,5.0
CUST00768,C03,2025-06-12,2,1,0,2528.00,2528.0,7,4.0,3,CAT17,2025-07-28,2025-08-22,39,110,0.0,0.5,0.0,0.0,0,
CUST00769,C03,2023-01-24,7,6,0,4181.00,696.83,16,2.5,8,CAT17,2025-04-16,2025-08-01,60,980,0.0,0.0,0.2857,0.0,1,5.0
CUST00770,C02,2023-12-20,12,11,0,7844.00,713.09,38,2.82,13,CAT17,2025-04-02,2025-09-25,5,650,0.0,0.0,0.25,0.0909,1,5.0
CUST00771,C03,2023-09-08,19,16,2,12166.05,760.38,81,3.5,16,CAT17,2025-04-28,2025-09-27,3,753,0.1053,0.1053,0.2105,0.3125,5,3.6
CUST00772,C02,2024-04-17,6,4,1,4394.55,1098.64,31,4.5,7,CAT05,2025-04-09,2025-09-10,20,531,0.1667,0.0,0.3333,0.5,0,
CUST00773,C02,2024-10-29,4,3,0,2555.50,851.83,17,4.0,8,CAT01,2025-07-09,2025-09-24,6,336,0.0,0.0,0.0,0.3333,1,2.0
CUST00774,C01,2025-07-09,12,12,0,8226.35,685.53,65,3.58,13,CAT05,2025-07-09,2025-09-21,9,83,0.0,0.0833,0.25,0.25,1,4.0
CUST00775,C02,2025-08-10,3,3,0,2447.00,815.67,15,3.33,6,CAT01,2025-09-06,2025-09-26,4,51,0.0,0.3333,0.6667,0.0,0,
CUST00776,C03,2025-03-28,3,1,1,286.00,286.0,2,2.0,2,CAT19,2025-06-02,2025-09-10,20,186,0.3333,0.3333,0.0,0.0,0,
CUST00777,C01,2025-08-29,1,1,0,83.00,83.0,1,1.0,1,CAT14,2025-09-05,2025-09-05,25,32,0.0,1.0,0.0,0.0,0,
CUST00778,C01,2024-07-04,3,3,0,260.00,86.67,3,1.0,2,CAT12,2025-05-19,2025-06-30,92,453,0.0,0.3333,0.0,0.0,1,4.0
CUST00779,C02,2024-08-26,8,7,1,6652.75,950.39,27,3.0,12,CAT19,2025-04-05,2025-09-03,27,400,0.125,0.25,0.125,0.1429,3,3.67
CUST00780,C03,2024-08-21,36,32,4,21705.90,678.31,154,3.19,20,CAT05,2025-04-03,2025-09-16,14,405,0.1111,0.2778,0.2222,0.1563,5,3.2
CUST00781,C03,2023-12-25,2,1,0,1415.00,1415.0,6,5.0,5,CAT19,2025-06-01,2025-06-01,121,645,0.0,0.0,1.0,1.0,1,5.0
CUST00782,C02,2023-03-07,17,15,2,9448.60,629.91,59,2.67,13,CAT17,2025-04-08,2025-09-21,9,938,0.1176,0.4118,0.1176,0.2,2,3.5
CUST00783,C03,2025-06-10,6,5,1,4550.20,910.04,30,4.2,7,CAT11,2025-06-16,2025-08-28,33,112,0.1667,0.1667,0.0,0.2,1,5.0
CUST00784,C03,2023-12-04,4,3,0,3137.40,1045.8,16,3.0,6,CAT10,2025-04-27,2025-08-04,57,666,0.0,0.25,0.5,0.3333,1,3.0
CUST00785,C01,2024-12-22,3,2,1,4647.80,2323.9,22,6.5,8,CAT10,2025-04-16,2025-06-27,95,282,0.3333,0.0,0.3333,0.5,0,
CUST00786,C01,2023-01-31,16,12,3,9713.40,809.45,64,4.0,15,CAT03,2025-04-14,2025-09-30,0,973,0.1875,0.25,0.1875,0.0833,3,3.0
CUST00787,C01,2023-11-21,6,6,0,4487.20,747.87,35,3.5,9,CAT05,2025-04-03,2025-09-10,20,679,0.0,0.3333,0.3333,0.1667,1,5.0
CUST00788,C01,2023-11-28,2,1,1,932.40,932.4,4,2.0,2,CAT15,2025-04-17,2025-04-17,166,672,0.5,0.0,0.0,1.0,0,
CUST00789,C03,2024-12-17,1,1,0,478.25,478.25,2,2.0,2,CAT19,2025-05-30,2025-05-30,123,287,0.0,0.0,0.0,1.0,0,
CUST00790,C01,2025-01-20,13,12,1,3844.40,320.37,36,2.25,12,CAT03,2025-04-05,2025-09-19,11,253,0.0769,0.1538,0.3846,0.1667,2,4.5
CUST00791,C03,2025-04-17,4,3,1,672.00,224.0,8,1.67,4,CAT10,2025-04-28,2025-09-30,0,166,0.25,0.25,0.0,0.0,1,1.0
CUST00792,C01,2024-05-31,1,1,0,759.60,759.6,3,2.0,2,CAT17,2025-06-24,2025-06-24,98,487,0.0,0.0,0.0,1.0,0,
CUST00793,C01,2024-05-01,1,1,0,1622.00,1622.0,9,5.0,5,CAT17,2025-08-01,2025-08-01,60,517,0.0,0.0,0.0,0.0,1,3.0
CUST00794,C02,2023-01-22,6,6,0,5209.80,868.3,38,4.0,12,CAT14,2025-04-15,2025-09-14,16,982,0.0,0.1667,0.3333,0.1667,1,4.0
CUST00795,C02,2025-02-13,10,8,0,5008.60,626.08,37,3.38,8,CAT16,2025-04-30,2025-08-29,32,229,0.0,0.2,0.1,0.25,2,3.0
CUST00796,C02,2023-01-21,25,22,3,31558.30,1434.47,145,4.68,15,CAT15,2025-04-05,2025-09-28,2,983,0.12,0.2,0.6,0.1818,1,5.0
CUST00797,C02,2023-12-24,2,2,0,559.00,279.5,9,3.5,6,CAT14,2025-04-02,2025-08-03,58,646,0.0,0.0,0.5,0.0,1,5.0
CUST00798,C02,2024-05-24,7,7,0,3142.85,448.98,15,2.0,10,CAT17,2025-04-09,2025-09-27,3,494,0.0,0.2857,0.4286,0.4286,1,5.0
CUST00799,C02,2025-06-06,8,3,5,918.00,306.0,6,1.67,5,CAT12,2025-06-11,2025-09-09,21,116,0.625,0.75,0.0,0.0,1,2.0
CUST00800,C01,2023-11-10,1,1,0,136.30,136.3,3,3.0,3,CAT05,2025-09-17,2025-09-17,13,690,0.0,1.0,0.0,1.0,0,
CUST00801,C03,2025-05-16,18,14,1,7888.25,563.45,58,2.93,13,CAT05,2025-05-23,2025-09-26,4,137,0.0556,0.2778,0.5,0.0714,0,
CUST00802,C03,2024-08-06,15,14,0,11229.10,802.08,43,2.07,8,CAT17,2025-04-07,2025-09-27,3,420,0.0,0.3333,0.0667,0.0714,2,4.5
CUST00803,C02,2024-02-26,6,5,0,3276.20,655.24,21,2.8,7,CAT13,2025-04-07,2025-08-23,38,582,0.0,0.6667,0.3333,0.2,0,
CUST00804,C01,2024-10-15,4,4,0,2742.00,685.5,26,3.5,9,CAT11,2025-04-25,2025-08-30,31,350,0.0,0.25,0.25,0.0,0,
CUST00805,C01,2025-04-04,3,0,3,0.00,,0,,0,,2025-07-03,,,179,1.0,0.3333,0.0,,0,
CUST00806,C01,2023-01-03,3,1,0,410.00,410.0,4,2.0,2,CAT05,2025-05-11,2025-09-29,1,1001,0.0,0.3333,0.3333,0.0,0,
CUST00807,C02,2023-01-15,5,4,0,3355.00,838.75,21,3.0,6,CAT19,2025-04-01,2025-07-16,76,989,0.0,0.8,0.2,0.0,1,4.0
CUST00808,C02,2024-07-23,3,2,0,913.10,456.55,5,2.5,5,CAT15,2025-04-20,2025-04-26,157,434,0.0,0.0,0.6667,0.5,0,
CUST00809,C03,2023-06-19,1,1,0,721.00,721.0,5,4.0,4,CAT15,2025-06-08,2025-06-08,114,834,0.0,0.0,1.0,0.0,0,
CUST00810,C01,2024-10-15,3,3,0,1929.00,643.0,18,3.67,6,CAT12,2025-05-20,2025-08-26,35,350,0.0,0.3333,0.0,0.0,0,
CUST00811,C01,2025-03-06,3,2,1,2208.00,1104.0,11,5.0,7,CAT13,2025-06-05,2025-07-16,76,208,0.3333,0.3333,0.3333,0.0,0,
CUST00812,C03,2024-04-30,7,7,0,3025.20,432.17,23,2.57,11,CAT12,2025-04-03,2025-09-15,15,518,0.0,0.5714,0.1429,0.1429,0,
CUST00813,C02,2025-05-31,2,2,0,2028.00,1014.0,8,3.0,5,CAT13,2025-07-10,2025-08-22,39,122,0.0,1.0,0.0,0.0,0,
CUST00814,C01,2023-06-29,4,2,2,577.00,288.5,5,2.0,2,CAT09,2025-04-17,2025-07-30,62,824,0.5,0.5,0.5,0.0,0,
CUST00815,C02,2023-11-17,3,3,0,1514.60,504.87,16,4.33,9,CAT15,2025-06-06,2025-09-24,6,683,0.0,0.6667,0.3333,0.3333,1,4.0
CUST00816,C01,2024-06-25,7,7,0,12292.45,1756.06,48,5.0,15,CAT15,2025-04-16,2025-09-09,21,462,0.0,0.4286,0.4286,0.2857,1,2.0
CUST00817,C01,2025-07-09,0,0,0,0.00,,0,,0,,,,,83,,,,,0,
CUST00818,C01,2025-07-19,1,1,0,466.00,466.0,3,3.0,3,CAT16,2025-08-05,2025-08-05,56,73,0.0,0.0,0.0,0.0,0,
CUST00819,C02,2024-07-17,22,20,0,6388.00,319.4,49,1.65,13,CAT11,2025-04-01,2025-09-06,24,440,0.0,0.6818,0.4545,0.0,7,4.14
CUST00820,C02,2024-03-10,3,3,0,2005.60,668.53,11,2.67,6,CAT18,2025-05-17,2025-09-21,9,569,0.0,0.6667,0.6667,0.3333,0,
CUST00821,C01,2025-07-11,0,0,0,0.00,,0,,0,,,,,81,,,,,0,
CUST00822,C02,2024-11-16,7,7,0,3462.00,494.57,28,2.57,7,CAT11,2025-04-19,2025-08-29,32,318,0.0,0.2857,0.4286,0.0,1,3.0
CUST00823,C02,2024-07-17,25,19,5,4924.40,259.18,51,1.89,12,CAT08,2025-04-02,2025-09-24,6,440,0.2,0.72,0.2,0.1053,1,4.0
CUST00824,C02,2024-04-29,8,7,1,9670.00,1381.43,35,3.71,11,CAT17,2025-04-15,2025-09-06,24,519,0.125,0.75,0.25,0.0,0,
CUST00825,C02,2023-02-17,12,9,3,7836.00,870.67,46,3.78,13,CAT15,2025-04-03,2025-09-10,20,956,0.25,0.0833,0.1667,0.0,2,4.5
CUST00826,C03,2024-01-28,9,9,0,3249.00,361.0,33,2.56,12,CAT11,2025-04-12,2025-08-29,32,611,0.0,0.0,0.2222,0.0,1,2.0
CUST00827,C03,2023-04-01,15,12,1,7565.35,630.45,51,3.17,18,CAT17,2025-04-06,2025-09-26,4,913,0.0667,0.1333,0.4,0.1667,2,5.0
CUST00828,C02,2025-06-15,4,4,0,1807.15,451.79,8,1.75,6,CAT16,2025-07-20,2025-09-08,22,107,0.0,0.5,0.5,0.5,1,4.0
CUST00829,C03,2023-04-05,7,5,1,3736.55,747.31,24,3.2,9,CAT15,2025-04-01,2025-08-28,33,909,0.1429,0.4286,0.5714,0.2,1,3.0
CUST00830,C03,2023-12-11,10,9,1,5665.00,629.44,52,3.89,8,CAT03,2025-04-18,2025-09-25,5,659,0.1,0.1,0.0,0.1111,1,2.0
CUST00831,C02,2025-02-19,7,6,1,3554.00,592.33,20,2.17,9,CAT19,2025-04-13,2025-09-30,0,223,0.1429,0.8571,0.2857,0.0,1,4.0
CUST00832,C01,2025-03-09,5,5,0,1404.45,280.89,12,2.0,7,CAT12,2025-05-28,2025-09-28,2,205,0.0,0.8,0.2,0.6,2,3.5
CUST00833,C02,2024-02-16,3,3,0,1130.25,376.75,13,3.0,5,CAT08,2025-04-09,2025-05-31,122,592,0.0,0.6667,0.3333,0.3333,0,
CUST00834,C03,2024-12-28,3,3,0,323.30,107.77,3,1.0,3,CAT11,2025-05-29,2025-09-29,1,276,0.0,0.6667,0.0,0.3333,2,4.0
CUST00835,C02,2025-07-18,2,2,0,649.00,324.5,6,2.0,4,CAT13,2025-08-29,2025-09-26,4,74,0.0,0.0,0.0,0.0,0,
CUST00836,C01,2023-09-29,5,4,1,6828.35,1707.09,28,4.75,10,CAT19,2025-04-05,2025-09-25,5,732,0.2,0.0,0.4,0.25,2,5.0
CUST00837,C03,2024-08-19,3,2,1,3491.00,1745.5,10,2.5,5,CAT17,2025-07-28,2025-09-11,19,407,0.3333,0.3333,0.3333,0.0,0,
CUST00838,C03,2024-04-16,3,3,0,2395.00,798.33,10,3.0,7,CAT17,2025-04-30,2025-09-14,16,532,0.0,0.3333,0.6667,0.0,0,
CUST00839,C03,2024-01-10,3,3,0,931.00,310.33,11,2.67,6,CAT05,2025-06-01,2025-09-10,20,629,0.0,0.6667,0.6667,0.0,0,
CUST00840,C03,2025-05-06,1,1,0,735.25,735.25,4,3.0,3,CAT05,2025-08-12,2025-08-12,49,147,0.0,0.0,0.0,1.0,0,
CUST00841,C02,2025-09-01,0,0,0,0.00,,0,,0,,,,,29,,,,,0,
CUST00842,C03,2023-10-13,10,9,0,7941.25,882.36,42,3.33,10,CAT16,2025-04-04,2025-09-27,3,718,0.0,0.4,0.1,0.3333,1,5.0
CUST00843,C02,2024-12-23,10,10,0,8864.20,886.42,62,4.4,15,CAT05,2025-05-02,2025-09-14,16,281,0.0,0.1,0.2,0.1,2,5.0
CUST00844,C02,2023-07-01,6,4,1,1314.20,328.55,7,1.5,6,CAT19,2025-04-22,2025-09-26,4,822,0.1667,0.6667,0.0,0.25,2,2.5
CUST00845,C02,2025-09-07,1,1,0,129.00,129.0,2,2.0,2,CAT11,2025-09-29,2025-09-29,1,23,0.0,0.0,0.0,0.0,0,
CUST00846,C01,2025-05-23,0,0,0,0.00,,0,,0,,,,,130,,,,,0,
CUST00847,C02,2025-09-11,4,4,0,2325.60,581.4,22,3.5,7,CAT01,2025-09-11,2025-09-27,3,19,0.0,0.75,0.25,0.25,0,
CUST00848,C02,2023-03-26,11,9,1,7067.70,785.3,43,3.44,12,CAT17,2025-04-08,2025-08-20,41,919,0.0909,0.0909,0.1818,0.2222,1,5.0
CUST00849,C02,2024-05-08,5,5,0,3297.00,659.4,15,2.0,8,CAT16,2025-04-19,2025-07-11,81,510,0.0,0.6,0.4,0.0,0,
CUST00850,C01,2025-05-08,13,12,1,6969.00,580.75,50,2.92,13,CAT05,2025-05-12,2025-09-18,12,145,0.0769,0.1538,0.1538,0.1667,3,2.67
CUST00851,C02,2024-05-07,6,6,0,4306.35,717.73,23,3.33,14,CAT14,2025-05-02,2025-07-22,70,511,0.0,0.3333,0.1667,0.6667,1,3.0
CUST00852,C03,2024-02-29,4,4,0,214.40,53.6,7,1.5,4,CAT09,2025-04-13,2025-08-07,54,579,0.0,0.5,0.25,0.25,0,
CUST00853,C02,2024-09-10,17,13,3,8165.10,628.08,57,3.38,15,CAT05,2025-04-10,2025-09-10,20,385,0.1765,0.3529,0.2353,0.2308,1,5.0
CUST00854,C03,2023-02-05,2,1,1,1079.00,1079.0,3,3.0,2,CAT17,2025-04-27,2025-04-27,156,968,0.5,0.5,1.0,0.0,0,
CUST00855,C03,2025-04-23,2,2,0,246.20,123.1,5,1.5,3,CAT08,2025-05-08,2025-09-30,0,160,0.0,0.5,0.0,0.5,0,
CUST00856,C01,2023-01-01,5,4,1,838.60,209.65,7,1.25,4,CAT13,2025-04-29,2025-08-28,33,1003,0.2,0.4,0.4,0.25,1,5.0
CUST00857,C01,2023-09-11,10,10,0,25905.60,2590.56,93,5.4,14,CAT15,2025-04-12,2025-09-21,9,750,0.0,0.0,0.5,0.3,1,4.0
CUST00858,C01,2023-11-03,16,13,2,7554.30,581.1,60,3.85,13,CAT10,2025-04-04,2025-09-26,4,697,0.125,0.0,0.125,0.3077,0,
CUST00859,C03,2024-10-13,3,2,1,649.00,324.5,7,2.0,4,CAT03,2025-06-23,2025-09-02,28,352,0.3333,1.0,0.0,0.0,2,4.0
CUST00860,C02,2025-03-21,1,1,0,1895.00,1895.0,9,8.0,6,CAT15,2025-08-28,2025-08-28,33,193,0.0,0.0,0.0,0.0,0,
CUST00861,C03,2024-06-05,18,14,2,7046.30,503.31,43,2.14,12,CAT08,2025-04-02,2025-09-22,8,482,0.1111,0.7778,0.1667,0.1429,1,5.0
CUST00862,C02,2024-05-10,33,31,2,21738.50,701.24,163,3.71,18,CAT01,2025-04-18,2025-09-20,10,508,0.0606,0.1515,0.1818,0.1613,7,3.57
CUST00863,C02,2023-03-10,5,5,0,2673.60,534.72,21,3.4,11,CAT17,2025-05-03,2025-09-09,21,935,0.0,0.4,0.4,0.2,1,4.0
CUST00864,C03,2025-04-13,16,16,0,11422.50,713.91,72,3.06,15,CAT05,2025-05-03,2025-08-29,32,170,0.0,0.125,0.1875,0.25,2,5.0
CUST00865,C03,2024-02-13,2,1,1,36.00,36.0,1,1.0,1,CAT08,2025-04-25,2025-04-25,158,595,0.5,1.0,0.0,0.0,0,
CUST00866,C02,2024-12-21,6,4,1,4861.70,1215.43,24,4.5,11,CAT14,2025-04-06,2025-06-21,101,283,0.1667,0.0,0.6667,0.25,1,5.0
CUST00867,C03,2023-04-24,6,6,0,14300.80,2383.47,61,6.0,15,CAT10,2025-04-20,2025-09-19,11,890,0.0,0.1667,0.5,0.3333,1,5.0
CUST00868,C01,2025-07-08,3,3,0,2366.00,788.67,10,3.33,8,CAT14,2025-07-27,2025-09-13,17,84,0.0,0.0,1.0,0.0,0,
CUST00869,C03,2024-11-09,5,5,0,10277.70,2055.54,45,5.6,9,CAT15,2025-07-26,2025-09-27,3,325,0.0,0.2,0.6,0.2,0,
CUST00870,C02,2023-03-14,4,4,0,5344.00,1336.0,11,1.75,4,CAT17,2025-05-04,2025-06-25,97,931,0.0,0.5,0.25,0.0,0,
CUST00871,C01,2025-09-13,0,0,0,0.00,,0,,0,,,,,17,,,,,0,
CUST00872,C02,2023-07-04,5,5,0,9453.40,1890.68,36,5.2,13,CAT10,2025-04-14,2025-09-30,0,819,0.0,0.2,0.4,0.4,0,
CUST00873,C02,2023-03-30,2,2,0,1078.40,539.2,11,4.0,7,CAT16,2025-04-06,2025-08-16,45,915,0.0,0.5,1.0,1.0,0,
CUST00874,C02,2024-10-11,14,9,3,7406.75,822.97,37,2.89,11,CAT05,2025-04-12,2025-09-30,0,354,0.2143,0.1429,0.3571,0.1111,2,5.0
CUST00875,C01,2023-03-19,11,7,4,4269.00,609.86,38,3.29,9,CAT02,2025-04-09,2025-09-27,3,926,0.3636,0.2727,0.3636,0.1429,2,4.5
CUST00876,C01,2023-10-11,5,4,0,3941.90,985.48,25,4.5,10,CAT18,2025-05-09,2025-07-29,63,720,0.0,0.0,0.4,0.5,1,4.0
CUST00877,C01,2025-04-15,7,7,0,2674.80,382.11,24,2.14,8,CAT16,2025-04-17,2025-09-25,5,168,0.0,0.7143,0.1429,0.1429,0,
CUST00878,C03,2023-01-12,4,4,0,484.00,121.0,5,1.0,4,CAT20,2025-04-15,2025-07-21,71,992,0.0,0.25,0.0,0.0,1,1.0
CUST00879,C02,2025-09-20,0,0,0,0.00,,0,,0,,,,,10,,,,,0,
CUST00880,C01,2023-10-18,5,5,0,4121.55,824.31,21,3.0,9,CAT18,2025-04-28,2025-08-10,51,713,0.0,0.0,0.2,0.8,0,
CUST00881,C01,2024-12-28,4,4,0,6602.05,1650.51,29,6.5,13,CAT15,2025-04-27,2025-08-16,45,276,0.0,0.25,1.0,0.5,2,5.0
CUST00882,C03,2023-12-13,0,0,0,0.00,,0,,0,,,,,657,,,,,0,
CUST00883,C01,2025-07-18,6,5,1,3554.70,710.94,17,2.8,8,CAT16,2025-07-19,2025-08-21,40,74,0.1667,0.0,0.3333,0.4,1,3.0
CUST00884,C03,2025-04-17,1,1,0,773.00,773.0,3,2.0,2,CAT17,2025-05-21,2025-05-21,132,166,0.0,0.0,0.0,0.0,0,
CUST00885,C03,2024-12-20,12,12,0,15268.00,1272.33,74,2.58,13,CAT01,2025-04-03,2025-08-31,30,284,0.0,0.1667,0.1667,0.0,1,3.0
CUST00886,C01,2023-03-14,0,0,0,0.00,,0,,0,,,,,931,,,,,0,
CUST00887,C03,2023-07-12,5,4,0,1941.00,485.25,19,3.5,9,CAT05,2025-04-03,2025-09-22,8,811,0.0,0.0,0.2,0.0,0,
CUST00888,C03,2025-06-11,2,1,1,1302.00,1302.0,9,5.0,5,CAT13,2025-07-10,2025-09-13,17,111,0.5,0.0,0.5,0.0,0,
CUST00889,C02,2023-08-15,3,2,0,1004.30,502.15,2,1.0,2,CAT17,2025-04-09,2025-05-14,139,777,0.0,0.3333,0.0,0.5,1,4.0
CUST00890,C02,2023-12-15,10,9,0,4896.00,544.0,34,2.78,12,CAT16,2025-05-15,2025-07-18,74,655,0.0,0.1,0.1,0.0,2,2.5
CUST00891,C02,2024-03-31,21,19,1,13041.40,686.39,79,3.21,16,CAT01,2025-04-01,2025-09-29,1,548,0.0476,0.0476,0.381,0.2105,1,5.0
CUST00892,C03,2025-09-28,0,0,0,0.00,,0,,0,,,,,2,,,,,0,
CUST00893,C02,2023-02-17,4,3,0,1239.50,413.17,10,2.67,6,CAT01,2025-05-02,2025-08-16,45,956,0.0,0.25,0.25,0.3333,0,
CUST00894,C01,2023-05-12,15,14,1,9223.40,658.81,63,3.14,15,CAT01,2025-04-23,2025-09-28,2,872,0.0667,0.2667,0.2,0.3571,3,3.33
CUST00895,C02,2024-10-27,2,1,1,1088.50,1088.5,9,5.0,5,CAT15,2025-04-27,2025-04-27,156,338,0.5,1.0,0.5,1.0,0,
CUST00896,C03,2023-01-30,5,4,0,6150.40,1537.6,30,4.5,8,CAT11,2025-05-10,2025-09-10,20,974,0.0,0.2,0.8,0.25,1,4.0
CUST00897,C01,2023-11-15,9,9,0,11542.80,1282.53,62,5.22,16,CAT15,2025-04-01,2025-09-18,12,685,0.0,0.3333,0.3333,0.1111,3,4.33
CUST00898,C02,2024-11-22,4,3,1,2381.00,793.67,10,2.67,7,CAT16,2025-04-17,2025-09-02,28,312,0.25,0.25,0.25,0.6667,1,4.0
CUST00899,C02,2023-03-28,2,2,0,2301.20,1150.6,9,3.5,7,CAT13,2025-06-15,2025-09-06,24,917,0.0,0.0,1.0,0.5,1,4.0
CUST00900,C02,2023-02-10,5,5,0,9708.65,1941.73,35,5.0,10,CAT05,2025-05-31,2025-09-20,10,963,0.0,0.2,0.4,0.4,0,
CUST00901,C01,2023-09-02,6,5,0,2305.50,461.1,15,1.8,7,CAT10,2025-04-19,2025-08-11,50,759,0.0,0.3333,0.1667,0.2,0,
CUST00902,C01,2025-04-03,25,24,0,16823.35,700.97,117,3.63,18,CAT05,2025-04-06,2025-09-02,28,180,0.0,0.08,0.28,0.25,6,4.0
CUST00903,C01,2025-04-19,1,1,0,2010.00,2010.0,9,7.0,6,CAT18,2025-07-14,2025-07-14,78,164,0.0,0.0,0.0,0.0,0,
CUST00904,C02,2025-01-31,5,4,1,1952.00,488.0,10,2.5,7,CAT15,2025-05-03,2025-09-30,0,242,0.2,0.0,0.6,0.0,0,
CUST00905,C01,2025-02-03,15,13,0,7635.85,587.37,39,2.23,13,CAT17,2025-04-03,2025-09-27,3,239,0.0,0.5333,0.2667,0.1538,2,4.0
CUST00906,C03,2023-06-12,4,4,0,6641.00,1660.25,20,4.0,7,CAT17,2025-05-30,2025-09-02,28,841,0.0,0.25,0.0,0.0,1,5.0
CUST00907,C01,2023-01-08,9,8,1,9019.65,1127.46,41,3.88,9,CAT15,2025-04-12,2025-08-06,55,996,0.1111,0.3333,0.4444,0.375,2,3.5
CUST00908,C01,2025-08-31,0,0,0,0.00,,0,,0,,,,,30,,,,,0,
CUST00909,C03,2023-05-25,9,9,0,14513.00,1612.56,45,3.22,13,CAT17,2025-06-11,2025-09-30,0,859,0.0,0.3333,0.3333,0.1111,2,3.5
CUST00910,C02,2025-09-20,0,0,0,0.00,,0,,0,,,,,10,,,,,0,
CUST00911,C02,2024-10-23,9,8,0,1885.50,235.69,18,1.75,10,CAT08,2025-04-02,2025-09-02,28,342,0.0,0.4444,0.1111,0.125,1,5.0
CUST00912,C01,2023-01-16,6,5,1,3327.00,665.4,17,2.2,9,CAT16,2025-05-31,2025-08-09,52,988,0.1667,0.3333,0.3333,0.0,0,
CUST00913,C02,2023-03-29,3,3,0,1356.40,452.13,14,2.67,6,CAT15,2025-04-18,2025-07-31,61,916,0.0,1.0,0.0,0.3333,2,3.5
CUST00914,C01,2025-06-17,1,1,0,383.00,383.0,2,2.0,2,CAT08,2025-08-17,2025-08-17,44,105,0.0,1.0,1.0,0.0,1,4.0
CUST00915,C02,2024-04-01,13,12,1,7663.80,638.65,70,3.58,15,CAT18,2025-04-02,2025-09-27,3,547,0.0769,0.0769,0.3077,0.0833,1,5.0
CUST00916,C03,2025-01-15,2,2,0,2032.40,1016.2,13,3.5,7,CAT15,2025-04-14,2025-09-04,26,258,0.0,0.0,0.0,0.5,1,4.0
CUST00917,C02,2024-06-05,5,4,0,1216.80,304.2,8,2.0,6,CAT11,2025-04-22,2025-09-15,15,482,0.0,0.4,0.2,0.25,1,5.0
CUST00918,C01,2024-07-23,5,3,2,2714.50,904.83,13,3.0,8,CAT15,2025-05-29,2025-09-05,25,434,0.4,0.2,0.2,0.3333,1,5.0
CUST00919,C02,2025-05-31,8,8,0,4880.60,610.08,45,4.13,14,CAT18,2025-06-17,2025-09-16,14,122,0.0,0.375,0.375,0.375,1,5.0
CUST00920,C01,2025-04-01,2,2,0,832.60,416.3,6,1.5,3,CAT18,2025-04-26,2025-07-05,87,182,0.0,0.5,1.0,1.0,0,
CUST00921,C01,2025-03-06,9,9,0,2869.25,318.81,14,1.22,7,CAT17,2025-04-23,2025-09-28,2,208,0.0,0.5556,0.3333,0.2222,2,4.0
CUST00922,C03,2024-04-02,13,12,1,15552.60,1296.05,73,4.75,17,CAT15,2025-05-03,2025-09-27,3,546,0.0769,0.2308,0.5385,0.25,2,3.0
CUST00923,C02,2025-03-11,11,9,2,5707.60,634.18,35,2.67,12,CAT05,2025-04-02,2025-08-29,32,203,0.1818,0.0909,0.1818,0.1111,1,5.0
CUST00924,C03,2025-08-03,4,4,0,2406.20,601.55,19,3.0,11,CAT05,2025-08-10,2025-09-19,11,58,0.0,0.25,0.5,0.25,1,3.0
CUST00925,C02,2025-04-26,15,14,0,12385.40,884.67,62,3.43,18,CAT18,2025-05-03,2025-09-26,4,157,0.0,0.0667,0.4667,0.2143,3,4.33
CUST00926,C01,2025-03-09,4,3,0,6207.00,2069.0,22,6.33,10,CAT15,2025-05-11,2025-09-03,27,205,0.0,0.25,0.5,0.0,1,5.0
CUST00927,C03,2023-03-05,0,0,0,0.00,,0,,0,,,,,940,,,,,0,
CUST00928,C03,2025-03-07,8,7,1,14970.30,2138.61,58,6.29,17,CAT15,2025-04-12,2025-09-01,29,207,0.125,0.375,0.75,0.1429,1,3.0
CUST00929,C01,2025-09-02,0,0,0,0.00,,0,,0,,,,,28,,,,,0,
CUST00930,C01,2023-05-12,7,6,0,14571.25,2428.54,54,6.17,13,CAT15,2025-04-03,2025-09-23,7,872,0.0,0.4286,0.5714,0.1667,2,1.5
CUST00931,C02,2025-08-06,7,6,1,4391.00,731.83,37,4.67,12,CAT05,2025-08-08,2025-09-24,6,55,0.1429,0.0,0.0,0.0,0,
CUST00932,C02,2023-08-16,4,4,0,3608.25,902.06,25,4.25,9,CAT13,2025-05-12,2025-07-23,69,776,0.0,0.25,0.0,0.25,0,
CUST00933,C02,2023-05-13,6,4,2,3367.00,841.75,16,2.75,8,CAT18,2025-06-01,2025-09-18,12,871,0.3333,0.1667,0.3333,0.0,0,
CUST00934,C03,2023-09-28,17,17,0,5701.00,335.35,45,2.0,12,CAT08,2025-04-10,2025-09-17,13,733,0.0,0.7059,0.2941,0.1765,1,4.0
CUST00935,C01,2024-10-29,1,1,0,170.00,170.0,2,1.0,1,CAT11,2025-04-30,2025-04-30,153,336,0.0,0.0,0.0,0.0,0,
CUST00936,C01,2025-09-05,0,0,0,0.00,,0,,0,,,,,25,,,,,0,
CUST00937,C02,2024-03-30,11,10,1,5746.00,574.6,29,2.0,12,CAT12,2025-04-03,2025-09-26,4,549,0.0909,0.9091,0.2727,0.0,2,5.0
CUST00938,C02,2023-09-02,13,13,0,12606.30,969.72,81,4.0,16,CAT05,2025-04-07,2025-09-30,0,759,0.0,0.1538,0.0769,0.2308,1,5.0
CUST00939,C01,2024-05-28,5,5,0,1508.80,301.76,14,1.8,8,CAT13,2025-04-20,2025-08-02,59,490,0.0,0.8,0.6,0.2,0,
CUST00940,C03,2024-12-03,10,7,3,3548.60,506.94,22,2.43,10,CAT17,2025-05-13,2025-09-12,18,301,0.3,0.4,0.2,0.2857,0,
CUST00941,C03,2023-07-09,6,5,1,1188.15,237.63,14,2.0,5,CAT12,2025-04-15,2025-09-02,28,814,0.1667,0.3333,0.0,0.2,2,3.0
CUST00942,C03,2025-06-08,11,8,3,8149.00,1018.63,59,4.75,13,CAT01,2025-06-08,2025-09-24,6,114,0.2727,0.1818,0.3636,0.25,1,4.0
CUST00943,C03,2025-05-06,2,1,1,854.00,854.0,3,2.0,2,CAT12,2025-07-25,2025-07-25,67,147,0.5,0.5,0.0,0.0,0,
CUST00944,C03,2023-11-12,4,4,0,3023.00,755.75,15,3.25,8,CAT17,2025-06-08,2025-07-19,73,688,0.0,0.0,0.5,0.0,2,5.0
CUST00945,C02,2024-12-21,8,6,1,12867.00,2144.5,76,3.67,8,CAT03,2025-04-06,2025-08-26,35,283,0.125,0.0,0.5,0.0,2,2.5
CUST00946,C01,2025-05-20,1,1,0,1635.00,1635.0,6,4.0,4,CAT10,2025-07-15,2025-07-15,77,133,0.0,1.0,0.0,0.0,0,
CUST00947,C03,2024-11-12,4,4,0,1957.00,489.25,7,1.25,5,CAT17,2025-06-04,2025-08-05,56,322,0.0,0.0,0.0,0.0,2,2.5
CUST00948,C01,2023-09-30,12,11,1,8449.90,768.17,59,4.09,15,CAT16,2025-04-08,2025-09-16,14,731,0.0833,0.0833,0.4167,0.2727,0,
CUST00949,C02,2023-12-22,3,3,0,1266.00,422.0,7,1.67,4,CAT12,2025-05-16,2025-08-31,30,648,0.0,0.3333,0.6667,0.0,0,
CUST00950,C03,2024-08-19,14,13,0,6738.30,518.33,59,3.31,12,CAT19,2025-04-27,2025-09-18,12,407,0.0,0.3571,0.2143,0.3846,2,4.0
CUST00951,C02,2025-09-01,1,1,0,769.00,769.0,7,4.0,4,CAT19,2025-09-17,2025-09-17,13,29,0.0,1.0,0.0,0.0,0,
CUST00952,C01,2025-02-05,2,1,1,2317.00,2317.0,10,5.0,4,CAT14,2025-05-10,2025-09-26,4,237,0.5,0.0,0.5,0.0,0,
CUST00953,C02,2024-12-24,4,4,0,3282.00,820.5,10,2.0,7,CAT17,2025-07-08,2025-09-23,7,280,0.0,0.5,0.0,0.0,1,5.0
CUST00954,C02,2024-03-07,8,6,1,9181.20,1530.2,38,4.83,13,CAT15,2025-04-11,2025-08-23,38,572,0.125,0.125,0.625,0.1667,0,
CUST00955,C03,2025-05-01,3,3,0,677.40,225.8,12,2.67,5,CAT08,2025-06-15,2025-07-31,61,152,0.0,0.3333,0.6667,0.6667,0,
CUST00956,C03,2023-02-26,5,5,0,2619.00,523.8,13,2.2,7,CAT12,2025-04-24,2025-09-30,0,947,0.0,0.4,0.0,0.0,0,
CUST00957,C03,2024-06-25,15,14,1,6823.00,487.36,49,2.79,13,CAT11,2025-04-05,2025-09-19,11,462,0.0667,0.1333,0.3333,0.0,1,5.0
CUST00958,C03,2023-01-07,4,3,1,3420.80,1140.27,11,3.0,7,CAT17,2025-04-25,2025-09-14,16,997,0.25,0.75,0.25,0.3333,0,
CUST00959,C01,2024-01-21,2,2,0,3378.00,1689.0,21,5.0,8,CAT18,2025-07-05,2025-07-31,61,618,0.0,0.5,0.5,0.0,0,
CUST00960,C03,2024-10-30,2,1,0,1415.00,1415.0,5,4.0,4,CAT17,2025-04-25,2025-04-29,154,335,0.0,0.0,0.0,1.0,0,
CUST00961,C03,2023-11-27,4,4,0,6980.00,1745.0,24,4.0,8,CAT15,2025-05-24,2025-08-04,57,673,0.0,0.0,0.5,0.0,0,
CUST00962,C02,2023-05-27,2,2,0,242.00,121.0,3,1.5,3,CAT10,2025-04-05,2025-07-02,90,857,0.0,0.5,0.5,0.0,0,
CUST00963,C03,2024-08-30,10,8,1,2381.80,297.73,20,2.0,12,CAT11,2025-04-04,2025-09-06,24,396,0.1,0.1,0.2,0.125,4,3.5
CUST00964,C02,2023-11-19,1,1,0,40.00,40.0,1,1.0,1,CAT04,2025-06-29,2025-06-29,93,681,0.0,0.0,1.0,0.0,0,
CUST00965,C01,2025-06-25,1,1,0,1211.00,1211.0,5,4.0,4,CAT11,2025-07-09,2025-07-09,83,97,0.0,0.0,0.0,0.0,0,
CUST00966,C01,2023-09-09,0,0,0,0.00,,0,,0,,,,,752,,,,,0,
CUST00967,C02,2025-09-08,0,0,0,0.00,,0,,0,,,,,22,,,,,0,
CUST00968,C02,2025-03-24,2,2,0,1163.00,581.5,9,3.0,5,CAT17,2025-04-25,2025-09-13,17,190,0.0,1.0,0.5,0.0,0,
CUST00969,C02,2025-03-25,5,5,0,2804.00,560.8,14,2.4,9,CAT18,2025-05-01,2025-08-28,33,189,0.0,0.2,0.2,0.0,0,
CUST00970,C01,2024-01-02,27,26,0,16379.60,629.98,118,3.23,19,CAT19,2025-04-05,2025-09-29,1,637,0.0,0.1481,0.2222,0.2692,4,3.25
CUST00971,C03,2023-12-18,13,12,0,9371.60,780.97,72,3.67,15,CAT19,2025-04-15,2025-09-17,13,652,0.0,0.3077,0.2308,0.1667,1,5.0
CUST00972,C03,2024-03-24,17,16,1,15384.15,961.51,79,3.38,19,CAT15,2025-04-29,2025-09-23,7,555,0.0588,0.2353,0.1765,0.25,1,4.0
CUST00973,C02,2023-03-20,6,5,1,1837.75,367.55,9,1.6,6,CAT17,2025-04-05,2025-08-24,37,925,0.1667,0.6667,0.5,0.2,1,4.0
CUST00974,C02,2024-12-24,6,6,0,5708.20,951.37,31,4.33,12,CAT10,2025-05-03,2025-08-17,44,280,0.0,0.1667,0.5,0.1667,0,
CUST00975,C03,2025-08-12,1,1,0,273.60,273.6,5,3.0,3,CAT20,2025-08-13,2025-08-13,48,49,0.0,0.0,0.0,1.0,0,
CUST00976,C01,2023-08-01,13,13,0,12034.00,925.69,48,2.31,10,CAT18,2025-04-10,2025-09-02,28,791,0.0,0.3077,0.2308,0.0,4,3.75
CUST00977,C01,2023-08-04,10,10,0,6842.75,684.28,52,3.9,15,CAT17,2025-04-05,2025-09-22,8,788,0.0,0.1,0.2,0.2,2,3.0
CUST00978,C01,2025-04-09,3,2,1,2246.50,1123.25,11,5.0,8,CAT10,2025-05-11,2025-08-19,42,174,0.3333,0.0,0.3333,0.5,1,4.0
CUST00979,C01,2023-01-23,1,1,0,271.00,271.0,2,2.0,2,CAT18,2025-07-14,2025-07-14,78,981,0.0,0.0,0.0,0.0,0,
CUST00980,C03,2025-05-23,2,2,0,941.80,470.9,4,1.5,3,CAT15,2025-06-08,2025-09-04,26,130,0.0,0.0,0.5,0.5,0,
CUST00981,C02,2023-02-07,7,5,2,3581.70,716.34,28,3.8,10,CAT01,2025-04-07,2025-08-12,49,966,0.2857,0.1429,0.4286,0.4,1,5.0
CUST00982,C02,2023-11-24,20,19,1,13714.75,721.83,83,3.05,15,CAT03,2025-04-11,2025-09-13,17,676,0.05,0.1,0.4,0.1579,1,4.0
CUST00983,C02,2025-06-25,4,4,0,2056.60,514.15,16,3.0,6,CAT12,2025-07-14,2025-09-20,10,97,0.0,0.5,0.25,0.25,1,5.0
CUST00984,C01,2024-08-02,10,7,2,10670.80,1524.4,58,5.57,14,CAT10,2025-04-03,2025-07-20,72,424,0.2,0.2,0.5,0.1429,1,5.0
CUST00985,C03,2025-08-17,0,0,0,0.00,,0,,0,,,,,44,,,,,0,
CUST00986,C02,2024-05-27,0,0,0,0.00,,0,,0,,,,,491,,,,,0,
CUST00987,C03,2023-09-02,14,13,0,5603.00,431.0,42,2.0,11,CAT19,2025-04-01,2025-08-31,30,759,0.0,0.6429,0.2857,0.0,1,4.0
CUST00988,C03,2023-03-08,3,3,0,7473.50,2491.17,31,7.0,11,CAT14,2025-06-01,2025-07-20,72,937,0.0,0.0,1.0,0.3333,0,
CUST00989,C03,2025-02-28,13,11,1,9243.20,840.29,71,3.91,13,CAT03,2025-04-10,2025-09-06,24,214,0.0769,0.2308,0.4615,0.1818,1,4.0
CUST00990,C01,2025-05-14,12,9,2,3565.65,396.18,21,1.78,11,CAT13,2025-05-26,2025-09-19,11,139,0.1667,0.6667,0.3333,0.1111,3,4.33
CUST00991,C03,2025-05-08,1,1,0,23.00,23.0,1,1.0,1,CAT20,2025-08-21,2025-08-21,40,145,0.0,0.0,0.0,0.0,0,
CUST00992,C03,2023-01-12,5,5,0,2578.50,515.7,15,1.6,6,CAT05,2025-04-30,2025-09-30,0,992,0.0,0.0,0.0,0.2,0,
CUST00993,C03,2025-06-04,2,2,0,2655.00,1327.5,8,3.5,6,CAT17,2025-06-16,2025-08-31,30,118,0.0,0.0,0.5,0.0,0,
CUST00994,C03,2025-01-01,8,6,1,4044.50,674.08,32,3.83,11,CAT01,2025-05-02,2025-08-24,37,272,0.125,0.5,0.25,0.1667,1,5.0
CUST00995,C03,2024-03-06,2,2,0,1498.00,749.0,7,2.0,4,CAT05,2025-07-14,2025-09-08,22,573,0.0,0.0,0.0,0.0,0,
CUST00996,C03,2025-06-01,5,4,1,2469.00,617.25,19,3.5,10,CAT03,2025-07-16,2025-09-22,8,121,0.2,0.2,0.4,0.0,1,2.0
CUST00997,C03,2023-02-13,4,4,0,1563.00,390.75,15,2.25,7,CAT19,2025-08-15,2025-09-28,2,960,0.0,0.25,0.25,0.0,1,4.0
CUST00998,C01,2023-02-12,3,2,1,151.00,75.5,4,1.5,3,CAT06,2025-04-29,2025-05-10,143,961,0.3333,0.3333,0.3333,0.0,0,
CUST00999,C03,2024-09-12,6,4,0,3761.00,940.25,23,4.0,12,CAT15,2025-04-02,2025-08-19,42,383,0.0,0.1667,0.1667,0.0,1,4.0
CUST01000,C02,2025-02-03,1,1,0,85.00,85.0,1,1.0,1,CAT11,2025-09-26,2025-09-26,4,239,0.0,1.0,0.0,0.0,0,
CUST01001,C01,2025-05-11,2,2,0,531.00,265.5,7,2.5,5,CAT01,2025-05-26,2025-08-17,44,142,0.0,1.0,0.5,0.0,0,
CUST01002,C03,2023-06-20,11,10,1,5704.70,570.47,46,3.3,13,CAT16,2025-05-07,2025-09-25,5,833,0.0909,0.2727,0.1818,0.2,2,5.0
CUST01003,C03,2025-05-14,5,4,1,5033.30,1258.33,25,3.25,7,CAT10,2025-06-19,2025-08-19,42,139,0.2,0.0,0.2,0.25,1,4.0
CUST01004,C02,2025-02-13,4,4,0,2999.00,749.75,12,2.0,7,CAT18,2025-04-01,2025-05-08,145,229,0.0,1.0,0.0,0.0,1,4.0
CUST01005,C01,2024-09-17,2,2,0,767.00,383.5,5,2.0,4,CAT01,2025-06-28,2025-09-22,8,378,0.0,1.0,0.5,0.0,0,
CUST01006,C01,2023-04-25,0,0,0,0.00,,0,,0,,,,,889,,,,,0,
CUST01007,C03,2025-09-14,0,0,0,0.00,,0,,0,,,,,16,,,,,0,
CUST01008,C03,2025-04-17,4,3,1,860.00,286.67,5,1.0,3,CAT15,2025-05-31,2025-09-25,5,166,0.25,0.5,0.25,0.0,0,
CUST01009,C01,2024-05-16,0,0,0,0.00,,0,,0,,,,,502,,,,,0,
CUST01010,C01,2023-07-20,0,0,0,0.00,,0,,0,,,,,803,,,,,0,
CUST01011,C01,2025-06-17,1,1,0,2771.00,2771.0,9,7.0,6,CAT18,2025-09-22,2025-09-22,8,105,0.0,1.0,0.0,0.0,0,
CUST01012,C03,2025-04-06,1,1,0,788.80,788.8,2,2.0,2,CAT17,2025-06-12,2025-06-12,110,177,0.0,0.0,0.0,1.0,0,
CUST01013,C03,2024-06-09,3,3,0,770.00,256.67,9,2.0,5,CAT12,2025-05-08,2025-07-13,79,478,0.0,0.6667,0.3333,0.0,0,
CUST01014,C02,2024-07-15,23,20,3,12131.85,606.59,104,3.8,19,CAT01,2025-04-04,2025-09-25,5,442,0.1304,0.087,0.3043,0.3,3,4.0
CUST01015,C01,2023-07-13,1,0,1,0.00,,0,,0,,2025-04-21,,,810,1.0,0.0,0.0,,0,
CUST01016,C01,2023-08-18,0,0,0,0.00,,0,,0,,,,,774,,,,,0,
CUST01017,C03,2023-04-25,10,10,0,6203.00,620.3,42,2.8,10,CAT03,2025-05-02,2025-09-15,15,889,0.0,0.3,0.5,0.0,0,
CUST01018,C03,2023-04-09,4,4,0,2324.75,581.19,16,3.25,8,CAT19,2025-05-22,2025-09-14,16,905,0.0,0.0,0.25,0.25,0,
CUST01019,C02,2024-10-24,8,8,0,5740.00,717.5,23,2.25,8,CAT19,2025-04-01,2025-09-25,5,341,0.0,0.125,0.125,0.0,1,4.0
CUST01020,C01,2024-10-29,8,8,0,3042.40,380.3,34,3.25,12,CAT08,2025-05-03,2025-08-06,55,336,0.0,0.375,0.125,0.125,1,4.0
CUST01021,C03,2025-03-05,5,5,0,4091.00,818.2,25,3.6,10,CAT11,2025-04-08,2025-08-18,43,209,0.0,0.2,0.2,0.0,1,5.0
CUST01022,C03,2024-08-07,7,6,1,3914.00,652.33,21,1.83,9,CAT15,2025-06-12,2025-08-15,46,419,0.1429,0.7143,0.2857,0.0,0,
CUST01023,C02,2023-11-07,1,1,0,59.00,59.0,1,1.0,1,CAT03,2025-05-21,2025-05-21,132,693,0.0,0.0,0.0,0.0,0,
CUST01024,C03,2023-07-29,5,3,1,1994.05,664.68,15,3.0,6,CAT05,2025-05-30,2025-09-11,19,794,0.2,0.2,0.2,0.6667,0,
CUST01025,C03,2023-09-07,3,3,0,5541.00,1847.0,24,6.67,8,CAT10,2025-05-21,2025-08-24,37,754,0.0,0.3333,0.3333,0.3333,0,
CUST01026,C02,2024-12-16,0,0,0,0.00,,0,,0,,,,,288,,,,,0,
CUST01027,C03,2023-07-19,13,12,1,17950.40,1495.87,49,2.92,14,CAT17,2025-04-11,2025-08-11,50,804,0.0769,0.3846,0.4615,0.0833,1,4.0
CUST01028,C02,2024-04-27,6,5,0,5861.20,1172.24,31,4.4,9,CAT15,2025-04-12,2025-09-28,2,521,0.0,0.1667,0.6667,0.2,0,
CUST01029,C03,2025-03-09,3,1,1,2528.00,2528.0,8,5.0,4,CAT15,2025-05-08,2025-05-08,145,205,0.3333,0.3333,0.0,0.0,0,
CUST01030,C03,2023-12-14,1,1,0,2979.00,2979.0,7,3.0,3,CAT17,2025-06-10,2025-06-10,112,656,0.0,0.0,0.0,0.0,1,4.0
CUST01031,C03,2025-08-10,2,1,1,478.50,478.5,7,6.0,5,CAT10,2025-08-12,2025-08-12,49,51,0.5,0.0,0.5,1.0,1,4.0
CUST01032,C01,2025-06-18,5,5,0,5379.60,1075.92,15,1.8,8,CAT17,2025-06-27,2025-09-07,23,104,0.0,0.2,0.4,0.2,1,4.0
CUST01033,C01,2023-02-04,2,2,0,2348.00,1174.0,10,4.0,5,CAT15,2025-04-12,2025-05-25,128,969,0.0,0.0,1.0,0.0,1,5.0
CUST01034,C01,2024-07-29,3,3,0,6576.00,2192.0,28,6.33,14,CAT13,2025-05-26,2025-07-13,79,428,0.0,0.0,0.6667,0.0,0,
CUST01035,C02,2024-04-29,3,1,1,685.00,685.0,5,4.0,4,CAT13,2025-04-01,2025-04-13,170,519,0.3333,0.3333,0.6667,0.0,0,
CUST01036,C03,2024-11-01,3,2,0,2706.00,1353.0,12,4.5,5,CAT14,2025-08-31,2025-09-13,17,333,0.0,0.3333,1.0,0.0,0,
CUST01037,C03,2024-12-27,5,4,0,1798.00,449.5,14,2.25,6,CAT12,2025-04-02,2025-06-08,114,277,0.0,0.8,0.4,0.0,0,
CUST01038,C01,2024-04-11,10,8,2,6203.80,775.48,41,3.63,11,CAT05,2025-04-16,2025-09-04,26,537,0.2,0.1,0.1,0.375,0,
CUST01039,C03,2025-07-31,3,2,1,220.00,110.0,2,1.0,2,CAT08,2025-08-05,2025-08-28,33,61,0.3333,1.0,0.0,0.0,0,
CUST01040,C03,2025-04-07,11,10,1,2948.25,294.83,30,2.0,8,CAT08,2025-04-11,2025-09-28,2,176,0.0909,0.5455,0.1818,0.3,2,4.0
CUST01041,C01,2023-02-03,3,3,0,2155.00,718.33,9,2.33,7,CAT18,2025-05-15,2025-08-05,56,970,0.0,0.6667,0.0,0.0,0,
CUST01042,C01,2025-02-13,7,7,0,2845.00,406.43,19,2.0,10,CAT12,2025-05-02,2025-09-10,20,229,0.0,0.8571,0.0,0.0,0,
CUST01043,C02,2023-01-28,4,2,2,1045.00,522.5,9,3.5,4,CAT05,2025-04-23,2025-07-25,67,976,0.5,0.25,0.5,0.0,0,
CUST01044,C01,2024-01-18,9,8,1,7915.00,989.38,38,2.88,15,CAT17,2025-04-13,2025-09-06,24,621,0.1111,0.1111,0.5556,0.0,2,2.5
CUST01045,C02,2025-06-08,7,7,0,11289.00,1612.71,47,4.71,14,CAT15,2025-06-13,2025-09-20,10,114,0.0,0.4286,0.7143,0.2857,1,4.0
CUST01046,C03,2023-06-16,2,2,0,3001.00,1500.5,12,5.0,8,CAT15,2025-07-12,2025-09-28,2,837,0.0,0.0,1.0,0.0,0,
CUST01047,C01,2023-06-14,5,4,1,5041.00,1260.25,25,5.0,13,CAT14,2025-04-12,2025-06-29,93,839,0.2,0.0,1.0,0.0,0,
CUST01048,C01,2023-12-28,15,14,1,8077.00,576.93,70,3.43,13,CAT05,2025-04-01,2025-09-27,3,642,0.0667,0.1333,0.3333,0.2143,4,4.5
CUST01049,C01,2023-06-28,10,9,1,5212.00,579.11,40,3.0,13,CAT01,2025-04-03,2025-09-06,24,825,0.1,0.4,0.4,0.0,2,3.0
CUST01050,C03,2024-07-01,5,5,0,2205.30,441.06,12,2.0,7,CAT15,2025-05-12,2025-09-15,15,456,0.0,0.0,0.2,0.4,0,
CUST01051,C03,2024-04-09,0,0,0,0.00,,0,,0,,,,,539,,,,,0,
CUST01052,C02,2025-04-05,1,1,0,0.00,0.0,0,0.0,0,,2025-08-08,2025-08-08,53,178,0.0,0.0,0.0,0.0,0,
CUST01053,C02,2025-01-28,11,11,0,6575.90,597.81,50,2.91,14,CAT17,2025-04-22,2025-09-23,7,245,0.0,0.4545,0.2727,0.0909,2,3.5
CUST01054,C01,2024-03-15,4,4,0,746.40,186.6,7,1.25,4,CAT03,2025-05-09,2025-06-19,103,564,0.0,0.75,0.5,0.5,1,5.0
CUST01055,C03,2023-06-06,8,7,1,6113.40,873.34,44,4.43,12,CAT01,2025-04-11,2025-09-28,2,847,0.125,0.375,0.375,0.1429,3,3.67
CUST01056,C03,2023-07-17,14,12,0,6881.80,573.48,62,3.75,15,CAT11,2025-04-29,2025-09-29,1,806,0.0,0.2143,0.2857,0.3333,4,3.25
CUST01057,C03,2025-05-23,4,3,0,3923.20,1307.73,16,4.67,6,CAT14,2025-07-17,2025-08-13,48,130,0.0,0.0,0.0,0.3333,2,5.0
CUST01058,C03,2024-07-27,6,5,1,9766.00,1953.2,22,3.4,10,CAT17,2025-04-12,2025-09-15,15,430,0.1667,0.1667,0.1667,0.0,0,
CUST01059,C03,2025-09-03,0,0,0,0.00,,0,,0,,,,,27,,,,,0,
CUST01060,C02,2025-06-16,10,8,1,6218.70,777.34,38,2.63,10,CAT17,2025-06-18,2025-08-31,30,106,0.1,0.5,0.4,0.25,1,2.0
CUST01061,C02,2025-07-06,3,2,1,1903.00,951.5,13,4.0,6,CAT05,2025-07-12,2025-09-28,2,86,0.3333,0.0,1.0,0.0,0,
CUST01062,C03,2023-01-06,9,7,2,5562.75,794.68,37,3.57,14,CAT05,2025-04-09,2025-07-08,84,998,0.2222,0.2222,0.1111,0.1429,2,3.0
CUST01063,C03,2024-05-23,1,1,0,1951.20,1951.2,7,5.0,5,CAT15,2025-08-24,2025-08-24,37,495,0.0,0.0,1.0,1.0,0,
CUST01064,C03,2025-02-22,7,4,3,5238.50,1309.63,23,5.25,10,CAT14,2025-04-14,2025-09-07,23,220,0.4286,0.0,0.1429,0.5,0,
CUST01065,C03,2024-02-25,6,6,0,3360.00,560.0,25,3.17,8,CAT17,2025-05-06,2025-09-25,5,583,0.0,0.1667,0.1667,0.1667,0,
CUST01066,C03,2025-04-01,1,1,0,498.00,498.0,2,2.0,1,CAT05,2025-08-31,2025-08-31,30,182,0.0,1.0,1.0,0.0,0,
CUST01067,C01,2023-02-20,0,0,0,0.00,,0,,0,,,,,953,,,,,0,
CUST01068,C03,2024-04-01,2,2,0,427.00,213.5,6,2.5,4,CAT13,2025-05-18,2025-06-21,101,547,0.0,0.5,1.0,0.0,0,
CUST01069,C01,2025-06-15,1,0,0,0.00,,0,,0,,2025-06-30,,,107,0.0,0.0,0.0,,0,
CUST01070,C01,2024-10-20,3,3,0,2374.00,791.33,10,2.0,5,CAT17,2025-04-19,2025-07-30,62,345,0.0,0.6667,0.6667,0.3333,0,
CUST01071,C03,2023-11-23,4,3,0,5978.00,1992.67,28,7.0,10,CAT10,2025-04-02,2025-07-28,64,677,0.0,0.25,0.5,0.0,1,4.0
CUST01072,C02,2025-08-23,0,0,0,0.00,,0,,0,,,,,38,,,,,0,
CUST01073,C02,2024-11-09,8,7,0,5255.50,750.79,30,3.0,11,CAT16,2025-05-12,2025-09-30,0,325,0.0,0.25,0.375,0.1429,1,5.0
CUST01074,C01,2025-05-29,9,8,0,7088.30,886.04,34,2.63,9,CAT17,2025-06-12,2025-09-24,6,124,0.0,0.0,0.3333,0.375,1,2.0
CUST01075,C03,2025-09-27,0,0,0,0.00,,0,,0,,,,,3,,,,,0,
CUST01076,C02,2025-08-20,1,1,0,662.00,662.0,5,3.0,3,CAT15,2025-09-01,2025-09-01,29,41,0.0,0.0,0.0,0.0,0,
CUST01077,C01,2024-06-01,3,3,0,3803.10,1267.7,15,2.67,7,CAT01,2025-04-17,2025-08-19,42,486,0.0,1.0,0.0,0.6667,0,
CUST01078,C03,2025-08-24,1,1,0,3418.00,3418.0,6,2.0,2,CAT16,2025-08-24,2025-08-24,37,37,0.0,1.0,1.0,0.0,1,3.0
CUST01079,C03,2025-07-02,0,0,0,0.00,,0,,0,,,,,90,,,,,0,
CUST01080,C03,2023-01-16,13,12,1,16801.50,1400.13,68,3.67,16,CAT17,2025-04-20,2025-09-08,22,988,0.0769,0.0769,0.2308,0.1667,3,4.0
CUST01081,C02,2025-08-01,1,1,0,853.00,853.0,9,5.0,4,CAT01,2025-08-18,2025-08-18,43,60,0.0,1.0,0.0,0.0,0,
CUST01082,C03,2024-01-03,5,4,1,6118.05,1529.51,19,3.5,6,CAT17,2025-06-01,2025-08-21,40,636,0.2,0.8,0.2,0.25,1,2.0
CUST01083,C02,2024-03-31,6,6,0,2084.00,347.33,10,1.5,8,CAT14,2025-04-20,2025-09-18,12,548,0.0,0.5,0.5,0.0,1,5.0
CUST01084,C02,2024-06-14,12,11,0,5855.30,532.3,41,2.91,16,CAT11,2025-05-09,2025-09-03,27,473,0.0,0.25,0.3333,0.2727,1,3.0
CUST01085,C03,2025-05-23,9,8,1,11598.70,1449.84,69,5.63,17,CAT10,2025-05-24,2025-08-31,30,130,0.1111,0.1111,0.6667,0.5,2,4.5
CUST01086,C01,2024-03-15,8,8,0,3100.95,387.62,27,2.63,10,CAT11,2025-04-29,2025-09-29,1,564,0.0,0.125,0.375,0.25,2,5.0
CUST01087,C02,2023-02-26,0,0,0,0.00,,0,,0,,,,,947,,,,,0,
CUST01088,C03,2024-03-13,11,11,0,8531.40,775.58,57,4.0,12,CAT05,2025-04-05,2025-08-28,33,566,0.0,0.1818,0.5455,0.1818,0,
CUST01089,C02,2025-08-28,2,1,1,256.00,256.0,4,3.0,2,CAT11,2025-09-18,2025-09-19,11,33,0.5,0.0,0.0,0.0,0,
CUST01090,C01,2025-02-18,3,2,1,881.00,440.5,8,2.5,4,CAT03,2025-06-17,2025-06-30,92,224,0.3333,0.0,0.0,0.0,0,
CUST01091,C01,2025-01-17,4,3,0,3337.00,1112.33,24,5.33,10,CAT18,2025-05-06,2025-06-12,110,256,0.0,0.5,0.0,0.0,1,4.0
CUST01092,C01,2023-09-09,2,2,0,1205.00,602.5,9,3.0,5,CAT12,2025-05-01,2025-06-10,112,752,0.0,0.5,0.0,0.0,0,
CUST01093,C01,2023-07-18,8,6,1,12401.25,2066.88,43,5.17,11,CAT15,2025-04-05,2025-06-15,107,805,0.125,0.25,0.625,0.3333,0,
CUST01094,C01,2023-12-03,0,0,0,0.00,,0,,0,,,,,667,,,,,0,
CUST01095,C01,2024-06-09,1,1,0,626.20,626.2,3,3.0,3,CAT15,2025-08-09,2025-08-09,52,478,0.0,1.0,1.0,1.0,0,
CUST01096,C01,2023-08-21,7,7,0,2600.00,371.43,15,1.71,8,CAT17,2025-04-25,2025-09-26,4,771,0.0,0.0,0.1429,0.0,0,
CUST01097,C02,2025-04-06,17,14,3,13269.90,947.85,55,2.5,11,CAT17,2025-04-11,2025-09-28,2,177,0.1765,0.2941,0.2353,0.0714,3,2.33
CUST01098,C01,2025-02-11,3,2,0,821.00,410.5,6,3.0,6,CAT15,2025-06-03,2025-07-03,89,231,0.0,0.0,0.0,0.0,0,
CUST01099,C01,2024-09-17,5,5,0,2809.00,561.8,22,3.4,9,CAT05,2025-05-09,2025-09-18,12,378,0.0,0.2,0.0,0.0,0,
CUST01100,C03,2025-07-16,1,1,0,706.00,706.0,4,2.0,2,CAT16,2025-08-29,2025-08-29,32,76,0.0,0.0,0.0,0.0,0,
CUST01101,C02,2024-03-29,0,0,0,0.00,,0,,0,,,,,550,,,,,0,
CUST01102,C01,2023-03-25,21,20,0,12237.80,611.89,94,3.75,18,CAT05,2025-04-02,2025-09-02,28,920,0.0,0.1429,0.2381,0.1,6,3.17
CUST01103,C01,2024-12-28,9,9,0,7255.25,806.14,42,3.33,11,CAT05,2025-04-22,2025-09-21,9,276,0.0,0.3333,0.2222,0.1111,0,
CUST01104,C01,2023-10-16,10,10,0,8187.40,818.74,49,3.2,13,CAT01,2025-04-25,2025-09-28,2,715,0.0,0.2,0.3,0.2,1,2.0
CUST01105,C01,2024-12-30,0,0,0,0.00,,0,,0,,,,,274,,,,,0,
CUST01106,C03,2024-07-03,7,6,1,2374.70,395.78,22,3.17,12,CAT01,2025-04-18,2025-09-02,28,454,0.1429,0.1429,0.2857,0.3333,3,2.0
CUST01107,C01,2024-08-08,10,9,0,10746.00,1194.0,55,4.0,14,CAT10,2025-04-19,2025-09-27,3,418,0.0,0.2,0.7,0.0,1,5.0
CUST01108,C03,2025-03-27,7,6,1,6712.70,1118.78,25,3.5,12,CAT17,2025-04-01,2025-09-02,28,187,0.1429,0.1429,0.2857,0.3333,1,2.0
CUST01109,C02,2024-09-15,15,13,1,5716.05,439.7,40,2.23,12,CAT03,2025-04-09,2025-09-29,1,380,0.0667,0.7333,0.3333,0.2308,3,4.0
CUST01110,C01,2023-02-27,4,4,0,6811.00,1702.75,34,5.0,12,CAT17,2025-04-12,2025-07-12,80,946,0.0,0.0,0.75,0.0,0,
CUST01111,C02,2024-03-16,4,3,1,1128.90,376.3,9,2.33,4,CAT12,2025-06-03,2025-09-12,18,563,0.25,0.75,0.5,0.6667,0,
CUST01112,C02,2023-09-15,9,9,0,4492.60,499.18,37,3.11,12,CAT01,2025-04-05,2025-08-07,54,746,0.0,0.2222,0.5556,0.2222,2,4.5
CUST01113,C03,2023-05-02,8,6,2,2874.00,479.0,19,2.17,9,CAT15,2025-04-08,2025-09-04,26,882,0.25,0.625,0.25,0.0,1,1.0
CUST01114,C01,2025-01-18,6,5,0,2129.50,425.9,11,1.8,8,CAT15,2025-06-23,2025-08-04,57,255,0.0,0.0,0.1667,0.2,1,4.0
CUST01115,C03,2025-03-08,2,1,0,790.00,790.0,4,4.0,3,CAT05,2025-08-27,2025-09-29,1,206,0.0,0.5,0.0,0.0,0,
CUST01116,C02,2023-06-14,7,7,0,3455.00,493.57,25,1.57,8,CAT13,2025-04-03,2025-09-22,8,839,0.0,1.0,0.1429,0.0,1,5.0
CUST01117,C02,2025-05-13,10,9,0,4907.20,545.24,25,2.0,11,CAT17,2025-05-22,2025-09-19,11,140,0.0,0.9,0.2,0.1111,1,4.0
CUST01118,C01,2025-02-21,24,21,3,13328.70,634.7,96,3.1,17,CAT05,2025-04-02,2025-09-30,0,221,0.125,0.1667,0.1667,0.1429,3,4.67
CUST01119,C01,2023-05-23,8,7,0,7237.00,1033.86,40,4.14,12,CAT17,2025-04-26,2025-09-30,0,861,0.0,0.0,0.25,0.2857,2,5.0
CUST01120,C03,2025-07-07,1,1,0,193.00,193.0,1,1.0,1,CAT12,2025-09-27,2025-09-27,3,85,0.0,1.0,1.0,0.0,0,
CUST01121,C01,2024-03-09,5,5,0,9404.95,1880.99,37,4.6,13,CAT13,2025-04-10,2025-09-05,25,570,0.0,0.0,0.2,0.6,0,
CUST01122,C02,2024-11-19,1,1,0,990.00,990.0,5,4.0,3,CAT13,2025-04-10,2025-04-10,173,315,0.0,0.0,0.0,0.0,0,
CUST01123,C01,2025-07-19,4,3,1,2553.00,851.0,15,4.0,9,CAT15,2025-08-09,2025-09-25,5,73,0.25,0.0,0.25,0.3333,0,
CUST01124,C02,2024-02-13,6,6,0,3314.40,552.4,33,3.83,9,CAT01,2025-04-24,2025-09-21,9,595,0.0,0.0,0.3333,0.1667,0,
CUST01125,C01,2024-12-21,20,20,0,16450.85,822.54,124,4.4,20,CAT05,2025-04-24,2025-09-29,1,283,0.0,0.4,0.25,0.15,2,3.5
CUST01126,C03,2025-07-29,2,2,0,2454.00,1227.0,10,4.0,6,CAT10,2025-07-30,2025-09-19,11,63,0.0,0.0,0.0,0.0,0,
CUST01127,C03,2023-03-19,1,1,0,48.00,48.0,2,1.0,1,CAT20,2025-08-11,2025-08-11,50,926,0.0,0.0,0.0,0.0,1,3.0
CUST01128,C02,2025-04-14,6,5,1,7109.80,1421.96,32,4.2,11,CAT15,2025-04-16,2025-08-02,59,169,0.1667,0.0,0.3333,0.4,0,
CUST01129,C01,2023-12-24,11,9,2,7244.90,804.99,44,3.11,10,CAT03,2025-04-17,2025-09-05,25,646,0.1818,0.3636,0.1818,0.1111,1,2.0
CUST01130,C02,2025-05-09,3,3,0,2043.00,681.0,13,2.33,5,CAT17,2025-05-11,2025-07-26,66,144,0.0,0.3333,0.6667,0.0,0,
CUST01131,C03,2025-05-17,9,8,0,4235.40,529.43,30,3.0,11,CAT17,2025-05-30,2025-09-15,15,136,0.0,0.2222,0.2222,0.25,1,4.0
CUST01132,C02,2025-01-31,4,2,2,2606.00,1303.0,12,5.5,8,CAT05,2025-05-24,2025-08-25,36,242,0.5,0.0,0.25,0.0,0,
CUST01133,C01,2025-02-10,4,4,0,1347.00,336.75,12,2.5,7,CAT17,2025-05-31,2025-08-28,33,232,0.0,0.25,0.5,0.25,1,2.0
CUST01134,C03,2023-03-25,0,0,0,0.00,,0,,0,,,,,920,,,,,0,
CUST01135,C01,2023-03-18,0,0,0,0.00,,0,,0,,,,,927,,,,,0,
CUST01136,C03,2024-05-11,2,2,0,797.00,398.5,5,2.0,4,CAT13,2025-05-06,2025-06-29,93,507,0.0,0.5,0.5,0.0,0,
CUST01137,C02,2023-04-17,1,1,0,488.00,488.0,9,5.0,4,CAT20,2025-05-24,2025-05-24,129,897,0.0,0.0,1.0,0.0,1,4.0
CUST01138,C01,2025-04-10,2,2,0,839.60,419.8,5,2.0,3,CAT20,2025-06-24,2025-06-27,95,173,0.0,0.0,0.0,0.5,0,
CUST01139,C03,2023-01-08,34,33,0,24956.10,756.25,147,3.21,17,CAT17,2025-04-04,2025-09-28,2,996,0.0,0.1765,0.3824,0.1818,5,4.6
CUST01140,C03,2025-09-06,2,2,0,3188.00,1594.0,16,5.5,9,CAT05,2025-09-20,2025-09-24,6,24,0.0,0.0,0.5,0.0,0,
CUST01141,C03,2024-10-14,9,8,1,3021.00,377.63,29,2.88,10,CAT03,2025-06-03,2025-08-27,34,351,0.1111,0.5556,0.3333,0.25,0,
CUST01142,C02,2025-05-21,1,1,0,299.00,299.0,1,1.0,1,CAT01,2025-07-16,2025-07-16,76,132,0.0,1.0,0.0,0.0,0,
CUST01143,C03,2025-05-30,9,5,1,2041.70,408.34,15,1.8,6,CAT12,2025-06-20,2025-09-06,24,123,0.1111,0.7778,0.3333,0.4,3,4.67
CUST01144,C01,2023-05-02,0,0,0,0.00,,0,,0,,,,,882,,,,,0,
CUST01145,C01,2023-08-13,2,2,0,4470.00,2235.0,17,6.0,8,CAT17,2025-04-29,2025-06-22,100,779,0.0,0.0,0.5,0.0,0,
CUST01146,C01,2023-11-22,6,5,0,7259.20,1451.84,35,3.8,11,CAT05,2025-04-03,2025-09-04,26,678,0.0,0.0,0.3333,0.2,0,
CUST01147,C01,2025-07-08,1,1,0,1167.00,1167.0,7,5.0,5,CAT08,2025-07-10,2025-07-10,82,84,0.0,0.0,0.0,0.0,0,
CUST01148,C02,2024-10-12,8,6,1,5442.50,907.08,34,3.83,11,CAT11,2025-04-02,2025-09-02,28,353,0.125,0.125,0.125,0.1667,2,3.5
CUST01149,C03,2024-05-14,9,9,0,6376.10,708.46,41,3.22,11,CAT01,2025-04-01,2025-09-10,20,504,0.0,0.1111,0.0,0.2222,2,4.5
CUST01150,C03,2024-09-16,5,5,0,4059.00,811.8,13,1.6,6,CAT17,2025-04-06,2025-07-08,84,379,0.0,0.4,0.6,0.2,2,4.5
CUST01151,C02,2024-09-04,1,1,0,363.00,363.0,4,3.0,3,CAT11,2025-04-11,2025-04-11,172,391,0.0,0.0,0.0,0.0,0,
CUST01152,C02,2023-09-10,4,2,1,652.00,326.0,6,2.5,4,CAT15,2025-05-20,2025-07-22,70,751,0.25,0.0,0.0,0.0,0,
CUST01153,C02,2025-05-05,11,10,1,16473.30,1647.33,73,5.1,15,CAT13,2025-05-05,2025-09-27,3,148,0.0909,0.2727,0.7273,0.2,2,3.5
CUST01154,C02,2024-12-02,1,1,0,1311.10,1311.1,7,4.0,4,CAT15,2025-08-17,2025-08-17,44,302,0.0,0.0,1.0,1.0,0,
CUST01155,C02,2025-08-16,1,1,0,859.00,859.0,3,2.0,2,CAT17,2025-09-08,2025-09-08,22,45,0.0,0.0,0.0,0.0,0,
CUST01156,C01,2023-10-19,2,2,0,2757.15,1378.58,16,5.5,8,CAT14,2025-05-02,2025-09-08,22,712,0.0,0.0,0.0,1.0,1,3.0
CUST01157,C02,2024-03-07,1,0,0,0.00,,0,,0,,2025-05-20,,,572,0.0,0.0,0.0,,0,
CUST01158,C02,2024-03-04,5,4,0,3136.00,784.0,23,4.0,9,CAT05,2025-05-25,2025-09-04,26,575,0.0,0.0,0.4,0.0,0,
CUST01159,C03,2024-10-04,3,2,0,2127.90,1063.95,10,4.0,4,CAT14,2025-07-24,2025-09-15,15,361,0.0,0.3333,0.3333,0.5,0,
CUST01160,C01,2023-01-26,4,4,0,3436.80,859.2,14,2.25,8,CAT15,2025-05-19,2025-09-20,10,978,0.0,0.0,0.25,0.25,1,5.0
CUST01161,C02,2024-01-02,2,2,0,4027.00,2013.5,10,3.0,4,CAT18,2025-05-11,2025-07-10,82,637,0.0,0.0,0.5,0.0,0,
CUST01162,C01,2023-09-23,9,9,0,5015.20,557.24,31,2.67,10,CAT05,2025-04-03,2025-09-15,15,738,0.0,0.1111,0.1111,0.3333,0,
CUST01163,C01,2024-03-04,5,5,0,2907.50,581.5,15,2.4,10,CAT17,2025-04-04,2025-09-19,11,575,0.0,0.0,0.4,0.2,1,4.0
CUST01164,C01,2024-02-03,2,2,0,3860.25,1930.13,10,3.0,5,CAT17,2025-06-02,2025-06-03,119,605,0.0,0.0,0.0,0.5,1,4.0
CUST01165,C02,2025-08-20,1,1,0,461.60,461.6,3,3.0,3,CAT18,2025-08-23,2025-08-23,38,41,0.0,1.0,1.0,1.0,0,
CUST01166,C01,2024-10-30,21,18,2,12045.00,669.17,91,3.67,13,CAT03,2025-04-03,2025-09-23,7,335,0.0952,0.0952,0.3333,0.1111,6,4.17
CUST01167,C03,2025-06-03,7,7,0,3360.70,480.1,23,2.43,9,CAT17,2025-06-12,2025-09-25,5,119,0.0,0.4286,0.1429,0.1429,4,4.0
CUST01168,C01,2025-08-13,1,1,0,1971.00,1971.0,8,8.0,7,CAT18,2025-08-25,2025-08-25,36,48,0.0,0.0,0.0,0.0,0,
CUST01169,C01,2025-09-03,1,1,0,1895.00,1895.0,7,3.0,3,CAT15,2025-09-06,2025-09-06,24,27,0.0,0.0,1.0,0.0,0,
CUST01170,C02,2023-11-20,7,7,0,7901.00,1128.71,28,2.57,12,CAT19,2025-04-13,2025-09-13,17,680,0.0,0.5714,0.2857,0.0,1,2.0
CUST01171,C01,2024-08-26,14,14,0,12729.60,909.26,65,3.5,15,CAT16,2025-04-20,2025-09-20,10,400,0.0,0.2143,0.3571,0.3571,2,3.0
CUST01172,C03,2025-02-25,9,8,1,4788.50,598.56,35,3.25,14,CAT01,2025-05-05,2025-09-10,20,217,0.1111,0.2222,0.5556,0.125,0,
CUST01173,C02,2023-08-27,3,3,0,541.00,180.33,4,1.33,3,CAT16,2025-05-12,2025-07-05,87,765,0.0,0.0,0.3333,0.0,0,
CUST01174,C01,2024-11-26,3,3,0,1124.00,374.67,8,2.0,4,CAT01,2025-05-15,2025-08-23,38,308,0.0,0.6667,0.3333,0.0,0,
CUST01175,C01,2024-01-29,2,2,0,1606.00,803.0,7,3.0,5,CAT15,2025-07-04,2025-07-05,87,610,0.0,0.0,0.5,0.0,0,
CUST01176,C03,2025-02-09,11,11,0,18816.30,1710.57,81,4.91,15,CAT15,2025-04-19,2025-09-20,10,233,0.0,0.3636,0.6364,0.3636,2,3.0
CUST01177,C01,2023-05-02,6,6,0,5097.00,849.5,25,3.17,11,CAT17,2025-04-08,2025-09-17,13,882,0.0,0.3333,0.1667,0.5,0,
CUST01178,C03,2025-07-10,6,4,0,2770.00,692.5,21,3.25,9,CAT03,2025-07-22,2025-09-08,22,82,0.0,0.1667,0.3333,0.0,1,5.0
CUST01179,C02,2025-06-09,2,1,1,1798.00,1798.0,4,2.0,2,CAT18,2025-08-03,2025-08-03,58,113,0.5,0.0,1.0,0.0,0,
CUST01180,C02,2023-02-09,3,3,0,1168.00,389.33,9,2.33,6,CAT12,2025-04-25,2025-07-09,83,964,0.0,0.3333,0.0,0.0,0,
CUST01181,C02,2024-11-12,5,5,0,7789.00,1557.8,35,4.8,11,CAT15,2025-06-09,2025-09-28,2,322,0.0,0.4,0.4,0.0,0,
CUST01182,C02,2024-02-26,3,3,0,7431.00,2477.0,31,8.33,14,CAT13,2025-04-01,2025-06-01,121,582,0.0,0.3333,0.6667,0.0,0,
CUST01183,C01,2023-08-23,11,10,1,7309.70,730.97,75,3.5,12,CAT05,2025-04-16,2025-09-08,22,769,0.0909,0.0909,0.3636,0.1,1,5.0
CUST01184,C03,2023-06-10,3,3,0,559.50,186.5,7,1.67,5,CAT12,2025-04-07,2025-07-18,74,843,0.0,0.3333,0.0,0.3333,1,4.0
CUST01185,C03,2023-04-16,3,2,1,368.00,184.0,7,2.5,4,CAT19,2025-05-16,2025-08-29,32,898,0.3333,0.6667,0.0,0.0,0,
CUST01186,C01,2023-12-02,10,8,2,9660.55,1207.57,46,4.25,14,CAT15,2025-06-08,2025-09-28,2,668,0.2,0.1,0.6,0.25,1,2.0
CUST01187,C02,2023-10-04,8,8,0,3936.00,492.0,23,1.88,8,CAT12,2025-04-14,2025-09-05,25,727,0.0,0.625,0.125,0.0,0,
CUST01188,C01,2023-08-08,4,4,0,6204.00,1551.0,22,4.25,8,CAT15,2025-05-04,2025-09-16,14,784,0.0,0.0,0.25,0.0,1,3.0
CUST01189,C02,2023-06-25,7,6,1,2960.00,493.33,28,3.17,9,CAT01,2025-04-06,2025-09-02,28,828,0.1429,0.2857,0.2857,0.0,2,5.0
CUST01190,C03,2023-02-11,2,2,0,1401.00,700.5,4,2.0,4,CAT18,2025-05-09,2025-07-21,71,962,0.0,1.0,0.0,0.0,0,
CUST01191,C02,2025-04-05,4,4,0,6814.00,1703.5,27,5.5,12,CAT15,2025-05-14,2025-08-04,57,178,0.0,0.25,0.5,0.0,1,5.0
CUST01192,C01,2024-09-28,2,2,0,1285.60,642.8,4,2.0,4,CAT17,2025-07-04,2025-07-31,61,367,0.0,0.5,0.0,0.5,0,
CUST01193,C03,2023-07-03,4,4,0,2708.00,677.0,21,3.25,9,CAT05,2025-05-08,2025-07-29,63,820,0.0,0.75,0.25,0.25,0,
CUST01194,C02,2024-05-08,4,4,0,6071.50,1517.88,27,4.0,10,CAT05,2025-06-13,2025-07-16,76,510,0.0,0.0,0.25,0.25,0,
CUST01195,C01,2024-05-17,4,4,0,2626.40,656.6,17,2.25,7,CAT05,2025-05-20,2025-09-01,29,501,0.0,0.25,0.25,0.5,2,3.0
CUST01196,C03,2023-11-07,15,15,0,21591.85,1439.46,94,4.67,15,CAT14,2025-04-11,2025-09-12,18,693,0.0,0.0667,0.2667,0.0667,1,4.0
CUST01197,C03,2025-01-02,5,4,0,5044.20,1261.05,24,4.5,9,CAT10,2025-04-25,2025-09-20,10,271,0.0,0.0,0.6,0.25,1,4.0
CUST01198,C02,2023-11-28,4,4,0,7950.80,1987.7,40,6.5,13,CAT15,2025-04-06,2025-09-20,10,672,0.0,0.0,1.0,0.25,1,5.0
CUST01199,C03,2023-01-26,5,5,0,2526.00,505.2,16,2.6,8,CAT16,2025-05-14,2025-09-15,15,978,0.0,0.2,0.4,0.0,1,3.0
CUST01200,C03,2025-01-18,3,3,0,4178.00,1392.67,11,2.33,5,CAT17,2025-04-03,2025-05-23,130,255,0.0,0.0,0.0,0.0,1,5.0
CUST01201,C03,2024-07-03,3,3,0,3345.00,1115.0,14,2.67,7,CAT11,2025-05-03,2025-09-14,16,454,0.0,0.6667,0.6667,0.0,1,2.0
CUST01202,C01,2025-09-08,0,0,0,0.00,,0,,0,,,,,22,,,,,0,
CUST01203,C01,2024-03-04,0,0,0,0.00,,0,,0,,,,,575,,,,,0,
CUST01204,C03,2024-03-25,3,2,1,1440.00,720.0,4,2.0,4,CAT17,2025-04-12,2025-09-29,1,554,0.3333,0.0,0.3333,0.0,0,
CUST01205,C01,2023-11-01,1,1,0,405.00,405.0,5,2.0,2,CAT18,2025-05-08,2025-05-08,145,699,0.0,0.0,0.0,0.0,1,5.0
CUST01206,C03,2025-04-03,6,4,1,2128.85,532.21,10,2.25,7,CAT17,2025-05-30,2025-08-10,51,180,0.1667,0.5,0.5,0.5,0,
CUST01207,C02,2024-11-05,1,0,0,0.00,,0,,0,,2025-05-18,,,329,0.0,0.0,1.0,,0,
CUST01208,C02,2023-10-21,4,4,0,4607.60,1151.9,25,4.5,9,CAT15,2025-04-24,2025-08-07,54,710,0.0,0.25,0.0,0.25,0,
CUST01209,C01,2023-01-14,2,2,0,2828.00,1414.0,21,7.0,10,CAT16,2025-04-19,2025-06-10,112,990,0.0,0.0,0.5,0.0,0,
CUST01210,C01,2025-09-19,0,0,0,0.00,,0,,0,,,,,11,,,,,0,
CUST01211,C02,2025-08-16,4,4,0,5227.80,1306.95,26,4.75,12,CAT13,2025-08-23,2025-09-14,16,45,0.0,0.25,0.75,0.5,0,
CUST01212,C01,2023-04-05,2,2,0,3326.00,1663.0,6,2.0,4,CAT17,2025-04-02,2025-05-27,126,909,0.0,0.0,0.0,0.0,2,4.5
CUST01213,C02,2024-03-22,4,4,0,3184.60,796.15,29,4.75,10,CAT12,2025-05-18,2025-08-28,33,557,0.0,0.5,0.5,0.25,0,
CUST01214,C02,2023-08-18,2,2,0,358.00,179.0,8,2.5,4,CAT08,2025-05-15,2025-07-22,70,774,0.0,0.5,0.0,0.0,0,
CUST01215,C01,2025-05-05,9,9,0,4790.65,532.29,31,2.89,11,CAT12,2025-05-16,2025-08-31,30,148,0.0,0.7778,0.4444,0.4444,1,5.0
CUST01216,C01,2023-11-08,5,4,1,1205.00,301.25,9,1.75,5,CAT12,2025-04-10,2025-09-30,0,692,0.2,0.8,0.2,0.0,0,
CUST01217,C02,2024-12-24,3,3,0,1903.00,634.33,16,4.33,8,CAT05,2025-04-06,2025-09-24,6,280,0.0,0.3333,0.3333,0.0,0,
CUST01218,C01,2023-10-09,9,8,1,5558.00,694.75,31,2.88,11,CAT13,2025-04-02,2025-08-23,38,722,0.1111,0.2222,0.4444,0.0,0,
CUST01219,C01,2024-09-29,4,4,0,3076.20,769.05,14,2.75,10,CAT17,2025-04-02,2025-07-14,78,366,0.0,0.5,0.25,0.25,0,
CUST01220,C02,2023-06-16,3,3,0,2746.00,915.33,22,4.0,7,CAT12,2025-05-03,2025-07-12,80,837,0.0,1.0,1.0,0.0,0,
CUST01221,C03,2024-09-03,13,12,1,9182.75,765.23,61,3.5,12,CAT17,2025-04-16,2025-07-16,76,392,0.0769,0.1538,0.3077,0.25,2,3.5
CUST01222,C03,2023-01-26,1,0,1,0.00,,0,,0,,2025-05-07,,,978,1.0,0.0,0.0,,0,
CUST01223,C03,2024-04-11,14,10,3,6720.45,672.05,42,3.1,10,CAT19,2025-04-07,2025-09-29,1,537,0.2143,0.2143,0.2857,0.3,2,4.0
CUST01224,C02,2025-09-14,0,0,0,0.00,,0,,0,,,,,16,,,,,0,
CUST01225,C03,2023-07-04,4,4,0,3348.00,837.0,21,4.0,10,CAT05,2025-05-04,2025-09-28,2,819,0.0,0.0,0.75,0.0,2,3.0
CUST01226,C01,2025-05-22,4,3,1,4428.00,1476.0,15,3.0,6,CAT16,2025-06-30,2025-09-24,6,131,0.25,0.25,0.0,0.0,1,4.0
CUST01227,C01,2024-03-08,4,4,0,1716.80,429.2,12,2.5,10,CAT15,2025-04-24,2025-08-06,55,571,0.0,0.25,0.25,0.5,1,3.0
CUST01228,C03,2023-09-29,5,3,1,3664.80,1221.6,19,3.67,8,CAT11,2025-04-14,2025-07-12,80,732,0.2,0.2,0.2,0.3333,0,
CUST01229,C03,2023-04-26,5,4,1,700.00,175.0,7,1.5,5,CAT08,2025-04-17,2025-09-02,28,888,0.2,0.6,0.2,0.0,1,4.0
CUST01230,C03,2024-02-01,8,7,1,2439.00,348.43,21,2.43,10,CAT19,2025-04-02,2025-09-04,26,607,0.125,0.75,0.125,0.0,0,
CUST01231,C02,2023-12-01,2,2,0,2475.80,1237.9,13,6.0,6,CAT15,2025-04-17,2025-08-09,52,669,0.0,0.0,0.5,0.5,0,
CUST01232,C01,2025-09-19,0,0,0,0.00,,0,,0,,,,,11,,,,,0,
CUST01233,C02,2025-07-27,3,3,0,413.00,137.67,5,1.67,4,CAT08,2025-09-01,2025-09-30,0,65,0.0,0.3333,0.0,0.0,2,3.5
CUST01234,C01,2023-05-10,2,2,0,2076.00,1038.0,13,5.0,6,CAT20,2025-04-05,2025-06-13,109,874,0.0,1.0,0.5,0.0,0,
CUST01235,C01,2024-03-22,1,1,0,687.70,687.7,6,5.0,4,CAT01,2025-07-04,2025-07-04,88,557,0.0,0.0,0.0,1.0,0,
CUST01236,C02,2023-06-16,0,0,0,0.00,,0,,0,,,,,837,,,,,0,
CUST01237,C03,2024-01-11,0,0,0,0.00,,0,,0,,,,,628,,,,,0,
CUST01238,C01,2025-07-29,0,0,0,0.00,,0,,0,,,,,63,,,,,0,
CUST01239,C02,2023-04-08,2,1,0,1216.00,1216.0,3,3.0,3,CAT17,2025-07-07,2025-08-29,32,906,0.0,0.5,0.0,0.0,0,
CUST01240,C03,2025-06-19,0,0,0,0.00,,0,,0,,,,,103,,,,,0,
CUST01241,C03,2025-05-22,2,2,0,3411.40,1705.7,17,6.0,8,CAT14,2025-08-10,2025-08-16,45,131,0.0,0.5,1.0,0.5,2,4.0
CUST01242,C01,2024-03-02,1,1,0,788.00,788.0,2,2.0,1,CAT19,2025-04-01,2025-04-01,182,577,0.0,0.0,0.0,0.0,0,
CUST01243,C01,2025-04-13,1,1,0,611.00,611.0,6,5.0,5,CAT13,2025-08-03,2025-08-03,58,170,0.0,0.0,1.0,0.0,0,
CUST01244,C03,2024-09-09,9,9,0,2957.40,328.6,27,1.78,11,CAT18,2025-04-02,2025-07-04,88,386,0.0,0.4444,0.2222,0.2222,3,3.67
CUST01245,C02,2025-04-16,18,16,1,21064.60,1316.54,90,4.31,17,CAT15,2025-04-19,2025-09-14,16,167,0.0556,0.0556,0.5556,0.25,1,4.0
CUST01246,C01,2024-06-26,7,7,0,10474.10,1496.3,54,5.29,12,CAT15,2025-06-08,2025-09-30,0,461,0.0,0.0,0.5714,0.2857,1,5.0
CUST01247,C02,2025-09-10,0,0,0,0.00,,0,,0,,,,,20,,,,,0,
CUST01248,C01,2025-09-05,2,2,0,540.00,270.0,6,1.5,2,CAT12,2025-09-13,2025-09-22,8,25,0.0,1.0,0.5,0.0,1,3.0
CUST01249,C03,2024-04-24,2,2,0,626.00,313.0,5,2.0,4,CAT10,2025-09-08,2025-09-26,4,524,0.0,0.0,0.0,0.0,0,
CUST01250,C02,2025-05-31,2,2,0,1500.70,750.35,8,3.5,6,CAT10,2025-08-19,2025-08-19,42,122,0.0,0.0,0.0,0.5,0,
CUST01251,C03,2024-04-18,0,0,0,0.00,,0,,0,,,,,530,,,,,0,
CUST01252,C03,2025-08-14,4,3,0,4786.00,1595.33,20,4.67,7,CAT15,2025-08-15,2025-09-11,19,47,0.0,0.25,0.25,0.0,0,
CUST01253,C03,2023-11-01,2,2,0,951.00,475.5,5,1.0,2,CAT10,2025-04-09,2025-04-20,163,699,0.0,0.0,0.5,0.0,0,
CUST01254,C03,2024-09-10,16,15,0,12904.00,860.27,70,3.33,12,CAT17,2025-04-03,2025-09-30,0,385,0.0,0.125,0.125,0.2,1,3.0
CUST01255,C01,2025-08-10,2,2,0,1587.00,793.5,10,2.5,3,CAT19,2025-08-30,2025-09-15,15,51,0.0,0.0,0.5,0.0,0,
CUST01256,C01,2025-06-20,2,2,0,368.00,184.0,4,1.0,2,CAT06,2025-06-25,2025-08-27,34,102,0.0,1.0,0.0,0.0,0,
CUST01257,C02,2023-10-29,3,3,0,551.00,183.67,8,1.67,3,CAT05,2025-05-05,2025-07-18,74,702,0.0,0.0,0.3333,0.0,1,1.0
CUST01258,C01,2024-09-22,12,10,0,3484.00,348.4,24,1.9,11,CAT08,2025-04-12,2025-09-28,2,373,0.0,0.6667,0.5833,0.1,4,3.75
CUST01259,C03,2023-02-24,19,16,2,12555.90,784.74,80,3.75,17,CAT11,2025-04-03,2025-09-26,4,949,0.1053,0.0526,0.3684,0.25,2,3.5
CUST01260,C01,2023-11-13,2,2,0,1811.80,905.9,10,3.5,7,CAT17,2025-04-30,2025-07-24,68,687,0.0,0.5,0.0,0.5,0,
CUST01261,C01,2024-11-22,2,2,0,2040.00,1020.0,13,4.5,7,CAT15,2025-04-24,2025-05-15,138,312,0.0,0.0,0.0,0.0,1,3.0
CUST01262,C02,2023-12-14,2,2,0,2429.00,1214.5,11,3.0,6,CAT01,2025-05-11,2025-09-19,11,656,0.0,0.0,0.5,0.0,0,
CUST01263,C03,2023-03-31,9,9,0,17791.20,1976.8,89,6.44,17,CAT15,2025-04-13,2025-09-26,4,914,0.0,0.3333,0.5556,0.1111,0,
CUST01264,C01,2025-08-14,0,0,0,0.00,,0,,0,,,,,47,,,,,0,
CUST01265,C02,2025-02-22,4,3,1,637.00,212.33,7,1.67,5,CAT18,2025-04-02,2025-09-30,0,220,0.25,1.0,0.25,0.0,0,
CUST01266,C01,2025-04-24,8,7,1,1340.00,191.43,16,1.71,8,CAT10,2025-05-26,2025-09-30,0,159,0.125,1.0,0.375,0.0,0,
CUST01267,C02,2024-02-13,3,3,0,953.00,317.67,8,1.67,4,CAT18,2025-05-04,2025-08-25,36,595,0.0,0.0,0.3333,0.0,0,
CUST01268,C03,2023-10-13,0,0,0,0.00,,0,,0,,,,,718,,,,,0,
CUST01269,C02,2023-04-15,2,1,0,1707.00,1707.0,5,4.0,4,CAT17,2025-08-12,2025-09-05,25,899,0.0,0.0,0.0,1.0,1,4.0
CUST01270,C03,2025-07-17,4,4,0,2095.40,523.85,14,3.25,7,CAT01,2025-08-13,2025-09-15,15,75,0.0,0.0,0.25,0.5,1,4.0
CUST01271,C01,2023-07-30,11,11,0,7114.00,646.73,58,3.73,14,CAT05,2025-04-14,2025-09-26,4,793,0.0,0.1818,0.2727,0.2727,4,3.75
CUST01272,C02,2024-03-30,7,7,0,2432.00,347.43,18,1.71,9,CAT15,2025-04-14,2025-09-16,14,549,0.0,0.4286,0.1429,0.0,3,4.33
CUST01273,C03,2025-09-12,1,1,0,493.00,493.0,5,2.0,2,CAT14,2025-09-15,2025-09-15,15,18,0.0,0.0,0.0,0.0,0,
CUST01274,C03,2024-07-22,9,8,1,8348.80,1043.6,46,4.5,13,CAT05,2025-04-04,2025-09-28,2,435,0.1111,0.1111,0.5556,0.25,4,3.0
CUST01275,C01,2025-04-14,3,2,1,4183.00,2091.5,16,5.5,7,CAT05,2025-04-18,2025-05-12,141,169,0.3333,0.6667,0.0,0.0,0,
CUST01276,C02,2024-10-19,0,0,0,0.00,,0,,0,,,,,346,,,,,0,
CUST01277,C01,2025-06-16,1,1,0,2044.00,2044.0,6,5.0,4,CAT17,2025-08-30,2025-08-30,31,106,0.0,0.0,1.0,0.0,0,
CUST01278,C02,2025-08-21,1,1,0,44.00,44.0,1,1.0,1,CAT09,2025-09-13,2025-09-13,17,40,0.0,1.0,1.0,0.0,0,
CUST01279,C02,2023-11-20,3,2,1,626.00,313.0,5,2.0,4,CAT03,2025-06-11,2025-09-11,19,680,0.3333,0.3333,0.0,0.0,0,
CUST01280,C03,2025-09-05,5,4,0,4466.00,1116.5,19,3.75,11,CAT17,2025-09-06,2025-09-23,7,25,0.0,0.2,0.4,0.0,0,
CUST01281,C03,2025-09-17,0,0,0,0.00,,0,,0,,,,,13,,,,,0,
CUST01282,C02,2025-02-26,3,3,0,769.00,256.33,8,2.33,4,CAT03,2025-05-07,2025-08-22,39,216,0.0,0.0,0.0,0.0,0,
CUST01283,C01,2023-07-19,10,9,1,10811.60,1201.29,54,4.22,16,CAT15,2025-04-17,2025-09-24,6,804,0.1,0.1,0.3,0.5556,3,2.0
CUST01284,C03,2024-07-08,4,4,0,2121.50,530.38,14,3.0,7,CAT12,2025-07-20,2025-09-11,19,449,0.0,0.5,0.5,0.75,1,5.0
CUST01285,C03,2023-01-04,22,18,3,11232.65,624.04,85,3.0,16,CAT03,2025-04-11,2025-09-08,22,1000,0.1364,0.1364,0.2727,0.2778,1,4.0
CUST01286,C01,2024-12-02,9,7,2,4292.00,613.14,19,2.29,9,CAT16,2025-04-01,2025-09-26,4,302,0.2222,0.2222,0.5556,0.0,1,4.0
CUST01287,C01,2025-09-15,1,1,0,933.00,933.0,4,4.0,3,CAT14,2025-09-21,2025-09-21,9,15,0.0,1.0,1.0,0.0,0,
CUST01288,C02,2023-06-26,3,3,0,2301.00,767.0,18,4.33,9,CAT01,2025-04-04,2025-08-30,31,827,0.0,0.0,0.3333,0.0,0,
CUST01289,C03,2025-08-29,1,1,0,548.60,548.6,7,4.0,3,CAT11,2025-09-14,2025-09-14,16,32,0.0,0.0,1.0,1.0,0,
CUST01290,C02,2025-07-26,1,1,0,439.00,439.0,5,4.0,3,CAT07,2025-08-29,2025-08-29,32,66,0.0,0.0,0.0,1.0,0,
CUST01291,C02,2023-01-20,7,4,1,2585.00,646.25,16,2.5,6,CAT01,2025-06-01,2025-07-17,75,984,0.1429,0.1429,0.5714,0.0,2,4.5
CUST01292,C01,2024-08-13,3,3,0,5514.00,1838.0,26,6.33,11,CAT13,2025-05-01,2025-09-07,23,413,0.0,0.3333,0.6667,0.0,1,5.0
CUST01293,C03,2023-07-07,10,10,0,21772.00,2177.2,71,5.2,15,CAT15,2025-04-11,2025-09-30,0,816,0.0,0.4,0.4,0.0,1,3.0
CUST01294,C02,2024-11-17,2,2,0,798.00,399.0,9,2.5,4,CAT07,2025-04-17,2025-09-18,12,317,0.0,0.0,0.0,0.0,0,
CUST01295,C02,2023-05-03,0,0,0,0.00,,0,,0,,,,,881,,,,,0,
CUST01296,C03,2024-01-07,3,3,0,1333.15,444.38,10,2.67,5,CAT08,2025-05-13,2025-07-10,82,632,0.0,0.6667,0.0,0.3333,2,4.0
CUST01297,C03,2024-09-19,6,6,0,3882.00,647.0,29,3.83,11,CAT16,2025-05-23,2025-08-30,31,376,0.0,0.0,0.5,0.0,2,2.5
CUST01298,C03,2024-04-17,5,5,0,2750.00,550.0,14,2.0,8,CAT08,2025-04-22,2025-09-26,4,531,0.0,0.2,0.2,0.0,0,
CUST01299,C01,2023-04-14,2,2,0,725.00,362.5,6,2.0,4,CAT07,2025-06-16,2025-09-26,4,900,0.0,0.0,0.0,0.0,0,
CUST01300,C01,2023-11-01,3,3,0,2327.00,775.67,13,3.33,7,CAT19,2025-04-18,2025-08-11,50,699,0.0,0.3333,0.0,0.0,0,
CUST01301,C02,2025-04-11,3,2,0,240.00,120.0,6,1.0,2,CAT04,2025-06-26,2025-09-21,9,172,0.0,0.0,0.3333,0.0,1,2.0
CUST01302,C02,2025-06-20,2,2,0,2401.30,1200.65,9,3.5,5,CAT16,2025-08-09,2025-08-20,41,102,0.0,0.0,0.5,0.5,0,
CUST01303,C01,2024-01-05,3,3,0,370.40,123.47,4,1.33,3,CAT09,2025-04-01,2025-06-27,95,634,0.0,0.6667,0.0,0.3333,0,
CUST01304,C02,2023-01-08,19,18,1,12468.00,692.67,74,2.83,14,CAT03,2025-04-15,2025-09-29,1,996,0.0526,0.1579,0.2632,0.2222,2,4.5
CUST01305,C02,2023-10-14,8,7,1,3985.00,569.29,37,3.86,10,CAT11,2025-05-09,2025-09-01,29,717,0.125,0.25,0.0,0.0,0,
CUST01306,C01,2024-01-11,7,5,2,2940.00,588.0,13,2.2,7,CAT17,2025-04-24,2025-07-30,62,628,0.2857,0.1429,0.0,0.6,2,2.0
CUST01307,C02,2024-06-24,19,16,1,11929.00,745.56,82,3.38,15,CAT05,2025-04-14,2025-09-19,11,463,0.0526,0.2105,0.2105,0.3125,0,
CUST01308,C03,2025-08-03,6,5,0,3085.00,617.0,28,3.6,10,CAT19,2025-08-08,2025-09-06,24,58,0.0,0.1667,0.3333,0.2,0,
CUST01309,C02,2025-01-12,3,1,1,73.00,73.0,1,1.0,1,CAT07,2025-04-14,2025-04-14,169,261,0.3333,0.6667,0.0,0.0,0,
CUST01310,C02,2024-04-27,0,0,0,0.00,,0,,0,,,,,521,,,,,0,
CUST01311,C02,2024-02-24,2,2,0,4627.50,2313.75,12,3.5,6,CAT17,2025-07-23,2025-09-24,6,584,0.0,0.0,0.0,0.5,0,
CUST01312,C01,2025-07-12,1,1,0,338.00,338.0,2,2.0,2,CAT05,2025-08-16,2025-08-16,45,80,0.0,0.0,1.0,0.0,0,
CUST01313,C01,2023-03-26,21,21,0,20220.25,962.87,113,3.9,15,CAT03,2025-04-11,2025-09-23,7,919,0.0,0.1429,0.2381,0.1429,6,4.0
CUST01314,C02,2024-07-26,1,1,0,977.00,977.0,4,3.0,3,CAT13,2025-06-19,2025-06-19,103,431,0.0,0.0,0.0,0.0,0,
CUST01315,C02,2025-05-31,6,6,0,2253.15,375.53,19,2.0,6,CAT08,2025-06-13,2025-08-26,35,122,0.0,0.5,0.3333,0.3333,0,
CUST01316,C02,2025-05-19,12,10,0,5461.20,546.12,38,2.8,13,CAT05,2025-05-19,2025-09-24,6,134,0.0,0.5833,0.1667,0.2,5,4.2
CUST01317,C01,2025-09-19,2,2,0,3749.00,1874.5,12,3.0,5,CAT17,2025-09-28,2025-09-30,0,11,0.0,0.0,0.5,0.0,0,
CUST01318,C02,2023-10-07,9,6,3,5927.40,987.9,23,2.5,12,CAT19,2025-04-26,2025-09-13,17,724,0.3333,0.6667,0.6667,0.1667,1,5.0
CUST01319,C03,2024-12-27,3,3,0,722.40,240.8,10,2.33,7,CAT12,2025-07-28,2025-09-19,11,277,0.0,0.6667,0.0,0.3333,0,
CUST01320,C01,2024-12-21,0,0,0,0.00,,0,,0,,,,,283,,,,,0,
CUST01321,C03,2025-06-18,6,5,0,2832.00,566.4,18,2.0,6,CAT05,2025-07-15,2025-08-08,53,104,0.0,0.3333,0.3333,0.0,2,5.0
CUST01322,C01,2024-05-24,2,2,0,4518.00,2259.0,25,9.5,10,CAT13,2025-06-15,2025-07-13,79,494,0.0,0.0,1.0,0.0,0,
CUST01323,C03,2025-06-20,3,3,0,2006.00,668.67,16,5.0,6,CAT13,2025-07-16,2025-09-07,23,102,0.0,0.0,0.3333,0.0,0,
CUST01324,C01,2023-10-30,6,6,0,10450.50,1741.75,44,5.0,12,CAT15,2025-04-29,2025-08-16,45,701,0.0,0.1667,0.6667,0.1667,1,3.0
CUST01325,C02,2025-05-04,0,0,0,0.00,,0,,0,,,,,149,,,,,0,
CUST01326,C01,2024-12-31,1,1,0,24.00,24.0,1,1.0,1,CAT07,2025-04-18,2025-04-18,165,273,0.0,0.0,0.0,0.0,0,
CUST01327,C01,2025-08-28,3,3,0,1597.20,532.4,14,2.67,7,CAT12,2025-09-07,2025-09-25,5,33,0.0,0.0,0.3333,0.3333,0,
CUST01328,C02,2023-11-10,2,2,0,575.00,287.5,6,2.0,3,CAT13,2025-05-29,2025-07-11,81,690,0.0,0.0,0.0,0.5,1,1.0
CUST01329,C02,2025-09-12,0,0,0,0.00,,0,,0,,,,,18,,,,,0,
CUST01330,C01,2025-02-10,3,2,0,4823.40,2411.7,16,6.5,10,CAT17,2025-04-07,2025-06-08,114,232,0.0,0.0,0.6667,1.0,1,5.0
CUST01331,C03,2024-10-27,1,1,0,190.00,190.0,1,1.0,1,CAT19,2025-05-01,2025-05-01,152,338,0.0,1.0,0.0,0.0,1,4.0
CUST01332,C01,2025-06-12,0,0,0,0.00,,0,,0,,,,,110,,,,,0,
CUST01333,C01,2023-12-21,4,4,0,1582.00,395.5,14,2.5,6,CAT13,2025-06-07,2025-09-22,8,649,0.0,1.0,0.25,0.0,1,4.0
CUST01334,C02,2024-02-01,12,12,0,11276.80,939.73,64,3.67,20,CAT14,2025-04-08,2025-09-21,9,607,0.0,0.0833,0.3333,0.25,1,4.0
CUST01335,C01,2023-10-26,0,0,0,0.00,,0,,0,,,,,705,,,,,0,
CUST01336,C01,2025-06-27,1,1,0,3517.00,3517.0,9,5.0,5,CAT17,2025-09-24,2025-09-24,6,95,0.0,1.0,0.0,0.0,1,5.0
CUST01337,C01,2025-05-21,2,1,1,1090.00,1090.0,4,3.0,3,CAT17,2025-07-30,2025-09-17,13,132,0.5,0.0,0.0,0.0,1,5.0
CUST01338,C01,2024-01-06,3,3,0,1236.00,412.0,10,2.33,6,CAT04,2025-04-12,2025-05-17,136,633,0.0,0.3333,0.6667,0.0,0,
CUST01339,C03,2024-08-18,18,14,3,21810.95,1557.93,97,5.0,19,CAT05,2025-04-06,2025-09-14,16,408,0.1667,0.2222,0.5556,0.2857,3,4.67
CUST01340,C03,2024-08-03,2,2,0,1367.80,683.9,8,2.0,4,CAT16,2025-05-23,2025-06-23,99,423,0.0,0.0,0.0,0.5,0,
CUST01341,C03,2024-05-31,3,3,0,1453.40,484.47,10,2.67,7,CAT05,2025-05-09,2025-08-13,48,487,0.0,0.0,0.3333,0.3333,0,
CUST01342,C01,2025-02-27,8,7,1,4148.00,592.57,21,2.71,12,CAT17,2025-04-06,2025-09-30,0,215,0.125,0.25,0.125,0.0,1,2.0
CUST01343,C01,2023-01-20,13,13,0,9946.40,765.11,55,3.31,14,CAT11,2025-04-11,2025-09-30,0,984,0.0,0.0769,0.3846,0.3077,0,
CUST01344,C01,2023-05-13,3,3,0,4734.00,1578.0,16,4.33,7,CAT15,2025-05-16,2025-06-12,110,871,0.0,0.3333,0.0,0.0,0,
CUST01345,C01,2023-08-23,9,9,0,4572.50,508.06,40,3.11,11,CAT03,2025-04-06,2025-09-08,22,769,0.0,0.4444,0.3333,0.1111,1,2.0
CUST01346,C01,2025-08-11,4,4,0,3597.00,899.25,22,3.75,9,CAT10,2025-08-16,2025-09-29,1,50,0.0,0.25,0.75,0.0,0,
CUST01347,C03,2025-08-30,0,0,0,0.00,,0,,0,,,,,31,,,,,0,
CUST01348,C01,2024-09-03,24,22,0,13559.80,616.35,79,2.73,14,CAT05,2025-04-04,2025-09-24,6,392,0.0,0.2083,0.2917,0.0909,6,2.67
CUST01349,C02,2024-03-18,3,3,0,5590.60,1863.53,23,5.0,11,CAT17,2025-06-15,2025-07-10,82,561,0.0,0.3333,0.3333,0.3333,0,
CUST01350,C01,2023-11-08,8,7,1,5631.20,804.46,34,3.43,15,CAT13,2025-05-14,2025-08-10,51,692,0.125,0.375,0.625,0.4286,2,4.5
CUST01351,C03,2025-04-05,2,2,0,289.00,144.5,3,1.5,3,CAT18,2025-05-21,2025-08-07,54,178,0.0,1.0,0.0,0.0,0,
CUST01352,C02,2025-05-03,3,3,0,3159.20,1053.07,10,2.33,6,CAT13,2025-06-15,2025-09-28,2,150,0.0,0.0,0.6667,0.3333,1,5.0
CUST01353,C01,2024-07-22,2,2,0,3755.75,1877.88,15,6.0,8,CAT17,2025-09-01,2025-09-07,23,435,0.0,0.0,0.5,0.5,0,
CUST01354,C03,2025-01-12,4,3,1,1819.50,606.5,8,1.67,5,CAT17,2025-04-27,2025-08-15,46,261,0.25,0.25,0.5,0.3333,0,
CUST01355,C02,2024-06-18,8,7,1,1965.00,280.71,15,1.71,9,CAT12,2025-04-06,2025-07-16,76,469,0.125,0.625,0.25,0.0,3,3.67
CUST01356,C02,2025-03-16,9,8,1,6642.10,830.26,33,2.63,9,CAT01,2025-04-26,2025-08-13,48,198,0.1111,0.1111,0.4444,0.375,2,5.0
CUST01357,C03,2025-03-23,4,3,1,4673.00,1557.67,16,3.33,7,CAT17,2025-05-12,2025-06-25,97,191,0.25,0.0,0.25,0.0,1,4.0
CUST01358,C03,2023-02-26,10,10,0,8185.00,818.5,41,3.4,11,CAT03,2025-05-22,2025-09-18,12,947,0.0,0.1,0.3,0.1,3,4.33
CUST01359,C02,2025-09-19,2,2,0,1697.00,848.5,8,3.0,5,CAT16,2025-09-19,2025-09-25,5,11,0.0,0.0,0.0,0.0,0,
CUST01360,C02,2023-03-19,7,7,0,11122.10,1588.87,48,5.29,14,CAT15,2025-05-18,2025-09-28,2,926,0.0,0.0,0.5714,0.5714,0,
CUST01361,C01,2024-12-24,2,2,0,379.00,189.5,4,2.0,2,CAT06,2025-07-01,2025-09-24,6,280,0.0,1.0,0.0,0.0,0,
CUST01362,C03,2023-01-09,4,4,0,2699.00,674.75,19,3.25,9,CAT17,2025-04-01,2025-06-23,99,995,0.0,0.25,0.25,0.0,0,
CUST01363,C01,2023-05-27,1,1,0,853.60,853.6,6,5.0,4,CAT16,2025-09-15,2025-09-15,15,857,0.0,0.0,0.0,1.0,0,
CUST01364,C03,2025-07-29,7,7,0,4103.70,586.24,24,2.57,9,CAT11,2025-08-10,2025-09-13,17,63,0.0,0.1429,0.4286,0.2857,1,4.0
CUST01365,C01,2023-11-22,1,1,0,372.00,372.0,5,2.0,2,CAT10,2025-06-28,2025-06-28,94,678,0.0,0.0,1.0,0.0,0,
CUST01366,C02,2024-11-24,10,10,0,9330.15,933.02,61,4.3,15,CAT03,2025-04-04,2025-08-17,44,310,0.0,0.2,0.4,0.2,1,5.0
CUST01367,C01,2023-07-23,5,5,0,5199.20,1039.84,36,5.2,11,CAT13,2025-04-20,2025-09-01,29,800,0.0,0.2,0.2,0.4,1,3.0
CUST01368,C03,2024-04-11,4,4,0,6757.20,1689.3,34,5.25,11,CAT10,2025-04-05,2025-08-25,36,537,0.0,0.0,0.25,0.25,0,
CUST01369,C02,2024-07-05,3,3,0,4267.00,1422.33,20,4.67,9,CAT17,2025-04-20,2025-08-25,36,452,0.0,0.0,0.6667,0.0,1,5.0
CUST01370,C03,2025-07-07,1,1,0,218.00,218.0,4,4.0,3,CAT20,2025-08-08,2025-08-08,53,85,0.0,0.0,0.0,0.0,0,
CUST01371,C03,2025-05-21,4,4,0,1466.00,366.5,6,1.5,6,CAT15,2025-05-21,2025-07-31,61,132,0.0,0.5,0.25,0.0,2,4.0
CUST01372,C01,2024-03-22,1,1,0,712.00,712.0,5,4.0,4,CAT08,2025-08-20,2025-08-20,41,557,0.0,1.0,0.0,0.0,0,
CUST01373,C02,2025-09-14,1,1,0,299.00,299.0,1,1.0,1,CAT13,2025-09-26,2025-09-26,4,16,0.0,0.0,0.0,0.0,1,4.0
CUST01374,C01,2023-05-12,1,1,0,127.00,127.0,2,2.0,2,CAT11,2025-07-28,2025-07-28,64,872,0.0,0.0,0.0,0.0,0,
CUST01375,C03,2025-09-25,0,0,0,0.00,,0,,0,,,,,5,,,,,0,
CUST01376,C01,2024-10-13,8,7,1,5534.40,790.63,44,4.0,12,CAT05,2025-04-04,2025-09-21,9,352,0.125,0.125,0.25,0.1429,1,4.0
CUST01377,C02,2025-08-05,1,1,0,1696.00,1696.0,7,5.0,4,CAT10,2025-09-12,2025-09-12,18,56,0.0,0.0,0.0,0.0,0,
CUST01378,C01,2023-12-25,13,11,2,12400.05,1127.28,60,4.36,17,CAT15,2025-04-05,2025-09-26,4,645,0.1538,0.1538,0.4615,0.2727,0,
CUST01379,C02,2025-07-15,3,3,0,507.00,169.0,4,1.0,3,CAT15,2025-07-18,2025-09-23,7,77,0.0,0.6667,0.0,0.0,1,4.0
CUST01380,C02,2024-01-12,1,1,0,296.00,296.0,4,2.0,2,CAT19,2025-05-18,2025-05-18,135,627,0.0,0.0,1.0,0.0,0,
CUST01381,C01,2025-07-26,1,1,0,589.00,589.0,1,1.0,1,CAT15,2025-09-20,2025-09-20,10,66,0.0,0.0,1.0,0.0,0,
CUST01382,C03,2024-10-09,3,3,0,5071.00,1690.33,18,3.67,8,CAT19,2025-04-09,2025-09-04,26,356,0.0,0.0,0.0,0.0,0,
CUST01383,C01,2023-12-16,7,5,2,3400.40,680.08,17,2.8,7,CAT11,2025-04-21,2025-09-28,2,654,0.2857,0.0,0.5714,0.2,0,
CUST01384,C01,2024-12-26,9,8,1,5233.70,654.21,41,3.5,14,CAT10,2025-04-10,2025-09-29,1,278,0.1111,0.2222,0.2222,0.25,1,4.0
CUST01385,C02,2025-05-09,1,1,0,304.00,304.0,2,2.0,2,CAT15,2025-08-04,2025-08-04,57,144,0.0,1.0,0.0,0.0,0,
CUST01386,C02,2025-08-05,5,5,0,1284.30,256.86,9,1.6,5,CAT16,2025-08-06,2025-09-27,3,56,0.0,1.0,0.4,0.2,1,1.0
CUST01387,C02,2024-02-20,19,18,1,17150.15,952.79,119,3.44,16,CAT05,2025-04-15,2025-09-25,5,588,0.0526,0.3158,0.1053,0.1667,2,3.0
CUST01388,C02,2025-03-20,1,1,0,193.00,193.0,1,1.0,1,CAT12,2025-07-09,2025-07-09,83,194,0.0,0.0,0.0,0.0,1,5.0
CUST01389,C02,2023-05-28,2,1,1,39.00,39.0,1,1.0,1,CAT08,2025-05-30,2025-09-21,9,856,0.5,0.5,0.5,0.0,0,
CUST01390,C01,2024-12-05,6,6,0,5419.80,903.3,27,3.83,10,CAT15,2025-04-27,2025-09-26,4,299,0.0,0.1667,0.1667,0.1667,2,4.5
CUST01391,C03,2025-08-28,3,3,0,7895.00,2631.67,27,5.67,11,CAT17,2025-08-29,2025-09-18,12,33,0.0,0.0,0.3333,0.3333,1,2.0
CUST01392,C02,2023-04-28,12,10,1,13146.50,1314.65,44,3.0,14,CAT17,2025-04-16,2025-09-22,8,886,0.0833,0.25,0.3333,0.1,0,
CUST01393,C01,2024-06-04,12,12,0,8424.65,702.05,50,2.5,13,CAT15,2025-04-14,2025-09-24,6,483,0.0,0.25,0.0833,0.1667,1,4.0
CUST01394,C03,2025-01-14,7,7,0,14571.50,2081.64,59,5.0,12,CAT15,2025-04-04,2025-09-30,0,259,0.0,0.1429,0.5714,0.1429,1,2.0
CUST01395,C03,2023-09-28,9,7,1,5578.40,796.91,38,4.0,12,CAT05,2025-05-24,2025-09-09,21,733,0.1111,0.0,0.1111,0.2857,1,4.0
CUST01396,C02,2024-01-03,7,7,0,4630.50,661.5,25,3.0,12,CAT05,2025-05-11,2025-09-06,24,636,0.0,0.1429,0.5714,0.4286,0,
CUST01397,C01,2025-06-22,2,2,0,2805.60,1402.8,10,4.0,4,CAT10,2025-08-29,2025-09-14,16,100,0.0,0.5,0.5,0.5,0,
CUST01398,C01,2024-09-04,2,2,0,564.50,282.25,6,2.5,5,CAT15,2025-06-15,2025-08-15,46,391,0.0,0.0,0.5,0.5,0,
CUST01399,C01,2024-02-02,12,11,1,7025.60,638.69,49,3.45,13,CAT05,2025-04-09,2025-08-11,50,606,0.0833,0.0833,0.4167,0.1818,2,4.5
CUST01400,C02,2023-12-25,4,3,0,1996.00,665.33,11,2.33,6,CAT14,2025-04-06,2025-09-15,15,645,0.0,0.25,0.25,0.0,1,3.0
CUST01401,C01,2023-12-20,16,16,0,10067.30,629.21,62,2.94,15,CAT18,2025-04-04,2025-09-29,1,650,0.0,0.3125,0.3125,0.0625,0,
CUST01402,C02,2023-02-28,3,2,0,2959.00,1479.5,14,5.5,9,CAT12,2025-05-13,2025-09-28,2,945,0.0,0.3333,0.6667,0.5,0,
CUST01403,C01,2025-04-24,2,2,0,1231.00,615.5,8,4.0,7,CAT10,2025-05-31,2025-06-14,108,159,0.0,0.5,1.0,0.5,0,
CUST01404,C01,2023-03-23,9,9,0,17950.70,1994.52,68,5.0,12,CAT15,2025-05-13,2025-09-28,2,922,0.0,0.2222,0.6667,0.4444,0,
CUST01405,C01,2025-08-29,2,1,0,215.20,215.2,3,3.0,2,CAT07,2025-09-09,2025-09-09,21,32,0.0,0.5,0.5,1.0,0,
CUST01406,C01,2025-08-06,0,0,0,0.00,,0,,0,,,,,55,,,,,0,
CUST01407,C02,2023-05-11,4,4,0,4187.00,1046.75,19,4.0,11,CAT19,2025-04-14,2025-09-11,19,873,0.0,0.0,0.0,0.0,0,
CUST01408,C01,2025-08-31,5,5,0,3218.00,643.6,19,2.8,8,CAT19,2025-09-14,2025-09-22,8,30,0.0,0.6,0.4,0.0,1,5.0
CUST01409,C02,2023-01-05,12,10,1,7966.25,796.63,33,2.4,10,CAT17,2025-04-02,2025-08-22,39,999,0.0833,0.1667,0.25,0.1,5,4.4
CUST01410,C03,2025-07-28,1,1,0,1877.00,1877.0,7,3.0,3,CAT15,2025-07-31,2025-07-31,61,64,0.0,1.0,0.0,0.0,0,
CUST01411,C02,2025-08-19,0,0,0,0.00,,0,,0,,,,,42,,,,,0,
CUST01412,C03,2025-09-10,1,1,0,3081.00,3081.0,7,4.0,3,CAT14,2025-09-24,2025-09-24,6,20,0.0,0.0,0.0,0.0,0,
CUST01413,C02,2023-06-16,3,1,1,1344.00,1344.0,6,4.0,4,CAT13,2025-04-03,2025-07-01,91,837,0.3333,0.0,0.3333,0.0,1,3.0
CUST01414,C01,2023-03-06,2,1,1,1153.00,1153.0,4,4.0,4,CAT17,2025-09-23,2025-09-25,5,939,0.5,0.0,0.0,0.0,0,
CUST01415,C02,2025-06-27,5,4,1,3758.00,939.5,23,4.25,9,CAT03,2025-07-23,2025-09-30,0,95,0.2,0.4,0.0,0.0,1,2.0
CUST01416,C03,2023-10-17,1,1,0,2722.00,2722.0,5,4.0,4,CAT16,2025-08-16,2025-08-16,45,714,0.0,0.0,1.0,1.0,0,
CUST01417,C02,2025-08-12,2,2,0,4037.00,2018.5,12,4.5,6,CAT15,2025-08-15,2025-09-03,27,49,0.0,0.5,0.0,0.0,0,
CUST01418,C01,2025-04-19,15,13,1,3533.65,271.82,33,1.85,11,CAT17,2025-04-25,2025-09-28,2,164,0.0667,0.7333,0.3333,0.2308,4,3.25
CUST01419,C01,2024-01-25,5,5,0,2058.60,411.72,14,2.6,8,CAT12,2025-05-08,2025-08-05,56,614,0.0,0.8,0.0,0.4,1,3.0
CUST01420,C03,2024-04-28,8,7,0,2854.00,407.71,14,1.57,8,CAT17,2025-04-10,2025-09-11,19,520,0.0,0.625,0.5,0.0,1,1.0
CUST01421,C03,2023-08-11,3,3,0,7399.40,2466.47,29,6.67,12,CAT17,2025-04-05,2025-08-27,34,781,0.0,0.0,0.6667,0.3333,1,4.0
CUST01422,C03,2023-10-24,5,5,0,3347.20,669.44,22,3.0,8,CAT05,2025-04-24,2025-08-27,34,707,0.0,0.0,0.0,0.2,2,3.5
CUST01423,C03,2023-11-17,4,4,0,5069.00,1267.25,22,3.75,9,CAT17,2025-05-03,2025-09-04,26,683,0.0,0.0,0.25,0.0,2,4.0
CUST01424,C03,2025-01-04,3,3,0,2271.00,757.0,9,1.0,3,CAT13,2025-04-14,2025-09-03,27,269,0.0,0.3333,0.0,0.0,0,
CUST01425,C02,2024-03-25,5,4,1,4606.75,1151.69,29,4.25,11,CAT12,2025-06-08,2025-08-20,41,554,0.2,0.2,0.6,0.5,0,
CUST01426,C01,2025-09-19,0,0,0,0.00,,0,,0,,,,,11,,,,,0,
CUST01427,C02,2024-12-05,4,3,0,1440.60,480.2,13,3.33,9,CAT16,2025-04-30,2025-08-26,35,299,0.0,0.25,0.25,0.6667,1,2.0
CUST01428,C03,2023-10-11,3,3,0,7955.00,2651.67,35,8.0,11,CAT15,2025-07-18,2025-09-13,17,720,0.0,0.3333,0.6667,0.0,0,
CUST01429,C01,2024-12-13,11,10,0,6057.40,605.74,31,2.2,13,CAT17,2025-05-14,2025-08-28,33,291,0.0,0.0909,0.2727,0.3,3,4.33
CUST01430,C03,2025-03-31,23,22,1,8649.55,393.16,77,2.41,16,CAT12,2025-04-04,2025-09-28,2,183,0.0435,0.6087,0.3478,0.1818,5,3.8
CUST01431,C02,2024-07-04,5,1,3,1411.00,1411.0,4,4.0,4,CAT17,2025-04-10,2025-05-18,135,453,0.6,0.2,0.8,0.0,0,
CUST01432,C03,2024-05-25,4,3,0,1495.00,498.33,10,1.33,2,CAT12,2025-05-09,2025-07-02,90,493,0.0,0.5,0.25,0.0,0,
CUST01433,C02,2024-08-12,24,23,0,17789.90,773.47,105,3.43,16,CAT15,2025-04-03,2025-09-27,3,414,0.0,0.0417,0.25,0.1304,4,4.25
CUST01434,C01,2024-11-03,4,3,1,4477.30,1492.43,17,4.0,6,CAT15,2025-05-12,2025-09-27,3,331,0.25,0.25,0.25,0.3333,0,
CUST01435,C03,2024-11-15,1,1,0,75.00,75.0,1,1.0,1,CAT07,2025-09-18,2025-09-18,12,319,0.0,0.0,0.0,0.0,1,5.0
CUST01436,C01,2023-04-25,4,3,1,1750.50,583.5,13,3.33,8,CAT08,2025-05-29,2025-07-11,81,889,0.25,0.0,0.0,0.3333,1,2.0
CUST01437,C02,2023-03-17,6,6,0,2903.80,483.97,22,2.33,6,CAT12,2025-04-14,2025-09-02,28,928,0.0,0.8333,0.1667,0.1667,0,
CUST01438,C02,2023-08-08,26,25,0,37455.50,1498.22,164,4.8,20,CAT10,2025-04-07,2025-09-30,0,784,0.0,0.1538,0.5,0.16,4,3.5
CUST01439,C02,2025-01-09,3,2,1,44.00,22.0,1,0.5,1,CAT09,2025-05-09,2025-08-22,39,264,0.3333,0.3333,0.0,0.0,1,4.0
CUST01440,C02,2023-06-20,1,0,0,0.00,,0,,0,,2025-05-15,,,833,0.0,0.0,0.0,,0,
CUST01441,C02,2023-01-16,7,6,1,9607.00,1601.17,45,4.67,11,CAT15,2025-05-29,2025-08-30,31,988,0.1429,0.1429,0.5714,0.0,0,
CUST01442,C02,2025-04-07,15,13,0,19675.00,1513.46,89,4.85,18,CAT15,2025-04-19,2025-09-12,18,176,0.0,0.1333,0.5333,0.3846,1,4.0
CUST01443,C01,2025-09-12,0,0,0,0.00,,0,,0,,,,,18,,,,,0,
CUST01444,C03,2024-02-10,9,7,1,4405.85,629.41,24,2.86,12,CAT15,2025-04-20,2025-08-29,32,598,0.1111,0.1111,0.1111,0.2857,0,
CUST01445,C02,2025-01-15,2,2,0,1761.00,880.5,6,2.5,5,CAT15,2025-04-25,2025-09-15,15,258,0.0,0.5,0.0,0.0,0,
CUST01446,C03,2025-01-07,4,4,0,4694.10,1173.53,25,5.25,13,CAT15,2025-07-06,2025-09-29,1,266,0.0,0.5,0.75,0.5,1,5.0
CUST01447,C02,2023-07-09,2,2,0,1823.00,911.5,11,3.5,7,CAT03,2025-04-14,2025-07-24,68,814,0.0,0.0,0.0,0.0,0,
CUST01448,C03,2024-11-15,1,1,0,1213.00,1213.0,5,4.0,4,CAT15,2025-07-04,2025-07-04,88,319,0.0,0.0,0.0,0.0,0,
CUST01449,C03,2025-09-17,0,0,0,0.00,,0,,0,,,,,13,,,,,0,
CUST01450,C01,2023-04-29,6,5,0,1669.30,333.86,14,1.6,6,CAT16,2025-04-22,2025-08-07,54,885,0.0,0.6667,0.1667,0.4,1,5.0
CUST01451,C01,2024-03-17,2,2,0,635.20,317.6,6,2.5,5,CAT15,2025-06-16,2025-08-14,47,562,0.0,0.0,0.0,0.5,1,5.0
CUST01452,C01,2024-05-13,1,1,0,410.80,410.8,6,5.0,5,CAT11,2025-04-06,2025-04-06,177,505,0.0,0.0,1.0,1.0,0,
CUST01453,C01,2024-11-07,4,3,0,1071.90,357.3,12,2.67,7,CAT03,2025-04-15,2025-06-30,92,327,0.0,0.0,0.0,0.3333,1,3.0
CUST01454,C03,2024-07-22,23,20,2,33528.00,1676.4,133,4.65,20,CAT15,2025-04-07,2025-09-29,1,435,0.087,0.1739,0.5652,0.15,3,4.0
CUST01455,C02,2024-06-11,0,0,0,0.00,,0,,0,,,,,476,,,,,0,
CUST01456,C01,2024-05-26,15,13,2,22638.30,1741.41,95,5.69,17,CAT15,2025-04-05,2025-09-15,15,492,0.1333,0.0,0.5333,0.2308,3,3.67
CUST01457,C02,2024-05-31,12,11,1,6276.80,570.62,39,2.55,12,CAT19,2025-04-05,2025-09-05,25,487,0.0833,0.0833,0.25,0.0909,3,4.0
CUST01458,C03,2025-09-13,0,0,0,0.00,,0,,0,,,,,17,,,,,0,
CUST01459,C01,2024-11-09,2,2,0,1013.00,506.5,5,2.0,3,CAT16,2025-07-25,2025-08-24,37,325,0.0,0.0,0.5,0.0,1,2.0
CUST01460,C03,2023-11-19,5,4,1,5191.00,1297.75,21,4.5,9,CAT15,2025-04-25,2025-07-23,69,681,0.2,0.2,0.4,0.0,1,4.0
CUST01461,C03,2024-10-30,3,3,0,2771.00,923.67,15,3.67,8,CAT13,2025-04-05,2025-08-16,45,335,0.0,0.6667,0.6667,0.0,0,
CUST01462,C01,2024-10-10,13,11,0,6556.50,596.05,42,2.82,12,CAT17,2025-04-03,2025-09-28,2,355,0.0,0.3846,0.2308,0.1818,4,3.5
CUST01463,C02,2024-12-01,6,6,0,944.05,157.34,9,1.5,6,CAT08,2025-05-27,2025-09-15,15,303,0.0,0.5,0.5,0.3333,1,5.0
CUST01464,C03,2025-06-26,13,11,1,8846.30,804.21,39,2.36,13,CAT17,2025-07-05,2025-09-12,18,96,0.0769,0.0769,0.3077,0.0909,3,4.67
CUST01465,C03,2025-02-08,19,15,2,10560.75,704.05,69,3.4,15,CAT05,2025-04-03,2025-09-18,12,234,0.1053,0.1053,0.5263,0.4,6,2.67
CUST01466,C03,2024-08-12,28,26,2,34225.05,1316.35,95,2.5,15,CAT17,2025-04-01,2025-09-18,12,414,0.0714,0.1786,0.2143,0.0385,8,4.0
CUST01467,C01,2023-11-29,16,16,0,8510.15,531.88,71,3.25,14,CAT05,2025-04-09,2025-08-20,41,671,0.0,0.1875,0.3125,0.25,3,4.33
CUST01468,C03,2023-08-14,7,6,1,5182.15,863.69,24,2.67,12,CAT16,2025-04-03,2025-09-26,4,778,0.1429,0.4286,0.1429,0.3333,1,4.0
CUST01469,C01,2023-10-06,1,1,0,1368.00,1368.0,10,8.0,8,CAT18,2025-09-11,2025-09-11,19,725,0.0,0.0,0.0,0.0,0,
CUST01470,C02,2024-08-03,1,1,0,417.00,417.0,2,2.0,2,CAT08,2025-05-01,2025-05-01,152,423,0.0,0.0,0.0,0.0,0,
CUST01471,C03,2024-07-02,4,3,0,1531.80,510.6,13,3.67,7,CAT01,2025-04-11,2025-09-17,13,455,0.0,0.0,0.0,0.3333,1,1.0
CUST01472,C01,2023-03-01,6,5,0,3585.25,717.05,19,3.2,8,CAT13,2025-04-14,2025-09-24,6,944,0.0,0.1667,0.1667,0.2,1,3.0
CUST01473,C03,2025-02-15,8,8,0,16700.85,2087.61,65,5.63,14,CAT13,2025-05-02,2025-09-24,6,227,0.0,0.0,0.375,0.25,0,
CUST01474,C03,2024-05-12,2,2,0,923.20,461.6,8,2.5,5,CAT13,2025-04-26,2025-07-09,83,506,0.0,0.5,0.5,0.5,0,
CUST01475,C01,2025-05-29,0,0,0,0.00,,0,,0,,,,,124,,,,,0,
CUST01476,C01,2024-01-16,1,1,0,738.00,738.0,1,1.0,1,CAT17,2025-08-01,2025-08-01,60,623,0.0,0.0,0.0,1.0,0,
CUST01477,C03,2024-04-05,3,3,0,1945.20,648.4,14,3.33,7,CAT07,2025-05-09,2025-07-03,89,543,0.0,1.0,0.0,0.3333,1,5.0
CUST01478,C01,2025-04-20,3,3,0,5683.50,1894.5,20,4.67,9,CAT10,2025-04-21,2025-08-02,59,163,0.0,0.6667,0.6667,0.3333,1,5.0
CUST01479,C01,2025-07-15,4,4,0,4017.50,1004.38,15,3.0,9,CAT15,2025-07-24,2025-09-14,16,77,0.0,0.0,0.75,0.25,0,
CUST01480,C02,2024-09-02,5,4,0,3169.00,792.25,22,3.5,9,CAT05,2025-04-05,2025-08-19,42,393,0.0,0.2,0.4,0.0,1,5.0
CUST01481,C01,2024-12-26,6,4,1,1578.60,394.65,19,3.5,8,CAT11,2025-04-13,2025-07-04,88,278,0.1667,0.1667,0.1667,0.5,1,4.0
CUST01482,C01,2023-11-11,4,4,0,2366.00,591.5,13,2.0,6,CAT10,2025-05-06,2025-06-28,94,689,0.0,1.0,0.25,0.0,0,
CUST01483,C01,2024-04-09,7,7,0,4132.00,590.29,18,2.0,10,CAT16,2025-04-20,2025-09-06,24,539,0.0,0.2857,0.2857,0.0,1,5.0
CUST01484,C03,2025-05-08,7,6,1,12843.00,2140.5,56,6.0,12,CAT05,2025-05-11,2025-08-06,55,145,0.1429,0.2857,0.5714,0.0,1,5.0
CUST01485,C02,2023-09-06,2,1,1,1825.00,1825.0,5,3.0,3,CAT13,2025-04-20,2025-04-20,163,755,0.5,0.0,1.0,0.0,0,
CUST01486,C03,2023-06-14,11,8,2,10598.90,1324.86,48,4.63,17,CAT15,2025-04-11,2025-09-30,0,839,0.1818,0.0,0.5455,0.375,1,4.0
CUST01487,C03,2024-01-31,13,11,1,9015.00,819.55,39,2.36,13,CAT18,2025-04-05,2025-09-22,8,608,0.0769,0.0769,0.1538,0.0,3,4.33
CUST01488,C03,2024-11-28,5,4,1,1386.00,346.5,10,1.75,5,CAT12,2025-04-04,2025-07-21,71,306,0.2,0.4,0.2,0.0,0,
CUST01489,C02,2023-06-17,9,9,0,10931.00,1214.56,58,4.0,10,CAT05,2025-04-21,2025-09-12,18,836,0.0,0.1111,0.1111,0.2222,3,4.33
CUST01490,C03,2023-03-01,1,0,0,0.00,,0,,0,,2025-09-23,,,944,0.0,0.0,0.0,,0,
CUST01491,C01,2024-10-10,5,5,0,10607.00,2121.4,43,5.0,9,CAT10,2025-04-20,2025-08-30,31,355,0.0,0.2,0.6,0.0,0,
CUST01492,C02,2024-04-29,5,3,2,1167.10,389.03,5,1.33,4,CAT05,2025-04-02,2025-08-15,46,519,0.4,0.2,0.2,0.3333,0,
CUST01493,C01,2024-11-07,1,1,0,229.00,229.0,1,1.0,1,CAT18,2025-04-30,2025-04-30,153,327,0.0,0.0,0.0,0.0,0,
CUST01494,C01,2024-02-19,31,28,2,21120.60,754.31,122,3.39,18,CAT17,2025-04-06,2025-09-26,4,589,0.0645,0.1613,0.2581,0.1429,3,3.67
CUST01495,C02,2025-03-09,9,6,2,8973.60,1495.6,54,6.0,13,CAT05,2025-04-06,2025-09-27,3,205,0.2222,0.0,0.5556,0.3333,0,
CUST01496,C03,2023-06-03,7,7,0,10233.40,1461.91,43,4.57,15,CAT15,2025-04-12,2025-08-10,51,850,0.0,0.1429,0.4286,0.1429,0,
CUST01497,C02,2025-03-30,2,2,0,446.00,223.0,4,1.5,2,CAT08,2025-05-25,2025-08-03,58,184,0.0,0.5,1.0,0.0,1,4.0
CUST01498,C02,2025-04-01,5,5,0,8008.20,1601.64,22,3.2,11,CAT17,2025-04-05,2025-08-30,31,182,0.0,0.0,0.6,0.6,1,3.0
CUST01499,C01,2024-02-06,6,4,2,929.40,232.35,9,2.25,7,CAT08,2025-06-20,2025-09-14,16,602,0.3333,0.6667,0.3333,0.25,0,
CUST01500,C03,2023-11-20,9,8,0,4325.20,540.65,39,3.13,10,CAT11,2025-04-06,2025-09-30,0,680,0.0,0.3333,0.4444,0.125,0,
CUST01501,C02,2023-10-28,8,6,2,3447.20,574.53,23,2.83,10,CAT17,2025-04-22,2025-09-24,6,703,0.25,0.0,0.375,0.1667,2,3.5
CUST01502,C02,2025-07-10,2,2,0,3582.00,1791.0,21,5.5,9,CAT10,2025-08-07,2025-08-18,43,82,0.0,0.0,0.0,0.0,0,
CUST01503,C02,2025-09-10,0,0,0,0.00,,0,,0,,,,,20,,,,,0,
CUST01504,C03,2025-04-03,8,7,0,9897.70,1413.96,44,4.43,14,CAT14,2025-04-27,2025-09-08,22,180,0.0,0.25,0.625,0.5714,2,4.0
CUST01505,C03,2024-05-16,5,5,0,2054.80,410.96,10,1.8,8,CAT15,2025-04-21,2025-09-06,24,502,0.0,0.0,0.2,0.4,1,4.0
CUST01506,C03,2024-06-26,14,14,0,8111.70,579.41,57,2.93,16,CAT11,2025-04-15,2025-09-23,7,461,0.0,0.2143,0.3571,0.2143,2,2.5
CUST01507,C01,2024-12-25,6,6,0,9873.80,1645.63,36,4.17,12,CAT15,2025-04-10,2025-09-11,19,279,0.0,0.1667,0.3333,0.1667,2,4.5
CUST01508,C02,2023-10-02,1,1,0,94.00,94.0,1,1.0,1,CAT14,2025-07-29,2025-07-29,63,729,0.0,0.0,0.0,0.0,0,
CUST01509,C01,2025-01-09,7,5,1,8865.70,1773.14,36,5.2,12,CAT15,2025-04-23,2025-08-09,52,264,0.1429,0.0,0.5714,0.4,1,4.0
CUST01510,C02,2025-04-09,6,4,1,3109.00,777.25,14,2.75,8,CAT15,2025-04-23,2025-07-03,89,174,0.1667,0.0,0.1667,0.0,0,
CUST01511,C01,2025-04-12,6,5,0,3355.00,671.0,26,3.6,10,CAT05,2025-05-07,2025-09-04,26,171,0.0,0.1667,0.1667,0.0,1,2.0
CUST01512,C02,2024-09-26,0,0,0,0.00,,0,,0,,,,,369,,,,,0,
CUST01513,C02,2024-02-03,16,14,1,11478.65,819.9,86,4.07,12,CAT11,2025-04-02,2025-09-21,9,605,0.0625,0.125,0.125,0.2143,4,4.25
CUST01514,C02,2024-11-18,10,8,1,5434.80,679.35,36,2.75,10,CAT03,2025-04-18,2025-09-18,12,316,0.1,0.0,0.5,0.25,2,2.0
CUST01515,C02,2025-02-15,1,1,0,903.00,903.0,2,2.0,2,CAT17,2025-05-12,2025-05-12,141,227,0.0,0.0,0.0,0.0,0,
CUST01516,C02,2025-05-16,6,5,0,7049.00,1409.8,27,3.6,9,CAT17,2025-05-28,2025-09-10,20,137,0.0,0.3333,0.3333,0.0,2,5.0
CUST01517,C01,2025-06-12,3,3,0,4054.00,1351.33,12,3.0,8,CAT17,2025-06-12,2025-09-15,15,110,0.0,0.0,0.0,0.0,1,4.0
CUST01518,C01,2024-06-05,0,0,0,0.00,,0,,0,,,,,482,,,,,0,
CUST01519,C03,2023-07-04,5,5,0,7875.00,1575.0,33,4.6,12,CAT15,2025-05-17,2025-08-21,40,819,0.0,0.4,0.8,0.0,0,
CUST01520,C02,2023-05-01,3,2,0,925.15,462.58,7,2.5,5,CAT16,2025-07-18,2025-09-08,22,883,0.0,0.3333,0.0,1.0,0,
CUST01521,C02,2023-03-28,8,5,2,2289.60,457.92,25,3.4,11,CAT01,2025-04-16,2025-09-06,24,917,0.25,0.5,0.5,0.2,1,4.0
CUST01522,C01,2024-04-24,1,1,0,42.00,42.0,1,1.0,1,CAT02,2025-08-30,2025-08-30,31,524,0.0,1.0,1.0,0.0,0,
CUST01523,C02,2023-06-21,36,33,1,26300.40,796.98,161,3.33,19,CAT05,2025-04-03,2025-09-29,1,832,0.0278,0.2222,0.1944,0.1212,6,4.33
CUST01524,C01,2023-03-13,6,5,0,9596.20,1919.24,37,4.8,11,CAT10,2025-04-22,2025-07-19,73,932,0.0,0.1667,0.5,0.4,0,
CUST01525,C02,2024-12-07,6,4,2,3875.00,968.75,24,3.5,10,CAT14,2025-05-23,2025-09-20,10,297,0.3333,0.0,0.3333,0.0,0,
CUST01526,C01,2025-08-17,0,0,0,0.00,,0,,0,,,,,44,,,,,0,
CUST01527,C03,2023-10-06,7,5,2,3161.00,632.2,18,2.8,13,CAT16,2025-04-20,2025-09-13,17,725,0.2857,0.0,0.4286,0.2,1,5.0
CUST01528,C02,2023-05-09,26,24,1,12206.00,508.58,97,2.75,15,CAT03,2025-04-14,2025-09-30,0,875,0.0385,0.1154,0.1923,0.125,4,5.0
CUST01529,C01,2023-05-22,3,3,0,7186.40,2395.47,37,7.0,9,CAT14,2025-04-06,2025-09-25,5,862,0.0,0.3333,0.3333,0.3333,0,
CUST01530,C03,2023-10-02,7,7,0,4634.00,662.0,30,3.14,12,CAT05,2025-04-13,2025-09-28,2,729,0.0,0.2857,0.7143,0.0,0,
CUST01531,C01,2025-03-09,2,2,0,852.05,426.03,7,3.0,6,CAT13,2025-05-09,2025-05-31,122,205,0.0,0.5,0.5,0.5,0,
CUST01532,C01,2025-06-30,5,3,1,1007.00,335.67,9,2.0,5,CAT12,2025-07-13,2025-09-21,9,92,0.2,0.8,0.4,0.0,0,
CUST01533,C01,2024-06-09,1,1,0,1181.00,1181.0,8,5.0,4,CAT15,2025-07-20,2025-07-20,72,478,0.0,1.0,1.0,0.0,1,4.0
CUST01534,C01,2023-04-03,0,0,0,0.00,,0,,0,,,,,911,,,,,0,
CUST01535,C01,2025-01-19,11,8,3,3069.90,383.74,32,2.63,7,CAT08,2025-04-03,2025-07-22,70,254,0.2727,0.7273,0.0909,0.375,1,2.0
CUST01536,C03,2025-05-27,14,12,2,10335.00,861.25,42,2.83,12,CAT17,2025-05-28,2025-09-26,4,126,0.1429,0.1429,0.4286,0.0,1,5.0
CUST01537,C02,2025-05-23,2,2,0,3077.30,1538.65,14,5.0,7,CAT05,2025-06-14,2025-06-28,94,130,0.0,0.0,1.0,0.5,1,5.0
CUST01538,C03,2024-04-01,7,7,0,6031.50,861.64,34,3.57,11,CAT15,2025-05-08,2025-09-30,0,547,0.0,0.2857,0.4286,0.1429,0,
CUST01539,C03,2023-03-28,8,8,0,3471.40,433.93,32,3.0,11,CAT12,2025-06-12,2025-08-10,51,917,0.0,0.625,0.375,0.25,1,4.0
CUST01540,C01,2023-12-28,4,4,0,1418.00,354.5,11,2.0,7,CAT05,2025-06-05,2025-09-08,22,642,0.0,0.0,0.25,0.0,1,4.0
CUST01541,C02,2024-12-13,10,9,1,5270.70,585.63,44,2.78,12,CAT05,2025-04-02,2025-09-01,29,291,0.1,0.2,0.3,0.1111,3,4.0
CUST01542,C03,2023-08-10,5,5,0,3453.40,690.68,19,2.8,10,CAT05,2025-04-17,2025-09-04,26,782,0.0,0.6,0.2,0.4,1,3.0
CUST01543,C03,2025-09-10,1,1,0,593.00,593.0,2,2.0,2,CAT13,2025-09-27,2025-09-27,3,20,0.0,0.0,1.0,0.0,1,4.0
CUST01544,C03,2023-01-02,19,18,0,6785.20,376.96,48,2.22,10,CAT12,2025-04-02,2025-08-28,33,1002,0.0,0.6842,0.2632,0.1667,2,4.5
CUST01545,C01,2024-08-14,4,3,0,6078.40,2026.13,27,6.33,10,CAT16,2025-04-27,2025-08-10,51,412,0.0,0.0,1.0,0.3333,1,5.0
CUST01546,C03,2025-07-06,1,1,0,516.00,516.0,3,3.0,3,CAT18,2025-08-12,2025-08-12,49,86,0.0,1.0,0.0,0.0,0,
CUST01547,C01,2023-09-09,11,11,0,12111.60,1101.05,58,3.27,13,CAT16,2025-04-14,2025-09-29,1,752,0.0,0.0909,0.3636,0.0909,2,3.5
CUST01548,C03,2025-08-15,0,0,0,0.00,,0,,0,,,,,46,,,,,0,
CUST01549,C03,2025-07-03,1,0,1,0.00,,0,,0,,2025-08-10,,,89,1.0,0.0,1.0,,0,
CUST01550,C01,2023-08-02,2,2,0,3373.20,1686.6,10,4.0,4,CAT05,2025-04-08,2025-06-08,114,790,0.0,0.0,0.5,0.5,0,
CUST01551,C01,2024-12-13,4,4,0,3157.00,789.25,14,1.75,5,CAT17,2025-05-02,2025-07-27,65,291,0.0,0.25,0.25,0.0,0,
CUST01552,C03,2023-08-03,3,3,0,951.00,317.0,7,2.0,3,CAT12,2025-04-21,2025-07-08,84,789,0.0,0.6667,0.0,0.0,1,5.0
CUST01553,C01,2023-12-22,6,5,1,1932.75,386.55,17,2.0,9,CAT10,2025-05-16,2025-09-24,6,648,0.1667,0.3333,0.0,0.2,0,
CUST01554,C02,2023-10-28,2,2,0,1209.20,604.6,9,4.0,7,CAT05,2025-04-17,2025-06-20,102,703,0.0,0.0,0.0,0.5,0,
CUST01555,C02,2025-09-15,0,0,0,0.00,,0,,0,,,,,15,,,,,0,
CUST01556,C02,2023-03-06,4,4,0,2379.30,594.83,14,2.0,6,CAT17,2025-04-21,2025-09-05,25,939,0.0,0.75,0.0,0.25,0,
CUST01557,C03,2025-01-05,6,5,1,7487.00,1497.4,22,3.2,9,CAT17,2025-04-03,2025-09-19,11,268,0.1667,0.5,0.0,0.0,2,4.5
CUST01558,C01,2023-04-04,0,0,0,0.00,,0,,0,,,,,910,,,,,0,
CUST01559,C03,2023-06-28,4,3,0,3126.00,1042.0,16,3.0,5,CAT01,2025-04-23,2025-09-15,15,825,0.0,0.25,0.0,0.0,1,1.0
CUST01560,C03,2025-02-19,9,6,2,2372.60,395.43,19,2.67,10,CAT05,2025-04-05,2025-09-21,9,223,0.2222,0.2222,0.3333,0.3333,1,4.0
CUST01561,C03,2024-11-12,11,10,1,2908.25,290.83,36,2.8,11,CAT03,2025-05-06,2025-09-29,1,322,0.0909,0.2727,0.2727,0.1,2,3.5
CUST01562,C03,2025-01-21,5,5,0,3144.00,628.8,19,3.0,10,CAT17,2025-04-12,2025-07-20,72,252,0.0,0.0,0.4,0.4,1,2.0
CUST01563,C03,2024-08-17,2,1,1,469.00,469.0,1,1.0,1,CAT14,2025-08-04,2025-08-04,57,409,0.5,0.0,0.0,0.0,0,
CUST01564,C02,2025-06-13,2,2,0,2266.00,1133.0,8,3.5,7,CAT17,2025-06-21,2025-08-05,56,109,0.0,0.0,0.5,0.0,0,
CUST01565,C03,2025-01-13,4,4,0,7215.00,1803.75,21,3.5,8,CAT15,2025-06-01,2025-08-19,42,260,0.0,0.5,0.75,0.0,2,4.5
CUST01566,C01,2024-11-22,6,5,0,1730.00,346.0,11,1.6,7,CAT16,2025-04-08,2025-08-22,39,312,0.0,0.6667,0.1667,0.2,0,
CUST01567,C01,2024-06-15,6,5,1,5020.00,1004.0,15,2.4,9,CAT17,2025-04-22,2025-09-01,29,472,0.1667,0.1667,0.0,0.0,1,1.0
CUST01568,C02,2023-08-08,2,1,1,1049.55,1049.55,2,2.0,2,CAT18,2025-04-28,2025-04-28,155,784,0.5,0.0,0.5,1.0,0,
CUST01569,C01,2023-12-20,2,2,0,1434.00,717.0,12,3.5,7,CAT05,2025-08-16,2025-09-28,2,650,0.0,0.5,1.0,0.0,0,
CUST01570,C02,2024-12-24,2,2,0,385.30,192.65,5,2.0,3,CAT02,2025-06-26,2025-09-04,26,280,0.0,0.0,0.0,1.0,0,
CUST01571,C03,2024-11-04,5,4,1,8977.20,2244.3,33,5.5,7,CAT15,2025-04-12,2025-05-11,142,330,0.2,0.4,0.4,0.25,1,5.0
CUST01572,C03,2023-06-04,19,15,3,6101.70,406.78,40,1.87,10,CAT12,2025-04-06,2025-09-24,6,849,0.1579,0.7368,0.3158,0.0667,3,3.67
CUST01573,C02,2023-10-31,6,6,0,2939.00,489.83,18,1.83,7,CAT14,2025-04-04,2025-06-23,99,700,0.0,0.6667,0.3333,0.0,3,4.33
CUST01574,C01,2023-10-05,9,8,0,13874.60,1734.33,65,5.38,15,CAT15,2025-04-04,2025-09-28,2,726,0.0,0.1111,0.3333,0.125,4,4.25
CUST01575,C01,2024-06-01,9,9,0,5001.80,555.76,39,3.44,12,CAT03,2025-04-03,2025-09-08,22,486,0.0,0.4444,0.3333,0.1111,3,3.67
CUST01576,C01,2025-09-01,1,1,0,2051.00,2051.0,9,8.0,8,CAT15,2025-09-06,2025-09-06,24,29,0.0,0.0,1.0,0.0,0,
CUST01577,C01,2023-08-02,2,1,1,147.00,147.0,1,1.0,1,CAT19,2025-04-11,2025-04-11,172,790,0.5,0.5,0.5,0.0,0,
CUST01578,C01,2025-08-09,2,2,0,1833.00,916.5,8,2.5,3,CAT19,2025-09-05,2025-09-29,1,52,0.0,0.0,0.0,0.0,0,
CUST01579,C02,2023-08-13,3,3,0,1175.00,391.67,3,1.0,2,CAT17,2025-06-09,2025-07-08,84,779,0.0,0.0,0.0,0.0,0,
CUST01580,C02,2024-09-19,5,4,1,4403.95,1100.99,20,3.5,10,CAT18,2025-04-05,2025-06-10,112,376,0.2,0.4,0.2,0.5,0,
CUST01581,C01,2024-08-05,6,5,0,6377.90,1275.58,26,4.0,12,CAT05,2025-04-13,2025-08-05,56,421,0.0,0.0,0.3333,0.2,0,
CUST01582,C03,2025-08-13,0,0,0,0.00,,0,,0,,,,,48,,,,,0,
CUST01583,C03,2024-05-22,0,0,0,0.00,,0,,0,,,,,496,,,,,0,
CUST01584,C01,2025-03-28,5,3,1,4533.00,1511.0,19,4.33,8,CAT19,2025-06-01,2025-09-22,8,186,0.2,0.2,0.2,0.0,2,3.0
CUST01585,C01,2024-05-01,0,0,0,0.00,,0,,0,,,,,517,,,,,0,
CUST01586,C02,2024-09-10,15,14,0,11274.40,805.31,57,2.79,14,CAT17,2025-04-05,2025-09-23,7,385,0.0,0.0667,0.1333,0.0714,1,1.0
CUST01587,C03,2023-08-28,15,14,1,6904.80,493.2,33,1.79,14,CAT17,2025-04-04,2025-09-16,14,764,0.0667,0.6667,0.2,0.0714,3,4.0
CUST01588,C03,2024-12-16,13,12,0,8203.80,683.65,69,3.83,16,CAT05,2025-04-04,2025-09-13,17,288,0.0,0.0,0.2308,0.4167,0,
CUST01589,C01,2024-09-11,2,2,0,731.00,365.5,6,1.5,2,CAT12,2025-07-18,2025-08-31,30,384,0.0,0.0,0.5,0.0,0,
CUST01590,C01,2024-07-22,7,5,2,7695.80,1539.16,32,4.6,11,CAT10,2025-04-17,2025-08-08,53,435,0.2857,0.1429,0.2857,0.2,0,
CUST01591,C02,2025-01-15,15,13,1,8570.40,659.26,55,3.08,16,CAT05,2025-04-02,2025-09-30,0,258,0.0667,0.2,0.4667,0.0769,2,4.0
CUST01592,C01,2024-06-23,4,4,0,1938.00,484.5,10,1.75,7,CAT17,2025-07-15,2025-09-28,2,464,0.0,0.0,0.25,0.0,1,5.0
CUST01593,C01,2025-06-13,7,6,1,6814.00,1135.67,29,3.0,8,CAT13,2025-06-13,2025-09-07,23,109,0.1429,0.2857,0.4286,0.0,0,
CUST01594,C01,2024-12-15,9,9,0,2585.00,287.22,20,1.67,8,CAT17,2025-04-02,2025-08-19,42,289,0.0,0.7778,0.1111,0.1111,0,
CUST01595,C01,2024-03-18,8,8,0,4740.00,592.5,38,3.75,11,CAT01,2025-05-10,2025-09-09,21,561,0.0,0.0,0.5,0.0,1,4.0
CUST01596,C01,2025-05-13,5,5,0,2339.60,467.92,19,2.4,8,CAT13,2025-06-05,2025-09-18,12,140,0.0,0.0,0.0,0.6,0,
CUST01597,C03,2023-11-08,7,5,1,4523.30,904.66,28,4.4,12,CAT17,2025-04-18,2025-09-25,5,692,0.1429,0.0,0.0,0.2,2,3.5
CUST01598,C01,2023-07-31,0,0,0,0.00,,0,,0,,,,,792,,,,,0,
CUST01599,C01,2023-05-16,4,4,0,1114.55,278.64,9,2.25,6,CAT12,2025-05-03,2025-09-27,3,868,0.0,0.75,0.75,0.25,1,5.0
CUST01600,C01,2025-07-26,2,1,1,978.00,978.0,2,1.0,1,CAT10,2025-08-04,2025-08-04,57,66,0.5,0.5,0.0,0.0,1,2.0
CUST01601,C02,2025-03-31,0,0,0,0.00,,0,,0,,,,,183,,,,,0,
CUST01602,C02,2025-09-21,0,0,0,0.00,,0,,0,,,,,9,,,,,0,
CUST01603,C02,2023-10-15,4,2,1,2194.60,1097.3,10,3.0,4,CAT17,2025-04-18,2025-05-04,149,716,0.25,0.25,0.25,0.5,1,1.0
CUST01604,C02,2023-04-09,0,0,0,0.00,,0,,0,,,,,905,,,,,0,
CUST01605,C01,2025-03-26,2,2,0,2300.00,1150.0,15,4.0,7,CAT13,2025-05-28,2025-06-17,105,188,0.0,0.5,0.0,0.0,0,
CUST01606,C01,2024-07-09,7,7,0,11394.50,1627.79,52,5.57,12,CAT10,2025-04-14,2025-09-21,9,448,0.0,0.1429,0.2857,0.2857,2,4.5
CUST01607,C02,2025-03-18,3,3,0,275.00,91.67,3,1.0,3,CAT08,2025-04-04,2025-09-27,3,196,0.0,0.6667,0.3333,0.0,0,
CUST01608,C02,2024-07-17,5,4,1,4783.35,1195.84,17,2.25,7,CAT17,2025-04-14,2025-08-25,36,440,0.2,0.6,0.0,0.5,1,5.0
CUST01609,C02,2025-03-21,11,9,2,2060.10,228.9,19,1.44,8,CAT06,2025-04-16,2025-08-24,37,193,0.1818,0.5455,0.3636,0.2222,2,3.5
CUST01610,C03,2024-01-06,4,3,1,117.60,39.2,3,0.67,1,CAT06,2025-04-11,2025-09-07,23,633,0.25,0.25,0.25,0.3333,0,
CUST01611,C01,2025-07-21,0,0,0,0.00,,0,,0,,,,,71,,,,,0,
CUST01612,C01,2025-04-19,4,4,0,3155.00,788.75,25,4.25,12,CAT10,2025-04-30,2025-09-04,26,164,0.0,0.0,0.25,0.0,0,
CUST01613,C03,2024-12-14,15,15,0,8299.85,553.32,63,3.27,14,CAT03,2025-04-04,2025-09-25,5,290,0.0,0.2667,0.0667,0.2,4,4.25
CUST01614,C01,2024-02-22,5,3,2,241.40,80.47,6,1.33,3,CAT06,2025-05-15,2025-09-09,21,586,0.4,0.2,0.2,0.6667,1,5.0
CUST01615,C03,2023-02-23,10,8,1,6660.20,832.53,36,3.13,12,CAT17,2025-04-01,2025-08-04,57,950,0.1,0.2,0.3,0.125,2,5.0
CUST01616,C02,2023-03-26,6,6,0,3382.60,563.77,18,2.5,12,CAT05,2025-05-04,2025-08-19,42,919,0.0,0.3333,0.3333,0.3333,0,
CUST01617,C01,2024-10-02,2,2,0,1109.00,554.5,4,1.5,3,CAT19,2025-07-12,2025-08-04,57,363,0.0,0.0,0.5,0.0,0,
CUST01618,C01,2023-03-26,7,6,0,1081.80,180.3,9,1.33,6,CAT09,2025-04-08,2025-09-28,2,919,0.0,0.7143,0.2857,0.1667,0,
CUST01619,C03,2025-06-07,2,2,0,388.00,194.0,6,2.0,4,CAT13,2025-06-16,2025-06-20,102,115,0.0,0.5,0.0,0.0,0,
CUST01620,C01,2024-04-15,4,4,0,4842.00,1210.5,22,4.75,10,CAT15,2025-05-21,2025-09-21,9,533,0.0,0.0,0.75,0.0,2,3.5
CUST01621,C03,2024-10-27,1,0,0,0.00,,0,,0,,2025-06-27,,,338,0.0,0.0,0.0,,0,
CUST01622,C01,2024-09-17,2,2,0,3841.00,1920.5,10,4.0,5,CAT17,2025-05-05,2025-07-09,83,378,0.0,0.5,0.0,0.0,1,4.0
CUST01623,C02,2024-07-20,2,2,0,614.00,307.0,9,3.0,6,CAT05,2025-07-08,2025-08-07,54,437,0.0,0.0,0.0,0.0,0,
CUST01624,C01,2023-09-27,1,1,0,806.00,806.0,3,2.0,2,CAT10,2025-05-14,2025-05-14,139,734,0.0,0.0,0.0,0.0,0,
CUST01625,C01,2024-10-18,5,5,0,4549.60,909.92,19,3.2,11,CAT19,2025-06-14,2025-08-11,50,347,0.0,0.0,0.4,0.2,3,4.0
CUST01626,C01,2025-07-30,2,1,0,847.00,847.0,6,4.0,4,CAT15,2025-08-03,2025-08-03,58,62,0.0,0.0,0.5,0.0,0,
CUST01627,C02,2024-02-11,3,3,0,1808.00,602.67,16,3.33,7,CAT08,2025-05-14,2025-09-30,0,597,0.0,0.3333,0.0,0.0,0,
CUST01628,C02,2023-07-28,8,7,0,9664.90,1380.7,53,5.29,14,CAT15,2025-04-03,2025-08-15,46,795,0.0,0.375,0.375,0.5714,2,4.5
CUST01629,C02,2023-01-28,5,4,0,2821.00,705.25,14,2.25,7,CAT17,2025-05-14,2025-08-05,56,976,0.0,0.6,0.6,0.0,0,
CUST01630,C01,2024-12-10,4,4,0,1586.00,396.5,10,2.25,6,CAT16,2025-04-05,2025-08-08,53,294,0.0,1.0,0.25,0.0,2,3.5
CUST01631,C01,2024-02-25,3,2,1,5266.70,2633.35,20,7.5,7,CAT15,2025-06-26,2025-07-21,71,583,0.3333,0.0,0.0,1.0,0,
CUST01632,C01,2024-04-03,11,10,1,11269.00,1126.9,53,3.9,17,CAT15,2025-04-04,2025-09-20,10,545,0.0909,0.2727,0.5455,0.0,1,5.0
CUST01633,C02,2025-09-15,0,0,0,0.00,,0,,0,,,,,15,,,,,0,
CUST01634,C02,2025-08-14,1,0,1,0.00,,0,,0,,2025-08-21,,,47,1.0,1.0,0.0,,0,
CUST01635,C01,2025-06-21,0,0,0,0.00,,0,,0,,,,,101,,,,,0,
CUST01636,C03,2024-06-19,4,4,0,2460.40,615.1,19,3.5,10,CAT15,2025-04-07,2025-05-10,143,468,0.0,0.0,0.25,0.5,0,
CUST01637,C02,2025-09-22,0,0,0,0.00,,0,,0,,,,,8,,,,,0,
CUST01638,C01,2023-06-15,1,1,0,169.00,169.0,1,1.0,1,CAT03,2025-04-18,2025-04-18,165,838,0.0,0.0,0.0,0.0,1,4.0
CUST01639,C02,2025-01-07,1,1,0,343.00,343.0,8,3.0,2,CAT09,2025-07-29,2025-07-29,63,266,0.0,1.0,0.0,0.0,1,5.0
CUST01640,C01,2025-05-22,0,0,0,0.00,,0,,0,,,,,131,,,,,0,
CUST01641,C03,2023-12-22,2,2,0,671.00,335.5,4,2.0,4,CAT16,2025-06-21,2025-09-13,17,648,0.0,1.0,1.0,0.0,1,5.0
CUST01642,C01,2023-08-15,11,9,2,6317.20,701.91,47,3.33,9,CAT05,2025-04-16,2025-09-26,4,777,0.1818,0.0,0.1818,0.2222,1,1.0
CUST01643,C03,2023-12-21,8,8,0,10961.70,1370.21,48,4.0,14,CAT15,2025-04-05,2025-08-31,30,649,0.0,0.375,0.75,0.25,3,2.33
CUST01644,C01,2023-04-09,10,10,0,3135.60,313.56,34,2.3,9,CAT08,2025-04-05,2025-08-27,34,905,0.0,0.1,0.2,0.3,0,
CUST01645,C01,2023-05-02,3,2,1,1023.00,511.5,3,1.0,2,CAT19,2025-04-14,2025-06-27,95,882,0.3333,0.0,0.0,0.0,0,
CUST01646,C02,2023-01-26,7,6,0,1747.20,291.2,18,1.83,6,CAT08,2025-07-04,2025-09-07,23,978,0.0,0.4286,0.5714,0.1667,2,4.5
CUST01647,C01,2025-08-16,0,0,0,0.00,,0,,0,,,,,45,,,,,0,
CUST01648,C02,2025-04-19,2,2,0,2072.05,1036.03,12,4.5,7,CAT17,2025-04-23,2025-05-27,126,164,0.0,0.5,0.0,1.0,0,
CUST01649,C03,2025-05-04,5,4,1,531.40,132.85,8,2.0,6,CAT08,2025-07-19,2025-09-14,16,149,0.2,0.6,0.4,0.25,2,3.0
CUST01650,C01,2025-07-18,7,7,0,6843.30,977.61,39,4.14,12,CAT05,2025-08-13,2025-09-17,13,74,0.0,0.1429,0.4286,0.4286,0,
CUST01651,C03,2025-06-18,4,4,0,2413.00,603.25,12,2.25,8,CAT01,2025-06-22,2025-09-23,7,104,0.0,0.75,0.25,0.0,0,
CUST01652,C01,2024-10-21,1,1,0,81.00,81.0,2,2.0,2,CAT04,2025-05-30,2025-05-30,123,344,0.0,0.0,0.0,0.0,0,
CUST01653,C03,2025-06-25,4,4,0,1220.80,305.2,14,2.25,5,CAT10,2025-07-24,2025-09-24,6,97,0.0,0.75,0.0,0.25,0,
CUST01654,C01,2023-02-26,1,1,0,353.00,353.0,3,3.0,3,CAT08,2025-05-27,2025-05-27,126,947,0.0,1.0,0.0,0.0,0,
CUST01655,C01,2025-08-30,3,3,0,7295.00,2431.67,25,5.33,11,CAT17,2025-08-31,2025-09-28,2,31,0.0,0.0,1.0,0.0,1,4.0
CUST01656,C02,2024-09-07,14,12,1,6318.40,526.53,57,3.67,10,CAT05,2025-04-08,2025-09-04,26,388,0.0714,0.2143,0.2143,0.4167,3,3.33
CUST01657,C01,2025-05-18,4,3,1,1977.00,659.0,14,2.67,5,CAT19,2025-06-18,2025-08-07,54,135,0.25,0.0,0.0,0.0,0,
CUST01658,C02,2024-08-21,3,3,0,1368.00,456.0,12,2.67,6,CAT08,2025-04-15,2025-08-25,36,405,0.0,0.3333,0.0,0.0,0,
CUST01659,C03,2024-06-25,2,2,0,212.40,106.2,4,2.0,4,CAT12,2025-05-06,2025-08-26,35,462,0.0,0.5,0.0,0.5,0,
CUST01660,C01,2024-03-04,2,1,1,593.80,593.8,5,4.0,4,CAT18,2025-05-09,2025-05-09,144,575,0.5,0.5,0.0,1.0,0,
CUST01661,C01,2023-05-24,1,1,0,239.00,239.0,1,1.0,1,CAT01,2025-04-20,2025-04-20,163,860,0.0,1.0,1.0,0.0,0,
CUST01662,C01,2023-06-14,7,6,1,2456.80,409.47,23,3.5,10,CAT03,2025-05-09,2025-06-02,120,839,0.1429,0.1429,0.0,0.3333,0,
CUST01663,C03,2025-04-23,6,5,0,2784.00,556.8,16,2.4,8,CAT14,2025-06-13,2025-08-28,33,160,0.0,0.5,0.3333,0.0,2,3.0
CUST01664,C03,2024-11-23,5,4,1,1628.00,407.0,19,3.5,7,CAT03,2025-04-03,2025-07-10,82,311,0.2,0.6,0.2,0.0,0,
CUST01665,C03,2023-07-09,1,1,0,890.00,890.0,6,4.0,4,CAT15,2025-05-10,2025-05-10,143,814,0.0,0.0,1.0,0.0,0,
CUST01666,C02,2023-06-10,4,2,2,2159.00,1079.5,11,3.5,6,CAT19,2025-05-06,2025-09-17,13,843,0.5,0.5,0.0,0.0,0,
CUST01667,C02,2025-07-10,5,5,0,5554.00,1110.8,39,2.6,7,CAT12,2025-07-11,2025-09-05,25,82,0.0,0.6,0.2,0.0,1,3.0
CUST01668,C03,2024-08-23,10,9,1,3625.60,402.84,32,3.0,12,CAT11,2025-04-14,2025-09-15,15,403,0.1,0.2,0.3,0.2222,1,3.0
CUST01669,C02,2024-03-31,3,3,0,763.00,254.33,6,1.67,4,CAT08,2025-04-24,2025-09-20,10,548,0.0,0.6667,0.3333,0.0,1,5.0
CUST01670,C03,2024-11-13,13,12,1,5378.00,448.17,43,2.42,13,CAT12,2025-05-02,2025-09-30,0,321,0.0769,0.6923,0.3077,0.1667,1,4.0
CUST01671,C03,2024-06-18,1,1,0,260.30,260.3,3,2.0,2,CAT20,2025-09-10,2025-09-10,20,469,0.0,0.0,0.0,1.0,0,
CUST01672,C01,2024-10-11,2,2,0,4011.95,2005.98,13,3.5,4,CAT15,2025-04-26,2025-09-03,27,354,0.0,0.0,0.5,1.0,0,
CUST01673,C02,2024-02-11,4,2,2,1514.00,757.0,9,3.0,6,CAT12,2025-07-09,2025-09-20,10,597,0.5,0.75,0.5,0.0,0,
CUST01674,C03,2024-07-23,32,28,2,18839.05,672.82,119,3.18,18,CAT17,2025-04-01,2025-09-30,0,434,0.0625,0.125,0.2813,0.2143,2,5.0
CUST01675,C01,2024-08-04,14,13,1,9772.65,751.74,63,3.31,15,CAT17,2025-04-26,2025-09-28,2,422,0.0714,0.1429,0.5,0.3077,1,4.0
CUST01676,C02,2023-11-17,18,15,2,11231.35,748.76,68,3.4,15,CAT01,2025-04-02,2025-09-27,3,683,0.1111,0.1667,0.2778,0.2667,2,2.0
CUST01677,C01,2024-07-14,5,5,0,1209.30,241.86,22,3.2,8,CAT04,2025-05-08,2025-09-18,12,443,0.0,0.2,0.0,0.4,0,
CUST01678,C02,2025-02-13,1,1,0,620.00,620.0,5,4.0,4,CAT08,2025-05-31,2025-05-31,122,229,0.0,0.0,1.0,0.0,0,
CUST01679,C01,2024-01-02,4,4,0,1466.00,366.5,12,2.25,7,CAT13,2025-07-03,2025-08-05,56,637,0.0,0.0,0.25,0.0,0,
CUST01680,C02,2023-11-06,3,3,0,4613.50,1537.83,11,2.33,6,CAT17,2025-06-10,2025-09-24,6,694,0.0,0.3333,0.0,0.3333,0,
CUST01681,C03,2025-06-09,0,0,0,0.00,,0,,0,,,,,113,,,,,0,
CUST01682,C01,2024-10-17,4,3,1,675.00,225.0,6,1.67,4,CAT12,2025-04-17,2025-06-27,95,348,0.25,0.0,0.25,0.0,0,
CUST01683,C01,2024-02-18,6,5,0,8102.20,1620.44,35,5.4,16,CAT10,2025-05-11,2025-09-20,10,590,0.0,0.5,0.8333,0.2,1,4.0
CUST01684,C02,2024-09-04,5,4,0,6040.00,1510.0,18,3.5,7,CAT15,2025-04-11,2025-07-05,87,391,0.0,0.2,0.6,0.0,1,3.0
CUST01685,C02,2024-07-22,22,20,1,18588.20,929.41,74,2.4,14,CAT17,2025-04-02,2025-09-18,12,435,0.0455,0.1818,0.2273,0.05,1,3.0
CUST01686,C02,2023-05-14,2,1,0,2254.00,2254.0,4,2.0,2,CAT17,2025-04-16,2025-09-01,29,870,0.0,0.0,0.0,0.0,1,3.0
CUST01687,C02,2023-02-22,4,4,0,2937.00,734.25,17,3.0,8,CAT13,2025-05-22,2025-07-20,72,951,0.0,0.0,0.25,0.0,1,3.0
CUST01688,C02,2024-09-03,2,2,0,3951.60,1975.8,16,4.0,8,CAT11,2025-06-21,2025-07-01,91,392,0.0,0.0,0.5,0.5,0,
CUST01689,C01,2025-09-30,0,0,0,0.00,,0,,0,,,,,0,,,,,0,
CUST01690,C02,2025-02-05,1,1,0,702.00,702.0,3,1.0,1,CAT13,2025-07-23,2025-07-23,69,237,0.0,0.0,0.0,0.0,0,
CUST01691,C03,2025-03-14,2,2,0,742.00,371.0,4,1.5,2,CAT12,2025-06-24,2025-09-07,23,200,0.0,0.5,0.5,0.0,1,2.0
CUST01692,C03,2023-05-22,3,3,0,1597.40,532.47,14,3.67,8,CAT01,2025-04-30,2025-08-31,30,862,0.0,0.0,0.3333,0.3333,0,
CUST01693,C01,2023-09-24,5,5,0,3550.00,710.0,15,2.0,6,CAT17,2025-05-07,2025-09-26,4,737,0.0,0.2,0.0,0.0,0,
CUST01694,C03,2025-04-28,2,2,0,1322.00,661.0,10,2.5,5,CAT14,2025-06-24,2025-08-09,52,155,0.0,0.5,0.5,0.0,1,4.0
CUST01695,C02,2025-06-05,3,2,1,4521.60,2260.8,23,7.5,10,CAT13,2025-07-30,2025-09-06,24,117,0.3333,0.3333,0.6667,1.0,0,
CUST01696,C03,2023-05-25,3,3,0,1341.55,447.18,11,2.67,6,CAT09,2025-04-30,2025-09-23,7,859,0.0,0.3333,0.0,0.3333,0,
CUST01697,C02,2025-02-18,10,9,1,9153.10,1017.01,43,3.89,16,CAT18,2025-04-21,2025-09-20,10,224,0.1,0.4,0.4,0.4444,1,1.0
CUST01698,C03,2024-01-31,13,12,0,3634.15,302.85,30,2.08,11,CAT01,2025-04-20,2025-09-13,17,608,0.0,0.5385,0.4615,0.1667,3,2.67
CUST01699,C03,2024-10-03,15,13,0,8113.25,624.1,72,3.69,11,CAT16,2025-04-19,2025-08-31,30,362,0.0,0.0667,0.4667,0.2308,2,2.5
CUST01700,C01,2024-10-06,17,14,2,11816.10,844.01,73,3.43,16,CAT17,2025-04-27,2025-09-30,0,359,0.1176,0.1765,0.2353,0.2143,2,4.0
CUST01701,C03,2024-05-30,1,1,0,143.00,143.0,4,2.0,2,CAT01,2025-07-25,2025-07-25,67,488,0.0,1.0,0.0,0.0,0,
CUST01702,C03,2023-01-05,2,2,0,2199.00,1099.5,11,4.0,7,CAT13,2025-06-14,2025-06-21,101,999,0.0,0.5,1.0,0.0,0,
CUST01703,C02,2025-05-15,5,5,0,5528.00,1105.6,23,3.0,13,CAT17,2025-07-22,2025-09-25,5,138,0.0,0.2,0.2,0.0,1,4.0
CUST01704,C02,2025-07-09,8,8,0,1102.75,137.84,13,1.13,5,CAT08,2025-07-19,2025-09-16,14,83,0.0,0.875,0.375,0.125,0,
CUST01705,C01,2024-10-03,13,12,1,9864.40,822.03,63,3.58,14,CAT05,2025-05-16,2025-09-30,0,362,0.0769,0.1538,0.4615,0.1667,1,4.0
CUST01706,C03,2024-11-03,30,25,4,14970.20,598.81,96,3.0,18,CAT05,2025-04-03,2025-09-28,2,331,0.1333,0.0667,0.2,0.2,4,4.5
CUST01707,C01,2024-04-14,1,1,0,0.00,0.0,0,0.0,0,,2025-09-14,2025-09-14,16,534,0.0,0.0,1.0,0.0,0,
CUST01708,C03,2023-09-24,16,14,2,10180.80,727.2,54,3.36,15,CAT17,2025-04-25,2025-09-28,2,737,0.125,0.25,0.25,0.2143,3,4.0
CUST01709,C02,2023-08-06,1,1,0,2234.00,2234.0,5,4.0,2,CAT17,2025-08-03,2025-08-03,58,786,0.0,1.0,1.0,0.0,0,
CUST01710,C03,2025-08-07,6,6,0,4885.00,814.17,22,2.83,11,CAT01,2025-08-12,2025-09-04,26,54,0.0,0.1667,0.1667,0.0,0,
CUST01711,C02,2023-12-14,14,13,0,7746.50,595.88,44,2.54,16,CAT17,2025-04-09,2025-09-27,3,656,0.0,0.0714,0.3571,0.2308,0,
CUST01712,C03,2025-08-02,2,2,0,1149.00,574.5,13,3.0,6,CAT09,2025-08-20,2025-08-22,39,59,0.0,0.5,0.0,0.0,1,5.0
CUST01713,C03,2025-04-08,5,5,0,2049.50,409.9,13,2.4,8,CAT19,2025-04-10,2025-09-05,25,175,0.0,0.0,0.0,0.4,0,
CUST01714,C01,2023-04-19,1,1,0,1059.30,1059.3,4,3.0,3,CAT19,2025-09-09,2025-09-09,21,895,0.0,1.0,0.0,1.0,0,
CUST01715,C02,2023-11-28,6,6,0,1653.25,275.54,20,2.5,8,CAT08,2025-05-12,2025-09-27,3,672,0.0,0.8333,0.3333,0.1667,1,4.0
CUST01716,C02,2023-12-15,19,16,2,14859.50,928.72,69,3.44,16,CAT17,2025-04-21,2025-08-27,34,655,0.1053,0.1579,0.3158,0.25,2,4.5
CUST01717,C03,2024-09-23,15,13,2,8211.50,631.65,53,3.15,15,CAT05,2025-04-05,2025-09-08,22,372,0.1333,0.0667,0.2667,0.2308,4,4.0
CUST01718,C02,2025-09-30,0,0,0,0.00,,0,,0,,,,,0,,,,,0,
CUST01719,C03,2024-02-28,3,3,0,2770.00,923.33,22,4.33,10,CAT10,2025-05-17,2025-08-29,32,580,0.0,0.0,0.3333,0.0,1,4.0
CUST01720,C03,2025-03-02,15,15,0,12272.80,818.19,65,3.0,15,CAT05,2025-04-06,2025-09-24,6,212,0.0,0.2667,0.4667,0.2667,2,4.5
CUST01721,C03,2024-07-20,0,0,0,0.00,,0,,0,,,,,437,,,,,0,
CUST01722,C01,2025-03-07,4,4,0,1708.00,427.0,9,1.75,6,CAT08,2025-07-19,2025-09-10,20,207,0.0,0.75,0.5,0.0,2,4.0
CUST01723,C02,2023-04-21,3,3,0,2800.30,933.43,15,4.0,8,CAT05,2025-06-20,2025-07-19,73,893,0.0,0.0,0.3333,0.6667,0,
CUST01724,C03,2025-09-24,0,0,0,0.00,,0,,0,,,,,6,,,,,0,
CUST01725,C01,2025-06-05,5,4,1,5892.60,1473.15,30,4.75,10,CAT15,2025-06-19,2025-09-10,20,117,0.2,0.4,0.2,0.25,1,2.0
CUST01726,C03,2025-02-13,2,2,0,587.20,293.6,9,2.5,5,CAT05,2025-07-19,2025-07-30,62,229,0.0,0.0,0.5,0.5,0,
CUST01727,C02,2025-02-14,5,5,0,6731.60,1346.32,31,4.6,8,CAT15,2025-04-04,2025-08-16,45,228,0.0,0.0,0.4,0.2,2,4.0
CUST01728,C03,2024-11-25,2,2,0,2919.50,1459.75,8,1.5,3,CAT10,2025-06-18,2025-08-24,37,309,0.0,0.5,0.5,0.5,0,
CUST01729,C03,2024-01-17,7,6,1,1627.00,271.17,13,1.5,6,CAT08,2025-04-27,2025-09-20,10,622,0.1429,0.5714,0.5714,0.0,0,
CUST01730,C03,2025-02-12,3,3,0,3555.50,1185.17,18,3.67,7,CAT05,2025-08-17,2025-08-30,31,230,0.0,0.3333,0.6667,0.6667,0,
CUST01731,C01,2024-09-23,5,4,1,4942.25,1235.56,20,4.25,11,CAT13,2025-06-07,2025-08-01,60,372,0.2,0.2,0.6,0.25,2,5.0
CUST01732,C02,2025-08-22,4,4,0,661.00,165.25,10,1.5,4,CAT12,2025-08-29,2025-09-27,3,39,0.0,0.5,0.25,0.0,0,
CUST01733,C01,2023-04-01,1,1,0,618.00,618.0,6,2.0,2,CAT11,2025-04-22,2025-04-22,161,913,0.0,0.0,0.0,0.0,0,
CUST01734,C02,2024-05-18,1,1,0,1551.00,1551.0,8,7.0,4,CAT10,2025-08-31,2025-08-31,30,500,0.0,0.0,1.0,0.0,0,
CUST01735,C01,2024-11-20,1,1,0,3077.00,3077.0,11,7.0,5,CAT15,2025-07-12,2025-07-12,80,314,0.0,0.0,1.0,0.0,0,
CUST01736,C03,2025-04-05,4,4,0,8148.00,2037.0,32,6.25,13,CAT15,2025-04-06,2025-06-12,110,178,0.0,0.0,0.5,0.0,0,
CUST01737,C03,2023-01-30,0,0,0,0.00,,0,,0,,,,,974,,,,,0,
CUST01738,C01,2025-04-06,29,26,2,22216.75,854.49,125,3.54,18,CAT05,2025-04-10,2025-09-26,4,177,0.069,0.1724,0.2759,0.2692,5,3.2
CUST01739,C03,2023-10-27,2,2,0,1340.00,670.0,7,2.5,4,CAT03,2025-04-13,2025-08-29,32,704,0.0,0.0,0.5,0.0,0,
CUST01740,C01,2023-12-15,3,3,0,457.00,152.33,5,1.33,4,CAT12,2025-07-25,2025-09-19,11,655,0.0,1.0,0.0,0.0,1,5.0
CUST01741,C02,2023-07-13,5,5,0,2453.50,490.7,21,3.2,9,CAT03,2025-04-08,2025-08-01,60,810,0.0,0.0,0.2,0.2,0,
CUST01742,C02,2023-09-03,4,3,1,3718.00,1239.33,25,6.33,9,CAT13,2025-05-18,2025-09-07,23,758,0.25,0.25,1.0,0.0,0,
CUST01743,C01,2023-01-25,9,9,0,7866.60,874.07,44,3.22,13,CAT05,2025-04-30,2025-09-06,24,979,0.0,0.3333,0.3333,0.2222,2,4.0
CUST01744,C03,2025-02-18,1,0,0,0.00,,0,,0,,2025-08-01,,,224,0.0,0.0,0.0,,0,
CUST01745,C02,2024-02-05,1,1,0,2053.00,2053.0,3,2.0,2,CAT17,2025-04-08,2025-04-08,175,603,0.0,0.0,0.0,0.0,0,
CUST01746,C02,2025-08-31,3,3,0,2770.20,923.4,20,5.67,9,CAT17,2025-09-07,2025-09-17,13,30,0.0,0.3333,0.3333,0.3333,0,
CUST01747,C01,2023-03-13,2,1,1,94.00,94.0,1,1.0,1,CAT14,2025-04-27,2025-04-27,156,932,0.5,0.5,1.0,0.0,0,
CUST01748,C02,2024-08-17,7,7,0,15145.65,2163.66,69,6.14,16,CAT15,2025-05-31,2025-09-30,0,409,0.0,0.0,0.1429,0.1429,1,5.0
CUST01749,C02,2024-10-11,5,4,0,5619.00,1404.75,14,2.75,9,CAT17,2025-05-22,2025-09-28,2,354,0.0,0.2,0.4,0.0,0,
CUST01750,C01,2024-01-17,3,2,1,3656.60,1828.3,19,5.5,7,CAT13,2025-04-20,2025-09-06,24,622,0.3333,0.0,1.0,0.5,0,
CUST01751,C02,2024-08-22,1,1,0,1252.20,1252.2,6,3.0,3,CAT12,2025-04-23,2025-04-23,160,404,0.0,0.0,0.0,1.0,0,
CUST01752,C01,2025-01-13,1,1,0,371.00,371.0,2,2.0,2,CAT12,2025-07-10,2025-07-10,82,260,0.0,0.0,0.0,0.0,0,
CUST01753,C03,2023-04-15,11,10,1,7691.70,769.17,31,2.4,13,CAT17,2025-04-09,2025-09-01,29,899,0.0909,0.2727,0.1818,0.5,2,3.5
CUST01754,C02,2025-09-19,0,0,0,0.00,,0,,0,,,,,11,,,,,0,
CUST01755,C01,2024-08-15,4,3,1,1416.60,472.2,12,2.67,5,CAT06,2025-04-24,2025-07-27,65,411,0.25,0.0,0.5,0.3333,0,
CUST01756,C02,2025-04-11,4,4,0,4732.60,1183.15,22,3.25,10,CAT16,2025-06-01,2025-09-18,12,172,0.0,0.25,0.25,0.5,0,
CUST01757,C02,2024-06-10,1,1,0,1050.00,1050.0,2,1.0,1,CAT11,2025-09-12,2025-09-12,18,477,0.0,0.0,0.0,0.0,0,
CUST01758,C03,2023-06-05,1,1,0,507.00,507.0,4,4.0,3,CAT05,2025-07-29,2025-07-29,63,848,0.0,0.0,0.0,0.0,0,
CUST01759,C01,2023-07-06,3,3,0,2518.00,839.33,12,3.33,6,CAT15,2025-04-01,2025-07-27,65,817,0.0,0.0,0.6667,0.0,0,
CUST01760,C01,2024-11-01,1,0,0,0.00,,0,,0,,2025-04-05,,,333,0.0,0.0,1.0,,0,
CUST01761,C03,2025-02-16,34,30,3,15731.90,524.4,130,3.33,19,CAT03,2025-04-15,2025-09-18,12,226,0.0882,0.1176,0.2647,0.1,5,4.0
CUST01762,C03,2023-07-06,2,2,0,686.30,343.15,8,2.5,5,CAT03,2025-04-02,2025-08-27,34,817,0.0,0.0,0.0,0.5,0,
CUST01763,C03,2023-01-16,2,1,0,1924.00,1924.0,11,7.0,5,CAT10,2025-05-05,2025-07-24,68,988,0.0,0.0,0.0,0.0,1,5.0
CUST01764,C01,2025-08-30,0,0,0,0.00,,0,,0,,,,,31,,,,,0,
CUST01765,C01,2025-08-29,1,1,0,558.75,558.75,6,3.0,2,CAT03,2025-08-31,2025-08-31,30,32,0.0,0.0,1.0,1.0,0,
CUST01766,C02,2023-04-11,9,6,3,3342.20,557.03,20,2.5,8,CAT01,2025-04-23,2025-09-04,26,903,0.3333,0.0,0.1111,0.1667,4,4.25
CUST01767,C01,2025-08-15,1,1,0,1221.00,1221.0,3,3.0,3,CAT15,2025-08-21,2025-08-21,40,46,0.0,0.0,0.0,0.0,0,
CUST01768,C01,2023-11-02,0,0,0,0.00,,0,,0,,,,,698,,,,,0,
CUST01769,C02,2024-10-09,2,1,1,324.00,324.0,6,2.0,2,CAT02,2025-04-14,2025-04-14,169,356,0.5,0.0,0.0,1.0,0,
CUST01770,C01,2025-07-23,1,1,0,539.00,539.0,6,4.0,3,CAT11,2025-09-03,2025-09-03,27,69,0.0,0.0,0.0,0.0,0,
CUST01771,C01,2023-04-18,4,4,0,2938.00,734.5,17,3.25,10,CAT10,2025-05-17,2025-09-10,20,896,0.0,0.25,0.25,0.25,0,
CUST01772,C02,2025-08-22,0,0,0,0.00,,0,,0,,,,,39,,,,,0,
CUST01773,C01,2023-10-11,2,2,0,890.00,445.0,7,3.0,6,CAT12,2025-08-27,2025-09-29,1,720,0.0,0.5,0.0,0.0,0,
CUST01774,C01,2023-10-07,1,1,0,482.00,482.0,2,2.0,2,CAT05,2025-06-29,2025-06-29,93,724,0.0,0.0,1.0,0.0,0,
CUST01775,C02,2025-02-09,1,1,0,513.50,513.5,3,3.0,3,CAT13,2025-08-03,2025-08-03,58,233,0.0,0.0,1.0,1.0,0,
CUST01776,C01,2025-03-08,1,1,0,875.00,875.0,5,4.0,4,CAT05,2025-04-17,2025-04-17,166,206,0.0,0.0,0.0,0.0,0,
CUST01777,C03,2023-03-27,10,10,0,11128.40,1112.84,44,3.0,18,CAT05,2025-05-02,2025-09-18,12,918,0.0,0.4,0.3,0.1,5,3.8
CUST01778,C01,2024-05-12,9,9,0,23696.35,2632.93,99,7.11,18,CAT17,2025-04-12,2025-09-19,11,506,0.0,0.0,0.2222,0.2222,1,2.0
CUST01779,C01,2025-03-29,5,4,1,3259.00,814.75,9,1.25,5,CAT17,2025-04-16,2025-09-09,21,185,0.2,0.8,0.2,0.0,0,
CUST01780,C02,2025-09-08,1,1,0,1197.00,1197.0,3,3.0,3,CAT17,2025-09-20,2025-09-20,10,22,0.0,0.0,1.0,0.0,0,
CUST01781,C02,2025-09-25,0,0,0,0.00,,0,,0,,,,,5,,,,,0,
CUST01782,C02,2025-08-09,1,1,0,1452.00,1452.0,9,5.0,4,CAT05,2025-09-26,2025-09-26,4,52,0.0,0.0,0.0,0.0,0,
CUST01783,C01,2025-05-28,1,0,1,0.00,,0,,0,,2025-09-26,,,125,1.0,1.0,0.0,,0,
CUST01784,C03,2025-03-31,2,2,0,981.00,490.5,9,3.0,5,CAT12,2025-07-07,2025-08-27,34,183,0.0,0.0,0.0,0.0,0,
CUST01785,C01,2023-01-30,8,6,2,3515.30,585.88,13,1.83,7,CAT19,2025-04-14,2025-09-29,1,974,0.25,0.25,0.375,0.1667,1,3.0
CUST01786,C03,2025-04-23,4,3,1,8066.00,2688.67,20,4.33,8,CAT17,2025-04-26,2025-09-15,15,160,0.25,0.5,0.5,0.0,1,5.0
CUST01787,C02,2025-01-12,3,3,0,3372.40,1124.13,16,4.0,7,CAT15,2025-07-21,2025-09-26,4,261,0.0,0.0,0.3333,0.3333,0,
CUST01788,C03,2025-09-09,0,0,0,0.00,,0,,0,,,,,21,,,,,0,
CUST01789,C03,2025-03-02,5,4,1,4339.00,1084.75,18,4.25,9,CAT14,2025-04-12,2025-08-29,32,212,0.2,0.2,0.6,0.0,0,
CUST01790,C02,2025-09-26,1,1,0,2811.00,2811.0,11,8.0,6,CAT05,2025-09-28,2025-09-28,2,4,0.0,1.0,1.0,0.0,0,
CUST01791,C03,2023-04-28,2,2,0,1561.00,780.5,7,2.0,3,CAT18,2025-06-23,2025-07-20,72,886,0.0,0.5,0.5,0.0,1,4.0
CUST01792,C02,2023-05-14,3,3,0,2092.60,697.53,11,3.0,7,CAT13,2025-04-03,2025-09-11,19,870,0.0,0.3333,0.0,0.6667,1,2.0
CUST01793,C02,2024-06-12,20,18,2,23730.05,1318.34,116,5.06,19,CAT15,2025-04-01,2025-09-27,3,475,0.1,0.05,0.6,0.3333,3,3.0
CUST01794,C02,2023-08-08,4,3,1,7770.20,2590.07,22,4.33,8,CAT17,2025-04-21,2025-09-13,17,784,0.25,0.0,0.25,0.3333,1,3.0
CUST01795,C03,2025-01-30,2,2,0,1477.00,738.5,11,3.5,6,CAT05,2025-07-09,2025-09-26,4,243,0.0,0.0,0.0,0.0,0,
CUST01796,C01,2024-02-03,8,7,0,3390.00,484.29,26,2.57,12,CAT16,2025-04-15,2025-09-30,0,605,0.0,0.5,0.25,0.0,1,3.0
CUST01797,C02,2024-09-18,3,3,0,2663.00,887.67,11,2.33,7,CAT17,2025-04-27,2025-05-24,129,377,0.0,0.0,0.6667,0.0,0,
CUST01798,C01,2024-07-03,15,11,4,8764.80,796.8,58,3.55,13,CAT11,2025-04-10,2025-09-25,5,454,0.2667,0.1333,0.2667,0.2727,1,5.0
CUST01799,C03,2024-08-28,4,4,0,4445.45,1111.36,15,2.75,9,CAT19,2025-04-05,2025-09-23,7,398,0.0,0.0,0.5,0.5,1,4.0
CUST01800,C01,2023-02-27,6,5,1,3150.00,630.0,19,2.4,5,CAT05,2025-05-06,2025-09-22,8,946,0.1667,0.1667,0.0,0.0,2,4.0
CUST01801,C03,2024-09-23,7,6,1,2727.30,454.55,13,1.5,6,CAT17,2025-04-05,2025-09-12,18,372,0.1429,0.5714,0.2857,0.1667,0,
CUST01802,C01,2024-09-06,3,3,0,1232.00,410.67,10,2.33,7,CAT11,2025-04-18,2025-09-20,10,389,0.0,0.0,0.3333,0.0,2,4.5
CUST01803,C03,2024-11-14,34,31,2,20082.90,647.84,147,3.39,18,CAT05,2025-04-10,2025-09-14,16,320,0.0588,0.0882,0.1471,0.2258,5,3.6
CUST01804,C03,2024-08-08,25,24,1,18831.35,784.64,122,3.5,20,CAT17,2025-04-14,2025-09-29,1,418,0.04,0.2,0.2,0.2083,5,3.6
CUST01805,C02,2024-12-10,2,2,0,1498.50,749.25,11,4.0,6,CAT08,2025-05-31,2025-08-09,52,294,0.0,0.0,1.0,0.5,0,
CUST01806,C03,2023-04-25,5,5,0,5322.40,1064.48,23,4.0,11,CAT15,2025-04-29,2025-09-04,26,889,0.0,0.4,0.0,0.2,1,4.0
CUST01807,C01,2024-09-30,1,1,0,871.00,871.0,3,2.0,2,CAT18,2025-05-17,2025-05-17,136,365,0.0,0.0,1.0,0.0,0,
CUST01808,C01,2024-11-05,0,0,0,0.00,,0,,0,,,,,329,,,,,0,
CUST01809,C02,2023-12-04,4,3,1,852.00,284.0,7,1.67,5,CAT16,2025-05-17,2025-09-05,25,666,0.25,0.75,0.25,0.0,0,
CUST01810,C01,2025-07-20,3,3,0,350.00,116.67,4,1.33,4,CAT12,2025-08-25,2025-09-16,14,72,0.0,0.3333,0.0,0.0,2,3.5
CUST01811,C03,2024-10-28,6,6,0,12505.00,2084.17,44,5.5,12,CAT15,2025-04-02,2025-09-28,2,337,0.0,0.0,0.5,0.0,2,4.5
CUST01812,C02,2025-09-20,0,0,0,0.00,,0,,0,,,,,10,,,,,0,
CUST01813,C03,2024-04-06,3,3,0,1174.20,391.4,9,1.67,5,CAT12,2025-04-03,2025-06-23,99,542,0.0,0.3333,0.0,0.3333,0,
CUST01814,C01,2023-04-07,3,2,0,2894.00,1447.0,9,3.5,5,CAT19,2025-07-02,2025-08-07,54,907,0.0,0.3333,0.0,0.0,0,
CUST01815,C01,2023-09-04,11,11,0,25168.80,2288.07,92,5.73,14,CAT15,2025-04-06,2025-09-30,0,757,0.0,0.0,0.7273,0.1818,1,4.0
CUST01816,C03,2024-12-12,17,16,0,9919.40,619.96,75,3.63,17,CAT11,2025-04-08,2025-09-26,4,292,0.0,0.3529,0.2353,0.1875,2,4.5
CUST01817,C03,2025-05-17,3,2,0,377.00,188.5,3,1.5,2,CAT05,2025-07-20,2025-07-31,61,136,0.0,0.3333,0.6667,0.0,0,
CUST01818,C03,2025-06-01,1,1,0,0.00,0.0,0,0.0,0,,2025-09-12,2025-09-12,18,121,0.0,0.0,0.0,0.0,0,
CUST01819,C03,2024-11-13,6,5,0,2911.00,582.2,21,3.2,9,CAT01,2025-05-20,2025-09-26,4,321,0.0,0.0,0.3333,0.0,0,
CUST01820,C03,2024-11-26,45,39,2,15950.95,409.0,112,2.03,18,CAT17,2025-04-08,2025-09-16,14,308,0.0444,0.8444,0.2889,0.2821,9,3.0
CUST01821,C02,2024-01-07,6,5,1,3157.00,631.4,12,1.8,7,CAT17,2025-05-18,2025-08-08,53,632,0.1667,0.1667,0.1667,0.0,0,
CUST01822,C02,2025-04-10,3,2,1,428.00,214.0,4,2.0,4,CAT09,2025-06-07,2025-07-01,91,173,0.3333,1.0,0.3333,0.0,0,
CUST01823,C01,2025-02-12,1,1,0,4761.00,4761.0,11,8.0,6,CAT17,2025-08-05,2025-08-05,56,230,0.0,0.0,0.0,0.0,0,
CUST01824,C02,2023-06-22,8,8,0,8084.75,1010.59,31,2.25,10,CAT17,2025-05-28,2025-09-27,3,831,0.0,0.375,0.375,0.125,1,5.0
CUST01825,C03,2024-11-22,7,7,0,2474.00,353.43,25,3.14,11,CAT05,2025-04-24,2025-09-22,8,312,0.0,0.1429,0.1429,0.0,0,
CUST01826,C03,2024-05-17,0,0,0,0.00,,0,,0,,,,,501,,,,,0,
CUST01827,C02,2023-09-16,4,3,1,3635.00,1211.67,17,4.67,8,CAT15,2025-05-12,2025-07-13,79,745,0.25,0.75,0.75,0.3333,1,4.0
CUST01828,C02,2025-06-18,6,6,0,4416.90,736.15,30,4.33,12,CAT17,2025-06-25,2025-08-22,39,104,0.0,0.3333,0.3333,0.1667,2,3.0
CUST01829,C03,2023-05-11,12,12,0,11134.00,927.83,64,3.42,14,CAT10,2025-04-01,2025-09-30,0,873,0.0,0.1667,0.5,0.0,2,4.0
CUST01830,C03,2024-09-06,14,13,0,6725.20,517.32,42,2.54,14,CAT01,2025-04-10,2025-09-09,21,389,0.0,0.0714,0.4286,0.0769,1,5.0
CUST01831,C03,2024-09-14,11,8,2,2974.00,371.75,28,2.63,11,CAT12,2025-04-01,2025-09-27,3,381,0.1818,0.2727,0.3636,0.0,2,4.0
CUST01832,C01,2025-01-23,2,2,0,2996.00,1498.0,9,3.0,5,CAT19,2025-07-16,2025-09-26,4,250,0.0,0.0,0.0,0.0,1,4.0
CUST01833,C02,2023-02-05,6,5,0,879.40,175.88,11,2.0,6,CAT12,2025-05-06,2025-09-20,10,968,0.0,0.1667,0.1667,0.4,0,
CUST01834,C02,2024-11-26,20,19,1,14149.75,744.72,116,4.05,18,CAT03,2025-04-01,2025-09-29,1,308,0.05,0.1,0.3,0.2632,1,3.0
CUST01835,C03,2025-09-29,0,0,0,0.00,,0,,0,,,,,1,,,,,0,
CUST01836,C01,2025-01-16,8,5,2,5916.80,1183.36,21,3.4,10,CAT17,2025-04-18,2025-09-04,26,257,0.25,0.125,0.125,0.2,1,2.0
CUST01837,C01,2025-04-02,8,7,1,4708.75,672.68,20,2.0,7,CAT17,2025-05-19,2025-09-27,3,181,0.125,0.125,0.375,0.1429,1,5.0
CUST01838,C01,2024-11-16,4,3,0,1651.00,550.33,8,2.0,4,CAT10,2025-04-18,2025-09-08,22,318,0.0,0.5,0.5,0.0,2,3.0
CUST01839,C03,2024-03-27,13,10,3,7840.40,784.04,43,3.0,12,CAT05,2025-04-02,2025-09-22,8,552,0.2308,0.0769,0.2308,0.3,2,5.0
CUST01840,C03,2025-03-01,3,2,1,544.00,272.0,5,2.0,4,CAT10,2025-04-12,2025-05-15,138,213,0.3333,0.0,0.3333,0.0,0,
CUST01841,C01,2024-02-23,11,9,2,6143.90,682.66,40,2.78,12,CAT17,2025-04-04,2025-08-24,37,585,0.1818,0.0,0.1818,0.2222,2,4.5
CUST01842,C03,2025-09-07,0,0,0,0.00,,0,,0,,,,,23,,,,,0,
CUST01843,C02,2024-02-07,2,2,0,1057.00,528.5,6,2.5,4,CAT16,2025-04-29,2025-05-29,124,601,0.0,0.0,0.0,0.0,0,
CUST01844,C02,2024-04-16,4,3,0,760.00,253.33,6,2.0,4,CAT10,2025-07-23,2025-09-25,5,532,0.0,0.5,0.0,0.0,0,
CUST01845,C01,2023-03-20,1,1,0,332.00,332.0,2,2.0,2,CAT15,2025-06-15,2025-06-15,107,925,0.0,0.0,1.0,0.0,0,
CUST01846,C01,2024-01-12,8,8,0,6383.75,797.97,42,3.63,11,CAT15,2025-04-02,2025-09-26,4,627,0.0,0.125,0.125,0.25,0,
CUST01847,C02,2025-08-31,2,1,1,129.00,129.0,1,1.0,1,CAT01,2025-09-03,2025-09-03,27,30,0.5,0.0,0.5,0.0,0,
CUST01848,C02,2023-11-26,2,1,1,1532.00,1532.0,4,1.0,1,CAT10,2025-05-22,2025-07-19,73,674,0.5,0.0,0.5,0.0,0,
CUST01849,C01,2025-08-13,2,2,0,1536.00,768.0,14,4.0,7,CAT18,2025-08-30,2025-09-09,21,48,0.0,0.5,0.5,0.0,0,
CUST01850,C02,2024-09-23,6,6,0,3812.30,635.38,23,3.17,12,CAT01,2025-05-31,2025-09-09,21,372,0.0,0.3333,0.5,0.3333,0,
CUST01851,C01,2023-04-15,2,0,1,0.00,,0,,0,,2025-05-01,,,899,0.5,0.5,0.5,,0,
CUST01852,C01,2025-03-18,6,5,1,1628.20,325.64,19,2.6,8,CAT04,2025-05-03,2025-09-07,23,196,0.1667,0.0,0.3333,0.2,0,
CUST01853,C01,2023-12-05,11,10,0,6827.45,682.75,52,3.3,13,CAT05,2025-04-09,2025-08-30,31,665,0.0,0.0909,0.1818,0.4,3,3.33
CUST01854,C02,2024-06-03,6,5,1,2373.80,474.76,13,2.2,10,CAT05,2025-06-30,2025-09-26,4,484,0.1667,0.1667,0.1667,0.2,1,4.0
CUST01855,C02,2024-01-09,7,6,1,4134.60,689.1,26,3.0,9,CAT11,2025-04-29,2025-09-02,28,630,0.1429,0.2857,0.1429,0.5,1,4.0
CUST01856,C02,2024-12-28,12,9,2,15250.50,1694.5,80,5.22,13,CAT15,2025-04-01,2025-09-06,24,276,0.1667,0.3333,0.8333,0.1111,2,3.5
CUST01857,C01,2023-08-10,12,10,1,1436.50,143.65,23,1.7,9,CAT08,2025-04-13,2025-09-03,27,782,0.0833,0.6667,0.25,0.3,1,5.0
CUST01858,C01,2025-08-05,1,1,0,1958.00,1958.0,9,6.0,5,CAT13,2025-08-17,2025-08-17,44,56,0.0,1.0,1.0,0.0,0,
CUST01859,C03,2025-04-21,1,1,0,98.00,98.0,1,1.0,1,CAT10,2025-09-02,2025-09-02,28,162,0.0,0.0,0.0,0.0,0,
CUST01860,C01,2025-09-16,0,0,0,0.00,,0,,0,,,,,14,,,,,0,
CUST01861,C02,2025-07-25,2,2,0,4380.20,2190.1,15,5.0,8,CAT17,2025-08-23,2025-09-14,16,67,0.0,0.5,1.0,1.0,1,1.0
CUST01862,C03,2025-07-25,7,7,0,6401.00,914.43,35,3.43,11,CAT05,2025-07-26,2025-09-16,14,67,0.0,0.1429,0.5714,0.0,1,5.0
CUST01863,C02,2025-08-01,0,0,0,0.00,,0,,0,,,,,60,,,,,0,
CUST01864,C03,2025-05-03,16,14,1,18512.00,1322.29,53,2.5,15,CAT17,2025-05-07,2025-09-30,0,150,0.0625,0.375,0.125,0.0,2,3.5
CUST01865,C01,2025-06-05,7,7,0,5866.60,838.09,36,3.86,15,CAT01,2025-06-06,2025-09-26,4,117,0.0,0.0,0.0,0.1429,0,
CUST01866,C03,2025-07-02,6,6,0,3568.25,594.71,25,2.83,11,CAT13,2025-07-08,2025-09-04,26,90,0.0,0.1667,0.0,0.1667,1,5.0
CUST01867,C03,2023-08-09,4,3,0,1138.20,379.4,12,3.33,9,CAT14,2025-04-07,2025-04-22,161,783,0.0,0.25,0.0,0.3333,1,4.0
CUST01868,C01,2025-07-27,2,2,0,6237.20,3118.6,20,6.0,6,CAT19,2025-08-18,2025-09-05,25,65,0.0,0.5,0.0,0.5,1,4.0
CUST01869,C03,2025-05-10,10,9,1,7473.50,830.39,54,3.89,13,CAT03,2025-05-21,2025-09-16,14,143,0.1,0.0,0.2,0.2222,0,
CUST01870,C01,2024-05-13,5,4,0,3410.30,852.58,21,3.5,9,CAT17,2025-05-02,2025-09-12,18,505,0.0,0.2,0.2,0.5,2,3.0
CUST01871,C01,2025-06-19,2,2,0,323.00,161.5,5,1.5,3,CAT12,2025-08-08,2025-09-14,16,103,0.0,0.5,0.5,0.0,0,
CUST01872,C02,2025-06-01,2,2,0,518.00,259.0,3,1.5,2,CAT12,2025-07-22,2025-09-07,23,121,0.0,0.5,0.5,0.0,0,
CUST01873,C03,2023-02-17,9,9,0,7552.30,839.14,44,3.22,11,CAT16,2025-04-29,2025-09-25,5,956,0.0,0.0,0.2222,0.2222,1,2.0
CUST01874,C03,2024-12-27,4,4,0,7955.40,1988.85,36,5.75,12,CAT10,2025-05-06,2025-07-25,67,277,0.0,0.0,0.0,0.25,1,3.0
CUST01875,C02,2023-02-22,0,0,0,0.00,,0,,0,,,,,951,,,,,0,
CUST01876,C03,2024-10-02,5,5,0,3716.60,743.32,14,2.2,11,CAT17,2025-04-16,2025-07-03,89,363,0.0,0.0,0.2,0.4,2,3.5
CUST01877,C03,2023-02-03,13,13,0,9596.20,738.17,73,3.69,16,CAT01,2025-04-01,2025-09-09,21,970,0.0,0.0769,0.1538,0.0769,2,3.0
CUST01878,C01,2025-01-17,10,10,0,6887.90,688.79,44,3.0,14,CAT02,2025-05-05,2025-09-24,6,256,0.0,0.2,0.1,0.2,3,4.33
CUST01879,C03,2025-02-18,3,2,1,727.00,363.5,5,2.0,4,CAT16,2025-04-25,2025-07-16,76,224,0.3333,0.0,0.0,0.0,1,3.0
CUST01880,C01,2023-09-23,2,2,0,1756.00,878.0,5,2.0,3,CAT17,2025-04-23,2025-06-19,103,738,0.0,1.0,0.0,0.0,0,
CUST01881,C01,2023-05-05,3,3,0,2449.00,816.33,13,3.0,6,CAT13,2025-06-21,2025-09-21,9,879,0.0,0.0,1.0,0.0,0,
CUST01882,C01,2025-02-12,4,4,0,4533.00,1133.25,19,3.5,10,CAT14,2025-04-30,2025-09-20,10,230,0.0,0.5,0.25,0.0,0,
CUST01883,C02,2024-10-19,14,13,1,14287.40,1099.03,71,4.0,15,CAT05,2025-04-03,2025-09-01,29,346,0.0714,0.2857,0.2143,0.2308,2,4.5
CUST01884,C03,2023-11-09,9,8,1,3759.00,469.88,24,1.75,8,CAT12,2025-05-05,2025-09-18,12,691,0.1111,1.0,0.5556,0.0,0,
CUST01885,C02,2023-09-13,5,5,0,3359.00,671.8,18,2.4,10,CAT19,2025-05-14,2025-09-26,4,748,0.0,0.2,0.0,0.0,0,
CUST01886,C03,2025-05-15,10,9,0,4407.20,489.69,36,2.67,10,CAT03,2025-05-19,2025-09-30,0,138,0.0,0.0,0.1,0.3333,1,3.0
CUST01887,C02,2025-08-05,2,2,0,1534.60,767.3,10,4.5,8,CAT15,2025-09-06,2025-09-28,2,56,0.0,0.0,1.0,0.5,0,
CUST01888,C02,2023-02-13,3,3,0,2299.00,766.33,11,2.67,5,CAT03,2025-07-02,2025-08-27,34,960,0.0,0.0,0.0,0.0,0,
CUST01889,C02,2025-02-15,10,9,1,7973.50,885.94,46,3.11,10,CAT01,2025-04-01,2025-08-29,32,227,0.1,0.4,0.3,0.1111,0,
CUST01890,C02,2024-01-26,4,3,1,4052.00,1350.67,15,3.67,5,CAT17,2025-04-05,2025-08-10,51,613,0.25,0.25,0.5,0.0,2,4.0
CUST01891,C02,2024-08-05,20,18,1,13355.85,741.99,78,3.22,16,CAT05,2025-04-02,2025-09-29,1,421,0.05,0.15,0.2,0.2778,2,4.0
CUST01892,C01,2023-12-16,5,4,1,5911.70,1477.93,21,4.0,13,CAT16,2025-04-19,2025-09-27,3,654,0.2,0.2,0.6,0.25,1,3.0
CUST01893,C02,2025-09-15,0,0,0,0.00,,0,,0,,,,,15,,,,,0,
CUST01894,C01,2024-07-15,2,1,1,940.20,940.2,6,5.0,4,CAT13,2025-04-08,2025-04-08,175,442,0.5,0.5,0.0,1.0,1,4.0
CUST01895,C01,2023-03-29,13,12,1,6767.50,563.96,32,1.92,13,CAT17,2025-04-05,2025-09-02,28,916,0.0769,0.8462,0.3077,0.1667,2,3.5
CUST01896,C01,2025-08-31,2,1,0,21.00,21.0,1,1.0,1,CAT07,2025-09-08,2025-09-08,22,30,0.0,0.5,0.5,0.0,0,
CUST01897,C01,2025-08-09,3,2,1,1571.95,785.98,8,2.5,5,CAT15,2025-08-17,2025-08-19,42,52,0.3333,0.3333,0.3333,0.5,0,
CUST01898,C03,2023-12-05,32,29,1,22737.95,784.07,136,3.55,17,CAT05,2025-04-01,2025-09-29,1,665,0.0313,0.0938,0.125,0.2759,7,4.29
CUST01899,C03,2024-10-26,2,2,0,1232.00,616.0,6,2.5,4,CAT15,2025-05-14,2025-07-15,77,339,0.0,1.0,0.0,0.0,0,
CUST01900,C02,2024-08-30,7,5,0,6427.00,1285.4,26,2.8,12,CAT17,2025-05-18,2025-09-26,4,396,0.0,0.0,0.2857,0.0,1,5.0
CUST01901,C01,2024-09-09,3,2,0,3433.00,1716.5,12,4.0,5,CAT17,2025-04-01,2025-09-26,4,386,0.0,0.0,0.3333,0.0,2,4.0
CUST01902,C02,2024-03-30,9,6,0,9892.30,1648.72,43,4.67,12,CAT15,2025-04-13,2025-09-14,16,549,0.0,0.3333,0.6667,0.3333,1,4.0
CUST01903,C02,2025-08-11,2,2,0,266.00,133.0,3,1.5,3,CAT12,2025-09-22,2025-09-29,1,50,0.0,0.5,0.0,0.0,0,
CUST01904,C03,2023-04-08,19,19,0,18415.60,969.24,86,3.53,17,CAT17,2025-04-11,2025-09-24,6,906,0.0,0.1053,0.3684,0.2632,7,3.86
CUST01905,C03,2024-02-28,2,2,0,988.25,494.13,10,3.0,4,CAT18,2025-05-30,2025-09-02,28,580,0.0,0.0,0.0,0.5,0,
CUST01906,C03,2024-09-30,6,4,2,1489.00,372.25,13,2.5,9,CAT11,2025-04-13,2025-08-05,56,365,0.3333,0.3333,0.3333,0.0,1,5.0
CUST01907,C02,2025-02-23,5,5,0,1673.60,334.72,13,2.0,10,CAT17,2025-04-12,2025-08-16,45,219,0.0,0.0,0.8,0.8,1,3.0
CUST01908,C01,2025-04-16,2,2,0,3290.60,1645.3,17,6.5,7,CAT10,2025-08-19,2025-09-02,28,167,0.0,0.0,0.0,1.0,0,
CUST01909,C01,2025-06-29,6,5,1,4082.00,816.4,27,4.4,11,CAT17,2025-07-16,2025-09-06,24,93,0.1667,0.1667,0.3333,0.0,0,
CUST01910,C01,2024-06-30,6,6,0,3709.40,618.23,25,3.33,13,CAT11,2025-04-13,2025-09-12,18,457,0.0,0.1667,0.3333,0.1667,1,5.0
CUST01911,C01,2024-10-19,4,2,2,3166.00,1583.0,9,4.0,5,CAT15,2025-05-15,2025-05-18,135,346,0.5,0.0,0.5,0.0,0,
CUST01912,C02,2024-11-06,16,14,1,17327.85,1237.7,90,4.93,18,CAT05,2025-04-04,2025-09-29,1,328,0.0625,0.0,0.5,0.1429,3,3.33
CUST01913,C01,2024-12-28,6,5,1,1810.90,362.18,17,2.6,8,CAT19,2025-04-04,2025-09-04,26,276,0.1667,0.5,0.1667,0.4,2,5.0
CUST01914,C03,2023-10-19,4,4,0,1468.60,367.15,10,1.5,5,CAT13,2025-04-02,2025-06-26,96,712,0.0,0.25,0.0,0.25,0,
CUST01915,C02,2024-05-23,3,3,0,5169.90,1723.3,18,4.0,7,CAT16,2025-04-21,2025-07-05,87,495,0.0,0.0,0.6667,0.3333,2,4.0
CUST01916,C03,2023-09-21,12,11,0,4905.00,445.91,41,2.27,11,CAT12,2025-04-20,2025-09-22,8,740,0.0,0.6667,0.3333,0.0,0,
CUST01917,C02,2023-02-08,5,3,1,1045.00,348.33,10,2.0,6,CAT10,2025-04-05,2025-07-15,77,965,0.2,0.2,0.4,0.0,1,1.0
CUST01918,C01,2024-03-12,0,0,0,0.00,,0,,0,,,,,567,,,,,0,
CUST01919,C01,2025-07-27,2,2,0,535.60,267.8,7,2.5,4,CAT03,2025-09-14,2025-09-29,1,65,0.0,0.5,0.5,0.5,0,
CUST01920,C02,2025-02-07,5,4,0,3469.50,867.38,31,4.75,9,CAT01,2025-05-01,2025-08-21,40,235,0.0,0.2,0.0,0.25,0,
CUST01921,C02,2025-06-14,19,16,3,11682.50,730.16,77,3.75,16,CAT01,2025-06-21,2025-09-19,11,108,0.1579,0.2632,0.3684,0.25,4,3.75
CUST01922,C03,2024-09-11,13,13,0,5645.20,434.25,50,2.54,16,CAT12,2025-04-02,2025-09-09,21,384,0.0,0.7692,0.2308,0.0769,1,3.0
CUST01923,C01,2024-11-12,6,5,1,1286.80,257.36,13,2.4,7,CAT12,2025-04-30,2025-09-13,17,322,0.1667,0.8333,0.5,0.2,2,2.5
CUST01924,C01,2025-06-24,0,0,0,0.00,,0,,0,,,,,98,,,,,0,
CUST01925,C03,2024-10-25,2,2,0,794.40,397.2,6,3.0,5,CAT15,2025-04-02,2025-05-10,143,340,0.0,0.0,0.5,0.5,0,
CUST01926,C03,2025-01-24,8,7,0,12906.10,1843.73,52,5.0,13,CAT15,2025-04-06,2025-09-15,15,249,0.0,0.25,0.5,0.4286,0,
CUST01927,C01,2025-09-20,2,2,0,1980.00,990.0,14,3.5,6,CAT05,2025-09-20,2025-09-26,4,10,0.0,0.0,0.5,0.0,0,
CUST01928,C03,2024-09-24,14,13,1,18795.00,1445.77,79,4.38,16,CAT15,2025-04-15,2025-09-27,3,371,0.0714,0.1429,0.5,0.2308,2,1.5
CUST01929,C01,2023-11-02,5,5,0,5903.00,1180.6,21,2.8,12,CAT16,2025-04-20,2025-08-19,42,698,0.0,0.6,0.6,0.0,1,3.0
CUST01930,C03,2023-11-12,4,3,1,1263.00,421.0,5,1.33,4,CAT17,2025-04-10,2025-07-19,73,688,0.25,0.25,0.5,0.6667,0,
CUST01931,C01,2024-09-14,3,3,0,957.00,319.0,12,2.67,6,CAT06,2025-05-19,2025-07-15,77,381,0.0,0.3333,0.3333,0.0,1,4.0
CUST01932,C02,2024-04-11,5,5,0,4202.00,840.4,18,2.6,12,CAT18,2025-04-03,2025-09-22,8,537,0.0,0.2,0.4,0.2,0,
CUST01933,C03,2023-02-19,6,6,0,3043.40,507.23,23,2.67,11,CAT12,2025-04-12,2025-09-30,0,954,0.0,0.0,0.3333,0.3333,0,
CUST01934,C02,2023-07-14,17,11,4,9657.75,877.98,60,3.91,14,CAT17,2025-04-10,2025-09-28,2,809,0.2353,0.4118,0.0588,0.1818,4,4.0
CUST01935,C03,2024-08-26,6,6,0,6383.00,1063.83,18,2.5,9,CAT17,2025-04-21,2025-09-27,3,400,0.0,0.1667,0.6667,0.0,1,4.0
CUST01936,C02,2024-10-31,14,12,2,13354.70,1112.89,50,2.83,15,CAT17,2025-04-05,2025-09-05,25,334,0.1429,0.2143,0.3571,0.0833,0,
CUST01937,C02,2025-02-27,20,15,3,11272.80,751.52,63,3.27,18,CAT17,2025-04-11,2025-09-18,12,215,0.15,0.15,0.4,0.1333,0,
CUST01938,C01,2024-02-29,7,5,2,8013.80,1602.76,40,5.6,15,CAT15,2025-05-31,2025-09-13,17,579,0.2857,0.0,0.7143,0.4,1,4.0
CUST01939,C02,2024-05-01,6,5,1,5600.00,1120.0,27,4.2,10,CAT13,2025-04-01,2025-09-05,25,517,0.1667,0.6667,0.1667,0.0,2,3.0
CUST01940,C01,2025-04-03,13,12,1,18601.70,1550.14,84,4.92,18,CAT15,2025-04-19,2025-09-20,10,180,0.0769,0.1538,0.6154,0.25,1,2.0
CUST01941,C01,2023-03-14,4,4,0,7182.00,1795.5,27,5.25,9,CAT15,2025-06-26,2025-07-31,61,931,0.0,0.25,0.25,0.0,2,3.5
CUST01942,C03,2025-04-04,4,3,1,3768.50,1256.17,21,5.0,10,CAT05,2025-05-12,2025-08-13,48,179,0.25,0.0,0.5,0.6667,2,3.5
CUST01943,C02,2025-08-02,3,3,0,1652.00,550.67,10,2.67,4,CAT05,2025-08-23,2025-08-29,32,59,0.0,0.0,0.3333,0.0,0,
CUST01944,C03,2024-05-16,4,4,0,2634.00,658.5,10,1.75,5,CAT16,2025-04-03,2025-08-08,53,502,0.0,1.0,0.0,0.0,0,
CUST01945,C01,2023-06-01,4,4,0,1423.00,355.75,15,2.75,7,CAT03,2025-04-03,2025-09-26,4,852,0.0,0.75,0.0,0.0,1,4.0
CUST01946,C01,2024-01-28,5,5,0,2662.00,532.4,16,2.6,8,CAT17,2025-04-07,2025-07-17,75,611,0.0,0.6,0.2,0.0,0,
CUST01947,C01,2025-02-14,5,5,0,2999.40,599.88,14,2.2,9,CAT10,2025-05-13,2025-09-30,0,228,0.0,0.0,0.0,0.2,2,2.5
CUST01948,C03,2023-03-11,3,3,0,2630.40,876.8,11,2.67,6,CAT13,2025-04-07,2025-05-08,145,934,0.0,0.3333,0.0,0.3333,1,5.0
CUST01949,C01,2024-09-16,3,3,0,1405.00,468.33,12,3.0,6,CAT03,2025-04-27,2025-09-01,29,379,0.0,0.6667,0.6667,0.0,1,5.0
CUST01950,C01,2024-03-20,1,1,0,456.00,456.0,2,1.0,1,CAT20,2025-08-15,2025-08-15,46,559,0.0,0.0,0.0,0.0,0,
CUST01951,C01,2024-11-03,1,1,0,1905.40,1905.4,11,7.0,6,CAT05,2025-06-14,2025-06-14,108,331,0.0,1.0,1.0,1.0,0,
CUST01952,C02,2025-06-21,2,2,0,1350.00,675.0,5,2.0,4,CAT15,2025-08-03,2025-08-03,58,101,0.0,0.5,1.0,0.0,0,
CUST01953,C03,2025-05-23,6,5,0,3459.60,691.92,19,2.4,7,CAT05,2025-06-25,2025-09-23,7,130,0.0,0.1667,0.3333,0.2,0,
CUST01954,C02,2023-11-26,6,6,0,1790.40,298.4,18,2.17,8,CAT20,2025-05-10,2025-09-21,9,674,0.0,0.5,0.6667,0.1667,1,4.0
CUST01955,C03,2024-05-15,1,1,0,582.40,582.4,2,1.0,1,CAT05,2025-09-15,2025-09-15,15,503,0.0,0.0,0.0,1.0,0,
CUST01956,C02,2024-10-12,16,14,0,6866.80,490.49,37,2.07,13,CAT14,2025-04-15,2025-09-23,7,353,0.0,0.1875,0.3125,0.1429,1,3.0
CUST01957,C01,2024-06-15,3,2,0,4793.00,2396.5,19,6.0,8,CAT10,2025-05-11,2025-05-17,136,472,0.0,0.0,0.6667,0.0,2,5.0
CUST01958,C02,2024-04-26,2,1,1,126.00,126.0,4,1.0,1,CAT02,2025-07-05,2025-08-10,51,522,0.5,0.5,1.0,1.0,0,
CUST01959,C01,2025-09-10,0,0,0,0.00,,0,,0,,,,,20,,,,,0,
CUST01960,C02,2023-04-12,4,4,0,950.00,237.5,14,2.0,6,CAT03,2025-04-10,2025-08-26,35,902,0.0,0.0,0.0,0.25,0,
CUST01961,C01,2023-05-02,5,5,0,6929.20,1385.84,39,5.8,15,CAT20,2025-04-08,2025-09-12,18,882,0.0,0.0,0.4,0.2,2,3.0
CUST01962,C02,2025-02-22,11,10,1,6672.35,667.24,40,2.9,13,CAT17,2025-04-14,2025-09-23,7,220,0.0909,0.2727,0.3636,0.2,0,
CUST01963,C01,2024-09-10,8,6,1,8097.40,1349.57,39,4.83,13,CAT14,2025-04-13,2025-09-08,22,385,0.125,0.125,0.25,0.1667,1,5.0
CUST01964,C03,2024-09-23,5,5,0,1572.00,314.4,11,1.8,5,CAT14,2025-04-12,2025-08-29,32,372,0.0,0.6,0.4,0.0,1,5.0
CUST01965,C03,2024-12-05,15,13,0,8471.30,651.64,54,3.23,14,CAT01,2025-04-01,2025-09-17,13,299,0.0,0.2,0.1333,0.2308,3,4.33
CUST01966,C03,2023-01-20,10,9,1,6378.30,708.7,33,2.56,9,CAT05,2025-04-04,2025-09-24,6,984,0.1,0.4,0.4,0.1111,2,4.0
CUST01967,C01,2025-02-17,5,5,0,1546.40,309.28,13,2.0,7,CAT11,2025-04-11,2025-08-03,58,225,0.0,0.0,0.2,0.2,2,3.0
CUST01968,C03,2024-08-15,3,2,1,3077.00,1538.5,18,6.5,10,CAT15,2025-04-27,2025-09-19,11,411,0.3333,0.3333,0.3333,0.0,1,1.0
CUST01969,C02,2023-05-14,9,9,0,3479.00,386.56,26,2.33,9,CAT05,2025-04-08,2025-08-27,34,870,0.0,0.3333,0.1111,0.0,2,4.0
CUST01970,C02,2024-02-27,6,6,0,4143.00,690.5,31,3.33,9,CAT12,2025-06-20,2025-09-28,2,581,0.0,0.8333,0.5,0.3333,1,2.0
CUST01971,C03,2024-08-15,11,9,1,4828.00,536.44,36,2.22,11,CAT18,2025-04-06,2025-09-25,5,411,0.0909,0.0909,0.2727,0.0,1,4.0
CUST01972,C01,2024-11-27,2,2,0,1082.00,541.0,5,2.0,3,CAT14,2025-07-09,2025-09-25,5,307,0.0,1.0,0.0,0.0,1,1.0
CUST01973,C03,2023-11-06,27,24,3,28840.70,1201.7,145,4.25,17,CAT10,2025-04-01,2025-09-27,3,694,0.1111,0.2222,0.5556,0.0833,2,4.5
CUST01974,C01,2024-02-05,10,8,1,2313.00,289.13,16,1.75,9,CAT12,2025-04-06,2025-09-23,7,603,0.1,0.7,0.3,0.0,0,
CUST01975,C01,2023-08-30,4,4,0,3101.00,775.25,16,2.75,7,CAT14,2025-06-04,2025-08-13,48,762,0.0,0.5,0.25,0.0,1,4.0
CUST01976,C02,2023-07-02,7,6,1,5301.70,883.62,36,3.83,12,CAT05,2025-04-17,2025-09-11,19,821,0.1429,0.1429,0.1429,0.3333,0,
CUST01977,C01,2025-08-15,1,1,0,1032.30,1032.3,3,3.0,3,CAT15,2025-09-15,2025-09-15,15,46,0.0,1.0,0.0,1.0,0,
CUST01978,C03,2024-07-22,15,13,2,20498.00,1576.77,78,4.31,17,CAT15,2025-04-16,2025-09-24,6,435,0.1333,0.0667,0.5333,0.0,0,
CUST01979,C02,2023-04-07,19,17,2,7670.10,451.18,71,3.06,13,CAT05,2025-04-09,2025-09-16,14,907,0.1053,0.2105,0.2632,0.2353,3,4.33
CUST01980,C02,2023-07-04,2,2,0,247.00,123.5,4,1.5,3,CAT10,2025-04-02,2025-09-20,10,819,0.0,0.0,0.5,0.0,0,
CUST01981,C03,2024-05-06,3,2,0,1204.00,602.0,11,4.5,4,CAT05,2025-05-08,2025-06-10,112,512,0.0,0.0,0.3333,0.0,1,4.0
CUST01982,C01,2024-01-20,4,4,0,1610.00,402.5,14,2.25,6,CAT03,2025-04-26,2025-08-13,48,619,0.0,0.0,0.25,0.0,1,2.0
CUST01983,C02,2025-09-30,0,0,0,0.00,,0,,0,,,,,0,,,,,0,
CUST01984,C03,2024-02-21,1,1,0,56.20,56.2,2,2.0,2,CAT09,2025-06-16,2025-06-16,106,587,0.0,1.0,0.0,1.0,0,
CUST01985,C03,2025-04-09,6,6,0,11329.10,1888.18,50,5.0,14,CAT15,2025-06-01,2025-09-18,12,174,0.0,0.0,0.6667,0.3333,1,5.0
CUST01986,C02,2024-10-09,9,8,1,6077.00,759.63,27,2.13,9,CAT17,2025-06-06,2025-09-24,6,356,0.1111,0.2222,0.1111,0.0,2,4.0
CUST01987,C03,2024-09-17,6,5,0,4411.00,882.2,33,4.0,10,CAT17,2025-04-09,2025-09-15,15,378,0.0,0.0,0.0,0.0,1,4.0
CUST01988,C02,2023-03-12,1,1,0,998.00,998.0,2,1.0,1,CAT16,2025-09-23,2025-09-23,7,933,0.0,0.0,0.0,0.0,0,
CUST01989,C03,2025-09-19,0,0,0,0.00,,0,,0,,,,,11,,,,,0,
CUST01990,C01,2023-12-20,5,3,2,2057.00,685.67,18,4.67,6,CAT05,2025-04-10,2025-08-10,51,650,0.4,0.0,0.2,0.3333,1,5.0
CUST01991,C03,2024-01-10,1,1,0,386.00,386.0,4,2.0,2,CAT03,2025-09-13,2025-09-13,17,629,0.0,0.0,1.0,0.0,0,
CUST01992,C01,2023-08-23,8,6,2,5926.00,987.67,32,4.5,14,CAT05,2025-04-13,2025-08-06,55,769,0.25,0.375,0.5,0.0,1,4.0
CUST01993,C02,2023-10-20,4,4,0,3546.60,886.65,20,3.25,11,CAT05,2025-05-16,2025-09-19,11,711,0.0,0.5,0.0,0.75,2,3.0
CUST01994,C03,2025-09-26,0,0,0,0.00,,0,,0,,,,,4,,,,,0,
CUST01995,C01,2025-04-25,3,3,0,3878.50,1292.83,18,3.67,10,CAT14,2025-05-08,2025-08-18,43,158,0.0,0.0,0.0,0.3333,0,
CUST01996,C01,2023-10-13,23,18,2,19479.80,1082.21,99,3.61,19,CAT17,2025-04-03,2025-09-16,14,718,0.087,0.3478,0.087,0.0556,3,3.67
CUST01997,C03,2024-05-22,5,4,0,4636.00,1159.0,20,2.5,6,CAT17,2025-04-24,2025-08-09,52,496,0.0,0.4,0.6,0.25,0,
CUST01998,C03,2024-11-03,2,2,0,4143.40,2071.7,12,4.5,5,CAT15,2025-04-16,2025-05-07,146,331,0.0,0.5,0.0,0.5,1,5.0
CUST01999,C02,2023-09-09,3,3,0,5531.00,1843.67,24,5.33,10,CAT15,2025-05-31,2025-09-20,10,752,0.0,0.0,0.6667,0.3333,1,5.0
CUST02000,C02,2024-09-16,37,34,1,22646.05,666.06,151,3.21,17,CAT17,2025-04-01,2025-09-25,5,379,0.027,0.1892,0.1351,0.2647,1,3.0
CUST02001,C03,2025-01-30,2,2,0,1508.00,754.0,9,3.5,5,CAT17,2025-05-30,2025-09-08,22,243,0.0,0.0,0.0,0.0,2,2.0
CUST02002,C01,2023-12-29,7,5,0,6427.00,1285.4,23,3.0,9,CAT17,2025-04-04,2025-06-30,92,641,0.0,0.2857,0.0,0.0,1,5.0
CUST02003,C01,2024-05-19,3,3,0,4414.20,1471.4,19,4.67,11,CAT13,2025-04-18,2025-09-20,10,499,0.0,0.3333,0.6667,0.3333,0,
CUST02004,C03,2024-08-23,8,6,1,3435.65,572.61,26,2.67,10,CAT08,2025-04-14,2025-09-27,3,403,0.125,0.75,0.375,0.5,1,3.0
CUST02005,C03,2025-09-15,0,0,0,0.00,,0,,0,,,,,15,,,,,0,
CUST02006,C01,2024-04-30,9,8,1,4546.50,568.31,35,3.13,11,CAT11,2025-05-20,2025-09-28,2,518,0.1111,0.1111,0.2222,0.125,2,3.5
CUST02007,C01,2024-07-27,2,2,0,655.00,327.5,3,1.0,2,CAT18,2025-07-09,2025-08-12,49,430,0.0,0.0,0.0,0.0,0,
CUST02008,C03,2023-12-23,5,5,0,2802.00,560.4,17,2.2,9,CAT15,2025-04-10,2025-09-19,11,647,0.0,0.8,0.2,0.0,1,5.0
CUST02009,C02,2025-05-23,6,4,1,3138.50,784.63,17,3.75,11,CAT16,2025-06-03,2025-09-15,15,130,0.1667,0.0,0.0,0.25,1,5.0
CUST02010,C01,2025-06-06,0,0,0,0.00,,0,,0,,,,,116,,,,,0,
CUST02011,C01,2023-11-18,12,10,1,19402.65,1940.27,71,4.8,16,CAT15,2025-04-03,2025-09-04,26,682,0.0833,0.0833,0.6667,0.2,1,4.0
CUST02012,C01,2025-05-04,12,12,0,6680.00,556.67,46,2.58,14,CAT16,2025-05-06,2025-09-24,6,149,0.0,0.75,0.0833,0.1667,2,3.5
CUST02013,C03,2025-01-27,8,8,0,6518.85,814.86,34,3.0,11,CAT11,2025-04-14,2025-08-31,30,246,0.0,0.625,0.25,0.25,1,3.0
CUST02014,C02,2025-01-24,5,5,0,9495.00,1899.0,30,3.8,8,CAT17,2025-04-10,2025-06-17,105,249,0.0,0.4,0.0,0.0,0,
CUST02015,C02,2024-07-15,6,5,1,2169.00,433.8,15,2.2,6,CAT13,2025-05-30,2025-09-27,3,442,0.1667,0.1667,0.3333,0.0,1,1.0
CUST02016,C02,2023-10-01,10,9,0,5085.50,565.06,28,2.56,15,CAT08,2025-04-04,2025-09-14,16,730,0.0,0.7,0.2,0.3333,3,4.67
CUST02017,C02,2023-09-08,3,2,1,610.20,305.1,6,1.5,3,CAT15,2025-05-29,2025-07-26,66,753,0.3333,0.6667,0.3333,0.5,1,5.0
CUST02018,C01,2024-07-16,8,4,2,1067.00,266.75,9,1.75,5,CAT06,2025-04-17,2025-08-29,32,441,0.25,1.0,0.125,0.25,2,1.5
CUST02019,C02,2025-09-11,0,0,0,0.00,,0,,0,,,,,19,,,,,0,
CUST02020,C02,2025-02-26,9,8,0,2543.20,317.9,27,2.5,11,CAT19,2025-04-01,2025-09-15,15,216,0.0,0.6667,0.1111,0.25,1,4.0
CUST02021,C03,2023-08-29,0,0,0,0.00,,0,,0,,,,,763,,,,,0,
CUST02022,C02,2025-07-28,0,0,0,0.00,,0,,0,,,,,64,,,,,0,
CUST02023,C02,2025-05-30,10,8,1,9173.30,1146.66,46,3.63,14,CAT17,2025-05-30,2025-09-25,5,123,0.1,0.0,0.0,0.25,0,
CUST02024,C03,2023-11-19,4,3,1,3030.00,1010.0,21,5.67,10,CAT15,2025-05-02,2025-09-28,2,681,0.25,0.5,0.5,0.0,0,
CUST02025,C01,2024-04-10,19,17,2,10202.60,600.15,65,3.06,16,CAT15,2025-04-02,2025-09-19,11,538,0.1053,0.0526,0.1579,0.1176,3,1.67
CUST02026,C03,2025-05-31,3,2,0,1836.00,918.0,16,5.0,6,CAT19,2025-08-04,2025-08-06,55,122,0.0,0.3333,0.0,0.0,0,
CUST02027,C03,2023-09-25,11,8,1,3169.20,396.15,15,1.5,9,CAT11,2025-04-07,2025-09-27,3,736,0.0909,0.6364,0.2727,0.125,3,2.67
CUST02028,C03,2024-11-10,30,26,2,16886.55,649.48,127,3.65,19,CAT01,2025-04-12,2025-09-06,24,324,0.0667,0.2333,0.4,0.2308,5,3.6
CUST02029,C02,2025-06-14,1,1,0,98.00,98.0,2,2.0,2,CAT03,2025-07-04,2025-07-04,88,108,0.0,0.0,0.0,0.0,0,
CUST02030,C01,2025-07-31,0,0,0,0.00,,0,,0,,,,,61,,,,,0,
CUST02031,C01,2023-12-29,9,9,0,4256.15,472.91,35,2.78,10,CAT05,2025-04-12,2025-09-26,4,641,0.0,0.1111,0.2222,0.3333,1,4.0
CUST02032,C03,2023-06-12,3,3,0,1526.00,508.67,8,2.33,6,CAT15,2025-04-15,2025-09-17,13,841,0.0,0.0,0.3333,0.3333,0,
CUST02033,C02,2025-04-21,10,9,0,5220.80,580.09,39,2.78,11,CAT16,2025-04-23,2025-09-24,6,162,0.0,0.1,0.0,0.2222,3,3.33
CUST02034,C03,2025-09-05,0,0,0,0.00,,0,,0,,,,,25,,,,,0,
CUST02035,C02,2023-08-18,8,6,2,5506.80,917.8,24,3.0,13,CAT15,2025-04-08,2025-09-18,12,774,0.25,0.125,0.25,0.1667,0,
CUST02036,C02,2025-08-19,5,5,0,2666.00,533.2,22,3.6,10,CAT01,2025-08-25,2025-09-29,1,42,0.0,0.2,0.2,0.0,0,
CUST02037,C01,2023-08-25,2,2,0,291.50,145.75,4,2.0,4,CAT12,2025-07-26,2025-08-31,30,767,0.0,0.5,1.0,0.5,0,
CUST02038,C02,2023-09-20,9,7,2,6468.45,924.06,40,3.71,10,CAT01,2025-04-05,2025-09-20,10,741,0.2222,0.2222,0.2222,0.2857,1,1.0
CUST02039,C01,2024-07-11,15,10,3,4509.80,450.98,28,2.1,10,CAT17,2025-05-02,2025-09-13,17,446,0.2,0.7333,0.3333,0.2,3,4.67
CUST02040,C02,2025-06-06,2,1,1,2331.00,2331.0,8,5.0,5,CAT17,2025-07-11,2025-09-21,9,116,0.5,1.0,0.5,0.0,0,
CUST02041,C01,2025-09-01,2,2,0,2769.00,1384.5,8,3.0,5,CAT10,2025-09-06,2025-09-22,8,29,0.0,0.0,0.5,0.0,0,
CUST02042,C03,2023-10-12,3,3,0,5149.00,1716.33,19,5.67,10,CAT15,2025-04-13,2025-09-13,17,719,0.0,0.0,1.0,0.0,2,3.0
CUST02043,C03,2024-04-02,5,4,1,1439.00,359.75,15,2.5,5,CAT01,2025-04-03,2025-08-20,41,546,0.2,0.4,0.4,0.0,0,
CUST02044,C02,2023-06-20,2,2,0,1985.00,992.5,7,2.0,3,CAT12,2025-06-17,2025-07-12,80,833,0.0,0.0,0.5,0.0,0,
CUST02045,C02,2023-10-30,5,4,1,3070.00,767.5,22,3.75,9,CAT13,2025-05-01,2025-08-11,50,701,0.2,0.2,0.4,0.0,0,
CUST02046,C01,2023-10-25,2,2,0,358.30,179.15,6,2.5,5,CAT14,2025-05-22,2025-09-16,14,706,0.0,0.5,0.0,0.5,0,
CUST02047,C02,2024-03-17,4,3,0,3309.80,1103.27,18,3.33,8,CAT18,2025-04-06,2025-07-28,64,562,0.0,0.0,0.5,0.3333,0,
CUST02048,C01,2024-01-22,5,5,0,3676.00,735.2,26,3.6,11,CAT16,2025-04-01,2025-08-23,38,617,0.0,0.0,0.4,0.0,0,
CUST02049,C01,2024-03-22,6,6,0,6084.00,1014.0,35,3.67,11,CAT11,2025-05-15,2025-09-18,12,557,0.0,0.0,0.3333,0.0,1,5.0
CUST02050,C03,2023-07-24,9,9,0,4205.90,467.32,21,1.78,11,CAT17,2025-04-17,2025-09-17,13,799,0.0,0.7778,0.4444,0.1111,1,5.0
CUST02051,C02,2023-06-07,3,3,0,3777.00,1259.0,15,3.33,7,CAT05,2025-05-20,2025-07-15,77,846,0.0,0.6667,0.0,0.0,1,2.0
CUST02052,C02,2024-09-25,12,12,0,12061.50,1005.13,79,4.42,13,CAT01,2025-04-04,2025-09-24,6,370,0.0,0.25,0.3333,0.0833,5,2.2
CUST02053,C01,2025-08-20,1,1,0,634.00,634.0,5,3.0,3,CAT14,2025-08-24,2025-08-24,37,41,0.0,0.0,1.0,0.0,0,
CUST02054,C02,2024-03-29,4,2,2,2359.40,1179.7,10,4.0,5,CAT05,2025-05-31,2025-08-26,35,550,0.5,0.0,0.5,0.5,0,
CUST02055,C02,2025-01-08,5,5,0,3260.00,652.0,14,2.6,11,CAT19,2025-04-22,2025-09-18,12,265,0.0,0.2,0.2,0.0,0,
CUST02056,C02,2023-09-12,8,7,0,3938.00,562.57,27,2.43,10,CAT10,2025-04-05,2025-09-16,14,749,0.0,0.25,0.5,0.1429,1,5.0
CUST02057,C03,2023-05-16,8,8,0,5915.00,739.38,40,3.38,14,CAT05,2025-04-28,2025-08-17,44,868,0.0,0.125,0.25,0.0,0,
CUST02058,C03,2024-01-13,15,15,0,10028.30,668.55,66,2.8,15,CAT17,2025-04-06,2025-09-27,3,626,0.0,0.2667,0.6,0.2,3,4.0
CUST02059,C03,2023-03-22,5,5,0,3688.00,737.6,21,3.0,8,CAT15,2025-07-22,2025-09-26,4,923,0.0,0.4,0.0,0.0,1,4.0
CUST02060,C03,2025-03-15,42,35,3,28997.45,828.5,193,3.83,19,CAT05,2025-04-06,2025-09-29,1,199,0.0714,0.2143,0.1429,0.3429,6,4.33
CUST02061,C01,2023-01-08,5,5,0,1761.75,352.35,14,2.0,8,CAT05,2025-05-02,2025-07-24,68,996,0.0,0.0,0.0,0.4,0,
CUST02062,C03,2024-07-31,8,5,1,2647.00,529.4,26,4.0,8,CAT05,2025-04-07,2025-09-08,22,426,0.125,0.125,0.125,0.0,1,1.0
CUST02063,C01,2024-02-07,2,1,1,1600.00,1600.0,10,6.0,4,CAT15,2025-04-27,2025-04-27,156,601,0.5,0.5,1.0,0.0,0,
CUST02064,C01,2023-05-09,11,11,0,3689.00,335.36,30,2.09,10,CAT08,2025-04-10,2025-09-29,1,875,0.0,0.5455,0.2727,0.0,0,
CUST02065,C01,2025-05-09,4,4,0,3165.00,791.25,16,2.75,10,CAT01,2025-05-19,2025-09-03,27,144,0.0,0.0,0.0,0.5,0,
CUST02066,C03,2025-03-31,3,3,0,6998.00,2332.67,26,5.67,9,CAT17,2025-04-05,2025-09-01,29,183,0.0,0.0,0.6667,0.0,0,
CUST02067,C01,2023-02-20,4,4,0,7562.00,1890.5,30,6.25,11,CAT15,2025-05-23,2025-08-08,53,953,0.0,0.0,0.0,0.0,1,4.0
CUST02068,C03,2025-04-06,12,11,0,19264.90,1751.35,87,5.27,18,CAT15,2025-04-15,2025-09-13,17,177,0.0,0.3333,0.5,0.1818,3,3.67
CUST02069,C01,2025-03-07,5,3,1,5549.00,1849.67,12,3.0,6,CAT17,2025-04-16,2025-09-22,8,207,0.2,0.2,0.2,0.0,0,
CUST02070,C02,2023-01-01,13,11,1,8345.90,758.72,57,3.55,12,CAT11,2025-04-08,2025-09-20,10,1003,0.0769,0.0769,0.3077,0.3636,0,
CUST02071,C01,2025-04-25,2,2,0,1752.50,876.25,15,4.5,7,CAT05,2025-07-05,2025-08-20,41,158,0.0,0.0,0.5,0.5,1,5.0
CUST02072,C02,2023-10-15,15,11,2,12753.00,1159.36,37,2.45,12,CAT17,2025-05-17,2025-09-30,0,716,0.1333,0.2,0.4,0.0,3,4.67
CUST02073,C03,2023-03-22,2,2,0,2667.00,1333.5,16,6.5,8,CAT13,2025-04-30,2025-07-12,80,923,0.0,0.0,0.5,0.0,0,
CUST02074,C03,2024-08-10,7,6,0,3086.00,514.33,22,2.83,6,CAT01,2025-05-09,2025-07-10,82,416,0.0,0.4286,0.2857,0.0,3,5.0
CUST02075,C02,2023-09-06,6,6,0,2700.35,450.06,19,2.0,7,CAT12,2025-05-04,2025-07-20,72,755,0.0,0.6667,0.5,0.5,2,4.5
CUST02076,C01,2025-08-17,3,3,0,1079.75,359.92,9,2.33,5,CAT12,2025-08-25,2025-09-15,15,44,0.0,0.3333,0.0,0.3333,0,
CUST02077,C03,2024-04-20,7,5,1,1603.60,320.72,16,1.6,6,CAT08,2025-04-09,2025-07-14,78,528,0.1429,0.4286,0.1429,0.2,2,4.0
CUST02078,C01,2024-04-27,1,0,1,0.00,,0,,0,,2025-08-29,,,521,1.0,0.0,0.0,,0,
CUST02079,C03,2025-05-07,5,5,0,4968.50,993.7,28,3.6,10,CAT19,2025-07-01,2025-09-20,10,146,0.0,0.6,0.4,0.2,2,4.0
CUST02080,C01,2025-07-12,2,2,0,1699.00,849.5,12,3.5,7,CAT13,2025-08-18,2025-09-25,5,80,0.0,0.5,0.0,0.0,0,
CUST02081,C03,2023-01-23,1,1,0,1572.75,1572.75,5,5.0,5,CAT18,2025-07-10,2025-07-10,82,981,0.0,0.0,0.0,1.0,0,
CUST02082,C03,2025-09-06,1,1,0,799.00,799.0,3,3.0,3,CAT14,2025-09-24,2025-09-24,6,24,0.0,0.0,0.0,0.0,0,
CUST02083,C03,2023-11-04,7,5,1,717.40,143.48,10,1.6,4,CAT03,2025-04-17,2025-08-28,33,696,0.1429,0.0,0.1429,0.4,4,4.5
CUST02084,C01,2024-04-19,3,3,0,1348.70,449.57,9,2.67,8,CAT19,2025-05-08,2025-09-07,23,529,0.0,0.3333,0.6667,1.0,0,
CUST02085,C02,2024-07-20,2,2,0,1945.00,972.5,3,1.5,2,CAT17,2025-04-22,2025-06-28,94,437,0.0,0.0,0.5,0.0,0,
CUST02086,C03,2024-10-11,6,5,1,3442.60,688.52,16,2.8,9,CAT16,2025-04-20,2025-09-14,16,354,0.1667,0.6667,0.8333,0.4,2,3.0
CUST02087,C02,2023-04-25,6,5,0,12042.20,2408.44,50,5.8,15,CAT15,2025-04-27,2025-09-16,14,889,0.0,0.0,0.1667,0.2,1,4.0
CUST02088,C02,2024-03-31,10,8,1,3451.70,431.46,31,3.13,12,CAT05,2025-04-05,2025-09-28,2,548,0.1,0.3,0.3,0.25,3,4.0
CUST02089,C01,2024-10-19,21,18,3,10173.35,565.19,88,3.5,17,CAT05,2025-04-17,2025-09-28,2,346,0.1429,0.1429,0.3333,0.1667,4,4.25
CUST02090,C02,2025-05-02,3,3,0,5130.40,1710.13,24,6.33,11,CAT15,2025-07-26,2025-08-09,52,151,0.0,0.3333,0.6667,0.6667,1,5.0
CUST02091,C02,2023-07-06,6,3,1,1913.75,637.92,9,2.0,5,CAT17,2025-04-19,2025-08-21,40,817,0.1667,0.0,0.5,0.3333,1,5.0
CUST02092,C01,2023-10-29,4,4,0,834.00,208.5,9,2.0,5,CAT08,2025-04-17,2025-07-18,74,702,0.0,0.5,0.25,0.0,0,
CUST02093,C02,2023-04-25,1,1,0,7780.00,7780.0,20,1.0,1,CAT10,2025-04-17,2025-04-17,166,889,0.0,1.0,0.0,0.0,0,
CUST02094,C03,2025-04-12,3,3,0,2675.00,891.67,17,3.67,9,CAT18,2025-04-12,2025-08-01,60,171,0.0,0.0,0.3333,0.0,0,
CUST02095,C01,2023-01-07,11,9,1,8912.00,990.22,37,3.22,13,CAT17,2025-04-11,2025-08-08,53,997,0.0909,0.2727,0.0909,0.0,1,2.0
CUST02096,C02,2025-07-25,2,2,0,2435.00,1217.5,12,5.0,8,CAT15,2025-08-24,2025-09-23,7,67,0.0,0.0,0.5,0.0,0,
CUST02097,C03,2024-12-24,6,4,1,3804.00,951.0,32,4.75,9,CAT05,2025-05-15,2025-06-27,95,280,0.1667,0.0,0.1667,0.0,1,4.0
CUST02098,C01,2023-06-15,10,9,0,4063.90,451.54,24,2.33,12,CAT17,2025-05-18,2025-09-21,9,838,0.0,0.4,0.5,0.1111,2,3.5
CUST02099,C02,2023-04-06,5,4,0,5410.20,1352.55,28,6.0,14,CAT15,2025-04-22,2025-09-21,9,908,0.0,0.2,0.6,0.25,1,3.0
CUST02100,C01,2023-02-19,1,1,0,1140.00,1140.0,4,3.0,2,CAT17,2025-05-18,2025-05-18,135,954,0.0,0.0,1.0,0.0,0,
CUST02101,C02,2025-05-29,1,1,0,872.50,872.5,8,5.0,5,CAT10,2025-07-05,2025-07-05,87,124,0.0,0.0,1.0,1.0,0,
CUST02102,C02,2024-11-24,4,4,0,3159.90,789.98,19,3.25,9,CAT15,2025-07-06,2025-08-23,38,310,0.0,0.0,0.75,0.25,1,1.0
CUST02103,C01,2024-07-14,1,1,0,838.00,838.0,3,3.0,3,CAT17,2025-09-30,2025-09-30,0,443,0.0,0.0,0.0,0.0,0,
CUST02104,C02,2023-05-11,7,6,0,4273.20,712.2,27,3.17,11,CAT05,2025-04-05,2025-08-15,46,873,0.0,0.1429,0.1429,0.1667,1,4.0
CUST02105,C02,2024-10-04,3,3,0,2733.00,911.0,18,4.0,7,CAT05,2025-04-11,2025-06-02,120,361,0.0,0.0,0.3333,0.0,1,5.0
CUST02106,C03,2024-05-08,3,3,0,4070.00,1356.67,13,3.0,7,CAT17,2025-06-28,2025-07-17,75,510,0.0,0.0,0.3333,0.0,0,
CUST02107,C03,2025-04-03,10,8,1,3074.10,384.26,18,1.88,7,CAT17,2025-04-11,2025-08-28,33,180,0.1,0.7,0.2,0.25,1,4.0
CUST02108,C02,2023-06-22,2,2,0,396.00,198.0,8,2.5,2,CAT07,2025-05-04,2025-06-02,120,831,0.0,1.0,0.5,0.0,0,
CUST02109,C02,2025-07-11,4,3,1,1557.00,519.0,12,4.0,8,CAT15,2025-08-18,2025-08-21,40,81,0.25,0.0,0.0,0.3333,1,5.0
CUST02110,C01,2025-02-20,1,1,0,964.00,964.0,5,3.0,3,CAT13,2025-04-15,2025-04-15,168,222,0.0,0.0,0.0,0.0,0,
CUST02111,C03,2023-10-18,1,1,0,348.00,348.0,2,2.0,2,CAT15,2025-06-12,2025-06-12,110,713,0.0,1.0,0.0,0.0,0,
CUST02112,C01,2024-10-25,11,10,0,10906.65,1090.67,59,3.5,13,CAT17,2025-04-03,2025-09-06,24,340,0.0,0.0909,0.4545,0.3,2,4.5
CUST02113,C03,2023-05-23,23,23,0,16644.20,723.66,120,4.0,17,CAT05,2025-04-04,2025-09-24,6,861,0.0,0.087,0.2174,0.2174,3,4.0
CUST02114,C02,2025-06-11,3,3,0,3692.50,1230.83,11,2.67,5,CAT17,2025-06-19,2025-08-01,60,111,0.0,0.0,0.0,0.3333,0,
CUST02115,C02,2024-02-03,6,6,0,7019.95,1169.99,37,4.33,11,CAT15,2025-04-09,2025-08-07,54,605,0.0,0.0,0.5,0.3333,3,3.33
CUST02116,C03,2024-07-02,1,1,0,306.00,306.0,1,1.0,1,CAT12,2025-08-24,2025-08-24,37,455,0.0,1.0,1.0,0.0,0,
CUST02117,C01,2025-09-25,0,0,0,0.00,,0,,0,,,,,5,,,,,0,
CUST02118,C02,2024-04-09,6,5,0,1662.30,332.46,12,1.4,5,CAT14,2025-04-14,2025-09-09,21,539,0.0,0.5,0.5,0.2,1,3.0
CUST02119,C03,2025-04-06,3,3,0,5267.85,1755.95,25,6.67,12,CAT13,2025-07-22,2025-08-22,39,177,0.0,0.0,0.0,0.3333,0,
CUST02120,C03,2023-02-09,6,6,0,4162.00,693.67,22,2.67,9,CAT08,2025-05-23,2025-08-22,39,964,0.0,0.5,0.1667,0.0,1,4.0
CUST02121,C03,2024-03-16,3,3,0,1271.00,423.67,7,2.33,6,CAT14,2025-07-12,2025-07-29,63,563,0.0,0.3333,0.3333,0.0,0,
CUST02122,C01,2025-05-20,9,7,1,4770.50,681.5,29,3.29,12,CAT05,2025-05-29,2025-09-02,28,133,0.1111,0.1111,0.2222,0.1429,1,5.0
CUST02123,C02,2023-05-04,7,6,1,2722.00,453.67,21,2.83,9,CAT05,2025-04-06,2025-08-31,30,880,0.1429,0.1429,0.5714,0.0,1,4.0
CUST02124,C01,2024-02-06,2,2,0,2065.00,1032.5,8,2.5,4,CAT17,2025-05-01,2025-09-24,6,602,0.0,0.5,0.0,0.0,0,
CUST02125,C01,2025-07-15,9,9,0,5711.00,634.56,43,3.44,13,CAT05,2025-08-12,2025-09-27,3,77,0.0,0.1111,0.3333,0.0,2,4.5
CUST02126,C03,2024-09-20,23,21,1,10470.50,498.6,94,3.33,16,CAT11,2025-04-08,2025-09-16,14,375,0.0435,0.2609,0.3043,0.4286,2,4.5
CUST02127,C01,2025-03-18,2,2,0,1498.55,749.28,8,4.0,7,CAT15,2025-05-04,2025-05-10,143,196,0.0,1.0,1.0,0.5,0,
CUST02128,C03,2023-01-28,6,5,0,2389.00,477.8,14,2.4,7,CAT17,2025-05-16,2025-08-31,30,976,0.0,0.3333,0.5,0.0,1,3.0
CUST02129,C03,2024-02-15,13,12,0,17400.20,1450.02,65,4.08,12,CAT15,2025-04-19,2025-09-21,9,593,0.0,0.2308,0.6923,0.1667,0,
CUST02130,C03,2023-10-11,5,5,0,14662.75,2932.55,45,5.8,12,CAT15,2025-05-01,2025-08-31,30,720,0.0,0.0,0.6,0.2,1,3.0
CUST02131,C01,2023-11-03,9,8,1,2253.65,281.71,20,1.88,11,CAT11,2025-04-23,2025-09-29,1,697,0.1111,0.7778,0.4444,0.25,1,3.0
CUST02132,C01,2023-05-13,7,5,1,10022.30,2004.46,35,4.6,9,CAT15,2025-05-04,2025-09-25,5,871,0.1429,0.2857,0.4286,0.2,2,4.5
CUST02133,C03,2025-01-04,4,3,1,1309.40,436.47,8,2.0,5,CAT03,2025-05-08,2025-06-25,97,269,0.25,0.25,0.0,0.3333,1,3.0
CUST02134,C02,2025-09-13,1,1,0,1012.00,1012.0,4,3.0,2,CAT08,2025-09-13,2025-09-13,17,17,0.0,1.0,1.0,0.0,0,
CUST02135,C02,2024-05-19,5,4,1,479.80,119.95,6,1.5,5,CAT15,2025-04-24,2025-07-10,82,499,0.2,0.8,0.0,0.25,1,5.0
CUST02136,C02,2024-08-25,11,11,0,7943.00,722.09,52,3.45,16,CAT17,2025-04-09,2025-09-18,12,401,0.0,0.3636,0.0909,0.2727,2,3.0
CUST02137,C01,2024-03-29,3,3,0,4778.00,1592.67,19,4.0,8,CAT15,2025-05-18,2025-09-05,25,550,0.0,0.0,0.3333,0.0,0,
CUST02138,C01,2025-03-08,4,3,1,2335.00,778.33,11,2.67,5,CAT19,2025-04-07,2025-06-19,103,206,0.25,0.25,0.0,0.0,1,4.0
CUST02139,C03,2025-04-18,1,1,0,746.00,746.0,3,3.0,3,CAT12,2025-05-15,2025-05-15,138,165,0.0,0.0,0.0,0.0,1,5.0
CUST02140,C01,2025-09-04,0,0,0,0.00,,0,,0,,,,,26,,,,,0,
CUST02141,C03,2023-01-31,2,2,0,576.00,288.0,8,3.0,5,CAT12,2025-05-15,2025-08-07,54,973,0.0,0.5,0.0,0.0,0,
CUST02142,C01,2023-12-18,8,6,1,4581.00,763.5,20,2.33,7,CAT19,2025-04-16,2025-09-28,2,652,0.125,0.5,0.375,0.0,1,5.0
CUST02143,C01,2025-07-01,3,3,0,4009.90,1336.63,19,3.67,7,CAT15,2025-07-03,2025-09-13,17,91,0.0,0.0,0.3333,0.6667,0,
CUST02144,C02,2024-10-07,3,3,0,5866.60,1955.53,26,7.0,11,CAT15,2025-05-18,2025-08-29,32,358,0.0,0.0,0.6667,0.3333,2,3.5
CUST02145,C01,2025-08-31,0,0,0,0.00,,0,,0,,,,,30,,,,,0,
CUST02146,C02,2024-04-23,1,1,0,1073.00,1073.0,8,6.0,5,CAT01,2025-05-19,2025-05-19,134,525,0.0,0.0,0.0,0.0,0,
CUST02147,C02,2025-04-22,3,3,0,758.00,252.67,12,3.0,5,CAT08,2025-09-03,2025-09-25,5,161,0.0,0.6667,0.3333,0.0,1,5.0
CUST02148,C01,2023-07-31,22,19,3,5842.55,307.5,43,1.68,17,CAT15,2025-04-01,2025-09-17,13,792,0.1364,0.6818,0.1818,0.1579,3,4.67
CUST02149,C01,2025-04-11,3,1,1,183.00,183.0,2,2.0,2,CAT14,2025-04-13,2025-04-13,170,172,0.3333,0.6667,0.6667,0.0,0,
CUST02150,C01,2024-01-23,7,7,0,3477.45,496.78,20,2.43,12,CAT10,2025-06-03,2025-08-30,31,616,0.0,0.2857,0.1429,0.5714,0,
CUST02151,C03,2023-05-25,11,10,1,10624.30,1062.43,52,3.5,13,CAT01,2025-04-04,2025-09-04,26,859,0.0909,0.0909,0.1818,0.3,5,4.8
CUST02152,C02,2025-08-28,3,3,0,2226.00,742.0,32,2.0,6,CAT03,2025-09-02,2025-09-19,11,33,0.0,0.6667,0.0,0.0,0,
CUST02153,C01,2025-09-29,0,0,0,0.00,,0,,0,,,,,1,,,,,0,
CUST02154,C02,2024-03-03,6,6,0,1667.00,277.83,16,1.83,7,CAT06,2025-04-07,2025-08-13,48,576,0.0,0.5,0.1667,0.0,1,4.0
CUST02155,C01,2025-03-09,1,1,0,143.10,143.1,1,1.0,1,CAT03,2025-07-02,2025-07-02,90,205,0.0,0.0,0.0,1.0,0,
CUST02156,C01,2024-08-22,7,6,0,3988.00,664.67,24,3.0,10,CAT17,2025-04-20,2025-09-20,10,404,0.0,0.1429,0.4286,0.0,2,4.5
CUST02157,C02,2025-09-07,4,4,0,2355.00,588.75,23,3.0,7,CAT05,2025-09-09,2025-09-25,5,23,0.0,0.5,0.25,0.0,0,
CUST02158,C02,2023-02-20,4,4,0,7787.50,1946.88,33,6.75,11,CAT05,2025-04-19,2025-09-27,3,953,0.0,0.25,0.75,0.5,0,
CUST02159,C01,2025-05-19,2,2,0,2040.00,1020.0,8,3.0,4,CAT01,2025-06-16,2025-09-01,29,134,0.0,0.0,0.0,0.0,0,
CUST02160,C03,2025-09-26,2,2,0,554.00,277.0,9,3.0,5,CAT11,2025-09-28,2025-09-29,1,4,0.0,0.0,0.5,0.0,1,3.0
CUST02161,C02,2025-09-29,0,0,0,0.00,,0,,0,,,,,1,,,,,0,
CUST02162,C01,2025-05-11,6,5,1,3969.00,793.8,25,3.8,12,CAT01,2025-05-18,2025-09-21,9,142,0.1667,0.1667,0.5,0.0,1,4.0
CUST02163,C02,2023-04-09,9,9,0,3599.25,399.92,24,1.89,12,CAT17,2025-04-07,2025-09-27,3,905,0.0,0.0,0.3333,0.1111,0,
CUST02164,C02,2023-08-11,3,3,0,6464.25,2154.75,20,4.0,9,CAT17,2025-05-07,2025-09-11,19,781,0.0,0.3333,0.0,0.3333,0,
CUST02165,C02,2025-07-07,0,0,0,0.00,,0,,0,,,,,85,,,,,0,
CUST02166,C02,2025-05-18,2,2,0,4179.60,2089.8,14,4.0,7,CAT17,2025-07-21,2025-09-16,14,135,0.0,0.5,0.0,0.5,1,2.0
CUST02167,C03,2023-06-22,3,2,1,1860.05,930.03,3,1.5,2,CAT16,2025-04-28,2025-08-02,59,831,0.3333,0.0,0.6667,0.5,0,
CUST02168,C03,2024-12-23,4,4,0,1968.15,492.04,14,2.25,7,CAT14,2025-06-01,2025-08-14,47,281,0.0,0.75,0.25,0.25,0,
CUST02169,C03,2024-04-26,3,3,0,3281.00,1093.67,21,4.67,9,CAT13,2025-07-07,2025-09-01,29,522,0.0,0.0,0.0,0.0,1,3.0
CUST02170,C03,2025-08-25,1,0,1,0.00,,0,,0,,2025-09-12,,,36,1.0,0.0,0.0,,0,
CUST02171,C02,2023-02-15,4,4,0,8167.50,2041.88,40,7.0,12,CAT15,2025-04-24,2025-07-28,64,958,0.0,0.25,0.5,0.5,2,4.5
CUST02172,C03,2024-06-05,3,3,0,1897.90,632.63,15,3.33,9,CAT03,2025-04-22,2025-07-20,72,482,0.0,0.6667,0.6667,0.3333,1,4.0
CUST02173,C03,2023-12-08,4,3,1,1690.80,563.6,4,1.33,4,CAT17,2025-05-26,2025-06-27,95,662,0.25,0.0,0.5,0.3333,0,
CUST02174,C02,2024-06-21,9,8,1,2721.00,340.13,25,1.63,10,CAT12,2025-04-25,2025-08-27,34,466,0.1111,0.7778,0.1111,0.0,1,4.0
CUST02175,C03,2023-09-13,8,8,0,3591.40,448.93,25,2.38,10,CAT15,2025-04-05,2025-09-25,5,748,0.0,0.0,0.625,0.375,1,5.0
CUST02176,C02,2025-07-17,3,2,1,860.00,430.0,9,3.5,4,CAT06,2025-08-15,2025-09-21,9,75,0.3333,0.3333,0.3333,0.0,0,
CUST02177,C01,2025-08-24,1,1,0,509.00,509.0,5,4.0,3,CAT12,2025-08-26,2025-08-26,35,37,0.0,1.0,0.0,0.0,0,
CUST02178,C02,2024-01-12,4,4,0,6253.00,1563.25,23,4.75,9,CAT15,2025-04-21,2025-07-18,74,627,0.0,0.25,0.25,0.0,0,
CUST02179,C01,2025-08-16,1,1,0,980.00,980.0,5,4.0,1,CAT05,2025-09-09,2025-09-09,21,45,0.0,0.0,0.0,0.0,0,
CUST02180,C01,2023-11-07,10,9,0,2498.00,277.56,23,1.67,10,CAT12,2025-05-21,2025-09-22,8,693,0.0,0.9,0.1,0.0,0,
CUST02181,C01,2024-11-06,16,14,2,13883.65,991.69,85,3.93,18,CAT17,2025-04-14,2025-09-22,8,328,0.125,0.25,0.125,0.2143,3,4.0
CUST02182,C01,2024-08-14,6,6,0,3211.60,535.27,20,2.17,10,CAT12,2025-05-08,2025-07-10,82,412,0.0,0.1667,0.3333,0.3333,1,5.0
CUST02183,C03,2023-03-28,9,9,0,10999.45,1222.16,51,4.0,13,CAT13,2025-04-27,2025-09-28,2,917,0.0,0.0,0.6667,0.3333,3,4.33
CUST02184,C02,2023-03-16,5,2,2,4203.00,2101.5,11,2.5,4,CAT17,2025-06-07,2025-07-09,83,929,0.4,0.6,0.2,0.5,1,2.0
CUST02185,C02,2023-09-21,11,9,1,6059.65,673.29,42,3.0,13,CAT17,2025-04-08,2025-09-28,2,740,0.0909,0.3636,0.3636,0.3333,1,5.0
CUST02186,C01,2025-06-22,1,1,0,105.50,105.5,3,3.0,2,CAT01,2025-07-07,2025-07-07,85,100,0.0,0.0,0.0,1.0,1,5.0
CUST02187,C03,2025-03-17,6,6,0,3966.00,661.0,22,2.5,9,CAT05,2025-04-02,2025-09-06,24,197,0.0,0.0,0.3333,0.0,2,3.0
CUST02188,C03,2023-11-14,0,0,0,0.00,,0,,0,,,,,686,,,,,0,
CUST02189,C02,2025-05-13,8,6,1,6281.00,1046.83,26,3.67,9,CAT14,2025-05-17,2025-08-16,45,140,0.125,0.25,0.75,0.0,0,
CUST02190,C02,2023-09-09,4,4,0,1375.00,343.75,10,1.75,5,CAT03,2025-06-02,2025-07-04,88,752,0.0,0.0,0.25,0.25,1,5.0
CUST02191,C01,2025-09-05,0,0,0,0.00,,0,,0,,,,,25,,,,,0,
CUST02192,C03,2023-03-25,12,9,2,5157.80,573.09,35,3.44,11,CAT05,2025-04-07,2025-09-20,10,920,0.1667,0.25,0.5,0.1111,3,4.0
CUST02193,C01,2023-02-20,6,6,0,2323.15,387.19,16,1.83,7,CAT13,2025-04-18,2025-08-16,45,953,0.0,0.6667,0.3333,0.3333,1,4.0
CUST02194,C01,2025-06-14,7,5,1,1273.65,254.73,11,1.8,6,CAT20,2025-06-27,2025-09-13,17,108,0.1429,0.7143,0.2857,0.4,1,3.0
CUST02195,C01,2024-02-29,9,9,0,3244.00,360.44,26,2.33,10,CAT17,2025-05-09,2025-08-26,35,579,0.0,0.6667,0.3333,0.4444,1,3.0
CUST02196,C01,2024-02-10,4,4,0,5036.00,1259.0,26,4.25,10,CAT13,2025-04-28,2025-09-04,26,598,0.0,0.25,0.0,0.0,0,
CUST02197,C01,2025-07-20,0,0,0,0.00,,0,,0,,,,,72,,,,,0,
CUST02198,C01,2024-08-07,3,2,0,4100.00,2050.0,8,3.0,4,CAT17,2025-04-20,2025-09-13,17,419,0.0,0.3333,0.6667,0.0,0,
CUST02199,C02,2025-07-04,5,5,0,2696.20,539.24,31,4.2,8,CAT03,2025-07-05,2025-09-01,29,88,0.0,0.2,0.2,0.2,1,4.0
CUST02200,C02,2025-01-23,6,6,0,6242.75,1040.46,40,5.17,14,CAT11,2025-04-01,2025-07-25,67,250,0.0,0.1667,0.0,0.1667,2,3.5
CUST02201,C02,2025-01-07,1,1,0,1663.00,1663.0,8,6.0,6,CAT16,2025-09-11,2025-09-11,19,266,0.0,0.0,0.0,0.0,0,
CUST02202,C01,2024-02-05,3,2,0,2706.00,1353.0,9,3.0,6,CAT16,2025-08-26,2025-08-27,34,603,0.0,0.0,0.3333,0.0,1,5.0
CUST02203,C03,2025-06-13,2,2,0,670.00,335.0,5,1.5,3,CAT18,2025-07-04,2025-09-25,5,109,0.0,1.0,0.0,0.0,0,
CUST02204,C01,2025-09-14,1,1,0,573.20,573.2,4,2.0,2,CAT05,2025-09-16,2025-09-16,14,16,0.0,1.0,0.0,1.0,0,
CUST02205,C01,2023-12-09,9,8,1,2373.30,296.66,16,1.75,7,CAT17,2025-04-06,2025-09-27,3,661,0.1111,0.2222,0.5556,0.25,1,5.0
CUST02206,C02,2025-06-01,8,8,0,3623.80,452.98,22,1.75,9,CAT15,2025-06-07,2025-09-21,9,121,0.0,0.625,0.75,0.25,0,
CUST02207,C03,2023-03-12,1,1,0,901.00,901.0,3,3.0,3,CAT10,2025-04-06,2025-04-06,177,933,0.0,0.0,1.0,0.0,0,
CUST02208,C01,2023-03-18,8,6,2,3863.50,643.92,25,3.0,11,CAT15,2025-04-08,2025-09-03,27,927,0.25,0.125,0.375,0.1667,1,5.0
CUST02209,C03,2025-05-16,2,1,1,133.00,133.0,2,2.0,2,CAT05,2025-05-16,2025-05-16,137,137,0.5,0.0,0.5,0.0,0,
CUST02210,C02,2024-07-01,3,3,0,861.60,287.2,6,1.67,4,CAT13,2025-04-12,2025-06-26,96,456,0.0,0.0,0.3333,0.3333,1,5.0
CUST02211,C02,2024-10-16,1,1,0,1098.00,1098.0,3,3.0,3,CAT10,2025-05-09,2025-05-09,144,349,0.0,0.0,0.0,0.0,0,
CUST02212,C01,2024-03-13,14,13,1,9062.80,697.14,65,4.38,18,CAT17,2025-04-06,2025-09-24,6,566,0.0714,0.0714,0.1429,0.0769,2,5.0
CUST02213,C02,2023-08-21,7,5,2,5439.75,1087.95,16,1.8,8,CAT17,2025-04-04,2025-08-29,32,771,0.2857,0.2857,0.1429,0.2,1,5.0
CUST02214,C02,2023-06-19,8,8,0,4684.80,585.6,46,4.0,12,CAT03,2025-04-28,2025-08-28,33,834,0.0,0.625,0.25,0.125,1,4.0
CUST02215,C03,2023-11-18,5,5,0,827.00,165.4,12,1.8,6,CAT05,2025-05-08,2025-09-12,18,682,0.0,0.8,0.0,0.0,0,
CUST02216,C02,2023-10-25,13,12,0,11927.00,993.92,45,2.92,13,CAT17,2025-04-09,2025-09-29,1,706,0.0,0.2308,0.0769,0.1667,2,3.0
CUST02217,C01,2024-04-08,5,4,0,4096.60,1024.15,21,2.75,8,CAT05,2025-04-02,2025-06-21,101,540,0.0,0.0,0.4,0.25,1,4.0
CUST02218,C01,2025-07-04,2,1,0,251.00,251.0,1,1.0,1,CAT08,2025-08-03,2025-09-11,19,88,0.0,0.5,0.5,0.0,0,
CUST02219,C03,2023-12-09,7,4,2,1516.00,379.0,10,1.75,7,CAT17,2025-05-25,2025-09-18,12,661,0.2857,0.1429,0.2857,0.0,0,
CUST02220,C02,2024-01-19,7,7,0,12668.50,1809.79,59,5.71,16,CAT15,2025-04-20,2025-09-20,10,620,0.0,0.2857,0.4286,0.2857,1,3.0
CUST02221,C02,2025-02-18,10,9,1,6147.00,683.0,44,3.89,14,CAT05,2025-04-27,2025-09-10,20,224,0.1,0.2,0.3,0.0,0,
CUST02222,C01,2023-01-18,2,1,0,315.00,315.0,2,2.0,2,CAT13,2025-05-30,2025-08-28,33,986,0.0,0.0,0.0,0.0,0,
CUST02223,C03,2023-01-09,4,4,0,1694.65,423.66,11,2.5,9,CAT17,2025-05-08,2025-08-03,58,995,0.0,0.0,0.5,0.5,0,
CUST02224,C03,2024-03-23,19,18,1,11197.50,622.08,87,3.39,19,CAT03,2025-04-11,2025-09-25,5,556,0.0526,0.3158,0.3158,0.2778,3,3.67
CUST02225,C01,2025-08-19,3,3,0,2149.00,716.33,14,3.67,9,CAT17,2025-08-20,2025-09-14,16,42,0.0,0.0,0.3333,0.0,0,
CUST02226,C03,2023-04-30,5,5,0,1497.00,299.4,17,2.0,5,CAT12,2025-04-05,2025-09-10,20,884,0.0,0.4,0.4,0.0,0,
CUST02227,C03,2025-05-31,2,2,0,2379.00,1189.5,15,5.0,8,CAT15,2025-08-28,2025-09-12,18,122,0.0,0.0,0.0,0.0,0,
CUST02228,C03,2024-02-03,2,1,0,161.80,161.8,3,2.0,2,CAT04,2025-07-06,2025-07-06,86,605,0.0,0.0,1.0,1.0,0,
CUST02229,C03,2025-08-07,8,7,1,5798.80,828.4,36,3.29,10,CAT05,2025-08-15,2025-09-30,0,54,0.125,0.375,0.375,0.1429,3,4.33
CUST02230,C03,2024-05-31,1,0,1,0.00,,0,,0,,2025-08-24,,,487,1.0,1.0,1.0,,0,
CUST02231,C01,2023-02-03,4,4,0,2297.00,574.25,43,1.75,5,CAT12,2025-06-10,2025-06-20,102,970,0.0,0.75,0.0,0.0,0,
CUST02232,C01,2023-11-25,7,5,2,2594.40,518.88,22,2.4,6,CAT08,2025-06-21,2025-08-30,31,675,0.2857,0.1429,0.5714,0.2,2,3.5
CUST02233,C02,2024-11-26,8,7,1,12638.00,1805.43,54,5.71,13,CAT10,2025-04-25,2025-08-30,31,308,0.125,0.125,0.375,0.0,1,3.0
CUST02234,C01,2024-05-08,8,6,1,15081.40,2513.57,60,6.0,10,CAT10,2025-04-12,2025-09-22,8,510,0.125,0.125,0.375,0.1667,2,4.5
CUST02235,C01,2023-02-22,7,7,0,2197.05,313.86,20,2.0,9,CAT10,2025-04-04,2025-09-03,27,951,0.0,0.7143,0.1429,0.1429,0,
CUST02236,C03,2025-05-17,5,5,0,3903.00,780.6,19,1.8,6,CAT17,2025-06-10,2025-08-21,40,136,0.0,0.4,0.2,0.2,1,5.0
CUST02237,C01,2025-08-07,1,1,0,201.00,201.0,6,3.0,3,CAT06,2025-08-18,2025-08-18,43,54,0.0,0.0,0.0,1.0,0,
CUST02238,C02,2023-10-19,11,10,1,16769.00,1676.9,75,5.3,18,CAT15,2025-04-10,2025-08-30,31,712,0.0909,0.3636,0.3636,0.0,2,3.0
CUST02239,C01,2023-04-20,9,9,0,3319.80,368.87,21,1.89,9,CAT10,2025-04-09,2025-09-16,14,894,0.0,0.8889,0.1111,0.1111,1,5.0
CUST02240,C01,2025-05-26,5,5,0,4012.00,802.4,22,2.6,9,CAT18,2025-06-01,2025-08-02,59,127,0.0,0.0,0.6,0.2,0,
CUST02241,C03,2023-07-07,6,5,0,2050.60,410.12,13,2.0,7,CAT17,2025-04-01,2025-08-24,37,816,0.0,0.6667,0.1667,0.2,1,4.0
CUST02242,C01,2024-09-04,8,5,2,3230.00,646.0,22,2.6,8,CAT16,2025-04-21,2025-09-28,2,391,0.25,0.125,0.25,0.0,1,3.0
CUST02243,C01,2024-01-19,9,9,0,11791.10,1310.12,58,4.44,14,CAT13,2025-04-20,2025-09-11,19,620,0.0,0.1111,0.2222,0.3333,1,4.0
CUST02244,C02,2023-04-19,2,1,1,710.00,710.0,3,3.0,3,CAT18,2025-05-30,2025-05-30,123,895,0.5,0.0,0.0,0.0,0,
CUST02245,C02,2025-07-11,2,2,0,2413.00,1206.5,9,3.5,5,CAT19,2025-07-12,2025-07-16,76,81,0.0,0.0,0.5,0.0,0,
CUST02246,C03,2023-02-20,7,4,2,1234.20,308.55,10,2.0,7,CAT17,2025-04-08,2025-09-30,0,953,0.2857,0.7143,0.2857,0.25,1,4.0
CUST02247,C02,2025-04-13,2,2,0,1643.50,821.75,13,5.0,6,CAT05,2025-04-30,2025-08-16,45,170,0.0,0.0,0.5,0.5,0,
CUST02248,C03,2025-09-24,0,0,0,0.00,,0,,0,,,,,6,,,,,0,
CUST02249,C01,2025-05-28,1,1,0,83.30,83.3,1,1.0,1,CAT11,2025-07-25,2025-07-25,67,125,0.0,1.0,0.0,1.0,0,
CUST02250,C01,2024-05-20,2,1,1,133.20,133.2,2,2.0,2,CAT06,2025-04-07,2025-05-29,124,498,0.5,0.0,0.0,1.0,1,1.0
CUST02251,C02,2023-11-06,10,8,0,8485.00,1060.63,44,3.5,10,CAT11,2025-05-11,2025-09-26,4,694,0.0,0.3,0.1,0.0,0,
CUST02252,C02,2023-12-28,11,9,1,6561.20,729.02,47,3.44,14,CAT11,2025-04-02,2025-09-17,13,642,0.0909,0.1818,0.2727,0.1111,3,3.67
CUST02253,C02,2024-06-17,4,4,0,1338.00,334.5,13,2.25,6,CAT05,2025-04-18,2025-09-15,15,470,0.0,0.0,0.25,0.0,0,
CUST02254,C02,2025-06-04,0,0,0,0.00,,0,,0,,,,,118,,,,,0,
CUST02255,C02,2024-02-03,1,1,0,851.00,851.0,5,2.0,2,CAT10,2025-04-24,2025-04-24,159,605,0.0,1.0,0.0,1.0,1,5.0
CUST02256,C03,2023-09-07,14,11,1,5945.90,540.54,52,3.64,14,CAT11,2025-04-08,2025-09-26,4,754,0.0714,0.2857,0.2143,0.2727,0,
CUST02257,C01,2023-12-22,5,5,0,3453.20,690.64,11,1.6,8,CAT17,2025-05-22,2025-08-14,47,648,0.0,0.6,0.0,0.2,2,4.5
CUST02258,C03,2025-04-12,5,5,0,3326.20,665.24,21,2.4,8,CAT10,2025-05-23,2025-09-04,26,171,0.0,1.0,0.2,0.2,0,
CUST02259,C03,2025-05-12,3,3,0,3703.00,1234.33,27,5.33,10,CAT15,2025-05-13,2025-09-28,2,141,0.0,0.0,0.3333,0.0,1,4.0
CUST02260,C02,2025-02-27,6,5,1,3899.00,779.8,18,2.2,7,CAT11,2025-04-23,2025-08-23,38,215,0.1667,0.3333,0.1667,0.0,0,
CUST02261,C01,2023-11-27,2,1,1,1392.00,1392.0,8,7.0,7,CAT05,2025-05-19,2025-05-19,134,673,0.5,0.0,0.5,0.0,1,4.0
CUST02262,C02,2025-09-26,0,0,0,0.00,,0,,0,,,,,4,,,,,0,
CUST02263,C03,2024-05-08,4,3,0,1697.00,565.67,15,3.67,7,CAT18,2025-04-10,2025-09-01,29,510,0.0,0.25,0.0,0.0,0,
CUST02264,C03,2025-05-30,10,9,0,5830.00,647.78,32,2.89,13,CAT11,2025-06-09,2025-09-19,11,123,0.0,0.1,0.1,0.0,2,3.5
CUST02265,C02,2023-01-02,2,2,0,574.00,287.0,4,2.0,4,CAT13,2025-06-20,2025-09-11,19,1002,0.0,0.0,0.0,0.0,2,3.0
CUST02266,C02,2024-06-18,4,4,0,1125.00,281.25,10,1.5,5,CAT15,2025-05-08,2025-08-08,53,469,0.0,0.5,0.25,0.0,0,
CUST02267,C01,2025-02-26,6,6,0,3213.75,535.63,22,2.17,9,CAT18,2025-04-02,2025-09-19,11,216,0.0,0.1667,0.1667,0.1667,1,4.0
CUST02268,C01,2025-05-07,4,4,0,1524.20,381.05,12,2.5,7,CAT03,2025-07-08,2025-09-23,7,146,0.0,0.0,0.0,0.25,0,
CUST02269,C02,2023-08-05,4,4,0,5569.00,1392.25,18,3.5,7,CAT17,2025-04-05,2025-07-17,75,787,0.0,0.5,0.25,0.0,1,2.0
CUST02270,C03,2023-04-18,14,13,1,11433.00,879.46,77,4.0,17,CAT01,2025-04-15,2025-09-29,1,896,0.0714,0.2143,0.2857,0.0,1,4.0
CUST02271,C02,2023-03-27,38,35,1,32911.85,940.34,204,3.57,18,CAT05,2025-04-03,2025-09-15,15,918,0.0263,0.2895,0.3421,0.1714,3,4.0
CUST02272,C03,2023-10-14,3,3,0,1703.00,567.67,6,1.67,5,CAT14,2025-06-05,2025-08-19,42,717,0.0,0.3333,0.0,0.0,0,
CUST02273,C03,2025-07-16,3,3,0,1642.00,547.33,10,2.33,7,CAT17,2025-07-27,2025-09-20,10,76,0.0,0.0,0.6667,0.0,0,
CUST02274,C01,2023-12-30,11,11,0,17309.00,1573.55,85,5.36,17,CAT13,2025-04-05,2025-09-20,10,640,0.0,0.0909,0.6364,0.0,4,3.75
CUST02275,C01,2024-10-26,0,0,0,0.00,,0,,0,,,,,339,,,,,0,
CUST02276,C03,2025-05-22,7,6,0,912.30,152.05,14,1.67,6,CAT18,2025-05-29,2025-09-16,14,131,0.0,0.4286,0.2857,0.3333,1,5.0
CUST02277,C02,2025-01-08,23,21,1,12679.85,603.8,100,3.43,18,CAT05,2025-04-07,2025-09-28,2,265,0.0435,0.1739,0.2609,0.2381,4,4.25
CUST02278,C03,2024-01-11,2,2,0,3433.00,1716.5,10,2.5,4,CAT17,2025-06-14,2025-08-30,31,628,0.0,0.5,1.0,0.0,1,4.0
CUST02279,C02,2024-09-30,17,15,2,11831.70,788.78,70,3.47,17,CAT03,2025-04-05,2025-09-13,17,365,0.1176,0.2353,0.3529,0.3333,2,4.0
CUST02280,C03,2023-02-04,1,1,0,989.00,989.0,3,3.0,3,CAT15,2025-09-16,2025-09-16,14,969,0.0,0.0,0.0,0.0,0,
CUST02281,C03,2025-02-25,4,4,0,1771.80,442.95,13,2.25,6,CAT19,2025-04-24,2025-09-04,26,217,0.0,0.25,0.25,0.25,1,4.0
CUST02282,C03,2023-10-10,13,8,5,11082.00,1385.25,47,3.75,10,CAT15,2025-04-16,2025-08-25,36,721,0.3846,0.1538,0.3846,0.0,1,3.0
CUST02283,C02,2023-01-24,5,5,0,11065.00,2213.0,33,4.8,12,CAT15,2025-05-18,2025-09-04,26,980,0.0,0.2,0.6,0.0,1,5.0
CUST02284,C03,2023-10-01,10,10,0,4481.00,448.1,38,2.9,13,CAT12,2025-04-20,2025-09-18,12,730,0.0,0.2,0.3,0.0,0,
CUST02285,C02,2023-06-22,2,2,0,1083.20,541.6,7,2.0,3,CAT19,2025-05-10,2025-09-20,10,831,0.0,0.5,1.0,0.5,0,
CUST02286,C02,2025-05-18,14,10,2,17179.10,1717.91,69,5.0,16,CAT15,2025-05-27,2025-09-28,2,135,0.1429,0.2143,0.6429,0.1,2,4.0
CUST02287,C03,2023-02-27,14,13,0,6725.85,517.37,48,2.62,14,CAT05,2025-04-16,2025-08-26,35,946,0.0,0.1429,0.3571,0.3077,2,3.0
CUST02288,C03,2023-10-21,8,7,0,3795.40,542.2,27,2.71,9,CAT08,2025-04-04,2025-09-08,22,710,0.0,0.5,0.25,0.2857,3,4.67
CUST02289,C02,2025-01-17,6,6,0,13731.30,2288.55,55,6.33,11,CAT13,2025-05-15,2025-09-04,26,256,0.0,0.3333,0.1667,0.1667,2,5.0
CUST02290,C01,2025-01-18,9,9,0,5402.50,600.28,50,4.11,11,CAT05,2025-04-05,2025-09-26,4,255,0.0,0.2222,0.2222,0.1111,1,5.0
CUST02291,C01,2025-04-23,3,1,1,605.00,605.0,4,4.0,4,CAT15,2025-05-25,2025-05-25,128,160,0.3333,0.0,0.6667,0.0,0,
CUST02292,C02,2024-07-29,1,0,0,0.00,,0,,0,,2025-07-29,,,428,0.0,0.0,0.0,,0,
CUST02293,C02,2024-08-07,6,5,1,8102.70,1620.54,28,4.0,9,CAT10,2025-05-11,2025-09-13,17,419,0.1667,0.3333,0.5,0.4,1,4.0
CUST02294,C01,2025-02-28,1,1,0,1172.00,1172.0,6,3.0,2,CAT08,2025-04-11,2025-04-11,172,214,0.0,0.0,0.0,0.0,0,
CUST02295,C02,2025-09-21,0,0,0,0.00,,0,,0,,,,,9,,,,,0,
CUST02296,C01,2024-01-03,9,9,0,8635.75,959.53,36,2.33,12,CAT19,2025-04-26,2025-09-26,4,636,0.0,0.2222,0.2222,0.1111,1,4.0
CUST02297,C02,2023-09-16,7,7,0,4371.10,624.44,18,2.0,8,CAT17,2025-04-13,2025-08-28,33,745,0.0,0.1429,0.4286,0.1429,2,4.5
CUST02298,C03,2025-02-06,8,8,0,14403.60,1800.45,64,6.25,13,CAT10,2025-04-08,2025-08-30,31,236,0.0,0.125,0.375,0.25,1,5.0
CUST02299,C03,2024-08-31,4,4,0,4476.20,1119.05,23,4.0,9,CAT13,2025-04-06,2025-07-28,64,395,0.0,0.0,0.5,0.25,0,
CUST02300,C01,2025-02-25,14,14,0,24553.40,1753.81,91,3.07,15,CAT17,2025-04-04,2025-09-04,26,217,0.0,0.2857,0.3571,0.0714,0,
CUST02301,C02,2025-06-25,6,5,1,1443.00,288.6,11,2.0,9,CAT12,2025-07-05,2025-09-09,21,97,0.1667,0.5,0.1667,0.0,0,
CUST02302,C01,2023-07-09,3,2,1,1299.00,649.5,9,4.5,6,CAT10,2025-04-13,2025-06-14,108,814,0.3333,0.3333,0.6667,0.0,0,
CUST02303,C02,2025-01-11,3,3,0,1267.30,422.43,9,2.33,6,CAT08,2025-07-13,2025-07-29,63,262,0.0,0.3333,0.3333,0.6667,0,
CUST02304,C02,2024-10-11,9,6,2,2220.00,370.0,18,2.33,10,CAT20,2025-04-16,2025-09-13,17,354,0.2222,0.3333,0.3333,0.0,2,4.0
CUST02305,C03,2025-04-06,3,3,0,410.00,136.67,5,1.33,3,CAT12,2025-04-09,2025-09-29,1,177,0.0,0.6667,0.0,0.0,1,3.0
CUST02306,C03,2025-07-31,0,0,0,0.00,,0,,0,,,,,61,,,,,0,
CUST02307,C02,2023-08-27,5,4,1,1838.05,459.51,16,3.0,7,CAT12,2025-04-11,2025-09-14,16,765,0.2,0.4,0.4,0.5,2,5.0
CUST02308,C02,2024-10-03,3,3,0,4589.25,1529.75,23,5.67,10,CAT13,2025-05-16,2025-06-07,115,362,0.0,0.0,0.6667,0.3333,0,
CUST02309,C01,2025-08-03,3,3,0,5851.00,1950.33,27,5.33,10,CAT15,2025-08-17,2025-09-26,4,58,0.0,0.3333,0.3333,0.0,0,
CUST02310,C03,2025-09-16,1,1,0,1037.00,1037.0,3,3.0,3,CAT10,2025-09-20,2025-09-20,10,14,0.0,0.0,1.0,0.0,1,1.0
CUST02311,C03,2025-09-22,1,1,0,42.00,42.0,1,1.0,1,CAT02,2025-09-29,2025-09-29,1,8,0.0,1.0,0.0,0.0,0,
CUST02312,C01,2025-07-14,1,1,0,715.00,715.0,6,5.0,4,CAT05,2025-09-29,2025-09-29,1,78,0.0,0.0,0.0,0.0,1,5.0
CUST02313,C01,2023-11-21,1,1,0,143.20,143.2,1,1.0,1,CAT20,2025-06-28,2025-06-28,94,679,0.0,1.0,1.0,1.0,0,
CUST02314,C02,2024-08-05,10,8,1,6266.30,783.29,41,3.75,14,CAT15,2025-04-01,2025-09-18,12,421,0.1,0.3,0.1,0.25,1,3.0
CUST02315,C03,2025-08-19,0,0,0,0.00,,0,,0,,,,,42,,,,,0,
CUST02316,C03,2023-04-30,2,2,0,2363.00,1181.5,13,6.0,8,CAT15,2025-04-04,2025-04-24,159,884,0.0,0.5,0.0,0.0,0,
CUST02317,C02,2025-03-18,21,20,1,12458.30,622.92,83,3.05,16,CAT05,2025-04-08,2025-09-27,3,196,0.0476,0.0952,0.4762,0.15,7,4.57
CUST02318,C01,2025-07-17,2,2,0,295.00,147.5,6,2.0,3,CAT02,2025-09-10,2025-09-24,6,75,0.0,0.0,0.0,0.0,0,
CUST02319,C03,2023-12-01,3,1,1,3493.00,3493.0,10,7.0,6,CAT15,2025-05-24,2025-09-01,29,669,0.3333,0.0,0.3333,0.0,0,
CUST02320,C02,2024-09-06,25,21,2,30509.00,1452.81,138,4.95,20,CAT15,2025-04-07,2025-09-28,2,389,0.08,0.08,0.48,0.2381,6,4.0
CUST02321,C03,2024-12-13,4,3,0,2337.00,779.0,16,2.67,5,CAT01,2025-04-07,2025-08-03,58,291,0.0,0.5,0.5,0.0,0,
CUST02322,C02,2023-04-15,3,1,2,507.00,507.0,4,2.0,2,CAT06,2025-04-27,2025-04-27,156,899,0.6667,0.3333,0.6667,0.0,0,
CUST02323,C03,2025-06-11,1,1,0,1794.00,1794.0,14,8.0,6,CAT03,2025-07-31,2025-07-31,61,111,0.0,0.0,0.0,0.0,0,
CUST02324,C02,2024-09-08,1,1,0,224.00,224.0,2,2.0,2,CAT03,2025-07-13,2025-07-13,79,387,0.0,0.0,1.0,0.0,0,
CUST02325,C01,2023-09-28,4,3,1,2998.00,999.33,18,4.33,11,CAT15,2025-05-04,2025-06-07,115,733,0.25,0.0,1.0,0.0,1,3.0
CUST02326,C01,2025-08-15,0,0,0,0.00,,0,,0,,,,,46,,,,,0,
CUST02327,C02,2024-12-06,13,11,1,2915.00,265.0,21,1.55,9,CAT17,2025-04-03,2025-09-28,2,298,0.0769,0.5385,0.3077,0.0,1,5.0
CUST02328,C02,2023-04-18,1,1,0,273.00,273.0,3,2.0,2,CAT12,2025-07-18,2025-07-18,74,896,0.0,1.0,0.0,0.0,0,
CUST02329,C02,2023-11-17,3,3,0,2230.00,743.33,14,2.67,7,CAT05,2025-06-03,2025-08-19,42,683,0.0,0.0,0.0,0.0,2,4.5
CUST02330,C01,2023-11-02,0,0,0,0.00,,0,,0,,,,,698,,,,,0,
CUST02331,C01,2025-02-19,8,6,1,2138.15,356.36,24,3.0,9,CAT05,2025-04-12,2025-08-03,58,223,0.125,0.25,0.5,0.5,1,3.0
CUST02332,C02,2024-08-11,6,5,1,5163.00,1032.6,16,2.6,7,CAT19,2025-04-10,2025-07-08,84,415,0.1667,0.3333,0.5,0.0,1,5.0
CUST02333,C02,2024-11-18,1,1,0,88.00,88.0,2,1.0,1,CAT09,2025-06-25,2025-06-25,97,316,0.0,1.0,0.0,0.0,0,
CUST02334,C01,2024-05-27,4,4,0,2175.40,543.85,18,3.25,9,CAT12,2025-04-01,2025-07-19,73,491,0.0,0.0,0.25,0.25,1,4.0
CUST02335,C01,2025-05-14,5,5,0,7994.30,1598.86,26,3.2,12,CAT17,2025-05-14,2025-08-22,39,139,0.0,0.2,0.4,0.2,1,3.0
CUST02336,C02,2023-06-22,6,5,0,10967.00,2193.4,33,5.0,11,CAT17,2025-04-04,2025-09-27,3,831,0.0,0.3333,0.8333,0.0,0,
CUST02337,C02,2024-01-13,17,15,1,11428.70,761.91,74,3.47,15,CAT05,2025-04-14,2025-09-29,1,626,0.0588,0.1765,0.4118,0.2,5,3.2
CUST02338,C03,2023-04-30,8,6,2,7712.40,1285.4,27,3.33,14,CAT17,2025-04-05,2025-08-11,50,884,0.25,0.125,0.375,0.1667,0,
CUST02339,C01,2023-06-22,6,6,0,8266.00,1377.67,42,4.5,10,CAT15,2025-05-09,2025-07-29,63,831,0.0,0.1667,0.0,0.0,0,
CUST02340,C03,2025-07-04,2,1,0,338.00,338.0,4,4.0,4,CAT01,2025-07-21,2025-09-08,22,88,0.0,0.0,0.0,0.0,1,4.0
CUST02341,C02,2025-02-21,7,6,0,5830.20,971.7,36,4.5,12,CAT17,2025-04-06,2025-09-09,21,221,0.0,0.0,0.4286,0.3333,2,4.5
CUST02342,C01,2023-02-13,7,6,1,5717.20,952.87,36,4.33,13,CAT19,2025-04-01,2025-06-03,119,960,0.1429,0.2857,0.2857,0.1667,3,3.33
CUST02343,C01,2025-06-17,9,7,0,4427.00,632.43,26,2.14,7,CAT05,2025-06-23,2025-09-26,4,105,0.0,0.2222,0.0,0.1429,0,
CUST02344,C02,2024-03-08,2,2,0,123.80,61.9,4,1.5,3,CAT02,2025-05-09,2025-05-26,127,571,0.0,0.5,0.0,0.5,0,
CUST02345,C03,2024-05-27,10,10,0,8095.00,809.5,48,3.7,13,CAT05,2025-04-02,2025-09-16,14,491,0.0,0.1,0.3,0.0,2,3.0
CUST02346,C03,2023-10-28,2,2,0,368.00,184.0,3,1.5,3,CAT10,2025-06-30,2025-09-04,26,703,0.0,0.5,0.0,0.0,0,
CUST02347,C03,2025-06-14,3,2,0,1675.00,837.5,9,3.0,4,CAT05,2025-06-27,2025-07-20,72,108,0.0,0.3333,0.6667,0.0,1,4.0
CUST02348,C01,2023-10-04,19,16,2,13952.60,872.04,87,3.94,15,CAT11,2025-04-02,2025-09-05,25,727,0.1053,0.2632,0.1053,0.1875,2,4.5
CUST02349,C03,2025-07-01,1,1,0,196.00,196.0,5,3.0,2,CAT06,2025-08-11,2025-08-11,50,91,0.0,0.0,0.0,0.0,0,
CUST02350,C02,2024-10-07,2,2,0,779.70,389.85,5,2.0,3,CAT10,2025-04-16,2025-06-12,110,358,0.0,0.5,0.0,0.5,0,
CUST02351,C03,2025-04-06,11,11,0,17500.10,1590.92,84,4.55,19,CAT15,2025-05-06,2025-09-28,2,177,0.0,0.1818,0.5455,0.1818,4,4.75
CUST02352,C01,2025-06-09,0,0,0,0.00,,0,,0,,,,,113,,,,,0,
CUST02353,C01,2023-07-11,1,1,0,161.50,161.5,2,1.0,1,CAT11,2025-08-18,2025-08-18,43,812,0.0,0.0,0.0,1.0,0,
CUST02354,C03,2024-10-07,5,3,1,1302.00,434.0,5,1.33,4,CAT15,2025-04-26,2025-08-16,45,358,0.2,0.6,0.6,0.0,0,
CUST02355,C03,2023-03-13,12,11,0,11916.40,1083.31,68,4.09,16,CAT15,2025-04-21,2025-09-26,4,932,0.0,0.0,0.1667,0.0909,2,4.0
CUST02356,C01,2025-02-11,7,5,2,6908.00,1381.6,27,3.8,10,CAT15,2025-04-05,2025-06-29,93,231,0.2857,0.1429,0.5714,0.2,0,
CUST02357,C02,2025-03-01,4,4,0,8723.40,2180.85,34,5.0,9,CAT15,2025-04-04,2025-06-27,95,213,0.0,0.5,0.5,0.25,0,
CUST02358,C02,2024-04-24,5,3,2,2077.00,692.33,15,3.0,7,CAT17,2025-04-15,2025-05-24,129,524,0.4,0.2,0.4,0.0,0,
CUST02359,C03,2024-03-12,5,5,0,8912.00,1782.4,32,4.6,10,CAT15,2025-04-27,2025-09-26,4,567,0.0,0.0,0.6,0.0,1,3.0
CUST02360,C01,2024-05-17,2,1,0,63.00,63.0,2,2.0,2,CAT02,2025-06-27,2025-06-27,95,501,0.0,0.5,0.0,0.0,1,5.0
CUST02361,C02,2024-01-27,4,4,0,9377.00,2344.25,37,6.75,8,CAT15,2025-04-12,2025-09-24,6,612,0.0,0.25,0.5,0.0,0,
CUST02362,C01,2024-12-06,9,8,1,20877.80,2609.73,66,5.63,14,CAT17,2025-04-19,2025-08-10,51,298,0.1111,0.0,0.6667,0.25,0,
CUST02363,C01,2025-05-02,8,8,0,7680.00,960.0,35,2.88,9,CAT01,2025-05-14,2025-09-14,16,151,0.0,0.25,0.25,0.0,1,1.0
CUST02364,C02,2025-05-04,7,5,2,4110.80,822.16,28,4.2,11,CAT05,2025-06-03,2025-08-12,49,149,0.2857,0.1429,0.0,0.4,0,
CUST02365,C03,2024-12-10,1,1,0,242.00,242.0,3,2.0,2,CAT04,2025-07-20,2025-07-20,72,294,0.0,0.0,1.0,0.0,0,
CUST02366,C01,2025-02-16,9,8,0,7761.30,970.16,53,4.75,13,CAT17,2025-04-21,2025-08-20,41,226,0.0,0.0,0.2222,0.5,1,3.0
CUST02367,C03,2024-10-16,7,7,0,6382.00,911.71,26,2.43,9,CAT19,2025-05-12,2025-09-20,10,349,0.0,0.1429,0.2857,0.0,0,
CUST02368,C03,2025-09-01,1,1,0,2049.00,2049.0,7,5.0,4,CAT10,2025-09-07,2025-09-07,23,29,0.0,1.0,1.0,0.0,1,4.0
CUST02369,C02,2023-11-29,3,3,0,1264.85,421.62,11,2.33,4,CAT10,2025-06-10,2025-09-04,26,671,0.0,0.0,0.0,0.3333,0,
CUST02370,C03,2023-11-28,5,4,0,826.10,206.53,9,2.0,7,CAT13,2025-04-16,2025-07-10,82,672,0.0,0.2,0.2,0.25,0,
CUST02371,C03,2024-09-19,6,5,0,4006.00,801.2,26,4.2,10,CAT11,2025-04-26,2025-08-02,59,376,0.0,0.0,0.5,0.0,1,4.0
CUST02372,C03,2023-07-16,1,1,0,1057.00,1057.0,7,4.0,4,CAT18,2025-09-07,2025-09-07,23,807,0.0,1.0,1.0,0.0,0,
CUST02373,C01,2024-08-31,15,13,1,12218.00,939.85,43,2.46,14,CAT17,2025-04-08,2025-09-28,2,395,0.0667,0.4,0.3333,0.0,0,
CUST02374,C02,2023-05-05,5,5,0,750.30,150.06,13,1.8,7,CAT14,2025-07-25,2025-09-16,14,879,0.0,0.4,0.0,0.4,0,
CUST02375,C02,2025-03-06,18,16,1,8571.60,535.73,55,2.31,11,CAT17,2025-04-01,2025-09-10,20,208,0.0556,0.6667,0.1667,0.4375,3,4.0
CUST02376,C02,2024-09-28,7,5,0,9867.00,1973.4,64,3.4,10,CAT05,2025-04-03,2025-09-13,17,367,0.0,0.4286,0.1429,0.0,3,1.67
CUST02377,C01,2025-06-15,2,2,0,2959.00,1479.5,18,6.0,9,CAT05,2025-07-13,2025-09-03,27,107,0.0,0.0,0.5,0.0,1,1.0
CUST02378,C01,2025-08-04,0,0,0,0.00,,0,,0,,,,,57,,,,,0,
CUST02379,C02,2023-03-12,2,2,0,417.20,208.6,2,1.0,2,CAT05,2025-04-08,2025-06-17,105,933,0.0,0.5,0.0,0.5,0,
CUST02380,C01,2024-05-15,2,2,0,4667.00,2333.5,22,6.5,7,CAT15,2025-07-25,2025-09-17,13,503,0.0,0.0,0.0,0.0,1,4.0
CUST02381,C03,2025-09-19,0,0,0,0.00,,0,,0,,,,,11,,,,,0,
CUST02382,C01,2024-10-29,5,5,0,4064.40,812.88,23,3.4,11,CAT10,2025-04-26,2025-08-17,44,336,0.0,0.4,0.6,0.4,2,2.5
CUST02383,C03,2024-05-05,20,18,2,9470.20,526.12,66,2.83,14,CAT12,2025-04-04,2025-09-30,0,513,0.1,0.15,0.3,0.2222,4,4.0
CUST02384,C02,2025-06-25,9,7,0,10419.40,1488.49,57,5.29,13,CAT15,2025-06-25,2025-09-27,3,97,0.0,0.2222,0.4444,0.2857,2,4.0
CUST02385,C03,2025-08-05,0,0,0,0.00,,0,,0,,,,,56,,,,,0,
CUST02386,C03,2024-07-13,11,10,1,5981.55,598.16,32,2.6,13,CAT17,2025-04-13,2025-08-22,39,444,0.0909,0.2727,0.0909,0.1,4,4.75
CUST02387,C01,2025-02-20,9,9,0,17601.00,1955.67,64,5.22,16,CAT15,2025-04-12,2025-08-02,59,222,0.0,0.1111,0.4444,0.0,0,
CUST02388,C03,2023-07-14,23,20,2,6389.60,319.48,62,2.25,15,CAT12,2025-04-05,2025-09-28,2,809,0.087,0.6957,0.2609,0.1,4,4.0
CUST02389,C02,2025-09-27,0,0,0,0.00,,0,,0,,,,,3,,,,,0,
CUST02390,C02,2024-04-13,4,3,1,2102.20,700.73,12,2.67,5,CAT05,2025-06-24,2025-09-02,28,535,0.25,0.0,0.0,0.3333,2,3.5
CUST02391,C02,2024-02-14,7,6,0,1299.80,216.63,12,1.5,6,CAT03,2025-04-17,2025-09-24,6,594,0.0,0.5714,0.1429,0.3333,2,3.0
CUST02392,C02,2025-05-20,2,2,0,2816.05,1408.03,8,2.5,5,CAT17,2025-05-31,2025-08-03,58,133,0.0,0.0,1.0,0.5,1,5.0
CUST02393,C02,2024-03-30,5,4,1,2071.95,517.99,12,2.25,6,CAT05,2025-04-18,2025-07-15,77,549,0.2,0.2,0.2,0.75,0,
CUST02394,C03,2025-09-23,0,0,0,0.00,,0,,0,,,,,7,,,,,0,
CUST02395,C03,2023-10-07,1,0,1,0.00,,0,,0,,2025-08-29,,,724,1.0,1.0,0.0,,0,
CUST02396,C03,2023-04-13,1,1,0,600.00,600.0,3,3.0,3,CAT15,2025-04-09,2025-04-09,174,901,0.0,0.0,0.0,0.0,0,
CUST02397,C03,2024-05-19,3,2,1,2828.00,1414.0,17,5.0,5,CAT15,2025-04-22,2025-06-22,100,499,0.3333,0.3333,0.6667,0.0,0,
CUST02398,C03,2025-09-28,0,0,0,0.00,,0,,0,,,,,2,,,,,0,
CUST02399,C01,2024-08-16,6,6,0,3453.45,575.58,19,2.0,6,CAT07,2025-05-03,2025-08-23,38,410,0.0,0.6667,0.5,0.5,2,4.0
CUST02400,C02,2025-03-26,11,10,1,6649.20,664.92,51,3.5,12,CAT05,2025-04-21,2025-09-30,0,188,0.0909,0.0,0.0909,0.2,3,4.33
CUST02401,C01,2025-07-25,1,1,0,224.00,224.0,2,1.0,1,CAT06,2025-08-31,2025-08-31,30,67,0.0,1.0,1.0,1.0,0,
CUST02402,C03,2025-04-11,9,7,0,3691.00,527.29,27,2.43,12,CAT16,2025-05-17,2025-07-28,64,172,0.0,0.6667,0.4444,0.2857,3,2.33
CUST02403,C02,2023-09-30,2,1,1,958.30,958.3,8,3.0,3,CAT03,2025-07-05,2025-07-05,87,731,0.5,0.5,1.0,1.0,1,4.0
CUST02404,C02,2023-12-11,0,0,0,0.00,,0,,0,,,,,659,,,,,0,
CUST02405,C02,2025-05-30,6,6,0,4286.00,714.33,36,4.33,11,CAT05,2025-06-22,2025-09-04,26,123,0.0,0.0,0.3333,0.3333,0,
CUST02406,C03,2023-11-14,14,13,1,25738.90,1979.92,100,5.46,17,CAT17,2025-04-12,2025-09-20,10,686,0.0714,0.2143,0.5,0.1538,3,3.67
CUST02407,C01,2024-01-24,3,3,0,1930.00,643.33,15,4.0,9,CAT01,2025-04-14,2025-09-02,28,615,0.0,0.0,0.3333,0.3333,0,
CUST02408,C03,2024-02-19,6,6,0,7208.00,1201.33,47,4.83,14,CAT05,2025-04-10,2025-09-15,15,589,0.0,0.0,0.0,0.0,1,3.0
CUST02409,C03,2024-06-13,13,13,0,12942.85,995.6,46,2.46,12,CAT17,2025-04-03,2025-09-30,0,474,0.0,0.3077,0.3077,0.1538,4,3.25
CUST02410,C03,2023-03-06,9,6,1,3600.00,600.0,23,3.17,10,CAT13,2025-04-03,2025-08-31,30,939,0.1111,0.0,0.3333,0.1667,0,
CUST02411,C03,2023-03-10,5,5,0,2124.00,424.8,15,2.2,8,CAT12,2025-04-05,2025-09-26,4,935,0.0,0.8,0.2,0.0,2,4.5
CUST02412,C01,2023-10-16,0,0,0,0.00,,0,,0,,,,,715,,,,,0,
CUST02413,C01,2024-01-29,19,18,0,18111.40,1006.19,107,4.06,19,CAT11,2025-04-08,2025-09-26,4,610,0.0,0.1053,0.0526,0.1667,2,2.5
CUST02414,C03,2025-05-23,7,7,0,1278.40,182.63,13,1.57,8,CAT12,2025-05-23,2025-09-29,1,130,0.0,0.4286,0.1429,0.2857,1,5.0
CUST02415,C03,2023-01-02,5,4,1,7647.50,1911.88,39,7.25,11,CAT13,2025-04-13,2025-09-17,13,1002,0.2,0.4,0.2,0.5,1,4.0
CUST02416,C01,2024-04-17,0,0,0,0.00,,0,,0,,,,,531,,,,,0,
CUST02417,C02,2023-06-26,2,2,0,1300.55,650.28,7,2.5,5,CAT03,2025-05-03,2025-09-22,8,827,0.0,0.5,0.5,0.5,0,
CUST02418,C03,2025-08-26,4,4,0,2507.75,626.94,15,2.75,7,CAT12,2025-09-01,2025-09-28,2,35,0.0,0.25,0.75,0.25,0,
CUST02419,C02,2023-09-17,1,1,0,1771.00,1771.0,4,4.0,4,CAT17,2025-04-22,2025-04-22,161,744,0.0,0.0,0.0,0.0,0,
CUST02420,C02,2025-05-12,0,0,0,0.00,,0,,0,,,,,141,,,,,0,
CUST02421,C03,2025-06-02,7,7,0,7330.60,1047.23,35,4.43,14,CAT15,2025-06-10,2025-09-18,12,120,0.0,0.4286,0.7143,0.1429,2,4.0
CUST02422,C02,2023-09-27,3,3,0,2378.00,792.67,12,2.67,5,CAT03,2025-04-08,2025-05-30,123,734,0.0,0.6667,0.3333,0.0,1,3.0
CUST02423,C01,2025-02-12,9,8,1,7583.20,947.9,28,2.25,10,CAT17,2025-04-05,2025-08-13,48,230,0.1111,0.2222,0.4444,0.125,3,4.33
CUST02424,C01,2024-09-02,2,2,0,567.00,283.5,5,2.0,3,CAT19,2025-05-17,2025-09-11,19,393,0.0,1.0,0.5,0.0,0,
CUST02425,C01,2025-09-22,0,0,0,0.00,,0,,0,,,,,8,,,,,0,
CUST02426,C01,2024-07-19,5,5,0,11853.00,2370.6,46,6.4,15,CAT15,2025-05-13,2025-09-16,14,438,0.0,0.0,0.4,0.0,0,
CUST02427,C02,2023-02-09,1,1,0,472.00,472.0,4,4.0,4,CAT13,2025-04-01,2025-04-01,182,964,0.0,0.0,0.0,0.0,0,
CUST02428,C01,2023-10-19,2,1,1,4105.40,4105.4,13,9.0,7,CAT05,2025-08-26,2025-08-26,35,712,0.5,0.0,0.5,1.0,1,3.0
CUST02429,C02,2025-04-23,10,7,3,3784.00,540.57,27,2.43,8,CAT01,2025-04-30,2025-09-19,11,160,0.3,0.6,0.4,0.0,1,5.0
CUST02430,C01,2023-07-31,0,0,0,0.00,,0,,0,,,,,792,,,,,0,
CUST02431,C01,2025-06-07,5,4,0,1771.75,442.94,18,2.75,9,CAT12,2025-06-21,2025-09-09,21,115,0.0,0.4,0.4,0.25,1,5.0
CUST02432,C03,2023-12-19,15,13,1,7770.90,597.76,59,3.31,15,CAT05,2025-04-08,2025-08-17,44,651,0.0667,0.1333,0.3333,0.2308,3,3.67
CUST02433,C02,2023-08-30,1,1,0,416.00,416.0,1,1.0,1,CAT05,2025-04-24,2025-04-24,159,762,0.0,0.0,0.0,0.0,0,
CUST02434,C03,2024-08-05,12,10,2,5810.50,581.05,49,3.2,12,CAT05,2025-04-12,2025-08-27,34,421,0.1667,0.0833,0.1667,0.1,6,3.0
CUST02435,C01,2025-08-26,3,1,2,2104.00,2104.0,4,3.0,3,CAT15,2025-09-14,2025-09-27,3,35,0.6667,0.3333,0.6667,0.0,0,
CUST02436,C01,2025-02-06,5,4,1,4298.25,1074.56,27,5.25,8,CAT05,2025-05-17,2025-08-28,33,236,0.2,0.0,0.2,0.25,0,
CUST02437,C02,2024-07-23,8,7,1,10932.55,1561.79,32,3.14,11,CAT17,2025-04-12,2025-07-23,69,434,0.125,0.375,0.25,0.1429,1,5.0
CUST02438,C03,2024-09-11,4,3,0,5421.00,1807.0,18,3.33,8,CAT17,2025-05-06,2025-07-15,77,384,0.0,0.25,0.25,0.0,1,3.0
CUST02439,C03,2024-11-23,11,10,0,6170.70,617.07,54,3.7,11,CAT05,2025-04-02,2025-09-09,21,311,0.0,0.0909,0.2727,0.3,1,3.0
CUST02440,C01,2025-01-04,1,0,1,0.00,,0,,0,,2025-05-16,,,269,1.0,0.0,0.0,,0,
CUST02441,C01,2023-05-11,7,5,2,8797.55,1759.51,41,6.2,12,CAT15,2025-04-03,2025-09-21,9,873,0.2857,0.1429,0.4286,0.4,1,5.0
CUST02442,C02,2024-02-07,17,15,0,11282.50,752.17,65,3.13,15,CAT17,2025-04-03,2025-09-22,8,601,0.0,0.0588,0.1765,0.3333,4,3.75
CUST02443,C03,2023-07-27,4,3,1,3516.50,1172.17,16,3.33,6,CAT14,2025-04-27,2025-06-28,94,796,0.25,0.25,0.75,0.3333,2,4.0
CUST02444,C01,2025-03-09,5,4,1,606.00,151.5,8,1.75,6,CAT12,2025-04-14,2025-09-05,25,205,0.2,0.6,0.2,0.0,2,3.5
CUST02445,C03,2024-12-03,2,2,0,1268.20,634.1,6,2.5,4,CAT12,2025-06-16,2025-07-27,65,301,0.0,0.0,0.5,0.5,0,
CUST02446,C02,2024-01-14,2,2,0,184.40,92.2,5,1.5,2,CAT09,2025-08-19,2025-09-30,0,625,0.0,1.0,0.0,0.5,0,
CUST02447,C01,2023-11-23,2,1,1,2424.00,2424.0,11,6.0,5,CAT01,2025-04-03,2025-04-03,180,677,0.5,0.0,0.0,0.0,0,
CUST02448,C03,2025-08-01,1,1,0,314.00,314.0,2,2.0,2,CAT18,2025-08-23,2025-08-23,38,60,0.0,0.0,1.0,0.0,0,
CUST02449,C02,2025-03-25,8,6,2,2687.10,447.85,23,2.83,6,CAT05,2025-04-11,2025-09-12,18,189,0.25,0.125,0.25,0.6667,1,5.0
CUST02450,C03,2023-12-12,18,17,1,10192.90,599.58,81,3.47,15,CAT01,2025-05-10,2025-09-23,7,658,0.0556,0.1667,0.4444,0.2353,2,5.0
CUST02451,C02,2023-01-29,2,2,0,2607.20,1303.6,15,6.0,8,CAT05,2025-05-06,2025-05-29,124,975,0.0,0.0,0.0,0.5,0,
CUST02452,C01,2023-12-09,0,0,0,0.00,,0,,0,,,,,661,,,,,0,
CUST02453,C02,2023-08-05,37,32,3,31361.20,980.04,171,3.47,19,CAT15,2025-04-08,2025-09-28,2,787,0.0811,0.2162,0.2973,0.0625,5,3.8
CUST02454,C01,2025-03-17,4,3,1,1698.00,566.0,9,2.33,7,CAT16,2025-06-15,2025-09-23,7,197,0.25,0.75,0.25,0.0,0,
CUST02455,C01,2024-11-21,2,2,0,3122.50,1561.25,14,5.0,7,CAT17,2025-07-06,2025-08-09,52,313,0.0,0.5,1.0,0.5,0,
CUST02456,C02,2025-05-02,14,12,2,11579.80,964.98,61,3.42,15,CAT17,2025-05-11,2025-08-11,50,151,0.1429,0.0714,0.2857,0.1667,1,4.0
CUST02457,C02,2024-03-11,4,4,0,1361.00,340.25,14,2.0,7,CAT15,2025-04-12,2025-09-26,4,568,0.0,1.0,0.25,0.0,0,
CUST02458,C03,2024-05-01,5,5,0,2318.00,463.6,15,2.0,7,CAT14,2025-05-21,2025-09-21,9,517,0.0,0.6,0.4,0.0,2,3.0
CUST02459,C02,2024-08-05,1,0,0,0.00,,0,,0,,2025-07-02,,,421,0.0,0.0,0.0,,0,
CUST02460,C01,2025-07-06,3,2,0,1434.25,717.13,9,2.5,4,CAT05,2025-07-30,2025-08-15,46,86,0.0,0.0,0.0,0.5,0,
CUST02461,C01,2025-08-12,2,2,0,191.00,95.5,5,1.5,2,CAT10,2025-08-30,2025-09-23,7,49,0.0,0.5,0.5,0.0,0,
CUST02462,C02,2025-07-27,3,3,0,487.00,162.33,4,1.0,2,CAT20,2025-08-04,2025-08-11,50,65,0.0,1.0,0.0,0.0,0,
CUST02463,C02,2024-09-13,3,1,2,1518.00,1518.0,11,7.0,6,CAT15,2025-05-20,2025-08-30,31,382,0.6667,0.3333,0.3333,0.0,0,
CUST02464,C02,2025-05-09,1,1,0,203.00,203.0,2,2.0,2,CAT19,2025-07-21,2025-07-21,71,144,0.0,0.0,0.0,0.0,0,
CUST02465,C02,2025-05-10,13,11,2,5074.10,461.28,43,2.91,11,CAT01,2025-05-30,2025-09-19,11,143,0.1538,0.0769,0.2308,0.0909,2,3.0
CUST02466,C03,2023-05-07,14,9,3,7047.20,783.02,49,3.89,15,CAT11,2025-04-05,2025-09-08,22,877,0.2143,0.1429,0.2857,0.3333,1,5.0
CUST02467,C03,2025-04-27,6,4,1,3609.10,902.28,11,2.0,7,CAT17,2025-06-01,2025-08-13,48,156,0.1667,0.1667,0.5,0.5,0,
CUST02468,C02,2024-12-20,4,4,0,4343.60,1085.9,19,3.25,10,CAT15,2025-04-04,2025-07-10,82,284,0.0,0.25,0.25,0.25,0,
CUST02469,C01,2025-06-06,2,2,0,3022.55,1511.28,9,4.0,8,CAT17,2025-06-22,2025-07-21,71,116,0.0,1.0,0.5,0.5,0,
CUST02470,C03,2025-06-29,17,16,1,14963.25,935.2,55,2.75,17,CAT17,2025-06-30,2025-09-10,20,93,0.0588,0.2353,0.2941,0.125,1,5.0
CUST02471,C01,2023-01-19,8,7,1,8324.75,1189.25,31,3.57,9,CAT17,2025-04-07,2025-07-05,87,985,0.125,0.125,0.25,0.1429,1,5.0
CUST02472,C03,2025-01-06,9,7,1,10345.40,1477.91,50,4.43,14,CAT10,2025-04-20,2025-09-25,5,267,0.1111,0.1111,0.4444,0.1429,0,
CUST02473,C03,2025-04-08,1,1,0,1541.00,1541.0,7,7.0,6,CAT15,2025-08-24,2025-08-24,37,175,0.0,1.0,1.0,0.0,0,
CUST02474,C03,2025-01-30,1,0,1,0.00,,0,,0,,2025-09-27,,,243,1.0,0.0,1.0,,0,
CUST02475,C01,2025-01-03,4,4,0,1887.00,471.75,13,2.75,9,CAT18,2025-04-06,2025-08-12,49,270,0.0,0.0,0.25,0.0,0,
CUST02476,C02,2023-06-04,11,11,0,9137.20,830.65,61,3.73,14,CAT18,2025-04-10,2025-09-20,10,849,0.0,0.0909,0.5455,0.0909,2,4.0
CUST02477,C01,2025-05-09,12,10,1,5757.20,575.72,49,2.9,10,CAT05,2025-05-13,2025-09-19,11,144,0.0833,0.0,0.3333,0.1,7,3.57
CUST02478,C02,2023-02-22,7,7,0,3714.50,530.64,30,3.29,11,CAT05,2025-05-03,2025-07-23,69,951,0.0,0.2857,0.5714,0.1429,0,
CUST02479,C01,2024-08-27,5,5,0,1175.00,235.0,10,1.8,7,CAT03,2025-04-17,2025-09-10,20,399,0.0,0.4,0.2,0.0,0,
CUST02480,C02,2024-05-02,5,5,0,3171.80,634.36,18,2.0,8,CAT15,2025-04-10,2025-07-23,69,516,0.0,0.6,0.4,0.4,1,2.0
CUST02481,C01,2023-04-12,11,10,1,8805.25,880.53,58,3.9,14,CAT17,2025-04-08,2025-09-07,23,902,0.0909,0.0909,0.1818,0.1,2,3.0
CUST02482,C01,2024-05-28,2,2,0,3970.80,1985.4,10,3.0,6,CAT15,2025-07-22,2025-08-11,50,490,0.0,0.5,0.0,0.5,1,1.0
CUST02483,C03,2023-01-23,9,8,1,2643.00,330.38,26,2.13,9,CAT18,2025-04-03,2025-09-03,27,981,0.1111,0.4444,0.2222,0.0,4,4.0
CUST02484,C01,2025-09-02,1,1,0,308.00,308.0,1,1.0,1,CAT17,2025-09-10,2025-09-10,20,28,0.0,0.0,0.0,0.0,0,
CUST02485,C03,2023-07-04,2,2,0,1842.00,921.0,10,3.5,5,CAT14,2025-04-10,2025-08-15,46,819,0.0,0.5,0.0,0.0,0,
CUST02486,C02,2023-05-24,15,11,3,9560.05,869.1,57,3.0,12,CAT17,2025-04-18,2025-09-05,25,860,0.2,0.2,0.3333,0.2727,1,2.0
CUST02487,C02,2024-08-16,1,1,0,822.00,822.0,3,3.0,2,CAT10,2025-05-23,2025-05-23,130,410,0.0,0.0,0.0,0.0,0,
CUST02488,C01,2025-05-20,4,3,1,4201.00,1400.33,14,3.67,7,CAT17,2025-05-26,2025-09-13,17,133,0.25,0.25,0.25,0.0,0,
CUST02489,C01,2023-09-27,4,4,0,8225.00,2056.25,34,5.25,11,CAT15,2025-05-12,2025-09-24,6,734,0.0,0.75,0.25,0.0,2,3.0
CUST02490,C01,2023-12-07,3,3,0,4439.00,1479.67,13,4.33,10,CAT17,2025-04-13,2025-07-02,90,663,0.0,0.3333,0.6667,0.0,1,4.0
CUST02491,C03,2024-04-21,3,2,1,3415.00,1707.5,8,2.0,4,CAT11,2025-07-10,2025-08-06,55,527,0.3333,0.0,0.0,0.0,0,
CUST02492,C02,2024-10-15,0,0,0,0.00,,0,,0,,,,,350,,,,,0,
CUST02493,C03,2023-02-27,14,10,4,6005.70,600.57,43,3.4,13,CAT11,2025-04-04,2025-09-11,19,946,0.2857,0.3571,0.2857,0.3,0,
CUST02494,C03,2023-06-18,12,7,4,10478.10,1496.87,45,5.29,13,CAT05,2025-04-07,2025-09-20,10,835,0.3333,0.3333,0.3333,0.1429,2,4.0
CUST02495,C01,2025-01-08,6,6,0,7211.20,1201.87,34,3.5,11,CAT17,2025-04-17,2025-09-13,17,265,0.0,0.3333,0.6667,0.1667,0,
CUST02496,C02,2025-08-10,1,0,1,0.00,,0,,0,,2025-09-04,,,51,1.0,1.0,0.0,,0,
CUST02497,C02,2024-04-19,3,3,0,4686.30,1562.1,24,6.33,9,CAT15,2025-04-09,2025-08-17,44,529,0.0,0.3333,0.3333,0.3333,0,
CUST02498,C02,2025-05-11,18,15,2,9919.55,661.3,82,3.67,12,CAT05,2025-05-19,2025-09-23,7,142,0.1111,0.2778,0.1667,0.2667,3,2.67
CUST02499,C01,2024-02-14,5,4,1,2362.00,590.5,12,2.5,8,CAT10,2025-05-13,2025-07-02,90,594,0.2,0.2,0.0,0.0,1,1.0
CUST02500,C03,2025-05-13,3,3,0,3714.00,1238.0,13,3.33,8,CAT17,2025-05-23,2025-09-02,28,140,0.0,0.6667,0.0,0.0,1,5.0
CUST02501,C03,2025-09-15,1,1,0,1582.00,1582.0,8,6.0,4,CAT16,2025-09-17,2025-09-17,13,15,0.0,0.0,0.0,0.0,0,
CUST02502,C01,2023-01-06,10,10,0,6560.40,656.04,44,3.1,13,CAT05,2025-04-07,2025-09-14,16,998,0.0,0.1,0.2,0.2,1,5.0
CUST02503,C01,2023-09-10,4,3,1,1547.00,515.67,9,1.67,4,CAT08,2025-04-20,2025-08-31,30,751,0.25,0.5,0.5,0.0,0,
CUST02504,C01,2025-06-06,6,6,0,1928.00,321.33,12,1.67,7,CAT16,2025-06-24,2025-08-20,41,116,0.0,0.5,0.1667,0.0,2,4.5
CUST02505,C03,2024-11-29,4,4,0,997.50,249.38,9,1.75,5,CAT15,2025-05-07,2025-08-19,42,305,0.0,0.75,0.0,0.25,1,5.0
CUST02506,C02,2023-05-06,2,1,1,268.90,268.9,3,2.0,2,CAT18,2025-05-08,2025-07-18,74,878,0.5,0.5,0.0,1.0,0,
CUST02507,C02,2023-08-30,2,2,0,2976.25,1488.13,8,3.5,5,CAT17,2025-05-10,2025-06-06,116,762,0.0,0.0,0.5,0.5,0,
CUST02508,C01,2024-04-28,12,12,0,12490.00,1040.83,48,2.83,15,CAT17,2025-05-01,2025-09-17,13,520,0.0,0.0,0.1667,0.0,4,3.75
CUST02509,C02,2024-07-27,3,3,0,343.00,114.33,4,1.0,3,CAT13,2025-04-05,2025-08-18,43,430,0.0,0.3333,0.3333,0.3333,0,
CUST02510,C03,2023-11-04,10,9,1,10012.70,1112.52,34,2.44,14,CAT17,2025-04-17,2025-09-22,8,696,0.1,0.2,0.3,0.5556,3,3.67
CUST02511,C02,2023-05-22,12,11,1,6503.90,591.26,43,3.09,13,CAT16,2025-04-25,2025-09-30,0,862,0.0833,0.0833,0.25,0.0909,1,2.0
CUST02512,C01,2025-06-15,2,2,0,83.90,41.95,2,1.0,2,CAT09,2025-07-03,2025-07-18,74,107,0.0,1.0,0.0,0.5,0,
CUST02513,C02,2025-08-03,1,1,0,396.00,396.0,5,2.0,2,CAT20,2025-08-19,2025-08-19,42,58,0.0,0.0,0.0,0.0,0,
CUST02514,C02,2025-07-31,9,6,2,5670.20,945.03,40,4.83,12,CAT01,2025-08-22,2025-09-27,3,61,0.2222,0.0,0.1111,0.1667,1,5.0
CUST02515,C02,2023-07-16,10,9,1,5266.10,585.12,41,3.22,12,CAT13,2025-04-11,2025-08-31,30,807,0.1,0.2,0.5,0.2222,2,4.0
CUST02516,C02,2025-04-03,1,0,1,0.00,,0,,0,,2025-04-12,,,180,1.0,0.0,1.0,,0,
CUST02517,C02,2024-02-10,7,6,1,1927.00,321.17,13,1.5,8,CAT17,2025-04-01,2025-06-25,97,598,0.1429,0.2857,0.1429,0.0,1,4.0
CUST02518,C03,2023-06-01,4,4,0,2497.00,624.25,23,3.25,7,CAT05,2025-04-11,2025-07-09,83,852,0.0,0.5,0.5,0.0,2,5.0
CUST02519,C03,2023-01-28,7,7,0,2492.60,356.09,22,1.71,8,CAT14,2025-05-10,2025-08-28,33,976,0.0,0.7143,0.2857,0.4286,1,5.0
CUST02520,C01,2025-07-25,6,4,1,1400.00,350.0,12,1.75,5,CAT10,2025-07-31,2025-08-18,43,67,0.1667,0.5,0.1667,0.0,0,
CUST02521,C01,2024-12-28,11,10,1,6149.00,614.9,48,3.0,10,CAT03,2025-04-11,2025-09-15,15,276,0.0909,0.0909,0.2727,0.1,4,4.0
CUST02522,C01,2025-09-26,0,0,0,0.00,,0,,0,,,,,4,,,,,0,
CUST02523,C03,2024-07-03,6,5,0,2024.20,404.84,9,1.2,4,CAT19,2025-05-18,2025-09-17,13,454,0.0,0.6667,0.1667,0.2,1,4.0
CUST02524,C01,2025-07-25,4,4,0,6071.00,1517.75,25,5.0,14,CAT15,2025-08-05,2025-09-19,11,67,0.0,0.0,0.25,0.0,2,5.0
CUST02525,C01,2024-10-17,0,0,0,0.00,,0,,0,,,,,348,,,,,0,
CUST02526,C02,2023-01-24,0,0,0,0.00,,0,,0,,,,,980,,,,,0,
CUST02527,C01,2024-02-11,10,10,0,6583.30,658.33,41,2.7,16,CAT16,2025-04-04,2025-08-27,34,597,0.0,0.3,0.4,0.4,2,4.0
CUST02528,C02,2025-01-25,3,2,1,5768.75,2884.38,21,7.5,9,CAT15,2025-05-24,2025-08-29,32,248,0.3333,0.0,0.3333,0.5,1,5.0
CUST02529,C01,2023-05-01,3,3,0,1539.00,513.0,15,3.0,7,CAT10,2025-06-28,2025-09-20,10,883,0.0,0.3333,0.6667,0.3333,0,
CUST02530,C03,2023-08-05,13,11,2,13289.60,1208.15,56,3.45,15,CAT05,2025-04-19,2025-09-10,20,787,0.1538,0.0,0.6154,0.1818,2,4.5
CUST02531,C03,2024-01-24,7,7,0,5352.80,764.69,38,3.57,11,CAT01,2025-04-09,2025-08-12,49,615,0.0,0.1429,0.1429,0.1429,0,
CUST02532,C01,2024-12-16,0,0,0,0.00,,0,,0,,,,,288,,,,,0,
CUST02533,C02,2024-07-06,2,2,0,304.00,152.0,4,2.0,2,CAT06,2025-06-11,2025-07-11,81,451,0.0,0.5,0.0,0.0,0,
CUST02534,C01,2023-01-07,6,6,0,1250.00,208.33,11,1.5,6,CAT08,2025-04-05,2025-08-29,32,997,0.0,0.8333,0.5,0.0,2,3.0
CUST02535,C01,2025-09-19,2,2,0,1560.00,780.0,12,3.0,6,CAT01,2025-09-19,2025-09-29,1,11,0.0,0.0,0.0,0.0,0,
CUST02536,C03,2024-06-09,15,14,1,10842.60,774.47,74,3.86,17,CAT05,2025-04-29,2025-09-15,15,478,0.0667,0.0667,0.2,0.3571,2,5.0
CUST02537,C03,2023-10-23,5,5,0,8590.60,1718.12,40,5.2,13,CAT13,2025-06-06,2025-09-07,23,708,0.0,0.0,0.6,0.6,0,
CUST02538,C02,2025-09-05,0,0,0,0.00,,0,,0,,,,,25,,,,,0,
CUST02539,C02,2024-04-03,22,19,1,13220.00,695.79,86,3.0,19,CAT05,2025-04-09,2025-09-29,1,545,0.0455,0.0909,0.3182,0.0,3,4.33
CUST02540,C03,2024-07-31,1,1,0,229.20,229.2,2,2.0,2,CAT13,2025-04-06,2025-04-06,177,426,0.0,0.0,1.0,1.0,0,
CUST02541,C01,2025-05-16,3,3,0,1077.00,359.0,12,3.0,6,CAT11,2025-05-22,2025-07-15,77,137,0.0,0.0,0.3333,0.0,1,5.0
CUST02542,C02,2024-01-29,10,9,1,6313.00,701.44,34,2.44,11,CAT15,2025-04-08,2025-08-15,46,610,0.1,0.5,0.0,0.1111,4,3.5
CUST02543,C02,2025-07-17,3,2,1,2494.00,1247.0,29,4.0,5,CAT02,2025-07-25,2025-08-07,54,75,0.3333,0.3333,0.0,1.0,0,
CUST02544,C01,2024-04-15,4,4,0,1212.80,303.2,10,1.75,6,CAT18,2025-05-30,2025-09-23,7,533,0.0,0.25,0.25,0.25,0,
CUST02545,C03,2023-12-08,30,26,2,17566.05,675.62,123,3.54,19,CAT17,2025-04-30,2025-09-30,0,662,0.0667,0.1333,0.2667,0.2308,4,4.0
CUST02546,C02,2025-04-28,6,5,0,3642.00,728.4,17,3.0,10,CAT16,2025-04-28,2025-09-28,2,155,0.0,0.3333,0.1667,0.0,0,
CUST02547,C01,2023-11-24,4,2,0,693.00,346.5,6,2.0,2,CAT20,2025-06-22,2025-07-28,64,676,0.0,0.0,0.5,0.0,0,
CUST02548,C01,2023-11-19,6,4,0,4928.00,1232.0,25,4.5,9,CAT05,2025-04-21,2025-09-28,2,681,0.0,0.3333,0.8333,0.0,0,
CUST02549,C02,2023-11-14,4,4,0,5334.00,1333.5,35,5.75,14,CAT14,2025-06-08,2025-08-16,45,686,0.0,0.0,0.5,0.0,0,
CUST02550,C03,2025-07-23,0,0,0,0.00,,0,,0,,,,,69,,,,,0,
CUST02551,C02,2024-06-02,13,12,0,18681.90,1556.83,87,5.58,17,CAT13,2025-04-05,2025-09-21,9,485,0.0,0.1538,0.5385,0.1667,0,
CUST02552,C03,2023-02-21,4,4,0,5775.80,1443.95,17,3.25,10,CAT17,2025-04-01,2025-06-10,112,952,0.0,0.0,0.0,0.25,0,
CUST02553,C02,2023-11-26,0,0,0,0.00,,0,,0,,,,,674,,,,,0,
CUST02554,C02,2023-01-22,4,4,0,1811.80,452.95,18,3.5,7,CAT01,2025-05-19,2025-09-16,14,982,0.0,0.0,0.0,0.25,0,
CUST02555,C01,2023-02-10,3,3,0,1194.00,398.0,9,2.0,5,CAT16,2025-05-01,2025-09-24,6,963,0.0,1.0,0.3333,0.0,1,1.0
CUST02556,C03,2025-04-15,1,1,0,1545.00,1545.0,5,3.0,3,CAT15,2025-06-16,2025-06-16,106,168,0.0,0.0,0.0,0.0,0,
CUST02557,C01,2025-09-21,0,0,0,0.00,,0,,0,,,,,9,,,,,0,
CUST02558,C01,2023-11-16,7,6,1,4500.00,750.0,19,2.5,9,CAT17,2025-04-30,2025-09-06,24,684,0.1429,0.4286,0.4286,0.0,2,3.0
CUST02559,C03,2025-05-25,2,2,0,2861.00,1430.5,15,4.0,6,CAT12,2025-08-08,2025-09-30,0,128,0.0,0.0,0.0,0.0,0,
CUST02560,C02,2025-09-24,0,0,0,0.00,,0,,0,,,,,6,,,,,0,
CUST02561,C01,2023-01-08,1,1,0,683.00,683.0,3,2.0,2,CAT08,2025-04-22,2025-04-22,161,996,0.0,1.0,0.0,0.0,0,
CUST02562,C01,2024-08-28,8,8,0,14297.75,1787.22,69,6.25,15,CAT15,2025-04-19,2025-09-14,16,398,0.0,0.25,0.625,0.5,1,4.0
CUST02563,C02,2024-07-03,1,0,0,0.00,,0,,0,,2025-06-18,,,454,0.0,0.0,0.0,,1,5.0
CUST02564,C03,2024-02-08,4,4,0,4394.00,1098.5,26,4.25,9,CAT01,2025-04-02,2025-08-18,43,600,0.0,0.25,0.0,0.25,2,2.5
CUST02565,C02,2025-05-28,5,5,0,4456.00,891.2,14,2.6,7,CAT17,2025-06-22,2025-09-23,7,125,0.0,0.4,0.2,0.0,0,
CUST02566,C03,2024-06-03,24,21,0,9145.60,435.5,68,2.05,15,CAT12,2025-04-03,2025-09-28,2,484,0.0,0.4583,0.2917,0.2857,3,5.0
CUST02567,C01,2023-02-12,4,4,0,1326.00,331.5,11,2.0,5,CAT06,2025-04-05,2025-08-10,51,961,0.0,0.5,0.5,0.25,0,
CUST02568,C02,2023-09-02,9,8,0,4242.60,530.33,40,3.38,11,CAT11,2025-04-07,2025-09-25,5,759,0.0,0.1111,0.0,0.125,0,
CUST02569,C01,2024-08-08,1,1,0,2191.40,2191.4,7,6.0,5,CAT15,2025-04-27,2025-04-27,156,418,0.0,0.0,1.0,1.0,0,
CUST02570,C03,2024-02-28,9,8,0,9233.00,1154.13,49,4.5,11,CAT05,2025-05-17,2025-08-23,38,580,0.0,0.1111,0.6667,0.125,1,4.0
CUST02571,C03,2024-03-08,2,2,0,2388.00,1194.0,5,2.0,4,CAT17,2025-07-12,2025-08-24,37,571,0.0,0.0,1.0,0.0,1,5.0
CUST02572,C01,2023-04-10,0,0,0,0.00,,0,,0,,,,,904,,,,,0,
CUST02573,C01,2023-08-06,9,7,0,7566.00,1080.86,35,3.29,15,CAT17,2025-05-01,2025-08-30,31,786,0.0,0.2222,0.2222,0.0,2,2.5
CUST02574,C02,2024-02-12,14,12,2,4956.95,413.08,35,2.25,12,CAT12,2025-04-04,2025-09-06,24,596,0.1429,0.7143,0.3571,0.0833,2,5.0
CUST02575,C02,2023-11-24,3,3,0,606.00,202.0,4,1.33,3,CAT15,2025-05-12,2025-06-15,107,676,0.0,1.0,0.6667,0.0,0,
CUST02576,C01,2023-12-25,12,11,0,6200.55,563.69,40,2.36,11,CAT15,2025-04-03,2025-09-10,20,645,0.0,0.6667,0.25,0.3636,3,3.67
CUST02577,C01,2025-04-28,3,1,2,458.00,458.0,2,1.0,1,CAT18,2025-06-27,2025-06-27,95,155,0.6667,0.6667,0.0,0.0,0,
CUST02578,C03,2024-05-19,1,0,1,0.00,,0,,0,,2025-05-24,,,499,1.0,0.0,1.0,,0,
CUST02579,C01,2024-07-01,4,3,0,3563.00,1187.67,20,5.33,9,CAT15,2025-07-11,2025-08-31,30,456,0.0,0.5,0.5,0.0,2,3.5
CUST02580,C01,2025-07-21,0,0,0,0.00,,0,,0,,,,,71,,,,,0,
CUST02581,C03,2024-05-15,19,19,0,13696.35,720.86,92,3.63,15,CAT05,2025-04-03,2025-09-05,25,503,0.0,0.0526,0.3158,0.1579,2,5.0
CUST02582,C02,2025-01-22,16,13,3,22771.90,1751.68,85,4.92,16,CAT15,2025-04-12,2025-09-19,11,251,0.1875,0.1875,0.3125,0.2308,4,4.5
CUST02583,C02,2025-04-11,6,5,0,3916.00,783.2,12,1.8,6,CAT17,2025-05-27,2025-09-21,9,172,0.0,0.5,0.6667,0.0,0,
CUST02584,C01,2025-01-18,6,6,0,5228.00,871.33,32,4.0,12,CAT11,2025-04-02,2025-09-26,4,255,0.0,0.1667,0.0,0.0,1,5.0
CUST02585,C03,2025-08-18,6,5,0,4370.00,874.0,31,4.8,12,CAT17,2025-08-19,2025-09-28,2,43,0.0,0.1667,0.5,0.0,1,4.0
CUST02586,C03,2023-06-13,7,6,0,4391.00,731.83,31,3.67,9,CAT05,2025-04-04,2025-08-18,43,840,0.0,0.0,0.1429,0.0,4,3.5
CUST02587,C02,2025-01-10,13,11,2,4497.90,408.9,32,2.09,9,CAT16,2025-04-18,2025-09-20,10,263,0.1538,0.6154,0.3077,0.0909,3,3.33
CUST02588,C01,2024-10-15,4,3,0,4403.50,1467.83,11,2.67,7,CAT17,2025-04-06,2025-08-18,43,350,0.0,0.25,0.5,0.3333,1,4.0
CUST02589,C01,2023-03-06,23,20,1,15581.30,779.07,101,3.85,17,CAT05,2025-04-01,2025-09-25,5,939,0.0435,0.2609,0.3043,0.15,5,3.6
CUST02590,C01,2023-01-27,9,8,0,4508.50,563.56,29,2.75,14,CAT13,2025-04-23,2025-08-27,34,977,0.0,0.7778,0.0,0.125,1,5.0
CUST02591,C02,2023-12-15,3,3,0,3493.00,1164.33,13,2.33,6,CAT13,2025-04-01,2025-09-09,21,655,0.0,0.0,0.0,0.0,1,5.0
CUST02592,C01,2025-05-17,8,8,0,5681.00,710.13,25,2.13,9,CAT17,2025-06-01,2025-09-27,3,136,0.0,0.125,0.25,0.0,1,5.0
CUST02593,C01,2025-08-20,2,2,0,642.00,321.0,6,2.5,4,CAT10,2025-09-20,2025-09-29,1,41,0.0,1.0,0.5,0.0,0,
CUST02594,C01,2023-12-03,1,0,1,0.00,,0,,0,,2025-09-16,,,667,1.0,0.0,0.0,,0,
CUST02595,C02,2023-02-26,2,2,0,4646.00,2323.0,16,5.0,8,CAT18,2025-05-25,2025-09-21,9,947,0.0,0.0,1.0,0.0,1,5.0
CUST02596,C02,2025-09-24,0,0,0,0.00,,0,,0,,,,,6,,,,,0,
CUST02597,C02,2025-08-29,2,1,0,1870.00,1870.0,7,6.0,6,CAT17,2025-09-20,2025-09-20,10,32,0.0,0.5,0.5,0.0,0,
CUST02598,C02,2024-04-22,2,2,0,173.00,86.5,2,1.0,2,CAT01,2025-05-31,2025-06-05,117,526,0.0,0.5,0.5,0.0,0,
CUST02599,C01,2025-09-25,1,0,1,0.00,,0,,0,,2025-09-30,,,5,1.0,0.0,0.0,,0,
CUST02600,C02,2023-02-11,3,3,0,1980.80,660.27,9,2.33,6,CAT10,2025-04-14,2025-09-19,11,962,0.0,0.3333,0.0,0.6667,2,2.5
CUST02601,C02,2024-01-14,10,10,0,13091.50,1309.15,68,4.6,18,CAT10,2025-04-12,2025-09-14,16,625,0.0,0.3,0.5,0.4,0,
CUST02602,C03,2025-09-17,3,3,0,4872.00,1624.0,25,6.33,9,CAT05,2025-09-26,2025-09-28,2,13,0.0,0.3333,0.6667,0.0,1,4.0
CUST02603,C02,2025-06-10,6,4,1,2948.00,737.0,20,3.75,11,CAT03,2025-06-11,2025-09-12,18,112,0.1667,0.1667,0.1667,0.0,1,4.0
CUST02604,C01,2023-05-01,9,8,1,3090.70,386.34,24,2.5,11,CAT05,2025-04-04,2025-09-29,1,883,0.1111,0.1111,0.0,0.25,1,3.0
CUST02605,C03,2025-09-19,1,1,0,1133.00,1133.0,5,5.0,4,CAT11,2025-09-22,2025-09-22,8,11,0.0,0.0,0.0,0.0,0,
CUST02606,C03,2025-04-26,5,4,1,4626.00,1156.5,21,4.25,10,CAT17,2025-06-01,2025-09-17,13,157,0.2,0.0,0.6,0.0,0,
CUST02607,C01,2025-02-16,7,6,0,10161.00,1693.5,43,5.17,11,CAT15,2025-04-20,2025-08-30,31,226,0.0,0.0,1.0,0.3333,2,4.0
CUST02608,C01,2025-09-29,0,0,0,0.00,,0,,0,,,,,1,,,,,0,
CUST02609,C02,2025-01-27,9,8,0,14946.60,1868.33,76,6.38,15,CAT10,2025-04-08,2025-09-20,10,246,0.0,0.1111,0.4444,0.25,1,3.0
CUST02610,C03,2025-07-25,0,0,0,0.00,,0,,0,,,,,67,,,,,0,
CUST02611,C03,2024-06-25,5,5,0,4392.40,878.48,29,4.2,12,CAT03,2025-04-06,2025-09-18,12,462,0.0,0.0,0.6,0.2,1,4.0
CUST02612,C03,2024-12-24,10,8,2,4100.65,512.58,33,3.0,10,CAT11,2025-04-13,2025-09-03,27,280,0.2,0.1,0.4,0.25,2,4.0
CUST02613,C02,2023-10-05,19,17,1,10566.25,621.54,70,2.88,16,CAT05,2025-04-03,2025-09-20,10,726,0.0526,0.1053,0.2632,0.1176,3,4.33
CUST02614,C03,2025-04-09,6,4,1,769.80,192.45,8,1.75,5,CAT12,2025-05-07,2025-07-16,76,174,0.1667,0.6667,0.1667,0.25,0,
CUST02615,C01,2023-10-25,6,6,0,8684.25,1447.38,27,2.33,7,CAT17,2025-05-08,2025-08-12,49,706,0.0,0.0,0.3333,0.1667,1,5.0
CUST02616,C03,2024-05-19,12,10,1,10466.00,1046.6,44,2.9,14,CAT18,2025-04-03,2025-09-24,6,499,0.0833,0.25,0.4167,0.0,4,4.0
CUST02617,C01,2023-08-22,7,7,0,4974.00,710.57,34,3.71,11,CAT05,2025-04-28,2025-08-27,34,770,0.0,0.4286,0.0,0.1429,1,5.0
CUST02618,C03,2024-11-16,30,26,3,20620.85,793.11,134,3.73,18,CAT11,2025-04-04,2025-09-19,11,318,0.1,0.3,0.2333,0.1538,3,3.0
CUST02619,C02,2025-06-06,2,2,0,778.00,389.0,5,2.5,5,CAT13,2025-06-19,2025-08-30,31,116,0.0,0.0,0.5,0.0,0,
CUST02620,C03,2025-05-03,0,0,0,0.00,,0,,0,,,,,150,,,,,0,
CUST02621,C01,2023-10-21,11,9,1,4732.00,525.78,37,3.11,12,CAT03,2025-04-09,2025-09-15,15,710,0.0909,0.0909,0.3636,0.0,2,4.0
CUST02622,C01,2024-02-06,1,1,0,441.00,441.0,7,3.0,3,CAT18,2025-08-27,2025-08-27,34,602,0.0,0.0,0.0,0.0,0,
CUST02623,C01,2023-01-04,14,13,1,4436.00,341.23,32,1.69,11,CAT12,2025-04-08,2025-09-30,0,1000,0.0714,0.7143,0.3571,0.0,2,2.0
CUST02624,C02,2024-12-08,5,5,0,2661.00,532.2,20,3.0,10,CAT14,2025-05-15,2025-07-31,61,296,0.0,1.0,0.0,0.0,1,1.0
CUST02625,C02,2024-01-11,9,6,2,1496.00,249.33,11,1.33,7,CAT05,2025-04-03,2025-09-27,3,628,0.2222,0.6667,0.2222,0.0,0,
CUST02626,C02,2024-04-20,2,2,0,3021.40,1510.7,15,5.5,7,CAT15,2025-04-27,2025-08-02,59,528,0.0,0.0,1.0,0.5,0,
CUST02627,C03,2024-08-08,2,2,0,705.00,352.5,5,2.5,4,CAT03,2025-08-30,2025-09-16,14,418,0.0,0.0,0.5,0.0,0,
CUST02628,C02,2025-09-10,0,0,0,0.00,,0,,0,,,,,20,,,,,0,
CUST02629,C01,2025-08-21,5,3,0,1846.50,615.5,13,2.33,7,CAT16,2025-09-01,2025-09-19,11,40,0.0,0.6,0.4,0.3333,0,
CUST02630,C01,2024-05-10,1,0,0,0.00,,0,,0,,2025-08-13,,,508,0.0,1.0,0.0,,0,
CUST02631,C02,2023-05-10,2,2,0,1855.00,927.5,8,3.0,5,CAT15,2025-06-28,2025-07-11,81,874,0.0,0.0,0.5,0.0,1,4.0
CUST02632,C01,2023-08-02,7,7,0,9860.20,1408.6,44,5.0,15,CAT14,2025-04-21,2025-08-11,50,790,0.0,0.0,0.4286,0.1429,1,2.0
CUST02633,C02,2024-05-07,9,7,2,4273.00,610.43,16,2.0,7,CAT17,2025-04-10,2025-09-24,6,511,0.2222,1.0,0.3333,0.0,0,
CUST02634,C03,2025-06-11,5,5,0,3674.80,734.96,25,4.2,10,CAT17,2025-07-02,2025-09-19,11,111,0.0,0.2,0.2,0.2,2,4.5
CUST02635,C01,2024-07-09,5,3,2,2570.65,856.88,9,2.0,5,CAT18,2025-04-12,2025-08-16,45,448,0.4,0.0,0.4,0.3333,0,
CUST02636,C03,2023-04-07,8,8,0,10787.40,1348.43,57,5.25,14,CAT15,2025-04-10,2025-09-06,24,907,0.0,0.125,0.375,0.125,0,
CUST02637,C02,2023-09-21,5,4,0,5806.10,1451.53,14,2.5,8,CAT15,2025-05-01,2025-09-11,19,740,0.0,0.2,0.4,0.75,0,
CUST02638,C02,2025-06-04,20,19,0,16332.30,859.59,102,3.63,14,CAT05,2025-06-15,2025-09-24,6,118,0.0,0.15,0.25,0.2632,4,3.75
CUST02639,C02,2023-08-20,18,17,1,12881.95,757.76,75,3.29,17,CAT15,2025-04-25,2025-09-17,13,772,0.0556,0.3889,0.2778,0.1176,1,3.0
CUST02640,C02,2023-08-06,4,4,0,4473.15,1118.29,28,2.0,7,CAT16,2025-05-13,2025-09-06,24,786,0.0,0.5,0.5,0.25,1,5.0
CUST02641,C02,2024-07-18,7,5,0,713.40,142.68,9,1.0,4,CAT20,2025-05-09,2025-09-03,27,439,0.0,0.4286,0.1429,0.4,0,
CUST02642,C03,2023-04-12,24,22,1,15042.40,683.75,103,3.14,19,CAT05,2025-04-01,2025-09-30,0,902,0.0417,0.2083,0.2917,0.1818,3,4.33
CUST02643,C01,2023-11-17,6,6,0,3339.00,556.5,17,1.83,7,CAT19,2025-05-05,2025-09-21,9,683,0.0,0.3333,0.5,0.0,1,5.0
CUST02644,C03,2025-05-20,1,1,0,267.00,267.0,2,2.0,2,CAT18,2025-06-11,2025-06-11,111,133,0.0,1.0,0.0,0.0,0,
CUST02645,C03,2025-09-22,0,0,0,0.00,,0,,0,,,,,8,,,,,0,
CUST02646,C02,2025-03-12,1,1,0,364.00,364.0,2,1.0,1,CAT03,2025-07-29,2025-07-29,63,202,0.0,1.0,0.0,0.0,1,3.0
CUST02647,C02,2025-02-12,33,30,2,16437.65,547.92,119,3.07,17,CAT01,2025-04-03,2025-09-16,14,230,0.0606,0.1515,0.2424,0.2667,6,3.17
CUST02648,C01,2024-12-04,17,12,3,8334.50,694.54,62,3.58,14,CAT03,2025-04-19,2025-09-23,7,300,0.1765,0.0588,0.3529,0.0833,2,4.5
CUST02649,C02,2025-03-14,1,1,0,721.00,721.0,3,3.0,3,CAT15,2025-04-13,2025-04-13,170,200,0.0,0.0,1.0,0.0,0,
CUST02650,C01,2024-06-25,3,3,0,3887.60,1295.87,14,2.67,7,CAT17,2025-04-12,2025-09-15,15,462,0.0,0.3333,0.6667,0.3333,2,3.0
CUST02651,C02,2025-08-29,0,0,0,0.00,,0,,0,,,,,32,,,,,0,
CUST02652,C02,2024-06-02,4,3,0,794.00,264.67,11,2.67,5,CAT03,2025-04-24,2025-09-24,6,485,0.0,0.0,0.0,0.0,0,
CUST02653,C03,2024-05-17,9,8,1,15554.20,1944.28,69,5.75,16,CAT15,2025-04-04,2025-09-27,3,501,0.1111,0.1111,0.6667,0.125,3,3.67
CUST02654,C03,2025-08-10,8,7,0,6808.75,972.68,23,2.71,11,CAT17,2025-08-13,2025-09-27,3,51,0.0,0.375,0.25,0.1429,0,
CUST02655,C01,2025-09-29,0,0,0,0.00,,0,,0,,,,,1,,,,,0,
CUST02656,C02,2023-09-25,10,10,0,3983.75,398.38,27,2.1,14,CAT17,2025-04-30,2025-09-18,12,736,0.0,0.0,0.3,0.3,1,5.0
CUST02657,C03,2024-04-12,18,16,1,8545.80,534.11,62,2.69,14,CAT11,2025-04-06,2025-09-27,3,536,0.0556,0.1111,0.4444,0.1875,0,
CUST02658,C03,2023-07-17,8,7,1,3556.70,508.1,24,1.86,8,CAT05,2025-04-01,2025-09-17,13,806,0.125,0.25,0.125,0.2857,0,
CUST02659,C01,2025-05-03,5,5,0,3565.30,713.06,18,2.4,9,CAT18,2025-05-20,2025-09-03,27,150,0.0,0.6,0.2,0.6,0,
CUST02660,C01,2024-09-16,2,1,1,683.00,683.0,3,2.0,2,CAT13,2025-04-13,2025-04-13,170,379,0.5,0.5,1.0,0.0,0,
CUST02661,C01,2023-02-10,4,3,0,680.00,226.67,10,3.0,8,CAT04,2025-04-27,2025-08-31,30,963,0.0,0.0,0.75,0.0,0,
CUST02662,C02,2025-04-07,17,13,4,6118.00,470.62,34,2.0,11,CAT12,2025-04-07,2025-09-27,3,176,0.2353,0.8235,0.2941,0.0,2,4.0
CUST02663,C02,2024-01-25,10,9,0,17811.50,1979.06,54,4.11,12,CAT17,2025-05-08,2025-09-22,8,614,0.0,0.1,0.2,0.1111,1,3.0
CUST02664,C01,2025-03-06,1,1,0,73.00,73.0,1,1.0,1,CAT07,2025-04-20,2025-04-20,163,208,0.0,0.0,1.0,0.0,0,
CUST02665,C03,2025-08-30,2,2,0,2411.00,1205.5,12,5.0,7,CAT15,2025-09-13,2025-09-20,10,31,0.0,0.0,1.0,0.0,2,4.0
CUST02666,C01,2024-05-30,4,4,0,1891.00,472.75,18,2.75,5,CAT05,2025-05-06,2025-09-19,11,488,0.0,0.0,0.0,0.0,0,
CUST02667,C01,2025-09-05,0,0,0,0.00,,0,,0,,,,,25,,,,,0,
CUST02668,C03,2023-07-26,5,4,1,4742.80,1185.7,26,5.0,10,CAT10,2025-04-09,2025-09-28,2,797,0.2,0.4,0.6,0.25,2,4.5
CUST02669,C01,2025-05-03,1,1,0,522.00,522.0,2,2.0,2,CAT19,2025-08-29,2025-08-29,32,150,0.0,0.0,0.0,0.0,0,
CUST02670,C02,2023-04-28,3,3,0,1322.00,440.67,9,2.33,7,CAT16,2025-04-05,2025-06-01,121,886,0.0,0.0,1.0,0.0,0,
CUST02671,C03,2024-06-26,5,5,0,1649.70,329.94,12,1.6,6,CAT12,2025-04-06,2025-09-14,16,461,0.0,1.0,0.8,0.2,1,4.0
CUST02672,C01,2023-10-19,0,0,0,0.00,,0,,0,,,,,712,,,,,0,
CUST02673,C01,2024-02-22,6,6,0,2532.00,422.0,16,2.0,9,CAT13,2025-05-22,2025-09-23,7,586,0.0,0.1667,0.1667,0.0,0,
CUST02674,C02,2024-09-11,28,23,1,7866.85,342.04,65,1.83,13,CAT17,2025-04-03,2025-09-28,2,384,0.0357,0.6786,0.25,0.1739,3,3.0
CUST02675,C02,2025-08-06,1,1,0,900.00,900.0,6,5.0,5,CAT12,2025-09-01,2025-09-01,29,55,0.0,1.0,0.0,1.0,1,3.0
CUST02676,C03,2023-07-28,7,7,0,4846.00,692.29,26,2.71,9,CAT13,2025-04-02,2025-09-03,27,795,0.0,0.1429,0.1429,0.0,1,5.0
CUST02677,C01,2024-09-09,5,5,0,2340.30,468.06,20,3.2,10,CAT03,2025-04-04,2025-07-03,89,386,0.0,0.2,0.0,0.4,1,5.0
CUST02678,C02,2025-08-19,0,0,0,0.00,,0,,0,,,,,42,,,,,0,
CUST02679,C01,2024-01-04,1,1,0,518.00,518.0,2,2.0,2,CAT15,2025-09-20,2025-09-20,10,635,0.0,0.0,1.0,0.0,0,
CUST02680,C03,2023-05-02,4,4,0,1930.00,482.5,14,2.5,10,CAT17,2025-05-21,2025-09-02,28,882,0.0,0.0,0.25,0.25,0,
CUST02681,C01,2023-04-14,3,3,0,3743.10,1247.7,17,4.0,8,CAT19,2025-04-18,2025-06-02,120,900,0.0,0.3333,0.3333,0.6667,0,
CUST02682,C03,2023-10-29,4,4,0,2653.40,663.35,17,3.0,8,CAT17,2025-05-04,2025-08-05,56,702,0.0,0.25,0.25,0.25,0,
CUST02683,C01,2023-03-02,9,8,1,7739.00,967.38,41,3.75,14,CAT01,2025-04-13,2025-09-04,26,943,0.1111,0.1111,0.3333,0.0,4,4.75
CUST02684,C02,2024-07-08,7,7,0,3895.60,556.51,29,3.43,11,CAT05,2025-04-18,2025-08-30,31,449,0.0,0.2857,0.5714,0.2857,0,
CUST02685,C02,2023-01-19,0,0,0,0.00,,0,,0,,,,,985,,,,,0,
CUST02686,C01,2025-07-29,1,1,0,508.00,508.0,6,4.0,4,CAT10,2025-09-02,2025-09-02,28,63,0.0,1.0,0.0,0.0,1,2.0
CUST02687,C01,2024-01-26,3,3,0,3148.00,1049.33,11,2.33,7,CAT16,2025-07-06,2025-08-28,33,613,0.0,0.3333,0.3333,0.0,2,5.0
CUST02688,C02,2024-08-06,2,1,1,158.00,158.0,2,1.0,1,CAT05,2025-08-06,2025-08-06,55,420,0.5,0.5,0.0,0.0,0,
CUST02689,C03,2025-01-18,0,0,0,0.00,,0,,0,,,,,255,,,,,0,
CUST02690,C03,2024-08-18,15,15,0,10311.10,687.41,66,3.07,11,CAT05,2025-04-11,2025-09-21,9,408,0.0,0.2,0.4,0.2667,6,4.0
CUST02691,C03,2025-06-17,3,3,0,1307.60,435.87,9,2.67,7,CAT18,2025-06-18,2025-07-11,81,105,0.0,0.0,0.0,0.3333,1,1.0
CUST02692,C03,2023-12-01,3,3,0,644.80,214.93,6,2.0,4,CAT15,2025-07-29,2025-09-14,16,669,0.0,0.6667,0.3333,0.6667,0,
CUST02693,C01,2023-07-28,9,8,0,4864.60,608.08,27,2.13,9,CAT08,2025-04-16,2025-08-17,44,795,0.0,0.7778,0.5556,0.375,1,2.0
CUST02694,C02,2024-10-12,6,6,0,3664.00,610.67,19,2.5,9,CAT08,2025-04-08,2025-09-12,18,353,0.0,0.6667,0.0,0.0,1,5.0
CUST02695,C01,2025-03-04,10,10,0,10413.00,1041.3,35,2.4,9,CAT19,2025-04-16,2025-09-03,27,210,0.0,0.2,0.2,0.0,0,
CUST02696,C02,2023-11-16,4,3,0,748.00,249.33,4,1.0,3,CAT12,2025-04-11,2025-09-22,8,684,0.0,0.5,0.0,0.0,1,5.0
CUST02697,C01,2024-02-10,9,8,0,4814.10,601.76,48,3.5,14,CAT05,2025-04-11,2025-09-11,19,598,0.0,0.3333,0.0,0.5,0,
CUST02698,C01,2023-05-03,5,5,0,4061.40,812.28,21,2.8,10,CAT15,2025-04-11,2025-08-28,33,881,0.0,1.0,0.2,0.2,0,
CUST02699,C01,2023-03-13,9,9,0,2166.10,240.68,22,2.0,8,CAT12,2025-04-26,2025-09-10,20,932,0.0,0.5556,0.4444,0.3333,1,2.0
CUST02700,C02,2024-05-26,11,6,2,14628.20,2438.03,88,3.5,12,CAT03,2025-04-08,2025-09-18,12,492,0.1818,0.3636,0.3636,0.3333,2,4.0
CUST02701,C02,2023-11-14,10,7,2,2415.00,345.0,26,2.57,10,CAT11,2025-05-07,2025-09-06,24,686,0.2,0.1,0.2,0.4286,3,4.0
CUST02702,C02,2023-09-03,5,5,0,1929.00,385.8,13,1.8,7,CAT19,2025-05-01,2025-09-13,17,758,0.0,0.6,0.6,0.0,0,
CUST02703,C01,2025-02-12,4,4,0,1681.00,420.25,14,2.0,7,CAT18,2025-04-10,2025-09-20,10,230,0.0,0.5,0.5,0.0,1,5.0
CUST02704,C01,2023-12-29,4,4,0,4675.30,1168.83,31,4.75,9,CAT10,2025-04-19,2025-09-14,16,641,0.0,0.25,1.0,0.75,2,3.5
CUST02705,C01,2024-01-27,5,4,1,9374.90,2343.73,37,5.75,11,CAT13,2025-05-17,2025-09-28,2,612,0.2,0.0,0.4,0.5,1,4.0
CUST02706,C02,2024-04-10,5,5,0,1731.40,346.28,15,2.0,6,CAT08,2025-04-09,2025-06-23,99,538,0.0,0.4,0.4,0.4,1,5.0
CUST02707,C02,2025-07-02,3,3,0,1165.80,388.6,9,2.0,5,CAT03,2025-07-09,2025-09-15,15,90,0.0,0.3333,0.3333,0.3333,2,2.5
CUST02708,C03,2024-08-04,6,6,0,9062.00,1510.33,32,4.0,13,CAT17,2025-04-12,2025-09-01,29,422,0.0,0.1667,0.3333,0.0,0,
CUST02709,C01,2024-07-06,2,1,1,735.00,735.0,4,3.0,3,CAT18,2025-04-25,2025-04-25,158,451,0.5,0.0,0.5,0.0,0,
CUST02710,C01,2024-09-19,2,2,0,1113.20,556.6,5,2.0,4,CAT14,2025-04-25,2025-08-10,51,376,0.0,1.0,0.5,0.5,1,2.0
CUST02711,C02,2023-06-18,3,3,0,1210.00,403.33,10,2.33,6,CAT15,2025-06-23,2025-08-02,59,835,0.0,0.6667,0.3333,0.0,0,
CUST02712,C01,2023-07-16,6,5,1,1347.00,269.4,15,2.2,9,CAT12,2025-04-25,2025-09-30,0,807,0.1667,0.3333,0.0,0.0,1,4.0
CUST02713,C03,2025-05-17,9,7,2,7280.65,1040.09,50,4.43,12,CAT05,2025-05-17,2025-07-22,70,136,0.2222,0.0,0.3333,0.2857,2,2.5
CUST02714,C03,2023-10-27,15,12,2,11732.60,977.72,60,3.33,17,CAT05,2025-04-12,2025-09-25,5,704,0.1333,0.1333,0.2,0.1667,3,3.0
CUST02715,C01,2025-07-08,1,1,0,1586.60,1586.6,7,5.0,5,CAT15,2025-07-20,2025-07-20,72,84,0.0,0.0,1.0,1.0,0,
CUST02716,C02,2023-01-14,2,1,1,663.00,663.0,7,2.0,2,CAT03,2025-07-03,2025-07-03,89,990,0.5,0.5,0.0,0.0,0,
CUST02717,C03,2023-01-13,3,3,0,2230.75,743.58,13,3.33,8,CAT17,2025-07-23,2025-08-20,41,991,0.0,0.6667,0.0,0.3333,1,3.0
CUST02718,C03,2024-12-30,6,6,0,2265.40,377.57,22,2.17,8,CAT13,2025-05-17,2025-08-14,47,274,0.0,0.5,0.3333,0.5,1,5.0
CUST02719,C03,2025-06-30,1,1,0,144.00,144.0,2,1.0,1,CAT09,2025-07-16,2025-07-16,76,92,0.0,1.0,0.0,0.0,0,
CUST02720,C03,2024-03-06,0,0,0,0.00,,0,,0,,,,,573,,,,,0,
CUST02721,C03,2024-09-10,11,9,1,12104.25,1344.92,52,3.89,14,CAT15,2025-04-06,2025-07-22,70,385,0.0909,0.2727,0.5455,0.4444,1,4.0
CUST02722,C03,2023-09-26,7,7,0,2265.00,323.57,15,1.71,9,CAT12,2025-04-11,2025-09-28,2,735,0.0,0.7143,0.4286,0.0,1,5.0
CUST02723,C03,2023-10-14,25,22,0,11579.60,526.35,97,3.14,17,CAT05,2025-04-08,2025-09-15,15,717,0.0,0.08,0.44,0.2273,4,3.75
CUST02724,C02,2024-06-03,15,15,0,17467.50,1164.5,61,2.87,14,CAT17,2025-04-04,2025-09-23,7,484,0.0,0.0667,0.4,0.2,4,4.0
CUST02725,C01,2025-05-27,6,5,1,4492.00,898.4,32,4.4,11,CAT18,2025-06-10,2025-08-08,53,126,0.1667,0.0,0.3333,0.0,1,5.0
CUST02726,C02,2024-11-02,2,1,0,379.00,379.0,4,3.0,3,CAT04,2025-04-06,2025-05-01,152,332,0.0,0.0,0.5,0.0,1,4.0
CUST02727,C01,2023-03-26,7,5,1,2105.60,421.12,22,2.6,7,CAT12,2025-05-15,2025-09-04,26,919,0.1429,0.5714,0.1429,0.2,1,4.0
CUST02728,C02,2024-09-02,2,2,0,1925.00,962.5,9,3.5,7,CAT17,2025-04-30,2025-09-02,28,393,0.0,0.0,0.0,0.0,0,
CUST02729,C01,2023-06-28,4,4,0,1359.15,339.79,7,1.5,5,CAT17,2025-05-05,2025-08-24,37,825,0.0,0.5,0.25,0.25,1,5.0
CUST02730,C01,2023-11-25,3,3,0,5700.00,1900.0,27,6.67,8,CAT15,2025-05-08,2025-08-10,51,675,0.0,0.0,0.6667,0.3333,0,
CUST02731,C02,2023-07-10,1,1,0,1432.40,1432.4,4,3.0,3,CAT15,2025-04-18,2025-04-18,165,813,0.0,0.0,0.0,1.0,0,
CUST02732,C01,2025-05-17,7,6,0,1928.20,321.37,29,3.33,11,CAT02,2025-06-03,2025-09-28,2,136,0.0,0.0,0.5714,0.1667,1,5.0
CUST02733,C01,2023-12-31,3,3,0,2207.20,735.73,12,2.0,3,CAT16,2025-04-15,2025-07-02,90,639,0.0,0.0,0.0,0.3333,1,2.0
CUST02734,C01,2025-07-14,3,2,0,333.90,166.95,7,2.0,4,CAT13,2025-08-16,2025-09-30,0,78,0.0,0.0,0.3333,0.5,0,
CUST02735,C02,2023-03-19,19,13,4,7930.40,610.03,63,3.54,17,CAT05,2025-04-04,2025-09-15,15,926,0.2105,0.2105,0.3684,0.1538,4,2.75
CUST02736,C03,2024-01-13,30,24,5,9859.60,410.82,68,1.88,13,CAT17,2025-04-06,2025-09-24,6,626,0.1667,0.6667,0.3667,0.1667,3,2.33
CUST02737,C02,2024-04-09,4,3,1,2148.55,716.18,15,3.33,9,CAT01,2025-04-26,2025-06-14,108,539,0.25,0.25,0.5,0.3333,1,4.0
CUST02738,C02,2025-05-15,5,3,2,577.00,192.33,7,1.67,5,CAT16,2025-06-14,2025-09-21,9,138,0.4,0.4,0.6,0.0,1,5.0
CUST02739,C03,2024-01-09,8,5,2,7560.40,1512.08,37,5.2,11,CAT15,2025-04-12,2025-08-03,58,630,0.25,0.0,0.625,0.2,1,5.0
CUST02740,C02,2025-09-29,0,0,0,0.00,,0,,0,,,,,1,,,,,0,
CUST02741,C03,2024-05-07,2,2,0,341.00,170.5,3,1.5,3,CAT08,2025-04-04,2025-08-02,59,511,0.0,1.0,0.5,0.0,0,
CUST02742,C03,2025-04-12,1,1,0,1385.45,1385.45,3,3.0,3,CAT17,2025-06-08,2025-06-08,114,171,0.0,1.0,1.0,1.0,0,
CUST02743,C02,2023-07-09,1,1,0,868.00,868.0,4,3.0,2,CAT13,2025-07-31,2025-07-31,61,814,0.0,1.0,0.0,0.0,0,
CUST02744,C03,2023-08-10,19,18,0,15042.10,835.67,84,3.94,18,CAT05,2025-04-09,2025-09-23,7,782,0.0,0.2105,0.2632,0.2222,2,3.5
CUST02745,C01,2025-07-07,6,5,1,8299.00,1659.8,38,5.6,16,CAT15,2025-07-10,2025-08-23,38,85,0.1667,0.3333,0.3333,0.2,1,5.0
CUST02746,C02,2025-03-25,0,0,0,0.00,,0,,0,,,,,189,,,,,0,
CUST02747,C01,2024-02-11,6,6,0,3918.40,653.07,17,2.17,8,CAT15,2025-05-01,2025-08-25,36,597,0.0,0.1667,0.3333,0.3333,2,3.5
CUST02748,C03,2023-11-28,0,0,0,0.00,,0,,0,,,,,672,,,,,0,
CUST02749,C02,2024-08-23,15,15,0,6222.45,414.83,48,2.73,12,CAT05,2025-04-17,2025-09-23,7,403,0.0,0.2667,0.3333,0.2667,2,4.0
CUST02750,C01,2025-02-06,5,5,0,1047.10,209.42,8,1.4,6,CAT19,2025-04-09,2025-09-22,8,236,0.0,0.6,0.2,0.4,0,
CUST02751,C03,2024-02-16,6,6,0,12709.20,2118.2,44,5.17,13,CAT15,2025-05-25,2025-09-12,18,592,0.0,0.1667,0.6667,0.1667,0,
CUST02752,C02,2023-05-18,13,13,0,13232.30,1017.87,70,3.69,17,CAT17,2025-04-07,2025-08-20,41,866,0.0,0.1538,0.0769,0.1538,3,3.33
CUST02753,C03,2025-04-24,7,7,0,4831.50,690.21,40,3.14,9,CAT05,2025-06-01,2025-09-14,16,159,0.0,0.2857,0.4286,0.1429,2,5.0
CUST02754,C01,2025-05-14,6,4,2,4272.00,1068.0,15,2.0,5,CAT11,2025-05-17,2025-09-20,10,139,0.3333,0.0,0.8333,0.0,0,
CUST02755,C01,2025-06-15,0,0,0,0.00,,0,,0,,,,,107,,,,,0,
CUST02756,C02,2024-12-23,0,0,0,0.00,,0,,0,,,,,281,,,,,0,
CUST02757,C01,2024-07-18,7,5,1,5589.60,1117.92,34,4.0,10,CAT05,2025-04-05,2025-09-28,2,439,0.1429,0.1429,0.5714,0.4,1,3.0
CUST02758,C01,2023-07-03,10,9,1,14215.60,1579.51,61,4.44,14,CAT15,2025-04-22,2025-09-03,27,820,0.1,0.2,0.2,0.4444,1,3.0
CUST02759,C03,2024-07-17,1,1,0,139.00,139.0,1,1.0,1,CAT08,2025-06-26,2025-06-26,96,440,0.0,0.0,0.0,0.0,0,
CUST02760,C03,2023-08-10,8,5,2,2779.80,555.96,10,1.4,5,CAT15,2025-04-17,2025-08-11,50,782,0.25,0.125,0.125,0.4,1,3.0
CUST02761,C01,2024-07-02,10,10,0,10669.30,1066.93,54,4.2,15,CAT10,2025-04-19,2025-09-14,16,455,0.0,0.2,0.4,0.3,1,5.0
CUST02762,C02,2025-02-25,2,2,0,560.00,280.0,8,3.0,3,CAT06,2025-05-15,2025-08-21,40,217,0.0,0.5,0.0,0.0,1,4.0
CUST02763,C02,2025-03-31,9,7,1,5017.00,716.71,31,3.14,11,CAT11,2025-04-13,2025-09-08,22,183,0.1111,0.1111,0.2222,0.0,3,4.0
CUST02764,C01,2024-06-18,2,1,1,387.00,387.0,3,3.0,3,CAT18,2025-05-31,2025-09-04,26,469,0.5,0.5,0.5,0.0,0,
CUST02765,C02,2023-06-07,10,10,0,12626.00,1262.6,30,2.1,9,CAT17,2025-04-05,2025-09-14,16,846,0.0,0.3,0.5,0.0,0,
CUST02766,C02,2025-02-26,6,6,0,1262.50,210.42,14,1.67,6,CAT03,2025-04-03,2025-09-28,2,216,0.0,0.5,0.5,0.5,3,4.33
CUST02767,C02,2025-07-12,6,5,1,1643.00,328.6,13,2.0,8,CAT20,2025-07-14,2025-09-29,1,80,0.1667,0.6667,0.3333,0.0,2,4.5
CUST02768,C02,2025-04-10,1,1,0,1335.00,1335.0,6,6.0,5,CAT15,2025-05-13,2025-05-13,140,173,0.0,0.0,0.0,0.0,0,
CUST02769,C03,2025-04-07,4,4,0,957.00,239.25,11,2.0,6,CAT05,2025-04-19,2025-07-07,85,176,0.0,0.25,0.5,0.25,0,
CUST02770,C02,2023-03-09,3,3,0,1507.00,502.33,9,3.0,7,CAT18,2025-06-17,2025-09-28,2,936,0.0,0.0,0.3333,0.0,0,
CUST02771,C02,2024-08-14,7,7,0,3116.75,445.25,23,2.0,8,CAT12,2025-05-10,2025-09-13,17,412,0.0,0.5714,0.7143,0.1429,1,4.0
CUST02772,C01,2025-01-02,15,14,0,14758.30,1054.16,64,3.14,16,CAT17,2025-04-11,2025-09-04,26,271,0.0,0.2667,0.1333,0.1429,5,3.2
CUST02773,C02,2023-06-17,7,7,0,14087.20,2012.46,49,5.43,12,CAT15,2025-04-01,2025-09-20,10,836,0.0,0.0,0.7143,0.1429,2,1.5
CUST02774,C02,2024-01-16,4,4,0,6781.80,1695.45,19,3.25,9,CAT17,2025-04-20,2025-06-25,97,623,0.0,0.25,0.5,0.25,0,
CUST02775,C02,2025-08-02,0,0,0,0.00,,0,,0,,,,,59,,,,,0,
CUST02776,C03,2024-12-20,1,1,0,363.00,363.0,4,3.0,3,CAT11,2025-04-23,2025-04-23,160,284,0.0,0.0,0.0,0.0,0,
CUST02777,C01,2025-04-21,6,6,0,6877.00,1146.17,35,3.17,11,CAT15,2025-05-29,2025-09-24,6,162,0.0,0.1667,0.1667,0.0,2,5.0
CUST02778,C02,2025-03-04,2,2,0,965.50,482.75,10,3.0,5,CAT12,2025-06-07,2025-06-07,115,210,0.0,1.0,1.0,0.5,0,
CUST02779,C03,2025-09-16,0,0,0,0.00,,0,,0,,,,,14,,,,,0,
CUST02780,C01,2025-05-22,3,3,0,1820.00,606.67,9,2.0,6,CAT14,2025-06-06,2025-07-26,66,131,0.0,0.6667,0.3333,0.0,0,
CUST02781,C02,2023-07-02,8,8,0,4364.40,545.55,25,2.25,12,CAT16,2025-04-28,2025-09-13,17,821,0.0,0.25,0.125,0.375,2,3.0
CUST02782,C02,2024-10-24,4,4,0,2041.00,510.25,12,2.25,5,CAT18,2025-04-19,2025-06-17,105,341,0.0,0.0,0.25,0.0,0,
CUST02783,C01,2025-05-06,2,2,0,1053.00,526.5,12,2.5,2,CAT07,2025-07-27,2025-09-08,22,147,0.0,1.0,0.5,0.0,0,
CUST02784,C03,2024-05-05,1,1,0,252.00,252.0,4,4.0,4,CAT06,2025-09-22,2025-09-22,8,513,0.0,1.0,0.0,0.0,0,
CUST02785,C02,2023-05-21,6,6,0,10238.20,1706.37,46,6.17,13,CAT17,2025-05-18,2025-09-18,12,863,0.0,0.0,0.5,0.1667,0,
CUST02786,C01,2025-07-03,1,1,0,552.30,552.3,3,3.0,3,CAT14,2025-09-04,2025-09-04,26,89,0.0,0.0,0.0,1.0,1,5.0
CUST02787,C03,2024-06-13,8,7,1,7402.40,1057.49,51,4.43,14,CAT11,2025-04-26,2025-09-13,17,474,0.125,0.0,0.375,0.1429,1,4.0
CUST02788,C02,2023-11-22,6,5,1,954.00,190.8,10,1.8,6,CAT05,2025-04-06,2025-09-21,9,678,0.1667,0.3333,0.5,0.2,0,
CUST02789,C01,2024-08-04,5,5,0,4620.40,924.08,34,4.2,12,CAT03,2025-05-13,2025-09-10,20,422,0.0,0.2,0.0,0.4,1,4.0
CUST02790,C02,2023-01-20,3,3,0,6915.00,2305.0,26,5.33,8,CAT15,2025-04-13,2025-07-16,76,984,0.0,0.0,0.3333,0.0,1,3.0
CUST02791,C02,2024-02-05,3,2,0,4183.55,2091.78,21,5.5,9,CAT14,2025-05-04,2025-08-03,58,603,0.0,0.0,0.6667,0.5,0,
CUST02792,C01,2025-02-08,11,8,3,12336.10,1542.01,55,5.0,17,CAT14,2025-04-25,2025-09-28,2,234,0.2727,0.2727,0.3636,0.125,1,3.0
CUST02793,C02,2023-06-24,26,24,2,18495.90,770.66,92,3.04,17,CAT17,2025-04-21,2025-09-26,4,829,0.0769,0.1538,0.3077,0.2083,2,5.0
CUST02794,C03,2025-06-17,6,6,0,1997.00,332.83,13,1.67,7,CAT15,2025-06-17,2025-08-16,45,105,0.0,0.6667,0.3333,0.1667,1,3.0
CUST02795,C03,2023-01-23,2,2,0,989.85,494.93,6,2.5,5,CAT16,2025-04-19,2025-08-28,33,981,0.0,0.5,0.5,1.0,2,3.5
CUST02796,C02,2024-08-15,14,10,4,7931.70,793.17,44,3.4,13,CAT17,2025-05-17,2025-09-19,11,411,0.2857,0.1429,0.4286,0.2,1,3.0
CUST02797,C03,2025-01-10,5,4,0,1429.00,357.25,10,2.25,5,CAT18,2025-04-14,2025-09-23,7,263,0.0,0.8,0.0,0.0,2,3.5
CUST02798,C03,2025-08-22,0,0,0,0.00,,0,,0,,,,,39,,,,,0,
CUST02799,C03,2023-07-10,2,1,0,1615.00,1615.0,5,2.0,2,CAT19,2025-05-14,2025-05-14,139,813,0.0,0.0,0.0,0.0,0,
CUST02800,C01,2025-09-07,1,1,0,1221.00,1221.0,7,5.0,5,CAT05,2025-09-24,2025-09-24,6,23,0.0,0.0,0.0,0.0,0,
CUST02801,C02,2024-05-07,1,1,0,45.00,45.0,1,1.0,1,CAT04,2025-08-30,2025-08-30,31,511,0.0,0.0,1.0,0.0,0,
CUST02802,C03,2023-07-23,10,7,2,2727.00,389.57,20,2.0,9,CAT17,2025-04-07,2025-08-29,32,800,0.2,0.1,0.1,0.1429,1,2.0
CUST02803,C03,2025-06-28,2,2,0,2854.00,1427.0,13,4.5,8,CAT17,2025-09-11,2025-09-26,4,94,0.0,0.0,0.0,0.0,0,
CUST02804,C03,2024-05-19,15,12,2,4314.00,359.5,40,2.58,11,CAT03,2025-04-02,2025-09-03,27,499,0.1333,0.2,0.2,0.0,4,4.75
CUST02805,C01,2025-07-18,4,4,0,1544.60,386.15,14,3.0,5,CAT08,2025-07-23,2025-08-22,39,74,0.0,0.75,0.0,0.25,1,1.0
CUST02806,C01,2024-08-20,1,1,0,1046.00,1046.0,5,4.0,4,CAT14,2025-05-14,2025-05-14,139,406,0.0,0.0,0.0,0.0,0,
CUST02807,C03,2024-12-15,0,0,0,0.00,,0,,0,,,,,289,,,,,0,
CUST02808,C02,2023-06-22,5,5,0,9756.00,1951.2,34,5.6,12,CAT15,2025-05-09,2025-09-20,10,831,0.0,0.2,0.4,0.0,3,3.33
CUST02809,C01,2023-02-26,21,18,3,13435.30,746.41,79,3.06,15,CAT17,2025-04-02,2025-09-30,0,947,0.1429,0.1429,0.1429,0.1667,3,3.0
CUST02810,C03,2023-02-07,5,5,0,1298.40,259.68,12,2.4,6,CAT05,2025-04-11,2025-08-06,55,966,0.0,0.4,0.4,0.2,2,4.5
CUST02811,C03,2023-04-20,0,0,0,0.00,,0,,0,,,,,894,,,,,0,
CUST02812,C03,2023-03-20,1,1,0,217.55,217.55,1,1.0,1,CAT18,2025-05-02,2025-05-02,151,925,0.0,1.0,0.0,1.0,1,4.0
CUST02813,C03,2023-10-24,6,6,0,4220.00,703.33,23,3.0,10,CAT01,2025-04-16,2025-09-13,17,707,0.0,0.3333,0.3333,0.0,0,
CUST02814,C03,2025-01-21,5,4,1,7536.85,1884.21,32,5.25,11,CAT15,2025-04-17,2025-08-27,34,252,0.2,0.4,0.2,0.75,0,
CUST02815,C02,2025-03-17,14,13,1,5960.80,458.52,39,2.15,10,CAT17,2025-05-06,2025-09-18,12,197,0.0714,0.5714,0.1429,0.1538,2,4.5
CUST02816,C02,2023-06-09,1,1,0,1303.00,1303.0,4,2.0,2,CAT16,2025-05-06,2025-05-06,147,844,0.0,0.0,0.0,0.0,0,
CUST02817,C03,2025-02-25,10,8,1,2420.00,302.5,23,1.88,8,CAT12,2025-04-27,2025-08-26,35,217,0.1,0.7,0.1,0.25,2,2.5
CUST02818,C03,2023-10-16,6,6,0,2357.15,392.86,21,2.83,10,CAT10,2025-05-24,2025-09-25,5,715,0.0,0.1667,0.3333,0.3333,0,
CUST02819,C02,2024-11-12,2,2,0,1027.00,513.5,7,2.0,3,CAT19,2025-05-02,2025-06-16,106,322,0.0,1.0,0.0,0.0,0,
CUST02820,C03,2024-09-30,8,8,0,9063.00,1132.88,34,2.75,11,CAT13,2025-04-24,2025-09-20,10,365,0.0,0.0,0.25,0.0,1,3.0
CUST02821,C01,2025-03-17,1,1,0,38.00,38.0,1,1.0,1,CAT04,2025-05-14,2025-05-14,139,197,0.0,1.0,0.0,0.0,0,
CUST02822,C02,2025-07-26,2,2,0,1984.50,992.25,13,4.5,7,CAT05,2025-08-21,2025-09-06,24,66,0.0,0.0,0.5,0.5,0,
CUST02823,C01,2025-09-21,0,0,0,0.00,,0,,0,,,,,9,,,,,0,
CUST02824,C03,2023-12-06,2,2,0,1692.60,846.3,7,3.0,6,CAT11,2025-04-17,2025-09-02,28,664,0.0,0.5,0.0,1.0,0,
CUST02825,C03,2023-10-27,3,3,0,3419.60,1139.87,19,5.33,9,CAT05,2025-05-09,2025-06-12,110,704,0.0,0.0,0.0,0.3333,1,4.0
CUST02826,C03,2024-08-12,8,8,0,2506.00,313.25,26,2.25,9,CAT09,2025-04-27,2025-09-18,12,414,0.0,0.875,0.25,0.0,1,3.0
CUST02827,C03,2023-01-19,2,2,0,1127.20,563.6,7,3.0,6,CAT15,2025-04-08,2025-06-09,113,985,0.0,0.5,0.0,0.5,0,
CUST02828,C02,2024-11-08,7,6,0,3076.10,512.68,22,1.83,9,CAT13,2025-05-02,2025-09-13,17,326,0.0,0.1429,0.1429,0.3333,2,3.5
CUST02829,C01,2023-08-30,2,2,0,504.75,252.38,5,2.0,3,CAT03,2025-07-09,2025-09-25,5,762,0.0,0.5,0.0,0.5,0,
CUST02830,C02,2024-11-17,6,6,0,10576.20,1762.7,39,4.33,14,CAT15,2025-05-19,2025-09-27,3,317,0.0,0.3333,0.6667,0.1667,0,
CUST02831,C03,2023-06-30,6,5,1,2973.20,594.64,16,2.8,10,CAT15,2025-04-17,2025-07-02,90,823,0.1667,0.1667,0.6667,0.2,0,
CUST02832,C02,2024-11-20,19,17,2,11069.00,651.12,95,3.65,16,CAT05,2025-04-14,2025-09-26,4,314,0.1053,0.0526,0.3158,0.2353,2,4.0
CUST02833,C02,2024-09-21,11,9,2,5195.80,577.31,40,3.33,12,CAT01,2025-04-21,2025-09-22,8,374,0.1818,0.1818,0.1818,0.3333,1,5.0
CUST02834,C03,2024-04-12,8,6,1,3386.00,564.33,29,3.5,10,CAT19,2025-05-08,2025-09-02,28,536,0.125,0.125,0.0,0.1667,3,4.0
CUST02835,C03,2025-03-18,1,1,0,1767.00,1767.0,6,5.0,5,CAT10,2025-07-12,2025-07-12,80,196,0.0,1.0,1.0,0.0,0,
CUST02836,C03,2023-03-31,15,13,1,13028.80,1002.22,64,3.38,17,CAT17,2025-04-06,2025-09-12,18,914,0.0667,0.3333,0.4,0.1538,3,3.33
CUST02837,C03,2025-07-06,1,0,1,0.00,,0,,0,,2025-07-15,,,86,1.0,0.0,0.0,,0,
CUST02838,C01,2024-01-30,17,14,1,13686.45,977.6,68,3.07,16,CAT15,2025-04-10,2025-09-24,6,609,0.0588,0.1176,0.1765,0.4286,1,1.0
CUST02839,C03,2024-08-25,11,8,1,4666.40,583.3,32,2.75,10,CAT05,2025-04-17,2025-09-16,14,401,0.0909,0.1818,0.2727,0.25,0,
CUST02840,C03,2023-04-07,3,3,0,2134.80,711.6,18,4.33,6,CAT03,2025-04-30,2025-07-19,73,907,0.0,0.0,0.3333,0.3333,0,
CUST02841,C03,2025-05-26,6,6,0,3447.20,574.53,24,3.0,12,CAT08,2025-06-03,2025-08-05,56,127,0.0,0.8333,0.1667,0.6667,1,2.0
CUST02842,C02,2024-07-30,2,2,0,802.00,401.0,7,2.0,4,CAT08,2025-04-29,2025-06-13,109,427,0.0,0.5,0.0,0.0,1,5.0
CUST02843,C01,2025-04-13,7,7,0,11219.00,1602.71,38,4.14,11,CAT17,2025-04-20,2025-09-20,10,170,0.0,0.1429,0.7143,0.0,1,2.0
CUST02844,C03,2023-11-02,16,14,1,10098.80,721.34,65,3.57,14,CAT15,2025-04-04,2025-09-20,10,698,0.0625,0.1875,0.25,0.4286,5,4.8
CUST02845,C03,2024-08-15,9,8,1,1973.95,246.74,18,1.88,10,CAT18,2025-04-25,2025-09-28,2,411,0.1111,0.4444,0.4444,0.375,1,5.0
CUST02846,C03,2023-10-20,12,12,0,7222.00,601.83,52,3.17,14,CAT03,2025-04-02,2025-09-13,17,711,0.0,0.1667,0.1667,0.0,2,4.5
CUST02847,C01,2023-09-20,7,7,0,1872.60,267.51,24,3.0,9,CAT12,2025-04-10,2025-09-30,0,741,0.0,0.5714,0.1429,0.1429,1,4.0
CUST02848,C02,2025-08-21,2,2,0,939.00,469.5,9,2.0,4,CAT03,2025-09-07,2025-09-18,12,40,0.0,0.0,0.5,0.0,0,
CUST02849,C01,2024-04-24,3,3,0,1389.00,463.0,7,1.33,3,CAT09,2025-04-06,2025-06-17,105,524,0.0,0.6667,0.3333,0.0,0,
CUST02850,C03,2024-02-04,8,8,0,8967.20,1120.9,40,3.25,11,CAT01,2025-04-14,2025-09-17,13,604,0.0,0.125,0.375,0.125,1,4.0
CUST02851,C02,2024-12-29,2,2,0,875.80,437.9,9,3.5,4,CAT04,2025-04-08,2025-09-15,15,275,0.0,0.0,0.0,0.5,0,
CUST02852,C03,2025-02-07,10,9,1,5040.50,560.06,32,2.67,13,CAT11,2025-04-11,2025-09-27,3,235,0.1,0.2,0.4,0.2222,1,3.0
CUST02853,C03,2024-01-28,2,1,0,1504.50,1504.5,5,4.0,3,CAT17,2025-08-02,2025-08-02,59,611,0.0,0.5,0.5,1.0,1,5.0
CUST02854,C02,2023-08-14,4,3,1,747.30,249.1,8,2.0,6,CAT11,2025-06-02,2025-08-19,42,778,0.25,0.5,0.5,0.3333,0,
CUST02855,C01,2023-04-10,3,3,0,975.00,325.0,5,1.67,5,CAT16,2025-06-06,2025-09-19,11,904,0.0,0.3333,0.0,0.6667,0,
CUST02856,C03,2023-09-29,4,4,0,6532.20,1633.05,28,5.0,10,CAT15,2025-06-12,2025-08-30,31,732,0.0,0.0,0.75,0.25,2,3.5
CUST02857,C03,2024-04-18,5,5,0,4252.50,850.5,23,3.4,11,CAT05,2025-04-30,2025-09-22,8,530,0.0,0.2,0.2,0.6,3,4.0
CUST02858,C03,2025-05-28,1,1,0,1036.00,1036.0,2,2.0,2,CAT17,2025-07-16,2025-07-16,76,125,0.0,0.0,0.0,0.0,0,
CUST02859,C01,2024-02-17,2,2,0,1258.00,629.0,9,4.5,5,CAT05,2025-07-15,2025-08-13,48,591,0.0,0.0,0.0,0.0,0,
CUST02860,C02,2023-02-21,16,12,1,9249.05,770.75,52,3.5,16,CAT17,2025-04-05,2025-09-11,19,952,0.0625,0.0625,0.25,0.1667,2,3.5
CUST02861,C01,2025-06-09,1,1,0,2162.00,2162.0,7,5.0,4,CAT16,2025-07-19,2025-07-19,73,113,0.0,1.0,1.0,0.0,0,
CUST02862,C03,2025-09-10,0,0,0,0.00,,0,,0,,,,,20,,,,,0,
CUST02863,C01,2025-05-23,2,0,0,0.00,,0,,0,,2025-07-16,,,130,0.0,0.0,0.5,,2,2.0
CUST02864,C03,2024-08-03,0,0,0,0.00,,0,,0,,,,,423,,,,,0,
CUST02865,C02,2024-05-18,1,1,0,1519.80,1519.8,3,2.0,2,CAT17,2025-08-09,2025-08-09,52,500,0.0,1.0,1.0,1.0,1,5.0
CUST02866,C02,2025-07-01,1,1,0,277.00,277.0,4,2.0,2,CAT08,2025-08-23,2025-08-23,38,91,0.0,0.0,1.0,0.0,0,
CUST02867,C02,2024-11-21,8,7,0,12150.00,1735.71,52,4.86,13,CAT15,2025-04-02,2025-09-28,2,313,0.0,0.125,0.875,0.0,1,4.0
CUST02868,C02,2024-03-05,3,2,0,771.00,385.5,5,2.0,4,CAT12,2025-05-28,2025-08-04,57,574,0.0,0.3333,0.0,0.0,0,
CUST02869,C01,2024-10-03,9,7,2,1972.00,281.71,17,2.14,7,CAT05,2025-04-23,2025-09-28,2,362,0.2222,0.1111,0.4444,0.0,0,
CUST02870,C03,2025-08-18,2,2,0,1671.00,835.5,7,2.5,5,CAT14,2025-08-24,2025-09-22,8,43,0.0,0.0,0.5,0.0,0,
CUST02871,C01,2024-09-15,3,2,1,368.00,184.0,3,1.0,2,CAT16,2025-04-24,2025-05-31,122,380,0.3333,0.6667,0.6667,0.0,0,
CUST02872,C01,2023-10-05,4,4,0,1873.00,468.25,17,3.0,9,CAT15,2025-04-18,2025-08-13,48,726,0.0,0.25,0.25,0.0,1,2.0
CUST02873,C01,2025-06-16,0,0,0,0.00,,0,,0,,,,,106,,,,,0,
CUST02874,C01,2024-10-14,3,2,0,919.80,459.9,4,1.5,3,CAT08,2025-04-11,2025-07-23,69,351,0.0,1.0,0.0,0.5,0,
CUST02875,C03,2025-04-24,3,2,0,1662.00,831.0,8,3.0,6,CAT15,2025-06-03,2025-08-16,45,159,0.0,0.3333,0.3333,0.0,0,
CUST02876,C02,2025-03-20,3,3,0,348.20,116.07,3,1.0,3,CAT13,2025-05-09,2025-06-23,99,194,0.0,0.3333,0.0,0.3333,0,
CUST02877,C02,2025-03-24,7,7,0,6308.80,901.26,33,3.43,15,CAT17,2025-04-20,2025-09-29,1,190,0.0,0.2857,0.2857,0.2857,0,
CUST02878,C03,2025-08-12,5,5,0,7881.00,1576.2,30,4.0,9,CAT17,2025-08-23,2025-09-20,10,49,0.0,0.2,0.8,0.0,2,2.5
CUST02879,C03,2024-03-21,16,12,3,9568.80,797.4,65,3.58,16,CAT05,2025-04-06,2025-09-25,5,558,0.1875,0.375,0.375,0.1667,2,3.0
CUST02880,C02,2023-12-29,1,1,0,2955.40,2955.4,7,4.0,4,CAT17,2025-04-24,2025-04-24,159,641,0.0,0.0,0.0,1.0,0,
CUST02881,C03,2025-06-17,3,3,0,1290.50,430.17,8,2.67,6,CAT17,2025-07-27,2025-09-23,7,105,0.0,0.3333,0.3333,0.3333,0,
CUST02882,C02,2023-08-25,5,5,0,3982.20,796.44,22,2.8,8,CAT12,2025-04-08,2025-08-18,43,767,0.0,0.2,0.2,0.6,0,
CUST02883,C01,2025-06-26,0,0,0,0.00,,0,,0,,,,,96,,,,,0,
CUST02884,C01,2024-04-05,7,5,1,2041.00,408.2,20,2.4,8,CAT10,2025-05-03,2025-09-10,20,543,0.1429,0.1429,0.2857,0.0,1,5.0
CUST02885,C03,2024-10-03,1,1,0,273.00,273.0,1,1.0,1,CAT19,2025-06-02,2025-06-02,120,362,0.0,0.0,0.0,1.0,0,
CUST02886,C01,2024-10-04,9,8,1,7335.00,916.88,42,3.38,14,CAT17,2025-04-13,2025-09-16,14,361,0.1111,0.0,0.4444,0.0,2,4.0
CUST02887,C03,2024-09-21,5,5,0,7541.10,1508.22,27,2.8,10,CAT17,2025-04-20,2025-08-28,33,374,0.0,0.2,0.2,0.2,1,4.0
CUST02888,C01,2024-10-11,4,2,1,260.00,130.0,4,2.0,4,CAT08,2025-04-28,2025-05-13,140,354,0.25,0.5,0.0,0.0,1,3.0
CUST02889,C03,2024-09-28,1,1,0,126.00,126.0,3,1.0,1,CAT01,2025-07-28,2025-07-28,64,367,0.0,0.0,0.0,0.0,0,
CUST02890,C01,2024-02-12,9,8,0,11787.65,1473.46,83,3.88,14,CAT11,2025-04-07,2025-09-23,7,596,0.0,0.3333,0.1111,0.5,0,
CUST02891,C02,2024-07-14,0,0,0,0.00,,0,,0,,,,,443,,,,,0,
CUST02892,C02,2024-09-07,7,7,0,12513.75,1787.68,53,5.43,14,CAT15,2025-05-24,2025-08-31,30,388,0.0,0.0,0.7143,0.2857,0,
CUST02893,C02,2023-05-19,9,9,0,5504.40,611.6,21,1.89,11,CAT17,2025-05-28,2025-09-16,14,865,0.0,0.5556,0.3333,0.1111,0,
CUST02894,C03,2025-05-28,2,2,0,1462.45,731.23,8,3.5,6,CAT15,2025-06-02,2025-09-14,16,125,0.0,0.0,0.5,1.0,1,5.0
CUST02895,C03,2025-06-22,0,0,0,0.00,,0,,0,,,,,100,,,,,0,
CUST02896,C02,2023-07-13,6,3,2,1230.00,410.0,4,1.33,3,CAT17,2025-04-11,2025-06-25,97,810,0.3333,0.1667,0.1667,0.0,1,4.0
CUST02897,C01,2024-03-06,2,2,0,3222.80,1611.4,16,6.0,7,CAT15,2025-06-27,2025-07-12,80,573,0.0,0.0,0.5,0.5,0,
CUST02898,C02,2024-09-04,11,11,0,2583.70,234.88,37,2.27,11,CAT19,2025-05-09,2025-09-07,23,391,0.0,0.6364,0.3636,0.3636,1,4.0
CUST02899,C01,2025-03-13,3,3,0,1187.20,395.73,7,1.67,4,CAT13,2025-04-19,2025-09-14,16,201,0.0,0.6667,0.6667,0.3333,0,
CUST02900,C03,2023-04-20,6,5,1,2500.45,500.09,17,2.8,11,CAT15,2025-05-08,2025-08-10,51,894,0.1667,0.1667,0.6667,0.4,1,3.0
CUST02901,C01,2023-11-08,3,3,0,1047.80,349.27,14,3.67,9,CAT08,2025-04-25,2025-07-06,86,692,0.0,0.3333,0.3333,0.3333,0,
CUST02902,C03,2024-10-30,4,4,0,2230.80,557.7,13,2.75,7,CAT17,2025-04-25,2025-06-30,92,335,0.0,0.25,0.25,0.5,1,2.0
CUST02903,C03,2024-04-28,17,15,1,4639.75,309.32,33,1.93,12,CAT17,2025-04-02,2025-09-20,10,520,0.0588,0.7059,0.3529,0.2667,2,4.5
CUST02904,C01,2023-01-11,9,8,1,5567.00,695.88,24,2.13,10,CAT08,2025-04-08,2025-09-28,2,993,0.1111,0.5556,0.2222,0.0,1,5.0
CUST02905,C01,2024-01-06,6,5,1,6969.40,1393.88,34,5.6,12,CAT15,2025-04-02,2025-09-13,17,633,0.1667,0.1667,0.3333,0.2,1,2.0
CUST02906,C01,2025-05-18,3,3,0,1251.30,417.1,8,2.67,7,CAT05,2025-06-24,2025-07-21,71,135,0.0,1.0,0.3333,0.3333,0,
CUST02907,C01,2024-03-28,7,6,1,1259.75,209.96,9,1.5,8,CAT16,2025-04-10,2025-08-10,51,551,0.1429,0.7143,0.2857,0.1667,1,1.0
CUST02908,C03,2024-11-23,14,12,1,6737.60,561.47,56,3.17,14,CAT01,2025-04-03,2025-09-14,16,311,0.0714,0.2857,0.2143,0.0833,2,4.0
CUST02909,C02,2025-01-31,1,1,0,2889.00,2889.0,8,6.0,5,CAT15,2025-09-17,2025-09-17,13,242,0.0,0.0,0.0,0.0,1,3.0
CUST02910,C03,2025-09-06,1,1,0,195.00,195.0,4,2.0,2,CAT02,2025-09-10,2025-09-10,20,24,0.0,1.0,0.0,0.0,0,
CUST02911,C01,2024-03-15,0,0,0,0.00,,0,,0,,,,,564,,,,,0,
CUST02912,C02,2023-02-01,1,1,0,6530.00,6530.0,18,9.0,5,CAT15,2025-06-16,2025-06-16,106,972,0.0,0.0,0.0,0.0,0,
CUST02913,C01,2025-06-25,6,5,0,4864.00,972.8,27,4.8,14,CAT14,2025-07-12,2025-09-21,9,97,0.0,0.0,0.8333,0.0,0,
CUST02914,C01,2023-10-09,7,7,0,5580.00,797.14,15,2.0,7,CAT17,2025-04-18,2025-09-24,6,722,0.0,0.4286,0.0,0.0,1,4.0
CUST02915,C01,2024-06-18,1,1,0,1064.50,1064.5,4,4.0,3,CAT16,2025-07-28,2025-07-28,64,469,0.0,0.0,0.0,1.0,0,
CUST02916,C02,2024-03-26,5,4,1,10419.00,2604.75,30,5.5,9,CAT17,2025-05-04,2025-08-27,34,553,0.2,0.4,0.8,0.0,0,
CUST02917,C03,2024-12-26,2,2,0,312.00,156.0,4,1.0,2,CAT19,2025-09-26,2025-09-28,2,278,0.0,0.5,0.5,0.0,1,4.0
CUST02918,C01,2024-10-26,1,1,0,2251.40,2251.4,11,6.0,4,CAT14,2025-04-20,2025-04-20,163,339,0.0,0.0,1.0,1.0,1,3.0
CUST02919,C01,2023-04-01,4,3,1,6915.00,2305.0,27,5.67,9,CAT15,2025-06-28,2025-09-23,7,913,0.25,0.25,0.5,0.0,0,
CUST02920,C03,2024-05-13,7,6,0,3659.65,609.94,32,3.5,8,CAT03,2025-04-08,2025-09-06,24,505,0.0,0.4286,0.1429,0.3333,0,
CUST02921,C01,2025-01-26,9,8,1,4851.00,606.38,35,3.0,13,CAT11,2025-04-03,2025-09-05,25,247,0.1111,0.3333,0.3333,0.0,1,3.0
CUST02922,C03,2024-01-30,9,9,0,5468.50,607.61,54,4.22,13,CAT11,2025-04-03,2025-08-28,33,609,0.0,0.0,0.2222,0.1111,3,5.0
CUST02923,C01,2023-03-21,0,0,0,0.00,,0,,0,,,,,924,,,,,0,
CUST02924,C03,2024-12-05,3,2,1,3169.00,1584.5,17,5.5,6,CAT15,2025-04-24,2025-04-26,157,299,0.3333,0.0,0.6667,0.0,0,
CUST02925,C01,2024-09-05,2,2,0,720.00,360.0,3,1.5,3,CAT14,2025-04-06,2025-07-24,68,390,0.0,0.5,0.5,0.0,0,
CUST02926,C01,2025-04-16,3,2,1,2056.00,1028.0,11,3.0,4,CAT05,2025-05-05,2025-07-24,68,167,0.3333,0.0,0.3333,0.0,0,
CUST02927,C03,2023-04-07,31,30,1,18837.65,627.92,132,3.1,20,CAT05,2025-04-05,2025-09-21,9,907,0.0323,0.1935,0.4194,0.1667,6,4.83
CUST02928,C01,2023-02-19,1,1,0,1009.75,1009.75,5,3.0,3,CAT18,2025-06-07,2025-06-07,115,954,0.0,1.0,1.0,1.0,0,
CUST02929,C02,2023-09-04,3,2,1,2192.00,1096.0,9,3.0,4,CAT16,2025-04-16,2025-07-23,69,757,0.3333,0.0,0.0,0.0,0,
CUST02930,C01,2025-06-08,3,3,0,1577.00,525.67,9,2.33,5,CAT11,2025-07-11,2025-09-21,9,114,0.0,0.0,0.6667,0.0,1,5.0
CUST02931,C03,2024-10-13,1,1,0,203.00,203.0,1,1.0,1,CAT05,2025-09-15,2025-09-15,15,352,0.0,0.0,0.0,0.0,0,
CUST02932,C03,2025-01-11,15,13,1,9540.80,733.91,59,3.38,15,CAT11,2025-04-01,2025-08-28,33,262,0.0667,0.3333,0.1333,0.2308,4,4.0
CUST02933,C03,2025-01-15,4,4,0,3890.00,972.5,19,3.5,8,CAT15,2025-04-13,2025-08-15,46,258,0.0,0.0,0.25,0.0,0,
CUST02934,C01,2023-08-21,0,0,0,0.00,,0,,0,,,,,771,,,,,0,
CUST02935,C03,2025-05-27,1,1,0,674.00,674.0,2,2.0,2,CAT15,2025-07-17,2025-07-17,75,126,0.0,0.0,0.0,0.0,1,5.0
CUST02936,C02,2024-09-15,8,7,0,3587.90,512.56,26,2.57,12,CAT18,2025-04-04,2025-07-31,61,380,0.0,0.75,0.375,0.2857,0,
CUST02937,C02,2024-05-02,3,2,0,1716.00,858.0,7,2.0,3,CAT15,2025-06-02,2025-08-05,56,516,0.0,0.0,0.3333,0.0,0,
CUST02938,C03,2025-01-13,3,3,0,3948.00,1316.0,17,3.67,6,CAT17,2025-06-15,2025-08-14,47,260,0.0,0.0,0.3333,0.0,0,
CUST02939,C03,2024-02-06,9,8,1,5177.00,647.13,35,3.38,15,CAT01,2025-04-17,2025-07-14,78,602,0.1111,0.1111,0.2222,0.25,0,
CUST02940,C03,2023-11-11,7,7,0,11358.00,1622.57,43,4.57,14,CAT17,2025-04-12,2025-08-31,30,689,0.0,0.4286,0.7143,0.0,0,
CUST02941,C03,2024-10-01,1,1,0,323.00,323.0,2,2.0,2,CAT18,2025-04-22,2025-04-22,161,364,0.0,0.0,0.0,0.0,0,
CUST02942,C01,2023-12-28,8,8,0,1851.20,231.4,13,1.38,6,CAT15,2025-04-24,2025-09-29,1,642,0.0,0.5,0.125,0.125,2,4.0
CUST02943,C03,2025-06-16,11,11,0,10857.90,987.08,64,4.0,16,CAT01,2025-07-17,2025-09-25,5,106,0.0,0.1818,0.1818,0.3636,4,3.0
CUST02944,C03,2025-03-18,3,3,0,991.00,330.33,12,2.67,7,CAT05,2025-04-03,2025-06-24,98,196,0.0,0.0,0.0,0.0,0,
CUST02945,C01,2025-08-01,4,4,0,3239.00,809.75,16,3.0,9,CAT17,2025-09-05,2025-09-19,11,60,0.0,1.0,0.25,0.0,0,
CUST02946,C03,2023-12-06,3,2,1,1279.00,639.5,6,2.5,5,CAT15,2025-05-09,2025-08-15,46,664,0.3333,0.0,0.0,0.0,0,
CUST02947,C03,2024-08-12,4,3,0,1180.00,393.33,9,2.0,6,CAT03,2025-04-06,2025-09-21,9,414,0.0,0.75,0.5,0.0,1,5.0
CUST02948,C02,2025-08-29,1,0,0,0.00,,0,,0,,2025-09-01,,,32,0.0,1.0,0.0,,0,
CUST02949,C01,2025-07-05,1,1,0,2150.00,2150.0,12,6.0,4,CAT13,2025-07-26,2025-07-26,66,87,0.0,0.0,1.0,0.0,0,
CUST02950,C03,2025-01-15,2,2,0,1019.50,509.75,6,3.0,5,CAT17,2025-04-06,2025-08-19,42,258,0.0,0.0,0.5,0.5,0,
CUST02951,C02,2025-05-31,4,3,0,2218.20,739.4,17,4.0,7,CAT03,2025-07-08,2025-08-19,42,122,0.0,0.25,0.0,0.3333,0,
CUST02952,C01,2025-09-30,0,0,0,0.00,,0,,0,,,,,0,,,,,0,
CUST02953,C03,2025-06-18,6,4,0,947.00,236.75,12,2.0,4,CAT14,2025-06-25,2025-09-25,5,104,0.0,0.5,0.3333,0.25,1,5.0
CUST02954,C03,2025-01-29,3,3,0,4535.00,1511.67,20,5.33,8,CAT15,2025-06-05,2025-09-26,4,244,0.0,0.3333,0.0,0.3333,0,
CUST02955,C02,2025-05-28,0,0,0,0.00,,0,,0,,,,,125,,,,,0,
CUST02956,C03,2024-01-19,8,8,0,5474.55,684.32,36,3.13,12,CAT03,2025-04-26,2025-08-17,44,620,0.0,0.25,0.375,0.375,0,
CUST02957,C02,2024-09-07,4,3,0,489.00,163.0,6,1.67,5,CAT12,2025-04-27,2025-08-28,33,388,0.0,0.75,0.25,0.0,0,
CUST02958,C01,2024-08-02,1,1,0,2347.00,2347.0,12,8.0,6,CAT15,2025-06-28,2025-06-28,94,424,0.0,1.0,1.0,0.0,0,
CUST02959,C02,2024-10-06,3,2,1,31.50,15.75,1,0.5,1,CAT02,2025-04-25,2025-07-28,64,359,0.3333,0.3333,0.0,0.5,0,
CUST02960,C02,2025-04-11,2,2,0,1319.00,659.5,5,2.0,4,CAT17,2025-04-30,2025-09-08,22,172,0.0,1.0,0.0,0.0,0,
CUST02961,C03,2025-09-11,1,1,0,598.00,598.0,2,2.0,2,CAT14,2025-09-26,2025-09-26,4,19,0.0,0.0,0.0,0.0,0,
CUST02962,C01,2024-05-14,3,2,1,1697.00,848.5,10,4.0,7,CAT14,2025-04-01,2025-09-02,28,504,0.3333,0.0,0.0,0.0,0,
CUST02963,C03,2023-03-19,1,1,0,299.00,299.0,1,1.0,1,CAT13,2025-06-02,2025-06-02,120,926,0.0,1.0,0.0,0.0,0,
CUST02964,C02,2024-06-05,0,0,0,0.00,,0,,0,,,,,482,,,,,0,
CUST02965,C02,2025-03-22,5,5,0,1952.00,390.4,15,2.2,7,CAT10,2025-05-22,2025-09-25,5,192,0.0,0.8,0.0,0.0,0,
CUST02966,C03,2023-05-31,9,7,2,8631.00,1233.0,24,2.71,9,CAT17,2025-04-26,2025-08-14,47,853,0.2222,0.3333,0.1111,0.1429,0,
CUST02967,C01,2024-10-28,3,3,0,3547.00,1182.33,14,3.67,8,CAT13,2025-05-04,2025-09-28,2,337,0.0,0.0,1.0,0.0,0,
CUST02968,C01,2023-10-08,6,6,0,4735.75,789.29,26,3.5,10,CAT05,2025-04-22,2025-09-19,11,723,0.0,0.0,0.1667,0.1667,1,2.0
CUST02969,C01,2025-04-12,4,4,0,7221.00,1805.25,19,3.25,8,CAT17,2025-04-18,2025-08-13,48,171,0.0,0.5,0.0,0.0,0,
CUST02970,C03,2023-07-22,3,3,0,1916.00,638.67,9,2.67,7,CAT17,2025-04-21,2025-08-05,56,801,0.0,0.0,0.0,0.0,2,4.0
CUST02971,C02,2025-08-14,0,0,0,0.00,,0,,0,,,,,47,,,,,0,
CUST02972,C02,2023-10-07,1,1,0,720.80,720.8,7,3.0,3,CAT12,2025-06-01,2025-06-01,121,724,0.0,0.0,1.0,1.0,0,
CUST02973,C02,2023-11-18,7,7,0,6151.10,878.73,39,4.0,15,CAT17,2025-04-02,2025-08-16,45,682,0.0,0.1429,0.2857,0.2857,0,
CUST02974,C03,2023-02-15,8,6,0,2872.90,478.82,17,2.0,9,CAT16,2025-04-17,2025-07-26,66,958,0.0,0.25,0.375,0.3333,1,4.0
CUST02975,C03,2024-02-06,24,17,4,11451.85,673.64,79,3.06,15,CAT17,2025-04-02,2025-08-23,38,602,0.1667,0.1667,0.25,0.2353,4,4.25
CUST02976,C01,2024-09-18,9,8,1,3775.20,471.9,26,2.63,10,CAT10,2025-04-01,2025-08-04,57,377,0.1111,0.6667,0.2222,0.25,2,4.5
CUST02977,C01,2023-12-17,0,0,0,0.00,,0,,0,,,,,653,,,,,0,
CUST02978,C02,2025-05-23,3,3,0,1574.00,524.67,13,3.0,6,CAT05,2025-05-26,2025-09-29,1,130,0.0,0.3333,0.0,0.0,1,2.0
CUST02979,C02,2024-04-02,2,1,1,42.00,42.0,2,1.0,1,CAT09,2025-04-06,2025-05-05,148,546,0.5,0.5,0.5,0.0,0,
CUST02980,C03,2025-01-14,2,2,0,565.15,282.58,7,3.0,5,CAT11,2025-06-01,2025-07-20,72,259,0.0,0.5,1.0,1.0,1,5.0
CUST02981,C02,2023-06-11,0,0,0,0.00,,0,,0,,,,,842,,,,,0,
CUST02982,C01,2025-07-01,5,5,0,2430.40,486.08,19,3.0,8,CAT11,2025-08-03,2025-09-05,25,91,0.0,0.2,0.4,0.4,0,
CUST02983,C02,2025-08-03,0,0,0,0.00,,0,,0,,,,,58,,,,,0,
CUST02984,C03,2023-05-09,2,2,0,2276.00,1138.0,12,3.5,6,CAT13,2025-04-05,2025-05-18,135,875,0.0,0.5,1.0,0.0,1,4.0
CUST02985,C02,2023-12-23,6,6,0,3509.80,584.97,26,2.67,10,CAT05,2025-04-08,2025-07-04,88,647,0.0,0.1667,0.0,0.1667,2,4.0
CUST02986,C01,2024-03-03,8,5,1,2130.00,426.0,11,1.4,6,CAT17,2025-04-10,2025-09-30,0,576,0.125,0.5,0.125,0.0,1,5.0
CUST02987,C01,2024-01-21,6,5,1,6753.50,1350.7,30,4.6,11,CAT10,2025-04-17,2025-08-28,33,618,0.1667,0.1667,0.3333,0.2,1,4.0
CUST02988,C02,2023-09-17,10,9,1,8267.00,918.56,44,3.44,12,CAT17,2025-04-18,2025-09-22,8,744,0.1,0.1,0.3,0.0,2,2.5
CUST02989,C03,2023-04-15,11,10,1,6199.25,619.93,37,2.4,16,CAT16,2025-04-04,2025-09-25,5,899,0.0909,0.1818,0.2727,0.4,1,5.0
CUST02990,C03,2025-08-09,0,0,0,0.00,,0,,0,,,,,52,,,,,0,
CUST02991,C01,2024-12-11,10,9,1,12855.70,1428.41,69,4.89,12,CAT10,2025-04-04,2025-09-26,4,293,0.1,0.2,0.7,0.2222,0,
CUST02992,C01,2024-02-09,17,15,1,10810.70,720.71,89,3.93,16,CAT03,2025-04-09,2025-09-19,11,599,0.0588,0.0588,0.1765,0.2,2,4.5
CUST02993,C02,2025-05-10,5,5,0,2734.00,546.8,16,2.8,9,CAT17,2025-05-24,2025-09-19,11,143,0.0,0.0,0.4,0.0,1,4.0
CUST02994,C02,2024-09-08,3,3,0,716.00,238.67,6,1.67,4,CAT12,2025-04-04,2025-09-27,3,387,0.0,1.0,0.3333,0.0,0,
CUST02995,C03,2023-03-08,7,7,0,4022.30,574.61,19,2.14,9,CAT17,2025-04-01,2025-09-28,2,937,0.0,0.0,0.2857,0.2857,1,5.0
CUST02996,C03,2023-03-07,8,6,1,969.90,161.65,10,1.67,8,CAT15,2025-04-19,2025-08-25,36,938,0.125,0.75,0.125,0.3333,1,4.0
CUST02997,C02,2023-11-11,0,0,0,0.00,,0,,0,,,,,689,,,,,0,
CUST02998,C02,2023-01-22,8,8,0,22571.50,2821.44,85,6.5,17,CAT15,2025-04-06,2025-09-20,10,982,0.0,0.125,0.875,0.375,0,
CUST02999,C03,2024-05-21,10,9,1,8873.80,985.98,61,4.44,12,CAT11,2025-04-08,2025-09-19,11,497,0.1,0.0,0.1,0.2222,1,1.0
CUST03000,C03,2025-03-24,3,2,1,829.20,414.6,7,3.0,6,CAT05,2025-04-09,2025-04-21,162,190,0.3333,0.6667,0.3333,0.5,1,4.0
CUST03001,C01,2023-09-21,4,4,0,3463.10,865.78,17,2.5,7,CAT19,2025-05-29,2025-08-20,41,740,0.0,0.25,0.5,0.25,0,
CUST03002,C03,2025-04-26,4,3,1,1953.00,651.0,9,2.0,6,CAT17,2025-05-28,2025-07-15,77,157,0.25,0.5,0.25,0.0,2,3.5
CUST03003,C02,2024-12-08,1,1,0,428.00,428.0,2,2.0,2,CAT12,2025-07-30,2025-07-30,62,296,0.0,0.0,0.0,0.0,0,
CUST03004,C03,2025-03-06,4,4,0,2358.00,589.5,14,2.0,7,CAT05,2025-05-20,2025-07-30,62,208,0.0,0.25,0.0,0.0,2,3.5
CUST03005,C01,2024-01-15,13,12,1,9062.35,755.2,55,3.08,12,CAT17,2025-04-17,2025-09-24,6,624,0.0769,0.3077,0.4615,0.1667,1,2.0
CUST03006,C02,2023-11-03,6,5,0,2099.00,419.8,15,2.0,9,CAT16,2025-04-03,2025-08-28,33,697,0.0,0.1667,0.3333,0.2,0,
CUST03007,C01,2025-06-17,7,7,0,4680.65,668.66,33,3.57,10,CAT15,2025-07-11,2025-09-20,10,105,0.0,0.2857,0.5714,0.1429,2,3.5
CUST03008,C01,2023-08-11,7,5,2,9550.20,1910.04,36,5.4,9,CAT15,2025-04-05,2025-09-30,0,781,0.2857,0.2857,0.2857,0.2,0,
CUST03009,C01,2025-08-26,1,1,0,1044.30,1044.3,8,6.0,5,CAT14,2025-09-01,2025-09-01,29,35,0.0,0.0,0.0,1.0,1,1.0
CUST03010,C01,2025-07-17,8,8,0,12618.30,1577.29,54,5.0,15,CAT14,2025-07-20,2025-09-30,0,75,0.0,0.125,0.5,0.25,2,4.5
CUST03011,C02,2023-06-13,4,3,1,1980.40,660.13,6,1.67,4,CAT17,2025-06-17,2025-06-29,93,840,0.25,0.0,0.5,0.3333,1,5.0
CUST03012,C01,2024-11-26,10,8,0,5019.80,627.48,25,2.5,10,CAT15,2025-04-02,2025-08-21,40,308,0.0,0.1,0.0,0.125,1,2.0
CUST03013,C03,2024-12-22,14,13,1,24151.60,1857.82,113,6.0,18,CAT15,2025-04-18,2025-07-19,73,282,0.0714,0.2143,0.3571,0.1538,2,4.5
CUST03014,C03,2025-07-29,4,3,0,3267.00,1089.0,20,3.33,9,CAT17,2025-07-30,2025-09-02,28,63,0.0,0.0,0.0,0.3333,0,
CUST03015,C03,2023-10-05,4,3,0,2251.00,750.33,10,3.0,6,CAT11,2025-05-22,2025-09-11,19,726,0.0,0.25,0.5,0.0,2,4.5
CUST03016,C03,2023-01-19,9,8,1,6036.60,754.58,31,2.63,13,CAT17,2025-04-09,2025-09-11,19,985,0.1111,0.2222,0.1111,0.25,2,4.5
CUST03017,C03,2024-11-14,2,2,0,2423.50,1211.75,12,5.5,7,CAT05,2025-04-20,2025-07-26,66,320,0.0,0.5,1.0,0.5,0,
CUST03018,C01,2024-05-07,7,7,0,9567.20,1366.74,44,4.0,15,CAT15,2025-04-27,2025-09-28,2,511,0.0,0.4286,0.7143,0.1429,1,3.0
CUST03019,C03,2023-02-25,11,10,0,3640.60,364.06,30,1.8,11,CAT15,2025-04-06,2025-09-15,15,948,0.0,0.7273,0.3636,0.3,0,
CUST03020,C01,2025-03-21,11,10,0,7452.00,745.2,44,3.1,12,CAT16,2025-04-05,2025-08-26,35,193,0.0,0.2727,0.1818,0.0,3,4.67
CUST03021,C01,2023-11-27,7,5,1,6608.00,1321.6,34,5.2,10,CAT15,2025-04-10,2025-09-21,9,673,0.1429,0.1429,0.2857,0.0,2,5.0
CUST03022,C03,2023-10-06,2,1,0,854.00,854.0,4,3.0,3,CAT12,2025-06-30,2025-07-16,76,725,0.0,0.5,0.0,0.0,1,2.0
CUST03023,C01,2023-09-14,4,3,1,5510.00,1836.67,23,5.67,7,CAT15,2025-07-12,2025-08-16,45,747,0.25,0.0,1.0,0.0,1,3.0
CUST03024,C03,2024-02-22,5,4,0,1106.25,276.56,7,1.5,5,CAT05,2025-05-28,2025-09-24,6,586,0.0,0.4,0.2,0.25,0,
CUST03025,C03,2024-06-16,1,1,0,810.90,810.9,6,2.0,2,CAT18,2025-09-01,2025-09-01,29,471,0.0,0.0,0.0,1.0,0,
CUST03026,C01,2023-04-24,26,26,0,14803.20,569.35,101,2.88,18,CAT17,2025-04-05,2025-09-24,6,890,0.0,0.2308,0.4615,0.0385,3,3.67
CUST03027,C03,2023-12-10,7,7,0,3015.70,430.81,23,2.29,9,CAT11,2025-05-02,2025-09-16,14,660,0.0,0.1429,0.2857,0.2857,0,
CUST03028,C02,2023-06-14,4,4,0,1963.00,490.75,14,2.0,7,CAT12,2025-04-03,2025-09-30,0,839,0.0,0.5,0.0,0.0,1,5.0
CUST03029,C01,2025-04-16,1,1,0,1547.20,1547.2,8,5.0,5,CAT15,2025-06-09,2025-06-09,113,167,0.0,0.0,0.0,1.0,0,
CUST03030,C02,2024-03-23,4,4,0,6039.30,1509.83,35,6.25,15,CAT05,2025-06-12,2025-09-17,13,556,0.0,0.0,0.25,0.25,1,2.0
CUST03031,C02,2025-06-30,0,0,0,0.00,,0,,0,,,,,92,,,,,0,
CUST03032,C02,2024-03-23,8,8,0,12151.75,1518.97,34,2.63,10,CAT17,2025-04-12,2025-08-30,31,556,0.0,0.0,0.375,0.25,1,4.0
CUST03033,C03,2023-01-07,3,2,1,879.00,439.5,11,3.5,6,CAT12,2025-05-25,2025-09-17,13,997,0.3333,0.3333,0.3333,0.0,0,
CUST03034,C02,2024-04-12,6,4,1,3416.00,854.0,16,2.5,8,CAT16,2025-05-06,2025-07-23,69,536,0.1667,0.5,0.3333,0.0,2,2.5
CUST03035,C01,2023-04-18,13,10,2,20272.15,2027.22,82,5.4,16,CAT15,2025-04-11,2025-09-18,12,896,0.1538,0.1538,0.3077,0.4,0,
CUST03036,C01,2023-06-05,4,4,0,1209.00,302.25,13,2.25,7,CAT01,2025-05-10,2025-08-12,49,848,0.0,0.0,0.5,0.5,0,
CUST03037,C01,2024-10-06,10,9,1,16362.45,1818.05,69,5.22,15,CAT14,2025-04-12,2025-09-21,9,359,0.1,0.1,0.9,0.3333,1,4.0
CUST03038,C01,2024-03-16,10,8,2,15100.40,1887.55,63,5.25,15,CAT17,2025-04-13,2025-08-17,44,563,0.2,0.5,0.4,0.25,1,5.0
CUST03039,C03,2025-04-15,2,1,1,153.00,153.0,2,2.0,2,CAT05,2025-06-14,2025-07-13,79,168,0.5,0.5,1.0,0.0,1,4.0
CUST03040,C03,2024-04-29,4,3,1,1011.40,337.13,6,2.0,5,CAT18,2025-04-19,2025-07-10,82,519,0.25,0.0,0.25,0.3333,1,5.0
CUST03041,C02,2025-07-15,1,1,0,196.40,196.4,3,3.0,3,CAT13,2025-08-11,2025-08-11,50,77,0.0,0.0,0.0,1.0,0,
CUST03042,C03,2025-06-05,0,0,0,0.00,,0,,0,,,,,117,,,,,0,
CUST03043,C03,2024-06-15,5,5,0,3721.00,744.2,20,3.0,11,CAT15,2025-05-14,2025-09-16,14,472,0.0,0.0,0.2,0.0,0,
CUST03044,C01,2023-04-24,10,8,1,10426.00,1303.25,28,2.25,8,CAT17,2025-04-02,2025-09-09,21,890,0.1,0.2,0.2,0.0,1,4.0
CUST03045,C01,2025-08-06,0,0,0,0.00,,0,,0,,,,,55,,,,,0,
CUST03046,C02,2024-07-02,6,5,1,6251.10,1250.22,29,4.4,10,CAT15,2025-06-20,2025-09-22,8,455,0.1667,0.3333,0.1667,0.2,0,
CUST03047,C01,2023-06-02,8,6,1,4743.50,790.58,24,2.17,11,CAT05,2025-04-25,2025-08-13,48,851,0.125,0.75,0.125,0.1667,2,4.5
CUST03048,C03,2025-06-11,2,1,1,1566.00,1566.0,4,2.0,2,CAT17,2025-07-21,2025-07-21,71,111,0.5,0.5,0.0,0.0,0,
CUST03049,C03,2023-09-07,19,14,5,14543.00,1038.79,56,2.64,13,CAT17,2025-04-05,2025-09-23,7,754,0.2632,0.1579,0.3158,0.0714,0,
CUST03050,C02,2023-01-30,5,5,0,4086.00,817.2,17,2.8,7,CAT05,2025-06-08,2025-08-16,45,974,0.0,0.4,0.8,0.0,0,
CUST03051,C03,2023-01-09,5,5,0,4478.00,895.6,26,4.2,10,CAT13,2025-04-01,2025-09-25,5,995,0.0,0.4,0.2,0.0,0,
CUST03052,C02,2024-07-25,3,2,1,1447.40,723.7,7,3.0,5,CAT15,2025-05-03,2025-07-22,70,432,0.3333,0.0,0.6667,0.5,1,5.0
CUST03053,C03,2025-02-24,20,19,1,12467.10,656.16,76,3.11,18,CAT17,2025-04-02,2025-09-21,9,218,0.05,0.1,0.2,0.1579,1,3.0
CUST03054,C01,2025-05-26,0,0,0,0.00,,0,,0,,,,,127,,,,,0,
CUST03055,C02,2024-07-30,5,5,0,4388.00,877.6,28,4.4,11,CAT10,2025-04-05,2025-09-01,29,427,0.0,0.2,0.2,0.0,0,
CUST03056,C01,2023-09-09,3,1,1,287.00,287.0,2,2.0,2,CAT05,2025-05-22,2025-07-07,85,752,0.3333,0.6667,0.3333,0.0,0,
CUST03057,C03,2024-07-29,32,24,7,14364.30,598.51,74,2.33,17,CAT17,2025-04-12,2025-09-17,13,428,0.2188,0.7188,0.1563,0.1667,4,3.0
CUST03058,C01,2025-01-16,2,2,0,536.00,268.0,6,3.0,5,CAT10,2025-05-23,2025-06-01,121,257,0.0,0.0,0.5,0.5,0,
CUST03059,C01,2023-02-14,11,11,0,17788.90,1617.17,74,4.91,14,CAT15,2025-04-04,2025-09-23,7,959,0.0,0.2727,0.3636,0.1818,2,4.0
CUST03060,C03,2025-08-23,3,3,0,1223.00,407.67,8,2.0,3,CAT01,2025-09-16,2025-09-23,7,38,0.0,0.0,0.3333,0.0,1,4.0
CUST03061,C02,2024-05-05,0,0,0,0.00,,0,,0,,,,,513,,,,,0,
CUST03062,C01,2023-04-09,5,5,0,2180.00,436.0,19,2.4,8,CAT08,2025-04-04,2025-09-17,13,905,0.0,0.4,0.4,0.0,0,
CUST03063,C03,2023-11-20,11,9,1,6316.00,701.78,44,3.56,13,CAT17,2025-04-03,2025-09-06,24,680,0.0909,0.1818,0.2727,0.0,2,4.0
CUST03064,C03,2025-04-30,9,7,0,5110.30,730.04,22,2.14,11,CAT18,2025-05-13,2025-09-30,0,153,0.0,0.7778,0.0,0.1429,3,3.33
CUST03065,C02,2025-08-01,1,1,0,355.00,355.0,5,3.0,3,CAT19,2025-08-01,2025-08-01,60,60,0.0,0.0,0.0,0.0,1,4.0
CUST03066,C02,2023-10-25,6,5,1,1109.00,221.8,13,1.6,6,CAT09,2025-04-03,2025-06-16,106,706,0.1667,0.6667,0.0,0.2,1,2.0
CUST03067,C02,2025-05-23,4,4,0,1928.00,482.0,11,2.25,7,CAT05,2025-07-03,2025-09-13,17,130,0.0,0.75,0.5,0.0,0,
CUST03068,C03,2025-03-06,3,3,0,2870.60,956.87,14,3.33,9,CAT10,2025-04-24,2025-07-12,80,208,0.0,0.3333,0.6667,0.3333,1,5.0
CUST03069,C03,2024-03-14,5,5,0,2163.15,432.63,16,2.4,11,CAT11,2025-04-02,2025-07-24,68,565,0.0,0.4,0.4,0.4,1,3.0
CUST03070,C02,2025-06-16,0,0,0,0.00,,0,,0,,,,,106,,,,,0,
CUST03071,C01,2023-04-21,3,2,0,3992.00,1996.0,7,3.0,5,CAT17,2025-05-23,2025-08-08,53,893,0.0,0.0,0.3333,0.0,1,4.0
CUST03072,C03,2024-10-10,0,0,0,0.00,,0,,0,,,,,355,,,,,0,
CUST03073,C02,2023-04-12,1,1,0,237.00,237.0,3,1.0,1,CAT09,2025-09-04,2025-09-04,26,902,0.0,0.0,0.0,0.0,0,
CUST03074,C03,2023-06-19,1,1,0,495.00,495.0,4,3.0,3,CAT15,2025-05-19,2025-05-19,134,834,0.0,0.0,0.0,0.0,0,
CUST03075,C03,2024-08-22,4,4,0,1377.40,344.35,10,1.75,5,CAT13,2025-05-16,2025-08-25,36,404,0.0,0.0,0.0,0.25,1,4.0
CUST03076,C03,2024-02-29,4,4,0,5988.50,1497.13,29,6.25,16,CAT16,2025-05-01,2025-08-15,46,579,0.0,0.0,0.25,0.25,0,
CUST03077,C03,2023-01-01,7,5,0,3383.00,676.6,16,2.2,9,CAT05,2025-04-13,2025-09-30,0,1003,0.0,0.1429,0.2857,0.0,1,4.0
CUST03078,C01,2025-05-21,2,2,0,2987.40,1493.7,16,7.0,8,CAT15,2025-07-09,2025-09-06,24,132,0.0,0.5,0.5,0.5,0,
CUST03079,C02,2023-12-04,9,8,0,3896.60,487.08,35,3.25,12,CAT19,2025-05-03,2025-08-22,39,666,0.0,0.2222,0.1111,0.25,2,3.0
CUST03080,C02,2023-07-13,9,8,1,4361.60,545.2,32,3.38,10,CAT15,2025-04-26,2025-09-13,17,810,0.1111,0.3333,0.2222,0.125,2,2.0
CUST03081,C03,2024-03-05,1,1,0,2973.60,2973.6,8,7.0,5,CAT15,2025-08-27,2025-08-27,34,574,0.0,0.0,0.0,1.0,0,
CUST03082,C02,2025-08-21,3,3,0,2520.00,840.0,7,1.67,4,CAT17,2025-09-12,2025-09-23,7,40,0.0,0.3333,0.0,0.0,0,
CUST03083,C03,2023-12-20,5,4,1,2014.20,503.55,12,1.5,4,CAT16,2025-05-20,2025-08-29,32,650,0.2,0.8,0.0,0.25,0,
CUST03084,C02,2025-05-09,4,3,0,1260.20,420.07,10,2.67,7,CAT14,2025-06-05,2025-07-23,69,144,0.0,0.0,0.0,0.6667,1,5.0
CUST03085,C02,2024-05-29,2,1,1,356.40,356.4,2,2.0,2,CAT15,2025-05-14,2025-07-21,71,489,0.5,0.5,0.0,1.0,0,
CUST03086,C01,2025-05-30,1,0,0,0.00,,0,,0,,2025-09-10,,,123,0.0,0.0,0.0,,0,
CUST03087,C02,2025-02-22,1,1,0,251.00,251.0,6,3.0,3,CAT05,2025-04-07,2025-04-07,176,220,0.0,0.0,0.0,0.0,1,5.0
CUST03088,C02,2025-06-28,5,4,1,1025.20,256.3,15,1.75,4,CAT06,2025-07-03,2025-09-25,5,94,0.2,1.0,0.2,0.25,0,
CUST03089,C02,2025-09-10,1,1,0,719.00,719.0,3,3.0,3,CAT01,2025-09-15,2025-09-15,15,20,0.0,0.0,0.0,0.0,1,5.0
CUST03090,C02,2024-09-24,6,6,0,2565.00,427.5,25,2.67,8,CAT03,2025-05-25,2025-09-21,9,371,0.0,0.1667,0.6667,0.1667,2,4.5
CUST03091,C03,2023-07-26,10,8,0,17292.10,2161.51,69,6.38,13,CAT10,2025-04-13,2025-09-28,2,797,0.0,0.3,0.6,0.125,3,4.67
CUST03092,C02,2023-11-23,9,8,0,2043.00,255.38,18,1.75,8,CAT08,2025-04-12,2025-09-19,11,677,0.0,0.7778,0.2222,0.0,2,4.5
CUST03093,C02,2025-01-09,4,4,0,5257.00,1314.25,24,4.75,10,CAT15,2025-04-17,2025-09-06,24,264,0.0,0.5,0.75,0.0,1,2.0
CUST03094,C01,2023-11-19,3,1,0,1443.80,1443.8,7,4.0,3,CAT11,2025-05-18,2025-05-18,135,681,0.0,0.3333,0.3333,1.0,1,5.0
CUST03095,C02,2023-04-21,7,6,1,3547.10,591.18,30,3.67,12,CAT03,2025-04-13,2025-08-12,49,893,0.1429,0.0,0.2857,0.3333,0,
CUST03096,C01,2023-01-10,3,2,0,2558.25,1279.13,6,2.5,4,CAT17,2025-06-06,2025-09-17,13,994,0.0,0.3333,0.0,0.5,2,1.5
CUST03097,C03,2024-09-02,15,13,1,9038.75,695.29,55,2.85,13,CAT11,2025-05-23,2025-09-30,0,393,0.0667,0.1333,0.2667,0.0769,3,3.0
CUST03098,C03,2024-12-26,6,5,1,5347.00,1069.4,19,2.8,9,CAT17,2025-05-07,2025-09-08,22,278,0.1667,0.1667,0.3333,0.0,1,5.0
CUST03099,C03,2024-03-31,6,6,0,1738.05,289.68,13,1.33,7,CAT18,2025-04-09,2025-09-05,25,548,0.0,0.5,0.5,0.3333,1,5.0
CUST03100,C03,2023-01-02,2,1,1,500.00,500.0,3,3.0,3,CAT15,2025-06-26,2025-08-24,37,1002,0.5,1.0,0.5,0.0,1,4.0
CUST03101,C01,2025-03-31,5,4,0,2620.00,655.0,18,2.75,6,CAT17,2025-05-01,2025-07-09,83,183,0.0,1.0,0.0,0.0,2,1.5
CUST03102,C01,2023-06-13,1,1,0,1163.20,1163.2,6,3.0,3,CAT18,2025-04-30,2025-04-30,153,840,0.0,0.0,0.0,1.0,1,3.0
CUST03103,C03,2023-04-13,3,3,0,1276.00,425.33,13,3.33,8,CAT05,2025-04-01,2025-09-29,1,901,0.0,0.0,0.3333,0.0,0,
CUST03104,C02,2024-03-27,3,2,0,1467.00,733.5,7,2.0,4,CAT12,2025-05-15,2025-09-20,10,552,0.0,0.6667,0.6667,0.0,0,
CUST03105,C03,2024-04-29,5,5,0,9530.00,1906.0,32,4.4,10,CAT15,2025-04-29,2025-08-24,37,519,0.0,0.4,0.6,0.2,1,5.0
CUST03106,C02,2025-07-17,0,0,0,0.00,,0,,0,,,,,75,,,,,0,
CUST03107,C01,2023-04-01,4,3,1,2689.00,896.33,14,2.33,5,CAT03,2025-04-01,2025-06-25,97,913,0.25,0.5,0.25,0.0,0,
CUST03108,C01,2023-11-07,9,9,0,2814.40,312.71,34,2.44,11,CAT16,2025-04-03,2025-09-29,1,693,0.0,0.6667,0.4444,0.2222,1,2.0
CUST03109,C01,2024-09-07,9,7,0,4738.80,676.97,43,4.43,14,CAT05,2025-04-17,2025-08-25,36,388,0.0,0.4444,0.1111,0.2857,2,3.5
CUST03110,C03,2025-06-04,2,2,0,2568.00,1284.0,14,3.0,6,CAT15,2025-09-09,2025-09-30,0,118,0.0,0.0,0.0,0.0,0,
CUST03111,C01,2025-06-08,2,2,0,861.00,430.5,8,3.5,6,CAT18,2025-08-06,2025-08-20,41,114,0.0,0.0,0.0,0.0,0,
CUST03112,C01,2024-02-23,1,1,0,282.00,282.0,2,2.0,2,CAT08,2025-08-18,2025-08-18,43,585,0.0,0.0,0.0,1.0,0,
CUST03113,C01,2023-09-15,7,7,0,8477.90,1211.13,48,4.86,18,CAT13,2025-06-17,2025-09-08,22,746,0.0,0.2857,0.4286,0.5714,0,
CUST03114,C03,2025-05-25,0,0,0,0.00,,0,,0,,,,,128,,,,,0,
CUST03115,C02,2025-04-23,20,20,0,13394.90,669.75,90,3.45,16,CAT01,2025-04-25,2025-09-17,13,160,0.0,0.15,0.2,0.15,1,2.0
CUST03116,C02,2023-01-27,6,6,0,13682.70,2280.45,48,5.67,12,CAT15,2025-04-22,2025-08-30,31,977,0.0,0.5,0.3333,0.3333,2,5.0
CUST03117,C03,2023-04-17,12,9,1,8928.20,992.02,31,2.22,12,CAT17,2025-04-14,2025-09-18,12,897,0.0833,0.75,0.4167,0.1111,0,
CUST03118,C03,2023-10-13,3,3,0,5364.55,1788.18,22,5.67,10,CAT15,2025-04-28,2025-06-10,112,718,0.0,0.3333,0.3333,0.3333,0,
CUST03119,C01,2025-08-04,1,1,0,323.00,323.0,2,2.0,2,CAT18,2025-08-26,2025-08-26,35,57,0.0,0.0,0.0,0.0,0,
CUST03120,C03,2023-03-10,6,6,0,2835.20,472.53,19,2.0,8,CAT15,2025-04-02,2025-09-11,19,935,0.0,0.0,0.0,0.5,1,4.0
CUST03121,C02,2023-04-02,0,0,0,0.00,,0,,0,,,,,912,,,,,0,
CUST03122,C02,2023-11-17,2,2,0,4636.20,2318.1,20,7.5,9,CAT10,2025-04-29,2025-08-23,38,683,0.0,0.0,0.5,0.5,0,
CUST03123,C03,2025-05-06,6,6,0,3029.40,504.9,21,3.17,8,CAT01,2025-06-05,2025-09-23,7,147,0.0,0.0,0.1667,0.1667,2,4.5
CUST03124,C01,2023-09-28,6,6,0,6164.50,1027.42,23,2.67,7,CAT17,2025-04-11,2025-08-24,37,733,0.0,0.3333,0.1667,0.1667,1,5.0
CUST03125,C01,2024-12-19,17,13,3,9440.40,726.18,67,3.54,15,CAT03,2025-04-03,2025-09-02,28,285,0.1765,0.2941,0.2941,0.2308,3,4.33
CUST03126,C03,2025-04-23,11,10,0,11166.10,1116.61,50,4.0,11,CAT13,2025-05-03,2025-09-29,1,160,0.0,0.0909,0.2727,0.1,4,3.0
CUST03127,C03,2023-09-08,7,6,1,6887.30,1147.88,38,5.0,16,CAT13,2025-05-25,2025-09-27,3,753,0.1429,0.2857,0.5714,0.1667,1,5.0
CUST03128,C02,2024-03-23,2,2,0,2118.00,1059.0,8,3.0,5,CAT17,2025-07-15,2025-09-14,16,556,0.0,0.0,0.5,0.0,0,
CUST03129,C01,2024-12-10,8,6,2,3537.40,589.57,15,1.83,6,CAT12,2025-04-03,2025-09-05,25,294,0.25,0.75,0.5,0.1667,1,4.0
CUST03130,C01,2024-08-10,9,5,1,2831.50,566.3,20,2.4,6,CAT03,2025-04-13,2025-08-27,34,416,0.1111,0.2222,0.4444,0.2,0,
CUST03131,C03,2025-01-21,7,6,0,3730.10,621.68,22,3.0,11,CAT11,2025-04-08,2025-09-26,4,252,0.0,0.2857,0.0,0.5,0,
CUST03132,C03,2023-03-09,1,1,0,410.00,410.0,2,2.0,2,CAT17,2025-07-19,2025-07-19,73,936,0.0,0.0,1.0,0.0,0,
CUST03133,C03,2024-07-17,15,14,1,6764.10,483.15,39,2.0,12,CAT10,2025-04-12,2025-09-05,25,440,0.0667,0.4667,0.2667,0.1429,3,4.33
CUST03134,C02,2025-08-23,1,0,1,0.00,,0,,0,,2025-09-06,,,38,1.0,1.0,1.0,,0,
CUST03135,C02,2025-09-03,1,1,0,2171.50,2171.5,9,8.0,5,CAT15,2025-09-15,2025-09-15,15,27,0.0,0.0,0.0,1.0,0,
CUST03136,C01,2024-09-12,1,1,0,1236.00,1236.0,3,3.0,3,CAT17,2025-05-06,2025-05-06,147,383,0.0,0.0,0.0,0.0,0,
CUST03137,C01,2024-03-04,3,3,0,2072.00,690.67,16,3.67,8,CAT16,2025-04-03,2025-09-28,2,575,0.0,0.3333,0.6667,0.0,0,
CUST03138,C01,2023-04-20,0,0,0,0.00,,0,,0,,,,,894,,,,,0,
CUST03139,C02,2025-02-28,11,10,0,12928.95,1292.9,49,3.3,16,CAT17,2025-05-06,2025-09-24,6,214,0.0,0.4545,0.3636,0.5,2,4.0
CUST03140,C03,2024-06-28,7,7,0,5042.50,720.36,30,3.71,14,CAT11,2025-04-10,2025-08-18,43,459,0.0,0.1429,0.0,0.1429,1,3.0
CUST03141,C03,2025-08-02,2,2,0,1269.25,634.63,4,2.0,4,CAT17,2025-08-16,2025-09-30,0,59,0.0,0.5,0.5,0.5,0,
CUST03142,C01,2024-07-18,3,3,0,4718.00,1572.67,23,4.67,8,CAT05,2025-06-21,2025-08-06,55,439,0.0,0.3333,0.3333,0.0,0,
CUST03143,C02,2025-06-16,1,1,0,938.00,938.0,2,1.0,1,CAT14,2025-07-14,2025-07-14,78,106,0.0,0.0,0.0,0.0,0,
CUST03144,C01,2024-01-23,24,22,1,13966.45,634.84,112,3.36,15,CAT05,2025-04-01,2025-09-28,2,616,0.0417,0.125,0.25,0.2727,4,4.75
CUST03145,C03,2025-09-04,1,1,0,534.00,534.0,4,3.0,3,CAT16,2025-09-20,2025-09-20,10,26,0.0,0.0,1.0,0.0,1,3.0
CUST03146,C02,2025-03-02,5,5,0,3443.90,688.78,32,4.0,9,CAT03,2025-05-28,2025-07-18,74,212,0.0,0.2,0.2,0.4,0,
CUST03147,C03,2024-03-23,29,27,0,18840.00,697.78,118,3.33,17,CAT05,2025-04-21,2025-09-24,6,556,0.0,0.2069,0.3448,0.1481,4,4.5
CUST03148,C01,2025-02-09,4,4,0,1389.00,347.25,12,2.75,8,CAT18,2025-05-07,2025-09-24,6,233,0.0,0.5,0.0,0.0,1,5.0
CUST03149,C01,2023-04-07,13,13,0,19391.60,1491.66,85,4.77,18,CAT15,2025-04-13,2025-09-25,5,907,0.0,0.0,0.3077,0.1538,3,4.0
CUST03150,C01,2025-02-05,5,5,0,3197.00,639.4,29,4.0,7,CAT13,2025-05-28,2025-09-05,25,237,0.0,0.0,0.0,0.0,1,5.0
CUST03151,C03,2025-06-01,14,13,1,11044.15,849.55,68,3.62,14,CAT15,2025-06-05,2025-09-19,11,121,0.0714,0.1429,0.1429,0.2308,0,
CUST03152,C01,2024-04-20,9,6,2,4211.70,701.95,21,2.33,11,CAT16,2025-04-08,2025-09-10,20,528,0.2222,0.1111,0.0,0.5,1,2.0
CUST03153,C03,2025-05-17,7,6,1,8591.10,1431.85,34,4.17,16,CAT19,2025-05-25,2025-09-26,4,136,0.1429,0.1429,0.5714,0.3333,0,
CUST03154,C01,2025-05-07,3,3,0,751.20,250.4,10,2.67,7,CAT08,2025-07-17,2025-09-08,22,146,0.0,0.3333,0.0,0.3333,0,
CUST03155,C01,2024-11-11,8,8,0,6345.30,793.16,41,3.25,11,CAT17,2025-04-03,2025-09-23,7,323,0.0,0.125,0.25,0.25,2,4.5
CUST03156,C02,2023-10-22,3,3,0,1230.00,410.0,9,2.0,6,CAT18,2025-04-09,2025-09-25,5,709,0.0,0.6667,0.0,0.0,1,3.0
CUST03157,C01,2025-05-09,12,11,1,9972.20,906.56,53,3.36,15,CAT01,2025-05-16,2025-09-17,13,144,0.0833,0.1667,0.1667,0.1818,1,4.0
CUST03158,C02,2023-02-16,8,8,0,16912.00,2114.0,78,6.63,14,CAT15,2025-04-12,2025-08-02,59,957,0.0,0.25,0.625,0.0,0,
CUST03159,C02,2025-06-29,2,2,0,1728.20,864.1,11,3.5,6,CAT12,2025-07-17,2025-09-10,20,93,0.0,0.5,0.0,0.5,1,5.0
CUST03160,C02,2023-07-05,5,2,2,118.60,59.3,3,1.0,2,CAT02,2025-04-10,2025-06-26,96,818,0.4,0.2,0.4,0.5,1,5.0
CUST03161,C03,2023-05-12,8,7,1,5417.40,773.91,22,2.43,9,CAT17,2025-04-15,2025-08-14,47,872,0.125,0.25,0.125,0.1429,1,3.0
CUST03162,C01,2023-09-29,9,9,0,6216.25,690.69,37,2.33,9,CAT12,2025-04-10,2025-09-03,27,732,0.0,0.6667,0.2222,0.4444,0,
CUST03163,C02,2023-09-30,2,2,0,1890.00,945.0,11,3.0,6,CAT17,2025-08-28,2025-09-24,6,731,0.0,1.0,0.0,0.5,0,
CUST03164,C02,2025-07-30,2,2,0,376.00,188.0,5,2.0,3,CAT08,2025-08-03,2025-09-28,2,62,0.0,1.0,1.0,0.0,0,
CUST03165,C01,2024-08-18,8,8,0,8951.60,1118.95,35,3.63,11,CAT13,2025-05-08,2025-09-12,18,408,0.0,0.125,0.375,0.25,2,3.5
CUST03166,C02,2023-02-19,4,3,0,2699.00,899.67,11,3.0,7,CAT15,2025-04-14,2025-08-01,60,954,0.0,0.25,0.0,0.0,3,4.0
CUST03167,C02,2024-06-17,10,7,2,1741.00,248.71,19,2.0,9,CAT12,2025-04-03,2025-09-24,6,470,0.2,0.7,0.2,0.0,1,1.0
CUST03168,C02,2024-11-10,4,3,1,2060.20,686.73,14,3.0,8,CAT15,2025-04-18,2025-07-08,84,324,0.25,0.0,0.25,0.3333,0,
CUST03169,C03,2023-03-02,7,6,1,5588.00,931.33,29,3.67,13,CAT05,2025-04-09,2025-09-16,14,943,0.1429,0.0,0.1429,0.0,1,5.0
CUST03170,C02,2023-03-18,1,1,0,913.00,913.0,3,3.0,3,CAT17,2025-07-13,2025-07-13,79,927,0.0,0.0,1.0,0.0,0,
CUST03171,C02,2024-10-18,6,6,0,5681.00,946.83,37,2.33,10,CAT11,2025-05-30,2025-09-24,6,347,0.0,0.3333,0.1667,0.0,1,1.0
CUST03172,C01,2024-11-12,6,4,2,3358.00,839.5,16,2.25,6,CAT17,2025-06-03,2025-08-26,35,322,0.3333,0.3333,0.1667,0.0,0,
CUST03173,C03,2024-10-08,2,1,0,613.00,613.0,4,4.0,3,CAT15,2025-04-13,2025-04-13,170,357,0.0,0.5,1.0,0.0,0,
CUST03174,C01,2023-07-06,4,4,0,7109.00,1777.25,31,5.0,8,CAT15,2025-06-22,2025-09-12,18,817,0.0,0.25,0.75,0.0,0,
CUST03175,C01,2023-12-15,8,8,0,9109.00,1138.63,42,3.63,14,CAT15,2025-04-05,2025-07-31,61,655,0.0,0.125,0.375,0.0,1,4.0
CUST03176,C01,2025-09-18,0,0,0,0.00,,0,,0,,,,,12,,,,,0,
CUST03177,C03,2023-10-25,7,6,0,2441.00,406.83,20,2.33,8,CAT05,2025-04-01,2025-08-21,40,706,0.0,0.7143,0.2857,0.1667,1,4.0
CUST03178,C01,2023-09-21,13,13,0,13420.65,1032.36,72,3.46,18,CAT17,2025-05-13,2025-09-20,10,740,0.0,0.2308,0.3846,0.1538,1,5.0
CUST03179,C02,2025-07-12,2,2,0,2026.00,1013.0,8,3.0,3,CAT15,2025-07-15,2025-07-20,72,80,0.0,0.5,0.5,0.0,0,
CUST03180,C02,2023-08-02,6,6,0,5664.80,944.13,20,2.33,9,CAT17,2025-06-01,2025-09-30,0,790,0.0,0.1667,0.3333,0.1667,1,2.0
CUST03181,C03,2024-12-09,3,3,0,2378.55,792.85,13,3.33,7,CAT13,2025-05-01,2025-05-05,148,295,0.0,0.3333,0.0,0.3333,0,
CUST03182,C01,2024-05-05,10,8,0,12492.20,1561.53,55,4.75,15,CAT15,2025-04-01,2025-08-24,37,513,0.0,0.1,0.4,0.125,1,2.0
CUST03183,C02,2023-06-25,0,0,0,0.00,,0,,0,,,,,828,,,,,0,
CUST03184,C02,2025-04-15,11,11,0,15552.25,1413.84,69,5.0,18,CAT14,2025-04-30,2025-09-12,18,168,0.0,0.1818,0.3636,0.3636,1,5.0
CUST03185,C01,2025-08-04,1,1,0,2197.30,2197.3,8,7.0,6,CAT17,2025-08-26,2025-08-26,35,57,0.0,0.0,0.0,1.0,0,
CUST03186,C02,2023-05-04,15,11,3,7772.00,706.55,45,3.27,13,CAT16,2025-05-08,2025-09-21,9,880,0.2,0.2667,0.1333,0.0,0,
CUST03187,C02,2024-04-17,2,2,0,342.50,171.25,4,1.5,3,CAT12,2025-06-16,2025-08-16,45,531,0.0,0.5,0.5,0.5,0,
CUST03188,C02,2023-08-10,4,3,1,2006.00,668.67,11,2.67,4,CAT01,2025-06-03,2025-08-16,45,782,0.25,0.0,0.5,0.0,0,
CUST03189,C01,2024-03-10,6,5,1,5514.60,1102.92,29,4.4,13,CAT15,2025-04-20,2025-09-28,2,569,0.1667,0.1667,0.8333,0.2,1,5.0
CUST03190,C03,2025-05-18,5,4,0,9632.70,2408.18,38,6.0,11,CAT15,2025-06-05,2025-07-26,66,135,0.0,0.4,0.6,0.25,1,5.0
CUST03191,C02,2025-04-18,0,0,0,0.00,,0,,0,,,,,165,,,,,0,
CUST03192,C02,2025-09-07,1,1,0,277.00,277.0,3,3.0,3,CAT13,2025-09-25,2025-09-25,5,23,0.0,1.0,0.0,0.0,0,
CUST03193,C01,2024-10-31,9,8,1,3940.40,492.55,21,2.13,10,CAT05,2025-04-09,2025-09-17,13,334,0.1111,0.4444,0.3333,0.375,1,3.0
CUST03194,C01,2024-09-29,8,8,0,13049.30,1631.16,58,4.88,14,CAT14,2025-04-21,2025-09-21,9,366,0.0,0.25,0.5,0.25,0,
CUST03195,C01,2025-07-08,0,0,0,0.00,,0,,0,,,,,84,,,,,0,
CUST03196,C01,2025-07-18,1,1,0,1077.00,1077.0,3,3.0,3,CAT14,2025-09-23,2025-09-23,7,74,0.0,0.0,0.0,0.0,0,
CUST03197,C03,2025-03-22,7,6,0,5081.00,846.83,17,1.83,7,CAT17,2025-04-01,2025-09-10,20,192,0.0,0.4286,0.4286,0.0,1,4.0
CUST03198,C03,2024-11-13,3,3,0,5373.00,1791.0,28,5.33,8,CAT15,2025-04-29,2025-08-30,31,321,0.0,0.6667,0.3333,0.0,0,
CUST03199,C01,2025-09-27,0,0,0,0.00,,0,,0,,,,,3,,,,,0,
CUST03200,C01,2023-01-15,6,5,1,11524.00,2304.8,38,4.8,11,CAT17,2025-04-13,2025-06-22,100,989,0.1667,0.0,0.8333,0.2,1,4.0
CUST03201,C02,2025-05-26,5,5,0,1993.30,398.66,12,1.8,8,CAT17,2025-05-26,2025-09-03,27,127,0.0,0.6,0.0,0.2,2,3.0
CUST03202,C02,2025-04-01,3,3,0,1472.00,490.67,10,2.33,6,CAT19,2025-05-09,2025-07-11,81,182,0.0,0.0,0.0,0.6667,0,
CUST03203,C01,2025-05-11,3,3,0,586.00,195.33,8,2.0,5,CAT13,2025-06-24,2025-09-11,19,142,0.0,0.3333,0.0,0.0,1,4.0
CUST03204,C01,2024-12-08,24,20,4,10564.15,528.21,82,3.1,16,CAT05,2025-04-03,2025-09-28,2,296,0.1667,0.25,0.25,0.1,1,5.0
CUST03205,C03,2023-02-04,9,8,0,13391.55,1673.94,62,5.63,15,CAT13,2025-04-19,2025-09-21,9,969,0.0,0.1111,0.8889,0.125,1,4.0
CUST03206,C01,2024-12-05,4,4,0,7488.80,1872.2,30,5.75,11,CAT13,2025-05-10,2025-07-12,80,299,0.0,0.0,0.75,0.5,2,3.5
CUST03207,C02,2024-05-10,9,9,0,7776.00,864.0,41,2.89,13,CAT17,2025-04-16,2025-09-06,24,508,0.0,0.1111,0.2222,0.2222,3,2.33
CUST03208,C02,2025-02-20,1,1,0,694.00,694.0,5,3.0,2,CAT12,2025-08-29,2025-08-29,32,222,0.0,1.0,0.0,0.0,0,
CUST03209,C02,2023-11-13,5,4,0,2153.00,538.25,9,2.0,7,CAT11,2025-04-11,2025-09-23,7,687,0.0,0.2,0.4,0.0,0,
CUST03210,C01,2024-12-11,6,6,0,5937.00,989.5,19,2.5,7,CAT17,2025-05-18,2025-09-30,0,293,0.0,0.1667,0.5,0.0,0,
CUST03211,C02,2024-11-08,14,14,0,12748.00,910.57,61,3.21,16,CAT16,2025-04-22,2025-09-19,11,326,0.0,0.2857,0.0714,0.2143,1,3.0
CUST03212,C01,2023-11-05,9,8,1,4639.00,579.88,35,3.38,12,CAT05,2025-04-28,2025-09-26,4,695,0.1111,0.4444,0.2222,0.125,1,5.0
CUST03213,C02,2025-08-19,1,0,1,0.00,,0,,0,,2025-09-14,,,42,1.0,0.0,1.0,,0,
CUST03214,C03,2025-07-28,1,1,0,750.00,750.0,3,3.0,3,CAT11,2025-09-12,2025-09-12,18,64,0.0,0.0,0.0,0.0,0,
CUST03215,C03,2024-03-23,15,13,2,5245.40,403.49,31,1.62,13,CAT12,2025-04-02,2025-09-27,3,556,0.1333,0.7333,0.2667,0.0769,1,1.0
CUST03216,C03,2023-11-13,7,6,0,11015.60,1835.93,32,3.33,12,CAT17,2025-04-16,2025-09-20,10,687,0.0,0.2857,0.1429,0.1667,1,1.0
CUST03217,C01,2025-07-27,4,3,1,901.50,300.5,10,2.67,6,CAT05,2025-08-06,2025-08-30,31,65,0.25,0.25,0.25,0.3333,0,
CUST03218,C02,2023-12-03,5,5,0,7333.60,1466.72,24,3.4,11,CAT15,2025-04-19,2025-09-19,11,667,0.0,0.2,0.4,0.2,0,
CUST03219,C03,2023-01-16,4,4,0,2212.00,553.0,14,2.75,8,CAT08,2025-04-11,2025-09-09,21,988,0.0,0.75,0.5,0.5,0,
CUST03220,C03,2025-03-16,2,2,0,1132.90,566.45,8,2.0,3,CAT15,2025-07-25,2025-09-30,0,198,0.0,0.0,0.0,0.5,0,
CUST03221,C03,2024-08-11,9,7,2,12021.00,1717.29,40,3.86,11,CAT17,2025-05-25,2025-09-12,18,415,0.2222,0.4444,0.4444,0.0,0,
CUST03222,C01,2023-07-13,4,3,1,628.00,209.33,8,2.33,3,CAT12,2025-04-08,2025-08-12,49,810,0.25,0.5,0.0,0.3333,1,4.0
CUST03223,C03,2023-03-09,2,2,0,2593.00,1296.5,17,5.5,10,CAT14,2025-07-11,2025-08-30,31,936,0.0,0.0,0.5,0.0,0,
CUST03224,C01,2025-05-16,0,0,0,0.00,,0,,0,,,,,137,,,,,0,
CUST03225,C03,2024-03-08,0,0,0,0.00,,0,,0,,,,,571,,,,,0,
CUST03226,C01,2023-07-15,10,9,1,2574.95,286.11,17,1.33,7,CAT17,2025-05-10,2025-09-15,15,808,0.1,0.8,0.6,0.2222,2,2.5
CUST03227,C02,2023-05-13,5,5,0,2907.00,581.4,18,2.2,7,CAT05,2025-05-27,2025-09-29,1,871,0.0,0.2,0.0,0.0,1,1.0
CUST03228,C03,2023-06-20,1,0,1,0.00,,0,,0,,2025-09-27,,,833,1.0,0.0,1.0,,0,
CUST03229,C03,2023-10-11,4,4,0,795.00,198.75,7,1.75,4,CAT07,2025-04-25,2025-09-11,19,720,0.0,0.25,0.0,0.0,1,5.0
CUST03230,C01,2023-04-16,10,8,1,11828.80,1478.6,53,4.75,15,CAT15,2025-04-06,2025-08-10,51,898,0.1,0.2,0.8,0.125,1,4.0
CUST03231,C03,2023-07-05,9,7,1,9827.20,1403.89,39,4.43,16,CAT17,2025-04-11,2025-08-13,48,818,0.1111,0.1111,0.3333,0.1429,2,4.5
CUST03232,C03,2024-06-23,7,7,0,1922.40,274.63,21,2.0,9,CAT16,2025-04-28,2025-08-27,34,464,0.0,0.7143,0.1429,0.1429,1,3.0
CUST03233,C02,2024-02-17,5,5,0,4288.80,857.76,13,2.2,8,CAT17,2025-05-22,2025-09-14,16,591,0.0,0.2,0.4,0.2,1,5.0
CUST03234,C02,2023-10-31,6,3,1,961.00,320.33,11,2.33,6,CAT19,2025-04-22,2025-09-10,20,700,0.1667,0.8333,0.3333,0.0,1,3.0
CUST03235,C01,2023-12-18,7,6,1,5817.00,969.5,22,2.67,8,CAT17,2025-04-30,2025-08-23,38,652,0.1429,0.1429,0.1429,0.0,0,
CUST03236,C01,2025-08-03,1,1,0,1132.00,1132.0,4,4.0,3,CAT10,2025-08-17,2025-08-17,44,58,0.0,0.0,1.0,0.0,1,4.0
CUST03237,C01,2025-02-20,11,9,1,8288.00,920.89,46,4.11,15,CAT15,2025-04-05,2025-09-21,9,222,0.0909,0.1818,0.4545,0.2222,1,5.0
CUST03238,C01,2025-06-01,4,3,0,2080.50,693.5,13,3.0,7,CAT17,2025-06-03,2025-09-28,2,121,0.0,1.0,0.25,0.6667,0,
CUST03239,C02,2024-10-14,1,1,0,291.00,291.0,1,1.0,1,CAT17,2025-07-18,2025-07-18,74,351,0.0,0.0,0.0,0.0,0,
CUST03240,C02,2024-03-31,2,2,0,2911.80,1455.9,14,5.5,6,CAT14,2025-05-31,2025-06-22,100,548,0.0,0.0,1.0,0.5,0,
CUST03241,C03,2025-02-14,6,4,2,5994.00,1498.5,13,2.75,6,CAT17,2025-05-06,2025-09-09,21,228,0.3333,0.3333,0.5,0.0,1,5.0
CUST03242,C03,2025-09-24,0,0,0,0.00,,0,,0,,,,,6,,,,,0,
CUST03243,C03,2023-02-16,3,3,0,1110.00,370.0,8,2.33,6,CAT01,2025-06-20,2025-09-11,19,957,0.0,0.3333,0.3333,0.3333,0,
CUST03244,C02,2024-12-19,2,2,0,2908.00,1454.0,14,6.0,9,CAT15,2025-07-06,2025-08-08,53,285,0.0,0.0,0.5,0.5,0,
CUST03245,C03,2023-02-18,8,6,2,4250.60,708.43,23,3.0,11,CAT03,2025-04-21,2025-08-21,40,955,0.25,0.25,0.25,0.3333,0,
CUST03246,C02,2024-06-05,1,1,0,392.00,392.0,3,2.0,2,CAT08,2025-06-14,2025-06-14,108,482,0.0,1.0,1.0,0.0,0,
CUST03247,C02,2025-03-10,9,7,2,5236.05,748.01,35,4.14,11,CAT11,2025-04-04,2025-08-24,37,204,0.2222,0.2222,0.4444,0.4286,1,4.0
CUST03248,C02,2024-02-23,3,3,0,1545.20,515.07,12,3.33,8,CAT03,2025-04-11,2025-07-07,85,585,0.0,0.0,0.0,0.3333,0,
CUST03249,C01,2025-09-29,0,0,0,0.00,,0,,0,,,,,1,,,,,0,
CUST03250,C03,2023-04-21,5,5,0,6208.60,1241.72,26,3.8,14,CAT17,2025-04-11,2025-09-16,14,893,0.0,0.2,0.4,0.6,0,
CUST03251,C02,2025-07-19,3,2,1,2001.10,1000.55,12,4.5,6,CAT15,2025-08-10,2025-09-17,13,73,0.3333,0.0,0.6667,0.5,0,
CUST03252,C03,2023-03-14,4,4,0,1655.00,413.75,9,2.0,6,CAT19,2025-08-03,2025-09-23,7,931,0.0,0.25,0.25,0.0,1,4.0
CUST03253,C02,2025-03-09,5,3,0,1386.80,462.27,13,3.33,7,CAT18,2025-05-06,2025-07-21,71,205,0.0,0.2,0.4,0.3333,2,5.0
CUST03254,C03,2024-07-29,6,5,0,6303.00,1260.6,26,3.8,10,CAT10,2025-05-04,2025-07-29,63,428,0.0,0.1667,0.3333,0.0,1,2.0
CUST03255,C02,2024-01-26,10,8,1,9719.40,1214.93,44,4.5,12,CAT10,2025-04-03,2025-09-27,3,613,0.1,0.1,0.7,0.125,0,
CUST03256,C03,2024-11-06,4,4,0,5428.00,1357.0,17,3.25,8,CAT17,2025-07-16,2025-09-23,7,328,0.0,0.0,0.25,0.0,1,3.0
CUST03257,C02,2025-08-03,7,7,0,6095.25,870.75,34,3.14,12,CAT05,2025-08-17,2025-09-27,3,58,0.0,0.2857,0.5714,0.2857,0,
CUST03258,C03,2025-04-21,1,1,0,843.55,843.55,2,2.0,2,CAT17,2025-06-12,2025-06-12,110,162,0.0,0.0,0.0,1.0,0,
CUST03259,C02,2024-09-26,44,36,7,27014.50,750.4,160,3.31,19,CAT05,2025-04-03,2025-09-26,4,369,0.1591,0.1818,0.2273,0.1389,7,4.43
CUST03260,C01,2025-05-06,1,1,0,428.00,428.0,3,3.0,3,CAT08,2025-08-11,2025-08-11,50,147,0.0,1.0,0.0,0.0,0,
CUST03261,C03,2023-11-04,3,3,0,1516.50,505.5,5,1.33,4,CAT16,2025-05-26,2025-09-26,4,696,0.0,0.3333,0.0,0.3333,0,
CUST03262,C01,2024-07-23,3,3,0,496.00,165.33,4,1.0,3,CAT20,2025-05-18,2025-09-19,11,434,0.0,0.3333,0.3333,0.0,0,
CUST03263,C01,2025-08-28,0,0,0,0.00,,0,,0,,,,,33,,,,,0,
CUST03264,C03,2023-04-09,3,2,0,923.00,461.5,7,2.5,5,CAT18,2025-04-25,2025-06-30,92,905,0.0,0.6667,0.0,0.0,0,
CUST03265,C02,2025-03-12,5,5,0,10012.00,2002.4,41,5.2,13,CAT15,2025-04-01,2025-09-10,20,202,0.0,0.0,0.6,0.0,2,3.0
CUST03266,C03,2025-07-09,5,3,0,5503.80,1834.6,24,5.33,8,CAT13,2025-07-13,2025-09-09,21,83,0.0,0.0,0.6,0.3333,0,
CUST03267,C03,2024-06-16,5,4,1,6133.80,1533.45,29,5.0,9,CAT05,2025-04-05,2025-08-24,37,471,0.2,0.0,0.8,0.25,0,
CUST03268,C01,2023-10-28,0,0,0,0.00,,0,,0,,,,,703,,,,,0,
CUST03269,C02,2023-02-21,11,10,1,16659.05,1665.91,70,5.7,17,CAT15,2025-04-28,2025-08-22,39,952,0.0909,0.1818,0.5455,0.3,1,5.0
CUST03270,C01,2025-08-06,5,4,0,4699.00,1174.75,27,4.25,9,CAT17,2025-08-13,2025-09-27,3,55,0.0,0.4,0.6,0.0,2,4.0
CUST03271,C02,2024-10-28,21,19,1,14801.70,779.04,98,3.47,14,CAT05,2025-04-03,2025-09-25,5,337,0.0476,0.2381,0.1905,0.2105,4,4.75
CUST03272,C03,2024-08-24,15,14,1,7970.30,569.31,60,2.86,13,CAT05,2025-05-08,2025-09-24,6,402,0.0667,0.2,0.2667,0.2143,2,5.0
CUST03273,C02,2025-07-02,0,0,0,0.00,,0,,0,,,,,90,,,,,0,
CUST03274,C01,2024-02-07,12,9,3,5103.20,567.02,40,3.33,13,CAT03,2025-04-16,2025-09-24,6,601,0.25,0.0,0.25,0.4444,2,2.5
CUST03275,C03,2023-03-23,9,7,1,7008.15,1001.16,48,2.86,12,CAT05,2025-04-05,2025-09-25,5,922,0.1111,0.1111,0.3333,0.1429,2,2.5
CUST03276,C02,2025-02-23,8,7,0,4891.00,698.71,35,3.71,12,CAT03,2025-04-07,2025-09-13,17,219,0.0,0.0,0.375,0.0,1,5.0
CUST03277,C02,2024-11-17,15,12,3,12152.20,1012.68,58,3.33,13,CAT05,2025-04-11,2025-08-06,55,317,0.2,0.1333,0.2,0.0833,3,4.33
CUST03278,C03,2023-05-06,5,4,0,3103.20,775.8,15,2.75,9,CAT17,2025-04-01,2025-08-28,33,878,0.0,0.0,0.2,0.5,2,3.0
CUST03279,C03,2025-08-20,1,0,1,0.00,,0,,0,,2025-09-11,,,41,1.0,0.0,0.0,,0,
CUST03280,C01,2025-01-22,11,10,0,3398.00,339.8,40,2.2,11,CAT07,2025-04-17,2025-09-20,10,251,0.0,0.5455,0.2727,0.2,1,4.0
CUST03281,C01,2025-01-09,1,1,0,964.00,964.0,6,4.0,3,CAT13,2025-09-27,2025-09-27,3,264,0.0,0.0,1.0,0.0,0,
CUST03282,C03,2024-07-25,1,1,0,1444.00,1444.0,6,4.0,3,CAT13,2025-04-05,2025-04-05,178,432,0.0,0.0,1.0,0.0,0,
CUST03283,C01,2025-09-27,0,0,0,0.00,,0,,0,,,,,3,,,,,0,
CUST03284,C03,2024-12-19,11,10,1,6681.60,668.16,47,3.7,13,CAT05,2025-04-10,2025-09-15,15,285,0.0909,0.0909,0.3636,0.3,1,4.0
CUST03285,C01,2024-07-05,5,4,0,667.00,166.75,8,1.5,6,CAT10,2025-04-19,2025-08-21,40,452,0.0,1.0,0.2,0.0,2,3.5
CUST03286,C03,2023-01-01,3,3,0,5453.50,1817.83,32,6.67,11,CAT10,2025-05-17,2025-08-31,30,1003,0.0,0.3333,0.6667,0.3333,0,
CUST03287,C02,2023-05-31,3,2,1,1083.50,541.75,4,2.0,4,CAT17,2025-05-15,2025-08-13,48,853,0.3333,0.3333,0.0,0.5,0,
CUST03288,C01,2025-03-30,13,10,0,9496.30,949.63,55,3.8,10,CAT17,2025-04-19,2025-09-04,26,184,0.0,0.2308,0.2308,0.3,3,4.0
CUST03289,C03,2025-02-12,4,3,1,4533.20,1511.07,19,5.0,8,CAT14,2025-06-30,2025-09-15,15,230,0.25,0.25,0.0,0.3333,1,4.0
CUST03290,C01,2024-07-09,15,12,1,10633.50,886.13,73,3.92,17,CAT05,2025-05-17,2025-09-27,3,448,0.0667,0.0667,0.4667,0.0833,1,3.0
CUST03291,C01,2024-10-29,2,2,0,703.00,351.5,7,3.5,5,CAT03,2025-05-14,2025-09-28,2,336,0.0,0.5,0.5,0.0,0,
CUST03292,C01,2024-02-09,3,3,0,2833.00,944.33,14,3.33,7,CAT05,2025-04-15,2025-09-09,21,599,0.0,0.0,0.3333,0.0,0,
CUST03293,C02,2023-10-30,6,4,2,412.25,103.06,8,1.25,3,CAT09,2025-05-13,2025-08-16,45,701,0.3333,0.8333,0.1667,0.25,1,2.0
CUST03294,C02,2023-12-03,6,5,0,6073.00,1214.6,30,4.0,7,CAT05,2025-04-16,2025-09-04,26,667,0.0,0.0,0.6667,0.0,0,
CUST03295,C02,2025-01-07,4,4,0,1816.40,454.1,13,1.75,5,CAT15,2025-07-10,2025-08-30,31,266,0.0,0.75,0.25,0.25,0,
CUST03296,C02,2025-02-03,13,12,1,4027.60,335.63,39,2.17,8,CAT12,2025-04-02,2025-08-30,31,239,0.0769,0.5385,0.5385,0.1667,1,1.0
CUST03297,C03,2024-03-04,11,9,2,4292.15,476.91,36,3.22,12,CAT13,2025-04-23,2025-09-12,18,575,0.1818,0.0,0.1818,0.3333,0,
CUST03298,C02,2023-10-28,6,4,0,2285.80,571.45,18,2.5,6,CAT13,2025-04-30,2025-08-19,42,703,0.0,0.8333,0.3333,0.5,3,4.0
CUST03299,C02,2024-10-30,2,2,0,1615.25,807.63,6,2.5,5,CAT17,2025-06-06,2025-07-04,88,335,0.0,0.0,0.0,0.5,0,
CUST03300,C02,2025-07-23,2,1,1,2194.00,2194.0,11,7.0,5,CAT10,2025-08-17,2025-09-27,3,69,0.5,0.0,1.0,0.0,0,
CUST03301,C02,2025-08-10,5,4,1,1505.00,376.25,13,1.75,6,CAT16,2025-08-14,2025-09-20,10,51,0.2,0.6,0.2,0.25,1,5.0
CUST03302,C03,2024-08-09,1,1,0,522.00,522.0,7,4.0,4,CAT13,2025-06-27,2025-06-27,95,417,0.0,0.0,0.0,0.0,0,
CUST03303,C01,2025-07-31,2,2,0,1491.60,745.8,6,2.5,5,CAT15,2025-09-09,2025-09-28,2,61,0.0,0.5,0.5,0.5,0,
CUST03304,C03,2023-07-31,10,8,1,6870.90,858.86,44,3.13,14,CAT19,2025-04-06,2025-08-27,34,792,0.1,0.2,0.4,0.375,2,3.0
CUST03305,C03,2025-01-05,2,2,0,750.00,375.0,9,3.5,5,CAT20,2025-04-14,2025-08-29,32,268,0.0,0.5,0.0,0.0,1,4.0
CUST03306,C01,2024-11-25,4,2,1,3000.00,1500.0,17,5.5,8,CAT15,2025-05-07,2025-09-24,6,309,0.25,0.25,0.25,0.0,1,5.0
CUST03307,C02,2023-10-30,3,3,0,1404.00,468.0,6,2.0,6,CAT17,2025-04-18,2025-07-09,83,701,0.0,0.0,0.3333,0.0,1,3.0
CUST03308,C01,2023-10-12,4,4,0,1422.60,355.65,12,2.0,5,CAT12,2025-04-26,2025-06-23,99,719,0.0,0.75,0.25,0.25,1,5.0
CUST03309,C02,2024-08-19,5,3,1,1527.60,509.2,8,1.33,4,CAT01,2025-04-10,2025-09-24,6,407,0.2,0.2,0.0,0.3333,0,
CUST03310,C03,2023-11-27,9,8,1,3398.40,424.8,24,1.88,8,CAT15,2025-04-16,2025-08-31,30,673,0.1111,0.6667,0.2222,0.125,0,
CUST03311,C03,2025-05-17,9,9,0,7052.00,783.56,30,2.78,11,CAT17,2025-06-07,2025-09-19,11,136,0.0,0.1111,0.3333,0.1111,1,3.0
CUST03312,C03,2024-06-16,10,8,2,8269.75,1033.72,30,2.38,12,CAT17,2025-04-01,2025-08-24,37,471,0.2,0.1,0.2,0.25,1,2.0
CUST03313,C01,2023-03-23,4,4,0,4014.00,1003.5,21,3.5,10,CAT17,2025-05-26,2025-06-27,95,922,0.0,0.0,0.0,0.25,2,3.5
CUST03314,C02,2024-01-01,11,11,0,8513.30,773.94,38,2.36,12,CAT18,2025-04-16,2025-09-05,25,638,0.0,0.2727,0.0909,0.1818,3,4.0
CUST03315,C03,2025-09-13,0,0,0,0.00,,0,,0,,,,,17,,,,,0,
CUST03316,C01,2023-08-05,3,2,1,2014.00,1007.0,10,4.5,6,CAT17,2025-05-21,2025-06-14,108,787,0.3333,0.3333,0.3333,0.5,0,
CUST03317,C01,2024-04-29,1,0,0,0.00,,0,,0,,2025-08-12,,,519,0.0,1.0,0.0,,0,
CUST03318,C01,2023-12-08,2,1,1,303.00,303.0,1,1.0,1,CAT16,2025-07-17,2025-09-28,2,662,0.5,0.0,0.5,0.0,0,
CUST03319,C03,2024-03-13,9,9,0,13651.50,1516.83,61,4.67,14,CAT15,2025-04-22,2025-09-14,16,566,0.0,0.2222,0.4444,0.3333,5,2.6
CUST03320,C02,2024-04-25,5,5,0,5008.00,1001.6,22,2.8,11,CAT17,2025-05-08,2025-09-27,3,523,0.0,0.2,0.6,0.0,1,1.0
CUST03321,C01,2023-03-17,2,2,0,3611.00,1805.5,15,5.5,9,CAT16,2025-07-12,2025-09-21,9,928,0.0,0.5,1.0,0.0,0,
CUST03322,C02,2024-08-18,19,17,1,23002.80,1353.11,107,4.71,16,CAT15,2025-04-05,2025-09-26,4,408,0.0526,0.1053,0.6316,0.1176,6,3.67
CUST03323,C03,2024-06-11,3,3,0,5239.00,1746.33,28,8.0,13,CAT15,2025-08-15,2025-09-07,23,476,0.0,0.3333,0.6667,0.0,1,4.0
CUST03324,C02,2023-01-12,4,3,1,1679.75,559.92,16,3.33,7,CAT08,2025-05-26,2025-09-03,27,992,0.25,0.0,0.25,0.3333,1,1.0
CUST03325,C02,2023-08-19,15,15,0,13893.20,926.21,52,2.4,15,CAT17,2025-04-02,2025-09-29,1,773,0.0,0.2667,0.2667,0.0667,6,4.5
CUST03326,C01,2023-07-21,0,0,0,0.00,,0,,0,,,,,802,,,,,0,
CUST03327,C03,2025-04-08,4,4,0,7523.50,1880.88,29,4.0,9,CAT17,2025-04-11,2025-07-31,61,175,0.0,0.0,0.0,0.25,2,3.5
CUST03328,C02,2024-02-15,5,5,0,4153.00,830.6,22,3.0,9,CAT17,2025-06-11,2025-08-22,39,593,0.0,0.2,0.0,0.0,1,5.0
CUST03329,C02,2025-03-01,11,10,0,1974.70,197.47,19,1.5,7,CAT15,2025-04-18,2025-09-25,5,213,0.0,0.7273,0.1818,0.1,3,3.67
CUST03330,C01,2024-04-07,1,1,0,936.25,936.25,6,6.0,6,CAT15,2025-06-07,2025-06-07,115,541,0.0,0.0,1.0,1.0,0,
CUST03331,C02,2023-11-29,1,1,0,1505.00,1505.0,4,2.0,2,CAT14,2025-08-29,2025-08-29,32,671,0.0,0.0,0.0,0.0,0,
CUST03332,C01,2024-09-05,1,1,0,409.00,409.0,1,1.0,1,CAT10,2025-06-08,2025-06-08,114,390,0.0,0.0,1.0,0.0,0,
CUST03333,C02,2024-04-07,3,3,0,2821.40,940.47,13,3.67,7,CAT15,2025-04-18,2025-08-24,37,541,0.0,0.3333,0.3333,0.3333,0,
CUST03334,C02,2023-09-21,6,6,0,5263.10,877.18,34,4.17,10,CAT05,2025-08-12,2025-09-24,6,740,0.0,0.0,0.1667,0.3333,3,3.33
CUST03335,C03,2024-12-17,12,12,0,7083.50,590.29,56,3.0,15,CAT05,2025-04-09,2025-09-05,25,287,0.0,0.1667,0.1667,0.25,0,
CUST03336,C02,2025-01-26,1,0,0,0.00,,0,,0,,2025-04-17,,,247,0.0,0.0,0.0,,0,
CUST03337,C01,2023-08-07,4,3,1,4147.20,1382.4,22,4.67,10,CAT13,2025-06-01,2025-08-10,51,785,0.25,0.25,0.5,0.3333,0,
CUST03338,C02,2025-04-28,2,2,0,2611.00,1305.5,12,4.5,6,CAT15,2025-06-14,2025-07-26,66,155,0.0,0.5,1.0,0.0,0,
CUST03339,C02,2025-06-01,2,2,0,1147.00,573.5,11,3.5,5,CAT14,2025-07-14,2025-09-20,10,121,0.0,0.5,0.5,0.0,1,5.0
CUST03340,C02,2024-08-03,6,5,0,1699.00,339.8,13,1.8,7,CAT10,2025-04-17,2025-07-31,61,423,0.0,1.0,0.1667,0.0,1,2.0
CUST03341,C02,2024-09-21,11,9,1,8981.50,997.94,62,4.56,16,CAT01,2025-04-08,2025-09-10,20,374,0.0909,0.0909,0.0909,0.1111,0,
CUST03342,C01,2025-05-28,14,11,2,5264.80,478.62,34,2.55,12,CAT05,2025-06-05,2025-09-15,15,125,0.1429,0.1429,0.0714,0.2727,5,4.4
CUST03343,C02,2024-09-30,3,1,1,796.00,796.0,4,2.0,2,CAT13,2025-06-02,2025-06-02,120,365,0.3333,0.3333,0.0,0.0,0,
CUST03344,C02,2025-09-18,0,0,0,0.00,,0,,0,,,,,12,,,,,0,
CUST03345,C03,2023-10-11,4,4,0,5278.00,1319.5,11,2.25,6,CAT17,2025-05-01,2025-07-10,82,720,0.0,0.25,0.0,0.0,2,4.0
CUST03346,C01,2025-02-16,3,3,0,2861.00,953.67,11,2.67,8,CAT19,2025-04-18,2025-05-22,131,226,0.0,0.3333,0.3333,0.0,2,4.5
CUST03347,C03,2025-05-10,4,4,0,1870.00,467.5,11,2.0,6,CAT17,2025-05-18,2025-08-07,54,143,0.0,0.25,0.25,0.0,1,3.0
CUST03348,C01,2023-01-12,9,7,0,5111.00,730.14,31,3.43,12,CAT19,2025-04-04,2025-07-13,79,992,0.0,0.1111,0.3333,0.0,2,3.0
CUST03349,C03,2023-04-08,1,1,0,2649.00,2649.0,7,4.0,4,CAT17,2025-06-07,2025-06-07,115,906,0.0,0.0,1.0,0.0,0,
CUST03350,C01,2025-09-12,0,0,0,0.00,,0,,0,,,,,18,,,,,0,
CUST03351,C01,2023-06-07,7,7,0,3263.20,466.17,30,3.14,10,CAT03,2025-04-15,2025-08-20,41,846,0.0,0.1429,0.1429,0.4286,3,5.0
CUST03352,C03,2023-02-10,9,7,2,2422.00,346.0,15,1.29,8,CAT16,2025-04-04,2025-07-17,75,963,0.2222,0.4444,0.2222,0.0,3,3.67
CUST03353,C01,2024-02-21,3,2,1,1983.00,991.5,9,3.5,7,CAT15,2025-04-27,2025-09-20,10,587,0.3333,0.0,1.0,0.0,0,
CUST03354,C02,2024-12-31,5,4,0,3165.80,791.45,23,4.25,8,CAT11,2025-05-17,2025-08-31,30,273,0.0,0.2,0.4,0.25,1,5.0
CUST03355,C01,2025-04-10,0,0,0,0.00,,0,,0,,,,,173,,,,,0,
CUST03356,C02,2025-01-01,0,0,0,0.00,,0,,0,,,,,272,,,,,0,
CUST03357,C02,2024-08-28,4,4,0,2844.00,711.0,21,3.75,8,CAT05,2025-04-03,2025-08-28,33,398,0.0,0.0,0.0,0.0,0,
CUST03358,C01,2025-01-24,7,7,0,3757.00,536.71,23,2.43,8,CAT15,2025-05-07,2025-09-23,7,249,0.0,0.4286,0.0,0.0,3,4.0
CUST03359,C02,2023-08-15,3,3,0,4674.00,1558.0,19,4.0,9,CAT17,2025-07-21,2025-09-23,7,777,0.0,0.3333,0.0,0.0,0,
CUST03360,C01,2024-06-25,7,7,0,5790.80,827.26,32,2.71,11,CAT01,2025-04-24,2025-09-07,23,462,0.0,0.2857,0.2857,0.1429,1,5.0
CUST03361,C03,2025-09-30,0,0,0,0.00,,0,,0,,,,,0,,,,,0,
CUST03362,C02,2023-02-02,4,3,0,2192.00,730.67,7,1.67,5,CAT10,2025-07-14,2025-07-25,67,971,0.0,0.75,0.0,0.0,1,5.0
CUST03363,C01,2023-03-22,7,6,1,13379.20,2229.87,48,5.0,14,CAT15,2025-04-21,2025-09-12,18,923,0.1429,0.2857,0.5714,0.3333,0,
CUST03364,C03,2025-08-19,5,4,1,4103.00,1025.75,28,4.0,11,CAT17,2025-08-25,2025-09-08,22,42,0.2,0.0,0.0,0.0,0,
CUST03365,C02,2023-03-23,6,6,0,4125.80,687.63,22,2.5,10,CAT17,2025-04-03,2025-09-06,24,922,0.0,0.1667,0.5,0.1667,1,4.0
CUST03366,C02,2025-09-09,0,0,0,0.00,,0,,0,,,,,21,,,,,0,
CUST03367,C01,2024-12-28,10,10,0,13833.20,1383.32,67,4.8,18,CAT15,2025-04-19,2025-09-27,3,276,0.0,0.3,0.5,0.1,1,4.0
CUST03368,C02,2024-12-26,7,7,0,17871.20,2553.03,65,5.86,16,CAT15,2025-05-21,2025-09-18,12,278,0.0,0.2857,0.2857,0.2857,2,5.0
CUST03369,C01,2025-07-03,4,4,0,1905.55,476.39,9,1.5,5,CAT01,2025-07-21,2025-08-30,31,89,0.0,0.25,0.25,0.5,0,
CUST03370,C02,2024-12-14,1,0,1,0.00,,0,,0,,2025-05-02,,,290,1.0,1.0,0.0,,0,
CUST03371,C03,2024-09-21,1,0,0,0.00,,0,,0,,2025-06-21,,,374,0.0,0.0,1.0,,1,5.0
CUST03372,C01,2024-08-27,2,1,1,109.00,109.0,1,1.0,1,CAT05,2025-04-16,2025-08-31,30,399,0.5,0.5,0.5,0.0,0,
CUST03373,C03,2023-05-22,2,2,0,1141.00,570.5,8,2.5,5,CAT20,2025-05-04,2025-09-29,1,862,0.0,1.0,0.5,0.0,0,
CUST03374,C03,2025-09-25,0,0,0,0.00,,0,,0,,,,,5,,,,,0,
CUST03375,C02,2024-07-19,0,0,0,0.00,,0,,0,,,,,438,,,,,0,
CUST03376,C03,2023-08-11,8,6,0,11857.20,1976.2,37,4.5,9,CAT17,2025-04-15,2025-09-26,4,781,0.0,0.25,0.125,0.1667,1,2.0
CUST03377,C02,2025-09-19,0,0,0,0.00,,0,,0,,,,,11,,,,,0,
CUST03378,C02,2025-08-23,1,1,0,1462.00,1462.0,4,2.0,2,CAT14,2025-09-15,2025-09-15,15,38,0.0,0.0,0.0,0.0,0,
CUST03379,C02,2024-01-05,17,15,2,6313.80,420.92,41,1.93,11,CAT17,2025-04-03,2025-09-26,4,634,0.1176,0.7059,0.2353,0.2,1,4.0
CUST03380,C01,2023-10-11,6,6,0,2244.90,374.15,16,2.17,8,CAT08,2025-05-10,2025-09-26,4,720,0.0,0.8333,0.1667,0.1667,3,4.0
CUST03381,C03,2023-04-13,1,1,0,248.00,248.0,4,3.0,3,CAT14,2025-05-12,2025-05-12,141,901,0.0,0.0,0.0,0.0,0,
CUST03382,C01,2025-04-28,3,3,0,4607.00,1535.67,16,3.67,8,CAT17,2025-05-29,2025-09-25,5,155,0.0,0.3333,0.3333,0.0,2,3.0
CUST03383,C01,2024-07-22,5,5,0,5711.00,1142.2,27,4.4,10,CAT17,2025-04-11,2025-09-17,13,435,0.0,0.2,0.4,0.0,0,
CUST03384,C01,2024-04-17,13,11,2,9880.00,898.18,31,1.91,10,CAT17,2025-04-04,2025-08-09,52,531,0.1538,0.1538,0.4615,0.0,2,1.5
CUST03385,C03,2024-12-13,2,2,0,399.00,199.5,4,1.5,2,CAT18,2025-04-03,2025-07-30,62,291,0.0,0.0,0.0,0.0,1,1.0
CUST03386,C03,2024-11-19,1,1,0,1580.20,1580.2,7,4.0,4,CAT17,2025-05-08,2025-05-08,145,315,0.0,0.0,0.0,1.0,0,
CUST03387,C02,2025-07-24,4,1,1,440.00,440.0,3,3.0,3,CAT16,2025-08-06,2025-08-25,36,68,0.25,1.0,0.25,0.0,1,4.0
CUST03388,C03,2024-06-05,4,2,2,521.40,260.7,6,3.0,5,CAT18,2025-05-24,2025-09-06,24,482,0.5,0.5,0.5,1.0,0,
CUST03389,C03,2025-09-29,0,0,0,0.00,,0,,0,,,,,1,,,,,0,
CUST03390,C01,2025-07-05,1,1,0,470.00,470.0,1,1.0,1,CAT18,2025-09-07,2025-09-07,23,87,0.0,0.0,1.0,0.0,0,
CUST03391,C03,2024-03-03,0,0,0,0.00,,0,,0,,,,,576,,,,,0,
CUST03392,C02,2025-08-15,2,1,1,1424.65,1424.65,3,2.0,2,CAT17,2025-09-08,2025-09-08,22,46,0.5,0.0,0.0,1.0,0,
CUST03393,C02,2023-07-02,41,36,3,28246.90,784.64,174,3.06,19,CAT17,2025-04-05,2025-09-30,0,821,0.0732,0.122,0.2439,0.1667,9,3.22
CUST03394,C01,2025-03-25,4,3,1,2738.30,912.77,9,2.67,7,CAT17,2025-04-29,2025-08-23,38,189,0.25,0.0,0.25,0.3333,0,
CUST03395,C02,2025-08-08,0,0,0,0.00,,0,,0,,,,,53,,,,,0,
CUST03396,C02,2023-04-11,8,6,0,1852.00,308.67,16,2.33,8,CAT14,2025-04-21,2025-09-28,2,903,0.0,0.625,0.25,0.0,2,4.5
CUST03397,C03,2024-09-24,12,12,0,17775.50,1481.29,94,5.17,17,CAT15,2025-04-05,2025-07-27,65,371,0.0,0.1667,0.5833,0.1667,1,5.0
CUST03398,C02,2023-10-15,3,2,1,192.00,96.0,2,1.0,2,CAT10,2025-07-06,2025-09-18,12,716,0.3333,0.6667,0.6667,0.0,1,5.0
CUST03399,C03,2023-03-27,12,10,2,5266.40,526.64,44,3.2,13,CAT03,2025-05-01,2025-09-10,20,918,0.1667,0.25,0.0833,0.2,2,4.5
CUST03400,C01,2023-12-02,1,1,0,253.00,253.0,2,2.0,2,CAT08,2025-09-14,2025-09-14,16,668,0.0,1.0,1.0,0.0,0,
CUST03401,C01,2024-01-11,9,9,0,3846.10,427.34,40,3.22,9,CAT11,2025-04-10,2025-09-14,16,628,0.0,0.2222,0.2222,0.3333,2,4.5
CUST03402,C03,2023-09-10,1,1,0,1495.00,1495.0,9,5.0,4,CAT16,2025-08-20,2025-08-20,41,751,0.0,0.0,0.0,0.0,0,
CUST03403,C03,2025-09-21,0,0,0,0.00,,0,,0,,,,,9,,,,,0,
CUST03404,C01,2023-03-17,1,0,1,0.00,,0,,0,,2025-08-29,,,928,1.0,0.0,0.0,,0,
CUST03405,C03,2023-04-17,11,10,1,12838.00,1283.8,42,3.0,9,CAT17,2025-04-22,2025-09-26,4,897,0.0909,0.6364,0.2727,0.0,2,3.5
CUST03406,C01,2024-05-05,0,0,0,0.00,,0,,0,,,,,513,,,,,0,
CUST03407,C01,2025-06-05,6,6,0,3473.00,578.83,31,3.17,8,CAT05,2025-06-20,2025-09-20,10,117,0.0,0.3333,0.1667,0.0,0,
CUST03408,C01,2025-07-22,6,5,1,2326.00,465.2,18,2.8,11,CAT17,2025-07-24,2025-09-04,26,70,0.1667,0.1667,0.1667,0.2,0,
CUST03409,C03,2025-08-08,1,1,0,353.30,353.3,4,3.0,3,CAT14,2025-09-17,2025-09-17,13,53,0.0,0.0,0.0,1.0,0,
CUST03410,C03,2023-02-13,1,0,0,0.00,,0,,0,,2025-06-05,,,960,0.0,0.0,0.0,,0,
CUST03411,C01,2025-03-21,8,6,2,4937.00,822.83,25,2.33,12,CAT05,2025-04-27,2025-09-01,29,193,0.25,0.375,0.125,0.0,2,4.0
CUST03412,C01,2024-06-23,6,5,0,1053.00,210.6,12,2.0,6,CAT19,2025-05-06,2025-09-27,3,464,0.0,0.8333,0.1667,0.0,0,
CUST03413,C01,2023-04-02,13,12,1,8973.70,747.81,71,4.08,12,CAT01,2025-04-09,2025-09-13,17,912,0.0769,0.0,0.2308,0.3333,2,3.5
CUST03414,C01,2025-04-09,1,0,0,0.00,,0,,0,,2025-04-16,,,174,0.0,0.0,0.0,,1,4.0
CUST03415,C02,2024-09-12,11,10,0,5759.00,575.9,32,2.4,11,CAT05,2025-04-11,2025-08-31,30,383,0.0,0.1818,0.4545,0.0,2,2.0
CUST03416,C02,2023-06-18,2,1,1,753.00,753.0,2,2.0,2,CAT17,2025-04-30,2025-07-21,71,835,0.5,0.5,0.0,0.0,0,
CUST03417,C01,2023-06-04,1,0,1,0.00,,0,,0,,2025-05-31,,,849,1.0,0.0,1.0,,0,
CUST03418,C02,2025-05-06,4,4,0,2826.70,706.68,11,2.5,9,CAT17,2025-06-02,2025-09-11,19,147,0.0,0.25,0.25,0.75,1,2.0
CUST03419,C02,2023-07-30,2,1,1,618.00,618.0,7,3.0,2,CAT01,2025-05-26,2025-06-26,96,793,0.5,0.0,0.0,0.0,0,
CUST03420,C01,2024-05-20,10,10,0,7070.00,707.0,47,3.0,14,CAT15,2025-04-22,2025-09-07,23,498,0.0,0.1,0.2,0.1,3,3.33
CUST03421,C03,2025-05-04,1,1,0,502.00,502.0,3,2.0,2,CAT18,2025-05-13,2025-05-13,140,149,0.0,1.0,0.0,0.0,0,
CUST03422,C03,2023-10-08,11,7,2,4873.60,696.23,32,3.29,10,CAT05,2025-04-20,2025-09-14,16,723,0.1818,0.1818,0.5455,0.5714,1,4.0
CUST03423,C03,2024-05-09,2,1,1,2048.00,2048.0,9,7.0,6,CAT17,2025-04-18,2025-08-31,30,509,0.5,0.5,0.5,1.0,0,
CUST03424,C03,2023-12-17,6,6,0,2979.10,496.52,21,2.67,10,CAT17,2025-05-14,2025-09-08,22,653,0.0,0.3333,0.5,0.1667,2,5.0
CUST03425,C01,2024-02-09,3,2,0,777.80,388.9,4,1.5,3,CAT14,2025-05-31,2025-09-17,13,599,0.0,0.0,0.6667,0.5,1,3.0
CUST03426,C02,2023-08-06,11,11,0,4053.20,368.47,35,2.36,8,CAT15,2025-04-04,2025-09-24,6,786,0.0,0.6364,0.3636,0.0909,2,3.0
CUST03427,C03,2024-10-26,6,6,0,9712.50,1618.75,35,4.33,11,CAT14,2025-04-22,2025-08-17,44,339,0.0,0.1667,0.6667,0.3333,2,4.5
CUST03428,C01,2024-05-22,7,6,1,3109.50,518.25,19,2.0,8,CAT19,2025-07-15,2025-08-31,30,496,0.1429,0.4286,0.2857,0.1667,1,4.0
CUST03429,C03,2024-10-11,0,0,0,0.00,,0,,0,,,,,354,,,,,0,
CUST03430,C02,2023-05-11,8,7,1,4155.00,593.57,22,2.0,8,CAT17,2025-04-09,2025-09-09,21,873,0.125,0.25,0.5,0.0,0,
CUST03431,C03,2025-05-26,1,1,0,1036.00,1036.0,4,2.0,2,CAT05,2025-08-09,2025-08-09,52,127,0.0,0.0,1.0,0.0,0,
CUST03432,C02,2024-03-11,2,2,0,2882.20,1441.1,19,7.0,10,CAT15,2025-04-12,2025-06-22,100,568,0.0,0.0,1.0,0.5,0,
CUST03433,C02,2023-09-24,10,9,0,4838.00,537.56,35,2.78,9,CAT16,2025-04-03,2025-08-28,33,737,0.0,0.8,0.1,0.2222,3,4.33
CUST03434,C02,2025-01-03,2,1,1,959.30,959.3,6,6.0,5,CAT05,2025-07-06,2025-07-06,86,270,0.5,0.5,0.5,1.0,0,
CUST03435,C02,2025-06-28,1,1,0,1778.00,1778.0,10,6.0,5,CAT05,2025-09-28,2025-09-28,2,94,0.0,1.0,1.0,0.0,0,
CUST03436,C02,2025-09-01,1,1,0,1512.00,1512.0,6,3.0,3,CAT19,2025-09-08,2025-09-08,22,29,0.0,1.0,0.0,0.0,1,5.0
CUST03437,C02,2024-06-26,8,6,2,2354.00,392.33,15,2.0,9,CAT18,2025-04-10,2025-09-15,15,461,0.25,0.625,0.125,0.0,0,
CUST03438,C01,2024-11-11,8,8,0,9394.90,1174.36,40,3.25,12,CAT15,2025-05-04,2025-08-12,49,323,0.0,0.0,0.75,0.25,2,4.5
CUST03439,C03,2025-05-29,2,2,0,1778.60,889.3,14,4.0,6,CAT13,2025-07-07,2025-09-06,24,124,0.0,1.0,0.5,0.5,2,4.5
CUST03440,C02,2025-02-07,11,10,1,11919.00,1191.9,49,3.0,16,CAT17,2025-04-01,2025-08-30,31,235,0.0909,0.0,0.3636,0.0,3,4.67
CUST03441,C02,2024-04-26,10,9,1,3858.20,428.69,25,2.44,10,CAT17,2025-04-11,2025-09-30,0,522,0.1,0.2,0.3,0.2222,1,3.0
CUST03442,C01,2024-09-04,3,3,0,2698.80,899.6,15,3.67,9,CAT17,2025-04-23,2025-06-13,109,391,0.0,0.3333,0.0,0.6667,0,
CUST03443,C02,2025-02-09,5,5,0,8667.20,1733.44,38,5.8,11,CAT05,2025-04-23,2025-08-16,45,233,0.0,0.0,0.4,0.2,0,
CUST03444,C01,2025-06-10,3,2,1,1745.80,872.9,11,4.0,6,CAT09,2025-06-17,2025-09-19,11,112,0.3333,0.0,0.0,0.5,0,
CUST03445,C01,2023-09-29,2,2,0,542.20,271.1,7,2.5,5,CAT08,2025-04-10,2025-06-03,119,732,0.0,0.5,0.0,0.5,0,
CUST03446,C01,2024-05-25,13,13,0,8507.80,654.45,58,3.23,14,CAT05,2025-04-12,2025-09-09,21,493,0.0,0.0769,0.3846,0.3077,5,4.0
CUST03447,C01,2023-08-05,3,2,1,1050.00,525.0,7,2.5,5,CAT16,2025-06-08,2025-09-30,0,787,0.3333,0.3333,0.3333,0.0,0,
CUST03448,C01,2024-12-30,4,3,0,1287.50,429.17,15,4.33,8,CAT12,2025-04-06,2025-08-13,48,274,0.0,0.25,0.25,0.3333,0,
CUST03449,C01,2024-01-24,1,1,0,213.00,213.0,4,2.0,2,CAT06,2025-05-21,2025-05-21,132,615,0.0,1.0,0.0,0.0,0,
CUST03450,C01,2024-05-24,0,0,0,0.00,,0,,0,,,,,494,,,,,0,
CUST03451,C03,2025-01-21,16,14,1,23172.50,1655.18,97,5.14,18,CAT15,2025-04-19,2025-09-27,3,252,0.0625,0.3125,0.6875,0.2857,0,
CUST03452,C03,2025-08-18,2,2,0,994.60,497.3,10,5.0,8,CAT03,2025-08-19,2025-08-28,33,43,0.0,0.0,0.0,0.5,2,4.5
CUST03453,C02,2023-10-02,13,13,0,11612.10,893.24,62,3.38,16,CAT16,2025-04-14,2025-09-24,6,729,0.0,0.2308,0.1538,0.1538,4,3.5
CUST03454,C02,2025-05-08,2,2,0,699.00,349.5,6,2.5,4,CAT16,2025-07-03,2025-07-24,68,145,0.0,0.5,0.0,1.0,1,3.0
CUST03455,C03,2025-02-25,5,4,0,3713.20,928.3,23,4.5,12,CAT14,2025-05-29,2025-08-31,30,217,0.0,0.4,0.6,0.25,1,5.0
CUST03456,C01,2025-07-20,0,0,0,0.00,,0,,0,,,,,72,,,,,0,
CUST03457,C03,2024-11-30,4,3,0,595.25,198.42,6,1.67,5,CAT15,2025-04-21,2025-08-15,46,304,0.0,0.25,0.0,1.0,0,
CUST03458,C01,2024-03-01,4,3,1,4101.60,1367.2,24,6.67,12,CAT14,2025-05-31,2025-06-14,108,578,0.25,0.0,0.75,0.3333,1,4.0
CUST03459,C01,2025-09-04,2,2,0,1506.00,753.0,16,4.5,7,CAT01,2025-09-24,2025-09-25,5,26,0.0,0.0,0.0,0.0,1,4.0
CUST03460,C02,2024-06-08,6,6,0,3426.00,571.0,22,2.33,11,CAT18,2025-04-07,2025-09-05,25,479,0.0,0.1667,0.1667,0.0,1,3.0
CUST03461,C01,2025-03-28,7,7,0,1575.90,225.13,14,1.86,7,CAT12,2025-06-24,2025-09-24,6,186,0.0,0.5714,0.2857,0.1429,1,5.0
CUST03462,C03,2024-07-30,13,13,0,11524.85,886.53,76,4.46,17,CAT05,2025-04-01,2025-09-28,2,427,0.0,0.2308,0.3077,0.2308,1,2.0
CUST03463,C03,2025-03-30,8,8,0,4245.00,530.63,20,1.75,9,CAT17,2025-04-04,2025-08-27,34,184,0.0,0.5,0.125,0.0,2,4.0
CUST03464,C01,2023-05-22,10,8,2,6094.70,761.84,25,2.13,11,CAT17,2025-05-03,2025-09-17,13,862,0.2,0.0,0.3,0.25,2,3.0
CUST03465,C03,2024-06-25,16,14,2,4080.00,291.43,34,1.86,12,CAT12,2025-04-09,2025-09-24,6,462,0.125,0.625,0.3125,0.0714,1,3.0
CUST03466,C02,2025-08-25,3,2,1,4065.00,2032.5,18,7.0,9,CAT05,2025-09-13,2025-09-28,2,36,0.3333,0.3333,0.6667,0.0,0,
CUST03467,C03,2024-03-29,8,7,0,4374.00,624.86,31,2.71,10,CAT11,2025-04-20,2025-09-24,6,550,0.0,0.0,0.125,0.0,0,
CUST03468,C02,2025-09-20,1,0,0,0.00,,0,,0,,2025-09-26,,,10,0.0,0.0,0.0,,0,
CUST03469,C02,2025-05-01,26,21,3,13988.00,666.1,102,3.05,16,CAT05,2025-05-13,2025-09-26,4,152,0.1154,0.0769,0.4231,0.2381,2,3.0
CUST03470,C03,2024-01-30,11,11,0,3791.05,344.64,31,2.27,11,CAT12,2025-04-04,2025-09-06,24,609,0.0,0.8182,0.2727,0.1818,2,4.0
CUST03471,C03,2025-04-08,1,0,0,0.00,,0,,0,,2025-06-24,,,175,0.0,1.0,0.0,,0,
CUST03472,C02,2025-09-25,1,1,0,22.00,22.0,1,1.0,1,CAT07,2025-09-26,2025-09-26,4,5,0.0,1.0,0.0,0.0,0,
CUST03473,C02,2024-05-01,5,5,0,2075.30,415.06,20,2.8,9,CAT05,2025-04-26,2025-09-17,13,517,0.0,0.2,0.2,0.2,0,
CUST03474,C03,2025-03-17,6,5,0,7229.00,1445.8,25,4.2,7,CAT15,2025-06-17,2025-09-27,3,197,0.0,0.3333,0.5,0.0,1,5.0
CUST03475,C03,2023-08-03,6,6,0,5258.00,876.33,24,2.67,8,CAT17,2025-04-02,2025-08-29,32,789,0.0,0.5,0.5,0.0,2,4.5
CUST03476,C01,2025-03-21,3,2,1,3748.00,1874.0,13,5.0,9,CAT17,2025-04-05,2025-06-10,112,193,0.3333,0.0,0.3333,0.0,0,
CUST03477,C01,2024-01-24,7,6,0,3972.40,662.07,31,3.67,11,CAT01,2025-04-12,2025-08-17,44,615,0.0,0.0,0.5714,0.3333,1,4.0
CUST03478,C01,2023-08-02,1,1,0,147.50,147.5,2,2.0,2,CAT20,2025-05-30,2025-05-30,123,790,0.0,0.0,0.0,1.0,0,
CUST03479,C03,2025-08-24,0,0,0,0.00,,0,,0,,,,,37,,,,,0,
CUST03480,C03,2025-01-17,2,2,0,2386.20,1193.1,9,3.5,6,CAT17,2025-07-30,2025-09-23,7,256,0.0,1.0,0.0,0.5,0,
CUST03481,C02,2023-03-08,0,0,0,0.00,,0,,0,,,,,937,,,,,0,
CUST03482,C03,2023-03-10,12,11,1,11273.45,1024.86,70,4.09,15,CAT05,2025-04-04,2025-09-01,29,935,0.0833,0.0,0.25,0.2727,2,4.0
CUST03483,C03,2025-06-06,11,9,1,19934.30,2214.92,79,6.33,15,CAT15,2025-06-14,2025-08-09,52,116,0.0909,0.0909,0.8182,0.3333,3,5.0
CUST03484,C01,2025-07-29,1,1,0,1855.20,1855.2,6,5.0,4,CAT15,2025-08-22,2025-08-22,39,63,0.0,0.0,0.0,1.0,0,
CUST03485,C03,2024-05-18,0,0,0,0.00,,0,,0,,,,,500,,,,,0,
CUST03486,C03,2023-11-14,5,5,0,1148.00,229.6,9,1.8,8,CAT12,2025-05-07,2025-08-15,46,686,0.0,0.6,0.2,0.0,0,
CUST03487,C02,2025-08-25,0,0,0,0.00,,0,,0,,,,,36,,,,,0,
CUST03488,C02,2023-05-27,5,4,1,5262.20,1315.55,28,4.25,8,CAT15,2025-04-05,2025-08-02,59,857,0.2,0.0,0.6,0.5,0,
CUST03489,C02,2023-09-14,3,1,1,1603.00,1603.0,6,3.0,3,CAT16,2025-06-18,2025-08-23,38,747,0.3333,0.3333,0.6667,0.0,0,
CUST03490,C03,2023-01-06,16,15,0,29743.50,1982.9,120,5.47,17,CAT15,2025-04-08,2025-09-28,2,998,0.0,0.0625,0.4375,0.2667,2,4.5
CUST03491,C01,2024-02-10,2,2,0,348.00,174.0,3,1.5,3,CAT07,2025-04-18,2025-06-01,121,598,0.0,0.0,0.5,0.0,0,
CUST03492,C03,2024-11-14,2,2,0,3511.00,1755.5,15,6.0,7,CAT15,2025-04-09,2025-06-26,96,320,0.0,0.0,0.0,0.0,0,
CUST03493,C03,2025-08-24,3,3,0,2216.00,738.67,8,2.0,4,CAT05,2025-08-24,2025-09-14,16,37,0.0,0.0,1.0,0.0,0,
CUST03494,C03,2023-01-06,2,2,0,1586.00,793.0,8,2.5,5,CAT13,2025-07-02,2025-09-30,0,998,0.0,0.0,0.0,0.0,1,5.0
CUST03495,C01,2025-09-15,0,0,0,0.00,,0,,0,,,,,15,,,,,0,
CUST03496,C01,2023-08-21,2,2,0,5009.00,2504.5,13,5.0,5,CAT15,2025-06-26,2025-07-01,91,771,0.0,0.0,0.0,0.0,1,2.0
CUST03497,C02,2025-07-31,2,2,0,547.00,273.5,7,2.5,4,CAT16,2025-09-01,2025-09-26,4,61,0.0,1.0,0.0,0.0,0,
CUST03498,C03,2024-07-21,11,11,0,15060.60,1369.15,62,4.09,11,CAT19,2025-04-02,2025-09-09,21,436,0.0,0.4545,0.0909,0.0909,1,4.0
CUST03499,C02,2024-06-07,0,0,0,0.00,,0,,0,,,,,480,,,,,0,
CUST03500,C02,2024-02-03,0,0,0,0.00,,0,,0,,,,,605,,,,,0,
CUST03501,C01,2023-03-05,4,4,0,1696.00,424.0,12,2.25,7,CAT14,2025-05-12,2025-07-28,64,940,0.0,0.75,0.5,0.75,1,3.0
CUST03502,C02,2025-05-27,5,5,0,3207.00,641.4,19,2.6,8,CAT01,2025-05-27,2025-08-12,49,126,0.0,0.4,0.0,0.0,0,
CUST03503,C03,2023-10-28,4,3,1,1284.00,428.0,8,2.0,4,CAT13,2025-04-20,2025-08-14,47,703,0.25,0.0,0.5,0.0,2,5.0
CUST03504,C02,2023-05-27,2,2,0,1807.00,903.5,10,3.5,6,CAT05,2025-05-26,2025-08-29,32,857,0.0,0.0,0.0,0.0,0,
CUST03505,C01,2023-10-17,6,6,0,4435.00,739.17,36,3.33,11,CAT05,2025-04-01,2025-08-19,42,714,0.0,0.3333,0.3333,0.0,0,
CUST03506,C01,2023-11-17,3,3,0,752.35,250.78,6,2.0,6,CAT13,2025-04-18,2025-06-14,108,683,0.0,0.0,0.3333,0.6667,0,
CUST03507,C01,2023-04-06,1,0,0,0.00,,0,,0,,2025-09-25,,,908,0.0,0.0,0.0,,0,
CUST03508,C03,2023-04-18,11,9,2,3674.30,408.26,31,2.22,9,CAT08,2025-04-11,2025-09-19,11,896,0.1818,0.6364,0.3636,0.1111,1,1.0
CUST03509,C02,2024-12-01,5,5,0,1896.00,379.2,11,1.8,5,CAT18,2025-04-20,2025-08-13,48,303,0.0,1.0,0.4,0.0,2,4.5
CUST03510,C03,2024-04-26,5,4,1,2212.90,553.23,18,3.0,8,CAT01,2025-05-24,2025-07-12,80,522,0.2,0.2,0.6,0.25,2,5.0
CUST03511,C02,2025-09-21,0,0,0,0.00,,0,,0,,,,,9,,,,,0,
CUST03512,C03,2023-12-13,2,2,0,4774.00,2387.0,13,5.5,8,CAT17,2025-08-13,2025-09-26,4,657,0.0,0.5,0.0,0.0,1,2.0
CUST03513,C01,2025-08-21,2,2,0,1090.00,545.0,7,3.5,7,CAT15,2025-09-03,2025-09-16,14,40,0.0,0.0,0.0,0.0,0,
CUST03514,C01,2024-11-16,3,3,0,882.80,294.27,10,2.0,5,CAT18,2025-04-10,2025-08-05,56,318,0.0,0.6667,0.0,0.3333,0,
CUST03515,C01,2025-09-17,0,0,0,0.00,,0,,0,,,,,13,,,,,0,
CUST03516,C02,2025-03-05,2,2,0,1547.00,773.5,6,2.0,3,CAT17,2025-05-08,2025-07-16,76,209,0.0,0.0,0.0,0.0,0,
CUST03517,C03,2025-02-18,8,7,1,29186.65,4169.52,81,5.14,9,CAT15,2025-04-11,2025-09-21,9,224,0.125,0.25,0.625,0.1429,1,2.0
CUST03518,C02,2024-01-04,16,15,1,22842.35,1522.82,104,4.47,18,CAT05,2025-04-26,2025-09-07,23,635,0.0625,0.1875,0.6875,0.2667,2,4.0
CUST03519,C02,2025-03-04,5,5,0,2556.70,511.34,17,2.8,11,CAT17,2025-05-13,2025-07-23,69,210,0.0,0.4,0.2,0.6,0,
CUST03520,C01,2023-10-04,3,2,1,2733.00,1366.5,7,2.5,5,CAT15,2025-04-06,2025-09-10,20,727,0.3333,0.3333,0.3333,0.0,0,
CUST03521,C02,2023-01-21,9,8,0,5022.00,627.75,34,3.0,13,CAT17,2025-04-25,2025-09-08,22,983,0.0,0.1111,0.2222,0.0,2,4.0
CUST03522,C01,2024-01-19,2,1,1,21.00,21.0,1,1.0,1,CAT07,2025-04-29,2025-04-29,154,620,0.5,0.5,0.0,0.0,0,
CUST03523,C02,2025-01-28,5,5,0,1188.00,237.6,10,1.8,7,CAT01,2025-04-12,2025-09-27,3,245,0.0,0.6,0.6,0.0,0,
CUST03524,C01,2023-06-19,14,12,0,11720.80,976.73,64,3.67,16,CAT17,2025-04-29,2025-09-22,8,834,0.0,0.2857,0.4286,0.0833,2,3.0
CUST03525,C01,2023-06-10,4,3,1,1669.60,556.53,10,2.0,6,CAT05,2025-04-17,2025-09-25,5,843,0.25,0.5,0.25,0.3333,0,
CUST03526,C02,2025-08-30,1,1,0,1655.30,1655.3,8,7.0,6,CAT05,2025-09-14,2025-09-14,16,31,0.0,0.0,1.0,1.0,0,
CUST03527,C03,2023-06-19,9,9,0,15872.00,1763.56,113,3.89,11,CAT03,2025-04-05,2025-09-29,1,834,0.0,0.2222,0.3333,0.0,0,
CUST03528,C01,2025-05-19,10,8,2,2567.20,320.9,24,2.13,9,CAT05,2025-06-07,2025-09-24,6,134,0.2,0.1,0.5,0.125,0,
CUST03529,C03,2025-02-26,17,17,0,10282.45,604.85,66,3.06,17,CAT05,2025-04-04,2025-09-28,2,216,0.0,0.0,0.3529,0.1176,6,4.5
CUST03530,C02,2024-09-26,5,5,0,7496.00,1499.2,29,3.6,9,CAT13,2025-05-06,2025-09-06,24,369,0.0,0.0,0.4,0.0,2,3.0
CUST03531,C03,2025-02-17,46,43,1,30039.00,698.58,208,3.63,19,CAT03,2025-04-01,2025-09-25,5,225,0.0217,0.1739,0.3261,0.093,5,4.0
CUST03532,C02,2024-12-19,6,5,1,6876.40,1375.28,22,3.8,7,CAT15,2025-04-27,2025-08-23,38,285,0.1667,0.0,0.8333,0.4,1,1.0
CUST03533,C03,2023-11-05,42,39,2,21018.90,538.95,151,2.82,19,CAT03,2025-04-05,2025-09-12,18,695,0.0476,0.1667,0.4048,0.0513,4,4.75
CUST03534,C01,2025-05-23,4,4,0,5885.00,1471.25,20,3.25,9,CAT17,2025-05-26,2025-09-29,1,130,0.0,0.25,0.25,0.0,1,2.0
CUST03535,C03,2023-01-16,3,3,0,1168.00,389.33,10,3.0,8,CAT12,2025-04-16,2025-07-11,81,988,0.0,0.0,0.3333,0.0,0,
CUST03536,C02,2023-03-18,6,6,0,2241.00,373.5,17,2.33,8,CAT12,2025-04-02,2025-08-07,54,927,0.0,0.8333,0.0,0.0,2,4.0
CUST03537,C03,2024-04-05,1,1,0,1134.00,1134.0,4,2.0,2,CAT01,2025-05-19,2025-05-19,134,543,0.0,0.0,0.0,0.0,0,
CUST03538,C01,2024-02-24,10,9,1,6652.60,739.18,36,2.67,15,CAT17,2025-04-14,2025-09-23,7,584,0.1,0.1,0.0,0.3333,1,5.0
CUST03539,C01,2025-09-06,2,2,0,1793.00,896.5,27,1.5,3,CAT10,2025-09-10,2025-09-24,6,24,0.0,0.5,0.0,0.0,1,5.0
CUST03540,C03,2023-02-25,5,5,0,3215.20,643.04,16,2.6,12,CAT05,2025-04-15,2025-09-15,15,948,0.0,0.2,0.2,0.2,0,
CUST03541,C03,2025-07-16,3,3,0,3169.00,1056.33,15,4.33,7,CAT11,2025-07-17,2025-09-22,8,76,0.0,0.3333,0.3333,0.0,0,
CUST03542,C03,2023-02-07,11,11,0,3720.80,338.25,29,2.09,12,CAT15,2025-04-14,2025-09-12,18,966,0.0,0.6364,0.0,0.1818,4,3.75
CUST03543,C03,2024-11-05,5,5,0,2640.50,528.1,20,3.4,9,CAT15,2025-04-23,2025-09-13,17,329,0.0,0.2,0.2,0.2,1,4.0
CUST03544,C03,2023-12-06,4,3,1,1925.00,641.67,9,2.33,7,CAT17,2025-04-12,2025-09-30,0,664,0.25,0.25,0.25,0.0,0,
CUST03545,C03,2025-06-25,3,2,0,3957.80,1978.9,17,4.0,7,CAT15,2025-07-27,2025-09-04,26,97,0.0,0.3333,0.3333,0.5,0,
CUST03546,C01,2025-09-09,1,1,0,867.00,867.0,4,3.0,2,CAT13,2025-09-23,2025-09-23,7,21,0.0,0.0,0.0,0.0,0,
CUST03547,C02,2023-12-17,1,1,0,255.00,255.0,5,4.0,4,CAT11,2025-04-21,2025-04-21,162,653,0.0,0.0,0.0,0.0,0,
CUST03548,C01,2024-10-21,6,5,0,8603.00,1720.6,31,4.2,12,CAT15,2025-05-04,2025-07-26,66,344,0.0,0.3333,0.8333,0.0,0,
CUST03549,C02,2023-02-16,2,1,1,769.00,769.0,1,1.0,1,CAT18,2025-07-16,2025-07-16,76,957,0.5,0.0,0.0,0.0,0,
CUST03550,C03,2024-12-17,1,0,1,0.00,,0,,0,,2025-04-05,,,287,1.0,1.0,1.0,,0,
CUST03551,C03,2023-10-17,3,3,0,4105.25,1368.42,17,3.33,9,CAT17,2025-06-19,2025-08-20,41,714,0.0,0.3333,0.0,0.6667,0,
CUST03552,C03,2024-10-21,5,4,1,1420.00,355.0,8,1.75,7,CAT17,2025-05-02,2025-09-19,11,344,0.2,0.6,0.0,0.0,1,3.0
CUST03553,C02,2023-09-16,10,9,0,3702.00,411.33,26,2.0,9,CAT12,2025-04-16,2025-09-04,26,745,0.0,0.8,0.4,0.0,2,2.5
CUST03554,C02,2023-01-01,10,10,0,8391.50,839.15,49,3.5,16,CAT17,2025-04-02,2025-09-29,1,1003,0.0,0.1,0.1,0.3,1,3.0
CUST03555,C03,2024-10-21,1,0,0,0.00,,0,,0,,2025-04-21,,,344,0.0,0.0,0.0,,0,
CUST03556,C03,2024-08-05,0,0,0,0.00,,0,,0,,,,,421,,,,,0,
CUST03557,C02,2024-08-19,6,5,1,2503.00,500.6,20,3.0,11,CAT17,2025-04-20,2025-09-10,20,407,0.1667,0.3333,0.3333,0.0,1,4.0
CUST03558,C01,2025-05-29,4,3,1,1520.00,506.67,8,2.0,5,CAT10,2025-06-06,2025-07-16,76,124,0.25,0.5,0.25,0.0,0,
CUST03559,C02,2024-10-17,5,4,0,4230.00,1057.5,14,2.75,7,CAT17,2025-04-04,2025-07-07,85,348,0.0,0.4,0.2,0.0,0,
CUST03560,C03,2024-06-20,2,1,1,611.00,611.0,4,4.0,4,CAT13,2025-04-18,2025-08-31,30,467,0.5,0.0,0.5,0.0,0,
CUST03561,C03,2024-02-23,8,6,1,6384.00,1064.0,31,4.33,11,CAT16,2025-04-04,2025-09-14,16,585,0.125,0.25,0.25,0.0,1,4.0
CUST03562,C03,2025-09-08,2,2,0,3570.40,1785.2,12,4.0,7,CAT17,2025-09-16,2025-09-18,12,22,0.0,0.5,0.0,0.5,0,
CUST03563,C02,2025-09-17,0,0,0,0.00,,0,,0,,,,,13,,,,,0,
CUST03564,C02,2024-03-18,4,4,0,3887.30,971.83,23,4.0,8,CAT10,2025-04-22,2025-08-11,50,561,0.0,0.0,0.0,0.25,1,5.0
CUST03565,C03,2024-07-10,12,12,0,15355.00,1279.58,43,2.5,8,CAT17,2025-04-24,2025-09-22,8,447,0.0,0.1667,0.25,0.0,0,
CUST03566,C02,2023-01-02,7,7,0,4098.00,585.43,28,2.71,12,CAT16,2025-05-09,2025-09-19,11,1002,0.0,0.8571,0.1429,0.0,3,2.67
CUST03567,C03,2025-01-27,9,8,0,4619.60,577.45,26,2.63,12,CAT17,2025-04-21,2025-09-27,3,246,0.0,0.2222,0.3333,0.25,1,4.0
CUST03568,C02,2024-10-08,14,12,2,15739.00,1311.58,75,4.58,16,CAT15,2025-04-05,2025-09-01,29,357,0.1429,0.1429,0.4286,0.4167,2,2.5
CUST03569,C01,2025-01-01,5,4,1,3334.00,833.5,12,2.25,8,CAT17,2025-06-29,2025-09-29,1,272,0.2,0.8,0.4,0.0,0,
CUST03570,C03,2024-02-14,13,11,2,15655.95,1423.27,67,4.36,13,CAT15,2025-04-03,2025-09-18,12,594,0.1538,0.1538,0.4615,0.2727,1,1.0
CUST03571,C01,2025-06-26,2,2,0,4215.00,2107.5,13,4.0,6,CAT15,2025-09-10,2025-09-17,13,96,0.0,0.0,0.0,0.0,1,4.0
CUST03572,C03,2024-04-22,0,0,0,0.00,,0,,0,,,,,526,,,,,0,
CUST03573,C01,2023-07-18,6,4,2,8085.90,2021.48,36,7.0,12,CAT05,2025-04-28,2025-09-29,1,805,0.3333,0.1667,0.3333,0.25,2,4.0
CUST03574,C01,2024-11-29,10,9,0,4281.40,475.71,35,2.78,11,CAT03,2025-04-01,2025-07-25,67,305,0.0,0.1,0.1,0.2222,1,5.0
CUST03575,C03,2025-08-10,4,3,1,2552.00,850.67,14,3.33,6,CAT05,2025-09-03,2025-09-25,5,51,0.25,0.0,0.25,0.6667,1,4.0
CUST03576,C02,2025-01-01,12,11,0,4647.00,422.45,38,2.18,12,CAT16,2025-05-02,2025-09-20,10,272,0.0,0.5833,0.25,0.0,1,3.0
CUST03577,C01,2025-04-13,10,9,1,18367.90,2040.88,81,6.11,17,CAT17,2025-05-29,2025-08-31,30,170,0.1,0.2,0.4,0.4444,2,3.0
CUST03578,C02,2024-06-28,10,9,0,8377.80,930.87,45,3.56,12,CAT05,2025-04-01,2025-08-25,36,459,0.0,0.0,0.0,0.1111,2,3.5
CUST03579,C01,2025-09-11,0,0,0,0.00,,0,,0,,,,,19,,,,,0,
CUST03580,C03,2024-05-13,0,0,0,0.00,,0,,0,,,,,505,,,,,0,
CUST03581,C03,2023-08-30,7,6,1,3022.40,503.73,18,2.5,8,CAT17,2025-04-26,2025-09-27,3,762,0.1429,0.8571,0.5714,0.1667,3,4.67
CUST03582,C02,2024-01-04,2,1,1,599.00,599.0,4,4.0,4,CAT12,2025-07-05,2025-07-06,86,635,0.5,0.5,1.0,0.0,1,5.0
CUST03583,C02,2023-08-14,6,6,0,2610.90,435.15,17,2.33,10,CAT09,2025-04-10,2025-09-29,1,778,0.0,0.6667,0.5,0.1667,0,
CUST03584,C03,2024-09-02,5,4,1,5694.00,1423.5,22,4.25,8,CAT05,2025-05-05,2025-07-13,79,393,0.2,0.0,0.4,0.0,0,
CUST03585,C03,2025-06-10,1,0,1,0.00,,0,,0,,2025-08-09,,,112,1.0,0.0,1.0,,0,
CUST03586,C03,2023-07-21,0,0,0,0.00,,0,,0,,,,,802,,,,,0,
CUST03587,C03,2024-03-12,10,8,1,11830.60,1478.83,49,4.25,16,CAT13,2025-04-03,2025-09-04,26,567,0.1,0.0,0.5,0.125,2,4.5
CUST03588,C02,2024-08-03,15,14,0,10061.10,718.65,69,3.64,16,CAT05,2025-04-08,2025-09-28,2,423,0.0,0.2,0.2667,0.2857,4,3.75
CUST03589,C01,2025-07-06,6,6,0,8663.00,1443.83,29,3.33,11,CAT17,2025-07-07,2025-09-23,7,86,0.0,0.5,0.1667,0.0,1,4.0
CUST03590,C02,2024-06-20,2,1,0,906.00,906.0,3,3.0,3,CAT18,2025-07-19,2025-07-19,73,467,0.0,0.0,0.5,0.0,0,
CUST03591,C03,2023-03-02,2,2,0,1165.00,582.5,2,1.0,2,CAT18,2025-04-04,2025-07-24,68,943,0.0,0.0,0.0,0.0,0,
CUST03592,C03,2023-11-27,3,3,0,1427.10,475.7,8,2.33,6,CAT18,2025-04-08,2025-09-19,11,673,0.0,0.0,0.0,0.3333,0,
CUST03593,C01,2023-08-08,3,3,0,754.20,251.4,12,3.0,7,CAT03,2025-04-15,2025-09-06,24,784,0.0,0.6667,0.3333,0.3333,0,
CUST03594,C03,2024-02-25,17,12,2,5273.20,439.43,43,2.58,9,CAT01,2025-04-07,2025-09-30,0,583,0.1176,0.1176,0.2941,0.3333,4,3.5
CUST03595,C03,2023-12-12,5,5,0,1871.00,374.2,13,2.0,8,CAT17,2025-04-26,2025-09-23,7,658,0.0,0.4,0.6,0.0,2,3.5
CUST03596,C01,2025-06-07,2,2,0,2436.00,1218.0,11,2.5,4,CAT15,2025-07-27,2025-09-21,9,115,0.0,0.5,1.0,0.0,0,
CUST03597,C01,2024-02-07,4,3,0,1363.00,454.33,7,1.33,4,CAT13,2025-06-13,2025-09-17,13,601,0.0,1.0,0.25,0.0,0,
CUST03598,C03,2023-04-21,1,1,0,981.00,981.0,5,3.0,3,CAT15,2025-06-28,2025-06-28,94,893,0.0,0.0,1.0,0.0,1,5.0
CUST03599,C03,2024-09-22,4,4,0,1343.50,335.88,14,2.0,8,CAT19,2025-04-12,2025-08-29,32,373,0.0,0.25,0.5,0.5,0,
CUST03600,C01,2023-02-20,5,4,0,3605.00,901.25,23,3.5,11,CAT15,2025-07-04,2025-07-23,69,953,0.0,0.0,0.4,0.25,0,
CUST03601,C03,2025-06-29,5,5,0,11247.00,2249.4,22,3.2,8,CAT17,2025-07-17,2025-09-18,12,93,0.0,0.0,0.2,0.0,0,
CUST03602,C02,2023-12-29,2,2,0,1879.00,939.5,10,3.0,6,CAT15,2025-07-25,2025-09-25,5,641,0.0,0.0,0.0,0.0,0,
CUST03603,C01,2023-09-06,4,4,0,769.00,192.25,7,1.75,7,CAT13,2025-08-30,2025-09-23,7,755,0.0,0.25,0.5,0.0,1,3.0
CUST03604,C01,2025-08-05,1,1,0,1218.30,1218.3,8,7.0,6,CAT19,2025-09-07,2025-09-07,23,56,0.0,1.0,1.0,1.0,0,
CUST03605,C03,2025-07-20,3,3,0,1587.00,529.0,7,1.33,3,CAT17,2025-07-31,2025-09-08,22,72,0.0,0.3333,0.3333,0.0,0,
CUST03606,C02,2023-10-08,5,5,0,3786.40,757.28,23,3.0,12,CAT13,2025-05-16,2025-09-07,23,723,0.0,0.0,0.2,0.2,0,
CUST03607,C02,2024-08-27,5,4,1,1469.50,367.38,12,2.25,6,CAT12,2025-06-03,2025-09-18,12,399,0.2,0.8,0.2,0.25,0,
CUST03608,C03,2023-09-11,2,2,0,1705.00,852.5,19,1.5,2,CAT06,2025-08-20,2025-09-16,14,750,0.0,0.0,0.0,0.0,0,
CUST03609,C01,2025-06-26,0,0,0,0.00,,0,,0,,,,,96,,,,,0,
CUST03610,C01,2024-03-20,14,11,3,7441.00,676.45,34,2.73,12,CAT17,2025-04-13,2025-08-29,32,559,0.2143,0.0714,0.2857,0.0,0,
CUST03611,C02,2025-08-05,2,1,1,1932.00,1932.0,9,7.0,5,CAT10,2025-09-03,2025-09-27,3,56,0.5,0.5,0.5,0.0,0,
CUST03612,C02,2025-07-10,2,2,0,320.40,160.2,5,1.5,3,CAT11,2025-07-28,2025-08-12,49,82,0.0,0.0,0.0,0.5,0,
CUST03613,C03,2023-07-16,0,0,0,0.00,,0,,0,,,,,807,,,,,0,
CUST03614,C03,2023-08-22,1,1,0,2037.00,2037.0,4,3.0,3,CAT17,2025-08-07,2025-08-07,54,770,0.0,1.0,0.0,0.0,0,
CUST03615,C01,2024-10-27,1,1,0,32.00,32.0,1,1.0,1,CAT06,2025-04-17,2025-04-17,166,338,0.0,0.0,0.0,0.0,0,
CUST03616,C01,2025-04-20,2,2,0,2176.60,1088.3,10,3.5,7,CAT05,2025-06-01,2025-06-08,114,163,0.0,0.0,1.0,0.5,1,5.0
CUST03617,C02,2024-05-25,11,9,1,22445.40,2493.93,78,5.89,14,CAT10,2025-04-17,2025-09-21,9,493,0.0909,0.1818,0.5455,0.3333,2,3.5
CUST03618,C01,2024-09-24,3,3,0,3188.00,1062.67,15,3.0,5,CAT18,2025-04-07,2025-07-22,70,371,0.0,0.0,0.0,0.0,0,
CUST03619,C01,2023-10-06,11,11,0,4001.15,363.74,28,1.82,10,CAT08,2025-04-23,2025-07-20,72,725,0.0,0.5455,0.2727,0.2727,2,4.0
CUST03620,C02,2025-07-19,3,3,0,4441.50,1480.5,21,5.67,10,CAT05,2025-07-30,2025-09-19,11,73,0.0,0.3333,0.0,0.3333,1,1.0
CUST03621,C02,2025-05-07,2,2,0,1081.80,540.9,5,2.0,4,CAT11,2025-09-15,2025-09-17,13,146,0.0,0.5,0.0,0.5,0,
CUST03622,C01,2023-05-11,8,7,1,3571.20,510.17,18,2.0,10,CAT17,2025-05-01,2025-09-02,28,873,0.125,0.75,0.0,0.1429,1,3.0
CUST03623,C03,2023-03-30,11,11,0,6739.60,612.69,32,2.09,11,CAT17,2025-04-21,2025-09-24,6,915,0.0,0.8182,0.3636,0.1818,1,5.0
CUST03624,C01,2023-11-04,7,7,0,2549.60,364.23,15,2.0,11,CAT08,2025-05-27,2025-09-23,7,696,0.0,0.7143,0.2857,0.1429,1,5.0
CUST03625,C02,2023-05-25,2,1,0,619.00,619.0,6,6.0,6,CAT15,2025-08-02,2025-08-02,59,859,0.0,0.5,1.0,0.0,0,
CUST03626,C01,2023-01-25,2,2,0,485.00,242.5,4,1.5,3,CAT12,2025-06-29,2025-07-25,67,979,0.0,0.5,0.5,0.0,1,4.0
CUST03627,C02,2024-09-06,6,5,1,3308.50,661.7,24,3.8,9,CAT11,2025-04-13,2025-09-21,9,389,0.1667,0.1667,0.5,0.2,3,3.33
CUST03628,C02,2024-12-28,2,2,0,732.00,366.0,4,1.5,3,CAT16,2025-09-12,2025-09-13,17,276,0.0,0.0,0.5,0.0,1,5.0
CUST03629,C02,2025-04-27,3,3,0,1324.40,441.47,12,3.33,8,CAT03,2025-07-01,2025-09-05,25,156,0.0,0.3333,0.0,0.3333,1,5.0
CUST03630,C02,2024-04-12,13,12,1,8921.10,743.43,56,3.58,17,CAT01,2025-04-26,2025-09-02,28,536,0.0769,0.0769,0.3077,0.0833,4,2.5
CUST03631,C02,2025-07-05,0,0,0,0.00,,0,,0,,,,,87,,,,,0,
CUST03632,C01,2025-06-03,1,1,0,248.00,248.0,5,4.0,4,CAT10,2025-09-25,2025-09-25,5,119,0.0,1.0,0.0,0.0,0,
CUST03633,C03,2024-10-02,7,5,1,4906.55,981.31,17,2.8,10,CAT17,2025-04-05,2025-09-14,16,363,0.1429,0.0,0.5714,0.2,1,2.0
CUST03634,C03,2024-11-26,5,5,0,1300.20,260.04,14,1.8,6,CAT02,2025-04-17,2025-08-20,41,308,0.0,0.0,0.2,0.4,0,
CUST03635,C01,2024-03-06,2,1,1,269.00,269.0,2,2.0,2,CAT18,2025-05-19,2025-05-19,134,573,0.5,0.0,0.0,0.0,0,
CUST03636,C03,2024-09-28,15,13,2,3323.60,255.66,26,1.77,10,CAT15,2025-04-04,2025-08-22,39,367,0.1333,0.7333,0.1333,0.3077,3,3.0
CUST03637,C02,2024-10-16,2,1,1,1457.00,1457.0,4,3.0,3,CAT15,2025-07-06,2025-07-06,86,349,0.5,0.0,0.5,1.0,0,
CUST03638,C03,2024-08-01,1,1,0,0.00,0.0,0,0.0,0,,2025-05-10,2025-05-10,143,425,0.0,1.0,1.0,0.0,1,1.0
CUST03639,C03,2025-08-02,5,5,0,2177.00,435.4,15,2.4,9,CAT01,2025-08-03,2025-09-05,25,59,0.0,0.6,0.8,0.0,1,5.0
CUST03640,C01,2024-02-28,4,3,1,1510.00,503.33,10,2.33,5,CAT17,2025-06-19,2025-09-11,19,580,0.25,0.5,0.25,0.0,0,
CUST03641,C03,2024-04-03,16,16,0,21668.75,1354.3,100,4.63,18,CAT13,2025-04-05,2025-09-13,17,545,0.0,0.0,0.8125,0.4375,2,4.5
CUST03642,C01,2024-11-13,1,1,0,24.00,24.0,1,1.0,1,CAT07,2025-07-10,2025-07-10,82,321,0.0,1.0,0.0,0.0,0,
CUST03643,C01,2025-01-10,13,12,0,6496.00,541.33,55,3.08,12,CAT11,2025-04-01,2025-09-25,5,263,0.0,0.0769,0.1538,0.0,3,3.33
CUST03644,C03,2024-05-19,7,6,0,7543.00,1257.17,31,3.67,10,CAT10,2025-04-04,2025-08-19,42,499,0.0,0.2857,0.4286,0.0,2,3.0
CUST03645,C03,2025-03-28,4,4,0,4691.00,1172.75,24,4.5,10,CAT17,2025-05-18,2025-08-28,33,186,0.0,0.0,0.25,0.0,0,
CUST03646,C03,2025-07-27,0,0,0,0.00,,0,,0,,,,,65,,,,,0,
CUST03647,C02,2024-09-10,4,4,0,7124.00,1781.0,19,2.75,6,CAT17,2025-04-19,2025-09-19,11,385,0.0,0.0,0.25,0.0,1,5.0
CUST03648,C01,2023-08-22,14,9,2,2767.70,307.52,23,1.89,9,CAT15,2025-04-03,2025-09-13,17,770,0.1429,0.6429,0.5,0.1111,4,3.75
CUST03649,C01,2025-03-01,8,7,1,4693.10,670.44,29,3.43,13,CAT17,2025-04-13,2025-07-10,82,213,0.125,0.25,0.25,0.1429,0,
CUST03650,C02,2025-02-22,1,1,0,512.10,512.1,4,4.0,4,CAT05,2025-07-13,2025-07-13,79,220,0.0,0.0,1.0,1.0,1,5.0
CUST03651,C01,2023-01-30,5,4,1,7322.55,1830.64,30,5.0,9,CAT15,2025-05-29,2025-09-30,0,974,0.2,0.2,0.4,0.25,1,5.0
CUST03652,C02,2024-10-26,1,1,0,1380.00,1380.0,4,3.0,3,CAT17,2025-04-14,2025-04-14,169,339,0.0,0.0,0.0,0.0,0,
CUST03653,C02,2023-12-30,12,12,0,19830.85,1652.57,81,4.75,18,CAT17,2025-04-12,2025-09-20,10,640,0.0,0.4167,0.5,0.3333,2,5.0
CUST03654,C02,2023-02-10,6,5,0,3690.00,738.0,21,2.8,7,CAT08,2025-05-26,2025-09-23,7,963,0.0,0.5,0.0,0.0,1,3.0
CUST03655,C03,2023-10-01,6,5,0,4997.70,999.54,26,3.6,12,CAT17,2025-04-16,2025-07-07,85,730,0.0,0.0,0.3333,0.6,1,4.0
CUST03656,C03,2024-05-31,4,4,0,3592.00,898.0,22,3.0,9,CAT19,2025-07-20,2025-09-07,23,487,0.0,0.0,0.5,0.0,0,
CUST03657,C03,2025-01-24,14,11,1,16649.75,1513.61,63,4.18,13,CAT10,2025-04-04,2025-09-25,5,249,0.0714,0.2857,0.6429,0.0909,0,
CUST03658,C02,2024-10-15,1,1,0,131.00,131.0,1,1.0,1,CAT10,2025-06-03,2025-06-03,119,350,0.0,1.0,0.0,0.0,0,
CUST03659,C01,2025-05-05,2,1,1,206.00,206.0,4,3.0,3,CAT05,2025-08-03,2025-08-03,58,148,0.5,0.5,0.5,0.0,0,
CUST03660,C01,2024-10-19,11,10,0,13535.60,1353.56,66,4.5,18,CAT15,2025-04-06,2025-09-28,2,346,0.0,0.0909,0.5455,0.2,2,4.0
CUST03661,C03,2024-02-28,5,4,0,8045.80,2011.45,26,4.5,9,CAT10,2025-04-08,2025-09-12,18,580,0.0,0.2,0.4,0.5,3,4.0
CUST03662,C01,2023-05-13,11,9,2,4780.25,531.14,31,3.11,12,CAT05,2025-05-02,2025-09-04,26,871,0.1818,0.0909,0.1818,0.2222,3,4.0
CUST03663,C03,2025-01-29,0,0,0,0.00,,0,,0,,,,,244,,,,,0,
CUST03664,C02,2023-04-04,7,7,0,3434.00,490.57,23,2.57,9,CAT12,2025-04-18,2025-09-25,5,910,0.0,0.5714,0.1429,0.0,1,5.0
CUST03665,C03,2023-04-16,16,13,1,5329.75,409.98,54,3.15,12,CAT05,2025-04-07,2025-09-28,2,898,0.0625,0.0625,0.125,0.0769,3,3.0
CUST03666,C02,2024-01-12,7,6,0,5718.40,953.07,23,2.83,10,CAT15,2025-04-08,2025-09-25,5,627,0.0,0.4286,0.0,0.3333,0,
CUST03667,C01,2023-12-29,5,3,1,8544.00,2848.0,37,5.67,9,CAT13,2025-05-08,2025-06-23,99,641,0.2,0.2,0.2,0.0,0,
CUST03668,C02,2024-12-03,9,7,1,9814.00,1402.0,54,4.57,15,CAT17,2025-04-08,2025-09-28,2,301,0.1111,0.2222,0.2222,0.1429,2,3.5
CUST03669,C02,2023-09-28,3,3,0,1512.20,504.07,8,2.0,5,CAT20,2025-06-14,2025-07-12,80,733,0.0,0.0,0.6667,0.6667,1,5.0
CUST03670,C03,2023-01-12,1,1,0,333.00,333.0,3,3.0,3,CAT03,2025-04-05,2025-04-05,178,992,0.0,0.0,1.0,0.0,1,3.0
CUST03671,C02,2025-03-08,11,10,1,3410.00,341.0,23,1.7,11,CAT15,2025-04-25,2025-09-14,16,206,0.0909,0.2727,0.3636,0.0,2,2.0
CUST03672,C02,2025-04-15,7,7,0,7441.00,1063.0,28,2.43,11,CAT16,2025-04-15,2025-09-12,18,168,0.0,0.1429,0.0,0.0,0,
CUST03673,C02,2025-08-09,0,0,0,0.00,,0,,0,,,,,52,,,,,0,
CUST03674,C01,2023-11-09,9,9,0,18041.00,2004.56,91,6.67,15,CAT15,2025-04-01,2025-08-25,36,691,0.0,0.1111,0.4444,0.2222,1,4.0
CUST03675,C01,2025-07-27,6,3,2,1724.50,574.83,13,3.67,6,CAT11,2025-08-03,2025-09-08,22,65,0.3333,0.0,0.1667,0.3333,0,
CUST03676,C02,2025-05-12,4,4,0,2257.00,564.25,15,3.5,11,CAT15,2025-05-26,2025-09-17,13,141,0.0,0.0,0.0,0.0,2,4.5
CUST03677,C02,2025-04-17,6,5,0,4945.00,989.0,30,4.0,8,CAT17,2025-04-28,2025-09-11,19,166,0.0,0.1667,0.1667,0.0,1,3.0
CUST03678,C03,2025-04-30,4,3,1,1266.40,422.13,7,2.33,6,CAT17,2025-05-30,2025-09-06,24,153,0.25,0.25,0.5,0.3333,0,
CUST03679,C01,2023-06-20,12,11,0,4446.80,404.25,29,1.73,10,CAT12,2025-04-15,2025-09-28,2,833,0.0,0.75,0.0833,0.0909,1,5.0
CUST03680,C02,2023-01-24,4,4,0,3443.90,860.98,12,1.75,7,CAT17,2025-04-03,2025-08-09,52,980,0.0,0.5,0.25,0.75,1,4.0
CUST03681,C02,2023-08-08,29,27,1,17926.65,663.95,112,3.0,18,CAT01,2025-04-02,2025-09-29,1,784,0.0345,0.1034,0.3103,0.2222,6,3.33
CUST03682,C02,2024-04-16,3,2,1,624.00,312.0,6,3.0,4,CAT05,2025-04-26,2025-08-06,55,532,0.3333,0.3333,0.6667,0.0,1,3.0
CUST03683,C03,2024-05-22,8,8,0,6671.00,833.88,27,2.88,10,CAT17,2025-04-07,2025-09-28,2,496,0.0,0.125,0.25,0.0,2,4.5
CUST03684,C03,2023-05-29,2,2,0,1491.50,745.75,7,3.0,5,CAT19,2025-04-07,2025-07-26,66,855,0.0,0.5,0.5,0.5,0,
CUST03685,C03,2025-09-17,1,1,0,2110.00,2110.0,9,7.0,6,CAT10,2025-09-27,2025-09-27,3,13,0.0,0.0,1.0,0.0,0,
CUST03686,C01,2024-01-14,3,2,1,2116.00,1058.0,8,2.5,4,CAT17,2025-06-17,2025-09-21,9,625,0.3333,0.3333,0.6667,0.0,1,5.0
CUST03687,C03,2025-07-31,3,3,0,1027.75,342.58,9,2.33,6,CAT05,2025-08-17,2025-09-06,24,61,0.0,1.0,1.0,0.3333,0,
CUST03688,C02,2024-11-28,21,19,1,16477.90,867.26,92,3.53,17,CAT01,2025-04-20,2025-09-28,2,306,0.0476,0.2857,0.4286,0.2105,1,5.0
CUST03689,C01,2025-09-03,1,1,0,446.00,446.0,5,4.0,2,CAT03,2025-09-27,2025-09-27,3,27,0.0,0.0,1.0,0.0,0,
CUST03690,C03,2024-06-29,6,6,0,2458.00,409.67,19,2.5,8,CAT01,2025-04-25,2025-09-28,2,458,0.0,0.0,0.5,0.0,1,2.0
CUST03691,C02,2024-10-28,5,5,0,1470.60,294.12,15,2.4,7,CAT13,2025-04-10,2025-07-19,73,337,0.0,0.0,0.4,0.2,2,4.5
CUST03692,C02,2025-08-04,0,0,0,0.00,,0,,0,,,,,57,,,,,0,
CUST03693,C02,2024-09-13,4,4,0,2902.80,725.7,9,2.0,5,CAT17,2025-06-10,2025-09-24,6,382,0.0,0.0,0.0,0.25,1,2.0
CUST03694,C02,2025-02-18,3,2,1,1387.10,693.55,11,3.5,5,CAT09,2025-05-15,2025-07-23,69,224,0.3333,0.0,0.3333,0.5,0,
CUST03695,C01,2025-06-05,1,1,0,940.00,940.0,7,4.0,4,CAT08,2025-06-14,2025-06-14,108,117,0.0,1.0,1.0,0.0,0,
CUST03696,C02,2023-09-15,23,22,1,17929.20,814.96,112,3.55,20,CAT05,2025-04-01,2025-09-18,12,746,0.0435,0.087,0.1739,0.1818,4,4.0
CUST03697,C03,2025-08-09,1,1,0,237.00,237.0,3,1.0,1,CAT05,2025-08-15,2025-08-15,46,52,0.0,0.0,0.0,0.0,0,
CUST03698,C01,2025-06-09,6,5,1,5195.40,1039.08,33,4.4,11,CAT01,2025-06-20,2025-07-26,66,113,0.1667,0.1667,0.3333,0.2,0,
CUST03699,C02,2023-09-13,5,5,0,2439.00,487.8,18,2.4,8,CAT10,2025-04-07,2025-06-14,108,748,0.0,0.2,0.4,0.0,2,3.5
CUST03700,C02,2023-07-09,4,3,0,1330.80,443.6,16,3.67,8,CAT15,2025-04-28,2025-08-18,43,814,0.0,0.25,0.0,0.3333,1,4.0
CUST03701,C02,2023-07-22,4,3,0,2406.00,802.0,10,1.67,4,CAT10,2025-06-27,2025-08-05,56,801,0.0,0.25,0.25,0.0,0,
CUST03702,C01,2024-10-08,8,6,2,9090.70,1515.12,46,5.67,14,CAT13,2025-04-15,2025-08-22,39,357,0.25,0.125,0.375,0.3333,0,
CUST03703,C02,2023-03-03,9,8,1,5066.10,633.26,33,2.88,10,CAT05,2025-04-06,2025-09-11,19,942,0.1111,0.1111,0.3333,0.5,2,2.5
CUST03704,C01,2025-06-18,7,6,1,8329.90,1388.32,23,2.67,7,CAT17,2025-06-21,2025-09-20,10,104,0.1429,0.1429,0.2857,0.1667,0,
CUST03705,C03,2024-05-08,5,5,0,2783.00,556.6,19,2.8,8,CAT13,2025-04-25,2025-08-11,50,510,0.0,0.2,0.4,0.0,0,
CUST03706,C01,2023-05-20,10,9,1,9109.60,1012.18,47,3.33,13,CAT17,2025-04-07,2025-09-29,1,864,0.1,0.2,0.2,0.3333,0,
CUST03707,C01,2024-03-11,2,2,0,105.00,52.5,4,1.0,2,CAT07,2025-04-18,2025-05-22,131,568,0.0,0.5,0.0,0.0,1,5.0
CUST03708,C01,2023-03-15,8,8,0,3232.80,404.1,18,1.75,9,CAT12,2025-04-07,2025-09-06,24,930,0.0,0.75,0.25,0.25,1,5.0
CUST03709,C03,2025-03-06,4,4,0,950.50,237.63,10,2.25,6,CAT01,2025-07-10,2025-09-24,6,208,0.0,0.5,0.0,0.25,1,5.0
CUST03710,C02,2023-10-23,3,3,0,4933.55,1644.52,20,4.33,8,CAT15,2025-04-04,2025-08-24,37,708,0.0,0.3333,0.6667,0.3333,0,
CUST03711,C01,2023-12-15,3,3,0,5983.65,1994.55,21,4.33,11,CAT15,2025-05-03,2025-09-12,18,655,0.0,0.0,0.3333,0.3333,0,
CUST03712,C02,2023-03-09,2,2,0,1513.00,756.5,10,4.5,7,CAT15,2025-04-14,2025-08-01,60,936,0.0,0.5,0.0,0.0,0,
CUST03713,C03,2023-02-25,2,2,0,3662.00,1831.0,9,3.5,5,CAT17,2025-08-28,2025-09-18,12,948,0.0,0.5,0.0,0.0,0,
CUST03714,C02,2023-12-30,5,5,0,2551.00,510.2,16,2.0,8,CAT08,2025-06-19,2025-07-19,73,640,0.0,0.8,0.2,0.0,1,5.0
CUST03715,C02,2023-08-07,3,3,0,9576.45,3192.15,29,6.67,14,CAT17,2025-04-15,2025-06-02,120,785,0.0,0.3333,0.0,0.6667,0,
CUST03716,C01,2025-03-31,3,3,0,308.00,102.67,5,1.67,4,CAT10,2025-04-28,2025-06-13,109,183,0.0,1.0,0.3333,0.0,1,5.0
CUST03717,C02,2025-03-10,5,2,1,4370.00,2185.0,13,4.0,6,CAT15,2025-04-12,2025-04-28,155,204,0.2,0.0,0.4,0.0,0,
CUST03718,C03,2023-07-05,1,0,1,0.00,,0,,0,,2025-07-12,,,818,1.0,0.0,1.0,,0,
CUST03719,C01,2023-08-22,7,6,1,5290.00,881.67,35,4.33,11,CAT05,2025-04-08,2025-08-25,36,770,0.1429,0.1429,0.5714,0.0,0,
CUST03720,C03,2023-03-06,12,10,2,4455.60,445.56,36,2.7,8,CAT03,2025-04-18,2025-09-09,21,939,0.1667,0.1667,0.4167,0.1,2,4.0
CUST03721,C03,2025-06-06,0,0,0,0.00,,0,,0,,,,,116,,,,,0,
CUST03722,C02,2023-07-13,32,31,1,9211.55,297.15,78,1.77,13,CAT12,2025-04-03,2025-09-08,22,810,0.0313,0.75,0.5313,0.0968,8,3.63
CUST03723,C03,2023-03-04,4,4,0,4477.10,1119.28,13,2.25,7,CAT17,2025-04-25,2025-07-08,84,941,0.0,0.25,0.25,0.25,0,
CUST03724,C02,2023-10-10,3,3,0,1463.00,487.67,10,2.33,5,CAT01,2025-05-05,2025-08-15,46,721,0.0,0.3333,0.3333,0.0,1,1.0
CUST03725,C02,2024-11-25,1,0,1,0.00,,0,,0,,2025-05-01,,,309,1.0,0.0,0.0,,0,
CUST03726,C01,2023-09-29,2,2,0,4095.00,2047.5,16,5.5,7,CAT15,2025-05-04,2025-06-12,110,732,0.0,0.0,0.5,0.0,1,2.0
CUST03727,C01,2023-11-20,8,7,1,6544.00,934.86,37,3.86,11,CAT11,2025-04-20,2025-09-14,16,680,0.125,0.125,0.625,0.0,0,
CUST03728,C01,2025-01-07,10,7,1,7941.00,1134.43,40,4.14,12,CAT13,2025-04-14,2025-09-20,10,266,0.1,0.4,0.4,0.0,3,4.0
CUST03729,C01,2025-07-28,0,0,0,0.00,,0,,0,,,,,64,,,,,0,
CUST03730,C01,2025-02-21,11,9,2,2468.75,274.31,24,2.0,10,CAT20,2025-05-25,2025-09-11,19,221,0.1818,0.4545,0.3636,0.3333,1,5.0
CUST03731,C02,2025-09-30,0,0,0,0.00,,0,,0,,,,,0,,,,,0,
CUST03732,C03,2023-04-16,4,4,0,2212.70,553.18,16,3.25,10,CAT14,2025-04-13,2025-09-13,17,898,0.0,0.75,0.5,0.5,2,4.0
CUST03733,C03,2023-01-05,15,14,1,10073.90,719.56,74,4.0,13,CAT05,2025-04-17,2025-09-26,4,999,0.0667,0.2,0.3333,0.3571,1,5.0
CUST03734,C03,2023-04-13,3,3,0,4875.80,1625.27,21,5.67,9,CAT13,2025-07-09,2025-09-28,2,901,0.0,0.0,0.3333,0.3333,0,
CUST03735,C02,2023-03-11,4,4,0,3131.25,782.81,15,2.25,9,CAT13,2025-05-29,2025-09-19,11,934,0.0,0.25,0.25,0.25,0,
CUST03736,C01,2024-12-25,5,5,0,1814.70,362.94,16,2.2,7,CAT18,2025-05-21,2025-08-08,53,279,0.0,0.6,0.4,0.2,1,5.0
CUST03737,C01,2023-05-03,5,5,0,1264.20,252.84,11,2.0,6,CAT09,2025-04-29,2025-09-13,17,881,0.0,1.0,0.6,0.2,0,
CUST03738,C01,2024-06-04,10,9,1,7898.40,877.6,40,3.11,14,CAT01,2025-05-04,2025-09-15,15,483,0.1,0.0,0.2,0.1111,2,5.0
CUST03739,C03,2023-04-26,7,7,0,1802.60,257.51,14,1.14,6,CAT12,2025-04-25,2025-08-14,47,888,0.0,0.4286,0.2857,0.2857,3,3.33
CUST03740,C02,2024-10-10,11,10,1,2801.60,280.16,24,1.8,9,CAT08,2025-04-16,2025-09-21,9,355,0.0909,0.5455,0.5455,0.1,5,4.4
CUST03741,C01,2025-08-01,0,0,0,0.00,,0,,0,,,,,60,,,,,0,
CUST03742,C02,2024-10-21,3,2,1,426.00,213.0,4,2.0,4,CAT10,2025-04-02,2025-04-28,155,344,0.3333,0.3333,0.3333,0.0,2,3.5
CUST03743,C01,2024-01-24,4,3,1,183.60,61.2,4,1.33,4,CAT11,2025-05-01,2025-09-07,23,615,0.25,0.5,0.25,0.3333,0,
CUST03744,C01,2025-09-11,0,0,0,0.00,,0,,0,,,,,19,,,,,0,
CUST03745,C01,2023-03-20,2,2,0,1774.90,887.45,8,2.5,4,CAT11,2025-05-05,2025-09-08,22,925,0.0,0.0,0.0,0.5,0,
CUST03746,C01,2023-08-17,3,3,0,1727.40,575.8,15,3.0,7,CAT19,2025-04-15,2025-06-15,107,775,0.0,0.0,0.3333,0.3333,1,3.0
CUST03747,C01,2023-08-07,16,15,0,4657.40,310.49,40,2.0,12,CAT12,2025-04-02,2025-08-11,50,785,0.0,0.625,0.375,0.0667,5,3.2
CUST03748,C02,2025-05-13,2,2,0,5821.50,2910.75,20,6.5,6,CAT05,2025-06-07,2025-06-17,105,140,0.0,0.5,0.5,0.5,0,
CUST03749,C02,2024-05-02,10,6,1,3164.00,527.33,23,3.33,11,CAT05,2025-04-12,2025-07-18,74,516,0.1,0.2,0.3,0.0,1,3.0
CUST03750,C03,2023-03-01,3,3,0,3527.40,1175.8,19,5.0,8,CAT15,2025-04-24,2025-09-28,2,944,0.0,0.3333,0.6667,0.3333,1,3.0
CUST03751,C01,2025-04-02,21,18,1,12858.00,714.33,76,3.17,16,CAT17,2025-04-03,2025-09-21,9,181,0.0476,0.1429,0.3333,0.1111,1,4.0
CUST03752,C02,2025-04-07,3,3,0,3140.00,1046.67,8,1.67,5,CAT17,2025-06-08,2025-08-30,31,176,0.0,0.3333,0.6667,0.3333,0,
CUST03753,C02,2024-01-21,6,5,1,1596.00,319.2,14,2.0,6,CAT08,2025-04-21,2025-08-12,49,618,0.1667,0.5,0.0,0.4,1,3.0
CUST03754,C02,2023-08-11,5,4,0,2931.00,732.75,14,2.0,6,CAT17,2025-06-16,2025-09-14,16,781,0.0,0.0,0.2,0.0,1,1.0
CUST03755,C01,2025-07-31,1,1,0,152.00,152.0,1,1.0,1,CAT15,2025-08-03,2025-08-03,58,61,0.0,0.0,1.0,0.0,0,
CUST03756,C03,2024-07-29,5,5,0,1472.30,294.46,11,1.6,5,CAT18,2025-04-12,2025-08-23,38,428,0.0,0.4,0.6,0.6,2,2.0
CUST03757,C01,2024-11-12,4,4,0,6818.60,1704.65,25,4.0,10,CAT15,2025-04-08,2025-08-06,55,322,0.0,0.5,0.25,0.25,0,
CUST03758,C03,2025-02-14,8,7,1,2332.00,333.14,17,1.71,8,CAT08,2025-05-02,2025-09-24,6,228,0.125,0.75,0.125,0.0,0,
CUST03759,C02,2024-03-26,7,7,0,3194.00,456.29,29,2.43,7,CAT03,2025-06-20,2025-09-18,12,553,0.0,0.1429,0.2857,0.0,0,
CUST03760,C02,2025-05-28,6,5,1,4420.80,884.16,30,3.8,10,CAT17,2025-05-31,2025-09-24,6,125,0.1667,0.1667,0.1667,0.2,0,
CUST03761,C01,2024-02-29,4,4,0,2914.50,728.63,8,1.5,6,CAT17,2025-04-14,2025-08-13,48,579,0.0,0.25,0.0,0.25,0,
CUST03762,C02,2023-02-12,4,4,0,667.90,166.98,11,2.25,8,CAT11,2025-05-06,2025-08-26,35,961,0.0,1.0,0.0,0.25,2,2.5
CUST03763,C01,2023-09-18,6,6,0,3146.75,524.46,26,3.17,11,CAT08,2025-05-08,2025-08-22,39,743,0.0,0.0,0.3333,0.6667,0,
CUST03764,C03,2023-03-25,6,6,0,7540.50,1256.75,38,4.0,12,CAT15,2025-05-31,2025-09-20,10,920,0.0,0.3333,0.8333,0.1667,0,
CUST03765,C01,2025-04-22,10,10,0,20716.45,2071.65,77,4.9,17,CAT15,2025-05-05,2025-08-25,36,161,0.0,0.0,0.6,0.4,1,4.0
CUST03766,C01,2023-06-17,9,8,1,2908.00,363.5,20,1.88,7,CAT17,2025-04-10,2025-09-12,18,836,0.1111,0.7778,0.0,0.0,2,4.5
CUST03767,C02,2024-05-17,6,6,0,3091.00,515.17,29,3.5,10,CAT03,2025-04-29,2025-09-23,7,501,0.0,0.5,0.1667,0.0,0,
CUST03768,C02,2024-03-20,18,16,2,12974.60,810.91,90,3.56,12,CAT03,2025-05-13,2025-09-24,6,559,0.1111,0.1111,0.1667,0.125,5,3.8
CUST03769,C02,2024-06-06,16,15,0,5486.05,365.74,46,2.4,11,CAT12,2025-04-02,2025-09-17,13,481,0.0,0.6875,0.25,0.1333,5,3.8
CUST03770,C02,2025-06-05,1,1,0,967.00,967.0,7,6.0,5,CAT17,2025-08-26,2025-08-26,35,117,0.0,0.0,0.0,0.0,0,
CUST03771,C02,2024-06-15,5,3,0,1297.20,432.4,11,2.67,5,CAT01,2025-04-14,2025-08-29,32,472,0.0,0.0,0.2,0.3333,1,3.0
CUST03772,C02,2025-03-14,9,8,0,12223.50,1527.94,57,5.13,12,CAT15,2025-04-15,2025-09-21,9,200,0.0,0.0,0.3333,0.25,1,2.0
CUST03773,C02,2023-08-29,3,3,0,2395.75,798.58,20,4.67,7,CAT05,2025-06-01,2025-09-28,2,763,0.0,0.0,0.6667,0.3333,0,
CUST03774,C02,2025-09-03,1,1,0,1392.00,1392.0,6,3.0,3,CAT05,2025-09-18,2025-09-18,12,27,0.0,0.0,0.0,0.0,0,
CUST03775,C03,2023-06-25,1,1,0,2253.00,2253.0,10,7.0,4,CAT14,2025-08-25,2025-08-25,36,828,0.0,0.0,0.0,0.0,0,
CUST03776,C02,2025-03-13,4,4,0,2729.20,682.3,13,1.75,6,CAT17,2025-04-15,2025-08-01,60,201,0.0,0.5,0.25,0.25,0,
CUST03777,C01,2024-05-07,0,0,0,0.00,,0,,0,,,,,511,,,,,0,
CUST03778,C03,2025-03-23,3,3,0,608.60,202.87,6,1.67,5,CAT12,2025-04-10,2025-06-24,98,191,0.0,0.0,0.0,0.3333,0,
CUST03779,C03,2024-09-09,0,0,0,0.00,,0,,0,,,,,386,,,,,0,
CUST03780,C02,2024-06-06,7,5,2,995.20,199.04,14,1.6,6,CAT06,2025-04-03,2025-07-12,80,481,0.2857,0.5714,0.4286,0.4,2,5.0
CUST03781,C03,2023-12-08,4,4,0,2325.75,581.44,19,4.0,12,CAT16,2025-04-08,2025-07-26,66,662,0.0,0.25,0.25,0.5,0,
CUST03782,C03,2024-01-18,14,13,1,5905.35,454.26,42,2.46,13,CAT18,2025-04-02,2025-09-20,10,621,0.0714,0.6429,0.5,0.2308,2,2.0
CUST03783,C02,2023-02-26,10,8,0,13529.85,1691.23,50,5.0,15,CAT15,2025-05-03,2025-09-20,10,947,0.0,0.2,0.6,0.25,3,4.33
CUST03784,C01,2025-02-01,3,3,0,3580.50,1193.5,27,5.0,11,CAT14,2025-06-24,2025-08-13,48,241,0.0,0.0,0.0,0.3333,1,4.0
CUST03785,C02,2024-11-16,1,1,0,158.00,158.0,2,2.0,2,CAT06,2025-09-28,2025-09-28,2,318,0.0,1.0,1.0,0.0,0,
CUST03786,C01,2025-05-25,4,3,1,2507.00,835.67,19,5.33,9,CAT12,2025-06-19,2025-08-24,37,128,0.25,0.25,0.5,0.0,0,
CUST03787,C02,2024-08-30,9,7,1,11720.00,1674.29,60,5.29,17,CAT05,2025-04-25,2025-09-01,29,396,0.1111,0.1111,0.1111,0.0,0,
CUST03788,C02,2025-04-03,3,3,0,2591.00,863.67,15,3.33,7,CAT16,2025-05-08,2025-08-20,41,180,0.0,0.3333,0.3333,0.0,0,
CUST03789,C01,2023-07-08,19,18,0,6914.90,384.16,49,2.0,13,CAT17,2025-04-14,2025-09-22,8,815,0.0,0.5263,0.3158,0.1667,4,3.75
CUST03790,C03,2024-01-19,2,2,0,1751.00,875.5,7,3.5,7,CAT15,2025-04-29,2025-09-02,28,620,0.0,0.0,0.0,0.0,0,
CUST03791,C03,2023-08-16,25,21,1,9126.85,434.61,60,2.05,17,CAT19,2025-04-01,2025-09-29,1,776,0.04,0.68,0.2,0.2381,3,3.0
CUST03792,C01,2025-04-12,6,6,0,2410.40,401.73,16,2.17,7,CAT15,2025-04-21,2025-09-30,0,171,0.0,0.5,0.3333,0.1667,0,
CUST03793,C03,2025-08-06,0,0,0,0.00,,0,,0,,,,,55,,,,,0,
CUST03794,C03,2024-02-11,1,1,0,239.20,239.2,3,3.0,3,CAT01,2025-04-23,2025-04-23,160,597,0.0,0.0,0.0,1.0,0,
CUST03795,C02,2023-03-21,2,2,0,442.10,221.05,3,1.5,3,CAT13,2025-04-12,2025-04-14,169,924,0.0,0.0,0.5,0.5,0,
CUST03796,C01,2025-09-10,0,0,0,0.00,,0,,0,,,,,20,,,,,0,
CUST03797,C01,2024-10-08,17,15,1,11123.90,741.59,66,3.33,16,CAT17,2025-04-08,2025-09-26,4,357,0.0588,0.1176,0.1765,0.0667,3,5.0
CUST03798,C01,2023-11-02,4,4,0,1950.00,487.5,20,3.5,10,CAT08,2025-05-05,2025-09-06,24,698,0.0,0.25,0.25,0.0,0,
CUST03799,C01,2023-02-19,9,8,1,3588.55,448.57,19,1.88,10,CAT08,2025-04-06,2025-09-13,17,954,0.1111,0.6667,0.4444,0.125,3,4.33
CUST03800,C03,2023-01-21,13,13,0,13479.75,1036.9,45,2.46,13,CAT17,2025-04-02,2025-09-24,6,983,0.0,0.1538,0.0769,0.1538,2,4.0
CUST03801,C01,2023-05-31,8,7,1,3472.20,496.03,25,2.0,9,CAT12,2025-04-07,2025-09-19,11,853,0.125,0.875,0.125,0.1429,2,2.0
CUST03802,C02,2023-05-18,4,3,1,2550.00,850.0,18,4.67,8,CAT10,2025-04-04,2025-05-17,136,866,0.25,0.25,0.25,0.0,0,
CUST03803,C02,2023-01-06,12,12,0,10728.20,894.02,65,3.83,15,CAT16,2025-04-24,2025-09-25,5,998,0.0,0.0833,0.4167,0.1667,4,4.0
CUST03804,C01,2025-02-20,0,0,0,0.00,,0,,0,,,,,222,,,,,0,
CUST03805,C02,2023-09-30,12,12,0,3780.90,315.08,30,1.92,9,CAT12,2025-04-18,2025-09-28,2,731,0.0,0.75,0.25,0.25,2,4.0
CUST03806,C02,2025-08-15,0,0,0,0.00,,0,,0,,,,,46,,,,,0,
CUST03807,C03,2023-05-03,3,3,0,1070.00,356.67,8,2.0,5,CAT16,2025-04-30,2025-06-18,104,881,0.0,0.3333,0.0,0.0,0,
CUST03808,C03,2024-09-03,4,4,0,2528.80,632.2,13,2.75,8,CAT01,2025-04-17,2025-07-20,72,392,0.0,0.0,0.25,0.25,0,
CUST03809,C02,2023-05-28,1,1,0,1653.00,1653.0,4,2.0,2,CAT16,2025-06-25,2025-06-25,97,856,0.0,0.0,0.0,0.0,0,
CUST03810,C02,2025-08-05,2,1,1,852.00,852.0,6,4.0,3,CAT13,2025-08-22,2025-08-22,39,56,0.5,0.0,0.5,0.0,0,
CUST03811,C03,2025-03-27,16,15,1,12189.60,812.64,76,3.67,14,CAT16,2025-04-04,2025-08-26,35,187,0.0625,0.0,0.3125,0.4,1,3.0
CUST03812,C01,2023-01-30,24,20,2,11510.45,575.52,73,2.8,17,CAT03,2025-04-05,2025-09-24,6,974,0.0833,0.0833,0.2917,0.15,4,3.75
CUST03813,C01,2024-08-05,2,2,0,3466.00,1733.0,17,5.5,8,CAT10,2025-04-20,2025-06-08,114,421,0.0,0.0,1.0,0.0,0,
CUST03814,C02,2024-10-03,2,0,1,0.00,,0,,0,,2025-04-06,,,362,0.5,0.0,0.5,,0,
CUST03815,C02,2023-12-06,6,5,0,2141.85,428.37,14,2.2,6,CAT12,2025-04-03,2025-09-18,12,664,0.0,0.5,0.0,0.6,1,4.0
CUST03816,C03,2025-04-07,8,7,0,13973.90,1996.27,51,4.43,11,CAT17,2025-05-09,2025-09-11,19,176,0.0,0.25,0.375,0.1429,1,4.0
CUST03817,C01,2023-01-31,6,6,0,2622.35,437.06,13,1.67,8,CAT15,2025-04-20,2025-09-05,25,973,0.0,0.5,0.3333,0.3333,0,
CUST03818,C02,2024-11-28,5,4,1,3421.00,855.25,12,2.25,6,CAT17,2025-06-05,2025-08-30,31,306,0.2,0.2,0.4,0.0,2,2.5
CUST03819,C01,2023-08-12,19,17,1,29503.20,1735.48,130,3.41,16,CAT01,2025-04-19,2025-09-27,3,780,0.0526,0.1053,0.3158,0.2353,4,4.25
CUST03820,C01,2025-04-26,4,4,0,1869.00,467.25,15,3.0,10,CAT13,2025-04-28,2025-06-15,107,157,0.0,0.0,0.25,0.25,0,
CUST03821,C01,2024-12-12,6,5,1,10880.80,2176.16,35,4.2,11,CAT17,2025-04-26,2025-09-23,7,292,0.1667,0.0,0.6667,0.4,0,
CUST03822,C03,2025-06-23,7,4,2,1231.80,307.95,14,3.0,9,CAT05,2025-07-15,2025-09-10,20,99,0.2857,0.5714,0.2857,0.25,1,4.0
CUST03823,C02,2024-10-04,7,7,0,5791.00,827.29,31,3.14,12,CAT17,2025-04-02,2025-09-11,19,361,0.0,0.5714,0.2857,0.0,1,5.0
CUST03824,C01,2025-04-09,6,5,1,5286.35,1057.27,21,3.2,8,CAT05,2025-04-13,2025-06-04,118,174,0.1667,0.0,0.5,0.6,1,4.0
CUST03825,C03,2023-03-18,1,1,0,82.00,82.0,2,2.0,2,CAT02,2025-07-23,2025-07-23,69,927,0.0,0.0,0.0,0.0,0,
CUST03826,C02,2023-06-23,4,4,0,2046.00,511.5,11,2.25,7,CAT13,2025-05-05,2025-09-26,4,830,0.0,0.75,0.0,0.0,0,
CUST03827,C02,2024-03-18,9,7,2,7993.00,1141.86,33,3.71,13,CAT17,2025-04-04,2025-09-26,4,561,0.2222,0.3333,0.2222,0.0,2,4.5
CUST03828,C02,2025-01-15,15,14,1,10443.70,745.98,63,3.21,15,CAT11,2025-04-08,2025-09-23,7,258,0.0667,0.2,0.4,0.1429,0,
CUST03829,C01,2024-10-15,7,6,1,2574.00,429.0,28,2.83,7,CAT12,2025-04-28,2025-09-28,2,350,0.1429,1.0,0.1429,0.0,1,2.0
CUST03830,C01,2025-09-15,0,0,0,0.00,,0,,0,,,,,15,,,,,0,
CUST03831,C01,2024-07-28,3,2,1,2255.00,1127.5,9,4.0,5,CAT15,2025-04-26,2025-09-22,8,429,0.3333,0.3333,0.6667,0.0,0,
CUST03832,C02,2024-08-24,7,6,1,4542.80,757.13,31,3.33,12,CAT15,2025-04-02,2025-09-14,16,402,0.1429,0.0,0.4286,0.1667,0,
CUST03833,C02,2023-12-05,0,0,0,0.00,,0,,0,,,,,665,,,,,0,
CUST03834,C03,2023-02-28,5,5,0,2129.00,425.8,15,2.2,8,CAT01,2025-04-20,2025-09-05,25,945,0.0,0.6,0.4,0.0,1,4.0
CUST03835,C02,2024-03-13,2,2,0,3574.00,1787.0,15,5.0,7,CAT15,2025-05-10,2025-09-03,27,566,0.0,0.0,0.5,0.0,0,
CUST03836,C03,2023-05-19,2,2,0,877.00,438.5,8,3.5,7,CAT13,2025-09-12,2025-09-13,17,865,0.0,0.0,0.5,0.0,0,
CUST03837,C02,2025-04-10,2,2,0,1379.00,689.5,9,3.5,5,CAT01,2025-09-16,2025-09-24,6,173,0.0,0.5,0.0,0.0,0,
CUST03838,C03,2024-01-12,17,17,0,19803.70,1164.92,138,3.65,14,CAT05,2025-04-09,2025-09-12,18,627,0.0,0.2941,0.3529,0.1765,3,4.67
CUST03839,C02,2025-05-28,3,3,0,1937.60,645.87,12,3.33,8,CAT03,2025-06-21,2025-09-28,2,125,0.0,0.0,0.6667,0.3333,0,
CUST03840,C03,2025-05-14,4,4,0,6021.60,1505.4,26,4.75,9,CAT15,2025-05-27,2025-09-06,24,139,0.0,0.25,0.25,0.25,2,3.0
CUST03841,C03,2023-03-27,16,15,0,8412.20,560.81,44,1.87,13,CAT17,2025-04-09,2025-09-29,1,918,0.0,0.875,0.1875,0.1333,2,4.5
CUST03842,C03,2025-07-21,5,5,0,2218.90,443.78,19,2.8,8,CAT10,2025-07-28,2025-09-21,9,71,0.0,0.8,0.2,0.2,1,5.0
CUST03843,C02,2023-11-09,8,7,0,2641.15,377.31,22,2.14,9,CAT15,2025-06-06,2025-08-18,43,691,0.0,0.75,0.0,0.4286,2,3.5
CUST03844,C03,2023-10-08,5,5,0,2474.00,494.8,15,2.2,7,CAT17,2025-04-24,2025-09-25,5,723,0.0,0.2,0.2,0.0,2,4.5
CUST03845,C01,2023-01-09,5,4,1,7259.00,1814.75,30,5.5,10,CAT05,2025-05-11,2025-09-14,16,995,0.2,0.0,0.6,0.0,0,
CUST03846,C01,2025-02-26,2,2,0,1192.00,596.0,12,3.5,7,CAT11,2025-05-24,2025-08-01,60,216,0.0,0.0,0.5,0.0,1,4.0
CUST03847,C03,2025-08-22,3,2,0,2096.00,1048.0,19,5.0,7,CAT08,2025-08-27,2025-09-28,2,39,0.0,0.3333,0.3333,0.0,1,4.0
CUST03848,C02,2024-10-18,8,7,1,5453.00,779.0,27,2.57,10,CAT05,2025-05-12,2025-08-23,38,347,0.125,0.25,0.5,0.0,1,2.0
CUST03849,C02,2025-08-01,2,2,0,1085.00,542.5,5,1.5,3,CAT18,2025-08-22,2025-09-25,5,60,0.0,0.0,0.0,0.0,1,5.0
CUST03850,C02,2023-07-12,1,1,0,205.00,205.0,4,4.0,4,CAT10,2025-05-24,2025-05-24,129,811,0.0,0.0,1.0,0.0,0,
CUST03851,C01,2023-12-24,6,6,0,3746.00,624.33,31,4.0,8,CAT05,2025-04-06,2025-08-27,34,646,0.0,0.0,0.3333,0.3333,0,
CUST03852,C01,2025-09-21,0,0,0,0.00,,0,,0,,,,,9,,,,,0,
CUST03853,C02,2025-08-22,2,2,0,2473.00,1236.5,14,4.5,7,CAT16,2025-08-30,2025-09-27,3,39,0.0,0.5,1.0,0.0,0,
CUST03854,C02,2023-11-27,5,4,0,2945.20,736.3,22,4.0,11,CAT15,2025-04-15,2025-07-05,87,673,0.0,0.0,0.6,0.25,1,4.0
CUST03855,C01,2025-08-10,0,0,0,0.00,,0,,0,,,,,51,,,,,0,
CUST03856,C01,2024-11-22,7,5,0,3119.00,623.8,18,2.4,9,CAT13,2025-04-18,2025-08-29,32,312,0.0,0.4286,0.1429,0.0,0,
CUST03857,C01,2024-06-23,3,2,0,1900.00,950.0,8,2.5,5,CAT16,2025-05-04,2025-09-11,19,464,0.0,0.0,0.3333,0.0,2,4.0
CUST03858,C01,2024-06-21,2,1,1,21.00,21.0,1,1.0,1,CAT04,2025-07-21,2025-07-21,71,466,0.5,0.5,0.0,0.0,0,
CUST03859,C01,2025-06-29,11,10,0,20735.90,2073.59,91,3.0,12,CAT17,2025-07-17,2025-09-26,4,93,0.0,0.2727,0.2727,0.2,2,4.5
CUST03860,C03,2025-03-01,2,2,0,575.50,287.75,10,3.0,5,CAT01,2025-08-18,2025-09-11,19,213,0.0,0.5,0.0,0.5,0,
CUST03861,C03,2023-06-04,18,14,4,12249.00,874.93,49,2.57,13,CAT17,2025-04-02,2025-09-07,23,849,0.2222,0.2778,0.3333,0.2143,4,2.0
CUST03862,C03,2023-06-24,7,7,0,7084.20,1012.03,44,3.86,12,CAT10,2025-04-02,2025-09-27,3,829,0.0,0.1429,0.4286,0.4286,1,5.0
CUST03863,C03,2023-11-25,21,17,3,9565.00,562.65,76,3.06,14,CAT15,2025-04-06,2025-09-25,5,675,0.1429,0.1429,0.381,0.0,0,
CUST03864,C01,2025-07-31,1,1,0,611.00,611.0,5,4.0,4,CAT10,2025-09-01,2025-09-01,29,61,0.0,1.0,0.0,0.0,0,
CUST03865,C03,2023-10-30,2,2,0,816.70,408.35,5,2.5,4,CAT14,2025-06-17,2025-06-26,96,701,0.0,0.0,0.0,0.5,1,5.0
CUST03866,C02,2023-12-04,3,2,1,650.00,325.0,7,3.0,5,CAT12,2025-05-17,2025-08-04,57,666,0.3333,1.0,0.3333,0.0,0,
CUST03867,C02,2023-06-11,10,9,0,2169.00,241.0,19,1.56,9,CAT08,2025-04-05,2025-09-25,5,842,0.0,0.6,0.5,0.0,1,5.0
CUST03868,C02,2025-06-21,0,0,0,0.00,,0,,0,,,,,101,,,,,0,
CUST03869,C03,2025-06-20,1,1,0,463.00,463.0,3,3.0,3,CAT03,2025-07-01,2025-07-01,91,102,0.0,0.0,0.0,0.0,0,
CUST03870,C03,2024-10-28,26,26,0,19955.95,767.54,121,3.38,17,CAT01,2025-04-03,2025-09-30,0,337,0.0,0.1923,0.3077,0.1923,4,3.75
CUST03871,C01,2024-08-24,16,14,1,9350.60,667.9,56,2.43,17,CAT10,2025-04-01,2025-09-27,3,402,0.0625,0.25,0.4375,0.2857,4,4.5
CUST03872,C03,2023-03-12,1,1,0,1045.00,1045.0,6,3.0,3,CAT19,2025-06-14,2025-06-14,108,933,0.0,0.0,1.0,0.0,1,3.0
CUST03873,C01,2024-08-08,9,9,0,5478.00,608.67,34,2.78,12,CAT05,2025-05-07,2025-09-29,1,418,0.0,0.5556,0.2222,0.2222,2,4.0
CUST03874,C03,2023-05-22,5,4,1,2990.30,747.58,24,4.25,10,CAT16,2025-06-12,2025-09-10,20,862,0.2,0.0,0.0,0.25,0,
CUST03875,C01,2024-04-12,10,9,0,12418.20,1379.8,52,4.67,16,CAT13,2025-04-05,2025-09-27,3,536,0.0,0.2,0.5,0.1111,1,5.0
CUST03876,C03,2023-11-22,8,6,1,5175.25,862.54,33,4.0,13,CAT03,2025-04-15,2025-08-16,45,678,0.125,0.0,0.5,0.3333,0,
CUST03877,C03,2025-07-30,0,0,0,0.00,,0,,0,,,,,62,,,,,0,
CUST03878,C01,2023-01-09,4,4,0,1563.00,390.75,16,2.5,7,CAT13,2025-04-05,2025-08-11,50,995,0.0,1.0,0.25,0.0,0,
CUST03879,C02,2023-07-23,3,3,0,853.00,284.33,10,2.0,5,CAT14,2025-05-18,2025-09-13,17,800,0.0,0.0,0.6667,0.0,1,5.0
CUST03880,C02,2024-05-02,10,8,1,7737.70,967.21,44,3.88,11,CAT05,2025-04-02,2025-09-19,11,516,0.1,0.1,0.3,0.25,0,
CUST03881,C01,2025-01-20,1,1,0,655.00,655.0,4,4.0,4,CAT13,2025-06-28,2025-06-28,94,253,0.0,0.0,1.0,0.0,0,
CUST03882,C01,2024-02-27,14,11,3,7013.30,637.57,62,3.82,14,CAT05,2025-04-11,2025-09-23,7,581,0.2143,0.2143,0.2143,0.1818,3,4.33
CUST03883,C03,2023-01-20,2,2,0,1464.40,732.2,8,3.0,5,CAT11,2025-05-03,2025-09-02,28,984,0.0,0.0,0.5,0.5,0,
CUST03884,C03,2023-07-03,5,5,0,9839.20,1967.84,24,3.8,11,CAT17,2025-04-05,2025-08-27,34,820,0.0,0.0,0.4,0.2,0,
CUST03885,C02,2023-08-26,3,3,0,1459.00,486.33,14,3.0,7,CAT14,2025-04-12,2025-08-02,59,766,0.0,0.6667,0.6667,0.0,0,
CUST03886,C02,2025-06-17,2,0,2,0.00,,0,,0,,2025-06-29,,,105,1.0,0.5,0.5,,0,
CUST03887,C02,2025-09-09,0,0,0,0.00,,0,,0,,,,,21,,,,,0,
CUST03888,C01,2023-05-27,13,12,0,2999.40,249.95,34,1.83,11,CAT13,2025-04-02,2025-09-16,14,857,0.0,0.6154,0.0769,0.0833,1,4.0
CUST03889,C01,2023-08-12,4,4,0,2551.10,637.78,16,2.75,8,CAT15,2025-04-10,2025-05-19,134,780,0.0,0.25,0.25,0.75,0,
CUST03890,C01,2023-08-16,6,6,0,3835.40,639.23,23,2.83,10,CAT08,2025-04-29,2025-09-15,15,776,0.0,1.0,0.3333,0.3333,1,5.0
CUST03891,C01,2023-05-13,2,2,0,502.50,251.25,6,1.5,3,CAT11,2025-05-04,2025-08-02,59,871,0.0,0.5,1.0,0.5,0,
CUST03892,C03,2024-09-06,4,3,1,2129.00,709.67,12,3.67,6,CAT15,2025-04-05,2025-07-06,86,389,0.25,0.0,0.75,0.3333,1,4.0
CUST03893,C02,2024-07-17,13,8,2,4270.35,533.79,39,3.75,11,CAT05,2025-04-04,2025-09-19,11,440,0.1538,0.1538,0.0769,0.5,2,3.0
CUST03894,C03,2023-07-04,9,8,0,8579.00,1072.38,41,3.5,15,CAT17,2025-05-06,2025-09-19,11,819,0.0,0.2222,0.1111,0.0,3,3.0
CUST03895,C02,2023-06-19,10,8,0,2774.00,346.75,20,1.88,8,CAT16,2025-04-01,2025-08-16,45,834,0.0,0.7,0.2,0.0,2,2.0
CUST03896,C03,2025-09-26,0,0,0,0.00,,0,,0,,,,,4,,,,,0,
CUST03897,C02,2023-10-03,0,0,0,0.00,,0,,0,,,,,728,,,,,0,
CUST03898,C01,2023-02-13,3,2,1,1734.00,867.0,11,3.0,6,CAT15,2025-05-30,2025-08-25,36,960,0.3333,0.3333,0.0,0.5,0,
CUST03899,C03,2023-10-28,3,2,1,2585.00,1292.5,15,5.5,9,CAT13,2025-04-13,2025-05-17,136,703,0.3333,0.6667,0.6667,0.0,1,1.0
CUST03900,C01,2024-10-13,4,4,0,994.00,248.5,10,2.0,7,CAT17,2025-04-24,2025-09-15,15,352,0.0,0.75,0.0,0.0,0,
CUST03901,C01,2024-12-14,5,4,0,1802.00,450.5,14,1.75,6,CAT14,2025-05-12,2025-09-07,23,290,0.0,0.0,0.6,0.0,2,3.5
CUST03902,C02,2025-09-16,1,1,0,1463.00,1463.0,7,6.0,6,CAT16,2025-09-29,2025-09-29,1,14,0.0,0.0,0.0,0.0,0,
CUST03903,C03,2023-08-23,10,9,1,2620.00,291.11,20,1.56,10,CAT15,2025-04-03,2025-09-16,14,769,0.1,0.6,0.2,0.0,1,5.0
CUST03904,C01,2025-05-25,9,6,3,4242.90,707.15,29,3.33,10,CAT05,2025-06-06,2025-09-18,12,128,0.3333,0.2222,0.2222,0.3333,1,3.0
CUST03905,C01,2024-12-25,5,4,1,5518.50,1379.63,16,3.25,10,CAT16,2025-04-30,2025-09-27,3,279,0.2,0.6,0.4,0.25,1,1.0
CUST03906,C02,2023-11-23,3,3,0,1156.40,385.47,9,2.33,7,CAT05,2025-06-20,2025-09-06,24,677,0.0,0.0,0.3333,0.6667,0,
CUST03907,C01,2024-01-31,8,8,0,4142.00,517.75,30,2.75,10,CAT01,2025-04-18,2025-08-29,32,608,0.0,0.25,0.125,0.0,2,3.5
CUST03908,C03,2025-03-08,16,12,3,2979.90,248.33,34,2.25,11,CAT06,2025-04-04,2025-09-08,22,206,0.1875,0.625,0.25,0.3333,4,2.75
CUST03909,C02,2025-05-29,4,4,0,3411.00,852.75,13,3.0,7,CAT15,2025-06-07,2025-09-21,9,124,0.0,0.0,0.5,0.0,1,5.0
CUST03910,C03,2024-04-18,9,9,0,4832.25,536.92,39,3.11,13,CAT11,2025-04-22,2025-08-14,47,530,0.0,0.2222,0.2222,0.2222,0,
CUST03911,C02,2024-11-01,5,5,0,9392.00,1878.4,32,4.0,10,CAT17,2025-05-07,2025-08-15,46,333,0.0,0.2,0.2,0.2,0,
CUST03912,C01,2025-03-10,10,10,0,4572.00,457.2,28,2.0,12,CAT18,2025-04-14,2025-09-13,17,204,0.0,0.7,0.4,0.1,4,3.5
CUST03913,C01,2024-04-06,0,0,0,0.00,,0,,0,,,,,542,,,,,0,
CUST03914,C01,2023-07-18,8,8,0,11111.10,1388.89,44,3.88,14,CAT15,2025-04-19,2025-08-14,47,805,0.0,0.375,0.5,0.375,1,3.0
CUST03915,C03,2025-09-03,0,0,0,0.00,,0,,0,,,,,27,,,,,0,
CUST03916,C03,2023-06-23,4,4,0,6738.00,1684.5,15,2.75,5,CAT17,2025-04-22,2025-09-26,4,830,0.0,0.25,0.0,0.0,0,
CUST03917,C03,2025-02-05,5,5,0,2253.00,450.6,16,2.2,8,CAT18,2025-05-23,2025-09-11,19,237,0.0,0.6,0.4,0.0,0,
CUST03918,C01,2023-12-30,1,0,1,0.00,,0,,0,,2025-08-06,,,640,1.0,0.0,0.0,,0,
CUST03919,C01,2023-03-14,3,2,1,990.00,495.0,4,2.0,4,CAT18,2025-06-21,2025-08-19,42,931,0.3333,0.6667,0.3333,0.0,0,
CUST03920,C03,2025-08-18,0,0,0,0.00,,0,,0,,,,,43,,,,,0,
CUST03921,C02,2025-08-16,0,0,0,0.00,,0,,0,,,,,45,,,,,0,
CUST03922,C03,2025-05-27,10,9,1,6046.00,671.78,31,2.44,14,CAT18,2025-05-30,2025-09-30,0,126,0.1,0.5,0.1,0.0,1,5.0
CUST03923,C01,2025-02-26,9,8,1,13214.80,1651.85,55,5.13,12,CAT15,2025-04-06,2025-09-02,28,216,0.1111,0.2222,0.6667,0.375,3,3.67
CUST03924,C03,2025-09-06,1,1,0,781.00,781.0,7,5.0,5,CAT06,2025-09-29,2025-09-29,1,24,0.0,0.0,0.0,0.0,1,4.0
CUST03925,C02,2024-09-03,10,8,2,7808.95,976.12,27,2.75,11,CAT18,2025-04-06,2025-08-30,31,392,0.2,0.1,0.5,0.375,0,
CUST03926,C01,2024-10-31,2,2,0,1307.00,653.5,8,2.5,5,CAT10,2025-05-10,2025-06-01,121,334,0.0,0.5,1.0,0.5,0,
CUST03927,C02,2025-01-22,5,4,0,6448.90,1612.23,35,6.0,12,CAT13,2025-04-27,2025-09-05,25,251,0.0,0.0,0.4,0.5,1,5.0
CUST03928,C03,2023-11-25,11,9,1,8221.55,913.51,47,3.33,12,CAT15,2025-04-20,2025-09-21,9,675,0.0909,0.0909,0.1818,0.4444,1,3.0
CUST03929,C03,2024-03-19,7,6,1,4076.00,679.33,24,3.0,13,CAT17,2025-04-03,2025-09-05,25,560,0.1429,0.7143,0.2857,0.0,1,5.0
CUST03930,C02,2023-11-28,4,3,1,6342.60,2114.2,26,5.33,7,CAT15,2025-04-06,2025-09-07,23,672,0.25,0.0,0.75,0.3333,0,
CUST03931,C03,2024-03-05,5,4,1,909.00,227.25,8,1.75,6,CAT10,2025-04-10,2025-08-23,38,574,0.2,1.0,0.2,0.0,0,
CUST03932,C03,2023-02-23,1,1,0,46.00,46.0,2,1.0,1,CAT09,2025-09-03,2025-09-03,27,950,0.0,0.0,0.0,0.0,0,
CUST03933,C02,2023-05-23,2,2,0,2076.20,1038.1,9,3.0,5,CAT11,2025-05-14,2025-06-24,98,861,0.0,0.5,0.0,0.5,1,4.0
CUST03934,C02,2023-02-06,3,3,0,5528.00,1842.67,17,3.67,6,CAT15,2025-04-19,2025-08-21,40,967,0.0,0.6667,0.6667,0.0,1,4.0
CUST03935,C02,2025-05-02,0,0,0,0.00,,0,,0,,,,,151,,,,,0,
CUST03936,C03,2025-08-20,3,3,0,1887.00,629.0,12,2.67,6,CAT08,2025-09-06,2025-09-19,11,41,0.0,1.0,0.3333,0.6667,0,
CUST03937,C02,2024-01-06,3,3,0,1707.55,569.18,15,3.67,9,CAT03,2025-05-23,2025-08-30,31,633,0.0,0.3333,0.3333,0.6667,0,
CUST03938,C01,2024-05-23,10,9,1,16274.50,1808.28,78,5.56,15,CAT17,2025-04-03,2025-08-21,40,495,0.1,0.1,0.2,0.2222,2,4.0
CUST03939,C01,2025-09-27,0,0,0,0.00,,0,,0,,,,,3,,,,,0,
CUST03940,C03,2025-07-24,0,0,0,0.00,,0,,0,,,,,68,,,,,0,
CUST03941,C02,2024-10-25,3,2,1,1195.00,597.5,7,2.5,5,CAT16,2025-04-04,2025-06-21,101,340,0.3333,0.3333,0.3333,0.0,0,
CUST03942,C02,2023-10-05,6,5,1,6570.00,1314.0,23,3.6,14,CAT17,2025-04-03,2025-09-28,2,726,0.1667,0.0,0.5,0.0,1,2.0
CUST03943,C01,2025-01-13,4,4,0,2468.00,617.0,9,1.75,6,CAT17,2025-06-24,2025-09-11,19,260,0.0,0.5,0.0,0.0,1,4.0
CUST03944,C01,2023-12-05,5,5,0,3609.20,721.84,28,3.4,11,CAT12,2025-05-06,2025-08-25,36,665,0.0,0.6,0.0,0.4,1,3.0
CUST03945,C03,2023-06-18,2,2,0,622.30,311.15,5,2.0,4,CAT14,2025-05-15,2025-09-02,28,835,0.0,0.0,0.0,0.5,0,
CUST03946,C02,2024-12-09,3,2,1,662.00,331.0,5,2.0,3,CAT01,2025-07-13,2025-09-19,11,295,0.3333,0.0,0.3333,0.0,0,
CUST03947,C01,2024-09-06,4,4,0,1435.60,358.9,15,3.0,7,CAT03,2025-05-30,2025-09-10,20,389,0.0,0.25,0.0,0.25,0,
CUST03948,C03,2024-01-29,16,13,2,11528.00,886.77,73,4.23,14,CAT17,2025-04-10,2025-09-26,4,610,0.125,0.1875,0.25,0.0,1,5.0
CUST03949,C01,2024-10-09,17,15,2,28471.30,1898.09,123,5.47,17,CAT13,2025-04-10,2025-09-27,3,356,0.1176,0.2353,0.2941,0.2,3,4.33
CUST03950,C02,2023-03-03,19,16,1,31811.25,1988.2,128,6.13,19,CAT15,2025-04-19,2025-08-30,31,942,0.0526,0.2105,0.6316,0.0625,1,1.0
CUST03951,C01,2025-04-04,4,3,0,3492.00,1164.0,15,4.0,6,CAT15,2025-05-07,2025-09-28,2,179,0.0,0.0,0.5,0.0,0,
CUST03952,C03,2024-01-25,19,18,1,17643.80,980.21,97,3.78,18,CAT17,2025-04-17,2025-09-28,2,614,0.0526,0.2105,0.4211,0.2222,2,5.0
CUST03953,C01,2025-07-31,3,1,2,288.00,288.0,4,3.0,3,CAT03,2025-08-05,2025-08-05,56,61,0.6667,1.0,0.3333,0.0,0,
CUST03954,C03,2023-06-25,8,8,0,8786.00,1098.25,32,3.13,11,CAT17,2025-05-03,2025-09-19,11,828,0.0,0.375,0.25,0.0,0,
CUST03955,C02,2024-10-09,2,2,0,950.00,475.0,4,2.0,4,CAT13,2025-04-03,2025-04-17,166,356,0.0,0.0,0.0,0.0,0,
CUST03956,C02,2024-12-17,0,0,0,0.00,,0,,0,,,,,287,,,,,0,
CUST03957,C01,2024-09-14,3,2,1,1539.00,769.5,11,3.0,5,CAT18,2025-05-09,2025-08-04,57,381,0.3333,0.0,0.0,0.0,0,
CUST03958,C02,2024-01-12,3,3,0,1382.00,460.67,5,1.67,5,CAT17,2025-07-21,2025-09-19,11,627,0.0,0.0,0.0,0.0,0,
CUST03959,C01,2024-07-06,14,14,0,18045.15,1288.94,65,3.57,15,CAT17,2025-04-11,2025-09-09,21,451,0.0,0.2857,0.2143,0.0714,1,5.0
CUST03960,C01,2024-06-27,3,2,0,2522.00,1261.0,8,3.5,6,CAT17,2025-04-13,2025-09-12,18,460,0.0,0.0,0.6667,0.0,1,5.0
CUST03961,C01,2024-01-25,3,2,0,478.00,239.0,4,2.0,4,CAT18,2025-05-12,2025-09-28,2,614,0.0,0.3333,0.6667,0.0,1,1.0
CUST03962,C02,2025-09-17,0,0,0,0.00,,0,,0,,,,,13,,,,,0,
CUST03963,C02,2023-09-19,8,8,0,9589.10,1198.64,30,2.75,10,CAT17,2025-04-23,2025-09-27,3,742,0.0,0.125,0.25,0.375,1,4.0
CUST03964,C01,2024-09-21,9,9,0,7407.05,823.01,45,3.89,14,CAT15,2025-04-05,2025-09-22,8,374,0.0,0.1111,0.4444,0.2222,2,3.5
CUST03965,C03,2023-01-31,9,9,0,4800.00,533.33,45,3.56,10,CAT05,2025-04-03,2025-09-26,4,973,0.0,0.1111,0.1111,0.0,0,
CUST03966,C03,2025-06-29,2,2,0,12958.00,6479.0,104,6.0,8,CAT05,2025-09-13,2025-09-22,8,93,0.0,0.0,0.5,0.0,1,4.0
CUST03967,C02,2024-08-15,10,10,0,16103.60,1610.36,72,5.0,12,CAT10,2025-04-18,2025-09-21,9,411,0.0,0.1,0.6,0.2,2,3.0
CUST03968,C03,2023-09-18,6,5,0,10101.15,2020.23,46,5.6,15,CAT15,2025-05-08,2025-09-24,6,743,0.0,0.0,0.1667,0.2,2,2.0
CUST03969,C03,2025-05-07,2,2,0,3002.00,1501.0,11,3.0,6,CAT11,2025-07-18,2025-08-19,42,146,0.0,0.5,0.0,0.0,1,5.0
CUST03970,C01,2025-06-08,7,6,1,2689.00,448.17,15,1.83,8,CAT10,2025-06-19,2025-09-29,1,114,0.1429,0.7143,0.1429,0.0,0,
CUST03971,C02,2024-08-26,2,2,0,729.00,364.5,8,3.0,4,CAT09,2025-04-17,2025-06-03,119,400,0.0,1.0,0.0,0.0,1,4.0
CUST03972,C01,2024-05-13,6,6,0,7406.25,1234.38,34,3.5,12,CAT11,2025-05-01,2025-07-18,74,505,0.0,0.3333,0.1667,0.3333,0,
CUST03973,C03,2023-12-22,1,1,0,1373.00,1373.0,7,5.0,5,CAT17,2025-04-08,2025-04-08,175,648,0.0,0.0,0.0,0.0,1,3.0
CUST03974,C02,2023-04-25,10,10,0,9435.50,943.55,54,3.3,14,CAT11,2025-05-25,2025-09-20,10,889,0.0,0.0,0.5,0.1,1,5.0
CUST03975,C02,2023-06-30,3,2,1,1424.15,712.08,10,3.5,7,CAT15,2025-06-02,2025-09-18,12,823,0.3333,0.0,0.0,0.5,2,4.5
CUST03976,C03,2025-06-17,2,1,0,945.00,945.0,4,3.0,2,CAT13,2025-06-27,2025-06-27,95,105,0.0,0.0,0.5,0.0,1,5.0
CUST03977,C03,2024-03-27,10,8,1,3321.30,415.16,28,3.0,10,CAT08,2025-04-13,2025-09-07,23,552,0.1,0.3,0.4,0.125,1,5.0
CUST03978,C01,2023-10-29,22,21,0,8753.75,416.85,61,2.1,13,CAT12,2025-04-01,2025-09-27,3,702,0.0,0.5909,0.2273,0.381,6,4.33
CUST03979,C03,2023-12-06,3,3,0,1091.00,363.67,6,1.67,5,CAT03,2025-04-20,2025-06-23,99,664,0.0,0.0,0.3333,0.0,1,5.0
CUST03980,C02,2023-03-22,8,7,1,6613.20,944.74,43,4.29,14,CAT15,2025-04-07,2025-09-24,6,923,0.125,0.125,0.125,0.2857,1,2.0
CUST03981,C03,2024-01-07,26,21,4,12802.00,609.62,74,2.48,18,CAT17,2025-04-03,2025-09-23,7,632,0.1538,0.1923,0.3462,0.1429,5,4.0
CUST03982,C03,2025-08-23,2,2,0,729.00,364.5,5,2.0,4,CAT12,2025-09-10,2025-09-17,13,38,0.0,0.5,0.0,0.0,0,
CUST03983,C03,2024-10-18,8,6,1,4123.00,687.17,23,2.5,8,CAT15,2025-04-03,2025-08-16,45,347,0.125,0.125,0.375,0.1667,0,
CUST03984,C01,2024-04-02,6,5,0,3498.80,699.76,31,4.2,12,CAT03,2025-05-03,2025-09-28,2,546,0.0,0.3333,0.5,0.2,0,
CUST03985,C03,2025-02-10,19,17,2,12618.45,742.26,69,3.18,15,CAT05,2025-05-03,2025-09-28,2,232,0.1053,0.1053,0.3684,0.1765,3,3.0
CUST03986,C02,2023-12-18,2,2,0,1100.00,550.0,7,2.5,5,CAT06,2025-05-06,2025-06-01,121,652,0.0,0.5,0.5,0.0,0,
CUST03987,C03,2023-04-04,2,2,0,3579.00,1789.5,13,5.0,4,CAT14,2025-04-19,2025-08-21,40,910,0.0,0.0,0.5,1.0,1,5.0
CUST03988,C03,2024-09-21,9,8,1,3565.55,445.69,30,2.38,7,CAT03,2025-04-03,2025-09-09,21,374,0.1111,0.2222,0.0,0.5,0,
CUST03989,C01,2023-06-11,0,0,0,0.00,,0,,0,,,,,842,,,,,0,
CUST03990,C01,2025-07-23,4,4,0,1654.00,413.5,18,2.5,8,CAT01,2025-07-23,2025-09-29,1,69,0.0,0.0,0.25,0.0,2,4.0
CUST03991,C03,2024-09-29,16,14,2,7417.90,529.85,63,2.71,13,CAT17,2025-04-16,2025-09-09,21,366,0.125,0.1875,0.25,0.2857,3,4.67
CUST03992,C01,2023-12-30,1,1,0,1228.00,1228.0,2,2.0,2,CAT17,2025-09-23,2025-09-23,7,640,0.0,0.0,0.0,0.0,0,
CUST03993,C01,2023-08-19,1,1,0,1775.00,1775.0,6,4.0,3,CAT10,2025-08-15,2025-08-15,46,773,0.0,0.0,0.0,0.0,0,
CUST03994,C01,2023-04-08,2,2,0,3376.50,1688.25,12,4.5,7,CAT14,2025-07-06,2025-08-30,31,906,0.0,0.5,1.0,0.5,0,
CUST03995,C03,2025-03-07,17,14,2,10292.25,735.16,41,2.14,11,CAT17,2025-04-09,2025-09-26,4,207,0.1176,0.1765,0.2353,0.0714,1,5.0
CUST03996,C03,2023-07-30,24,23,1,16390.95,712.65,118,3.61,17,CAT11,2025-04-04,2025-09-25,5,793,0.0417,0.2083,0.2083,0.1739,4,4.5
CUST03997,C02,2023-07-09,5,5,0,2687.40,537.48,22,3.0,9,CAT05,2025-04-26,2025-08-08,53,814,0.0,0.0,0.4,0.2,0,
CUST03998,C01,2024-02-29,6,5,0,1668.25,333.65,13,2.2,8,CAT16,2025-04-12,2025-07-16,76,579,0.0,0.3333,0.3333,0.2,1,5.0
CUST03999,C02,2023-06-13,0,0,0,0.00,,0,,0,,,,,840,,,,,0,
CUST04000,C01,2025-07-27,1,1,0,604.00,604.0,4,3.0,3,CAT14,2025-09-28,2025-09-28,2,65,0.0,1.0,1.0,0.0,0,
CUST04001,C01,2024-12-08,2,2,0,3451.00,1725.5,11,4.0,4,CAT17,2025-04-23,2025-06-10,112,296,0.0,0.0,0.0,0.0,0,
CUST04002,C02,2023-12-11,10,10,0,15707.20,1570.72,77,5.4,15,CAT10,2025-04-11,2025-08-31,30,659,0.0,0.2,0.5,0.1,6,3.67
CUST04003,C01,2023-12-28,9,7,1,2638.60,376.94,19,2.14,7,CAT18,2025-05-22,2025-09-13,17,642,0.1111,0.5556,0.2222,0.5714,3,3.0
CUST04004,C01,2025-08-01,1,1,0,1877.00,1877.0,5,3.0,3,CAT15,2025-09-03,2025-09-03,27,60,0.0,0.0,0.0,0.0,0,
CUST04005,C01,2023-02-18,0,0,0,0.00,,0,,0,,,,,955,,,,,0,
CUST04006,C01,2024-02-14,6,6,0,1353.25,225.54,22,2.0,8,CAT09,2025-04-30,2025-08-17,44,594,0.0,0.6667,0.1667,0.3333,0,
CUST04007,C02,2025-02-02,7,7,0,2481.90,354.56,12,1.57,7,CAT10,2025-04-17,2025-09-23,7,240,0.0,0.4286,0.1429,0.2857,1,3.0
CUST04008,C01,2023-05-28,13,9,4,9439.55,1048.84,49,3.89,11,CAT17,2025-04-03,2025-08-06,55,856,0.3077,0.2308,0.3077,0.2222,1,5.0
CUST04009,C03,2025-04-16,2,2,0,2242.75,1121.38,7,3.0,5,CAT17,2025-05-18,2025-05-27,126,167,0.0,0.0,0.5,0.5,0,
CUST04010,C01,2023-02-05,3,3,0,2221.50,740.5,17,3.0,8,CAT13,2025-05-29,2025-08-15,46,968,0.0,1.0,0.3333,0.6667,0,
CUST04011,C01,2024-12-13,1,1,0,859.80,859.8,6,4.0,4,CAT12,2025-08-10,2025-08-10,51,291,0.0,1.0,1.0,1.0,1,4.0
CUST04012,C01,2025-09-22,2,2,0,772.00,386.0,6,3.0,4,CAT05,2025-09-23,2025-09-26,4,8,0.0,0.5,0.0,0.0,1,4.0
CUST04013,C01,2024-05-27,0,0,0,0.00,,0,,0,,,,,491,,,,,0,
CUST04014,C03,2024-03-15,3,2,1,196.15,98.08,3,1.5,2,CAT01,2025-05-13,2025-09-05,25,564,0.3333,0.0,0.0,0.5,0,
CUST04015,C01,2024-09-27,6,5,1,2026.00,405.2,8,1.4,7,CAT16,2025-05-08,2025-09-08,22,368,0.1667,0.8333,0.0,0.0,1,4.0
CUST04016,C01,2025-07-13,0,0,0,0.00,,0,,0,,,,,79,,,,,0,
CUST04017,C01,2025-05-03,11,10,0,5682.50,568.25,39,2.6,12,CAT16,2025-05-22,2025-09-29,1,150,0.0,0.7273,0.2727,0.5,2,4.0
CUST04018,C03,2023-05-17,8,7,1,8009.80,1144.26,28,2.29,10,CAT17,2025-04-04,2025-09-11,19,867,0.125,0.875,0.25,0.1429,0,
CUST04019,C03,2023-01-12,12,12,0,22053.30,1837.78,101,6.17,17,CAT10,2025-05-17,2025-08-22,39,992,0.0,0.0833,0.6667,0.25,2,1.5
CUST04020,C03,2023-05-13,3,2,0,1776.20,888.1,12,5.5,9,CAT15,2025-04-04,2025-04-23,160,871,0.0,0.0,0.3333,0.5,2,3.0
CUST04021,C01,2024-09-30,0,0,0,0.00,,0,,0,,,,,365,,,,,0,
CUST04022,C03,2024-09-07,5,5,0,3578.70,715.74,29,3.8,10,CAT17,2025-04-02,2025-09-21,9,388,0.0,0.0,0.2,0.4,0,
CUST04023,C02,2023-01-30,8,7,0,5398.75,771.25,36,3.86,11,CAT03,2025-04-08,2025-06-17,105,974,0.0,0.0,0.25,0.2857,0,
CUST04024,C03,2023-05-04,8,8,0,7467.00,933.38,28,2.75,13,CAT17,2025-04-13,2025-09-13,17,880,0.0,0.0,0.5,0.0,3,3.67
CUST04025,C02,2024-06-20,12,9,1,14194.05,1577.12,65,4.44,15,CAT15,2025-04-20,2025-09-28,2,467,0.0833,0.0,0.6667,0.3333,1,4.0
CUST04026,C03,2023-05-19,7,7,0,6139.40,877.06,25,2.29,10,CAT19,2025-05-16,2025-09-22,8,865,0.0,0.2857,0.1429,0.5714,1,5.0
CUST04027,C01,2025-07-14,2,2,0,628.00,314.0,5,2.0,3,CAT08,2025-08-05,2025-08-13,48,78,0.0,1.0,0.0,0.5,0,
CUST04028,C01,2023-03-26,15,13,1,10995.55,845.81,66,3.54,18,CAT01,2025-04-07,2025-09-22,8,919,0.0667,0.3333,0.2667,0.2308,5,3.2
CUST04029,C01,2025-07-22,11,10,1,4701.30,470.13,46,3.1,11,CAT03,2025-07-22,2025-09-28,2,70,0.0909,0.1818,0.2727,0.3,3,4.0
CUST04030,C02,2023-11-08,14,12,2,6637.60,553.13,36,2.0,10,CAT17,2025-04-10,2025-09-18,12,692,0.1429,0.7857,0.3571,0.0833,0,
CUST04031,C02,2025-07-23,1,1,0,994.00,994.0,8,3.0,3,CAT11,2025-09-19,2025-09-19,11,69,0.0,0.0,0.0,0.0,0,
CUST04032,C01,2023-07-17,10,10,0,10242.85,1024.29,57,3.7,15,CAT05,2025-04-29,2025-09-25,5,806,0.0,0.2,0.0,0.3,1,3.0
CUST04033,C02,2024-04-10,3,3,0,2228.00,742.67,10,2.33,6,CAT17,2025-04-05,2025-07-25,67,538,0.0,0.0,0.3333,0.0,0,
CUST04034,C01,2025-09-21,1,1,0,222.00,222.0,7,2.0,2,CAT01,2025-09-22,2025-09-22,8,9,0.0,0.0,0.0,0.0,0,
CUST04035,C02,2023-09-25,0,0,0,0.00,,0,,0,,,,,736,,,,,0,
CUST04036,C01,2025-01-09,2,2,0,1880.00,940.0,5,1.5,3,CAT15,2025-04-07,2025-05-25,128,264,0.0,0.0,0.5,0.0,0,
CUST04037,C02,2023-06-03,5,2,2,747.50,373.75,5,2.5,5,CAT11,2025-07-13,2025-09-29,1,850,0.4,0.0,0.4,0.5,0,
CUST04038,C01,2024-09-12,18,17,0,12459.10,732.89,76,2.82,16,CAT17,2025-04-02,2025-09-21,9,383,0.0,0.4444,0.2778,0.1176,0,
CUST04039,C03,2025-08-04,0,0,0,0.00,,0,,0,,,,,57,,,,,0,
CUST04040,C01,2023-10-07,4,4,0,5040.00,1260.0,20,3.25,8,CAT17,2025-04-04,2025-07-24,68,724,0.0,0.25,0.0,0.0,0,
CUST04041,C03,2025-04-09,18,18,0,10416.65,578.7,70,2.89,16,CAT03,2025-04-17,2025-09-06,24,174,0.0,0.1667,0.2222,0.2222,2,5.0
CUST04042,C02,2024-01-02,6,5,1,4945.00,989.0,24,3.4,10,CAT18,2025-04-10,2025-07-07,85,637,0.1667,0.1667,0.1667,0.0,1,4.0
CUST04043,C03,2023-02-27,0,0,0,0.00,,0,,0,,,,,946,,,,,0,
CUST04044,C03,2025-04-21,2,2,0,5027.60,2513.8,18,6.0,8,CAT10,2025-04-27,2025-05-03,150,162,0.0,0.0,1.0,0.5,2,2.5
CUST04045,C01,2025-09-05,2,2,0,1778.00,889.0,15,4.0,5,CAT03,2025-09-12,2025-09-12,18,25,0.0,0.0,0.0,0.0,0,
CUST04046,C01,2024-12-01,6,4,1,8267.20,2066.8,22,3.75,10,CAT15,2025-06-08,2025-09-27,3,303,0.1667,0.1667,0.8333,0.25,0,
CUST04047,C01,2023-07-20,7,6,1,2156.00,359.33,17,2.33,8,CAT10,2025-05-14,2025-07-12,80,803,0.1429,0.2857,0.4286,0.0,1,4.0
CUST04048,C03,2023-11-26,10,9,0,3572.70,396.97,28,2.0,8,CAT12,2025-04-13,2025-08-18,43,674,0.0,0.4,0.2,0.2222,1,5.0
CUST04049,C03,2025-03-10,18,13,4,9763.30,751.02,39,2.23,13,CAT17,2025-04-09,2025-09-29,1,204,0.2222,0.1667,0.3333,0.0769,3,3.33
CUST04050,C03,2024-05-13,1,1,0,2085.65,2085.65,9,7.0,6,CAT10,2025-09-12,2025-09-12,18,505,0.0,1.0,0.0,1.0,0,
CUST04051,C01,2024-09-07,7,6,1,1840.20,306.7,15,1.67,7,CAT17,2025-04-18,2025-09-11,19,388,0.1429,1.0,0.1429,0.1667,0,
CUST04052,C01,2025-09-22,2,2,0,4537.00,2268.5,14,4.5,7,CAT17,2025-09-27,2025-09-28,2,8,0.0,0.0,1.0,0.0,2,3.5
CUST04053,C02,2024-02-23,8,7,0,4664.70,666.39,28,3.14,14,CAT19,2025-04-11,2025-09-29,1,585,0.0,0.25,0.25,0.1429,1,4.0
CUST04054,C01,2024-02-22,10,8,1,4305.20,538.15,30,2.63,9,CAT08,2025-04-20,2025-08-20,41,586,0.1,0.4,0.2,0.125,3,3.67
CUST04055,C01,2025-07-04,2,2,0,809.00,404.5,6,2.5,5,CAT18,2025-08-04,2025-09-11,19,88,0.0,1.0,0.0,0.0,0,
CUST04056,C02,2024-10-22,4,3,0,2101.90,700.63,12,2.67,8,CAT16,2025-04-09,2025-08-13,48,343,0.0,0.25,0.0,0.6667,2,4.0
CUST04057,C01,2024-08-12,7,6,1,2542.60,423.77,16,1.83,8,CAT17,2025-04-18,2025-07-11,81,414,0.1429,0.1429,0.4286,0.1667,1,4.0
CUST04058,C03,2023-02-14,8,6,2,9327.40,1554.57,44,5.83,15,CAT15,2025-05-17,2025-09-21,9,959,0.25,0.125,0.75,0.1667,2,5.0
CUST04059,C02,2025-03-18,10,9,1,7257.15,806.35,51,3.78,14,CAT03,2025-05-08,2025-09-24,6,196,0.1,0.3,0.0,0.2222,3,4.33
CUST04060,C01,2025-05-08,2,2,0,35.20,17.6,1,0.5,1,CAT09,2025-06-07,2025-06-13,109,145,0.0,0.5,0.5,0.5,0,
CUST04061,C03,2023-10-12,7,5,1,3091.20,618.24,19,2.2,8,CAT17,2025-05-23,2025-09-27,3,719,0.1429,0.0,0.5714,0.2,2,5.0
CUST04062,C01,2024-11-13,4,1,3,66.00,66.0,2,1.0,1,CAT07,2025-04-11,2025-07-17,75,321,0.75,0.75,0.0,0.0,0,
CUST04063,C03,2023-03-14,3,3,0,1263.00,421.0,10,2.0,6,CAT07,2025-07-28,2025-09-18,12,931,0.0,0.3333,0.3333,0.0,0,
CUST04064,C01,2024-03-22,1,1,0,2010.00,2010.0,16,10.0,7,CAT05,2025-08-23,2025-08-23,38,557,0.0,0.0,1.0,0.0,1,2.0
CUST04065,C01,2024-07-16,11,10,0,11066.00,1106.6,41,2.9,12,CAT17,2025-04-04,2025-09-23,7,441,0.0,0.1818,0.0909,0.0,2,1.5
CUST04066,C03,2025-03-31,8,7,1,3989.20,569.89,26,3.29,13,CAT14,2025-04-06,2025-08-16,45,183,0.125,0.125,0.75,0.4286,1,4.0
CUST04067,C02,2024-07-31,1,1,0,2719.00,2719.0,8,5.0,4,CAT15,2025-04-12,2025-04-12,171,426,0.0,0.0,1.0,0.0,0,
CUST04068,C02,2025-02-01,2,2,0,1039.00,519.5,11,4.5,7,CAT03,2025-04-08,2025-08-27,34,241,0.0,0.5,0.0,0.0,0,
CUST04069,C02,2023-06-26,35,30,4,21326.90,710.9,130,3.1,16,CAT03,2025-04-12,2025-09-29,1,827,0.1143,0.2571,0.2857,0.1333,2,2.0
CUST04070,C03,2023-01-08,2,2,0,2023.60,1011.8,9,3.5,4,CAT11,2025-07-10,2025-08-11,50,996,0.0,0.0,0.0,0.5,0,
CUST04071,C03,2023-03-07,28,26,0,22154.20,852.08,141,3.38,17,CAT17,2025-04-11,2025-09-17,13,938,0.0,0.2143,0.2857,0.5,3,4.67
CUST04072,C01,2024-08-21,13,13,0,10187.10,783.62,67,3.46,14,CAT05,2025-04-22,2025-08-30,31,405,0.0,0.3846,0.3846,0.2308,1,2.0
CUST04073,C02,2025-06-28,2,2,0,2993.00,1496.5,5,2.0,3,CAT17,2025-08-14,2025-09-28,2,94,0.0,0.5,0.5,0.0,0,
CUST04074,C02,2023-02-10,4,4,0,2286.00,571.5,16,2.25,6,CAT12,2025-04-18,2025-07-26,66,963,0.0,0.75,0.25,0.0,0,
CUST04075,C03,2024-10-27,6,5,1,6518.00,1303.6,22,2.8,9,CAT17,2025-06-10,2025-09-01,29,338,0.1667,0.3333,0.3333,0.0,0,
CUST04076,C01,2023-09-01,1,1,0,1142.00,1142.0,4,4.0,4,CAT17,2025-04-07,2025-04-07,176,760,0.0,0.0,0.0,0.0,0,
CUST04077,C01,2025-09-16,0,0,0,0.00,,0,,0,,,,,14,,,,,0,
CUST04078,C03,2023-10-09,6,5,0,1986.60,397.32,13,2.0,7,CAT19,2025-04-20,2025-08-12,49,722,0.0,0.1667,0.5,0.4,1,4.0
CUST04079,C02,2023-11-11,1,0,1,0.00,,0,,0,,2025-08-15,,,689,1.0,0.0,0.0,,0,
CUST04080,C02,2024-11-24,6,5,1,8834.00,1766.8,38,3.8,10,CAT14,2025-04-05,2025-09-15,15,310,0.1667,0.1667,0.6667,0.0,2,4.0
CUST04081,C03,2024-01-20,12,10,0,4862.70,486.27,41,2.6,11,CAT05,2025-04-20,2025-08-16,45,619,0.0,0.1667,0.75,0.2,3,4.67
CUST04082,C01,2024-08-11,11,9,2,11166.50,1240.72,39,2.78,8,CAT17,2025-04-02,2025-09-25,5,415,0.1818,0.4545,0.0909,0.1111,0,
CUST04083,C03,2024-01-03,7,6,0,2328.80,388.13,16,2.0,8,CAT12,2025-05-30,2025-07-11,81,636,0.0,0.4286,0.0,0.1667,0,
CUST04084,C01,2025-07-03,2,2,0,1935.00,967.5,9,3.5,6,CAT17,2025-07-18,2025-09-03,27,89,0.0,0.0,0.0,0.0,0,
CUST04085,C01,2023-09-06,6,6,0,2400.40,400.07,15,2.33,12,CAT12,2025-05-24,2025-09-07,23,755,0.0,0.1667,1.0,0.1667,1,5.0
CUST04086,C01,2023-10-08,1,1,0,1819.00,1819.0,9,7.0,5,CAT13,2025-07-08,2025-07-08,84,723,0.0,0.0,0.0,1.0,0,
CUST04087,C03,2023-07-28,14,13,1,6771.65,520.9,40,2.23,17,CAT16,2025-04-14,2025-09-22,8,795,0.0714,0.5,0.2143,0.4615,2,2.5
CUST04088,C01,2023-06-22,2,1,1,1481.80,1481.8,7,6.0,5,CAT14,2025-07-12,2025-07-12,80,831,0.5,0.0,1.0,1.0,0,
CUST04089,C02,2024-09-27,5,4,1,878.40,219.6,11,2.0,5,CAT01,2025-05-10,2025-07-24,68,368,0.2,0.0,0.2,0.5,0,
CUST04090,C02,2024-03-29,1,1,0,836.00,836.0,6,5.0,4,CAT05,2025-07-24,2025-07-24,68,550,0.0,0.0,0.0,0.0,0,
CUST04091,C03,2024-05-11,11,10,0,7114.00,711.4,33,2.2,12,CAT17,2025-04-11,2025-08-29,32,507,0.0,0.0909,0.1818,0.0,1,4.0
CUST04092,C01,2024-02-03,2,2,0,2852.00,1426.0,11,3.0,5,CAT11,2025-08-27,2025-09-02,28,605,0.0,0.0,0.0,0.0,0,
CUST04093,C01,2024-10-09,2,1,1,119.00,119.0,1,1.0,1,CAT08,2025-08-15,2025-08-19,42,356,0.5,1.0,0.0,0.0,1,4.0
CUST04094,C01,2024-08-19,3,3,0,22811.10,7603.7,69,3.33,8,CAT17,2025-05-09,2025-09-10,20,407,0.0,0.0,0.3333,1.0,0,
CUST04095,C02,2024-09-14,1,1,0,818.00,818.0,2,1.0,1,CAT15,2025-04-09,2025-04-09,174,381,0.0,0.0,0.0,0.0,1,5.0
CUST04096,C01,2023-01-20,4,3,1,3543.00,1181.0,18,4.67,8,CAT05,2025-04-14,2025-08-07,54,984,0.25,0.25,0.0,0.0,0,
CUST04097,C02,2024-12-09,0,0,0,0.00,,0,,0,,,,,295,,,,,0,
CUST04098,C03,2025-05-15,3,1,1,544.00,544.0,4,3.0,3,CAT18,2025-05-29,2025-08-23,38,138,0.3333,0.3333,0.3333,0.0,0,
CUST04099,C02,2024-06-03,5,5,0,675.00,135.0,9,1.4,4,CAT10,2025-04-26,2025-09-23,7,484,0.0,0.6,0.4,0.2,0,
CUST04100,C01,2023-03-13,9,7,1,4197.00,599.57,29,3.14,10,CAT16,2025-04-07,2025-09-06,24,932,0.1111,0.0,0.4444,0.0,1,3.0
CUST04101,C02,2024-06-24,12,11,1,2523.80,229.44,31,1.91,9,CAT12,2025-04-25,2025-09-19,11,463,0.0833,0.6667,0.25,0.2727,2,3.5
CUST04102,C03,2023-08-04,3,3,0,2110.00,703.33,7,1.67,4,CAT15,2025-04-11,2025-06-03,119,788,0.0,0.3333,0.3333,0.0,0,
CUST04103,C02,2025-03-16,5,5,0,6076.00,1215.2,23,3.2,9,CAT17,2025-05-09,2025-08-13,48,198,0.0,0.6,0.2,0.0,2,2.5
CUST04104,C03,2025-03-27,2,2,0,835.00,417.5,7,2.5,4,CAT18,2025-04-02,2025-04-25,158,187,0.0,1.0,0.0,0.0,0,
CUST04105,C03,2025-03-29,10,10,0,7431.00,743.1,27,1.7,11,CAT17,2025-04-05,2025-09-16,14,185,0.0,0.2,0.4,0.0,1,2.0
CUST04106,C01,2025-06-24,2,2,0,555.00,277.5,5,2.0,4,CAT12,2025-07-15,2025-09-19,11,98,0.0,0.0,0.0,0.0,0,
CUST04107,C01,2024-01-22,0,0,0,0.00,,0,,0,,,,,617,,,,,0,
CUST04108,C03,2025-03-02,2,0,1,0.00,,0,,0,,2025-05-13,,,212,0.5,1.0,0.0,,0,
CUST04109,C02,2024-02-24,1,0,0,0.00,,0,,0,,2025-08-18,,,584,0.0,1.0,0.0,,0,
CUST04110,C01,2025-02-08,8,6,1,6536.50,1089.42,31,4.33,15,CAT15,2025-04-05,2025-08-23,38,234,0.125,0.0,0.75,0.1667,1,5.0
CUST04111,C01,2024-10-31,5,5,0,9062.60,1812.52,47,6.4,14,CAT10,2025-04-05,2025-08-23,38,334,0.0,0.2,0.6,0.2,1,4.0
CUST04112,C02,2025-03-28,14,10,3,6006.80,600.68,41,3.0,16,CAT05,2025-04-27,2025-09-15,15,186,0.2143,0.0714,0.0714,0.1,1,5.0
CUST04113,C02,2025-04-16,25,24,1,13528.75,563.7,113,3.17,17,CAT11,2025-04-18,2025-09-30,0,167,0.04,0.24,0.36,0.1667,4,3.75
CUST04114,C03,2025-09-24,1,0,1,0.00,,0,,0,,2025-09-29,,,6,1.0,0.0,0.0,,0,
CUST04115,C01,2023-02-27,13,10,3,6868.00,686.8,58,4.0,13,CAT05,2025-04-24,2025-09-01,29,946,0.2308,0.5385,0.1538,0.0,2,3.5
CUST04116,C03,2023-10-09,3,2,0,1909.00,954.5,5,2.0,3,CAT17,2025-05-01,2025-07-14,78,722,0.0,0.3333,0.3333,0.0,1,5.0
CUST04117,C01,2023-03-02,12,10,1,15770.50,1577.05,67,5.3,15,CAT15,2025-04-13,2025-09-06,24,943,0.0833,0.1667,0.6667,0.1,0,
CUST04118,C03,2023-01-31,20,15,3,10063.70,670.91,80,4.0,16,CAT05,2025-04-04,2025-09-12,18,973,0.15,0.2,0.1,0.3333,4,3.75
CUST04119,C02,2024-02-27,7,6,1,10387.55,1731.26,39,5.0,16,CAT17,2025-04-07,2025-06-17,105,581,0.1429,0.2857,0.2857,0.1667,0,
CUST04120,C03,2025-08-11,0,0,0,0.00,,0,,0,,,,,50,,,,,0,
CUST04121,C01,2025-06-29,1,1,0,379.00,379.0,6,2.0,2,CAT09,2025-08-26,2025-08-26,35,93,0.0,0.0,0.0,0.0,1,5.0
CUST04122,C02,2024-04-10,5,5,0,5574.70,1114.94,36,4.8,11,CAT17,2025-04-26,2025-09-08,22,538,0.0,0.2,0.2,0.2,0,
CUST04123,C03,2025-03-26,6,6,0,4336.55,722.76,27,3.17,13,CAT03,2025-04-06,2025-08-24,37,188,0.0,0.1667,0.3333,0.1667,2,3.0
CUST04124,C01,2023-08-29,11,9,1,4535.80,503.98,49,3.33,12,CAT05,2025-04-15,2025-09-18,12,763,0.0909,0.0909,0.1818,0.1111,0,
CUST04125,C02,2023-12-12,10,6,1,5849.00,974.83,23,2.5,9,CAT17,2025-04-11,2025-09-27,3,658,0.1,0.7,0.3,0.0,0,
CUST04126,C01,2025-07-29,1,1,0,905.00,905.0,4,4.0,3,CAT13,2025-09-13,2025-09-13,17,63,0.0,0.0,1.0,0.0,1,5.0
CUST04127,C02,2024-03-29,4,4,0,822.00,205.5,8,1.75,6,CAT08,2025-05-21,2025-09-24,6,550,0.0,0.75,0.0,0.0,0,
CUST04128,C03,2025-06-20,1,1,0,1898.00,1898.0,6,4.0,4,CAT17,2025-07-17,2025-07-17,75,102,0.0,1.0,0.0,0.0,1,5.0
CUST04129,C01,2023-01-09,9,6,1,3841.90,640.32,24,3.17,11,CAT16,2025-05-02,2025-07-23,69,995,0.1111,0.0,0.2222,0.3333,0,
CUST04130,C01,2025-09-28,0,0,0,0.00,,0,,0,,,,,2,,,,,0,
CUST04131,C01,2024-07-03,18,15,3,5428.45,361.9,46,2.27,10,CAT12,2025-04-10,2025-09-22,8,454,0.1667,0.6667,0.3889,0.3333,2,5.0
CUST04132,C01,2023-01-12,0,0,0,0.00,,0,,0,,,,,992,,,,,0,
CUST04133,C03,2025-05-26,8,7,0,4130.25,590.04,31,3.29,12,CAT12,2025-05-26,2025-09-26,4,127,0.0,0.0,0.375,0.2857,2,2.0
CUST04134,C03,2023-10-09,7,6,0,9015.40,1502.57,31,3.5,10,CAT17,2025-04-09,2025-08-30,31,722,0.0,0.2857,0.2857,0.1667,0,
CUST04135,C03,2023-09-07,0,0,0,0.00,,0,,0,,,,,754,,,,,0,
CUST04136,C01,2024-12-17,5,4,1,3646.75,911.69,22,4.0,10,CAT19,2025-04-07,2025-08-24,37,287,0.2,0.2,0.6,0.25,0,
CUST04137,C02,2024-08-24,7,7,0,4249.00,607.0,20,2.57,11,CAT17,2025-04-04,2025-09-21,9,402,0.0,0.2857,0.4286,0.0,0,
CUST04138,C01,2023-05-04,1,1,0,2218.00,2218.0,2,1.0,1,CAT17,2025-08-22,2025-08-22,39,880,0.0,0.0,0.0,0.0,1,3.0
CUST04139,C03,2023-03-19,13,13,0,11005.85,846.6,63,3.23,15,CAT15,2025-04-04,2025-09-23,7,926,0.0,0.0769,0.3077,0.3077,2,4.5
CUST04140,C02,2023-05-01,2,2,0,1553.00,776.5,7,3.0,6,CAT18,2025-07-08,2025-09-14,16,883,0.0,0.0,0.5,0.5,0,
CUST04141,C03,2025-08-19,0,0,0,0.00,,0,,0,,,,,42,,,,,0,
CUST04142,C03,2025-07-07,9,7,2,4246.50,606.64,36,3.57,9,CAT01,2025-07-16,2025-09-26,4,85,0.2222,0.1111,0.1111,0.1429,1,4.0
CUST04143,C01,2025-04-23,5,4,1,1629.55,407.39,10,2.0,7,CAT18,2025-05-20,2025-07-05,87,160,0.2,0.6,0.4,0.5,0,
CUST04144,C01,2023-08-04,3,2,1,2111.00,1055.5,10,4.5,5,CAT10,2025-06-03,2025-09-14,16,788,0.3333,0.0,0.6667,0.0,1,4.0
CUST04145,C02,2024-04-14,9,8,1,11620.70,1452.59,56,4.63,13,CAT13,2025-04-15,2025-08-12,49,534,0.1111,0.2222,0.6667,0.25,1,4.0
CUST04146,C01,2025-06-18,6,6,0,5311.10,885.18,32,4.17,11,CAT05,2025-06-20,2025-09-17,13,104,0.0,0.1667,0.1667,0.3333,1,4.0
CUST04147,C03,2024-02-16,11,10,1,5472.50,547.25,32,2.6,14,CAT17,2025-04-06,2025-08-21,40,592,0.0909,0.9091,0.3636,0.1,1,2.0
CUST04148,C01,2023-08-04,1,1,0,241.00,241.0,1,1.0,1,CAT03,2025-07-05,2025-07-05,87,788,0.0,0.0,1.0,0.0,0,
CUST04149,C01,2023-01-20,23,22,1,19508.00,886.73,79,2.45,15,CAT17,2025-04-01,2025-09-22,8,984,0.0435,0.1304,0.2174,0.0455,3,4.33
CUST04150,C01,2024-01-28,2,2,0,1047.55,523.78,10,3.5,5,CAT15,2025-08-31,2025-09-09,21,611,0.0,0.0,0.5,1.0,0,
CUST04151,C01,2025-05-17,0,0,0,0.00,,0,,0,,,,,136,,,,,0,
CUST04152,C03,2023-02-23,8,8,0,4191.90,523.99,30,2.88,14,CAT05,2025-04-18,2025-09-05,25,950,0.0,0.5,0.125,0.375,0,
CUST04153,C02,2025-03-11,16,15,1,14077.65,938.51,93,4.0,14,CAT01,2025-04-21,2025-09-24,6,203,0.0625,0.125,0.0625,0.3333,4,4.25
CUST04154,C02,2024-08-10,5,4,1,5006.00,1251.5,22,3.5,8,CAT17,2025-04-27,2025-09-14,16,416,0.2,0.2,0.6,0.0,1,5.0
CUST04155,C02,2025-09-17,0,0,0,0.00,,0,,0,,,,,13,,,,,0,
CUST04156,C02,2025-05-06,1,1,0,434.00,434.0,2,2.0,2,CAT05,2025-09-01,2025-09-01,29,147,0.0,0.0,0.0,1.0,0,
CUST04157,C01,2025-08-21,0,0,0,0.00,,0,,0,,,,,40,,,,,0,
CUST04158,C02,2023-07-17,5,4,1,3174.00,793.5,13,2.25,8,CAT17,2025-04-19,2025-07-08,84,806,0.2,0.0,0.4,0.0,0,
CUST04159,C02,2025-04-03,12,9,1,13717.30,1524.14,60,4.78,15,CAT15,2025-04-12,2025-09-08,22,180,0.0833,0.0833,0.4167,0.4444,1,4.0
CUST04160,C01,2024-02-28,21,16,1,9540.00,596.25,76,3.19,15,CAT17,2025-04-06,2025-08-17,44,580,0.0476,0.1429,0.3333,0.125,5,4.2
CUST04161,C02,2025-02-07,2,1,1,38.00,38.0,1,1.0,1,CAT04,2025-05-27,2025-07-15,77,235,0.5,0.5,0.0,0.0,0,
CUST04162,C03,2024-05-11,5,5,0,841.00,168.2,9,1.6,8,CAT13,2025-04-11,2025-09-16,14,507,0.0,0.8,0.2,0.0,1,4.0
CUST04163,C02,2024-04-27,0,0,0,0.00,,0,,0,,,,,521,,,,,0,
CUST04164,C01,2024-02-05,1,1,0,359.00,359.0,2,2.0,2,CAT19,2025-08-01,2025-08-01,60,603,0.0,1.0,0.0,0.0,0,
CUST04165,C03,2024-09-11,0,0,0,0.00,,0,,0,,,,,384,,,,,0,
CUST04166,C01,2025-07-25,1,0,0,0.00,,0,,0,,2025-08-27,,,67,0.0,0.0,0.0,,0,
CUST04167,C02,2024-02-25,7,7,0,9402.50,1343.21,46,4.86,13,CAT15,2025-04-13,2025-09-07,23,583,0.0,0.2857,0.7143,0.1429,1,4.0
CUST04168,C03,2023-08-05,30,28,0,17281.40,617.19,129,3.25,18,CAT05,2025-04-07,2025-09-22,8,787,0.0,0.1667,0.1667,0.25,3,3.67
CUST04169,C03,2023-07-29,9,9,0,5803.30,644.81,47,3.89,11,CAT01,2025-04-11,2025-09-04,26,794,0.0,0.1111,0.2222,0.3333,1,5.0
CUST04170,C02,2025-03-16,2,2,0,1792.00,896.0,8,3.0,4,CAT05,2025-07-06,2025-07-20,72,198,0.0,0.0,1.0,0.0,0,
CUST04171,C02,2025-06-25,1,1,0,1458.00,1458.0,5,4.0,3,CAT05,2025-07-12,2025-07-12,80,97,0.0,1.0,1.0,0.0,0,
CUST04172,C01,2023-07-29,9,8,0,4936.00,617.0,22,2.13,11,CAT18,2025-04-07,2025-09-29,1,794,0.0,0.3333,0.3333,0.0,1,1.0
CUST04173,C03,2025-05-25,3,3,0,2899.40,966.47,16,3.0,7,CAT11,2025-06-25,2025-08-27,34,128,0.0,1.0,0.0,0.3333,0,
CUST04174,C02,2025-01-28,4,4,0,1908.00,477.0,16,1.25,4,CAT12,2025-04-07,2025-07-13,79,245,0.0,1.0,0.25,0.0,1,4.0
CUST04175,C02,2023-09-21,5,4,1,2441.00,610.25,14,2.75,6,CAT05,2025-04-09,2025-07-19,73,740,0.2,0.4,0.2,0.0,1,5.0
CUST04176,C01,2025-02-04,11,11,0,5621.00,511.0,43,3.0,15,CAT01,2025-04-14,2025-09-13,17,238,0.0,0.3636,0.0909,0.0909,1,2.0
CUST04177,C01,2023-06-07,7,7,0,4076.00,582.29,28,2.71,7,CAT12,2025-04-12,2025-08-11,50,846,0.0,1.0,0.5714,0.0,3,2.67
CUST04178,C03,2025-09-14,0,0,0,0.00,,0,,0,,,,,16,,,,,0,
CUST04179,C01,2024-12-14,4,2,2,631.00,315.5,5,2.0,3,CAT07,2025-06-17,2025-09-13,17,290,0.5,0.75,0.75,0.0,0,
CUST04180,C03,2023-05-30,3,2,1,276.50,138.25,2,1.0,2,CAT08,2025-08-08,2025-09-24,6,854,0.3333,0.6667,0.0,0.5,0,
CUST04181,C02,2025-07-29,2,2,0,4333.00,2166.5,13,4.0,7,CAT15,2025-08-14,2025-09-28,2,63,0.0,0.5,0.5,0.0,0,
CUST04182,C03,2024-07-01,1,1,0,2142.90,2142.9,10,4.0,3,CAT05,2025-04-09,2025-04-09,174,456,0.0,0.0,0.0,1.0,0,
CUST04183,C02,2023-11-01,9,9,0,6542.50,726.94,38,3.11,12,CAT05,2025-04-05,2025-09-26,4,699,0.0,0.2222,0.3333,0.1111,4,4.75
CUST04184,C01,2024-12-14,1,1,0,648.00,648.0,5,4.0,4,CAT08,2025-07-11,2025-07-11,81,290,0.0,0.0,0.0,0.0,0,
CUST04185,C02,2023-01-15,5,5,0,6117.80,1223.56,31,4.4,11,CAT17,2025-04-01,2025-08-02,59,989,0.0,0.2,0.6,0.2,1,5.0
CUST04186,C03,2024-01-07,4,4,0,698.00,174.5,11,2.25,8,CAT01,2025-05-09,2025-06-04,118,632,0.0,0.0,0.0,0.0,0,
CUST04187,C01,2025-02-02,2,2,0,1351.00,675.5,7,1.0,1,CAT12,2025-05-22,2025-09-18,12,240,0.0,0.5,0.0,0.0,0,
CUST04188,C02,2023-03-09,19,18,0,3730.10,207.23,50,2.11,15,CAT07,2025-04-12,2025-09-15,15,936,0.0,0.6316,0.5263,0.1667,5,4.4
CUST04189,C01,2024-01-14,4,4,0,10131.20,2532.8,46,7.0,11,CAT15,2025-04-19,2025-07-13,79,625,0.0,0.75,0.75,0.5,2,3.5
CUST04190,C01,2023-08-16,9,8,1,2312.80,289.1,21,2.38,10,CAT17,2025-05-26,2025-09-05,25,776,0.1111,0.2222,0.3333,0.25,1,4.0
CUST04191,C03,2023-02-08,12,11,1,10775.60,979.6,62,4.0,13,CAT17,2025-04-18,2025-09-05,25,965,0.0833,0.0833,0.3333,0.0909,3,3.33
CUST04192,C01,2025-06-16,6,5,0,2833.00,566.6,16,3.2,10,CAT05,2025-06-27,2025-09-13,17,106,0.0,0.3333,0.5,0.2,1,5.0
CUST04193,C01,2024-04-14,1,1,0,114.00,114.0,1,1.0,1,CAT06,2025-07-13,2025-07-13,79,534,0.0,0.0,1.0,0.0,0,
CUST04194,C02,2024-03-22,2,2,0,531.00,265.5,4,1.0,2,CAT14,2025-08-21,2025-09-19,11,557,0.0,0.5,0.0,0.0,1,3.0
CUST04195,C01,2024-01-24,2,2,0,738.65,369.33,9,2.5,4,CAT08,2025-05-03,2025-06-01,121,615,0.0,1.0,1.0,0.5,0,
CUST04196,C02,2024-07-19,8,6,0,5220.00,870.0,28,3.17,10,CAT16,2025-04-20,2025-09-20,10,438,0.0,0.375,0.25,0.0,0,
CUST04197,C01,2023-10-31,2,2,0,2536.20,1268.1,10,3.5,5,CAT15,2025-06-08,2025-08-23,38,700,0.0,0.5,1.0,0.5,0,
CUST04198,C02,2024-11-24,14,11,2,21733.20,1975.75,83,4.64,18,CAT15,2025-05-01,2025-09-07,23,310,0.1429,0.0714,0.5,0.1818,2,4.5
CUST04199,C01,2025-07-03,0,0,0,0.00,,0,,0,,,,,89,,,,,0,
CUST04200,C01,2024-03-30,3,3,0,4234.00,1411.33,16,3.33,8,CAT16,2025-04-30,2025-08-23,38,549,0.0,0.6667,0.3333,0.0,0,
CUST04201,C01,2023-08-21,5,5,0,4452.10,890.42,32,5.0,15,CAT19,2025-05-09,2025-09-24,6,771,0.0,0.0,0.2,0.4,1,4.0
CUST04202,C03,2024-06-19,4,4,0,3877.80,969.45,16,3.0,8,CAT15,2025-04-15,2025-09-21,9,468,0.0,0.0,0.25,0.25,1,3.0
CUST04203,C01,2023-05-31,6,6,0,7825.40,1304.23,42,5.17,15,CAT15,2025-04-13,2025-09-21,9,853,0.0,0.0,1.0,0.1667,0,
CUST04204,C01,2024-01-31,14,14,0,14320.65,1022.9,91,4.0,16,CAT17,2025-04-10,2025-09-15,15,608,0.0,0.1429,0.2143,0.2143,2,2.5
CUST04205,C01,2025-03-19,15,15,0,6584.20,438.95,47,2.33,14,CAT01,2025-04-15,2025-09-30,0,195,0.0,0.3333,0.1333,0.1333,2,5.0
CUST04206,C01,2023-01-06,5,3,2,1285.00,428.33,8,2.67,7,CAT11,2025-04-01,2025-07-07,85,998,0.4,0.2,0.0,0.0,0,
CUST04207,C01,2023-07-14,12,10,0,12622.60,1262.26,60,4.3,13,CAT13,2025-04-02,2025-08-28,33,809,0.0,0.1667,0.5,0.6,1,4.0
CUST04208,C03,2023-01-19,9,8,0,7606.00,950.75,44,3.0,13,CAT19,2025-04-04,2025-09-21,9,985,0.0,0.2222,0.2222,0.0,0,
CUST04209,C02,2023-11-20,12,8,1,4572.45,571.56,49,2.63,12,CAT03,2025-05-03,2025-09-11,19,680,0.0833,0.3333,0.25,0.125,1,1.0
CUST04210,C03,2025-07-07,1,1,0,169.00,169.0,1,1.0,1,CAT13,2025-08-11,2025-08-11,50,85,0.0,0.0,0.0,0.0,0,
CUST04211,C03,2023-02-28,16,16,0,11531.10,720.69,87,3.69,17,CAT05,2025-04-02,2025-09-25,5,945,0.0,0.0625,0.25,0.0625,2,3.5
CUST04212,C03,2025-07-07,1,1,0,835.00,835.0,8,5.0,5,CAT10,2025-08-29,2025-08-29,32,85,0.0,0.0,0.0,0.0,0,
CUST04213,C01,2023-04-17,9,8,1,3653.40,456.68,27,2.63,10,CAT13,2025-04-12,2025-08-10,51,897,0.1111,0.6667,0.4444,0.25,2,4.5
CUST04214,C01,2025-01-15,1,1,0,127.60,127.6,2,2.0,2,CAT14,2025-09-10,2025-09-10,20,258,0.0,1.0,0.0,1.0,0,
CUST04215,C01,2024-05-04,4,3,0,4595.00,1531.67,11,3.0,7,CAT17,2025-04-08,2025-06-16,106,514,0.0,0.0,0.0,0.0,1,1.0
CUST04216,C02,2023-01-12,2,2,0,3982.00,1991.0,13,5.5,7,CAT19,2025-04-29,2025-07-06,86,992,0.0,0.5,0.5,0.0,0,
CUST04217,C03,2023-02-08,11,10,0,8277.00,827.7,58,4.2,17,CAT05,2025-04-15,2025-08-07,54,965,0.0,0.0909,0.0909,0.0,1,5.0
CUST04218,C02,2023-09-16,2,2,0,5768.00,2884.0,20,4.5,6,CAT17,2025-06-01,2025-07-23,69,745,0.0,0.0,0.5,0.5,0,
CUST04219,C01,2024-07-22,8,8,0,1827.00,228.38,24,2.0,9,CAT08,2025-04-17,2025-09-17,13,435,0.0,0.625,0.125,0.0,0,
CUST04220,C02,2023-05-06,8,7,0,6317.00,902.43,36,3.71,13,CAT14,2025-05-21,2025-09-13,17,878,0.0,0.0,0.375,0.4286,2,4.0
CUST04221,C03,2025-05-31,2,2,0,3788.00,1894.0,13,4.5,8,CAT19,2025-09-11,2025-09-29,1,122,0.0,0.0,0.0,0.0,0,
CUST04222,C02,2025-02-20,1,1,0,1812.20,1812.2,4,3.0,3,CAT17,2025-08-13,2025-08-13,48,222,0.0,0.0,0.0,1.0,0,
CUST04223,C03,2023-11-21,4,4,0,2362.80,590.7,15,2.75,9,CAT17,2025-04-01,2025-08-07,54,679,0.0,0.0,0.0,0.5,1,5.0
CUST04224,C03,2024-05-02,2,2,0,435.00,217.5,7,3.0,5,CAT01,2025-05-21,2025-06-08,114,516,0.0,0.5,0.5,0.0,0,
CUST04225,C02,2023-05-29,3,2,1,119.00,59.5,3,1.5,2,CAT09,2025-05-05,2025-05-10,143,855,0.3333,0.6667,0.3333,0.0,0,
CUST04226,C02,2025-07-23,4,4,0,5585.30,1396.33,26,5.5,12,CAT15,2025-08-12,2025-09-19,11,69,0.0,0.0,0.25,0.75,0,
CUST04227,C03,2024-05-14,7,6,1,8030.80,1338.47,26,2.83,9,CAT17,2025-04-01,2025-09-17,13,504,0.1429,0.1429,0.2857,0.1667,1,1.0
CUST04228,C01,2023-01-18,2,2,0,796.80,398.4,5,2.0,3,CAT10,2025-04-27,2025-05-26,127,986,0.0,0.5,0.5,0.5,0,
CUST04229,C02,2025-06-16,11,10,0,7986.00,798.6,55,3.3,14,CAT17,2025-06-22,2025-09-26,4,106,0.0,0.2727,0.3636,0.0,0,
CUST04230,C01,2024-09-27,26,25,0,14996.20,599.85,119,3.36,17,CAT05,2025-04-14,2025-09-30,0,368,0.0,0.1923,0.3077,0.24,4,4.75
CUST04231,C03,2023-04-13,0,0,0,0.00,,0,,0,,,,,901,,,,,0,
CUST04232,C01,2024-01-10,7,7,0,3944.20,563.46,16,2.0,11,CAT17,2025-04-25,2025-08-23,38,629,0.0,0.7143,0.2857,0.2857,1,3.0
CUST04233,C02,2024-11-19,7,6,1,10478.40,1746.4,50,5.5,14,CAT15,2025-05-04,2025-09-22,8,315,0.1429,0.1429,0.4286,0.1667,0,
CUST04234,C02,2025-07-25,0,0,0,0.00,,0,,0,,,,,67,,,,,0,
CUST04235,C01,2025-01-02,5,4,1,1765.60,441.4,11,2.25,8,CAT01,2025-04-18,2025-06-29,93,271,0.2,0.2,0.4,0.25,0,
CUST04236,C01,2024-06-07,1,1,0,1017.00,1017.0,4,4.0,4,CAT17,2025-04-30,2025-04-30,153,480,0.0,0.0,0.0,0.0,0,
CUST04237,C03,2023-01-10,1,1,0,149.00,149.0,1,1.0,1,CAT06,2025-09-03,2025-09-03,27,994,0.0,1.0,0.0,0.0,1,5.0
CUST04238,C03,2025-08-07,1,1,0,2065.00,2065.0,7,5.0,4,CAT17,2025-08-07,2025-08-07,54,54,0.0,0.0,0.0,0.0,0,
CUST04239,C01,2024-09-09,2,2,0,839.40,419.7,4,1.5,2,CAT08,2025-07-15,2025-07-26,66,386,0.0,0.0,0.5,0.5,0,
CUST04240,C02,2025-08-10,5,5,0,1878.00,375.6,19,2.2,9,CAT16,2025-08-10,2025-09-28,2,51,0.0,0.8,0.6,0.0,0,
CUST04241,C02,2025-03-05,18,16,2,16028.25,1001.77,59,2.94,15,CAT17,2025-04-10,2025-08-30,31,209,0.1111,0.2778,0.1667,0.0625,2,3.0
CUST04242,C03,2023-12-25,5,5,0,5472.90,1094.58,29,4.6,11,CAT05,2025-05-09,2025-09-21,9,645,0.0,0.4,0.6,0.4,0,
CUST04243,C02,2024-07-15,2,2,0,1437.20,718.6,10,4.0,6,CAT05,2025-07-07,2025-07-31,61,442,0.0,0.5,0.0,0.5,0,
CUST04244,C01,2024-05-13,11,10,1,5250.20,525.02,31,2.1,11,CAT17,2025-04-04,2025-09-23,7,505,0.0909,0.4545,0.2727,0.1,2,4.0
CUST04245,C03,2025-03-18,7,5,0,8606.00,1721.2,49,6.2,15,CAT14,2025-04-12,2025-09-17,13,196,0.0,0.4286,0.7143,0.4,1,5.0
CUST04246,C03,2025-09-07,1,1,0,1012.00,1012.0,7,4.0,3,CAT01,2025-09-23,2025-09-23,7,23,0.0,0.0,0.0,0.0,0,
CUST04247,C01,2024-01-21,4,4,0,8136.60,2034.15,37,6.25,10,CAT15,2025-07-22,2025-09-28,2,618,0.0,0.0,0.75,0.5,0,
CUST04248,C03,2025-01-02,14,13,0,14130.00,1086.92,66,4.08,18,CAT15,2025-04-25,2025-09-23,7,271,0.0,0.2857,0.5714,0.0,5,4.4
CUST04249,C03,2023-04-12,5,5,0,8524.60,1704.92,41,4.6,11,CAT15,2025-04-20,2025-09-28,2,902,0.0,0.2,0.6,0.6,1,2.0
CUST04250,C02,2023-12-17,0,0,0,0.00,,0,,0,,,,,653,,,,,0,
CUST04251,C02,2025-07-31,2,2,0,1761.60,880.8,11,3.0,5,CAT14,2025-09-02,2025-09-06,24,61,0.0,0.5,0.5,0.5,0,
CUST04252,C02,2023-09-08,11,9,2,8225.40,913.93,43,2.89,13,CAT05,2025-04-07,2025-09-13,17,753,0.1818,0.0909,0.1818,0.1111,3,2.67
CUST04253,C02,2023-11-15,5,5,0,3416.00,683.2,23,2.6,10,CAT20,2025-05-03,2025-09-07,23,685,0.0,0.6,0.6,0.0,1,4.0
CUST04254,C03,2024-05-02,9,8,0,6620.00,827.5,40,3.38,12,CAT05,2025-04-02,2025-09-27,3,516,0.0,0.1111,0.3333,0.0,2,3.0
CUST04255,C01,2025-04-03,2,2,0,1693.70,846.85,13,4.5,6,CAT03,2025-04-15,2025-07-06,86,180,0.0,0.0,0.5,1.0,0,
CUST04256,C02,2024-12-06,7,7,0,2176.00,310.86,21,2.57,9,CAT12,2025-05-01,2025-09-17,13,298,0.0,0.5714,0.2857,0.0,1,5.0
CUST04257,C01,2023-08-25,1,1,0,1097.00,1097.0,6,4.0,4,CAT05,2025-04-06,2025-04-06,177,767,0.0,0.0,1.0,0.0,0,
CUST04258,C02,2024-08-18,9,9,0,7292.50,810.28,38,3.33,15,CAT05,2025-04-12,2025-08-15,46,408,0.0,0.2222,0.2222,0.2222,3,4.67
CUST04259,C01,2023-05-06,4,3,0,661.40,220.47,5,1.0,3,CAT01,2025-05-10,2025-09-03,27,878,0.0,0.0,0.5,0.3333,0,
CUST04260,C02,2023-11-25,10,9,1,14362.45,1595.83,74,5.0,17,CAT16,2025-04-13,2025-09-08,22,675,0.1,0.0,0.6,0.2222,3,4.33
CUST04261,C02,2025-03-05,14,14,0,9216.15,658.3,52,2.64,15,CAT11,2025-04-03,2025-09-27,3,209,0.0,0.2143,0.3571,0.2857,2,4.0
CUST04262,C03,2024-03-20,16,13,2,8768.80,674.52,55,3.15,14,CAT03,2025-04-30,2025-09-12,18,559,0.125,0.125,0.3125,0.1538,4,3.5
CUST04263,C02,2023-04-27,3,3,0,2845.00,948.33,11,2.67,7,CAT17,2025-06-18,2025-08-30,31,887,0.0,0.3333,0.6667,0.0,0,
CUST04264,C03,2024-04-23,6,5,0,1337.70,267.54,9,1.6,8,CAT12,2025-04-21,2025-09-26,4,525,0.0,0.1667,0.3333,0.4,1,5.0
CUST04265,C03,2023-04-22,8,7,1,7601.25,1085.89,38,4.43,14,CAT11,2025-05-08,2025-08-18,43,892,0.125,0.25,0.25,0.2857,0,
CUST04266,C01,2024-04-27,2,2,0,1891.20,945.6,9,4.0,8,CAT17,2025-08-17,2025-09-02,28,521,0.0,0.5,0.5,0.5,0,
CUST04267,C01,2024-05-20,20,18,2,5646.10,313.67,47,1.83,14,CAT12,2025-04-04,2025-08-28,33,498,0.1,0.8,0.15,0.0556,0,
CUST04268,C02,2023-11-07,6,6,0,4625.00,770.83,22,2.33,11,CAT16,2025-04-26,2025-09-26,4,693,0.0,0.0,0.3333,0.3333,1,3.0
CUST04269,C02,2023-04-10,7,6,0,4939.00,823.17,29,3.67,9,CAT17,2025-05-03,2025-08-15,46,904,0.0,0.1429,0.4286,0.0,2,4.0
CUST04270,C01,2024-08-19,2,1,0,684.20,684.2,6,5.0,5,CAT19,2025-04-05,2025-04-23,160,407,0.0,0.0,0.5,1.0,0,
CUST04271,C01,2023-12-26,2,2,0,2585.80,1292.9,7,2.5,5,CAT16,2025-07-11,2025-08-11,50,644,0.0,0.0,0.0,0.5,0,
CUST04272,C01,2023-01-07,13,13,0,6556.90,504.38,50,2.77,16,CAT12,2025-04-10,2025-09-17,13,997,0.0,0.7692,0.2308,0.3077,2,4.5
CUST04273,C01,2025-01-06,3,3,0,512.00,170.67,6,2.0,4,CAT12,2025-05-23,2025-09-13,17,267,0.0,0.3333,0.3333,0.0,1,5.0
CUST04274,C03,2025-03-19,1,1,0,711.00,711.0,1,1.0,1,CAT17,2025-09-12,2025-09-12,18,195,0.0,1.0,0.0,0.0,0,
CUST04275,C02,2023-04-03,6,4,1,3566.00,891.5,22,3.25,9,CAT05,2025-04-14,2025-09-25,5,911,0.1667,0.3333,0.1667,0.0,0,
CUST04276,C01,2025-07-02,1,1,0,447.00,447.0,3,3.0,3,CAT13,2025-09-21,2025-09-21,9,90,0.0,1.0,1.0,0.0,0,
CUST04277,C02,2023-05-07,2,1,0,1560.00,1560.0,7,4.0,4,CAT14,2025-07-09,2025-07-09,83,877,0.0,0.5,0.0,0.0,1,1.0
CUST04278,C02,2025-06-13,12,12,0,33519.40,2793.28,143,5.67,18,CAT15,2025-06-15,2025-09-17,13,109,0.0,0.1667,0.4167,0.25,2,4.5
CUST04279,C02,2025-08-20,1,1,0,638.00,638.0,2,1.0,1,CAT13,2025-09-27,2025-09-27,3,41,0.0,0.0,1.0,0.0,0,
CUST04280,C03,2024-09-24,2,2,0,2884.00,1442.0,8,2.5,4,CAT15,2025-05-12,2025-09-13,17,371,0.0,0.5,0.5,0.0,0,
CUST04281,C01,2024-01-06,6,5,0,9585.00,1917.0,29,4.0,9,CAT17,2025-06-03,2025-09-11,19,633,0.0,0.3333,0.3333,0.0,3,2.33
CUST04282,C01,2025-08-17,2,2,0,1365.20,682.6,16,4.0,6,CAT11,2025-09-05,2025-09-21,9,44,0.0,0.0,0.5,0.5,0,
CUST04283,C02,2024-07-23,7,5,1,7994.50,1598.9,35,4.4,10,CAT15,2025-05-10,2025-09-29,1,434,0.1429,0.0,0.7143,0.2,1,5.0
CUST04284,C03,2024-08-04,0,0,0,0.00,,0,,0,,,,,422,,,,,0,
CUST04285,C01,2023-10-07,5,5,0,5649.10,1129.82,30,4.0,13,CAT15,2025-06-28,2025-09-07,23,724,0.0,0.0,0.8,0.2,1,5.0
CUST04286,C03,2025-04-10,1,1,0,45.60,45.6,2,1.0,1,CAT06,2025-07-28,2025-07-28,64,173,0.0,1.0,0.0,1.0,0,
CUST04287,C01,2024-07-26,15,14,1,6694.75,478.2,63,3.14,13,CAT05,2025-04-27,2025-09-30,0,431,0.0667,0.1333,0.3333,0.2857,5,3.2
CUST04288,C03,2023-04-15,7,5,1,11349.20,2269.84,46,6.4,11,CAT15,2025-06-08,2025-09-27,3,899,0.1429,0.0,0.5714,0.4,0,
CUST04289,C02,2024-07-21,5,5,0,1023.00,204.6,8,1.2,4,CAT12,2025-06-12,2025-09-17,13,436,0.0,0.2,0.2,0.0,0,
CUST04290,C02,2025-01-16,2,2,0,1612.50,806.25,11,3.5,7,CAT05,2025-07-02,2025-08-25,36,257,0.0,0.0,0.0,1.0,1,2.0
CUST04291,C01,2023-10-23,22,20,0,16931.50,846.58,85,3.3,17,CAT17,2025-04-18,2025-09-27,3,708,0.0,0.0909,0.2273,0.35,6,4.33
CUST04292,C02,2024-11-29,5,5,0,1902.20,380.44,13,2.0,5,CAT12,2025-06-02,2025-09-12,18,305,0.0,0.6,0.2,0.4,1,4.0
CUST04293,C01,2023-11-19,6,5,0,4209.60,841.92,12,2.2,8,CAT17,2025-04-12,2025-09-28,2,681,0.0,0.5,0.3333,0.2,0,
CUST04294,C01,2023-08-02,2,2,0,2382.00,1191.0,12,3.5,6,CAT18,2025-04-21,2025-05-16,137,790,0.0,0.0,0.0,0.0,1,5.0
CUST04295,C02,2025-07-22,2,2,0,714.00,357.0,7,3.0,6,CAT16,2025-08-18,2025-08-18,43,70,0.0,0.0,0.0,0.0,1,5.0
CUST04296,C03,2025-04-02,1,0,0,0.00,,0,,0,,2025-07-22,,,181,0.0,0.0,0.0,,0,
CUST04297,C02,2024-02-05,10,10,0,9282.05,928.21,40,2.6,13,CAT15,2025-05-03,2025-09-20,10,603,0.0,0.3,0.7,0.3,0,
CUST04298,C01,2025-09-02,0,0,0,0.00,,0,,0,,,,,28,,,,,0,
CUST04299,C01,2024-02-28,3,3,0,2700.00,900.0,9,2.0,5,CAT15,2025-04-06,2025-08-23,38,580,0.0,0.0,0.6667,0.0,0,
CUST04300,C02,2024-10-25,0,0,0,0.00,,0,,0,,,,,340,,,,,0,
CUST04301,C02,2024-07-24,14,12,1,20124.60,1677.05,86,5.0,18,CAT15,2025-04-12,2025-09-19,11,433,0.0714,0.1429,0.5714,0.1667,0,
CUST04302,C02,2023-09-13,3,3,0,3725.00,1241.67,21,5.33,7,CAT15,2025-08-29,2025-09-21,9,748,0.0,0.3333,0.6667,0.0,1,4.0
CUST04303,C03,2023-11-27,6,6,0,13553.35,2258.89,48,5.0,14,CAT15,2025-04-06,2025-06-27,95,673,0.0,0.1667,0.3333,0.5,0,
CUST04304,C02,2024-03-06,8,8,0,7360.00,920.0,30,2.5,9,CAT17,2025-04-11,2025-09-24,6,573,0.0,0.0,0.25,0.0,0,
CUST04305,C02,2023-10-04,10,8,1,4481.50,560.19,40,3.5,12,CAT01,2025-04-05,2025-09-20,10,727,0.1,0.3,0.3,0.125,2,2.0
CUST04306,C01,2023-12-12,5,5,0,3184.00,636.8,22,3.2,10,CAT16,2025-04-22,2025-09-10,20,658,0.0,0.4,0.4,0.0,0,
CUST04307,C01,2025-02-13,0,0,0,0.00,,0,,0,,,,,229,,,,,0,
CUST04308,C02,2023-06-23,6,4,2,1444.50,361.13,15,3.25,6,CAT01,2025-04-06,2025-07-29,63,830,0.3333,0.0,0.3333,0.25,1,4.0
CUST04309,C03,2023-03-06,4,4,0,1905.00,476.25,14,2.25,7,CAT16,2025-05-19,2025-08-22,39,939,0.0,1.0,0.0,0.0,1,3.0
CUST04310,C01,2024-07-20,1,1,0,392.00,392.0,2,2.0,1,CAT19,2025-07-12,2025-07-12,80,437,0.0,1.0,1.0,0.0,0,
CUST04311,C01,2024-11-23,10,9,0,2745.20,305.02,27,2.11,9,CAT01,2025-04-10,2025-08-02,59,311,0.0,0.5,0.4,0.3333,1,5.0
CUST04312,C01,2024-03-28,6,5,1,2367.00,473.4,22,2.8,10,CAT03,2025-05-20,2025-08-25,36,551,0.1667,0.3333,0.1667,0.4,0,
CUST04313,C02,2025-07-05,0,0,0,0.00,,0,,0,,,,,87,,,,,0,
CUST04314,C02,2025-01-02,9,8,1,6301.00,787.63,38,3.25,14,CAT05,2025-04-11,2025-09-23,7,271,0.1111,0.2222,0.2222,0.0,2,2.0
CUST04315,C03,2024-07-29,9,8,1,10661.50,1332.69,51,5.13,13,CAT15,2025-04-13,2025-08-30,31,428,0.1111,0.2222,0.5556,0.125,0,
CUST04316,C03,2023-10-23,4,2,2,924.00,462.0,4,1.5,3,CAT13,2025-04-26,2025-05-10,143,708,0.5,0.75,0.75,0.0,0,
CUST04317,C03,2023-06-07,8,6,2,6273.00,1045.5,40,4.67,12,CAT05,2025-04-04,2025-08-26,35,846,0.25,0.125,0.125,0.0,1,5.0
CUST04318,C01,2023-05-02,12,10,2,7283.70,728.37,51,3.0,13,CAT05,2025-04-07,2025-09-30,0,882,0.1667,0.1667,0.3333,0.2,0,
CUST04319,C01,2023-01-25,6,6,0,6476.80,1079.47,39,5.0,14,CAT14,2025-05-09,2025-09-17,13,979,0.0,0.1667,0.1667,0.1667,1,5.0
CUST04320,C01,2024-02-14,3,3,0,2093.00,697.67,14,2.33,6,CAT15,2025-05-21,2025-08-08,53,594,0.0,0.0,0.0,0.0,2,4.5
CUST04321,C01,2025-06-03,2,1,1,1462.00,1462.0,6,6.0,5,CAT14,2025-06-13,2025-06-19,103,119,0.5,0.5,0.0,0.0,0,
CUST04322,C03,2023-11-02,0,0,0,0.00,,0,,0,,,,,698,,,,,0,
CUST04323,C01,2025-07-14,1,1,0,119.00,119.0,1,1.0,1,CAT08,2025-08-05,2025-08-05,56,78,0.0,1.0,0.0,0.0,0,
CUST04324,C01,2024-05-23,5,5,0,1080.00,216.0,9,1.6,6,CAT13,2025-04-06,2025-07-22,70,495,0.0,0.2,0.2,0.0,0,
CUST04325,C03,2025-07-30,3,3,0,4228.00,1409.33,21,4.67,9,CAT10,2025-08-22,2025-08-31,30,62,0.0,0.3333,0.3333,0.3333,1,3.0
CUST04326,C01,2023-06-13,1,1,0,1491.40,1491.4,6,4.0,4,CAT10,2025-06-11,2025-06-11,111,840,0.0,0.0,0.0,1.0,0,
CUST04327,C03,2025-03-09,1,0,1,0.00,,0,,0,,2025-06-22,,,205,1.0,0.0,1.0,,0,
CUST04328,C01,2024-09-10,0,0,0,0.00,,0,,0,,,,,385,,,,,0,
CUST04329,C01,2023-07-28,2,2,0,3375.00,1687.5,9,3.5,6,CAT15,2025-06-21,2025-09-27,3,795,0.0,0.5,1.0,0.0,0,
CUST04330,C03,2023-04-30,3,3,0,771.00,257.0,10,1.67,3,CAT02,2025-06-18,2025-08-29,32,884,0.0,0.3333,0.3333,0.0,1,5.0
CUST04331,C01,2023-05-11,1,1,0,984.00,984.0,5,4.0,4,CAT17,2025-07-14,2025-07-14,78,873,0.0,0.0,0.0,0.0,0,
CUST04332,C03,2023-01-27,9,7,2,3807.00,543.86,30,2.57,12,CAT03,2025-04-12,2025-09-10,20,977,0.2222,0.0,0.4444,0.0,0,
CUST04333,C02,2025-04-18,3,3,0,5712.40,1904.13,23,6.0,8,CAT15,2025-04-23,2025-05-17,136,165,0.0,0.3333,0.3333,0.3333,0,
CUST04334,C02,2024-02-29,8,7,0,987.85,141.12,13,1.43,6,CAT12,2025-07-02,2025-09-11,19,579,0.0,0.625,0.125,0.1429,0,
CUST04335,C02,2025-02-14,6,5,1,1321.00,264.2,8,1.6,7,CAT12,2025-05-12,2025-09-25,5,228,0.1667,0.8333,0.3333,0.0,0,
CUST04336,C01,2023-09-20,6,5,0,2654.00,530.8,19,2.4,10,CAT19,2025-07-10,2025-09-14,16,741,0.0,0.1667,0.3333,0.0,0,
CUST04337,C03,2025-09-16,1,1,0,3034.00,3034.0,13,8.0,5,CAT15,2025-09-20,2025-09-20,10,14,0.0,0.0,1.0,0.0,1,3.0
CUST04338,C02,2024-08-12,9,7,1,6536.00,933.71,43,4.43,13,CAT05,2025-04-03,2025-09-27,3,414,0.1111,0.0,0.4444,0.1429,2,4.0
CUST04339,C03,2023-03-19,4,4,0,3949.00,987.25,17,2.75,8,CAT19,2025-06-11,2025-08-17,44,926,0.0,0.25,0.5,0.0,1,4.0
CUST04340,C03,2023-10-31,2,2,0,2810.00,1405.0,7,3.0,6,CAT16,2025-08-26,2025-08-26,35,700,0.0,0.0,0.0,0.0,1,3.0
CUST04341,C02,2024-09-11,3,3,0,2141.25,713.75,13,3.0,9,CAT15,2025-06-03,2025-08-16,45,384,0.0,0.0,0.3333,0.6667,1,2.0
CUST04342,C02,2024-07-01,12,12,0,6946.55,578.88,41,2.33,16,CAT08,2025-04-05,2025-09-26,4,456,0.0,0.5833,0.3333,0.1667,2,2.5
CUST04343,C03,2023-11-04,5,3,0,4241.55,1413.85,19,4.67,9,CAT10,2025-05-09,2025-09-25,5,696,0.0,0.2,0.6,0.3333,0,
CUST04344,C03,2023-11-21,9,7,1,2918.00,416.86,23,2.14,9,CAT01,2025-04-14,2025-09-26,4,679,0.1111,0.5556,0.4444,0.0,0,
CUST04345,C03,2024-01-03,4,4,0,771.00,192.75,7,1.5,5,CAT15,2025-05-14,2025-09-17,13,636,0.0,1.0,0.25,0.0,1,2.0
CUST04346,C03,2024-02-22,18,18,0,8083.30,449.07,55,2.06,13,CAT08,2025-04-03,2025-09-27,3,586,0.0,0.6667,0.2222,0.0556,3,4.67
CUST04347,C01,2025-09-21,0,0,0,0.00,,0,,0,,,,,9,,,,,0,
CUST04348,C02,2024-11-10,1,1,0,1382.55,1382.55,6,5.0,5,CAT15,2025-05-16,2025-05-16,137,324,0.0,0.0,0.0,1.0,1,2.0
CUST04349,C03,2025-01-27,8,7,1,4394.00,627.71,22,2.29,7,CAT17,2025-05-15,2025-09-19,11,246,0.125,0.75,0.0,0.0,0,
CUST04350,C02,2025-04-09,5,4,0,6989.00,1747.25,31,5.5,11,CAT10,2025-05-25,2025-09-24,6,174,0.0,0.2,0.6,0.0,2,3.0
CUST04351,C02,2023-01-12,5,5,0,6430.10,1286.02,35,5.2,12,CAT05,2025-04-08,2025-07-23,69,992,0.0,0.2,0.4,0.2,0,
CUST04352,C03,2025-04-16,12,10,2,13989.00,1398.9,63,4.1,13,CAT05,2025-04-27,2025-09-14,16,167,0.1667,0.0833,0.6667,0.2,0,
CUST04353,C01,2024-03-21,5,5,0,3286.80,657.36,19,2.4,8,CAT13,2025-04-15,2025-09-02,28,558,0.0,0.4,0.4,0.4,0,
CUST04354,C03,2024-10-31,7,7,0,17004.50,2429.21,77,7.43,14,CAT15,2025-05-18,2025-09-27,3,334,0.0,0.1429,0.5714,0.1429,2,5.0
CUST04355,C03,2024-04-26,5,5,0,6812.50,1362.5,36,5.2,13,CAT05,2025-04-03,2025-08-26,35,522,0.0,0.0,0.4,0.4,1,5.0
CUST04356,C01,2025-08-10,1,1,0,2636.00,2636.0,14,7.0,6,CAT05,2025-09-07,2025-09-07,23,51,0.0,0.0,1.0,0.0,0,
CUST04357,C02,2024-06-08,3,3,0,2448.80,816.27,10,2.33,7,CAT19,2025-05-07,2025-08-24,37,479,0.0,0.3333,0.3333,0.3333,1,5.0
CUST04358,C03,2024-01-21,12,12,0,5028.00,419.0,35,2.25,13,CAT16,2025-04-12,2025-09-24,6,618,0.0,0.5833,0.1667,0.0833,1,4.0
CUST04359,C02,2024-11-10,5,3,1,1662.00,554.0,13,3.33,4,CAT01,2025-05-18,2025-09-11,19,324,0.2,0.2,0.6,0.0,1,5.0
CUST04360,C03,2024-11-03,5,5,0,1187.40,237.48,14,1.8,5,CAT12,2025-04-14,2025-07-31,61,331,0.0,0.6,0.2,0.2,0,
CUST04361,C03,2023-12-25,1,1,0,471.00,471.0,3,3.0,3,CAT10,2025-08-03,2025-08-03,58,645,0.0,0.0,1.0,0.0,0,
CUST04362,C03,2023-06-01,2,2,0,1139.00,569.5,8,2.5,5,CAT19,2025-04-02,2025-04-09,174,852,0.0,0.0,0.0,0.0,0,
CUST04363,C01,2025-09-07,0,0,0,0.00,,0,,0,,,,,23,,,,,0,
CUST04364,C03,2025-06-04,1,1,0,139.00,139.0,1,1.0,1,CAT08,2025-06-26,2025-06-26,96,118,0.0,0.0,0.0,0.0,0,
CUST04365,C02,2024-02-12,4,3,1,1469.20,489.73,8,2.33,6,CAT17,2025-04-07,2025-09-01,29,596,0.25,0.0,0.25,0.3333,1,4.0
CUST04366,C03,2023-02-08,5,5,0,10332.40,2066.48,43,5.6,12,CAT05,2025-04-14,2025-09-10,20,965,0.0,0.2,0.2,0.8,0,
CUST04367,C01,2025-06-14,0,0,0,0.00,,0,,0,,,,,108,,,,,0,
CUST04368,C02,2025-09-25,0,0,0,0.00,,0,,0,,,,,5,,,,,0,
CUST04369,C03,2025-03-23,5,5,0,549.00,109.8,8,1.2,6,CAT04,2025-04-26,2025-08-15,46,191,0.0,0.6,0.2,0.0,1,4.0
CUST04370,C02,2025-05-05,2,2,0,160.00,80.0,4,1.5,3,CAT06,2025-08-26,2025-09-27,3,148,0.0,0.5,0.5,0.0,0,
CUST04371,C02,2025-06-05,3,2,0,477.20,238.6,6,2.5,4,CAT06,2025-06-28,2025-09-29,1,117,0.0,0.6667,0.3333,0.5,0,
CUST04372,C02,2023-07-09,0,0,0,0.00,,0,,0,,,,,814,,,,,0,
CUST04373,C03,2023-01-21,8,8,0,10450.25,1306.28,49,4.5,14,CAT13,2025-04-04,2025-08-16,45,983,0.0,0.375,0.625,0.125,3,3.67
CUST04374,C01,2025-06-25,3,3,0,2222.00,740.67,15,4.0,9,CAT13,2025-07-09,2025-09-03,27,97,0.0,0.0,0.0,0.3333,3,3.33
CUST04375,C01,2024-06-07,10,8,1,6405.00,800.63,34,3.75,14,CAT17,2025-04-04,2025-09-26,4,480,0.1,0.2,0.3,0.0,3,4.33
CUST04376,C01,2025-09-18,2,2,0,2154.00,1077.0,6,1.0,2,CAT14,2025-09-28,2025-09-29,1,12,0.0,0.0,0.5,0.0,0,
CUST04377,C03,2023-03-30,12,12,0,4717.70,393.14,34,2.17,10,CAT05,2025-04-05,2025-08-26,35,915,0.0,0.3333,0.5,0.0833,2,4.0
CUST04378,C03,2024-06-11,8,8,0,3546.00,443.25,26,2.75,7,CAT17,2025-04-03,2025-09-28,2,476,0.0,0.125,0.625,0.0,3,4.33
CUST04379,C01,2025-07-01,10,9,1,8232.10,914.68,57,4.33,13,CAT05,2025-07-01,2025-09-24,6,91,0.1,0.1,0.2,0.2222,0,
CUST04380,C01,2025-06-28,1,1,0,823.00,823.0,2,2.0,2,CAT17,2025-08-06,2025-08-06,55,94,0.0,1.0,0.0,0.0,0,
CUST04381,C03,2024-12-05,7,6,1,6176.05,1029.34,21,2.5,11,CAT16,2025-05-21,2025-08-29,32,299,0.1429,0.2857,0.1429,0.1667,0,
CUST04382,C02,2025-07-26,3,2,0,923.00,461.5,4,1.5,3,CAT17,2025-09-07,2025-09-30,0,66,0.0,0.6667,0.3333,0.0,0,
CUST04383,C02,2023-11-26,3,3,0,2981.00,993.67,12,2.67,8,CAT17,2025-06-15,2025-07-30,62,674,0.0,0.0,0.3333,0.0,0,
CUST04384,C03,2023-11-07,5,5,0,1493.00,298.6,12,2.2,8,CAT12,2025-06-13,2025-08-26,35,693,0.0,0.6,0.2,0.0,1,4.0
CUST04385,C02,2024-01-14,2,2,0,1697.55,848.78,9,3.5,6,CAT17,2025-05-03,2025-06-18,104,625,0.0,0.5,0.5,0.5,0,
CUST04386,C03,2023-05-22,11,10,0,6004.50,600.45,45,3.3,13,CAT01,2025-04-02,2025-08-31,30,862,0.0,0.0909,0.3636,0.1,1,3.0
CUST04387,C01,2023-04-30,7,6,1,2041.00,340.17,18,1.67,7,CAT12,2025-04-11,2025-09-30,0,884,0.1429,0.7143,0.1429,0.0,0,
CUST04388,C02,2024-07-01,6,5,1,2927.00,585.4,13,1.8,6,CAT17,2025-05-04,2025-09-22,8,456,0.1667,0.8333,0.3333,0.0,1,4.0
CUST04389,C01,2024-04-13,4,4,0,4414.20,1103.55,20,3.75,11,CAT15,2025-05-22,2025-09-29,1,535,0.0,0.5,0.25,0.25,0,
CUST04390,C02,2023-10-03,2,2,0,2650.20,1325.1,15,4.5,7,CAT13,2025-06-29,2025-08-31,30,728,0.0,1.0,1.0,0.5,0,
CUST04391,C02,2025-06-23,2,2,0,3103.00,1551.5,18,6.0,9,CAT13,2025-07-10,2025-08-06,55,99,0.0,0.0,0.0,0.0,0,
CUST04392,C02,2024-09-27,2,2,0,555.55,277.78,6,2.0,4,CAT18,2025-05-04,2025-07-08,84,368,0.0,0.0,0.5,0.5,0,
CUST04393,C02,2023-03-31,3,2,1,2763.00,1381.5,13,4.5,8,CAT15,2025-04-16,2025-09-01,29,914,0.3333,0.3333,0.0,0.0,0,
CUST04394,C02,2023-11-12,1,1,0,1411.00,1411.0,8,7.0,4,CAT13,2025-05-03,2025-05-03,150,688,0.0,0.0,1.0,0.0,0,
CUST04395,C03,2025-01-02,3,3,0,2422.80,807.6,13,3.0,7,CAT10,2025-05-05,2025-09-04,26,271,0.0,0.6667,0.0,0.3333,0,
CUST04396,C03,2025-02-14,3,3,0,4107.00,1369.0,18,5.33,6,CAT15,2025-07-01,2025-09-21,9,228,0.0,0.0,0.3333,0.0,0,
CUST04397,C03,2024-12-18,10,10,0,14856.75,1485.68,60,4.8,15,CAT14,2025-04-05,2025-09-19,11,286,0.0,0.0,0.5,0.1,1,5.0
CUST04398,C02,2023-01-22,10,8,2,3159.60,394.95,20,1.88,9,CAT12,2025-04-11,2025-09-17,13,982,0.2,0.8,0.3,0.125,1,2.0
CUST04399,C02,2025-02-10,3,3,0,1111.00,370.33,7,2.0,2,CAT08,2025-05-03,2025-09-25,5,232,0.0,1.0,0.6667,0.0,0,
CUST04400,C03,2023-07-30,7,6,1,3808.00,634.67,14,1.83,10,CAT16,2025-04-12,2025-09-16,14,793,0.1429,0.5714,0.2857,0.0,2,2.5
CUST04401,C01,2024-05-19,10,10,0,3878.80,387.88,24,1.9,10,CAT17,2025-04-24,2025-09-09,21,499,0.0,0.7,0.4,0.2,0,
CUST04402,C03,2024-12-12,15,14,1,4135.20,295.37,33,1.93,11,CAT12,2025-04-05,2025-09-06,24,292,0.0667,0.6667,0.2,0.0714,1,5.0
CUST04403,C03,2025-04-13,2,2,0,767.00,383.5,8,2.5,5,CAT12,2025-04-29,2025-08-09,52,170,0.0,0.0,0.5,0.5,1,5.0
CUST04404,C02,2025-09-20,0,0,0,0.00,,0,,0,,,,,10,,,,,0,
CUST04405,C02,2023-09-29,7,6,1,2976.20,496.03,25,2.83,9,CAT05,2025-04-22,2025-08-22,39,732,0.1429,0.1429,0.1429,0.3333,1,4.0
CUST04406,C01,2025-09-09,1,1,0,3089.00,3089.0,8,5.0,5,CAT17,2025-09-22,2025-09-22,8,21,0.0,0.0,0.0,0.0,0,
CUST04407,C01,2023-04-12,3,3,0,913.00,304.33,6,1.67,4,CAT12,2025-05-04,2025-09-02,28,902,0.0,0.6667,0.3333,0.3333,1,5.0
CUST04408,C03,2024-05-31,8,8,0,4483.90,560.49,34,3.5,13,CAT19,2025-04-18,2025-09-29,1,487,0.0,0.125,0.25,0.25,2,5.0
CUST04409,C02,2023-10-12,2,2,0,39.90,19.95,1,0.5,1,CAT06,2025-04-04,2025-07-24,68,719,0.0,1.0,0.0,0.5,0,
CUST04410,C02,2025-02-13,2,2,0,4617.20,2308.6,20,7.5,11,CAT14,2025-06-09,2025-07-05,87,229,0.0,0.0,0.5,0.5,1,4.0
CUST04411,C03,2023-09-22,3,3,0,4966.20,1655.4,11,2.33,6,CAT17,2025-04-01,2025-07-24,68,739,0.0,0.3333,0.3333,0.3333,1,3.0
CUST04412,C02,2024-08-21,4,3,0,1797.00,599.0,14,3.0,7,CAT18,2025-04-26,2025-07-05,87,405,0.0,1.0,0.5,0.3333,3,3.33
CUST04413,C02,2025-08-15,5,5,0,2864.10,572.82,20,2.6,7,CAT08,2025-08-21,2025-09-29,1,46,0.0,0.6,0.0,0.2,1,5.0
CUST04414,C03,2025-06-07,20,18,0,13494.80,749.71,99,3.72,15,CAT01,2025-06-18,2025-09-12,18,115,0.0,0.15,0.2,0.1667,2,4.5
CUST04415,C01,2024-11-27,15,10,0,6635.80,663.58,43,3.2,12,CAT15,2025-04-08,2025-09-22,8,307,0.0,0.0667,0.1333,0.3,4,5.0
CUST04416,C01,2024-12-17,0,0,0,0.00,,0,,0,,,,,287,,,,,0,
CUST04417,C01,2023-02-13,2,1,1,671.00,671.0,4,4.0,3,CAT05,2025-08-25,2025-09-11,19,960,0.5,0.0,0.0,0.0,0,
CUST04418,C01,2023-12-20,3,3,0,6142.00,2047.33,21,5.67,10,CAT19,2025-04-06,2025-08-14,47,650,0.0,0.0,0.3333,0.3333,0,
CUST04419,C01,2024-01-01,3,2,1,503.00,251.5,7,2.5,5,CAT20,2025-05-09,2025-07-01,91,638,0.3333,0.0,0.3333,0.0,0,
CUST04420,C02,2024-05-05,9,8,1,2605.05,325.63,21,2.13,12,CAT17,2025-04-06,2025-09-26,4,513,0.1111,1.0,0.3333,0.25,1,1.0
CUST04421,C02,2024-08-28,3,3,0,1868.00,622.67,9,2.0,5,CAT15,2025-04-01,2025-09-25,5,398,0.0,0.3333,0.0,0.0,0,
CUST04422,C02,2023-04-04,3,2,1,1047.00,523.5,5,2.0,4,CAT19,2025-04-06,2025-05-17,136,910,0.3333,0.3333,0.6667,0.0,0,
CUST04423,C01,2024-01-12,0,0,0,0.00,,0,,0,,,,,627,,,,,0,
CUST04424,C03,2023-10-29,5,5,0,801.00,160.2,9,1.6,5,CAT03,2025-05-05,2025-09-14,16,702,0.0,0.4,0.2,0.0,1,4.0
CUST04425,C03,2025-06-08,4,3,0,1464.00,488.0,16,3.67,6,CAT18,2025-06-08,2025-09-09,21,114,0.0,0.0,0.25,0.3333,0,
CUST04426,C03,2024-03-17,20,19,0,13519.00,711.53,105,3.58,18,CAT05,2025-04-11,2025-09-07,23,562,0.0,0.2,0.2,0.3158,2,3.5
CUST04427,C01,2025-05-09,21,18,2,13956.55,775.36,79,3.33,16,CAT05,2025-05-15,2025-08-23,38,144,0.0952,0.0952,0.2381,0.1667,2,4.5
CUST04428,C01,2023-06-09,7,6,1,7318.00,1219.67,27,3.0,11,CAT17,2025-05-12,2025-09-24,6,844,0.1429,0.2857,0.1429,0.0,2,4.5
CUST04429,C02,2023-01-05,8,7,1,2185.50,312.21,18,1.86,10,CAT08,2025-04-19,2025-09-25,5,999,0.125,0.875,0.125,0.1429,2,4.0
CUST04430,C03,2024-11-11,6,5,1,3523.70,704.74,25,4.0,10,CAT01,2025-04-11,2025-09-16,14,323,0.1667,0.1667,0.5,0.6,0,
CUST04431,C01,2025-02-05,2,1,1,781.00,781.0,8,6.0,6,CAT14,2025-08-09,2025-09-21,9,237,0.5,0.0,1.0,0.0,0,
CUST04432,C01,2025-05-07,3,3,0,1018.00,339.33,9,1.67,5,CAT15,2025-06-21,2025-09-21,9,146,0.0,0.3333,0.6667,0.0,1,5.0
CUST04433,C02,2025-04-28,0,0,0,0.00,,0,,0,,,,,155,,,,,0,
CUST04434,C03,2024-08-08,1,1,0,449.00,449.0,3,2.0,2,CAT12,2025-07-17,2025-07-17,75,418,0.0,0.0,0.0,0.0,0,
CUST04435,C03,2024-09-04,9,9,0,10697.00,1188.56,47,4.0,14,CAT15,2025-04-12,2025-07-28,64,391,0.0,0.0,0.6667,0.0,4,3.5
CUST04436,C01,2023-09-30,5,5,0,6760.20,1352.04,17,2.2,6,CAT17,2025-04-25,2025-09-08,22,731,0.0,0.2,0.0,0.2,0,
CUST04437,C03,2023-01-06,9,8,1,6424.65,803.08,34,3.13,12,CAT17,2025-05-04,2025-08-16,45,998,0.1111,0.1111,0.3333,0.25,0,
CUST04438,C03,2025-03-29,11,11,0,6994.40,635.85,51,2.82,13,CAT17,2025-04-13,2025-09-13,17,185,0.0,0.8182,0.3636,0.1818,4,3.25
CUST04439,C03,2023-12-22,5,5,0,8579.20,1715.84,38,5.8,14,CAT15,2025-04-19,2025-09-14,16,648,0.0,0.0,0.6,0.4,1,5.0
CUST04440,C03,2024-12-08,5,4,0,6970.20,1742.55,31,4.75,12,CAT15,2025-04-16,2025-06-26,96,296,0.0,0.2,0.2,0.25,0,
CUST04441,C02,2023-01-01,7,4,2,3038.00,759.5,24,4.0,7,CAT05,2025-04-06,2025-09-18,12,1003,0.2857,0.1429,0.5714,0.0,0,
CUST04442,C03,2023-03-18,5,3,0,2187.00,729.0,15,3.67,8,CAT15,2025-04-10,2025-04-22,161,927,0.0,0.2,0.2,0.0,0,
CUST04443,C02,2024-11-18,4,3,1,2322.20,774.07,12,3.0,6,CAT15,2025-04-25,2025-09-28,2,316,0.25,0.0,0.25,0.3333,0,
CUST04444,C02,2025-06-16,2,1,0,679.00,679.0,10,5.0,4,CAT10,2025-07-28,2025-07-28,64,106,0.0,0.0,0.0,0.0,0,
CUST04445,C01,2023-03-11,3,2,0,4399.00,2199.5,20,6.0,8,CAT15,2025-04-12,2025-07-19,73,934,0.0,0.0,1.0,0.0,0,
CUST04446,C01,2025-07-29,0,0,0,0.00,,0,,0,,,,,63,,,,,0,
CUST04447,C02,2024-05-29,3,3,0,1688.20,562.73,11,2.67,6,CAT05,2025-06-19,2025-09-17,13,489,0.0,0.0,0.3333,0.3333,0,
CUST04448,C02,2023-05-04,6,6,0,6014.45,1002.41,44,5.17,13,CAT03,2025-04-26,2025-09-26,4,880,0.0,0.1667,0.1667,0.3333,1,4.0
CUST04449,C03,2024-12-13,5,4,1,1221.00,305.25,15,2.25,5,CAT12,2025-04-07,2025-07-30,62,291,0.2,0.4,0.2,0.0,0,
CUST04450,C02,2025-09-10,0,0,0,0.00,,0,,0,,,,,20,,,,,0,
CUST04451,C01,2023-08-26,1,1,0,3335.00,3335.0,10,7.0,4,CAT14,2025-06-28,2025-06-28,94,766,0.0,0.0,1.0,0.0,0,
CUST04452,C02,2025-06-14,1,1,0,1512.00,1512.0,10,7.0,7,CAT05,2025-07-27,2025-07-27,65,108,0.0,1.0,1.0,0.0,0,
CUST04453,C03,2024-06-02,8,6,1,2028.00,338.0,20,2.83,11,CAT10,2025-05-20,2025-09-22,8,485,0.125,0.0,0.25,0.0,1,4.0
CUST04454,C03,2025-08-29,0,0,0,0.00,,0,,0,,,,,32,,,,,0,
CUST04455,C01,2023-01-06,2,1,0,1492.20,1492.2,5,4.0,4,CAT17,2025-04-13,2025-06-06,116,998,0.0,0.0,0.5,1.0,0,
CUST04456,C02,2025-08-14,1,1,0,910.00,910.0,4,3.0,3,CAT19,2025-08-22,2025-08-22,39,47,0.0,0.0,0.0,0.0,1,2.0
CUST04457,C03,2024-09-06,6,5,0,1191.25,238.25,17,2.2,8,CAT10,2025-04-21,2025-09-28,2,389,0.0,0.8333,0.3333,0.4,1,5.0
CUST04458,C02,2025-01-18,11,10,1,4258.40,425.84,31,2.2,14,CAT08,2025-04-04,2025-09-07,23,255,0.0909,0.9091,0.2727,0.1,1,4.0
CUST04459,C03,2024-04-09,4,4,0,2408.00,602.0,12,2.25,6,CAT03,2025-04-07,2025-07-05,87,539,0.0,0.5,0.5,0.0,1,5.0
CUST04460,C01,2025-05-29,2,2,0,450.00,225.0,4,2.0,3,CAT12,2025-07-24,2025-09-05,25,124,0.0,0.5,0.0,0.0,2,3.5
CUST04461,C01,2024-02-25,6,5,0,5176.00,1035.2,25,3.2,8,CAT01,2025-04-10,2025-08-13,48,583,0.0,0.1667,0.1667,0.0,3,3.33
CUST04462,C01,2025-06-22,7,7,0,2019.40,288.49,13,1.57,8,CAT01,2025-06-29,2025-09-16,14,100,0.0,0.7143,0.2857,0.2857,0,
CUST04463,C01,2023-11-06,3,2,1,4660.00,2330.0,12,3.5,5,CAT15,2025-06-15,2025-08-27,34,694,0.3333,0.0,0.6667,0.0,0,
CUST04464,C02,2023-08-21,6,5,1,4531.00,906.2,25,3.8,10,CAT03,2025-04-09,2025-09-19,11,771,0.1667,0.3333,0.3333,0.0,0,
CUST04465,C02,2025-03-18,4,4,0,1384.00,346.0,14,2.5,8,CAT08,2025-06-28,2025-09-17,13,196,0.0,0.75,0.25,0.0,1,4.0
CUST04466,C03,2025-01-15,1,1,0,1184.00,1184.0,4,3.0,3,CAT17,2025-07-11,2025-07-11,81,258,0.0,0.0,0.0,0.0,0,
CUST04467,C02,2025-04-13,12,11,0,3601.00,327.36,29,1.82,6,CAT08,2025-04-22,2025-08-24,37,170,0.0,0.6667,0.3333,0.0,2,4.5
CUST04468,C03,2023-12-09,6,5,0,1645.60,329.12,15,2.0,8,CAT12,2025-05-11,2025-09-03,27,661,0.0,0.6667,0.5,0.2,1,4.0
CUST04469,C01,2025-09-06,2,2,0,1382.20,691.1,11,3.5,7,CAT19,2025-09-06,2025-09-21,9,24,0.0,0.5,1.0,0.5,0,
CUST04470,C03,2024-02-05,25,24,0,13066.85,544.45,82,2.71,15,CAT05,2025-04-01,2025-09-16,14,603,0.0,0.28,0.48,0.25,4,4.25
CUST04471,C01,2024-10-07,1,1,0,1011.00,1011.0,8,6.0,5,CAT19,2025-06-18,2025-06-18,104,358,0.0,1.0,0.0,0.0,0,
CUST04472,C02,2023-12-11,0,0,0,0.00,,0,,0,,,,,659,,,,,0,
CUST04473,C02,2025-07-24,2,2,0,836.00,418.0,7,2.5,5,CAT03,2025-08-10,2025-09-19,11,68,0.0,0.5,0.5,0.0,0,
CUST04474,C02,2023-05-27,1,1,0,490.00,490.0,2,1.0,1,CAT08,2025-09-24,2025-09-24,6,857,0.0,0.0,0.0,0.0,0,
CUST04475,C02,2025-08-11,3,2,1,1714.00,857.0,13,4.0,5,CAT08,2025-08-11,2025-09-18,12,50,0.3333,0.0,0.3333,0.0,0,
CUST04476,C01,2024-08-20,6,4,1,1102.00,275.5,11,2.5,8,CAT10,2025-06-12,2025-07-15,77,406,0.1667,0.0,0.3333,0.25,0,
CUST04477,C01,2023-11-23,8,7,1,4252.25,607.46,25,2.71,10,CAT17,2025-04-04,2025-08-24,37,677,0.125,0.125,0.25,0.1429,0,
CUST04478,C01,2024-01-11,1,1,0,1262.00,1262.0,6,4.0,2,CAT05,2025-04-28,2025-04-28,155,628,0.0,0.0,0.0,0.0,1,5.0
CUST04479,C03,2024-10-25,6,6,0,6948.60,1158.1,38,4.5,10,CAT13,2025-04-12,2025-09-14,16,340,0.0,0.3333,0.6667,0.3333,2,4.5
CUST04480,C02,2023-06-06,6,6,0,3312.50,552.08,18,2.33,10,CAT15,2025-04-08,2025-08-12,49,847,0.0,0.1667,0.3333,0.1667,1,4.0
CUST04481,C03,2024-04-01,0,0,0,0.00,,0,,0,,,,,547,,,,,0,
CUST04482,C03,2025-08-10,2,2,0,1871.50,935.75,11,3.5,5,CAT05,2025-09-03,2025-09-26,4,51,0.0,0.5,0.0,0.5,2,4.5
CUST04483,C01,2023-05-22,2,2,0,437.00,218.5,3,1.5,3,CAT13,2025-04-12,2025-04-29,154,862,0.0,0.0,0.5,0.0,0,
CUST04484,C02,2025-04-27,2,2,0,2104.10,1052.05,7,2.5,4,CAT13,2025-05-29,2025-07-13,79,156,0.0,0.0,0.5,0.5,1,5.0
CUST04485,C01,2024-10-07,4,2,2,2965.40,1482.7,15,6.5,7,CAT05,2025-04-24,2025-08-20,41,358,0.5,0.0,0.5,0.5,0,
CUST04486,C02,2025-01-17,12,9,1,3479.15,386.57,23,2.11,10,CAT05,2025-04-26,2025-09-30,0,256,0.0833,0.0,0.0833,0.4444,0,
CUST04487,C02,2023-04-21,7,6,1,2230.20,371.7,14,1.67,6,CAT12,2025-04-14,2025-09-07,23,893,0.1429,0.8571,0.2857,0.1667,1,4.0
CUST04488,C02,2025-09-11,1,1,0,44.00,44.0,1,1.0,1,CAT09,2025-09-18,2025-09-18,12,19,0.0,0.0,0.0,0.0,0,
CUST04489,C01,2023-09-11,7,6,1,2448.20,408.03,14,2.0,9,CAT18,2025-04-02,2025-09-22,8,750,0.1429,0.5714,0.0,0.3333,3,3.67
CUST04490,C02,2023-09-02,18,17,0,7531.60,443.04,56,2.41,13,CAT01,2025-04-19,2025-09-15,15,759,0.0,0.0556,0.3333,0.1176,3,3.67
CUST04491,C02,2023-11-09,2,2,0,1416.00,708.0,5,2.5,4,CAT17,2025-05-15,2025-09-29,1,691,0.0,0.0,0.0,0.0,0,
CUST04492,C02,2023-04-10,5,4,1,3686.00,921.5,19,3.0,9,CAT19,2025-06-08,2025-08-25,36,904,0.2,0.2,0.4,0.0,1,3.0
CUST04493,C03,2023-09-28,8,6,1,2499.50,416.58,25,3.17,10,CAT04,2025-05-07,2025-09-09,21,733,0.125,0.125,0.125,0.1667,0,
CUST04494,C01,2024-03-18,5,5,0,1455.00,291.0,7,1.4,5,CAT17,2025-04-04,2025-09-16,14,561,0.0,0.2,0.0,0.0,0,
CUST04495,C03,2024-07-11,3,3,0,2452.30,817.43,12,2.67,5,CAT17,2025-06-24,2025-08-15,46,446,0.0,0.0,0.3333,0.6667,1,5.0
CUST04496,C03,2024-11-10,8,6,2,4241.90,706.98,24,3.0,7,CAT01,2025-04-10,2025-09-29,1,324,0.25,0.125,0.125,0.3333,1,4.0
CUST04497,C01,2025-05-28,1,1,0,3385.00,3385.0,12,8.0,6,CAT14,2025-06-24,2025-06-24,98,125,0.0,0.0,0.0,0.0,0,
CUST04498,C01,2024-05-06,5,5,0,2951.00,590.2,17,2.2,8,CAT08,2025-06-15,2025-09-30,0,512,0.0,0.8,0.2,0.0,0,
CUST04499,C01,2024-10-01,6,5,1,2417.20,483.44,26,3.4,10,CAT06,2025-05-23,2025-09-23,7,364,0.1667,0.1667,0.1667,0.2,2,2.5
CUST04500,C01,2023-04-21,8,8,0,5120.30,640.04,32,3.13,11,CAT05,2025-04-17,2025-09-08,22,893,0.0,0.25,0.25,0.375,0,
CUST04501,C01,2024-03-16,9,8,1,9212.10,1151.51,40,2.75,16,CAT17,2025-04-01,2025-09-30,0,563,0.1111,0.3333,0.3333,0.125,1,5.0
CUST04502,C03,2024-08-08,2,2,0,221.00,110.5,4,2.0,3,CAT09,2025-05-13,2025-07-23,69,418,0.0,1.0,0.0,0.0,0,
CUST04503,C01,2024-01-24,3,3,0,1351.00,450.33,12,2.33,5,CAT06,2025-04-01,2025-08-07,54,615,0.0,1.0,0.0,0.0,0,
CUST04504,C03,2023-09-05,2,2,0,2126.00,1063.0,9,4.5,6,CAT17,2025-04-25,2025-07-10,82,756,0.0,0.0,0.0,0.0,0,
CUST04505,C03,2025-01-08,18,17,1,17257.00,1015.12,73,2.82,17,CAT17,2025-04-18,2025-09-25,5,265,0.0556,0.1111,0.3333,0.0588,0,
CUST04506,C01,2023-03-15,12,10,1,3681.45,368.15,32,2.6,13,CAT11,2025-04-22,2025-08-05,56,930,0.0833,0.0833,0.0833,0.2,6,4.17
CUST04507,C01,2024-09-26,6,6,0,10264.00,1710.67,39,4.5,12,CAT10,2025-05-20,2025-09-13,17,369,0.0,0.0,0.6667,0.0,1,5.0
CUST04508,C03,2024-08-20,6,6,0,6501.00,1083.5,29,3.0,10,CAT15,2025-04-17,2025-09-21,9,406,0.0,0.5,0.3333,0.1667,0,
CUST04509,C01,2024-05-02,7,7,0,2904.00,414.86,22,2.29,9,CAT15,2025-04-02,2025-09-05,25,516,0.0,0.7143,0.1429,0.0,1,5.0
CUST04510,C01,2024-01-27,4,4,0,665.40,166.35,9,1.75,6,CAT18,2025-04-01,2025-09-19,11,612,0.0,0.5,0.0,0.25,2,3.5
CUST04511,C03,2023-09-19,14,12,1,9281.15,773.43,41,2.33,16,CAT15,2025-04-06,2025-08-16,45,742,0.0714,0.1429,0.3571,0.3333,2,3.0
CUST04512,C03,2024-09-07,7,7,0,9404.50,1343.5,43,4.29,14,CAT14,2025-05-10,2025-09-27,3,388,0.0,0.0,0.2857,0.1429,2,3.0
CUST04513,C02,2024-03-24,5,4,1,3590.00,897.5,16,2.5,8,CAT18,2025-05-02,2025-07-25,67,555,0.2,0.0,0.0,0.0,0,
CUST04514,C03,2024-03-07,7,5,1,2303.50,460.7,15,2.6,9,CAT15,2025-05-09,2025-08-08,53,572,0.1429,0.7143,0.2857,0.2,0,
CUST04515,C01,2024-12-26,9,9,0,18404.90,2044.99,69,5.22,16,CAT16,2025-04-23,2025-09-22,8,278,0.0,0.0,0.6667,0.1111,0,
CUST04516,C02,2023-07-05,7,5,0,1987.00,397.4,20,3.0,10,CAT03,2025-05-25,2025-08-21,40,818,0.0,0.1429,0.4286,0.2,1,4.0
CUST04517,C03,2025-07-06,1,1,0,666.00,666.0,3,3.0,3,CAT13,2025-08-23,2025-08-23,38,86,0.0,0.0,1.0,0.0,1,3.0
CUST04518,C02,2024-05-03,4,4,0,2807.20,701.8,20,3.25,8,CAT12,2025-04-11,2025-09-02,28,515,0.0,1.0,0.25,0.75,0,
CUST04519,C02,2023-08-26,24,20,2,15324.25,766.21,87,3.1,17,CAT05,2025-04-07,2025-09-21,9,766,0.0833,0.125,0.1667,0.25,3,2.33
CUST04520,C02,2025-08-24,2,2,0,3278.00,1639.0,20,6.5,10,CAT19,2025-08-30,2025-09-06,24,37,0.0,0.5,1.0,0.0,1,5.0
CUST04521,C02,2024-02-05,3,3,0,4651.60,1550.53,33,6.67,10,CAT10,2025-06-18,2025-09-20,10,603,0.0,0.0,0.6667,0.6667,0,
CUST04522,C03,2023-08-02,4,4,0,8076.10,2019.03,34,6.75,8,CAT14,2025-07-19,2025-09-20,10,790,0.0,0.5,0.5,0.25,2,5.0
CUST04523,C01,2025-06-05,8,8,0,5514.40,689.3,36,3.38,12,CAT17,2025-06-25,2025-09-18,12,117,0.0,0.125,0.25,0.5,2,4.0
CUST04524,C02,2025-04-30,5,5,0,7615.80,1523.16,32,3.6,11,CAT05,2025-05-11,2025-09-11,19,153,0.0,0.2,0.2,0.6,0,
CUST04525,C03,2025-05-17,9,7,0,3010.55,430.08,31,3.29,8,CAT05,2025-05-23,2025-09-08,22,136,0.0,0.2222,0.2222,0.2857,2,4.5
CUST04526,C02,2025-07-31,11,9,1,5707.00,634.11,35,2.67,10,CAT17,2025-08-03,2025-09-30,0,61,0.0909,0.2727,0.1818,0.1111,2,4.5
CUST04527,C03,2023-06-18,4,4,0,3368.15,842.04,18,2.5,8,CAT13,2025-06-19,2025-09-12,18,835,0.0,0.0,0.0,0.25,1,4.0
CUST04528,C03,2024-07-26,13,10,0,6797.70,679.77,41,2.5,10,CAT17,2025-04-05,2025-08-26,35,431,0.0,0.5385,0.2308,0.2,2,3.5
CUST04529,C01,2025-03-01,19,18,0,36555.25,2030.85,158,5.44,18,CAT15,2025-04-02,2025-09-29,1,213,0.0,0.3158,0.4737,0.1111,2,3.0
CUST04530,C03,2025-01-07,3,3,0,2189.20,729.73,10,3.33,6,CAT15,2025-04-16,2025-08-24,37,266,0.0,0.3333,0.3333,0.3333,1,4.0
CUST04531,C03,2023-03-30,0,0,0,0.00,,0,,0,,,,,915,,,,,0,
CUST04532,C01,2025-03-03,1,1,0,1731.00,1731.0,10,7.0,6,CAT14,2025-04-13,2025-04-13,170,211,0.0,0.0,1.0,0.0,0,
CUST04533,C02,2025-06-17,4,3,1,1301.50,433.83,15,3.33,6,CAT13,2025-06-23,2025-09-04,26,105,0.25,0.25,0.5,0.3333,0,
CUST04534,C02,2024-12-11,10,8,1,2710.45,338.81,21,1.88,10,CAT05,2025-06-14,2025-08-30,31,293,0.1,0.7,0.4,0.25,1,5.0
CUST04535,C01,2023-07-16,2,2,0,481.60,240.8,5,2.0,4,CAT17,2025-04-12,2025-07-29,63,807,0.0,0.5,0.5,0.5,1,1.0
CUST04536,C02,2023-02-25,26,25,1,23094.80,923.79,121,3.44,17,CAT01,2025-04-07,2025-09-24,6,948,0.0385,0.1538,0.2308,0.24,2,4.0
CUST04537,C03,2024-08-19,14,13,1,15825.00,1217.31,51,2.85,11,CAT17,2025-04-12,2025-09-14,16,407,0.0714,0.2143,0.3571,0.0,3,3.0
CUST04538,C01,2025-05-18,6,6,0,9791.00,1631.83,44,5.33,12,CAT15,2025-05-31,2025-08-03,58,135,0.0,0.3333,0.8333,0.0,0,
CUST04539,C02,2024-09-17,3,3,0,1609.30,536.43,11,2.67,7,CAT12,2025-04-16,2025-07-30,62,378,0.0,0.0,0.0,0.6667,1,4.0
CUST04540,C03,2025-05-17,10,10,0,6336.30,633.63,50,3.2,13,CAT17,2025-05-26,2025-09-26,4,136,0.0,0.0,0.2,0.3,3,4.33
CUST04541,C02,2025-07-22,6,6,0,9177.00,1529.5,32,3.33,12,CAT15,2025-07-28,2025-09-23,7,70,0.0,0.3333,0.1667,0.1667,0,
CUST04542,C02,2025-02-03,5,3,1,992.90,330.97,9,2.33,6,CAT15,2025-05-03,2025-09-11,19,239,0.2,0.0,0.6,0.3333,1,1.0
CUST04543,C01,2024-07-10,9,9,0,3949.00,438.78,32,2.44,10,CAT15,2025-05-15,2025-09-05,25,447,0.0,0.6667,0.1111,0.2222,1,3.0
CUST04544,C01,2025-01-09,18,16,1,22939.30,1433.71,112,4.75,17,CAT15,2025-04-05,2025-09-19,11,264,0.0556,0.2778,0.6667,0.125,2,4.5
CUST04545,C02,2024-12-16,4,4,0,1280.10,320.03,8,1.75,7,CAT12,2025-04-18,2025-07-23,69,288,0.0,0.75,0.0,0.5,2,4.0
CUST04546,C01,2023-02-22,2,2,0,2404.30,1202.15,9,4.0,6,CAT17,2025-05-30,2025-07-28,64,951,0.0,0.0,0.0,1.0,0,
CUST04547,C03,2025-01-10,7,7,0,4096.50,585.21,30,3.57,10,CAT05,2025-06-22,2025-09-24,6,263,0.0,0.1429,0.2857,0.2857,1,4.0
CUST04548,C01,2025-03-09,19,17,0,17923.50,1054.32,86,3.59,17,CAT18,2025-04-03,2025-09-26,4,205,0.0,0.1579,0.1053,0.2353,1,4.0
CUST04549,C01,2024-08-27,8,8,0,4778.50,597.31,37,3.38,13,CAT15,2025-04-15,2025-09-30,0,399,0.0,0.125,0.25,0.375,0,
CUST04550,C02,2024-06-17,3,2,0,4360.30,2180.15,13,5.5,9,CAT17,2025-04-04,2025-05-29,124,470,0.0,0.3333,0.3333,0.5,1,2.0
CUST04551,C03,2023-04-22,22,18,1,27747.10,1541.51,133,5.56,20,CAT15,2025-04-19,2025-09-21,9,892,0.0455,0.1364,0.5909,0.3333,4,3.5
CUST04552,C01,2024-02-14,1,1,0,458.00,458.0,4,3.0,3,CAT08,2025-09-03,2025-09-03,27,594,0.0,0.0,0.0,1.0,0,
CUST04553,C02,2024-06-28,5,4,1,5551.20,1387.8,25,3.5,8,CAT19,2025-04-16,2025-08-06,55,459,0.2,0.2,0.2,0.25,0,
CUST04554,C01,2023-10-31,9,9,0,1301.20,144.58,18,1.22,7,CAT06,2025-04-06,2025-08-13,48,700,0.0,0.5556,0.3333,0.1111,0,
CUST04555,C03,2024-06-06,0,0,0,0.00,,0,,0,,,,,481,,,,,0,
CUST04556,C01,2023-02-28,3,2,1,611.20,305.6,4,2.0,3,CAT08,2025-06-19,2025-09-17,13,945,0.3333,0.3333,0.0,0.5,0,
CUST04557,C01,2025-06-20,1,0,1,0.00,,0,,0,,2025-09-14,,,102,1.0,0.0,1.0,,0,
CUST04558,C02,2025-01-19,14,11,3,3784.80,344.07,31,2.27,11,CAT17,2025-04-17,2025-09-28,2,254,0.2143,0.7143,0.2143,0.0909,5,4.4
CUST04559,C03,2023-09-07,13,10,3,6556.40,655.64,37,2.8,15,CAT03,2025-05-29,2025-09-25,5,754,0.2308,0.2308,0.0769,0.2,2,4.0
CUST04560,C01,2023-11-08,4,4,0,7520.40,1880.1,29,4.75,11,CAT05,2025-05-14,2025-09-28,2,692,0.0,0.25,0.75,0.25,0,
CUST04561,C02,2024-08-15,5,5,0,8421.20,1684.24,38,5.4,11,CAT14,2025-04-05,2025-09-19,11,411,0.0,0.2,0.6,0.2,1,4.0
CUST04562,C03,2024-10-03,11,10,0,3956.70,395.67,29,2.0,10,CAT16,2025-04-01,2025-09-30,0,362,0.0,0.8182,0.0909,0.3,1,4.0
CUST04563,C03,2025-09-16,0,0,0,0.00,,0,,0,,,,,14,,,,,0,
CUST04564,C01,2023-07-11,11,10,0,6260.65,626.07,38,2.6,16,CAT10,2025-05-18,2025-09-26,4,812,0.0,0.4545,0.4545,0.5,5,3.6
CUST04565,C02,2023-11-02,2,2,0,2955.00,1477.5,12,3.5,7,CAT17,2025-08-01,2025-09-23,7,698,0.0,0.0,0.0,0.0,0,
CUST04566,C01,2024-11-30,17,14,2,11350.00,810.71,73,3.64,17,CAT17,2025-04-01,2025-09-30,0,304,0.1176,0.1176,0.2353,0.2143,2,5.0
CUST04567,C01,2023-12-14,4,4,0,3031.00,757.75,13,2.25,6,CAT16,2025-06-08,2025-09-26,4,656,0.0,0.0,0.5,0.0,0,
CUST04568,C02,2025-06-23,5,5,0,4694.30,938.86,30,4.4,12,CAT03,2025-06-29,2025-09-17,13,99,0.0,0.4,0.2,0.6,0,
CUST04569,C03,2024-11-03,6,5,1,6515.90,1303.18,29,4.2,10,CAT15,2025-04-11,2025-07-20,72,331,0.1667,0.1667,0.5,0.2,0,
CUST04570,C03,2025-07-11,5,4,0,4496.00,1124.0,19,3.25,9,CAT08,2025-07-22,2025-09-21,9,81,0.0,0.8,0.6,0.0,0,
CUST04571,C02,2024-06-08,19,18,1,5234.30,290.79,51,2.11,13,CAT12,2025-04-05,2025-09-28,2,479,0.0526,0.7368,0.1579,0.0556,2,4.5
CUST04572,C01,2024-12-30,4,4,0,9789.60,2447.4,33,5.5,10,CAT10,2025-04-09,2025-09-28,2,274,0.0,0.5,0.25,0.25,0,
CUST04573,C03,2023-04-19,9,8,0,3851.95,481.49,24,2.38,13,CAT13,2025-05-03,2025-08-25,36,895,0.0,0.2222,0.5556,1.0,1,4.0
CUST04574,C02,2024-12-08,1,1,0,294.00,294.0,1,1.0,1,CAT15,2025-07-18,2025-07-18,74,296,0.0,0.0,0.0,0.0,0,
CUST04575,C03,2025-02-05,1,1,0,44.00,44.0,1,1.0,1,CAT09,2025-07-10,2025-07-10,82,237,0.0,0.0,0.0,0.0,0,
CUST04576,C03,2024-08-26,10,10,0,10597.00,1059.7,57,3.9,15,CAT17,2025-04-08,2025-09-30,0,400,0.0,0.3,0.2,0.2,0,
CUST04577,C03,2023-03-09,22,20,2,11699.05,584.95,90,3.3,17,CAT01,2025-05-04,2025-09-30,0,936,0.0909,0.1364,0.0909,0.25,3,4.0
CUST04578,C02,2023-05-30,4,4,0,2297.40,574.35,13,2.0,8,CAT12,2025-04-29,2025-09-11,19,854,0.0,0.5,0.0,0.5,0,
CUST04579,C01,2025-09-30,0,0,0,0.00,,0,,0,,,,,0,,,,,0,
CUST04580,C02,2024-07-08,2,2,0,2189.00,1094.5,8,3.5,7,CAT11,2025-07-16,2025-09-07,23,449,0.0,0.0,0.5,0.0,0,
CUST04581,C02,2023-02-16,0,0,0,0.00,,0,,0,,,,,957,,,,,0,
CUST04582,C02,2023-10-05,15,15,0,19700.00,1313.33,60,2.93,15,CAT17,2025-04-02,2025-08-23,38,726,0.0,0.4,0.3333,0.0,1,5.0
CUST04583,C03,2025-01-16,6,6,0,7086.60,1181.1,37,4.17,12,CAT17,2025-04-08,2025-09-03,27,257,0.0,0.3333,0.1667,0.1667,2,3.5
CUST04584,C02,2023-08-24,8,7,1,7060.00,1008.57,45,4.43,15,CAT17,2025-04-01,2025-09-29,1,768,0.125,0.125,0.0,0.0,0,
CUST04585,C03,2023-07-24,5,5,0,5330.90,1066.18,25,3.2,10,CAT15,2025-07-26,2025-09-26,4,799,0.0,0.4,0.4,0.4,1,4.0
CUST04586,C01,2024-04-26,8,7,1,3453.60,493.37,26,2.29,7,CAT12,2025-04-11,2025-09-09,21,522,0.125,0.625,0.25,0.2857,2,4.5
CUST04587,C02,2025-06-16,1,1,0,905.00,905.0,6,6.0,6,CAT14,2025-09-02,2025-09-02,28,106,0.0,0.0,0.0,0.0,0,
CUST04588,C01,2024-09-26,3,3,0,3119.00,1039.67,22,5.33,9,CAT05,2025-04-14,2025-06-24,98,369,0.0,0.3333,0.0,0.0,0,
CUST04589,C02,2025-04-24,2,2,0,640.00,320.0,6,3.0,6,CAT03,2025-04-26,2025-09-03,27,159,0.0,0.0,0.5,0.0,1,4.0
CUST04590,C02,2025-01-27,6,5,0,2539.00,507.8,13,2.0,8,CAT17,2025-04-11,2025-09-18,12,246,0.0,0.5,0.1667,0.0,0,
CUST04591,C02,2025-03-01,6,3,3,917.00,305.67,7,2.0,5,CAT03,2025-04-05,2025-06-07,115,213,0.5,0.1667,0.5,0.0,0,
CUST04592,C02,2024-02-19,5,4,1,2462.00,615.5,17,4.0,7,CAT01,2025-04-06,2025-09-06,24,589,0.2,0.4,1.0,0.0,0,
CUST04593,C03,2024-06-18,11,10,0,14872.90,1487.29,77,5.5,15,CAT10,2025-04-10,2025-09-27,3,469,0.0,0.0909,0.4545,0.5,1,5.0
CUST04594,C01,2024-10-17,6,6,0,1515.20,252.53,11,1.17,6,CAT12,2025-06-07,2025-09-21,9,348,0.0,0.6667,0.5,0.1667,1,4.0
CUST04595,C03,2024-03-28,4,4,0,1056.15,264.04,9,2.25,6,CAT05,2025-04-21,2025-09-05,25,551,0.0,0.5,0.0,0.25,2,4.0
CUST04596,C03,2024-02-25,7,7,0,4134.50,590.64,38,3.71,9,CAT15,2025-04-23,2025-08-26,35,583,0.0,0.2857,0.0,0.1429,2,3.0
CUST04597,C03,2023-05-23,4,4,0,2624.05,656.01,20,3.5,9,CAT17,2025-04-02,2025-09-16,14,861,0.0,0.0,0.0,0.75,2,4.5
CUST04598,C02,2025-09-09,0,0,0,0.00,,0,,0,,,,,21,,,,,0,
CUST04599,C01,2023-12-12,2,1,1,615.00,615.0,3,2.0,2,CAT13,2025-07-14,2025-07-14,78,658,0.5,0.0,0.5,0.0,0,
CUST04600,C03,2025-04-07,4,4,0,5513.00,1378.25,25,4.75,9,CAT14,2025-04-26,2025-08-24,37,176,0.0,0.5,1.0,0.75,0,
CUST04601,C01,2024-06-25,10,7,2,3177.20,453.89,25,3.29,12,CAT03,2025-04-02,2025-08-31,30,462,0.2,0.3,0.3,0.1429,0,
CUST04602,C02,2024-09-14,4,4,0,4690.00,1172.5,13,2.0,6,CAT17,2025-05-07,2025-07-30,62,381,0.0,0.25,0.0,0.0,0,
CUST04603,C02,2023-03-11,14,10,2,2467.00,246.7,23,1.4,7,CAT12,2025-04-02,2025-09-16,14,934,0.1429,0.7857,0.3571,0.0,2,5.0
CUST04604,C02,2024-10-17,10,8,0,4834.20,604.28,40,3.63,13,CAT01,2025-04-14,2025-08-27,34,348,0.0,0.2,0.3,0.125,2,5.0
CUST04605,C03,2025-07-04,1,1,0,3742.60,3742.6,14,8.0,6,CAT15,2025-08-26,2025-08-26,35,88,0.0,0.0,0.0,1.0,0,
CUST04606,C02,2023-05-27,8,7,1,7872.60,1124.66,40,3.71,12,CAT10,2025-06-07,2025-09-23,7,857,0.125,0.25,0.75,0.2857,2,3.0
CUST04607,C02,2025-09-25,0,0,0,0.00,,0,,0,,,,,5,,,,,0,
CUST04608,C02,2024-06-02,1,1,0,592.00,592.0,4,3.0,3,CAT08,2025-09-06,2025-09-06,24,485,0.0,1.0,1.0,0.0,0,
CUST04609,C02,2024-08-02,2,2,0,552.00,276.0,3,1.0,2,CAT20,2025-07-03,2025-08-01,60,424,0.0,0.0,0.0,0.0,0,
CUST04610,C03,2025-06-11,3,3,0,2035.00,678.33,9,3.0,6,CAT13,2025-06-22,2025-08-02,59,111,0.0,0.6667,0.6667,0.0,0,
CUST04611,C03,2023-11-08,8,8,0,6117.60,764.7,35,2.88,12,CAT19,2025-04-06,2025-08-11,50,692,0.0,0.375,0.25,0.125,3,3.33
CUST04612,C01,2024-02-09,14,12,1,9605.00,800.42,46,2.58,13,CAT17,2025-04-16,2025-09-15,15,599,0.0714,0.1429,0.5714,0.0,3,3.33
CUST04613,C01,2023-05-16,4,4,0,2378.00,594.5,14,2.75,8,CAT19,2025-05-13,2025-08-31,30,868,0.0,0.0,0.25,0.0,2,2.0
CUST04614,C01,2023-11-17,2,2,0,1689.00,844.5,7,2.0,3,CAT16,2025-05-31,2025-06-18,104,683,0.0,0.0,0.5,0.0,0,
CUST04615,C01,2025-07-10,5,5,0,2839.60,567.92,27,3.2,9,CAT05,2025-07-12,2025-09-15,15,82,0.0,0.2,0.4,0.2,1,4.0
CUST04616,C01,2023-01-09,21,19,2,13037.10,686.16,96,3.53,18,CAT05,2025-04-01,2025-09-25,5,995,0.0952,0.381,0.2381,0.1579,5,4.4
CUST04617,C01,2025-05-21,4,3,1,3336.00,1112.0,10,2.67,6,CAT17,2025-06-10,2025-08-02,59,132,0.25,0.0,0.75,0.0,0,
CUST04618,C02,2024-01-17,9,8,1,4003.05,500.38,38,2.88,9,CAT05,2025-05-03,2025-09-21,9,622,0.1111,0.2222,0.3333,0.25,0,
CUST04619,C03,2025-02-05,4,3,1,4965.00,1655.0,21,4.33,9,CAT17,2025-04-13,2025-06-17,105,237,0.25,0.0,0.25,0.0,0,
CUST04620,C01,2025-06-21,4,3,1,1394.00,464.67,8,2.33,7,CAT14,2025-07-11,2025-08-06,55,101,0.25,0.0,0.5,0.0,1,5.0
CUST04621,C03,2025-03-15,0,0,0,0.00,,0,,0,,,,,199,,,,,0,
CUST04622,C03,2025-09-25,0,0,0,0.00,,0,,0,,,,,5,,,,,0,
CUST04623,C03,2023-01-30,6,6,0,2387.55,397.93,19,2.33,10,CAT03,2025-05-23,2025-08-24,37,974,0.0,0.8333,0.5,0.1667,2,4.0
CUST04624,C01,2025-08-19,2,1,1,132.00,132.0,3,1.0,1,CAT09,2025-09-19,2025-09-23,7,42,0.5,1.0,0.0,0.0,0,
CUST04625,C03,2024-10-24,11,10,1,9180.40,918.04,56,3.5,15,CAT17,2025-04-21,2025-08-12,49,341,0.0909,0.0909,0.2727,0.1,2,3.0
CUST04626,C03,2025-07-29,6,4,1,786.20,196.55,10,1.75,4,CAT06,2025-08-13,2025-09-29,1,63,0.1667,0.8333,0.1667,0.25,0,
CUST04627,C03,2023-04-25,2,2,0,3109.00,1554.5,15,6.5,10,CAT14,2025-06-28,2025-08-13,48,889,0.0,0.0,0.5,0.0,0,
CUST04628,C02,2025-04-29,7,6,0,2036.40,339.4,21,2.5,9,CAT14,2025-05-23,2025-09-25,5,154,0.0,1.0,0.2857,0.3333,1,3.0
CUST04629,C03,2023-05-28,2,1,0,2236.00,2236.0,10,6.0,4,CAT14,2025-04-20,2025-06-03,119,856,0.0,0.0,0.5,0.0,0,
CUST04630,C02,2023-11-27,7,5,2,3374.00,674.8,29,3.8,10,CAT05,2025-04-05,2025-09-03,27,673,0.2857,0.0,0.1429,0.0,1,3.0
CUST04631,C01,2024-01-12,7,7,0,11756.60,1679.51,40,4.14,12,CAT15,2025-04-12,2025-08-31,30,627,0.0,0.0,0.8571,0.2857,5,4.4
CUST04632,C03,2023-09-20,6,6,0,3520.00,586.67,16,2.17,10,CAT03,2025-05-05,2025-09-23,7,741,0.0,0.6667,0.1667,0.0,1,3.0
CUST04633,C03,2023-01-02,1,1,0,1252.50,1252.5,10,6.0,5,CAT18,2025-04-17,2025-04-17,166,1002,0.0,0.0,0.0,1.0,0,
CUST04634,C03,2025-08-24,0,0,0,0.00,,0,,0,,,,,37,,,,,0,
CUST04635,C02,2024-06-21,4,4,0,5373.00,1343.25,29,5.5,9,CAT13,2025-05-29,2025-09-06,24,466,0.0,0.0,0.75,0.0,0,
CUST04636,C03,2023-09-06,8,8,0,5944.00,743.0,39,3.13,14,CAT15,2025-04-03,2025-09-27,3,755,0.0,0.25,0.375,0.0,2,3.0
CUST04637,C03,2024-06-11,2,1,1,1327.00,1327.0,7,6.0,4,CAT13,2025-05-28,2025-05-28,125,476,0.5,0.0,0.0,0.0,0,
CUST04638,C01,2023-09-12,10,9,1,2379.00,264.33,34,2.89,12,CAT01,2025-04-13,2025-09-11,19,749,0.1,0.1,0.3,0.2222,2,4.5
CUST04639,C03,2023-05-08,7,7,0,10415.20,1487.89,77,2.57,10,CAT02,2025-05-05,2025-09-29,1,876,0.0,0.1429,0.0,0.1429,0,
CUST04640,C01,2023-01-19,4,4,0,1380.00,345.0,12,2.25,7,CAT01,2025-04-06,2025-08-04,57,985,0.0,0.75,0.25,0.0,0,
CUST04641,C02,2024-04-22,19,17,2,9931.75,584.22,55,2.59,19,CAT10,2025-04-01,2025-09-24,6,526,0.1053,0.2105,0.1053,0.2353,2,4.5
CUST04642,C03,2023-07-03,2,0,1,0.00,,0,,0,,2025-06-03,,,820,0.5,0.5,0.0,,0,
CUST04643,C02,2023-04-09,5,4,1,2796.00,699.0,10,2.25,8,CAT17,2025-04-07,2025-09-17,13,905,0.2,0.0,0.0,0.0,2,4.5
CUST04644,C01,2025-05-13,9,8,0,6384.20,798.03,41,4.0,15,CAT05,2025-05-18,2025-09-07,23,140,0.0,0.0,0.3333,0.125,0,
CUST04645,C02,2025-09-30,0,0,0,0.00,,0,,0,,,,,0,,,,,0,
CUST04646,C03,2024-02-08,0,0,0,0.00,,0,,0,,,,,600,,,,,0,
CUST04647,C02,2023-10-06,11,10,0,5557.30,555.73,28,2.1,9,CAT15,2025-04-04,2025-09-11,19,725,0.0,0.9091,0.2727,0.2,3,3.67
CUST04648,C01,2024-04-30,7,6,1,3612.00,602.0,30,3.5,11,CAT05,2025-04-04,2025-08-22,39,518,0.1429,0.1429,0.5714,0.0,1,4.0
CUST04649,C01,2025-05-13,0,0,0,0.00,,0,,0,,,,,140,,,,,0,
CUST04650,C03,2025-04-30,6,6,0,2958.00,493.0,14,2.17,8,CAT05,2025-05-30,2025-09-04,26,153,0.0,0.0,0.0,0.0,3,4.67
CUST04651,C01,2024-02-21,6,4,1,5015.00,1253.75,29,5.5,9,CAT14,2025-05-23,2025-09-16,14,587,0.1667,0.3333,0.5,0.0,1,4.0
CUST04652,C03,2023-02-27,5,3,1,3226.00,1075.33,12,3.67,5,CAT17,2025-04-06,2025-09-16,14,946,0.2,0.2,0.4,0.0,0,
CUST04653,C01,2023-09-03,5,5,0,1648.45,329.69,12,1.6,6,CAT08,2025-04-11,2025-08-23,38,758,0.0,0.6,0.4,0.2,1,4.0
CUST04654,C01,2023-10-22,2,2,0,1895.00,947.5,11,4.0,5,CAT18,2025-04-26,2025-06-24,98,709,0.0,0.0,0.5,0.0,1,4.0
CUST04655,C02,2025-07-13,4,3,1,6577.75,2192.58,23,6.33,9,CAT15,2025-07-31,2025-09-14,16,79,0.25,0.25,0.5,0.3333,0,
CUST04656,C01,2023-04-30,5,5,0,1893.40,378.68,17,2.4,9,CAT19,2025-05-11,2025-09-22,8,884,0.0,0.2,0.2,0.4,0,
CUST04657,C01,2023-08-23,5,4,0,2843.00,710.75,16,2.75,8,CAT05,2025-05-20,2025-09-29,1,769,0.0,0.2,0.6,0.0,3,4.33
CUST04658,C01,2025-04-07,10,10,0,6315.60,631.56,47,3.1,12,CAT01,2025-04-27,2025-09-28,2,176,0.0,0.2,0.3,0.4,2,4.5
CUST04659,C01,2025-03-13,5,5,0,3773.05,754.61,29,4.0,11,CAT14,2025-06-04,2025-08-23,38,201,0.0,0.4,0.2,0.2,1,4.0
CUST04660,C02,2023-09-10,5,5,0,1480.00,296.0,16,2.2,8,CAT12,2025-04-10,2025-08-11,50,751,0.0,0.8,0.2,0.0,3,2.0
CUST04661,C03,2023-11-11,1,1,0,43.00,43.0,1,1.0,1,CAT08,2025-05-07,2025-05-07,146,689,0.0,0.0,0.0,0.0,1,4.0
CUST04662,C01,2025-03-12,5,4,1,2486.60,621.65,19,2.75,9,CAT17,2025-07-02,2025-07-29,63,202,0.2,0.6,0.4,0.25,0,
CUST04663,C03,2023-06-24,1,1,0,287.00,287.0,2,2.0,2,CAT08,2025-05-12,2025-05-12,141,829,0.0,1.0,0.0,0.0,0,
CUST04664,C02,2025-09-17,0,0,0,0.00,,0,,0,,,,,13,,,,,0,
CUST04665,C01,2025-03-01,15,14,1,13947.25,996.23,54,2.86,16,CAT17,2025-04-19,2025-08-14,47,213,0.0667,0.0,0.2667,0.2857,3,3.33
CUST04666,C03,2024-07-02,8,7,1,6347.90,906.84,27,2.86,12,CAT19,2025-04-06,2025-09-02,28,455,0.125,0.25,0.125,0.1429,4,4.0
CUST04667,C02,2025-08-21,1,1,0,3133.00,3133.0,6,4.0,4,CAT17,2025-09-20,2025-09-20,10,40,0.0,1.0,1.0,0.0,0,
CUST04668,C01,2024-02-13,2,2,0,2124.50,1062.25,17,6.0,9,CAT19,2025-07-29,2025-09-03,27,595,0.0,1.0,0.0,1.0,0,
CUST04669,C03,2025-02-15,3,2,0,845.00,422.5,6,2.0,4,CAT13,2025-08-03,2025-08-29,32,227,0.0,0.3333,0.3333,0.0,0,
CUST04670,C02,2025-07-10,2,2,0,809.30,404.65,7,3.0,5,CAT01,2025-08-22,2025-09-02,28,82,0.0,0.5,0.0,1.0,0,
CUST04671,C01,2025-03-29,2,2,0,1686.60,843.3,9,3.0,5,CAT15,2025-05-12,2025-06-24,98,185,0.0,0.0,0.0,0.5,0,
CUST04672,C03,2024-07-31,7,6,1,3644.80,607.47,26,3.67,11,CAT17,2025-04-07,2025-07-22,70,426,0.1429,0.4286,0.0,0.1667,1,5.0
CUST04673,C03,2025-04-15,3,3,0,1616.00,538.67,7,2.0,6,CAT17,2025-05-03,2025-08-12,49,168,0.0,0.6667,0.3333,0.0,0,
CUST04674,C02,2024-09-02,2,2,0,2348.00,1174.0,13,4.0,6,CAT13,2025-07-30,2025-09-11,19,393,0.0,0.5,0.0,0.0,1,4.0
CUST04675,C02,2024-11-02,0,0,0,0.00,,0,,0,,,,,332,,,,,0,
CUST04676,C02,2024-05-10,1,1,0,1018.00,1018.0,4,3.0,3,CAT19,2025-05-14,2025-05-14,139,508,0.0,0.0,0.0,0.0,0,
CUST04677,C01,2023-08-21,1,1,0,1085.00,1085.0,8,5.0,4,CAT05,2025-08-18,2025-08-18,43,771,0.0,0.0,0.0,0.0,0,
CUST04678,C01,2025-01-23,11,10,1,6899.40,689.94,53,3.3,15,CAT05,2025-04-03,2025-09-14,16,250,0.0909,0.2727,0.3636,0.2,2,3.5
CUST04679,C02,2025-03-25,10,7,3,7506.00,1072.29,21,2.57,9,CAT17,2025-04-12,2025-08-19,42,189,0.3,0.4,0.4,0.0,1,5.0
CUST04680,C02,2023-08-20,0,0,0,0.00,,0,,0,,,,,772,,,,,0,
CUST04681,C01,2025-07-21,1,1,0,242.00,242.0,1,1.0,1,CAT08,2025-09-21,2025-09-21,9,71,0.0,1.0,1.0,0.0,0,
CUST04682,C01,2024-08-23,6,6,0,4728.70,788.12,29,3.17,11,CAT18,2025-04-26,2025-09-18,12,403,0.0,0.3333,0.1667,0.5,2,3.5
CUST04683,C01,2023-04-25,11,10,1,4774.15,477.42,25,1.7,10,CAT15,2025-05-14,2025-09-18,12,889,0.0909,0.9091,0.0909,0.1,3,4.67
CUST04684,C01,2025-02-02,6,5,0,956.00,191.2,9,1.2,6,CAT15,2025-04-26,2025-08-09,52,240,0.0,1.0,0.5,0.2,2,5.0
CUST04685,C03,2023-06-13,1,0,0,0.00,,0,,0,,2025-07-22,,,840,0.0,0.0,0.0,,0,
CUST04686,C03,2024-10-21,5,4,0,2339.75,584.94,15,2.5,8,CAT18,2025-04-30,2025-08-13,48,344,0.0,0.6,0.4,0.25,1,5.0
CUST04687,C02,2024-12-27,23,21,2,7908.40,376.59,65,2.43,16,CAT17,2025-04-03,2025-09-10,20,277,0.087,0.7391,0.2609,0.1429,4,2.5
CUST04688,C01,2024-08-24,2,2,0,1242.65,621.33,10,4.0,6,CAT13,2025-07-13,2025-08-07,54,402,0.0,0.5,0.5,1.0,0,
CUST04689,C02,2025-03-06,3,3,0,4288.40,1429.47,16,4.33,12,CAT17,2025-04-21,2025-08-20,41,208,0.0,0.3333,0.0,0.6667,0,
CUST04690,C03,2024-03-15,2,2,0,503.00,251.5,3,1.5,3,CAT19,2025-04-11,2025-04-29,154,564,0.0,0.5,0.0,0.0,0,
CUST04691,C01,2024-09-06,5,5,0,1711.20,342.24,10,1.4,6,CAT18,2025-04-11,2025-08-26,35,389,0.0,0.8,0.0,0.2,1,5.0
CUST04692,C02,2024-01-29,7,6,0,3980.00,663.33,28,3.33,9,CAT08,2025-05-16,2025-09-24,6,610,0.0,0.5714,0.0,0.0,3,4.67
CUST04693,C01,2024-10-26,12,11,1,6373.40,579.4,33,2.27,11,CAT12,2025-04-21,2025-08-22,39,339,0.0833,0.6667,0.1667,0.0909,1,4.0
CUST04694,C02,2025-08-04,0,0,0,0.00,,0,,0,,,,,57,,,,,0,
CUST04695,C03,2024-10-14,1,0,1,0.00,,0,,0,,2025-09-08,,,351,1.0,0.0,0.0,,0,
CUST04696,C01,2024-09-27,2,2,0,474.00,237.0,7,3.0,4,CAT03,2025-04-26,2025-05-11,142,368,0.0,0.5,1.0,0.0,0,
CUST04697,C03,2023-10-21,1,1,0,2428.00,2428.0,5,2.0,2,CAT15,2025-07-07,2025-07-07,85,710,0.0,1.0,0.0,1.0,1,3.0
CUST04698,C02,2023-09-24,25,25,0,18507.60,740.3,124,3.52,16,CAT05,2025-04-01,2025-08-13,48,737,0.0,0.12,0.28,0.08,6,3.5
CUST04699,C01,2023-12-30,0,0,0,0.00,,0,,0,,,,,640,,,,,0,
CUST04700,C01,2025-08-11,0,0,0,0.00,,0,,0,,,,,50,,,,,0,
CUST04701,C03,2025-05-09,7,7,0,7403.30,1057.61,49,4.57,12,CAT05,2025-05-16,2025-09-26,4,144,0.0,0.4286,0.4286,0.2857,1,4.0
CUST04702,C02,2024-04-24,4,4,0,5345.30,1336.33,27,4.25,10,CAT14,2025-07-13,2025-08-26,35,524,0.0,0.0,0.5,0.25,1,5.0
CUST04703,C03,2024-05-01,6,5,0,6063.00,1212.6,19,3.0,10,CAT17,2025-05-24,2025-09-10,20,517,0.0,0.1667,0.1667,0.0,3,4.33
CUST04704,C01,2024-12-27,6,6,0,2902.60,483.77,29,3.83,11,CAT01,2025-04-14,2025-09-02,28,277,0.0,0.0,0.3333,0.1667,0,
CUST04705,C03,2023-06-30,5,4,0,3618.20,904.55,19,3.5,8,CAT10,2025-04-04,2025-08-22,39,823,0.0,0.2,0.4,0.25,2,5.0
CUST04706,C03,2023-03-31,2,2,0,2289.00,1144.5,6,2.5,5,CAT17,2025-07-29,2025-08-19,42,914,0.0,0.0,0.0,0.0,1,4.0
CUST04707,C03,2025-01-31,8,5,3,5729.00,1145.8,24,3.4,8,CAT17,2025-05-05,2025-09-20,10,242,0.375,0.125,0.25,0.0,0,
CUST04708,C03,2025-07-24,2,2,0,645.00,322.5,3,1.5,3,CAT17,2025-08-01,2025-09-19,11,68,0.0,0.0,0.0,0.0,0,
CUST04709,C03,2024-11-07,6,6,0,4165.40,694.23,33,3.33,14,CAT03,2025-05-07,2025-08-28,33,327,0.0,0.1667,0.3333,0.3333,1,4.0
CUST04710,C02,2023-03-08,6,6,0,6320.00,1053.33,35,3.67,11,CAT11,2025-04-17,2025-09-11,19,937,0.0,0.0,0.5,0.0,1,4.0
CUST04711,C03,2023-01-05,5,4,0,2625.00,656.25,13,2.75,9,CAT15,2025-05-10,2025-09-28,2,999,0.0,0.0,0.4,0.0,1,2.0
CUST04712,C01,2025-04-23,5,5,0,7245.40,1449.08,40,6.2,11,CAT05,2025-04-26,2025-09-07,23,160,0.0,0.2,0.6,0.2,2,5.0
CUST04713,C02,2023-06-24,9,9,0,6868.65,763.18,51,3.78,14,CAT05,2025-04-19,2025-08-03,58,829,0.0,0.1111,0.5556,0.3333,1,3.0
CUST04714,C01,2024-06-26,2,2,0,3734.00,1867.0,10,3.0,5,CAT17,2025-07-04,2025-07-26,66,461,0.0,0.5,0.5,0.5,0,
CUST04715,C02,2025-05-23,2,1,1,2813.00,2813.0,8,4.0,3,CAT15,2025-06-02,2025-07-05,87,130,0.5,0.0,0.5,0.0,0,
CUST04716,C01,2023-10-17,11,11,0,2720.00,247.27,30,1.73,11,CAT09,2025-04-24,2025-09-23,7,714,0.0,0.4545,0.1818,0.0,1,4.0
CUST04717,C03,2023-02-02,2,2,0,2316.00,1158.0,6,2.0,4,CAT17,2025-04-09,2025-08-03,58,971,0.0,0.5,0.5,0.0,2,3.5
CUST04718,C01,2025-02-08,19,19,0,12635.00,665.0,100,3.79,17,CAT05,2025-04-01,2025-09-13,17,234,0.0,0.1053,0.3158,0.1579,3,4.0
CUST04719,C01,2024-03-15,0,0,0,0.00,,0,,0,,,,,564,,,,,0,
CUST04720,C03,2024-05-15,3,3,0,1654.40,551.47,9,2.67,7,CAT17,2025-05-07,2025-08-08,53,503,0.0,0.0,0.0,0.3333,1,3.0
CUST04721,C03,2023-05-06,0,0,0,0.00,,0,,0,,,,,878,,,,,0,
CUST04722,C02,2025-07-06,1,1,0,708.80,708.8,11,4.0,4,CAT09,2025-07-31,2025-07-31,61,86,0.0,0.0,0.0,1.0,0,
CUST04723,C03,2023-10-05,6,6,0,8840.60,1473.43,35,3.83,12,CAT17,2025-05-03,2025-09-26,4,726,0.0,0.3333,0.3333,0.1667,0,
CUST04724,C03,2023-03-20,8,7,0,3708.00,529.71,25,2.57,9,CAT12,2025-04-10,2025-09-21,9,925,0.0,0.375,0.5,0.0,2,5.0
CUST04725,C01,2025-03-12,4,4,0,2967.20,741.8,21,3.25,11,CAT15,2025-04-19,2025-09-13,17,202,0.0,0.25,1.0,0.25,0,
CUST04726,C03,2024-07-18,8,8,0,1893.35,236.67,20,2.25,9,CAT12,2025-04-17,2025-08-17,44,439,0.0,0.625,0.375,0.375,3,3.67
CUST04727,C01,2024-07-10,2,2,0,473.00,236.5,7,2.0,4,CAT20,2025-04-06,2025-08-14,47,447,0.0,1.0,0.5,0.5,1,5.0
CUST04728,C02,2023-10-22,3,3,0,1641.50,547.17,11,2.67,6,CAT10,2025-07-09,2025-08-16,45,709,0.0,0.0,0.6667,0.3333,0,
CUST04729,C01,2025-04-19,7,5,2,5537.00,1107.4,20,3.2,6,CAT17,2025-05-16,2025-08-25,36,164,0.2857,0.4286,0.1429,0.0,1,4.0
CUST04730,C01,2024-02-10,3,2,0,708.20,354.1,5,2.0,4,CAT06,2025-04-05,2025-07-16,76,598,0.0,0.0,0.6667,0.5,0,
CUST04731,C02,2023-07-13,7,7,0,13456.65,1922.38,47,4.57,10,CAT15,2025-04-05,2025-08-07,54,810,0.0,0.1429,0.5714,0.2857,1,4.0
CUST04732,C01,2023-03-11,2,1,0,926.00,926.0,2,2.0,2,CAT16,2025-05-07,2025-06-18,104,934,0.0,0.0,0.0,0.0,1,4.0
CUST04733,C02,2023-08-29,8,7,1,7212.70,1030.39,41,4.29,12,CAT05,2025-04-10,2025-09-14,16,763,0.125,0.125,0.5,0.2857,0,
CUST04734,C01,2023-10-23,3,3,0,945.55,315.18,5,1.67,4,CAT08,2025-06-15,2025-09-11,19,708,0.0,1.0,0.3333,0.3333,0,
CUST04735,C01,2025-08-29,1,1,0,1986.00,1986.0,9,5.0,5,CAT15,2025-09-20,2025-09-20,10,32,0.0,0.0,1.0,0.0,0,
CUST04736,C03,2025-09-19,0,0,0,0.00,,0,,0,,,,,11,,,,,0,
CUST04737,C01,2023-01-11,10,8,2,8215.00,1026.88,31,2.75,12,CAT17,2025-04-11,2025-09-09,21,993,0.2,0.1,0.3,0.25,1,5.0
CUST04738,C02,2025-03-09,10,9,1,5180.75,575.64,24,2.22,10,CAT17,2025-04-15,2025-09-26,4,205,0.1,0.4,0.3,0.1111,2,3.0
CUST04739,C02,2025-08-10,2,2,0,376.00,188.0,4,2.0,3,CAT03,2025-08-13,2025-08-25,36,51,0.0,0.0,0.0,0.5,0,
CUST04740,C02,2025-05-31,1,1,0,778.00,778.0,3,3.0,3,CAT19,2025-07-08,2025-07-08,84,122,0.0,0.0,0.0,0.0,0,
CUST04741,C02,2023-11-03,18,14,2,9506.55,679.04,61,3.29,14,CAT05,2025-04-11,2025-09-01,29,697,0.1111,0.2778,0.1667,0.2143,1,5.0
CUST04742,C01,2023-07-27,12,8,2,1784.30,223.04,18,1.75,10,CAT10,2025-04-01,2025-09-07,23,796,0.1667,0.9167,0.1667,0.375,1,4.0
CUST04743,C02,2024-06-26,9,4,2,4957.80,1239.45,24,5.0,11,CAT13,2025-04-03,2025-06-29,93,461,0.2222,0.2222,0.4444,0.25,1,4.0
CUST04744,C01,2024-01-03,10,10,0,9800.40,980.04,53,4.0,16,CAT05,2025-04-24,2025-09-26,4,636,0.0,0.0,0.4,0.2,2,4.5
CUST04745,C02,2025-08-09,0,0,0,0.00,,0,,0,,,,,52,,,,,0,
CUST04746,C02,2025-06-04,13,12,1,3748.40,312.37,30,1.92,10,CAT12,2025-06-08,2025-09-04,26,118,0.0769,0.6154,0.4615,0.1667,0,
CUST04747,C01,2025-03-01,8,6,1,8325.60,1387.6,32,4.0,12,CAT17,2025-04-21,2025-09-23,7,213,0.125,0.125,0.375,0.1667,2,3.5
CUST04748,C03,2023-04-16,1,1,0,718.00,718.0,2,2.0,2,CAT19,2025-06-25,2025-06-25,97,898,0.0,1.0,0.0,0.0,1,4.0
CUST04749,C02,2023-12-27,6,4,0,3882.00,970.5,16,3.25,10,CAT17,2025-05-22,2025-09-16,14,643,0.0,0.1667,0.3333,0.0,1,2.0
CUST04750,C02,2025-09-12,0,0,0,0.00,,0,,0,,,,,18,,,,,0,
CUST04751,C03,2023-08-31,9,7,2,4125.00,589.29,31,3.43,10,CAT05,2025-04-17,2025-09-16,14,761,0.2222,0.0,0.2222,0.0,0,
CUST04752,C03,2024-09-18,13,12,1,15828.00,1319.0,69,3.58,18,CAT05,2025-04-07,2025-09-30,0,377,0.0769,0.2308,0.3846,0.0,2,4.0
CUST04753,C03,2024-05-26,24,22,1,16608.20,754.92,108,3.23,15,CAT05,2025-04-07,2025-09-18,12,492,0.0417,0.125,0.2083,0.2273,2,3.0
CUST04754,C02,2024-09-04,7,6,1,4597.10,766.18,33,3.5,10,CAT01,2025-04-20,2025-07-27,65,391,0.1429,0.2857,0.5714,0.3333,1,5.0
CUST04755,C03,2024-02-04,3,3,0,1119.00,373.0,13,2.0,5,CAT18,2025-04-03,2025-06-09,113,604,0.0,0.0,0.0,0.0,0,
CUST04756,C03,2023-04-02,3,3,0,2594.00,864.67,20,4.33,11,CAT11,2025-04-19,2025-07-15,77,912,0.0,0.0,0.3333,0.0,0,
CUST04757,C01,2024-07-27,13,10,2,4792.00,479.2,35,2.6,11,CAT17,2025-04-19,2025-08-13,48,430,0.1538,0.1538,0.2308,0.2,4,4.5
CUST04758,C03,2024-04-11,1,1,0,445.55,445.55,1,1.0,1,CAT14,2025-08-27,2025-08-27,34,537,0.0,1.0,0.0,1.0,0,
CUST04759,C01,2025-05-16,2,1,0,2512.50,2512.5,6,5.0,4,CAT10,2025-09-09,2025-09-09,21,137,0.0,0.5,0.5,1.0,0,
CUST04760,C02,2025-06-16,4,3,0,5788.60,1929.53,23,4.33,11,CAT17,2025-07-29,2025-09-21,9,106,0.0,0.25,0.75,0.6667,0,
CUST04761,C02,2023-02-27,2,2,0,617.10,308.55,6,2.5,5,CAT19,2025-07-31,2025-08-21,40,946,0.0,1.0,0.0,0.5,0,
CUST04762,C01,2023-03-08,6,5,0,4145.00,829.0,13,2.2,6,CAT17,2025-04-18,2025-09-21,9,937,0.0,0.1667,0.1667,0.0,0,
CUST04763,C01,2023-07-06,7,5,0,1692.40,338.48,16,1.8,5,CAT01,2025-04-25,2025-07-26,66,817,0.0,0.0,0.5714,0.2,1,3.0
CUST04764,C03,2025-03-28,9,9,0,6523.50,724.83,48,4.0,13,CAT05,2025-04-19,2025-09-30,0,186,0.0,0.1111,0.2222,0.1111,0,
CUST04765,C02,2025-05-21,5,5,0,3147.00,629.4,20,2.8,8,CAT15,2025-06-20,2025-09-12,18,132,0.0,0.6,0.2,0.0,0,
CUST04766,C03,2025-02-19,5,4,1,4846.20,1211.55,22,4.0,8,CAT17,2025-06-30,2025-09-01,29,223,0.2,0.2,0.2,0.25,0,
CUST04767,C03,2023-09-01,4,3,0,947.00,315.67,7,2.33,4,CAT03,2025-04-12,2025-06-11,111,760,0.0,0.5,0.5,0.0,0,
CUST04768,C01,2023-05-28,0,0,0,0.00,,0,,0,,,,,856,,,,,0,
CUST04769,C03,2025-02-27,3,2,1,1770.00,885.0,9,2.0,4,CAT05,2025-06-23,2025-09-24,6,215,0.3333,0.3333,0.0,0.0,0,
CUST04770,C02,2025-03-18,5,5,0,1637.00,327.4,9,1.6,6,CAT16,2025-06-14,2025-08-22,39,196,0.0,0.4,0.4,0.0,1,3.0
CUST04771,C03,2023-06-05,5,4,1,842.00,210.5,8,1.5,5,CAT12,2025-04-20,2025-08-19,42,848,0.2,1.0,0.4,0.25,1,4.0
CUST04772,C02,2025-06-19,3,3,0,2888.90,962.97,19,4.0,8,CAT11,2025-08-03,2025-09-29,1,103,0.0,0.6667,0.3333,0.3333,0,
CUST04773,C02,2024-02-02,7,7,0,5122.00,731.71,23,2.57,10,CAT17,2025-04-22,2025-09-19,11,606,0.0,0.8571,0.2857,0.0,0,
CUST04774,C02,2023-10-18,6,6,0,6022.00,1003.67,32,4.0,11,CAT17,2025-05-04,2025-09-21,9,713,0.0,0.1667,0.5,0.0,1,3.0
CUST04775,C02,2025-04-27,4,4,0,1762.00,440.5,7,1.5,5,CAT15,2025-05-04,2025-09-15,15,156,0.0,0.5,0.25,0.0,0,
CUST04776,C02,2024-11-27,5,4,1,10107.80,2526.95,36,6.25,12,CAT15,2025-05-22,2025-08-30,31,307,0.2,0.4,0.4,0.25,1,1.0
CUST04777,C03,2025-07-25,0,0,0,0.00,,0,,0,,,,,67,,,,,0,
CUST04778,C01,2024-02-12,0,0,0,0.00,,0,,0,,,,,596,,,,,0,
CUST04779,C01,2024-12-09,5,5,0,4520.00,904.0,29,3.4,10,CAT17,2025-05-05,2025-09-26,4,295,0.0,0.0,0.2,0.0,0,
CUST04780,C03,2024-03-21,0,0,0,0.00,,0,,0,,,,,558,,,,,0,
CUST04781,C02,2023-10-25,5,5,0,1741.75,348.35,8,1.2,6,CAT17,2025-04-24,2025-07-22,70,706,0.0,0.2,0.2,0.4,1,4.0
CUST04782,C01,2023-06-23,1,1,0,3138.00,3138.0,8,4.0,3,CAT17,2025-07-18,2025-07-18,74,830,0.0,1.0,0.0,0.0,0,
CUST04783,C03,2024-05-01,9,8,0,7500.50,937.56,57,5.0,15,CAT11,2025-04-28,2025-09-23,7,517,0.0,0.0,0.2222,0.125,0,
CUST04784,C02,2025-08-31,0,0,0,0.00,,0,,0,,,,,30,,,,,0,
CUST04785,C01,2023-03-22,27,24,2,7951.00,331.29,68,2.0,15,CAT12,2025-04-11,2025-09-17,13,923,0.0741,0.7407,0.2222,0.125,2,4.0
CUST04786,C02,2024-03-16,2,1,1,2612.00,2612.0,10,5.0,4,CAT13,2025-07-19,2025-09-06,24,563,0.5,0.0,1.0,0.0,1,4.0
CUST04787,C01,2023-05-26,0,0,0,0.00,,0,,0,,,,,858,,,,,0,
CUST04788,C01,2024-05-28,8,7,0,3892.50,556.07,23,2.0,8,CAT15,2025-05-01,2025-09-24,6,490,0.0,0.5,0.125,0.1429,3,3.33
CUST04789,C03,2025-04-23,10,8,1,3625.20,453.15,23,2.25,9,CAT18,2025-04-24,2025-09-12,18,160,0.1,1.0,0.2,0.125,2,2.5
CUST04790,C01,2025-09-20,0,0,0,0.00,,0,,0,,,,,10,,,,,0,
CUST04791,C03,2023-04-04,11,9,1,7094.95,788.33,35,2.78,10,CAT17,2025-04-17,2025-09-16,14,910,0.0909,0.6364,0.3636,0.4444,1,4.0
CUST04792,C02,2023-01-20,3,3,0,851.40,283.8,9,2.33,4,CAT12,2025-05-07,2025-09-06,24,984,0.0,0.6667,0.6667,0.3333,0,
CUST04793,C01,2025-02-27,6,4,2,6004.00,1501.0,18,4.0,9,CAT15,2025-05-03,2025-08-02,59,215,0.3333,0.0,0.6667,0.0,0,
CUST04794,C02,2025-08-17,0,0,0,0.00,,0,,0,,,,,44,,,,,0,
CUST04795,C01,2025-07-22,4,4,0,2747.05,686.76,14,3.0,10,CAT10,2025-08-14,2025-09-29,1,70,0.0,0.25,0.0,0.5,2,5.0
CUST04796,C03,2024-08-02,10,7,3,2407.00,343.86,22,2.71,8,CAT05,2025-04-21,2025-09-30,0,424,0.3,0.0,0.3,0.0,0,
CUST04797,C03,2024-10-10,9,9,0,7323.20,813.69,47,3.78,15,CAT11,2025-05-13,2025-09-29,1,355,0.0,0.2222,0.0,0.1111,4,4.25
CUST04798,C03,2025-09-20,0,0,0,0.00,,0,,0,,,,,10,,,,,0,
CUST04799,C03,2023-07-03,2,1,0,269.10,269.1,3,3.0,3,CAT13,2025-05-30,2025-05-30,123,820,0.0,0.5,0.0,1.0,1,4.0
CUST04800,C02,2023-11-20,5,4,0,2734.60,683.65,10,2.0,8,CAT17,2025-05-01,2025-06-28,94,680,0.0,0.4,0.2,0.25,0,
CUST04801,C01,2024-02-22,7,7,0,2083.80,297.69,13,1.57,7,CAT16,2025-04-03,2025-09-02,28,586,0.0,0.5714,0.2857,0.1429,2,4.5
CUST04802,C01,2023-11-06,3,3,0,846.00,282.0,4,1.33,4,CAT08,2025-06-28,2025-09-20,10,694,0.0,1.0,0.6667,0.0,0,
CUST04803,C03,2024-01-31,7,6,1,1365.90,227.65,13,1.83,8,CAT18,2025-04-06,2025-08-20,41,608,0.1429,0.2857,0.2857,0.3333,1,5.0
CUST04804,C01,2024-08-13,0,0,0,0.00,,0,,0,,,,,413,,,,,0,
CUST04805,C02,2024-05-18,2,2,0,3103.00,1551.5,15,5.0,4,CAT13,2025-05-17,2025-06-29,93,500,0.0,0.5,1.0,0.0,0,
CUST04806,C03,2024-01-21,21,18,2,8498.95,472.16,49,1.78,15,CAT16,2025-04-16,2025-09-30,0,618,0.0952,0.8095,0.3333,0.1111,3,3.33
CUST04807,C03,2025-08-28,1,1,0,40.00,40.0,1,1.0,1,CAT07,2025-09-16,2025-09-16,14,33,0.0,0.0,0.0,0.0,0,
CUST04808,C03,2025-08-29,1,1,0,304.80,304.8,3,2.0,2,CAT05,2025-09-15,2025-09-15,15,32,0.0,0.0,0.0,1.0,0,
CUST04809,C03,2025-05-01,2,2,0,2903.75,1451.88,8,3.5,5,CAT15,2025-07-11,2025-09-06,24,152,0.0,0.5,0.5,0.5,0,
CUST04810,C03,2023-06-25,28,24,2,42522.00,1771.75,193,5.08,20,CAT15,2025-04-12,2025-09-27,3,828,0.0714,0.0714,0.4643,0.2083,5,3.6
CUST04811,C01,2023-11-11,15,15,0,8489.20,565.95,58,2.73,16,CAT05,2025-04-05,2025-09-28,2,689,0.0,0.0,0.6667,0.1333,4,5.0
CUST04812,C02,2024-07-28,14,13,1,8178.40,629.11,55,3.0,15,CAT01,2025-04-08,2025-09-24,6,429,0.0714,0.1429,0.2143,0.1538,2,2.5
CUST04813,C03,2025-09-23,2,2,0,1755.00,877.5,6,2.0,4,CAT08,2025-09-23,2025-09-30,0,7,0.0,0.5,0.0,0.0,0,
CUST04814,C02,2023-06-21,17,15,1,9471.00,631.4,71,3.4,16,CAT15,2025-04-09,2025-09-24,6,832,0.0588,0.0588,0.4706,0.0667,1,1.0
CUST04815,C02,2024-08-13,16,15,0,8053.65,536.91,39,1.93,14,CAT17,2025-04-11,2025-09-28,2,413,0.0,0.6875,0.625,0.2,1,2.0
CUST04816,C02,2023-02-12,3,3,0,453.50,151.17,6,1.67,5,CAT18,2025-04-05,2025-05-28,125,961,0.0,0.6667,0.3333,0.3333,0,
CUST04817,C01,2025-08-01,1,1,0,1064.00,1064.0,4,4.0,3,CAT15,2025-09-07,2025-09-07,23,60,0.0,0.0,1.0,0.0,0,
CUST04818,C03,2024-03-08,36,30,3,40397.00,1346.57,209,5.0,20,CAT05,2025-04-02,2025-09-27,3,571,0.0833,0.0556,0.4167,0.3,3,4.0
CUST04819,C01,2025-05-17,3,2,1,699.75,349.88,9,3.5,5,CAT11,2025-06-01,2025-06-05,117,136,0.3333,0.0,0.3333,0.5,0,
CUST04820,C01,2023-02-14,4,4,0,992.00,248.0,12,2.0,5,CAT07,2025-04-26,2025-07-05,87,959,0.0,0.5,0.5,0.75,1,5.0
CUST04821,C01,2024-02-19,3,2,0,3091.00,1545.5,10,3.0,5,CAT17,2025-04-09,2025-04-29,154,589,0.0,0.3333,0.3333,0.0,0,
CUST04822,C02,2023-09-29,3,3,0,5560.00,1853.33,22,3.67,9,CAT17,2025-05-02,2025-09-26,4,732,0.0,0.0,0.0,0.0,0,
CUST04823,C03,2024-01-19,1,0,1,0.00,,0,,0,,2025-06-04,,,620,1.0,0.0,0.0,,0,
CUST04824,C03,2024-03-04,4,3,1,1593.00,531.0,7,2.0,6,CAT19,2025-07-31,2025-09-12,18,575,0.25,0.0,0.25,0.0,0,
CUST04825,C03,2023-03-05,20,19,0,10769.20,566.8,90,3.42,15,CAT05,2025-04-12,2025-08-23,38,940,0.0,0.05,0.4,0.2105,2,4.0
CUST04826,C02,2023-04-01,5,4,1,6932.60,1733.15,35,5.75,11,CAT05,2025-04-11,2025-07-19,73,913,0.2,0.0,0.8,0.25,1,3.0
CUST04827,C01,2025-01-10,7,5,0,2277.50,455.5,19,3.2,8,CAT01,2025-05-15,2025-09-10,20,263,0.0,0.0,0.1429,0.2,0,
CUST04828,C01,2023-02-27,7,7,0,2921.40,417.34,28,2.57,10,CAT06,2025-04-11,2025-07-29,63,946,0.0,0.5714,0.0,0.2857,0,
CUST04829,C02,2025-09-05,0,0,0,0.00,,0,,0,,,,,25,,,,,0,
CUST04830,C01,2023-09-25,12,9,2,7299.00,811.0,42,3.56,14,CAT01,2025-04-23,2025-07-27,65,736,0.1667,0.0,0.5,0.2222,1,4.0
CUST04831,C03,2025-08-09,0,0,0,0.00,,0,,0,,,,,52,,,,,0,
CUST04832,C03,2023-07-23,1,1,0,694.20,694.2,4,2.0,2,CAT03,2025-04-07,2025-04-07,176,800,0.0,0.0,0.0,1.0,0,
CUST04833,C02,2023-01-12,10,8,2,6042.45,755.31,30,2.63,12,CAT19,2025-04-03,2025-08-31,30,992,0.2,0.1,0.5,0.25,2,3.5
CUST04834,C02,2025-07-05,1,1,0,546.00,546.0,3,2.0,2,CAT16,2025-09-04,2025-09-04,26,87,0.0,0.0,0.0,0.0,0,
CUST04835,C01,2025-09-29,0,0,0,0.00,,0,,0,,,,,1,,,,,0,
CUST04836,C03,2023-08-16,21,19,2,13922.80,732.78,88,3.21,17,CAT15,2025-04-08,2025-09-30,0,776,0.0952,0.1429,0.1905,0.0526,2,3.0
CUST04837,C02,2023-02-22,13,11,2,5515.20,501.38,44,3.0,11,CAT05,2025-04-18,2025-09-22,8,951,0.1538,0.0769,0.3846,0.0909,0,
CUST04838,C01,2023-10-05,8,8,0,4513.80,564.23,32,2.88,10,CAT17,2025-04-20,2025-09-30,0,726,0.0,0.125,0.5,0.25,3,3.67
CUST04839,C02,2024-05-02,3,3,0,1928.00,642.67,12,3.67,9,CAT10,2025-05-11,2025-09-21,9,516,0.0,0.0,1.0,0.0,1,5.0
CUST04840,C01,2024-07-23,0,0,0,0.00,,0,,0,,,,,434,,,,,0,
CUST04841,C03,2023-01-06,2,2,0,581.60,290.8,5,2.0,3,CAT10,2025-05-02,2025-08-03,58,998,0.0,1.0,0.5,0.5,0,
CUST04842,C03,2024-10-29,10,10,0,4015.10,401.51,29,2.5,11,CAT12,2025-05-10,2025-09-07,23,336,0.0,0.7,0.4,0.2,3,4.0
CUST04843,C02,2023-03-02,0,0,0,0.00,,0,,0,,,,,943,,,,,0,
CUST04844,C03,2025-06-19,1,1,0,770.00,770.0,2,2.0,2,CAT17,2025-07-23,2025-07-23,69,103,0.0,0.0,0.0,0.0,0,
CUST04845,C01,2025-02-04,3,3,0,1104.00,368.0,6,1.67,4,CAT13,2025-07-07,2025-09-16,14,238,0.0,0.0,0.0,0.0,2,4.5
CUST04846,C03,2025-04-12,9,7,1,14561.80,2080.26,55,5.0,13,CAT13,2025-05-10,2025-09-24,6,171,0.1111,0.2222,0.8889,0.2857,2,3.5
CUST04847,C01,2023-12-02,6,5,0,2218.00,443.6,13,2.0,7,CAT10,2025-04-20,2025-09-11,19,668,0.0,0.6667,0.1667,0.0,1,2.0
CUST04848,C01,2023-01-04,9,8,1,5857.00,732.13,31,3.13,13,CAT11,2025-04-08,2025-09-24,6,1000,0.1111,0.1111,0.3333,0.0,1,5.0
CUST04849,C03,2025-05-12,14,13,1,8004.80,615.75,77,3.92,11,CAT05,2025-05-22,2025-09-18,12,141,0.0714,0.2143,0.1429,0.4615,4,3.5
CUST04850,C02,2024-12-22,12,11,1,7357.50,668.86,38,2.36,12,CAT17,2025-05-01,2025-09-23,7,282,0.0833,0.0,0.0833,0.0909,0,
CUST04851,C01,2024-08-21,0,0,0,0.00,,0,,0,,,,,405,,,,,0,
CUST04852,C02,2025-06-10,1,0,0,0.00,,0,,0,,2025-08-24,,,112,0.0,0.0,1.0,,1,5.0
CUST04853,C01,2025-04-06,3,2,1,581.40,290.7,6,2.0,3,CAT19,2025-04-29,2025-06-28,94,177,0.3333,0.0,0.6667,0.5,1,1.0
CUST04854,C02,2023-02-28,2,2,0,2794.00,1397.0,10,3.5,7,CAT17,2025-08-25,2025-09-24,6,945,0.0,0.0,0.0,0.0,1,5.0
CUST04855,C02,2023-09-14,13,12,1,7105.60,592.13,48,2.92,10,CAT11,2025-04-01,2025-09-07,23,747,0.0769,0.4615,0.2308,0.25,1,5.0
CUST04856,C02,2025-05-27,3,3,0,4368.00,1456.0,12,3.0,6,CAT17,2025-06-01,2025-08-15,46,126,0.0,0.0,0.3333,0.0,1,1.0
CUST04857,C01,2023-08-25,4,4,0,2536.40,634.1,17,1.75,6,CAT12,2025-04-14,2025-09-11,19,767,0.0,0.25,0.0,0.25,0,
CUST04858,C01,2024-05-09,0,0,0,0.00,,0,,0,,,,,509,,,,,0,
CUST04859,C02,2025-07-03,8,8,0,4508.30,563.54,35,2.75,7,CAT05,2025-07-07,2025-09-26,4,89,0.0,0.125,0.375,0.25,1,4.0
CUST04860,C01,2024-06-17,11,10,0,12561.25,1256.13,61,4.7,17,CAT15,2025-04-07,2025-08-21,40,470,0.0,0.4545,0.5455,0.2,2,3.0
CUST04861,C03,2025-04-17,4,3,1,3467.50,1155.83,19,4.0,7,CAT15,2025-04-28,2025-09-18,12,166,0.25,0.0,0.0,0.6667,0,
CUST04862,C03,2025-09-25,0,0,0,0.00,,0,,0,,,,,5,,,,,0,
CUST04863,C02,2023-02-16,1,0,1,0.00,,0,,0,,2025-06-08,,,957,1.0,0.0,1.0,,0,
CUST04864,C02,2025-08-03,0,0,0,0.00,,0,,0,,,,,58,,,,,0,
CUST04865,C01,2025-08-09,0,0,0,0.00,,0,,0,,,,,52,,,,,0,
CUST04866,C03,2025-04-12,9,8,1,6491.10,811.39,34,3.13,13,CAT05,2025-05-01,2025-09-12,18,171,0.1111,0.2222,0.3333,0.375,2,2.5
CUST04867,C03,2024-06-11,1,1,0,2481.00,2481.0,8,6.0,6,CAT17,2025-09-06,2025-09-06,24,476,0.0,0.0,1.0,0.0,1,5.0
CUST04868,C02,2025-05-01,4,4,0,6142.00,1535.5,22,3.25,7,CAT14,2025-05-15,2025-09-07,23,152,0.0,0.25,0.5,0.0,0,
CUST04869,C03,2025-08-06,7,6,0,4323.85,720.64,23,3.0,13,CAT10,2025-08-09,2025-09-13,17,55,0.0,0.1429,0.7143,0.5,2,4.0
CUST04870,C02,2024-11-29,15,14,1,5662.40,404.46,48,2.86,15,CAT03,2025-04-03,2025-09-25,5,305,0.0667,0.2,0.1333,0.1429,3,4.33
CUST04871,C03,2023-07-27,3,3,0,2749.00,916.33,18,3.67,9,CAT13,2025-04-16,2025-06-19,103,796,0.0,0.3333,0.0,0.0,0,
CUST04872,C01,2025-09-02,2,2,0,1050.00,525.0,4,1.0,2,CAT10,2025-09-26,2025-09-28,2,28,0.0,1.0,0.5,0.0,0,
CUST04873,C02,2023-03-05,6,4,1,1123.50,280.88,9,2.0,6,CAT16,2025-06-28,2025-09-24,6,940,0.1667,0.1667,0.3333,0.25,0,
CUST04874,C01,2025-07-18,1,1,0,1487.00,1487.0,10,6.0,6,CAT15,2025-08-09,2025-08-09,52,74,0.0,0.0,1.0,0.0,1,2.0
CUST04875,C01,2023-02-16,34,31,3,21698.90,699.96,139,3.16,17,CAT05,2025-04-08,2025-09-25,5,957,0.0882,0.2353,0.2647,0.2903,4,4.5
CUST04876,C01,2024-09-24,10,8,2,11779.00,1472.38,42,3.75,12,CAT17,2025-04-25,2025-09-20,10,371,0.2,0.2,0.4,0.0,2,4.0
CUST04877,C01,2023-07-13,3,3,0,796.80,265.6,9,2.0,5,CAT03,2025-04-28,2025-09-29,1,810,0.0,0.0,0.0,0.3333,0,
CUST04878,C03,2025-08-23,0,0,0,0.00,,0,,0,,,,,38,,,,,0,
CUST04879,C03,2025-02-26,8,7,1,775.90,110.84,10,1.29,6,CAT08,2025-06-02,2025-09-05,25,216,0.125,0.625,0.25,0.1429,2,5.0
CUST04880,C01,2023-03-15,4,3,0,5633.00,1877.67,17,3.67,8,CAT15,2025-04-30,2025-07-07,85,930,0.0,0.5,0.0,0.0,1,3.0
CUST04881,C01,2023-09-25,2,2,0,2473.00,1236.5,11,4.5,9,CAT17,2025-05-15,2025-08-12,49,736,0.0,0.0,0.0,0.0,0,
CUST04882,C02,2024-08-09,3,3,0,1028.00,342.67,11,2.67,8,CAT13,2025-04-07,2025-05-05,148,417,0.0,1.0,0.3333,0.0,0,
CUST04883,C01,2025-06-13,3,3,0,2949.00,983.0,16,3.33,7,CAT16,2025-07-15,2025-09-14,16,109,0.0,1.0,0.3333,0.0,1,3.0
CUST04884,C03,2025-08-05,3,2,0,2469.00,1234.5,15,5.5,8,CAT05,2025-08-06,2025-08-29,32,56,0.0,0.0,0.3333,0.0,1,5.0
CUST04885,C02,2025-07-15,3,2,1,1324.00,662.0,7,3.0,6,CAT17,2025-07-27,2025-09-01,29,77,0.3333,0.3333,0.3333,0.5,1,4.0
CUST04886,C03,2024-07-17,0,0,0,0.00,,0,,0,,,,,440,,,,,0,
CUST04887,C02,2024-09-20,23,19,2,14970.45,787.92,78,3.05,18,CAT17,2025-04-18,2025-09-22,8,375,0.087,0.1304,0.2609,0.2632,3,4.0
CUST04888,C02,2023-10-26,10,9,0,6601.20,733.47,31,2.22,11,CAT11,2025-05-22,2025-09-27,3,705,0.0,0.5,0.4,0.1111,1,3.0
CUST04889,C02,2024-04-12,2,1,1,228.00,228.0,2,1.0,1,CAT06,2025-04-07,2025-04-07,176,536,0.5,0.0,0.5,0.0,0,
CUST04890,C01,2025-09-21,0,0,0,0.00,,0,,0,,,,,9,,,,,0,
CUST04891,C03,2024-06-15,14,14,0,6160.00,440.0,42,2.43,12,CAT12,2025-04-03,2025-09-26,4,472,0.0,0.7143,0.0714,0.1429,4,3.25
CUST04892,C03,2025-05-30,1,1,0,178.00,178.0,2,1.0,1,CAT03,2025-06-14,2025-06-14,108,123,0.0,0.0,1.0,0.0,1,4.0
CUST04893,C02,2024-01-11,6,6,0,5562.00,927.0,37,4.0,11,CAT05,2025-04-08,2025-08-31,30,628,0.0,0.1667,0.3333,0.0,1,5.0
CUST04894,C03,2023-03-05,0,0,0,0.00,,0,,0,,,,,940,,,,,0,
CUST04895,C01,2024-03-04,4,4,0,593.00,148.25,4,1.0,4,CAT16,2025-04-13,2025-09-13,17,575,0.0,0.5,0.5,0.0,1,4.0
CUST04896,C03,2023-08-19,6,6,0,2130.00,355.0,15,1.83,7,CAT12,2025-05-25,2025-09-23,7,773,0.0,0.6667,0.3333,0.0,1,4.0
CUST04897,C03,2024-03-16,2,2,0,2050.00,1025.0,6,2.5,5,CAT17,2025-04-27,2025-07-10,82,563,0.0,0.0,0.5,0.0,0,
CUST04898,C03,2025-06-28,1,1,0,2475.50,2475.5,9,6.0,5,CAT11,2025-08-31,2025-08-31,30,94,0.0,0.0,1.0,1.0,1,5.0
CUST04899,C01,2023-04-30,3,2,0,1513.75,756.88,14,5.0,8,CAT16,2025-05-17,2025-06-10,112,884,0.0,0.6667,0.3333,1.0,0,
CUST04900,C01,2024-07-24,1,1,0,1195.00,1195.0,6,4.0,4,CAT20,2025-04-11,2025-04-11,172,433,0.0,0.0,0.0,0.0,0,
CUST04901,C03,2023-02-09,7,7,0,3610.00,515.71,20,2.0,10,CAT17,2025-04-26,2025-08-23,38,964,0.0,0.8571,0.4286,0.0,0,
CUST04902,C03,2025-05-15,2,2,0,421.25,210.63,3,1.5,3,CAT12,2025-08-09,2025-09-09,21,138,0.0,0.0,0.5,0.5,0,
CUST04903,C03,2025-09-12,2,2,0,1077.00,538.5,6,3.0,5,CAT14,2025-09-12,2025-09-27,3,18,0.0,0.5,0.5,0.0,0,
CUST04904,C02,2025-08-12,0,0,0,0.00,,0,,0,,,,,49,,,,,0,
CUST04905,C02,2024-03-10,9,9,0,16169.50,1796.61,67,5.0,17,CAT15,2025-05-03,2025-08-22,39,569,0.0,0.2222,0.3333,0.2222,3,3.67
CUST04906,C03,2025-04-20,4,3,0,4359.65,1453.22,12,2.33,7,CAT01,2025-05-17,2025-09-24,6,163,0.0,0.25,0.5,0.3333,0,
CUST04907,C02,2025-05-06,4,4,0,2786.00,696.5,18,3.5,8,CAT05,2025-07-14,2025-09-09,21,147,0.0,0.0,0.0,0.0,0,
CUST04908,C01,2023-02-02,7,6,0,10124.50,1687.42,51,6.83,11,CAT10,2025-04-24,2025-09-15,15,971,0.0,0.1429,0.5714,0.1667,1,5.0
CUST04909,C01,2023-04-21,26,25,0,6949.00,277.96,59,1.64,14,CAT08,2025-04-12,2025-09-27,3,893,0.0,0.6154,0.3077,0.08,3,3.33
CUST04910,C03,2024-09-09,11,11,0,20313.50,1846.68,87,6.18,17,CAT17,2025-04-11,2025-09-22,8,386,0.0,0.1818,0.4545,0.0909,2,2.5
CUST04911,C03,2025-05-31,3,3,0,1913.75,637.92,9,2.33,5,CAT11,2025-06-09,2025-06-19,103,122,0.0,0.0,0.0,1.0,0,
CUST04912,C02,2025-06-07,3,3,0,2030.00,676.67,12,2.67,7,CAT05,2025-06-13,2025-07-24,68,115,0.0,0.3333,0.0,0.0,1,3.0
CUST04913,C03,2023-06-13,5,4,0,2201.00,550.25,14,3.25,7,CAT01,2025-04-06,2025-05-15,138,840,0.0,0.4,0.2,0.0,0,
CUST04914,C01,2024-01-12,2,2,0,3088.00,1544.0,13,4.5,7,CAT15,2025-08-06,2025-09-06,24,627,0.0,0.0,0.5,0.0,1,1.0
CUST04915,C02,2023-05-19,5,4,0,10439.00,2609.75,42,6.75,15,CAT10,2025-05-20,2025-08-03,58,865,0.0,0.2,0.8,0.0,2,4.5
CUST04916,C01,2025-08-22,0,0,0,0.00,,0,,0,,,,,39,,,,,0,
CUST04917,C01,2024-04-18,2,2,0,509.00,254.5,3,1.5,3,CAT10,2025-05-14,2025-07-11,81,530,0.0,0.5,0.0,0.0,1,5.0
CUST04918,C03,2023-03-24,1,1,0,942.00,942.0,6,3.0,3,CAT05,2025-08-25,2025-08-25,36,921,0.0,1.0,0.0,0.0,0,
CUST04919,C03,2024-06-25,3,3,0,4460.00,1486.67,20,3.67,8,CAT15,2025-06-03,2025-09-29,1,462,0.0,0.0,0.0,0.0,1,2.0
CUST04920,C01,2024-04-29,9,7,0,8559.40,1222.77,50,5.29,14,CAT17,2025-04-02,2025-09-13,17,519,0.0,0.1111,0.3333,0.1429,1,4.0
CUST04921,C03,2025-09-05,1,1,0,114.00,114.0,1,1.0,1,CAT06,2025-09-08,2025-09-08,22,25,0.0,0.0,0.0,0.0,0,
CUST04922,C01,2025-06-02,1,1,0,3410.00,3410.0,11,8.0,5,CAT15,2025-09-04,2025-09-04,26,120,0.0,0.0,0.0,0.0,0,
CUST04923,C01,2023-11-29,7,6,1,6463.00,1077.17,27,3.5,14,CAT17,2025-04-06,2025-08-02,59,671,0.1429,0.0,0.8571,0.0,1,4.0
CUST04924,C03,2023-05-29,7,7,0,3861.30,551.61,27,2.71,12,CAT16,2025-04-26,2025-09-12,18,855,0.0,0.1429,0.4286,0.5714,0,
CUST04925,C02,2025-02-02,5,5,0,2321.85,464.37,18,2.6,8,CAT14,2025-04-18,2025-07-21,71,240,0.0,0.6,0.0,0.2,1,5.0
CUST04926,C03,2025-07-24,1,1,0,1107.00,1107.0,3,1.0,1,CAT05,2025-09-02,2025-09-02,28,68,0.0,1.0,0.0,0.0,0,
CUST04927,C01,2025-04-04,6,6,0,3277.20,546.2,18,2.5,9,CAT17,2025-04-06,2025-09-24,6,179,0.0,0.0,0.3333,0.1667,1,4.0
CUST04928,C03,2023-09-12,16,14,1,11704.00,836.0,48,2.21,12,CAT17,2025-04-05,2025-09-16,14,749,0.0625,0.125,0.3125,0.0,1,5.0
CUST04929,C03,2024-08-07,6,3,1,2626.70,875.57,13,3.67,9,CAT15,2025-04-09,2025-07-28,64,419,0.1667,0.3333,0.5,0.6667,1,4.0
CUST04930,C03,2024-02-21,1,1,0,40.00,40.0,1,1.0,1,CAT08,2025-05-08,2025-05-08,145,587,0.0,0.0,0.0,0.0,0,
CUST04931,C01,2024-06-18,13,12,0,5070.10,422.51,42,2.75,12,CAT01,2025-04-06,2025-09-02,28,469,0.0,0.2308,0.2308,0.1667,4,4.5
CUST04932,C03,2023-08-15,9,9,0,5546.10,616.23,31,2.0,10,CAT13,2025-04-06,2025-06-07,115,777,0.0,0.0,0.3333,0.1111,3,4.67
CUST04933,C01,2023-01-16,3,2,0,7457.60,3728.8,22,7.0,9,CAT17,2025-06-04,2025-08-08,53,988,0.0,0.3333,0.3333,1.0,0,
CUST04934,C01,2025-08-21,4,4,0,2084.00,521.0,14,2.0,7,CAT17,2025-09-19,2025-09-26,4,40,0.0,0.5,0.25,0.0,1,1.0
CUST04935,C01,2024-01-14,2,2,0,5704.60,2852.3,18,5.5,7,CAT05,2025-04-06,2025-06-07,115,625,0.0,0.0,1.0,0.5,1,3.0
CUST04936,C01,2023-10-25,6,5,1,9888.10,1977.62,29,2.0,9,CAT05,2025-04-06,2025-09-22,8,706,0.1667,0.1667,0.5,0.4,1,1.0
CUST04937,C01,2025-06-15,4,4,0,2500.25,625.06,21,3.75,9,CAT05,2025-06-25,2025-09-10,20,107,0.0,0.0,0.0,0.25,1,4.0
CUST04938,C01,2023-02-18,7,7,0,5858.05,836.86,35,3.0,10,CAT08,2025-04-07,2025-09-28,2,955,0.0,0.5714,0.5714,0.1429,1,4.0
CUST04939,C02,2023-08-27,3,2,1,2062.00,1031.0,7,1.5,2,CAT15,2025-05-17,2025-06-25,97,765,0.3333,0.0,0.3333,0.0,0,
CUST04940,C01,2025-01-09,3,3,0,1613.00,537.67,10,2.33,6,CAT10,2025-05-04,2025-09-06,24,264,0.0,0.3333,0.6667,0.0,0,
CUST04941,C03,2024-07-08,4,4,0,1068.20,267.05,12,2.5,7,CAT03,2025-04-02,2025-04-21,162,449,0.0,0.0,0.25,0.25,1,4.0
CUST04942,C01,2025-02-10,5,4,1,2829.00,707.25,17,2.75,8,CAT11,2025-05-19,2025-09-21,9,232,0.2,0.6,0.2,0.0,1,5.0
CUST04943,C03,2025-08-11,0,0,0,0.00,,0,,0,,,,,50,,,,,0,
CUST04944,C02,2023-10-09,15,14,1,4994.00,356.71,36,2.21,13,CAT13,2025-04-22,2025-09-30,0,722,0.0667,0.8,0.1333,0.1429,2,4.0
CUST04945,C03,2024-12-25,30,27,1,15492.20,573.79,118,2.96,18,CAT05,2025-04-03,2025-09-28,2,279,0.0333,0.2,0.3667,0.1852,1,3.0
CUST04946,C02,2024-06-01,9,9,0,9278.25,1030.92,34,2.67,8,CAT17,2025-04-24,2025-09-02,28,486,0.0,0.2222,0.2222,0.1111,3,3.67
CUST04947,C03,2023-01-15,4,4,0,3660.00,915.0,8,1.5,5,CAT17,2025-04-08,2025-08-03,58,989,0.0,0.5,0.25,0.0,0,
CUST04948,C02,2024-10-04,8,8,0,7394.00,924.25,26,2.25,11,CAT17,2025-04-09,2025-09-15,15,361,0.0,0.125,0.375,0.0,1,5.0
CUST04949,C02,2024-02-19,13,12,0,15081.00,1256.75,38,2.58,12,CAT17,2025-04-06,2025-09-20,10,589,0.0,0.2308,0.4615,0.0,1,5.0
CUST04950,C03,2025-07-14,15,13,1,12692.65,976.36,74,3.31,15,CAT15,2025-07-16,2025-09-24,6,78,0.0667,0.0667,0.2,0.2308,1,5.0
CUST04951,C01,2024-01-08,17,15,1,7957.00,530.47,38,1.87,12,CAT15,2025-04-16,2025-09-02,28,631,0.0588,0.3529,0.2941,0.2,3,4.33
CUST04952,C01,2024-10-04,7,7,0,3600.50,514.36,32,3.29,10,CAT14,2025-05-15,2025-09-21,9,361,0.0,0.1429,0.1429,0.2857,1,3.0
CUST04953,C01,2024-10-16,9,9,0,5911.00,656.78,34,2.78,12,CAT03,2025-04-21,2025-09-01,29,349,0.0,0.1111,0.2222,0.0,3,4.0
CUST04954,C02,2024-05-03,11,10,1,10041.20,1004.12,32,2.3,13,CAT17,2025-04-03,2025-09-19,11,515,0.0909,0.4545,0.0909,0.1,3,5.0
CUST04955,C03,2025-05-26,2,2,0,2071.00,1035.5,11,4.0,5,CAT05,2025-06-28,2025-08-24,37,127,0.0,0.0,1.0,0.0,1,4.0
CUST04956,C01,2023-07-03,11,11,0,9369.60,851.78,62,4.36,15,CAT05,2025-04-24,2025-09-26,4,820,0.0,0.0,0.5455,0.1818,0,
CUST04957,C02,2025-09-28,0,0,0,0.00,,0,,0,,,,,2,,,,,0,
CUST04958,C01,2024-10-18,10,8,1,5609.00,701.13,37,3.38,14,CAT17,2025-05-03,2025-09-05,25,347,0.1,0.2,0.4,0.125,1,5.0
CUST04959,C02,2025-03-06,2,2,0,714.60,357.3,10,3.0,5,CAT04,2025-05-05,2025-09-14,16,208,0.0,0.5,0.5,0.5,0,
CUST04960,C03,2024-05-31,7,6,1,6118.10,1019.68,50,2.83,9,CAT11,2025-04-04,2025-09-15,15,487,0.1429,0.1429,0.2857,0.3333,2,3.0
CUST04961,C03,2025-03-17,4,3,1,3359.00,1119.67,18,5.33,7,CAT05,2025-05-11,2025-08-05,56,197,0.25,0.0,0.75,0.0,1,4.0
CUST04962,C01,2023-04-30,6,6,0,5091.55,848.59,32,2.83,11,CAT01,2025-04-15,2025-08-21,40,884,0.0,0.0,0.1667,0.3333,1,4.0
CUST04963,C03,2023-02-26,2,2,0,1693.80,846.9,14,4.5,6,CAT11,2025-05-11,2025-08-18,43,947,0.0,0.0,0.5,0.5,0,
CUST04964,C01,2023-09-21,0,0,0,0.00,,0,,0,,,,,740,,,,,0,
CUST04965,C02,2024-01-27,2,2,0,2227.00,1113.5,9,3.5,6,CAT17,2025-04-12,2025-06-25,97,612,0.0,1.0,0.5,0.0,0,
CUST04966,C02,2025-04-16,3,3,0,4890.00,1630.0,22,5.67,9,CAT15,2025-06-21,2025-09-02,28,167,0.0,0.0,0.6667,0.0,0,
CUST04967,C03,2024-03-06,2,2,0,1030.00,515.0,6,3.0,5,CAT17,2025-04-07,2025-06-09,113,573,0.0,0.5,0.0,0.0,0,
CUST04968,C03,2023-03-23,7,6,0,4987.50,831.25,37,3.83,10,CAT17,2025-05-21,2025-08-18,43,922,0.0,0.2857,0.1429,0.3333,1,5.0
CUST04969,C02,2023-01-05,1,1,0,1134.00,1134.0,6,4.0,4,CAT12,2025-04-21,2025-04-21,162,999,0.0,0.0,0.0,0.0,0,
CUST04970,C02,2025-06-28,0,0,0,0.00,,0,,0,,,,,94,,,,,0,
CUST04971,C02,2024-12-04,24,21,2,18257.00,869.38,79,2.48,18,CAT17,2025-04-02,2025-09-28,2,300,0.0833,0.0417,0.25,0.0,3,4.67
CUST04972,C01,2024-12-13,9,8,1,11539.45,1442.43,45,4.25,12,CAT15,2025-04-20,2025-09-12,18,291,0.1111,0.1111,0.5556,0.125,3,4.0
CUST04973,C02,2025-05-27,3,2,1,4165.10,2082.55,14,6.5,8,CAT15,2025-08-02,2025-08-10,51,126,0.3333,0.0,0.6667,1.0,0,
CUST04974,C02,2023-08-08,1,1,0,214.00,214.0,4,4.0,3,CAT19,2025-05-28,2025-05-28,125,784,0.0,0.0,0.0,0.0,0,
CUST04975,C03,2023-03-28,6,5,1,3880.30,776.06,32,3.8,9,CAT05,2025-05-13,2025-09-01,29,917,0.1667,0.0,0.1667,0.2,0,
CUST04976,C02,2023-03-28,5,4,0,744.00,186.0,12,2.25,5,CAT09,2025-05-10,2025-09-23,7,917,0.0,0.6,0.2,0.0,0,
CUST04977,C03,2023-02-19,6,5,1,5252.80,1050.56,20,2.8,10,CAT15,2025-04-21,2025-09-24,6,954,0.1667,0.3333,0.0,0.4,0,
CUST04978,C01,2024-06-20,6,6,0,2573.00,428.83,22,2.33,8,CAT01,2025-04-12,2025-07-12,80,467,0.0,0.1667,0.5,0.0,1,5.0
CUST04979,C03,2024-01-07,7,7,0,3553.00,507.57,21,2.0,6,CAT12,2025-04-09,2025-09-24,6,632,0.0,0.7143,0.1429,0.0,1,1.0
CUST04980,C01,2024-04-16,4,4,0,2037.00,509.25,14,2.25,7,CAT03,2025-05-13,2025-08-29,32,532,0.0,0.25,0.0,0.0,0,
CUST04981,C02,2025-06-26,1,1,0,816.00,816.0,5,5.0,5,CAT10,2025-09-13,2025-09-13,17,96,0.0,0.0,1.0,0.0,1,4.0
CUST04982,C01,2025-08-20,1,1,0,3748.00,3748.0,9,6.0,5,CAT17,2025-08-27,2025-08-27,34,41,0.0,1.0,0.0,0.0,0,
CUST04983,C01,2023-10-13,6,6,0,10026.50,1671.08,44,5.5,13,CAT15,2025-05-14,2025-08-24,37,718,0.0,0.0,0.3333,0.3333,1,2.0
CUST04984,C01,2023-03-07,2,2,0,3229.10,1614.55,18,5.5,9,CAT08,2025-04-18,2025-07-05,87,938,0.0,0.5,0.5,0.5,1,1.0
CUST04985,C01,2023-03-22,1,1,0,832.00,832.0,2,1.0,1,CAT05,2025-07-13,2025-07-13,79,923,0.0,0.0,1.0,0.0,0,
CUST04986,C02,2025-01-20,2,2,0,719.00,359.5,4,1.5,3,CAT12,2025-07-09,2025-08-18,43,253,0.0,0.5,0.0,0.0,0,
CUST04987,C03,2023-12-11,10,7,2,2907.00,415.29,24,2.29,10,CAT05,2025-04-03,2025-09-09,21,659,0.2,0.4,0.4,0.0,1,3.0
CUST04988,C03,2023-08-29,3,2,1,858.00,429.0,7,2.5,3,CAT12,2025-08-24,2025-09-24,6,763,0.3333,0.6667,0.3333,0.0,0,
CUST04989,C03,2023-09-19,3,3,0,7934.00,2644.67,15,2.67,5,CAT17,2025-04-03,2025-09-11,19,742,0.0,0.0,0.3333,0.0,1,5.0
CUST04990,C03,2023-07-06,10,8,0,6339.10,792.39,38,3.88,11,CAT05,2025-04-01,2025-08-28,33,817,0.0,0.0,0.2,0.25,0,
CUST04991,C01,2025-07-11,0,0,0,0.00,,0,,0,,,,,81,,,,,0,
CUST04992,C03,2023-12-23,4,4,0,1750.00,437.5,14,3.25,9,CAT01,2025-04-21,2025-09-18,12,647,0.0,0.0,0.0,0.0,0,
CUST04993,C01,2024-12-22,3,3,0,897.75,299.25,10,2.33,5,CAT08,2025-04-21,2025-08-15,46,282,0.0,1.0,0.3333,0.3333,2,4.5
CUST04994,C01,2023-11-28,3,3,0,1750.00,583.33,7,1.67,5,CAT17,2025-04-18,2025-08-20,41,672,0.0,0.0,0.0,0.0,0,
CUST04995,C03,2025-05-09,3,3,0,502.00,167.33,6,1.33,4,CAT20,2025-06-21,2025-08-22,39,144,0.0,0.0,0.3333,0.0,0,
CUST04996,C02,2024-06-05,5,5,0,8281.20,1656.24,25,3.8,13,CAT17,2025-04-19,2025-09-16,14,482,0.0,0.4,0.8,0.2,0,
CUST04997,C02,2024-08-17,9,7,2,10531.00,1504.43,51,5.43,14,CAT15,2025-05-03,2025-08-30,31,409,0.2222,0.1111,0.4444,0.0,3,4.0
CUST04998,C02,2023-04-28,2,1,0,1232.00,1232.0,8,4.0,2,CAT16,2025-06-25,2025-08-08,53,886,0.0,0.0,0.0,1.0,0,
CUST04999,C02,2025-09-25,0,0,0,0.00,,0,,0,,,,,5,,,,,0,
CUST05000,C02,2025-07-06,18,16,0,17973.20,1123.33,112,3.19,16,CAT15,2025-07-06,2025-09-29,1,86,0.0,0.2222,0.5556,0.25,2,4.5
CUST05001,C03,2025-05-03,2,1,1,343.20,343.2,2,2.0,2,CAT12,2025-08-19,2025-08-19,42,150,0.5,0.5,0.0,1.0,1,5.0
CUST05002,C01,2024-05-16,3,2,0,2668.00,1334.0,14,5.5,6,CAT13,2025-04-12,2025-05-18,135,502,0.0,0.0,1.0,0.0,0,
CUST05003,C02,2023-04-27,4,3,0,1389.50,463.17,10,2.33,3,CAT05,2025-06-26,2025-08-17,44,887,0.0,0.0,0.5,0.3333,2,2.0
CUST05004,C02,2023-07-27,2,2,0,721.00,360.5,5,2.0,3,CAT13,2025-07-10,2025-08-23,38,796,0.0,0.0,0.5,0.0,0,
CUST05005,C01,2024-06-28,8,7,1,2344.10,334.87,20,2.43,7,CAT03,2025-04-03,2025-09-27,3,459,0.125,0.375,0.25,0.4286,0,
CUST05006,C01,2025-07-06,3,2,0,1126.80,563.4,9,3.5,6,CAT17,2025-07-13,2025-08-08,53,86,0.0,0.0,0.3333,0.5,0,
CUST05007,C01,2023-12-13,5,4,1,1901.00,475.25,10,2.25,6,CAT17,2025-04-18,2025-06-18,104,657,0.2,0.6,0.2,0.0,1,5.0
CUST05008,C01,2024-03-15,1,1,0,2694.00,2694.0,16,10.0,8,CAT05,2025-09-05,2025-09-05,25,564,0.0,0.0,0.0,0.0,0,
CUST05009,C02,2024-07-02,5,5,0,2318.50,463.7,19,3.0,10,CAT05,2025-05-01,2025-08-28,33,455,0.0,0.2,0.4,0.4,1,3.0
CUST05010,C02,2024-11-19,10,10,0,9862.00,986.2,40,2.7,12,CAT17,2025-04-08,2025-09-27,3,315,0.0,0.4,0.3,0.0,1,4.0
CUST05011,C03,2025-03-31,1,0,1,0.00,,0,,0,,2025-07-09,,,183,1.0,0.0,0.0,,0,
CUST05012,C02,2025-09-21,0,0,0,0.00,,0,,0,,,,,9,,,,,0,
CUST05013,C02,2024-02-23,18,16,0,9721.40,607.59,74,3.0,15,CAT05,2025-04-12,2025-09-10,20,585,0.0,0.1111,0.2778,0.375,2,3.5
CUST05014,C03,2024-10-12,4,4,0,2457.05,614.26,16,3.0,10,CAT05,2025-04-19,2025-07-24,68,353,0.0,0.5,0.75,0.5,1,5.0
CUST05015,C02,2024-07-13,3,3,0,2297.00,765.67,12,3.0,7,CAT11,2025-04-25,2025-06-28,94,444,0.0,0.0,0.3333,0.0,2,4.5
CUST05016,C01,2024-03-21,12,10,1,9358.20,935.82,63,4.5,13,CAT05,2025-04-10,2025-09-29,1,558,0.0833,0.1667,0.1667,0.1,3,4.0
CUST05017,C01,2025-09-24,1,1,0,1256.00,1256.0,6,5.0,5,CAT15,2025-09-26,2025-09-26,4,6,0.0,0.0,0.0,0.0,0,
CUST05018,C01,2025-08-29,1,1,0,406.00,406.0,5,4.0,4,CAT04,2025-09-27,2025-09-27,3,32,0.0,0.0,1.0,0.0,0,
CUST05019,C02,2023-09-28,7,7,0,1145.00,163.57,16,1.71,8,CAT03,2025-04-21,2025-08-22,39,733,0.0,0.1429,0.2857,0.0,0,
CUST05020,C01,2024-08-02,8,7,1,4211.80,601.69,24,2.43,8,CAT05,2025-05-05,2025-09-04,26,424,0.125,0.0,0.25,0.1429,3,3.33
CUST05021,C01,2024-11-09,5,5,0,3517.00,703.4,19,2.0,8,CAT19,2025-06-23,2025-09-03,27,325,0.0,0.2,0.0,0.4,1,4.0
CUST05022,C01,2025-02-07,5,5,0,3738.00,747.6,13,2.2,9,CAT17,2025-04-06,2025-09-28,2,235,0.0,0.2,0.6,0.0,2,3.0
CUST05023,C01,2023-06-06,4,4,0,5566.00,1391.5,26,4.75,12,CAT10,2025-04-26,2025-09-20,10,847,0.0,0.0,1.0,0.0,0,
CUST05024,C01,2023-02-19,1,0,0,0.00,,0,,0,,2025-07-19,,,954,0.0,0.0,1.0,,0,
CUST05025,C01,2023-07-16,4,3,1,5368.00,1789.33,19,5.33,9,CAT15,2025-04-06,2025-07-05,87,807,0.25,0.0,0.75,0.0,1,2.0
CUST05026,C03,2025-04-06,1,0,0,0.00,,0,,0,,2025-05-15,,,177,0.0,1.0,0.0,,0,
CUST05027,C03,2025-05-17,2,2,0,2197.65,1098.83,9,3.5,4,CAT19,2025-05-28,2025-09-09,21,136,0.0,0.5,0.0,1.0,0,
CUST05028,C03,2025-06-09,10,9,1,9467.75,1051.97,51,4.11,16,CAT17,2025-06-18,2025-09-28,2,113,0.1,0.1,0.4,0.1111,1,5.0
CUST05029,C01,2023-12-31,24,23,1,20101.10,873.96,109,3.26,16,CAT17,2025-04-27,2025-09-30,0,639,0.0417,0.1667,0.2917,0.1739,4,4.25
CUST05030,C01,2024-01-03,1,1,0,789.00,789.0,1,1.0,1,CAT17,2025-09-08,2025-09-08,22,636,0.0,1.0,0.0,0.0,0,
CUST05031,C02,2023-10-16,2,2,0,1533.00,766.5,6,2.0,3,CAT19,2025-06-02,2025-09-30,0,715,0.0,0.0,0.0,0.0,0,
CUST05032,C02,2023-08-27,2,2,0,2759.20,1379.6,5,2.0,4,CAT17,2025-04-26,2025-08-20,41,765,0.0,0.0,0.5,0.5,0,
CUST05033,C03,2023-01-19,8,6,1,5046.40,841.07,23,2.67,12,CAT17,2025-05-15,2025-09-30,0,985,0.125,0.0,0.125,0.1667,1,5.0
CUST05034,C02,2024-11-25,4,3,1,1411.20,470.4,10,2.33,7,CAT16,2025-05-01,2025-05-29,124,309,0.25,0.25,0.0,0.6667,0,
CUST05035,C01,2025-07-27,3,3,0,1061.50,353.83,13,3.67,6,CAT03,2025-08-17,2025-09-04,26,65,0.0,0.0,0.6667,0.3333,0,
CUST05036,C01,2023-09-27,2,2,0,1583.20,791.6,10,2.5,5,CAT17,2025-04-17,2025-06-04,118,734,0.0,0.5,0.0,1.0,0,
CUST05037,C02,2023-08-28,3,3,0,689.00,229.67,7,1.67,5,CAT12,2025-04-28,2025-05-21,132,764,0.0,0.3333,0.0,0.0,0,
CUST05038,C03,2023-08-31,2,2,0,658.00,329.0,3,1.5,3,CAT13,2025-05-11,2025-09-29,1,761,0.0,1.0,0.5,0.0,0,
CUST05039,C03,2025-08-25,4,4,0,3750.30,937.58,26,4.5,10,CAT05,2025-08-25,2025-09-21,9,36,0.0,0.25,0.25,0.25,0,
CUST05040,C01,2025-01-19,3,3,0,2277.80,759.27,12,3.33,8,CAT15,2025-04-12,2025-05-10,143,254,0.0,0.3333,0.6667,0.6667,0,
CUST05041,C03,2024-10-04,19,19,0,13561.10,713.74,80,3.21,18,CAT05,2025-04-16,2025-09-12,18,361,0.0,0.2105,0.2632,0.1579,4,3.75
CUST05042,C01,2024-06-10,6,5,1,3493.80,698.76,16,2.6,9,CAT17,2025-05-12,2025-09-22,8,477,0.1667,0.1667,0.3333,0.2,0,
CUST05043,C02,2023-12-16,0,0,0,0.00,,0,,0,,,,,654,,,,,0,
CUST05044,C01,2023-03-31,10,10,0,6509.00,650.9,57,4.2,11,CAT05,2025-04-03,2025-08-29,32,914,0.0,0.1,0.2,0.1,2,4.0
CUST05045,C03,2023-11-04,8,7,0,5406.55,772.36,24,2.43,9,CAT19,2025-04-01,2025-08-06,55,696,0.0,0.125,0.375,0.1429,3,2.67
CUST05046,C02,2023-12-29,3,2,1,2018.40,1009.2,8,3.0,5,CAT15,2025-06-05,2025-09-25,5,641,0.3333,0.0,0.0,0.5,0,
CUST05047,C02,2023-03-29,5,5,0,4210.70,842.14,27,3.4,10,CAT14,2025-04-26,2025-09-24,6,916,0.0,0.0,0.2,0.2,0,
CUST05048,C03,2024-06-29,7,6,1,2286.75,381.13,19,2.33,7,CAT06,2025-04-11,2025-09-22,8,458,0.1429,0.5714,0.1429,0.1667,0,
CUST05049,C03,2023-06-14,0,0,0,0.00,,0,,0,,,,,839,,,,,0,
CUST05050,C02,2025-07-27,0,0,0,0.00,,0,,0,,,,,65,,,,,0,
CUST05051,C02,2023-03-10,26,24,0,19643.80,818.49,120,3.58,18,CAT05,2025-04-03,2025-09-20,10,935,0.0,0.1538,0.2308,0.2083,7,3.57
CUST05052,C02,2024-07-09,7,6,0,10527.40,1754.57,52,6.17,14,CAT15,2025-04-07,2025-09-22,8,448,0.0,0.0,0.4286,0.1667,0,
CUST05053,C02,2025-05-18,17,17,0,10900.75,641.22,73,2.88,15,CAT10,2025-05-18,2025-09-20,10,135,0.0,0.1765,0.4118,0.1176,3,3.33
CUST05054,C02,2025-09-24,0,0,0,0.00,,0,,0,,,,,6,,,,,0,
CUST05055,C02,2023-04-16,1,0,1,0.00,,0,,0,,2025-04-01,,,898,1.0,1.0,0.0,,0,
CUST05056,C02,2023-12-05,4,3,0,4269.50,1423.17,13,3.0,8,CAT16,2025-05-03,2025-09-06,24,665,0.0,0.5,0.5,0.3333,1,4.0
CUST05057,C03,2024-01-17,9,8,0,2238.80,279.85,17,1.63,9,CAT15,2025-04-04,2025-08-20,41,622,0.0,0.8889,0.3333,0.125,0,
CUST05058,C01,2023-07-15,3,3,0,5508.20,1836.07,24,6.0,11,CAT13,2025-04-15,2025-09-02,28,808,0.0,0.3333,0.3333,0.3333,1,4.0
CUST05059,C01,2025-08-04,1,1,0,697.00,697.0,2,2.0,2,CAT10,2025-08-30,2025-08-30,31,57,0.0,0.0,1.0,0.0,0,
CUST05060,C03,2025-05-12,11,8,1,6219.50,777.44,37,3.13,12,CAT14,2025-05-16,2025-09-30,0,141,0.0909,0.0,0.1818,0.125,0,
CUST05061,C03,2023-08-15,2,2,0,1099.00,549.5,12,3.5,5,CAT08,2025-04-01,2025-06-28,94,777,0.0,0.5,0.5,0.0,0,
CUST05062,C02,2024-09-21,5,2,3,2275.60,1137.8,12,4.0,7,CAT13,2025-05-13,2025-09-06,24,374,0.6,0.2,0.2,0.5,2,5.0
CUST05063,C01,2025-02-23,2,1,0,293.00,293.0,3,2.0,2,CAT09,2025-05-17,2025-05-17,136,219,0.0,0.0,1.0,0.0,0,
CUST05064,C02,2025-02-05,9,7,1,4932.80,704.69,29,2.86,11,CAT17,2025-04-23,2025-08-30,31,237,0.1111,0.0,0.2222,0.1429,1,4.0
CUST05065,C02,2025-04-27,1,1,0,342.00,342.0,3,1.0,1,CAT06,2025-07-21,2025-07-21,71,156,0.0,1.0,0.0,0.0,0,
CUST05066,C03,2023-09-02,4,3,1,4100.00,1366.67,10,2.33,5,CAT13,2025-04-26,2025-09-16,14,759,0.25,0.25,0.25,0.0,1,4.0
CUST05067,C02,2024-12-09,3,3,0,607.70,202.57,7,1.67,3,CAT12,2025-07-21,2025-09-11,19,295,0.0,0.3333,0.0,0.3333,1,1.0
CUST05068,C02,2023-03-18,1,1,0,4335.00,4335.0,13,7.0,6,CAT17,2025-04-04,2025-04-04,179,927,0.0,0.0,0.0,0.0,0,
CUST05069,C02,2024-02-11,7,7,0,8733.20,1247.6,31,2.71,10,CAT17,2025-05-01,2025-09-20,10,597,0.0,0.0,0.1429,0.1429,2,4.0
CUST05070,C03,2025-04-19,1,1,0,520.00,520.0,3,2.0,2,CAT01,2025-06-25,2025-06-25,97,164,0.0,0.0,0.0,0.0,0,
CUST05071,C02,2025-09-17,0,0,0,0.00,,0,,0,,,,,13,,,,,0,
CUST05072,C01,2025-08-08,4,4,0,1037.00,259.25,7,1.5,5,CAT15,2025-08-11,2025-09-19,11,53,0.0,0.75,0.25,0.0,0,
CUST05073,C03,2023-10-06,8,8,0,4759.85,594.98,23,2.13,9,CAT12,2025-04-10,2025-09-05,25,725,0.0,0.75,0.125,0.25,0,
CUST05074,C02,2025-07-25,0,0,0,0.00,,0,,0,,,,,67,,,,,0,
CUST05075,C01,2025-02-12,8,8,0,7812.00,976.5,34,3.13,10,CAT17,2025-06-09,2025-09-23,7,230,0.0,0.0,0.375,0.0,3,3.67
CUST05076,C02,2025-06-25,0,0,0,0.00,,0,,0,,,,,97,,,,,0,
CUST05077,C01,2025-08-05,0,0,0,0.00,,0,,0,,,,,56,,,,,0,
CUST05078,C01,2024-09-20,1,0,0,0.00,,0,,0,,2025-07-10,,,375,0.0,1.0,0.0,,0,
CUST05079,C01,2023-04-23,7,6,1,5131.50,855.25,31,3.67,11,CAT11,2025-04-06,2025-08-20,41,891,0.1429,0.4286,0.2857,0.1667,1,4.0
CUST05080,C01,2023-04-21,4,4,0,8003.80,2000.95,31,5.5,14,CAT17,2025-05-03,2025-08-25,36,893,0.0,0.0,0.5,0.5,1,5.0
CUST05081,C01,2023-02-13,4,4,0,2199.00,549.75,13,2.75,6,CAT18,2025-06-16,2025-08-14,47,960,0.0,0.0,0.25,0.25,1,1.0
CUST05082,C01,2024-12-26,10,7,3,4049.05,578.44,43,3.86,13,CAT16,2025-04-09,2025-08-26,35,278,0.3,0.1,0.0,0.2857,0,
CUST05083,C02,2024-10-29,1,1,0,712.00,712.0,6,2.0,2,CAT15,2025-05-08,2025-05-08,145,336,0.0,0.0,0.0,0.0,1,2.0
CUST05084,C03,2023-12-15,3,3,0,1821.00,607.0,10,2.33,4,CAT18,2025-05-30,2025-09-18,12,655,0.0,0.3333,0.0,0.0,0,
CUST05085,C02,2024-12-24,1,1,0,987.00,987.0,3,3.0,3,CAT16,2025-05-18,2025-05-18,135,280,0.0,0.0,1.0,0.0,0,
CUST05086,C03,2023-12-18,6,6,0,12974.60,2162.43,61,5.83,15,CAT10,2025-05-25,2025-09-21,9,652,0.0,0.0,0.3333,0.5,1,5.0
CUST05087,C03,2025-06-10,1,1,0,1060.00,1060.0,8,4.0,4,CAT05,2025-08-07,2025-08-07,54,112,0.0,1.0,0.0,1.0,0,
CUST05088,C02,2023-09-29,1,1,0,2015.20,2015.2,11,7.0,6,CAT16,2025-04-10,2025-04-10,173,732,0.0,1.0,0.0,1.0,1,5.0
CUST05089,C01,2024-04-11,6,3,1,1563.60,521.2,14,3.33,9,CAT15,2025-04-04,2025-07-12,80,537,0.1667,0.1667,0.3333,0.3333,2,4.0
CUST05090,C03,2025-08-15,0,0,0,0.00,,0,,0,,,,,46,,,,,0,
CUST05091,C02,2023-05-22,9,9,0,8973.40,997.04,45,2.56,15,CAT17,2025-04-09,2025-09-18,12,862,0.0,0.3333,0.2222,0.5556,1,3.0
CUST05092,C03,2023-10-24,8,8,0,5099.00,637.38,35,2.88,10,CAT12,2025-04-14,2025-09-15,15,707,0.0,0.625,0.25,0.25,1,3.0
CUST05093,C02,2025-05-14,1,1,0,725.00,725.0,4,3.0,3,CAT13,2025-05-19,2025-05-19,134,139,0.0,0.0,0.0,0.0,0,
CUST05094,C01,2024-12-29,3,3,0,324.20,108.07,6,1.33,2,CAT06,2025-05-07,2025-08-12,49,275,0.0,1.0,0.3333,0.6667,1,3.0
CUST05095,C01,2024-11-24,2,2,0,978.10,489.05,10,5.0,8,CAT20,2025-06-19,2025-07-07,85,310,0.0,0.0,0.0,0.5,1,2.0
CUST05096,C03,2025-08-27,0,0,0,0.00,,0,,0,,,,,34,,,,,0,
CUST05097,C03,2025-05-19,10,10,0,16528.20,1652.82,74,4.7,15,CAT15,2025-05-20,2025-09-13,17,134,0.0,0.4,0.2,0.1,0,
CUST05098,C01,2024-06-12,17,10,3,11960.00,1196.0,59,3.9,16,CAT17,2025-04-18,2025-09-30,0,475,0.1765,0.0588,0.3529,0.0,4,3.75
CUST05099,C01,2024-04-13,0,0,0,0.00,,0,,0,,,,,535,,,,,0,
CUST05100,C02,2025-02-19,4,4,0,5702.00,1425.5,48,2.0,7,CAT10,2025-04-06,2025-09-24,6,223,0.0,0.25,0.5,0.0,0,
CUST05101,C01,2024-08-13,0,0,0,0.00,,0,,0,,,,,413,,,,,0,
CUST05102,C03,2024-09-22,8,6,0,1546.60,257.77,16,2.0,8,CAT05,2025-04-14,2025-08-18,43,373,0.0,0.625,0.125,0.1667,2,3.0
CUST05103,C03,2023-11-12,1,1,0,1200.50,1200.5,9,8.0,5,CAT10,2025-08-02,2025-08-02,59,688,0.0,1.0,1.0,1.0,0,
CUST05104,C03,2024-09-28,13,12,0,9182.70,765.23,65,3.5,15,CAT15,2025-04-03,2025-09-29,1,367,0.0,0.2308,0.3077,0.25,1,4.0
CUST05105,C03,2023-12-12,11,9,1,11515.60,1279.51,69,5.78,15,CAT05,2025-05-03,2025-09-27,3,658,0.0909,0.0909,0.7273,0.1111,0,
CUST05106,C01,2025-05-31,1,1,0,304.00,304.0,4,4.0,3,CAT04,2025-08-23,2025-08-23,38,122,0.0,0.0,1.0,0.0,0,
CUST05107,C02,2024-01-19,26,18,5,14851.10,825.06,91,3.89,18,CAT05,2025-04-01,2025-09-21,9,620,0.1923,0.1154,0.1538,0.0556,3,4.33
CUST05108,C02,2023-05-25,24,21,2,11460.90,545.76,94,3.29,18,CAT05,2025-04-05,2025-09-17,13,859,0.0833,0.3333,0.2917,0.2381,3,4.33
CUST05109,C03,2023-06-07,11,8,1,3713.70,464.21,31,3.0,11,CAT05,2025-04-17,2025-09-27,3,846,0.0909,0.1818,0.2727,0.25,2,3.5
CUST05110,C03,2024-11-25,14,14,0,7475.10,533.94,54,3.0,11,CAT01,2025-04-01,2025-09-22,8,309,0.0,0.1429,0.1429,0.1429,3,4.0
CUST05111,C01,2024-10-13,6,5,1,11456.00,2291.2,36,5.0,11,CAT15,2025-05-21,2025-08-19,42,352,0.1667,0.1667,0.0,0.4,0,
CUST05112,C03,2024-07-22,6,5,1,4835.00,967.0,25,3.0,8,CAT01,2025-04-13,2025-09-24,6,435,0.1667,0.0,0.3333,0.0,3,4.33
CUST05113,C01,2023-05-12,15,13,1,9398.70,722.98,62,3.38,13,CAT05,2025-04-01,2025-09-26,4,872,0.0667,0.0667,0.2,0.2308,1,5.0
CUST05114,C01,2023-08-09,4,3,0,2960.00,986.67,10,1.67,4,CAT17,2025-04-06,2025-07-20,72,783,0.0,0.0,0.5,0.0,1,5.0
CUST05115,C02,2023-08-14,5,5,0,2426.40,485.28,14,2.2,8,CAT17,2025-06-08,2025-09-23,7,778,0.0,0.0,0.2,0.2,2,3.5
CUST05116,C03,2024-01-19,0,0,0,0.00,,0,,0,,,,,620,,,,,0,
CUST05117,C01,2024-04-06,1,1,0,613.20,613.2,3,2.0,2,CAT05,2025-06-06,2025-06-06,116,542,0.0,0.0,0.0,1.0,0,
CUST05118,C02,2025-04-25,4,3,0,1782.00,594.0,10,2.0,3,CAT19,2025-05-19,2025-08-10,51,158,0.0,0.0,0.5,0.0,2,4.0
CUST05119,C02,2023-09-22,24,23,0,14686.90,638.56,106,3.13,18,CAT17,2025-04-01,2025-09-29,1,739,0.0,0.2083,0.375,0.1304,3,2.0
CUST05120,C02,2024-07-01,9,7,0,9765.55,1395.08,49,5.0,10,CAT13,2025-04-06,2025-08-28,33,456,0.0,0.2222,0.5556,0.1429,1,1.0
CUST05121,C03,2023-02-04,12,8,3,4738.80,592.35,31,2.88,9,CAT11,2025-04-03,2025-09-12,18,969,0.25,0.0833,0.0833,0.25,2,3.5
CUST05122,C03,2024-05-28,2,2,0,2435.00,1217.5,14,5.0,6,CAT13,2025-05-25,2025-09-28,2,490,0.0,0.0,1.0,0.0,1,3.0
CUST05123,C02,2025-04-02,20,17,1,12045.40,708.55,78,3.41,13,CAT01,2025-04-13,2025-09-12,18,181,0.05,0.1,0.3,0.0588,0,
CUST05124,C01,2024-12-26,31,31,0,14726.30,475.04,113,2.84,20,CAT17,2025-04-08,2025-09-21,9,278,0.0,0.2903,0.1935,0.2581,5,4.4
CUST05125,C03,2025-05-04,4,4,0,5227.60,1306.9,20,3.75,11,CAT17,2025-07-08,2025-09-08,22,149,0.0,0.0,0.0,0.25,0,
CUST05126,C02,2025-09-02,2,2,0,432.80,216.4,4,2.0,4,CAT19,2025-09-03,2025-09-17,13,28,0.0,0.0,0.0,0.5,0,
CUST05127,C02,2025-04-07,13,12,0,7020.00,585.0,54,2.75,16,CAT05,2025-04-18,2025-09-05,25,176,0.0,0.2308,0.3846,0.0,2,4.5
CUST05128,C02,2025-09-11,0,0,0,0.00,,0,,0,,,,,19,,,,,0,
CUST05129,C02,2025-02-07,2,2,0,567.10,283.55,5,2.5,5,CAT13,2025-04-25,2025-06-27,95,235,0.0,0.0,0.0,0.5,1,5.0
CUST05130,C02,2024-11-27,0,0,0,0.00,,0,,0,,,,,307,,,,,0,
CUST05131,C01,2025-07-12,5,4,1,2293.00,573.25,13,2.5,8,CAT03,2025-07-20,2025-09-30,0,80,0.2,0.0,0.2,0.0,0,
CUST05132,C01,2023-07-19,4,4,0,765.00,191.25,13,1.25,4,CAT09,2025-05-20,2025-06-23,99,804,0.0,0.5,0.25,0.0,1,1.0
CUST05133,C02,2023-08-14,4,4,0,1172.00,293.0,13,2.25,5,CAT05,2025-06-19,2025-08-21,40,778,0.0,0.5,0.0,0.0,1,5.0
CUST05134,C02,2024-07-04,14,14,0,17820.15,1272.87,77,4.07,18,CAT15,2025-04-01,2025-09-28,2,453,0.0,0.1429,0.3571,0.2143,1,4.0
CUST05135,C03,2023-12-04,11,10,1,6490.70,649.07,46,3.1,15,CAT05,2025-04-04,2025-09-19,11,666,0.0909,0.3636,0.0,0.3,3,3.0
CUST05136,C01,2025-05-03,6,6,0,3521.50,586.92,29,3.33,11,CAT17,2025-05-08,2025-08-04,57,150,0.0,0.3333,0.0,0.1667,2,4.0
CUST05137,C02,2023-12-06,3,3,0,5189.90,1729.97,21,4.67,8,CAT14,2025-04-12,2025-06-14,108,664,0.0,0.3333,0.6667,0.6667,0,
CUST05138,C01,2024-08-12,4,4,0,2247.00,561.75,10,2.0,8,CAT17,2025-05-19,2025-09-18,12,414,0.0,0.0,0.25,0.0,1,5.0
CUST05139,C02,2023-09-06,5,4,1,1809.00,452.25,16,2.0,6,CAT17,2025-04-08,2025-09-03,27,755,0.2,0.8,0.4,0.0,1,3.0
CUST05140,C01,2024-07-13,1,1,0,552.00,552.0,4,2.0,2,CAT11,2025-04-13,2025-04-13,170,444,0.0,0.0,1.0,0.0,0,
CUST05141,C01,2024-05-13,3,2,1,1131.00,565.5,6,3.0,6,CAT16,2025-04-18,2025-04-27,156,505,0.3333,1.0,0.3333,0.0,1,2.0
CUST05142,C02,2024-08-21,9,6,2,7042.40,1173.73,32,3.0,13,CAT19,2025-04-04,2025-09-24,6,405,0.2222,0.1111,0.1111,0.3333,1,4.0
CUST05143,C02,2025-02-21,11,9,1,14582.40,1620.27,59,4.78,14,CAT15,2025-04-19,2025-09-13,17,221,0.0909,0.0,0.5455,0.2222,1,5.0
CUST05144,C03,2025-06-25,3,3,0,1614.00,538.0,12,3.33,7,CAT15,2025-07-22,2025-09-26,4,97,0.0,0.0,0.3333,0.0,0,
CUST05145,C02,2025-06-16,1,1,0,164.80,164.8,3,2.0,2,CAT02,2025-07-27,2025-07-27,65,106,0.0,1.0,1.0,1.0,0,
CUST05146,C02,2023-01-12,9,9,0,5058.25,562.03,22,1.89,12,CAT17,2025-04-22,2025-09-28,2,992,0.0,0.3333,0.1111,0.2222,2,3.5
CUST05147,C02,2025-08-04,0,0,0,0.00,,0,,0,,,,,57,,,,,0,
CUST05148,C01,2025-02-16,8,5,1,4737.00,947.4,29,4.4,12,CAT05,2025-04-14,2025-08-22,39,226,0.125,0.375,0.125,0.0,0,
CUST05149,C01,2023-08-18,5,4,0,1268.00,317.0,7,1.5,5,CAT17,2025-05-04,2025-07-19,73,774,0.0,0.0,0.6,0.0,2,3.5
CUST05150,C02,2024-01-15,1,1,0,1000.00,1000.0,4,4.0,4,CAT10,2025-08-16,2025-08-16,45,624,0.0,0.0,1.0,0.0,1,5.0
CUST05151,C01,2023-09-13,1,1,0,1815.00,1815.0,9,6.0,4,CAT05,2025-04-05,2025-04-05,178,748,0.0,0.0,1.0,0.0,0,
CUST05152,C02,2024-04-11,6,3,2,1459.80,486.6,7,2.33,6,CAT15,2025-04-02,2025-09-14,16,537,0.3333,0.0,0.6667,0.3333,3,4.67
CUST05153,C03,2023-12-06,10,9,0,7798.80,866.53,56,4.0,12,CAT05,2025-04-08,2025-09-19,11,664,0.0,0.3,0.1,0.3333,1,5.0
CUST05154,C03,2023-04-30,5,4,0,2486.00,621.5,7,1.75,6,CAT19,2025-05-08,2025-08-08,53,884,0.0,0.2,0.2,0.0,1,3.0
CUST05155,C03,2025-06-08,6,5,0,3232.50,646.5,23,3.6,9,CAT11,2025-06-16,2025-09-06,24,114,0.0,0.1667,0.5,0.2,2,4.5
CUST05156,C03,2023-01-21,8,6,1,10052.00,1675.33,42,5.33,16,CAT15,2025-04-19,2025-09-13,17,983,0.125,0.125,0.75,0.0,1,4.0
CUST05157,C03,2025-05-11,4,4,0,2100.80,525.2,26,4.0,9,CAT11,2025-06-03,2025-08-25,36,142,0.0,0.0,0.0,0.25,1,2.0
CUST05158,C01,2023-01-26,8,8,0,12609.30,1576.16,54,5.38,17,CAT13,2025-04-13,2025-08-27,34,978,0.0,0.5,0.875,0.25,0,
CUST05159,C02,2024-08-15,5,5,0,1461.45,292.29,15,1.8,6,CAT12,2025-07-21,2025-09-17,13,411,0.0,0.8,0.0,0.6,0,
CUST05160,C01,2025-06-07,1,1,0,2713.00,2713.0,5,4.0,3,CAT17,2025-09-26,2025-09-26,4,115,0.0,0.0,0.0,0.0,0,
CUST05161,C01,2023-01-22,5,5,0,1784.60,356.92,17,2.8,9,CAT16,2025-05-25,2025-09-03,27,982,0.0,0.8,0.8,0.2,0,
CUST05162,C02,2023-08-22,9,6,1,2421.70,403.62,19,2.67,11,CAT17,2025-04-25,2025-08-30,31,770,0.1111,0.1111,0.2222,0.5,2,4.0
CUST05163,C03,2025-04-29,1,1,0,515.00,515.0,3,2.0,2,CAT19,2025-07-21,2025-07-21,71,154,0.0,0.0,0.0,0.0,0,
CUST05164,C01,2024-10-24,2,2,0,156.00,78.0,5,2.0,4,CAT12,2025-06-11,2025-08-31,30,341,0.0,1.0,0.5,0.5,0,
CUST05165,C02,2023-02-27,1,1,0,1124.00,1124.0,9,7.0,6,CAT12,2025-07-18,2025-07-18,74,946,0.0,0.0,0.0,0.0,0,
CUST05166,C02,2025-08-30,0,0,0,0.00,,0,,0,,,,,31,,,,,0,
CUST05167,C03,2024-07-20,9,7,1,2932.50,418.93,14,1.43,6,CAT13,2025-04-03,2025-09-06,24,437,0.1111,0.0,0.3333,0.1429,2,4.0
CUST05168,C03,2023-02-01,14,14,0,3431.00,245.07,25,1.43,12,CAT05,2025-04-04,2025-08-28,33,972,0.0,0.5714,0.4286,0.0714,2,4.0
CUST05169,C02,2023-07-31,2,2,0,1010.00,505.0,13,4.5,5,CAT14,2025-07-21,2025-09-23,7,792,0.0,0.0,0.0,0.0,1,5.0
CUST05170,C01,2023-05-18,5,5,0,1963.55,392.71,12,1.8,7,CAT17,2025-04-07,2025-08-20,41,866,0.0,0.8,0.4,0.2,1,3.0
CUST05171,C03,2023-06-07,0,0,0,0.00,,0,,0,,,,,846,,,,,0,
CUST05172,C02,2025-06-24,5,5,0,1986.60,397.32,12,1.8,5,CAT08,2025-06-26,2025-09-08,22,98,0.0,0.8,0.2,0.4,1,3.0
CUST05173,C03,2023-01-15,8,7,1,12983.00,1854.71,52,5.14,10,CAT15,2025-04-09,2025-08-24,37,989,0.125,0.25,0.5,0.0,1,1.0
CUST05174,C03,2024-01-27,7,7,0,4079.90,582.84,32,3.29,12,CAT05,2025-04-03,2025-09-09,21,612,0.0,0.1429,0.4286,0.2857,3,4.67
CUST05175,C03,2024-03-25,9,8,0,5600.80,700.1,33,3.0,7,CAT01,2025-04-15,2025-09-24,6,554,0.0,0.0,0.0,0.125,1,5.0
CUST05176,C03,2025-06-10,2,2,0,972.00,486.0,7,2.5,4,CAT15,2025-08-07,2025-08-10,51,112,0.0,0.0,0.5,0.5,0,
CUST05177,C02,2024-05-23,0,0,0,0.00,,0,,0,,,,,495,,,,,0,
CUST05178,C01,2023-05-30,3,3,0,5915.00,1971.67,24,4.33,8,CAT11,2025-04-30,2025-09-09,21,854,0.0,0.0,0.0,0.0,1,5.0
CUST05179,C01,2023-12-18,13,11,1,7425.60,675.05,52,3.27,13,CAT01,2025-04-04,2025-09-22,8,652,0.0769,0.1538,0.4615,0.0909,4,5.0
CUST05180,C02,2023-04-12,3,2,1,1300.55,650.28,9,4.0,7,CAT11,2025-04-28,2025-06-09,113,902,0.3333,0.0,0.3333,0.5,0,
CUST05181,C02,2023-06-23,3,3,0,2042.70,680.9,11,2.33,6,CAT09,2025-05-23,2025-09-20,10,830,0.0,0.6667,0.3333,0.3333,0,
CUST05182,C01,2023-10-16,5,3,2,6028.00,2009.33,24,5.33,10,CAT15,2025-04-28,2025-08-01,60,715,0.4,0.0,0.6,0.0,0,
CUST05183,C03,2024-04-19,7,5,2,2082.00,416.4,12,1.4,6,CAT15,2025-04-25,2025-08-07,54,529,0.2857,0.5714,0.0,0.2,1,5.0
CUST05184,C01,2024-04-13,3,3,0,1001.00,333.67,9,2.33,6,CAT12,2025-04-12,2025-07-15,77,535,0.0,0.6667,0.3333,0.0,1,5.0
CUST05185,C03,2025-05-01,17,16,1,10531.40,658.21,61,2.63,14,CAT08,2025-05-05,2025-09-09,21,152,0.0588,0.5882,0.1176,0.125,1,5.0
CUST05186,C03,2023-11-21,6,6,0,14359.00,2393.17,53,6.0,14,CAT15,2025-06-21,2025-09-19,11,679,0.0,0.1667,0.5,0.0,0,
CUST05187,C01,2025-03-12,10,9,0,3154.50,350.5,26,2.33,11,CAT15,2025-04-28,2025-09-25,5,202,0.0,0.2,0.2,0.1111,0,
CUST05188,C02,2023-05-06,8,8,0,2976.20,372.03,27,2.25,9,CAT12,2025-05-12,2025-09-08,22,878,0.0,0.5,0.0,0.375,2,2.5
CUST05189,C03,2024-12-24,2,2,0,1426.00,713.0,7,2.5,5,CAT13,2025-05-07,2025-05-24,129,280,0.0,0.0,0.5,0.0,0,
CUST05190,C01,2025-09-09,1,1,0,1488.00,1488.0,6,4.0,2,CAT05,2025-09-09,2025-09-09,21,21,0.0,0.0,0.0,0.0,0,
CUST05191,C03,2023-12-23,8,8,0,11781.00,1472.63,30,2.63,11,CAT17,2025-05-07,2025-09-25,5,647,0.0,0.0,0.125,0.0,2,4.5
CUST05192,C03,2025-01-05,4,4,0,8758.60,2189.65,30,5.5,12,CAT15,2025-04-20,2025-09-27,3,268,0.0,0.0,0.75,0.5,2,5.0
CUST05193,C01,2025-04-04,17,16,1,7928.40,495.53,56,2.13,12,CAT12,2025-04-07,2025-09-26,4,179,0.0588,0.5882,0.1765,0.125,3,3.0
CUST05194,C03,2024-10-02,11,8,2,4290.70,536.34,33,2.5,9,CAT05,2025-04-12,2025-09-20,10,363,0.1818,0.1818,0.5455,0.25,0,
CUST05195,C02,2024-08-08,14,12,1,6491.00,540.92,57,3.25,13,CAT05,2025-04-01,2025-09-23,7,418,0.0714,0.0714,0.0714,0.0833,0,
CUST05196,C03,2023-05-03,6,5,1,2651.00,530.2,18,2.6,9,CAT16,2025-06-29,2025-09-23,7,881,0.1667,0.0,0.3333,0.0,1,5.0
CUST05197,C03,2025-04-04,4,2,2,296.00,148.0,8,1.5,3,CAT05,2025-05-18,2025-08-29,32,179,0.5,0.25,0.25,0.0,0,
CUST05198,C01,2025-04-17,8,5,2,10191.70,2038.34,34,5.0,11,CAT15,2025-04-30,2025-09-20,10,166,0.25,0.5,0.375,0.4,0,
CUST05199,C02,2024-07-08,8,8,0,4019.00,502.38,41,3.75,13,CAT05,2025-04-21,2025-09-20,10,449,0.0,0.25,0.375,0.0,3,4.67
CUST05200,C01,2025-05-15,1,0,1,0.00,,0,,0,,2025-06-30,,,138,1.0,0.0,0.0,,0,
CUST05201,C01,2024-03-08,7,6,1,4280.20,713.37,29,2.83,11,CAT01,2025-04-27,2025-09-20,10,571,0.1429,0.4286,0.4286,0.3333,1,3.0
CUST05202,C02,2024-05-07,4,4,0,3724.20,931.05,18,4.5,10,CAT05,2025-04-26,2025-07-05,87,511,0.0,0.25,1.0,0.25,1,5.0
CUST05203,C01,2023-05-19,14,12,2,7741.95,645.16,45,3.0,12,CAT17,2025-04-03,2025-08-28,33,865,0.1429,0.1429,0.0714,0.1667,2,3.5
CUST05204,C01,2023-10-09,6,4,0,1648.00,412.0,6,1.5,5,CAT12,2025-04-18,2025-09-20,10,722,0.0,0.8333,0.3333,0.0,2,3.5
CUST05205,C02,2024-02-22,18,18,0,17786.00,988.11,84,3.33,17,CAT17,2025-04-12,2025-09-30,0,586,0.0,0.2778,0.3889,0.0,1,2.0
CUST05206,C01,2025-05-12,6,5,1,7152.00,1430.4,34,5.8,13,CAT05,2025-05-24,2025-08-31,30,141,0.1667,0.0,0.5,0.0,1,5.0
CUST05207,C02,2023-03-17,2,2,0,2253.00,1126.5,7,1.5,3,CAT15,2025-04-18,2025-09-04,26,928,0.0,0.0,0.0,0.0,0,
CUST05208,C02,2024-10-11,6,5,1,3270.00,654.0,22,3.6,10,CAT10,2025-04-03,2025-09-20,10,354,0.1667,0.3333,0.3333,0.0,1,5.0
CUST05209,C01,2025-04-24,5,5,0,4399.00,879.8,15,2.6,9,CAT17,2025-06-16,2025-09-29,1,159,0.0,0.0,0.2,0.0,2,3.5
CUST05210,C02,2025-07-10,2,2,0,1693.00,846.5,9,4.0,7,CAT15,2025-08-09,2025-09-27,3,82,0.0,0.0,1.0,0.0,1,5.0
CUST05211,C01,2025-07-04,1,1,0,303.00,303.0,1,1.0,1,CAT16,2025-08-22,2025-08-22,39,88,0.0,0.0,0.0,0.0,0,
CUST05212,C01,2024-02-26,8,8,0,9354.65,1169.33,52,5.38,14,CAT10,2025-04-13,2025-08-07,54,582,0.0,0.25,0.625,0.5,3,3.33
CUST05213,C01,2024-10-06,2,2,0,2048.80,1024.4,16,5.0,8,CAT19,2025-08-26,2025-09-12,18,359,0.0,0.5,0.0,0.5,0,
CUST05214,C01,2024-03-24,3,2,1,3942.00,1971.0,13,4.5,7,CAT17,2025-05-30,2025-09-21,9,555,0.3333,0.0,0.3333,0.0,0,
CUST05215,C01,2024-09-26,3,3,0,1488.45,496.15,8,2.33,6,CAT10,2025-06-05,2025-08-19,42,369,0.0,0.0,0.0,0.6667,0,
CUST05216,C03,2023-08-30,1,1,0,291.20,291.2,3,2.0,2,CAT10,2025-04-25,2025-04-25,158,762,0.0,0.0,0.0,1.0,0,
CUST05217,C01,2023-10-02,1,1,0,2011.25,2011.25,9,6.0,5,CAT16,2025-07-05,2025-07-05,87,729,0.0,0.0,1.0,1.0,1,4.0
CUST05218,C01,2025-04-13,6,5,0,3029.00,605.8,20,2.6,8,CAT13,2025-04-23,2025-05-22,131,170,0.0,0.0,0.1667,0.0,0,
CUST05219,C01,2025-06-12,0,0,0,0.00,,0,,0,,,,,110,,,,,0,
CUST05220,C02,2023-08-06,15,15,0,9731.60,648.77,71,4.0,15,CAT05,2025-04-11,2025-09-26,4,786,0.0,0.0667,0.2,0.2667,3,4.0
CUST05221,C02,2023-09-24,8,6,1,8069.00,1344.83,35,4.33,11,CAT16,2025-04-05,2025-07-29,63,737,0.125,0.25,0.5,0.0,1,3.0
CUST05222,C01,2025-05-17,3,3,0,1009.00,336.33,7,1.67,4,CAT19,2025-07-25,2025-09-07,23,136,0.0,0.0,0.3333,0.0,0,
CUST05223,C02,2024-01-29,6,2,1,665.00,332.5,7,2.0,4,CAT03,2025-04-14,2025-09-09,21,610,0.1667,0.0,0.0,0.0,0,
CUST05224,C03,2024-02-17,4,4,0,852.20,213.05,11,2.25,6,CAT04,2025-04-04,2025-08-22,39,591,0.0,0.25,0.0,0.25,1,5.0
CUST05225,C01,2024-09-10,3,2,1,2063.00,1031.5,13,5.5,8,CAT05,2025-05-02,2025-07-06,86,385,0.3333,0.3333,0.3333,0.0,1,5.0
CUST05226,C02,2024-08-23,1,1,0,37.80,37.8,1,1.0,1,CAT02,2025-06-18,2025-06-18,104,403,0.0,0.0,0.0,1.0,1,5.0
CUST05227,C02,2023-07-17,7,4,1,2070.40,517.6,13,2.25,5,CAT19,2025-04-09,2025-09-05,25,806,0.1429,0.1429,0.0,0.25,0,
CUST05228,C01,2023-06-15,9,7,2,10123.00,1446.14,48,5.43,17,CAT10,2025-04-03,2025-08-17,44,838,0.2222,0.2222,0.3333,0.0,2,3.5
CUST05229,C02,2024-02-18,9,8,1,6042.00,755.25,16,1.63,7,CAT17,2025-04-21,2025-08-28,33,590,0.1111,0.1111,0.1111,0.0,2,3.5
CUST05230,C03,2024-05-21,10,10,0,4603.25,460.33,37,2.5,11,CAT05,2025-04-08,2025-08-25,36,497,0.0,0.1,0.1,0.2,1,5.0
CUST05231,C02,2024-10-23,13,12,1,5690.00,474.17,28,1.92,10,CAT12,2025-04-05,2025-09-09,21,342,0.0769,0.6154,0.1538,0.0,4,4.75
CUST05232,C02,2024-06-13,10,9,1,16926.55,1880.73,64,5.67,17,CAT15,2025-04-10,2025-09-14,16,474,0.1,0.3,0.5,0.5556,0,
CUST05233,C01,2023-03-30,13,11,2,3780.10,343.65,28,2.0,11,CAT10,2025-04-11,2025-09-30,0,915,0.1538,0.6923,0.1538,0.0909,2,4.5
CUST05234,C02,2023-05-19,5,4,0,3386.25,846.56,15,2.5,8,CAT11,2025-04-19,2025-08-22,39,865,0.0,0.0,0.2,0.25,1,4.0
CUST05235,C03,2023-09-02,3,3,0,1656.60,552.2,10,2.33,5,CAT05,2025-04-06,2025-04-18,165,759,0.0,0.3333,0.3333,0.3333,2,4.0
CUST05236,C02,2024-03-31,14,14,0,5773.00,412.36,57,3.0,13,CAT04,2025-04-12,2025-09-10,20,548,0.0,0.1429,0.2143,0.0,2,4.5
CUST05237,C02,2023-04-01,5,4,1,7130.00,1782.5,27,4.5,13,CAT17,2025-04-13,2025-07-31,61,913,0.2,0.2,0.4,0.0,0,
CUST05238,C02,2024-07-15,11,10,0,2852.00,285.2,32,2.7,9,CAT03,2025-05-02,2025-08-12,49,442,0.0,0.0,0.0909,0.1,2,3.5
CUST05239,C03,2025-03-26,3,0,3,0.00,,0,,0,,2025-04-25,,,188,1.0,0.0,0.0,,0,
CUST05240,C01,2025-01-16,23,20,2,14191.85,709.59,97,3.35,17,CAT03,2025-04-07,2025-09-24,6,257,0.087,0.1739,0.2609,0.25,4,3.25
CUST05241,C01,2025-07-04,6,5,1,2312.40,462.48,10,1.6,7,CAT17,2025-07-13,2025-09-16,14,88,0.1667,0.8333,0.6667,0.2,2,3.5
CUST05242,C03,2023-02-12,7,6,0,1818.20,303.03,10,1.5,7,CAT12,2025-05-13,2025-09-28,2,961,0.0,0.7143,0.5714,0.1667,2,5.0
CUST05243,C02,2023-07-24,12,10,2,5765.00,576.5,34,2.2,9,CAT17,2025-04-02,2025-09-24,6,799,0.1667,0.8333,0.3333,0.0,2,4.0
CUST05244,C03,2024-03-10,5,4,1,5998.20,1499.55,28,5.0,12,CAT19,2025-04-06,2025-08-10,51,569,0.2,0.0,0.6,0.25,1,5.0
CUST05245,C03,2023-10-16,9,9,0,6668.80,740.98,50,4.0,14,CAT05,2025-04-05,2025-09-26,4,715,0.0,0.0,0.2222,0.3333,1,5.0
CUST05246,C03,2023-12-25,8,6,2,2897.00,482.83,19,2.5,12,CAT17,2025-04-07,2025-06-17,105,645,0.25,0.125,0.0,0.0,0,
CUST05247,C03,2024-11-24,19,16,1,5137.30,321.08,41,2.13,9,CAT12,2025-04-16,2025-09-25,5,310,0.0526,0.4737,0.2105,0.1875,4,4.5
CUST05248,C03,2024-09-13,8,8,0,5122.20,640.28,48,4.25,12,CAT03,2025-04-20,2025-09-15,15,382,0.0,0.0,0.5,0.25,1,4.0
CUST05249,C02,2025-08-06,1,1,0,181.00,181.0,3,3.0,2,CAT08,2025-09-16,2025-09-16,14,55,0.0,1.0,0.0,0.0,1,5.0
CUST05250,C01,2024-08-27,3,2,0,1837.00,918.5,12,5.5,8,CAT13,2025-06-10,2025-08-02,59,399,0.0,0.3333,0.6667,0.0,2,3.0
CUST05251,C03,2025-06-05,5,4,0,3382.00,845.5,17,2.25,8,CAT16,2025-06-15,2025-08-28,33,117,0.0,0.0,0.4,0.25,0,
CUST05252,C03,2023-10-16,8,6,1,8671.00,1445.17,37,4.83,10,CAT15,2025-04-06,2025-06-27,95,715,0.125,0.125,0.75,0.0,1,5.0
CUST05253,C02,2025-08-17,1,1,0,1183.30,1183.3,2,2.0,2,CAT17,2025-09-11,2025-09-11,19,44,0.0,0.0,0.0,1.0,1,4.0
CUST05254,C01,2025-07-29,3,3,0,1026.60,342.2,8,2.33,5,CAT13,2025-08-19,2025-09-27,3,63,0.0,0.3333,0.6667,0.3333,1,4.0
CUST05255,C02,2025-03-25,2,2,0,742.00,371.0,5,1.5,3,CAT18,2025-07-31,2025-08-02,59,189,0.0,0.0,0.5,0.0,0,
CUST05256,C03,2024-06-25,6,6,0,1670.20,278.37,17,2.0,8,CAT08,2025-05-15,2025-09-11,19,462,0.0,0.8333,0.1667,0.1667,2,4.0
CUST05257,C03,2023-12-12,1,1,0,832.00,832.0,2,1.0,1,CAT05,2025-06-05,2025-06-05,117,658,0.0,0.0,0.0,0.0,0,
CUST05258,C03,2023-12-24,2,2,0,6657.00,3328.5,25,8.0,8,CAT10,2025-05-25,2025-06-18,104,646,0.0,0.5,0.5,0.5,0,
CUST05259,C02,2023-12-27,4,3,0,4543.20,1514.4,16,4.33,6,CAT15,2025-04-20,2025-08-30,31,643,0.0,0.0,0.75,0.6667,1,5.0
CUST05260,C02,2023-04-01,5,5,0,1205.25,241.05,11,2.0,7,CAT12,2025-05-02,2025-08-27,34,913,0.0,0.8,0.2,0.2,2,4.0
CUST05261,C03,2023-02-18,5,5,0,6923.40,1384.68,40,5.2,11,CAT13,2025-04-05,2025-09-11,19,955,0.0,0.2,0.6,0.2,2,5.0
CUST05262,C01,2025-08-06,2,2,0,1072.00,536.0,4,2.0,4,CAT17,2025-08-12,2025-09-30,0,55,0.0,0.0,0.0,0.0,0,
CUST05263,C01,2023-09-07,8,7,0,2297.00,328.14,25,2.86,9,CAT01,2025-04-19,2025-09-21,9,754,0.0,0.25,0.5,0.0,1,4.0
CUST05264,C03,2024-06-28,5,4,1,2688.40,672.1,12,1.5,5,CAT11,2025-04-12,2025-09-08,22,459,0.2,0.4,0.8,0.5,2,4.0
CUST05265,C03,2023-11-25,4,3,1,8358.00,2786.0,26,6.67,11,CAT15,2025-04-09,2025-09-27,3,675,0.25,0.0,0.5,0.0,0,
CUST05266,C03,2023-09-21,3,2,1,2528.20,1264.1,8,2.5,5,CAT15,2025-08-07,2025-08-28,33,740,0.3333,0.0,0.0,1.0,1,1.0
CUST05267,C02,2025-01-22,11,9,2,5448.90,605.43,40,3.78,11,CAT03,2025-04-05,2025-09-05,25,251,0.1818,0.0909,0.4545,0.3333,1,5.0
CUST05268,C03,2023-03-15,9,9,0,7076.10,786.23,46,3.44,13,CAT11,2025-04-16,2025-08-12,49,930,0.0,0.1111,0.2222,0.3333,1,5.0
CUST05269,C01,2025-06-26,6,6,0,3838.70,639.78,28,3.67,10,CAT11,2025-07-05,2025-08-20,41,96,0.0,0.1667,0.3333,0.3333,0,
CUST05270,C03,2023-04-26,10,10,0,7998.00,799.8,51,3.8,15,CAT17,2025-04-29,2025-09-25,5,888,0.0,0.1,0.0,0.0,1,5.0
CUST05271,C01,2025-06-04,3,3,0,235.30,78.43,5,1.67,4,CAT11,2025-06-29,2025-07-19,73,118,0.0,0.0,0.6667,0.6667,0,
CUST05272,C01,2025-03-07,6,5,1,7087.55,1417.51,31,4.0,13,CAT15,2025-05-10,2025-09-07,23,207,0.1667,0.0,0.6667,0.2,1,5.0
CUST05273,C01,2023-05-10,0,0,0,0.00,,0,,0,,,,,874,,,,,0,
CUST05274,C03,2025-04-12,7,7,0,8792.00,1256.0,44,4.14,13,CAT15,2025-04-27,2025-08-14,47,171,0.0,0.0,0.4286,0.4286,2,3.0
CUST05275,C01,2023-12-27,1,1,0,3546.00,3546.0,11,8.0,6,CAT15,2025-08-08,2025-08-08,53,643,0.0,0.0,0.0,0.0,0,
CUST05276,C01,2025-01-13,2,2,0,697.00,348.5,6,2.0,4,CAT18,2025-07-10,2025-09-26,4,260,0.0,0.5,0.0,0.0,1,4.0
CUST05277,C01,2024-12-10,0,0,0,0.00,,0,,0,,,,,294,,,,,0,
CUST05278,C02,2025-03-15,5,5,0,1219.00,243.8,15,2.4,7,CAT03,2025-05-07,2025-09-24,6,199,0.0,0.6,0.0,0.0,1,1.0
CUST05279,C02,2025-08-25,2,2,0,1127.00,563.5,9,3.5,5,CAT18,2025-09-01,2025-09-22,8,36,0.0,0.0,0.0,0.0,0,
CUST05280,C01,2024-12-18,12,10,1,7020.50,702.05,31,2.7,9,CAT19,2025-04-13,2025-09-23,7,286,0.0833,0.3333,0.3333,0.1,2,4.0
CUST05281,C03,2024-03-29,5,4,1,6973.00,1743.25,31,5.5,9,CAT15,2025-04-22,2025-07-13,79,550,0.2,0.0,0.6,0.0,0,
CUST05282,C01,2025-07-24,4,4,0,3946.85,986.71,25,4.75,14,CAT03,2025-08-21,2025-09-17,13,68,0.0,0.0,0.0,0.25,0,
CUST05283,C02,2023-10-27,7,6,1,11208.35,1868.06,51,6.33,15,CAT15,2025-04-08,2025-08-28,33,704,0.1429,0.0,0.2857,0.5,0,
CUST05284,C03,2025-07-07,7,7,0,2841.50,405.93,27,2.71,9,CAT17,2025-07-08,2025-09-23,7,85,0.0,0.0,0.4286,0.2857,0,
CUST05285,C02,2025-05-18,9,9,0,9671.70,1074.63,54,4.11,17,CAT17,2025-06-02,2025-09-22,8,135,0.0,0.2222,0.2222,0.3333,1,3.0
CUST05286,C01,2024-08-24,0,0,0,0.00,,0,,0,,,,,402,,,,,0,
CUST05287,C03,2024-09-13,6,6,0,2345.00,390.83,17,2.0,8,CAT12,2025-06-21,2025-09-27,3,382,0.0,0.6667,0.3333,0.0,2,4.0
CUST05288,C01,2025-03-12,2,2,0,680.00,340.0,7,2.0,3,CAT13,2025-04-02,2025-07-22,70,202,0.0,0.0,0.0,0.0,0,
CUST05289,C02,2025-06-14,0,0,0,0.00,,0,,0,,,,,108,,,,,0,
CUST05290,C02,2024-12-29,4,4,0,931.00,232.75,13,2.75,5,CAT09,2025-05-17,2025-08-15,46,275,0.0,0.5,0.5,0.0,0,
CUST05291,C01,2023-03-24,6,6,0,1727.00,287.83,25,2.83,9,CAT01,2025-05-21,2025-08-20,41,921,0.0,0.3333,0.1667,0.0,0,
CUST05292,C02,2024-07-25,3,1,0,1554.30,1554.3,4,3.0,3,CAT17,2025-04-22,2025-04-22,161,432,0.0,0.0,0.3333,1.0,0,
CUST05293,C03,2025-09-05,5,5,0,2971.00,594.2,17,2.0,6,CAT05,2025-09-07,2025-09-22,8,25,0.0,0.0,0.4,0.0,1,5.0
CUST05294,C02,2025-08-03,3,3,0,1017.00,339.0,11,3.33,4,CAT03,2025-08-27,2025-09-04,26,58,0.0,0.0,0.0,0.0,1,5.0
CUST05295,C01,2023-08-02,1,1,0,305.00,305.0,5,2.0,2,CAT20,2025-04-17,2025-04-17,166,790,0.0,1.0,0.0,0.0,0,
CUST05296,C03,2025-06-20,2,2,0,1250.00,625.0,6,2.0,4,CAT08,2025-07-25,2025-09-13,17,102,0.0,0.5,0.5,0.0,0,
CUST05297,C01,2023-07-11,1,1,0,1033.00,1033.0,7,4.0,4,CAT12,2025-05-09,2025-05-09,144,812,0.0,0.0,0.0,0.0,0,
CUST05298,C03,2023-10-08,0,0,0,0.00,,0,,0,,,,,723,,,,,0,
CUST05299,C02,2024-06-10,3,1,1,42.00,42.0,1,1.0,1,CAT06,2025-05-12,2025-06-19,103,477,0.3333,0.3333,0.0,0.0,0,
CUST05300,C03,2024-12-14,5,5,0,1671.00,334.2,17,2.0,7,CAT12,2025-05-09,2025-08-14,47,290,0.0,0.8,0.0,0.0,1,3.0
CUST05301,C03,2023-02-19,5,5,0,3765.00,753.0,25,3.8,12,CAT01,2025-04-26,2025-09-01,29,954,0.0,0.4,0.2,0.0,1,4.0
CUST05302,C01,2025-02-25,6,6,0,4146.00,691.0,27,3.33,11,CAT11,2025-04-26,2025-09-25,5,217,0.0,0.0,0.3333,0.0,2,4.5
CUST05303,C01,2024-12-13,18,15,2,7902.00,526.8,47,2.53,17,CAT17,2025-04-13,2025-09-18,12,291,0.1111,0.7778,0.3333,0.2,5,4.8
CUST05304,C03,2024-09-08,23,20,2,18261.45,913.07,104,3.65,18,CAT05,2025-04-04,2025-09-28,2,387,0.087,0.1739,0.2174,0.15,2,5.0
CUST05305,C01,2025-09-27,1,1,0,63.00,63.0,3,1.0,1,CAT07,2025-09-30,2025-09-30,0,3,0.0,1.0,0.0,0.0,0,
CUST05306,C01,2024-07-04,9,8,0,4003.40,500.43,35,3.13,11,CAT05,2025-04-03,2025-09-13,17,453,0.0,0.2222,0.5556,0.125,2,3.5
CUST05307,C01,2023-08-01,5,5,0,6305.40,1261.08,30,4.2,11,CAT13,2025-04-19,2025-09-11,19,791,0.0,0.0,0.2,0.2,0,
CUST05308,C03,2023-03-11,6,5,1,7351.00,1470.2,25,3.8,14,CAT17,2025-04-24,2025-09-28,2,934,0.1667,0.3333,0.1667,0.0,2,3.0
CUST05309,C01,2024-05-30,7,5,0,5239.55,1047.91,28,3.8,14,CAT05,2025-04-04,2025-09-26,4,488,0.0,0.2857,0.0,0.4,1,3.0
CUST05310,C01,2024-12-11,1,1,0,313.00,313.0,2,2.0,2,CAT13,2025-09-27,2025-09-27,3,293,0.0,1.0,1.0,0.0,0,
CUST05311,C01,2024-11-28,1,1,0,259.00,259.0,2,2.0,2,CAT11,2025-08-02,2025-08-02,59,306,0.0,1.0,1.0,0.0,0,
CUST05312,C01,2023-08-24,7,7,0,2892.10,413.16,19,1.71,8,CAT12,2025-04-09,2025-08-22,39,768,0.0,0.8571,0.0,0.1429,0,
CUST05313,C02,2025-07-04,4,4,0,2566.25,641.56,27,4.25,10,CAT10,2025-07-16,2025-08-18,43,88,0.0,0.25,0.0,0.25,0,
CUST05314,C02,2025-01-19,7,6,1,4993.50,832.25,36,4.5,14,CAT05,2025-05-16,2025-08-13,48,254,0.1429,0.1429,0.1429,0.1667,0,
CUST05315,C02,2024-04-21,6,5,1,7130.25,1426.05,50,6.2,10,CAT05,2025-05-15,2025-09-26,4,527,0.1667,0.0,0.3333,0.2,0,
CUST05316,C02,2025-06-05,3,3,0,615.00,205.0,7,1.67,4,CAT13,2025-06-16,2025-09-20,10,117,0.0,0.3333,0.3333,0.0,0,
CUST05317,C02,2025-08-24,4,4,0,2407.50,601.88,21,3.0,7,CAT19,2025-09-04,2025-09-22,8,37,0.0,0.5,0.0,0.25,1,5.0
CUST05318,C02,2023-02-07,0,0,0,0.00,,0,,0,,,,,966,,,,,0,
CUST05319,C02,2024-05-27,3,3,0,5987.00,1995.67,26,5.0,7,CAT05,2025-05-10,2025-08-31,30,491,0.0,0.0,0.6667,0.3333,1,1.0
CUST05320,C02,2024-06-18,12,12,0,21449.05,1787.42,94,5.75,20,CAT15,2025-04-30,2025-09-27,3,469,0.0,0.0833,0.5,0.3333,3,3.67
CUST05321,C01,2024-10-07,0,0,0,0.00,,0,,0,,,,,358,,,,,0,
CUST05322,C01,2024-03-29,1,1,0,322.00,322.0,3,2.0,2,CAT07,2025-06-12,2025-06-12,110,550,0.0,0.0,0.0,0.0,0,
CUST05323,C01,2023-08-13,10,8,2,4771.90,596.49,39,3.63,12,CAT11,2025-04-04,2025-09-28,2,779,0.2,0.0,0.1,0.125,1,4.0
CUST05324,C03,2024-07-01,11,9,1,11583.50,1287.06,55,5.11,14,CAT15,2025-04-18,2025-09-28,2,456,0.0909,0.1818,0.5455,0.1111,1,2.0
CUST05325,C02,2024-01-10,0,0,0,0.00,,0,,0,,,,,629,,,,,0,
CUST05326,C03,2023-02-07,6,6,0,2044.95,340.83,14,1.5,7,CAT17,2025-04-01,2025-08-30,31,966,0.0,0.8333,0.5,0.3333,1,4.0
CUST05327,C02,2024-07-23,5,5,0,1291.00,258.2,8,1.6,4,CAT01,2025-04-12,2025-07-27,65,434,0.0,0.4,0.4,0.0,0,
CUST05328,C02,2023-03-22,3,2,1,4735.00,2367.5,14,6.5,9,CAT15,2025-06-08,2025-07-19,73,923,0.3333,0.3333,1.0,0.0,1,5.0
CUST05329,C02,2025-09-16,0,0,0,0.00,,0,,0,,,,,14,,,,,0,
CUST05330,C03,2025-07-24,3,3,0,1151.60,383.87,10,3.0,6,CAT01,2025-07-30,2025-09-28,2,68,0.0,0.3333,0.3333,0.3333,1,4.0
CUST05331,C03,2025-05-28,5,5,0,7305.60,1461.12,29,4.2,11,CAT15,2025-06-30,2025-09-07,23,125,0.0,0.2,0.8,0.2,1,2.0
CUST05332,C02,2024-11-13,15,13,1,19731.50,1517.81,83,4.08,15,CAT15,2025-04-12,2025-09-25,5,321,0.0667,0.2667,0.4,0.3077,2,4.0
CUST05333,C02,2024-10-22,5,4,1,5540.20,1385.05,34,6.25,10,CAT05,2025-04-25,2025-09-28,2,343,0.2,0.2,0.8,0.25,1,4.0
CUST05334,C02,2023-02-05,13,10,0,5980.55,598.06,31,2.5,13,CAT18,2025-04-10,2025-09-19,11,968,0.0,0.3077,0.3077,0.1,3,4.33
CUST05335,C02,2024-08-08,2,2,0,464.00,232.0,2,1.0,2,CAT16,2025-04-10,2025-04-17,166,418,0.0,0.5,0.0,0.5,0,
CUST05336,C02,2024-03-20,11,10,1,5533.85,553.39,45,3.1,11,CAT01,2025-05-16,2025-09-23,7,559,0.0909,0.1818,0.0909,0.2,0,
CUST05337,C03,2025-04-29,10,8,1,4945.50,618.19,30,2.63,9,CAT17,2025-05-06,2025-08-22,39,154,0.1,0.2,0.3,0.125,1,3.0
CUST05338,C01,2025-09-18,3,2,1,702.00,351.0,5,2.5,5,CAT16,2025-09-19,2025-09-20,10,12,0.3333,0.6667,0.6667,0.0,1,5.0
CUST05339,C02,2025-02-25,9,7,0,9942.30,1420.33,41,4.14,11,CAT15,2025-04-12,2025-09-09,21,217,0.0,0.1111,0.7778,0.2857,1,1.0
CUST05340,C02,2023-10-26,0,0,0,0.00,,0,,0,,,,,705,,,,,0,
CUST05341,C02,2025-06-10,3,2,1,1458.00,729.0,4,2.0,4,CAT15,2025-07-03,2025-07-10,82,112,0.3333,0.0,0.3333,0.0,0,
CUST05342,C01,2025-09-07,1,1,0,983.00,983.0,2,2.0,2,CAT17,2025-09-08,2025-09-08,22,23,0.0,1.0,0.0,0.0,0,
CUST05343,C02,2023-09-19,2,2,0,767.00,383.5,11,2.5,5,CAT08,2025-04-08,2025-05-08,145,742,0.0,0.0,0.0,0.0,0,
CUST05344,C01,2025-03-21,9,7,1,1586.30,226.61,14,2.0,12,CAT10,2025-04-05,2025-09-22,8,193,0.1111,0.1111,0.3333,0.4286,1,3.0
CUST05345,C01,2024-07-09,1,1,0,510.00,510.0,6,3.0,3,CAT11,2025-07-17,2025-07-17,75,448,0.0,0.0,0.0,0.0,0,
CUST05346,C03,2024-03-22,3,3,0,908.20,302.73,14,3.33,7,CAT06,2025-04-18,2025-08-11,50,557,0.0,0.6667,0.0,0.3333,0,
CUST05347,C02,2025-04-05,20,18,2,15355.00,853.06,65,2.83,18,CAT17,2025-04-22,2025-09-21,9,178,0.1,0.3,0.2,0.0,4,3.75
CUST05348,C03,2024-02-26,3,3,0,886.40,295.47,9,2.33,6,CAT14,2025-05-02,2025-08-29,32,582,0.0,0.0,0.0,0.3333,0,
CUST05349,C01,2023-03-23,8,7,1,13397.00,1913.86,47,4.86,12,CAT15,2025-04-01,2025-09-27,3,922,0.125,0.375,0.5,0.0,1,2.0
CUST05350,C02,2024-02-01,37,33,3,27979.60,847.87,187,3.73,20,CAT17,2025-04-03,2025-09-28,2,607,0.0811,0.0541,0.2973,0.1212,7,3.86
CUST05351,C01,2024-10-12,1,1,0,363.00,363.0,6,3.0,3,CAT11,2025-08-11,2025-08-11,50,353,0.0,1.0,0.0,0.0,0,
CUST05352,C03,2023-01-28,14,14,0,5353.60,382.4,46,2.0,11,CAT12,2025-04-03,2025-09-11,19,976,0.0,0.7857,0.2143,0.2143,4,3.75
CUST05353,C02,2023-02-03,12,9,1,11554.00,1283.78,28,2.22,10,CAT17,2025-04-02,2025-09-10,20,970,0.0833,0.1667,0.25,0.0,2,4.0
CUST05354,C03,2023-02-20,5,4,1,3167.00,791.75,19,3.5,7,CAT05,2025-04-24,2025-07-16,76,953,0.2,0.0,0.4,0.0,0,
CUST05355,C02,2025-03-25,11,7,3,2340.00,334.29,20,2.14,7,CAT08,2025-04-01,2025-09-28,2,189,0.2727,0.9091,0.4545,0.0,0,
CUST05356,C02,2025-06-20,7,7,0,7775.20,1110.74,43,4.57,15,CAT13,2025-06-29,2025-09-28,2,102,0.0,0.0,1.0,0.4286,1,5.0
CUST05357,C01,2024-04-30,5,4,1,2782.30,695.58,25,3.0,8,CAT06,2025-04-15,2025-08-06,55,518,0.2,0.0,0.0,0.5,2,3.5
CUST05358,C03,2024-08-13,3,3,0,1003.00,334.33,8,1.67,5,CAT15,2025-04-04,2025-04-21,162,413,0.0,0.0,0.3333,0.6667,1,5.0
CUST05359,C01,2023-03-29,10,9,1,4104.15,456.02,27,2.33,13,CAT17,2025-04-12,2025-09-18,12,916,0.1,0.5,0.3,0.3333,2,2.5
CUST05360,C01,2024-02-17,4,4,0,4030.00,1007.5,28,4.25,13,CAT05,2025-04-09,2025-08-15,46,591,0.0,0.0,0.25,0.25,0,
CUST05361,C03,2023-07-23,3,2,1,1426.40,713.2,7,2.0,4,CAT15,2025-04-27,2025-07-20,72,800,0.3333,0.3333,0.6667,0.5,0,
CUST05362,C02,2025-07-09,7,4,3,4466.00,1116.5,16,3.75,8,CAT17,2025-07-12,2025-09-21,9,83,0.4286,0.1429,0.4286,0.0,1,3.0
CUST05363,C03,2023-04-02,2,2,0,891.00,445.5,8,2.5,3,CAT12,2025-06-29,2025-08-23,38,912,0.0,1.0,1.0,0.0,0,
CUST05364,C03,2024-04-02,3,2,1,1398.90,699.45,9,2.5,5,CAT18,2025-05-02,2025-07-26,66,546,0.3333,0.3333,0.6667,0.5,0,
CUST05365,C02,2024-02-09,2,2,0,1184.00,592.0,8,2.0,4,CAT12,2025-05-31,2025-07-13,79,599,0.0,0.5,1.0,0.0,0,
CUST05366,C02,2024-02-13,7,7,0,15506.65,2215.24,56,5.57,10,CAT13,2025-05-15,2025-08-31,30,595,0.0,0.2857,0.5714,0.5714,2,4.0
CUST05367,C01,2024-07-27,11,10,1,3811.60,381.16,43,2.2,13,CAT15,2025-04-03,2025-09-17,13,430,0.0909,0.8182,0.3636,0.2,2,4.5
CUST05368,C02,2025-09-03,0,0,0,0.00,,0,,0,,,,,27,,,,,0,
CUST05369,C03,2024-05-02,8,7,1,12340.00,1762.86,50,5.57,12,CAT17,2025-04-26,2025-09-06,24,516,0.125,0.125,0.375,0.0,1,3.0
CUST05370,C03,2025-08-20,0,0,0,0.00,,0,,0,,,,,41,,,,,0,
CUST05371,C02,2025-07-29,0,0,0,0.00,,0,,0,,,,,63,,,,,0,
CUST05372,C02,2023-09-21,7,7,0,2416.10,345.16,28,2.29,10,CAT08,2025-04-11,2025-09-16,14,740,0.0,0.7143,0.4286,0.2857,0,
CUST05373,C01,2023-07-30,3,2,1,678.30,339.15,5,2.5,4,CAT18,2025-07-25,2025-08-27,34,793,0.3333,0.3333,0.0,0.5,0,
CUST05374,C01,2023-08-01,0,0,0,0.00,,0,,0,,,,,791,,,,,0,
CUST05375,C01,2025-04-26,4,2,2,821.20,410.6,10,3.5,5,CAT13,2025-05-06,2025-09-19,11,157,0.5,0.25,0.0,1.0,1,4.0
CUST05376,C02,2024-02-12,8,7,0,3526.00,503.71,38,3.57,13,CAT03,2025-05-14,2025-09-03,27,596,0.0,0.25,0.375,0.4286,1,2.0
CUST05377,C01,2024-01-27,4,3,1,795.00,265.0,3,1.0,3,CAT19,2025-04-03,2025-05-18,135,612,0.25,0.75,0.5,0.0,0,
CUST05378,C03,2025-07-08,4,4,0,2060.50,515.13,14,2.75,6,CAT05,2025-07-12,2025-08-21,40,84,0.0,0.25,0.25,0.25,0,
CUST05379,C03,2024-08-16,17,15,2,10249.00,683.27,79,3.47,15,CAT05,2025-04-10,2025-09-24,6,410,0.1176,0.1176,0.1765,0.0667,1,3.0
CUST05380,C03,2025-08-23,3,2,0,1090.00,545.0,8,1.5,3,CAT15,2025-08-23,2025-08-25,36,38,0.0,1.0,0.3333,0.0,0,
CUST05381,C01,2024-01-28,13,10,1,6658.00,665.8,49,3.4,13,CAT05,2025-04-11,2025-09-25,5,611,0.0769,0.3077,0.0769,0.0,1,4.0
CUST05382,C03,2024-10-13,17,15,2,13768.80,917.92,76,3.87,13,CAT17,2025-04-17,2025-09-27,3,352,0.1176,0.1765,0.2353,0.0667,1,5.0
CUST05383,C02,2025-07-20,3,2,0,563.00,281.5,5,2.5,4,CAT08,2025-07-25,2025-09-18,12,72,0.0,1.0,0.0,0.0,0,
CUST05384,C01,2025-08-03,6,6,0,3452.10,575.35,22,2.17,8,CAT12,2025-08-08,2025-09-27,3,58,0.0,0.6667,0.5,0.1667,0,
CUST05385,C03,2023-02-21,4,3,0,924.00,308.0,14,3.33,6,CAT01,2025-05-08,2025-08-26,35,952,0.0,0.25,0.0,0.3333,2,3.0
CUST05386,C01,2024-05-07,1,1,0,1414.00,1414.0,4,3.0,3,CAT19,2025-05-06,2025-05-06,147,511,0.0,0.0,0.0,0.0,1,5.0
CUST05387,C02,2024-01-25,0,0,0,0.00,,0,,0,,,,,614,,,,,0,
CUST05388,C01,2023-10-16,4,3,0,2615.50,871.83,17,4.0,7,CAT05,2025-05-24,2025-09-29,1,715,0.0,0.0,0.5,0.3333,0,
CUST05389,C01,2023-12-12,11,10,1,5069.55,506.96,25,2.0,11,CAT17,2025-05-08,2025-09-26,4,658,0.0909,1.0,0.2727,0.1,2,4.0
CUST05390,C02,2025-06-09,5,4,1,1537.00,384.25,8,1.5,6,CAT16,2025-06-18,2025-09-12,18,113,0.2,0.6,0.0,0.0,1,2.0
CUST05391,C03,2025-03-27,11,9,1,3030.10,336.68,21,1.89,8,CAT08,2025-04-11,2025-09-25,5,187,0.0909,0.8182,0.1818,0.2222,1,5.0
CUST05392,C02,2025-08-03,2,2,0,656.55,328.28,2,1.0,2,CAT11,2025-08-11,2025-08-17,44,58,0.0,1.0,0.5,0.5,1,4.0
CUST05393,C02,2024-03-08,9,8,1,2094.45,261.81,15,1.63,8,CAT10,2025-04-11,2025-09-03,27,571,0.1111,0.8889,0.3333,0.375,1,5.0
CUST05394,C03,2024-10-21,4,3,0,3173.00,1057.67,8,1.67,5,CAT18,2025-05-18,2025-08-27,34,344,0.0,0.25,0.75,0.0,0,
CUST05395,C02,2023-01-27,16,13,2,12503.75,961.83,45,2.38,12,CAT17,2025-04-14,2025-09-24,6,977,0.125,0.25,0.1875,0.1538,0,
CUST05396,C03,2023-04-13,2,2,0,519.20,259.6,4,1.5,2,CAT12,2025-08-14,2025-09-07,23,901,0.0,1.0,0.5,0.5,0,
CUST05397,C03,2024-12-20,3,2,1,2152.00,1076.0,13,4.0,4,CAT15,2025-05-15,2025-06-10,112,284,0.3333,0.0,0.3333,0.0,1,3.0
CUST05398,C01,2024-11-03,5,5,0,723.00,144.6,8,1.4,5,CAT12,2025-04-10,2025-08-12,49,331,0.0,0.8,0.0,0.0,0,
CUST05399,C03,2023-11-15,4,4,0,2875.05,718.76,15,2.5,8,CAT17,2025-04-23,2025-09-28,2,685,0.0,0.25,0.75,0.75,0,
CUST05400,C03,2023-09-29,2,2,0,1789.00,894.5,10,3.5,5,CAT17,2025-07-18,2025-09-28,2,732,0.0,0.5,0.5,0.0,2,5.0
CUST05401,C01,2024-05-10,6,6,0,1622.00,270.33,11,1.67,7,CAT19,2025-04-02,2025-09-21,9,508,0.0,0.1667,0.3333,0.1667,1,5.0
CUST05402,C01,2025-09-28,0,0,0,0.00,,0,,0,,,,,2,,,,,0,
CUST05403,C03,2023-02-07,26,22,2,7007.00,318.5,46,1.68,14,CAT12,2025-04-06,2025-09-19,11,966,0.0769,0.5769,0.3846,0.1818,8,3.75
CUST05404,C02,2024-08-09,1,1,0,229.00,229.0,1,1.0,1,CAT18,2025-09-27,2025-09-27,3,417,0.0,0.0,1.0,0.0,0,
CUST05405,C02,2025-03-08,4,4,0,5606.55,1401.64,19,3.25,9,CAT17,2025-04-27,2025-09-11,19,206,0.0,0.0,0.75,0.25,1,5.0
CUST05406,C01,2024-01-22,7,6,0,1680.00,280.0,10,1.33,5,CAT15,2025-04-03,2025-09-14,16,617,0.0,0.8571,0.4286,0.0,1,4.0
CUST05407,C02,2025-02-22,12,11,0,6616.80,601.53,49,3.18,13,CAT11,2025-04-20,2025-09-19,11,220,0.0,0.1667,0.25,0.0909,5,3.2
CUST05408,C03,2025-04-05,16,14,2,10834.80,773.91,66,3.43,16,CAT05,2025-04-07,2025-09-29,1,178,0.125,0.125,0.1875,0.2857,1,4.0
CUST05409,C02,2023-12-13,3,3,0,1439.00,479.67,11,2.0,5,CAT16,2025-04-05,2025-07-22,70,657,0.0,0.6667,0.3333,0.0,0,
CUST05410,C02,2025-06-17,8,7,1,2617.00,373.86,21,2.0,10,CAT12,2025-06-27,2025-09-22,8,105,0.125,0.75,0.375,0.0,0,
CUST05411,C01,2024-08-02,0,0,0,0.00,,0,,0,,,,,424,,,,,0,
CUST05412,C01,2025-06-10,3,3,0,1420.00,473.33,10,2.67,5,CAT20,2025-06-20,2025-08-14,47,112,0.0,0.6667,0.0,0.3333,0,
CUST05413,C01,2023-04-24,1,1,0,244.60,244.6,3,2.0,2,CAT03,2025-06-20,2025-06-20,102,890,0.0,0.0,0.0,1.0,0,
CUST05414,C01,2024-05-17,6,6,0,1513.00,252.17,15,1.67,7,CAT10,2025-04-02,2025-08-29,32,501,0.0,0.6667,0.0,0.3333,1,2.0
CUST05415,C01,2024-10-29,0,0,0,0.00,,0,,0,,,,,336,,,,,0,
CUST05416,C01,2025-04-17,0,0,0,0.00,,0,,0,,,,,166,,,,,0,
CUST05417,C01,2025-05-21,1,1,0,149.00,149.0,1,1.0,1,CAT08,2025-07-31,2025-07-31,61,132,0.0,1.0,0.0,0.0,0,
CUST05418,C03,2023-10-08,12,11,1,19637.40,1785.22,90,5.64,18,CAT10,2025-04-06,2025-08-30,31,723,0.0833,0.0,0.6667,0.3636,3,3.0
CUST05419,C01,2023-07-17,1,1,0,603.00,603.0,3,3.0,3,CAT12,2025-05-07,2025-05-07,146,806,0.0,1.0,0.0,0.0,0,
CUST05420,C01,2024-07-01,9,8,1,10999.10,1374.89,50,4.63,15,CAT15,2025-04-20,2025-08-30,31,456,0.1111,0.1111,0.6667,0.25,0,
CUST05421,C02,2025-09-07,1,1,0,542.00,542.0,2,2.0,2,CAT14,2025-09-20,2025-09-20,10,23,0.0,1.0,1.0,0.0,0,
CUST05422,C02,2024-04-30,1,1,0,147.00,147.0,3,1.0,1,CAT01,2025-06-26,2025-06-26,96,518,0.0,0.0,0.0,0.0,0,
CUST05423,C01,2025-06-07,1,0,1,0.00,,0,,0,,2025-09-20,,,115,1.0,0.0,1.0,,0,
CUST05424,C03,2023-09-01,10,8,1,11382.80,1422.85,47,4.13,15,CAT15,2025-04-06,2025-08-14,47,760,0.1,0.4,0.4,0.375,3,4.0
CUST05425,C03,2024-06-20,11,9,2,5940.40,660.04,45,4.0,13,CAT11,2025-04-11,2025-08-25,36,467,0.1818,0.2727,0.0909,0.1111,1,5.0
CUST05426,C02,2023-05-21,11,10,1,6197.70,619.77,51,3.9,15,CAT05,2025-04-21,2025-09-27,3,863,0.0909,0.0909,0.3636,0.2,1,4.0
CUST05427,C02,2025-08-01,5,4,1,2663.00,665.75,24,3.5,10,CAT20,2025-08-04,2025-09-15,15,60,0.2,0.2,0.2,0.25,1,2.0
CUST05428,C01,2024-12-17,2,2,0,1155.00,577.5,5,1.0,2,CAT15,2025-04-16,2025-05-06,147,287,0.0,0.0,0.0,0.0,0,
CUST05429,C02,2023-08-15,2,2,0,2820.00,1410.0,17,6.0,10,CAT19,2025-05-03,2025-06-25,97,777,0.0,0.5,0.5,0.0,0,
CUST05430,C01,2025-06-01,1,1,0,133.00,133.0,2,2.0,2,CAT03,2025-07-16,2025-07-16,76,121,0.0,1.0,0.0,0.0,0,
CUST05431,C03,2024-08-18,4,3,1,1888.00,629.33,9,2.67,7,CAT01,2025-04-01,2025-09-22,8,408,0.25,1.0,0.0,0.0,0,
CUST05432,C03,2024-07-19,10,9,1,6914.00,768.22,33,2.22,11,CAT12,2025-04-12,2025-09-22,8,438,0.1,0.6,0.2,0.0,1,3.0
CUST05433,C01,2025-07-10,1,1,0,497.00,497.0,2,2.0,2,CAT10,2025-09-22,2025-09-22,8,82,0.0,0.0,0.0,0.0,1,4.0
CUST05434,C01,2025-06-21,2,2,0,980.00,490.0,9,3.0,4,CAT19,2025-09-02,2025-09-21,9,101,0.0,0.5,0.5,0.0,1,4.0
CUST05435,C01,2025-08-17,1,1,0,416.00,416.0,1,1.0,1,CAT05,2025-08-27,2025-08-27,34,44,0.0,0.0,0.0,0.0,0,
CUST05436,C01,2025-07-09,0,0,0,0.00,,0,,0,,,,,83,,,,,0,
CUST05437,C01,2024-08-27,6,6,0,1867.20,311.2,18,2.17,6,CAT07,2025-04-01,2025-09-16,14,399,0.0,0.6667,0.1667,0.1667,2,3.0
CUST05438,C03,2023-08-08,16,13,3,10631.80,817.83,72,3.92,13,CAT17,2025-04-14,2025-09-25,5,784,0.1875,0.375,0.125,0.1538,3,3.67
CUST05439,C03,2024-11-24,7,7,0,3575.80,510.83,25,2.43,10,CAT05,2025-04-02,2025-09-24,6,310,0.0,0.1429,0.1429,0.1429,1,4.0
CUST05440,C02,2024-07-25,3,3,0,4069.15,1356.38,11,2.33,7,CAT17,2025-05-23,2025-08-23,38,432,0.0,0.0,0.3333,0.3333,0,
CUST05441,C03,2023-03-03,5,5,0,8526.00,1705.2,41,6.0,10,CAT15,2025-05-03,2025-08-09,52,942,0.0,0.2,0.6,0.0,0,
CUST05442,C01,2023-11-08,11,9,2,5226.10,580.68,48,3.56,12,CAT05,2025-04-04,2025-09-15,15,692,0.1818,0.2727,0.0909,0.3333,1,5.0
CUST05443,C03,2024-10-23,3,3,0,1090.00,363.33,6,1.67,5,CAT17,2025-04-04,2025-09-08,22,342,0.0,0.6667,0.3333,0.0,0,
CUST05444,C01,2025-09-17,0,0,0,0.00,,0,,0,,,,,13,,,,,0,
CUST05445,C01,2024-12-09,12,11,1,9471.15,861.01,45,2.82,17,CAT17,2025-04-02,2025-09-22,8,295,0.0833,0.3333,0.25,0.2727,1,5.0
CUST05446,C03,2023-12-28,12,12,0,6010.90,500.91,52,2.83,12,CAT05,2025-05-04,2025-09-30,0,642,0.0,0.25,0.1667,0.25,2,4.5
CUST05447,C02,2024-05-17,0,0,0,0.00,,0,,0,,,,,501,,,,,0,
CUST05448,C03,2024-08-25,30,25,4,41639.40,1665.58,208,4.0,19,CAT01,2025-04-03,2025-09-28,2,401,0.1333,0.1667,0.3333,0.12,4,4.5
CUST05449,C01,2023-11-26,1,1,0,961.00,961.0,7,4.0,4,CAT19,2025-09-21,2025-09-21,9,674,0.0,1.0,1.0,0.0,0,
CUST05450,C02,2025-08-18,6,5,0,8109.80,1621.96,23,3.2,8,CAT17,2025-08-22,2025-09-24,6,43,0.0,0.3333,0.1667,0.2,1,5.0
CUST05451,C02,2025-06-18,6,5,1,4155.30,831.06,24,4.2,12,CAT17,2025-06-19,2025-07-29,63,104,0.1667,0.3333,0.1667,0.6,1,4.0
CUST05452,C01,2023-03-23,10,8,1,4806.40,600.8,33,2.75,8,CAT05,2025-04-06,2025-09-09,21,922,0.1,0.2,0.2,0.125,0,
CUST05453,C01,2023-08-04,0,0,0,0.00,,0,,0,,,,,788,,,,,0,
CUST05454,C03,2024-09-13,8,6,0,4090.00,681.67,21,2.83,11,CAT19,2025-04-02,2025-09-26,4,382,0.0,0.125,0.125,0.0,3,3.0
CUST05455,C01,2023-07-25,6,6,0,1454.00,242.33,13,1.5,5,CAT12,2025-04-06,2025-09-12,18,798,0.0,0.5,0.3333,0.0,1,3.0
CUST05456,C03,2025-06-02,0,0,0,0.00,,0,,0,,,,,120,,,,,0,
CUST05457,C02,2024-04-20,2,2,0,880.00,440.0,5,2.0,4,CAT16,2025-04-05,2025-06-30,92,528,0.0,0.0,0.5,0.0,1,5.0
CUST05458,C02,2024-08-25,4,4,0,1474.20,368.55,16,2.75,7,CAT05,2025-04-18,2025-06-24,98,401,0.0,0.0,0.25,0.25,0,
CUST05459,C02,2025-03-13,0,0,0,0.00,,0,,0,,,,,201,,,,,0,
CUST05460,C02,2025-05-10,4,4,0,3343.70,835.93,16,2.5,6,CAT14,2025-05-13,2025-09-06,24,143,0.0,1.0,0.5,0.5,0,
CUST05461,C01,2024-02-08,10,10,0,8847.70,884.77,61,3.9,15,CAT03,2025-04-05,2025-09-22,8,600,0.0,0.3,0.1,0.2,3,3.33
CUST05462,C01,2023-01-02,8,8,0,9605.90,1200.74,42,3.75,13,CAT17,2025-04-10,2025-09-18,12,1002,0.0,0.25,0.0,0.125,0,
CUST05463,C02,2024-03-14,3,3,0,1889.20,629.73,10,2.67,7,CAT17,2025-04-27,2025-08-29,32,565,0.0,0.3333,0.3333,0.3333,0,
CUST05464,C01,2025-08-26,3,3,0,1729.00,576.33,14,3.33,6,CAT05,2025-08-28,2025-09-24,6,35,0.0,0.0,0.3333,0.0,0,
CUST05465,C01,2025-08-18,0,0,0,0.00,,0,,0,,,,,43,,,,,0,
CUST05466,C01,2023-09-17,1,1,0,881.30,881.3,5,4.0,4,CAT15,2025-09-15,2025-09-15,15,744,0.0,0.0,0.0,1.0,1,4.0
CUST05467,C01,2025-09-14,2,2,0,1054.90,527.45,8,3.0,5,CAT16,2025-09-16,2025-09-19,11,16,0.0,0.0,0.0,0.5,0,
CUST05468,C02,2024-05-27,5,5,0,10304.40,2060.88,47,6.4,13,CAT10,2025-04-24,2025-08-21,40,491,0.0,0.2,0.2,0.4,1,2.0
CUST05469,C02,2024-09-27,6,5,0,2135.00,427.0,21,3.0,9,CAT08,2025-04-23,2025-09-07,23,368,0.0,0.8333,0.3333,0.4,2,4.5
CUST05470,C02,2024-06-19,3,3,0,2640.00,880.0,12,3.33,8,CAT19,2025-07-28,2025-08-23,38,468,0.0,0.3333,0.3333,0.6667,1,5.0
CUST05471,C03,2025-08-16,1,1,0,1893.00,1893.0,9,7.0,5,CAT15,2025-09-07,2025-09-07,23,45,0.0,1.0,1.0,0.0,0,
CUST05472,C02,2023-03-02,0,0,0,0.00,,0,,0,,,,,943,,,,,0,
CUST05473,C01,2023-06-29,6,5,1,2147.05,429.41,15,2.4,9,CAT14,2025-05-27,2025-09-18,12,824,0.1667,0.1667,0.0,0.4,1,4.0
CUST05474,C02,2025-08-02,2,2,0,1817.00,908.5,6,2.5,5,CAT17,2025-08-04,2025-09-16,14,59,0.0,0.0,0.0,0.0,1,3.0
CUST05475,C03,2024-01-25,0,0,0,0.00,,0,,0,,,,,614,,,,,0,
CUST05476,C02,2025-04-27,0,0,0,0.00,,0,,0,,,,,156,,,,,0,
CUST05477,C03,2023-02-23,13,12,1,7344.80,612.07,29,1.75,9,CAT19,2025-04-01,2025-09-24,6,950,0.0769,0.4615,0.0769,0.0833,3,4.0
CUST05478,C02,2023-02-12,4,3,1,833.60,277.87,7,1.67,5,CAT08,2025-04-19,2025-08-28,33,961,0.25,1.0,0.5,0.3333,0,
CUST05479,C03,2023-10-16,1,1,0,1097.00,1097.0,10,6.0,4,CAT03,2025-05-24,2025-05-24,129,715,0.0,0.0,1.0,0.0,0,
CUST05480,C03,2024-02-14,14,11,2,9550.40,868.22,55,3.45,15,CAT15,2025-04-14,2025-09-25,5,594,0.1429,0.2857,0.3571,0.3636,1,5.0
CUST05481,C01,2024-06-13,1,1,0,527.00,527.0,3,3.0,3,CAT10,2025-04-18,2025-04-18,165,474,0.0,0.0,0.0,0.0,0,
CUST05482,C01,2024-07-02,5,4,1,1982.00,495.5,20,3.5,8,CAT03,2025-04-26,2025-09-30,0,455,0.2,0.2,0.4,0.0,0,
CUST05483,C03,2025-01-31,13,10,2,5134.10,513.41,42,2.9,12,CAT01,2025-04-13,2025-09-07,23,242,0.1538,0.1538,0.3846,0.3,2,3.0
CUST05484,C01,2025-09-29,0,0,0,0.00,,0,,0,,,,,1,,,,,0,
CUST05485,C03,2024-03-09,7,5,0,3300.15,660.03,26,3.2,8,CAT03,2025-04-09,2025-09-14,16,570,0.0,0.4286,0.2857,0.4,2,3.0
CUST05486,C03,2023-02-17,0,0,0,0.00,,0,,0,,,,,956,,,,,0,
CUST05487,C01,2023-12-06,11,10,0,1862.00,186.2,19,1.6,9,CAT06,2025-04-05,2025-09-15,15,664,0.0,0.6364,0.3636,0.0,1,2.0
CUST05488,C01,2025-01-12,1,1,0,623.00,623.0,3,3.0,3,CAT01,2025-08-29,2025-08-29,32,261,0.0,0.0,0.0,0.0,1,3.0
CUST05489,C01,2025-05-04,8,7,1,12610.00,1801.43,49,4.86,13,CAT05,2025-05-20,2025-08-31,30,149,0.125,0.25,0.375,0.0,0,
CUST05490,C02,2023-03-17,5,4,1,1639.00,409.75,10,2.25,8,CAT17,2025-04-27,2025-09-24,6,928,0.2,0.2,0.4,0.0,1,5.0
CUST05491,C01,2023-10-02,3,3,0,3282.00,1094.0,20,5.0,10,CAT15,2025-04-18,2025-09-20,10,729,0.0,0.0,0.6667,0.0,1,3.0
CUST05492,C01,2025-09-12,0,0,0,0.00,,0,,0,,,,,18,,,,,0,
CUST05493,C02,2024-10-02,7,6,0,7659.00,1276.5,30,4.0,10,CAT17,2025-04-02,2025-06-05,117,363,0.0,0.1429,0.4286,0.0,1,4.0
CUST05494,C02,2023-10-03,2,2,0,2179.00,1089.5,6,2.0,3,CAT15,2025-06-09,2025-07-09,83,728,0.0,0.0,0.0,0.0,0,
CUST05495,C02,2025-08-10,0,0,0,0.00,,0,,0,,,,,51,,,,,0,
CUST05496,C02,2024-10-29,5,4,1,1511.00,377.75,16,2.75,7,CAT05,2025-04-11,2025-07-19,73,336,0.2,0.4,0.4,0.0,1,1.0
CUST05497,C01,2023-07-28,6,6,0,4101.75,683.63,15,2.33,9,CAT17,2025-05-01,2025-09-25,5,795,0.0,0.0,0.0,0.1667,1,5.0
CUST05498,C02,2023-06-08,11,11,0,11717.00,1065.18,70,3.91,11,CAT05,2025-04-03,2025-07-27,65,845,0.0,0.1818,0.4545,0.0,4,3.25
CUST05499,C01,2025-09-21,0,0,0,0.00,,0,,0,,,,,9,,,,,0,
CUST05500,C01,2023-07-15,23,21,1,12736.35,606.49,83,3.0,18,CAT17,2025-04-11,2025-09-09,21,808,0.0435,0.2174,0.3043,0.2381,5,4.2
CUST05501,C03,2023-09-05,16,13,3,9769.40,751.49,50,2.85,14,CAT17,2025-04-19,2025-09-27,3,756,0.1875,0.25,0.5,0.2308,3,4.0
CUST05502,C02,2023-11-26,11,11,0,5732.60,521.15,43,2.45,10,CAT05,2025-04-30,2025-09-26,4,674,0.0,0.2727,0.2727,0.0909,2,3.5
CUST05503,C03,2024-06-23,8,8,0,3123.20,390.4,28,2.38,12,CAT18,2025-06-04,2025-09-13,17,464,0.0,0.75,0.375,0.25,1,3.0
CUST05504,C01,2023-10-23,6,6,0,1701.20,283.53,18,2.17,8,CAT13,2025-05-07,2025-09-05,25,708,0.0,0.6667,0.3333,0.1667,2,4.5
CUST05505,C01,2025-07-25,7,5,2,2550.00,510.0,17,3.0,11,CAT17,2025-08-01,2025-09-15,15,67,0.2857,0.0,0.2857,0.0,2,3.5
CUST05506,C03,2024-02-21,11,10,0,19415.30,1941.53,85,5.2,18,CAT15,2025-04-07,2025-09-08,22,587,0.0,0.0909,0.4545,0.4,0,
CUST05507,C03,2024-03-01,1,1,0,160.00,160.0,2,2.0,2,CAT10,2025-09-25,2025-09-25,5,578,0.0,0.0,0.0,0.0,0,
CUST05508,C03,2025-05-10,2,1,1,911.90,911.9,7,6.0,4,CAT14,2025-06-21,2025-08-08,53,143,0.5,0.0,0.5,1.0,0,
CUST05509,C01,2023-11-14,0,0,0,0.00,,0,,0,,,,,686,,,,,0,
CUST05510,C01,2025-08-11,1,1,0,355.40,355.4,4,3.0,3,CAT07,2025-08-13,2025-08-13,48,50,0.0,0.0,0.0,1.0,0,
CUST05511,C03,2025-03-19,3,3,0,6252.00,2084.0,22,5.33,10,CAT14,2025-05-15,2025-08-03,58,195,0.0,0.0,0.6667,0.3333,1,4.0
CUST05512,C02,2023-02-03,18,16,2,7368.00,460.5,63,2.63,12,CAT17,2025-04-12,2025-09-22,8,970,0.1111,0.1111,0.3889,0.0625,2,5.0
CUST05513,C02,2023-08-31,11,11,0,8103.30,736.66,56,3.64,12,CAT16,2025-04-04,2025-09-04,26,761,0.0,0.3636,0.2727,0.2727,2,5.0
CUST05514,C01,2025-08-21,0,0,0,0.00,,0,,0,,,,,40,,,,,0,
CUST05515,C03,2023-12-22,9,8,0,13923.00,1740.38,63,5.13,14,CAT14,2025-04-21,2025-09-20,10,648,0.0,0.3333,0.4444,0.0,2,4.5
CUST05516,C01,2025-05-15,1,1,0,447.00,447.0,5,3.0,3,CAT07,2025-07-28,2025-07-28,64,138,0.0,0.0,0.0,0.0,0,
CUST05517,C01,2024-06-09,0,0,0,0.00,,0,,0,,,,,478,,,,,0,
CUST05518,C02,2025-04-08,1,1,0,1088.00,1088.0,7,5.0,4,CAT17,2025-08-18,2025-08-18,43,175,0.0,0.0,0.0,0.0,0,
CUST05519,C01,2024-08-01,6,6,0,3930.00,655.0,26,2.5,8,CAT15,2025-04-24,2025-08-19,42,425,0.0,0.8333,0.1667,0.0,0,
CUST05520,C03,2025-06-03,9,9,0,4352.50,483.61,35,2.44,10,CAT05,2025-06-05,2025-09-20,10,119,0.0,0.2222,0.3333,0.3333,3,4.33
CUST05521,C03,2023-08-29,11,8,2,4510.70,563.84,27,2.63,13,CAT12,2025-05-11,2025-09-28,2,763,0.1818,0.6364,0.2727,0.25,1,5.0
CUST05522,C01,2023-01-26,7,6,1,5367.15,894.53,36,4.0,13,CAT17,2025-04-12,2025-09-28,2,978,0.1429,0.4286,0.7143,0.3333,1,2.0
CUST05523,C01,2023-06-15,16,15,0,10604.90,706.99,65,3.13,17,CAT05,2025-04-08,2025-08-20,41,838,0.0,0.0625,0.1875,0.2,2,4.0
CUST05524,C03,2023-09-29,7,7,0,6835.60,976.51,26,2.29,13,CAT18,2025-04-07,2025-08-20,41,732,0.0,0.4286,0.1429,0.1429,2,3.0
CUST05525,C03,2025-07-14,6,4,0,2175.00,543.75,11,2.25,6,CAT05,2025-07-30,2025-09-13,17,78,0.0,0.1667,0.6667,0.0,2,4.5
CUST05526,C03,2024-09-29,8,7,0,4100.00,585.71,28,3.14,10,CAT03,2025-04-05,2025-09-22,8,366,0.0,0.125,0.25,0.0,1,5.0
CUST05527,C03,2024-05-16,8,8,0,8626.00,1078.25,35,3.0,11,CAT15,2025-04-07,2025-09-19,11,502,0.0,0.375,0.375,0.0,1,3.0
CUST05528,C01,2025-05-15,6,6,0,6799.00,1133.17,24,2.5,7,CAT17,2025-06-01,2025-09-22,8,138,0.0,0.1667,0.3333,0.0,1,3.0
CUST05529,C01,2025-04-06,5,5,0,3659.50,731.9,17,2.4,10,CAT17,2025-05-05,2025-07-03,89,177,0.0,0.0,0.4,0.2,0,
CUST05530,C02,2023-06-22,10,10,0,13323.45,1332.35,67,4.8,15,CAT13,2025-04-20,2025-09-21,9,831,0.0,0.2,0.7,0.2,2,3.0
CUST05531,C02,2024-06-29,9,8,1,1896.00,237.0,11,1.25,5,CAT15,2025-04-18,2025-08-13,48,458,0.1111,0.5556,0.3333,0.0,1,5.0
CUST05532,C03,2025-09-19,1,1,0,3690.00,3690.0,8,4.0,4,CAT17,2025-09-25,2025-09-25,5,11,0.0,1.0,0.0,0.0,1,5.0
CUST05533,C03,2023-12-03,12,11,0,12129.90,1102.72,69,4.64,15,CAT05,2025-04-02,2025-09-07,23,667,0.0,0.1667,0.25,0.1818,2,4.0
CUST05534,C01,2025-04-04,8,8,0,8831.25,1103.91,44,4.25,14,CAT15,2025-04-12,2025-09-30,0,179,0.0,0.125,0.5,0.125,1,4.0
CUST05535,C02,2024-08-26,3,3,0,1083.00,361.0,11,2.0,6,CAT19,2025-04-05,2025-07-11,81,400,0.0,0.0,0.6667,0.0,0,
CUST05536,C02,2023-04-17,1,1,0,901.00,901.0,6,4.0,4,CAT05,2025-09-21,2025-09-21,9,897,0.0,0.0,1.0,0.0,0,
CUST05537,C03,2024-01-21,9,8,1,7154.00,894.25,38,3.25,15,CAT10,2025-04-17,2025-08-14,47,618,0.1111,0.2222,0.0,0.625,4,3.75
CUST05538,C01,2023-02-10,0,0,0,0.00,,0,,0,,,,,963,,,,,0,
CUST05539,C01,2024-03-07,4,4,0,2319.00,579.75,16,3.0,10,CAT11,2025-04-09,2025-09-02,28,572,0.0,0.0,0.0,0.75,0,
CUST05540,C01,2024-10-11,3,3,0,5484.00,1828.0,15,3.0,6,CAT17,2025-05-29,2025-09-28,2,354,0.0,0.0,0.3333,0.0,0,
CUST05541,C02,2025-08-31,1,1,0,765.00,765.0,4,3.0,3,CAT05,2025-09-19,2025-09-19,11,30,0.0,0.0,0.0,0.0,0,
CUST05542,C01,2024-06-03,3,3,0,4276.30,1425.43,27,6.67,10,CAT13,2025-04-10,2025-09-14,16,484,0.0,0.0,0.3333,0.6667,0,
CUST05543,C03,2024-04-03,2,1,0,5336.00,5336.0,21,12.0,9,CAT05,2025-05-22,2025-07-19,73,545,0.0,0.5,0.5,0.0,0,
CUST05544,C01,2023-01-01,9,9,0,8813.95,979.33,53,4.33,13,CAT11,2025-04-05,2025-09-05,25,1003,0.0,0.1111,0.3333,0.2222,1,4.0
CUST05545,C02,2024-12-03,2,2,0,2129.00,1064.5,8,3.5,5,CAT18,2025-05-17,2025-06-10,112,301,0.0,0.0,0.5,0.0,0,
CUST05546,C02,2025-02-22,0,0,0,0.00,,0,,0,,,,,220,,,,,0,
CUST05547,C01,2023-02-15,16,15,1,6134.90,408.99,40,1.93,9,CAT17,2025-04-06,2025-09-30,0,958,0.0625,0.5625,0.0625,0.2,1,5.0
CUST05548,C03,2025-08-01,0,0,0,0.00,,0,,0,,,,,60,,,,,0,
CUST05549,C03,2024-07-21,3,2,1,1919.00,959.5,6,3.0,4,CAT17,2025-04-01,2025-06-19,103,436,0.3333,0.0,0.0,0.0,0,
CUST05550,C03,2025-07-11,3,3,0,1209.00,403.0,7,1.33,4,CAT13,2025-08-05,2025-09-28,2,81,0.0,0.6667,0.3333,0.0,0,
CUST05551,C02,2023-07-20,7,6,1,6060.50,1010.08,40,5.0,13,CAT15,2025-04-13,2025-09-25,5,803,0.1429,0.2857,0.4286,0.1667,2,4.5
CUST05552,C02,2024-04-13,6,6,0,2238.00,373.0,19,2.0,7,CAT08,2025-05-21,2025-09-28,2,535,0.0,0.6667,0.3333,0.0,2,4.0
CUST05553,C03,2023-08-27,13,11,0,6832.80,621.16,39,2.55,16,CAT10,2025-04-16,2025-09-05,25,765,0.0,0.3077,0.2308,0.2727,3,4.67
CUST05554,C03,2023-05-14,9,8,1,8299.10,1037.39,33,2.63,13,CAT17,2025-04-16,2025-09-12,18,870,0.1111,0.2222,0.3333,0.125,1,5.0
CUST05555,C02,2023-04-22,18,16,1,16241.70,1015.11,103,3.88,15,CAT05,2025-04-03,2025-09-26,4,892,0.0556,0.4444,0.2222,0.125,2,2.0
CUST05556,C01,2024-06-24,0,0,0,0.00,,0,,0,,,,,463,,,,,0,
CUST05557,C01,2025-07-17,0,0,0,0.00,,0,,0,,,,,75,,,,,0,
CUST05558,C03,2025-07-07,1,1,0,203.00,203.0,3,2.0,2,CAT08,2025-09-25,2025-09-25,5,85,0.0,1.0,0.0,0.0,0,
CUST05559,C01,2023-07-02,2,2,0,1704.00,852.0,11,3.5,5,CAT01,2025-05-01,2025-09-26,4,821,0.0,0.0,0.0,0.0,0,
CUST05560,C03,2024-09-19,7,6,1,3363.60,560.6,19,2.33,11,CAT09,2025-04-10,2025-08-30,31,376,0.1429,0.1429,0.2857,0.1667,1,3.0
CUST05561,C01,2025-07-24,0,0,0,0.00,,0,,0,,,,,68,,,,,0,
CUST05562,C01,2023-08-08,4,4,0,3533.40,883.35,22,3.5,8,CAT03,2025-07-20,2025-09-12,18,784,0.0,0.0,0.5,0.25,1,4.0
CUST05563,C03,2024-11-13,2,2,0,681.30,340.65,2,1.0,2,CAT17,2025-06-04,2025-08-16,45,321,0.0,0.0,0.5,1.0,0,
CUST05564,C03,2023-04-29,9,7,1,2512.40,358.91,23,1.86,9,CAT13,2025-04-14,2025-09-29,1,885,0.1111,0.8889,0.1111,0.1429,2,3.0
CUST05565,C02,2024-11-15,5,4,0,5414.05,1353.51,24,4.75,11,CAT15,2025-04-14,2025-09-11,19,319,0.0,0.2,0.4,0.75,1,4.0
CUST05566,C03,2024-06-19,9,9,0,4984.55,553.84,30,2.11,15,CAT13,2025-04-02,2025-09-29,1,468,0.0,0.2222,0.0,0.1111,1,4.0
CUST05567,C03,2025-08-20,1,1,0,344.00,344.0,4,3.0,2,CAT05,2025-08-24,2025-08-24,37,41,0.0,1.0,1.0,0.0,1,5.0
CUST05568,C02,2025-05-21,3,3,0,4022.75,1340.92,9,1.67,4,CAT17,2025-05-25,2025-07-30,62,132,0.0,0.3333,0.3333,0.3333,0,
CUST05569,C01,2024-01-31,7,7,0,5774.85,824.98,30,3.43,14,CAT17,2025-04-12,2025-06-12,110,608,0.0,0.2857,0.2857,0.4286,1,5.0
CUST05570,C03,2023-09-19,14,13,1,12323.30,947.95,67,3.38,18,CAT05,2025-04-04,2025-09-20,10,742,0.0714,0.1429,0.1429,0.1538,1,5.0
CUST05571,C03,2024-06-11,4,4,0,1297.00,324.25,11,1.75,6,CAT10,2025-06-01,2025-09-08,22,476,0.0,0.25,0.5,0.0,1,2.0
CUST05572,C02,2023-06-30,6,6,0,3671.00,611.83,29,3.5,9,CAT13,2025-07-04,2025-09-30,0,823,0.0,0.3333,0.1667,0.0,1,4.0
CUST05573,C02,2023-04-18,2,1,1,1989.00,1989.0,9,6.0,6,CAT10,2025-05-11,2025-08-19,42,896,0.5,0.0,0.5,0.0,0,
CUST05574,C01,2025-01-14,45,42,3,25931.30,617.41,181,3.12,17,CAT05,2025-04-04,2025-09-28,2,259,0.0667,0.1778,0.3556,0.2143,8,4.0
CUST05575,C01,2025-09-05,0,0,0,0.00,,0,,0,,,,,25,,,,,0,
CUST05576,C03,2024-10-04,4,4,0,5583.00,1395.75,12,2.25,6,CAT17,2025-07-22,2025-09-30,0,361,0.0,0.0,0.0,0.0,0,
CUST05577,C02,2025-07-03,1,1,0,4369.30,4369.3,11,9.0,7,CAT17,2025-08-21,2025-08-21,40,89,0.0,0.0,0.0,1.0,0,
CUST05578,C03,2023-08-12,6,6,0,3297.30,549.55,26,3.83,10,CAT11,2025-04-20,2025-08-08,53,780,0.0,0.1667,0.1667,0.3333,0,
CUST05579,C02,2023-09-02,6,5,0,2828.50,565.7,10,1.8,7,CAT05,2025-04-20,2025-09-15,15,759,0.0,1.0,0.1667,0.2,1,4.0
CUST05580,C02,2025-01-25,4,3,0,1436.00,478.67,11,2.33,5,CAT17,2025-04-10,2025-09-21,9,248,0.0,0.25,0.25,0.0,0,
CUST05581,C03,2024-12-12,4,4,0,1646.50,411.63,20,3.25,7,CAT05,2025-04-27,2025-09-30,0,292,0.0,0.0,0.25,0.25,0,
CUST05582,C01,2024-08-18,10,9,0,6267.30,696.37,41,3.56,14,CAT16,2025-04-08,2025-09-05,25,408,0.0,0.1,0.3,0.2222,1,4.0
CUST05583,C03,2023-08-15,11,9,1,1821.65,202.41,15,1.56,8,CAT08,2025-04-07,2025-09-29,1,777,0.0909,0.4545,0.4545,0.1111,2,4.0
CUST05584,C01,2023-04-22,3,3,0,499.00,166.33,4,1.0,3,CAT08,2025-05-30,2025-08-27,34,892,0.0,1.0,0.3333,0.0,0,
CUST05585,C02,2024-11-09,2,2,0,3556.00,1778.0,12,4.0,4,CAT15,2025-04-01,2025-05-05,148,325,0.0,0.0,0.0,0.0,0,
CUST05586,C01,2025-08-30,0,0,0,0.00,,0,,0,,,,,31,,,,,0,
CUST05587,C01,2024-12-18,0,0,0,0.00,,0,,0,,,,,286,,,,,0,
CUST05588,C03,2023-01-13,1,1,0,24.00,24.0,1,1.0,1,CAT07,2025-09-03,2025-09-03,27,991,0.0,1.0,0.0,0.0,1,2.0
CUST05589,C03,2024-09-27,9,8,0,9166.80,1145.85,36,3.63,12,CAT15,2025-04-06,2025-09-19,11,368,0.0,0.2222,0.5556,0.125,2,5.0
CUST05590,C01,2023-04-14,6,6,0,11044.05,1840.68,40,5.17,12,CAT10,2025-05-05,2025-09-27,3,900,0.0,0.3333,0.6667,0.3333,0,
CUST05591,C02,2024-04-12,5,4,1,1532.00,383.0,15,2.25,6,CAT07,2025-04-05,2025-09-14,16,536,0.2,0.2,0.8,0.25,1,3.0
CUST05592,C02,2025-02-24,3,3,0,667.00,222.33,6,1.0,2,CAT06,2025-04-04,2025-05-21,132,218,0.0,0.6667,0.0,0.0,1,2.0
CUST05593,C03,2024-10-27,16,16,0,22279.55,1392.47,55,2.81,13,CAT17,2025-04-04,2025-09-28,2,338,0.0,0.25,0.4375,0.0625,3,2.0
CUST05594,C03,2024-06-11,5,5,0,431.00,86.2,8,1.2,5,CAT07,2025-05-28,2025-08-21,40,476,0.0,0.6,0.0,0.2,2,1.0
CUST05595,C02,2023-07-06,15,14,1,10302.90,735.92,61,2.93,17,CAT16,2025-04-22,2025-09-30,0,817,0.0667,0.0,0.2667,0.2143,1,5.0
CUST05596,C01,2024-07-25,5,5,0,3947.00,789.4,29,3.4,11,CAT05,2025-05-22,2025-09-27,3,432,0.0,0.0,0.6,0.0,1,4.0
CUST05597,C03,2024-01-26,7,7,0,4137.40,591.06,27,2.71,12,CAT10,2025-05-14,2025-09-30,0,613,0.0,0.1429,0.2857,0.2857,1,5.0
CUST05598,C01,2025-05-25,1,1,0,328.00,328.0,1,1.0,1,CAT11,2025-08-24,2025-08-24,37,128,0.0,0.0,1.0,0.0,1,5.0
CUST05599,C02,2024-02-27,4,4,0,2389.00,597.25,14,2.0,6,CAT13,2025-04-27,2025-09-27,3,581,0.0,0.25,0.5,0.0,0,
CUST05600,C02,2025-04-12,4,3,0,1169.00,389.67,6,1.67,4,CAT15,2025-05-10,2025-09-16,14,171,0.0,0.25,0.5,0.0,0,
CUST05601,C03,2023-09-15,8,8,0,7163.00,895.38,38,3.38,15,CAT05,2025-04-11,2025-09-30,0,746,0.0,0.125,0.375,0.375,2,4.0
CUST05602,C02,2025-08-18,0,0,0,0.00,,0,,0,,,,,43,,,,,0,
CUST05603,C03,2025-04-09,3,3,0,4429.50,1476.5,15,4.0,8,CAT17,2025-04-13,2025-07-05,87,174,0.0,0.3333,0.6667,0.3333,0,
CUST05604,C02,2023-06-29,4,1,2,755.00,755.0,8,5.0,4,CAT10,2025-04-12,2025-04-12,171,824,0.5,0.75,0.5,0.0,0,
CUST05605,C02,2024-08-22,2,2,0,1024.00,512.0,7,2.0,3,CAT12,2025-04-04,2025-08-02,59,404,0.0,1.0,0.5,0.0,0,
CUST05606,C02,2025-08-14,2,1,0,800.00,800.0,6,5.0,5,CAT13,2025-09-19,2025-09-27,3,47,0.0,0.0,0.5,0.0,0,
CUST05607,C01,2025-04-23,10,8,1,4658.90,582.36,28,2.0,8,CAT12,2025-05-03,2025-08-22,39,160,0.1,0.8,0.2,0.25,2,2.5
CUST05608,C01,2023-01-01,6,5,0,2886.00,577.2,20,2.6,7,CAT03,2025-04-13,2025-09-19,11,1003,0.0,0.0,0.6667,0.0,1,2.0
CUST05609,C01,2024-10-26,0,0,0,0.00,,0,,0,,,,,339,,,,,0,
CUST05610,C01,2024-07-31,6,6,0,1341.25,223.54,16,2.5,11,CAT05,2025-04-24,2025-08-11,50,426,0.0,0.1667,0.1667,0.1667,2,5.0
CUST05611,C03,2025-05-20,6,5,1,2645.00,529.0,13,2.0,7,CAT17,2025-06-01,2025-09-14,16,133,0.1667,0.0,0.3333,0.0,2,3.5
CUST05612,C01,2023-01-25,0,0,0,0.00,,0,,0,,,,,979,,,,,0,
CUST05613,C03,2023-09-19,3,3,0,3143.00,1047.67,15,3.0,7,CAT15,2025-06-07,2025-09-25,5,742,0.0,0.3333,0.6667,0.3333,1,3.0
CUST05614,C01,2023-06-09,5,4,1,5057.00,1264.25,28,4.75,12,CAT15,2025-05-18,2025-08-16,45,844,0.2,0.2,0.8,0.0,1,4.0
CUST05615,C02,2025-07-17,4,3,0,1645.00,548.33,8,2.0,5,CAT17,2025-07-18,2025-09-19,11,75,0.0,0.75,0.25,0.0,0,
CUST05616,C01,2023-06-29,0,0,0,0.00,,0,,0,,,,,824,,,,,0,
CUST05617,C03,2025-03-13,7,7,0,2015.00,287.86,18,1.71,7,CAT10,2025-06-19,2025-09-30,0,201,0.0,0.5714,0.0,0.0,1,2.0
CUST05618,C02,2023-12-07,9,7,2,5776.90,825.27,37,3.43,10,CAT11,2025-04-15,2025-09-02,28,663,0.2222,0.2222,0.3333,0.2857,0,
CUST05619,C01,2025-09-18,0,0,0,0.00,,0,,0,,,,,12,,,,,0,
CUST05620,C03,2024-08-07,6,6,0,3182.50,530.42,22,2.33,9,CAT14,2025-04-30,2025-09-01,29,419,0.0,0.0,0.3333,0.3333,2,4.0
CUST05621,C02,2023-07-30,9,8,0,6272.30,784.04,53,5.25,15,CAT17,2025-04-02,2025-09-27,3,793,0.0,0.1111,0.3333,0.125,1,4.0
CUST05622,C01,2024-07-17,8,8,0,2760.00,345.0,21,2.0,9,CAT16,2025-05-14,2025-07-25,67,440,0.0,0.625,0.125,0.25,1,3.0
CUST05623,C03,2024-05-10,13,10,1,5273.50,527.35,36,2.5,11,CAT15,2025-05-07,2025-09-26,4,508,0.0769,0.1538,0.3077,0.1,0,
CUST05624,C01,2025-06-27,8,8,0,4889.60,611.2,31,2.5,12,CAT14,2025-06-27,2025-09-18,12,95,0.0,0.625,0.375,0.25,1,4.0
CUST05625,C01,2023-12-06,3,3,0,1944.00,648.0,9,1.67,5,CAT17,2025-08-23,2025-09-22,8,664,0.0,0.0,0.3333,0.0,1,3.0
CUST05626,C03,2025-06-29,0,0,0,0.00,,0,,0,,,,,93,,,,,0,
CUST05627,C03,2024-02-20,9,8,0,8895.50,1111.94,33,2.38,14,CAT17,2025-04-23,2025-08-09,52,588,0.0,0.1111,0.6667,0.125,1,2.0
CUST05628,C02,2023-03-17,1,1,0,658.00,658.0,3,2.0,2,CAT13,2025-09-22,2025-09-22,8,928,0.0,0.0,0.0,0.0,0,
CUST05629,C02,2024-12-14,14,13,0,8101.80,623.22,65,3.38,14,CAT05,2025-04-10,2025-09-21,9,290,0.0,0.1429,0.3571,0.0769,2,5.0
CUST05630,C02,2023-03-02,2,2,0,1948.10,974.05,7,3.5,7,CAT17,2025-04-26,2025-09-08,22,943,0.0,0.5,0.5,0.5,1,3.0
CUST05631,C02,2023-05-12,2,2,0,3779.40,1889.7,13,4.5,5,CAT16,2025-09-14,2025-09-14,16,872,0.0,0.5,1.0,1.0,0,
CUST05632,C02,2023-07-07,7,6,1,2817.40,469.57,21,3.33,12,CAT16,2025-04-05,2025-09-23,7,816,0.1429,0.2857,0.4286,0.1667,1,5.0
CUST05633,C01,2025-06-27,1,0,1,0.00,,0,,0,,2025-09-21,,,95,1.0,0.0,1.0,,0,
CUST05634,C01,2024-09-09,8,7,1,6634.00,947.71,21,1.86,10,CAT17,2025-04-05,2025-09-24,6,386,0.125,0.25,0.375,0.0,2,4.5
CUST05635,C02,2024-08-14,18,16,2,10273.40,642.09,85,3.63,16,CAT05,2025-04-19,2025-08-22,39,412,0.1111,0.1111,0.3333,0.25,2,5.0
CUST05636,C02,2025-02-16,15,14,0,8106.40,579.03,57,2.79,15,CAT05,2025-04-08,2025-09-26,4,226,0.0,0.0667,0.0667,0.1429,3,4.0
CUST05637,C02,2024-01-12,4,4,0,1916.75,479.19,22,3.75,8,CAT11,2025-05-26,2025-08-19,42,627,0.0,0.5,0.0,0.5,0,
CUST05638,C03,2024-12-21,3,3,0,3563.00,1187.67,18,4.67,10,CAT15,2025-04-14,2025-09-06,24,283,0.0,0.0,0.3333,0.6667,0,
CUST05639,C01,2025-07-26,2,2,0,985.00,492.5,4,1.5,3,CAT17,2025-08-24,2025-08-31,30,66,0.0,0.5,1.0,0.5,0,
CUST05640,C02,2024-08-16,7,7,0,2772.00,396.0,17,2.29,8,CAT16,2025-04-08,2025-09-27,3,410,0.0,0.1429,0.5714,0.0,2,3.5
CUST05641,C01,2023-05-09,9,9,0,1670.10,185.57,24,2.0,9,CAT09,2025-04-04,2025-09-15,15,875,0.0,0.8889,0.1111,0.2222,1,4.0
CUST05642,C03,2025-09-10,0,0,0,0.00,,0,,0,,,,,20,,,,,0,
CUST05643,C01,2023-01-21,9,9,0,8888.90,987.66,51,3.89,12,CAT05,2025-04-16,2025-09-26,4,983,0.0,0.0,0.3333,0.2222,1,5.0
CUST05644,C01,2023-05-18,0,0,0,0.00,,0,,0,,,,,866,,,,,0,
CUST05645,C03,2023-11-02,4,4,0,2548.60,637.15,16,2.25,8,CAT17,2025-05-15,2025-07-01,91,698,0.0,0.0,0.0,0.25,0,
CUST05646,C03,2025-04-04,9,9,0,6883.40,764.82,53,4.0,12,CAT05,2025-04-06,2025-09-30,0,179,0.0,0.2222,0.1111,0.3333,1,3.0
CUST05647,C03,2025-09-28,0,0,0,0.00,,0,,0,,,,,2,,,,,0,
CUST05648,C02,2023-09-28,4,4,0,1943.00,485.75,15,2.5,8,CAT15,2025-05-16,2025-08-03,58,733,0.0,0.25,0.25,0.0,0,
CUST05649,C02,2025-02-13,1,1,0,1033.00,1033.0,4,4.0,4,CAT17,2025-06-12,2025-06-12,110,229,0.0,1.0,0.0,1.0,0,
CUST05650,C03,2023-07-03,7,6,1,7743.60,1290.6,20,2.33,10,CAT17,2025-04-05,2025-08-14,47,820,0.1429,0.2857,0.2857,0.1667,0,
CUST05651,C01,2024-06-01,5,5,0,2793.00,558.6,18,2.6,6,CAT05,2025-04-12,2025-09-29,1,486,0.0,0.0,0.2,0.0,0,
CUST05652,C01,2025-03-02,5,4,0,2803.00,700.75,14,2.75,7,CAT12,2025-05-31,2025-09-26,4,212,0.0,0.4,0.2,0.0,1,5.0
CUST05653,C01,2023-10-21,4,4,0,6306.40,1576.6,39,6.0,12,CAT15,2025-06-24,2025-09-27,3,710,0.0,0.5,0.25,0.5,1,5.0
CUST05654,C02,2025-06-24,11,11,0,5869.90,533.63,53,3.27,12,CAT03,2025-06-25,2025-09-23,7,98,0.0,0.0909,0.1818,0.1818,2,3.5
CUST05655,C01,2024-07-27,4,3,0,839.00,279.67,6,1.0,2,CAT08,2025-04-14,2025-07-29,63,430,0.0,0.25,0.0,0.0,1,2.0
CUST05656,C03,2025-06-13,3,1,1,1151.00,1151.0,6,4.0,4,CAT17,2025-09-27,2025-09-27,3,109,0.3333,0.6667,0.3333,0.0,0,
CUST05657,C01,2024-01-31,4,3,0,7377.00,2459.0,34,8.0,11,CAT15,2025-05-05,2025-08-02,59,608,0.0,0.0,0.5,0.0,0,
CUST05658,C02,2025-04-02,4,3,1,3629.00,1209.67,13,3.0,7,CAT17,2025-04-28,2025-09-29,1,181,0.25,0.25,0.25,0.0,0,
CUST05659,C02,2023-08-14,16,15,1,10343.35,689.56,68,3.07,17,CAT05,2025-04-09,2025-09-30,0,778,0.0625,0.125,0.25,0.3333,2,5.0
CUST05660,C01,2025-01-28,22,20,1,15023.30,751.17,87,3.15,18,CAT17,2025-04-06,2025-09-25,5,245,0.0455,0.2273,0.3636,0.1,3,4.33
CUST05661,C02,2025-09-14,2,2,0,1186.00,593.0,7,2.0,4,CAT13,2025-09-19,2025-09-26,4,16,0.0,0.5,0.0,0.0,0,
CUST05662,C02,2025-04-05,12,12,0,4850.60,404.22,38,2.33,11,CAT08,2025-04-10,2025-09-30,0,178,0.0,0.5,0.0833,0.0833,1,5.0
CUST05663,C03,2025-01-16,0,0,0,0.00,,0,,0,,,,,257,,,,,0,
CUST05664,C01,2025-05-15,2,1,0,218.00,218.0,2,1.0,1,CAT05,2025-06-12,2025-08-02,59,138,0.0,0.0,0.5,0.0,0,
CUST05665,C02,2024-10-18,4,2,2,4780.00,2390.0,16,5.5,9,CAT15,2025-04-10,2025-06-25,97,347,0.5,0.25,0.5,0.0,0,
CUST05666,C01,2025-06-16,6,6,0,9009.85,1501.64,49,6.0,15,CAT14,2025-06-21,2025-09-29,1,106,0.0,0.1667,0.5,0.1667,1,5.0
CUST05667,C03,2024-07-10,2,2,0,1175.00,587.5,5,2.0,4,CAT19,2025-04-02,2025-05-23,130,447,0.0,0.5,0.0,0.0,0,
CUST05668,C01,2023-10-11,3,3,0,4119.50,1373.17,27,6.67,12,CAT01,2025-06-03,2025-09-16,14,720,0.0,0.0,0.0,0.6667,1,3.0
CUST05669,C02,2023-12-27,12,12,0,21470.70,1789.23,82,5.25,16,CAT15,2025-04-21,2025-09-27,3,643,0.0,0.1667,0.5833,0.25,0,
CUST05670,C03,2024-12-27,21,19,1,28684.90,1509.73,149,3.79,17,CAT15,2025-04-07,2025-09-28,2,277,0.0476,0.1905,0.1905,0.1053,4,4.5
CUST05671,C01,2023-12-17,9,9,0,13990.25,1554.47,70,5.56,15,CAT13,2025-05-07,2025-09-27,3,653,0.0,0.0,0.6667,0.1111,3,3.33
CUST05672,C03,2024-01-20,10,8,2,5299.30,662.41,31,3.25,8,CAT17,2025-04-12,2025-09-22,8,619,0.2,0.1,0.3,0.375,2,4.5
CUST05673,C02,2024-06-24,4,4,0,1481.00,370.25,14,2.25,8,CAT02,2025-04-27,2025-09-22,8,463,0.0,0.25,0.25,0.0,1,5.0
CUST05674,C03,2023-11-18,9,7,1,6950.80,992.97,38,4.0,14,CAT15,2025-04-12,2025-09-25,5,682,0.1111,0.0,0.5556,0.2857,1,4.0
CUST05675,C03,2023-11-21,15,14,0,9428.40,673.46,59,3.21,16,CAT05,2025-05-08,2025-08-30,31,679,0.0,0.2667,0.3333,0.0714,2,3.0
CUST05676,C02,2025-01-02,5,5,0,7788.00,1557.6,36,5.6,13,CAT17,2025-04-13,2025-08-31,30,271,0.0,0.4,1.0,0.0,1,3.0
CUST05677,C03,2025-09-20,0,0,0,0.00,,0,,0,,,,,10,,,,,0,
CUST05678,C03,2024-12-17,3,2,0,5441.00,2720.5,21,6.5,9,CAT15,2025-04-27,2025-08-05,56,287,0.0,0.3333,0.6667,0.0,0,
CUST05679,C03,2023-08-29,16,16,0,10281.45,642.59,78,3.94,15,CAT05,2025-04-08,2025-09-29,1,763,0.0,0.0625,0.25,0.3125,2,4.0
CUST05680,C02,2023-01-30,4,4,0,6362.00,1590.5,27,5.0,15,CAT15,2025-05-28,2025-09-07,23,974,0.0,0.0,0.5,0.5,1,4.0
CUST05681,C01,2025-02-18,3,3,0,1327.80,442.6,15,3.0,7,CAT11,2025-04-29,2025-08-18,43,224,0.0,0.0,0.3333,0.6667,0,
CUST05682,C03,2025-09-28,0,0,0,0.00,,0,,0,,,,,2,,,,,0,
CUST05683,C03,2025-05-28,11,11,0,10079.20,916.29,43,2.91,11,CAT17,2025-06-12,2025-09-17,13,125,0.0,0.1818,0.0909,0.1818,4,4.5
CUST05684,C03,2024-04-18,5,4,0,583.80,145.95,8,1.75,5,CAT01,2025-06-11,2025-08-13,48,530,0.0,0.4,0.6,0.25,2,3.5
CUST05685,C02,2025-01-23,2,2,0,736.00,368.0,5,2.0,4,CAT17,2025-06-02,2025-09-15,15,250,0.0,1.0,0.0,0.0,0,
CUST05686,C01,2025-08-09,2,1,0,1059.00,1059.0,7,5.0,4,CAT11,2025-08-30,2025-09-29,1,52,0.0,0.0,0.5,0.0,1,4.0
CUST05687,C01,2024-09-26,6,4,1,3248.00,812.0,15,3.25,9,CAT15,2025-04-13,2025-07-20,72,369,0.1667,0.0,0.6667,0.0,1,5.0
CUST05688,C01,2024-02-20,6,6,0,9094.60,1515.77,37,4.5,12,CAT15,2025-04-07,2025-09-21,9,588,0.0,0.1667,0.5,0.3333,0,
CUST05689,C03,2024-12-13,20,19,0,10507.85,553.04,91,3.58,15,CAT01,2025-04-02,2025-09-20,10,291,0.0,0.25,0.25,0.2632,3,3.67
CUST05690,C03,2024-03-24,8,8,0,6767.50,845.94,28,2.5,11,CAT17,2025-04-14,2025-07-22,70,555,0.0,0.375,0.125,0.125,1,3.0
CUST05691,C03,2025-08-25,1,1,0,2816.40,2816.4,16,7.0,6,CAT10,2025-09-03,2025-09-03,27,36,0.0,0.0,0.0,1.0,0,
CUST05692,C03,2023-07-19,4,4,0,1045.45,261.36,7,1.25,5,CAT14,2025-05-01,2025-09-05,25,804,0.0,0.5,0.25,0.5,0,
CUST05693,C01,2025-02-11,7,6,0,5086.20,847.7,28,3.83,11,CAT05,2025-05-09,2025-08-24,37,231,0.0,0.1429,0.2857,0.1667,2,3.5
CUST05694,C01,2023-10-18,12,10,0,2473.00,247.3,30,2.0,9,CAT20,2025-04-03,2025-09-16,14,713,0.0,0.6667,0.0833,0.0,1,5.0
CUST05695,C02,2025-02-09,3,3,0,1509.80,503.27,15,3.33,7,CAT01,2025-04-20,2025-09-25,5,233,0.0,0.6667,0.6667,0.3333,0,
CUST05696,C02,2024-01-07,6,4,1,3172.90,793.23,21,2.5,9,CAT19,2025-04-28,2025-09-01,29,632,0.1667,0.0,0.1667,0.25,0,
CUST05697,C01,2024-05-29,6,5,1,2860.20,572.04,12,1.8,6,CAT16,2025-04-14,2025-08-20,41,489,0.1667,0.6667,0.0,0.2,2,5.0
CUST05698,C03,2023-03-05,8,6,0,2952.00,492.0,27,3.0,9,CAT01,2025-04-02,2025-07-04,88,940,0.0,0.25,0.125,0.0,1,4.0
CUST05699,C02,2025-09-18,1,1,0,949.00,949.0,5,5.0,4,CAT09,2025-09-21,2025-09-21,9,12,0.0,0.0,1.0,0.0,0,
CUST05700,C03,2023-05-28,10,10,0,15336.60,1533.66,70,5.1,14,CAT15,2025-04-05,2025-09-23,7,856,0.0,0.3,0.6,0.2,2,4.5
CUST05701,C02,2025-06-01,0,0,0,0.00,,0,,0,,,,,121,,,,,0,
CUST05702,C01,2024-03-11,7,7,0,16771.25,2395.89,48,4.86,10,CAT15,2025-04-15,2025-09-20,10,568,0.0,0.0,0.5714,0.5714,1,5.0
CUST05703,C01,2023-01-04,6,5,1,7185.30,1437.06,33,4.8,10,CAT15,2025-06-22,2025-09-23,7,1000,0.1667,0.0,0.6667,0.4,0,
CUST05704,C03,2023-02-09,3,3,0,2763.00,921.0,10,2.67,6,CAT17,2025-05-13,2025-09-17,13,964,0.0,0.3333,0.0,0.0,0,
CUST05705,C01,2023-01-09,8,7,1,3786.15,540.88,28,2.86,9,CAT05,2025-04-28,2025-09-17,13,995,0.125,0.25,0.125,0.4286,0,
CUST05706,C01,2024-03-16,3,3,0,869.85,289.95,6,1.33,4,CAT16,2025-05-04,2025-07-21,71,563,0.0,0.3333,0.3333,0.6667,1,4.0
CUST05707,C01,2024-11-27,14,13,1,9832.60,756.35,63,3.31,16,CAT01,2025-04-23,2025-09-09,21,307,0.0714,0.4286,0.4286,0.3846,5,3.4
CUST05708,C03,2023-01-19,12,8,3,2456.90,307.11,23,2.25,10,CAT05,2025-04-14,2025-07-19,73,985,0.25,0.1667,0.3333,0.375,0,
CUST05709,C02,2024-02-07,7,7,0,5089.30,727.04,29,2.43,12,CAT12,2025-04-17,2025-09-07,23,601,0.0,0.2857,0.2857,0.1429,1,2.0
CUST05710,C02,2025-06-03,6,6,0,1687.40,281.23,17,1.5,7,CAT12,2025-06-06,2025-09-28,2,119,0.0,0.6667,0.3333,0.1667,0,
CUST05711,C02,2023-07-09,10,8,1,2169.40,271.18,20,1.63,9,CAT15,2025-05-24,2025-09-27,3,814,0.1,0.7,0.3,0.125,0,
CUST05712,C02,2023-11-05,1,1,0,1133.00,1133.0,4,4.0,4,CAT17,2025-04-11,2025-04-11,172,695,0.0,0.0,0.0,0.0,0,
CUST05713,C02,2024-07-21,4,3,1,659.00,219.67,9,1.67,4,CAT06,2025-04-15,2025-09-23,7,436,0.25,1.0,0.25,0.0,1,2.0
CUST05714,C01,2025-05-08,4,4,0,4203.00,1050.75,15,2.25,7,CAT14,2025-06-01,2025-08-30,31,145,0.0,0.0,0.5,0.0,1,4.0
CUST05715,C01,2024-05-02,13,9,2,8544.00,949.33,45,3.44,16,CAT17,2025-04-12,2025-09-22,8,516,0.1538,0.1538,0.2308,0.1111,2,4.5
CUST05716,C01,2025-08-30,1,1,0,132.00,132.0,3,1.0,1,CAT09,2025-09-27,2025-09-27,3,31,0.0,1.0,1.0,0.0,0,
CUST05717,C01,2025-07-04,2,1,0,327.00,327.0,3,2.0,2,CAT18,2025-08-13,2025-08-13,48,88,0.0,0.0,0.0,0.0,0,
CUST05718,C03,2024-06-28,29,27,2,14696.35,544.31,134,3.48,15,CAT01,2025-04-20,2025-09-17,13,459,0.069,0.1034,0.2414,0.1852,3,3.67
CUST05719,C03,2023-05-28,6,6,0,7105.10,1184.18,40,4.67,11,CAT05,2025-05-01,2025-08-21,40,856,0.0,0.3333,0.1667,0.1667,0,
CUST05720,C01,2024-05-21,2,2,0,512.00,256.0,6,2.0,4,CAT13,2025-08-26,2025-09-02,28,497,0.0,0.0,0.0,0.0,1,3.0
CUST05721,C02,2025-09-02,0,0,0,0.00,,0,,0,,,,,28,,,,,0,
CUST05722,C01,2024-11-18,14,9,5,1872.00,208.0,17,1.44,10,CAT14,2025-04-04,2025-09-08,22,316,0.3571,0.6429,0.2143,0.0,1,4.0
CUST05723,C01,2025-04-09,3,3,0,1548.00,516.0,6,1.0,3,CAT14,2025-05-17,2025-07-25,67,174,0.0,0.3333,0.3333,0.0,1,4.0
CUST05724,C03,2023-04-27,25,22,3,19127.00,869.41,104,3.32,16,CAT05,2025-04-03,2025-08-29,32,887,0.12,0.2,0.36,0.1364,4,5.0
CUST05725,C02,2024-06-05,10,8,2,14897.80,1862.23,54,5.38,14,CAT15,2025-04-02,2025-09-07,23,482,0.2,0.3,0.4,0.25,0,
CUST05726,C03,2024-12-13,1,1,0,29.40,29.4,1,1.0,1,CAT02,2025-05-06,2025-05-06,147,291,0.0,0.0,0.0,1.0,0,
CUST05727,C01,2024-05-26,6,4,0,940.00,235.0,9,1.25,4,CAT08,2025-04-05,2025-08-29,32,492,0.0,0.6667,0.3333,0.0,0,
CUST05728,C01,2024-11-01,8,6,2,7351.10,1225.18,33,4.0,9,CAT15,2025-04-22,2025-08-20,41,333,0.25,0.375,0.375,0.1667,2,4.5
CUST05729,C01,2023-04-25,4,2,1,1372.00,686.0,7,2.5,3,CAT16,2025-04-23,2025-07-24,68,889,0.25,0.0,0.25,0.0,1,4.0
CUST05730,C02,2025-05-10,14,13,0,23088.75,1776.06,98,5.08,17,CAT15,2025-05-10,2025-09-06,24,143,0.0,0.2143,0.7857,0.3077,2,4.0
CUST05731,C01,2023-04-02,1,1,0,2425.30,2425.3,8,4.0,4,CAT10,2025-08-25,2025-08-25,36,912,0.0,1.0,0.0,1.0,0,
CUST05732,C01,2025-08-14,1,1,0,1441.00,1441.0,8,6.0,5,CAT12,2025-09-18,2025-09-18,12,47,0.0,0.0,0.0,0.0,0,
CUST05733,C02,2024-10-09,1,1,0,578.00,578.0,3,3.0,3,CAT15,2025-05-01,2025-05-01,152,356,0.0,0.0,0.0,0.0,0,
CUST05734,C02,2023-01-31,3,3,0,1136.00,378.67,12,3.0,5,CAT12,2025-04-15,2025-08-09,52,973,0.0,0.6667,0.3333,0.0,0,
CUST05735,C02,2023-07-30,8,6,1,4305.10,717.52,30,3.17,9,CAT11,2025-05-09,2025-09-04,26,793,0.125,0.125,0.125,0.3333,1,5.0
CUST05736,C02,2024-10-25,5,2,2,1179.00,589.5,6,3.0,4,CAT17,2025-04-16,2025-06-30,92,340,0.4,0.6,0.4,0.0,0,
CUST05737,C01,2025-06-16,2,2,0,2227.00,1113.5,11,3.0,5,CAT10,2025-06-18,2025-08-15,46,106,0.0,0.5,0.0,0.0,0,
CUST05738,C02,2023-07-06,5,5,0,8559.60,1711.92,35,5.4,10,CAT10,2025-04-10,2025-09-13,17,817,0.0,0.2,0.8,0.2,1,4.0
CUST05739,C02,2025-04-19,4,3,1,1784.00,594.67,11,2.33,4,CAT12,2025-05-03,2025-08-21,40,164,0.25,0.5,0.25,0.0,0,
CUST05740,C03,2025-05-20,8,7,1,42986.40,6140.91,150,5.57,15,CAT10,2025-05-22,2025-09-07,23,133,0.125,0.125,0.625,0.2857,1,5.0
CUST05741,C03,2023-11-26,1,1,0,208.80,208.8,1,1.0,1,CAT13,2025-05-02,2025-05-02,151,674,0.0,0.0,0.0,1.0,0,
CUST05742,C01,2024-07-27,3,2,0,1530.00,765.0,12,4.5,8,CAT12,2025-06-01,2025-08-02,59,430,0.0,0.3333,0.6667,0.0,0,
CUST05743,C01,2024-04-25,4,4,0,2790.00,697.5,19,3.25,7,CAT19,2025-04-15,2025-08-03,58,523,0.0,0.75,0.25,0.0,1,3.0
CUST05744,C03,2025-04-11,6,5,0,2111.20,422.24,11,1.8,6,CAT12,2025-04-19,2025-08-25,36,172,0.0,0.6667,0.3333,0.2,0,
CUST05745,C01,2023-04-22,0,0,0,0.00,,0,,0,,,,,892,,,,,0,
CUST05746,C03,2025-02-25,8,7,1,4858.00,694.0,23,2.29,12,CAT17,2025-04-04,2025-08-12,49,217,0.125,0.5,0.5,0.0,2,4.0
CUST05747,C03,2024-07-25,1,0,1,0.00,,0,,0,,2025-07-25,,,432,1.0,1.0,0.0,,0,
CUST05748,C02,2025-04-11,5,4,1,882.00,220.5,8,1.5,6,CAT12,2025-05-07,2025-09-02,28,172,0.2,0.6,0.0,0.0,0,
CUST05749,C02,2023-09-15,4,3,0,1554.75,518.25,11,3.0,7,CAT12,2025-05-16,2025-09-29,1,746,0.0,0.5,0.0,0.3333,0,
CUST05750,C01,2024-04-28,6,6,0,6056.00,1009.33,21,2.33,8,CAT19,2025-05-19,2025-09-02,28,520,0.0,0.3333,0.0,0.0,2,4.0
CUST05751,C01,2023-10-28,10,8,1,5022.00,627.75,29,2.88,9,CAT05,2025-04-10,2025-09-07,23,703,0.1,0.3,0.3,0.125,2,4.0
CUST05752,C02,2024-01-20,5,4,1,13574.20,3393.55,49,7.0,11,CAT17,2025-04-13,2025-09-25,5,619,0.2,0.4,0.4,0.25,1,1.0
CUST05753,C01,2025-02-26,10,10,0,10153.00,1015.3,42,3.0,11,CAT17,2025-04-18,2025-09-10,20,216,0.0,0.1,0.3,0.0,0,
CUST05754,C01,2024-11-01,2,2,0,2834.65,1417.33,10,3.5,6,CAT15,2025-06-05,2025-07-04,88,333,0.0,0.5,0.0,0.5,0,
CUST05755,C01,2023-09-04,5,5,0,3625.80,725.16,14,2.2,9,CAT17,2025-04-28,2025-09-06,24,757,0.0,0.4,0.4,0.2,1,3.0
CUST05756,C02,2025-08-21,1,1,0,747.70,747.7,7,5.0,5,CAT10,2025-08-24,2025-08-24,37,40,0.0,0.0,1.0,1.0,1,5.0
CUST05757,C03,2023-02-20,8,8,0,2603.10,325.39,26,2.38,9,CAT08,2025-04-20,2025-09-23,7,953,0.0,0.75,0.625,0.125,1,5.0
CUST05758,C01,2023-10-18,4,4,0,1938.40,484.6,10,1.5,6,CAT15,2025-06-20,2025-09-06,24,713,0.0,0.5,0.5,0.25,2,4.5
CUST05759,C01,2023-01-08,5,5,0,7815.00,1563.0,27,4.0,10,CAT17,2025-04-19,2025-07-04,88,996,0.0,0.0,0.6,0.0,1,2.0
CUST05760,C03,2023-04-29,0,0,0,0.00,,0,,0,,,,,885,,,,,0,
CUST05761,C01,2024-10-01,1,1,0,393.00,393.0,2,2.0,2,CAT13,2025-09-06,2025-09-06,24,364,0.0,0.0,1.0,0.0,0,
CUST05762,C02,2025-02-15,4,3,1,1517.00,505.67,7,2.33,5,CAT13,2025-06-12,2025-08-12,49,227,0.25,0.25,0.25,0.0,1,4.0
CUST05763,C03,2025-08-29,1,1,0,1611.00,1611.0,7,5.0,3,CAT05,2025-09-14,2025-09-14,16,32,0.0,0.0,1.0,0.0,0,
CUST05764,C03,2024-12-03,12,11,1,6464.00,587.64,39,2.09,11,CAT18,2025-04-11,2025-09-10,20,301,0.0833,0.8333,0.5,0.1818,1,4.0
CUST05765,C02,2024-09-27,12,9,1,11295.20,1255.02,31,2.44,10,CAT17,2025-04-18,2025-09-19,11,368,0.0833,0.0,0.1667,0.2222,1,1.0
CUST05766,C02,2023-03-21,4,4,0,1090.40,272.6,8,1.5,6,CAT16,2025-04-25,2025-07-19,73,924,0.0,1.0,0.5,0.25,0,
CUST05767,C01,2023-08-27,2,2,0,1030.60,515.3,9,3.0,5,CAT11,2025-07-27,2025-09-21,9,765,0.0,0.0,1.0,0.5,1,5.0
CUST05768,C03,2024-09-20,16,13,2,9845.00,757.31,41,2.23,14,CAT17,2025-04-20,2025-09-16,14,375,0.125,0.1875,0.125,0.0,1,5.0
CUST05769,C01,2025-04-12,3,3,0,4179.00,1393.0,14,3.33,8,CAT15,2025-05-16,2025-09-26,4,171,0.0,0.0,0.0,0.0,0,
CUST05770,C01,2024-04-08,3,3,0,789.50,263.17,8,1.33,4,CAT08,2025-06-18,2025-08-17,44,540,0.0,0.6667,0.3333,0.6667,0,
CUST05771,C01,2023-09-23,0,0,0,0.00,,0,,0,,,,,738,,,,,0,
CUST05772,C02,2023-08-17,1,1,0,1254.00,1254.0,4,4.0,4,CAT15,2025-07-07,2025-07-07,85,775,0.0,0.0,0.0,0.0,1,4.0
CUST05773,C01,2025-06-03,3,2,0,2727.00,1363.5,12,4.0,6,CAT05,2025-06-21,2025-08-19,42,119,0.0,0.0,0.6667,0.0,1,4.0
CUST05774,C02,2023-07-15,11,11,0,14589.60,1326.33,53,3.27,16,CAT15,2025-04-01,2025-07-30,62,808,0.0,0.1818,0.4545,0.1818,2,3.5
CUST05775,C01,2023-06-13,2,2,0,1648.50,824.25,9,3.5,7,CAT05,2025-07-25,2025-08-16,45,840,0.0,0.5,0.5,0.5,0,
CUST05776,C03,2024-06-27,13,13,0,6019.20,463.02,42,2.15,15,CAT11,2025-04-07,2025-09-30,0,460,0.0,0.5385,0.3077,0.0769,2,4.5
CUST05777,C03,2024-09-20,16,12,2,8583.15,715.26,65,3.5,12,CAT05,2025-04-03,2025-09-13,17,375,0.125,0.1875,0.1875,0.25,2,5.0
CUST05778,C02,2025-06-03,2,2,0,998.20,499.1,9,3.0,6,CAT09,2025-06-03,2025-08-30,31,119,0.0,0.0,0.5,0.5,0,
CUST05779,C02,2025-09-25,0,0,0,0.00,,0,,0,,,,,5,,,,,0,
CUST05780,C01,2023-02-09,5,3,0,1727.10,575.7,8,2.0,5,CAT15,2025-05-02,2025-07-02,90,964,0.0,0.2,0.2,0.3333,2,4.0
CUST05781,C03,2025-01-25,10,9,1,3074.00,341.56,29,2.0,8,CAT12,2025-05-05,2025-09-06,24,248,0.1,0.8,0.3,0.0,1,5.0
CUST05782,C03,2024-07-11,1,1,0,82.00,82.0,2,2.0,2,CAT09,2025-04-04,2025-04-04,179,446,0.0,1.0,0.0,0.0,0,
CUST05783,C02,2023-02-03,10,8,2,5495.30,686.91,45,3.38,11,CAT05,2025-04-03,2025-08-12,49,970,0.2,0.2,0.3,0.25,0,
CUST05784,C01,2023-11-25,6,6,0,4981.20,830.2,26,3.33,12,CAT17,2025-04-05,2025-09-15,15,675,0.0,0.5,0.3333,0.1667,1,4.0
CUST05785,C01,2023-06-08,9,9,0,8922.00,991.33,31,2.44,8,CAT17,2025-04-20,2025-09-25,5,845,0.0,0.5556,0.2222,0.0,3,2.67
CUST05786,C03,2024-01-15,3,3,0,745.45,248.48,7,2.0,4,CAT13,2025-05-10,2025-07-04,88,624,0.0,0.0,0.3333,1.0,1,5.0
CUST05787,C01,2023-08-07,8,8,0,3341.80,417.73,22,2.0,9,CAT12,2025-04-24,2025-09-08,22,785,0.0,0.875,0.25,0.125,0,
CUST05788,C02,2024-05-09,6,6,0,2757.00,459.5,30,3.5,13,CAT05,2025-05-09,2025-08-30,31,509,0.0,0.0,0.3333,0.0,1,5.0
CUST05789,C02,2024-06-23,6,5,1,3680.60,736.12,30,4.2,10,CAT16,2025-04-02,2025-07-19,73,464,0.1667,0.0,0.3333,0.2,1,1.0
CUST05790,C03,2025-04-26,21,19,1,13089.65,688.93,60,2.37,19,CAT17,2025-05-02,2025-09-25,5,157,0.0476,0.0476,0.2857,0.2632,4,4.25
CUST05791,C02,2023-06-23,9,8,1,4711.80,588.98,33,2.88,10,CAT05,2025-05-07,2025-09-28,2,830,0.1111,0.1111,0.3333,0.25,2,4.0
CUST05792,C02,2023-05-16,0,0,0,0.00,,0,,0,,,,,868,,,,,0,
CUST05793,C03,2025-06-27,0,0,0,0.00,,0,,0,,,,,95,,,,,0,
CUST05794,C03,2025-09-12,0,0,0,0.00,,0,,0,,,,,18,,,,,0,
CUST05795,C02,2025-07-14,3,2,1,461.00,230.5,8,2.5,4,CAT11,2025-07-22,2025-08-21,40,78,0.3333,0.6667,0.0,0.0,0,
CUST05796,C02,2023-09-25,24,19,2,30340.10,1596.85,140,5.53,20,CAT15,2025-04-11,2025-09-21,9,736,0.0833,0.125,0.5833,0.2105,1,4.0
CUST05797,C02,2025-04-06,7,7,0,3739.00,534.14,32,3.57,11,CAT05,2025-04-11,2025-08-30,31,177,0.0,0.0,0.4286,0.5714,3,2.67
CUST05798,C03,2025-09-15,0,0,0,0.00,,0,,0,,,,,15,,,,,0,
CUST05799,C03,2024-06-24,1,1,0,225.00,225.0,2,2.0,2,CAT12,2025-05-23,2025-05-23,130,463,0.0,1.0,0.0,0.0,0,
CUST05800,C01,2024-10-29,5,4,1,2946.65,736.66,14,2.25,5,CAT17,2025-04-20,2025-09-11,19,336,0.2,0.4,0.4,0.25,1,4.0
CUST05801,C01,2025-01-21,0,0,0,0.00,,0,,0,,,,,252,,,,,0,
CUST05802,C02,2023-07-26,6,4,1,893.00,223.25,15,2.25,5,CAT09,2025-05-13,2025-06-08,114,797,0.1667,0.5,0.5,0.0,2,4.5
CUST05803,C02,2024-07-30,2,1,0,827.40,827.4,8,5.0,5,CAT10,2025-05-10,2025-05-10,143,427,0.0,0.0,1.0,1.0,1,1.0
CUST05804,C02,2023-07-25,7,7,0,2692.00,384.57,19,2.14,9,CAT05,2025-04-18,2025-08-10,51,798,0.0,0.1429,0.1429,0.1429,3,2.67
CUST05805,C03,2023-08-30,9,9,0,13843.10,1538.12,58,4.78,16,CAT10,2025-05-31,2025-09-21,9,762,0.0,0.0,0.5556,0.1111,2,3.5
CUST05806,C01,2024-01-30,1,1,0,995.00,995.0,5,3.0,3,CAT16,2025-09-23,2025-09-23,7,609,0.0,1.0,0.0,0.0,1,5.0
CUST05807,C01,2025-05-22,2,2,0,1829.00,914.5,8,2.5,3,CAT13,2025-07-19,2025-09-17,13,131,0.0,0.0,0.5,0.0,0,
CUST05808,C02,2023-12-04,4,4,0,3351.90,837.98,21,3.5,10,CAT12,2025-04-03,2025-07-29,63,666,0.0,0.25,0.25,0.25,2,3.0
CUST05809,C01,2023-05-21,6,5,1,6209.00,1241.8,32,5.0,13,CAT19,2025-04-07,2025-06-21,101,863,0.1667,0.1667,0.6667,0.0,1,1.0
CUST05810,C01,2024-06-08,5,5,0,3230.40,646.08,28,4.6,12,CAT05,2025-05-16,2025-09-28,2,479,0.0,0.0,0.4,0.2,0,
CUST05811,C02,2023-03-27,3,3,0,7232.00,2410.67,25,6.0,9,CAT15,2025-05-29,2025-07-13,79,918,0.0,0.0,0.3333,0.0,0,
CUST05812,C01,2023-08-24,7,6,0,7138.95,1189.83,28,3.33,12,CAT14,2025-04-08,2025-09-13,17,768,0.0,0.1429,0.2857,0.5,1,5.0
CUST05813,C01,2025-09-02,1,1,0,90.00,90.0,4,2.0,1,CAT07,2025-09-14,2025-09-14,16,28,0.0,1.0,1.0,0.0,0,
CUST05814,C01,2023-11-15,12,8,3,8912.80,1114.1,44,3.5,12,CAT05,2025-04-17,2025-09-01,29,685,0.25,0.25,0.1667,0.375,4,3.75
CUST05815,C01,2023-10-29,3,3,0,5337.00,1779.0,28,6.0,11,CAT15,2025-05-05,2025-09-07,23,702,0.0,0.3333,0.6667,0.3333,0,
CUST05816,C01,2023-02-14,2,2,0,615.00,307.5,5,1.5,3,CAT12,2025-06-23,2025-07-14,78,959,0.0,0.0,0.0,0.0,0,
CUST05817,C02,2025-02-18,2,2,0,372.00,186.0,5,2.0,3,CAT06,2025-08-12,2025-09-26,4,224,0.0,0.0,0.0,0.5,0,
CUST05818,C02,2025-07-17,2,2,0,1761.75,880.88,13,5.0,8,CAT12,2025-08-15,2025-09-17,13,75,0.0,0.0,0.0,0.5,1,5.0
CUST05819,C03,2025-02-23,9,8,0,5098.50,637.31,31,2.88,13,CAT05,2025-04-10,2025-09-18,12,219,0.0,0.0,0.1111,0.125,1,5.0
CUST05820,C03,2025-02-03,0,0,0,0.00,,0,,0,,,,,239,,,,,0,
CUST05821,C02,2025-04-01,10,8,2,7178.80,897.35,45,4.13,11,CAT05,2025-04-05,2025-09-14,16,182,0.2,0.2,0.4,0.125,1,4.0
CUST05822,C03,2023-06-23,7,4,1,1098.20,274.55,11,2.25,4,CAT09,2025-04-08,2025-08-31,30,830,0.1429,1.0,0.4286,0.5,0,
CUST05823,C02,2025-06-14,1,1,0,823.00,823.0,4,3.0,3,CAT15,2025-07-04,2025-07-04,88,108,0.0,1.0,0.0,0.0,0,
CUST05824,C03,2023-12-23,27,22,2,18121.15,823.69,112,3.82,18,CAT01,2025-04-01,2025-09-23,7,647,0.0741,0.2222,0.1852,0.1364,2,4.5
CUST05825,C02,2024-02-02,3,2,0,501.75,250.88,5,2.0,4,CAT18,2025-04-27,2025-06-10,112,606,0.0,0.0,0.6667,1.0,0,
CUST05826,C03,2025-09-11,1,1,0,500.00,500.0,5,5.0,4,CAT12,2025-09-12,2025-09-12,18,19,0.0,0.0,0.0,0.0,0,
CUST05827,C03,2025-02-06,16,12,4,5989.55,499.13,38,2.08,10,CAT17,2025-04-02,2025-08-11,50,236,0.25,0.6875,0.375,0.1667,3,4.33
CUST05828,C01,2023-10-15,3,3,0,4827.30,1609.1,21,4.67,8,CAT10,2025-04-05,2025-05-31,122,716,0.0,0.3333,0.6667,0.3333,1,3.0
CUST05829,C03,2024-01-07,2,2,0,3374.25,1687.13,17,6.5,9,CAT14,2025-06-01,2025-07-12,80,632,0.0,0.5,1.0,0.5,0,
CUST05830,C01,2025-01-14,10,9,1,14470.00,1607.78,62,4.78,15,CAT10,2025-05-04,2025-09-24,6,259,0.1,0.2,0.4,0.1111,2,4.0
CUST05831,C02,2024-11-26,7,6,1,2116.00,352.67,21,2.33,8,CAT18,2025-04-17,2025-09-15,15,308,0.1429,0.1429,0.2857,0.0,1,5.0
CUST05832,C01,2024-02-24,6,5,1,8545.00,1709.0,34,5.0,10,CAT14,2025-04-12,2025-09-07,23,584,0.1667,0.3333,1.0,0.0,2,3.0
CUST05833,C03,2023-09-03,9,8,1,10937.10,1367.14,48,4.63,16,CAT17,2025-04-04,2025-08-20,41,758,0.1111,0.2222,0.5556,0.25,3,2.0
CUST05834,C03,2024-11-23,12,10,2,4203.15,420.32,22,1.8,13,CAT17,2025-04-12,2025-09-06,24,311,0.1667,0.0833,0.5,0.5,4,4.25
CUST05835,C03,2025-03-29,3,3,0,2010.00,670.0,14,3.67,9,CAT08,2025-04-17,2025-07-07,85,185,0.0,0.0,0.0,0.0,0,
CUST05836,C01,2023-10-24,7,7,0,9222.00,1317.43,42,4.57,12,CAT15,2025-04-01,2025-09-28,2,707,0.0,0.4286,0.5714,0.2857,3,1.0
CUST05837,C03,2025-02-07,0,0,0,0.00,,0,,0,,,,,235,,,,,0,
CUST05838,C01,2025-08-01,0,0,0,0.00,,0,,0,,,,,60,,,,,0,
CUST05839,C03,2025-06-06,2,2,0,1273.00,636.5,4,2.0,4,CAT17,2025-06-08,2025-08-22,39,116,0.0,0.0,0.5,0.0,1,2.0
CUST05840,C02,2023-11-19,12,11,1,5184.90,471.35,31,2.27,11,CAT19,2025-06-20,2025-09-23,7,681,0.0833,0.3333,0.0833,0.1818,0,
CUST05841,C03,2023-04-26,4,4,0,3414.00,853.5,13,2.5,7,CAT17,2025-06-14,2025-09-30,0,888,0.0,0.25,0.25,0.0,0,
CUST05842,C02,2025-04-11,9,9,0,2176.75,241.86,26,1.78,7,CAT18,2025-06-03,2025-09-27,3,172,0.0,0.4444,0.3333,0.4444,1,2.0
CUST05843,C02,2025-05-18,0,0,0,0.00,,0,,0,,,,,135,,,,,0,
CUST05844,C03,2025-08-17,4,3,1,632.00,210.67,15,3.0,5,CAT02,2025-08-20,2025-09-09,21,44,0.25,0.25,0.25,0.0,0,
CUST05845,C02,2024-01-25,2,1,1,543.00,543.0,3,2.0,2,CAT08,2025-06-28,2025-06-28,94,614,0.5,0.0,0.5,0.0,0,
CUST05846,C02,2023-05-28,6,5,0,5907.20,1181.44,34,5.2,13,CAT05,2025-04-29,2025-08-16,45,856,0.0,0.0,0.3333,0.2,2,4.0
CUST05847,C03,2023-09-14,2,2,0,2810.75,1405.38,10,3.5,6,CAT17,2025-07-08,2025-09-03,27,747,0.0,0.0,0.0,0.5,0,
CUST05848,C03,2024-10-16,5,4,1,1918.30,479.58,11,2.0,5,CAT15,2025-04-09,2025-07-12,80,349,0.2,0.0,0.2,0.25,2,4.0
CUST05849,C01,2025-09-23,0,0,0,0.00,,0,,0,,,,,7,,,,,0,
CUST05850,C03,2024-05-02,5,4,1,2212.00,553.0,16,3.0,8,CAT17,2025-05-13,2025-09-22,8,516,0.2,0.0,0.2,0.25,1,4.0
CUST05851,C03,2025-09-21,0,0,0,0.00,,0,,0,,,,,9,,,,,0,
CUST05852,C01,2025-06-13,3,2,0,986.00,493.0,8,2.0,4,CAT18,2025-08-01,2025-09-08,22,109,0.0,0.0,0.0,0.0,0,
CUST05853,C03,2025-05-12,3,3,0,890.00,296.67,6,1.67,4,CAT08,2025-05-25,2025-09-30,0,141,0.0,0.0,0.6667,0.0,0,
CUST05854,C01,2025-05-16,1,1,0,467.00,467.0,2,2.0,2,CAT05,2025-09-21,2025-09-21,9,137,0.0,0.0,1.0,0.0,1,3.0
CUST05855,C02,2025-08-05,1,1,0,1228.50,1228.5,6,4.0,3,CAT17,2025-08-17,2025-08-17,44,56,0.0,0.0,1.0,1.0,0,
CUST05856,C03,2024-10-20,5,5,0,4795.00,959.0,32,3.8,11,CAT10,2025-04-08,2025-09-28,2,345,0.0,0.0,0.2,0.4,2,3.0
CUST05857,C03,2023-06-12,4,4,0,1557.00,389.25,12,1.75,5,CAT05,2025-07-09,2025-08-21,40,841,0.0,1.0,0.25,0.0,1,5.0
CUST05858,C03,2025-08-23,0,0,0,0.00,,0,,0,,,,,38,,,,,0,
CUST05859,C02,2024-06-02,1,1,0,1029.80,1029.8,7,6.0,6,CAT05,2025-05-29,2025-05-29,124,485,0.0,0.0,0.0,1.0,0,
CUST05860,C01,2025-04-04,3,3,0,988.00,329.33,6,2.0,5,CAT17,2025-07-27,2025-09-17,13,179,0.0,1.0,0.6667,0.0,0,
CUST05861,C01,2024-01-24,5,3,1,187.00,62.33,4,1.0,2,CAT02,2025-04-06,2025-08-03,58,615,0.2,0.0,0.4,0.0,0,
CUST05862,C01,2023-02-06,1,0,0,0.00,,0,,0,,2025-04-28,,,967,0.0,0.0,0.0,,0,
CUST05863,C02,2025-04-15,30,26,2,16692.10,642.0,116,3.38,19,CAT05,2025-04-17,2025-09-20,10,168,0.0667,0.0333,0.4333,0.2308,2,4.0
CUST05864,C01,2025-07-19,4,4,0,6482.75,1620.69,30,4.75,13,CAT05,2025-08-07,2025-09-03,27,73,0.0,0.25,0.25,0.25,0,
CUST05865,C01,2025-04-11,8,7,1,1743.90,249.13,18,1.86,6,CAT12,2025-04-26,2025-08-12,49,172,0.125,0.5,0.375,0.1429,0,
CUST05866,C02,2024-01-01,5,5,0,3794.80,758.96,19,2.6,12,CAT18,2025-06-13,2025-09-18,12,638,0.0,0.2,0.4,0.2,1,4.0
CUST05867,C01,2025-07-18,9,8,1,4517.50,564.69,31,2.63,10,CAT03,2025-07-20,2025-09-10,20,74,0.1111,0.1111,0.2222,0.125,1,4.0
CUST05868,C03,2024-03-20,0,0,0,0.00,,0,,0,,,,,559,,,,,0,
CUST05869,C03,2023-05-14,5,4,1,7456.00,1864.0,30,5.25,9,CAT05,2025-04-10,2025-07-19,73,870,0.2,0.0,0.6,0.0,1,4.0
CUST05870,C01,2024-02-05,6,4,1,7032.60,1758.15,29,4.5,8,CAT13,2025-04-02,2025-09-09,21,603,0.1667,0.1667,0.3333,0.5,0,
CUST05871,C02,2025-04-22,4,4,0,2515.00,628.75,13,2.75,11,CAT15,2025-07-17,2025-08-18,43,161,0.0,0.0,0.0,0.25,1,5.0
CUST05872,C02,2023-09-12,7,6,1,3440.60,573.43,23,2.83,8,CAT05,2025-04-09,2025-09-21,9,749,0.1429,0.7143,0.2857,0.3333,0,
CUST05873,C01,2023-07-26,4,3,0,1064.00,354.67,9,2.67,6,CAT18,2025-04-01,2025-07-18,74,797,0.0,0.25,0.0,0.0,1,5.0
CUST05874,C03,2023-07-14,13,13,0,8741.20,672.4,59,3.31,14,CAT05,2025-04-08,2025-09-28,2,809,0.0,0.0,0.5385,0.3077,3,5.0
CUST05875,C03,2023-02-23,5,5,0,4367.40,873.48,28,4.6,11,CAT17,2025-04-05,2025-08-02,59,950,0.0,0.2,0.8,0.2,2,4.5
CUST05876,C02,2024-01-16,12,12,0,15677.00,1306.42,45,2.67,12,CAT17,2025-04-14,2025-09-27,3,623,0.0,0.3333,0.4167,0.0,0,
CUST05877,C03,2024-09-14,18,17,1,5156.20,303.31,51,2.06,10,CAT12,2025-04-05,2025-08-20,41,381,0.0556,0.7222,0.2778,0.0588,2,4.0
CUST05878,C03,2023-07-26,3,3,0,5392.30,1797.43,22,5.67,10,CAT15,2025-05-29,2025-09-06,24,797,0.0,0.3333,0.6667,0.3333,0,
CUST05879,C03,2024-01-07,1,1,0,884.50,884.5,5,3.0,3,CAT16,2025-08-09,2025-08-09,52,632,0.0,0.0,1.0,1.0,0,
CUST05880,C02,2024-12-09,5,5,0,7059.00,1411.8,37,5.2,11,CAT15,2025-04-06,2025-07-27,65,295,0.0,0.2,0.8,0.0,1,4.0
CUST05881,C01,2025-03-12,10,9,1,9704.50,1078.28,30,2.33,9,CAT17,2025-05-19,2025-09-19,11,202,0.1,0.1,0.3,0.1111,1,2.0
CUST05882,C01,2023-05-24,1,1,0,449.00,449.0,3,3.0,3,CAT12,2025-07-29,2025-07-29,63,860,0.0,0.0,0.0,0.0,0,
CUST05883,C02,2024-08-04,5,5,0,1780.00,356.0,21,2.4,8,CAT20,2025-04-15,2025-09-08,22,422,0.0,0.6,0.0,0.0,0,
CUST05884,C01,2024-06-23,1,0,1,0.00,,0,,0,,2025-08-23,,,464,1.0,0.0,1.0,,0,
CUST05885,C01,2024-07-25,10,10,0,11978.00,1197.8,46,2.7,11,CAT17,2025-04-01,2025-09-26,4,432,0.0,0.2,0.2,0.0,3,4.0
CUST05886,C02,2023-11-17,23,20,3,9680.85,484.04,82,2.65,16,CAT05,2025-04-09,2025-09-30,0,683,0.1304,0.087,0.0435,0.25,3,3.67
CUST05887,C02,2024-11-25,12,12,0,7403.00,616.92,59,3.67,16,CAT11,2025-04-07,2025-08-22,39,309,0.0,0.0833,0.3333,0.0,5,4.2
CUST05888,C01,2023-12-08,1,1,0,581.00,581.0,2,2.0,2,CAT18,2025-04-21,2025-04-21,162,662,0.0,0.0,0.0,0.0,0,
CUST05889,C01,2025-02-07,5,5,0,5305.95,1061.19,29,4.2,8,CAT15,2025-04-20,2025-09-06,24,235,0.0,0.2,0.8,0.4,0,
CUST05890,C02,2023-08-30,10,7,2,1180.20,168.6,18,2.29,8,CAT06,2025-04-23,2025-09-20,10,762,0.2,0.6,0.2,0.1429,2,5.0
CUST05891,C03,2025-02-25,9,8,0,12954.10,1619.26,61,5.13,17,CAT15,2025-04-06,2025-08-31,30,217,0.0,0.1111,0.6667,0.375,2,4.0
CUST05892,C02,2025-07-25,0,0,0,0.00,,0,,0,,,,,67,,,,,0,
CUST05893,C03,2024-11-03,1,0,0,0.00,,0,,0,,2025-06-17,,,331,0.0,1.0,0.0,,1,4.0
CUST05894,C01,2023-04-25,4,3,1,2077.00,692.33,10,1.67,5,CAT17,2025-06-05,2025-07-29,63,889,0.25,0.0,0.25,0.0,0,
CUST05895,C03,2023-10-07,8,7,1,9780.00,1397.14,38,4.57,14,CAT15,2025-04-07,2025-09-16,14,724,0.125,0.0,0.75,0.4286,2,5.0
CUST05896,C02,2025-03-24,2,2,0,1263.00,631.5,7,2.5,5,CAT17,2025-07-04,2025-09-03,27,190,0.0,0.0,0.0,0.0,0,
CUST05897,C03,2025-04-19,4,3,0,1688.70,562.9,12,2.0,5,CAT13,2025-05-10,2025-07-24,68,164,0.0,0.25,0.5,0.3333,0,
CUST05898,C03,2025-04-26,9,9,0,12844.90,1427.21,65,5.33,18,CAT15,2025-05-15,2025-08-25,36,157,0.0,0.1111,0.4444,0.2222,1,1.0
CUST05899,C03,2025-03-11,4,3,0,2625.40,875.13,21,5.33,11,CAT15,2025-05-18,2025-09-06,24,203,0.0,0.25,1.0,0.3333,0,
CUST05900,C02,2025-09-30,0,0,0,0.00,,0,,0,,,,,0,,,,,0,
CUST05901,C01,2024-06-13,1,1,0,76.00,76.0,2,2.0,2,CAT09,2025-04-08,2025-04-08,175,474,0.0,1.0,0.0,0.0,1,5.0
CUST05902,C01,2025-06-09,7,6,0,3573.40,595.57,26,2.83,8,CAT01,2025-06-11,2025-09-02,28,113,0.0,0.2857,0.2857,0.3333,1,5.0
CUST05903,C01,2024-12-27,9,8,1,13891.20,1736.4,54,4.63,17,CAT18,2025-04-05,2025-09-26,4,277,0.1111,0.1111,0.3333,0.25,2,3.5
CUST05904,C01,2024-03-23,6,6,0,4466.00,744.33,21,2.67,11,CAT17,2025-04-07,2025-08-24,37,556,0.0,0.1667,0.3333,0.0,1,4.0
CUST05905,C03,2024-09-10,8,6,2,2929.00,488.17,22,3.0,8,CAT05,2025-04-08,2025-08-16,45,385,0.25,0.375,0.5,0.0,0,
CUST05906,C03,2025-06-06,10,10,0,7478.50,747.85,42,3.4,12,CAT03,2025-06-09,2025-09-20,10,116,0.0,0.0,0.6,0.2,2,3.5
CUST05907,C01,2023-12-06,11,10,1,6914.20,691.42,60,4.4,11,CAT05,2025-04-05,2025-09-24,6,664,0.0909,0.0909,0.4545,0.3,2,4.5
CUST05908,C03,2024-01-15,3,3,0,5538.50,1846.17,22,4.67,9,CAT17,2025-05-04,2025-07-05,87,624,0.0,0.0,0.6667,0.3333,1,5.0
CUST05909,C03,2025-08-04,2,2,0,3704.00,1852.0,10,4.5,7,CAT17,2025-08-24,2025-09-18,12,57,0.0,0.0,0.5,0.0,0,
CUST05910,C01,2024-11-12,9,7,1,4832.00,690.29,30,3.29,11,CAT03,2025-04-04,2025-07-04,88,322,0.1111,0.1111,0.0,0.0,1,4.0
CUST05911,C02,2025-06-07,0,0,0,0.00,,0,,0,,,,,115,,,,,0,
CUST05912,C01,2025-04-26,2,2,0,744.60,372.3,7,2.5,4,CAT06,2025-07-17,2025-08-08,53,157,0.0,0.5,0.0,0.5,0,
CUST05913,C02,2025-06-07,7,5,2,3223.60,644.72,15,2.4,9,CAT19,2025-06-13,2025-09-27,3,115,0.2857,0.1429,0.2857,0.4,1,2.0
CUST05914,C03,2024-02-06,5,5,0,3854.30,770.86,28,4.2,11,CAT05,2025-05-11,2025-09-28,2,602,0.0,0.4,0.6,0.2,0,
CUST05915,C01,2025-09-22,0,0,0,0.00,,0,,0,,,,,8,,,,,0,
CUST05916,C02,2025-03-01,10,8,2,3451.60,431.45,32,2.88,8,CAT03,2025-04-04,2025-09-24,6,213,0.2,0.1,0.2,0.125,1,5.0
CUST05917,C02,2025-05-09,2,2,0,1517.00,758.5,7,3.0,4,CAT19,2025-06-08,2025-06-21,101,144,0.0,0.5,1.0,0.0,0,
CUST05918,C01,2025-05-09,1,1,0,-34.80,-34.8,0,0.0,0,,2025-06-28,2025-06-28,94,144,0.0,1.0,1.0,1.0,0,
CUST05919,C03,2025-09-15,0,0,0,0.00,,0,,0,,,,,15,,,,,0,
CUST05920,C02,2023-04-02,12,12,0,8314.40,692.87,47,2.92,13,CAT16,2025-04-02,2025-09-20,10,912,0.0,0.1667,0.25,0.3333,3,3.67
CUST05921,C02,2023-06-11,2,2,0,669.00,334.5,4,2.0,4,CAT19,2025-07-21,2025-07-28,64,842,0.0,0.0,0.0,0.0,0,
CUST05922,C03,2024-11-16,6,6,0,4515.20,752.53,38,4.17,11,CAT05,2025-04-23,2025-07-24,68,318,0.0,0.0,0.3333,0.6667,1,5.0
CUST05923,C03,2025-07-27,2,2,0,1256.00,628.0,9,3.5,7,CAT10,2025-08-01,2025-08-23,38,65,0.0,0.0,0.5,0.0,1,4.0
CUST05924,C01,2023-05-24,6,5,0,3314.40,662.88,26,3.6,8,CAT01,2025-05-16,2025-09-22,8,860,0.0,0.1667,0.1667,0.6,0,
CUST05925,C01,2023-03-02,7,6,0,3726.00,621.0,14,1.5,6,CAT12,2025-05-11,2025-09-08,22,943,0.0,0.7143,0.4286,0.0,1,4.0
CUST05926,C01,2025-05-27,7,7,0,5242.00,748.86,23,1.86,9,CAT19,2025-07-04,2025-09-30,0,126,0.0,0.8571,0.1429,0.0,0,
CUST05927,C01,2025-04-11,2,2,0,897.00,448.5,9,3.0,6,CAT03,2025-05-14,2025-07-12,80,172,0.0,0.0,0.5,0.0,1,4.0
CUST05928,C02,2023-05-06,5,3,2,2068.05,689.35,13,3.67,6,CAT09,2025-05-19,2025-09-14,16,878,0.4,0.0,0.2,0.6667,0,
CUST05929,C03,2023-06-20,3,2,1,1262.00,631.0,4,2.0,4,CAT15,2025-04-14,2025-07-25,67,833,0.3333,0.3333,0.0,0.0,0,
CUST05930,C03,2024-08-27,15,14,1,4840.10,345.72,33,1.71,12,CAT18,2025-04-08,2025-09-05,25,399,0.0667,0.7333,0.2,0.1429,2,4.0
CUST05931,C02,2025-09-13,0,0,0,0.00,,0,,0,,,,,17,,,,,0,
CUST05932,C02,2025-07-14,0,0,0,0.00,,0,,0,,,,,78,,,,,0,
CUST05933,C02,2025-07-01,1,1,0,437.20,437.2,2,2.0,2,CAT15,2025-09-04,2025-09-04,26,91,0.0,0.0,0.0,1.0,0,
CUST05934,C01,2025-04-16,1,0,1,0.00,,0,,0,,2025-05-25,,,167,1.0,1.0,1.0,,0,
CUST05935,C01,2025-05-18,9,7,2,5767.00,823.86,34,3.86,10,CAT11,2025-05-24,2025-09-23,7,135,0.2222,0.0,0.4444,0.0,2,5.0
CUST05936,C03,2023-04-04,2,2,0,2299.20,1149.6,11,4.5,5,CAT13,2025-04-10,2025-07-29,63,910,0.0,0.0,0.0,0.5,1,4.0
CUST05937,C01,2023-09-08,3,3,0,162.50,54.17,3,1.0,3,CAT11,2025-04-30,2025-09-27,3,753,0.0,0.3333,0.6667,0.3333,0,
CUST05938,C03,2025-05-09,2,2,0,1134.00,567.0,7,3.0,6,CAT12,2025-05-21,2025-08-22,39,144,0.0,0.0,0.0,0.0,0,
CUST05939,C01,2025-03-05,20,19,0,10781.10,567.43,89,3.26,16,CAT03,2025-04-20,2025-09-29,1,209,0.0,0.1,0.45,0.1053,6,4.33
CUST05940,C01,2023-09-08,3,2,1,1291.00,645.5,5,1.0,2,CAT12,2025-04-11,2025-08-29,32,753,0.3333,0.3333,0.0,0.0,0,
CUST05941,C02,2024-01-11,0,0,0,0.00,,0,,0,,,,,628,,,,,0,
CUST05942,C01,2023-09-10,1,0,0,0.00,,0,,0,,2025-06-12,,,751,0.0,0.0,0.0,,0,
CUST05943,C01,2023-11-04,3,3,0,570.00,190.0,7,1.33,3,CAT11,2025-04-18,2025-07-12,80,696,0.0,0.3333,0.3333,0.0,0,
CUST05944,C01,2025-07-25,3,3,0,587.40,195.8,5,1.33,4,CAT19,2025-08-20,2025-09-06,24,67,0.0,0.3333,0.3333,0.3333,1,3.0
CUST05945,C02,2023-07-30,5,2,2,2628.00,1314.0,17,4.5,6,CAT03,2025-04-27,2025-05-05,148,793,0.4,0.0,0.4,0.0,0,
CUST05946,C03,2024-05-05,9,8,1,6492.30,811.54,48,4.0,14,CAT05,2025-04-19,2025-09-20,10,513,0.1111,0.1111,0.3333,0.125,1,2.0
CUST05947,C02,2025-06-23,2,2,0,1057.00,528.5,7,1.5,3,CAT05,2025-06-27,2025-09-02,28,99,0.0,1.0,0.0,0.0,0,
CUST05948,C03,2024-07-21,12,10,2,8755.60,875.56,51,2.9,15,CAT05,2025-04-14,2025-09-20,10,436,0.1667,0.3333,0.5833,0.2,3,4.67
CUST05949,C03,2023-08-30,6,6,0,9527.20,1587.87,44,5.0,12,CAT15,2025-05-24,2025-09-28,2,762,0.0,0.0,1.0,0.3333,3,3.67
CUST05950,C01,2023-01-19,13,12,0,7086.90,590.58,68,2.83,14,CAT06,2025-04-28,2025-09-24,6,985,0.0,0.6923,0.3077,0.0833,1,4.0
CUST05951,C01,2025-07-03,2,1,0,25.50,25.5,2,1.0,1,CAT09,2025-08-17,2025-08-17,44,89,0.0,1.0,0.5,1.0,0,
CUST05952,C02,2024-08-24,1,1,0,309.80,309.8,4,3.0,3,CAT11,2025-06-15,2025-06-15,107,402,0.0,0.0,1.0,1.0,0,
CUST05953,C03,2023-08-18,12,12,0,12842.60,1070.22,58,3.33,16,CAT18,2025-04-05,2025-09-27,3,774,0.0,0.0833,0.25,0.1667,2,4.0
CUST05954,C02,2023-03-23,5,5,0,1805.25,361.05,16,2.2,7,CAT09,2025-05-28,2025-09-24,6,922,0.0,1.0,0.4,0.4,0,
CUST05955,C03,2023-09-05,5,5,0,3143.00,628.6,23,3.8,12,CAT16,2025-04-22,2025-09-14,16,756,0.0,0.4,0.4,0.0,0,
CUST05956,C03,2025-02-22,2,2,0,471.40,235.7,6,2.0,3,CAT04,2025-06-26,2025-08-28,33,220,0.0,1.0,0.0,1.0,0,
CUST05957,C03,2024-08-18,4,3,1,3473.00,1157.67,18,5.33,10,CAT15,2025-05-25,2025-08-03,58,408,0.25,0.0,1.0,0.0,2,4.5
CUST05958,C03,2023-09-07,6,5,0,5908.10,1181.62,30,4.2,13,CAT17,2025-04-05,2025-09-10,20,754,0.0,0.0,0.3333,0.2,0,
CUST05959,C01,2023-08-02,5,5,0,4807.20,961.44,23,3.0,12,CAT18,2025-04-25,2025-09-23,7,790,0.0,0.2,0.0,0.4,0,
CUST05960,C02,2025-05-30,8,8,0,7676.60,959.58,29,2.88,11,CAT17,2025-06-20,2025-09-24,6,123,0.0,0.25,0.125,0.125,1,4.0
CUST05961,C03,2024-02-25,1,1,0,583.00,583.0,2,2.0,2,CAT14,2025-06-03,2025-06-03,119,583,0.0,0.0,0.0,0.0,0,
CUST05962,C01,2024-07-23,13,11,1,3213.80,292.16,31,1.82,10,CAT12,2025-04-06,2025-09-08,22,434,0.0769,0.6154,0.2308,0.0909,1,2.0
CUST05963,C03,2025-07-22,2,2,0,2786.55,1393.28,10,4.0,6,CAT10,2025-08-12,2025-09-20,10,70,0.0,0.0,0.5,0.5,1,4.0
CUST05964,C01,2025-04-27,26,22,2,32022.65,1455.58,168,2.91,17,CAT19,2025-05-03,2025-09-25,5,156,0.0769,0.1154,0.2692,0.2273,5,4.0
CUST05965,C02,2023-03-22,3,3,0,2523.20,841.07,18,3.33,7,CAT13,2025-06-11,2025-09-01,29,923,0.0,0.0,0.3333,0.3333,0,
CUST05966,C02,2025-03-29,3,3,0,3727.00,1242.33,14,4.0,7,CAT17,2025-04-07,2025-05-13,140,185,0.0,0.0,0.3333,0.0,0,
CUST05967,C01,2023-09-07,6,5,0,4955.70,991.14,29,4.2,10,CAT10,2025-05-19,2025-09-15,15,754,0.0,0.1667,0.5,0.2,1,2.0
CUST05968,C03,2025-08-22,2,2,0,1066.20,533.1,6,2.5,4,CAT12,2025-09-01,2025-09-14,16,39,0.0,1.0,0.5,0.5,1,4.0
CUST05969,C01,2023-10-12,25,23,0,15074.00,655.39,113,3.48,18,CAT11,2025-04-02,2025-09-18,12,719,0.0,0.16,0.24,0.087,2,3.0
CUST05970,C03,2025-05-28,2,1,1,1207.00,1207.0,5,4.0,4,CAT15,2025-06-15,2025-06-15,107,125,0.5,0.0,0.5,0.0,0,
CUST05971,C02,2024-10-26,7,7,0,14042.20,2006.03,60,5.57,16,CAT15,2025-04-12,2025-08-25,36,339,0.0,0.2857,0.4286,0.1429,0,
CUST05972,C03,2025-04-17,2,2,0,2951.00,1475.5,19,5.0,9,CAT05,2025-06-18,2025-08-04,57,166,0.0,0.0,0.0,0.0,1,5.0
CUST05973,C03,2025-04-11,12,9,2,2651.00,294.56,30,2.44,9,CAT03,2025-05-21,2025-09-26,4,172,0.1667,0.0,0.4167,0.2222,3,4.0
CUST05974,C02,2024-02-08,6,3,2,2064.00,688.0,12,2.67,7,CAT18,2025-04-03,2025-08-15,46,600,0.3333,0.3333,0.0,0.0,0,
CUST05975,C01,2024-06-20,3,2,1,3501.20,1750.6,12,3.5,5,CAT15,2025-04-25,2025-04-26,157,467,0.3333,0.3333,0.3333,0.5,0,
CUST05976,C03,2024-12-01,0,0,0,0.00,,0,,0,,,,,303,,,,,0,
CUST05977,C02,2024-04-14,7,7,0,7956.00,1136.57,42,4.29,11,CAT10,2025-04-15,2025-09-05,25,534,0.0,0.0,0.4286,0.0,1,4.0
CUST05978,C03,2024-05-13,1,1,0,3675.00,3675.0,9,3.0,3,CAT17,2025-04-04,2025-04-04,179,505,0.0,0.0,0.0,0.0,0,
CUST05979,C01,2024-03-25,4,4,0,2581.40,645.35,14,2.25,8,CAT15,2025-05-10,2025-07-15,77,554,0.0,0.0,0.5,0.5,0,
CUST05980,C01,2023-09-17,6,6,0,4557.30,759.55,30,3.83,14,CAT15,2025-04-19,2025-08-28,33,744,0.0,0.1667,0.5,0.5,1,5.0
CUST05981,C03,2024-10-11,10,7,2,2973.50,424.79,16,1.57,9,CAT05,2025-04-06,2025-07-11,81,354,0.2,0.9,0.3,0.1429,0,
CUST05982,C01,2024-08-22,6,5,1,6013.35,1202.67,27,3.6,10,CAT19,2025-05-05,2025-09-16,14,404,0.1667,0.0,0.3333,0.6,0,
CUST05983,C03,2025-04-20,0,0,0,0.00,,0,,0,,,,,163,,,,,0,
CUST05984,C02,2023-11-14,8,8,0,3745.60,468.2,23,2.5,11,CAT17,2025-04-15,2025-09-02,28,686,0.0,0.0,0.0,0.125,1,4.0
CUST05985,C02,2024-05-01,2,2,0,2930.00,1465.0,12,4.5,9,CAT10,2025-04-19,2025-05-13,140,517,0.0,0.0,0.5,0.0,0,
CUST05986,C01,2024-02-24,20,17,1,14786.60,869.8,84,3.47,19,CAT11,2025-04-12,2025-09-12,18,584,0.05,0.2,0.35,0.1176,8,4.0
CUST05987,C02,2023-05-06,3,2,1,672.00,336.0,3,1.5,3,CAT12,2025-07-11,2025-08-05,56,878,0.3333,0.6667,0.3333,0.0,0,
CUST05988,C03,2023-08-23,4,4,0,706.80,176.7,10,1.75,5,CAT13,2025-07-26,2025-08-26,35,769,0.0,0.5,0.25,0.25,0,
CUST05989,C01,2024-06-19,0,0,0,0.00,,0,,0,,,,,468,,,,,0,
CUST05990,C03,2025-07-27,14,12,2,4816.30,401.36,46,3.25,13,CAT05,2025-07-27,2025-09-21,9,65,0.1429,0.1429,0.5,0.0833,2,4.5
CUST05991,C01,2024-09-14,1,1,0,42.00,42.0,1,1.0,1,CAT02,2025-08-25,2025-08-25,36,381,0.0,1.0,0.0,0.0,1,5.0
CUST05992,C02,2023-02-11,6,3,1,1754.00,584.67,15,3.67,6,CAT03,2025-04-04,2025-09-02,28,962,0.1667,0.1667,0.1667,0.0,0,
CUST05993,C02,2024-01-11,8,7,1,3696.60,528.09,24,2.14,9,CAT17,2025-04-06,2025-09-06,24,628,0.125,0.625,0.25,0.2857,3,1.67
CUST05994,C02,2024-01-27,14,13,1,3238.40,249.11,25,1.54,9,CAT12,2025-04-26,2025-09-29,1,612,0.0714,0.6429,0.2857,0.0769,3,3.33
CUST05995,C03,2023-07-04,8,8,0,4936.30,617.04,41,3.25,8,CAT11,2025-04-22,2025-07-24,68,819,0.0,0.125,0.125,0.25,3,5.0
CUST05996,C02,2024-12-27,5,4,0,5378.00,1344.5,19,3.0,7,CAT17,2025-04-05,2025-09-11,19,277,0.0,0.4,0.4,0.0,1,4.0
CUST05997,C01,2023-01-15,5,5,0,2903.00,580.6,22,3.0,10,CAT16,2025-06-01,2025-09-14,16,989,0.0,0.2,0.6,0.0,0,
CUST05998,C03,2024-08-07,6,5,1,4491.00,898.2,27,3.4,12,CAT13,2025-04-22,2025-08-27,34,419,0.1667,0.0,0.5,0.0,0,
CUST05999,C02,2024-07-28,7,7,0,12262.00,1751.71,68,5.57,12,CAT13,2025-04-21,2025-07-21,71,429,0.0,0.7143,0.5714,0.2857,0,
CUST06000,C02,2025-02-13,22,19,3,11111.10,584.79,81,3.0,14,CAT11,2025-04-20,2025-09-28,2,229,0.1364,0.4091,0.2727,0.2105,2,4.0
