customer_id,segment_id,segment_label,model_version
CUST00001,3,"Everyday — Atta, Rice & Dal",marketing_run_20261005T135746863
CUST00002,3,"Everyday — Atta, Rice & Dal",marketing_run_20261005T135746863
CUST00003,3,"Everyday — Atta, Rice & Dal",marketing_run_20261005T135746863
CUST00004,0,Big-basket · Premium-basket — Baby Care,marketing_run_20261005T135746863
CUST00005,6,"Frequent · High-value — Atta, Rice & Dal",marketing_run_20261005T135746863
CUST00006,1,Night-time — Sweets & Chocolates,marketing_run_20261005T135746863
CUST00007,6,"Frequent · High-value — Atta, Rice & Dal",marketing_run_20261005T135746863
CUST00008,3,"Everyday — Atta, Rice & Dal",marketing_run_20261005T135746863
CUST00009,6,"Frequent · High-value — Atta, Rice & Dal",marketing_run_20261005T135746863
CUST00010,6,"Frequent · High-value — Atta, Rice & Dal",marketing_run_20261005T135746863
CUST00011,0,Big-basket · Premium-basket — Baby Care,marketing_run_20261005T135746863
CUST00012,1,Night-time — Sweets & Chocolates,marketing_run_20261005T135746863
CUST00013,1,Night-time — Sweets & Chocolates,marketing_run_20261005T135746863
CUST00015,1,Night-time — Sweets & Chocolates,marketing_run_20261005T135746863
CUST00016,3,"Everyday — Atta, Rice & Dal",marketing_run_20261005T135746863
CUST00017,3,"Everyday — Atta, Rice & Dal",marketing_run_20261005T135746863
CUST00018,0,Big-basket · Premium-basket — Baby Care,marketing_run_20261005T135746863
CUST00019,3,"Everyday — Atta, Rice & Dal",marketing_run_20261005T135746863
CUST00020,6,"Frequent · High-value — Atta, Rice & Dal",marketing_run_20261005T135746863
CUST00021,3,"Everyday — Atta, Rice & Dal",marketing_run_20261005T135746863
CUST00022,1,Night-time — Sweets & Chocolates,marketing_run_20261005T135746863
CUST00023,2,Everyday — Gourmet & Organic,marketing_run_20261005T135746863
CUST00024,6,"Frequent · High-value — Atta, Rice & Dal",marketing_run_20261005T135746863
CUST00025,1,Night-time — Sweets & Chocolates,marketing_run_20261005T135746863
CUST00026,2,Everyday — Gourmet & Organic,marketing_run_20261005T135746863
CUST00027,0,Big-basket · Premium-basket — Baby Care,marketing_run_20261005T135746863
CUST00028,4,Everyday — Health & Wellness,marketing_run_20261005T135746863
CUST00029,2,Everyday — Gourmet & Organic,marketing_run_20261005T135746863
CUST00030,0,Big-basket · Premium-basket — Baby Care,marketing_run_20261005T135746863
CUST00032,6,"Frequent · High-value — Atta, Rice & Dal",marketing_run_20261005T135746863
CUST00034,0,Big-basket · Premium-basket — Baby Care,marketing_run_20261005T135746863
CUST00035,2,Everyday — Gourmet & Organic,marketing_run_20261005T135746863
CUST00036,4,Everyday — Health & Wellness,marketing_run_20261005T135746863
CUST00037,0,Big-basket · Premium-basket — Baby Care,marketing_run_20261005T135746863
CUST00038,6,"Frequent · High-value — Atta, Rice & Dal",marketing_run_20261005T135746863
CUST00039,1,Night-time — Sweets & Chocolates,marketing_run_20261005T135746863
CUST00040,0,Big-basket · Premium-basket — Baby Care,marketing_run_20261005T135746863
CUST00042,2,Everyday — Gourmet & Organic,marketing_run_20261005T135746863
CUST00043,6,"Frequent · High-value — Atta, Rice & Dal",marketing_run_20261005T135746863
CUST00044,1,Night-time — Sweets & Chocolates,marketing_run_20261005T135746863
CUST00045,2,Everyday — Gourmet & Organic,marketing_run_20261005T135746863
CUST00047,0,Big-basket · Premium-basket — Baby Care,marketing_run_20261005T135746863
CUST00049,0,Big-basket · Premium-basket — Baby Care,marketing_run_20261005T135746863
CUST00050,1,Night-time — Sweets & Chocolates,marketing_run_20261005T135746863
CUST00051,0,Big-basket · Premium-basket — Baby Care,marketing_run_20261005T135746863
CUST00052,6,"Frequent · High-value — Atta, Rice & Dal",marketing_run_20261005T135746863
CUST00053,1,Night-time — Sweets & Chocolates,marketing_run_20261005T135746863
CUST00054,6,"Frequent · High-value — Atta, Rice & Dal",marketing_run_20261005T135746863
CUST00055,1,Night-time — Sweets & Chocolates,marketing_run_20261005T135746863
CUST00057,0,Big-basket · Premium-basket — Baby Care,marketing_run_20261005T135746863
CUST00058,2,Everyday — Gourmet & Organic,marketing_run_20261005T135746863
CUST00059,6,"Frequent · High-value — Atta, Rice & Dal",marketing_run_20261005T135746863
CUST00060,0,Big-basket · Premium-basket — Baby Care,marketing_run_20261005T135746863
CUST00061,1,Night-time — Sweets & Chocolates,marketing_run_20261005T135746863
CUST00062,0,Big-basket · Premium-basket — Baby Care,marketing_run_20261005T135746863
CUST00063,6,"Frequent · High-value — Atta, Rice & Dal",marketing_run_20261005T135746863
CUST00064,6,"Frequent · High-value — Atta, Rice & Dal",marketing_run_20261005T135746863
CUST00065,1,Night-time — Sweets & Chocolates,marketing_run_20261005T135746863
CUST00067,0,Big-basket · Premium-basket — Baby Care,marketing_run_20261005T135746863
CUST00068,0,Big-basket · Premium-basket — Baby Care,marketing_run_20261005T135746863
CUST00070,0,Big-basket · Premium-basket — Baby Care,marketing_run_20261005T135746863
CUST00071,4,Everyday — Health & Wellness,marketing_run_20261005T135746863
CUST00072,6,"Frequent · High-value — Atta, Rice & Dal",marketing_run_20261005T135746863
CUST00073,0,Big-basket · Premium-basket — Baby Care,marketing_run_20261005T135746863
CUST00074,6,"Frequent · High-value — Atta, Rice & Dal",marketing_run_20261005T135746863
CUST00075,0,Big-basket · Premium-basket — Baby Care,marketing_run_20261005T135746863
CUST00076,2,Everyday — Gourmet & Organic,marketing_run_20261005T135746863
CUST00079,0,Big-basket · Premium-basket — Baby Care,marketing_run_20261005T135746863
CUST00080,0,Big-basket · Premium-basket — Baby Care,marketing_run_20261005T135746863
CUST00081,1,Night-time — Sweets & Chocolates,marketing_run_20261005T135746863
CUST00082,2,Everyday — Gourmet & Organic,marketing_run_20261005T135746863
CUST00083,0,Big-basket · Premium-basket — Baby Care,marketing_run_20261005T135746863
CUST00084,2,Everyday — Gourmet & Organic,marketing_run_20261005T135746863
CUST00085,2,Everyday — Gourmet & Organic,marketing_run_20261005T135746863
CUST00086,0,Big-basket · Premium-basket — Baby Care,marketing_run_20261005T135746863
CUST00087,6,"Frequent · High-value — Atta, Rice & Dal",marketing_run_20261005T135746863
CUST00088,0,Big-basket · Premium-basket — Baby Care,marketing_run_20261005T135746863
CUST00089,4,Everyday — Health & Wellness,marketing_run_20261005T135746863
CUST00090,2,Everyday — Gourmet & Organic,marketing_run_20261005T135746863
CUST00091,0,Big-basket · Premium-basket — Baby Care,marketing_run_20261005T135746863
CUST00092,6,"Frequent · High-value — Atta, Rice & Dal",marketing_run_20261005T135746863
CUST00093,3,"Everyday — Atta, Rice & Dal",marketing_run_20261005T135746863
CUST00094,1,Night-time — Sweets & Chocolates,marketing_run_20261005T135746863
CUST00095,4,Everyday — Health & Wellness,marketing_run_20261005T135746863
CUST00097,0,Big-basket · Premium-basket — Baby Care,marketing_run_20261005T135746863
CUST00098,2,Everyday — Gourmet & Organic,marketing_run_20261005T135746863
CUST00099,0,Big-basket · Premium-basket — Baby Care,marketing_run_20261005T135746863
CUST00100,1,Night-time — Sweets & Chocolates,marketing_run_20261005T135746863
CUST00101,5,Night-time — Instant & Frozen Food,marketing_run_20261005T135746863
CUST00102,6,"Frequent · High-value — Atta, Rice & Dal",marketing_run_20261005T135746863
CUST00104,1,Night-time — Sweets & Chocolates,marketing_run_20261005T135746863
CUST00105,2,Everyday — Gourmet & Organic,marketing_run_20261005T135746863
CUST00107,3,"Everyday — Atta, Rice & Dal",marketing_run_20261005T135746863
CUST00108,6,"Frequent · High-value — Atta, Rice & Dal",marketing_run_20261005T135746863
CUST00109,2,Everyday — Gourmet & Organic,marketing_run_20261005T135746863
CUST00110,2,Everyday — Gourmet & Organic,marketing_run_20261005T135746863
CUST00111,2,Everyday — Gourmet & Organic,marketing_run_20261005T135746863
CUST00112,0,Big-basket · Premium-basket — Baby Care,marketing_run_20261005T135746863
CUST00113,2,Everyday — Gourmet & Organic,marketing_run_20261005T135746863
CUST00114,0,Big-basket · Premium-basket — Baby Care,marketing_run_20261005T135746863
CUST00115,0,Big-basket · Premium-basket — Baby Care,marketing_run_20261005T135746863
CUST00116,2,Everyday — Gourmet & Organic,marketing_run_20261005T135746863
CUST00118,1,Night-time — Sweets & Chocolates,marketing_run_20261005T135746863
CUST00119,3,"Everyday — Atta, Rice & Dal",marketing_run_20261005T135746863
CUST00121,3,"Everyday — Atta, Rice & Dal",marketing_run_20261005T135746863
CUST00122,0,Big-basket · Premium-basket — Baby Care,marketing_run_20261005T135746863
CUST00123,1,Night-time — Sweets & Chocolates,marketing_run_20261005T135746863
CUST00125,0,Big-basket · Premium-basket — Baby Care,marketing_run_20261005T135746863
CUST00126,0,Big-basket · Premium-basket — Baby Care,marketing_run_20261005T135746863
CUST00128,1,Night-time — Sweets & Chocolates,marketing_run_20261005T135746863
CUST00129,5,Night-time — Instant & Frozen Food,marketing_run_20261005T135746863
CUST00130,6,"Frequent · High-value — Atta, Rice & Dal",marketing_run_20261005T135746863
CUST00131,2,Everyday — Gourmet & Organic,marketing_run_20261005T135746863
CUST00132,1,Night-time — Sweets & Chocolates,marketing_run_20261005T135746863
CUST00133,1,Night-time — Sweets & Chocolates,marketing_run_20261005T135746863
CUST00134,6,"Frequent · High-value — Atta, Rice & Dal",marketing_run_20261005T135746863
CUST00135,2,Everyday — Gourmet & Organic,marketing_run_20261005T135746863
CUST00136,1,Night-time — Sweets & Chocolates,marketing_run_20261005T135746863
CUST00137,6,"Frequent · High-value — Atta, Rice & Dal",marketing_run_20261005T135746863
CUST00138,6,"Frequent · High-value — Atta, Rice & Dal",marketing_run_20261005T135746863
CUST00139,6,"Frequent · High-value — Atta, Rice & Dal",marketing_run_20261005T135746863
CUST00141,3,"Everyday — Atta, Rice & Dal",marketing_run_20261005T135746863
CUST00142,4,Everyday — Health & Wellness,marketing_run_20261005T135746863
CUST00143,1,Night-time — Sweets & Chocolates,marketing_run_20261005T135746863
CUST00144,3,"Everyday — Atta, Rice & Dal",marketing_run_20261005T135746863
CUST00145,2,Everyday — Gourmet & Organic,marketing_run_20261005T135746863
CUST00146,3,"Everyday — Atta, Rice & Dal",marketing_run_20261005T135746863
CUST00148,6,"Frequent · High-value — Atta, Rice & Dal",marketing_run_20261005T135746863
CUST00149,2,Everyday — Gourmet & Organic,marketing_run_20261005T135746863
CUST00150,0,Big-basket · Premium-basket — Baby Care,marketing_run_20261005T135746863
CUST00151,1,Night-time — Sweets & Chocolates,marketing_run_20261005T135746863
CUST00152,1,Night-time — Sweets & Chocolates,marketing_run_20261005T135746863
CUST00153,2,Everyday — Gourmet & Organic,marketing_run_20261005T135746863
CUST00154,3,"Everyday — Atta, Rice & Dal",marketing_run_20261005T135746863
CUST00155,1,Night-time — Sweets & Chocolates,marketing_run_20261005T135746863
CUST00156,3,"Everyday — Atta, Rice & Dal",marketing_run_20261005T135746863
CUST00157,3,"Everyday — Atta, Rice & Dal",marketing_run_20261005T135746863
CUST00158,1,Night-time — Sweets & Chocolates,marketing_run_20261005T135746863
CUST00159,4,Everyday — Health & Wellness,marketing_run_20261005T135746863
CUST00160,6,"Frequent · High-value — Atta, Rice & Dal",marketing_run_20261005T135746863
CUST00161,0,Big-basket · Premium-basket — Baby Care,marketing_run_20261005T135746863
CUST00162,6,"Frequent · High-value — Atta, Rice & Dal",marketing_run_20261005T135746863
CUST00163,3,"Everyday — Atta, Rice & Dal",marketing_run_20261005T135746863
CUST00164,6,"Frequent · High-value — Atta, Rice & Dal",marketing_run_20261005T135746863
CUST00166,0,Big-basket · Premium-basket — Baby Care,marketing_run_20261005T135746863
CUST00167,0,Big-basket · Premium-basket — Baby Care,marketing_run_20261005T135746863
CUST00168,6,"Frequent · High-value — Atta, Rice & Dal",marketing_run_20261005T135746863
CUST00169,1,Night-time — Sweets & Chocolates,marketing_run_20261005T135746863
CUST00170,0,Big-basket · Premium-basket — Baby Care,marketing_run_20261005T135746863
CUST00171,6,"Frequent · High-value — Atta, Rice & Dal",marketing_run_20261005T135746863
CUST00173,0,Big-basket · Premium-basket — Baby Care,marketing_run_20261005T135746863
CUST00174,3,"Everyday — Atta, Rice & Dal",marketing_run_20261005T135746863
CUST00175,0,Big-basket · Premium-basket — Baby Care,marketing_run_20261005T135746863
CUST00176,0,Big-basket · Premium-basket — Baby Care,marketing_run_20261005T135746863
CUST00177,0,Big-basket · Premium-basket — Baby Care,marketing_run_20261005T135746863
CUST00178,2,Everyday — Gourmet & Organic,marketing_run_20261005T135746863
CUST00179,2,Everyday — Gourmet & Organic,marketing_run_20261005T135746863
CUST00180,6,"Frequent · High-value — Atta, Rice & Dal",marketing_run_20261005T135746863
CUST00181,3,"Everyday — Atta, Rice & Dal",marketing_run_20261005T135746863
CUST00182,0,Big-basket · Premium-basket — Baby Care,marketing_run_20261005T135746863
CUST00183,1,Night-time — Sweets & Chocolates,marketing_run_20261005T135746863
CUST00184,6,"Frequent · High-value — Atta, Rice & Dal",marketing_run_20261005T135746863
CUST00185,6,"Frequent · High-value — Atta, Rice & Dal",marketing_run_20261005T135746863
CUST00186,2,Everyday — Gourmet & Organic,marketing_run_20261005T135746863
CUST00187,1,Night-time — Sweets & Chocolates,marketing_run_20261005T135746863
CUST00188,6,"Frequent · High-value — Atta, Rice & Dal",marketing_run_20261005T135746863
CUST00189,0,Big-basket · Premium-basket — Baby Care,marketing_run_20261005T135746863
CUST00190,1,Night-time — Sweets & Chocolates,marketing_run_20261005T135746863
CUST00192,0,Big-basket · Premium-basket — Baby Care,marketing_run_20261005T135746863
CUST00193,6,"Frequent · High-value — Atta, Rice & Dal",marketing_run_20261005T135746863
CUST00194,1,Night-time — Sweets & Chocolates,marketing_run_20261005T135746863
CUST00195,6,"Frequent · High-value — Atta, Rice & Dal",marketing_run_20261005T135746863
CUST00196,6,"Frequent · High-value — Atta, Rice & Dal",marketing_run_20261005T135746863
CUST00197,3,"Everyday — Atta, Rice & Dal",marketing_run_20261005T135746863
CUST00199,4,Everyday — Health & Wellness,marketing_run_20261005T135746863
CUST00200,6,"Frequent · High-value — Atta, Rice & Dal",marketing_run_20261005T135746863
CUST00201,3,"Everyday — Atta, Rice & Dal",marketing_run_20261005T135746863
CUST00202,3,"Everyday — Atta, Rice & Dal",marketing_run_20261005T135746863
CUST00203,3,"Everyday — Atta, Rice & Dal",marketing_run_20261005T135746863
CUST00204,3,"Everyday — Atta, Rice & Dal",marketing_run_20261005T135746863
CUST00205,3,"Everyday — Atta, Rice & Dal",marketing_run_20261005T135746863
CUST00206,1,Night-time — Sweets & Chocolates,marketing_run_20261005T135746863
CUST00207,1,Night-time — Sweets & Chocolates,marketing_run_20261005T135746863
CUST00208,1,Night-time — Sweets & Chocolates,marketing_run_20261005T135746863
CUST00209,0,Big-basket · Premium-basket — Baby Care,marketing_run_20261005T135746863
CUST00210,3,"Everyday — Atta, Rice & Dal",marketing_run_20261005T135746863
CUST00211,3,"Everyday — Atta, Rice & Dal",marketing_run_20261005T135746863
CUST00212,6,"Frequent · High-value — Atta, Rice & Dal",marketing_run_20261005T135746863
CUST00213,0,Big-basket · Premium-basket — Baby Care,marketing_run_20261005T135746863
CUST00214,6,"Frequent · High-value — Atta, Rice & Dal",marketing_run_20261005T135746863
CUST00215,1,Night-time — Sweets & Chocolates,marketing_run_20261005T135746863
CUST00216,0,Big-basket · Premium-basket — Baby Care,marketing_run_20261005T135746863
CUST00217,3,"Everyday — Atta, Rice & Dal",marketing_run_20261005T135746863
CUST00219,6,"Frequent · High-value — Atta, Rice & Dal",marketing_run_20261005T135746863
CUST00220,0,Big-basket · Premium-basket — Baby Care,marketing_run_20261005T135746863
CUST00221,1,Night-time — Sweets & Chocolates,marketing_run_20261005T135746863
CUST00223,5,Night-time — Instant & Frozen Food,marketing_run_20261005T135746863
CUST00224,2,Everyday — Gourmet & Organic,marketing_run_20261005T135746863
CUST00225,2,Everyday — Gourmet & Organic,marketing_run_20261005T135746863
CUST00226,2,Everyday — Gourmet & Organic,marketing_run_20261005T135746863
CUST00227,3,"Everyday — Atta, Rice & Dal",marketing_run_20261005T135746863
CUST00229,0,Big-basket · Premium-basket — Baby Care,marketing_run_20261005T135746863
CUST00230,6,"Frequent · High-value — Atta, Rice & Dal",marketing_run_20261005T135746863
CUST00232,2,Everyday — Gourmet & Organic,marketing_run_20261005T135746863
CUST00233,6,"Frequent · High-value — Atta, Rice & Dal",marketing_run_20261005T135746863
CUST00234,2,Everyday — Gourmet & Organic,marketing_run_20261005T135746863
CUST00235,3,"Everyday — Atta, Rice & Dal",marketing_run_20261005T135746863
CUST00236,3,"Everyday — Atta, Rice & Dal",marketing_run_20261005T135746863
CUST00237,2,Everyday — Gourmet & Organic,marketing_run_20261005T135746863
CUST00238,3,"Everyday — Atta, Rice & Dal",marketing_run_20261005T135746863
CUST00239,4,Everyday — Health & Wellness,marketing_run_20261005T135746863
CUST00241,0,Big-basket · Premium-basket — Baby Care,marketing_run_20261005T135746863
CUST00242,3,"Everyday — Atta, Rice & Dal",marketing_run_20261005T135746863
CUST00243,0,Big-basket · Premium-basket — Baby Care,marketing_run_20261005T135746863
CUST00244,6,"Frequent · High-value — Atta, Rice & Dal",marketing_run_20261005T135746863
CUST00245,0,Big-basket · Premium-basket — Baby Care,marketing_run_20261005T135746863
CUST00246,3,"Everyday — Atta, Rice & Dal",marketing_run_20261005T135746863
CUST00247,0,Big-basket · Premium-basket — Baby Care,marketing_run_20261005T135746863
CUST00248,6,"Frequent · High-value — Atta, Rice & Dal",marketing_run_20261005T135746863
CUST00249,3,"Everyday — Atta, Rice & Dal",marketing_run_20261005T135746863
CUST00250,3,"Everyday — Atta, Rice & Dal",marketing_run_20261005T135746863
CUST00251,3,"Everyday — Atta, Rice & Dal",marketing_run_20261005T135746863
CUST00253,2,Everyday — Gourmet & Organic,marketing_run_20261005T135746863
CUST00254,0,Big-basket · Premium-basket — Baby Care,marketing_run_20261005T135746863
CUST00255,6,"Frequent · High-value — Atta, Rice & Dal",marketing_run_20261005T135746863
CUST00256,6,"Frequent · High-value — Atta, Rice & Dal",marketing_run_20261005T135746863
CUST00257,0,Big-basket · Premium-basket — Baby Care,marketing_run_20261005T135746863
CUST00258,3,"Everyday — Atta, Rice & Dal",marketing_run_20261005T135746863
CUST00259,1,Night-time — Sweets & Chocolates,marketing_run_20261005T135746863
CUST00260,0,Big-basket · Premium-basket — Baby Care,marketing_run_20261005T135746863
CUST00261,0,Big-basket · Premium-basket — Baby Care,marketing_run_20261005T135746863
CUST00262,6,"Frequent · High-value — Atta, Rice & Dal",marketing_run_20261005T135746863
CUST00263,6,"Frequent · High-value — Atta, Rice & Dal",marketing_run_20261005T135746863
CUST00264,6,"Frequent · High-value — Atta, Rice & Dal",marketing_run_20261005T135746863
CUST00265,6,"Frequent · High-value — Atta, Rice & Dal",marketing_run_20261005T135746863
CUST00266,6,"Frequent · High-value — Atta, Rice & Dal",marketing_run_20261005T135746863
CUST00267,3,"Everyday — Atta, Rice & Dal",marketing_run_20261005T135746863
CUST00268,3,"Everyday — Atta, Rice & Dal",marketing_run_20261005T135746863
CUST00269,0,Big-basket · Premium-basket — Baby Care,marketing_run_20261005T135746863
CUST00270,4,Everyday — Health & Wellness,marketing_run_20261005T135746863
CUST00271,6,"Frequent · High-value — Atta, Rice & Dal",marketing_run_20261005T135746863
CUST00272,0,Big-basket · Premium-basket — Baby Care,marketing_run_20261005T135746863
CUST00273,6,"Frequent · High-value — Atta, Rice & Dal",marketing_run_20261005T135746863
CUST00274,1,Night-time — Sweets & Chocolates,marketing_run_20261005T135746863
CUST00275,1,Night-time — Sweets & Chocolates,marketing_run_20261005T135746863
CUST00276,0,Big-basket · Premium-basket — Baby Care,marketing_run_20261005T135746863
CUST00277,3,"Everyday — Atta, Rice & Dal",marketing_run_20261005T135746863
CUST00278,6,"Frequent · High-value — Atta, Rice & Dal",marketing_run_20261005T135746863
CUST00279,6,"Frequent · High-value — Atta, Rice & Dal",marketing_run_20261005T135746863
CUST00280,0,Big-basket · Premium-basket — Baby Care,marketing_run_20261005T135746863
CUST00281,3,"Everyday — Atta, Rice & Dal",marketing_run_20261005T135746863
CUST00282,3,"Everyday — Atta, Rice & Dal",marketing_run_20261005T135746863
CUST00283,2,Everyday — Gourmet & Organic,marketing_run_20261005T135746863
CUST00284,0,Big-basket · Premium-basket — Baby Care,marketing_run_20261005T135746863
CUST00285,0,Big-basket · Premium-basket — Baby Care,marketing_run_20261005T135746863
CUST00286,6,"Frequent · High-value — Atta, Rice & Dal",marketing_run_20261005T135746863
CUST00287,3,"Everyday — Atta, Rice & Dal",marketing_run_20261005T135746863
CUST00288,1,Night-time — Sweets & Chocolates,marketing_run_20261005T135746863
CUST00289,0,Big-basket · Premium-basket — Baby Care,marketing_run_20261005T135746863
CUST00290,0,Big-basket · Premium-basket — Baby Care,marketing_run_20261005T135746863
CUST00291,3,"Everyday — Atta, Rice & Dal",marketing_run_20261005T135746863
CUST00292,3,"Everyday — Atta, Rice & Dal",marketing_run_20261005T135746863
CUST00293,0,Big-basket · Premium-basket — Baby Care,marketing_run_20261005T135746863
CUST00294,3,"Everyday — Atta, Rice & Dal",marketing_run_20261005T135746863
CUST00295,0,Big-basket · Premium-basket — Baby Care,marketing_run_20261005T135746863
CUST00296,2,Everyday — Gourmet & Organic,marketing_run_20261005T135746863
CUST00297,1,Night-time — Sweets & Chocolates,marketing_run_20261005T135746863
CUST00298,1,Night-time — Sweets & Chocolates,marketing_run_20261005T135746863
CUST00299,1,Night-time — Sweets & Chocolates,marketing_run_20261005T135746863
CUST00300,2,Everyday — Gourmet & Organic,marketing_run_20261005T135746863
CUST00301,1,Night-time — Sweets & Chocolates,marketing_run_20261005T135746863
CUST00302,0,Big-basket · Premium-basket — Baby Care,marketing_run_20261005T135746863
CUST00303,3,"Everyday — Atta, Rice & Dal",marketing_run_20261005T135746863
CUST00304,3,"Everyday — Atta, Rice & Dal",marketing_run_20261005T135746863
CUST00305,2,Everyday — Gourmet & Organic,marketing_run_20261005T135746863
CUST00306,4,Everyday — Health & Wellness,marketing_run_20261005T135746863
CUST00307,0,Big-basket · Premium-basket — Baby Care,marketing_run_20261005T135746863
CUST00308,1,Night-time — Sweets & Chocolates,marketing_run_20261005T135746863
CUST00309,2,Everyday — Gourmet & Organic,marketing_run_20261005T135746863
CUST00311,0,Big-basket · Premium-basket — Baby Care,marketing_run_20261005T135746863
CUST00312,3,"Everyday — Atta, Rice & Dal",marketing_run_20261005T135746863
CUST00313,2,Everyday — Gourmet & Organic,marketing_run_20261005T135746863
CUST00314,0,Big-basket · Premium-basket — Baby Care,marketing_run_20261005T135746863
CUST00315,0,Big-basket · Premium-basket — Baby Care,marketing_run_20261005T135746863
CUST00316,3,"Everyday — Atta, Rice & Dal",marketing_run_20261005T135746863
CUST00318,3,"Everyday — Atta, Rice & Dal",marketing_run_20261005T135746863
CUST00319,6,"Frequent · High-value — Atta, Rice & Dal",marketing_run_20261005T135746863
CUST00320,2,Everyday — Gourmet & Organic,marketing_run_20261005T135746863
CUST00322,0,Big-basket · Premium-basket — Baby Care,marketing_run_20261005T135746863
CUST00324,6,"Frequent · High-value — Atta, Rice & Dal",marketing_run_20261005T135746863
CUST00325,2,Everyday — Gourmet & Organic,marketing_run_20261005T135746863
CUST00326,3,"Everyday — Atta, Rice & Dal",marketing_run_20261005T135746863
CUST00327,1,Night-time — Sweets & Chocolates,marketing_run_20261005T135746863
CUST00328,6,"Frequent · High-value — Atta, Rice & Dal",marketing_run_20261005T135746863
CUST00329,3,"Everyday — Atta, Rice & Dal",marketing_run_20261005T135746863
CUST00330,2,Everyday — Gourmet & Organic,marketing_run_20261005T135746863
CUST00331,6,"Frequent · High-value — Atta, Rice & Dal",marketing_run_20261005T135746863
CUST00332,0,Big-basket · Premium-basket — Baby Care,marketing_run_20261005T135746863
CUST00334,0,Big-basket · Premium-basket — Baby Care,marketing_run_20261005T135746863
CUST00335,3,"Everyday — Atta, Rice & Dal",marketing_run_20261005T135746863
CUST00336,2,Everyday — Gourmet & Organic,marketing_run_20261005T135746863
CUST00337,6,"Frequent · High-value — Atta, Rice & Dal",marketing_run_20261005T135746863
CUST00338,1,Night-time — Sweets & Chocolates,marketing_run_20261005T135746863
CUST00339,3,"Everyday — Atta, Rice & Dal",marketing_run_20261005T135746863
CUST00340,1,Night-time — Sweets & Chocolates,marketing_run_20261005T135746863
CUST00342,3,"Everyday — Atta, Rice & Dal",marketing_run_20261005T135746863
CUST00343,2,Everyday — Gourmet & Organic,marketing_run_20261005T135746863
CUST00345,3,"Everyday — Atta, Rice & Dal",marketing_run_20261005T135746863
CUST00346,0,Big-basket · Premium-basket — Baby Care,marketing_run_20261005T135746863
CUST00347,0,Big-basket · Premium-basket — Baby Care,marketing_run_20261005T135746863
CUST00348,6,"Frequent · High-value — Atta, Rice & Dal",marketing_run_20261005T135746863
CUST00349,3,"Everyday — Atta, Rice & Dal",marketing_run_20261005T135746863
CUST00350,6,"Frequent · High-value — Atta, Rice & Dal",marketing_run_20261005T135746863
CUST00351,1,Night-time — Sweets & Chocolates,marketing_run_20261005T135746863
CUST00352,2,Everyday — Gourmet & Organic,marketing_run_20261005T135746863
CUST00353,6,"Frequent · High-value — Atta, Rice & Dal",marketing_run_20261005T135746863
CUST00354,2,Everyday — Gourmet & Organic,marketing_run_20261005T135746863
CUST00356,0,Big-basket · Premium-basket — Baby Care,marketing_run_20261005T135746863
CUST00357,0,Big-basket · Premium-basket — Baby Care,marketing_run_20261005T135746863
CUST00358,0,Big-basket · Premium-basket — Baby Care,marketing_run_20261005T135746863
CUST00359,6,"Frequent · High-value — Atta, Rice & Dal",marketing_run_20261005T135746863
CUST00360,3,"Everyday — Atta, Rice & Dal",marketing_run_20261005T135746863
CUST00361,0,Big-basket · Premium-basket — Baby Care,marketing_run_20261005T135746863
CUST00362,6,"Frequent · High-value — Atta, Rice & Dal",marketing_run_20261005T135746863
CUST00363,6,"Frequent · High-value — Atta, Rice & Dal",marketing_run_20261005T135746863
CUST00364,0,Big-basket · Premium-basket — Baby Care,marketing_run_20261005T135746863
CUST00365,0,Big-basket · Premium-basket — Baby Care,marketing_run_20261005T135746863
CUST00366,5,Night-time — Instant & Frozen Food,marketing_run_20261005T135746863
CUST00367,1,Night-time — Sweets & Chocolates,marketing_run_20261005T135746863
CUST00368,1,Night-time — Sweets & Chocolates,marketing_run_20261005T135746863
CUST00369,6,"Frequent · High-value — Atta, Rice & Dal",marketing_run_20261005T135746863
CUST00371,1,Night-time — Sweets & Chocolates,marketing_run_20261005T135746863
CUST00372,2,Everyday — Gourmet & Organic,marketing_run_20261005T135746863
CUST00373,1,Night-time — Sweets & Chocolates,marketing_run_20261005T135746863
CUST00374,6,"Frequent · High-value — Atta, Rice & Dal",marketing_run_20261005T135746863
CUST00375,1,Night-time — Sweets & Chocolates,marketing_run_20261005T135746863
CUST00377,6,"Frequent · High-value — Atta, Rice & Dal",marketing_run_20261005T135746863
CUST00379,0,Big-basket · Premium-basket — Baby Care,marketing_run_20261005T135746863
CUST00380,3,"Everyday — Atta, Rice & Dal",marketing_run_20261005T135746863
CUST00383,6,"Frequent · High-value — Atta, Rice & Dal",marketing_run_20261005T135746863
CUST00384,0,Big-basket · Premium-basket — Baby Care,marketing_run_20261005T135746863
CUST00385,0,Big-basket · Premium-basket — Baby Care,marketing_run_20261005T135746863
CUST00386,6,"Frequent · High-value — Atta, Rice & Dal",marketing_run_20261005T135746863
CUST00387,4,Everyday — Health & Wellness,marketing_run_20261005T135746863
CUST00388,1,Night-time — Sweets & Chocolates,marketing_run_20261005T135746863
CUST00389,1,Night-time — Sweets & Chocolates,marketing_run_20261005T135746863
CUST00390,0,Big-basket · Premium-basket — Baby Care,marketing_run_20261005T135746863
CUST00392,6,"Frequent · High-value — Atta, Rice & Dal",marketing_run_20261005T135746863
CUST00393,2,Everyday — Gourmet & Organic,marketing_run_20261005T135746863
CUST00394,6,"Frequent · High-value — Atta, Rice & Dal",marketing_run_20261005T135746863
CUST00395,6,"Frequent · High-value — Atta, Rice & Dal",marketing_run_20261005T135746863
CUST00396,3,"Everyday — Atta, Rice & Dal",marketing_run_20261005T135746863
CUST00397,1,Night-time — Sweets & Chocolates,marketing_run_20261005T135746863
CUST00398,6,"Frequent · High-value — Atta, Rice & Dal",marketing_run_20261005T135746863
CUST00399,1,Night-time — Sweets & Chocolates,marketing_run_20261005T135746863
CUST00400,0,Big-basket · Premium-basket — Baby Care,marketing_run_20261005T135746863
CUST00401,6,"Frequent · High-value — Atta, Rice & Dal",marketing_run_20261005T135746863
CUST00402,2,Everyday — Gourmet & Organic,marketing_run_20261005T135746863
CUST00403,1,Night-time — Sweets & Chocolates,marketing_run_20261005T135746863
CUST00404,1,Night-time — Sweets & Chocolates,marketing_run_20261005T135746863
CUST00405,3,"Everyday — Atta, Rice & Dal",marketing_run_20261005T135746863
CUST00406,0,Big-basket · Premium-basket — Baby Care,marketing_run_20261005T135746863
CUST00407,6,"Frequent · High-value — Atta, Rice & Dal",marketing_run_20261005T135746863
CUST00408,0,Big-basket · Premium-basket — Baby Care,marketing_run_20261005T135746863
CUST00409,3,"Everyday — Atta, Rice & Dal",marketing_run_20261005T135746863
CUST00410,0,Big-basket · Premium-basket — Baby Care,marketing_run_20261005T135746863
CUST00411,4,Everyday — Health & Wellness,marketing_run_20261005T135746863
CUST00413,2,Everyday — Gourmet & Organic,marketing_run_20261005T135746863
CUST00414,0,Big-basket · Premium-basket — Baby Care,marketing_run_20261005T135746863
CUST00415,4,Everyday — Health & Wellness,marketing_run_20261005T135746863
CUST00416,3,"Everyday — Atta, Rice & Dal",marketing_run_20261005T135746863
CUST00417,4,Everyday — Health & Wellness,marketing_run_20261005T135746863
CUST00418,0,Big-basket · Premium-basket — Baby Care,marketing_run_20261005T135746863
CUST00419,1,Night-time — Sweets & Chocolates,marketing_run_20261005T135746863
CUST00420,1,Night-time — Sweets & Chocolates,marketing_run_20261005T135746863
CUST00421,3,"Everyday — Atta, Rice & Dal",marketing_run_20261005T135746863
CUST00422,5,Night-time — Instant & Frozen Food,marketing_run_20261005T135746863
CUST00423,6,"Frequent · High-value — Atta, Rice & Dal",marketing_run_20261005T135746863
CUST00424,3,"Everyday — Atta, Rice & Dal",marketing_run_20261005T135746863
CUST00425,1,Night-time — Sweets & Chocolates,marketing_run_20261005T135746863
CUST00427,6,"Frequent · High-value — Atta, Rice & Dal",marketing_run_20261005T135746863
CUST00428,0,Big-basket · Premium-basket — Baby Care,marketing_run_20261005T135746863
CUST00429,0,Big-basket · Premium-basket — Baby Care,marketing_run_20261005T135746863
CUST00430,6,"Frequent · High-value — Atta, Rice & Dal",marketing_run_20261005T135746863
CUST00431,6,"Frequent · High-value — Atta, Rice & Dal",marketing_run_20261005T135746863
CUST00432,6,"Frequent · High-value — Atta, Rice & Dal",marketing_run_20261005T135746863
CUST00433,3,"Everyday — Atta, Rice & Dal",marketing_run_20261005T135746863
CUST00434,3,"Everyday — Atta, Rice & Dal",marketing_run_20261005T135746863
CUST00435,0,Big-basket · Premium-basket — Baby Care,marketing_run_20261005T135746863
CUST00437,6,"Frequent · High-value — Atta, Rice & Dal",marketing_run_20261005T135746863
CUST00439,3,"Everyday — Atta, Rice & Dal",marketing_run_20261005T135746863
CUST00440,3,"Everyday — Atta, Rice & Dal",marketing_run_20261005T135746863
CUST00441,0,Big-basket · Premium-basket — Baby Care,marketing_run_20261005T135746863
CUST00442,3,"Everyday — Atta, Rice & Dal",marketing_run_20261005T135746863
CUST00443,0,Big-basket · Premium-basket — Baby Care,marketing_run_20261005T135746863
CUST00445,2,Everyday — Gourmet & Organic,marketing_run_20261005T135746863
CUST00446,1,Night-time — Sweets & Chocolates,marketing_run_20261005T135746863
CUST00447,3,"Everyday — Atta, Rice & Dal",marketing_run_20261005T135746863
CUST00449,1,Night-time — Sweets & Chocolates,marketing_run_20261005T135746863
CUST00450,1,Night-time — Sweets & Chocolates,marketing_run_20261005T135746863
CUST00451,2,Everyday — Gourmet & Organic,marketing_run_20261005T135746863
CUST00454,6,"Frequent · High-value — Atta, Rice & Dal",marketing_run_20261005T135746863
CUST00455,1,Night-time — Sweets & Chocolates,marketing_run_20261005T135746863
CUST00457,4,Everyday — Health & Wellness,marketing_run_20261005T135746863
CUST00458,0,Big-basket · Premium-basket — Baby Care,marketing_run_20261005T135746863
CUST00459,3,"Everyday — Atta, Rice & Dal",marketing_run_20261005T135746863
CUST00460,3,"Everyday — Atta, Rice & Dal",marketing_run_20261005T135746863
CUST00461,2,Everyday — Gourmet & Organic,marketing_run_20261005T135746863
CUST00462,6,"Frequent · High-value — Atta, Rice & Dal",marketing_run_20261005T135746863
CUST00463,1,Night-time — Sweets & Chocolates,marketing_run_20261005T135746863
CUST00465,6,"Frequent · High-value — Atta, Rice & Dal",marketing_run_20261005T135746863
CUST00466,1,Night-time — Sweets & Chocolates,marketing_run_20261005T135746863
CUST00467,6,"Frequent · High-value — Atta, Rice & Dal",marketing_run_20261005T135746863
CUST00468,1,Night-time — Sweets & Chocolates,marketing_run_20261005T135746863
CUST00469,6,"Frequent · High-value — Atta, Rice & Dal",marketing_run_20261005T135746863
CUST00470,2,Everyday — Gourmet & Organic,marketing_run_20261005T135746863
CUST00471,3,"Everyday — Atta, Rice & Dal",marketing_run_20261005T135746863
CUST00472,0,Big-basket · Premium-basket — Baby Care,marketing_run_20261005T135746863
CUST00473,2,Everyday — Gourmet & Organic,marketing_run_20261005T135746863
CUST00474,0,Big-basket · Premium-basket — Baby Care,marketing_run_20261005T135746863
CUST00475,2,Everyday — Gourmet & Organic,marketing_run_20261005T135746863
CUST00477,6,"Frequent · High-value — Atta, Rice & Dal",marketing_run_20261005T135746863
CUST00478,0,Big-basket · Premium-basket — Baby Care,marketing_run_20261005T135746863
CUST00479,0,Big-basket · Premium-basket — Baby Care,marketing_run_20261005T135746863
CUST00480,4,Everyday — Health & Wellness,marketing_run_20261005T135746863
CUST00481,3,"Everyday — Atta, Rice & Dal",marketing_run_20261005T135746863
CUST00482,6,"Frequent · High-value — Atta, Rice & Dal",marketing_run_20261005T135746863
CUST00483,3,"Everyday — Atta, Rice & Dal",marketing_run_20261005T135746863
CUST00484,6,"Frequent · High-value — Atta, Rice & Dal",marketing_run_20261005T135746863
CUST00485,6,"Frequent · High-value — Atta, Rice & Dal",marketing_run_20261005T135746863
CUST00486,6,"Frequent · High-value — Atta, Rice & Dal",marketing_run_20261005T135746863
CUST00488,3,"Everyday — Atta, Rice & Dal",marketing_run_20261005T135746863
CUST00489,2,Everyday — Gourmet & Organic,marketing_run_20261005T135746863
CUST00490,6,"Frequent · High-value — Atta, Rice & Dal",marketing_run_20261005T135746863
CUST00492,6,"Frequent · High-value — Atta, Rice & Dal",marketing_run_20261005T135746863
CUST00493,2,Everyday — Gourmet & Organic,marketing_run_20261005T135746863
CUST00494,3,"Everyday — Atta, Rice & Dal",marketing_run_20261005T135746863
CUST00495,2,Everyday — Gourmet & Organic,marketing_run_20261005T135746863
CUST00496,6,"Frequent · High-value — Atta, Rice & Dal",marketing_run_20261005T135746863
CUST00497,2,Everyday — Gourmet & Organic,marketing_run_20261005T135746863
CUST00498,6,"Frequent · High-value — Atta, Rice & Dal",marketing_run_20261005T135746863
CUST00499,6,"Frequent · High-value — Atta, Rice & Dal",marketing_run_20261005T135746863
CUST00500,2,Everyday — Gourmet & Organic,marketing_run_20261005T135746863
CUST00501,3,"Everyday — Atta, Rice & Dal",marketing_run_20261005T135746863
CUST00502,1,Night-time — Sweets & Chocolates,marketing_run_20261005T135746863
CUST00503,6,"Frequent · High-value — Atta, Rice & Dal",marketing_run_20261005T135746863
CUST00504,0,Big-basket · Premium-basket — Baby Care,marketing_run_20261005T135746863
CUST00505,6,"Frequent · High-value — Atta, Rice & Dal",marketing_run_20261005T135746863
CUST00506,0,Big-basket · Premium-basket — Baby Care,marketing_run_20261005T135746863
CUST00507,3,"Everyday — Atta, Rice & Dal",marketing_run_20261005T135746863
CUST00508,3,"Everyday — Atta, Rice & Dal",marketing_run_20261005T135746863
CUST00509,0,Big-basket · Premium-basket — Baby Care,marketing_run_20261005T135746863
CUST00511,0,Big-basket · Premium-basket — Baby Care,marketing_run_20261005T135746863
CUST00512,4,Everyday — Health & Wellness,marketing_run_20261005T135746863
CUST00513,0,Big-basket · Premium-basket — Baby Care,marketing_run_20261005T135746863
CUST00515,6,"Frequent · High-value — Atta, Rice & Dal",marketing_run_20261005T135746863
CUST00516,6,"Frequent · High-value — Atta, Rice & Dal",marketing_run_20261005T135746863
CUST00517,3,"Everyday — Atta, Rice & Dal",marketing_run_20261005T135746863
CUST00518,0,Big-basket · Premium-basket — Baby Care,marketing_run_20261005T135746863
CUST00519,6,"Frequent · High-value — Atta, Rice & Dal",marketing_run_20261005T135746863
CUST00520,2,Everyday — Gourmet & Organic,marketing_run_20261005T135746863
CUST00521,2,Everyday — Gourmet & Organic,marketing_run_20261005T135746863
CUST00524,1,Night-time — Sweets & Chocolates,marketing_run_20261005T135746863
CUST00525,0,Big-basket · Premium-basket — Baby Care,marketing_run_20261005T135746863
CUST00526,1,Night-time — Sweets & Chocolates,marketing_run_20261005T135746863
CUST00527,2,Everyday — Gourmet & Organic,marketing_run_20261005T135746863
CUST00528,6,"Frequent · High-value — Atta, Rice & Dal",marketing_run_20261005T135746863
CUST00529,2,Everyday — Gourmet & Organic,marketing_run_20261005T135746863
CUST00530,3,"Everyday — Atta, Rice & Dal",marketing_run_20261005T135746863
CUST00531,6,"Frequent · High-value — Atta, Rice & Dal",marketing_run_20261005T135746863
CUST00532,6,"Frequent · High-value — Atta, Rice & Dal",marketing_run_20261005T135746863
CUST00533,6,"Frequent · High-value — Atta, Rice & Dal",marketing_run_20261005T135746863
CUST00534,0,Big-basket · Premium-basket — Baby Care,marketing_run_20261005T135746863
CUST00535,1,Night-time — Sweets & Chocolates,marketing_run_20261005T135746863
CUST00536,1,Night-time — Sweets & Chocolates,marketing_run_20261005T135746863
CUST00537,3,"Everyday — Atta, Rice & Dal",marketing_run_20261005T135746863
CUST00538,0,Big-basket · Premium-basket — Baby Care,marketing_run_20261005T135746863
CUST00540,6,"Frequent · High-value — Atta, Rice & Dal",marketing_run_20261005T135746863
CUST00541,6,"Frequent · High-value — Atta, Rice & Dal",marketing_run_20261005T135746863
CUST00542,3,"Everyday — Atta, Rice & Dal",marketing_run_20261005T135746863
CUST00543,6,"Frequent · High-value — Atta, Rice & Dal",marketing_run_20261005T135746863
CUST00544,5,Night-time — Instant & Frozen Food,marketing_run_20261005T135746863
CUST00545,6,"Frequent · High-value — Atta, Rice & Dal",marketing_run_20261005T135746863
CUST00546,2,Everyday — Gourmet & Organic,marketing_run_20261005T135746863
CUST00547,6,"Frequent · High-value — Atta, Rice & Dal",marketing_run_20261005T135746863
CUST00548,2,Everyday — Gourmet & Organic,marketing_run_20261005T135746863
CUST00549,3,"Everyday — Atta, Rice & Dal",marketing_run_20261005T135746863
CUST00550,1,Night-time — Sweets & Chocolates,marketing_run_20261005T135746863
CUST00551,0,Big-basket · Premium-basket — Baby Care,marketing_run_20261005T135746863
CUST00552,6,"Frequent · High-value — Atta, Rice & Dal",marketing_run_20261005T135746863
CUST00553,1,Night-time — Sweets & Chocolates,marketing_run_20261005T135746863
CUST00554,1,Night-time — Sweets & Chocolates,marketing_run_20261005T135746863
CUST00556,0,Big-basket · Premium-basket — Baby Care,marketing_run_20261005T135746863
CUST00558,1,Night-time — Sweets & Chocolates,marketing_run_20261005T135746863
CUST00559,0,Big-basket · Premium-basket — Baby Care,marketing_run_20261005T135746863
CUST00560,3,"Everyday — Atta, Rice & Dal",marketing_run_20261005T135746863
CUST00561,6,"Frequent · High-value — Atta, Rice & Dal",marketing_run_20261005T135746863
CUST00562,2,Everyday — Gourmet & Organic,marketing_run_20261005T135746863
CUST00563,1,Night-time — Sweets & Chocolates,marketing_run_20261005T135746863
CUST00564,0,Big-basket · Premium-basket — Baby Care,marketing_run_20261005T135746863
CUST00565,6,"Frequent · High-value — Atta, Rice & Dal",marketing_run_20261005T135746863
CUST00566,3,"Everyday — Atta, Rice & Dal",marketing_run_20261005T135746863
CUST00567,6,"Frequent · High-value — Atta, Rice & Dal",marketing_run_20261005T135746863
CUST00568,6,"Frequent · High-value — Atta, Rice & Dal",marketing_run_20261005T135746863
CUST00569,6,"Frequent · High-value — Atta, Rice & Dal",marketing_run_20261005T135746863
CUST00570,6,"Frequent · High-value — Atta, Rice & Dal",marketing_run_20261005T135746863
CUST00571,6,"Frequent · High-value — Atta, Rice & Dal",marketing_run_20261005T135746863
CUST00572,6,"Frequent · High-value — Atta, Rice & Dal",marketing_run_20261005T135746863
CUST00573,0,Big-basket · Premium-basket — Baby Care,marketing_run_20261005T135746863
CUST00574,1,Night-time — Sweets & Chocolates,marketing_run_20261005T135746863
CUST00575,6,"Frequent · High-value — Atta, Rice & Dal",marketing_run_20261005T135746863
CUST00576,5,Night-time — Instant & Frozen Food,marketing_run_20261005T135746863
CUST00577,3,"Everyday — Atta, Rice & Dal",marketing_run_20261005T135746863
CUST00578,3,"Everyday — Atta, Rice & Dal",marketing_run_20261005T135746863
CUST00579,6,"Frequent · High-value — Atta, Rice & Dal",marketing_run_20261005T135746863
CUST00580,6,"Frequent · High-value — Atta, Rice & Dal",marketing_run_20261005T135746863
CUST00582,6,"Frequent · High-value — Atta, Rice & Dal",marketing_run_20261005T135746863
CUST00583,0,Big-basket · Premium-basket — Baby Care,marketing_run_20261005T135746863
CUST00584,0,Big-basket · Premium-basket — Baby Care,marketing_run_20261005T135746863
CUST00587,3,"Everyday — Atta, Rice & Dal",marketing_run_20261005T135746863
CUST00588,0,Big-basket · Premium-basket — Baby Care,marketing_run_20261005T135746863
CUST00589,6,"Frequent · High-value — Atta, Rice & Dal",marketing_run_20261005T135746863
CUST00590,3,"Everyday — Atta, Rice & Dal",marketing_run_20261005T135746863
CUST00591,1,Night-time — Sweets & Chocolates,marketing_run_20261005T135746863
CUST00592,0,Big-basket · Premium-basket — Baby Care,marketing_run_20261005T135746863
CUST00593,6,"Frequent · High-value — Atta, Rice & Dal",marketing_run_20261005T135746863
CUST00594,1,Night-time — Sweets & Chocolates,marketing_run_20261005T135746863
CUST00595,3,"Everyday — Atta, Rice & Dal",marketing_run_20261005T135746863
CUST00596,6,"Frequent · High-value — Atta, Rice & Dal",marketing_run_20261005T135746863
CUST00597,0,Big-basket · Premium-basket — Baby Care,marketing_run_20261005T135746863
CUST00598,1,Night-time — Sweets & Chocolates,marketing_run_20261005T135746863
CUST00599,0,Big-basket · Premium-basket — Baby Care,marketing_run_20261005T135746863
CUST00601,1,Night-time — Sweets & Chocolates,marketing_run_20261005T135746863
CUST00602,6,"Frequent · High-value — Atta, Rice & Dal",marketing_run_20261005T135746863
CUST00604,6,"Frequent · High-value — Atta, Rice & Dal",marketing_run_20261005T135746863
CUST00605,2,Everyday — Gourmet & Organic,marketing_run_20261005T135746863
CUST00606,2,Everyday — Gourmet & Organic,marketing_run_20261005T135746863
CUST00607,4,Everyday — Health & Wellness,marketing_run_20261005T135746863
CUST00608,3,"Everyday — Atta, Rice & Dal",marketing_run_20261005T135746863
CUST00609,1,Night-time — Sweets & Chocolates,marketing_run_20261005T135746863
CUST00611,0,Big-basket · Premium-basket — Baby Care,marketing_run_20261005T135746863
CUST00612,2,Everyday — Gourmet & Organic,marketing_run_20261005T135746863
CUST00613,3,"Everyday — Atta, Rice & Dal",marketing_run_20261005T135746863
CUST00614,3,"Everyday — Atta, Rice & Dal",marketing_run_20261005T135746863
CUST00615,6,"Frequent · High-value — Atta, Rice & Dal",marketing_run_20261005T135746863
CUST00616,3,"Everyday — Atta, Rice & Dal",marketing_run_20261005T135746863
CUST00617,3,"Everyday — Atta, Rice & Dal",marketing_run_20261005T135746863
CUST00618,4,Everyday — Health & Wellness,marketing_run_20261005T135746863
CUST00619,6,"Frequent · High-value — Atta, Rice & Dal",marketing_run_20261005T135746863
CUST00620,0,Big-basket · Premium-basket — Baby Care,marketing_run_20261005T135746863
CUST00621,6,"Frequent · High-value — Atta, Rice & Dal",marketing_run_20261005T135746863
CUST00622,6,"Frequent · High-value — Atta, Rice & Dal",marketing_run_20261005T135746863
CUST00623,6,"Frequent · High-value — Atta, Rice & Dal",marketing_run_20261005T135746863
CUST00624,2,Everyday — Gourmet & Organic,marketing_run_20261005T135746863
CUST00626,0,Big-basket · Premium-basket — Baby Care,marketing_run_20261005T135746863
CUST00627,2,Everyday — Gourmet & Organic,marketing_run_20261005T135746863
CUST00628,3,"Everyday — Atta, Rice & Dal",marketing_run_20261005T135746863
CUST00629,3,"Everyday — Atta, Rice & Dal",marketing_run_20261005T135746863
CUST00630,1,Night-time — Sweets & Chocolates,marketing_run_20261005T135746863
CUST00631,6,"Frequent · High-value — Atta, Rice & Dal",marketing_run_20261005T135746863
CUST00632,1,Night-time — Sweets & Chocolates,marketing_run_20261005T135746863
CUST00634,4,Everyday — Health & Wellness,marketing_run_20261005T135746863
CUST00635,1,Night-time — Sweets & Chocolates,marketing_run_20261005T135746863
CUST00636,1,Night-time — Sweets & Chocolates,marketing_run_20261005T135746863
CUST00637,2,Everyday — Gourmet & Organic,marketing_run_20261005T135746863
CUST00638,4,Everyday — Health & Wellness,marketing_run_20261005T135746863
CUST00639,6,"Frequent · High-value — Atta, Rice & Dal",marketing_run_20261005T135746863
CUST00641,1,Night-time — Sweets & Chocolates,marketing_run_20261005T135746863
CUST00642,4,Everyday — Health & Wellness,marketing_run_20261005T135746863
CUST00643,6,"Frequent · High-value — Atta, Rice & Dal",marketing_run_20261005T135746863
CUST00645,4,Everyday — Health & Wellness,marketing_run_20261005T135746863
CUST00646,6,"Frequent · High-value — Atta, Rice & Dal",marketing_run_20261005T135746863
CUST00647,1,Night-time — Sweets & Chocolates,marketing_run_20261005T135746863
CUST00648,3,"Everyday — Atta, Rice & Dal",marketing_run_20261005T135746863
CUST00649,1,Night-time — Sweets & Chocolates,marketing_run_20261005T135746863
CUST00650,1,Night-time — Sweets & Chocolates,marketing_run_20261005T135746863
CUST00651,6,"Frequent · High-value — Atta, Rice & Dal",marketing_run_20261005T135746863
CUST00652,6,"Frequent · High-value — Atta, Rice & Dal",marketing_run_20261005T135746863
CUST00653,6,"Frequent · High-value — Atta, Rice & Dal",marketing_run_20261005T135746863
CUST00654,4,Everyday — Health & Wellness,marketing_run_20261005T135746863
CUST00656,6,"Frequent · High-value — Atta, Rice & Dal",marketing_run_20261005T135746863
CUST00657,6,"Frequent · High-value — Atta, Rice & Dal",marketing_run_20261005T135746863
CUST00658,6,"Frequent · High-value — Atta, Rice & Dal",marketing_run_20261005T135746863
CUST00659,0,Big-basket · Premium-basket — Baby Care,marketing_run_20261005T135746863
CUST00660,3,"Everyday — Atta, Rice & Dal",marketing_run_20261005T135746863
CUST00661,5,Night-time — Instant & Frozen Food,marketing_run_20261005T135746863
CUST00663,2,Everyday — Gourmet & Organic,marketing_run_20261005T135746863
CUST00664,1,Night-time — Sweets & Chocolates,marketing_run_20261005T135746863
CUST00665,6,"Frequent · High-value — Atta, Rice & Dal",marketing_run_20261005T135746863
CUST00666,3,"Everyday — Atta, Rice & Dal",marketing_run_20261005T135746863
CUST00667,6,"Frequent · High-value — Atta, Rice & Dal",marketing_run_20261005T135746863
CUST00668,1,Night-time — Sweets & Chocolates,marketing_run_20261005T135746863
CUST00669,6,"Frequent · High-value — Atta, Rice & Dal",marketing_run_20261005T135746863
CUST00670,6,"Frequent · High-value — Atta, Rice & Dal",marketing_run_20261005T135746863
CUST00671,6,"Frequent · High-value — Atta, Rice & Dal",marketing_run_20261005T135746863
CUST00672,0,Big-basket · Premium-basket — Baby Care,marketing_run_20261005T135746863
CUST00673,2,Everyday — Gourmet & Organic,marketing_run_20261005T135746863
CUST00674,4,Everyday — Health & Wellness,marketing_run_20261005T135746863
CUST00675,0,Big-basket · Premium-basket — Baby Care,marketing_run_20261005T135746863
CUST00676,1,Night-time — Sweets & Chocolates,marketing_run_20261005T135746863
CUST00677,6,"Frequent · High-value — Atta, Rice & Dal",marketing_run_20261005T135746863
CUST00678,6,"Frequent · High-value — Atta, Rice & Dal",marketing_run_20261005T135746863
CUST00680,4,Everyday — Health & Wellness,marketing_run_20261005T135746863
CUST00681,3,"Everyday — Atta, Rice & Dal",marketing_run_20261005T135746863
CUST00683,6,"Frequent · High-value — Atta, Rice & Dal",marketing_run_20261005T135746863
CUST00684,1,Night-time — Sweets & Chocolates,marketing_run_20261005T135746863
CUST00685,3,"Everyday — Atta, Rice & Dal",marketing_run_20261005T135746863
CUST00686,6,"Frequent · High-value — Atta, Rice & Dal",marketing_run_20261005T135746863
CUST00687,3,"Everyday — Atta, Rice & Dal",marketing_run_20261005T135746863
CUST00688,0,Big-basket · Premium-basket — Baby Care,marketing_run_20261005T135746863
CUST00689,3,"Everyday — Atta, Rice & Dal",marketing_run_20261005T135746863
CUST00690,1,Night-time — Sweets & Chocolates,marketing_run_20261005T135746863
CUST00691,2,Everyday — Gourmet & Organic,marketing_run_20261005T135746863
CUST00692,0,Big-basket · Premium-basket — Baby Care,marketing_run_20261005T135746863
CUST00693,0,Big-basket · Premium-basket — Baby Care,marketing_run_20261005T135746863
CUST00695,4,Everyday — Health & Wellness,marketing_run_20261005T135746863
CUST00697,0,Big-basket · Premium-basket — Baby Care,marketing_run_20261005T135746863
CUST00698,6,"Frequent · High-value — Atta, Rice & Dal",marketing_run_20261005T135746863
CUST00699,6,"Frequent · High-value — Atta, Rice & Dal",marketing_run_20261005T135746863
CUST00700,3,"Everyday — Atta, Rice & Dal",marketing_run_20261005T135746863
CUST00701,3,"Everyday — Atta, Rice & Dal",marketing_run_20261005T135746863
CUST00702,3,"Everyday — Atta, Rice & Dal",marketing_run_20261005T135746863
CUST00703,2,Everyday — Gourmet & Organic,marketing_run_20261005T135746863
CUST00705,3,"Everyday — Atta, Rice & Dal",marketing_run_20261005T135746863
CUST00706,2,Everyday — Gourmet & Organic,marketing_run_20261005T135746863
CUST00708,6,"Frequent · High-value — Atta, Rice & Dal",marketing_run_20261005T135746863
CUST00710,3,"Everyday — Atta, Rice & Dal",marketing_run_20261005T135746863
CUST00711,2,Everyday — Gourmet & Organic,marketing_run_20261005T135746863
CUST00712,2,Everyday — Gourmet & Organic,marketing_run_20261005T135746863
CUST00713,6,"Frequent · High-value — Atta, Rice & Dal",marketing_run_20261005T135746863
CUST00714,6,"Frequent · High-value — Atta, Rice & Dal",marketing_run_20261005T135746863
CUST00715,0,Big-basket · Premium-basket — Baby Care,marketing_run_20261005T135746863
CUST00716,6,"Frequent · High-value — Atta, Rice & Dal",marketing_run_20261005T135746863
CUST00717,0,Big-basket · Premium-basket — Baby Care,marketing_run_20261005T135746863
CUST00718,0,Big-basket · Premium-basket — Baby Care,marketing_run_20261005T135746863
CUST00719,4,Everyday — Health & Wellness,marketing_run_20261005T135746863
CUST00720,3,"Everyday — Atta, Rice & Dal",marketing_run_20261005T135746863
CUST00721,6,"Frequent · High-value — Atta, Rice & Dal",marketing_run_20261005T135746863
CUST00722,0,Big-basket · Premium-basket — Baby Care,marketing_run_20261005T135746863
CUST00723,0,Big-basket · Premium-basket — Baby Care,marketing_run_20261005T135746863
CUST00724,3,"Everyday — Atta, Rice & Dal",marketing_run_20261005T135746863
CUST00725,0,Big-basket · Premium-basket — Baby Care,marketing_run_20261005T135746863
CUST00726,6,"Frequent · High-value — Atta, Rice & Dal",marketing_run_20261005T135746863
CUST00727,0,Big-basket · Premium-basket — Baby Care,marketing_run_20261005T135746863
CUST00728,6,"Frequent · High-value — Atta, Rice & Dal",marketing_run_20261005T135746863
CUST00729,4,Everyday — Health & Wellness,marketing_run_20261005T135746863
CUST00730,4,Everyday — Health & Wellness,marketing_run_20261005T135746863
CUST00731,1,Night-time — Sweets & Chocolates,marketing_run_20261005T135746863
CUST00732,3,"Everyday — Atta, Rice & Dal",marketing_run_20261005T135746863
CUST00733,6,"Frequent · High-value — Atta, Rice & Dal",marketing_run_20261005T135746863
CUST00735,1,Night-time — Sweets & Chocolates,marketing_run_20261005T135746863
CUST00737,3,"Everyday — Atta, Rice & Dal",marketing_run_20261005T135746863
CUST00738,1,Night-time — Sweets & Chocolates,marketing_run_20261005T135746863
CUST00739,2,Everyday — Gourmet & Organic,marketing_run_20261005T135746863
CUST00740,3,"Everyday — Atta, Rice & Dal",marketing_run_20261005T135746863
CUST00741,0,Big-basket · Premium-basket — Baby Care,marketing_run_20261005T135746863
CUST00742,3,"Everyday — Atta, Rice & Dal",marketing_run_20261005T135746863
CUST00743,6,"Frequent · High-value — Atta, Rice & Dal",marketing_run_20261005T135746863
CUST00745,0,Big-basket · Premium-basket — Baby Care,marketing_run_20261005T135746863
CUST00746,0,Big-basket · Premium-basket — Baby Care,marketing_run_20261005T135746863
CUST00747,5,Night-time — Instant & Frozen Food,marketing_run_20261005T135746863
CUST00748,1,Night-time — Sweets & Chocolates,marketing_run_20261005T135746863
CUST00749,0,Big-basket · Premium-basket — Baby Care,marketing_run_20261005T135746863
CUST00750,1,Night-time — Sweets & Chocolates,marketing_run_20261005T135746863
CUST00751,3,"Everyday — Atta, Rice & Dal",marketing_run_20261005T135746863
CUST00752,1,Night-time — Sweets & Chocolates,marketing_run_20261005T135746863
CUST00753,1,Night-time — Sweets & Chocolates,marketing_run_20261005T135746863
CUST00754,3,"Everyday — Atta, Rice & Dal",marketing_run_20261005T135746863
CUST00755,3,"Everyday — Atta, Rice & Dal",marketing_run_20261005T135746863
CUST00757,2,Everyday — Gourmet & Organic,marketing_run_20261005T135746863
CUST00758,6,"Frequent · High-value — Atta, Rice & Dal",marketing_run_20261005T135746863
CUST00759,0,Big-basket · Premium-basket — Baby Care,marketing_run_20261005T135746863
CUST00760,5,Night-time — Instant & Frozen Food,marketing_run_20261005T135746863
CUST00762,6,"Frequent · High-value — Atta, Rice & Dal",marketing_run_20261005T135746863
CUST00763,2,Everyday — Gourmet & Organic,marketing_run_20261005T135746863
CUST00764,2,Everyday — Gourmet & Organic,marketing_run_20261005T135746863
CUST00766,2,Everyday — Gourmet & Organic,marketing_run_20261005T135746863
CUST00767,6,"Frequent · High-value — Atta, Rice & Dal",marketing_run_20261005T135746863
CUST00768,2,Everyday — Gourmet & Organic,marketing_run_20261005T135746863
CUST00769,2,Everyday — Gourmet & Organic,marketing_run_20261005T135746863
CUST00770,6,"Frequent · High-value — Atta, Rice & Dal",marketing_run_20261005T135746863
CUST00771,6,"Frequent · High-value — Atta, Rice & Dal",marketing_run_20261005T135746863
CUST00772,6,"Frequent · High-value — Atta, Rice & Dal",marketing_run_20261005T135746863
CUST00773,6,"Frequent · High-value — Atta, Rice & Dal",marketing_run_20261005T135746863
CUST00774,6,"Frequent · High-value — Atta, Rice & Dal",marketing_run_20261005T135746863
CUST00775,6,"Frequent · High-value — Atta, Rice & Dal",marketing_run_20261005T135746863
CUST00776,4,Everyday — Health & Wellness,marketing_run_20261005T135746863
CUST00777,3,"Everyday — Atta, Rice & Dal",marketing_run_20261005T135746863
CUST00778,1,Night-time — Sweets & Chocolates,marketing_run_20261005T135746863
CUST00779,4,Everyday — Health & Wellness,marketing_run_20261005T135746863
CUST00780,6,"Frequent · High-value — Atta, Rice & Dal",marketing_run_20261005T135746863
CUST00781,4,Everyday — Health & Wellness,marketing_run_20261005T135746863
CUST00782,6,"Frequent · High-value — Atta, Rice & Dal",marketing_run_20261005T135746863
CUST00783,6,"Frequent · High-value — Atta, Rice & Dal",marketing_run_20261005T135746863
CUST00784,3,"Everyday — Atta, Rice & Dal",marketing_run_20261005T135746863
CUST00785,0,Big-basket · Premium-basket — Baby Care,marketing_run_20261005T135746863
CUST00786,6,"Frequent · High-value — Atta, Rice & Dal",marketing_run_20261005T135746863
CUST00787,6,"Frequent · High-value — Atta, Rice & Dal",marketing_run_20261005T135746863
CUST00788,3,"Everyday — Atta, Rice & Dal",marketing_run_20261005T135746863
CUST00789,4,Everyday — Health & Wellness,marketing_run_20261005T135746863
CUST00790,6,"Frequent · High-value — Atta, Rice & Dal",marketing_run_20261005T135746863
CUST00791,1,Night-time — Sweets & Chocolates,marketing_run_20261005T135746863
CUST00792,2,Everyday — Gourmet & Organic,marketing_run_20261005T135746863
CUST00793,2,Everyday — Gourmet & Organic,marketing_run_20261005T135746863
CUST00794,6,"Frequent · High-value — Atta, Rice & Dal",marketing_run_20261005T135746863
CUST00795,6,"Frequent · High-value — Atta, Rice & Dal",marketing_run_20261005T135746863
CUST00796,0,Big-basket · Premium-basket — Baby Care,marketing_run_20261005T135746863
CUST00797,3,"Everyday — Atta, Rice & Dal",marketing_run_20261005T135746863
CUST00798,2,Everyday — Gourmet & Organic,marketing_run_20261005T135746863
CUST00799,1,Night-time — Sweets & Chocolates,marketing_run_20261005T135746863
CUST00800,3,"Everyday — Atta, Rice & Dal",marketing_run_20261005T135746863
CUST00801,6,"Frequent · High-value — Atta, Rice & Dal",marketing_run_20261005T135746863
CUST00802,2,Everyday — Gourmet & Organic,marketing_run_20261005T135746863
CUST00803,3,"Everyday — Atta, Rice & Dal",marketing_run_20261005T135746863
CUST00804,6,"Frequent · High-value — Atta, Rice & Dal",marketing_run_20261005T135746863
CUST00806,3,"Everyday — Atta, Rice & Dal",marketing_run_20261005T135746863
CUST00807,4,Everyday — Health & Wellness,marketing_run_20261005T135746863
CUST00808,3,"Everyday — Atta, Rice & Dal",marketing_run_20261005T135746863
CUST00809,0,Big-basket · Premium-basket — Baby Care,marketing_run_20261005T135746863
CUST00810,1,Night-time — Sweets & Chocolates,marketing_run_20261005T135746863
CUST00811,4,Everyday — Health & Wellness,marketing_run_20261005T135746863
CUST00812,1,Night-time — Sweets & Chocolates,marketing_run_20261005T135746863
CUST00813,4,Everyday — Health & Wellness,marketing_run_20261005T135746863
CUST00814,5,Night-time — Instant & Frozen Food,marketing_run_20261005T135746863
CUST00815,6,"Frequent · High-value — Atta, Rice & Dal",marketing_run_20261005T135746863
CUST00816,0,Big-basket · Premium-basket — Baby Care,marketing_run_20261005T135746863
CUST00818,3,"Everyday — Atta, Rice & Dal",marketing_run_20261005T135746863
CUST00819,1,Night-time — Sweets & Chocolates,marketing_run_20261005T135746863
CUST00820,1,Night-time — Sweets & Chocolates,marketing_run_20261005T135746863
CUST00822,6,"Frequent · High-value — Atta, Rice & Dal",marketing_run_20261005T135746863
CUST00823,1,Night-time — Sweets & Chocolates,marketing_run_20261005T135746863
CUST00824,2,Everyday — Gourmet & Organic,marketing_run_20261005T135746863
CUST00825,6,"Frequent · High-value — Atta, Rice & Dal",marketing_run_20261005T135746863
CUST00826,6,"Frequent · High-value — Atta, Rice & Dal",marketing_run_20261005T135746863
CUST00827,6,"Frequent · High-value — Atta, Rice & Dal",marketing_run_20261005T135746863
CUST00828,3,"Everyday — Atta, Rice & Dal",marketing_run_20261005T135746863
CUST00829,0,Big-basket · Premium-basket — Baby Care,marketing_run_20261005T135746863
CUST00830,6,"Frequent · High-value — Atta, Rice & Dal",marketing_run_20261005T135746863
CUST00831,4,Everyday — Health & Wellness,marketing_run_20261005T135746863
CUST00832,1,Night-time — Sweets & Chocolates,marketing_run_20261005T135746863
CUST00833,1,Night-time — Sweets & Chocolates,marketing_run_20261005T135746863
CUST00834,3,"Everyday — Atta, Rice & Dal",marketing_run_20261005T135746863
CUST00835,3,"Everyday — Atta, Rice & Dal",marketing_run_20261005T135746863
CUST00836,4,Everyday — Health & Wellness,marketing_run_20261005T135746863
CUST00837,2,Everyday — Gourmet & Organic,marketing_run_20261005T135746863
CUST00838,2,Everyday — Gourmet & Organic,marketing_run_20261005T135746863
CUST00839,3,"Everyday — Atta, Rice & Dal",marketing_run_20261005T135746863
CUST00840,3,"Everyday — Atta, Rice & Dal",marketing_run_20261005T135746863
CUST00842,6,"Frequent · High-value — Atta, Rice & Dal",marketing_run_20261005T135746863
CUST00843,6,"Frequent · High-value — Atta, Rice & Dal",marketing_run_20261005T135746863
CUST00844,4,Everyday — Health & Wellness,marketing_run_20261005T135746863
CUST00845,3,"Everyday — Atta, Rice & Dal",marketing_run_20261005T135746863
CUST00847,6,"Frequent · High-value — Atta, Rice & Dal",marketing_run_20261005T135746863
CUST00848,6,"Frequent · High-value — Atta, Rice & Dal",marketing_run_20261005T135746863
CUST00849,1,Night-time — Sweets & Chocolates,marketing_run_20261005T135746863
CUST00850,6,"Frequent · High-value — Atta, Rice & Dal",marketing_run_20261005T135746863
CUST00851,0,Big-basket · Premium-basket — Baby Care,marketing_run_20261005T135746863
CUST00852,5,Night-time — Instant & Frozen Food,marketing_run_20261005T135746863
CUST00853,6,"Frequent · High-value — Atta, Rice & Dal",marketing_run_20261005T135746863
CUST00854,2,Everyday — Gourmet & Organic,marketing_run_20261005T135746863
CUST00855,1,Night-time — Sweets & Chocolates,marketing_run_20261005T135746863
CUST00856,1,Night-time — Sweets & Chocolates,marketing_run_20261005T135746863
CUST00857,0,Big-basket · Premium-basket — Baby Care,marketing_run_20261005T135746863
CUST00858,6,"Frequent · High-value — Atta, Rice & Dal",marketing_run_20261005T135746863
CUST00859,1,Night-time — Sweets & Chocolates,marketing_run_20261005T135746863
CUST00860,0,Big-basket · Premium-basket — Baby Care,marketing_run_20261005T135746863
CUST00861,1,Night-time — Sweets & Chocolates,marketing_run_20261005T135746863
CUST00862,6,"Frequent · High-value — Atta, Rice & Dal",marketing_run_20261005T135746863
CUST00863,2,Everyday — Gourmet & Organic,marketing_run_20261005T135746863
CUST00864,6,"Frequent · High-value — Atta, Rice & Dal",marketing_run_20261005T135746863
CUST00865,1,Night-time — Sweets & Chocolates,marketing_run_20261005T135746863
CUST00866,0,Big-basket · Premium-basket — Baby Care,marketing_run_20261005T135746863
CUST00867,0,Big-basket · Premium-basket — Baby Care,marketing_run_20261005T135746863
CUST00868,0,Big-basket · Premium-basket — Baby Care,marketing_run_20261005T135746863
CUST00869,0,Big-basket · Premium-basket — Baby Care,marketing_run_20261005T135746863
CUST00870,2,Everyday — Gourmet & Organic,marketing_run_20261005T135746863
CUST00872,0,Big-basket · Premium-basket — Baby Care,marketing_run_20261005T135746863
CUST00873,3,"Everyday — Atta, Rice & Dal",marketing_run_20261005T135746863
CUST00874,6,"Frequent · High-value — Atta, Rice & Dal",marketing_run_20261005T135746863
CUST00875,6,"Frequent · High-value — Atta, Rice & Dal",marketing_run_20261005T135746863
CUST00876,6,"Frequent · High-value — Atta, Rice & Dal",marketing_run_20261005T135746863
CUST00877,1,Night-time — Sweets & Chocolates,marketing_run_20261005T135746863
CUST00878,3,"Everyday — Atta, Rice & Dal",marketing_run_20261005T135746863
CUST00880,4,Everyday — Health & Wellness,marketing_run_20261005T135746863
CUST00881,0,Big-basket · Premium-basket — Baby Care,marketing_run_20261005T135746863
CUST00883,6,"Frequent · High-value — Atta, Rice & Dal",marketing_run_20261005T135746863
CUST00884,2,Everyday — Gourmet & Organic,marketing_run_20261005T135746863
CUST00885,6,"Frequent · High-value — Atta, Rice & Dal",marketing_run_20261005T135746863
CUST00887,6,"Frequent · High-value — Atta, Rice & Dal",marketing_run_20261005T135746863
CUST00888,0,Big-basket · Premium-basket — Baby Care,marketing_run_20261005T135746863
CUST00889,2,Everyday — Gourmet & Organic,marketing_run_20261005T135746863
CUST00890,6,"Frequent · High-value — Atta, Rice & Dal",marketing_run_20261005T135746863
CUST00891,6,"Frequent · High-value — Atta, Rice & Dal",marketing_run_20261005T135746863
CUST00893,6,"Frequent · High-value — Atta, Rice & Dal",marketing_run_20261005T135746863
CUST00894,6,"Frequent · High-value — Atta, Rice & Dal",marketing_run_20261005T135746863
CUST00895,3,"Everyday — Atta, Rice & Dal",marketing_run_20261005T135746863
CUST00896,0,Big-basket · Premium-basket — Baby Care,marketing_run_20261005T135746863
CUST00897,0,Big-basket · Premium-basket — Baby Care,marketing_run_20261005T135746863
CUST00898,3,"Everyday — Atta, Rice & Dal",marketing_run_20261005T135746863
CUST00899,2,Everyday — Gourmet & Organic,marketing_run_20261005T135746863
CUST00900,0,Big-basket · Premium-basket — Baby Care,marketing_run_20261005T135746863
CUST00901,4,Everyday — Health & Wellness,marketing_run_20261005T135746863
CUST00902,6,"Frequent · High-value — Atta, Rice & Dal",marketing_run_20261005T135746863
CUST00903,3,"Everyday — Atta, Rice & Dal",marketing_run_20261005T135746863
CUST00904,0,Big-basket · Premium-basket — Baby Care,marketing_run_20261005T135746863
CUST00905,2,Everyday — Gourmet & Organic,marketing_run_20261005T135746863
CUST00906,2,Everyday — Gourmet & Organic,marketing_run_20261005T135746863
CUST00907,0,Big-basket · Premium-basket — Baby Care,marketing_run_20261005T135746863
CUST00909,2,Everyday — Gourmet & Organic,marketing_run_20261005T135746863
CUST00911,1,Night-time — Sweets & Chocolates,marketing_run_20261005T135746863
CUST00912,2,Everyday — Gourmet & Organic,marketing_run_20261005T135746863
CUST00913,1,Night-time — Sweets & Chocolates,marketing_run_20261005T135746863
CUST00914,1,Night-time — Sweets & Chocolates,marketing_run_20261005T135746863
CUST00915,6,"Frequent · High-value — Atta, Rice & Dal",marketing_run_20261005T135746863
CUST00916,0,Big-basket · Premium-basket — Baby Care,marketing_run_20261005T135746863
CUST00917,6,"Frequent · High-value — Atta, Rice & Dal",marketing_run_20261005T135746863
CUST00918,3,"Everyday — Atta, Rice & Dal",marketing_run_20261005T135746863
CUST00919,6,"Frequent · High-value — Atta, Rice & Dal",marketing_run_20261005T135746863
CUST00920,3,"Everyday — Atta, Rice & Dal",marketing_run_20261005T135746863
CUST00921,2,Everyday — Gourmet & Organic,marketing_run_20261005T135746863
CUST00922,0,Big-basket · Premium-basket — Baby Care,marketing_run_20261005T135746863
CUST00923,6,"Frequent · High-value — Atta, Rice & Dal",marketing_run_20261005T135746863
CUST00924,6,"Frequent · High-value — Atta, Rice & Dal",marketing_run_20261005T135746863
CUST00925,6,"Frequent · High-value — Atta, Rice & Dal",marketing_run_20261005T135746863
CUST00926,0,Big-basket · Premium-basket — Baby Care,marketing_run_20261005T135746863
CUST00928,0,Big-basket · Premium-basket — Baby Care,marketing_run_20261005T135746863
CUST00930,0,Big-basket · Premium-basket — Baby Care,marketing_run_20261005T135746863
CUST00931,6,"Frequent · High-value — Atta, Rice & Dal",marketing_run_20261005T135746863
CUST00932,6,"Frequent · High-value — Atta, Rice & Dal",marketing_run_20261005T135746863
CUST00933,3,"Everyday — Atta, Rice & Dal",marketing_run_20261005T135746863
CUST00934,1,Night-time — Sweets & Chocolates,marketing_run_20261005T135746863
CUST00935,3,"Everyday — Atta, Rice & Dal",marketing_run_20261005T135746863
CUST00937,1,Night-time — Sweets & Chocolates,marketing_run_20261005T135746863
CUST00938,6,"Frequent · High-value — Atta, Rice & Dal",marketing_run_20261005T135746863
CUST00939,1,Night-time — Sweets & Chocolates,marketing_run_20261005T135746863
CUST00940,6,"Frequent · High-value — Atta, Rice & Dal",marketing_run_20261005T135746863
CUST00941,1,Night-time — Sweets & Chocolates,marketing_run_20261005T135746863
CUST00942,6,"Frequent · High-value — Atta, Rice & Dal",marketing_run_20261005T135746863
CUST00943,1,Night-time — Sweets & Chocolates,marketing_run_20261005T135746863
CUST00944,2,Everyday — Gourmet & Organic,marketing_run_20261005T135746863
CUST00945,6,"Frequent · High-value — Atta, Rice & Dal",marketing_run_20261005T135746863
CUST00946,4,Everyday — Health & Wellness,marketing_run_20261005T135746863
CUST00947,2,Everyday — Gourmet & Organic,marketing_run_20261005T135746863
CUST00948,6,"Frequent · High-value — Atta, Rice & Dal",marketing_run_20261005T135746863
CUST00949,1,Night-time — Sweets & Chocolates,marketing_run_20261005T135746863
CUST00950,6,"Frequent · High-value — Atta, Rice & Dal",marketing_run_20261005T135746863
CUST00951,4,Everyday — Health & Wellness,marketing_run_20261005T135746863
CUST00952,0,Big-basket · Premium-basket — Baby Care,marketing_run_20261005T135746863
CUST00953,2,Everyday — Gourmet & Organic,marketing_run_20261005T135746863
CUST00954,0,Big-basket · Premium-basket — Baby Care,marketing_run_20261005T135746863
CUST00955,1,Night-time — Sweets & Chocolates,marketing_run_20261005T135746863
CUST00956,1,Night-time — Sweets & Chocolates,marketing_run_20261005T135746863
CUST00957,6,"Frequent · High-value — Atta, Rice & Dal",marketing_run_20261005T135746863
CUST00958,2,Everyday — Gourmet & Organic,marketing_run_20261005T135746863
CUST00959,1,Night-time — Sweets & Chocolates,marketing_run_20261005T135746863
CUST00960,2,Everyday — Gourmet & Organic,marketing_run_20261005T135746863
CUST00961,0,Big-basket · Premium-basket — Baby Care,marketing_run_20261005T135746863
CUST00962,3,"Everyday — Atta, Rice & Dal",marketing_run_20261005T135746863
CUST00963,6,"Frequent · High-value — Atta, Rice & Dal",marketing_run_20261005T135746863
CUST00964,3,"Everyday — Atta, Rice & Dal",marketing_run_20261005T135746863
CUST00965,3,"Everyday — Atta, Rice & Dal",marketing_run_20261005T135746863
CUST00968,2,Everyday — Gourmet & Organic,marketing_run_20261005T135746863
CUST00969,1,Night-time — Sweets & Chocolates,marketing_run_20261005T135746863
CUST00970,6,"Frequent · High-value — Atta, Rice & Dal",marketing_run_20261005T135746863
CUST00971,6,"Frequent · High-value — Atta, Rice & Dal",marketing_run_20261005T135746863
CUST00972,6,"Frequent · High-value — Atta, Rice & Dal",marketing_run_20261005T135746863
CUST00973,1,Night-time — Sweets & Chocolates,marketing_run_20261005T135746863
CUST00974,0,Big-basket · Premium-basket — Baby Care,marketing_run_20261005T135746863
CUST00975,3,"Everyday — Atta, Rice & Dal",marketing_run_20261005T135746863
CUST00976,4,Everyday — Health & Wellness,marketing_run_20261005T135746863
CUST00977,6,"Frequent · High-value — Atta, Rice & Dal",marketing_run_20261005T135746863
CUST00978,0,Big-basket · Premium-basket — Baby Care,marketing_run_20261005T135746863
CUST00979,3,"Everyday — Atta, Rice & Dal",marketing_run_20261005T135746863
CUST00980,3,"Everyday — Atta, Rice & Dal",marketing_run_20261005T135746863
CUST00981,6,"Frequent · High-value — Atta, Rice & Dal",marketing_run_20261005T135746863
CUST00982,6,"Frequent · High-value — Atta, Rice & Dal",marketing_run_20261005T135746863
CUST00983,1,Night-time — Sweets & Chocolates,marketing_run_20261005T135746863
CUST00984,0,Big-basket · Premium-basket — Baby Care,marketing_run_20261005T135746863
CUST00987,1,Night-time — Sweets & Chocolates,marketing_run_20261005T135746863
CUST00988,0,Big-basket · Premium-basket — Baby Care,marketing_run_20261005T135746863
CUST00989,6,"Frequent · High-value — Atta, Rice & Dal",marketing_run_20261005T135746863
CUST00990,1,Night-time — Sweets & Chocolates,marketing_run_20261005T135746863
CUST00991,3,"Everyday — Atta, Rice & Dal",marketing_run_20261005T135746863
CUST00992,6,"Frequent · High-value — Atta, Rice & Dal",marketing_run_20261005T135746863
CUST00993,2,Everyday — Gourmet & Organic,marketing_run_20261005T135746863
CUST00994,6,"Frequent · High-value — Atta, Rice & Dal",marketing_run_20261005T135746863
CUST00995,3,"Everyday — Atta, Rice & Dal",marketing_run_20261005T135746863
CUST00996,6,"Frequent · High-value — Atta, Rice & Dal",marketing_run_20261005T135746863
CUST00997,4,Everyday — Health & Wellness,marketing_run_20261005T135746863
CUST00998,5,Night-time — Instant & Frozen Food,marketing_run_20261005T135746863
CUST00999,0,Big-basket · Premium-basket — Baby Care,marketing_run_20261005T135746863
CUST01000,3,"Everyday — Atta, Rice & Dal",marketing_run_20261005T135746863
CUST01001,3,"Everyday — Atta, Rice & Dal",marketing_run_20261005T135746863
CUST01002,6,"Frequent · High-value — Atta, Rice & Dal",marketing_run_20261005T135746863
CUST01003,0,Big-basket · Premium-basket — Baby Care,marketing_run_20261005T135746863
CUST01004,1,Night-time — Sweets & Chocolates,marketing_run_20261005T135746863
CUST01005,3,"Everyday — Atta, Rice & Dal",marketing_run_20261005T135746863
CUST01008,1,Night-time — Sweets & Chocolates,marketing_run_20261005T135746863
CUST01011,0,Big-basket · Premium-basket — Baby Care,marketing_run_20261005T135746863
CUST01012,2,Everyday — Gourmet & Organic,marketing_run_20261005T135746863
CUST01013,1,Night-time — Sweets & Chocolates,marketing_run_20261005T135746863
CUST01014,6,"Frequent · High-value — Atta, Rice & Dal",marketing_run_20261005T135746863
CUST01017,6,"Frequent · High-value — Atta, Rice & Dal",marketing_run_20261005T135746863
CUST01018,4,Everyday — Health & Wellness,marketing_run_20261005T135746863
CUST01019,4,Everyday — Health & Wellness,marketing_run_20261005T135746863
CUST01020,6,"Frequent · High-value — Atta, Rice & Dal",marketing_run_20261005T135746863
CUST01021,6,"Frequent · High-value — Atta, Rice & Dal",marketing_run_20261005T135746863
CUST01022,1,Night-time — Sweets & Chocolates,marketing_run_20261005T135746863
CUST01023,3,"Everyday — Atta, Rice & Dal",marketing_run_20261005T135746863
CUST01024,3,"Everyday — Atta, Rice & Dal",marketing_run_20261005T135746863
CUST01025,0,Big-basket · Premium-basket — Baby Care,marketing_run_20261005T135746863
CUST01027,2,Everyday — Gourmet & Organic,marketing_run_20261005T135746863
CUST01028,0,Big-basket · Premium-basket — Baby Care,marketing_run_20261005T135746863
CUST01029,0,Big-basket · Premium-basket — Baby Care,marketing_run_20261005T135746863
CUST01030,2,Everyday — Gourmet & Organic,marketing_run_20261005T135746863
CUST01031,3,"Everyday — Atta, Rice & Dal",marketing_run_20261005T135746863
CUST01032,2,Everyday — Gourmet & Organic,marketing_run_20261005T135746863
CUST01033,0,Big-basket · Premium-basket — Baby Care,marketing_run_20261005T135746863
CUST01034,0,Big-basket · Premium-basket — Baby Care,marketing_run_20261005T135746863
CUST01035,3,"Everyday — Atta, Rice & Dal",marketing_run_20261005T135746863
CUST01036,0,Big-basket · Premium-basket — Baby Care,marketing_run_20261005T135746863
CUST01037,1,Night-time — Sweets & Chocolates,marketing_run_20261005T135746863
CUST01038,6,"Frequent · High-value — Atta, Rice & Dal",marketing_run_20261005T135746863
CUST01039,4,Everyday — Health & Wellness,marketing_run_20261005T135746863
CUST01040,1,Night-time — Sweets & Chocolates,marketing_run_20261005T135746863
CUST01041,2,Everyday — Gourmet & Organic,marketing_run_20261005T135746863
CUST01042,1,Night-time — Sweets & Chocolates,marketing_run_20261005T135746863
CUST01043,3,"Everyday — Atta, Rice & Dal",marketing_run_20261005T135746863
CUST01044,2,Everyday — Gourmet & Organic,marketing_run_20261005T135746863
CUST01045,0,Big-basket · Premium-basket — Baby Care,marketing_run_20261005T135746863
CUST01046,0,Big-basket · Premium-basket — Baby Care,marketing_run_20261005T135746863
CUST01047,0,Big-basket · Premium-basket — Baby Care,marketing_run_20261005T135746863
CUST01048,6,"Frequent · High-value — Atta, Rice & Dal",marketing_run_20261005T135746863
CUST01049,6,"Frequent · High-value — Atta, Rice & Dal",marketing_run_20261005T135746863
CUST01050,4,Everyday — Health & Wellness,marketing_run_20261005T135746863
CUST01052,3,"Everyday — Atta, Rice & Dal",marketing_run_20261005T135746863
CUST01053,6,"Frequent · High-value — Atta, Rice & Dal",marketing_run_20261005T135746863
CUST01054,3,"Everyday — Atta, Rice & Dal",marketing_run_20261005T135746863
CUST01055,6,"Frequent · High-value — Atta, Rice & Dal",marketing_run_20261005T135746863
CUST01056,6,"Frequent · High-value — Atta, Rice & Dal",marketing_run_20261005T135746863
CUST01057,0,Big-basket · Premium-basket — Baby Care,marketing_run_20261005T135746863
CUST01058,2,Everyday — Gourmet & Organic,marketing_run_20261005T135746863
CUST01060,1,Night-time — Sweets & Chocolates,marketing_run_20261005T135746863
CUST01061,0,Big-basket · Premium-basket — Baby Care,marketing_run_20261005T135746863
CUST01062,6,"Frequent · High-value — Atta, Rice & Dal",marketing_run_20261005T135746863
CUST01063,0,Big-basket · Premium-basket — Baby Care,marketing_run_20261005T135746863
CUST01064,0,Big-basket · Premium-basket — Baby Care,marketing_run_20261005T135746863
CUST01065,6,"Frequent · High-value — Atta, Rice & Dal",marketing_run_20261005T135746863
CUST01066,3,"Everyday — Atta, Rice & Dal",marketing_run_20261005T135746863
CUST01068,3,"Everyday — Atta, Rice & Dal",marketing_run_20261005T135746863
CUST01070,2,Everyday — Gourmet & Organic,marketing_run_20261005T135746863
CUST01071,0,Big-basket · Premium-basket — Baby Care,marketing_run_20261005T135746863
CUST01073,6,"Frequent · High-value — Atta, Rice & Dal",marketing_run_20261005T135746863
CUST01074,6,"Frequent · High-value — Atta, Rice & Dal",marketing_run_20261005T135746863
CUST01076,3,"Everyday — Atta, Rice & Dal",marketing_run_20261005T135746863
CUST01077,4,Everyday — Health & Wellness,marketing_run_20261005T135746863
CUST01078,3,"Everyday — Atta, Rice & Dal",marketing_run_20261005T135746863
CUST01080,6,"Frequent · High-value — Atta, Rice & Dal",marketing_run_20261005T135746863
CUST01081,3,"Everyday — Atta, Rice & Dal",marketing_run_20261005T135746863
CUST01082,2,Everyday — Gourmet & Organic,marketing_run_20261005T135746863
CUST01083,1,Night-time — Sweets & Chocolates,marketing_run_20261005T135746863
CUST01084,6,"Frequent · High-value — Atta, Rice & Dal",marketing_run_20261005T135746863
CUST01085,0,Big-basket · Premium-basket — Baby Care,marketing_run_20261005T135746863
CUST01086,6,"Frequent · High-value — Atta, Rice & Dal",marketing_run_20261005T135746863
CUST01088,6,"Frequent · High-value — Atta, Rice & Dal",marketing_run_20261005T135746863
CUST01089,3,"Everyday — Atta, Rice & Dal",marketing_run_20261005T135746863
CUST01090,3,"Everyday — Atta, Rice & Dal",marketing_run_20261005T135746863
CUST01091,3,"Everyday — Atta, Rice & Dal",marketing_run_20261005T135746863
CUST01092,1,Night-time — Sweets & Chocolates,marketing_run_20261005T135746863
CUST01093,0,Big-basket · Premium-basket — Baby Care,marketing_run_20261005T135746863
CUST01095,3,"Everyday — Atta, Rice & Dal",marketing_run_20261005T135746863
CUST01096,2,Everyday — Gourmet & Organic,marketing_run_20261005T135746863
CUST01097,2,Everyday — Gourmet & Organic,marketing_run_20261005T135746863
CUST01098,3,"Everyday — Atta, Rice & Dal",marketing_run_20261005T135746863
CUST01099,6,"Frequent · High-value — Atta, Rice & Dal",marketing_run_20261005T135746863
CUST01100,3,"Everyday — Atta, Rice & Dal",marketing_run_20261005T135746863
CUST01102,6,"Frequent · High-value — Atta, Rice & Dal",marketing_run_20261005T135746863
CUST01103,6,"Frequent · High-value — Atta, Rice & Dal",marketing_run_20261005T135746863
CUST01104,6,"Frequent · High-value — Atta, Rice & Dal",marketing_run_20261005T135746863
CUST01106,6,"Frequent · High-value — Atta, Rice & Dal",marketing_run_20261005T135746863
CUST01107,0,Big-basket · Premium-basket — Baby Care,marketing_run_20261005T135746863
CUST01108,2,Everyday — Gourmet & Organic,marketing_run_20261005T135746863
CUST01109,1,Night-time — Sweets & Chocolates,marketing_run_20261005T135746863
CUST01110,0,Big-basket · Premium-basket — Baby Care,marketing_run_20261005T135746863
CUST01111,1,Night-time — Sweets & Chocolates,marketing_run_20261005T135746863
CUST01112,6,"Frequent · High-value — Atta, Rice & Dal",marketing_run_20261005T135746863
CUST01113,2,Everyday — Gourmet & Organic,marketing_run_20261005T135746863
CUST01114,3,"Everyday — Atta, Rice & Dal",marketing_run_20261005T135746863
CUST01115,3,"Everyday — Atta, Rice & Dal",marketing_run_20261005T135746863
CUST01116,1,Night-time — Sweets & Chocolates,marketing_run_20261005T135746863
CUST01117,1,Night-time — Sweets & Chocolates,marketing_run_20261005T135746863
CUST01118,6,"Frequent · High-value — Atta, Rice & Dal",marketing_run_20261005T135746863
CUST01119,2,Everyday — Gourmet & Organic,marketing_run_20261005T135746863
CUST01120,1,Night-time — Sweets & Chocolates,marketing_run_20261005T135746863
CUST01121,0,Big-basket · Premium-basket — Baby Care,marketing_run_20261005T135746863
CUST01122,4,Everyday — Health & Wellness,marketing_run_20261005T135746863
CUST01123,0,Big-basket · Premium-basket — Baby Care,marketing_run_20261005T135746863
CUST01124,6,"Frequent · High-value — Atta, Rice & Dal",marketing_run_20261005T135746863
CUST01125,6,"Frequent · High-value — Atta, Rice & Dal",marketing_run_20261005T135746863
CUST01126,0,Big-basket · Premium-basket — Baby Care,marketing_run_20261005T135746863
CUST01127,3,"Everyday — Atta, Rice & Dal",marketing_run_20261005T135746863
CUST01128,0,Big-basket · Premium-basket — Baby Care,marketing_run_20261005T135746863
CUST01129,6,"Frequent · High-value — Atta, Rice & Dal",marketing_run_20261005T135746863
CUST01130,1,Night-time — Sweets & Chocolates,marketing_run_20261005T135746863
CUST01131,6,"Frequent · High-value — Atta, Rice & Dal",marketing_run_20261005T135746863
CUST01132,0,Big-basket · Premium-basket — Baby Care,marketing_run_20261005T135746863
CUST01133,4,Everyday — Health & Wellness,marketing_run_20261005T135746863
CUST01136,3,"Everyday — Atta, Rice & Dal",marketing_run_20261005T135746863
CUST01137,3,"Everyday — Atta, Rice & Dal",marketing_run_20261005T135746863
CUST01138,3,"Everyday — Atta, Rice & Dal",marketing_run_20261005T135746863
CUST01139,6,"Frequent · High-value — Atta, Rice & Dal",marketing_run_20261005T135746863
CUST01140,0,Big-basket · Premium-basket — Baby Care,marketing_run_20261005T135746863
CUST01141,1,Night-time — Sweets & Chocolates,marketing_run_20261005T135746863
CUST01142,3,"Everyday — Atta, Rice & Dal",marketing_run_20261005T135746863
CUST01143,1,Night-time — Sweets & Chocolates,marketing_run_20261005T135746863
CUST01145,0,Big-basket · Premium-basket — Baby Care,marketing_run_20261005T135746863
CUST01146,6,"Frequent · High-value — Atta, Rice & Dal",marketing_run_20261005T135746863
CUST01147,3,"Everyday — Atta, Rice & Dal",marketing_run_20261005T135746863
CUST01148,6,"Frequent · High-value — Atta, Rice & Dal",marketing_run_20261005T135746863
CUST01149,6,"Frequent · High-value — Atta, Rice & Dal",marketing_run_20261005T135746863
CUST01150,2,Everyday — Gourmet & Organic,marketing_run_20261005T135746863
CUST01151,3,"Everyday — Atta, Rice & Dal",marketing_run_20261005T135746863
CUST01152,3,"Everyday — Atta, Rice & Dal",marketing_run_20261005T135746863
CUST01153,0,Big-basket · Premium-basket — Baby Care,marketing_run_20261005T135746863
CUST01154,0,Big-basket · Premium-basket — Baby Care,marketing_run_20261005T135746863
CUST01155,2,Everyday — Gourmet & Organic,marketing_run_20261005T135746863
CUST01156,0,Big-basket · Premium-basket — Baby Care,marketing_run_20261005T135746863
CUST01158,6,"Frequent · High-value — Atta, Rice & Dal",marketing_run_20261005T135746863
CUST01159,0,Big-basket · Premium-basket — Baby Care,marketing_run_20261005T135746863
CUST01160,2,Everyday — Gourmet & Organic,marketing_run_20261005T135746863
CUST01161,3,"Everyday — Atta, Rice & Dal",marketing_run_20261005T135746863
CUST01162,6,"Frequent · High-value — Atta, Rice & Dal",marketing_run_20261005T135746863
CUST01163,2,Everyday — Gourmet & Organic,marketing_run_20261005T135746863
CUST01164,2,Everyday — Gourmet & Organic,marketing_run_20261005T135746863
CUST01165,3,"Everyday — Atta, Rice & Dal",marketing_run_20261005T135746863
CUST01166,6,"Frequent · High-value — Atta, Rice & Dal",marketing_run_20261005T135746863
CUST01167,6,"Frequent · High-value — Atta, Rice & Dal",marketing_run_20261005T135746863
CUST01168,0,Big-basket · Premium-basket — Baby Care,marketing_run_20261005T135746863
CUST01169,0,Big-basket · Premium-basket — Baby Care,marketing_run_20261005T135746863
CUST01170,4,Everyday — Health & Wellness,marketing_run_20261005T135746863
CUST01171,6,"Frequent · High-value — Atta, Rice & Dal",marketing_run_20261005T135746863
CUST01172,6,"Frequent · High-value — Atta, Rice & Dal",marketing_run_20261005T135746863
CUST01173,1,Night-time — Sweets & Chocolates,marketing_run_20261005T135746863
CUST01174,3,"Everyday — Atta, Rice & Dal",marketing_run_20261005T135746863
CUST01175,3,"Everyday — Atta, Rice & Dal",marketing_run_20261005T135746863
CUST01176,0,Big-basket · Premium-basket — Baby Care,marketing_run_20261005T135746863
CUST01177,2,Everyday — Gourmet & Organic,marketing_run_20261005T135746863
CUST01178,6,"Frequent · High-value — Atta, Rice & Dal",marketing_run_20261005T135746863
CUST01179,3,"Everyday — Atta, Rice & Dal",marketing_run_20261005T135746863
CUST01180,1,Night-time — Sweets & Chocolates,marketing_run_20261005T135746863
CUST01181,0,Big-basket · Premium-basket — Baby Care,marketing_run_20261005T135746863
CUST01182,0,Big-basket · Premium-basket — Baby Care,marketing_run_20261005T135746863
CUST01183,6,"Frequent · High-value — Atta, Rice & Dal",marketing_run_20261005T135746863
CUST01184,1,Night-time — Sweets & Chocolates,marketing_run_20261005T135746863
CUST01185,4,Everyday — Health & Wellness,marketing_run_20261005T135746863
CUST01186,0,Big-basket · Premium-basket — Baby Care,marketing_run_20261005T135746863
CUST01187,1,Night-time — Sweets & Chocolates,marketing_run_20261005T135746863
CUST01188,0,Big-basket · Premium-basket — Baby Care,marketing_run_20261005T135746863
CUST01189,6,"Frequent · High-value — Atta, Rice & Dal",marketing_run_20261005T135746863
CUST01190,3,"Everyday — Atta, Rice & Dal",marketing_run_20261005T135746863
CUST01191,0,Big-basket · Premium-basket — Baby Care,marketing_run_20261005T135746863
CUST01192,2,Everyday — Gourmet & Organic,marketing_run_20261005T135746863
CUST01193,6,"Frequent · High-value — Atta, Rice & Dal",marketing_run_20261005T135746863
CUST01194,0,Big-basket · Premium-basket — Baby Care,marketing_run_20261005T135746863
CUST01195,6,"Frequent · High-value — Atta, Rice & Dal",marketing_run_20261005T135746863
CUST01196,0,Big-basket · Premium-basket — Baby Care,marketing_run_20261005T135746863
CUST01197,0,Big-basket · Premium-basket — Baby Care,marketing_run_20261005T135746863
CUST01198,0,Big-basket · Premium-basket — Baby Care,marketing_run_20261005T135746863
CUST01199,6,"Frequent · High-value — Atta, Rice & Dal",marketing_run_20261005T135746863
CUST01200,2,Everyday — Gourmet & Organic,marketing_run_20261005T135746863
CUST01201,6,"Frequent · High-value — Atta, Rice & Dal",marketing_run_20261005T135746863
CUST01204,2,Everyday — Gourmet & Organic,marketing_run_20261005T135746863
CUST01205,3,"Everyday — Atta, Rice & Dal",marketing_run_20261005T135746863
CUST01206,2,Everyday — Gourmet & Organic,marketing_run_20261005T135746863
CUST01208,0,Big-basket · Premium-basket — Baby Care,marketing_run_20261005T135746863
CUST01209,3,"Everyday — Atta, Rice & Dal",marketing_run_20261005T135746863
CUST01211,0,Big-basket · Premium-basket — Baby Care,marketing_run_20261005T135746863
CUST01212,2,Everyday — Gourmet & Organic,marketing_run_20261005T135746863
CUST01213,1,Night-time — Sweets & Chocolates,marketing_run_20261005T135746863
CUST01214,1,Night-time — Sweets & Chocolates,marketing_run_20261005T135746863
CUST01215,1,Night-time — Sweets & Chocolates,marketing_run_20261005T135746863
CUST01216,1,Night-time — Sweets & Chocolates,marketing_run_20261005T135746863
CUST01217,6,"Frequent · High-value — Atta, Rice & Dal",marketing_run_20261005T135746863
CUST01218,4,Everyday — Health & Wellness,marketing_run_20261005T135746863
CUST01219,2,Everyday — Gourmet & Organic,marketing_run_20261005T135746863
CUST01220,1,Night-time — Sweets & Chocolates,marketing_run_20261005T135746863
CUST01221,6,"Frequent · High-value — Atta, Rice & Dal",marketing_run_20261005T135746863
CUST01223,4,Everyday — Health & Wellness,marketing_run_20261005T135746863
CUST01225,0,Big-basket · Premium-basket — Baby Care,marketing_run_20261005T135746863
CUST01226,6,"Frequent · High-value — Atta, Rice & Dal",marketing_run_20261005T135746863
CUST01227,1,Night-time — Sweets & Chocolates,marketing_run_20261005T135746863
CUST01228,6,"Frequent · High-value — Atta, Rice & Dal",marketing_run_20261005T135746863
CUST01229,1,Night-time — Sweets & Chocolates,marketing_run_20261005T135746863
CUST01230,4,Everyday — Health & Wellness,marketing_run_20261005T135746863
CUST01231,0,Big-basket · Premium-basket — Baby Care,marketing_run_20261005T135746863
CUST01233,1,Night-time — Sweets & Chocolates,marketing_run_20261005T135746863
CUST01234,3,"Everyday — Atta, Rice & Dal",marketing_run_20261005T135746863
CUST01235,3,"Everyday — Atta, Rice & Dal",marketing_run_20261005T135746863
CUST01239,2,Everyday — Gourmet & Organic,marketing_run_20261005T135746863
CUST01241,0,Big-basket · Premium-basket — Baby Care,marketing_run_20261005T135746863
CUST01242,4,Everyday — Health & Wellness,marketing_run_20261005T135746863
CUST01243,3,"Everyday — Atta, Rice & Dal",marketing_run_20261005T135746863
CUST01244,1,Night-time — Sweets & Chocolates,marketing_run_20261005T135746863
CUST01245,0,Big-basket · Premium-basket — Baby Care,marketing_run_20261005T135746863
CUST01246,0,Big-basket · Premium-basket — Baby Care,marketing_run_20261005T135746863
CUST01248,1,Night-time — Sweets & Chocolates,marketing_run_20261005T135746863
CUST01249,3,"Everyday — Atta, Rice & Dal",marketing_run_20261005T135746863
CUST01250,3,"Everyday — Atta, Rice & Dal",marketing_run_20261005T135746863
CUST01252,0,Big-basket · Premium-basket — Baby Care,marketing_run_20261005T135746863
CUST01253,3,"Everyday — Atta, Rice & Dal",marketing_run_20261005T135746863
CUST01254,6,"Frequent · High-value — Atta, Rice & Dal",marketing_run_20261005T135746863
CUST01255,4,Everyday — Health & Wellness,marketing_run_20261005T135746863
CUST01256,5,Night-time — Instant & Frozen Food,marketing_run_20261005T135746863
CUST01257,4,Everyday — Health & Wellness,marketing_run_20261005T135746863
CUST01258,1,Night-time — Sweets & Chocolates,marketing_run_20261005T135746863
CUST01259,6,"Frequent · High-value — Atta, Rice & Dal",marketing_run_20261005T135746863
CUST01260,2,Everyday — Gourmet & Organic,marketing_run_20261005T135746863
CUST01261,0,Big-basket · Premium-basket — Baby Care,marketing_run_20261005T135746863
CUST01262,6,"Frequent · High-value — Atta, Rice & Dal",marketing_run_20261005T135746863
CUST01263,0,Big-basket · Premium-basket — Baby Care,marketing_run_20261005T135746863
CUST01265,3,"Everyday — Atta, Rice & Dal",marketing_run_20261005T135746863
CUST01266,1,Night-time — Sweets & Chocolates,marketing_run_20261005T135746863
CUST01267,3,"Everyday — Atta, Rice & Dal",marketing_run_20261005T135746863
CUST01269,2,Everyday — Gourmet & Organic,marketing_run_20261005T135746863
CUST01270,6,"Frequent · High-value — Atta, Rice & Dal",marketing_run_20261005T135746863
CUST01271,6,"Frequent · High-value — Atta, Rice & Dal",marketing_run_20261005T135746863
CUST01272,1,Night-time — Sweets & Chocolates,marketing_run_20261005T135746863
CUST01273,3,"Everyday — Atta, Rice & Dal",marketing_run_20261005T135746863
CUST01274,0,Big-basket · Premium-basket — Baby Care,marketing_run_20261005T135746863
CUST01275,0,Big-basket · Premium-basket — Baby Care,marketing_run_20261005T135746863
CUST01277,2,Everyday — Gourmet & Organic,marketing_run_20261005T135746863
CUST01278,5,Night-time — Instant & Frozen Food,marketing_run_20261005T135746863
CUST01279,3,"Everyday — Atta, Rice & Dal",marketing_run_20261005T135746863
CUST01280,2,Everyday — Gourmet & Organic,marketing_run_20261005T135746863
CUST01282,3,"Everyday — Atta, Rice & Dal",marketing_run_20261005T135746863
CUST01283,0,Big-basket · Premium-basket — Baby Care,marketing_run_20261005T135746863
CUST01284,1,Night-time — Sweets & Chocolates,marketing_run_20261005T135746863
CUST01285,6,"Frequent · High-value — Atta, Rice & Dal",marketing_run_20261005T135746863
CUST01286,6,"Frequent · High-value — Atta, Rice & Dal",marketing_run_20261005T135746863
CUST01287,1,Night-time — Sweets & Chocolates,marketing_run_20261005T135746863
CUST01288,6,"Frequent · High-value — Atta, Rice & Dal",marketing_run_20261005T135746863
CUST01289,3,"Everyday — Atta, Rice & Dal",marketing_run_20261005T135746863
CUST01290,5,Night-time — Instant & Frozen Food,marketing_run_20261005T135746863
CUST01291,6,"Frequent · High-value — Atta, Rice & Dal",marketing_run_20261005T135746863
CUST01292,0,Big-basket · Premium-basket — Baby Care,marketing_run_20261005T135746863
CUST01293,0,Big-basket · Premium-basket — Baby Care,marketing_run_20261005T135746863
CUST01294,1,Night-time — Sweets & Chocolates,marketing_run_20261005T135746863
CUST01296,1,Night-time — Sweets & Chocolates,marketing_run_20261005T135746863
CUST01297,6,"Frequent · High-value — Atta, Rice & Dal",marketing_run_20261005T135746863
CUST01298,1,Night-time — Sweets & Chocolates,marketing_run_20261005T135746863
CUST01299,5,Night-time — Instant & Frozen Food,marketing_run_20261005T135746863
CUST01300,4,Everyday — Health & Wellness,marketing_run_20261005T135746863
CUST01301,3,"Everyday — Atta, Rice & Dal",marketing_run_20261005T135746863
CUST01302,3,"Everyday — Atta, Rice & Dal",marketing_run_20261005T135746863
CUST01303,5,Night-time — Instant & Frozen Food,marketing_run_20261005T135746863
CUST01304,6,"Frequent · High-value — Atta, Rice & Dal",marketing_run_20261005T135746863
CUST01305,6,"Frequent · High-value — Atta, Rice & Dal",marketing_run_20261005T135746863
CUST01306,2,Everyday — Gourmet & Organic,marketing_run_20261005T135746863
CUST01307,6,"Frequent · High-value — Atta, Rice & Dal",marketing_run_20261005T135746863
CUST01308,6,"Frequent · High-value — Atta, Rice & Dal",marketing_run_20261005T135746863
CUST01309,5,Night-time — Instant & Frozen Food,marketing_run_20261005T135746863
CUST01311,2,Everyday — Gourmet & Organic,marketing_run_20261005T135746863
CUST01312,3,"Everyday — Atta, Rice & Dal",marketing_run_20261005T135746863
CUST01313,6,"Frequent · High-value — Atta, Rice & Dal",marketing_run_20261005T135746863
CUST01314,3,"Everyday — Atta, Rice & Dal",marketing_run_20261005T135746863
CUST01315,1,Night-time — Sweets & Chocolates,marketing_run_20261005T135746863
CUST01316,6,"Frequent · High-value — Atta, Rice & Dal",marketing_run_20261005T135746863
CUST01317,2,Everyday — Gourmet & Organic,marketing_run_20261005T135746863
CUST01318,4,Everyday — Health & Wellness,marketing_run_20261005T135746863
CUST01319,1,Night-time — Sweets & Chocolates,marketing_run_20261005T135746863
CUST01321,6,"Frequent · High-value — Atta, Rice & Dal",marketing_run_20261005T135746863
CUST01322,0,Big-basket · Premium-basket — Baby Care,marketing_run_20261005T135746863
CUST01323,0,Big-basket · Premium-basket — Baby Care,marketing_run_20261005T135746863
CUST01324,0,Big-basket · Premium-basket — Baby Care,marketing_run_20261005T135746863
CUST01326,5,Night-time — Instant & Frozen Food,marketing_run_20261005T135746863
CUST01327,1,Night-time — Sweets & Chocolates,marketing_run_20261005T135746863
CUST01328,3,"Everyday — Atta, Rice & Dal",marketing_run_20261005T135746863
CUST01330,0,Big-basket · Premium-basket — Baby Care,marketing_run_20261005T135746863
CUST01331,4,Everyday — Health & Wellness,marketing_run_20261005T135746863
CUST01333,1,Night-time — Sweets & Chocolates,marketing_run_20261005T135746863
CUST01334,6,"Frequent · High-value — Atta, Rice & Dal",marketing_run_20261005T135746863
CUST01336,2,Everyday — Gourmet & Organic,marketing_run_20261005T135746863
CUST01337,2,Everyday — Gourmet & Organic,marketing_run_20261005T135746863
CUST01338,3,"Everyday — Atta, Rice & Dal",marketing_run_20261005T135746863
CUST01339,0,Big-basket · Premium-basket — Baby Care,marketing_run_20261005T135746863
CUST01340,3,"Everyday — Atta, Rice & Dal",marketing_run_20261005T135746863
CUST01341,3,"Everyday — Atta, Rice & Dal",marketing_run_20261005T135746863
CUST01342,6,"Frequent · High-value — Atta, Rice & Dal",marketing_run_20261005T135746863
CUST01343,6,"Frequent · High-value — Atta, Rice & Dal",marketing_run_20261005T135746863
CUST01344,0,Big-basket · Premium-basket — Baby Care,marketing_run_20261005T135746863
CUST01345,6,"Frequent · High-value — Atta, Rice & Dal",marketing_run_20261005T135746863
CUST01346,0,Big-basket · Premium-basket — Baby Care,marketing_run_20261005T135746863
CUST01348,6,"Frequent · High-value — Atta, Rice & Dal",marketing_run_20261005T135746863
CUST01349,0,Big-basket · Premium-basket — Baby Care,marketing_run_20261005T135746863
CUST01350,0,Big-basket · Premium-basket — Baby Care,marketing_run_20261005T135746863
CUST01351,3,"Everyday — Atta, Rice & Dal",marketing_run_20261005T135746863
CUST01352,2,Everyday — Gourmet & Organic,marketing_run_20261005T135746863
CUST01353,0,Big-basket · Premium-basket — Baby Care,marketing_run_20261005T135746863
CUST01354,2,Everyday — Gourmet & Organic,marketing_run_20261005T135746863
CUST01355,1,Night-time — Sweets & Chocolates,marketing_run_20261005T135746863
CUST01356,6,"Frequent · High-value — Atta, Rice & Dal",marketing_run_20261005T135746863
CUST01357,2,Everyday — Gourmet & Organic,marketing_run_20261005T135746863
CUST01358,6,"Frequent · High-value — Atta, Rice & Dal",marketing_run_20261005T135746863
CUST01359,3,"Everyday — Atta, Rice & Dal",marketing_run_20261005T135746863
CUST01360,0,Big-basket · Premium-basket — Baby Care,marketing_run_20261005T135746863
CUST01361,5,Night-time — Instant & Frozen Food,marketing_run_20261005T135746863
CUST01362,2,Everyday — Gourmet & Organic,marketing_run_20261005T135746863
CUST01363,3,"Everyday — Atta, Rice & Dal",marketing_run_20261005T135746863
CUST01364,6,"Frequent · High-value — Atta, Rice & Dal",marketing_run_20261005T135746863
CUST01365,3,"Everyday — Atta, Rice & Dal",marketing_run_20261005T135746863
CUST01366,6,"Frequent · High-value — Atta, Rice & Dal",marketing_run_20261005T135746863
CUST01367,0,Big-basket · Premium-basket — Baby Care,marketing_run_20261005T135746863
CUST01368,0,Big-basket · Premium-basket — Baby Care,marketing_run_20261005T135746863
CUST01369,0,Big-basket · Premium-basket — Baby Care,marketing_run_20261005T135746863
CUST01370,3,"Everyday — Atta, Rice & Dal",marketing_run_20261005T135746863
CUST01371,3,"Everyday — Atta, Rice & Dal",marketing_run_20261005T135746863
CUST01372,1,Night-time — Sweets & Chocolates,marketing_run_20261005T135746863
CUST01373,3,"Everyday — Atta, Rice & Dal",marketing_run_20261005T135746863
CUST01374,3,"Everyday — Atta, Rice & Dal",marketing_run_20261005T135746863
CUST01376,6,"Frequent · High-value — Atta, Rice & Dal",marketing_run_20261005T135746863
CUST01377,0,Big-basket · Premium-basket — Baby Care,marketing_run_20261005T135746863
CUST01378,0,Big-basket · Premium-basket — Baby Care,marketing_run_20261005T135746863
CUST01379,1,Night-time — Sweets & Chocolates,marketing_run_20261005T135746863
CUST01380,4,Everyday — Health & Wellness,marketing_run_20261005T135746863
CUST01381,0,Big-basket · Premium-basket — Baby Care,marketing_run_20261005T135746863
CUST01382,4,Everyday — Health & Wellness,marketing_run_20261005T135746863
CUST01383,6,"Frequent · High-value — Atta, Rice & Dal",marketing_run_20261005T135746863
CUST01384,6,"Frequent · High-value — Atta, Rice & Dal",marketing_run_20261005T135746863
CUST01385,3,"Everyday — Atta, Rice & Dal",marketing_run_20261005T135746863
CUST01386,1,Night-time — Sweets & Chocolates,marketing_run_20261005T135746863
CUST01387,6,"Frequent · High-value — Atta, Rice & Dal",marketing_run_20261005T135746863
CUST01388,1,Night-time — Sweets & Chocolates,marketing_run_20261005T135746863
CUST01389,1,Night-time — Sweets & Chocolates,marketing_run_20261005T135746863
CUST01390,0,Big-basket · Premium-basket — Baby Care,marketing_run_20261005T135746863
CUST01391,0,Big-basket · Premium-basket — Baby Care,marketing_run_20261005T135746863
CUST01392,6,"Frequent · High-value — Atta, Rice & Dal",marketing_run_20261005T135746863
CUST01393,6,"Frequent · High-value — Atta, Rice & Dal",marketing_run_20261005T135746863
CUST01394,0,Big-basket · Premium-basket — Baby Care,marketing_run_20261005T135746863
CUST01395,6,"Frequent · High-value — Atta, Rice & Dal",marketing_run_20261005T135746863
CUST01396,6,"Frequent · High-value — Atta, Rice & Dal",marketing_run_20261005T135746863
CUST01397,0,Big-basket · Premium-basket — Baby Care,marketing_run_20261005T135746863
CUST01398,3,"Everyday — Atta, Rice & Dal",marketing_run_20261005T135746863
CUST01399,6,"Frequent · High-value — Atta, Rice & Dal",marketing_run_20261005T135746863
CUST01400,3,"Everyday — Atta, Rice & Dal",marketing_run_20261005T135746863
CUST01401,6,"Frequent · High-value — Atta, Rice & Dal",marketing_run_20261005T135746863
CUST01402,0,Big-basket · Premium-basket — Baby Care,marketing_run_20261005T135746863
CUST01403,3,"Everyday — Atta, Rice & Dal",marketing_run_20261005T135746863
CUST01404,0,Big-basket · Premium-basket — Baby Care,marketing_run_20261005T135746863
CUST01405,5,Night-time — Instant & Frozen Food,marketing_run_20261005T135746863
CUST01407,4,Everyday — Health & Wellness,marketing_run_20261005T135746863
CUST01408,4,Everyday — Health & Wellness,marketing_run_20261005T135746863
CUST01409,2,Everyday — Gourmet & Organic,marketing_run_20261005T135746863
CUST01410,0,Big-basket · Premium-basket — Baby Care,marketing_run_20261005T135746863
CUST01412,0,Big-basket · Premium-basket — Baby Care,marketing_run_20261005T135746863
CUST01413,3,"Everyday — Atta, Rice & Dal",marketing_run_20261005T135746863
CUST01414,2,Everyday — Gourmet & Organic,marketing_run_20261005T135746863
CUST01415,6,"Frequent · High-value — Atta, Rice & Dal",marketing_run_20261005T135746863
CUST01416,0,Big-basket · Premium-basket — Baby Care,marketing_run_20261005T135746863
CUST01417,0,Big-basket · Premium-basket — Baby Care,marketing_run_20261005T135746863
CUST01418,1,Night-time — Sweets & Chocolates,marketing_run_20261005T135746863
CUST01419,1,Night-time — Sweets & Chocolates,marketing_run_20261005T135746863
CUST01420,2,Everyday — Gourmet & Organic,marketing_run_20261005T135746863
CUST01421,0,Big-basket · Premium-basket — Baby Care,marketing_run_20261005T135746863
CUST01422,6,"Frequent · High-value — Atta, Rice & Dal",marketing_run_20261005T135746863
CUST01423,2,Everyday — Gourmet & Organic,marketing_run_20261005T135746863
CUST01424,4,Everyday — Health & Wellness,marketing_run_20261005T135746863
CUST01425,6,"Frequent · High-value — Atta, Rice & Dal",marketing_run_20261005T135746863
CUST01427,3,"Everyday — Atta, Rice & Dal",marketing_run_20261005T135746863
CUST01428,0,Big-basket · Premium-basket — Baby Care,marketing_run_20261005T135746863
CUST01429,2,Everyday — Gourmet & Organic,marketing_run_20261005T135746863
CUST01430,1,Night-time — Sweets & Chocolates,marketing_run_20261005T135746863
CUST01431,2,Everyday — Gourmet & Organic,marketing_run_20261005T135746863
CUST01432,1,Night-time — Sweets & Chocolates,marketing_run_20261005T135746863
CUST01433,6,"Frequent · High-value — Atta, Rice & Dal",marketing_run_20261005T135746863
CUST01434,0,Big-basket · Premium-basket — Baby Care,marketing_run_20261005T135746863
CUST01435,5,Night-time — Instant & Frozen Food,marketing_run_20261005T135746863
CUST01436,3,"Everyday — Atta, Rice & Dal",marketing_run_20261005T135746863
CUST01437,1,Night-time — Sweets & Chocolates,marketing_run_20261005T135746863
CUST01438,0,Big-basket · Premium-basket — Baby Care,marketing_run_20261005T135746863
CUST01439,5,Night-time — Instant & Frozen Food,marketing_run_20261005T135746863
CUST01441,0,Big-basket · Premium-basket — Baby Care,marketing_run_20261005T135746863
CUST01442,0,Big-basket · Premium-basket — Baby Care,marketing_run_20261005T135746863
CUST01444,6,"Frequent · High-value — Atta, Rice & Dal",marketing_run_20261005T135746863
CUST01445,3,"Everyday — Atta, Rice & Dal",marketing_run_20261005T135746863
CUST01446,0,Big-basket · Premium-basket — Baby Care,marketing_run_20261005T135746863
CUST01447,3,"Everyday — Atta, Rice & Dal",marketing_run_20261005T135746863
CUST01448,3,"Everyday — Atta, Rice & Dal",marketing_run_20261005T135746863
CUST01450,3,"Everyday — Atta, Rice & Dal",marketing_run_20261005T135746863
CUST01451,3,"Everyday — Atta, Rice & Dal",marketing_run_20261005T135746863
CUST01452,3,"Everyday — Atta, Rice & Dal",marketing_run_20261005T135746863
CUST01453,3,"Everyday — Atta, Rice & Dal",marketing_run_20261005T135746863
CUST01454,0,Big-basket · Premium-basket — Baby Care,marketing_run_20261005T135746863
CUST01456,0,Big-basket · Premium-basket — Baby Care,marketing_run_20261005T135746863
CUST01457,4,Everyday — Health & Wellness,marketing_run_20261005T135746863
CUST01459,3,"Everyday — Atta, Rice & Dal",marketing_run_20261005T135746863
CUST01460,0,Big-basket · Premium-basket — Baby Care,marketing_run_20261005T135746863
CUST01461,1,Night-time — Sweets & Chocolates,marketing_run_20261005T135746863
CUST01462,6,"Frequent · High-value — Atta, Rice & Dal",marketing_run_20261005T135746863
CUST01463,1,Night-time — Sweets & Chocolates,marketing_run_20261005T135746863
CUST01464,2,Everyday — Gourmet & Organic,marketing_run_20261005T135746863
CUST01465,6,"Frequent · High-value — Atta, Rice & Dal",marketing_run_20261005T135746863
CUST01466,2,Everyday — Gourmet & Organic,marketing_run_20261005T135746863
CUST01467,6,"Frequent · High-value — Atta, Rice & Dal",marketing_run_20261005T135746863
CUST01468,6,"Frequent · High-value — Atta, Rice & Dal",marketing_run_20261005T135746863
CUST01469,0,Big-basket · Premium-basket — Baby Care,marketing_run_20261005T135746863
CUST01470,3,"Everyday — Atta, Rice & Dal",marketing_run_20261005T135746863
CUST01471,6,"Frequent · High-value — Atta, Rice & Dal",marketing_run_20261005T135746863
CUST01472,2,Everyday — Gourmet & Organic,marketing_run_20261005T135746863
CUST01473,0,Big-basket · Premium-basket — Baby Care,marketing_run_20261005T135746863
CUST01474,3,"Everyday — Atta, Rice & Dal",marketing_run_20261005T135746863
CUST01476,2,Everyday — Gourmet & Organic,marketing_run_20261005T135746863
CUST01477,1,Night-time — Sweets & Chocolates,marketing_run_20261005T135746863
CUST01478,0,Big-basket · Premium-basket — Baby Care,marketing_run_20261005T135746863
CUST01479,6,"Frequent · High-value — Atta, Rice & Dal",marketing_run_20261005T135746863
CUST01480,6,"Frequent · High-value — Atta, Rice & Dal",marketing_run_20261005T135746863
CUST01481,3,"Everyday — Atta, Rice & Dal",marketing_run_20261005T135746863
CUST01482,1,Night-time — Sweets & Chocolates,marketing_run_20261005T135746863
CUST01483,6,"Frequent · High-value — Atta, Rice & Dal",marketing_run_20261005T135746863
CUST01484,0,Big-basket · Premium-basket — Baby Care,marketing_run_20261005T135746863
CUST01485,0,Big-basket · Premium-basket — Baby Care,marketing_run_20261005T135746863
CUST01486,0,Big-basket · Premium-basket — Baby Care,marketing_run_20261005T135746863
CUST01487,6,"Frequent · High-value — Atta, Rice & Dal",marketing_run_20261005T135746863
CUST01488,1,Night-time — Sweets & Chocolates,marketing_run_20261005T135746863
CUST01489,6,"Frequent · High-value — Atta, Rice & Dal",marketing_run_20261005T135746863
CUST01491,0,Big-basket · Premium-basket — Baby Care,marketing_run_20261005T135746863
CUST01492,3,"Everyday — Atta, Rice & Dal",marketing_run_20261005T135746863
CUST01493,3,"Everyday — Atta, Rice & Dal",marketing_run_20261005T135746863
CUST01494,6,"Frequent · High-value — Atta, Rice & Dal",marketing_run_20261005T135746863
CUST01495,6,"Frequent · High-value — Atta, Rice & Dal",marketing_run_20261005T135746863
CUST01496,0,Big-basket · Premium-basket — Baby Care,marketing_run_20261005T135746863
CUST01497,1,Night-time — Sweets & Chocolates,marketing_run_20261005T135746863
CUST01498,2,Everyday — Gourmet & Organic,marketing_run_20261005T135746863
CUST01499,1,Night-time — Sweets & Chocolates,marketing_run_20261005T135746863
CUST01500,6,"Frequent · High-value — Atta, Rice & Dal",marketing_run_20261005T135746863
CUST01501,6,"Frequent · High-value — Atta, Rice & Dal",marketing_run_20261005T135746863
CUST01502,0,Big-basket · Premium-basket — Baby Care,marketing_run_20261005T135746863
CUST01504,0,Big-basket · Premium-basket — Baby Care,marketing_run_20261005T135746863
CUST01505,6,"Frequent · High-value — Atta, Rice & Dal",marketing_run_20261005T135746863
CUST01506,6,"Frequent · High-value — Atta, Rice & Dal",marketing_run_20261005T135746863
CUST01507,0,Big-basket · Premium-basket — Baby Care,marketing_run_20261005T135746863
CUST01508,3,"Everyday — Atta, Rice & Dal",marketing_run_20261005T135746863
CUST01509,0,Big-basket · Premium-basket — Baby Care,marketing_run_20261005T135746863
CUST01510,3,"Everyday — Atta, Rice & Dal",marketing_run_20261005T135746863
CUST01511,6,"Frequent · High-value — Atta, Rice & Dal",marketing_run_20261005T135746863
CUST01513,6,"Frequent · High-value — Atta, Rice & Dal",marketing_run_20261005T135746863
CUST01514,6,"Frequent · High-value — Atta, Rice & Dal",marketing_run_20261005T135746863
CUST01515,2,Everyday — Gourmet & Organic,marketing_run_20261005T135746863
CUST01516,2,Everyday — Gourmet & Organic,marketing_run_20261005T135746863
CUST01517,2,Everyday — Gourmet & Organic,marketing_run_20261005T135746863
CUST01519,0,Big-basket · Premium-basket — Baby Care,marketing_run_20261005T135746863
CUST01520,3,"Everyday — Atta, Rice & Dal",marketing_run_20261005T135746863
CUST01521,6,"Frequent · High-value — Atta, Rice & Dal",marketing_run_20261005T135746863
CUST01522,3,"Everyday — Atta, Rice & Dal",marketing_run_20261005T135746863
CUST01523,6,"Frequent · High-value — Atta, Rice & Dal",marketing_run_20261005T135746863
CUST01524,0,Big-basket · Premium-basket — Baby Care,marketing_run_20261005T135746863
CUST01525,0,Big-basket · Premium-basket — Baby Care,marketing_run_20261005T135746863
CUST01527,6,"Frequent · High-value — Atta, Rice & Dal",marketing_run_20261005T135746863
CUST01528,6,"Frequent · High-value — Atta, Rice & Dal",marketing_run_20261005T135746863
CUST01529,0,Big-basket · Premium-basket — Baby Care,marketing_run_20261005T135746863
CUST01530,6,"Frequent · High-value — Atta, Rice & Dal",marketing_run_20261005T135746863
CUST01531,3,"Everyday — Atta, Rice & Dal",marketing_run_20261005T135746863
CUST01532,1,Night-time — Sweets & Chocolates,marketing_run_20261005T135746863
CUST01533,0,Big-basket · Premium-basket — Baby Care,marketing_run_20261005T135746863
CUST01535,1,Night-time — Sweets & Chocolates,marketing_run_20261005T135746863
CUST01536,2,Everyday — Gourmet & Organic,marketing_run_20261005T135746863
CUST01537,0,Big-basket · Premium-basket — Baby Care,marketing_run_20261005T135746863
CUST01538,6,"Frequent · High-value — Atta, Rice & Dal",marketing_run_20261005T135746863
CUST01539,1,Night-time — Sweets & Chocolates,marketing_run_20261005T135746863
CUST01540,6,"Frequent · High-value — Atta, Rice & Dal",marketing_run_20261005T135746863
CUST01541,6,"Frequent · High-value — Atta, Rice & Dal",marketing_run_20261005T135746863
CUST01542,6,"Frequent · High-value — Atta, Rice & Dal",marketing_run_20261005T135746863
CUST01543,3,"Everyday — Atta, Rice & Dal",marketing_run_20261005T135746863
CUST01544,1,Night-time — Sweets & Chocolates,marketing_run_20261005T135746863
CUST01545,0,Big-basket · Premium-basket — Baby Care,marketing_run_20261005T135746863
CUST01546,3,"Everyday — Atta, Rice & Dal",marketing_run_20261005T135746863
CUST01547,6,"Frequent · High-value — Atta, Rice & Dal",marketing_run_20261005T135746863
CUST01550,0,Big-basket · Premium-basket — Baby Care,marketing_run_20261005T135746863
CUST01551,2,Everyday — Gourmet & Organic,marketing_run_20261005T135746863
CUST01552,1,Night-time — Sweets & Chocolates,marketing_run_20261005T135746863
CUST01553,6,"Frequent · High-value — Atta, Rice & Dal",marketing_run_20261005T135746863
CUST01554,3,"Everyday — Atta, Rice & Dal",marketing_run_20261005T135746863
CUST01556,2,Everyday — Gourmet & Organic,marketing_run_20261005T135746863
CUST01557,2,Everyday — Gourmet & Organic,marketing_run_20261005T135746863
CUST01559,6,"Frequent · High-value — Atta, Rice & Dal",marketing_run_20261005T135746863
CUST01560,6,"Frequent · High-value — Atta, Rice & Dal",marketing_run_20261005T135746863
CUST01561,6,"Frequent · High-value — Atta, Rice & Dal",marketing_run_20261005T135746863
CUST01562,2,Everyday — Gourmet & Organic,marketing_run_20261005T135746863
CUST01563,3,"Everyday — Atta, Rice & Dal",marketing_run_20261005T135746863
CUST01564,2,Everyday — Gourmet & Organic,marketing_run_20261005T135746863
CUST01565,0,Big-basket · Premium-basket — Baby Care,marketing_run_20261005T135746863
CUST01566,3,"Everyday — Atta, Rice & Dal",marketing_run_20261005T135746863
CUST01567,2,Everyday — Gourmet & Organic,marketing_run_20261005T135746863
CUST01568,3,"Everyday — Atta, Rice & Dal",marketing_run_20261005T135746863
CUST01569,3,"Everyday — Atta, Rice & Dal",marketing_run_20261005T135746863
CUST01570,3,"Everyday — Atta, Rice & Dal",marketing_run_20261005T135746863
CUST01571,0,Big-basket · Premium-basket — Baby Care,marketing_run_20261005T135746863
CUST01572,1,Night-time — Sweets & Chocolates,marketing_run_20261005T135746863
CUST01573,1,Night-time — Sweets & Chocolates,marketing_run_20261005T135746863
CUST01574,0,Big-basket · Premium-basket — Baby Care,marketing_run_20261005T135746863
CUST01575,6,"Frequent · High-value — Atta, Rice & Dal",marketing_run_20261005T135746863
CUST01576,0,Big-basket · Premium-basket — Baby Care,marketing_run_20261005T135746863
CUST01577,4,Everyday — Health & Wellness,marketing_run_20261005T135746863
CUST01578,4,Everyday — Health & Wellness,marketing_run_20261005T135746863
CUST01579,2,Everyday — Gourmet & Organic,marketing_run_20261005T135746863
CUST01580,3,"Everyday — Atta, Rice & Dal",marketing_run_20261005T135746863
CUST01581,0,Big-basket · Premium-basket — Baby Care,marketing_run_20261005T135746863
CUST01584,4,Everyday — Health & Wellness,marketing_run_20261005T135746863
CUST01586,6,"Frequent · High-value — Atta, Rice & Dal",marketing_run_20261005T135746863
CUST01587,6,"Frequent · High-value — Atta, Rice & Dal",marketing_run_20261005T135746863
CUST01588,6,"Frequent · High-value — Atta, Rice & Dal",marketing_run_20261005T135746863
CUST01589,1,Night-time — Sweets & Chocolates,marketing_run_20261005T135746863
CUST01590,0,Big-basket · Premium-basket — Baby Care,marketing_run_20261005T135746863
CUST01591,6,"Frequent · High-value — Atta, Rice & Dal",marketing_run_20261005T135746863
CUST01592,2,Everyday — Gourmet & Organic,marketing_run_20261005T135746863
CUST01593,2,Everyday — Gourmet & Organic,marketing_run_20261005T135746863
CUST01594,1,Night-time — Sweets & Chocolates,marketing_run_20261005T135746863
CUST01595,6,"Frequent · High-value — Atta, Rice & Dal",marketing_run_20261005T135746863
CUST01596,3,"Everyday — Atta, Rice & Dal",marketing_run_20261005T135746863
CUST01597,6,"Frequent · High-value — Atta, Rice & Dal",marketing_run_20261005T135746863
CUST01599,1,Night-time — Sweets & Chocolates,marketing_run_20261005T135746863
CUST01600,3,"Everyday — Atta, Rice & Dal",marketing_run_20261005T135746863
CUST01603,3,"Everyday — Atta, Rice & Dal",marketing_run_20261005T135746863
CUST01605,3,"Everyday — Atta, Rice & Dal",marketing_run_20261005T135746863
CUST01606,0,Big-basket · Premium-basket — Baby Care,marketing_run_20261005T135746863
CUST01607,1,Night-time — Sweets & Chocolates,marketing_run_20261005T135746863
CUST01608,2,Everyday — Gourmet & Organic,marketing_run_20261005T135746863
CUST01609,1,Night-time — Sweets & Chocolates,marketing_run_20261005T135746863
CUST01610,5,Night-time — Instant & Frozen Food,marketing_run_20261005T135746863
CUST01612,6,"Frequent · High-value — Atta, Rice & Dal",marketing_run_20261005T135746863
CUST01613,6,"Frequent · High-value — Atta, Rice & Dal",marketing_run_20261005T135746863
CUST01614,5,Night-time — Instant & Frozen Food,marketing_run_20261005T135746863
CUST01615,6,"Frequent · High-value — Atta, Rice & Dal",marketing_run_20261005T135746863
CUST01616,6,"Frequent · High-value — Atta, Rice & Dal",marketing_run_20261005T135746863
CUST01617,4,Everyday — Health & Wellness,marketing_run_20261005T135746863
CUST01618,1,Night-time — Sweets & Chocolates,marketing_run_20261005T135746863
CUST01619,3,"Everyday — Atta, Rice & Dal",marketing_run_20261005T135746863
CUST01620,0,Big-basket · Premium-basket — Baby Care,marketing_run_20261005T135746863
CUST01622,2,Everyday — Gourmet & Organic,marketing_run_20261005T135746863
CUST01623,3,"Everyday — Atta, Rice & Dal",marketing_run_20261005T135746863
CUST01624,3,"Everyday — Atta, Rice & Dal",marketing_run_20261005T135746863
CUST01625,4,Everyday — Health & Wellness,marketing_run_20261005T135746863
CUST01626,3,"Everyday — Atta, Rice & Dal",marketing_run_20261005T135746863
CUST01627,1,Night-time — Sweets & Chocolates,marketing_run_20261005T135746863
CUST01628,0,Big-basket · Premium-basket — Baby Care,marketing_run_20261005T135746863
CUST01629,2,Everyday — Gourmet & Organic,marketing_run_20261005T135746863
CUST01630,1,Night-time — Sweets & Chocolates,marketing_run_20261005T135746863
CUST01631,0,Big-basket · Premium-basket — Baby Care,marketing_run_20261005T135746863
CUST01632,0,Big-basket · Premium-basket — Baby Care,marketing_run_20261005T135746863
CUST01636,3,"Everyday — Atta, Rice & Dal",marketing_run_20261005T135746863
CUST01638,3,"Everyday — Atta, Rice & Dal",marketing_run_20261005T135746863
CUST01639,5,Night-time — Instant & Frozen Food,marketing_run_20261005T135746863
CUST01641,3,"Everyday — Atta, Rice & Dal",marketing_run_20261005T135746863
CUST01642,6,"Frequent · High-value — Atta, Rice & Dal",marketing_run_20261005T135746863
CUST01643,0,Big-basket · Premium-basket — Baby Care,marketing_run_20261005T135746863
CUST01644,6,"Frequent · High-value — Atta, Rice & Dal",marketing_run_20261005T135746863
CUST01645,4,Everyday — Health & Wellness,marketing_run_20261005T135746863
CUST01646,1,Night-time — Sweets & Chocolates,marketing_run_20261005T135746863
CUST01648,2,Everyday — Gourmet & Organic,marketing_run_20261005T135746863
CUST01649,1,Night-time — Sweets & Chocolates,marketing_run_20261005T135746863
CUST01650,0,Big-basket · Premium-basket — Baby Care,marketing_run_20261005T135746863
CUST01651,6,"Frequent · High-value — Atta, Rice & Dal",marketing_run_20261005T135746863
CUST01652,3,"Everyday — Atta, Rice & Dal",marketing_run_20261005T135746863
CUST01653,1,Night-time — Sweets & Chocolates,marketing_run_20261005T135746863
CUST01654,1,Night-time — Sweets & Chocolates,marketing_run_20261005T135746863
CUST01655,0,Big-basket · Premium-basket — Baby Care,marketing_run_20261005T135746863
CUST01656,6,"Frequent · High-value — Atta, Rice & Dal",marketing_run_20261005T135746863
CUST01657,4,Everyday — Health & Wellness,marketing_run_20261005T135746863
CUST01658,1,Night-time — Sweets & Chocolates,marketing_run_20261005T135746863
CUST01659,5,Night-time — Instant & Frozen Food,marketing_run_20261005T135746863
CUST01660,3,"Everyday — Atta, Rice & Dal",marketing_run_20261005T135746863
CUST01661,3,"Everyday — Atta, Rice & Dal",marketing_run_20261005T135746863
CUST01662,6,"Frequent · High-value — Atta, Rice & Dal",marketing_run_20261005T135746863
CUST01663,1,Night-time — Sweets & Chocolates,marketing_run_20261005T135746863
CUST01664,3,"Everyday — Atta, Rice & Dal",marketing_run_20261005T135746863
CUST01665,3,"Everyday — Atta, Rice & Dal",marketing_run_20261005T135746863
CUST01666,4,Everyday — Health & Wellness,marketing_run_20261005T135746863
CUST01667,1,Night-time — Sweets & Chocolates,marketing_run_20261005T135746863
CUST01668,6,"Frequent · High-value — Atta, Rice & Dal",marketing_run_20261005T135746863
CUST01669,1,Night-time — Sweets & Chocolates,marketing_run_20261005T135746863
CUST01670,1,Night-time — Sweets & Chocolates,marketing_run_20261005T135746863
CUST01671,3,"Everyday — Atta, Rice & Dal",marketing_run_20261005T135746863
CUST01672,0,Big-basket · Premium-basket — Baby Care,marketing_run_20261005T135746863
CUST01673,1,Night-time — Sweets & Chocolates,marketing_run_20261005T135746863
CUST01674,6,"Frequent · High-value — Atta, Rice & Dal",marketing_run_20261005T135746863
CUST01675,6,"Frequent · High-value — Atta, Rice & Dal",marketing_run_20261005T135746863
CUST01676,6,"Frequent · High-value — Atta, Rice & Dal",marketing_run_20261005T135746863
CUST01677,6,"Frequent · High-value — Atta, Rice & Dal",marketing_run_20261005T135746863
CUST01678,3,"Everyday — Atta, Rice & Dal",marketing_run_20261005T135746863
CUST01679,2,Everyday — Gourmet & Organic,marketing_run_20261005T135746863
CUST01680,2,Everyday — Gourmet & Organic,marketing_run_20261005T135746863
CUST01682,1,Night-time — Sweets & Chocolates,marketing_run_20261005T135746863
CUST01683,0,Big-basket · Premium-basket — Baby Care,marketing_run_20261005T135746863
CUST01684,0,Big-basket · Premium-basket — Baby Care,marketing_run_20261005T135746863
CUST01685,2,Everyday — Gourmet & Organic,marketing_run_20261005T135746863
CUST01686,2,Everyday — Gourmet & Organic,marketing_run_20261005T135746863
CUST01687,3,"Everyday — Atta, Rice & Dal",marketing_run_20261005T135746863
CUST01688,0,Big-basket · Premium-basket — Baby Care,marketing_run_20261005T135746863
CUST01690,3,"Everyday — Atta, Rice & Dal",marketing_run_20261005T135746863
CUST01691,1,Night-time — Sweets & Chocolates,marketing_run_20261005T135746863
CUST01692,6,"Frequent · High-value — Atta, Rice & Dal",marketing_run_20261005T135746863
CUST01693,2,Everyday — Gourmet & Organic,marketing_run_20261005T135746863
CUST01694,3,"Everyday — Atta, Rice & Dal",marketing_run_20261005T135746863
CUST01695,0,Big-basket · Premium-basket — Baby Care,marketing_run_20261005T135746863
CUST01696,3,"Everyday — Atta, Rice & Dal",marketing_run_20261005T135746863
CUST01697,6,"Frequent · High-value — Atta, Rice & Dal",marketing_run_20261005T135746863
CUST01698,1,Night-time — Sweets & Chocolates,marketing_run_20261005T135746863
CUST01699,6,"Frequent · High-value — Atta, Rice & Dal",marketing_run_20261005T135746863
CUST01700,6,"Frequent · High-value — Atta, Rice & Dal",marketing_run_20261005T135746863
CUST01701,3,"Everyday — Atta, Rice & Dal",marketing_run_20261005T135746863
CUST01702,0,Big-basket · Premium-basket — Baby Care,marketing_run_20261005T135746863
CUST01703,2,Everyday — Gourmet & Organic,marketing_run_20261005T135746863
CUST01704,1,Night-time — Sweets & Chocolates,marketing_run_20261005T135746863
CUST01705,6,"Frequent · High-value — Atta, Rice & Dal",marketing_run_20261005T135746863
CUST01706,6,"Frequent · High-value — Atta, Rice & Dal",marketing_run_20261005T135746863
CUST01707,3,"Everyday — Atta, Rice & Dal",marketing_run_20261005T135746863
CUST01708,6,"Frequent · High-value — Atta, Rice & Dal",marketing_run_20261005T135746863
CUST01709,2,Everyday — Gourmet & Organic,marketing_run_20261005T135746863
CUST01710,6,"Frequent · High-value — Atta, Rice & Dal",marketing_run_20261005T135746863
CUST01711,6,"Frequent · High-value — Atta, Rice & Dal",marketing_run_20261005T135746863
CUST01712,5,Night-time — Instant & Frozen Food,marketing_run_20261005T135746863
CUST01713,4,Everyday — Health & Wellness,marketing_run_20261005T135746863
CUST01714,4,Everyday — Health & Wellness,marketing_run_20261005T135746863
CUST01715,1,Night-time — Sweets & Chocolates,marketing_run_20261005T135746863
CUST01716,6,"Frequent · High-value — Atta, Rice & Dal",marketing_run_20261005T135746863
CUST01717,6,"Frequent · High-value — Atta, Rice & Dal",marketing_run_20261005T135746863
CUST01719,0,Big-basket · Premium-basket — Baby Care,marketing_run_20261005T135746863
CUST01720,6,"Frequent · High-value — Atta, Rice & Dal",marketing_run_20261005T135746863
CUST01722,1,Night-time — Sweets & Chocolates,marketing_run_20261005T135746863
CUST01723,3,"Everyday — Atta, Rice & Dal",marketing_run_20261005T135746863
CUST01725,0,Big-basket · Premium-basket — Baby Care,marketing_run_20261005T135746863
CUST01726,3,"Everyday — Atta, Rice & Dal",marketing_run_20261005T135746863
CUST01727,0,Big-basket · Premium-basket — Baby Care,marketing_run_20261005T135746863
CUST01728,0,Big-basket · Premium-basket — Baby Care,marketing_run_20261005T135746863
CUST01729,1,Night-time — Sweets & Chocolates,marketing_run_20261005T135746863
CUST01730,0,Big-basket · Premium-basket — Baby Care,marketing_run_20261005T135746863
CUST01731,0,Big-basket · Premium-basket — Baby Care,marketing_run_20261005T135746863
CUST01732,1,Night-time — Sweets & Chocolates,marketing_run_20261005T135746863
CUST01733,3,"Everyday — Atta, Rice & Dal",marketing_run_20261005T135746863
CUST01734,0,Big-basket · Premium-basket — Baby Care,marketing_run_20261005T135746863
CUST01735,0,Big-basket · Premium-basket — Baby Care,marketing_run_20261005T135746863
CUST01736,0,Big-basket · Premium-basket — Baby Care,marketing_run_20261005T135746863
CUST01738,6,"Frequent · High-value — Atta, Rice & Dal",marketing_run_20261005T135746863
CUST01739,3,"Everyday — Atta, Rice & Dal",marketing_run_20261005T135746863
CUST01740,1,Night-time — Sweets & Chocolates,marketing_run_20261005T135746863
CUST01741,6,"Frequent · High-value — Atta, Rice & Dal",marketing_run_20261005T135746863
CUST01742,0,Big-basket · Premium-basket — Baby Care,marketing_run_20261005T135746863
CUST01743,6,"Frequent · High-value — Atta, Rice & Dal",marketing_run_20261005T135746863
CUST01745,2,Everyday — Gourmet & Organic,marketing_run_20261005T135746863
CUST01746,6,"Frequent · High-value — Atta, Rice & Dal",marketing_run_20261005T135746863
CUST01747,3,"Everyday — Atta, Rice & Dal",marketing_run_20261005T135746863
CUST01748,0,Big-basket · Premium-basket — Baby Care,marketing_run_20261005T135746863
CUST01749,2,Everyday — Gourmet & Organic,marketing_run_20261005T135746863
CUST01750,0,Big-basket · Premium-basket — Baby Care,marketing_run_20261005T135746863
CUST01751,3,"Everyday — Atta, Rice & Dal",marketing_run_20261005T135746863
CUST01752,1,Night-time — Sweets & Chocolates,marketing_run_20261005T135746863
CUST01753,2,Everyday — Gourmet & Organic,marketing_run_20261005T135746863
CUST01755,1,Night-time — Sweets & Chocolates,marketing_run_20261005T135746863
CUST01756,0,Big-basket · Premium-basket — Baby Care,marketing_run_20261005T135746863
CUST01757,3,"Everyday — Atta, Rice & Dal",marketing_run_20261005T135746863
CUST01758,3,"Everyday — Atta, Rice & Dal",marketing_run_20261005T135746863
CUST01759,0,Big-basket · Premium-basket — Baby Care,marketing_run_20261005T135746863
CUST01761,6,"Frequent · High-value — Atta, Rice & Dal",marketing_run_20261005T135746863
CUST01762,3,"Everyday — Atta, Rice & Dal",marketing_run_20261005T135746863
CUST01763,0,Big-basket · Premium-basket — Baby Care,marketing_run_20261005T135746863
CUST01765,3,"Everyday — Atta, Rice & Dal",marketing_run_20261005T135746863
CUST01766,6,"Frequent · High-value — Atta, Rice & Dal",marketing_run_20261005T135746863
CUST01767,3,"Everyday — Atta, Rice & Dal",marketing_run_20261005T135746863
CUST01769,3,"Everyday — Atta, Rice & Dal",marketing_run_20261005T135746863
CUST01770,3,"Everyday — Atta, Rice & Dal",marketing_run_20261005T135746863
CUST01771,6,"Frequent · High-value — Atta, Rice & Dal",marketing_run_20261005T135746863
CUST01773,1,Night-time — Sweets & Chocolates,marketing_run_20261005T135746863
CUST01774,3,"Everyday — Atta, Rice & Dal",marketing_run_20261005T135746863
CUST01775,3,"Everyday — Atta, Rice & Dal",marketing_run_20261005T135746863
CUST01776,3,"Everyday — Atta, Rice & Dal",marketing_run_20261005T135746863
CUST01777,6,"Frequent · High-value — Atta, Rice & Dal",marketing_run_20261005T135746863
CUST01778,0,Big-basket · Premium-basket — Baby Care,marketing_run_20261005T135746863
CUST01779,2,Everyday — Gourmet & Organic,marketing_run_20261005T135746863
CUST01780,2,Everyday — Gourmet & Organic,marketing_run_20261005T135746863
CUST01782,0,Big-basket · Premium-basket — Baby Care,marketing_run_20261005T135746863
CUST01784,3,"Everyday — Atta, Rice & Dal",marketing_run_20261005T135746863
CUST01785,4,Everyday — Health & Wellness,marketing_run_20261005T135746863
CUST01786,2,Everyday — Gourmet & Organic,marketing_run_20261005T135746863
CUST01787,0,Big-basket · Premium-basket — Baby Care,marketing_run_20261005T135746863
CUST01789,0,Big-basket · Premium-basket — Baby Care,marketing_run_20261005T135746863
CUST01790,0,Big-basket · Premium-basket — Baby Care,marketing_run_20261005T135746863
CUST01791,3,"Everyday — Atta, Rice & Dal",marketing_run_20261005T135746863
CUST01792,3,"Everyday — Atta, Rice & Dal",marketing_run_20261005T135746863
CUST01793,0,Big-basket · Premium-basket — Baby Care,marketing_run_20261005T135746863
CUST01794,0,Big-basket · Premium-basket — Baby Care,marketing_run_20261005T135746863
CUST01795,6,"Frequent · High-value — Atta, Rice & Dal",marketing_run_20261005T135746863
CUST01796,1,Night-time — Sweets & Chocolates,marketing_run_20261005T135746863
CUST01797,3,"Everyday — Atta, Rice & Dal",marketing_run_20261005T135746863
CUST01798,6,"Frequent · High-value — Atta, Rice & Dal",marketing_run_20261005T135746863
CUST01799,4,Everyday — Health & Wellness,marketing_run_20261005T135746863
CUST01800,6,"Frequent · High-value — Atta, Rice & Dal",marketing_run_20261005T135746863
CUST01801,2,Everyday — Gourmet & Organic,marketing_run_20261005T135746863
CUST01802,3,"Everyday — Atta, Rice & Dal",marketing_run_20261005T135746863
CUST01803,6,"Frequent · High-value — Atta, Rice & Dal",marketing_run_20261005T135746863
CUST01804,6,"Frequent · High-value — Atta, Rice & Dal",marketing_run_20261005T135746863
CUST01805,3,"Everyday — Atta, Rice & Dal",marketing_run_20261005T135746863
CUST01806,0,Big-basket · Premium-basket — Baby Care,marketing_run_20261005T135746863
CUST01807,3,"Everyday — Atta, Rice & Dal",marketing_run_20261005T135746863
CUST01809,1,Night-time — Sweets & Chocolates,marketing_run_20261005T135746863
CUST01810,1,Night-time — Sweets & Chocolates,marketing_run_20261005T135746863
CUST01811,0,Big-basket · Premium-basket — Baby Care,marketing_run_20261005T135746863
CUST01813,1,Night-time — Sweets & Chocolates,marketing_run_20261005T135746863
CUST01814,4,Everyday — Health & Wellness,marketing_run_20261005T135746863
CUST01815,0,Big-basket · Premium-basket — Baby Care,marketing_run_20261005T135746863
CUST01816,6,"Frequent · High-value — Atta, Rice & Dal",marketing_run_20261005T135746863
CUST01817,3,"Everyday — Atta, Rice & Dal",marketing_run_20261005T135746863
CUST01818,3,"Everyday — Atta, Rice & Dal",marketing_run_20261005T135746863
CUST01819,6,"Frequent · High-value — Atta, Rice & Dal",marketing_run_20261005T135746863
CUST01820,6,"Frequent · High-value — Atta, Rice & Dal",marketing_run_20261005T135746863
CUST01821,2,Everyday — Gourmet & Organic,marketing_run_20261005T135746863
CUST01822,5,Night-time — Instant & Frozen Food,marketing_run_20261005T135746863
CUST01823,0,Big-basket · Premium-basket — Baby Care,marketing_run_20261005T135746863
CUST01824,2,Everyday — Gourmet & Organic,marketing_run_20261005T135746863
CUST01825,6,"Frequent · High-value — Atta, Rice & Dal",marketing_run_20261005T135746863
CUST01827,0,Big-basket · Premium-basket — Baby Care,marketing_run_20261005T135746863
CUST01828,6,"Frequent · High-value — Atta, Rice & Dal",marketing_run_20261005T135746863
CUST01829,6,"Frequent · High-value — Atta, Rice & Dal",marketing_run_20261005T135746863
CUST01830,6,"Frequent · High-value — Atta, Rice & Dal",marketing_run_20261005T135746863
CUST01831,6,"Frequent · High-value — Atta, Rice & Dal",marketing_run_20261005T135746863
CUST01832,4,Everyday — Health & Wellness,marketing_run_20261005T135746863
CUST01833,1,Night-time — Sweets & Chocolates,marketing_run_20261005T135746863
CUST01834,6,"Frequent · High-value — Atta, Rice & Dal",marketing_run_20261005T135746863
CUST01836,2,Everyday — Gourmet & Organic,marketing_run_20261005T135746863
CUST01837,2,Everyday — Gourmet & Organic,marketing_run_20261005T135746863
CUST01838,3,"Everyday — Atta, Rice & Dal",marketing_run_20261005T135746863
CUST01839,6,"Frequent · High-value — Atta, Rice & Dal",marketing_run_20261005T135746863
CUST01840,3,"Everyday — Atta, Rice & Dal",marketing_run_20261005T135746863
CUST01841,6,"Frequent · High-value — Atta, Rice & Dal",marketing_run_20261005T135746863
CUST01843,3,"Everyday — Atta, Rice & Dal",marketing_run_20261005T135746863
CUST01844,1,Night-time — Sweets & Chocolates,marketing_run_20261005T135746863
CUST01845,3,"Everyday — Atta, Rice & Dal",marketing_run_20261005T135746863
CUST01846,6,"Frequent · High-value — Atta, Rice & Dal",marketing_run_20261005T135746863
CUST01847,3,"Everyday — Atta, Rice & Dal",marketing_run_20261005T135746863
CUST01848,3,"Everyday — Atta, Rice & Dal",marketing_run_20261005T135746863
CUST01849,3,"Everyday — Atta, Rice & Dal",marketing_run_20261005T135746863
CUST01850,6,"Frequent · High-value — Atta, Rice & Dal",marketing_run_20261005T135746863
CUST01852,6,"Frequent · High-value — Atta, Rice & Dal",marketing_run_20261005T135746863
CUST01853,6,"Frequent · High-value — Atta, Rice & Dal",marketing_run_20261005T135746863
CUST01854,6,"Frequent · High-value — Atta, Rice & Dal",marketing_run_20261005T135746863
CUST01855,6,"Frequent · High-value — Atta, Rice & Dal",marketing_run_20261005T135746863
CUST01856,0,Big-basket · Premium-basket — Baby Care,marketing_run_20261005T135746863
CUST01857,1,Night-time — Sweets & Chocolates,marketing_run_20261005T135746863
CUST01858,0,Big-basket · Premium-basket — Baby Care,marketing_run_20261005T135746863
CUST01859,3,"Everyday — Atta, Rice & Dal",marketing_run_20261005T135746863
CUST01861,0,Big-basket · Premium-basket — Baby Care,marketing_run_20261005T135746863
CUST01862,6,"Frequent · High-value — Atta, Rice & Dal",marketing_run_20261005T135746863
CUST01864,2,Everyday — Gourmet & Organic,marketing_run_20261005T135746863
CUST01865,6,"Frequent · High-value — Atta, Rice & Dal",marketing_run_20261005T135746863
CUST01866,6,"Frequent · High-value — Atta, Rice & Dal",marketing_run_20261005T135746863
CUST01867,3,"Everyday — Atta, Rice & Dal",marketing_run_20261005T135746863
CUST01868,4,Everyday — Health & Wellness,marketing_run_20261005T135746863
CUST01869,6,"Frequent · High-value — Atta, Rice & Dal",marketing_run_20261005T135746863
CUST01870,2,Everyday — Gourmet & Organic,marketing_run_20261005T135746863
CUST01871,5,Night-time — Instant & Frozen Food,marketing_run_20261005T135746863
CUST01872,1,Night-time — Sweets & Chocolates,marketing_run_20261005T135746863
CUST01873,6,"Frequent · High-value — Atta, Rice & Dal",marketing_run_20261005T135746863
CUST01874,0,Big-basket · Premium-basket — Baby Care,marketing_run_20261005T135746863
CUST01876,2,Everyday — Gourmet & Organic,marketing_run_20261005T135746863
CUST01877,6,"Frequent · High-value — Atta, Rice & Dal",marketing_run_20261005T135746863
CUST01878,6,"Frequent · High-value — Atta, Rice & Dal",marketing_run_20261005T135746863
CUST01879,3,"Everyday — Atta, Rice & Dal",marketing_run_20261005T135746863
CUST01880,2,Everyday — Gourmet & Organic,marketing_run_20261005T135746863
CUST01881,4,Everyday — Health & Wellness,marketing_run_20261005T135746863
CUST01882,0,Big-basket · Premium-basket — Baby Care,marketing_run_20261005T135746863
CUST01883,6,"Frequent · High-value — Atta, Rice & Dal",marketing_run_20261005T135746863
CUST01884,1,Night-time — Sweets & Chocolates,marketing_run_20261005T135746863
CUST01885,4,Everyday — Health & Wellness,marketing_run_20261005T135746863
CUST01886,6,"Frequent · High-value — Atta, Rice & Dal",marketing_run_20261005T135746863
CUST01887,0,Big-basket · Premium-basket — Baby Care,marketing_run_20261005T135746863
CUST01888,6,"Frequent · High-value — Atta, Rice & Dal",marketing_run_20261005T135746863
CUST01889,6,"Frequent · High-value — Atta, Rice & Dal",marketing_run_20261005T135746863
CUST01890,2,Everyday — Gourmet & Organic,marketing_run_20261005T135746863
CUST01891,6,"Frequent · High-value — Atta, Rice & Dal",marketing_run_20261005T135746863
CUST01892,0,Big-basket · Premium-basket — Baby Care,marketing_run_20261005T135746863
CUST01894,3,"Everyday — Atta, Rice & Dal",marketing_run_20261005T135746863
CUST01895,1,Night-time — Sweets & Chocolates,marketing_run_20261005T135746863
CUST01896,5,Night-time — Instant & Frozen Food,marketing_run_20261005T135746863
CUST01897,3,"Everyday — Atta, Rice & Dal",marketing_run_20261005T135746863
CUST01898,6,"Frequent · High-value — Atta, Rice & Dal",marketing_run_20261005T135746863
CUST01899,3,"Everyday — Atta, Rice & Dal",marketing_run_20261005T135746863
CUST01900,2,Everyday — Gourmet & Organic,marketing_run_20261005T135746863
CUST01901,2,Everyday — Gourmet & Organic,marketing_run_20261005T135746863
CUST01902,0,Big-basket · Premium-basket — Baby Care,marketing_run_20261005T135746863
CUST01903,1,Night-time — Sweets & Chocolates,marketing_run_20261005T135746863
CUST01904,6,"Frequent · High-value — Atta, Rice & Dal",marketing_run_20261005T135746863
CUST01905,3,"Everyday — Atta, Rice & Dal",marketing_run_20261005T135746863
CUST01906,6,"Frequent · High-value — Atta, Rice & Dal",marketing_run_20261005T135746863
CUST01907,2,Everyday — Gourmet & Organic,marketing_run_20261005T135746863
CUST01908,0,Big-basket · Premium-basket — Baby Care,marketing_run_20261005T135746863
CUST01909,6,"Frequent · High-value — Atta, Rice & Dal",marketing_run_20261005T135746863
CUST01910,6,"Frequent · High-value — Atta, Rice & Dal",marketing_run_20261005T135746863
CUST01911,0,Big-basket · Premium-basket — Baby Care,marketing_run_20261005T135746863
CUST01912,0,Big-basket · Premium-basket — Baby Care,marketing_run_20261005T135746863
CUST01913,4,Everyday — Health & Wellness,marketing_run_20261005T135746863
CUST01914,3,"Everyday — Atta, Rice & Dal",marketing_run_20261005T135746863
CUST01915,0,Big-basket · Premium-basket — Baby Care,marketing_run_20261005T135746863
CUST01916,1,Night-time — Sweets & Chocolates,marketing_run_20261005T135746863
CUST01917,3,"Everyday — Atta, Rice & Dal",marketing_run_20261005T135746863
CUST01919,3,"Everyday — Atta, Rice & Dal",marketing_run_20261005T135746863
CUST01920,6,"Frequent · High-value — Atta, Rice & Dal",marketing_run_20261005T135746863
CUST01921,6,"Frequent · High-value — Atta, Rice & Dal",marketing_run_20261005T135746863
CUST01922,1,Night-time — Sweets & Chocolates,marketing_run_20261005T135746863
CUST01923,1,Night-time — Sweets & Chocolates,marketing_run_20261005T135746863
CUST01925,3,"Everyday — Atta, Rice & Dal",marketing_run_20261005T135746863
CUST01926,0,Big-basket · Premium-basket — Baby Care,marketing_run_20261005T135746863
CUST01927,3,"Everyday — Atta, Rice & Dal",marketing_run_20261005T135746863
CUST01928,0,Big-basket · Premium-basket — Baby Care,marketing_run_20261005T135746863
CUST01929,2,Everyday — Gourmet & Organic,marketing_run_20261005T135746863
CUST01930,2,Everyday — Gourmet & Organic,marketing_run_20261005T135746863
CUST01931,1,Night-time — Sweets & Chocolates,marketing_run_20261005T135746863
CUST01932,6,"Frequent · High-value — Atta, Rice & Dal",marketing_run_20261005T135746863
CUST01933,6,"Frequent · High-value — Atta, Rice & Dal",marketing_run_20261005T135746863
CUST01934,6,"Frequent · High-value — Atta, Rice & Dal",marketing_run_20261005T135746863
CUST01935,2,Everyday — Gourmet & Organic,marketing_run_20261005T135746863
CUST01936,2,Everyday — Gourmet & Organic,marketing_run_20261005T135746863
CUST01937,6,"Frequent · High-value — Atta, Rice & Dal",marketing_run_20261005T135746863
CUST01938,0,Big-basket · Premium-basket — Baby Care,marketing_run_20261005T135746863
CUST01939,2,Everyday — Gourmet & Organic,marketing_run_20261005T135746863
CUST01940,0,Big-basket · Premium-basket — Baby Care,marketing_run_20261005T135746863
CUST01941,0,Big-basket · Premium-basket — Baby Care,marketing_run_20261005T135746863
CUST01942,0,Big-basket · Premium-basket — Baby Care,marketing_run_20261005T135746863
CUST01943,3,"Everyday — Atta, Rice & Dal",marketing_run_20261005T135746863
CUST01944,4,Everyday — Health & Wellness,marketing_run_20261005T135746863
CUST01945,1,Night-time — Sweets & Chocolates,marketing_run_20261005T135746863
CUST01946,1,Night-time — Sweets & Chocolates,marketing_run_20261005T135746863
CUST01947,2,Everyday — Gourmet & Organic,marketing_run_20261005T135746863
CUST01948,3,"Everyday — Atta, Rice & Dal",marketing_run_20261005T135746863
CUST01949,6,"Frequent · High-value — Atta, Rice & Dal",marketing_run_20261005T135746863
CUST01950,3,"Everyday — Atta, Rice & Dal",marketing_run_20261005T135746863
CUST01951,0,Big-basket · Premium-basket — Baby Care,marketing_run_20261005T135746863
CUST01952,3,"Everyday — Atta, Rice & Dal",marketing_run_20261005T135746863
CUST01953,6,"Frequent · High-value — Atta, Rice & Dal",marketing_run_20261005T135746863
CUST01954,1,Night-time — Sweets & Chocolates,marketing_run_20261005T135746863
CUST01955,3,"Everyday — Atta, Rice & Dal",marketing_run_20261005T135746863
CUST01956,6,"Frequent · High-value — Atta, Rice & Dal",marketing_run_20261005T135746863
CUST01957,0,Big-basket · Premium-basket — Baby Care,marketing_run_20261005T135746863
CUST01958,3,"Everyday — Atta, Rice & Dal",marketing_run_20261005T135746863
CUST01960,3,"Everyday — Atta, Rice & Dal",marketing_run_20261005T135746863
CUST01961,6,"Frequent · High-value — Atta, Rice & Dal",marketing_run_20261005T135746863
CUST01962,6,"Frequent · High-value — Atta, Rice & Dal",marketing_run_20261005T135746863
CUST01963,0,Big-basket · Premium-basket — Baby Care,marketing_run_20261005T135746863
CUST01964,1,Night-time — Sweets & Chocolates,marketing_run_20261005T135746863
CUST01965,6,"Frequent · High-value — Atta, Rice & Dal",marketing_run_20261005T135746863
CUST01966,6,"Frequent · High-value — Atta, Rice & Dal",marketing_run_20261005T135746863
CUST01967,3,"Everyday — Atta, Rice & Dal",marketing_run_20261005T135746863
CUST01968,0,Big-basket · Premium-basket — Baby Care,marketing_run_20261005T135746863
CUST01969,6,"Frequent · High-value — Atta, Rice & Dal",marketing_run_20261005T135746863
CUST01970,1,Night-time — Sweets & Chocolates,marketing_run_20261005T135746863
CUST01971,6,"Frequent · High-value — Atta, Rice & Dal",marketing_run_20261005T135746863
CUST01972,4,Everyday — Health & Wellness,marketing_run_20261005T135746863
CUST01973,0,Big-basket · Premium-basket — Baby Care,marketing_run_20261005T135746863
CUST01974,1,Night-time — Sweets & Chocolates,marketing_run_20261005T135746863
CUST01975,3,"Everyday — Atta, Rice & Dal",marketing_run_20261005T135746863
CUST01976,6,"Frequent · High-value — Atta, Rice & Dal",marketing_run_20261005T135746863
CUST01977,3,"Everyday — Atta, Rice & Dal",marketing_run_20261005T135746863
CUST01978,0,Big-basket · Premium-basket — Baby Care,marketing_run_20261005T135746863
CUST01979,6,"Frequent · High-value — Atta, Rice & Dal",marketing_run_20261005T135746863
CUST01980,3,"Everyday — Atta, Rice & Dal",marketing_run_20261005T135746863
CUST01981,3,"Everyday — Atta, Rice & Dal",marketing_run_20261005T135746863
CUST01982,3,"Everyday — Atta, Rice & Dal",marketing_run_20261005T135746863
CUST01984,5,Night-time — Instant & Frozen Food,marketing_run_20261005T135746863
CUST01985,0,Big-basket · Premium-basket — Baby Care,marketing_run_20261005T135746863
CUST01986,2,Everyday — Gourmet & Organic,marketing_run_20261005T135746863
CUST01987,6,"Frequent · High-value — Atta, Rice & Dal",marketing_run_20261005T135746863
CUST01988,3,"Everyday — Atta, Rice & Dal",marketing_run_20261005T135746863
CUST01990,3,"Everyday — Atta, Rice & Dal",marketing_run_20261005T135746863
CUST01991,3,"Everyday — Atta, Rice & Dal",marketing_run_20261005T135746863
CUST01992,6,"Frequent · High-value — Atta, Rice & Dal",marketing_run_20261005T135746863
CUST01993,6,"Frequent · High-value — Atta, Rice & Dal",marketing_run_20261005T135746863
CUST01995,6,"Frequent · High-value — Atta, Rice & Dal",marketing_run_20261005T135746863
CUST01996,6,"Frequent · High-value — Atta, Rice & Dal",marketing_run_20261005T135746863
CUST01997,2,Everyday — Gourmet & Organic,marketing_run_20261005T135746863
CUST01998,0,Big-basket · Premium-basket — Baby Care,marketing_run_20261005T135746863
CUST01999,0,Big-basket · Premium-basket — Baby Care,marketing_run_20261005T135746863
CUST02000,6,"Frequent · High-value — Atta, Rice & Dal",marketing_run_20261005T135746863
CUST02001,2,Everyday — Gourmet & Organic,marketing_run_20261005T135746863
CUST02002,2,Everyday — Gourmet & Organic,marketing_run_20261005T135746863
CUST02003,0,Big-basket · Premium-basket — Baby Care,marketing_run_20261005T135746863
CUST02004,1,Night-time — Sweets & Chocolates,marketing_run_20261005T135746863
CUST02006,6,"Frequent · High-value — Atta, Rice & Dal",marketing_run_20261005T135746863
CUST02007,3,"Everyday — Atta, Rice & Dal",marketing_run_20261005T135746863
CUST02008,1,Night-time — Sweets & Chocolates,marketing_run_20261005T135746863
CUST02009,6,"Frequent · High-value — Atta, Rice & Dal",marketing_run_20261005T135746863
CUST02011,0,Big-basket · Premium-basket — Baby Care,marketing_run_20261005T135746863
CUST02012,1,Night-time — Sweets & Chocolates,marketing_run_20261005T135746863
CUST02013,6,"Frequent · High-value — Atta, Rice & Dal",marketing_run_20261005T135746863
CUST02014,2,Everyday — Gourmet & Organic,marketing_run_20261005T135746863
CUST02015,3,"Everyday — Atta, Rice & Dal",marketing_run_20261005T135746863
CUST02016,1,Night-time — Sweets & Chocolates,marketing_run_20261005T135746863
CUST02017,3,"Everyday — Atta, Rice & Dal",marketing_run_20261005T135746863
CUST02018,1,Night-time — Sweets & Chocolates,marketing_run_20261005T135746863
CUST02020,4,Everyday — Health & Wellness,marketing_run_20261005T135746863
CUST02023,6,"Frequent · High-value — Atta, Rice & Dal",marketing_run_20261005T135746863
CUST02024,0,Big-basket · Premium-basket — Baby Care,marketing_run_20261005T135746863
CUST02025,6,"Frequent · High-value — Atta, Rice & Dal",marketing_run_20261005T135746863
CUST02026,4,Everyday — Health & Wellness,marketing_run_20261005T135746863
CUST02027,6,"Frequent · High-value — Atta, Rice & Dal",marketing_run_20261005T135746863
CUST02028,6,"Frequent · High-value — Atta, Rice & Dal",marketing_run_20261005T135746863
CUST02029,3,"Everyday — Atta, Rice & Dal",marketing_run_20261005T135746863
CUST02031,6,"Frequent · High-value — Atta, Rice & Dal",marketing_run_20261005T135746863
CUST02032,3,"Everyday — Atta, Rice & Dal",marketing_run_20261005T135746863
CUST02033,6,"Frequent · High-value — Atta, Rice & Dal",marketing_run_20261005T135746863
CUST02035,6,"Frequent · High-value — Atta, Rice & Dal",marketing_run_20261005T135746863
CUST02036,6,"Frequent · High-value — Atta, Rice & Dal",marketing_run_20261005T135746863
CUST02037,1,Night-time — Sweets & Chocolates,marketing_run_20261005T135746863
CUST02038,6,"Frequent · High-value — Atta, Rice & Dal",marketing_run_20261005T135746863
CUST02039,1,Night-time — Sweets & Chocolates,marketing_run_20261005T135746863
CUST02040,2,Everyday — Gourmet & Organic,marketing_run_20261005T135746863
CUST02041,0,Big-basket · Premium-basket — Baby Care,marketing_run_20261005T135746863
CUST02042,0,Big-basket · Premium-basket — Baby Care,marketing_run_20261005T135746863
CUST02043,6,"Frequent · High-value — Atta, Rice & Dal",marketing_run_20261005T135746863
CUST02044,1,Night-time — Sweets & Chocolates,marketing_run_20261005T135746863
CUST02045,6,"Frequent · High-value — Atta, Rice & Dal",marketing_run_20261005T135746863
CUST02046,3,"Everyday — Atta, Rice & Dal",marketing_run_20261005T135746863
CUST02047,2,Everyday — Gourmet & Organic,marketing_run_20261005T135746863
CUST02048,6,"Frequent · High-value — Atta, Rice & Dal",marketing_run_20261005T135746863
CUST02049,6,"Frequent · High-value — Atta, Rice & Dal",marketing_run_20261005T135746863
CUST02050,1,Night-time — Sweets & Chocolates,marketing_run_20261005T135746863
CUST02051,3,"Everyday — Atta, Rice & Dal",marketing_run_20261005T135746863
CUST02052,6,"Frequent · High-value — Atta, Rice & Dal",marketing_run_20261005T135746863
CUST02053,3,"Everyday — Atta, Rice & Dal",marketing_run_20261005T135746863
CUST02054,0,Big-basket · Premium-basket — Baby Care,marketing_run_20261005T135746863
CUST02055,4,Everyday — Health & Wellness,marketing_run_20261005T135746863
CUST02056,0,Big-basket · Premium-basket — Baby Care,marketing_run_20261005T135746863
CUST02057,6,"Frequent · High-value — Atta, Rice & Dal",marketing_run_20261005T135746863
CUST02058,6,"Frequent · High-value — Atta, Rice & Dal",marketing_run_20261005T135746863
CUST02059,1,Night-time — Sweets & Chocolates,marketing_run_20261005T135746863
CUST02060,6,"Frequent · High-value — Atta, Rice & Dal",marketing_run_20261005T135746863
CUST02061,3,"Everyday — Atta, Rice & Dal",marketing_run_20261005T135746863
CUST02062,6,"Frequent · High-value — Atta, Rice & Dal",marketing_run_20261005T135746863
CUST02063,0,Big-basket · Premium-basket — Baby Care,marketing_run_20261005T135746863
CUST02064,1,Night-time — Sweets & Chocolates,marketing_run_20261005T135746863
CUST02065,6,"Frequent · High-value — Atta, Rice & Dal",marketing_run_20261005T135746863
CUST02066,0,Big-basket · Premium-basket — Baby Care,marketing_run_20261005T135746863
CUST02067,0,Big-basket · Premium-basket — Baby Care,marketing_run_20261005T135746863
CUST02068,0,Big-basket · Premium-basket — Baby Care,marketing_run_20261005T135746863
CUST02069,2,Everyday — Gourmet & Organic,marketing_run_20261005T135746863
CUST02070,6,"Frequent · High-value — Atta, Rice & Dal",marketing_run_20261005T135746863
CUST02071,6,"Frequent · High-value — Atta, Rice & Dal",marketing_run_20261005T135746863
CUST02072,2,Everyday — Gourmet & Organic,marketing_run_20261005T135746863
CUST02073,0,Big-basket · Premium-basket — Baby Care,marketing_run_20261005T135746863
CUST02074,6,"Frequent · High-value — Atta, Rice & Dal",marketing_run_20261005T135746863
CUST02075,1,Night-time — Sweets & Chocolates,marketing_run_20261005T135746863
CUST02076,1,Night-time — Sweets & Chocolates,marketing_run_20261005T135746863
CUST02077,1,Night-time — Sweets & Chocolates,marketing_run_20261005T135746863
CUST02079,4,Everyday — Health & Wellness,marketing_run_20261005T135746863
CUST02080,1,Night-time — Sweets & Chocolates,marketing_run_20261005T135746863
CUST02081,3,"Everyday — Atta, Rice & Dal",marketing_run_20261005T135746863
CUST02082,3,"Everyday — Atta, Rice & Dal",marketing_run_20261005T135746863
CUST02083,3,"Everyday — Atta, Rice & Dal",marketing_run_20261005T135746863
CUST02084,4,Everyday — Health & Wellness,marketing_run_20261005T135746863
CUST02085,2,Everyday — Gourmet & Organic,marketing_run_20261005T135746863
CUST02086,1,Night-time — Sweets & Chocolates,marketing_run_20261005T135746863
CUST02087,0,Big-basket · Premium-basket — Baby Care,marketing_run_20261005T135746863
CUST02088,6,"Frequent · High-value — Atta, Rice & Dal",marketing_run_20261005T135746863
CUST02089,6,"Frequent · High-value — Atta, Rice & Dal",marketing_run_20261005T135746863
CUST02090,0,Big-basket · Premium-basket — Baby Care,marketing_run_20261005T135746863
CUST02091,2,Everyday — Gourmet & Organic,marketing_run_20261005T135746863
CUST02092,1,Night-time — Sweets & Chocolates,marketing_run_20261005T135746863
CUST02093,0,Big-basket · Premium-basket — Baby Care,marketing_run_20261005T135746863
CUST02094,3,"Everyday — Atta, Rice & Dal",marketing_run_20261005T135746863
CUST02095,6,"Frequent · High-value — Atta, Rice & Dal",marketing_run_20261005T135746863
CUST02096,0,Big-basket · Premium-basket — Baby Care,marketing_run_20261005T135746863
CUST02097,6,"Frequent · High-value — Atta, Rice & Dal",marketing_run_20261005T135746863
CUST02098,1,Night-time — Sweets & Chocolates,marketing_run_20261005T135746863
CUST02099,0,Big-basket · Premium-basket — Baby Care,marketing_run_20261005T135746863
CUST02100,2,Everyday — Gourmet & Organic,marketing_run_20261005T135746863
CUST02101,0,Big-basket · Premium-basket — Baby Care,marketing_run_20261005T135746863
CUST02102,0,Big-basket · Premium-basket — Baby Care,marketing_run_20261005T135746863
CUST02103,2,Everyday — Gourmet & Organic,marketing_run_20261005T135746863
CUST02104,6,"Frequent · High-value — Atta, Rice & Dal",marketing_run_20261005T135746863
CUST02105,3,"Everyday — Atta, Rice & Dal",marketing_run_20261005T135746863
CUST02106,2,Everyday — Gourmet & Organic,marketing_run_20261005T135746863
CUST02107,2,Everyday — Gourmet & Organic,marketing_run_20261005T135746863
CUST02108,5,Night-time — Instant & Frozen Food,marketing_run_20261005T135746863
CUST02109,3,"Everyday — Atta, Rice & Dal",marketing_run_20261005T135746863
CUST02110,3,"Everyday — Atta, Rice & Dal",marketing_run_20261005T135746863
CUST02111,3,"Everyday — Atta, Rice & Dal",marketing_run_20261005T135746863
CUST02112,6,"Frequent · High-value — Atta, Rice & Dal",marketing_run_20261005T135746863
CUST02113,6,"Frequent · High-value — Atta, Rice & Dal",marketing_run_20261005T135746863
CUST02114,2,Everyday — Gourmet & Organic,marketing_run_20261005T135746863
CUST02115,0,Big-basket · Premium-basket — Baby Care,marketing_run_20261005T135746863
CUST02116,1,Night-time — Sweets & Chocolates,marketing_run_20261005T135746863
CUST02118,1,Night-time — Sweets & Chocolates,marketing_run_20261005T135746863
CUST02119,0,Big-basket · Premium-basket — Baby Care,marketing_run_20261005T135746863
CUST02120,1,Night-time — Sweets & Chocolates,marketing_run_20261005T135746863
CUST02121,3,"Everyday — Atta, Rice & Dal",marketing_run_20261005T135746863
CUST02122,6,"Frequent · High-value — Atta, Rice & Dal",marketing_run_20261005T135746863
CUST02123,6,"Frequent · High-value — Atta, Rice & Dal",marketing_run_20261005T135746863
CUST02124,2,Everyday — Gourmet & Organic,marketing_run_20261005T135746863
CUST02125,6,"Frequent · High-value — Atta, Rice & Dal",marketing_run_20261005T135746863
CUST02126,6,"Frequent · High-value — Atta, Rice & Dal",marketing_run_20261005T135746863
CUST02127,3,"Everyday — Atta, Rice & Dal",marketing_run_20261005T135746863
CUST02128,6,"Frequent · High-value — Atta, Rice & Dal",marketing_run_20261005T135746863
CUST02129,0,Big-basket · Premium-basket — Baby Care,marketing_run_20261005T135746863
CUST02130,0,Big-basket · Premium-basket — Baby Care,marketing_run_20261005T135746863
CUST02131,1,Night-time — Sweets & Chocolates,marketing_run_20261005T135746863
CUST02132,0,Big-basket · Premium-basket — Baby Care,marketing_run_20261005T135746863
CUST02133,3,"Everyday — Atta, Rice & Dal",marketing_run_20261005T135746863
CUST02134,1,Night-time — Sweets & Chocolates,marketing_run_20261005T135746863
CUST02135,1,Night-time — Sweets & Chocolates,marketing_run_20261005T135746863
CUST02136,6,"Frequent · High-value — Atta, Rice & Dal",marketing_run_20261005T135746863
CUST02137,0,Big-basket · Premium-basket — Baby Care,marketing_run_20261005T135746863
CUST02138,4,Everyday — Health & Wellness,marketing_run_20261005T135746863
CUST02139,3,"Everyday — Atta, Rice & Dal",marketing_run_20261005T135746863
CUST02141,3,"Everyday — Atta, Rice & Dal",marketing_run_20261005T135746863
CUST02142,4,Everyday — Health & Wellness,marketing_run_20261005T135746863
CUST02143,0,Big-basket · Premium-basket — Baby Care,marketing_run_20261005T135746863
CUST02144,0,Big-basket · Premium-basket — Baby Care,marketing_run_20261005T135746863
CUST02146,3,"Everyday — Atta, Rice & Dal",marketing_run_20261005T135746863
CUST02147,1,Night-time — Sweets & Chocolates,marketing_run_20261005T135746863
CUST02148,6,"Frequent · High-value — Atta, Rice & Dal",marketing_run_20261005T135746863
CUST02149,3,"Everyday — Atta, Rice & Dal",marketing_run_20261005T135746863
CUST02150,6,"Frequent · High-value — Atta, Rice & Dal",marketing_run_20261005T135746863
CUST02151,6,"Frequent · High-value — Atta, Rice & Dal",marketing_run_20261005T135746863
CUST02152,6,"Frequent · High-value — Atta, Rice & Dal",marketing_run_20261005T135746863
CUST02154,1,Night-time — Sweets & Chocolates,marketing_run_20261005T135746863
CUST02155,3,"Everyday — Atta, Rice & Dal",marketing_run_20261005T135746863
CUST02156,6,"Frequent · High-value — Atta, Rice & Dal",marketing_run_20261005T135746863
CUST02157,6,"Frequent · High-value — Atta, Rice & Dal",marketing_run_20261005T135746863
CUST02158,0,Big-basket · Premium-basket — Baby Care,marketing_run_20261005T135746863
CUST02159,6,"Frequent · High-value — Atta, Rice & Dal",marketing_run_20261005T135746863
CUST02160,3,"Everyday — Atta, Rice & Dal",marketing_run_20261005T135746863
CUST02162,6,"Frequent · High-value — Atta, Rice & Dal",marketing_run_20261005T135746863
CUST02163,2,Everyday — Gourmet & Organic,marketing_run_20261005T135746863
CUST02164,2,Everyday — Gourmet & Organic,marketing_run_20261005T135746863
CUST02166,2,Everyday — Gourmet & Organic,marketing_run_20261005T135746863
CUST02167,3,"Everyday — Atta, Rice & Dal",marketing_run_20261005T135746863
CUST02168,1,Night-time — Sweets & Chocolates,marketing_run_20261005T135746863
CUST02169,4,Everyday — Health & Wellness,marketing_run_20261005T135746863
CUST02171,0,Big-basket · Premium-basket — Baby Care,marketing_run_20261005T135746863
CUST02172,3,"Everyday — Atta, Rice & Dal",marketing_run_20261005T135746863
CUST02173,4,Everyday — Health & Wellness,marketing_run_20261005T135746863
CUST02174,1,Night-time — Sweets & Chocolates,marketing_run_20261005T135746863
CUST02175,6,"Frequent · High-value — Atta, Rice & Dal",marketing_run_20261005T135746863
CUST02176,5,Night-time — Instant & Frozen Food,marketing_run_20261005T135746863
CUST02177,1,Night-time — Sweets & Chocolates,marketing_run_20261005T135746863
CUST02178,0,Big-basket · Premium-basket — Baby Care,marketing_run_20261005T135746863
CUST02179,3,"Everyday — Atta, Rice & Dal",marketing_run_20261005T135746863
CUST02180,1,Night-time — Sweets & Chocolates,marketing_run_20261005T135746863
CUST02181,6,"Frequent · High-value — Atta, Rice & Dal",marketing_run_20261005T135746863
CUST02182,1,Night-time — Sweets & Chocolates,marketing_run_20261005T135746863
CUST02183,0,Big-basket · Premium-basket — Baby Care,marketing_run_20261005T135746863
CUST02184,2,Everyday — Gourmet & Organic,marketing_run_20261005T135746863
CUST02185,6,"Frequent · High-value — Atta, Rice & Dal",marketing_run_20261005T135746863
CUST02186,3,"Everyday — Atta, Rice & Dal",marketing_run_20261005T135746863
CUST02187,6,"Frequent · High-value — Atta, Rice & Dal",marketing_run_20261005T135746863
CUST02189,0,Big-basket · Premium-basket — Baby Care,marketing_run_20261005T135746863
CUST02190,3,"Everyday — Atta, Rice & Dal",marketing_run_20261005T135746863
CUST02192,6,"Frequent · High-value — Atta, Rice & Dal",marketing_run_20261005T135746863
CUST02193,1,Night-time — Sweets & Chocolates,marketing_run_20261005T135746863
CUST02194,1,Night-time — Sweets & Chocolates,marketing_run_20261005T135746863
CUST02195,1,Night-time — Sweets & Chocolates,marketing_run_20261005T135746863
CUST02196,4,Everyday — Health & Wellness,marketing_run_20261005T135746863
CUST02198,2,Everyday — Gourmet & Organic,marketing_run_20261005T135746863
CUST02199,6,"Frequent · High-value — Atta, Rice & Dal",marketing_run_20261005T135746863
CUST02200,6,"Frequent · High-value — Atta, Rice & Dal",marketing_run_20261005T135746863
CUST02201,4,Everyday — Health & Wellness,marketing_run_20261005T135746863
CUST02202,3,"Everyday — Atta, Rice & Dal",marketing_run_20261005T135746863
CUST02203,3,"Everyday — Atta, Rice & Dal",marketing_run_20261005T135746863
CUST02204,3,"Everyday — Atta, Rice & Dal",marketing_run_20261005T135746863
CUST02205,6,"Frequent · High-value — Atta, Rice & Dal",marketing_run_20261005T135746863
CUST02206,1,Night-time — Sweets & Chocolates,marketing_run_20261005T135746863
CUST02207,3,"Everyday — Atta, Rice & Dal",marketing_run_20261005T135746863
CUST02208,6,"Frequent · High-value — Atta, Rice & Dal",marketing_run_20261005T135746863
CUST02209,3,"Everyday — Atta, Rice & Dal",marketing_run_20261005T135746863
CUST02210,4,Everyday — Health & Wellness,marketing_run_20261005T135746863
CUST02211,3,"Everyday — Atta, Rice & Dal",marketing_run_20261005T135746863
CUST02212,6,"Frequent · High-value — Atta, Rice & Dal",marketing_run_20261005T135746863
CUST02213,2,Everyday — Gourmet & Organic,marketing_run_20261005T135746863
CUST02214,6,"Frequent · High-value — Atta, Rice & Dal",marketing_run_20261005T135746863
CUST02215,1,Night-time — Sweets & Chocolates,marketing_run_20261005T135746863
CUST02216,2,Everyday — Gourmet & Organic,marketing_run_20261005T135746863
CUST02217,6,"Frequent · High-value — Atta, Rice & Dal",marketing_run_20261005T135746863
CUST02218,1,Night-time — Sweets & Chocolates,marketing_run_20261005T135746863
CUST02219,2,Everyday — Gourmet & Organic,marketing_run_20261005T135746863
CUST02220,0,Big-basket · Premium-basket — Baby Care,marketing_run_20261005T135746863
CUST02221,6,"Frequent · High-value — Atta, Rice & Dal",marketing_run_20261005T135746863
CUST02222,3,"Everyday — Atta, Rice & Dal",marketing_run_20261005T135746863
CUST02223,2,Everyday — Gourmet & Organic,marketing_run_20261005T135746863
CUST02224,6,"Frequent · High-value — Atta, Rice & Dal",marketing_run_20261005T135746863
CUST02225,2,Everyday — Gourmet & Organic,marketing_run_20261005T135746863
CUST02226,1,Night-time — Sweets & Chocolates,marketing_run_20261005T135746863
CUST02227,0,Big-basket · Premium-basket — Baby Care,marketing_run_20261005T135746863
CUST02228,3,"Everyday — Atta, Rice & Dal",marketing_run_20261005T135746863
CUST02229,6,"Frequent · High-value — Atta, Rice & Dal",marketing_run_20261005T135746863
CUST02231,1,Night-time — Sweets & Chocolates,marketing_run_20261005T135746863
CUST02232,1,Night-time — Sweets & Chocolates,marketing_run_20261005T135746863
CUST02233,0,Big-basket · Premium-basket — Baby Care,marketing_run_20261005T135746863
CUST02234,0,Big-basket · Premium-basket — Baby Care,marketing_run_20261005T135746863
CUST02235,1,Night-time — Sweets & Chocolates,marketing_run_20261005T135746863
CUST02236,2,Everyday — Gourmet & Organic,marketing_run_20261005T135746863
CUST02237,5,Night-time — Instant & Frozen Food,marketing_run_20261005T135746863
CUST02238,0,Big-basket · Premium-basket — Baby Care,marketing_run_20261005T135746863
CUST02239,1,Night-time — Sweets & Chocolates,marketing_run_20261005T135746863
CUST02240,4,Everyday — Health & Wellness,marketing_run_20261005T135746863
CUST02241,1,Night-time — Sweets & Chocolates,marketing_run_20261005T135746863
CUST02242,6,"Frequent · High-value — Atta, Rice & Dal",marketing_run_20261005T135746863
CUST02243,0,Big-basket · Premium-basket — Baby Care,marketing_run_20261005T135746863
CUST02244,3,"Everyday — Atta, Rice & Dal",marketing_run_20261005T135746863
CUST02245,4,Everyday — Health & Wellness,marketing_run_20261005T135746863
CUST02246,1,Night-time — Sweets & Chocolates,marketing_run_20261005T135746863
CUST02247,0,Big-basket · Premium-basket — Baby Care,marketing_run_20261005T135746863
CUST02249,3,"Everyday — Atta, Rice & Dal",marketing_run_20261005T135746863
CUST02250,5,Night-time — Instant & Frozen Food,marketing_run_20261005T135746863
CUST02251,6,"Frequent · High-value — Atta, Rice & Dal",marketing_run_20261005T135746863
CUST02252,6,"Frequent · High-value — Atta, Rice & Dal",marketing_run_20261005T135746863
CUST02253,3,"Everyday — Atta, Rice & Dal",marketing_run_20261005T135746863
CUST02255,3,"Everyday — Atta, Rice & Dal",marketing_run_20261005T135746863
CUST02256,6,"Frequent · High-value — Atta, Rice & Dal",marketing_run_20261005T135746863
CUST02257,2,Everyday — Gourmet & Organic,marketing_run_20261005T135746863
CUST02258,1,Night-time — Sweets & Chocolates,marketing_run_20261005T135746863
CUST02259,0,Big-basket · Premium-basket — Baby Care,marketing_run_20261005T135746863
CUST02260,6,"Frequent · High-value — Atta, Rice & Dal",marketing_run_20261005T135746863
CUST02261,3,"Everyday — Atta, Rice & Dal",marketing_run_20261005T135746863
CUST02263,3,"Everyday — Atta, Rice & Dal",marketing_run_20261005T135746863
CUST02264,6,"Frequent · High-value — Atta, Rice & Dal",marketing_run_20261005T135746863
CUST02265,3,"Everyday — Atta, Rice & Dal",marketing_run_20261005T135746863
CUST02266,1,Night-time — Sweets & Chocolates,marketing_run_20261005T135746863
CUST02267,2,Everyday — Gourmet & Organic,marketing_run_20261005T135746863
CUST02268,6,"Frequent · High-value — Atta, Rice & Dal",marketing_run_20261005T135746863
CUST02269,2,Everyday — Gourmet & Organic,marketing_run_20261005T135746863
CUST02270,6,"Frequent · High-value — Atta, Rice & Dal",marketing_run_20261005T135746863
CUST02271,6,"Frequent · High-value — Atta, Rice & Dal",marketing_run_20261005T135746863
CUST02272,2,Everyday — Gourmet & Organic,marketing_run_20261005T135746863
CUST02273,2,Everyday — Gourmet & Organic,marketing_run_20261005T135746863
CUST02274,0,Big-basket · Premium-basket — Baby Care,marketing_run_20261005T135746863
CUST02276,1,Night-time — Sweets & Chocolates,marketing_run_20261005T135746863
CUST02277,6,"Frequent · High-value — Atta, Rice & Dal",marketing_run_20261005T135746863
CUST02278,2,Everyday — Gourmet & Organic,marketing_run_20261005T135746863
CUST02279,6,"Frequent · High-value — Atta, Rice & Dal",marketing_run_20261005T135746863
CUST02280,0,Big-basket · Premium-basket — Baby Care,marketing_run_20261005T135746863
CUST02281,4,Everyday — Health & Wellness,marketing_run_20261005T135746863
CUST02282,0,Big-basket · Premium-basket — Baby Care,marketing_run_20261005T135746863
CUST02283,0,Big-basket · Premium-basket — Baby Care,marketing_run_20261005T135746863
CUST02284,6,"Frequent · High-value — Atta, Rice & Dal",marketing_run_20261005T135746863
CUST02285,4,Everyday — Health & Wellness,marketing_run_20261005T135746863
CUST02286,0,Big-basket · Premium-basket — Baby Care,marketing_run_20261005T135746863
CUST02287,6,"Frequent · High-value — Atta, Rice & Dal",marketing_run_20261005T135746863
CUST02288,1,Night-time — Sweets & Chocolates,marketing_run_20261005T135746863
CUST02289,0,Big-basket · Premium-basket — Baby Care,marketing_run_20261005T135746863
CUST02290,6,"Frequent · High-value — Atta, Rice & Dal",marketing_run_20261005T135746863
CUST02291,3,"Everyday — Atta, Rice & Dal",marketing_run_20261005T135746863
CUST02293,0,Big-basket · Premium-basket — Baby Care,marketing_run_20261005T135746863
CUST02294,3,"Everyday — Atta, Rice & Dal",marketing_run_20261005T135746863
CUST02296,6,"Frequent · High-value — Atta, Rice & Dal",marketing_run_20261005T135746863
CUST02297,2,Everyday — Gourmet & Organic,marketing_run_20261005T135746863
CUST02298,0,Big-basket · Premium-basket — Baby Care,marketing_run_20261005T135746863
CUST02299,0,Big-basket · Premium-basket — Baby Care,marketing_run_20261005T135746863
CUST02300,2,Everyday — Gourmet & Organic,marketing_run_20261005T135746863
CUST02301,1,Night-time — Sweets & Chocolates,marketing_run_20261005T135746863
CUST02302,0,Big-basket · Premium-basket — Baby Care,marketing_run_20261005T135746863
CUST02303,3,"Everyday — Atta, Rice & Dal",marketing_run_20261005T135746863
CUST02304,6,"Frequent · High-value — Atta, Rice & Dal",marketing_run_20261005T135746863
CUST02305,1,Night-time — Sweets & Chocolates,marketing_run_20261005T135746863
CUST02307,1,Night-time — Sweets & Chocolates,marketing_run_20261005T135746863
CUST02308,0,Big-basket · Premium-basket — Baby Care,marketing_run_20261005T135746863
CUST02309,0,Big-basket · Premium-basket — Baby Care,marketing_run_20261005T135746863
CUST02310,0,Big-basket · Premium-basket — Baby Care,marketing_run_20261005T135746863
CUST02311,3,"Everyday — Atta, Rice & Dal",marketing_run_20261005T135746863
CUST02312,3,"Everyday — Atta, Rice & Dal",marketing_run_20261005T135746863
CUST02313,3,"Everyday — Atta, Rice & Dal",marketing_run_20261005T135746863
CUST02314,6,"Frequent · High-value — Atta, Rice & Dal",marketing_run_20261005T135746863
CUST02316,0,Big-basket · Premium-basket — Baby Care,marketing_run_20261005T135746863
CUST02317,6,"Frequent · High-value — Atta, Rice & Dal",marketing_run_20261005T135746863
CUST02318,3,"Everyday — Atta, Rice & Dal",marketing_run_20261005T135746863
CUST02319,0,Big-basket · Premium-basket — Baby Care,marketing_run_20261005T135746863
CUST02320,0,Big-basket · Premium-basket — Baby Care,marketing_run_20261005T135746863
CUST02321,6,"Frequent · High-value — Atta, Rice & Dal",marketing_run_20261005T135746863
CUST02322,5,Night-time — Instant & Frozen Food,marketing_run_20261005T135746863
CUST02323,3,"Everyday — Atta, Rice & Dal",marketing_run_20261005T135746863
CUST02324,3,"Everyday — Atta, Rice & Dal",marketing_run_20261005T135746863
CUST02325,0,Big-basket · Premium-basket — Baby Care,marketing_run_20261005T135746863
CUST02327,1,Night-time — Sweets & Chocolates,marketing_run_20261005T135746863
CUST02328,1,Night-time — Sweets & Chocolates,marketing_run_20261005T135746863
CUST02329,3,"Everyday — Atta, Rice & Dal",marketing_run_20261005T135746863
CUST02331,6,"Frequent · High-value — Atta, Rice & Dal",marketing_run_20261005T135746863
CUST02332,4,Everyday — Health & Wellness,marketing_run_20261005T135746863
CUST02333,5,Night-time — Instant & Frozen Food,marketing_run_20261005T135746863
CUST02334,1,Night-time — Sweets & Chocolates,marketing_run_20261005T135746863
CUST02335,2,Everyday — Gourmet & Organic,marketing_run_20261005T135746863
CUST02336,0,Big-basket · Premium-basket — Baby Care,marketing_run_20261005T135746863
CUST02337,6,"Frequent · High-value — Atta, Rice & Dal",marketing_run_20261005T135746863
CUST02338,2,Everyday — Gourmet & Organic,marketing_run_20261005T135746863
CUST02339,0,Big-basket · Premium-basket — Baby Care,marketing_run_20261005T135746863
CUST02340,3,"Everyday — Atta, Rice & Dal",marketing_run_20261005T135746863
CUST02341,6,"Frequent · High-value — Atta, Rice & Dal",marketing_run_20261005T135746863
CUST02342,4,Everyday — Health & Wellness,marketing_run_20261005T135746863
CUST02343,6,"Frequent · High-value — Atta, Rice & Dal",marketing_run_20261005T135746863
CUST02344,5,Night-time — Instant & Frozen Food,marketing_run_20261005T135746863
CUST02345,6,"Frequent · High-value — Atta, Rice & Dal",marketing_run_20261005T135746863
CUST02346,3,"Everyday — Atta, Rice & Dal",marketing_run_20261005T135746863
CUST02347,3,"Everyday — Atta, Rice & Dal",marketing_run_20261005T135746863
CUST02348,6,"Frequent · High-value — Atta, Rice & Dal",marketing_run_20261005T135746863
CUST02349,5,Night-time — Instant & Frozen Food,marketing_run_20261005T135746863
CUST02350,3,"Everyday — Atta, Rice & Dal",marketing_run_20261005T135746863
CUST02351,0,Big-basket · Premium-basket — Baby Care,marketing_run_20261005T135746863
CUST02353,3,"Everyday — Atta, Rice & Dal",marketing_run_20261005T135746863
CUST02354,3,"Everyday — Atta, Rice & Dal",marketing_run_20261005T135746863
CUST02355,6,"Frequent · High-value — Atta, Rice & Dal",marketing_run_20261005T135746863
CUST02356,0,Big-basket · Premium-basket — Baby Care,marketing_run_20261005T135746863
CUST02357,0,Big-basket · Premium-basket — Baby Care,marketing_run_20261005T135746863
CUST02358,2,Everyday — Gourmet & Organic,marketing_run_20261005T135746863
CUST02359,0,Big-basket · Premium-basket — Baby Care,marketing_run_20261005T135746863
CUST02360,3,"Everyday — Atta, Rice & Dal",marketing_run_20261005T135746863
CUST02361,0,Big-basket · Premium-basket — Baby Care,marketing_run_20261005T135746863
CUST02362,0,Big-basket · Premium-basket — Baby Care,marketing_run_20261005T135746863
CUST02363,6,"Frequent · High-value — Atta, Rice & Dal",marketing_run_20261005T135746863
CUST02364,6,"Frequent · High-value — Atta, Rice & Dal",marketing_run_20261005T135746863
CUST02365,3,"Everyday — Atta, Rice & Dal",marketing_run_20261005T135746863
CUST02366,6,"Frequent · High-value — Atta, Rice & Dal",marketing_run_20261005T135746863
CUST02367,4,Everyday — Health & Wellness,marketing_run_20261005T135746863
CUST02368,0,Big-basket · Premium-basket — Baby Care,marketing_run_20261005T135746863
CUST02369,3,"Everyday — Atta, Rice & Dal",marketing_run_20261005T135746863
CUST02370,3,"Everyday — Atta, Rice & Dal",marketing_run_20261005T135746863
CUST02371,6,"Frequent · High-value — Atta, Rice & Dal",marketing_run_20261005T135746863
CUST02372,3,"Everyday — Atta, Rice & Dal",marketing_run_20261005T135746863
CUST02373,2,Everyday — Gourmet & Organic,marketing_run_20261005T135746863
CUST02374,1,Night-time — Sweets & Chocolates,marketing_run_20261005T135746863
CUST02375,2,Everyday — Gourmet & Organic,marketing_run_20261005T135746863
CUST02376,6,"Frequent · High-value — Atta, Rice & Dal",marketing_run_20261005T135746863
CUST02377,0,Big-basket · Premium-basket — Baby Care,marketing_run_20261005T135746863
CUST02379,3,"Everyday — Atta, Rice & Dal",marketing_run_20261005T135746863
CUST02380,0,Big-basket · Premium-basket — Baby Care,marketing_run_20261005T135746863
CUST02382,0,Big-basket · Premium-basket — Baby Care,marketing_run_20261005T135746863
CUST02383,6,"Frequent · High-value — Atta, Rice & Dal",marketing_run_20261005T135746863
CUST02384,0,Big-basket · Premium-basket — Baby Care,marketing_run_20261005T135746863
CUST02386,6,"Frequent · High-value — Atta, Rice & Dal",marketing_run_20261005T135746863
CUST02387,0,Big-basket · Premium-basket — Baby Care,marketing_run_20261005T135746863
CUST02388,1,Night-time — Sweets & Chocolates,marketing_run_20261005T135746863
CUST02390,3,"Everyday — Atta, Rice & Dal",marketing_run_20261005T135746863
CUST02391,1,Night-time — Sweets & Chocolates,marketing_run_20261005T135746863
CUST02392,2,Everyday — Gourmet & Organic,marketing_run_20261005T135746863
CUST02393,3,"Everyday — Atta, Rice & Dal",marketing_run_20261005T135746863
CUST02396,3,"Everyday — Atta, Rice & Dal",marketing_run_20261005T135746863
CUST02397,0,Big-basket · Premium-basket — Baby Care,marketing_run_20261005T135746863
CUST02399,1,Night-time — Sweets & Chocolates,marketing_run_20261005T135746863
CUST02400,6,"Frequent · High-value — Atta, Rice & Dal",marketing_run_20261005T135746863
CUST02401,5,Night-time — Instant & Frozen Food,marketing_run_20261005T135746863
CUST02402,1,Night-time — Sweets & Chocolates,marketing_run_20261005T135746863
CUST02403,3,"Everyday — Atta, Rice & Dal",marketing_run_20261005T135746863
CUST02405,6,"Frequent · High-value — Atta, Rice & Dal",marketing_run_20261005T135746863
CUST02406,0,Big-basket · Premium-basket — Baby Care,marketing_run_20261005T135746863
CUST02407,6,"Frequent · High-value — Atta, Rice & Dal",marketing_run_20261005T135746863
CUST02408,6,"Frequent · High-value — Atta, Rice & Dal",marketing_run_20261005T135746863
CUST02409,2,Everyday — Gourmet & Organic,marketing_run_20261005T135746863
CUST02410,6,"Frequent · High-value — Atta, Rice & Dal",marketing_run_20261005T135746863
CUST02411,1,Night-time — Sweets & Chocolates,marketing_run_20261005T135746863
CUST02413,6,"Frequent · High-value — Atta, Rice & Dal",marketing_run_20261005T135746863
CUST02414,1,Night-time — Sweets & Chocolates,marketing_run_20261005T135746863
CUST02415,0,Big-basket · Premium-basket — Baby Care,marketing_run_20261005T135746863
CUST02417,3,"Everyday — Atta, Rice & Dal",marketing_run_20261005T135746863
CUST02418,1,Night-time — Sweets & Chocolates,marketing_run_20261005T135746863
CUST02419,2,Everyday — Gourmet & Organic,marketing_run_20261005T135746863
CUST02421,0,Big-basket · Premium-basket — Baby Care,marketing_run_20261005T135746863
CUST02422,3,"Everyday — Atta, Rice & Dal",marketing_run_20261005T135746863
CUST02423,2,Everyday — Gourmet & Organic,marketing_run_20261005T135746863
CUST02424,4,Everyday — Health & Wellness,marketing_run_20261005T135746863
CUST02426,0,Big-basket · Premium-basket — Baby Care,marketing_run_20261005T135746863
CUST02427,3,"Everyday — Atta, Rice & Dal",marketing_run_20261005T135746863
CUST02428,0,Big-basket · Premium-basket — Baby Care,marketing_run_20261005T135746863
CUST02429,1,Night-time — Sweets & Chocolates,marketing_run_20261005T135746863
CUST02431,6,"Frequent · High-value — Atta, Rice & Dal",marketing_run_20261005T135746863
CUST02432,6,"Frequent · High-value — Atta, Rice & Dal",marketing_run_20261005T135746863
CUST02433,3,"Everyday — Atta, Rice & Dal",marketing_run_20261005T135746863
CUST02434,6,"Frequent · High-value — Atta, Rice & Dal",marketing_run_20261005T135746863
CUST02435,0,Big-basket · Premium-basket — Baby Care,marketing_run_20261005T135746863
CUST02436,6,"Frequent · High-value — Atta, Rice & Dal",marketing_run_20261005T135746863
CUST02437,2,Everyday — Gourmet & Organic,marketing_run_20261005T135746863
CUST02438,2,Everyday — Gourmet & Organic,marketing_run_20261005T135746863
CUST02439,6,"Frequent · High-value — Atta, Rice & Dal",marketing_run_20261005T135746863
CUST02441,0,Big-basket · Premium-basket — Baby Care,marketing_run_20261005T135746863
CUST02442,6,"Frequent · High-value — Atta, Rice & Dal",marketing_run_20261005T135746863
CUST02443,0,Big-basket · Premium-basket — Baby Care,marketing_run_20261005T135746863
CUST02444,1,Night-time — Sweets & Chocolates,marketing_run_20261005T135746863
CUST02445,1,Night-time — Sweets & Chocolates,marketing_run_20261005T135746863
CUST02446,5,Night-time — Instant & Frozen Food,marketing_run_20261005T135746863
CUST02447,3,"Everyday — Atta, Rice & Dal",marketing_run_20261005T135746863
CUST02448,3,"Everyday — Atta, Rice & Dal",marketing_run_20261005T135746863
CUST02449,6,"Frequent · High-value — Atta, Rice & Dal",marketing_run_20261005T135746863
CUST02450,6,"Frequent · High-value — Atta, Rice & Dal",marketing_run_20261005T135746863
CUST02451,0,Big-basket · Premium-basket — Baby Care,marketing_run_20261005T135746863
CUST02453,6,"Frequent · High-value — Atta, Rice & Dal",marketing_run_20261005T135746863
CUST02454,1,Night-time — Sweets & Chocolates,marketing_run_20261005T135746863
CUST02455,0,Big-basket · Premium-basket — Baby Care,marketing_run_20261005T135746863
CUST02456,6,"Frequent · High-value — Atta, Rice & Dal",marketing_run_20261005T135746863
CUST02457,1,Night-time — Sweets & Chocolates,marketing_run_20261005T135746863
CUST02458,3,"Everyday — Atta, Rice & Dal",marketing_run_20261005T135746863
CUST02460,3,"Everyday — Atta, Rice & Dal",marketing_run_20261005T135746863
CUST02461,5,Night-time — Instant & Frozen Food,marketing_run_20261005T135746863
CUST02462,3,"Everyday — Atta, Rice & Dal",marketing_run_20261005T135746863
CUST02463,0,Big-basket · Premium-basket — Baby Care,marketing_run_20261005T135746863
CUST02464,4,Everyday — Health & Wellness,marketing_run_20261005T135746863
CUST02465,6,"Frequent · High-value — Atta, Rice & Dal",marketing_run_20261005T135746863
CUST02466,6,"Frequent · High-value — Atta, Rice & Dal",marketing_run_20261005T135746863
CUST02467,2,Everyday — Gourmet & Organic,marketing_run_20261005T135746863
CUST02468,6,"Frequent · High-value — Atta, Rice & Dal",marketing_run_20261005T135746863
CUST02469,2,Everyday — Gourmet & Organic,marketing_run_20261005T135746863
CUST02470,6,"Frequent · High-value — Atta, Rice & Dal",marketing_run_20261005T135746863
CUST02471,2,Everyday — Gourmet & Organic,marketing_run_20261005T135746863
CUST02472,0,Big-basket · Premium-basket — Baby Care,marketing_run_20261005T135746863
CUST02473,0,Big-basket · Premium-basket — Baby Care,marketing_run_20261005T135746863
CUST02475,3,"Everyday — Atta, Rice & Dal",marketing_run_20261005T135746863
CUST02476,6,"Frequent · High-value — Atta, Rice & Dal",marketing_run_20261005T135746863
CUST02477,6,"Frequent · High-value — Atta, Rice & Dal",marketing_run_20261005T135746863
CUST02478,6,"Frequent · High-value — Atta, Rice & Dal",marketing_run_20261005T135746863
CUST02479,6,"Frequent · High-value — Atta, Rice & Dal",marketing_run_20261005T135746863
CUST02480,2,Everyday — Gourmet & Organic,marketing_run_20261005T135746863
CUST02481,6,"Frequent · High-value — Atta, Rice & Dal",marketing_run_20261005T135746863
CUST02482,2,Everyday — Gourmet & Organic,marketing_run_20261005T135746863
CUST02483,1,Night-time — Sweets & Chocolates,marketing_run_20261005T135746863
CUST02484,2,Everyday — Gourmet & Organic,marketing_run_20261005T135746863
CUST02485,4,Everyday — Health & Wellness,marketing_run_20261005T135746863
CUST02486,6,"Frequent · High-value — Atta, Rice & Dal",marketing_run_20261005T135746863
CUST02487,3,"Everyday — Atta, Rice & Dal",marketing_run_20261005T135746863
CUST02488,2,Everyday — Gourmet & Organic,marketing_run_20261005T135746863
CUST02489,0,Big-basket · Premium-basket — Baby Care,marketing_run_20261005T135746863
CUST02490,2,Everyday — Gourmet & Organic,marketing_run_20261005T135746863
CUST02491,2,Everyday — Gourmet & Organic,marketing_run_20261005T135746863
CUST02493,6,"Frequent · High-value — Atta, Rice & Dal",marketing_run_20261005T135746863
CUST02494,0,Big-basket · Premium-basket — Baby Care,marketing_run_20261005T135746863
CUST02495,2,Everyday — Gourmet & Organic,marketing_run_20261005T135746863
CUST02497,0,Big-basket · Premium-basket — Baby Care,marketing_run_20261005T135746863
CUST02498,6,"Frequent · High-value — Atta, Rice & Dal",marketing_run_20261005T135746863
CUST02499,3,"Everyday — Atta, Rice & Dal",marketing_run_20261005T135746863
CUST02500,2,Everyday — Gourmet & Organic,marketing_run_20261005T135746863
CUST02501,3,"Everyday — Atta, Rice & Dal",marketing_run_20261005T135746863
CUST02502,6,"Frequent · High-value — Atta, Rice & Dal",marketing_run_20261005T135746863
CUST02503,1,Night-time — Sweets & Chocolates,marketing_run_20261005T135746863
CUST02504,1,Night-time — Sweets & Chocolates,marketing_run_20261005T135746863
CUST02505,1,Night-time — Sweets & Chocolates,marketing_run_20261005T135746863
CUST02506,3,"Everyday — Atta, Rice & Dal",marketing_run_20261005T135746863
CUST02507,2,Everyday — Gourmet & Organic,marketing_run_20261005T135746863
CUST02508,2,Everyday — Gourmet & Organic,marketing_run_20261005T135746863
CUST02509,3,"Everyday — Atta, Rice & Dal",marketing_run_20261005T135746863
CUST02510,6,"Frequent · High-value — Atta, Rice & Dal",marketing_run_20261005T135746863
CUST02511,6,"Frequent · High-value — Atta, Rice & Dal",marketing_run_20261005T135746863
CUST02512,5,Night-time — Instant & Frozen Food,marketing_run_20261005T135746863
CUST02513,3,"Everyday — Atta, Rice & Dal",marketing_run_20261005T135746863
CUST02514,6,"Frequent · High-value — Atta, Rice & Dal",marketing_run_20261005T135746863
CUST02515,6,"Frequent · High-value — Atta, Rice & Dal",marketing_run_20261005T135746863
CUST02517,2,Everyday — Gourmet & Organic,marketing_run_20261005T135746863
CUST02518,3,"Everyday — Atta, Rice & Dal",marketing_run_20261005T135746863
CUST02519,1,Night-time — Sweets & Chocolates,marketing_run_20261005T135746863
CUST02520,1,Night-time — Sweets & Chocolates,marketing_run_20261005T135746863
CUST02521,6,"Frequent · High-value — Atta, Rice & Dal",marketing_run_20261005T135746863
CUST02523,4,Everyday — Health & Wellness,marketing_run_20261005T135746863
CUST02524,0,Big-basket · Premium-basket — Baby Care,marketing_run_20261005T135746863
CUST02527,6,"Frequent · High-value — Atta, Rice & Dal",marketing_run_20261005T135746863
CUST02528,0,Big-basket · Premium-basket — Baby Care,marketing_run_20261005T135746863
CUST02529,3,"Everyday — Atta, Rice & Dal",marketing_run_20261005T135746863
CUST02530,0,Big-basket · Premium-basket — Baby Care,marketing_run_20261005T135746863
CUST02531,6,"Frequent · High-value — Atta, Rice & Dal",marketing_run_20261005T135746863
CUST02533,1,Night-time — Sweets & Chocolates,marketing_run_20261005T135746863
CUST02534,1,Night-time — Sweets & Chocolates,marketing_run_20261005T135746863
CUST02535,6,"Frequent · High-value — Atta, Rice & Dal",marketing_run_20261005T135746863
CUST02536,6,"Frequent · High-value — Atta, Rice & Dal",marketing_run_20261005T135746863
CUST02537,0,Big-basket · Premium-basket — Baby Care,marketing_run_20261005T135746863
CUST02539,6,"Frequent · High-value — Atta, Rice & Dal",marketing_run_20261005T135746863
CUST02540,3,"Everyday — Atta, Rice & Dal",marketing_run_20261005T135746863
CUST02541,3,"Everyday — Atta, Rice & Dal",marketing_run_20261005T135746863
CUST02542,1,Night-time — Sweets & Chocolates,marketing_run_20261005T135746863
CUST02543,3,"Everyday — Atta, Rice & Dal",marketing_run_20261005T135746863
CUST02544,3,"Everyday — Atta, Rice & Dal",marketing_run_20261005T135746863
CUST02545,6,"Frequent · High-value — Atta, Rice & Dal",marketing_run_20261005T135746863
CUST02546,6,"Frequent · High-value — Atta, Rice & Dal",marketing_run_20261005T135746863
CUST02547,3,"Everyday — Atta, Rice & Dal",marketing_run_20261005T135746863
CUST02548,0,Big-basket · Premium-basket — Baby Care,marketing_run_20261005T135746863
CUST02549,0,Big-basket · Premium-basket — Baby Care,marketing_run_20261005T135746863
CUST02551,0,Big-basket · Premium-basket — Baby Care,marketing_run_20261005T135746863
CUST02552,2,Everyday — Gourmet & Organic,marketing_run_20261005T135746863
CUST02554,6,"Frequent · High-value — Atta, Rice & Dal",marketing_run_20261005T135746863
CUST02555,1,Night-time — Sweets & Chocolates,marketing_run_20261005T135746863
CUST02556,3,"Everyday — Atta, Rice & Dal",marketing_run_20261005T135746863
CUST02558,2,Everyday — Gourmet & Organic,marketing_run_20261005T135746863
CUST02559,1,Night-time — Sweets & Chocolates,marketing_run_20261005T135746863
CUST02561,1,Night-time — Sweets & Chocolates,marketing_run_20261005T135746863
CUST02562,0,Big-basket · Premium-basket — Baby Care,marketing_run_20261005T135746863
CUST02564,6,"Frequent · High-value — Atta, Rice & Dal",marketing_run_20261005T135746863
CUST02565,2,Everyday — Gourmet & Organic,marketing_run_20261005T135746863
CUST02566,1,Night-time — Sweets & Chocolates,marketing_run_20261005T135746863
CUST02567,1,Night-time — Sweets & Chocolates,marketing_run_20261005T135746863
CUST02568,6,"Frequent · High-value — Atta, Rice & Dal",marketing_run_20261005T135746863
CUST02569,0,Big-basket · Premium-basket — Baby Care,marketing_run_20261005T135746863
CUST02570,0,Big-basket · Premium-basket — Baby Care,marketing_run_20261005T135746863
CUST02571,2,Everyday — Gourmet & Organic,marketing_run_20261005T135746863
CUST02573,6,"Frequent · High-value — Atta, Rice & Dal",marketing_run_20261005T135746863
CUST02574,1,Night-time — Sweets & Chocolates,marketing_run_20261005T135746863
CUST02575,1,Night-time — Sweets & Chocolates,marketing_run_20261005T135746863
CUST02576,1,Night-time — Sweets & Chocolates,marketing_run_20261005T135746863
CUST02577,3,"Everyday — Atta, Rice & Dal",marketing_run_20261005T135746863
CUST02579,0,Big-basket · Premium-basket — Baby Care,marketing_run_20261005T135746863
CUST02581,6,"Frequent · High-value — Atta, Rice & Dal",marketing_run_20261005T135746863
CUST02582,0,Big-basket · Premium-basket — Baby Care,marketing_run_20261005T135746863
CUST02583,2,Everyday — Gourmet & Organic,marketing_run_20261005T135746863
CUST02584,6,"Frequent · High-value — Atta, Rice & Dal",marketing_run_20261005T135746863
CUST02585,6,"Frequent · High-value — Atta, Rice & Dal",marketing_run_20261005T135746863
CUST02586,6,"Frequent · High-value — Atta, Rice & Dal",marketing_run_20261005T135746863
CUST02587,1,Night-time — Sweets & Chocolates,marketing_run_20261005T135746863
CUST02588,2,Everyday — Gourmet & Organic,marketing_run_20261005T135746863
CUST02589,6,"Frequent · High-value — Atta, Rice & Dal",marketing_run_20261005T135746863
CUST02590,1,Night-time — Sweets & Chocolates,marketing_run_20261005T135746863
CUST02591,2,Everyday — Gourmet & Organic,marketing_run_20261005T135746863
CUST02592,2,Everyday — Gourmet & Organic,marketing_run_20261005T135746863
CUST02593,1,Night-time — Sweets & Chocolates,marketing_run_20261005T135746863
CUST02595,0,Big-basket · Premium-basket — Baby Care,marketing_run_20261005T135746863
CUST02597,2,Everyday — Gourmet & Organic,marketing_run_20261005T135746863
CUST02598,3,"Everyday — Atta, Rice & Dal",marketing_run_20261005T135746863
CUST02600,4,Everyday — Health & Wellness,marketing_run_20261005T135746863
CUST02601,0,Big-basket · Premium-basket — Baby Care,marketing_run_20261005T135746863
CUST02602,0,Big-basket · Premium-basket — Baby Care,marketing_run_20261005T135746863
CUST02603,6,"Frequent · High-value — Atta, Rice & Dal",marketing_run_20261005T135746863
CUST02604,6,"Frequent · High-value — Atta, Rice & Dal",marketing_run_20261005T135746863
CUST02605,6,"Frequent · High-value — Atta, Rice & Dal",marketing_run_20261005T135746863
CUST02606,0,Big-basket · Premium-basket — Baby Care,marketing_run_20261005T135746863
CUST02607,0,Big-basket · Premium-basket — Baby Care,marketing_run_20261005T135746863
CUST02609,0,Big-basket · Premium-basket — Baby Care,marketing_run_20261005T135746863
CUST02611,6,"Frequent · High-value — Atta, Rice & Dal",marketing_run_20261005T135746863
CUST02612,6,"Frequent · High-value — Atta, Rice & Dal",marketing_run_20261005T135746863
CUST02613,6,"Frequent · High-value — Atta, Rice & Dal",marketing_run_20261005T135746863
CUST02614,1,Night-time — Sweets & Chocolates,marketing_run_20261005T135746863
CUST02615,2,Everyday — Gourmet & Organic,marketing_run_20261005T135746863
CUST02616,6,"Frequent · High-value — Atta, Rice & Dal",marketing_run_20261005T135746863
CUST02617,6,"Frequent · High-value — Atta, Rice & Dal",marketing_run_20261005T135746863
CUST02618,6,"Frequent · High-value — Atta, Rice & Dal",marketing_run_20261005T135746863
CUST02619,3,"Everyday — Atta, Rice & Dal",marketing_run_20261005T135746863
CUST02621,6,"Frequent · High-value — Atta, Rice & Dal",marketing_run_20261005T135746863
CUST02622,3,"Everyday — Atta, Rice & Dal",marketing_run_20261005T135746863
CUST02623,1,Night-time — Sweets & Chocolates,marketing_run_20261005T135746863
CUST02624,1,Night-time — Sweets & Chocolates,marketing_run_20261005T135746863
CUST02625,4,Everyday — Health & Wellness,marketing_run_20261005T135746863
CUST02626,0,Big-basket · Premium-basket — Baby Care,marketing_run_20261005T135746863
CUST02627,3,"Everyday — Atta, Rice & Dal",marketing_run_20261005T135746863
CUST02629,1,Night-time — Sweets & Chocolates,marketing_run_20261005T135746863
CUST02631,0,Big-basket · Premium-basket — Baby Care,marketing_run_20261005T135746863
CUST02632,0,Big-basket · Premium-basket — Baby Care,marketing_run_20261005T135746863
CUST02633,2,Everyday — Gourmet & Organic,marketing_run_20261005T135746863
CUST02634,6,"Frequent · High-value — Atta, Rice & Dal",marketing_run_20261005T135746863
CUST02635,2,Everyday — Gourmet & Organic,marketing_run_20261005T135746863
CUST02636,0,Big-basket · Premium-basket — Baby Care,marketing_run_20261005T135746863
CUST02637,0,Big-basket · Premium-basket — Baby Care,marketing_run_20261005T135746863
CUST02638,6,"Frequent · High-value — Atta, Rice & Dal",marketing_run_20261005T135746863
CUST02639,6,"Frequent · High-value — Atta, Rice & Dal",marketing_run_20261005T135746863
CUST02640,2,Everyday — Gourmet & Organic,marketing_run_20261005T135746863
CUST02641,1,Night-time — Sweets & Chocolates,marketing_run_20261005T135746863
CUST02642,6,"Frequent · High-value — Atta, Rice & Dal",marketing_run_20261005T135746863
CUST02643,4,Everyday — Health & Wellness,marketing_run_20261005T135746863
CUST02644,3,"Everyday — Atta, Rice & Dal",marketing_run_20261005T135746863
CUST02646,3,"Everyday — Atta, Rice & Dal",marketing_run_20261005T135746863
CUST02647,6,"Frequent · High-value — Atta, Rice & Dal",marketing_run_20261005T135746863
CUST02648,6,"Frequent · High-value — Atta, Rice & Dal",marketing_run_20261005T135746863
CUST02649,3,"Everyday — Atta, Rice & Dal",marketing_run_20261005T135746863
CUST02650,2,Everyday — Gourmet & Organic,marketing_run_20261005T135746863
CUST02652,3,"Everyday — Atta, Rice & Dal",marketing_run_20261005T135746863
CUST02653,0,Big-basket · Premium-basket — Baby Care,marketing_run_20261005T135746863
CUST02654,2,Everyday — Gourmet & Organic,marketing_run_20261005T135746863
CUST02656,6,"Frequent · High-value — Atta, Rice & Dal",marketing_run_20261005T135746863
CUST02657,6,"Frequent · High-value — Atta, Rice & Dal",marketing_run_20261005T135746863
CUST02658,6,"Frequent · High-value — Atta, Rice & Dal",marketing_run_20261005T135746863
CUST02659,1,Night-time — Sweets & Chocolates,marketing_run_20261005T135746863
CUST02660,3,"Everyday — Atta, Rice & Dal",marketing_run_20261005T135746863
CUST02661,3,"Everyday — Atta, Rice & Dal",marketing_run_20261005T135746863
CUST02662,1,Night-time — Sweets & Chocolates,marketing_run_20261005T135746863
CUST02663,2,Everyday — Gourmet & Organic,marketing_run_20261005T135746863
CUST02664,5,Night-time — Instant & Frozen Food,marketing_run_20261005T135746863
CUST02665,0,Big-basket · Premium-basket — Baby Care,marketing_run_20261005T135746863
CUST02666,6,"Frequent · High-value — Atta, Rice & Dal",marketing_run_20261005T135746863
CUST02668,0,Big-basket · Premium-basket — Baby Care,marketing_run_20261005T135746863
CUST02669,4,Everyday — Health & Wellness,marketing_run_20261005T135746863
CUST02670,3,"Everyday — Atta, Rice & Dal",marketing_run_20261005T135746863
CUST02671,1,Night-time — Sweets & Chocolates,marketing_run_20261005T135746863
CUST02673,1,Night-time — Sweets & Chocolates,marketing_run_20261005T135746863
CUST02674,1,Night-time — Sweets & Chocolates,marketing_run_20261005T135746863
CUST02675,1,Night-time — Sweets & Chocolates,marketing_run_20261005T135746863
CUST02676,2,Everyday — Gourmet & Organic,marketing_run_20261005T135746863
CUST02677,3,"Everyday — Atta, Rice & Dal",marketing_run_20261005T135746863
CUST02679,0,Big-basket · Premium-basket — Baby Care,marketing_run_20261005T135746863
CUST02680,6,"Frequent · High-value — Atta, Rice & Dal",marketing_run_20261005T135746863
CUST02681,0,Big-basket · Premium-basket — Baby Care,marketing_run_20261005T135746863
CUST02682,2,Everyday — Gourmet & Organic,marketing_run_20261005T135746863
CUST02683,6,"Frequent · High-value — Atta, Rice & Dal",marketing_run_20261005T135746863
CUST02684,6,"Frequent · High-value — Atta, Rice & Dal",marketing_run_20261005T135746863
CUST02686,3,"Everyday — Atta, Rice & Dal",marketing_run_20261005T135746863
CUST02687,3,"Everyday — Atta, Rice & Dal",marketing_run_20261005T135746863
CUST02688,3,"Everyday — Atta, Rice & Dal",marketing_run_20261005T135746863
CUST02690,6,"Frequent · High-value — Atta, Rice & Dal",marketing_run_20261005T135746863
CUST02691,3,"Everyday — Atta, Rice & Dal",marketing_run_20261005T135746863
CUST02692,1,Night-time — Sweets & Chocolates,marketing_run_20261005T135746863
CUST02693,1,Night-time — Sweets & Chocolates,marketing_run_20261005T135746863
CUST02694,1,Night-time — Sweets & Chocolates,marketing_run_20261005T135746863
CUST02695,4,Everyday — Health & Wellness,marketing_run_20261005T135746863
CUST02696,1,Night-time — Sweets & Chocolates,marketing_run_20261005T135746863
CUST02697,6,"Frequent · High-value — Atta, Rice & Dal",marketing_run_20261005T135746863
CUST02698,1,Night-time — Sweets & Chocolates,marketing_run_20261005T135746863
CUST02699,1,Night-time — Sweets & Chocolates,marketing_run_20261005T135746863
CUST02700,6,"Frequent · High-value — Atta, Rice & Dal",marketing_run_20261005T135746863
CUST02701,6,"Frequent · High-value — Atta, Rice & Dal",marketing_run_20261005T135746863
CUST02702,4,Everyday — Health & Wellness,marketing_run_20261005T135746863
CUST02703,1,Night-time — Sweets & Chocolates,marketing_run_20261005T135746863
CUST02704,0,Big-basket · Premium-basket — Baby Care,marketing_run_20261005T135746863
CUST02705,0,Big-basket · Premium-basket — Baby Care,marketing_run_20261005T135746863
CUST02706,1,Night-time — Sweets & Chocolates,marketing_run_20261005T135746863
CUST02707,3,"Everyday — Atta, Rice & Dal",marketing_run_20261005T135746863
CUST02708,0,Big-basket · Premium-basket — Baby Care,marketing_run_20261005T135746863
CUST02709,3,"Everyday — Atta, Rice & Dal",marketing_run_20261005T135746863
CUST02710,3,"Everyday — Atta, Rice & Dal",marketing_run_20261005T135746863
CUST02711,1,Night-time — Sweets & Chocolates,marketing_run_20261005T135746863
CUST02712,1,Night-time — Sweets & Chocolates,marketing_run_20261005T135746863
CUST02713,6,"Frequent · High-value — Atta, Rice & Dal",marketing_run_20261005T135746863
CUST02714,6,"Frequent · High-value — Atta, Rice & Dal",marketing_run_20261005T135746863
CUST02715,0,Big-basket · Premium-basket — Baby Care,marketing_run_20261005T135746863
CUST02716,4,Everyday — Health & Wellness,marketing_run_20261005T135746863
CUST02717,2,Everyday — Gourmet & Organic,marketing_run_20261005T135746863
CUST02718,1,Night-time — Sweets & Chocolates,marketing_run_20261005T135746863
CUST02719,5,Night-time — Instant & Frozen Food,marketing_run_20261005T135746863
CUST02721,0,Big-basket · Premium-basket — Baby Care,marketing_run_20261005T135746863
CUST02722,1,Night-time — Sweets & Chocolates,marketing_run_20261005T135746863
CUST02723,6,"Frequent · High-value — Atta, Rice & Dal",marketing_run_20261005T135746863
CUST02724,2,Everyday — Gourmet & Organic,marketing_run_20261005T135746863
CUST02725,6,"Frequent · High-value — Atta, Rice & Dal",marketing_run_20261005T135746863
CUST02726,3,"Everyday — Atta, Rice & Dal",marketing_run_20261005T135746863
CUST02727,1,Night-time — Sweets & Chocolates,marketing_run_20261005T135746863
CUST02728,2,Everyday — Gourmet & Organic,marketing_run_20261005T135746863
CUST02729,2,Everyday — Gourmet & Organic,marketing_run_20261005T135746863
CUST02730,0,Big-basket · Premium-basket — Baby Care,marketing_run_20261005T135746863
CUST02731,3,"Everyday — Atta, Rice & Dal",marketing_run_20261005T135746863
CUST02732,6,"Frequent · High-value — Atta, Rice & Dal",marketing_run_20261005T135746863
CUST02733,3,"Everyday — Atta, Rice & Dal",marketing_run_20261005T135746863
CUST02734,3,"Everyday — Atta, Rice & Dal",marketing_run_20261005T135746863
CUST02735,6,"Frequent · High-value — Atta, Rice & Dal",marketing_run_20261005T135746863
CUST02736,1,Night-time — Sweets & Chocolates,marketing_run_20261005T135746863
CUST02737,3,"Everyday — Atta, Rice & Dal",marketing_run_20261005T135746863
CUST02738,3,"Everyday — Atta, Rice & Dal",marketing_run_20261005T135746863
CUST02739,0,Big-basket · Premium-basket — Baby Care,marketing_run_20261005T135746863
CUST02741,1,Night-time — Sweets & Chocolates,marketing_run_20261005T135746863
CUST02742,2,Everyday — Gourmet & Organic,marketing_run_20261005T135746863
CUST02743,4,Everyday — Health & Wellness,marketing_run_20261005T135746863
CUST02744,6,"Frequent · High-value — Atta, Rice & Dal",marketing_run_20261005T135746863
CUST02745,0,Big-basket · Premium-basket — Baby Care,marketing_run_20261005T135746863
CUST02747,2,Everyday — Gourmet & Organic,marketing_run_20261005T135746863
CUST02749,6,"Frequent · High-value — Atta, Rice & Dal",marketing_run_20261005T135746863
CUST02750,4,Everyday — Health & Wellness,marketing_run_20261005T135746863
CUST02751,0,Big-basket · Premium-basket — Baby Care,marketing_run_20261005T135746863
CUST02752,6,"Frequent · High-value — Atta, Rice & Dal",marketing_run_20261005T135746863
CUST02753,6,"Frequent · High-value — Atta, Rice & Dal",marketing_run_20261005T135746863
CUST02754,6,"Frequent · High-value — Atta, Rice & Dal",marketing_run_20261005T135746863
CUST02757,6,"Frequent · High-value — Atta, Rice & Dal",marketing_run_20261005T135746863
CUST02758,0,Big-basket · Premium-basket — Baby Care,marketing_run_20261005T135746863
CUST02759,1,Night-time — Sweets & Chocolates,marketing_run_20261005T135746863
CUST02760,3,"Everyday — Atta, Rice & Dal",marketing_run_20261005T135746863
CUST02761,0,Big-basket · Premium-basket — Baby Care,marketing_run_20261005T135746863
CUST02762,5,Night-time — Instant & Frozen Food,marketing_run_20261005T135746863
CUST02763,6,"Frequent · High-value — Atta, Rice & Dal",marketing_run_20261005T135746863
CUST02764,3,"Everyday — Atta, Rice & Dal",marketing_run_20261005T135746863
CUST02765,2,Everyday — Gourmet & Organic,marketing_run_20261005T135746863
CUST02766,1,Night-time — Sweets & Chocolates,marketing_run_20261005T135746863
CUST02767,1,Night-time — Sweets & Chocolates,marketing_run_20261005T135746863
CUST02768,0,Big-basket · Premium-basket — Baby Care,marketing_run_20261005T135746863
CUST02769,3,"Everyday — Atta, Rice & Dal",marketing_run_20261005T135746863
CUST02770,6,"Frequent · High-value — Atta, Rice & Dal",marketing_run_20261005T135746863
CUST02771,1,Night-time — Sweets & Chocolates,marketing_run_20261005T135746863
CUST02772,6,"Frequent · High-value — Atta, Rice & Dal",marketing_run_20261005T135746863
CUST02773,0,Big-basket · Premium-basket — Baby Care,marketing_run_20261005T135746863
CUST02774,2,Everyday — Gourmet & Organic,marketing_run_20261005T135746863
CUST02776,3,"Everyday — Atta, Rice & Dal",marketing_run_20261005T135746863
CUST02777,6,"Frequent · High-value — Atta, Rice & Dal",marketing_run_20261005T135746863
CUST02778,4,Everyday — Health & Wellness,marketing_run_20261005T135746863
CUST02780,1,Night-time — Sweets & Chocolates,marketing_run_20261005T135746863
CUST02781,6,"Frequent · High-value — Atta, Rice & Dal",marketing_run_20261005T135746863
CUST02782,3,"Everyday — Atta, Rice & Dal",marketing_run_20261005T135746863
CUST02783,5,Night-time — Instant & Frozen Food,marketing_run_20261005T135746863
CUST02784,5,Night-time — Instant & Frozen Food,marketing_run_20261005T135746863
CUST02785,0,Big-basket · Premium-basket — Baby Care,marketing_run_20261005T135746863
CUST02786,3,"Everyday — Atta, Rice & Dal",marketing_run_20261005T135746863
CUST02787,6,"Frequent · High-value — Atta, Rice & Dal",marketing_run_20261005T135746863
CUST02788,1,Night-time — Sweets & Chocolates,marketing_run_20261005T135746863
CUST02789,6,"Frequent · High-value — Atta, Rice & Dal",marketing_run_20261005T135746863
CUST02790,0,Big-basket · Premium-basket — Baby Care,marketing_run_20261005T135746863
CUST02791,0,Big-basket · Premium-basket — Baby Care,marketing_run_20261005T135746863
CUST02792,0,Big-basket · Premium-basket — Baby Care,marketing_run_20261005T135746863
CUST02793,6,"Frequent · High-value — Atta, Rice & Dal",marketing_run_20261005T135746863
CUST02794,1,Night-time — Sweets & Chocolates,marketing_run_20261005T135746863
CUST02795,3,"Everyday — Atta, Rice & Dal",marketing_run_20261005T135746863
CUST02796,6,"Frequent · High-value — Atta, Rice & Dal",marketing_run_20261005T135746863
CUST02797,1,Night-time — Sweets & Chocolates,marketing_run_20261005T135746863
CUST02799,4,Everyday — Health & Wellness,marketing_run_20261005T135746863
CUST02800,3,"Everyday — Atta, Rice & Dal",marketing_run_20261005T135746863
CUST02801,3,"Everyday — Atta, Rice & Dal",marketing_run_20261005T135746863
CUST02802,6,"Frequent · High-value — Atta, Rice & Dal",marketing_run_20261005T135746863
CUST02803,2,Everyday — Gourmet & Organic,marketing_run_20261005T135746863
CUST02804,6,"Frequent · High-value — Atta, Rice & Dal",marketing_run_20261005T135746863
CUST02805,1,Night-time — Sweets & Chocolates,marketing_run_20261005T135746863
CUST02806,3,"Everyday — Atta, Rice & Dal",marketing_run_20261005T135746863
CUST02808,0,Big-basket · Premium-basket — Baby Care,marketing_run_20261005T135746863
CUST02809,6,"Frequent · High-value — Atta, Rice & Dal",marketing_run_20261005T135746863
CUST02810,6,"Frequent · High-value — Atta, Rice & Dal",marketing_run_20261005T135746863
CUST02812,3,"Everyday — Atta, Rice & Dal",marketing_run_20261005T135746863
CUST02813,6,"Frequent · High-value — Atta, Rice & Dal",marketing_run_20261005T135746863
CUST02814,0,Big-basket · Premium-basket — Baby Care,marketing_run_20261005T135746863
CUST02815,2,Everyday — Gourmet & Organic,marketing_run_20261005T135746863
CUST02816,3,"Everyday — Atta, Rice & Dal",marketing_run_20261005T135746863
CUST02817,1,Night-time — Sweets & Chocolates,marketing_run_20261005T135746863
CUST02818,6,"Frequent · High-value — Atta, Rice & Dal",marketing_run_20261005T135746863
CUST02819,4,Everyday — Health & Wellness,marketing_run_20261005T135746863
CUST02820,2,Everyday — Gourmet & Organic,marketing_run_20261005T135746863
CUST02821,3,"Everyday — Atta, Rice & Dal",marketing_run_20261005T135746863
CUST02822,6,"Frequent · High-value — Atta, Rice & Dal",marketing_run_20261005T135746863
CUST02824,4,Everyday — Health & Wellness,marketing_run_20261005T135746863
CUST02825,6,"Frequent · High-value — Atta, Rice & Dal",marketing_run_20261005T135746863
CUST02826,1,Night-time — Sweets & Chocolates,marketing_run_20261005T135746863
CUST02827,3,"Everyday — Atta, Rice & Dal",marketing_run_20261005T135746863
CUST02828,6,"Frequent · High-value — Atta, Rice & Dal",marketing_run_20261005T135746863
CUST02829,3,"Everyday — Atta, Rice & Dal",marketing_run_20261005T135746863
CUST02830,0,Big-basket · Premium-basket — Baby Care,marketing_run_20261005T135746863
CUST02831,2,Everyday — Gourmet & Organic,marketing_run_20261005T135746863
CUST02832,6,"Frequent · High-value — Atta, Rice & Dal",marketing_run_20261005T135746863
CUST02833,6,"Frequent · High-value — Atta, Rice & Dal",marketing_run_20261005T135746863
CUST02834,6,"Frequent · High-value — Atta, Rice & Dal",marketing_run_20261005T135746863
CUST02835,0,Big-basket · Premium-basket — Baby Care,marketing_run_20261005T135746863
CUST02836,6,"Frequent · High-value — Atta, Rice & Dal",marketing_run_20261005T135746863
CUST02838,6,"Frequent · High-value — Atta, Rice & Dal",marketing_run_20261005T135746863
CUST02839,6,"Frequent · High-value — Atta, Rice & Dal",marketing_run_20261005T135746863
CUST02840,6,"Frequent · High-value — Atta, Rice & Dal",marketing_run_20261005T135746863
CUST02841,1,Night-time — Sweets & Chocolates,marketing_run_20261005T135746863
CUST02842,1,Night-time — Sweets & Chocolates,marketing_run_20261005T135746863
CUST02843,2,Everyday — Gourmet & Organic,marketing_run_20261005T135746863
CUST02844,6,"Frequent · High-value — Atta, Rice & Dal",marketing_run_20261005T135746863
CUST02845,1,Night-time — Sweets & Chocolates,marketing_run_20261005T135746863
CUST02846,6,"Frequent · High-value — Atta, Rice & Dal",marketing_run_20261005T135746863
CUST02847,1,Night-time — Sweets & Chocolates,marketing_run_20261005T135746863
CUST02848,3,"Everyday — Atta, Rice & Dal",marketing_run_20261005T135746863
CUST02849,5,Night-time — Instant & Frozen Food,marketing_run_20261005T135746863
CUST02850,6,"Frequent · High-value — Atta, Rice & Dal",marketing_run_20261005T135746863
CUST02851,3,"Everyday — Atta, Rice & Dal",marketing_run_20261005T135746863
CUST02852,6,"Frequent · High-value — Atta, Rice & Dal",marketing_run_20261005T135746863
CUST02853,2,Everyday — Gourmet & Organic,marketing_run_20261005T135746863
CUST02854,3,"Everyday — Atta, Rice & Dal",marketing_run_20261005T135746863
CUST02855,3,"Everyday — Atta, Rice & Dal",marketing_run_20261005T135746863
CUST02856,0,Big-basket · Premium-basket — Baby Care,marketing_run_20261005T135746863
CUST02857,6,"Frequent · High-value — Atta, Rice & Dal",marketing_run_20261005T135746863
CUST02858,2,Everyday — Gourmet & Organic,marketing_run_20261005T135746863
CUST02859,3,"Everyday — Atta, Rice & Dal",marketing_run_20261005T135746863
CUST02860,6,"Frequent · High-value — Atta, Rice & Dal",marketing_run_20261005T135746863
CUST02861,0,Big-basket · Premium-basket — Baby Care,marketing_run_20261005T135746863
CUST02865,2,Everyday — Gourmet & Organic,marketing_run_20261005T135746863
CUST02866,4,Everyday — Health & Wellness,marketing_run_20261005T135746863
CUST02867,0,Big-basket · Premium-basket — Baby Care,marketing_run_20261005T135746863
CUST02868,1,Night-time — Sweets & Chocolates,marketing_run_20261005T135746863
CUST02869,6,"Frequent · High-value — Atta, Rice & Dal",marketing_run_20261005T135746863
CUST02870,3,"Everyday — Atta, Rice & Dal",marketing_run_20261005T135746863
CUST02871,3,"Everyday — Atta, Rice & Dal",marketing_run_20261005T135746863
CUST02872,6,"Frequent · High-value — Atta, Rice & Dal",marketing_run_20261005T135746863
CUST02874,1,Night-time — Sweets & Chocolates,marketing_run_20261005T135746863
CUST02875,3,"Everyday — Atta, Rice & Dal",marketing_run_20261005T135746863
CUST02876,3,"Everyday — Atta, Rice & Dal",marketing_run_20261005T135746863
CUST02877,6,"Frequent · High-value — Atta, Rice & Dal",marketing_run_20261005T135746863
CUST02878,0,Big-basket · Premium-basket — Baby Care,marketing_run_20261005T135746863
CUST02879,6,"Frequent · High-value — Atta, Rice & Dal",marketing_run_20261005T135746863
CUST02880,2,Everyday — Gourmet & Organic,marketing_run_20261005T135746863
CUST02881,2,Everyday — Gourmet & Organic,marketing_run_20261005T135746863
CUST02882,2,Everyday — Gourmet & Organic,marketing_run_20261005T135746863
CUST02884,6,"Frequent · High-value — Atta, Rice & Dal",marketing_run_20261005T135746863
CUST02885,4,Everyday — Health & Wellness,marketing_run_20261005T135746863
CUST02886,6,"Frequent · High-value — Atta, Rice & Dal",marketing_run_20261005T135746863
CUST02887,2,Everyday — Gourmet & Organic,marketing_run_20261005T135746863
CUST02888,1,Night-time — Sweets & Chocolates,marketing_run_20261005T135746863
CUST02889,3,"Everyday — Atta, Rice & Dal",marketing_run_20261005T135746863
CUST02890,6,"Frequent · High-value — Atta, Rice & Dal",marketing_run_20261005T135746863
CUST02892,0,Big-basket · Premium-basket — Baby Care,marketing_run_20261005T135746863
CUST02893,2,Everyday — Gourmet & Organic,marketing_run_20261005T135746863
CUST02894,3,"Everyday — Atta, Rice & Dal",marketing_run_20261005T135746863
CUST02896,2,Everyday — Gourmet & Organic,marketing_run_20261005T135746863
CUST02897,0,Big-basket · Premium-basket — Baby Care,marketing_run_20261005T135746863
CUST02898,1,Night-time — Sweets & Chocolates,marketing_run_20261005T135746863
CUST02899,2,Everyday — Gourmet & Organic,marketing_run_20261005T135746863
CUST02900,6,"Frequent · High-value — Atta, Rice & Dal",marketing_run_20261005T135746863
CUST02901,1,Night-time — Sweets & Chocolates,marketing_run_20261005T135746863
CUST02902,2,Everyday — Gourmet & Organic,marketing_run_20261005T135746863
CUST02903,1,Night-time — Sweets & Chocolates,marketing_run_20261005T135746863
CUST02904,1,Night-time — Sweets & Chocolates,marketing_run_20261005T135746863
CUST02905,0,Big-basket · Premium-basket — Baby Care,marketing_run_20261005T135746863
CUST02906,1,Night-time — Sweets & Chocolates,marketing_run_20261005T135746863
CUST02907,1,Night-time — Sweets & Chocolates,marketing_run_20261005T135746863
CUST02908,6,"Frequent · High-value — Atta, Rice & Dal",marketing_run_20261005T135746863
CUST02909,0,Big-basket · Premium-basket — Baby Care,marketing_run_20261005T135746863
CUST02910,3,"Everyday — Atta, Rice & Dal",marketing_run_20261005T135746863
CUST02912,0,Big-basket · Premium-basket — Baby Care,marketing_run_20261005T135746863
CUST02913,0,Big-basket · Premium-basket — Baby Care,marketing_run_20261005T135746863
CUST02914,2,Everyday — Gourmet & Organic,marketing_run_20261005T135746863
CUST02915,3,"Everyday — Atta, Rice & Dal",marketing_run_20261005T135746863
CUST02916,2,Everyday — Gourmet & Organic,marketing_run_20261005T135746863
CUST02917,4,Everyday — Health & Wellness,marketing_run_20261005T135746863
CUST02918,0,Big-basket · Premium-basket — Baby Care,marketing_run_20261005T135746863
CUST02919,0,Big-basket · Premium-basket — Baby Care,marketing_run_20261005T135746863
CUST02920,6,"Frequent · High-value — Atta, Rice & Dal",marketing_run_20261005T135746863
CUST02921,6,"Frequent · High-value — Atta, Rice & Dal",marketing_run_20261005T135746863
CUST02922,6,"Frequent · High-value — Atta, Rice & Dal",marketing_run_20261005T135746863
CUST02924,0,Big-basket · Premium-basket — Baby Care,marketing_run_20261005T135746863
CUST02925,3,"Everyday — Atta, Rice & Dal",marketing_run_20261005T135746863
CUST02926,3,"Everyday — Atta, Rice & Dal",marketing_run_20261005T135746863
CUST02927,6,"Frequent · High-value — Atta, Rice & Dal",marketing_run_20261005T135746863
CUST02928,3,"Everyday — Atta, Rice & Dal",marketing_run_20261005T135746863
CUST02929,3,"Everyday — Atta, Rice & Dal",marketing_run_20261005T135746863
CUST02930,6,"Frequent · High-value — Atta, Rice & Dal",marketing_run_20261005T135746863
CUST02931,3,"Everyday — Atta, Rice & Dal",marketing_run_20261005T135746863
CUST02932,6,"Frequent · High-value — Atta, Rice & Dal",marketing_run_20261005T135746863
CUST02933,0,Big-basket · Premium-basket — Baby Care,marketing_run_20261005T135746863
CUST02935,3,"Everyday — Atta, Rice & Dal",marketing_run_20261005T135746863
CUST02936,1,Night-time — Sweets & Chocolates,marketing_run_20261005T135746863
CUST02937,0,Big-basket · Premium-basket — Baby Care,marketing_run_20261005T135746863
CUST02938,2,Everyday — Gourmet & Organic,marketing_run_20261005T135746863
CUST02939,6,"Frequent · High-value — Atta, Rice & Dal",marketing_run_20261005T135746863
CUST02940,0,Big-basket · Premium-basket — Baby Care,marketing_run_20261005T135746863
CUST02941,3,"Everyday — Atta, Rice & Dal",marketing_run_20261005T135746863
CUST02942,1,Night-time — Sweets & Chocolates,marketing_run_20261005T135746863
CUST02943,6,"Frequent · High-value — Atta, Rice & Dal",marketing_run_20261005T135746863
CUST02944,3,"Everyday — Atta, Rice & Dal",marketing_run_20261005T135746863
CUST02945,2,Everyday — Gourmet & Organic,marketing_run_20261005T135746863
CUST02946,3,"Everyday — Atta, Rice & Dal",marketing_run_20261005T135746863
CUST02947,3,"Everyday — Atta, Rice & Dal",marketing_run_20261005T135746863
CUST02949,0,Big-basket · Premium-basket — Baby Care,marketing_run_20261005T135746863
CUST02950,2,Everyday — Gourmet & Organic,marketing_run_20261005T135746863
CUST02951,6,"Frequent · High-value — Atta, Rice & Dal",marketing_run_20261005T135746863
CUST02953,5,Night-time — Instant & Frozen Food,marketing_run_20261005T135746863
CUST02954,0,Big-basket · Premium-basket — Baby Care,marketing_run_20261005T135746863
CUST02956,6,"Frequent · High-value — Atta, Rice & Dal",marketing_run_20261005T135746863
CUST02957,1,Night-time — Sweets & Chocolates,marketing_run_20261005T135746863
CUST02958,0,Big-basket · Premium-basket — Baby Care,marketing_run_20261005T135746863
CUST02959,3,"Everyday — Atta, Rice & Dal",marketing_run_20261005T135746863
CUST02960,4,Everyday — Health & Wellness,marketing_run_20261005T135746863
CUST02961,3,"Everyday — Atta, Rice & Dal",marketing_run_20261005T135746863
CUST02962,3,"Everyday — Atta, Rice & Dal",marketing_run_20261005T135746863
CUST02963,3,"Everyday — Atta, Rice & Dal",marketing_run_20261005T135746863
CUST02965,1,Night-time — Sweets & Chocolates,marketing_run_20261005T135746863
CUST02966,2,Everyday — Gourmet & Organic,marketing_run_20261005T135746863
CUST02967,0,Big-basket · Premium-basket — Baby Care,marketing_run_20261005T135746863
CUST02968,6,"Frequent · High-value — Atta, Rice & Dal",marketing_run_20261005T135746863
CUST02969,2,Everyday — Gourmet & Organic,marketing_run_20261005T135746863
CUST02970,2,Everyday — Gourmet & Organic,marketing_run_20261005T135746863
CUST02972,1,Night-time — Sweets & Chocolates,marketing_run_20261005T135746863
CUST02973,6,"Frequent · High-value — Atta, Rice & Dal",marketing_run_20261005T135746863
CUST02974,3,"Everyday — Atta, Rice & Dal",marketing_run_20261005T135746863
CUST02975,6,"Frequent · High-value — Atta, Rice & Dal",marketing_run_20261005T135746863
CUST02976,1,Night-time — Sweets & Chocolates,marketing_run_20261005T135746863
CUST02978,3,"Everyday — Atta, Rice & Dal",marketing_run_20261005T135746863
CUST02979,5,Night-time — Instant & Frozen Food,marketing_run_20261005T135746863
CUST02980,3,"Everyday — Atta, Rice & Dal",marketing_run_20261005T135746863
CUST02982,6,"Frequent · High-value — Atta, Rice & Dal",marketing_run_20261005T135746863
CUST02984,3,"Everyday — Atta, Rice & Dal",marketing_run_20261005T135746863
CUST02985,6,"Frequent · High-value — Atta, Rice & Dal",marketing_run_20261005T135746863
CUST02986,2,Everyday — Gourmet & Organic,marketing_run_20261005T135746863
CUST02987,0,Big-basket · Premium-basket — Baby Care,marketing_run_20261005T135746863
CUST02988,6,"Frequent · High-value — Atta, Rice & Dal",marketing_run_20261005T135746863
CUST02989,6,"Frequent · High-value — Atta, Rice & Dal",marketing_run_20261005T135746863
CUST02991,0,Big-basket · Premium-basket — Baby Care,marketing_run_20261005T135746863
CUST02992,6,"Frequent · High-value — Atta, Rice & Dal",marketing_run_20261005T135746863
CUST02993,6,"Frequent · High-value — Atta, Rice & Dal",marketing_run_20261005T135746863
CUST02994,1,Night-time — Sweets & Chocolates,marketing_run_20261005T135746863
CUST02995,2,Everyday — Gourmet & Organic,marketing_run_20261005T135746863
CUST02996,1,Night-time — Sweets & Chocolates,marketing_run_20261005T135746863
CUST02998,0,Big-basket · Premium-basket — Baby Care,marketing_run_20261005T135746863
CUST02999,6,"Frequent · High-value — Atta, Rice & Dal",marketing_run_20261005T135746863
CUST03000,3,"Everyday — Atta, Rice & Dal",marketing_run_20261005T135746863
CUST03001,4,Everyday — Health & Wellness,marketing_run_20261005T135746863
CUST03002,2,Everyday — Gourmet & Organic,marketing_run_20261005T135746863
CUST03003,1,Night-time — Sweets & Chocolates,marketing_run_20261005T135746863
CUST03004,6,"Frequent · High-value — Atta, Rice & Dal",marketing_run_20261005T135746863
CUST03005,6,"Frequent · High-value — Atta, Rice & Dal",marketing_run_20261005T135746863
CUST03006,3,"Everyday — Atta, Rice & Dal",marketing_run_20261005T135746863
CUST03007,0,Big-basket · Premium-basket — Baby Care,marketing_run_20261005T135746863
CUST03008,0,Big-basket · Premium-basket — Baby Care,marketing_run_20261005T135746863
CUST03009,3,"Everyday — Atta, Rice & Dal",marketing_run_20261005T135746863
CUST03010,0,Big-basket · Premium-basket — Baby Care,marketing_run_20261005T135746863
CUST03011,2,Everyday — Gourmet & Organic,marketing_run_20261005T135746863
CUST03012,6,"Frequent · High-value — Atta, Rice & Dal",marketing_run_20261005T135746863
CUST03013,0,Big-basket · Premium-basket — Baby Care,marketing_run_20261005T135746863
CUST03014,2,Everyday — Gourmet & Organic,marketing_run_20261005T135746863
CUST03015,6,"Frequent · High-value — Atta, Rice & Dal",marketing_run_20261005T135746863
CUST03016,2,Everyday — Gourmet & Organic,marketing_run_20261005T135746863
CUST03017,4,Everyday — Health & Wellness,marketing_run_20261005T135746863
CUST03018,0,Big-basket · Premium-basket — Baby Care,marketing_run_20261005T135746863
CUST03019,1,Night-time — Sweets & Chocolates,marketing_run_20261005T135746863
CUST03020,6,"Frequent · High-value — Atta, Rice & Dal",marketing_run_20261005T135746863
CUST03021,0,Big-basket · Premium-basket — Baby Care,marketing_run_20261005T135746863
CUST03022,1,Night-time — Sweets & Chocolates,marketing_run_20261005T135746863
CUST03023,0,Big-basket · Premium-basket — Baby Care,marketing_run_20261005T135746863
CUST03024,3,"Everyday — Atta, Rice & Dal",marketing_run_20261005T135746863
CUST03025,3,"Everyday — Atta, Rice & Dal",marketing_run_20261005T135746863
CUST03026,6,"Frequent · High-value — Atta, Rice & Dal",marketing_run_20261005T135746863
CUST03027,6,"Frequent · High-value — Atta, Rice & Dal",marketing_run_20261005T135746863
CUST03028,1,Night-time — Sweets & Chocolates,marketing_run_20261005T135746863
CUST03029,4,Everyday — Health & Wellness,marketing_run_20261005T135746863
CUST03030,0,Big-basket · Premium-basket — Baby Care,marketing_run_20261005T135746863
CUST03032,2,Everyday — Gourmet & Organic,marketing_run_20261005T135746863
CUST03033,1,Night-time — Sweets & Chocolates,marketing_run_20261005T135746863
CUST03034,3,"Everyday — Atta, Rice & Dal",marketing_run_20261005T135746863
CUST03035,0,Big-basket · Premium-basket — Baby Care,marketing_run_20261005T135746863
CUST03036,6,"Frequent · High-value — Atta, Rice & Dal",marketing_run_20261005T135746863
CUST03037,0,Big-basket · Premium-basket — Baby Care,marketing_run_20261005T135746863
CUST03038,0,Big-basket · Premium-basket — Baby Care,marketing_run_20261005T135746863
CUST03039,3,"Everyday — Atta, Rice & Dal",marketing_run_20261005T135746863
CUST03040,3,"Everyday — Atta, Rice & Dal",marketing_run_20261005T135746863
CUST03041,3,"Everyday — Atta, Rice & Dal",marketing_run_20261005T135746863
CUST03043,6,"Frequent · High-value — Atta, Rice & Dal",marketing_run_20261005T135746863
CUST03044,2,Everyday — Gourmet & Organic,marketing_run_20261005T135746863
CUST03046,0,Big-basket · Premium-basket — Baby Care,marketing_run_20261005T135746863
CUST03047,1,Night-time — Sweets & Chocolates,marketing_run_20261005T135746863
CUST03048,2,Everyday — Gourmet & Organic,marketing_run_20261005T135746863
CUST03049,2,Everyday — Gourmet & Organic,marketing_run_20261005T135746863
CUST03050,0,Big-basket · Premium-basket — Baby Care,marketing_run_20261005T135746863
CUST03051,0,Big-basket · Premium-basket — Baby Care,marketing_run_20261005T135746863
CUST03052,3,"Everyday — Atta, Rice & Dal",marketing_run_20261005T135746863
CUST03053,6,"Frequent · High-value — Atta, Rice & Dal",marketing_run_20261005T135746863
CUST03055,0,Big-basket · Premium-basket — Baby Care,marketing_run_20261005T135746863
CUST03056,3,"Everyday — Atta, Rice & Dal",marketing_run_20261005T135746863
CUST03057,6,"Frequent · High-value — Atta, Rice & Dal",marketing_run_20261005T135746863
CUST03058,3,"Everyday — Atta, Rice & Dal",marketing_run_20261005T135746863
CUST03059,0,Big-basket · Premium-basket — Baby Care,marketing_run_20261005T135746863
CUST03060,6,"Frequent · High-value — Atta, Rice & Dal",marketing_run_20261005T135746863
CUST03062,1,Night-time — Sweets & Chocolates,marketing_run_20261005T135746863
CUST03063,6,"Frequent · High-value — Atta, Rice & Dal",marketing_run_20261005T135746863
CUST03064,1,Night-time — Sweets & Chocolates,marketing_run_20261005T135746863
CUST03065,4,Everyday — Health & Wellness,marketing_run_20261005T135746863
CUST03066,5,Night-time — Instant & Frozen Food,marketing_run_20261005T135746863
CUST03067,1,Night-time — Sweets & Chocolates,marketing_run_20261005T135746863
CUST03068,0,Big-basket · Premium-basket — Baby Care,marketing_run_20261005T135746863
CUST03069,3,"Everyday — Atta, Rice & Dal",marketing_run_20261005T135746863
CUST03071,2,Everyday — Gourmet & Organic,marketing_run_20261005T135746863
CUST03073,5,Night-time — Instant & Frozen Food,marketing_run_20261005T135746863
CUST03074,3,"Everyday — Atta, Rice & Dal",marketing_run_20261005T135746863
CUST03075,3,"Everyday — Atta, Rice & Dal",marketing_run_20261005T135746863
CUST03076,0,Big-basket · Premium-basket — Baby Care,marketing_run_20261005T135746863
CUST03077,6,"Frequent · High-value — Atta, Rice & Dal",marketing_run_20261005T135746863
CUST03078,0,Big-basket · Premium-basket — Baby Care,marketing_run_20261005T135746863
CUST03079,4,Everyday — Health & Wellness,marketing_run_20261005T135746863
CUST03080,6,"Frequent · High-value — Atta, Rice & Dal",marketing_run_20261005T135746863
CUST03081,0,Big-basket · Premium-basket — Baby Care,marketing_run_20261005T135746863
CUST03082,2,Everyday — Gourmet & Organic,marketing_run_20261005T135746863
CUST03083,1,Night-time — Sweets & Chocolates,marketing_run_20261005T135746863
CUST03084,3,"Everyday — Atta, Rice & Dal",marketing_run_20261005T135746863
CUST03085,3,"Everyday — Atta, Rice & Dal",marketing_run_20261005T135746863
CUST03087,3,"Everyday — Atta, Rice & Dal",marketing_run_20261005T135746863
CUST03088,1,Night-time — Sweets & Chocolates,marketing_run_20261005T135746863
CUST03089,3,"Everyday — Atta, Rice & Dal",marketing_run_20261005T135746863
CUST03090,6,"Frequent · High-value — Atta, Rice & Dal",marketing_run_20261005T135746863
CUST03091,0,Big-basket · Premium-basket — Baby Care,marketing_run_20261005T135746863
CUST03092,1,Night-time — Sweets & Chocolates,marketing_run_20261005T135746863
CUST03093,0,Big-basket · Premium-basket — Baby Care,marketing_run_20261005T135746863
CUST03094,3,"Everyday — Atta, Rice & Dal",marketing_run_20261005T135746863
CUST03095,6,"Frequent · High-value — Atta, Rice & Dal",marketing_run_20261005T135746863
CUST03096,2,Everyday — Gourmet & Organic,marketing_run_20261005T135746863
CUST03097,6,"Frequent · High-value — Atta, Rice & Dal",marketing_run_20261005T135746863
CUST03098,2,Everyday — Gourmet & Organic,marketing_run_20261005T135746863
CUST03099,1,Night-time — Sweets & Chocolates,marketing_run_20261005T135746863
CUST03100,4,Everyday — Health & Wellness,marketing_run_20261005T135746863
CUST03101,1,Night-time — Sweets & Chocolates,marketing_run_20261005T135746863
CUST03102,3,"Everyday — Atta, Rice & Dal",marketing_run_20261005T135746863
CUST03103,6,"Frequent · High-value — Atta, Rice & Dal",marketing_run_20261005T135746863
CUST03104,1,Night-time — Sweets & Chocolates,marketing_run_20261005T135746863
CUST03105,0,Big-basket · Premium-basket — Baby Care,marketing_run_20261005T135746863
CUST03107,3,"Everyday — Atta, Rice & Dal",marketing_run_20261005T135746863
CUST03108,1,Night-time — Sweets & Chocolates,marketing_run_20261005T135746863
CUST03109,6,"Frequent · High-value — Atta, Rice & Dal",marketing_run_20261005T135746863
CUST03110,0,Big-basket · Premium-basket — Baby Care,marketing_run_20261005T135746863
CUST03111,4,Everyday — Health & Wellness,marketing_run_20261005T135746863
CUST03112,1,Night-time — Sweets & Chocolates,marketing_run_20261005T135746863
CUST03113,0,Big-basket · Premium-basket — Baby Care,marketing_run_20261005T135746863
CUST03115,6,"Frequent · High-value — Atta, Rice & Dal",marketing_run_20261005T135746863
CUST03116,0,Big-basket · Premium-basket — Baby Care,marketing_run_20261005T135746863
CUST03117,1,Night-time — Sweets & Chocolates,marketing_run_20261005T135746863
CUST03118,0,Big-basket · Premium-basket — Baby Care,marketing_run_20261005T135746863
CUST03119,3,"Everyday — Atta, Rice & Dal",marketing_run_20261005T135746863
CUST03120,6,"Frequent · High-value — Atta, Rice & Dal",marketing_run_20261005T135746863
CUST03122,0,Big-basket · Premium-basket — Baby Care,marketing_run_20261005T135746863
CUST03123,6,"Frequent · High-value — Atta, Rice & Dal",marketing_run_20261005T135746863
CUST03124,2,Everyday — Gourmet & Organic,marketing_run_20261005T135746863
CUST03125,6,"Frequent · High-value — Atta, Rice & Dal",marketing_run_20261005T135746863
CUST03126,0,Big-basket · Premium-basket — Baby Care,marketing_run_20261005T135746863
CUST03127,0,Big-basket · Premium-basket — Baby Care,marketing_run_20261005T135746863
CUST03128,2,Everyday — Gourmet & Organic,marketing_run_20261005T135746863
CUST03129,1,Night-time — Sweets & Chocolates,marketing_run_20261005T135746863
CUST03130,6,"Frequent · High-value — Atta, Rice & Dal",marketing_run_20261005T135746863
CUST03131,6,"Frequent · High-value — Atta, Rice & Dal",marketing_run_20261005T135746863
CUST03132,2,Everyday — Gourmet & Organic,marketing_run_20261005T135746863
CUST03133,1,Night-time — Sweets & Chocolates,marketing_run_20261005T135746863
CUST03135,0,Big-basket · Premium-basket — Baby Care,marketing_run_20261005T135746863
CUST03136,2,Everyday — Gourmet & Organic,marketing_run_20261005T135746863
CUST03137,1,Night-time — Sweets & Chocolates,marketing_run_20261005T135746863
CUST03139,2,Everyday — Gourmet & Organic,marketing_run_20261005T135746863
CUST03140,6,"Frequent · High-value — Atta, Rice & Dal",marketing_run_20261005T135746863
CUST03141,2,Everyday — Gourmet & Organic,marketing_run_20261005T135746863
CUST03142,0,Big-basket · Premium-basket — Baby Care,marketing_run_20261005T135746863
CUST03143,3,"Everyday — Atta, Rice & Dal",marketing_run_20261005T135746863
CUST03144,6,"Frequent · High-value — Atta, Rice & Dal",marketing_run_20261005T135746863
CUST03145,3,"Everyday — Atta, Rice & Dal",marketing_run_20261005T135746863
CUST03146,6,"Frequent · High-value — Atta, Rice & Dal",marketing_run_20261005T135746863
CUST03147,6,"Frequent · High-value — Atta, Rice & Dal",marketing_run_20261005T135746863
CUST03148,1,Night-time — Sweets & Chocolates,marketing_run_20261005T135746863
CUST03149,0,Big-basket · Premium-basket — Baby Care,marketing_run_20261005T135746863
CUST03150,6,"Frequent · High-value — Atta, Rice & Dal",marketing_run_20261005T135746863
CUST03151,6,"Frequent · High-value — Atta, Rice & Dal",marketing_run_20261005T135746863
CUST03152,6,"Frequent · High-value — Atta, Rice & Dal",marketing_run_20261005T135746863
CUST03153,0,Big-basket · Premium-basket — Baby Care,marketing_run_20261005T135746863
CUST03154,1,Night-time — Sweets & Chocolates,marketing_run_20261005T135746863
CUST03155,6,"Frequent · High-value — Atta, Rice & Dal",marketing_run_20261005T135746863
CUST03156,3,"Everyday — Atta, Rice & Dal",marketing_run_20261005T135746863
CUST03157,6,"Frequent · High-value — Atta, Rice & Dal",marketing_run_20261005T135746863
CUST03158,0,Big-basket · Premium-basket — Baby Care,marketing_run_20261005T135746863
CUST03159,1,Night-time — Sweets & Chocolates,marketing_run_20261005T135746863
CUST03160,3,"Everyday — Atta, Rice & Dal",marketing_run_20261005T135746863
CUST03161,2,Everyday — Gourmet & Organic,marketing_run_20261005T135746863
CUST03162,1,Night-time — Sweets & Chocolates,marketing_run_20261005T135746863
CUST03163,2,Everyday — Gourmet & Organic,marketing_run_20261005T135746863
CUST03164,1,Night-time — Sweets & Chocolates,marketing_run_20261005T135746863
CUST03165,0,Big-basket · Premium-basket — Baby Care,marketing_run_20261005T135746863
CUST03166,3,"Everyday — Atta, Rice & Dal",marketing_run_20261005T135746863
CUST03167,1,Night-time — Sweets & Chocolates,marketing_run_20261005T135746863
CUST03168,3,"Everyday — Atta, Rice & Dal",marketing_run_20261005T135746863
CUST03169,6,"Frequent · High-value — Atta, Rice & Dal",marketing_run_20261005T135746863
CUST03170,2,Everyday — Gourmet & Organic,marketing_run_20261005T135746863
CUST03171,6,"Frequent · High-value — Atta, Rice & Dal",marketing_run_20261005T135746863
CUST03172,2,Everyday — Gourmet & Organic,marketing_run_20261005T135746863
CUST03173,3,"Everyday — Atta, Rice & Dal",marketing_run_20261005T135746863
CUST03174,0,Big-basket · Premium-basket — Baby Care,marketing_run_20261005T135746863
CUST03175,6,"Frequent · High-value — Atta, Rice & Dal",marketing_run_20261005T135746863
CUST03177,1,Night-time — Sweets & Chocolates,marketing_run_20261005T135746863
CUST03178,6,"Frequent · High-value — Atta, Rice & Dal",marketing_run_20261005T135746863
CUST03179,0,Big-basket · Premium-basket — Baby Care,marketing_run_20261005T135746863
CUST03180,2,Everyday — Gourmet & Organic,marketing_run_20261005T135746863
CUST03181,3,"Everyday — Atta, Rice & Dal",marketing_run_20261005T135746863
CUST03182,0,Big-basket · Premium-basket — Baby Care,marketing_run_20261005T135746863
CUST03184,0,Big-basket · Premium-basket — Baby Care,marketing_run_20261005T135746863
CUST03185,0,Big-basket · Premium-basket — Baby Care,marketing_run_20261005T135746863
CUST03186,6,"Frequent · High-value — Atta, Rice & Dal",marketing_run_20261005T135746863
CUST03187,1,Night-time — Sweets & Chocolates,marketing_run_20261005T135746863
CUST03188,6,"Frequent · High-value — Atta, Rice & Dal",marketing_run_20261005T135746863
CUST03189,0,Big-basket · Premium-basket — Baby Care,marketing_run_20261005T135746863
CUST03190,0,Big-basket · Premium-basket — Baby Care,marketing_run_20261005T135746863
CUST03192,3,"Everyday — Atta, Rice & Dal",marketing_run_20261005T135746863
CUST03193,6,"Frequent · High-value — Atta, Rice & Dal",marketing_run_20261005T135746863
CUST03194,0,Big-basket · Premium-basket — Baby Care,marketing_run_20261005T135746863
CUST03196,3,"Everyday — Atta, Rice & Dal",marketing_run_20261005T135746863
CUST03197,2,Everyday — Gourmet & Organic,marketing_run_20261005T135746863
CUST03198,0,Big-basket · Premium-basket — Baby Care,marketing_run_20261005T135746863
CUST03200,0,Big-basket · Premium-basket — Baby Care,marketing_run_20261005T135746863
CUST03201,2,Everyday — Gourmet & Organic,marketing_run_20261005T135746863
CUST03202,4,Everyday — Health & Wellness,marketing_run_20261005T135746863
CUST03203,3,"Everyday — Atta, Rice & Dal",marketing_run_20261005T135746863
CUST03204,6,"Frequent · High-value — Atta, Rice & Dal",marketing_run_20261005T135746863
CUST03205,0,Big-basket · Premium-basket — Baby Care,marketing_run_20261005T135746863
CUST03206,0,Big-basket · Premium-basket — Baby Care,marketing_run_20261005T135746863
CUST03207,6,"Frequent · High-value — Atta, Rice & Dal",marketing_run_20261005T135746863
CUST03208,1,Night-time — Sweets & Chocolates,marketing_run_20261005T135746863
CUST03209,6,"Frequent · High-value — Atta, Rice & Dal",marketing_run_20261005T135746863
CUST03210,2,Everyday — Gourmet & Organic,marketing_run_20261005T135746863
CUST03211,6,"Frequent · High-value — Atta, Rice & Dal",marketing_run_20261005T135746863
CUST03212,6,"Frequent · High-value — Atta, Rice & Dal",marketing_run_20261005T135746863
CUST03214,3,"Everyday — Atta, Rice & Dal",marketing_run_20261005T135746863
CUST03215,1,Night-time — Sweets & Chocolates,marketing_run_20261005T135746863
CUST03216,2,Everyday — Gourmet & Organic,marketing_run_20261005T135746863
CUST03217,3,"Everyday — Atta, Rice & Dal",marketing_run_20261005T135746863
CUST03218,0,Big-basket · Premium-basket — Baby Care,marketing_run_20261005T135746863
CUST03219,1,Night-time — Sweets & Chocolates,marketing_run_20261005T135746863
CUST03220,3,"Everyday — Atta, Rice & Dal",marketing_run_20261005T135746863
CUST03221,2,Everyday — Gourmet & Organic,marketing_run_20261005T135746863
CUST03222,1,Night-time — Sweets & Chocolates,marketing_run_20261005T135746863
CUST03223,0,Big-basket · Premium-basket — Baby Care,marketing_run_20261005T135746863
CUST03226,1,Night-time — Sweets & Chocolates,marketing_run_20261005T135746863
CUST03227,6,"Frequent · High-value — Atta, Rice & Dal",marketing_run_20261005T135746863
CUST03229,1,Night-time — Sweets & Chocolates,marketing_run_20261005T135746863
CUST03230,0,Big-basket · Premium-basket — Baby Care,marketing_run_20261005T135746863
CUST03231,0,Big-basket · Premium-basket — Baby Care,marketing_run_20261005T135746863
CUST03232,1,Night-time — Sweets & Chocolates,marketing_run_20261005T135746863
CUST03233,2,Everyday — Gourmet & Organic,marketing_run_20261005T135746863
CUST03234,4,Everyday — Health & Wellness,marketing_run_20261005T135746863
CUST03235,2,Everyday — Gourmet & Organic,marketing_run_20261005T135746863
CUST03236,0,Big-basket · Premium-basket — Baby Care,marketing_run_20261005T135746863
CUST03237,0,Big-basket · Premium-basket — Baby Care,marketing_run_20261005T135746863
CUST03238,2,Everyday — Gourmet & Organic,marketing_run_20261005T135746863
CUST03239,2,Everyday — Gourmet & Organic,marketing_run_20261005T135746863
CUST03240,0,Big-basket · Premium-basket — Baby Care,marketing_run_20261005T135746863
CUST03241,2,Everyday — Gourmet & Organic,marketing_run_20261005T135746863
CUST03243,6,"Frequent · High-value — Atta, Rice & Dal",marketing_run_20261005T135746863
CUST03244,0,Big-basket · Premium-basket — Baby Care,marketing_run_20261005T135746863
CUST03245,6,"Frequent · High-value — Atta, Rice & Dal",marketing_run_20261005T135746863
CUST03246,1,Night-time — Sweets & Chocolates,marketing_run_20261005T135746863
CUST03247,6,"Frequent · High-value — Atta, Rice & Dal",marketing_run_20261005T135746863
CUST03248,3,"Everyday — Atta, Rice & Dal",marketing_run_20261005T135746863
CUST03250,2,Everyday — Gourmet & Organic,marketing_run_20261005T135746863
CUST03251,0,Big-basket · Premium-basket — Baby Care,marketing_run_20261005T135746863
CUST03252,4,Everyday — Health & Wellness,marketing_run_20261005T135746863
CUST03253,3,"Everyday — Atta, Rice & Dal",marketing_run_20261005T135746863
CUST03254,0,Big-basket · Premium-basket — Baby Care,marketing_run_20261005T135746863
CUST03255,0,Big-basket · Premium-basket — Baby Care,marketing_run_20261005T135746863
CUST03256,2,Everyday — Gourmet & Organic,marketing_run_20261005T135746863
CUST03257,6,"Frequent · High-value — Atta, Rice & Dal",marketing_run_20261005T135746863
CUST03258,2,Everyday — Gourmet & Organic,marketing_run_20261005T135746863
CUST03259,6,"Frequent · High-value — Atta, Rice & Dal",marketing_run_20261005T135746863
CUST03260,1,Night-time — Sweets & Chocolates,marketing_run_20261005T135746863
CUST03261,2,Everyday — Gourmet & Organic,marketing_run_20261005T135746863
CUST03262,3,"Everyday — Atta, Rice & Dal",marketing_run_20261005T135746863
CUST03264,3,"Everyday — Atta, Rice & Dal",marketing_run_20261005T135746863
CUST03265,0,Big-basket · Premium-basket — Baby Care,marketing_run_20261005T135746863
CUST03266,0,Big-basket · Premium-basket — Baby Care,marketing_run_20261005T135746863
CUST03267,0,Big-basket · Premium-basket — Baby Care,marketing_run_20261005T135746863
CUST03269,0,Big-basket · Premium-basket — Baby Care,marketing_run_20261005T135746863
CUST03270,6,"Frequent · High-value — Atta, Rice & Dal",marketing_run_20261005T135746863
CUST03271,6,"Frequent · High-value — Atta, Rice & Dal",marketing_run_20261005T135746863
CUST03272,6,"Frequent · High-value — Atta, Rice & Dal",marketing_run_20261005T135746863
CUST03274,6,"Frequent · High-value — Atta, Rice & Dal",marketing_run_20261005T135746863
CUST03275,6,"Frequent · High-value — Atta, Rice & Dal",marketing_run_20261005T135746863
CUST03276,6,"Frequent · High-value — Atta, Rice & Dal",marketing_run_20261005T135746863
CUST03277,6,"Frequent · High-value — Atta, Rice & Dal",marketing_run_20261005T135746863
CUST03278,2,Everyday — Gourmet & Organic,marketing_run_20261005T135746863
CUST03280,1,Night-time — Sweets & Chocolates,marketing_run_20261005T135746863
CUST03281,0,Big-basket · Premium-basket — Baby Care,marketing_run_20261005T135746863
CUST03282,3,"Everyday — Atta, Rice & Dal",marketing_run_20261005T135746863
CUST03284,6,"Frequent · High-value — Atta, Rice & Dal",marketing_run_20261005T135746863
CUST03285,1,Night-time — Sweets & Chocolates,marketing_run_20261005T135746863
CUST03286,0,Big-basket · Premium-basket — Baby Care,marketing_run_20261005T135746863
CUST03287,2,Everyday — Gourmet & Organic,marketing_run_20261005T135746863
CUST03288,6,"Frequent · High-value — Atta, Rice & Dal",marketing_run_20261005T135746863
CUST03289,0,Big-basket · Premium-basket — Baby Care,marketing_run_20261005T135746863
CUST03290,6,"Frequent · High-value — Atta, Rice & Dal",marketing_run_20261005T135746863
CUST03291,3,"Everyday — Atta, Rice & Dal",marketing_run_20261005T135746863
CUST03292,0,Big-basket · Premium-basket — Baby Care,marketing_run_20261005T135746863
CUST03293,5,Night-time — Instant & Frozen Food,marketing_run_20261005T135746863
CUST03294,6,"Frequent · High-value — Atta, Rice & Dal",marketing_run_20261005T135746863
CUST03295,1,Night-time — Sweets & Chocolates,marketing_run_20261005T135746863
CUST03296,1,Night-time — Sweets & Chocolates,marketing_run_20261005T135746863
CUST03297,6,"Frequent · High-value — Atta, Rice & Dal",marketing_run_20261005T135746863
CUST03298,1,Night-time — Sweets & Chocolates,marketing_run_20261005T135746863
CUST03299,2,Everyday — Gourmet & Organic,marketing_run_20261005T135746863
CUST03300,0,Big-basket · Premium-basket — Baby Care,marketing_run_20261005T135746863
CUST03301,1,Night-time — Sweets & Chocolates,marketing_run_20261005T135746863
CUST03302,3,"Everyday — Atta, Rice & Dal",marketing_run_20261005T135746863
CUST03303,0,Big-basket · Premium-basket — Baby Care,marketing_run_20261005T135746863
CUST03304,4,Everyday — Health & Wellness,marketing_run_20261005T135746863
CUST03305,1,Night-time — Sweets & Chocolates,marketing_run_20261005T135746863
CUST03306,0,Big-basket · Premium-basket — Baby Care,marketing_run_20261005T135746863
CUST03307,2,Everyday — Gourmet & Organic,marketing_run_20261005T135746863
CUST03308,1,Night-time — Sweets & Chocolates,marketing_run_20261005T135746863
CUST03309,3,"Everyday — Atta, Rice & Dal",marketing_run_20261005T135746863
CUST03310,1,Night-time — Sweets & Chocolates,marketing_run_20261005T135746863
CUST03311,2,Everyday — Gourmet & Organic,marketing_run_20261005T135746863
CUST03312,2,Everyday — Gourmet & Organic,marketing_run_20261005T135746863
CUST03313,2,Everyday — Gourmet & Organic,marketing_run_20261005T135746863
CUST03314,2,Everyday — Gourmet & Organic,marketing_run_20261005T135746863
CUST03316,3,"Everyday — Atta, Rice & Dal",marketing_run_20261005T135746863
CUST03318,3,"Everyday — Atta, Rice & Dal",marketing_run_20261005T135746863
CUST03319,0,Big-basket · Premium-basket — Baby Care,marketing_run_20261005T135746863
CUST03320,2,Everyday — Gourmet & Organic,marketing_run_20261005T135746863
CUST03321,0,Big-basket · Premium-basket — Baby Care,marketing_run_20261005T135746863
CUST03322,0,Big-basket · Premium-basket — Baby Care,marketing_run_20261005T135746863
CUST03323,0,Big-basket · Premium-basket — Baby Care,marketing_run_20261005T135746863
CUST03324,1,Night-time — Sweets & Chocolates,marketing_run_20261005T135746863
CUST03325,2,Everyday — Gourmet & Organic,marketing_run_20261005T135746863
CUST03327,2,Everyday — Gourmet & Organic,marketing_run_20261005T135746863
CUST03328,2,Everyday — Gourmet & Organic,marketing_run_20261005T135746863
CUST03329,1,Night-time — Sweets & Chocolates,marketing_run_20261005T135746863
CUST03330,3,"Everyday — Atta, Rice & Dal",marketing_run_20261005T135746863
CUST03331,3,"Everyday — Atta, Rice & Dal",marketing_run_20261005T135746863
CUST03332,3,"Everyday — Atta, Rice & Dal",marketing_run_20261005T135746863
CUST03333,2,Everyday — Gourmet & Organic,marketing_run_20261005T135746863
CUST03334,6,"Frequent · High-value — Atta, Rice & Dal",marketing_run_20261005T135746863
CUST03335,6,"Frequent · High-value — Atta, Rice & Dal",marketing_run_20261005T135746863
CUST03337,0,Big-basket · Premium-basket — Baby Care,marketing_run_20261005T135746863
CUST03338,0,Big-basket · Premium-basket — Baby Care,marketing_run_20261005T135746863
CUST03339,3,"Everyday — Atta, Rice & Dal",marketing_run_20261005T135746863
CUST03340,1,Night-time — Sweets & Chocolates,marketing_run_20261005T135746863
CUST03341,6,"Frequent · High-value — Atta, Rice & Dal",marketing_run_20261005T135746863
CUST03342,6,"Frequent · High-value — Atta, Rice & Dal",marketing_run_20261005T135746863
CUST03343,3,"Everyday — Atta, Rice & Dal",marketing_run_20261005T135746863
CUST03345,2,Everyday — Gourmet & Organic,marketing_run_20261005T135746863
CUST03346,4,Everyday — Health & Wellness,marketing_run_20261005T135746863
CUST03347,2,Everyday — Gourmet & Organic,marketing_run_20261005T135746863
CUST03348,4,Everyday — Health & Wellness,marketing_run_20261005T135746863
CUST03349,2,Everyday — Gourmet & Organic,marketing_run_20261005T135746863
CUST03351,6,"Frequent · High-value — Atta, Rice & Dal",marketing_run_20261005T135746863
CUST03352,1,Night-time — Sweets & Chocolates,marketing_run_20261005T135746863
CUST03353,0,Big-basket · Premium-basket — Baby Care,marketing_run_20261005T135746863
CUST03354,6,"Frequent · High-value — Atta, Rice & Dal",marketing_run_20261005T135746863
CUST03357,6,"Frequent · High-value — Atta, Rice & Dal",marketing_run_20261005T135746863
CUST03358,6,"Frequent · High-value — Atta, Rice & Dal",marketing_run_20261005T135746863
CUST03359,2,Everyday — Gourmet & Organic,marketing_run_20261005T135746863
CUST03360,6,"Frequent · High-value — Atta, Rice & Dal",marketing_run_20261005T135746863
CUST03362,3,"Everyday — Atta, Rice & Dal",marketing_run_20261005T135746863
CUST03363,0,Big-basket · Premium-basket — Baby Care,marketing_run_20261005T135746863
CUST03364,6,"Frequent · High-value — Atta, Rice & Dal",marketing_run_20261005T135746863
CUST03365,6,"Frequent · High-value — Atta, Rice & Dal",marketing_run_20261005T135746863
CUST03367,0,Big-basket · Premium-basket — Baby Care,marketing_run_20261005T135746863
CUST03368,0,Big-basket · Premium-basket — Baby Care,marketing_run_20261005T135746863
CUST03369,6,"Frequent · High-value — Atta, Rice & Dal",marketing_run_20261005T135746863
CUST03372,3,"Everyday — Atta, Rice & Dal",marketing_run_20261005T135746863
CUST03373,1,Night-time — Sweets & Chocolates,marketing_run_20261005T135746863
CUST03376,2,Everyday — Gourmet & Organic,marketing_run_20261005T135746863
CUST03378,3,"Everyday — Atta, Rice & Dal",marketing_run_20261005T135746863
CUST03379,1,Night-time — Sweets & Chocolates,marketing_run_20261005T135746863
CUST03380,1,Night-time — Sweets & Chocolates,marketing_run_20261005T135746863
CUST03381,3,"Everyday — Atta, Rice & Dal",marketing_run_20261005T135746863
CUST03382,2,Everyday — Gourmet & Organic,marketing_run_20261005T135746863
CUST03383,6,"Frequent · High-value — Atta, Rice & Dal",marketing_run_20261005T135746863
CUST03384,2,Everyday — Gourmet & Organic,marketing_run_20261005T135746863
CUST03385,3,"Everyday — Atta, Rice & Dal",marketing_run_20261005T135746863
CUST03386,2,Everyday — Gourmet & Organic,marketing_run_20261005T135746863
CUST03387,1,Night-time — Sweets & Chocolates,marketing_run_20261005T135746863
CUST03388,3,"Everyday — Atta, Rice & Dal",marketing_run_20261005T135746863
CUST03390,3,"Everyday — Atta, Rice & Dal",marketing_run_20261005T135746863
CUST03392,2,Everyday — Gourmet & Organic,marketing_run_20261005T135746863
CUST03393,6,"Frequent · High-value — Atta, Rice & Dal",marketing_run_20261005T135746863
CUST03394,4,Everyday — Health & Wellness,marketing_run_20261005T135746863
CUST03396,1,Night-time — Sweets & Chocolates,marketing_run_20261005T135746863
CUST03397,0,Big-basket · Premium-basket — Baby Care,marketing_run_20261005T135746863
CUST03398,3,"Everyday — Atta, Rice & Dal",marketing_run_20261005T135746863
CUST03399,6,"Frequent · High-value — Atta, Rice & Dal",marketing_run_20261005T135746863
CUST03400,1,Night-time — Sweets & Chocolates,marketing_run_20261005T135746863
CUST03401,6,"Frequent · High-value — Atta, Rice & Dal",marketing_run_20261005T135746863
CUST03402,1,Night-time — Sweets & Chocolates,marketing_run_20261005T135746863
CUST03405,2,Everyday — Gourmet & Organic,marketing_run_20261005T135746863
CUST03407,6,"Frequent · High-value — Atta, Rice & Dal",marketing_run_20261005T135746863
CUST03408,2,Everyday — Gourmet & Organic,marketing_run_20261005T135746863
CUST03409,3,"Everyday — Atta, Rice & Dal",marketing_run_20261005T135746863
CUST03411,6,"Frequent · High-value — Atta, Rice & Dal",marketing_run_20261005T135746863
CUST03412,4,Everyday — Health & Wellness,marketing_run_20261005T135746863
CUST03413,6,"Frequent · High-value — Atta, Rice & Dal",marketing_run_20261005T135746863
CUST03415,6,"Frequent · High-value — Atta, Rice & Dal",marketing_run_20261005T135746863
CUST03416,2,Everyday — Gourmet & Organic,marketing_run_20261005T135746863
CUST03418,2,Everyday — Gourmet & Organic,marketing_run_20261005T135746863
CUST03419,3,"Everyday — Atta, Rice & Dal",marketing_run_20261005T135746863
CUST03420,6,"Frequent · High-value — Atta, Rice & Dal",marketing_run_20261005T135746863
CUST03421,3,"Everyday — Atta, Rice & Dal",marketing_run_20261005T135746863
CUST03422,6,"Frequent · High-value — Atta, Rice & Dal",marketing_run_20261005T135746863
CUST03423,0,Big-basket · Premium-basket — Baby Care,marketing_run_20261005T135746863
CUST03424,2,Everyday — Gourmet & Organic,marketing_run_20261005T135746863
CUST03425,3,"Everyday — Atta, Rice & Dal",marketing_run_20261005T135746863
CUST03426,1,Night-time — Sweets & Chocolates,marketing_run_20261005T135746863
CUST03427,0,Big-basket · Premium-basket — Baby Care,marketing_run_20261005T135746863
CUST03428,4,Everyday — Health & Wellness,marketing_run_20261005T135746863
CUST03430,2,Everyday — Gourmet & Organic,marketing_run_20261005T135746863
CUST03431,3,"Everyday — Atta, Rice & Dal",marketing_run_20261005T135746863
CUST03432,0,Big-basket · Premium-basket — Baby Care,marketing_run_20261005T135746863
CUST03433,1,Night-time — Sweets & Chocolates,marketing_run_20261005T135746863
CUST03434,3,"Everyday — Atta, Rice & Dal",marketing_run_20261005T135746863
CUST03435,0,Big-basket · Premium-basket — Baby Care,marketing_run_20261005T135746863
CUST03436,4,Everyday — Health & Wellness,marketing_run_20261005T135746863
CUST03437,1,Night-time — Sweets & Chocolates,marketing_run_20261005T135746863
CUST03438,0,Big-basket · Premium-basket — Baby Care,marketing_run_20261005T135746863
CUST03439,1,Night-time — Sweets & Chocolates,marketing_run_20261005T135746863
CUST03440,2,Everyday — Gourmet & Organic,marketing_run_20261005T135746863
CUST03441,6,"Frequent · High-value — Atta, Rice & Dal",marketing_run_20261005T135746863
CUST03442,2,Everyday — Gourmet & Organic,marketing_run_20261005T135746863
CUST03443,0,Big-basket · Premium-basket — Baby Care,marketing_run_20261005T135746863
CUST03444,3,"Everyday — Atta, Rice & Dal",marketing_run_20261005T135746863
CUST03445,1,Night-time — Sweets & Chocolates,marketing_run_20261005T135746863
CUST03446,6,"Frequent · High-value — Atta, Rice & Dal",marketing_run_20261005T135746863
CUST03447,3,"Everyday — Atta, Rice & Dal",marketing_run_20261005T135746863
CUST03448,3,"Everyday — Atta, Rice & Dal",marketing_run_20261005T135746863
CUST03449,5,Night-time — Instant & Frozen Food,marketing_run_20261005T135746863
CUST03451,0,Big-basket · Premium-basket — Baby Care,marketing_run_20261005T135746863
CUST03452,3,"Everyday — Atta, Rice & Dal",marketing_run_20261005T135746863
CUST03453,6,"Frequent · High-value — Atta, Rice & Dal",marketing_run_20261005T135746863
CUST03454,3,"Everyday — Atta, Rice & Dal",marketing_run_20261005T135746863
CUST03455,0,Big-basket · Premium-basket — Baby Care,marketing_run_20261005T135746863
CUST03457,3,"Everyday — Atta, Rice & Dal",marketing_run_20261005T135746863
CUST03458,0,Big-basket · Premium-basket — Baby Care,marketing_run_20261005T135746863
CUST03459,6,"Frequent · High-value — Atta, Rice & Dal",marketing_run_20261005T135746863
CUST03460,1,Night-time — Sweets & Chocolates,marketing_run_20261005T135746863
CUST03461,1,Night-time — Sweets & Chocolates,marketing_run_20261005T135746863
CUST03462,6,"Frequent · High-value — Atta, Rice & Dal",marketing_run_20261005T135746863
CUST03463,2,Everyday — Gourmet & Organic,marketing_run_20261005T135746863
CUST03464,2,Everyday — Gourmet & Organic,marketing_run_20261005T135746863
CUST03465,1,Night-time — Sweets & Chocolates,marketing_run_20261005T135746863
CUST03466,0,Big-basket · Premium-basket — Baby Care,marketing_run_20261005T135746863
CUST03467,6,"Frequent · High-value — Atta, Rice & Dal",marketing_run_20261005T135746863
CUST03469,6,"Frequent · High-value — Atta, Rice & Dal",marketing_run_20261005T135746863
CUST03470,1,Night-time — Sweets & Chocolates,marketing_run_20261005T135746863
CUST03472,5,Night-time — Instant & Frozen Food,marketing_run_20261005T135746863
CUST03473,6,"Frequent · High-value — Atta, Rice & Dal",marketing_run_20261005T135746863
CUST03474,0,Big-basket · Premium-basket — Baby Care,marketing_run_20261005T135746863
CUST03475,2,Everyday — Gourmet & Organic,marketing_run_20261005T135746863
CUST03476,2,Everyday — Gourmet & Organic,marketing_run_20261005T135746863
CUST03477,6,"Frequent · High-value — Atta, Rice & Dal",marketing_run_20261005T135746863
CUST03478,3,"Everyday — Atta, Rice & Dal",marketing_run_20261005T135746863
CUST03480,2,Everyday — Gourmet & Organic,marketing_run_20261005T135746863
CUST03482,6,"Frequent · High-value — Atta, Rice & Dal",marketing_run_20261005T135746863
CUST03483,0,Big-basket · Premium-basket — Baby Care,marketing_run_20261005T135746863
CUST03484,0,Big-basket · Premium-basket — Baby Care,marketing_run_20261005T135746863
CUST03486,1,Night-time — Sweets & Chocolates,marketing_run_20261005T135746863
CUST03488,0,Big-basket · Premium-basket — Baby Care,marketing_run_20261005T135746863
CUST03489,3,"Everyday — Atta, Rice & Dal",marketing_run_20261005T135746863
CUST03490,0,Big-basket · Premium-basket — Baby Care,marketing_run_20261005T135746863
CUST03491,5,Night-time — Instant & Frozen Food,marketing_run_20261005T135746863
CUST03492,0,Big-basket · Premium-basket — Baby Care,marketing_run_20261005T135746863
CUST03493,4,Everyday — Health & Wellness,marketing_run_20261005T135746863
CUST03494,3,"Everyday — Atta, Rice & Dal",marketing_run_20261005T135746863
CUST03496,0,Big-basket · Premium-basket — Baby Care,marketing_run_20261005T135746863
CUST03497,1,Night-time — Sweets & Chocolates,marketing_run_20261005T135746863
CUST03498,4,Everyday — Health & Wellness,marketing_run_20261005T135746863
CUST03501,1,Night-time — Sweets & Chocolates,marketing_run_20261005T135746863
CUST03502,6,"Frequent · High-value — Atta, Rice & Dal",marketing_run_20261005T135746863
CUST03503,4,Everyday — Health & Wellness,marketing_run_20261005T135746863
CUST03504,4,Everyday — Health & Wellness,marketing_run_20261005T135746863
CUST03505,6,"Frequent · High-value — Atta, Rice & Dal",marketing_run_20261005T135746863
CUST03506,3,"Everyday — Atta, Rice & Dal",marketing_run_20261005T135746863
CUST03508,1,Night-time — Sweets & Chocolates,marketing_run_20261005T135746863
CUST03509,1,Night-time — Sweets & Chocolates,marketing_run_20261005T135746863
CUST03510,3,"Everyday — Atta, Rice & Dal",marketing_run_20261005T135746863
CUST03512,2,Everyday — Gourmet & Organic,marketing_run_20261005T135746863
CUST03513,3,"Everyday — Atta, Rice & Dal",marketing_run_20261005T135746863
CUST03514,1,Night-time — Sweets & Chocolates,marketing_run_20261005T135746863
CUST03516,2,Everyday — Gourmet & Organic,marketing_run_20261005T135746863
CUST03517,0,Big-basket · Premium-basket — Baby Care,marketing_run_20261005T135746863
CUST03518,0,Big-basket · Premium-basket — Baby Care,marketing_run_20261005T135746863
CUST03519,2,Everyday — Gourmet & Organic,marketing_run_20261005T135746863
CUST03520,0,Big-basket · Premium-basket — Baby Care,marketing_run_20261005T135746863
CUST03521,6,"Frequent · High-value — Atta, Rice & Dal",marketing_run_20261005T135746863
CUST03522,5,Night-time — Instant & Frozen Food,marketing_run_20261005T135746863
CUST03523,1,Night-time — Sweets & Chocolates,marketing_run_20261005T135746863
CUST03524,6,"Frequent · High-value — Atta, Rice & Dal",marketing_run_20261005T135746863
CUST03525,6,"Frequent · High-value — Atta, Rice & Dal",marketing_run_20261005T135746863
CUST03526,0,Big-basket · Premium-basket — Baby Care,marketing_run_20261005T135746863
CUST03527,6,"Frequent · High-value — Atta, Rice & Dal",marketing_run_20261005T135746863
CUST03528,6,"Frequent · High-value — Atta, Rice & Dal",marketing_run_20261005T135746863
CUST03529,6,"Frequent · High-value — Atta, Rice & Dal",marketing_run_20261005T135746863
CUST03530,2,Everyday — Gourmet & Organic,marketing_run_20261005T135746863
CUST03531,6,"Frequent · High-value — Atta, Rice & Dal",marketing_run_20261005T135746863
CUST03532,0,Big-basket · Premium-basket — Baby Care,marketing_run_20261005T135746863
CUST03533,6,"Frequent · High-value — Atta, Rice & Dal",marketing_run_20261005T135746863
CUST03534,2,Everyday — Gourmet & Organic,marketing_run_20261005T135746863
CUST03535,1,Night-time — Sweets & Chocolates,marketing_run_20261005T135746863
CUST03536,1,Night-time — Sweets & Chocolates,marketing_run_20261005T135746863
CUST03537,3,"Everyday — Atta, Rice & Dal",marketing_run_20261005T135746863
CUST03538,6,"Frequent · High-value — Atta, Rice & Dal",marketing_run_20261005T135746863
CUST03539,3,"Everyday — Atta, Rice & Dal",marketing_run_20261005T135746863
CUST03540,6,"Frequent · High-value — Atta, Rice & Dal",marketing_run_20261005T135746863
CUST03541,6,"Frequent · High-value — Atta, Rice & Dal",marketing_run_20261005T135746863
CUST03542,1,Night-time — Sweets & Chocolates,marketing_run_20261005T135746863
CUST03543,6,"Frequent · High-value — Atta, Rice & Dal",marketing_run_20261005T135746863
CUST03544,2,Everyday — Gourmet & Organic,marketing_run_20261005T135746863
CUST03545,0,Big-basket · Premium-basket — Baby Care,marketing_run_20261005T135746863
CUST03546,3,"Everyday — Atta, Rice & Dal",marketing_run_20261005T135746863
CUST03547,5,Night-time — Instant & Frozen Food,marketing_run_20261005T135746863
CUST03548,0,Big-basket · Premium-basket — Baby Care,marketing_run_20261005T135746863
CUST03549,3,"Everyday — Atta, Rice & Dal",marketing_run_20261005T135746863
CUST03551,2,Everyday — Gourmet & Organic,marketing_run_20261005T135746863
CUST03552,2,Everyday — Gourmet & Organic,marketing_run_20261005T135746863
CUST03553,1,Night-time — Sweets & Chocolates,marketing_run_20261005T135746863
CUST03554,6,"Frequent · High-value — Atta, Rice & Dal",marketing_run_20261005T135746863
CUST03557,2,Everyday — Gourmet & Organic,marketing_run_20261005T135746863
CUST03558,1,Night-time — Sweets & Chocolates,marketing_run_20261005T135746863
CUST03559,2,Everyday — Gourmet & Organic,marketing_run_20261005T135746863
CUST03560,3,"Everyday — Atta, Rice & Dal",marketing_run_20261005T135746863
CUST03561,6,"Frequent · High-value — Atta, Rice & Dal",marketing_run_20261005T135746863
CUST03562,2,Everyday — Gourmet & Organic,marketing_run_20261005T135746863
CUST03564,0,Big-basket · Premium-basket — Baby Care,marketing_run_20261005T135746863
CUST03565,2,Everyday — Gourmet & Organic,marketing_run_20261005T135746863
CUST03566,1,Night-time — Sweets & Chocolates,marketing_run_20261005T135746863
CUST03567,6,"Frequent · High-value — Atta, Rice & Dal",marketing_run_20261005T135746863
CUST03568,0,Big-basket · Premium-basket — Baby Care,marketing_run_20261005T135746863
CUST03569,2,Everyday — Gourmet & Organic,marketing_run_20261005T135746863
CUST03570,0,Big-basket · Premium-basket — Baby Care,marketing_run_20261005T135746863
CUST03571,0,Big-basket · Premium-basket — Baby Care,marketing_run_20261005T135746863
CUST03573,0,Big-basket · Premium-basket — Baby Care,marketing_run_20261005T135746863
CUST03574,6,"Frequent · High-value — Atta, Rice & Dal",marketing_run_20261005T135746863
CUST03575,2,Everyday — Gourmet & Organic,marketing_run_20261005T135746863
CUST03576,1,Night-time — Sweets & Chocolates,marketing_run_20261005T135746863
CUST03577,0,Big-basket · Premium-basket — Baby Care,marketing_run_20261005T135746863
CUST03578,6,"Frequent · High-value — Atta, Rice & Dal",marketing_run_20261005T135746863
CUST03581,2,Everyday — Gourmet & Organic,marketing_run_20261005T135746863
CUST03582,1,Night-time — Sweets & Chocolates,marketing_run_20261005T135746863
CUST03583,1,Night-time — Sweets & Chocolates,marketing_run_20261005T135746863
CUST03584,0,Big-basket · Premium-basket — Baby Care,marketing_run_20261005T135746863
CUST03587,0,Big-basket · Premium-basket — Baby Care,marketing_run_20261005T135746863
CUST03588,6,"Frequent · High-value — Atta, Rice & Dal",marketing_run_20261005T135746863
CUST03589,2,Everyday — Gourmet & Organic,marketing_run_20261005T135746863
CUST03590,3,"Everyday — Atta, Rice & Dal",marketing_run_20261005T135746863
CUST03591,3,"Everyday — Atta, Rice & Dal",marketing_run_20261005T135746863
CUST03592,3,"Everyday — Atta, Rice & Dal",marketing_run_20261005T135746863
CUST03593,3,"Everyday — Atta, Rice & Dal",marketing_run_20261005T135746863
CUST03594,6,"Frequent · High-value — Atta, Rice & Dal",marketing_run_20261005T135746863
CUST03595,2,Everyday — Gourmet & Organic,marketing_run_20261005T135746863
CUST03596,0,Big-basket · Premium-basket — Baby Care,marketing_run_20261005T135746863
CUST03597,1,Night-time — Sweets & Chocolates,marketing_run_20261005T135746863
CUST03598,3,"Everyday — Atta, Rice & Dal",marketing_run_20261005T135746863
CUST03599,4,Everyday — Health & Wellness,marketing_run_20261005T135746863
CUST03600,0,Big-basket · Premium-basket — Baby Care,marketing_run_20261005T135746863
CUST03601,2,Everyday — Gourmet & Organic,marketing_run_20261005T135746863
CUST03602,3,"Everyday — Atta, Rice & Dal",marketing_run_20261005T135746863
CUST03603,3,"Everyday — Atta, Rice & Dal",marketing_run_20261005T135746863
CUST03604,4,Everyday — Health & Wellness,marketing_run_20261005T135746863
CUST03605,2,Everyday — Gourmet & Organic,marketing_run_20261005T135746863
CUST03606,4,Everyday — Health & Wellness,marketing_run_20261005T135746863
CUST03607,1,Night-time — Sweets & Chocolates,marketing_run_20261005T135746863
CUST03608,5,Night-time — Instant & Frozen Food,marketing_run_20261005T135746863
CUST03610,4,Everyday — Health & Wellness,marketing_run_20261005T135746863
CUST03611,0,Big-basket · Premium-basket — Baby Care,marketing_run_20261005T135746863
CUST03612,3,"Everyday — Atta, Rice & Dal",marketing_run_20261005T135746863
CUST03614,2,Everyday — Gourmet & Organic,marketing_run_20261005T135746863
CUST03615,5,Night-time — Instant & Frozen Food,marketing_run_20261005T135746863
CUST03616,0,Big-basket · Premium-basket — Baby Care,marketing_run_20261005T135746863
CUST03617,0,Big-basket · Premium-basket — Baby Care,marketing_run_20261005T135746863
CUST03618,3,"Everyday — Atta, Rice & Dal",marketing_run_20261005T135746863
CUST03619,1,Night-time — Sweets & Chocolates,marketing_run_20261005T135746863
CUST03620,0,Big-basket · Premium-basket — Baby Care,marketing_run_20261005T135746863
CUST03621,4,Everyday — Health & Wellness,marketing_run_20261005T135746863
CUST03622,1,Night-time — Sweets & Chocolates,marketing_run_20261005T135746863
CUST03623,2,Everyday — Gourmet & Organic,marketing_run_20261005T135746863
CUST03624,1,Night-time — Sweets & Chocolates,marketing_run_20261005T135746863
CUST03625,0,Big-basket · Premium-basket — Baby Care,marketing_run_20261005T135746863
CUST03626,1,Night-time — Sweets & Chocolates,marketing_run_20261005T135746863
CUST03627,6,"Frequent · High-value — Atta, Rice & Dal",marketing_run_20261005T135746863
CUST03628,1,Night-time — Sweets & Chocolates,marketing_run_20261005T135746863
CUST03629,3,"Everyday — Atta, Rice & Dal",marketing_run_20261005T135746863
CUST03630,6,"Frequent · High-value — Atta, Rice & Dal",marketing_run_20261005T135746863
CUST03632,5,Night-time — Instant & Frozen Food,marketing_run_20261005T135746863
CUST03633,2,Everyday — Gourmet & Organic,marketing_run_20261005T135746863
CUST03634,3,"Everyday — Atta, Rice & Dal",marketing_run_20261005T135746863
CUST03635,3,"Everyday — Atta, Rice & Dal",marketing_run_20261005T135746863
CUST03636,1,Night-time — Sweets & Chocolates,marketing_run_20261005T135746863
CUST03637,0,Big-basket · Premium-basket — Baby Care,marketing_run_20261005T135746863
CUST03638,3,"Everyday — Atta, Rice & Dal",marketing_run_20261005T135746863
CUST03639,1,Night-time — Sweets & Chocolates,marketing_run_20261005T135746863
CUST03640,2,Everyday — Gourmet & Organic,marketing_run_20261005T135746863
CUST03641,0,Big-basket · Premium-basket — Baby Care,marketing_run_20261005T135746863
CUST03642,5,Night-time — Instant & Frozen Food,marketing_run_20261005T135746863
CUST03643,6,"Frequent · High-value — Atta, Rice & Dal",marketing_run_20261005T135746863
CUST03644,0,Big-basket · Premium-basket — Baby Care,marketing_run_20261005T135746863
CUST03645,2,Everyday — Gourmet & Organic,marketing_run_20261005T135746863
CUST03647,2,Everyday — Gourmet & Organic,marketing_run_20261005T135746863
CUST03648,1,Night-time — Sweets & Chocolates,marketing_run_20261005T135746863
CUST03649,2,Everyday — Gourmet & Organic,marketing_run_20261005T135746863
CUST03650,3,"Everyday — Atta, Rice & Dal",marketing_run_20261005T135746863
CUST03651,0,Big-basket · Premium-basket — Baby Care,marketing_run_20261005T135746863
CUST03652,2,Everyday — Gourmet & Organic,marketing_run_20261005T135746863
CUST03653,0,Big-basket · Premium-basket — Baby Care,marketing_run_20261005T135746863
CUST03654,1,Night-time — Sweets & Chocolates,marketing_run_20261005T135746863
CUST03655,2,Everyday — Gourmet & Organic,marketing_run_20261005T135746863
CUST03656,4,Everyday — Health & Wellness,marketing_run_20261005T135746863
CUST03657,0,Big-basket · Premium-basket — Baby Care,marketing_run_20261005T135746863
CUST03658,3,"Everyday — Atta, Rice & Dal",marketing_run_20261005T135746863
CUST03659,3,"Everyday — Atta, Rice & Dal",marketing_run_20261005T135746863
CUST03660,0,Big-basket · Premium-basket — Baby Care,marketing_run_20261005T135746863
CUST03661,0,Big-basket · Premium-basket — Baby Care,marketing_run_20261005T135746863
CUST03662,6,"Frequent · High-value — Atta, Rice & Dal",marketing_run_20261005T135746863
CUST03664,1,Night-time — Sweets & Chocolates,marketing_run_20261005T135746863
CUST03665,6,"Frequent · High-value — Atta, Rice & Dal",marketing_run_20261005T135746863
CUST03666,2,Everyday — Gourmet & Organic,marketing_run_20261005T135746863
CUST03667,0,Big-basket · Premium-basket — Baby Care,marketing_run_20261005T135746863
CUST03668,6,"Frequent · High-value — Atta, Rice & Dal",marketing_run_20261005T135746863
CUST03669,4,Everyday — Health & Wellness,marketing_run_20261005T135746863
CUST03670,3,"Everyday — Atta, Rice & Dal",marketing_run_20261005T135746863
CUST03671,6,"Frequent · High-value — Atta, Rice & Dal",marketing_run_20261005T135746863
CUST03672,6,"Frequent · High-value — Atta, Rice & Dal",marketing_run_20261005T135746863
CUST03674,0,Big-basket · Premium-basket — Baby Care,marketing_run_20261005T135746863
CUST03675,6,"Frequent · High-value — Atta, Rice & Dal",marketing_run_20261005T135746863
CUST03676,6,"Frequent · High-value — Atta, Rice & Dal",marketing_run_20261005T135746863
CUST03677,6,"Frequent · High-value — Atta, Rice & Dal",marketing_run_20261005T135746863
CUST03678,2,Everyday — Gourmet & Organic,marketing_run_20261005T135746863
CUST03679,1,Night-time — Sweets & Chocolates,marketing_run_20261005T135746863
CUST03680,2,Everyday — Gourmet & Organic,marketing_run_20261005T135746863
CUST03681,6,"Frequent · High-value — Atta, Rice & Dal",marketing_run_20261005T135746863
CUST03682,3,"Everyday — Atta, Rice & Dal",marketing_run_20261005T135746863
CUST03683,2,Everyday — Gourmet & Organic,marketing_run_20261005T135746863
CUST03684,4,Everyday — Health & Wellness,marketing_run_20261005T135746863
CUST03685,0,Big-basket · Premium-basket — Baby Care,marketing_run_20261005T135746863
CUST03686,2,Everyday — Gourmet & Organic,marketing_run_20261005T135746863
CUST03687,1,Night-time — Sweets & Chocolates,marketing_run_20261005T135746863
CUST03688,6,"Frequent · High-value — Atta, Rice & Dal",marketing_run_20261005T135746863
CUST03689,3,"Everyday — Atta, Rice & Dal",marketing_run_20261005T135746863
CUST03690,6,"Frequent · High-value — Atta, Rice & Dal",marketing_run_20261005T135746863
CUST03691,3,"Everyday — Atta, Rice & Dal",marketing_run_20261005T135746863
CUST03693,2,Everyday — Gourmet & Organic,marketing_run_20261005T135746863
CUST03694,5,Night-time — Instant & Frozen Food,marketing_run_20261005T135746863
CUST03695,1,Night-time — Sweets & Chocolates,marketing_run_20261005T135746863
CUST03696,6,"Frequent · High-value — Atta, Rice & Dal",marketing_run_20261005T135746863
CUST03697,3,"Everyday — Atta, Rice & Dal",marketing_run_20261005T135746863
CUST03698,6,"Frequent · High-value — Atta, Rice & Dal",marketing_run_20261005T135746863
CUST03699,3,"Everyday — Atta, Rice & Dal",marketing_run_20261005T135746863
CUST03700,3,"Everyday — Atta, Rice & Dal",marketing_run_20261005T135746863
CUST03701,4,Everyday — Health & Wellness,marketing_run_20261005T135746863
CUST03702,0,Big-basket · Premium-basket — Baby Care,marketing_run_20261005T135746863
CUST03703,6,"Frequent · High-value — Atta, Rice & Dal",marketing_run_20261005T135746863
CUST03704,2,Everyday — Gourmet & Organic,marketing_run_20261005T135746863
CUST03705,3,"Everyday — Atta, Rice & Dal",marketing_run_20261005T135746863
CUST03706,6,"Frequent · High-value — Atta, Rice & Dal",marketing_run_20261005T135746863
CUST03707,5,Night-time — Instant & Frozen Food,marketing_run_20261005T135746863
CUST03708,1,Night-time — Sweets & Chocolates,marketing_run_20261005T135746863
CUST03709,6,"Frequent · High-value — Atta, Rice & Dal",marketing_run_20261005T135746863
CUST03710,0,Big-basket · Premium-basket — Baby Care,marketing_run_20261005T135746863
CUST03711,0,Big-basket · Premium-basket — Baby Care,marketing_run_20261005T135746863
CUST03712,0,Big-basket · Premium-basket — Baby Care,marketing_run_20261005T135746863
CUST03713,2,Everyday — Gourmet & Organic,marketing_run_20261005T135746863
CUST03714,1,Night-time — Sweets & Chocolates,marketing_run_20261005T135746863
CUST03715,0,Big-basket · Premium-basket — Baby Care,marketing_run_20261005T135746863
CUST03716,5,Night-time — Instant & Frozen Food,marketing_run_20261005T135746863
CUST03717,0,Big-basket · Premium-basket — Baby Care,marketing_run_20261005T135746863
CUST03719,6,"Frequent · High-value — Atta, Rice & Dal",marketing_run_20261005T135746863
CUST03720,6,"Frequent · High-value — Atta, Rice & Dal",marketing_run_20261005T135746863
CUST03722,1,Night-time — Sweets & Chocolates,marketing_run_20261005T135746863
CUST03723,2,Everyday — Gourmet & Organic,marketing_run_20261005T135746863
CUST03724,6,"Frequent · High-value — Atta, Rice & Dal",marketing_run_20261005T135746863
CUST03726,0,Big-basket · Premium-basket — Baby Care,marketing_run_20261005T135746863
CUST03727,6,"Frequent · High-value — Atta, Rice & Dal",marketing_run_20261005T135746863
CUST03728,0,Big-basket · Premium-basket — Baby Care,marketing_run_20261005T135746863
CUST03730,1,Night-time — Sweets & Chocolates,marketing_run_20261005T135746863
CUST03732,1,Night-time — Sweets & Chocolates,marketing_run_20261005T135746863
CUST03733,6,"Frequent · High-value — Atta, Rice & Dal",marketing_run_20261005T135746863
CUST03734,0,Big-basket · Premium-basket — Baby Care,marketing_run_20261005T135746863
CUST03735,2,Everyday — Gourmet & Organic,marketing_run_20261005T135746863
CUST03736,1,Night-time — Sweets & Chocolates,marketing_run_20261005T135746863
CUST03737,1,Night-time — Sweets & Chocolates,marketing_run_20261005T135746863
CUST03738,6,"Frequent · High-value — Atta, Rice & Dal",marketing_run_20261005T135746863
CUST03739,1,Night-time — Sweets & Chocolates,marketing_run_20261005T135746863
CUST03740,1,Night-time — Sweets & Chocolates,marketing_run_20261005T135746863
CUST03742,3,"Everyday — Atta, Rice & Dal",marketing_run_20261005T135746863
CUST03743,5,Night-time — Instant & Frozen Food,marketing_run_20261005T135746863
CUST03745,6,"Frequent · High-value — Atta, Rice & Dal",marketing_run_20261005T135746863
CUST03746,4,Everyday — Health & Wellness,marketing_run_20261005T135746863
CUST03747,1,Night-time — Sweets & Chocolates,marketing_run_20261005T135746863
CUST03748,0,Big-basket · Premium-basket — Baby Care,marketing_run_20261005T135746863
CUST03749,6,"Frequent · High-value — Atta, Rice & Dal",marketing_run_20261005T135746863
CUST03750,0,Big-basket · Premium-basket — Baby Care,marketing_run_20261005T135746863
CUST03751,6,"Frequent · High-value — Atta, Rice & Dal",marketing_run_20261005T135746863
CUST03752,2,Everyday — Gourmet & Organic,marketing_run_20261005T135746863
CUST03753,1,Night-time — Sweets & Chocolates,marketing_run_20261005T135746863
CUST03754,2,Everyday — Gourmet & Organic,marketing_run_20261005T135746863
CUST03755,3,"Everyday — Atta, Rice & Dal",marketing_run_20261005T135746863
CUST03756,3,"Everyday — Atta, Rice & Dal",marketing_run_20261005T135746863
CUST03757,0,Big-basket · Premium-basket — Baby Care,marketing_run_20261005T135746863
CUST03758,1,Night-time — Sweets & Chocolates,marketing_run_20261005T135746863
CUST03759,6,"Frequent · High-value — Atta, Rice & Dal",marketing_run_20261005T135746863
CUST03760,2,Everyday — Gourmet & Organic,marketing_run_20261005T135746863
CUST03761,2,Everyday — Gourmet & Organic,marketing_run_20261005T135746863
CUST03762,1,Night-time — Sweets & Chocolates,marketing_run_20261005T135746863
CUST03763,1,Night-time — Sweets & Chocolates,marketing_run_20261005T135746863
CUST03764,0,Big-basket · Premium-basket — Baby Care,marketing_run_20261005T135746863
CUST03765,0,Big-basket · Premium-basket — Baby Care,marketing_run_20261005T135746863
CUST03766,1,Night-time — Sweets & Chocolates,marketing_run_20261005T135746863
CUST03767,6,"Frequent · High-value — Atta, Rice & Dal",marketing_run_20261005T135746863
CUST03768,6,"Frequent · High-value — Atta, Rice & Dal",marketing_run_20261005T135746863
CUST03769,1,Night-time — Sweets & Chocolates,marketing_run_20261005T135746863
CUST03770,2,Everyday — Gourmet & Organic,marketing_run_20261005T135746863
CUST03771,3,"Everyday — Atta, Rice & Dal",marketing_run_20261005T135746863
CUST03772,0,Big-basket · Premium-basket — Baby Care,marketing_run_20261005T135746863
CUST03773,6,"Frequent · High-value — Atta, Rice & Dal",marketing_run_20261005T135746863
CUST03774,3,"Everyday — Atta, Rice & Dal",marketing_run_20261005T135746863
CUST03775,0,Big-basket · Premium-basket — Baby Care,marketing_run_20261005T135746863
CUST03776,2,Everyday — Gourmet & Organic,marketing_run_20261005T135746863
CUST03778,4,Everyday — Health & Wellness,marketing_run_20261005T135746863
CUST03780,1,Night-time — Sweets & Chocolates,marketing_run_20261005T135746863
CUST03781,3,"Everyday — Atta, Rice & Dal",marketing_run_20261005T135746863
CUST03782,1,Night-time — Sweets & Chocolates,marketing_run_20261005T135746863
CUST03783,0,Big-basket · Premium-basket — Baby Care,marketing_run_20261005T135746863
CUST03784,6,"Frequent · High-value — Atta, Rice & Dal",marketing_run_20261005T135746863
CUST03785,5,Night-time — Instant & Frozen Food,marketing_run_20261005T135746863
CUST03786,6,"Frequent · High-value — Atta, Rice & Dal",marketing_run_20261005T135746863
CUST03787,0,Big-basket · Premium-basket — Baby Care,marketing_run_20261005T135746863
CUST03788,4,Everyday — Health & Wellness,marketing_run_20261005T135746863
CUST03789,1,Night-time — Sweets & Chocolates,marketing_run_20261005T135746863
CUST03790,0,Big-basket · Premium-basket — Baby Care,marketing_run_20261005T135746863
CUST03791,6,"Frequent · High-value — Atta, Rice & Dal",marketing_run_20261005T135746863
CUST03792,1,Night-time — Sweets & Chocolates,marketing_run_20261005T135746863
CUST03794,3,"Everyday — Atta, Rice & Dal",marketing_run_20261005T135746863
CUST03795,3,"Everyday — Atta, Rice & Dal",marketing_run_20261005T135746863
CUST03797,6,"Frequent · High-value — Atta, Rice & Dal",marketing_run_20261005T135746863
CUST03798,1,Night-time — Sweets & Chocolates,marketing_run_20261005T135746863
CUST03799,1,Night-time — Sweets & Chocolates,marketing_run_20261005T135746863
CUST03800,2,Everyday — Gourmet & Organic,marketing_run_20261005T135746863
CUST03801,1,Night-time — Sweets & Chocolates,marketing_run_20261005T135746863
CUST03802,3,"Everyday — Atta, Rice & Dal",marketing_run_20261005T135746863
CUST03803,6,"Frequent · High-value — Atta, Rice & Dal",marketing_run_20261005T135746863
CUST03805,1,Night-time — Sweets & Chocolates,marketing_run_20261005T135746863
CUST03807,3,"Everyday — Atta, Rice & Dal",marketing_run_20261005T135746863
CUST03808,6,"Frequent · High-value — Atta, Rice & Dal",marketing_run_20261005T135746863
CUST03809,3,"Everyday — Atta, Rice & Dal",marketing_run_20261005T135746863
CUST03810,3,"Everyday — Atta, Rice & Dal",marketing_run_20261005T135746863
CUST03811,6,"Frequent · High-value — Atta, Rice & Dal",marketing_run_20261005T135746863
CUST03812,6,"Frequent · High-value — Atta, Rice & Dal",marketing_run_20261005T135746863
CUST03813,0,Big-basket · Premium-basket — Baby Care,marketing_run_20261005T135746863
CUST03815,1,Night-time — Sweets & Chocolates,marketing_run_20261005T135746863
CUST03816,2,Everyday — Gourmet & Organic,marketing_run_20261005T135746863
CUST03817,1,Night-time — Sweets & Chocolates,marketing_run_20261005T135746863
CUST03818,2,Everyday — Gourmet & Organic,marketing_run_20261005T135746863
CUST03819,6,"Frequent · High-value — Atta, Rice & Dal",marketing_run_20261005T135746863
CUST03820,3,"Everyday — Atta, Rice & Dal",marketing_run_20261005T135746863
CUST03821,2,Everyday — Gourmet & Organic,marketing_run_20261005T135746863
CUST03822,1,Night-time — Sweets & Chocolates,marketing_run_20261005T135746863
CUST03823,6,"Frequent · High-value — Atta, Rice & Dal",marketing_run_20261005T135746863
CUST03824,6,"Frequent · High-value — Atta, Rice & Dal",marketing_run_20261005T135746863
CUST03825,3,"Everyday — Atta, Rice & Dal",marketing_run_20261005T135746863
CUST03826,1,Night-time — Sweets & Chocolates,marketing_run_20261005T135746863
CUST03827,6,"Frequent · High-value — Atta, Rice & Dal",marketing_run_20261005T135746863
CUST03828,6,"Frequent · High-value — Atta, Rice & Dal",marketing_run_20261005T135746863
CUST03829,1,Night-time — Sweets & Chocolates,marketing_run_20261005T135746863
CUST03831,0,Big-basket · Premium-basket — Baby Care,marketing_run_20261005T135746863
CUST03832,0,Big-basket · Premium-basket — Baby Care,marketing_run_20261005T135746863
CUST03834,1,Night-time — Sweets & Chocolates,marketing_run_20261005T135746863
CUST03835,0,Big-basket · Premium-basket — Baby Care,marketing_run_20261005T135746863
CUST03836,3,"Everyday — Atta, Rice & Dal",marketing_run_20261005T135746863
CUST03837,6,"Frequent · High-value — Atta, Rice & Dal",marketing_run_20261005T135746863
CUST03838,6,"Frequent · High-value — Atta, Rice & Dal",marketing_run_20261005T135746863
CUST03839,3,"Everyday — Atta, Rice & Dal",marketing_run_20261005T135746863
CUST03840,0,Big-basket · Premium-basket — Baby Care,marketing_run_20261005T135746863
CUST03841,1,Night-time — Sweets & Chocolates,marketing_run_20261005T135746863
CUST03842,1,Night-time — Sweets & Chocolates,marketing_run_20261005T135746863
CUST03843,1,Night-time — Sweets & Chocolates,marketing_run_20261005T135746863
CUST03844,2,Everyday — Gourmet & Organic,marketing_run_20261005T135746863
CUST03845,0,Big-basket · Premium-basket — Baby Care,marketing_run_20261005T135746863
CUST03846,2,Everyday — Gourmet & Organic,marketing_run_20261005T135746863
CUST03847,1,Night-time — Sweets & Chocolates,marketing_run_20261005T135746863
CUST03848,6,"Frequent · High-value — Atta, Rice & Dal",marketing_run_20261005T135746863
CUST03849,3,"Everyday — Atta, Rice & Dal",marketing_run_20261005T135746863
CUST03850,3,"Everyday — Atta, Rice & Dal",marketing_run_20261005T135746863
CUST03851,6,"Frequent · High-value — Atta, Rice & Dal",marketing_run_20261005T135746863
CUST03853,6,"Frequent · High-value — Atta, Rice & Dal",marketing_run_20261005T135746863
CUST03854,0,Big-basket · Premium-basket — Baby Care,marketing_run_20261005T135746863
CUST03856,6,"Frequent · High-value — Atta, Rice & Dal",marketing_run_20261005T135746863
CUST03857,3,"Everyday — Atta, Rice & Dal",marketing_run_20261005T135746863
CUST03858,3,"Everyday — Atta, Rice & Dal",marketing_run_20261005T135746863
CUST03859,6,"Frequent · High-value — Atta, Rice & Dal",marketing_run_20261005T135746863
CUST03860,3,"Everyday — Atta, Rice & Dal",marketing_run_20261005T135746863
CUST03861,2,Everyday — Gourmet & Organic,marketing_run_20261005T135746863
CUST03862,6,"Frequent · High-value — Atta, Rice & Dal",marketing_run_20261005T135746863
CUST03863,6,"Frequent · High-value — Atta, Rice & Dal",marketing_run_20261005T135746863
CUST03864,3,"Everyday — Atta, Rice & Dal",marketing_run_20261005T135746863
CUST03865,3,"Everyday — Atta, Rice & Dal",marketing_run_20261005T135746863
CUST03866,1,Night-time — Sweets & Chocolates,marketing_run_20261005T135746863
CUST03867,1,Night-time — Sweets & Chocolates,marketing_run_20261005T135746863
CUST03869,3,"Everyday — Atta, Rice & Dal",marketing_run_20261005T135746863
CUST03870,6,"Frequent · High-value — Atta, Rice & Dal",marketing_run_20261005T135746863
CUST03871,6,"Frequent · High-value — Atta, Rice & Dal",marketing_run_20261005T135746863
CUST03872,4,Everyday — Health & Wellness,marketing_run_20261005T135746863
CUST03873,6,"Frequent · High-value — Atta, Rice & Dal",marketing_run_20261005T135746863
CUST03874,6,"Frequent · High-value — Atta, Rice & Dal",marketing_run_20261005T135746863
CUST03875,0,Big-basket · Premium-basket — Baby Care,marketing_run_20261005T135746863
CUST03876,6,"Frequent · High-value — Atta, Rice & Dal",marketing_run_20261005T135746863
CUST03878,1,Night-time — Sweets & Chocolates,marketing_run_20261005T135746863
CUST03879,3,"Everyday — Atta, Rice & Dal",marketing_run_20261005T135746863
CUST03880,6,"Frequent · High-value — Atta, Rice & Dal",marketing_run_20261005T135746863
CUST03881,3,"Everyday — Atta, Rice & Dal",marketing_run_20261005T135746863
CUST03882,6,"Frequent · High-value — Atta, Rice & Dal",marketing_run_20261005T135746863
CUST03883,3,"Everyday — Atta, Rice & Dal",marketing_run_20261005T135746863
CUST03884,2,Everyday — Gourmet & Organic,marketing_run_20261005T135746863
CUST03885,1,Night-time — Sweets & Chocolates,marketing_run_20261005T135746863
CUST03888,1,Night-time — Sweets & Chocolates,marketing_run_20261005T135746863
CUST03889,3,"Everyday — Atta, Rice & Dal",marketing_run_20261005T135746863
CUST03890,1,Night-time — Sweets & Chocolates,marketing_run_20261005T135746863
CUST03891,3,"Everyday — Atta, Rice & Dal",marketing_run_20261005T135746863
CUST03892,0,Big-basket · Premium-basket — Baby Care,marketing_run_20261005T135746863
CUST03893,6,"Frequent · High-value — Atta, Rice & Dal",marketing_run_20261005T135746863
CUST03894,2,Everyday — Gourmet & Organic,marketing_run_20261005T135746863
CUST03895,1,Night-time — Sweets & Chocolates,marketing_run_20261005T135746863
CUST03898,3,"Everyday — Atta, Rice & Dal",marketing_run_20261005T135746863
CUST03899,0,Big-basket · Premium-basket — Baby Care,marketing_run_20261005T135746863
CUST03900,2,Everyday — Gourmet & Organic,marketing_run_20261005T135746863
CUST03901,3,"Everyday — Atta, Rice & Dal",marketing_run_20261005T135746863
CUST03902,3,"Everyday — Atta, Rice & Dal",marketing_run_20261005T135746863
CUST03903,1,Night-time — Sweets & Chocolates,marketing_run_20261005T135746863
CUST03904,6,"Frequent · High-value — Atta, Rice & Dal",marketing_run_20261005T135746863
CUST03905,0,Big-basket · Premium-basket — Baby Care,marketing_run_20261005T135746863
CUST03906,3,"Everyday — Atta, Rice & Dal",marketing_run_20261005T135746863
CUST03907,6,"Frequent · High-value — Atta, Rice & Dal",marketing_run_20261005T135746863
CUST03908,1,Night-time — Sweets & Chocolates,marketing_run_20261005T135746863
CUST03909,0,Big-basket · Premium-basket — Baby Care,marketing_run_20261005T135746863
CUST03910,6,"Frequent · High-value — Atta, Rice & Dal",marketing_run_20261005T135746863
CUST03911,2,Everyday — Gourmet & Organic,marketing_run_20261005T135746863
CUST03912,1,Night-time — Sweets & Chocolates,marketing_run_20261005T135746863
CUST03914,0,Big-basket · Premium-basket — Baby Care,marketing_run_20261005T135746863
CUST03916,2,Everyday — Gourmet & Organic,marketing_run_20261005T135746863
CUST03917,1,Night-time — Sweets & Chocolates,marketing_run_20261005T135746863
CUST03919,3,"Everyday — Atta, Rice & Dal",marketing_run_20261005T135746863
CUST03922,6,"Frequent · High-value — Atta, Rice & Dal",marketing_run_20261005T135746863
CUST03923,0,Big-basket · Premium-basket — Baby Care,marketing_run_20261005T135746863
CUST03924,3,"Everyday — Atta, Rice & Dal",marketing_run_20261005T135746863
CUST03925,2,Everyday — Gourmet & Organic,marketing_run_20261005T135746863
CUST03926,3,"Everyday — Atta, Rice & Dal",marketing_run_20261005T135746863
CUST03927,0,Big-basket · Premium-basket — Baby Care,marketing_run_20261005T135746863
CUST03928,6,"Frequent · High-value — Atta, Rice & Dal",marketing_run_20261005T135746863
CUST03929,2,Everyday — Gourmet & Organic,marketing_run_20261005T135746863
CUST03930,0,Big-basket · Premium-basket — Baby Care,marketing_run_20261005T135746863
CUST03931,1,Night-time — Sweets & Chocolates,marketing_run_20261005T135746863
CUST03932,5,Night-time — Instant & Frozen Food,marketing_run_20261005T135746863
CUST03933,3,"Everyday — Atta, Rice & Dal",marketing_run_20261005T135746863
CUST03934,0,Big-basket · Premium-basket — Baby Care,marketing_run_20261005T135746863
CUST03936,1,Night-time — Sweets & Chocolates,marketing_run_20261005T135746863
CUST03937,3,"Everyday — Atta, Rice & Dal",marketing_run_20261005T135746863
CUST03938,0,Big-basket · Premium-basket — Baby Care,marketing_run_20261005T135746863
CUST03941,3,"Everyday — Atta, Rice & Dal",marketing_run_20261005T135746863
CUST03942,2,Everyday — Gourmet & Organic,marketing_run_20261005T135746863
CUST03943,2,Everyday — Gourmet & Organic,marketing_run_20261005T135746863
CUST03944,1,Night-time — Sweets & Chocolates,marketing_run_20261005T135746863
CUST03945,3,"Everyday — Atta, Rice & Dal",marketing_run_20261005T135746863
CUST03946,3,"Everyday — Atta, Rice & Dal",marketing_run_20261005T135746863
CUST03947,6,"Frequent · High-value — Atta, Rice & Dal",marketing_run_20261005T135746863
CUST03948,6,"Frequent · High-value — Atta, Rice & Dal",marketing_run_20261005T135746863
CUST03949,0,Big-basket · Premium-basket — Baby Care,marketing_run_20261005T135746863
CUST03950,0,Big-basket · Premium-basket — Baby Care,marketing_run_20261005T135746863
CUST03951,0,Big-basket · Premium-basket — Baby Care,marketing_run_20261005T135746863
CUST03952,6,"Frequent · High-value — Atta, Rice & Dal",marketing_run_20261005T135746863
CUST03953,3,"Everyday — Atta, Rice & Dal",marketing_run_20261005T135746863
CUST03954,2,Everyday — Gourmet & Organic,marketing_run_20261005T135746863
CUST03955,4,Everyday — Health & Wellness,marketing_run_20261005T135746863
CUST03957,4,Everyday — Health & Wellness,marketing_run_20261005T135746863
CUST03958,2,Everyday — Gourmet & Organic,marketing_run_20261005T135746863
CUST03959,2,Everyday — Gourmet & Organic,marketing_run_20261005T135746863
CUST03960,2,Everyday — Gourmet & Organic,marketing_run_20261005T135746863
CUST03961,3,"Everyday — Atta, Rice & Dal",marketing_run_20261005T135746863
CUST03963,2,Everyday — Gourmet & Organic,marketing_run_20261005T135746863
CUST03964,0,Big-basket · Premium-basket — Baby Care,marketing_run_20261005T135746863
CUST03965,6,"Frequent · High-value — Atta, Rice & Dal",marketing_run_20261005T135746863
CUST03966,0,Big-basket · Premium-basket — Baby Care,marketing_run_20261005T135746863
CUST03967,0,Big-basket · Premium-basket — Baby Care,marketing_run_20261005T135746863
CUST03968,0,Big-basket · Premium-basket — Baby Care,marketing_run_20261005T135746863
CUST03969,6,"Frequent · High-value — Atta, Rice & Dal",marketing_run_20261005T135746863
CUST03970,1,Night-time — Sweets & Chocolates,marketing_run_20261005T135746863
CUST03971,5,Night-time — Instant & Frozen Food,marketing_run_20261005T135746863
CUST03972,6,"Frequent · High-value — Atta, Rice & Dal",marketing_run_20261005T135746863
CUST03973,3,"Everyday — Atta, Rice & Dal",marketing_run_20261005T135746863
CUST03974,6,"Frequent · High-value — Atta, Rice & Dal",marketing_run_20261005T135746863
CUST03975,4,Everyday — Health & Wellness,marketing_run_20261005T135746863
CUST03976,3,"Everyday — Atta, Rice & Dal",marketing_run_20261005T135746863
CUST03977,1,Night-time — Sweets & Chocolates,marketing_run_20261005T135746863
CUST03978,1,Night-time — Sweets & Chocolates,marketing_run_20261005T135746863
CUST03979,3,"Everyday — Atta, Rice & Dal",marketing_run_20261005T135746863
CUST03980,6,"Frequent · High-value — Atta, Rice & Dal",marketing_run_20261005T135746863
CUST03981,6,"Frequent · High-value — Atta, Rice & Dal",marketing_run_20261005T135746863
CUST03982,1,Night-time — Sweets & Chocolates,marketing_run_20261005T135746863
CUST03983,6,"Frequent · High-value — Atta, Rice & Dal",marketing_run_20261005T135746863
CUST03984,6,"Frequent · High-value — Atta, Rice & Dal",marketing_run_20261005T135746863
CUST03985,6,"Frequent · High-value — Atta, Rice & Dal",marketing_run_20261005T135746863
CUST03986,1,Night-time — Sweets & Chocolates,marketing_run_20261005T135746863
CUST03987,0,Big-basket · Premium-basket — Baby Care,marketing_run_20261005T135746863
CUST03988,6,"Frequent · High-value — Atta, Rice & Dal",marketing_run_20261005T135746863
CUST03990,6,"Frequent · High-value — Atta, Rice & Dal",marketing_run_20261005T135746863
CUST03991,6,"Frequent · High-value — Atta, Rice & Dal",marketing_run_20261005T135746863
CUST03992,2,Everyday — Gourmet & Organic,marketing_run_20261005T135746863
CUST03993,0,Big-basket · Premium-basket — Baby Care,marketing_run_20261005T135746863
CUST03994,0,Big-basket · Premium-basket — Baby Care,marketing_run_20261005T135746863
CUST03995,2,Everyday — Gourmet & Organic,marketing_run_20261005T135746863
CUST03996,6,"Frequent · High-value — Atta, Rice & Dal",marketing_run_20261005T135746863
CUST03997,6,"Frequent · High-value — Atta, Rice & Dal",marketing_run_20261005T135746863
CUST03998,3,"Everyday — Atta, Rice & Dal",marketing_run_20261005T135746863
CUST04000,1,Night-time — Sweets & Chocolates,marketing_run_20261005T135746863
CUST04001,4,Everyday — Health & Wellness,marketing_run_20261005T135746863
CUST04002,0,Big-basket · Premium-basket — Baby Care,marketing_run_20261005T135746863
CUST04003,1,Night-time — Sweets & Chocolates,marketing_run_20261005T135746863
CUST04004,0,Big-basket · Premium-basket — Baby Care,marketing_run_20261005T135746863
CUST04006,1,Night-time — Sweets & Chocolates,marketing_run_20261005T135746863
CUST04007,1,Night-time — Sweets & Chocolates,marketing_run_20261005T135746863
CUST04008,6,"Frequent · High-value — Atta, Rice & Dal",marketing_run_20261005T135746863
CUST04009,2,Everyday — Gourmet & Organic,marketing_run_20261005T135746863
CUST04010,3,"Everyday — Atta, Rice & Dal",marketing_run_20261005T135746863
CUST04011,1,Night-time — Sweets & Chocolates,marketing_run_20261005T135746863
CUST04012,3,"Everyday — Atta, Rice & Dal",marketing_run_20261005T135746863
CUST04014,3,"Everyday — Atta, Rice & Dal",marketing_run_20261005T135746863
CUST04015,1,Night-time — Sweets & Chocolates,marketing_run_20261005T135746863
CUST04017,1,Night-time — Sweets & Chocolates,marketing_run_20261005T135746863
CUST04018,2,Everyday — Gourmet & Organic,marketing_run_20261005T135746863
CUST04019,0,Big-basket · Premium-basket — Baby Care,marketing_run_20261005T135746863
CUST04020,3,"Everyday — Atta, Rice & Dal",marketing_run_20261005T135746863
CUST04022,6,"Frequent · High-value — Atta, Rice & Dal",marketing_run_20261005T135746863
CUST04023,6,"Frequent · High-value — Atta, Rice & Dal",marketing_run_20261005T135746863
CUST04024,6,"Frequent · High-value — Atta, Rice & Dal",marketing_run_20261005T135746863
CUST04025,0,Big-basket · Premium-basket — Baby Care,marketing_run_20261005T135746863
CUST04026,4,Everyday — Health & Wellness,marketing_run_20261005T135746863
CUST04027,1,Night-time — Sweets & Chocolates,marketing_run_20261005T135746863
CUST04028,6,"Frequent · High-value — Atta, Rice & Dal",marketing_run_20261005T135746863
CUST04029,6,"Frequent · High-value — Atta, Rice & Dal",marketing_run_20261005T135746863
CUST04030,2,Everyday — Gourmet & Organic,marketing_run_20261005T135746863
CUST04031,3,"Everyday — Atta, Rice & Dal",marketing_run_20261005T135746863
CUST04032,6,"Frequent · High-value — Atta, Rice & Dal",marketing_run_20261005T135746863
CUST04033,2,Everyday — Gourmet & Organic,marketing_run_20261005T135746863
CUST04034,5,Night-time — Instant & Frozen Food,marketing_run_20261005T135746863
CUST04036,3,"Everyday — Atta, Rice & Dal",marketing_run_20261005T135746863
CUST04037,3,"Everyday — Atta, Rice & Dal",marketing_run_20261005T135746863
CUST04038,6,"Frequent · High-value — Atta, Rice & Dal",marketing_run_20261005T135746863
CUST04040,2,Everyday — Gourmet & Organic,marketing_run_20261005T135746863
CUST04041,6,"Frequent · High-value — Atta, Rice & Dal",marketing_run_20261005T135746863
CUST04042,2,Everyday — Gourmet & Organic,marketing_run_20261005T135746863
CUST04044,0,Big-basket · Premium-basket — Baby Care,marketing_run_20261005T135746863
CUST04045,3,"Everyday — Atta, Rice & Dal",marketing_run_20261005T135746863
CUST04046,0,Big-basket · Premium-basket — Baby Care,marketing_run_20261005T135746863
CUST04047,3,"Everyday — Atta, Rice & Dal",marketing_run_20261005T135746863
CUST04048,1,Night-time — Sweets & Chocolates,marketing_run_20261005T135746863
CUST04049,6,"Frequent · High-value — Atta, Rice & Dal",marketing_run_20261005T135746863
CUST04050,0,Big-basket · Premium-basket — Baby Care,marketing_run_20261005T135746863
CUST04051,1,Night-time — Sweets & Chocolates,marketing_run_20261005T135746863
CUST04052,2,Everyday — Gourmet & Organic,marketing_run_20261005T135746863
CUST04053,6,"Frequent · High-value — Atta, Rice & Dal",marketing_run_20261005T135746863
CUST04054,1,Night-time — Sweets & Chocolates,marketing_run_20261005T135746863
CUST04055,1,Night-time — Sweets & Chocolates,marketing_run_20261005T135746863
CUST04056,3,"Everyday — Atta, Rice & Dal",marketing_run_20261005T135746863
CUST04057,2,Everyday — Gourmet & Organic,marketing_run_20261005T135746863
CUST04058,0,Big-basket · Premium-basket — Baby Care,marketing_run_20261005T135746863
CUST04059,6,"Frequent · High-value — Atta, Rice & Dal",marketing_run_20261005T135746863
CUST04060,5,Night-time — Instant & Frozen Food,marketing_run_20261005T135746863
CUST04061,2,Everyday — Gourmet & Organic,marketing_run_20261005T135746863
CUST04062,5,Night-time — Instant & Frozen Food,marketing_run_20261005T135746863
CUST04063,5,Night-time — Instant & Frozen Food,marketing_run_20261005T135746863
CUST04064,0,Big-basket · Premium-basket — Baby Care,marketing_run_20261005T135746863
CUST04065,2,Everyday — Gourmet & Organic,marketing_run_20261005T135746863
CUST04066,6,"Frequent · High-value — Atta, Rice & Dal",marketing_run_20261005T135746863
CUST04067,0,Big-basket · Premium-basket — Baby Care,marketing_run_20261005T135746863
CUST04068,3,"Everyday — Atta, Rice & Dal",marketing_run_20261005T135746863
CUST04069,6,"Frequent · High-value — Atta, Rice & Dal",marketing_run_20261005T135746863
CUST04070,3,"Everyday — Atta, Rice & Dal",marketing_run_20261005T135746863
CUST04071,6,"Frequent · High-value — Atta, Rice & Dal",marketing_run_20261005T135746863
CUST04072,6,"Frequent · High-value — Atta, Rice & Dal",marketing_run_20261005T135746863
CUST04073,2,Everyday — Gourmet & Organic,marketing_run_20261005T135746863
CUST04074,1,Night-time — Sweets & Chocolates,marketing_run_20261005T135746863
CUST04075,2,Everyday — Gourmet & Organic,marketing_run_20261005T135746863
CUST04076,2,Everyday — Gourmet & Organic,marketing_run_20261005T135746863
CUST04078,4,Everyday — Health & Wellness,marketing_run_20261005T135746863
CUST04080,0,Big-basket · Premium-basket — Baby Care,marketing_run_20261005T135746863
CUST04081,6,"Frequent · High-value — Atta, Rice & Dal",marketing_run_20261005T135746863
CUST04082,2,Everyday — Gourmet & Organic,marketing_run_20261005T135746863
CUST04083,1,Night-time — Sweets & Chocolates,marketing_run_20261005T135746863
CUST04084,2,Everyday — Gourmet & Organic,marketing_run_20261005T135746863
CUST04085,6,"Frequent · High-value — Atta, Rice & Dal",marketing_run_20261005T135746863
CUST04086,0,Big-basket · Premium-basket — Baby Care,marketing_run_20261005T135746863
CUST04087,6,"Frequent · High-value — Atta, Rice & Dal",marketing_run_20261005T135746863
CUST04088,0,Big-basket · Premium-basket — Baby Care,marketing_run_20261005T135746863
CUST04089,3,"Everyday — Atta, Rice & Dal",marketing_run_20261005T135746863
CUST04090,3,"Everyday — Atta, Rice & Dal",marketing_run_20261005T135746863
CUST04091,2,Everyday — Gourmet & Organic,marketing_run_20261005T135746863
CUST04092,3,"Everyday — Atta, Rice & Dal",marketing_run_20261005T135746863
CUST04093,1,Night-time — Sweets & Chocolates,marketing_run_20261005T135746863
CUST04094,2,Everyday — Gourmet & Organic,marketing_run_20261005T135746863
CUST04095,3,"Everyday — Atta, Rice & Dal",marketing_run_20261005T135746863
CUST04096,6,"Frequent · High-value — Atta, Rice & Dal",marketing_run_20261005T135746863
CUST04098,3,"Everyday — Atta, Rice & Dal",marketing_run_20261005T135746863
CUST04099,1,Night-time — Sweets & Chocolates,marketing_run_20261005T135746863
CUST04100,6,"Frequent · High-value — Atta, Rice & Dal",marketing_run_20261005T135746863
CUST04101,1,Night-time — Sweets & Chocolates,marketing_run_20261005T135746863
CUST04102,2,Everyday — Gourmet & Organic,marketing_run_20261005T135746863
CUST04103,2,Everyday — Gourmet & Organic,marketing_run_20261005T135746863
CUST04104,1,Night-time — Sweets & Chocolates,marketing_run_20261005T135746863
CUST04105,2,Everyday — Gourmet & Organic,marketing_run_20261005T135746863
CUST04106,1,Night-time — Sweets & Chocolates,marketing_run_20261005T135746863
CUST04110,0,Big-basket · Premium-basket — Baby Care,marketing_run_20261005T135746863
CUST04111,0,Big-basket · Premium-basket — Baby Care,marketing_run_20261005T135746863
CUST04112,6,"Frequent · High-value — Atta, Rice & Dal",marketing_run_20261005T135746863
CUST04113,6,"Frequent · High-value — Atta, Rice & Dal",marketing_run_20261005T135746863
CUST04115,6,"Frequent · High-value — Atta, Rice & Dal",marketing_run_20261005T135746863
CUST04116,2,Everyday — Gourmet & Organic,marketing_run_20261005T135746863
CUST04117,0,Big-basket · Premium-basket — Baby Care,marketing_run_20261005T135746863
CUST04118,6,"Frequent · High-value — Atta, Rice & Dal",marketing_run_20261005T135746863
CUST04119,0,Big-basket · Premium-basket — Baby Care,marketing_run_20261005T135746863
CUST04121,5,Night-time — Instant & Frozen Food,marketing_run_20261005T135746863
CUST04122,6,"Frequent · High-value — Atta, Rice & Dal",marketing_run_20261005T135746863
CUST04123,6,"Frequent · High-value — Atta, Rice & Dal",marketing_run_20261005T135746863
CUST04124,6,"Frequent · High-value — Atta, Rice & Dal",marketing_run_20261005T135746863
CUST04125,1,Night-time — Sweets & Chocolates,marketing_run_20261005T135746863
CUST04126,0,Big-basket · Premium-basket — Baby Care,marketing_run_20261005T135746863
CUST04127,1,Night-time — Sweets & Chocolates,marketing_run_20261005T135746863
CUST04128,2,Everyday — Gourmet & Organic,marketing_run_20261005T135746863
CUST04129,6,"Frequent · High-value — Atta, Rice & Dal",marketing_run_20261005T135746863
CUST04131,1,Night-time — Sweets & Chocolates,marketing_run_20261005T135746863
CUST04133,6,"Frequent · High-value — Atta, Rice & Dal",marketing_run_20261005T135746863
CUST04134,2,Everyday — Gourmet & Organic,marketing_run_20261005T135746863
CUST04136,4,Everyday — Health & Wellness,marketing_run_20261005T135746863
CUST04137,2,Everyday — Gourmet & Organic,marketing_run_20261005T135746863
CUST04138,2,Everyday — Gourmet & Organic,marketing_run_20261005T135746863
CUST04139,6,"Frequent · High-value — Atta, Rice & Dal",marketing_run_20261005T135746863
CUST04140,3,"Everyday — Atta, Rice & Dal",marketing_run_20261005T135746863
CUST04142,6,"Frequent · High-value — Atta, Rice & Dal",marketing_run_20261005T135746863
CUST04143,1,Night-time — Sweets & Chocolates,marketing_run_20261005T135746863
CUST04144,0,Big-basket · Premium-basket — Baby Care,marketing_run_20261005T135746863
CUST04145,0,Big-basket · Premium-basket — Baby Care,marketing_run_20261005T135746863
CUST04146,6,"Frequent · High-value — Atta, Rice & Dal",marketing_run_20261005T135746863
CUST04147,1,Night-time — Sweets & Chocolates,marketing_run_20261005T135746863
CUST04148,3,"Everyday — Atta, Rice & Dal",marketing_run_20261005T135746863
CUST04149,6,"Frequent · High-value — Atta, Rice & Dal",marketing_run_20261005T135746863
CUST04150,0,Big-basket · Premium-basket — Baby Care,marketing_run_20261005T135746863
CUST04152,6,"Frequent · High-value — Atta, Rice & Dal",marketing_run_20261005T135746863
CUST04153,6,"Frequent · High-value — Atta, Rice & Dal",marketing_run_20261005T135746863
CUST04154,2,Everyday — Gourmet & Organic,marketing_run_20261005T135746863
CUST04156,3,"Everyday — Atta, Rice & Dal",marketing_run_20261005T135746863
CUST04158,2,Everyday — Gourmet & Organic,marketing_run_20261005T135746863
CUST04159,0,Big-basket · Premium-basket — Baby Care,marketing_run_20261005T135746863
CUST04160,6,"Frequent · High-value — Atta, Rice & Dal",marketing_run_20261005T135746863
CUST04161,3,"Everyday — Atta, Rice & Dal",marketing_run_20261005T135746863
CUST04162,1,Night-time — Sweets & Chocolates,marketing_run_20261005T135746863
CUST04164,4,Everyday — Health & Wellness,marketing_run_20261005T135746863
CUST04167,0,Big-basket · Premium-basket — Baby Care,marketing_run_20261005T135746863
CUST04168,6,"Frequent · High-value — Atta, Rice & Dal",marketing_run_20261005T135746863
CUST04169,6,"Frequent · High-value — Atta, Rice & Dal",marketing_run_20261005T135746863
CUST04170,3,"Everyday — Atta, Rice & Dal",marketing_run_20261005T135746863
CUST04171,4,Everyday — Health & Wellness,marketing_run_20261005T135746863
CUST04172,2,Everyday — Gourmet & Organic,marketing_run_20261005T135746863
CUST04173,6,"Frequent · High-value — Atta, Rice & Dal",marketing_run_20261005T135746863
CUST04174,1,Night-time — Sweets & Chocolates,marketing_run_20261005T135746863
CUST04175,6,"Frequent · High-value — Atta, Rice & Dal",marketing_run_20261005T135746863
CUST04176,6,"Frequent · High-value — Atta, Rice & Dal",marketing_run_20261005T135746863
CUST04177,1,Night-time — Sweets & Chocolates,marketing_run_20261005T135746863
CUST04179,1,Night-time — Sweets & Chocolates,marketing_run_20261005T135746863
CUST04180,1,Night-time — Sweets & Chocolates,marketing_run_20261005T135746863
CUST04181,0,Big-basket · Premium-basket — Baby Care,marketing_run_20261005T135746863
CUST04182,3,"Everyday — Atta, Rice & Dal",marketing_run_20261005T135746863
CUST04183,6,"Frequent · High-value — Atta, Rice & Dal",marketing_run_20261005T135746863
CUST04184,1,Night-time — Sweets & Chocolates,marketing_run_20261005T135746863
CUST04185,2,Everyday — Gourmet & Organic,marketing_run_20261005T135746863
CUST04186,3,"Everyday — Atta, Rice & Dal",marketing_run_20261005T135746863
CUST04187,1,Night-time — Sweets & Chocolates,marketing_run_20261005T135746863
CUST04188,1,Night-time — Sweets & Chocolates,marketing_run_20261005T135746863
CUST04189,0,Big-basket · Premium-basket — Baby Care,marketing_run_20261005T135746863
CUST04190,6,"Frequent · High-value — Atta, Rice & Dal",marketing_run_20261005T135746863
CUST04191,6,"Frequent · High-value — Atta, Rice & Dal",marketing_run_20261005T135746863
CUST04192,6,"Frequent · High-value — Atta, Rice & Dal",marketing_run_20261005T135746863
CUST04193,5,Night-time — Instant & Frozen Food,marketing_run_20261005T135746863
CUST04194,1,Night-time — Sweets & Chocolates,marketing_run_20261005T135746863
CUST04195,1,Night-time — Sweets & Chocolates,marketing_run_20261005T135746863
CUST04196,6,"Frequent · High-value — Atta, Rice & Dal",marketing_run_20261005T135746863
CUST04197,0,Big-basket · Premium-basket — Baby Care,marketing_run_20261005T135746863
CUST04198,0,Big-basket · Premium-basket — Baby Care,marketing_run_20261005T135746863
CUST04200,2,Everyday — Gourmet & Organic,marketing_run_20261005T135746863
CUST04201,6,"Frequent · High-value — Atta, Rice & Dal",marketing_run_20261005T135746863
CUST04202,6,"Frequent · High-value — Atta, Rice & Dal",marketing_run_20261005T135746863
CUST04203,0,Big-basket · Premium-basket — Baby Care,marketing_run_20261005T135746863
CUST04204,6,"Frequent · High-value — Atta, Rice & Dal",marketing_run_20261005T135746863
CUST04205,6,"Frequent · High-value — Atta, Rice & Dal",marketing_run_20261005T135746863
CUST04206,3,"Everyday — Atta, Rice & Dal",marketing_run_20261005T135746863
CUST04207,0,Big-basket · Premium-basket — Baby Care,marketing_run_20261005T135746863
CUST04208,6,"Frequent · High-value — Atta, Rice & Dal",marketing_run_20261005T135746863
CUST04209,6,"Frequent · High-value — Atta, Rice & Dal",marketing_run_20261005T135746863
CUST04210,3,"Everyday — Atta, Rice & Dal",marketing_run_20261005T135746863
CUST04211,6,"Frequent · High-value — Atta, Rice & Dal",marketing_run_20261005T135746863
CUST04212,3,"Everyday — Atta, Rice & Dal",marketing_run_20261005T135746863
CUST04213,1,Night-time — Sweets & Chocolates,marketing_run_20261005T135746863
CUST04214,3,"Everyday — Atta, Rice & Dal",marketing_run_20261005T135746863
CUST04215,2,Everyday — Gourmet & Organic,marketing_run_20261005T135746863
CUST04216,4,Everyday — Health & Wellness,marketing_run_20261005T135746863
CUST04217,6,"Frequent · High-value — Atta, Rice & Dal",marketing_run_20261005T135746863
CUST04218,0,Big-basket · Premium-basket — Baby Care,marketing_run_20261005T135746863
CUST04219,1,Night-time — Sweets & Chocolates,marketing_run_20261005T135746863
CUST04220,6,"Frequent · High-value — Atta, Rice & Dal",marketing_run_20261005T135746863
CUST04221,4,Everyday — Health & Wellness,marketing_run_20261005T135746863
CUST04222,2,Everyday — Gourmet & Organic,marketing_run_20261005T135746863
CUST04223,2,Everyday — Gourmet & Organic,marketing_run_20261005T135746863
CUST04224,3,"Everyday — Atta, Rice & Dal",marketing_run_20261005T135746863
CUST04225,5,Night-time — Instant & Frozen Food,marketing_run_20261005T135746863
CUST04226,0,Big-basket · Premium-basket — Baby Care,marketing_run_20261005T135746863
CUST04227,2,Everyday — Gourmet & Organic,marketing_run_20261005T135746863
CUST04228,3,"Everyday — Atta, Rice & Dal",marketing_run_20261005T135746863
CUST04229,6,"Frequent · High-value — Atta, Rice & Dal",marketing_run_20261005T135746863
CUST04230,6,"Frequent · High-value — Atta, Rice & Dal",marketing_run_20261005T135746863
CUST04232,1,Night-time — Sweets & Chocolates,marketing_run_20261005T135746863
CUST04233,0,Big-basket · Premium-basket — Baby Care,marketing_run_20261005T135746863
CUST04235,3,"Everyday — Atta, Rice & Dal",marketing_run_20261005T135746863
CUST04236,2,Everyday — Gourmet & Organic,marketing_run_20261005T135746863
CUST04237,5,Night-time — Instant & Frozen Food,marketing_run_20261005T135746863
CUST04238,2,Everyday — Gourmet & Organic,marketing_run_20261005T135746863
CUST04239,1,Night-time — Sweets & Chocolates,marketing_run_20261005T135746863
CUST04240,1,Night-time — Sweets & Chocolates,marketing_run_20261005T135746863
CUST04241,6,"Frequent · High-value — Atta, Rice & Dal",marketing_run_20261005T135746863
CUST04242,0,Big-basket · Premium-basket — Baby Care,marketing_run_20261005T135746863
CUST04243,3,"Everyday — Atta, Rice & Dal",marketing_run_20261005T135746863
CUST04244,1,Night-time — Sweets & Chocolates,marketing_run_20261005T135746863
CUST04245,0,Big-basket · Premium-basket — Baby Care,marketing_run_20261005T135746863
CUST04246,6,"Frequent · High-value — Atta, Rice & Dal",marketing_run_20261005T135746863
CUST04247,0,Big-basket · Premium-basket — Baby Care,marketing_run_20261005T135746863
CUST04248,0,Big-basket · Premium-basket — Baby Care,marketing_run_20261005T135746863
CUST04249,0,Big-basket · Premium-basket — Baby Care,marketing_run_20261005T135746863
CUST04251,0,Big-basket · Premium-basket — Baby Care,marketing_run_20261005T135746863
CUST04252,6,"Frequent · High-value — Atta, Rice & Dal",marketing_run_20261005T135746863
CUST04253,1,Night-time — Sweets & Chocolates,marketing_run_20261005T135746863
CUST04254,6,"Frequent · High-value — Atta, Rice & Dal",marketing_run_20261005T135746863
CUST04255,3,"Everyday — Atta, Rice & Dal",marketing_run_20261005T135746863
CUST04256,1,Night-time — Sweets & Chocolates,marketing_run_20261005T135746863
CUST04257,3,"Everyday — Atta, Rice & Dal",marketing_run_20261005T135746863
CUST04258,6,"Frequent · High-value — Atta, Rice & Dal",marketing_run_20261005T135746863
CUST04259,3,"Everyday — Atta, Rice & Dal",marketing_run_20261005T135746863
CUST04260,0,Big-basket · Premium-basket — Baby Care,marketing_run_20261005T135746863
CUST04261,6,"Frequent · High-value — Atta, Rice & Dal",marketing_run_20261005T135746863
CUST04262,6,"Frequent · High-value — Atta, Rice & Dal",marketing_run_20261005T135746863
CUST04263,2,Everyday — Gourmet & Organic,marketing_run_20261005T135746863
CUST04264,1,Night-time — Sweets & Chocolates,marketing_run_20261005T135746863
CUST04265,6,"Frequent · High-value — Atta, Rice & Dal",marketing_run_20261005T135746863
CUST04266,2,Everyday — Gourmet & Organic,marketing_run_20261005T135746863
CUST04267,1,Night-time — Sweets & Chocolates,marketing_run_20261005T135746863
CUST04268,6,"Frequent · High-value — Atta, Rice & Dal",marketing_run_20261005T135746863
CUST04269,6,"Frequent · High-value — Atta, Rice & Dal",marketing_run_20261005T135746863
CUST04270,4,Everyday — Health & Wellness,marketing_run_20261005T135746863
CUST04271,3,"Everyday — Atta, Rice & Dal",marketing_run_20261005T135746863
CUST04272,1,Night-time — Sweets & Chocolates,marketing_run_20261005T135746863
CUST04273,1,Night-time — Sweets & Chocolates,marketing_run_20261005T135746863
CUST04274,2,Everyday — Gourmet & Organic,marketing_run_20261005T135746863
CUST04275,6,"Frequent · High-value — Atta, Rice & Dal",marketing_run_20261005T135746863
CUST04276,3,"Everyday — Atta, Rice & Dal",marketing_run_20261005T135746863
CUST04277,3,"Everyday — Atta, Rice & Dal",marketing_run_20261005T135746863
CUST04278,0,Big-basket · Premium-basket — Baby Care,marketing_run_20261005T135746863
CUST04279,3,"Everyday — Atta, Rice & Dal",marketing_run_20261005T135746863
CUST04280,0,Big-basket · Premium-basket — Baby Care,marketing_run_20261005T135746863
CUST04281,2,Everyday — Gourmet & Organic,marketing_run_20261005T135746863
CUST04282,3,"Everyday — Atta, Rice & Dal",marketing_run_20261005T135746863
CUST04283,0,Big-basket · Premium-basket — Baby Care,marketing_run_20261005T135746863
CUST04285,0,Big-basket · Premium-basket — Baby Care,marketing_run_20261005T135746863
CUST04286,5,Night-time — Instant & Frozen Food,marketing_run_20261005T135746863
CUST04287,6,"Frequent · High-value — Atta, Rice & Dal",marketing_run_20261005T135746863
CUST04288,0,Big-basket · Premium-basket — Baby Care,marketing_run_20261005T135746863
CUST04289,1,Night-time — Sweets & Chocolates,marketing_run_20261005T135746863
CUST04290,3,"Everyday — Atta, Rice & Dal",marketing_run_20261005T135746863
CUST04291,6,"Frequent · High-value — Atta, Rice & Dal",marketing_run_20261005T135746863
CUST04292,1,Night-time — Sweets & Chocolates,marketing_run_20261005T135746863
CUST04293,2,Everyday — Gourmet & Organic,marketing_run_20261005T135746863
CUST04294,3,"Everyday — Atta, Rice & Dal",marketing_run_20261005T135746863
CUST04295,3,"Everyday — Atta, Rice & Dal",marketing_run_20261005T135746863
CUST04297,0,Big-basket · Premium-basket — Baby Care,marketing_run_20261005T135746863
CUST04299,2,Everyday — Gourmet & Organic,marketing_run_20261005T135746863
CUST04301,0,Big-basket · Premium-basket — Baby Care,marketing_run_20261005T135746863
CUST04302,0,Big-basket · Premium-basket — Baby Care,marketing_run_20261005T135746863
CUST04303,0,Big-basket · Premium-basket — Baby Care,marketing_run_20261005T135746863
CUST04304,2,Everyday — Gourmet & Organic,marketing_run_20261005T135746863
CUST04305,6,"Frequent · High-value — Atta, Rice & Dal",marketing_run_20261005T135746863
CUST04306,6,"Frequent · High-value — Atta, Rice & Dal",marketing_run_20261005T135746863
CUST04308,6,"Frequent · High-value — Atta, Rice & Dal",marketing_run_20261005T135746863
CUST04309,1,Night-time — Sweets & Chocolates,marketing_run_20261005T135746863
CUST04310,4,Everyday — Health & Wellness,marketing_run_20261005T135746863
CUST04311,1,Night-time — Sweets & Chocolates,marketing_run_20261005T135746863
CUST04312,6,"Frequent · High-value — Atta, Rice & Dal",marketing_run_20261005T135746863
CUST04314,6,"Frequent · High-value — Atta, Rice & Dal",marketing_run_20261005T135746863
CUST04315,0,Big-basket · Premium-basket — Baby Care,marketing_run_20261005T135746863
CUST04316,3,"Everyday — Atta, Rice & Dal",marketing_run_20261005T135746863
CUST04317,6,"Frequent · High-value — Atta, Rice & Dal",marketing_run_20261005T135746863
CUST04318,6,"Frequent · High-value — Atta, Rice & Dal",marketing_run_20261005T135746863
CUST04319,0,Big-basket · Premium-basket — Baby Care,marketing_run_20261005T135746863
CUST04320,3,"Everyday — Atta, Rice & Dal",marketing_run_20261005T135746863
CUST04321,0,Big-basket · Premium-basket — Baby Care,marketing_run_20261005T135746863
CUST04323,1,Night-time — Sweets & Chocolates,marketing_run_20261005T135746863
CUST04324,3,"Everyday — Atta, Rice & Dal",marketing_run_20261005T135746863
CUST04325,0,Big-basket · Premium-basket — Baby Care,marketing_run_20261005T135746863
CUST04326,0,Big-basket · Premium-basket — Baby Care,marketing_run_20261005T135746863
CUST04329,0,Big-basket · Premium-basket — Baby Care,marketing_run_20261005T135746863
CUST04330,3,"Everyday — Atta, Rice & Dal",marketing_run_20261005T135746863
CUST04331,2,Everyday — Gourmet & Organic,marketing_run_20261005T135746863
CUST04332,6,"Frequent · High-value — Atta, Rice & Dal",marketing_run_20261005T135746863
CUST04333,0,Big-basket · Premium-basket — Baby Care,marketing_run_20261005T135746863
CUST04334,1,Night-time — Sweets & Chocolates,marketing_run_20261005T135746863
CUST04335,1,Night-time — Sweets & Chocolates,marketing_run_20261005T135746863
CUST04336,4,Everyday — Health & Wellness,marketing_run_20261005T135746863
CUST04337,0,Big-basket · Premium-basket — Baby Care,marketing_run_20261005T135746863
CUST04338,6,"Frequent · High-value — Atta, Rice & Dal",marketing_run_20261005T135746863
CUST04339,4,Everyday — Health & Wellness,marketing_run_20261005T135746863
CUST04340,2,Everyday — Gourmet & Organic,marketing_run_20261005T135746863
CUST04341,3,"Everyday — Atta, Rice & Dal",marketing_run_20261005T135746863
CUST04342,1,Night-time — Sweets & Chocolates,marketing_run_20261005T135746863
CUST04343,0,Big-basket · Premium-basket — Baby Care,marketing_run_20261005T135746863
CUST04344,1,Night-time — Sweets & Chocolates,marketing_run_20261005T135746863
CUST04345,1,Night-time — Sweets & Chocolates,marketing_run_20261005T135746863
CUST04346,1,Night-time — Sweets & Chocolates,marketing_run_20261005T135746863
CUST04348,0,Big-basket · Premium-basket — Baby Care,marketing_run_20261005T135746863
CUST04349,2,Everyday — Gourmet & Organic,marketing_run_20261005T135746863
CUST04350,0,Big-basket · Premium-basket — Baby Care,marketing_run_20261005T135746863
CUST04351,0,Big-basket · Premium-basket — Baby Care,marketing_run_20261005T135746863
CUST04352,0,Big-basket · Premium-basket — Baby Care,marketing_run_20261005T135746863
CUST04353,4,Everyday — Health & Wellness,marketing_run_20261005T135746863
CUST04354,0,Big-basket · Premium-basket — Baby Care,marketing_run_20261005T135746863
CUST04355,0,Big-basket · Premium-basket — Baby Care,marketing_run_20261005T135746863
CUST04356,0,Big-basket · Premium-basket — Baby Care,marketing_run_20261005T135746863
CUST04357,4,Everyday — Health & Wellness,marketing_run_20261005T135746863
CUST04358,1,Night-time — Sweets & Chocolates,marketing_run_20261005T135746863
CUST04359,6,"Frequent · High-value — Atta, Rice & Dal",marketing_run_20261005T135746863
CUST04360,1,Night-time — Sweets & Chocolates,marketing_run_20261005T135746863
CUST04361,3,"Everyday — Atta, Rice & Dal",marketing_run_20261005T135746863
CUST04362,4,Everyday — Health & Wellness,marketing_run_20261005T135746863
CUST04364,1,Night-time — Sweets & Chocolates,marketing_run_20261005T135746863
CUST04365,2,Everyday — Gourmet & Organic,marketing_run_20261005T135746863
CUST04366,0,Big-basket · Premium-basket — Baby Care,marketing_run_20261005T135746863
CUST04369,3,"Everyday — Atta, Rice & Dal",marketing_run_20261005T135746863
CUST04370,5,Night-time — Instant & Frozen Food,marketing_run_20261005T135746863
CUST04371,5,Night-time — Instant & Frozen Food,marketing_run_20261005T135746863
CUST04373,0,Big-basket · Premium-basket — Baby Care,marketing_run_20261005T135746863
CUST04374,3,"Everyday — Atta, Rice & Dal",marketing_run_20261005T135746863
CUST04375,6,"Frequent · High-value — Atta, Rice & Dal",marketing_run_20261005T135746863
CUST04376,1,Night-time — Sweets & Chocolates,marketing_run_20261005T135746863
CUST04377,6,"Frequent · High-value — Atta, Rice & Dal",marketing_run_20261005T135746863
CUST04378,6,"Frequent · High-value — Atta, Rice & Dal",marketing_run_20261005T135746863
CUST04379,6,"Frequent · High-value — Atta, Rice & Dal",marketing_run_20261005T135746863
CUST04380,2,Everyday — Gourmet & Organic,marketing_run_20261005T135746863
CUST04381,6,"Frequent · High-value — Atta, Rice & Dal",marketing_run_20261005T135746863
CUST04382,2,Everyday — Gourmet & Organic,marketing_run_20261005T135746863
CUST04383,2,Everyday — Gourmet & Organic,marketing_run_20261005T135746863
CUST04384,1,Night-time — Sweets & Chocolates,marketing_run_20261005T135746863
CUST04385,2,Everyday — Gourmet & Organic,marketing_run_20261005T135746863
CUST04386,6,"Frequent · High-value — Atta, Rice & Dal",marketing_run_20261005T135746863
CUST04387,1,Night-time — Sweets & Chocolates,marketing_run_20261005T135746863
CUST04388,2,Everyday — Gourmet & Organic,marketing_run_20261005T135746863
CUST04389,0,Big-basket · Premium-basket — Baby Care,marketing_run_20261005T135746863
CUST04390,0,Big-basket · Premium-basket — Baby Care,marketing_run_20261005T135746863
CUST04391,0,Big-basket · Premium-basket — Baby Care,marketing_run_20261005T135746863
CUST04392,4,Everyday — Health & Wellness,marketing_run_20261005T135746863
CUST04393,0,Big-basket · Premium-basket — Baby Care,marketing_run_20261005T135746863
CUST04394,0,Big-basket · Premium-basket — Baby Care,marketing_run_20261005T135746863
CUST04395,2,Everyday — Gourmet & Organic,marketing_run_20261005T135746863
CUST04396,0,Big-basket · Premium-basket — Baby Care,marketing_run_20261005T135746863
CUST04397,0,Big-basket · Premium-basket — Baby Care,marketing_run_20261005T135746863
CUST04398,1,Night-time — Sweets & Chocolates,marketing_run_20261005T135746863
CUST04399,1,Night-time — Sweets & Chocolates,marketing_run_20261005T135746863
CUST04400,1,Night-time — Sweets & Chocolates,marketing_run_20261005T135746863
CUST04401,1,Night-time — Sweets & Chocolates,marketing_run_20261005T135746863
CUST04402,1,Night-time — Sweets & Chocolates,marketing_run_20261005T135746863
CUST04403,1,Night-time — Sweets & Chocolates,marketing_run_20261005T135746863
CUST04405,6,"Frequent · High-value — Atta, Rice & Dal",marketing_run_20261005T135746863
CUST04406,2,Everyday — Gourmet & Organic,marketing_run_20261005T135746863
CUST04407,1,Night-time — Sweets & Chocolates,marketing_run_20261005T135746863
CUST04408,6,"Frequent · High-value — Atta, Rice & Dal",marketing_run_20261005T135746863
CUST04409,5,Night-time — Instant & Frozen Food,marketing_run_20261005T135746863
CUST04410,0,Big-basket · Premium-basket — Baby Care,marketing_run_20261005T135746863
CUST04411,2,Everyday — Gourmet & Organic,marketing_run_20261005T135746863
CUST04412,1,Night-time — Sweets & Chocolates,marketing_run_20261005T135746863
CUST04413,1,Night-time — Sweets & Chocolates,marketing_run_20261005T135746863
CUST04414,6,"Frequent · High-value — Atta, Rice & Dal",marketing_run_20261005T135746863
CUST04415,6,"Frequent · High-value — Atta, Rice & Dal",marketing_run_20261005T135746863
CUST04417,3,"Everyday — Atta, Rice & Dal",marketing_run_20261005T135746863
CUST04418,0,Big-basket · Premium-basket — Baby Care,marketing_run_20261005T135746863
CUST04419,3,"Everyday — Atta, Rice & Dal",marketing_run_20261005T135746863
CUST04420,1,Night-time — Sweets & Chocolates,marketing_run_20261005T135746863
CUST04421,1,Night-time — Sweets & Chocolates,marketing_run_20261005T135746863
CUST04422,4,Everyday — Health & Wellness,marketing_run_20261005T135746863
CUST04424,3,"Everyday — Atta, Rice & Dal",marketing_run_20261005T135746863
CUST04425,3,"Everyday — Atta, Rice & Dal",marketing_run_20261005T135746863
CUST04426,6,"Frequent · High-value — Atta, Rice & Dal",marketing_run_20261005T135746863
CUST04427,6,"Frequent · High-value — Atta, Rice & Dal",marketing_run_20261005T135746863
CUST04428,2,Everyday — Gourmet & Organic,marketing_run_20261005T135746863
CUST04429,1,Night-time — Sweets & Chocolates,marketing_run_20261005T135746863
CUST04430,6,"Frequent · High-value — Atta, Rice & Dal",marketing_run_20261005T135746863
CUST04431,0,Big-basket · Premium-basket — Baby Care,marketing_run_20261005T135746863
CUST04432,3,"Everyday — Atta, Rice & Dal",marketing_run_20261005T135746863
CUST04434,1,Night-time — Sweets & Chocolates,marketing_run_20261005T135746863
CUST04435,0,Big-basket · Premium-basket — Baby Care,marketing_run_20261005T135746863
CUST04436,2,Everyday — Gourmet & Organic,marketing_run_20261005T135746863
CUST04437,6,"Frequent · High-value — Atta, Rice & Dal",marketing_run_20261005T135746863
CUST04438,1,Night-time — Sweets & Chocolates,marketing_run_20261005T135746863
CUST04439,0,Big-basket · Premium-basket — Baby Care,marketing_run_20261005T135746863
CUST04440,0,Big-basket · Premium-basket — Baby Care,marketing_run_20261005T135746863
CUST04441,6,"Frequent · High-value — Atta, Rice & Dal",marketing_run_20261005T135746863
CUST04442,3,"Everyday — Atta, Rice & Dal",marketing_run_20261005T135746863
CUST04443,0,Big-basket · Premium-basket — Baby Care,marketing_run_20261005T135746863
CUST04444,3,"Everyday — Atta, Rice & Dal",marketing_run_20261005T135746863
CUST04445,0,Big-basket · Premium-basket — Baby Care,marketing_run_20261005T135746863
CUST04447,3,"Everyday — Atta, Rice & Dal",marketing_run_20261005T135746863
CUST04448,6,"Frequent · High-value — Atta, Rice & Dal",marketing_run_20261005T135746863
CUST04449,1,Night-time — Sweets & Chocolates,marketing_run_20261005T135746863
CUST04451,0,Big-basket · Premium-basket — Baby Care,marketing_run_20261005T135746863
CUST04452,4,Everyday — Health & Wellness,marketing_run_20261005T135746863
CUST04453,6,"Frequent · High-value — Atta, Rice & Dal",marketing_run_20261005T135746863
CUST04455,2,Everyday — Gourmet & Organic,marketing_run_20261005T135746863
CUST04456,4,Everyday — Health & Wellness,marketing_run_20261005T135746863
CUST04457,1,Night-time — Sweets & Chocolates,marketing_run_20261005T135746863
CUST04458,1,Night-time — Sweets & Chocolates,marketing_run_20261005T135746863
CUST04459,1,Night-time — Sweets & Chocolates,marketing_run_20261005T135746863
CUST04460,1,Night-time — Sweets & Chocolates,marketing_run_20261005T135746863
CUST04461,6,"Frequent · High-value — Atta, Rice & Dal",marketing_run_20261005T135746863
CUST04462,1,Night-time — Sweets & Chocolates,marketing_run_20261005T135746863
CUST04463,0,Big-basket · Premium-basket — Baby Care,marketing_run_20261005T135746863
CUST04464,6,"Frequent · High-value — Atta, Rice & Dal",marketing_run_20261005T135746863
CUST04465,1,Night-time — Sweets & Chocolates,marketing_run_20261005T135746863
CUST04466,2,Everyday — Gourmet & Organic,marketing_run_20261005T135746863
CUST04467,1,Night-time — Sweets & Chocolates,marketing_run_20261005T135746863
CUST04468,1,Night-time — Sweets & Chocolates,marketing_run_20261005T135746863
CUST04469,4,Everyday — Health & Wellness,marketing_run_20261005T135746863
CUST04470,6,"Frequent · High-value — Atta, Rice & Dal",marketing_run_20261005T135746863
CUST04471,4,Everyday — Health & Wellness,marketing_run_20261005T135746863
CUST04473,3,"Everyday — Atta, Rice & Dal",marketing_run_20261005T135746863
CUST04474,1,Night-time — Sweets & Chocolates,marketing_run_20261005T135746863
CUST04475,3,"Everyday — Atta, Rice & Dal",marketing_run_20261005T135746863
CUST04476,3,"Everyday — Atta, Rice & Dal",marketing_run_20261005T135746863
CUST04477,6,"Frequent · High-value — Atta, Rice & Dal",marketing_run_20261005T135746863
CUST04478,3,"Everyday — Atta, Rice & Dal",marketing_run_20261005T135746863
CUST04479,0,Big-basket · Premium-basket — Baby Care,marketing_run_20261005T135746863
CUST04480,6,"Frequent · High-value — Atta, Rice & Dal",marketing_run_20261005T135746863
CUST04482,2,Everyday — Gourmet & Organic,marketing_run_20261005T135746863
CUST04483,3,"Everyday — Atta, Rice & Dal",marketing_run_20261005T135746863
CUST04484,3,"Everyday — Atta, Rice & Dal",marketing_run_20261005T135746863
CUST04485,0,Big-basket · Premium-basket — Baby Care,marketing_run_20261005T135746863
CUST04486,6,"Frequent · High-value — Atta, Rice & Dal",marketing_run_20261005T135746863
CUST04487,1,Night-time — Sweets & Chocolates,marketing_run_20261005T135746863
CUST04488,5,Night-time — Instant & Frozen Food,marketing_run_20261005T135746863
CUST04489,1,Night-time — Sweets & Chocolates,marketing_run_20261005T135746863
CUST04490,6,"Frequent · High-value — Atta, Rice & Dal",marketing_run_20261005T135746863
CUST04491,2,Everyday — Gourmet & Organic,marketing_run_20261005T135746863
CUST04492,4,Everyday — Health & Wellness,marketing_run_20261005T135746863
CUST04493,6,"Frequent · High-value — Atta, Rice & Dal",marketing_run_20261005T135746863
CUST04494,2,Everyday — Gourmet & Organic,marketing_run_20261005T135746863
CUST04495,2,Everyday — Gourmet & Organic,marketing_run_20261005T135746863
CUST04496,6,"Frequent · High-value — Atta, Rice & Dal",marketing_run_20261005T135746863
CUST04497,0,Big-basket · Premium-basket — Baby Care,marketing_run_20261005T135746863
CUST04498,1,Night-time — Sweets & Chocolates,marketing_run_20261005T135746863
CUST04499,6,"Frequent · High-value — Atta, Rice & Dal",marketing_run_20261005T135746863
CUST04500,6,"Frequent · High-value — Atta, Rice & Dal",marketing_run_20261005T135746863
CUST04501,6,"Frequent · High-value — Atta, Rice & Dal",marketing_run_20261005T135746863
CUST04502,5,Night-time — Instant & Frozen Food,marketing_run_20261005T135746863
CUST04503,1,Night-time — Sweets & Chocolates,marketing_run_20261005T135746863
CUST04504,2,Everyday — Gourmet & Organic,marketing_run_20261005T135746863
CUST04505,6,"Frequent · High-value — Atta, Rice & Dal",marketing_run_20261005T135746863
CUST04506,6,"Frequent · High-value — Atta, Rice & Dal",marketing_run_20261005T135746863
CUST04507,0,Big-basket · Premium-basket — Baby Care,marketing_run_20261005T135746863
CUST04508,0,Big-basket · Premium-basket — Baby Care,marketing_run_20261005T135746863
CUST04509,1,Night-time — Sweets & Chocolates,marketing_run_20261005T135746863
CUST04510,1,Night-time — Sweets & Chocolates,marketing_run_20261005T135746863
CUST04511,6,"Frequent · High-value — Atta, Rice & Dal",marketing_run_20261005T135746863
CUST04512,0,Big-basket · Premium-basket — Baby Care,marketing_run_20261005T135746863
CUST04513,2,Everyday — Gourmet & Organic,marketing_run_20261005T135746863
CUST04514,1,Night-time — Sweets & Chocolates,marketing_run_20261005T135746863
CUST04515,0,Big-basket · Premium-basket — Baby Care,marketing_run_20261005T135746863
CUST04516,6,"Frequent · High-value — Atta, Rice & Dal",marketing_run_20261005T135746863
CUST04517,3,"Everyday — Atta, Rice & Dal",marketing_run_20261005T135746863
CUST04518,1,Night-time — Sweets & Chocolates,marketing_run_20261005T135746863
CUST04519,6,"Frequent · High-value — Atta, Rice & Dal",marketing_run_20261005T135746863
CUST04520,4,Everyday — Health & Wellness,marketing_run_20261005T135746863
CUST04521,0,Big-basket · Premium-basket — Baby Care,marketing_run_20261005T135746863
CUST04522,0,Big-basket · Premium-basket — Baby Care,marketing_run_20261005T135746863
CUST04523,6,"Frequent · High-value — Atta, Rice & Dal",marketing_run_20261005T135746863
CUST04524,6,"Frequent · High-value — Atta, Rice & Dal",marketing_run_20261005T135746863
CUST04525,6,"Frequent · High-value — Atta, Rice & Dal",marketing_run_20261005T135746863
CUST04526,6,"Frequent · High-value — Atta, Rice & Dal",marketing_run_20261005T135746863
CUST04527,3,"Everyday — Atta, Rice & Dal",marketing_run_20261005T135746863
CUST04528,1,Night-time — Sweets & Chocolates,marketing_run_20261005T135746863
CUST04529,0,Big-basket · Premium-basket — Baby Care,marketing_run_20261005T135746863
CUST04530,0,Big-basket · Premium-basket — Baby Care,marketing_run_20261005T135746863
CUST04532,0,Big-basket · Premium-basket — Baby Care,marketing_run_20261005T135746863
CUST04533,4,Everyday — Health & Wellness,marketing_run_20261005T135746863
CUST04534,1,Night-time — Sweets & Chocolates,marketing_run_20261005T135746863
CUST04535,2,Everyday — Gourmet & Organic,marketing_run_20261005T135746863
CUST04536,6,"Frequent · High-value — Atta, Rice & Dal",marketing_run_20261005T135746863
CUST04537,2,Everyday — Gourmet & Organic,marketing_run_20261005T135746863
CUST04538,0,Big-basket · Premium-basket — Baby Care,marketing_run_20261005T135746863
CUST04539,1,Night-time — Sweets & Chocolates,marketing_run_20261005T135746863
CUST04540,6,"Frequent · High-value — Atta, Rice & Dal",marketing_run_20261005T135746863
CUST04541,0,Big-basket · Premium-basket — Baby Care,marketing_run_20261005T135746863
CUST04542,3,"Everyday — Atta, Rice & Dal",marketing_run_20261005T135746863
CUST04543,1,Night-time — Sweets & Chocolates,marketing_run_20261005T135746863
CUST04544,0,Big-basket · Premium-basket — Baby Care,marketing_run_20261005T135746863
CUST04545,1,Night-time — Sweets & Chocolates,marketing_run_20261005T135746863
CUST04546,2,Everyday — Gourmet & Organic,marketing_run_20261005T135746863
CUST04547,6,"Frequent · High-value — Atta, Rice & Dal",marketing_run_20261005T135746863
CUST04548,6,"Frequent · High-value — Atta, Rice & Dal",marketing_run_20261005T135746863
CUST04549,6,"Frequent · High-value — Atta, Rice & Dal",marketing_run_20261005T135746863
CUST04550,2,Everyday — Gourmet & Organic,marketing_run_20261005T135746863
CUST04551,0,Big-basket · Premium-basket — Baby Care,marketing_run_20261005T135746863
CUST04552,1,Night-time — Sweets & Chocolates,marketing_run_20261005T135746863
CUST04553,4,Everyday — Health & Wellness,marketing_run_20261005T135746863
CUST04554,5,Night-time — Instant & Frozen Food,marketing_run_20261005T135746863
CUST04556,1,Night-time — Sweets & Chocolates,marketing_run_20261005T135746863
CUST04558,1,Night-time — Sweets & Chocolates,marketing_run_20261005T135746863
CUST04559,6,"Frequent · High-value — Atta, Rice & Dal",marketing_run_20261005T135746863
CUST04560,0,Big-basket · Premium-basket — Baby Care,marketing_run_20261005T135746863
CUST04561,0,Big-basket · Premium-basket — Baby Care,marketing_run_20261005T135746863
CUST04562,1,Night-time — Sweets & Chocolates,marketing_run_20261005T135746863
CUST04564,6,"Frequent · High-value — Atta, Rice & Dal",marketing_run_20261005T135746863
CUST04565,2,Everyday — Gourmet & Organic,marketing_run_20261005T135746863
CUST04566,6,"Frequent · High-value — Atta, Rice & Dal",marketing_run_20261005T135746863
CUST04567,6,"Frequent · High-value — Atta, Rice & Dal",marketing_run_20261005T135746863
CUST04568,6,"Frequent · High-value — Atta, Rice & Dal",marketing_run_20261005T135746863
CUST04569,0,Big-basket · Premium-basket — Baby Care,marketing_run_20261005T135746863
CUST04570,1,Night-time — Sweets & Chocolates,marketing_run_20261005T135746863
CUST04571,1,Night-time — Sweets & Chocolates,marketing_run_20261005T135746863
CUST04572,0,Big-basket · Premium-basket — Baby Care,marketing_run_20261005T135746863
CUST04573,6,"Frequent · High-value — Atta, Rice & Dal",marketing_run_20261005T135746863
CUST04574,3,"Everyday — Atta, Rice & Dal",marketing_run_20261005T135746863
CUST04575,5,Night-time — Instant & Frozen Food,marketing_run_20261005T135746863
CUST04576,6,"Frequent · High-value — Atta, Rice & Dal",marketing_run_20261005T135746863
CUST04577,6,"Frequent · High-value — Atta, Rice & Dal",marketing_run_20261005T135746863
CUST04578,1,Night-time — Sweets & Chocolates,marketing_run_20261005T135746863
CUST04580,3,"Everyday — Atta, Rice & Dal",marketing_run_20261005T135746863
CUST04582,2,Everyday — Gourmet & Organic,marketing_run_20261005T135746863
CUST04583,6,"Frequent · High-value — Atta, Rice & Dal",marketing_run_20261005T135746863
CUST04584,6,"Frequent · High-value — Atta, Rice & Dal",marketing_run_20261005T135746863
CUST04585,6,"Frequent · High-value — Atta, Rice & Dal",marketing_run_20261005T135746863
CUST04586,1,Night-time — Sweets & Chocolates,marketing_run_20261005T135746863
CUST04587,3,"Everyday — Atta, Rice & Dal",marketing_run_20261005T135746863
CUST04588,6,"Frequent · High-value — Atta, Rice & Dal",marketing_run_20261005T135746863
CUST04589,3,"Everyday — Atta, Rice & Dal",marketing_run_20261005T135746863
CUST04590,1,Night-time — Sweets & Chocolates,marketing_run_20261005T135746863
CUST04591,3,"Everyday — Atta, Rice & Dal",marketing_run_20261005T135746863
CUST04592,6,"Frequent · High-value — Atta, Rice & Dal",marketing_run_20261005T135746863
CUST04593,0,Big-basket · Premium-basket — Baby Care,marketing_run_20261005T135746863
CUST04594,1,Night-time — Sweets & Chocolates,marketing_run_20261005T135746863
CUST04595,1,Night-time — Sweets & Chocolates,marketing_run_20261005T135746863
CUST04596,6,"Frequent · High-value — Atta, Rice & Dal",marketing_run_20261005T135746863
CUST04597,6,"Frequent · High-value — Atta, Rice & Dal",marketing_run_20261005T135746863
CUST04599,3,"Everyday — Atta, Rice & Dal",marketing_run_20261005T135746863
CUST04600,0,Big-basket · Premium-basket — Baby Care,marketing_run_20261005T135746863
CUST04601,6,"Frequent · High-value — Atta, Rice & Dal",marketing_run_20261005T135746863
CUST04602,2,Everyday — Gourmet & Organic,marketing_run_20261005T135746863
CUST04603,1,Night-time — Sweets & Chocolates,marketing_run_20261005T135746863
CUST04604,6,"Frequent · High-value — Atta, Rice & Dal",marketing_run_20261005T135746863
CUST04605,0,Big-basket · Premium-basket — Baby Care,marketing_run_20261005T135746863
CUST04606,0,Big-basket · Premium-basket — Baby Care,marketing_run_20261005T135746863
CUST04608,1,Night-time — Sweets & Chocolates,marketing_run_20261005T135746863
CUST04609,3,"Everyday — Atta, Rice & Dal",marketing_run_20261005T135746863
CUST04610,3,"Everyday — Atta, Rice & Dal",marketing_run_20261005T135746863
CUST04611,6,"Frequent · High-value — Atta, Rice & Dal",marketing_run_20261005T135746863
CUST04612,2,Everyday — Gourmet & Organic,marketing_run_20261005T135746863
CUST04613,4,Everyday — Health & Wellness,marketing_run_20261005T135746863
CUST04614,3,"Everyday — Atta, Rice & Dal",marketing_run_20261005T135746863
CUST04615,6,"Frequent · High-value — Atta, Rice & Dal",marketing_run_20261005T135746863
CUST04616,6,"Frequent · High-value — Atta, Rice & Dal",marketing_run_20261005T135746863
CUST04617,2,Everyday — Gourmet & Organic,marketing_run_20261005T135746863
CUST04618,6,"Frequent · High-value — Atta, Rice & Dal",marketing_run_20261005T135746863
CUST04619,0,Big-basket · Premium-basket — Baby Care,marketing_run_20261005T135746863
CUST04620,3,"Everyday — Atta, Rice & Dal",marketing_run_20261005T135746863
CUST04623,1,Night-time — Sweets & Chocolates,marketing_run_20261005T135746863
CUST04624,5,Night-time — Instant & Frozen Food,marketing_run_20261005T135746863
CUST04625,6,"Frequent · High-value — Atta, Rice & Dal",marketing_run_20261005T135746863
CUST04626,5,Night-time — Instant & Frozen Food,marketing_run_20261005T135746863
CUST04627,0,Big-basket · Premium-basket — Baby Care,marketing_run_20261005T135746863
CUST04628,1,Night-time — Sweets & Chocolates,marketing_run_20261005T135746863
CUST04629,0,Big-basket · Premium-basket — Baby Care,marketing_run_20261005T135746863
CUST04630,6,"Frequent · High-value — Atta, Rice & Dal",marketing_run_20261005T135746863
CUST04631,0,Big-basket · Premium-basket — Baby Care,marketing_run_20261005T135746863
CUST04632,6,"Frequent · High-value — Atta, Rice & Dal",marketing_run_20261005T135746863
CUST04633,3,"Everyday — Atta, Rice & Dal",marketing_run_20261005T135746863
CUST04635,0,Big-basket · Premium-basket — Baby Care,marketing_run_20261005T135746863
CUST04636,6,"Frequent · High-value — Atta, Rice & Dal",marketing_run_20261005T135746863
CUST04637,3,"Everyday — Atta, Rice & Dal",marketing_run_20261005T135746863
CUST04638,6,"Frequent · High-value — Atta, Rice & Dal",marketing_run_20261005T135746863
CUST04639,6,"Frequent · High-value — Atta, Rice & Dal",marketing_run_20261005T135746863
CUST04640,1,Night-time — Sweets & Chocolates,marketing_run_20261005T135746863
CUST04641,6,"Frequent · High-value — Atta, Rice & Dal",marketing_run_20261005T135746863
CUST04643,2,Everyday — Gourmet & Organic,marketing_run_20261005T135746863
CUST04644,6,"Frequent · High-value — Atta, Rice & Dal",marketing_run_20261005T135746863
CUST04647,1,Night-time — Sweets & Chocolates,marketing_run_20261005T135746863
CUST04648,6,"Frequent · High-value — Atta, Rice & Dal",marketing_run_20261005T135746863
CUST04650,6,"Frequent · High-value — Atta, Rice & Dal",marketing_run_20261005T135746863
CUST04651,0,Big-basket · Premium-basket — Baby Care,marketing_run_20261005T135746863
CUST04652,4,Everyday — Health & Wellness,marketing_run_20261005T135746863
CUST04653,1,Night-time — Sweets & Chocolates,marketing_run_20261005T135746863
CUST04654,3,"Everyday — Atta, Rice & Dal",marketing_run_20261005T135746863
CUST04655,0,Big-basket · Premium-basket — Baby Care,marketing_run_20261005T135746863
CUST04656,4,Everyday — Health & Wellness,marketing_run_20261005T135746863
CUST04657,6,"Frequent · High-value — Atta, Rice & Dal",marketing_run_20261005T135746863
CUST04658,6,"Frequent · High-value — Atta, Rice & Dal",marketing_run_20261005T135746863
CUST04659,6,"Frequent · High-value — Atta, Rice & Dal",marketing_run_20261005T135746863
CUST04660,1,Night-time — Sweets & Chocolates,marketing_run_20261005T135746863
CUST04661,1,Night-time — Sweets & Chocolates,marketing_run_20261005T135746863
CUST04662,2,Everyday — Gourmet & Organic,marketing_run_20261005T135746863
CUST04663,1,Night-time — Sweets & Chocolates,marketing_run_20261005T135746863
CUST04665,2,Everyday — Gourmet & Organic,marketing_run_20261005T135746863
CUST04666,4,Everyday — Health & Wellness,marketing_run_20261005T135746863
CUST04667,2,Everyday — Gourmet & Organic,marketing_run_20261005T135746863
CUST04668,4,Everyday — Health & Wellness,marketing_run_20261005T135746863
CUST04669,3,"Everyday — Atta, Rice & Dal",marketing_run_20261005T135746863
CUST04670,1,Night-time — Sweets & Chocolates,marketing_run_20261005T135746863
CUST04671,3,"Everyday — Atta, Rice & Dal",marketing_run_20261005T135746863
CUST04672,6,"Frequent · High-value — Atta, Rice & Dal",marketing_run_20261005T135746863
CUST04673,2,Everyday — Gourmet & Organic,marketing_run_20261005T135746863
CUST04674,0,Big-basket · Premium-basket — Baby Care,marketing_run_20261005T135746863
CUST04676,4,Everyday — Health & Wellness,marketing_run_20261005T135746863
CUST04677,3,"Everyday — Atta, Rice & Dal",marketing_run_20261005T135746863
CUST04678,6,"Frequent · High-value — Atta, Rice & Dal",marketing_run_20261005T135746863
CUST04679,2,Everyday — Gourmet & Organic,marketing_run_20261005T135746863
CUST04681,1,Night-time — Sweets & Chocolates,marketing_run_20261005T135746863
CUST04682,6,"Frequent · High-value — Atta, Rice & Dal",marketing_run_20261005T135746863
CUST04683,1,Night-time — Sweets & Chocolates,marketing_run_20261005T135746863
CUST04684,1,Night-time — Sweets & Chocolates,marketing_run_20261005T135746863
CUST04686,3,"Everyday — Atta, Rice & Dal",marketing_run_20261005T135746863
CUST04687,1,Night-time — Sweets & Chocolates,marketing_run_20261005T135746863
CUST04688,3,"Everyday — Atta, Rice & Dal",marketing_run_20261005T135746863
CUST04689,2,Everyday — Gourmet & Organic,marketing_run_20261005T135746863
CUST04690,4,Everyday — Health & Wellness,marketing_run_20261005T135746863
CUST04691,1,Night-time — Sweets & Chocolates,marketing_run_20261005T135746863
CUST04692,1,Night-time — Sweets & Chocolates,marketing_run_20261005T135746863
CUST04693,1,Night-time — Sweets & Chocolates,marketing_run_20261005T135746863
CUST04696,3,"Everyday — Atta, Rice & Dal",marketing_run_20261005T135746863
CUST04697,0,Big-basket · Premium-basket — Baby Care,marketing_run_20261005T135746863
CUST04698,6,"Frequent · High-value — Atta, Rice & Dal",marketing_run_20261005T135746863
CUST04701,6,"Frequent · High-value — Atta, Rice & Dal",marketing_run_20261005T135746863
CUST04702,0,Big-basket · Premium-basket — Baby Care,marketing_run_20261005T135746863
CUST04703,2,Everyday — Gourmet & Organic,marketing_run_20261005T135746863
CUST04704,6,"Frequent · High-value — Atta, Rice & Dal",marketing_run_20261005T135746863
CUST04705,6,"Frequent · High-value — Atta, Rice & Dal",marketing_run_20261005T135746863
CUST04706,2,Everyday — Gourmet & Organic,marketing_run_20261005T135746863
CUST04707,2,Everyday — Gourmet & Organic,marketing_run_20261005T135746863
CUST04708,2,Everyday — Gourmet & Organic,marketing_run_20261005T135746863
CUST04709,6,"Frequent · High-value — Atta, Rice & Dal",marketing_run_20261005T135746863
CUST04710,6,"Frequent · High-value — Atta, Rice & Dal",marketing_run_20261005T135746863
CUST04711,6,"Frequent · High-value — Atta, Rice & Dal",marketing_run_20261005T135746863
CUST04712,0,Big-basket · Premium-basket — Baby Care,marketing_run_20261005T135746863
CUST04713,6,"Frequent · High-value — Atta, Rice & Dal",marketing_run_20261005T135746863
CUST04714,2,Everyday — Gourmet & Organic,marketing_run_20261005T135746863
CUST04715,0,Big-basket · Premium-basket — Baby Care,marketing_run_20261005T135746863
CUST04716,1,Night-time — Sweets & Chocolates,marketing_run_20261005T135746863
CUST04717,2,Everyday — Gourmet & Organic,marketing_run_20261005T135746863
CUST04718,6,"Frequent · High-value — Atta, Rice & Dal",marketing_run_20261005T135746863
CUST04720,4,Everyday — Health & Wellness,marketing_run_20261005T135746863
CUST04722,3,"Everyday — Atta, Rice & Dal",marketing_run_20261005T135746863
CUST04723,2,Everyday — Gourmet & Organic,marketing_run_20261005T135746863
CUST04724,1,Night-time — Sweets & Chocolates,marketing_run_20261005T135746863
CUST04725,0,Big-basket · Premium-basket — Baby Care,marketing_run_20261005T135746863
CUST04726,1,Night-time — Sweets & Chocolates,marketing_run_20261005T135746863
CUST04727,3,"Everyday — Atta, Rice & Dal",marketing_run_20261005T135746863
CUST04728,3,"Everyday — Atta, Rice & Dal",marketing_run_20261005T135746863
CUST04729,2,Everyday — Gourmet & Organic,marketing_run_20261005T135746863
CUST04730,3,"Everyday — Atta, Rice & Dal",marketing_run_20261005T135746863
CUST04731,0,Big-basket · Premium-basket — Baby Care,marketing_run_20261005T135746863
CUST04732,3,"Everyday — Atta, Rice & Dal",marketing_run_20261005T135746863
CUST04733,6,"Frequent · High-value — Atta, Rice & Dal",marketing_run_20261005T135746863
CUST04734,1,Night-time — Sweets & Chocolates,marketing_run_20261005T135746863
CUST04735,0,Big-basket · Premium-basket — Baby Care,marketing_run_20261005T135746863
CUST04737,6,"Frequent · High-value — Atta, Rice & Dal",marketing_run_20261005T135746863
CUST04738,2,Everyday — Gourmet & Organic,marketing_run_20261005T135746863
CUST04739,3,"Everyday — Atta, Rice & Dal",marketing_run_20261005T135746863
CUST04740,4,Everyday — Health & Wellness,marketing_run_20261005T135746863
CUST04741,6,"Frequent · High-value — Atta, Rice & Dal",marketing_run_20261005T135746863
CUST04742,1,Night-time — Sweets & Chocolates,marketing_run_20261005T135746863
CUST04743,0,Big-basket · Premium-basket — Baby Care,marketing_run_20261005T135746863
CUST04744,0,Big-basket · Premium-basket — Baby Care,marketing_run_20261005T135746863
CUST04746,1,Night-time — Sweets & Chocolates,marketing_run_20261005T135746863
CUST04747,0,Big-basket · Premium-basket — Baby Care,marketing_run_20261005T135746863
CUST04748,4,Everyday — Health & Wellness,marketing_run_20261005T135746863
CUST04749,2,Everyday — Gourmet & Organic,marketing_run_20261005T135746863
CUST04751,6,"Frequent · High-value — Atta, Rice & Dal",marketing_run_20261005T135746863
CUST04752,6,"Frequent · High-value — Atta, Rice & Dal",marketing_run_20261005T135746863
CUST04753,6,"Frequent · High-value — Atta, Rice & Dal",marketing_run_20261005T135746863
CUST04754,6,"Frequent · High-value — Atta, Rice & Dal",marketing_run_20261005T135746863
CUST04755,3,"Everyday — Atta, Rice & Dal",marketing_run_20261005T135746863
CUST04756,6,"Frequent · High-value — Atta, Rice & Dal",marketing_run_20261005T135746863
CUST04757,6,"Frequent · High-value — Atta, Rice & Dal",marketing_run_20261005T135746863
CUST04758,3,"Everyday — Atta, Rice & Dal",marketing_run_20261005T135746863
CUST04759,0,Big-basket · Premium-basket — Baby Care,marketing_run_20261005T135746863
CUST04760,2,Everyday — Gourmet & Organic,marketing_run_20261005T135746863
CUST04761,4,Everyday — Health & Wellness,marketing_run_20261005T135746863
CUST04762,2,Everyday — Gourmet & Organic,marketing_run_20261005T135746863
CUST04763,6,"Frequent · High-value — Atta, Rice & Dal",marketing_run_20261005T135746863
CUST04764,6,"Frequent · High-value — Atta, Rice & Dal",marketing_run_20261005T135746863
CUST04765,1,Night-time — Sweets & Chocolates,marketing_run_20261005T135746863
CUST04766,2,Everyday — Gourmet & Organic,marketing_run_20261005T135746863
CUST04767,1,Night-time — Sweets & Chocolates,marketing_run_20261005T135746863
CUST04769,3,"Everyday — Atta, Rice & Dal",marketing_run_20261005T135746863
CUST04770,3,"Everyday — Atta, Rice & Dal",marketing_run_20261005T135746863
CUST04771,1,Night-time — Sweets & Chocolates,marketing_run_20261005T135746863
CUST04772,6,"Frequent · High-value — Atta, Rice & Dal",marketing_run_20261005T135746863
CUST04773,1,Night-time — Sweets & Chocolates,marketing_run_20261005T135746863
CUST04774,6,"Frequent · High-value — Atta, Rice & Dal",marketing_run_20261005T135746863
CUST04775,1,Night-time — Sweets & Chocolates,marketing_run_20261005T135746863
CUST04776,0,Big-basket · Premium-basket — Baby Care,marketing_run_20261005T135746863
CUST04779,6,"Frequent · High-value — Atta, Rice & Dal",marketing_run_20261005T135746863
CUST04781,2,Everyday — Gourmet & Organic,marketing_run_20261005T135746863
CUST04782,2,Everyday — Gourmet & Organic,marketing_run_20261005T135746863
CUST04783,6,"Frequent · High-value — Atta, Rice & Dal",marketing_run_20261005T135746863
CUST04785,1,Night-time — Sweets & Chocolates,marketing_run_20261005T135746863
CUST04786,0,Big-basket · Premium-basket — Baby Care,marketing_run_20261005T135746863
CUST04788,1,Night-time — Sweets & Chocolates,marketing_run_20261005T135746863
CUST04789,1,Night-time — Sweets & Chocolates,marketing_run_20261005T135746863
CUST04791,1,Night-time — Sweets & Chocolates,marketing_run_20261005T135746863
CUST04792,1,Night-time — Sweets & Chocolates,marketing_run_20261005T135746863
CUST04793,0,Big-basket · Premium-basket — Baby Care,marketing_run_20261005T135746863
CUST04795,0,Big-basket · Premium-basket — Baby Care,marketing_run_20261005T135746863
CUST04796,6,"Frequent · High-value — Atta, Rice & Dal",marketing_run_20261005T135746863
CUST04797,6,"Frequent · High-value — Atta, Rice & Dal",marketing_run_20261005T135746863
CUST04799,3,"Everyday — Atta, Rice & Dal",marketing_run_20261005T135746863
CUST04800,2,Everyday — Gourmet & Organic,marketing_run_20261005T135746863
CUST04801,1,Night-time — Sweets & Chocolates,marketing_run_20261005T135746863
CUST04802,1,Night-time — Sweets & Chocolates,marketing_run_20261005T135746863
CUST04803,3,"Everyday — Atta, Rice & Dal",marketing_run_20261005T135746863
CUST04805,0,Big-basket · Premium-basket — Baby Care,marketing_run_20261005T135746863
CUST04806,1,Night-time — Sweets & Chocolates,marketing_run_20261005T135746863
CUST04807,5,Night-time — Instant & Frozen Food,marketing_run_20261005T135746863
CUST04808,4,Everyday — Health & Wellness,marketing_run_20261005T135746863
CUST04809,0,Big-basket · Premium-basket — Baby Care,marketing_run_20261005T135746863
CUST04810,0,Big-basket · Premium-basket — Baby Care,marketing_run_20261005T135746863
CUST04811,6,"Frequent · High-value — Atta, Rice & Dal",marketing_run_20261005T135746863
CUST04812,6,"Frequent · High-value — Atta, Rice & Dal",marketing_run_20261005T135746863
CUST04813,2,Everyday — Gourmet & Organic,marketing_run_20261005T135746863
CUST04814,6,"Frequent · High-value — Atta, Rice & Dal",marketing_run_20261005T135746863
CUST04815,2,Everyday — Gourmet & Organic,marketing_run_20261005T135746863
CUST04816,3,"Everyday — Atta, Rice & Dal",marketing_run_20261005T135746863
CUST04817,0,Big-basket · Premium-basket — Baby Care,marketing_run_20261005T135746863
CUST04818,0,Big-basket · Premium-basket — Baby Care,marketing_run_20261005T135746863
CUST04819,3,"Everyday — Atta, Rice & Dal",marketing_run_20261005T135746863
CUST04820,5,Night-time — Instant & Frozen Food,marketing_run_20261005T135746863
CUST04821,4,Everyday — Health & Wellness,marketing_run_20261005T135746863
CUST04822,2,Everyday — Gourmet & Organic,marketing_run_20261005T135746863
CUST04824,4,Everyday — Health & Wellness,marketing_run_20261005T135746863
CUST04825,6,"Frequent · High-value — Atta, Rice & Dal",marketing_run_20261005T135746863
CUST04826,0,Big-basket · Premium-basket — Baby Care,marketing_run_20261005T135746863
CUST04827,6,"Frequent · High-value — Atta, Rice & Dal",marketing_run_20261005T135746863
CUST04828,1,Night-time — Sweets & Chocolates,marketing_run_20261005T135746863
CUST04830,6,"Frequent · High-value — Atta, Rice & Dal",marketing_run_20261005T135746863
CUST04832,3,"Everyday — Atta, Rice & Dal",marketing_run_20261005T135746863
CUST04833,4,Everyday — Health & Wellness,marketing_run_20261005T135746863
CUST04834,3,"Everyday — Atta, Rice & Dal",marketing_run_20261005T135746863
CUST04836,6,"Frequent · High-value — Atta, Rice & Dal",marketing_run_20261005T135746863
CUST04837,6,"Frequent · High-value — Atta, Rice & Dal",marketing_run_20261005T135746863
CUST04838,6,"Frequent · High-value — Atta, Rice & Dal",marketing_run_20261005T135746863
CUST04839,0,Big-basket · Premium-basket — Baby Care,marketing_run_20261005T135746863
CUST04841,3,"Everyday — Atta, Rice & Dal",marketing_run_20261005T135746863
CUST04842,1,Night-time — Sweets & Chocolates,marketing_run_20261005T135746863
CUST04844,2,Everyday — Gourmet & Organic,marketing_run_20261005T135746863
CUST04845,3,"Everyday — Atta, Rice & Dal",marketing_run_20261005T135746863
CUST04846,0,Big-basket · Premium-basket — Baby Care,marketing_run_20261005T135746863
CUST04847,1,Night-time — Sweets & Chocolates,marketing_run_20261005T135746863
CUST04848,6,"Frequent · High-value — Atta, Rice & Dal",marketing_run_20261005T135746863
CUST04849,6,"Frequent · High-value — Atta, Rice & Dal",marketing_run_20261005T135746863
CUST04850,6,"Frequent · High-value — Atta, Rice & Dal",marketing_run_20261005T135746863
CUST04853,4,Everyday — Health & Wellness,marketing_run_20261005T135746863
CUST04854,2,Everyday — Gourmet & Organic,marketing_run_20261005T135746863
CUST04855,6,"Frequent · High-value — Atta, Rice & Dal",marketing_run_20261005T135746863
CUST04856,2,Everyday — Gourmet & Organic,marketing_run_20261005T135746863
CUST04857,1,Night-time — Sweets & Chocolates,marketing_run_20261005T135746863
CUST04859,6,"Frequent · High-value — Atta, Rice & Dal",marketing_run_20261005T135746863
CUST04860,0,Big-basket · Premium-basket — Baby Care,marketing_run_20261005T135746863
CUST04861,6,"Frequent · High-value — Atta, Rice & Dal",marketing_run_20261005T135746863
CUST04866,6,"Frequent · High-value — Atta, Rice & Dal",marketing_run_20261005T135746863
CUST04867,2,Everyday — Gourmet & Organic,marketing_run_20261005T135746863
CUST04868,0,Big-basket · Premium-basket — Baby Care,marketing_run_20261005T135746863
CUST04869,0,Big-basket · Premium-basket — Baby Care,marketing_run_20261005T135746863
CUST04870,6,"Frequent · High-value — Atta, Rice & Dal",marketing_run_20261005T135746863
CUST04871,3,"Everyday — Atta, Rice & Dal",marketing_run_20261005T135746863
CUST04872,3,"Everyday — Atta, Rice & Dal",marketing_run_20261005T135746863
CUST04873,3,"Everyday — Atta, Rice & Dal",marketing_run_20261005T135746863
CUST04874,0,Big-basket · Premium-basket — Baby Care,marketing_run_20261005T135746863
CUST04875,6,"Frequent · High-value — Atta, Rice & Dal",marketing_run_20261005T135746863
CUST04876,2,Everyday — Gourmet & Organic,marketing_run_20261005T135746863
CUST04877,3,"Everyday — Atta, Rice & Dal",marketing_run_20261005T135746863
CUST04879,1,Night-time — Sweets & Chocolates,marketing_run_20261005T135746863
CUST04880,2,Everyday — Gourmet & Organic,marketing_run_20261005T135746863
CUST04881,2,Everyday — Gourmet & Organic,marketing_run_20261005T135746863
CUST04882,1,Night-time — Sweets & Chocolates,marketing_run_20261005T135746863
CUST04883,1,Night-time — Sweets & Chocolates,marketing_run_20261005T135746863
CUST04884,0,Big-basket · Premium-basket — Baby Care,marketing_run_20261005T135746863
CUST04885,2,Everyday — Gourmet & Organic,marketing_run_20261005T135746863
CUST04887,6,"Frequent · High-value — Atta, Rice & Dal",marketing_run_20261005T135746863
CUST04888,6,"Frequent · High-value — Atta, Rice & Dal",marketing_run_20261005T135746863
CUST04889,5,Night-time — Instant & Frozen Food,marketing_run_20261005T135746863
CUST04891,1,Night-time — Sweets & Chocolates,marketing_run_20261005T135746863
CUST04892,3,"Everyday — Atta, Rice & Dal",marketing_run_20261005T135746863
CUST04893,6,"Frequent · High-value — Atta, Rice & Dal",marketing_run_20261005T135746863
CUST04895,3,"Everyday — Atta, Rice & Dal",marketing_run_20261005T135746863
CUST04896,1,Night-time — Sweets & Chocolates,marketing_run_20261005T135746863
CUST04897,2,Everyday — Gourmet & Organic,marketing_run_20261005T135746863
CUST04898,0,Big-basket · Premium-basket — Baby Care,marketing_run_20261005T135746863
CUST04899,3,"Everyday — Atta, Rice & Dal",marketing_run_20261005T135746863
CUST04900,3,"Everyday — Atta, Rice & Dal",marketing_run_20261005T135746863
CUST04901,1,Night-time — Sweets & Chocolates,marketing_run_20261005T135746863
CUST04902,1,Night-time — Sweets & Chocolates,marketing_run_20261005T135746863
CUST04903,3,"Everyday — Atta, Rice & Dal",marketing_run_20261005T135746863
CUST04905,0,Big-basket · Premium-basket — Baby Care,marketing_run_20261005T135746863
CUST04906,0,Big-basket · Premium-basket — Baby Care,marketing_run_20261005T135746863
CUST04907,6,"Frequent · High-value — Atta, Rice & Dal",marketing_run_20261005T135746863
CUST04908,0,Big-basket · Premium-basket — Baby Care,marketing_run_20261005T135746863
CUST04909,1,Night-time — Sweets & Chocolates,marketing_run_20261005T135746863
CUST04910,0,Big-basket · Premium-basket — Baby Care,marketing_run_20261005T135746863
CUST04911,3,"Everyday — Atta, Rice & Dal",marketing_run_20261005T135746863
CUST04912,3,"Everyday — Atta, Rice & Dal",marketing_run_20261005T135746863
CUST04913,3,"Everyday — Atta, Rice & Dal",marketing_run_20261005T135746863
CUST04914,0,Big-basket · Premium-basket — Baby Care,marketing_run_20261005T135746863
CUST04915,0,Big-basket · Premium-basket — Baby Care,marketing_run_20261005T135746863
CUST04917,3,"Everyday — Atta, Rice & Dal",marketing_run_20261005T135746863
CUST04918,1,Night-time — Sweets & Chocolates,marketing_run_20261005T135746863
CUST04919,0,Big-basket · Premium-basket — Baby Care,marketing_run_20261005T135746863
CUST04920,6,"Frequent · High-value — Atta, Rice & Dal",marketing_run_20261005T135746863
CUST04921,5,Night-time — Instant & Frozen Food,marketing_run_20261005T135746863
CUST04922,0,Big-basket · Premium-basket — Baby Care,marketing_run_20261005T135746863
CUST04923,0,Big-basket · Premium-basket — Baby Care,marketing_run_20261005T135746863
CUST04924,6,"Frequent · High-value — Atta, Rice & Dal",marketing_run_20261005T135746863
CUST04925,1,Night-time — Sweets & Chocolates,marketing_run_20261005T135746863
CUST04926,3,"Everyday — Atta, Rice & Dal",marketing_run_20261005T135746863
CUST04927,6,"Frequent · High-value — Atta, Rice & Dal",marketing_run_20261005T135746863
CUST04928,2,Everyday — Gourmet & Organic,marketing_run_20261005T135746863
CUST04929,0,Big-basket · Premium-basket — Baby Care,marketing_run_20261005T135746863
CUST04930,1,Night-time — Sweets & Chocolates,marketing_run_20261005T135746863
CUST04931,6,"Frequent · High-value — Atta, Rice & Dal",marketing_run_20261005T135746863
CUST04932,2,Everyday — Gourmet & Organic,marketing_run_20261005T135746863
CUST04933,0,Big-basket · Premium-basket — Baby Care,marketing_run_20261005T135746863
CUST04934,1,Night-time — Sweets & Chocolates,marketing_run_20261005T135746863
CUST04935,0,Big-basket · Premium-basket — Baby Care,marketing_run_20261005T135746863
CUST04936,6,"Frequent · High-value — Atta, Rice & Dal",marketing_run_20261005T135746863
CUST04937,6,"Frequent · High-value — Atta, Rice & Dal",marketing_run_20261005T135746863
CUST04938,1,Night-time — Sweets & Chocolates,marketing_run_20261005T135746863
CUST04939,3,"Everyday — Atta, Rice & Dal",marketing_run_20261005T135746863
CUST04940,3,"Everyday — Atta, Rice & Dal",marketing_run_20261005T135746863
CUST04941,3,"Everyday — Atta, Rice & Dal",marketing_run_20261005T135746863
CUST04942,6,"Frequent · High-value — Atta, Rice & Dal",marketing_run_20261005T135746863
CUST04944,1,Night-time — Sweets & Chocolates,marketing_run_20261005T135746863
CUST04945,6,"Frequent · High-value — Atta, Rice & Dal",marketing_run_20261005T135746863
CUST04946,2,Everyday — Gourmet & Organic,marketing_run_20261005T135746863
CUST04947,2,Everyday — Gourmet & Organic,marketing_run_20261005T135746863
CUST04948,2,Everyday — Gourmet & Organic,marketing_run_20261005T135746863
CUST04949,2,Everyday — Gourmet & Organic,marketing_run_20261005T135746863
CUST04950,6,"Frequent · High-value — Atta, Rice & Dal",marketing_run_20261005T135746863
CUST04951,1,Night-time — Sweets & Chocolates,marketing_run_20261005T135746863
CUST04952,6,"Frequent · High-value — Atta, Rice & Dal",marketing_run_20261005T135746863
CUST04953,6,"Frequent · High-value — Atta, Rice & Dal",marketing_run_20261005T135746863
CUST04954,2,Everyday — Gourmet & Organic,marketing_run_20261005T135746863
CUST04955,0,Big-basket · Premium-basket — Baby Care,marketing_run_20261005T135746863
CUST04956,6,"Frequent · High-value — Atta, Rice & Dal",marketing_run_20261005T135746863
CUST04958,6,"Frequent · High-value — Atta, Rice & Dal",marketing_run_20261005T135746863
CUST04959,3,"Everyday — Atta, Rice & Dal",marketing_run_20261005T135746863
CUST04960,6,"Frequent · High-value — Atta, Rice & Dal",marketing_run_20261005T135746863
CUST04961,0,Big-basket · Premium-basket — Baby Care,marketing_run_20261005T135746863
CUST04962,6,"Frequent · High-value — Atta, Rice & Dal",marketing_run_20261005T135746863
CUST04963,3,"Everyday — Atta, Rice & Dal",marketing_run_20261005T135746863
CUST04965,2,Everyday — Gourmet & Organic,marketing_run_20261005T135746863
CUST04966,0,Big-basket · Premium-basket — Baby Care,marketing_run_20261005T135746863
CUST04967,3,"Everyday — Atta, Rice & Dal",marketing_run_20261005T135746863
CUST04968,6,"Frequent · High-value — Atta, Rice & Dal",marketing_run_20261005T135746863
CUST04969,3,"Everyday — Atta, Rice & Dal",marketing_run_20261005T135746863
CUST04971,6,"Frequent · High-value — Atta, Rice & Dal",marketing_run_20261005T135746863
CUST04972,0,Big-basket · Premium-basket — Baby Care,marketing_run_20261005T135746863
CUST04973,0,Big-basket · Premium-basket — Baby Care,marketing_run_20261005T135746863
CUST04974,4,Everyday — Health & Wellness,marketing_run_20261005T135746863
CUST04975,6,"Frequent · High-value — Atta, Rice & Dal",marketing_run_20261005T135746863
CUST04976,5,Night-time — Instant & Frozen Food,marketing_run_20261005T135746863
CUST04977,6,"Frequent · High-value — Atta, Rice & Dal",marketing_run_20261005T135746863
CUST04978,6,"Frequent · High-value — Atta, Rice & Dal",marketing_run_20261005T135746863
CUST04979,1,Night-time — Sweets & Chocolates,marketing_run_20261005T135746863
CUST04980,3,"Everyday — Atta, Rice & Dal",marketing_run_20261005T135746863
CUST04981,0,Big-basket · Premium-basket — Baby Care,marketing_run_20261005T135746863
CUST04982,2,Everyday — Gourmet & Organic,marketing_run_20261005T135746863
CUST04983,0,Big-basket · Premium-basket — Baby Care,marketing_run_20261005T135746863
CUST04984,0,Big-basket · Premium-basket — Baby Care,marketing_run_20261005T135746863
CUST04985,3,"Everyday — Atta, Rice & Dal",marketing_run_20261005T135746863
CUST04986,1,Night-time — Sweets & Chocolates,marketing_run_20261005T135746863
CUST04987,6,"Frequent · High-value — Atta, Rice & Dal",marketing_run_20261005T135746863
CUST04988,1,Night-time — Sweets & Chocolates,marketing_run_20261005T135746863
CUST04989,2,Everyday — Gourmet & Organic,marketing_run_20261005T135746863
CUST04990,6,"Frequent · High-value — Atta, Rice & Dal",marketing_run_20261005T135746863
CUST04992,6,"Frequent · High-value — Atta, Rice & Dal",marketing_run_20261005T135746863
CUST04993,1,Night-time — Sweets & Chocolates,marketing_run_20261005T135746863
CUST04994,2,Everyday — Gourmet & Organic,marketing_run_20261005T135746863
CUST04995,3,"Everyday — Atta, Rice & Dal",marketing_run_20261005T135746863
CUST04996,0,Big-basket · Premium-basket — Baby Care,marketing_run_20261005T135746863
CUST04997,0,Big-basket · Premium-basket — Baby Care,marketing_run_20261005T135746863
CUST04998,3,"Everyday — Atta, Rice & Dal",marketing_run_20261005T135746863
CUST05000,6,"Frequent · High-value — Atta, Rice & Dal",marketing_run_20261005T135746863
CUST05001,1,Night-time — Sweets & Chocolates,marketing_run_20261005T135746863
CUST05002,0,Big-basket · Premium-basket — Baby Care,marketing_run_20261005T135746863
CUST05003,3,"Everyday — Atta, Rice & Dal",marketing_run_20261005T135746863
CUST05004,3,"Everyday — Atta, Rice & Dal",marketing_run_20261005T135746863
CUST05005,6,"Frequent · High-value — Atta, Rice & Dal",marketing_run_20261005T135746863
CUST05006,2,Everyday — Gourmet & Organic,marketing_run_20261005T135746863
CUST05007,2,Everyday — Gourmet & Organic,marketing_run_20261005T135746863
CUST05008,0,Big-basket · Premium-basket — Baby Care,marketing_run_20261005T135746863
CUST05009,6,"Frequent · High-value — Atta, Rice & Dal",marketing_run_20261005T135746863
CUST05010,2,Everyday — Gourmet & Organic,marketing_run_20261005T135746863
CUST05013,6,"Frequent · High-value — Atta, Rice & Dal",marketing_run_20261005T135746863
CUST05014,6,"Frequent · High-value — Atta, Rice & Dal",marketing_run_20261005T135746863
CUST05015,3,"Everyday — Atta, Rice & Dal",marketing_run_20261005T135746863
CUST05016,6,"Frequent · High-value — Atta, Rice & Dal",marketing_run_20261005T135746863
CUST05017,0,Big-basket · Premium-basket — Baby Care,marketing_run_20261005T135746863
CUST05018,3,"Everyday — Atta, Rice & Dal",marketing_run_20261005T135746863
CUST05019,6,"Frequent · High-value — Atta, Rice & Dal",marketing_run_20261005T135746863
CUST05020,6,"Frequent · High-value — Atta, Rice & Dal",marketing_run_20261005T135746863
CUST05021,4,Everyday — Health & Wellness,marketing_run_20261005T135746863
CUST05022,2,Everyday — Gourmet & Organic,marketing_run_20261005T135746863
CUST05023,0,Big-basket · Premium-basket — Baby Care,marketing_run_20261005T135746863
CUST05025,0,Big-basket · Premium-basket — Baby Care,marketing_run_20261005T135746863
CUST05027,4,Everyday — Health & Wellness,marketing_run_20261005T135746863
CUST05028,6,"Frequent · High-value — Atta, Rice & Dal",marketing_run_20261005T135746863
CUST05029,6,"Frequent · High-value — Atta, Rice & Dal",marketing_run_20261005T135746863
CUST05030,2,Everyday — Gourmet & Organic,marketing_run_20261005T135746863
CUST05031,4,Everyday — Health & Wellness,marketing_run_20261005T135746863
CUST05032,2,Everyday — Gourmet & Organic,marketing_run_20261005T135746863
CUST05033,2,Everyday — Gourmet & Organic,marketing_run_20261005T135746863
CUST05034,3,"Everyday — Atta, Rice & Dal",marketing_run_20261005T135746863
CUST05035,3,"Everyday — Atta, Rice & Dal",marketing_run_20261005T135746863
CUST05036,3,"Everyday — Atta, Rice & Dal",marketing_run_20261005T135746863
CUST05037,3,"Everyday — Atta, Rice & Dal",marketing_run_20261005T135746863
CUST05038,1,Night-time — Sweets & Chocolates,marketing_run_20261005T135746863
CUST05039,6,"Frequent · High-value — Atta, Rice & Dal",marketing_run_20261005T135746863
CUST05040,3,"Everyday — Atta, Rice & Dal",marketing_run_20261005T135746863
CUST05041,6,"Frequent · High-value — Atta, Rice & Dal",marketing_run_20261005T135746863
CUST05042,2,Everyday — Gourmet & Organic,marketing_run_20261005T135746863
CUST05044,6,"Frequent · High-value — Atta, Rice & Dal",marketing_run_20261005T135746863
CUST05045,4,Everyday — Health & Wellness,marketing_run_20261005T135746863
CUST05046,4,Everyday — Health & Wellness,marketing_run_20261005T135746863
CUST05047,6,"Frequent · High-value — Atta, Rice & Dal",marketing_run_20261005T135746863
CUST05048,1,Night-time — Sweets & Chocolates,marketing_run_20261005T135746863
CUST05051,6,"Frequent · High-value — Atta, Rice & Dal",marketing_run_20261005T135746863
CUST05052,0,Big-basket · Premium-basket — Baby Care,marketing_run_20261005T135746863
CUST05053,6,"Frequent · High-value — Atta, Rice & Dal",marketing_run_20261005T135746863
CUST05056,2,Everyday — Gourmet & Organic,marketing_run_20261005T135746863
CUST05057,1,Night-time — Sweets & Chocolates,marketing_run_20261005T135746863
CUST05058,0,Big-basket · Premium-basket — Baby Care,marketing_run_20261005T135746863
CUST05059,3,"Everyday — Atta, Rice & Dal",marketing_run_20261005T135746863
CUST05060,6,"Frequent · High-value — Atta, Rice & Dal",marketing_run_20261005T135746863
CUST05061,1,Night-time — Sweets & Chocolates,marketing_run_20261005T135746863
CUST05062,3,"Everyday — Atta, Rice & Dal",marketing_run_20261005T135746863
CUST05063,5,Night-time — Instant & Frozen Food,marketing_run_20261005T135746863
CUST05064,2,Everyday — Gourmet & Organic,marketing_run_20261005T135746863
CUST05065,5,Night-time — Instant & Frozen Food,marketing_run_20261005T135746863
CUST05066,2,Everyday — Gourmet & Organic,marketing_run_20261005T135746863
CUST05067,1,Night-time — Sweets & Chocolates,marketing_run_20261005T135746863
CUST05068,2,Everyday — Gourmet & Organic,marketing_run_20261005T135746863
CUST05069,2,Everyday — Gourmet & Organic,marketing_run_20261005T135746863
CUST05070,3,"Everyday — Atta, Rice & Dal",marketing_run_20261005T135746863
CUST05072,1,Night-time — Sweets & Chocolates,marketing_run_20261005T135746863
CUST05073,1,Night-time — Sweets & Chocolates,marketing_run_20261005T135746863
CUST05075,6,"Frequent · High-value — Atta, Rice & Dal",marketing_run_20261005T135746863
CUST05079,6,"Frequent · High-value — Atta, Rice & Dal",marketing_run_20261005T135746863
CUST05080,0,Big-basket · Premium-basket — Baby Care,marketing_run_20261005T135746863
CUST05081,4,Everyday — Health & Wellness,marketing_run_20261005T135746863
CUST05082,6,"Frequent · High-value — Atta, Rice & Dal",marketing_run_20261005T135746863
CUST05083,3,"Everyday — Atta, Rice & Dal",marketing_run_20261005T135746863
CUST05084,4,Everyday — Health & Wellness,marketing_run_20261005T135746863
CUST05085,3,"Everyday — Atta, Rice & Dal",marketing_run_20261005T135746863
CUST05086,0,Big-basket · Premium-basket — Baby Care,marketing_run_20261005T135746863
CUST05087,3,"Everyday — Atta, Rice & Dal",marketing_run_20261005T135746863
CUST05088,0,Big-basket · Premium-basket — Baby Care,marketing_run_20261005T135746863
CUST05089,3,"Everyday — Atta, Rice & Dal",marketing_run_20261005T135746863
CUST05091,2,Everyday — Gourmet & Organic,marketing_run_20261005T135746863
CUST05092,1,Night-time — Sweets & Chocolates,marketing_run_20261005T135746863
CUST05093,3,"Everyday — Atta, Rice & Dal",marketing_run_20261005T135746863
CUST05094,5,Night-time — Instant & Frozen Food,marketing_run_20261005T135746863
CUST05095,3,"Everyday — Atta, Rice & Dal",marketing_run_20261005T135746863
CUST05097,0,Big-basket · Premium-basket — Baby Care,marketing_run_20261005T135746863
CUST05098,6,"Frequent · High-value — Atta, Rice & Dal",marketing_run_20261005T135746863
CUST05100,0,Big-basket · Premium-basket — Baby Care,marketing_run_20261005T135746863
CUST05102,1,Night-time — Sweets & Chocolates,marketing_run_20261005T135746863
CUST05103,0,Big-basket · Premium-basket — Baby Care,marketing_run_20261005T135746863
CUST05104,6,"Frequent · High-value — Atta, Rice & Dal",marketing_run_20261005T135746863
CUST05105,0,Big-basket · Premium-basket — Baby Care,marketing_run_20261005T135746863
CUST05106,3,"Everyday — Atta, Rice & Dal",marketing_run_20261005T135746863
CUST05107,6,"Frequent · High-value — Atta, Rice & Dal",marketing_run_20261005T135746863
CUST05108,6,"Frequent · High-value — Atta, Rice & Dal",marketing_run_20261005T135746863
CUST05109,6,"Frequent · High-value — Atta, Rice & Dal",marketing_run_20261005T135746863
CUST05110,6,"Frequent · High-value — Atta, Rice & Dal",marketing_run_20261005T135746863
CUST05111,0,Big-basket · Premium-basket — Baby Care,marketing_run_20261005T135746863
CUST05112,6,"Frequent · High-value — Atta, Rice & Dal",marketing_run_20261005T135746863
CUST05113,6,"Frequent · High-value — Atta, Rice & Dal",marketing_run_20261005T135746863
CUST05114,2,Everyday — Gourmet & Organic,marketing_run_20261005T135746863
CUST05115,4,Everyday — Health & Wellness,marketing_run_20261005T135746863
CUST05117,3,"Everyday — Atta, Rice & Dal",marketing_run_20261005T135746863
CUST05118,4,Everyday — Health & Wellness,marketing_run_20261005T135746863
CUST05119,6,"Frequent · High-value — Atta, Rice & Dal",marketing_run_20261005T135746863
CUST05120,0,Big-basket · Premium-basket — Baby Care,marketing_run_20261005T135746863
CUST05121,6,"Frequent · High-value — Atta, Rice & Dal",marketing_run_20261005T135746863
CUST05122,0,Big-basket · Premium-basket — Baby Care,marketing_run_20261005T135746863
CUST05123,6,"Frequent · High-value — Atta, Rice & Dal",marketing_run_20261005T135746863
CUST05124,6,"Frequent · High-value — Atta, Rice & Dal",marketing_run_20261005T135746863
CUST05125,2,Everyday — Gourmet & Organic,marketing_run_20261005T135746863
CUST05126,4,Everyday — Health & Wellness,marketing_run_20261005T135746863
CUST05127,6,"Frequent · High-value — Atta, Rice & Dal",marketing_run_20261005T135746863
CUST05129,3,"Everyday — Atta, Rice & Dal",marketing_run_20261005T135746863
CUST05131,6,"Frequent · High-value — Atta, Rice & Dal",marketing_run_20261005T135746863
CUST05132,5,Night-time — Instant & Frozen Food,marketing_run_20261005T135746863
CUST05133,3,"Everyday — Atta, Rice & Dal",marketing_run_20261005T135746863
CUST05134,0,Big-basket · Premium-basket — Baby Care,marketing_run_20261005T135746863
CUST05135,6,"Frequent · High-value — Atta, Rice & Dal",marketing_run_20261005T135746863
CUST05136,6,"Frequent · High-value — Atta, Rice & Dal",marketing_run_20261005T135746863
CUST05137,0,Big-basket · Premium-basket — Baby Care,marketing_run_20261005T135746863
CUST05138,2,Everyday — Gourmet & Organic,marketing_run_20261005T135746863
CUST05139,2,Everyday — Gourmet & Organic,marketing_run_20261005T135746863
CUST05140,3,"Everyday — Atta, Rice & Dal",marketing_run_20261005T135746863
CUST05141,1,Night-time — Sweets & Chocolates,marketing_run_20261005T135746863
CUST05142,4,Everyday — Health & Wellness,marketing_run_20261005T135746863
CUST05143,0,Big-basket · Premium-basket — Baby Care,marketing_run_20261005T135746863
CUST05144,0,Big-basket · Premium-basket — Baby Care,marketing_run_20261005T135746863
CUST05145,5,Night-time — Instant & Frozen Food,marketing_run_20261005T135746863
CUST05146,2,Everyday — Gourmet & Organic,marketing_run_20261005T135746863
CUST05148,6,"Frequent · High-value — Atta, Rice & Dal",marketing_run_20261005T135746863
CUST05149,2,Everyday — Gourmet & Organic,marketing_run_20261005T135746863
CUST05150,0,Big-basket · Premium-basket — Baby Care,marketing_run_20261005T135746863
CUST05151,0,Big-basket · Premium-basket — Baby Care,marketing_run_20261005T135746863
CUST05152,3,"Everyday — Atta, Rice & Dal",marketing_run_20261005T135746863
CUST05153,6,"Frequent · High-value — Atta, Rice & Dal",marketing_run_20261005T135746863
CUST05154,4,Everyday — Health & Wellness,marketing_run_20261005T135746863
CUST05155,6,"Frequent · High-value — Atta, Rice & Dal",marketing_run_20261005T135746863
CUST05156,0,Big-basket · Premium-basket — Baby Care,marketing_run_20261005T135746863
CUST05157,6,"Frequent · High-value — Atta, Rice & Dal",marketing_run_20261005T135746863
CUST05158,0,Big-basket · Premium-basket — Baby Care,marketing_run_20261005T135746863
CUST05159,1,Night-time — Sweets & Chocolates,marketing_run_20261005T135746863
CUST05160,2,Everyday — Gourmet & Organic,marketing_run_20261005T135746863
CUST05161,1,Night-time — Sweets & Chocolates,marketing_run_20261005T135746863
CUST05162,6,"Frequent · High-value — Atta, Rice & Dal",marketing_run_20261005T135746863
CUST05163,4,Everyday — Health & Wellness,marketing_run_20261005T135746863
CUST05164,1,Night-time — Sweets & Chocolates,marketing_run_20261005T135746863
CUST05165,1,Night-time — Sweets & Chocolates,marketing_run_20261005T135746863
CUST05167,3,"Everyday — Atta, Rice & Dal",marketing_run_20261005T135746863
CUST05168,6,"Frequent · High-value — Atta, Rice & Dal",marketing_run_20261005T135746863
CUST05169,3,"Everyday — Atta, Rice & Dal",marketing_run_20261005T135746863
CUST05170,1,Night-time — Sweets & Chocolates,marketing_run_20261005T135746863
CUST05172,1,Night-time — Sweets & Chocolates,marketing_run_20261005T135746863
CUST05173,0,Big-basket · Premium-basket — Baby Care,marketing_run_20261005T135746863
CUST05174,6,"Frequent · High-value — Atta, Rice & Dal",marketing_run_20261005T135746863
CUST05175,6,"Frequent · High-value — Atta, Rice & Dal",marketing_run_20261005T135746863
CUST05176,3,"Everyday — Atta, Rice & Dal",marketing_run_20261005T135746863
CUST05178,6,"Frequent · High-value — Atta, Rice & Dal",marketing_run_20261005T135746863
CUST05179,6,"Frequent · High-value — Atta, Rice & Dal",marketing_run_20261005T135746863
CUST05180,3,"Everyday — Atta, Rice & Dal",marketing_run_20261005T135746863
CUST05181,1,Night-time — Sweets & Chocolates,marketing_run_20261005T135746863
CUST05182,0,Big-basket · Premium-basket — Baby Care,marketing_run_20261005T135746863
CUST05183,1,Night-time — Sweets & Chocolates,marketing_run_20261005T135746863
CUST05184,1,Night-time — Sweets & Chocolates,marketing_run_20261005T135746863
CUST05185,1,Night-time — Sweets & Chocolates,marketing_run_20261005T135746863
CUST05186,0,Big-basket · Premium-basket — Baby Care,marketing_run_20261005T135746863
CUST05187,6,"Frequent · High-value — Atta, Rice & Dal",marketing_run_20261005T135746863
CUST05188,1,Night-time — Sweets & Chocolates,marketing_run_20261005T135746863
CUST05189,3,"Everyday — Atta, Rice & Dal",marketing_run_20261005T135746863
CUST05190,3,"Everyday — Atta, Rice & Dal",marketing_run_20261005T135746863
CUST05191,2,Everyday — Gourmet & Organic,marketing_run_20261005T135746863
CUST05192,0,Big-basket · Premium-basket — Baby Care,marketing_run_20261005T135746863
CUST05193,1,Night-time — Sweets & Chocolates,marketing_run_20261005T135746863
CUST05194,6,"Frequent · High-value — Atta, Rice & Dal",marketing_run_20261005T135746863
CUST05195,6,"Frequent · High-value — Atta, Rice & Dal",marketing_run_20261005T135746863
CUST05196,6,"Frequent · High-value — Atta, Rice & Dal",marketing_run_20261005T135746863
CUST05197,3,"Everyday — Atta, Rice & Dal",marketing_run_20261005T135746863
CUST05198,0,Big-basket · Premium-basket — Baby Care,marketing_run_20261005T135746863
CUST05199,6,"Frequent · High-value — Atta, Rice & Dal",marketing_run_20261005T135746863
CUST05201,6,"Frequent · High-value — Atta, Rice & Dal",marketing_run_20261005T135746863
CUST05202,0,Big-basket · Premium-basket — Baby Care,marketing_run_20261005T135746863
CUST05203,6,"Frequent · High-value — Atta, Rice & Dal",marketing_run_20261005T135746863
CUST05204,1,Night-time — Sweets & Chocolates,marketing_run_20261005T135746863
CUST05205,6,"Frequent · High-value — Atta, Rice & Dal",marketing_run_20261005T135746863
CUST05206,0,Big-basket · Premium-basket — Baby Care,marketing_run_20261005T135746863
CUST05207,2,Everyday — Gourmet & Organic,marketing_run_20261005T135746863
CUST05208,6,"Frequent · High-value — Atta, Rice & Dal",marketing_run_20261005T135746863
CUST05209,2,Everyday — Gourmet & Organic,marketing_run_20261005T135746863
CUST05210,0,Big-basket · Premium-basket — Baby Care,marketing_run_20261005T135746863
CUST05211,3,"Everyday — Atta, Rice & Dal",marketing_run_20261005T135746863
CUST05212,0,Big-basket · Premium-basket — Baby Care,marketing_run_20261005T135746863
CUST05213,4,Everyday — Health & Wellness,marketing_run_20261005T135746863
CUST05214,2,Everyday — Gourmet & Organic,marketing_run_20261005T135746863
CUST05215,3,"Everyday — Atta, Rice & Dal",marketing_run_20261005T135746863
CUST05216,3,"Everyday — Atta, Rice & Dal",marketing_run_20261005T135746863
CUST05217,0,Big-basket · Premium-basket — Baby Care,marketing_run_20261005T135746863
CUST05218,3,"Everyday — Atta, Rice & Dal",marketing_run_20261005T135746863
CUST05220,6,"Frequent · High-value — Atta, Rice & Dal",marketing_run_20261005T135746863
CUST05221,0,Big-basket · Premium-basket — Baby Care,marketing_run_20261005T135746863
CUST05222,4,Everyday — Health & Wellness,marketing_run_20261005T135746863
CUST05223,3,"Everyday — Atta, Rice & Dal",marketing_run_20261005T135746863
CUST05224,1,Night-time — Sweets & Chocolates,marketing_run_20261005T135746863
CUST05225,0,Big-basket · Premium-basket — Baby Care,marketing_run_20261005T135746863
CUST05226,3,"Everyday — Atta, Rice & Dal",marketing_run_20261005T135746863
CUST05227,4,Everyday — Health & Wellness,marketing_run_20261005T135746863
CUST05228,0,Big-basket · Premium-basket — Baby Care,marketing_run_20261005T135746863
CUST05229,2,Everyday — Gourmet & Organic,marketing_run_20261005T135746863
CUST05230,6,"Frequent · High-value — Atta, Rice & Dal",marketing_run_20261005T135746863
CUST05231,1,Night-time — Sweets & Chocolates,marketing_run_20261005T135746863
CUST05232,0,Big-basket · Premium-basket — Baby Care,marketing_run_20261005T135746863
CUST05233,1,Night-time — Sweets & Chocolates,marketing_run_20261005T135746863
CUST05234,2,Everyday — Gourmet & Organic,marketing_run_20261005T135746863
CUST05235,3,"Everyday — Atta, Rice & Dal",marketing_run_20261005T135746863
CUST05236,6,"Frequent · High-value — Atta, Rice & Dal",marketing_run_20261005T135746863
CUST05237,2,Everyday — Gourmet & Organic,marketing_run_20261005T135746863
CUST05238,6,"Frequent · High-value — Atta, Rice & Dal",marketing_run_20261005T135746863
CUST05240,6,"Frequent · High-value — Atta, Rice & Dal",marketing_run_20261005T135746863
CUST05241,1,Night-time — Sweets & Chocolates,marketing_run_20261005T135746863
CUST05242,1,Night-time — Sweets & Chocolates,marketing_run_20261005T135746863
CUST05243,1,Night-time — Sweets & Chocolates,marketing_run_20261005T135746863
CUST05244,4,Everyday — Health & Wellness,marketing_run_20261005T135746863
CUST05245,6,"Frequent · High-value — Atta, Rice & Dal",marketing_run_20261005T135746863
CUST05246,2,Everyday — Gourmet & Organic,marketing_run_20261005T135746863
CUST05247,1,Night-time — Sweets & Chocolates,marketing_run_20261005T135746863
CUST05248,6,"Frequent · High-value — Atta, Rice & Dal",marketing_run_20261005T135746863
CUST05249,1,Night-time — Sweets & Chocolates,marketing_run_20261005T135746863
CUST05250,0,Big-basket · Premium-basket — Baby Care,marketing_run_20261005T135746863
CUST05251,6,"Frequent · High-value — Atta, Rice & Dal",marketing_run_20261005T135746863
CUST05252,0,Big-basket · Premium-basket — Baby Care,marketing_run_20261005T135746863
CUST05253,2,Everyday — Gourmet & Organic,marketing_run_20261005T135746863
CUST05254,3,"Everyday — Atta, Rice & Dal",marketing_run_20261005T135746863
CUST05255,3,"Everyday — Atta, Rice & Dal",marketing_run_20261005T135746863
CUST05256,1,Night-time — Sweets & Chocolates,marketing_run_20261005T135746863
CUST05257,3,"Everyday — Atta, Rice & Dal",marketing_run_20261005T135746863
CUST05258,0,Big-basket · Premium-basket — Baby Care,marketing_run_20261005T135746863
CUST05259,0,Big-basket · Premium-basket — Baby Care,marketing_run_20261005T135746863
CUST05260,1,Night-time — Sweets & Chocolates,marketing_run_20261005T135746863
CUST05261,0,Big-basket · Premium-basket — Baby Care,marketing_run_20261005T135746863
CUST05262,2,Everyday — Gourmet & Organic,marketing_run_20261005T135746863
CUST05263,6,"Frequent · High-value — Atta, Rice & Dal",marketing_run_20261005T135746863
CUST05264,3,"Everyday — Atta, Rice & Dal",marketing_run_20261005T135746863
CUST05265,0,Big-basket · Premium-basket — Baby Care,marketing_run_20261005T135746863
CUST05266,3,"Everyday — Atta, Rice & Dal",marketing_run_20261005T135746863
CUST05267,6,"Frequent · High-value — Atta, Rice & Dal",marketing_run_20261005T135746863
CUST05268,6,"Frequent · High-value — Atta, Rice & Dal",marketing_run_20261005T135746863
CUST05269,6,"Frequent · High-value — Atta, Rice & Dal",marketing_run_20261005T135746863
CUST05270,6,"Frequent · High-value — Atta, Rice & Dal",marketing_run_20261005T135746863
CUST05271,3,"Everyday — Atta, Rice & Dal",marketing_run_20261005T135746863
CUST05272,0,Big-basket · Premium-basket — Baby Care,marketing_run_20261005T135746863
CUST05274,0,Big-basket · Premium-basket — Baby Care,marketing_run_20261005T135746863
CUST05275,0,Big-basket · Premium-basket — Baby Care,marketing_run_20261005T135746863
CUST05276,3,"Everyday — Atta, Rice & Dal",marketing_run_20261005T135746863
CUST05278,1,Night-time — Sweets & Chocolates,marketing_run_20261005T135746863
CUST05279,3,"Everyday — Atta, Rice & Dal",marketing_run_20261005T135746863
CUST05280,4,Everyday — Health & Wellness,marketing_run_20261005T135746863
CUST05281,0,Big-basket · Premium-basket — Baby Care,marketing_run_20261005T135746863
CUST05282,6,"Frequent · High-value — Atta, Rice & Dal",marketing_run_20261005T135746863
CUST05283,0,Big-basket · Premium-basket — Baby Care,marketing_run_20261005T135746863
CUST05284,6,"Frequent · High-value — Atta, Rice & Dal",marketing_run_20261005T135746863
CUST05285,6,"Frequent · High-value — Atta, Rice & Dal",marketing_run_20261005T135746863
CUST05287,1,Night-time — Sweets & Chocolates,marketing_run_20261005T135746863
CUST05288,3,"Everyday — Atta, Rice & Dal",marketing_run_20261005T135746863
CUST05290,5,Night-time — Instant & Frozen Food,marketing_run_20261005T135746863
CUST05291,6,"Frequent · High-value — Atta, Rice & Dal",marketing_run_20261005T135746863
CUST05292,2,Everyday — Gourmet & Organic,marketing_run_20261005T135746863
CUST05293,6,"Frequent · High-value — Atta, Rice & Dal",marketing_run_20261005T135746863
CUST05294,3,"Everyday — Atta, Rice & Dal",marketing_run_20261005T135746863
CUST05295,3,"Everyday — Atta, Rice & Dal",marketing_run_20261005T135746863
CUST05296,1,Night-time — Sweets & Chocolates,marketing_run_20261005T135746863
CUST05297,3,"Everyday — Atta, Rice & Dal",marketing_run_20261005T135746863
CUST05299,5,Night-time — Instant & Frozen Food,marketing_run_20261005T135746863
CUST05300,1,Night-time — Sweets & Chocolates,marketing_run_20261005T135746863
CUST05301,6,"Frequent · High-value — Atta, Rice & Dal",marketing_run_20261005T135746863
CUST05302,6,"Frequent · High-value — Atta, Rice & Dal",marketing_run_20261005T135746863
CUST05303,1,Night-time — Sweets & Chocolates,marketing_run_20261005T135746863
CUST05304,6,"Frequent · High-value — Atta, Rice & Dal",marketing_run_20261005T135746863
CUST05305,5,Night-time — Instant & Frozen Food,marketing_run_20261005T135746863
CUST05306,6,"Frequent · High-value — Atta, Rice & Dal",marketing_run_20261005T135746863
CUST05307,0,Big-basket · Premium-basket — Baby Care,marketing_run_20261005T135746863
CUST05308,2,Everyday — Gourmet & Organic,marketing_run_20261005T135746863
CUST05309,6,"Frequent · High-value — Atta, Rice & Dal",marketing_run_20261005T135746863
CUST05310,3,"Everyday — Atta, Rice & Dal",marketing_run_20261005T135746863
CUST05311,3,"Everyday — Atta, Rice & Dal",marketing_run_20261005T135746863
CUST05312,1,Night-time — Sweets & Chocolates,marketing_run_20261005T135746863
CUST05313,6,"Frequent · High-value — Atta, Rice & Dal",marketing_run_20261005T135746863
CUST05314,6,"Frequent · High-value — Atta, Rice & Dal",marketing_run_20261005T135746863
CUST05315,6,"Frequent · High-value — Atta, Rice & Dal",marketing_run_20261005T135746863
CUST05316,3,"Everyday — Atta, Rice & Dal",marketing_run_20261005T135746863
CUST05317,4,Everyday — Health & Wellness,marketing_run_20261005T135746863
CUST05319,0,Big-basket · Premium-basket — Baby Care,marketing_run_20261005T135746863
CUST05320,0,Big-basket · Premium-basket — Baby Care,marketing_run_20261005T135746863
CUST05322,5,Night-time — Instant & Frozen Food,marketing_run_20261005T135746863
CUST05323,6,"Frequent · High-value — Atta, Rice & Dal",marketing_run_20261005T135746863
CUST05324,0,Big-basket · Premium-basket — Baby Care,marketing_run_20261005T135746863
CUST05326,1,Night-time — Sweets & Chocolates,marketing_run_20261005T135746863
CUST05327,6,"Frequent · High-value — Atta, Rice & Dal",marketing_run_20261005T135746863
CUST05328,0,Big-basket · Premium-basket — Baby Care,marketing_run_20261005T135746863
CUST05330,3,"Everyday — Atta, Rice & Dal",marketing_run_20261005T135746863
CUST05331,0,Big-basket · Premium-basket — Baby Care,marketing_run_20261005T135746863
CUST05332,0,Big-basket · Premium-basket — Baby Care,marketing_run_20261005T135746863
CUST05333,0,Big-basket · Premium-basket — Baby Care,marketing_run_20261005T135746863
CUST05334,6,"Frequent · High-value — Atta, Rice & Dal",marketing_run_20261005T135746863
CUST05335,3,"Everyday — Atta, Rice & Dal",marketing_run_20261005T135746863
CUST05336,6,"Frequent · High-value — Atta, Rice & Dal",marketing_run_20261005T135746863
CUST05337,2,Everyday — Gourmet & Organic,marketing_run_20261005T135746863
CUST05338,3,"Everyday — Atta, Rice & Dal",marketing_run_20261005T135746863
CUST05339,0,Big-basket · Premium-basket — Baby Care,marketing_run_20261005T135746863
CUST05341,2,Everyday — Gourmet & Organic,marketing_run_20261005T135746863
CUST05342,2,Everyday — Gourmet & Organic,marketing_run_20261005T135746863
CUST05343,3,"Everyday — Atta, Rice & Dal",marketing_run_20261005T135746863
CUST05344,6,"Frequent · High-value — Atta, Rice & Dal",marketing_run_20261005T135746863
CUST05345,3,"Everyday — Atta, Rice & Dal",marketing_run_20261005T135746863
CUST05346,1,Night-time — Sweets & Chocolates,marketing_run_20261005T135746863
CUST05347,6,"Frequent · High-value — Atta, Rice & Dal",marketing_run_20261005T135746863
CUST05348,3,"Everyday — Atta, Rice & Dal",marketing_run_20261005T135746863
CUST05349,0,Big-basket · Premium-basket — Baby Care,marketing_run_20261005T135746863
CUST05350,6,"Frequent · High-value — Atta, Rice & Dal",marketing_run_20261005T135746863
CUST05351,3,"Everyday — Atta, Rice & Dal",marketing_run_20261005T135746863
CUST05352,1,Night-time — Sweets & Chocolates,marketing_run_20261005T135746863
CUST05353,2,Everyday — Gourmet & Organic,marketing_run_20261005T135746863
CUST05354,6,"Frequent · High-value — Atta, Rice & Dal",marketing_run_20261005T135746863
CUST05355,1,Night-time — Sweets & Chocolates,marketing_run_20261005T135746863
CUST05356,0,Big-basket · Premium-basket — Baby Care,marketing_run_20261005T135746863
CUST05357,3,"Everyday — Atta, Rice & Dal",marketing_run_20261005T135746863
CUST05358,3,"Everyday — Atta, Rice & Dal",marketing_run_20261005T135746863
CUST05359,2,Everyday — Gourmet & Organic,marketing_run_20261005T135746863
CUST05360,6,"Frequent · High-value — Atta, Rice & Dal",marketing_run_20261005T135746863
CUST05361,3,"Everyday — Atta, Rice & Dal",marketing_run_20261005T135746863
CUST05362,2,Everyday — Gourmet & Organic,marketing_run_20261005T135746863
CUST05363,1,Night-time — Sweets & Chocolates,marketing_run_20261005T135746863
CUST05364,3,"Everyday — Atta, Rice & Dal",marketing_run_20261005T135746863
CUST05365,1,Night-time — Sweets & Chocolates,marketing_run_20261005T135746863
CUST05366,0,Big-basket · Premium-basket — Baby Care,marketing_run_20261005T135746863
CUST05367,6,"Frequent · High-value — Atta, Rice & Dal",marketing_run_20261005T135746863
CUST05369,0,Big-basket · Premium-basket — Baby Care,marketing_run_20261005T135746863
CUST05372,1,Night-time — Sweets & Chocolates,marketing_run_20261005T135746863
CUST05373,3,"Everyday — Atta, Rice & Dal",marketing_run_20261005T135746863
CUST05375,3,"Everyday — Atta, Rice & Dal",marketing_run_20261005T135746863
CUST05376,6,"Frequent · High-value — Atta, Rice & Dal",marketing_run_20261005T135746863
CUST05377,4,Everyday — Health & Wellness,marketing_run_20261005T135746863
CUST05378,3,"Everyday — Atta, Rice & Dal",marketing_run_20261005T135746863
CUST05379,6,"Frequent · High-value — Atta, Rice & Dal",marketing_run_20261005T135746863
CUST05380,1,Night-time — Sweets & Chocolates,marketing_run_20261005T135746863
CUST05381,6,"Frequent · High-value — Atta, Rice & Dal",marketing_run_20261005T135746863
CUST05382,6,"Frequent · High-value — Atta, Rice & Dal",marketing_run_20261005T135746863
CUST05383,1,Night-time — Sweets & Chocolates,marketing_run_20261005T135746863
CUST05384,1,Night-time — Sweets & Chocolates,marketing_run_20261005T135746863
CUST05385,3,"Everyday — Atta, Rice & Dal",marketing_run_20261005T135746863
CUST05386,4,Everyday — Health & Wellness,marketing_run_20261005T135746863
CUST05388,4,Everyday — Health & Wellness,marketing_run_20261005T135746863
CUST05389,1,Night-time — Sweets & Chocolates,marketing_run_20261005T135746863
CUST05390,3,"Everyday — Atta, Rice & Dal",marketing_run_20261005T135746863
CUST05391,1,Night-time — Sweets & Chocolates,marketing_run_20261005T135746863
CUST05392,1,Night-time — Sweets & Chocolates,marketing_run_20261005T135746863
CUST05393,1,Night-time — Sweets & Chocolates,marketing_run_20261005T135746863
CUST05394,2,Everyday — Gourmet & Organic,marketing_run_20261005T135746863
CUST05395,2,Everyday — Gourmet & Organic,marketing_run_20261005T135746863
CUST05396,1,Night-time — Sweets & Chocolates,marketing_run_20261005T135746863
CUST05397,0,Big-basket · Premium-basket — Baby Care,marketing_run_20261005T135746863
CUST05398,1,Night-time — Sweets & Chocolates,marketing_run_20261005T135746863
CUST05399,2,Everyday — Gourmet & Organic,marketing_run_20261005T135746863
CUST05400,2,Everyday — Gourmet & Organic,marketing_run_20261005T135746863
CUST05401,4,Everyday — Health & Wellness,marketing_run_20261005T135746863
CUST05403,1,Night-time — Sweets & Chocolates,marketing_run_20261005T135746863
CUST05404,3,"Everyday — Atta, Rice & Dal",marketing_run_20261005T135746863
CUST05405,2,Everyday — Gourmet & Organic,marketing_run_20261005T135746863
CUST05406,1,Night-time — Sweets & Chocolates,marketing_run_20261005T135746863
CUST05407,6,"Frequent · High-value — Atta, Rice & Dal",marketing_run_20261005T135746863
CUST05408,6,"Frequent · High-value — Atta, Rice & Dal",marketing_run_20261005T135746863
CUST05409,1,Night-time — Sweets & Chocolates,marketing_run_20261005T135746863
CUST05410,1,Night-time — Sweets & Chocolates,marketing_run_20261005T135746863
CUST05412,1,Night-time — Sweets & Chocolates,marketing_run_20261005T135746863
CUST05413,3,"Everyday — Atta, Rice & Dal",marketing_run_20261005T135746863
CUST05414,1,Night-time — Sweets & Chocolates,marketing_run_20261005T135746863
CUST05417,1,Night-time — Sweets & Chocolates,marketing_run_20261005T135746863
CUST05418,0,Big-basket · Premium-basket — Baby Care,marketing_run_20261005T135746863
CUST05419,1,Night-time — Sweets & Chocolates,marketing_run_20261005T135746863
CUST05420,0,Big-basket · Premium-basket — Baby Care,marketing_run_20261005T135746863
CUST05421,3,"Everyday — Atta, Rice & Dal",marketing_run_20261005T135746863
CUST05422,3,"Everyday — Atta, Rice & Dal",marketing_run_20261005T135746863
CUST05424,0,Big-basket · Premium-basket — Baby Care,marketing_run_20261005T135746863
CUST05425,6,"Frequent · High-value — Atta, Rice & Dal",marketing_run_20261005T135746863
CUST05426,6,"Frequent · High-value — Atta, Rice & Dal",marketing_run_20261005T135746863
CUST05427,6,"Frequent · High-value — Atta, Rice & Dal",marketing_run_20261005T135746863
CUST05428,3,"Everyday — Atta, Rice & Dal",marketing_run_20261005T135746863
CUST05429,4,Everyday — Health & Wellness,marketing_run_20261005T135746863
CUST05430,3,"Everyday — Atta, Rice & Dal",marketing_run_20261005T135746863
CUST05431,1,Night-time — Sweets & Chocolates,marketing_run_20261005T135746863
CUST05432,1,Night-time — Sweets & Chocolates,marketing_run_20261005T135746863
CUST05433,3,"Everyday — Atta, Rice & Dal",marketing_run_20261005T135746863
CUST05434,4,Everyday — Health & Wellness,marketing_run_20261005T135746863
CUST05435,3,"Everyday — Atta, Rice & Dal",marketing_run_20261005T135746863
CUST05437,1,Night-time — Sweets & Chocolates,marketing_run_20261005T135746863
CUST05438,6,"Frequent · High-value — Atta, Rice & Dal",marketing_run_20261005T135746863
CUST05439,6,"Frequent · High-value — Atta, Rice & Dal",marketing_run_20261005T135746863
CUST05440,2,Everyday — Gourmet & Organic,marketing_run_20261005T135746863
CUST05441,0,Big-basket · Premium-basket — Baby Care,marketing_run_20261005T135746863
CUST05442,6,"Frequent · High-value — Atta, Rice & Dal",marketing_run_20261005T135746863
CUST05443,2,Everyday — Gourmet & Organic,marketing_run_20261005T135746863
CUST05445,6,"Frequent · High-value — Atta, Rice & Dal",marketing_run_20261005T135746863
CUST05446,6,"Frequent · High-value — Atta, Rice & Dal",marketing_run_20261005T135746863
CUST05448,6,"Frequent · High-value — Atta, Rice & Dal",marketing_run_20261005T135746863
CUST05449,4,Everyday — Health & Wellness,marketing_run_20261005T135746863
CUST05450,2,Everyday — Gourmet & Organic,marketing_run_20261005T135746863
CUST05451,2,Everyday — Gourmet & Organic,marketing_run_20261005T135746863
CUST05452,6,"Frequent · High-value — Atta, Rice & Dal",marketing_run_20261005T135746863
CUST05454,6,"Frequent · High-value — Atta, Rice & Dal",marketing_run_20261005T135746863
CUST05455,1,Night-time — Sweets & Chocolates,marketing_run_20261005T135746863
CUST05457,3,"Everyday — Atta, Rice & Dal",marketing_run_20261005T135746863
CUST05458,3,"Everyday — Atta, Rice & Dal",marketing_run_20261005T135746863
CUST05460,1,Night-time — Sweets & Chocolates,marketing_run_20261005T135746863
CUST05461,6,"Frequent · High-value — Atta, Rice & Dal",marketing_run_20261005T135746863
CUST05462,6,"Frequent · High-value — Atta, Rice & Dal",marketing_run_20261005T135746863
CUST05463,2,Everyday — Gourmet & Organic,marketing_run_20261005T135746863
CUST05464,6,"Frequent · High-value — Atta, Rice & Dal",marketing_run_20261005T135746863
CUST05466,3,"Everyday — Atta, Rice & Dal",marketing_run_20261005T135746863
CUST05467,3,"Everyday — Atta, Rice & Dal",marketing_run_20261005T135746863
CUST05468,0,Big-basket · Premium-basket — Baby Care,marketing_run_20261005T135746863
CUST05469,1,Night-time — Sweets & Chocolates,marketing_run_20261005T135746863
CUST05470,4,Everyday — Health & Wellness,marketing_run_20261005T135746863
CUST05471,0,Big-basket · Premium-basket — Baby Care,marketing_run_20261005T135746863
CUST05473,1,Night-time — Sweets & Chocolates,marketing_run_20261005T135746863
CUST05474,2,Everyday — Gourmet & Organic,marketing_run_20261005T135746863
CUST05477,4,Everyday — Health & Wellness,marketing_run_20261005T135746863
CUST05478,1,Night-time — Sweets & Chocolates,marketing_run_20261005T135746863
CUST05479,3,"Everyday — Atta, Rice & Dal",marketing_run_20261005T135746863
CUST05480,6,"Frequent · High-value — Atta, Rice & Dal",marketing_run_20261005T135746863
CUST05481,3,"Everyday — Atta, Rice & Dal",marketing_run_20261005T135746863
CUST05482,6,"Frequent · High-value — Atta, Rice & Dal",marketing_run_20261005T135746863
CUST05483,6,"Frequent · High-value — Atta, Rice & Dal",marketing_run_20261005T135746863
CUST05485,6,"Frequent · High-value — Atta, Rice & Dal",marketing_run_20261005T135746863
CUST05487,1,Night-time — Sweets & Chocolates,marketing_run_20261005T135746863
CUST05488,3,"Everyday — Atta, Rice & Dal",marketing_run_20261005T135746863
CUST05489,0,Big-basket · Premium-basket — Baby Care,marketing_run_20261005T135746863
CUST05490,2,Everyday — Gourmet & Organic,marketing_run_20261005T135746863
CUST05491,0,Big-basket · Premium-basket — Baby Care,marketing_run_20261005T135746863
CUST05493,0,Big-basket · Premium-basket — Baby Care,marketing_run_20261005T135746863
CUST05494,3,"Everyday — Atta, Rice & Dal",marketing_run_20261005T135746863
CUST05496,3,"Everyday — Atta, Rice & Dal",marketing_run_20261005T135746863
CUST05497,2,Everyday — Gourmet & Organic,marketing_run_20261005T135746863
CUST05498,6,"Frequent · High-value — Atta, Rice & Dal",marketing_run_20261005T135746863
CUST05500,6,"Frequent · High-value — Atta, Rice & Dal",marketing_run_20261005T135746863
CUST05501,6,"Frequent · High-value — Atta, Rice & Dal",marketing_run_20261005T135746863
CUST05502,6,"Frequent · High-value — Atta, Rice & Dal",marketing_run_20261005T135746863
CUST05503,1,Night-time — Sweets & Chocolates,marketing_run_20261005T135746863
CUST05504,1,Night-time — Sweets & Chocolates,marketing_run_20261005T135746863
CUST05505,6,"Frequent · High-value — Atta, Rice & Dal",marketing_run_20261005T135746863
CUST05506,0,Big-basket · Premium-basket — Baby Care,marketing_run_20261005T135746863
CUST05507,3,"Everyday — Atta, Rice & Dal",marketing_run_20261005T135746863
CUST05508,3,"Everyday — Atta, Rice & Dal",marketing_run_20261005T135746863
CUST05510,5,Night-time — Instant & Frozen Food,marketing_run_20261005T135746863
CUST05511,0,Big-basket · Premium-basket — Baby Care,marketing_run_20261005T135746863
CUST05512,6,"Frequent · High-value — Atta, Rice & Dal",marketing_run_20261005T135746863
CUST05513,6,"Frequent · High-value — Atta, Rice & Dal",marketing_run_20261005T135746863
CUST05515,0,Big-basket · Premium-basket — Baby Care,marketing_run_20261005T135746863
CUST05516,5,Night-time — Instant & Frozen Food,marketing_run_20261005T135746863
CUST05518,2,Everyday — Gourmet & Organic,marketing_run_20261005T135746863
CUST05519,1,Night-time — Sweets & Chocolates,marketing_run_20261005T135746863
CUST05520,6,"Frequent · High-value — Atta, Rice & Dal",marketing_run_20261005T135746863
CUST05521,1,Night-time — Sweets & Chocolates,marketing_run_20261005T135746863
CUST05522,6,"Frequent · High-value — Atta, Rice & Dal",marketing_run_20261005T135746863
CUST05523,6,"Frequent · High-value — Atta, Rice & Dal",marketing_run_20261005T135746863
CUST05524,6,"Frequent · High-value — Atta, Rice & Dal",marketing_run_20261005T135746863
CUST05525,0,Big-basket · Premium-basket — Baby Care,marketing_run_20261005T135746863
CUST05526,6,"Frequent · High-value — Atta, Rice & Dal",marketing_run_20261005T135746863
CUST05527,6,"Frequent · High-value — Atta, Rice & Dal",marketing_run_20261005T135746863
CUST05528,2,Everyday — Gourmet & Organic,marketing_run_20261005T135746863
CUST05529,2,Everyday — Gourmet & Organic,marketing_run_20261005T135746863
CUST05530,0,Big-basket · Premium-basket — Baby Care,marketing_run_20261005T135746863
CUST05531,1,Night-time — Sweets & Chocolates,marketing_run_20261005T135746863
CUST05532,2,Everyday — Gourmet & Organic,marketing_run_20261005T135746863
CUST05533,6,"Frequent · High-value — Atta, Rice & Dal",marketing_run_20261005T135746863
CUST05534,0,Big-basket · Premium-basket — Baby Care,marketing_run_20261005T135746863
CUST05535,4,Everyday — Health & Wellness,marketing_run_20261005T135746863
CUST05536,3,"Everyday — Atta, Rice & Dal",marketing_run_20261005T135746863
CUST05537,6,"Frequent · High-value — Atta, Rice & Dal",marketing_run_20261005T135746863
CUST05539,6,"Frequent · High-value — Atta, Rice & Dal",marketing_run_20261005T135746863
CUST05540,2,Everyday — Gourmet & Organic,marketing_run_20261005T135746863
CUST05541,3,"Everyday — Atta, Rice & Dal",marketing_run_20261005T135746863
CUST05542,0,Big-basket · Premium-basket — Baby Care,marketing_run_20261005T135746863
CUST05543,0,Big-basket · Premium-basket — Baby Care,marketing_run_20261005T135746863
CUST05544,6,"Frequent · High-value — Atta, Rice & Dal",marketing_run_20261005T135746863
CUST05545,2,Everyday — Gourmet & Organic,marketing_run_20261005T135746863
CUST05547,1,Night-time — Sweets & Chocolates,marketing_run_20261005T135746863
CUST05549,2,Everyday — Gourmet & Organic,marketing_run_20261005T135746863
CUST05550,3,"Everyday — Atta, Rice & Dal",marketing_run_20261005T135746863
CUST05551,6,"Frequent · High-value — Atta, Rice & Dal",marketing_run_20261005T135746863
CUST05552,1,Night-time — Sweets & Chocolates,marketing_run_20261005T135746863
CUST05553,6,"Frequent · High-value — Atta, Rice & Dal",marketing_run_20261005T135746863
CUST05554,2,Everyday — Gourmet & Organic,marketing_run_20261005T135746863
CUST05555,6,"Frequent · High-value — Atta, Rice & Dal",marketing_run_20261005T135746863
CUST05558,1,Night-time — Sweets & Chocolates,marketing_run_20261005T135746863
CUST05559,6,"Frequent · High-value — Atta, Rice & Dal",marketing_run_20261005T135746863
CUST05560,1,Night-time — Sweets & Chocolates,marketing_run_20261005T135746863
CUST05562,6,"Frequent · High-value — Atta, Rice & Dal",marketing_run_20261005T135746863
CUST05563,2,Everyday — Gourmet & Organic,marketing_run_20261005T135746863
CUST05564,1,Night-time — Sweets & Chocolates,marketing_run_20261005T135746863
CUST05565,0,Big-basket · Premium-basket — Baby Care,marketing_run_20261005T135746863
CUST05566,6,"Frequent · High-value — Atta, Rice & Dal",marketing_run_20261005T135746863
CUST05567,3,"Everyday — Atta, Rice & Dal",marketing_run_20261005T135746863
CUST05568,2,Everyday — Gourmet & Organic,marketing_run_20261005T135746863
CUST05569,6,"Frequent · High-value — Atta, Rice & Dal",marketing_run_20261005T135746863
CUST05570,6,"Frequent · High-value — Atta, Rice & Dal",marketing_run_20261005T135746863
CUST05571,1,Night-time — Sweets & Chocolates,marketing_run_20261005T135746863
CUST05572,6,"Frequent · High-value — Atta, Rice & Dal",marketing_run_20261005T135746863
CUST05573,0,Big-basket · Premium-basket — Baby Care,marketing_run_20261005T135746863
CUST05574,6,"Frequent · High-value — Atta, Rice & Dal",marketing_run_20261005T135746863
CUST05576,2,Everyday — Gourmet & Organic,marketing_run_20261005T135746863
CUST05577,0,Big-basket · Premium-basket — Baby Care,marketing_run_20261005T135746863
CUST05578,6,"Frequent · High-value — Atta, Rice & Dal",marketing_run_20261005T135746863
CUST05579,1,Night-time — Sweets & Chocolates,marketing_run_20261005T135746863
CUST05580,2,Everyday — Gourmet & Organic,marketing_run_20261005T135746863
CUST05581,6,"Frequent · High-value — Atta, Rice & Dal",marketing_run_20261005T135746863
CUST05582,6,"Frequent · High-value — Atta, Rice & Dal",marketing_run_20261005T135746863
CUST05583,1,Night-time — Sweets & Chocolates,marketing_run_20261005T135746863
CUST05584,1,Night-time — Sweets & Chocolates,marketing_run_20261005T135746863
CUST05585,0,Big-basket · Premium-basket — Baby Care,marketing_run_20261005T135746863
CUST05588,5,Night-time — Instant & Frozen Food,marketing_run_20261005T135746863
CUST05589,0,Big-basket · Premium-basket — Baby Care,marketing_run_20261005T135746863
CUST05590,0,Big-basket · Premium-basket — Baby Care,marketing_run_20261005T135746863
CUST05591,4,Everyday — Health & Wellness,marketing_run_20261005T135746863
CUST05592,5,Night-time — Instant & Frozen Food,marketing_run_20261005T135746863
CUST05593,2,Everyday — Gourmet & Organic,marketing_run_20261005T135746863
CUST05594,5,Night-time — Instant & Frozen Food,marketing_run_20261005T135746863
CUST05595,6,"Frequent · High-value — Atta, Rice & Dal",marketing_run_20261005T135746863
CUST05596,6,"Frequent · High-value — Atta, Rice & Dal",marketing_run_20261005T135746863
CUST05597,6,"Frequent · High-value — Atta, Rice & Dal",marketing_run_20261005T135746863
CUST05598,3,"Everyday — Atta, Rice & Dal",marketing_run_20261005T135746863
CUST05599,3,"Everyday — Atta, Rice & Dal",marketing_run_20261005T135746863
CUST05600,3,"Everyday — Atta, Rice & Dal",marketing_run_20261005T135746863
CUST05601,6,"Frequent · High-value — Atta, Rice & Dal",marketing_run_20261005T135746863
CUST05603,2,Everyday — Gourmet & Organic,marketing_run_20261005T135746863
CUST05604,3,"Everyday — Atta, Rice & Dal",marketing_run_20261005T135746863
CUST05605,1,Night-time — Sweets & Chocolates,marketing_run_20261005T135746863
CUST05606,3,"Everyday — Atta, Rice & Dal",marketing_run_20261005T135746863
CUST05607,1,Night-time — Sweets & Chocolates,marketing_run_20261005T135746863
CUST05608,6,"Frequent · High-value — Atta, Rice & Dal",marketing_run_20261005T135746863
CUST05610,6,"Frequent · High-value — Atta, Rice & Dal",marketing_run_20261005T135746863
CUST05611,2,Everyday — Gourmet & Organic,marketing_run_20261005T135746863
CUST05613,0,Big-basket · Premium-basket — Baby Care,marketing_run_20261005T135746863
CUST05614,0,Big-basket · Premium-basket — Baby Care,marketing_run_20261005T135746863
CUST05615,1,Night-time — Sweets & Chocolates,marketing_run_20261005T135746863
CUST05617,1,Night-time — Sweets & Chocolates,marketing_run_20261005T135746863
CUST05618,6,"Frequent · High-value — Atta, Rice & Dal",marketing_run_20261005T135746863
CUST05620,6,"Frequent · High-value — Atta, Rice & Dal",marketing_run_20261005T135746863
CUST05621,6,"Frequent · High-value — Atta, Rice & Dal",marketing_run_20261005T135746863
CUST05622,1,Night-time — Sweets & Chocolates,marketing_run_20261005T135746863
CUST05623,6,"Frequent · High-value — Atta, Rice & Dal",marketing_run_20261005T135746863
CUST05624,1,Night-time — Sweets & Chocolates,marketing_run_20261005T135746863
CUST05625,2,Everyday — Gourmet & Organic,marketing_run_20261005T135746863
CUST05627,2,Everyday — Gourmet & Organic,marketing_run_20261005T135746863
CUST05628,4,Everyday — Health & Wellness,marketing_run_20261005T135746863
CUST05629,6,"Frequent · High-value — Atta, Rice & Dal",marketing_run_20261005T135746863
CUST05630,2,Everyday — Gourmet & Organic,marketing_run_20261005T135746863
CUST05631,0,Big-basket · Premium-basket — Baby Care,marketing_run_20261005T135746863
CUST05632,6,"Frequent · High-value — Atta, Rice & Dal",marketing_run_20261005T135746863
CUST05634,2,Everyday — Gourmet & Organic,marketing_run_20261005T135746863
CUST05635,6,"Frequent · High-value — Atta, Rice & Dal",marketing_run_20261005T135746863
CUST05636,6,"Frequent · High-value — Atta, Rice & Dal",marketing_run_20261005T135746863
CUST05637,6,"Frequent · High-value — Atta, Rice & Dal",marketing_run_20261005T135746863
CUST05638,0,Big-basket · Premium-basket — Baby Care,marketing_run_20261005T135746863
CUST05639,2,Everyday — Gourmet & Organic,marketing_run_20261005T135746863
CUST05640,6,"Frequent · High-value — Atta, Rice & Dal",marketing_run_20261005T135746863
CUST05641,1,Night-time — Sweets & Chocolates,marketing_run_20261005T135746863
CUST05643,6,"Frequent · High-value — Atta, Rice & Dal",marketing_run_20261005T135746863
CUST05645,2,Everyday — Gourmet & Organic,marketing_run_20261005T135746863
CUST05646,6,"Frequent · High-value — Atta, Rice & Dal",marketing_run_20261005T135746863
CUST05648,3,"Everyday — Atta, Rice & Dal",marketing_run_20261005T135746863
CUST05649,2,Everyday — Gourmet & Organic,marketing_run_20261005T135746863
CUST05650,2,Everyday — Gourmet & Organic,marketing_run_20261005T135746863
CUST05651,6,"Frequent · High-value — Atta, Rice & Dal",marketing_run_20261005T135746863
CUST05652,1,Night-time — Sweets & Chocolates,marketing_run_20261005T135746863
CUST05653,0,Big-basket · Premium-basket — Baby Care,marketing_run_20261005T135746863
CUST05654,6,"Frequent · High-value — Atta, Rice & Dal",marketing_run_20261005T135746863
CUST05655,1,Night-time — Sweets & Chocolates,marketing_run_20261005T135746863
CUST05656,2,Everyday — Gourmet & Organic,marketing_run_20261005T135746863
CUST05657,0,Big-basket · Premium-basket — Baby Care,marketing_run_20261005T135746863
CUST05658,2,Everyday — Gourmet & Organic,marketing_run_20261005T135746863
CUST05659,6,"Frequent · High-value — Atta, Rice & Dal",marketing_run_20261005T135746863
CUST05660,6,"Frequent · High-value — Atta, Rice & Dal",marketing_run_20261005T135746863
CUST05661,3,"Everyday — Atta, Rice & Dal",marketing_run_20261005T135746863
CUST05662,1,Night-time — Sweets & Chocolates,marketing_run_20261005T135746863
CUST05664,3,"Everyday — Atta, Rice & Dal",marketing_run_20261005T135746863
CUST05665,0,Big-basket · Premium-basket — Baby Care,marketing_run_20261005T135746863
CUST05666,0,Big-basket · Premium-basket — Baby Care,marketing_run_20261005T135746863
CUST05667,4,Everyday — Health & Wellness,marketing_run_20261005T135746863
CUST05668,6,"Frequent · High-value — Atta, Rice & Dal",marketing_run_20261005T135746863
CUST05669,0,Big-basket · Premium-basket — Baby Care,marketing_run_20261005T135746863
CUST05670,6,"Frequent · High-value — Atta, Rice & Dal",marketing_run_20261005T135746863
CUST05671,0,Big-basket · Premium-basket — Baby Care,marketing_run_20261005T135746863
CUST05672,6,"Frequent · High-value — Atta, Rice & Dal",marketing_run_20261005T135746863
CUST05673,6,"Frequent · High-value — Atta, Rice & Dal",marketing_run_20261005T135746863
CUST05674,0,Big-basket · Premium-basket — Baby Care,marketing_run_20261005T135746863
CUST05675,6,"Frequent · High-value — Atta, Rice & Dal",marketing_run_20261005T135746863
CUST05676,0,Big-basket · Premium-basket — Baby Care,marketing_run_20261005T135746863
CUST05678,0,Big-basket · Premium-basket — Baby Care,marketing_run_20261005T135746863
CUST05679,6,"Frequent · High-value — Atta, Rice & Dal",marketing_run_20261005T135746863
CUST05680,0,Big-basket · Premium-basket — Baby Care,marketing_run_20261005T135746863
CUST05681,3,"Everyday — Atta, Rice & Dal",marketing_run_20261005T135746863
CUST05683,2,Everyday — Gourmet & Organic,marketing_run_20261005T135746863
CUST05684,5,Night-time — Instant & Frozen Food,marketing_run_20261005T135746863
CUST05685,2,Everyday — Gourmet & Organic,marketing_run_20261005T135746863
CUST05686,3,"Everyday — Atta, Rice & Dal",marketing_run_20261005T135746863
CUST05687,0,Big-basket · Premium-basket — Baby Care,marketing_run_20261005T135746863
CUST05688,0,Big-basket · Premium-basket — Baby Care,marketing_run_20261005T135746863
CUST05689,6,"Frequent · High-value — Atta, Rice & Dal",marketing_run_20261005T135746863
CUST05690,2,Everyday — Gourmet & Organic,marketing_run_20261005T135746863
CUST05691,0,Big-basket · Premium-basket — Baby Care,marketing_run_20261005T135746863
CUST05692,3,"Everyday — Atta, Rice & Dal",marketing_run_20261005T135746863
CUST05693,6,"Frequent · High-value — Atta, Rice & Dal",marketing_run_20261005T135746863
CUST05694,1,Night-time — Sweets & Chocolates,marketing_run_20261005T135746863
CUST05695,1,Night-time — Sweets & Chocolates,marketing_run_20261005T135746863
CUST05696,4,Everyday — Health & Wellness,marketing_run_20261005T135746863
CUST05697,1,Night-time — Sweets & Chocolates,marketing_run_20261005T135746863
CUST05698,6,"Frequent · High-value — Atta, Rice & Dal",marketing_run_20261005T135746863
CUST05699,0,Big-basket · Premium-basket — Baby Care,marketing_run_20261005T135746863
CUST05700,0,Big-basket · Premium-basket — Baby Care,marketing_run_20261005T135746863
CUST05702,0,Big-basket · Premium-basket — Baby Care,marketing_run_20261005T135746863
CUST05703,0,Big-basket · Premium-basket — Baby Care,marketing_run_20261005T135746863
CUST05704,2,Everyday — Gourmet & Organic,marketing_run_20261005T135746863
CUST05705,6,"Frequent · High-value — Atta, Rice & Dal",marketing_run_20261005T135746863
CUST05706,3,"Everyday — Atta, Rice & Dal",marketing_run_20261005T135746863
CUST05707,6,"Frequent · High-value — Atta, Rice & Dal",marketing_run_20261005T135746863
CUST05708,6,"Frequent · High-value — Atta, Rice & Dal",marketing_run_20261005T135746863
CUST05709,1,Night-time — Sweets & Chocolates,marketing_run_20261005T135746863
CUST05710,1,Night-time — Sweets & Chocolates,marketing_run_20261005T135746863
CUST05711,1,Night-time — Sweets & Chocolates,marketing_run_20261005T135746863
CUST05712,2,Everyday — Gourmet & Organic,marketing_run_20261005T135746863
CUST05713,5,Night-time — Instant & Frozen Food,marketing_run_20261005T135746863
CUST05714,0,Big-basket · Premium-basket — Baby Care,marketing_run_20261005T135746863
CUST05715,6,"Frequent · High-value — Atta, Rice & Dal",marketing_run_20261005T135746863
CUST05716,5,Night-time — Instant & Frozen Food,marketing_run_20261005T135746863
CUST05717,3,"Everyday — Atta, Rice & Dal",marketing_run_20261005T135746863
CUST05718,6,"Frequent · High-value — Atta, Rice & Dal",marketing_run_20261005T135746863
CUST05719,0,Big-basket · Premium-basket — Baby Care,marketing_run_20261005T135746863
CUST05720,4,Everyday — Health & Wellness,marketing_run_20261005T135746863
CUST05722,1,Night-time — Sweets & Chocolates,marketing_run_20261005T135746863
CUST05723,1,Night-time — Sweets & Chocolates,marketing_run_20261005T135746863
CUST05724,6,"Frequent · High-value — Atta, Rice & Dal",marketing_run_20261005T135746863
CUST05725,0,Big-basket · Premium-basket — Baby Care,marketing_run_20261005T135746863
CUST05726,3,"Everyday — Atta, Rice & Dal",marketing_run_20261005T135746863
CUST05727,1,Night-time — Sweets & Chocolates,marketing_run_20261005T135746863
CUST05728,0,Big-basket · Premium-basket — Baby Care,marketing_run_20261005T135746863
CUST05729,3,"Everyday — Atta, Rice & Dal",marketing_run_20261005T135746863
CUST05730,0,Big-basket · Premium-basket — Baby Care,marketing_run_20261005T135746863
CUST05731,0,Big-basket · Premium-basket — Baby Care,marketing_run_20261005T135746863
CUST05732,3,"Everyday — Atta, Rice & Dal",marketing_run_20261005T135746863
CUST05733,4,Everyday — Health & Wellness,marketing_run_20261005T135746863
CUST05734,1,Night-time — Sweets & Chocolates,marketing_run_20261005T135746863
CUST05735,6,"Frequent · High-value — Atta, Rice & Dal",marketing_run_20261005T135746863
CUST05736,2,Everyday — Gourmet & Organic,marketing_run_20261005T135746863
CUST05737,0,Big-basket · Premium-basket — Baby Care,marketing_run_20261005T135746863
CUST05738,0,Big-basket · Premium-basket — Baby Care,marketing_run_20261005T135746863
CUST05739,1,Night-time — Sweets & Chocolates,marketing_run_20261005T135746863
CUST05740,0,Big-basket · Premium-basket — Baby Care,marketing_run_20261005T135746863
CUST05741,3,"Everyday — Atta, Rice & Dal",marketing_run_20261005T135746863
CUST05742,1,Night-time — Sweets & Chocolates,marketing_run_20261005T135746863
CUST05743,4,Everyday — Health & Wellness,marketing_run_20261005T135746863
CUST05744,1,Night-time — Sweets & Chocolates,marketing_run_20261005T135746863
CUST05746,2,Everyday — Gourmet & Organic,marketing_run_20261005T135746863
CUST05748,1,Night-time — Sweets & Chocolates,marketing_run_20261005T135746863
CUST05749,1,Night-time — Sweets & Chocolates,marketing_run_20261005T135746863
CUST05750,4,Everyday — Health & Wellness,marketing_run_20261005T135746863
CUST05751,6,"Frequent · High-value — Atta, Rice & Dal",marketing_run_20261005T135746863
CUST05752,0,Big-basket · Premium-basket — Baby Care,marketing_run_20261005T135746863
CUST05753,2,Everyday — Gourmet & Organic,marketing_run_20261005T135746863
CUST05754,2,Everyday — Gourmet & Organic,marketing_run_20261005T135746863
CUST05755,2,Everyday — Gourmet & Organic,marketing_run_20261005T135746863
CUST05756,0,Big-basket · Premium-basket — Baby Care,marketing_run_20261005T135746863
CUST05757,1,Night-time — Sweets & Chocolates,marketing_run_20261005T135746863
CUST05758,3,"Everyday — Atta, Rice & Dal",marketing_run_20261005T135746863
CUST05759,2,Everyday — Gourmet & Organic,marketing_run_20261005T135746863
CUST05761,3,"Everyday — Atta, Rice & Dal",marketing_run_20261005T135746863
CUST05762,2,Everyday — Gourmet & Organic,marketing_run_20261005T135746863
CUST05763,0,Big-basket · Premium-basket — Baby Care,marketing_run_20261005T135746863
CUST05764,1,Night-time — Sweets & Chocolates,marketing_run_20261005T135746863
CUST05765,2,Everyday — Gourmet & Organic,marketing_run_20261005T135746863
CUST05766,1,Night-time — Sweets & Chocolates,marketing_run_20261005T135746863
CUST05767,3,"Everyday — Atta, Rice & Dal",marketing_run_20261005T135746863
CUST05768,2,Everyday — Gourmet & Organic,marketing_run_20261005T135746863
CUST05769,0,Big-basket · Premium-basket — Baby Care,marketing_run_20261005T135746863
CUST05770,1,Night-time — Sweets & Chocolates,marketing_run_20261005T135746863
CUST05772,0,Big-basket · Premium-basket — Baby Care,marketing_run_20261005T135746863
CUST05773,0,Big-basket · Premium-basket — Baby Care,marketing_run_20261005T135746863
CUST05774,0,Big-basket · Premium-basket — Baby Care,marketing_run_20261005T135746863
CUST05775,1,Night-time — Sweets & Chocolates,marketing_run_20261005T135746863
CUST05776,6,"Frequent · High-value — Atta, Rice & Dal",marketing_run_20261005T135746863
CUST05777,6,"Frequent · High-value — Atta, Rice & Dal",marketing_run_20261005T135746863
CUST05778,1,Night-time — Sweets & Chocolates,marketing_run_20261005T135746863
CUST05780,3,"Everyday — Atta, Rice & Dal",marketing_run_20261005T135746863
CUST05781,1,Night-time — Sweets & Chocolates,marketing_run_20261005T135746863
CUST05782,5,Night-time — Instant & Frozen Food,marketing_run_20261005T135746863
CUST05783,6,"Frequent · High-value — Atta, Rice & Dal",marketing_run_20261005T135746863
CUST05784,6,"Frequent · High-value — Atta, Rice & Dal",marketing_run_20261005T135746863
CUST05785,2,Everyday — Gourmet & Organic,marketing_run_20261005T135746863
CUST05786,3,"Everyday — Atta, Rice & Dal",marketing_run_20261005T135746863
CUST05787,1,Night-time — Sweets & Chocolates,marketing_run_20261005T135746863
CUST05788,6,"Frequent · High-value — Atta, Rice & Dal",marketing_run_20261005T135746863
CUST05789,6,"Frequent · High-value — Atta, Rice & Dal",marketing_run_20261005T135746863
CUST05790,6,"Frequent · High-value — Atta, Rice & Dal",marketing_run_20261005T135746863
CUST05791,6,"Frequent · High-value — Atta, Rice & Dal",marketing_run_20261005T135746863
CUST05795,3,"Everyday — Atta, Rice & Dal",marketing_run_20261005T135746863
CUST05796,0,Big-basket · Premium-basket — Baby Care,marketing_run_20261005T135746863
CUST05797,6,"Frequent · High-value — Atta, Rice & Dal",marketing_run_20261005T135746863
CUST05799,1,Night-time — Sweets & Chocolates,marketing_run_20261005T135746863
CUST05800,2,Everyday — Gourmet & Organic,marketing_run_20261005T135746863
CUST05802,5,Night-time — Instant & Frozen Food,marketing_run_20261005T135746863
CUST05803,3,"Everyday — Atta, Rice & Dal",marketing_run_20261005T135746863
CUST05804,6,"Frequent · High-value — Atta, Rice & Dal",marketing_run_20261005T135746863
CUST05805,0,Big-basket · Premium-basket — Baby Care,marketing_run_20261005T135746863
CUST05806,3,"Everyday — Atta, Rice & Dal",marketing_run_20261005T135746863
CUST05807,3,"Everyday — Atta, Rice & Dal",marketing_run_20261005T135746863
CUST05808,6,"Frequent · High-value — Atta, Rice & Dal",marketing_run_20261005T135746863
CUST05809,0,Big-basket · Premium-basket — Baby Care,marketing_run_20261005T135746863
CUST05810,6,"Frequent · High-value — Atta, Rice & Dal",marketing_run_20261005T135746863
CUST05811,0,Big-basket · Premium-basket — Baby Care,marketing_run_20261005T135746863
CUST05812,0,Big-basket · Premium-basket — Baby Care,marketing_run_20261005T135746863
CUST05813,5,Night-time — Instant & Frozen Food,marketing_run_20261005T135746863
CUST05814,6,"Frequent · High-value — Atta, Rice & Dal",marketing_run_20261005T135746863
CUST05815,0,Big-basket · Premium-basket — Baby Care,marketing_run_20261005T135746863
CUST05816,1,Night-time — Sweets & Chocolates,marketing_run_20261005T135746863
CUST05817,5,Night-time — Instant & Frozen Food,marketing_run_20261005T135746863
CUST05818,6,"Frequent · High-value — Atta, Rice & Dal",marketing_run_20261005T135746863
CUST05819,6,"Frequent · High-value — Atta, Rice & Dal",marketing_run_20261005T135746863
CUST05821,6,"Frequent · High-value — Atta, Rice & Dal",marketing_run_20261005T135746863
CUST05822,5,Night-time — Instant & Frozen Food,marketing_run_20261005T135746863
CUST05823,1,Night-time — Sweets & Chocolates,marketing_run_20261005T135746863
CUST05824,6,"Frequent · High-value — Atta, Rice & Dal",marketing_run_20261005T135746863
CUST05825,4,Everyday — Health & Wellness,marketing_run_20261005T135746863
CUST05826,1,Night-time — Sweets & Chocolates,marketing_run_20261005T135746863
CUST05827,1,Night-time — Sweets & Chocolates,marketing_run_20261005T135746863
CUST05828,0,Big-basket · Premium-basket — Baby Care,marketing_run_20261005T135746863
CUST05829,0,Big-basket · Premium-basket — Baby Care,marketing_run_20261005T135746863
CUST05830,0,Big-basket · Premium-basket — Baby Care,marketing_run_20261005T135746863
CUST05831,6,"Frequent · High-value — Atta, Rice & Dal",marketing_run_20261005T135746863
CUST05832,0,Big-basket · Premium-basket — Baby Care,marketing_run_20261005T135746863
CUST05833,0,Big-basket · Premium-basket — Baby Care,marketing_run_20261005T135746863
CUST05834,6,"Frequent · High-value — Atta, Rice & Dal",marketing_run_20261005T135746863
CUST05835,1,Night-time — Sweets & Chocolates,marketing_run_20261005T135746863
CUST05836,0,Big-basket · Premium-basket — Baby Care,marketing_run_20261005T135746863
CUST05839,2,Everyday — Gourmet & Organic,marketing_run_20261005T135746863
CUST05840,6,"Frequent · High-value — Atta, Rice & Dal",marketing_run_20261005T135746863
CUST05841,2,Everyday — Gourmet & Organic,marketing_run_20261005T135746863
CUST05842,1,Night-time — Sweets & Chocolates,marketing_run_20261005T135746863
CUST05844,3,"Everyday — Atta, Rice & Dal",marketing_run_20261005T135746863
CUST05845,1,Night-time — Sweets & Chocolates,marketing_run_20261005T135746863
CUST05846,6,"Frequent · High-value — Atta, Rice & Dal",marketing_run_20261005T135746863
CUST05847,2,Everyday — Gourmet & Organic,marketing_run_20261005T135746863
CUST05848,3,"Everyday — Atta, Rice & Dal",marketing_run_20261005T135746863
CUST05850,4,Everyday — Health & Wellness,marketing_run_20261005T135746863
CUST05852,3,"Everyday — Atta, Rice & Dal",marketing_run_20261005T135746863
CUST05853,1,Night-time — Sweets & Chocolates,marketing_run_20261005T135746863
CUST05854,3,"Everyday — Atta, Rice & Dal",marketing_run_20261005T135746863
CUST05855,2,Everyday — Gourmet & Organic,marketing_run_20261005T135746863
CUST05856,0,Big-basket · Premium-basket — Baby Care,marketing_run_20261005T135746863
CUST05857,1,Night-time — Sweets & Chocolates,marketing_run_20261005T135746863
CUST05859,3,"Everyday — Atta, Rice & Dal",marketing_run_20261005T135746863
CUST05860,2,Everyday — Gourmet & Organic,marketing_run_20261005T135746863
CUST05861,3,"Everyday — Atta, Rice & Dal",marketing_run_20261005T135746863
CUST05863,6,"Frequent · High-value — Atta, Rice & Dal",marketing_run_20261005T135746863
CUST05864,6,"Frequent · High-value — Atta, Rice & Dal",marketing_run_20261005T135746863
CUST05865,1,Night-time — Sweets & Chocolates,marketing_run_20261005T135746863
CUST05866,6,"Frequent · High-value — Atta, Rice & Dal",marketing_run_20261005T135746863
CUST05867,6,"Frequent · High-value — Atta, Rice & Dal",marketing_run_20261005T135746863
CUST05869,0,Big-basket · Premium-basket — Baby Care,marketing_run_20261005T135746863
CUST05870,0,Big-basket · Premium-basket — Baby Care,marketing_run_20261005T135746863
CUST05871,0,Big-basket · Premium-basket — Baby Care,marketing_run_20261005T135746863
CUST05872,1,Night-time — Sweets & Chocolates,marketing_run_20261005T135746863
CUST05873,3,"Everyday — Atta, Rice & Dal",marketing_run_20261005T135746863
CUST05874,6,"Frequent · High-value — Atta, Rice & Dal",marketing_run_20261005T135746863
CUST05875,6,"Frequent · High-value — Atta, Rice & Dal",marketing_run_20261005T135746863
CUST05876,2,Everyday — Gourmet & Organic,marketing_run_20261005T135746863
CUST05877,1,Night-time — Sweets & Chocolates,marketing_run_20261005T135746863
CUST05878,0,Big-basket · Premium-basket — Baby Care,marketing_run_20261005T135746863
CUST05879,3,"Everyday — Atta, Rice & Dal",marketing_run_20261005T135746863
CUST05880,0,Big-basket · Premium-basket — Baby Care,marketing_run_20261005T135746863
CUST05881,2,Everyday — Gourmet & Organic,marketing_run_20261005T135746863
CUST05882,1,Night-time — Sweets & Chocolates,marketing_run_20261005T135746863
CUST05883,1,Night-time — Sweets & Chocolates,marketing_run_20261005T135746863
CUST05885,2,Everyday — Gourmet & Organic,marketing_run_20261005T135746863
CUST05886,6,"Frequent · High-value — Atta, Rice & Dal",marketing_run_20261005T135746863
CUST05887,6,"Frequent · High-value — Atta, Rice & Dal",marketing_run_20261005T135746863
CUST05888,3,"Everyday — Atta, Rice & Dal",marketing_run_20261005T135746863
CUST05889,0,Big-basket · Premium-basket — Baby Care,marketing_run_20261005T135746863
CUST05890,1,Night-time — Sweets & Chocolates,marketing_run_20261005T135746863
CUST05891,0,Big-basket · Premium-basket — Baby Care,marketing_run_20261005T135746863
CUST05894,2,Everyday — Gourmet & Organic,marketing_run_20261005T135746863
CUST05895,0,Big-basket · Premium-basket — Baby Care,marketing_run_20261005T135746863
CUST05896,2,Everyday — Gourmet & Organic,marketing_run_20261005T135746863
CUST05897,3,"Everyday — Atta, Rice & Dal",marketing_run_20261005T135746863
CUST05898,0,Big-basket · Premium-basket — Baby Care,marketing_run_20261005T135746863
CUST05899,0,Big-basket · Premium-basket — Baby Care,marketing_run_20261005T135746863
CUST05901,5,Night-time — Instant & Frozen Food,marketing_run_20261005T135746863
CUST05902,6,"Frequent · High-value — Atta, Rice & Dal",marketing_run_20261005T135746863
CUST05903,0,Big-basket · Premium-basket — Baby Care,marketing_run_20261005T135746863
CUST05904,2,Everyday — Gourmet & Organic,marketing_run_20261005T135746863
CUST05905,6,"Frequent · High-value — Atta, Rice & Dal",marketing_run_20261005T135746863
CUST05906,6,"Frequent · High-value — Atta, Rice & Dal",marketing_run_20261005T135746863
CUST05907,6,"Frequent · High-value — Atta, Rice & Dal",marketing_run_20261005T135746863
CUST05908,0,Big-basket · Premium-basket — Baby Care,marketing_run_20261005T135746863
CUST05909,2,Everyday — Gourmet & Organic,marketing_run_20261005T135746863
CUST05910,6,"Frequent · High-value — Atta, Rice & Dal",marketing_run_20261005T135746863
CUST05912,1,Night-time — Sweets & Chocolates,marketing_run_20261005T135746863
CUST05913,4,Everyday — Health & Wellness,marketing_run_20261005T135746863
CUST05914,6,"Frequent · High-value — Atta, Rice & Dal",marketing_run_20261005T135746863
CUST05916,6,"Frequent · High-value — Atta, Rice & Dal",marketing_run_20261005T135746863
CUST05917,4,Everyday — Health & Wellness,marketing_run_20261005T135746863
CUST05918,3,"Everyday — Atta, Rice & Dal",marketing_run_20261005T135746863
CUST05920,6,"Frequent · High-value — Atta, Rice & Dal",marketing_run_20261005T135746863
CUST05921,4,Everyday — Health & Wellness,marketing_run_20261005T135746863
CUST05922,6,"Frequent · High-value — Atta, Rice & Dal",marketing_run_20261005T135746863
CUST05923,3,"Everyday — Atta, Rice & Dal",marketing_run_20261005T135746863
CUST05924,6,"Frequent · High-value — Atta, Rice & Dal",marketing_run_20261005T135746863
CUST05925,1,Night-time — Sweets & Chocolates,marketing_run_20261005T135746863
CUST05926,4,Everyday — Health & Wellness,marketing_run_20261005T135746863
CUST05927,3,"Everyday — Atta, Rice & Dal",marketing_run_20261005T135746863
CUST05928,6,"Frequent · High-value — Atta, Rice & Dal",marketing_run_20261005T135746863
CUST05929,3,"Everyday — Atta, Rice & Dal",marketing_run_20261005T135746863
CUST05930,1,Night-time — Sweets & Chocolates,marketing_run_20261005T135746863
CUST05933,3,"Everyday — Atta, Rice & Dal",marketing_run_20261005T135746863
CUST05935,6,"Frequent · High-value — Atta, Rice & Dal",marketing_run_20261005T135746863
CUST05936,0,Big-basket · Premium-basket — Baby Care,marketing_run_20261005T135746863
CUST05937,3,"Everyday — Atta, Rice & Dal",marketing_run_20261005T135746863
CUST05938,1,Night-time — Sweets & Chocolates,marketing_run_20261005T135746863
CUST05939,6,"Frequent · High-value — Atta, Rice & Dal",marketing_run_20261005T135746863
CUST05940,1,Night-time — Sweets & Chocolates,marketing_run_20261005T135746863
CUST05943,3,"Everyday — Atta, Rice & Dal",marketing_run_20261005T135746863
CUST05944,4,Everyday — Health & Wellness,marketing_run_20261005T135746863
CUST05945,3,"Everyday — Atta, Rice & Dal",marketing_run_20261005T135746863
CUST05946,6,"Frequent · High-value — Atta, Rice & Dal",marketing_run_20261005T135746863
CUST05947,3,"Everyday — Atta, Rice & Dal",marketing_run_20261005T135746863
CUST05948,6,"Frequent · High-value — Atta, Rice & Dal",marketing_run_20261005T135746863
CUST05949,0,Big-basket · Premium-basket — Baby Care,marketing_run_20261005T135746863
CUST05950,1,Night-time — Sweets & Chocolates,marketing_run_20261005T135746863
CUST05951,5,Night-time — Instant & Frozen Food,marketing_run_20261005T135746863
CUST05952,3,"Everyday — Atta, Rice & Dal",marketing_run_20261005T135746863
CUST05953,6,"Frequent · High-value — Atta, Rice & Dal",marketing_run_20261005T135746863
CUST05954,1,Night-time — Sweets & Chocolates,marketing_run_20261005T135746863
CUST05955,6,"Frequent · High-value — Atta, Rice & Dal",marketing_run_20261005T135746863
CUST05956,3,"Everyday — Atta, Rice & Dal",marketing_run_20261005T135746863
CUST05957,0,Big-basket · Premium-basket — Baby Care,marketing_run_20261005T135746863
CUST05958,2,Everyday — Gourmet & Organic,marketing_run_20261005T135746863
CUST05959,2,Everyday — Gourmet & Organic,marketing_run_20261005T135746863
CUST05960,2,Everyday — Gourmet & Organic,marketing_run_20261005T135746863
CUST05961,3,"Everyday — Atta, Rice & Dal",marketing_run_20261005T135746863
CUST05962,1,Night-time — Sweets & Chocolates,marketing_run_20261005T135746863
CUST05963,0,Big-basket · Premium-basket — Baby Care,marketing_run_20261005T135746863
CUST05964,6,"Frequent · High-value — Atta, Rice & Dal",marketing_run_20261005T135746863
CUST05965,2,Everyday — Gourmet & Organic,marketing_run_20261005T135746863
CUST05966,2,Everyday — Gourmet & Organic,marketing_run_20261005T135746863
CUST05967,0,Big-basket · Premium-basket — Baby Care,marketing_run_20261005T135746863
CUST05968,1,Night-time — Sweets & Chocolates,marketing_run_20261005T135746863
CUST05969,6,"Frequent · High-value — Atta, Rice & Dal",marketing_run_20261005T135746863
CUST05970,0,Big-basket · Premium-basket — Baby Care,marketing_run_20261005T135746863
CUST05971,0,Big-basket · Premium-basket — Baby Care,marketing_run_20261005T135746863
CUST05972,0,Big-basket · Premium-basket — Baby Care,marketing_run_20261005T135746863
CUST05973,6,"Frequent · High-value — Atta, Rice & Dal",marketing_run_20261005T135746863
CUST05974,4,Everyday — Health & Wellness,marketing_run_20261005T135746863
CUST05975,0,Big-basket · Premium-basket — Baby Care,marketing_run_20261005T135746863
CUST05977,0,Big-basket · Premium-basket — Baby Care,marketing_run_20261005T135746863
CUST05978,2,Everyday — Gourmet & Organic,marketing_run_20261005T135746863
CUST05979,3,"Everyday — Atta, Rice & Dal",marketing_run_20261005T135746863
CUST05980,6,"Frequent · High-value — Atta, Rice & Dal",marketing_run_20261005T135746863
CUST05981,1,Night-time — Sweets & Chocolates,marketing_run_20261005T135746863
CUST05982,4,Everyday — Health & Wellness,marketing_run_20261005T135746863
CUST05984,6,"Frequent · High-value — Atta, Rice & Dal",marketing_run_20261005T135746863
CUST05985,0,Big-basket · Premium-basket — Baby Care,marketing_run_20261005T135746863
CUST05986,6,"Frequent · High-value — Atta, Rice & Dal",marketing_run_20261005T135746863
CUST05987,1,Night-time — Sweets & Chocolates,marketing_run_20261005T135746863
CUST05988,1,Night-time — Sweets & Chocolates,marketing_run_20261005T135746863
CUST05990,6,"Frequent · High-value — Atta, Rice & Dal",marketing_run_20261005T135746863
CUST05991,3,"Everyday — Atta, Rice & Dal",marketing_run_20261005T135746863
CUST05992,6,"Frequent · High-value — Atta, Rice & Dal",marketing_run_20261005T135746863
CUST05993,2,Everyday — Gourmet & Organic,marketing_run_20261005T135746863
CUST05994,1,Night-time — Sweets & Chocolates,marketing_run_20261005T135746863
CUST05995,6,"Frequent · High-value — Atta, Rice & Dal",marketing_run_20261005T135746863
CUST05996,2,Everyday — Gourmet & Organic,marketing_run_20261005T135746863
CUST05997,6,"Frequent · High-value — Atta, Rice & Dal",marketing_run_20261005T135746863
CUST05998,0,Big-basket · Premium-basket — Baby Care,marketing_run_20261005T135746863
CUST05999,0,Big-basket · Premium-basket — Baby Care,marketing_run_20261005T135746863
CUST06000,6,"Frequent · High-value — Atta, Rice & Dal",marketing_run_20261005T135746863
