as_of_date,store_id,product_id,closing_stock,forecast_demand_protection,demand_std_28d,safety_stock,suggested_qty,risk_tier,lead_time_days,review_days,service_level,run_type,model_version
2025-08-31,S01,P0003,11,3.398,1.122,2.62,0,Low,2,1,0.95,backtest,demand_forecast_run_20261005T130920538
2025-08-31,S01,P0022,11,2.472,1.633,3.81,0,Low,2,1,0.95,backtest,demand_forecast_run_20261005T130920538
2025-08-31,S01,P0032,35,11.767,3.475,8.11,0,Low,2,1,0.95,backtest,demand_forecast_run_20261005T130920538
2025-08-31,S01,P0053,3,2.162,0.922,2.15,2,Medium,2,1,0.95,backtest,demand_forecast_run_20261005T130920538
2025-08-31,S01,P0073,11,1.198,1.138,2.66,0,Low,2,1,0.95,backtest,demand_forecast_run_20261005T130920538
2025-08-31,S01,P0170,15,1.041,0.737,1.72,0,Low,2,1,0.95,backtest,demand_forecast_run_20261005T130920538
2025-08-31,S01,P0206,7,3.109,1.343,3.13,0,Low,2,1,0.95,backtest,demand_forecast_run_20261005T130920538
2025-08-31,S01,P0213,6,2.811,1.016,2.37,0,Low,2,1,0.95,backtest,demand_forecast_run_20261005T130920538
2025-08-31,S01,P0252,10,5.128,1.503,3.51,0,Low,2,1,0.95,backtest,demand_forecast_run_20261005T130920538
2025-08-31,S01,P0272,3,1.357,0.832,1.94,1,Medium,2,1,0.95,backtest,demand_forecast_run_20261005T130920538
2025-08-31,S01,P0288,4,2.299,1.224,2.86,2,Medium,2,1,0.95,backtest,demand_forecast_run_20261005T130920538
2025-08-31,S01,P0316,6,0.797,0.678,1.58,0,Low,2,1,0.95,backtest,demand_forecast_run_20261005T130920538
2025-08-31,S01,P0369,8,5.548,2.439,5.69,4,Medium,2,1,0.95,backtest,demand_forecast_run_20261005T130920538
2025-08-31,S01,P0381,8,1.038,0.962,2.24,0,Low,2,1,0.95,backtest,demand_forecast_run_20261005T130920538
2025-08-31,S01,P0391,6,5.82,1.602,3.74,4,Low,2,1,0.95,backtest,demand_forecast_run_20261005T130920538
2025-08-31,S01,P0392,7,2.964,1.013,2.36,0,Low,2,1,0.95,backtest,demand_forecast_run_20261005T130920538
2025-08-31,S01,P0408,5,1.701,0.685,1.6,0,Low,2,1,0.95,backtest,demand_forecast_run_20261005T130920538
2025-08-31,S01,P0409,8,3.053,0.937,2.19,0,Low,2,1,0.95,backtest,demand_forecast_run_20261005T130920538
2025-08-31,S01,P0433,7,0.852,0.713,1.66,0,Low,2,1,0.95,backtest,demand_forecast_run_20261005T130920538
2025-08-31,S01,P0435,14,4.471,1.236,2.88,0,Low,2,1,0.95,backtest,demand_forecast_run_20261005T130920538
2025-08-31,S01,P0445,0,3.003,1.386,3.23,7,High,2,1,0.95,backtest,demand_forecast_run_20261005T130920538
2025-08-31,S01,P0507,21,9.817,2.063,4.82,0,Low,2,1,0.95,backtest,demand_forecast_run_20261005T130920538
2025-08-31,S01,P0563,11,2.236,1.414,3.3,0,Low,2,1,0.95,backtest,demand_forecast_run_20261005T130920538
2025-08-31,S01,P0579,7,2.137,1.232,2.88,0,Low,2,1,0.95,backtest,demand_forecast_run_20261005T130920538
2025-08-31,S01,P0589,5,3.156,1.538,3.59,2,Low,2,1,0.95,backtest,demand_forecast_run_20261005T130920538
2025-08-31,S02,P0003,5,3.726,1.374,3.21,2,Medium,2,1,0.95,backtest,demand_forecast_run_20261005T130920538
2025-08-31,S02,P0022,16,2.843,1.37,3.2,0,Low,2,1,0.95,backtest,demand_forecast_run_20261005T130920538
2025-08-31,S02,P0032,45,10.8,2.95,6.88,0,Low,2,1,0.95,backtest,demand_forecast_run_20261005T130920538
2025-08-31,S02,P0053,5,1.131,0.67,1.56,0,Low,2,1,0.95,backtest,demand_forecast_run_20261005T130920538
2025-08-31,S02,P0073,9,0.795,0.612,1.43,0,Low,2,1,0.95,backtest,demand_forecast_run_20261005T130920538
2025-08-31,S02,P0170,3,1.107,0.559,1.3,0,Medium,2,1,0.95,backtest,demand_forecast_run_20261005T130920538
2025-08-31,S02,P0206,11,3.06,1.42,3.31,0,Low,2,1,0.95,backtest,demand_forecast_run_20261005T130920538
2025-08-31,S02,P0213,11,3.854,1.74,4.06,0,Low,2,1,0.95,backtest,demand_forecast_run_20261005T130920538
2025-08-31,S02,P0252,19,4.046,1.597,3.73,0,Low,2,1,0.95,backtest,demand_forecast_run_20261005T130920538
2025-08-31,S02,P0272,3,0.795,0.945,2.2,0,Medium,2,1,0.95,backtest,demand_forecast_run_20261005T130920538
2025-08-31,S02,P0288,6,1.807,1.17,2.73,0,Low,2,1,0.95,backtest,demand_forecast_run_20261005T130920538
2025-08-31,S02,P0316,4,0.886,0.685,1.6,0,Low,2,1,0.95,backtest,demand_forecast_run_20261005T130920538
2025-08-31,S02,P0369,26,4.276,2.119,4.94,0,Low,2,1,0.95,backtest,demand_forecast_run_20261005T130920538
2025-08-31,S02,P0381,3,1.236,0.839,1.96,1,Medium,2,1,0.95,backtest,demand_forecast_run_20261005T130920538
2025-08-31,S02,P0391,0,5.404,1.666,3.89,10,High,2,1,0.95,backtest,demand_forecast_run_20261005T130920538
2025-08-31,S02,P0392,9,0.981,0.67,1.56,0,Low,2,1,0.95,backtest,demand_forecast_run_20261005T130920538
2025-08-31,S02,P0408,6,2.911,1.239,2.89,0,Low,2,1,0.95,backtest,demand_forecast_run_20261005T130920538
2025-08-31,S02,P0409,15,4.134,1.351,3.15,0,Low,2,1,0.95,backtest,demand_forecast_run_20261005T130920538
2025-08-31,S02,P0433,13,0.47,0.772,1.8,0,Low,2,1,0.95,backtest,demand_forecast_run_20261005T130920538
2025-08-31,S02,P0435,12,4.983,2.337,5.45,0,Low,2,1,0.95,backtest,demand_forecast_run_20261005T130920538
2025-08-31,S02,P0445,4,1.439,0.962,2.24,0,Medium,2,1,0.95,backtest,demand_forecast_run_20261005T130920538
2025-08-31,S02,P0507,44,11.509,2.447,5.71,0,Low,2,1,0.95,backtest,demand_forecast_run_20261005T130920538
2025-08-31,S02,P0563,15,3.355,1.768,4.13,0,Low,2,1,0.95,backtest,demand_forecast_run_20261005T130920538
2025-08-31,S02,P0579,8,1.772,0.881,2.06,0,Low,2,1,0.95,backtest,demand_forecast_run_20261005T130920538
2025-08-31,S02,P0589,2,1.686,1.124,2.62,3,Medium,2,1,0.95,backtest,demand_forecast_run_20261005T130920538
2025-08-31,S03,P0003,0,3.447,1.407,3.28,7,High,2,1,0.95,backtest,demand_forecast_run_20261005T130920538
2025-08-31,S03,P0022,9,1.754,1.175,2.74,0,Low,2,1,0.95,backtest,demand_forecast_run_20261005T130920538
2025-08-31,S03,P0032,18,11.296,2.411,5.63,0,Low,2,1,0.95,backtest,demand_forecast_run_20261005T130920538
2025-08-31,S03,P0053,8,3.1,1.374,3.21,0,Low,2,1,0.95,backtest,demand_forecast_run_20261005T130920538
2025-08-31,S03,P0073,6,0.314,0.315,0.73,0,Low,2,1,0.95,backtest,demand_forecast_run_20261005T130920538
2025-08-31,S03,P0170,5,1.674,1.177,2.75,0,Low,2,1,0.95,backtest,demand_forecast_run_20261005T130920538
2025-08-31,S03,P0206,6,3.001,1.401,3.27,1,Medium,2,1,0.95,backtest,demand_forecast_run_20261005T130920538
2025-08-31,S03,P0213,8,2.93,1.076,2.51,0,Low,2,1,0.95,backtest,demand_forecast_run_20261005T130920538
2025-08-31,S03,P0252,16,4.194,2.394,5.59,0,Low,2,1,0.95,backtest,demand_forecast_run_20261005T130920538
2025-08-31,S03,P0272,9,0.942,0.772,1.8,0,Low,2,1,0.95,backtest,demand_forecast_run_20261005T130920538
2025-08-31,S03,P0288,5,1.686,0.962,2.24,0,Low,2,1,0.95,backtest,demand_forecast_run_20261005T130920538
2025-08-31,S03,P0316,9,1.186,1.133,2.64,0,Low,2,1,0.95,backtest,demand_forecast_run_20261005T130920538
2025-08-31,S03,P0369,17,4.669,2.077,4.85,0,Low,2,1,0.95,backtest,demand_forecast_run_20261005T130920538
2025-08-31,S03,P0381,9,1.152,0.786,1.83,0,Low,2,1,0.95,backtest,demand_forecast_run_20261005T130920538
2025-08-31,S03,P0391,8,5.051,2.063,4.81,2,Low,2,1,0.95,backtest,demand_forecast_run_20261005T130920538
2025-08-31,S03,P0392,4,2.318,0.693,1.62,0,Low,2,1,0.95,backtest,demand_forecast_run_20261005T130920538
2025-08-31,S03,P0408,4,1.107,0.6,1.4,0,Medium,2,1,0.95,backtest,demand_forecast_run_20261005T130920538
2025-08-31,S03,P0409,10,2.884,0.78,1.82,0,Low,2,1,0.95,backtest,demand_forecast_run_20261005T130920538
2025-08-31,S03,P0433,4,0.536,0.499,1.16,0,Low,2,1,0.95,backtest,demand_forecast_run_20261005T130920538
2025-08-31,S03,P0435,5,5.187,1.597,3.73,4,High,2,1,0.95,backtest,demand_forecast_run_20261005T130920538
2025-08-31,S03,P0445,12,1.631,0.69,1.61,0,Low,2,1,0.95,backtest,demand_forecast_run_20261005T130920538
2025-08-31,S03,P0507,17,12.637,2.374,5.54,2,Low,2,1,0.95,backtest,demand_forecast_run_20261005T130920538
2025-08-31,S03,P0563,10,4.083,1.571,3.67,0,Low,2,1,0.95,backtest,demand_forecast_run_20261005T130920538
2025-08-31,S03,P0579,8,2.083,1.232,2.87,0,Low,2,1,0.95,backtest,demand_forecast_run_20261005T130920538
2025-08-31,S03,P0589,9,2.909,1.453,3.39,0,Low,2,1,0.95,backtest,demand_forecast_run_20261005T130920538
2025-08-31,S04,P0003,4,3.569,1.458,3.4,3,Medium,2,1,0.95,backtest,demand_forecast_run_20261005T130920538
2025-08-31,S04,P0022,12,2.031,0.995,2.32,0,Low,2,1,0.95,backtest,demand_forecast_run_20261005T130920538
2025-08-31,S04,P0032,37,7.647,3.339,7.79,0,Low,2,1,0.95,backtest,demand_forecast_run_20261005T130920538
2025-08-31,S04,P0053,8,1.738,0.742,1.73,0,Low,2,1,0.95,backtest,demand_forecast_run_20261005T130920538
2025-08-31,S04,P0073,6,0.798,0.713,1.66,0,Low,2,1,0.95,backtest,demand_forecast_run_20261005T130920538
2025-08-31,S04,P0170,6,1.334,0.723,1.69,0,Low,2,1,0.95,backtest,demand_forecast_run_20261005T130920538
2025-08-31,S04,P0206,10,2.111,1.436,3.35,0,Low,2,1,0.95,backtest,demand_forecast_run_20261005T130920538
2025-08-31,S04,P0213,7,1.693,0.962,2.25,0,Low,2,1,0.95,backtest,demand_forecast_run_20261005T130920538
2025-08-31,S04,P0252,20,2.305,1.467,3.42,0,Low,2,1,0.95,backtest,demand_forecast_run_20261005T130920538
2025-08-31,S04,P0272,8,1.196,0.836,1.95,0,Low,2,1,0.95,backtest,demand_forecast_run_20261005T130920538
2025-08-31,S04,P0288,8,1.156,0.694,1.62,0,Low,2,1,0.95,backtest,demand_forecast_run_20261005T130920538
2025-08-31,S04,P0316,5,0.469,0.81,1.89,0,Low,2,1,0.95,backtest,demand_forecast_run_20261005T130920538
2025-08-31,S04,P0369,18,3.71,1.436,3.35,0,Low,2,1,0.95,backtest,demand_forecast_run_20261005T130920538
2025-08-31,S04,P0381,5,1.196,0.959,2.24,0,Low,2,1,0.95,backtest,demand_forecast_run_20261005T130920538
2025-08-31,S04,P0391,12,3.584,1.249,2.91,0,Low,2,1,0.95,backtest,demand_forecast_run_20261005T130920538
2025-08-31,S04,P0392,8,0.7,0.448,1.05,0,Low,2,1,0.95,backtest,demand_forecast_run_20261005T130920538
2025-08-31,S04,P0408,11,1.019,1.036,2.42,0,Low,2,1,0.95,backtest,demand_forecast_run_20261005T130920538
2025-08-31,S04,P0409,10,2.595,0.838,1.96,0,Low,2,1,0.95,backtest,demand_forecast_run_20261005T130920538
2025-08-31,S04,P0433,5,0.6,0.476,1.11,0,Low,2,1,0.95,backtest,demand_forecast_run_20261005T130920538
2025-08-31,S04,P0435,12,4.047,1.818,4.24,0,Low,2,1,0.95,backtest,demand_forecast_run_20261005T130920538
2025-08-31,S04,P0445,9,0.626,0.418,0.98,0,Low,2,1,0.95,backtest,demand_forecast_run_20261005T130920538
2025-08-31,S04,P0507,26,9.178,2.24,5.23,0,Low,2,1,0.95,backtest,demand_forecast_run_20261005T130920538
2025-08-31,S04,P0563,8,1.994,0.976,2.28,0,Low,2,1,0.95,backtest,demand_forecast_run_20261005T130920538
2025-08-31,S04,P0579,6,1.557,0.723,1.69,0,Low,2,1,0.95,backtest,demand_forecast_run_20261005T130920538
2025-08-31,S04,P0589,9,2.119,1.02,2.38,0,Low,2,1,0.95,backtest,demand_forecast_run_20261005T130920538
2025-08-31,S05,P0003,7,1.886,0.916,2.14,0,Low,2,1,0.95,backtest,demand_forecast_run_20261005T130920538
2025-08-31,S05,P0022,3,1.792,1.287,3,2,Medium,2,1,0.95,backtest,demand_forecast_run_20261005T130920538
2025-08-31,S05,P0032,32,6.913,3.071,7.17,0,Low,2,1,0.95,backtest,demand_forecast_run_20261005T130920538
2025-08-31,S05,P0053,7,0.686,0.356,0.83,0,Low,2,1,0.95,backtest,demand_forecast_run_20261005T130920538
2025-08-31,S05,P0073,5,0.524,0.585,1.37,0,Low,2,1,0.95,backtest,demand_forecast_run_20261005T130920538
2025-08-31,S05,P0170,2,1.118,0.742,1.73,1,Medium,2,1,0.95,backtest,demand_forecast_run_20261005T130920538
2025-08-31,S05,P0206,1,1.352,1.249,2.91,4,High,2,1,0.95,backtest,demand_forecast_run_20261005T130920538
2025-08-31,S05,P0213,5,1.713,0.838,1.96,0,Low,2,1,0.95,backtest,demand_forecast_run_20261005T130920538
2025-08-31,S05,P0252,10,2.903,1.37,3.2,0,Low,2,1,0.95,backtest,demand_forecast_run_20261005T130920538
2025-08-31,S05,P0272,6,1.272,0.786,1.83,0,Low,2,1,0.95,backtest,demand_forecast_run_20261005T130920538
2025-08-31,S05,P0288,12,1.274,0.923,2.15,0,Low,2,1,0.95,backtest,demand_forecast_run_20261005T130920538
2025-08-31,S05,P0316,9,1.117,1.389,3.24,0,Low,2,1,0.95,backtest,demand_forecast_run_20261005T130920538
2025-08-31,S05,P0369,6,3.705,2.261,5.28,3,Medium,2,1,0.95,backtest,demand_forecast_run_20261005T130920538
2025-08-31,S05,P0381,9,0.374,0.476,1.11,0,Low,2,1,0.95,backtest,demand_forecast_run_20261005T130920538
2025-08-31,S05,P0391,5,4.63,1.427,3.33,3,Medium,2,1,0.95,backtest,demand_forecast_run_20261005T130920538
2025-08-31,S05,P0392,4,0.473,0.416,0.97,0,Low,2,1,0.95,backtest,demand_forecast_run_20261005T130920538
2025-08-31,S05,P0408,3,1.337,0.731,1.71,1,Medium,2,1,0.95,backtest,demand_forecast_run_20261005T130920538
2025-08-31,S05,P0409,6,1.598,0.838,1.96,0,Low,2,1,0.95,backtest,demand_forecast_run_20261005T130920538
2025-08-31,S05,P0433,5,0.478,0.6,1.4,0,Low,2,1,0.95,backtest,demand_forecast_run_20261005T130920538
2025-08-31,S05,P0435,10,4.824,3.695,8.62,4,Low,2,1,0.95,backtest,demand_forecast_run_20261005T130920538
2025-08-31,S05,P0445,8,1.439,1.129,2.63,0,Low,2,1,0.95,backtest,demand_forecast_run_20261005T130920538
2025-08-31,S05,P0507,20,6.397,2.549,5.95,0,Low,2,1,0.95,backtest,demand_forecast_run_20261005T130920538
2025-08-31,S05,P0563,16,2.32,1.95,4.55,0,Low,2,1,0.95,backtest,demand_forecast_run_20261005T130920538
2025-08-31,S05,P0579,7,1.106,0.723,1.69,0,Low,2,1,0.95,backtest,demand_forecast_run_20261005T130920538
2025-08-31,S05,P0589,7,2.441,1.101,2.57,0,Low,2,1,0.95,backtest,demand_forecast_run_20261005T130920538
2025-08-31,S06,P0003,3,3.185,1.37,3.2,4,High,2,1,0.95,backtest,demand_forecast_run_20261005T130920538
2025-08-31,S06,P0022,11,1.946,1.044,2.44,0,Low,2,1,0.95,backtest,demand_forecast_run_20261005T130920538
2025-08-31,S06,P0032,42,14.223,3.545,8.27,0,Low,2,1,0.95,backtest,demand_forecast_run_20261005T130920538
2025-08-31,S06,P0053,10,2.507,1.774,4.14,0,Low,2,1,0.95,backtest,demand_forecast_run_20261005T130920538
2025-08-31,S06,P0073,6,2.381,1.056,2.46,0,Low,2,1,0.95,backtest,demand_forecast_run_20261005T130920538
2025-08-31,S06,P0170,7,1.234,0.786,1.83,0,Low,2,1,0.95,backtest,demand_forecast_run_20261005T130920538
2025-08-31,S06,P0206,15,4.184,3.178,7.42,0,Low,2,1,0.95,backtest,demand_forecast_run_20261005T130920538
2025-08-31,S06,P0213,13,5.139,1.685,3.93,0,Low,2,1,0.95,backtest,demand_forecast_run_20261005T130920538
2025-08-31,S06,P0252,1,5.703,1.953,4.56,10,High,2,1,0.95,backtest,demand_forecast_run_20261005T130920538
2025-08-31,S06,P0272,10,1.76,1.1,2.57,0,Low,2,1,0.95,backtest,demand_forecast_run_20261005T130920538
2025-08-31,S06,P0288,9,2.246,0.983,2.29,0,Low,2,1,0.95,backtest,demand_forecast_run_20261005T130920538
2025-08-31,S06,P0316,6,1.957,1.503,3.51,0,Low,2,1,0.95,backtest,demand_forecast_run_20261005T130920538
2025-08-31,S06,P0369,24,6.811,2.483,5.79,0,Low,2,1,0.95,backtest,demand_forecast_run_20261005T130920538
2025-08-31,S06,P0381,8,1.656,1.069,2.49,0,Low,2,1,0.95,backtest,demand_forecast_run_20261005T130920538
2025-08-31,S06,P0391,19,4.271,2.231,5.21,0,Low,2,1,0.95,backtest,demand_forecast_run_20261005T130920538
2025-08-31,S06,P0392,7,2.037,0.836,1.95,0,Low,2,1,0.95,backtest,demand_forecast_run_20261005T130920538
2025-08-31,S06,P0408,8,1.93,1.243,2.9,0,Low,2,1,0.95,backtest,demand_forecast_run_20261005T130920538
2025-08-31,S06,P0409,15,2.241,0.634,1.48,0,Low,2,1,0.95,backtest,demand_forecast_run_20261005T130920538
2025-08-31,S06,P0433,8,0.955,1.136,2.65,0,Low,2,1,0.95,backtest,demand_forecast_run_20261005T130920538
2025-08-31,S06,P0435,10,7.422,1.902,4.44,2,Low,2,1,0.95,backtest,demand_forecast_run_20261005T130920538
2025-08-31,S06,P0445,11,2.826,0.928,2.17,0,Low,2,1,0.95,backtest,demand_forecast_run_20261005T130920538
2025-08-31,S06,P0507,33,18.708,3.437,8.02,0,Low,2,1,0.95,backtest,demand_forecast_run_20261005T130920538
2025-08-31,S06,P0563,16,3.52,1.315,3.07,0,Low,2,1,0.95,backtest,demand_forecast_run_20261005T130920538
2025-08-31,S06,P0579,12,4.202,1.609,3.75,0,Low,2,1,0.95,backtest,demand_forecast_run_20261005T130920538
2025-08-31,S06,P0589,6,3.39,1.249,2.91,1,Medium,2,1,0.95,backtest,demand_forecast_run_20261005T130920538
2025-08-31,S07,P0003,14,2.447,0.881,2.06,0,Low,2,1,0.95,backtest,demand_forecast_run_20261005T130920538
2025-08-31,S07,P0022,4,2.782,1.201,2.8,2,Medium,2,1,0.95,backtest,demand_forecast_run_20261005T130920538
2025-08-31,S07,P0032,37,9.1,2.477,5.78,0,Low,2,1,0.95,backtest,demand_forecast_run_20261005T130920538
2025-08-31,S07,P0053,4,1.162,0.731,1.71,0,Low,2,1,0.95,backtest,demand_forecast_run_20261005T130920538
2025-08-31,S07,P0073,4,0.405,0.448,1.05,0,Low,2,1,0.95,backtest,demand_forecast_run_20261005T130920538
2025-08-31,S07,P0170,8,0.97,0.959,2.24,0,Low,2,1,0.95,backtest,demand_forecast_run_20261005T130920538
2025-08-31,S07,P0206,5,1.93,1.86,4.34,2,Medium,2,1,0.95,backtest,demand_forecast_run_20261005T130920538
2025-08-31,S07,P0213,2,2.466,0.832,1.94,3,High,2,1,0.95,backtest,demand_forecast_run_20261005T130920538
2025-08-31,S07,P0252,0,3.25,1.663,3.88,8,High,2,1,0.95,backtest,demand_forecast_run_20261005T130920538
2025-08-31,S07,P0272,10,0.81,0.6,1.4,0,Low,2,1,0.95,backtest,demand_forecast_run_20261005T130920538
2025-08-31,S07,P0288,6,1.746,1.049,2.45,0,Low,2,1,0.95,backtest,demand_forecast_run_20261005T130920538
2025-08-31,S07,P0316,11,0.422,0.585,1.37,0,Low,2,1,0.95,backtest,demand_forecast_run_20261005T130920538
2025-08-31,S07,P0369,12,3.26,1.541,3.6,0,Low,2,1,0.95,backtest,demand_forecast_run_20261005T130920538
2025-08-31,S07,P0381,6,0.709,0.585,1.37,0,Low,2,1,0.95,backtest,demand_forecast_run_20261005T130920538
2025-08-31,S07,P0391,6,4.067,1.456,3.4,2,Low,2,1,0.95,backtest,demand_forecast_run_20261005T130920538
2025-08-31,S07,P0392,1,2.528,0.916,2.14,4,High,2,1,0.95,backtest,demand_forecast_run_20261005T130920538
2025-08-31,S07,P0408,3,1.386,1.1,2.57,1,Medium,2,1,0.95,backtest,demand_forecast_run_20261005T130920538
2025-08-31,S07,P0409,9,2.866,1.034,2.41,0,Low,2,1,0.95,backtest,demand_forecast_run_20261005T130920538
2025-08-31,S07,P0433,4,0.296,0.416,0.97,0,Low,2,1,0.95,backtest,demand_forecast_run_20261005T130920538
2025-08-31,S07,P0435,12,4.19,1.675,3.91,0,Low,2,1,0.95,backtest,demand_forecast_run_20261005T130920538
2025-08-31,S07,P0445,3,0.837,0.659,1.54,0,Medium,2,1,0.95,backtest,demand_forecast_run_20261005T130920538
2025-08-31,S07,P0507,28,6.487,1.75,4.08,0,Low,2,1,0.95,backtest,demand_forecast_run_20261005T130920538
2025-08-31,S07,P0563,3,2.025,1.243,2.9,2,Medium,2,1,0.95,backtest,demand_forecast_run_20261005T130920538
2025-08-31,S07,P0579,3,1.075,0.568,1.33,0,Medium,2,1,0.95,backtest,demand_forecast_run_20261005T130920538
2025-08-31,S07,P0589,6,2.084,1.156,2.7,0,Low,2,1,0.95,backtest,demand_forecast_run_20261005T130920538
2025-08-31,S08,P0003,19,3.824,2.229,5.2,0,Low,2,1,0.95,backtest,demand_forecast_run_20261005T130920538
2025-08-31,S08,P0022,9,4.127,1.687,3.94,0,Low,2,1,0.95,backtest,demand_forecast_run_20261005T130920538
2025-08-31,S08,P0032,15,13.619,2.925,6.82,6,Medium,2,1,0.95,backtest,demand_forecast_run_20261005T130920538
2025-08-31,S08,P0053,6,1.453,0.994,2.32,0,Low,2,1,0.95,backtest,demand_forecast_run_20261005T130920538
2025-08-31,S08,P0073,4,1.02,0.999,2.33,0,Low,2,1,0.95,backtest,demand_forecast_run_20261005T130920538
2025-08-31,S08,P0170,3,1.885,0.793,1.85,1,Medium,2,1,0.95,backtest,demand_forecast_run_20261005T130920538
2025-08-31,S08,P0206,10,4.707,1.824,4.26,0,Low,2,1,0.95,backtest,demand_forecast_run_20261005T130920538
2025-08-31,S08,P0213,20,2.049,0.967,2.26,0,Low,2,1,0.95,backtest,demand_forecast_run_20261005T130920538
2025-08-31,S08,P0252,3,6.557,2.648,6.18,10,High,2,1,0.95,backtest,demand_forecast_run_20261005T130920538
2025-08-31,S08,P0272,9,1.412,1.096,2.56,0,Low,2,1,0.95,backtest,demand_forecast_run_20261005T130920538
2025-08-31,S08,P0288,8,2.659,0.97,2.26,0,Low,2,1,0.95,backtest,demand_forecast_run_20261005T130920538
2025-08-31,S08,P0316,10,0.73,0.67,1.56,0,Low,2,1,0.95,backtest,demand_forecast_run_20261005T130920538
2025-08-31,S08,P0369,32,6.184,2.332,5.44,0,Low,2,1,0.95,backtest,demand_forecast_run_20261005T130920538
2025-08-31,S08,P0381,10,1.961,1.524,3.56,0,Low,2,1,0.95,backtest,demand_forecast_run_20261005T130920538
2025-08-31,S08,P0391,14,4.7,1.795,4.19,0,Low,2,1,0.95,backtest,demand_forecast_run_20261005T130920538
2025-08-31,S08,P0392,2,2.343,1.393,3.25,4,High,2,1,0.95,backtest,demand_forecast_run_20261005T130920538
2025-08-31,S08,P0408,7,1.525,1.367,3.19,0,Low,2,1,0.95,backtest,demand_forecast_run_20261005T130920538
2025-08-31,S08,P0409,12,3.723,0.905,2.11,0,Low,2,1,0.95,backtest,demand_forecast_run_20261005T130920538
2025-08-31,S08,P0433,3,1.115,0.875,2.04,1,Low,2,1,0.95,backtest,demand_forecast_run_20261005T130920538
2025-08-31,S08,P0435,14,7.534,2.348,5.48,0,Low,2,1,0.95,backtest,demand_forecast_run_20261005T130920538
2025-08-31,S08,P0445,4,2.235,1.492,3.48,2,Medium,2,1,0.95,backtest,demand_forecast_run_20261005T130920538
2025-08-31,S08,P0507,31,13.024,4.031,9.41,0,Low,2,1,0.95,backtest,demand_forecast_run_20261005T130920538
2025-08-31,S08,P0563,8,3.608,1.768,4.13,0,Medium,2,1,0.95,backtest,demand_forecast_run_20261005T130920538
2025-08-31,S08,P0579,9,2.59,1.069,2.49,0,Low,2,1,0.95,backtest,demand_forecast_run_20261005T130920538
2025-08-31,S08,P0589,0,3.01,2.056,4.8,8,High,2,1,0.95,backtest,demand_forecast_run_20261005T130920538
2025-08-31,S09,P0003,13,2.141,0.793,1.85,0,Low,2,1,0.95,backtest,demand_forecast_run_20261005T130920538
2025-08-31,S09,P0022,18,3.562,1.701,3.97,0,Low,2,1,0.95,backtest,demand_forecast_run_20261005T130920538
2025-08-31,S09,P0032,0,7.807,3.004,7.01,15,High,2,1,0.95,backtest,demand_forecast_run_20261005T130920538
2025-08-31,S09,P0053,10,2.059,2.025,4.73,0,Low,2,1,0.95,backtest,demand_forecast_run_20261005T130920538
2025-08-31,S09,P0073,3,1.171,1.138,2.66,1,Medium,2,1,0.95,backtest,demand_forecast_run_20261005T130920538
2025-08-31,S09,P0170,8,1.12,1,2.33,0,Low,2,1,0.95,backtest,demand_forecast_run_20261005T130920538
2025-08-31,S09,P0206,10,2.716,2.019,4.71,0,Low,2,1,0.95,backtest,demand_forecast_run_20261005T130920538
2025-08-31,S09,P0213,4,4.075,1.779,4.15,5,High,2,1,0.95,backtest,demand_forecast_run_20261005T130920538
2025-08-31,S09,P0252,11,3.551,1.747,4.08,0,Low,2,1,0.95,backtest,demand_forecast_run_20261005T130920538
2025-08-31,S09,P0272,8,0.546,0.518,1.21,0,Low,2,1,0.95,backtest,demand_forecast_run_20261005T130920538
2025-08-31,S09,P0288,8,1.349,0.875,2.04,0,Low,2,1,0.95,backtest,demand_forecast_run_20261005T130920538
2025-08-31,S09,P0316,11,0.959,0.951,2.22,0,Low,2,1,0.95,backtest,demand_forecast_run_20261005T130920538
2025-08-31,S09,P0369,12,4.196,2.103,4.91,0,Low,2,1,0.95,backtest,demand_forecast_run_20261005T130920538
2025-08-31,S09,P0381,7,0.781,0.87,2.03,0,Low,2,1,0.95,backtest,demand_forecast_run_20261005T130920538
2025-08-31,S09,P0391,3,5.148,2.285,5.33,8,High,2,1,0.95,backtest,demand_forecast_run_20261005T130920538
2025-08-31,S09,P0392,11,0.474,0.356,0.83,0,Low,2,1,0.95,backtest,demand_forecast_run_20261005T130920538
2025-08-31,S09,P0408,5,2.464,1.631,3.81,2,Low,2,1,0.95,backtest,demand_forecast_run_20261005T130920538
2025-08-31,S09,P0409,11,2.112,1.062,2.48,0,Low,2,1,0.95,backtest,demand_forecast_run_20261005T130920538
2025-08-31,S09,P0433,7,0.655,0.67,1.56,0,Low,2,1,0.95,backtest,demand_forecast_run_20261005T130920538
2025-08-31,S09,P0435,17,5.476,1.953,4.56,0,Low,2,1,0.95,backtest,demand_forecast_run_20261005T130920538
2025-08-31,S09,P0445,10,2.063,1.771,4.13,0,Low,2,1,0.95,backtest,demand_forecast_run_20261005T130920538
2025-08-31,S09,P0507,40,10.97,2.539,5.93,0,Low,2,1,0.95,backtest,demand_forecast_run_20261005T130920538
2025-08-31,S09,P0563,12,2.967,1.569,3.66,0,Low,2,1,0.95,backtest,demand_forecast_run_20261005T130920538
2025-08-31,S09,P0579,5,2.347,1.272,2.97,1,Low,2,1,0.95,backtest,demand_forecast_run_20261005T130920538
2025-08-31,S09,P0589,0,3.172,1.874,4.37,8,High,2,1,0.95,backtest,demand_forecast_run_20261005T130920538
2025-08-31,S10,P0003,6,3.548,1.138,2.66,1,Low,2,1,0.95,backtest,demand_forecast_run_20261005T130920538
2025-08-31,S10,P0022,6,3.096,1.533,3.58,1,Low,2,1,0.95,backtest,demand_forecast_run_20261005T130920538
2025-08-31,S10,P0032,34,11.757,3.211,7.49,0,Low,2,1,0.95,backtest,demand_forecast_run_20261005T130920538
2025-08-31,S10,P0053,3,0.585,0.585,1.37,0,Medium,2,1,0.95,backtest,demand_forecast_run_20261005T130920538
2025-08-31,S10,P0073,3,0.904,0.723,1.69,0,Medium,2,1,0.95,backtest,demand_forecast_run_20261005T130920538
2025-08-31,S10,P0170,6,1.331,0.923,2.15,0,Low,2,1,0.95,backtest,demand_forecast_run_20261005T130920538
2025-08-31,S10,P0206,3,2.495,1.156,2.7,3,Medium,2,1,0.95,backtest,demand_forecast_run_20261005T130920538
2025-08-31,S10,P0213,6,4.665,1.343,3.13,2,Low,2,1,0.95,backtest,demand_forecast_run_20261005T130920538
2025-08-31,S10,P0252,4,3.594,1.643,3.83,4,Medium,2,1,0.95,backtest,demand_forecast_run_20261005T130920538
2025-08-31,S10,P0272,9,0.803,0.659,1.54,0,Low,2,1,0.95,backtest,demand_forecast_run_20261005T130920538
2025-08-31,S10,P0288,10,2.38,1.076,2.51,0,Low,2,1,0.95,backtest,demand_forecast_run_20261005T130920538
2025-08-31,S10,P0316,12,0.868,0.659,1.54,0,Low,2,1,0.95,backtest,demand_forecast_run_20261005T130920538
2025-08-31,S10,P0369,19,4.074,1.335,3.11,0,Low,2,1,0.95,backtest,demand_forecast_run_20261005T130920538
2025-08-31,S10,P0381,2,1.004,0.678,1.58,1,Medium,2,1,0.95,backtest,demand_forecast_run_20261005T130920538
2025-08-31,S10,P0391,13,4.427,1.707,3.98,0,Low,2,1,0.95,backtest,demand_forecast_run_20261005T130920538
2025-08-31,S10,P0392,7,1.133,0.621,1.45,0,Low,2,1,0.95,backtest,demand_forecast_run_20261005T130920538
2025-08-31,S10,P0408,3,1.197,0.879,2.05,1,Medium,2,1,0.95,backtest,demand_forecast_run_20261005T130920538
2025-08-31,S10,P0409,10,4.366,1.09,2.54,0,Low,2,1,0.95,backtest,demand_forecast_run_20261005T130920538
2025-08-31,S10,P0433,8,0.549,0.499,1.16,0,Low,2,1,0.95,backtest,demand_forecast_run_20261005T130920538
2025-08-31,S10,P0435,10,6.12,2.193,5.12,2,Low,2,1,0.95,backtest,demand_forecast_run_20261005T130920538
2025-08-31,S10,P0445,4,0.931,0.535,1.25,0,Low,2,1,0.95,backtest,demand_forecast_run_20261005T130920538
2025-08-31,S10,P0507,8,13.496,2.475,5.78,12,High,2,1,0.95,backtest,demand_forecast_run_20261005T130920538
2025-08-31,S10,P0563,4,4.518,1.833,4.28,5,High,2,1,0.95,backtest,demand_forecast_run_20261005T130920538
2025-08-31,S10,P0579,10,2.088,0.685,1.6,0,Low,2,1,0.95,backtest,demand_forecast_run_20261005T130920538
2025-08-31,S10,P0589,5,3.426,1.361,3.18,2,Low,2,1,0.95,backtest,demand_forecast_run_20261005T130920538
2025-08-31,S11,P0003,8,5.374,1.571,3.67,2,Low,2,1,0.95,backtest,demand_forecast_run_20261005T130920538
2025-08-31,S11,P0022,5,3.685,1.671,3.9,3,Medium,2,1,0.95,backtest,demand_forecast_run_20261005T130920538
2025-08-31,S11,P0032,24,15.571,3.315,7.73,0,Low,2,1,0.95,backtest,demand_forecast_run_20261005T130920538
2025-08-31,S11,P0053,8,1.639,0.956,2.23,0,Low,2,1,0.95,backtest,demand_forecast_run_20261005T130920538
2025-08-31,S11,P0073,3,1.031,0.962,2.24,1,Medium,2,1,0.95,backtest,demand_forecast_run_20261005T130920538
2025-08-31,S11,P0170,10,1.89,1.188,2.77,0,Low,2,1,0.95,backtest,demand_forecast_run_20261005T130920538
2025-08-31,S11,P0206,20,2.982,1.598,3.73,0,Low,2,1,0.95,backtest,demand_forecast_run_20261005T130920538
2025-08-31,S11,P0213,12,4.488,1.427,3.33,0,Low,2,1,0.95,backtest,demand_forecast_run_20261005T130920538
2025-08-31,S11,P0252,23,7.186,2.119,4.94,0,Low,2,1,0.95,backtest,demand_forecast_run_20261005T130920538
2025-08-31,S11,P0272,10,2.222,1.333,3.11,0,Low,2,1,0.95,backtest,demand_forecast_run_20261005T130920538
2025-08-31,S11,P0288,4,2.737,1.86,4.34,4,Medium,2,1,0.95,backtest,demand_forecast_run_20261005T130920538
2025-08-31,S11,P0316,10,1.964,1.201,2.8,0,Low,2,1,0.95,backtest,demand_forecast_run_20261005T130920538
2025-08-31,S11,P0369,20,6.239,1.789,4.17,0,Low,2,1,0.95,backtest,demand_forecast_run_20261005T130920538
2025-08-31,S11,P0381,6,1.984,1.1,2.57,0,Low,2,1,0.95,backtest,demand_forecast_run_20261005T130920538
2025-08-31,S11,P0391,1,7.002,1.806,4.22,11,High,2,1,0.95,backtest,demand_forecast_run_20261005T130920538
2025-08-31,S11,P0392,5,1.471,0.634,1.48,0,Low,2,1,0.95,backtest,demand_forecast_run_20261005T130920538
2025-08-31,S11,P0408,9,2.353,1.228,2.87,0,Low,2,1,0.95,backtest,demand_forecast_run_20261005T130920538
2025-08-31,S11,P0409,12,3.489,1.036,2.42,0,Low,2,1,0.95,backtest,demand_forecast_run_20261005T130920538
2025-08-31,S11,P0433,9,0.241,0.315,0.73,0,Low,2,1,0.95,backtest,demand_forecast_run_20261005T130920538
2025-08-31,S11,P0435,14,6.757,2.144,5,0,Low,2,1,0.95,backtest,demand_forecast_run_20261005T130920538
2025-08-31,S11,P0445,12,4.569,1.565,3.65,0,Low,2,1,0.95,backtest,demand_forecast_run_20261005T130920538
2025-08-31,S11,P0507,55,17.287,3.043,7.1,0,Low,2,1,0.95,backtest,demand_forecast_run_20261005T130920538
2025-08-31,S11,P0563,19,4.126,2.384,5.56,0,Low,2,1,0.95,backtest,demand_forecast_run_20261005T130920538
2025-08-31,S11,P0579,11,1.938,1.036,2.42,0,Low,2,1,0.95,backtest,demand_forecast_run_20261005T130920538
2025-08-31,S11,P0589,14,2.756,0.854,1.99,0,Low,2,1,0.95,backtest,demand_forecast_run_20261005T130920538
2025-08-31,S12,P0003,14,3.335,1.343,3.13,0,Low,2,1,0.95,backtest,demand_forecast_run_20261005T130920538
2025-08-31,S12,P0022,12,3.148,1.777,4.15,0,Low,2,1,0.95,backtest,demand_forecast_run_20261005T130920538
2025-08-31,S12,P0032,34,10.793,2.793,6.52,0,Low,2,1,0.95,backtest,demand_forecast_run_20261005T130920538
2025-08-31,S12,P0053,0,1.676,1.139,2.66,5,High,2,1,0.95,backtest,demand_forecast_run_20261005T130920538
2025-08-31,S12,P0073,4,0.526,0.568,1.33,0,Low,2,1,0.95,backtest,demand_forecast_run_20261005T130920538
2025-08-31,S12,P0170,10,1.208,0.923,2.15,0,Low,2,1,0.95,backtest,demand_forecast_run_20261005T130920538
2025-08-31,S12,P0206,19,1.597,1.17,2.73,0,Low,2,1,0.95,backtest,demand_forecast_run_20261005T130920538
2025-08-31,S12,P0213,14,3.376,1.274,2.97,0,Low,2,1,0.95,backtest,demand_forecast_run_20261005T130920538
2025-08-31,S12,P0252,28,3.742,1.571,3.67,0,Low,2,1,0.95,backtest,demand_forecast_run_20261005T130920538
2025-08-31,S12,P0272,5,1.139,1.232,2.87,0,Low,2,1,0.95,backtest,demand_forecast_run_20261005T130920538
2025-08-31,S12,P0288,10,1.331,0.548,1.28,0,Low,2,1,0.95,backtest,demand_forecast_run_20261005T130920538
2025-08-31,S12,P0316,2,1.301,1.067,2.49,2,Medium,2,1,0.95,backtest,demand_forecast_run_20261005T130920538
2025-08-31,S12,P0369,17,4.836,2.51,5.86,0,Low,2,1,0.95,backtest,demand_forecast_run_20261005T130920538
2025-08-31,S12,P0381,5,1.052,1.103,2.57,0,Low,2,1,0.95,backtest,demand_forecast_run_20261005T130920538
2025-08-31,S12,P0391,8,2.993,0.916,2.14,0,Low,2,1,0.95,backtest,demand_forecast_run_20261005T130920538
2025-08-31,S12,P0392,8,1.245,0.879,2.05,0,Low,2,1,0.95,backtest,demand_forecast_run_20261005T130920538
2025-08-31,S12,P0408,4,1.263,0.78,1.82,0,Medium,2,1,0.95,backtest,demand_forecast_run_20261005T130920538
2025-08-31,S12,P0409,11,2.704,1.134,2.65,0,Low,2,1,0.95,backtest,demand_forecast_run_20261005T130920538
2025-08-31,S12,P0433,3,0.402,0.315,0.73,0,Low,2,1,0.95,backtest,demand_forecast_run_20261005T130920538
2025-08-31,S12,P0435,3,5.767,1.595,3.72,7,High,2,1,0.95,backtest,demand_forecast_run_20261005T130920538
2025-08-31,S12,P0445,6,1.437,0.832,1.94,0,Low,2,1,0.95,backtest,demand_forecast_run_20261005T130920538
2025-08-31,S12,P0507,43,11.627,3.056,7.13,0,Low,2,1,0.95,backtest,demand_forecast_run_20261005T130920538
2025-08-31,S12,P0563,9,2.191,1.286,3,0,Low,2,1,0.95,backtest,demand_forecast_run_20261005T130920538
2025-08-31,S12,P0579,9,1.352,0.737,1.72,0,Low,2,1,0.95,backtest,demand_forecast_run_20261005T130920538
2025-08-31,S12,P0589,3,2.474,1.124,2.62,3,Medium,2,1,0.95,backtest,demand_forecast_run_20261005T130920538
2025-09-01,S01,P0003,6,3.24,1.303,3.04,1,Medium,2,1,0.95,backtest,demand_forecast_run_20261005T130920538
2025-09-01,S01,P0022,7,2.731,1.715,4,0,Low,2,1,0.95,backtest,demand_forecast_run_20261005T130920538
2025-09-01,S01,P0032,26,10.749,3.521,8.22,0,Low,2,1,0.95,backtest,demand_forecast_run_20261005T130920538
2025-09-01,S01,P0053,3,1.862,0.875,2.04,1,Medium,2,1,0.95,backtest,demand_forecast_run_20261005T130920538
2025-09-01,S01,P0073,7,1.218,1.136,2.65,0,Low,2,1,0.95,backtest,demand_forecast_run_20261005T130920538
2025-09-01,S01,P0170,10,1.394,0.999,2.33,0,Low,2,1,0.95,backtest,demand_forecast_run_20261005T130920538
2025-09-01,S01,P0206,7,2.869,1.362,3.18,0,Low,2,1,0.95,backtest,demand_forecast_run_20261005T130920538
2025-09-01,S01,P0213,5,2.376,1.016,2.37,0,Medium,2,1,0.95,backtest,demand_forecast_run_20261005T130920538
2025-09-01,S01,P0252,4,4.852,1.718,4.01,5,High,2,1,0.95,backtest,demand_forecast_run_20261005T130920538
2025-09-01,S01,P0272,8,1.37,0.826,1.93,0,Low,2,1,0.95,backtest,demand_forecast_run_20261005T130920538
2025-09-01,S01,P0288,11,2.494,1.224,2.86,0,Low,2,1,0.95,backtest,demand_forecast_run_20261005T130920538
2025-09-01,S01,P0316,6,0.698,0.67,1.56,0,Low,2,1,0.95,backtest,demand_forecast_run_20261005T130920538
2025-09-01,S01,P0369,27,5.737,2.459,5.74,0,Low,2,1,0.95,backtest,demand_forecast_run_20261005T130920538
2025-09-01,S01,P0381,7,1.065,0.962,2.25,0,Low,2,1,0.95,backtest,demand_forecast_run_20261005T130920538
2025-09-01,S01,P0391,2,5.754,1.572,3.67,8,High,2,1,0.95,backtest,demand_forecast_run_20261005T130920538
2025-09-01,S01,P0392,7,2.737,0.79,1.84,0,Low,2,1,0.95,backtest,demand_forecast_run_20261005T130920538
2025-09-01,S01,P0408,3,1.55,0.69,1.61,1,Medium,2,1,0.95,backtest,demand_forecast_run_20261005T130920538
2025-09-01,S01,P0409,5,2.784,0.937,2.19,0,Low,2,1,0.95,backtest,demand_forecast_run_20261005T130920538
2025-09-01,S01,P0433,6,0.776,0.723,1.69,0,Low,2,1,0.95,backtest,demand_forecast_run_20261005T130920538
2025-09-01,S01,P0435,11,4.988,1.243,2.9,0,Low,2,1,0.95,backtest,demand_forecast_run_20261005T130920538
2025-09-01,S01,P0445,0,3.288,1.386,3.23,7,High,2,1,0.95,backtest,demand_forecast_run_20261005T130920538
2025-09-01,S01,P0507,10,10.874,2.124,4.96,6,High,2,1,0.95,backtest,demand_forecast_run_20261005T130920538
2025-09-01,S01,P0563,11,2.131,1.414,3.3,0,Low,2,1,0.95,backtest,demand_forecast_run_20261005T130920538
2025-09-01,S01,P0579,7,1.949,1.232,2.88,0,Low,2,1,0.95,backtest,demand_forecast_run_20261005T130920538
2025-09-01,S01,P0589,12,2.808,1.538,3.59,0,Low,2,1,0.95,backtest,demand_forecast_run_20261005T130920538
2025-09-01,S02,P0003,16,3.773,1.37,3.2,0,Low,2,1,0.95,backtest,demand_forecast_run_20261005T130920538
2025-09-01,S02,P0022,13,2.745,1.331,3.11,0,Low,2,1,0.95,backtest,demand_forecast_run_20261005T130920538
2025-09-01,S02,P0032,25,9.534,2.818,6.58,0,Low,2,1,0.95,backtest,demand_forecast_run_20261005T130920538
2025-09-01,S02,P0053,4,1.231,0.678,1.58,0,Low,2,1,0.95,backtest,demand_forecast_run_20261005T130920538
2025-09-01,S02,P0073,9,0.821,0.612,1.43,0,Low,2,1,0.95,backtest,demand_forecast_run_20261005T130920538
2025-09-01,S02,P0170,3,1.207,0.882,2.06,1,Medium,2,1,0.95,backtest,demand_forecast_run_20261005T130920538
2025-09-01,S02,P0206,10,3.002,1.323,3.09,0,Low,2,1,0.95,backtest,demand_forecast_run_20261005T130920538
2025-09-01,S02,P0213,10,3.309,1.75,4.08,0,Low,2,1,0.95,backtest,demand_forecast_run_20261005T130920538
2025-09-01,S02,P0252,10,3.984,1.571,3.67,0,Low,2,1,0.95,backtest,demand_forecast_run_20261005T130920538
2025-09-01,S02,P0272,14,0.821,0.945,2.2,0,Low,2,1,0.95,backtest,demand_forecast_run_20261005T130920538
2025-09-01,S02,P0288,4,2.346,1.17,2.73,2,Medium,2,1,0.95,backtest,demand_forecast_run_20261005T130920538
2025-09-01,S02,P0316,4,0.943,0.685,1.6,0,Low,2,1,0.95,backtest,demand_forecast_run_20261005T130920538
2025-09-01,S02,P0369,17,4.443,2.149,5.02,0,Low,2,1,0.95,backtest,demand_forecast_run_20261005T130920538
2025-09-01,S02,P0381,3,1.185,0.838,1.96,1,Medium,2,1,0.95,backtest,demand_forecast_run_20261005T130920538
2025-09-01,S02,P0391,15,5.171,1.689,3.94,0,Low,2,1,0.95,backtest,demand_forecast_run_20261005T130920538
2025-09-01,S02,P0392,5,1.078,0.836,1.95,0,Low,2,1,0.95,backtest,demand_forecast_run_20261005T130920538
2025-09-01,S02,P0408,4,2.986,1.219,2.84,2,Medium,2,1,0.95,backtest,demand_forecast_run_20261005T130920538
2025-09-01,S02,P0409,13,4.23,1.335,3.11,0,Low,2,1,0.95,backtest,demand_forecast_run_20261005T130920538
2025-09-01,S02,P0433,8,0.431,0.772,1.8,0,Low,2,1,0.95,backtest,demand_forecast_run_20261005T130920538
2025-09-01,S02,P0435,10,6.391,2.358,5.5,2,Low,2,1,0.95,backtest,demand_forecast_run_20261005T130920538
2025-09-01,S02,P0445,12,1.235,0.826,1.93,0,Low,2,1,0.95,backtest,demand_forecast_run_20261005T130920538
2025-09-01,S02,P0507,34,13.089,2.425,5.66,0,Low,2,1,0.95,backtest,demand_forecast_run_20261005T130920538
2025-09-01,S02,P0563,14,3.556,1.75,4.08,0,Low,2,1,0.95,backtest,demand_forecast_run_20261005T130920538
2025-09-01,S02,P0579,8,1.715,0.881,2.06,0,Low,2,1,0.95,backtest,demand_forecast_run_20261005T130920538
2025-09-01,S02,P0589,11,1.677,1.117,2.61,0,Low,2,1,0.95,backtest,demand_forecast_run_20261005T130920538
2025-09-01,S03,P0003,0,3.1,1.412,3.3,7,High,2,1,0.95,backtest,demand_forecast_run_20261005T130920538
2025-09-01,S03,P0022,9,1.654,1.182,2.76,0,Low,2,1,0.95,backtest,demand_forecast_run_20261005T130920538
2025-09-01,S03,P0032,12,11.34,2.418,5.64,5,Medium,2,1,0.95,backtest,demand_forecast_run_20261005T130920538
2025-09-01,S03,P0053,8,2.899,1.374,3.21,0,Low,2,1,0.95,backtest,demand_forecast_run_20261005T130920538
2025-09-01,S03,P0073,4,0.321,0.315,0.73,0,Low,2,1,0.95,backtest,demand_forecast_run_20261005T130920538
2025-09-01,S03,P0170,5,1.583,1.166,2.72,0,Low,2,1,0.95,backtest,demand_forecast_run_20261005T130920538
2025-09-01,S03,P0206,6,3.209,1.399,3.26,1,Medium,2,1,0.95,backtest,demand_forecast_run_20261005T130920538
2025-09-01,S03,P0213,8,2.332,0.989,2.31,0,Low,2,1,0.95,backtest,demand_forecast_run_20261005T130920538
2025-09-01,S03,P0252,15,4.091,2.365,5.52,0,Low,2,1,0.95,backtest,demand_forecast_run_20261005T130920538
2025-09-01,S03,P0272,9,0.964,0.772,1.8,0,Low,2,1,0.95,backtest,demand_forecast_run_20261005T130920538
2025-09-01,S03,P0288,4,1.572,0.916,2.14,0,Low,2,1,0.95,backtest,demand_forecast_run_20261005T130920538
2025-09-01,S03,P0316,6,1.364,1.133,2.64,0,Low,2,1,0.95,backtest,demand_forecast_run_20261005T130920538
2025-09-01,S03,P0369,10,4.632,2.119,4.94,0,Low,2,1,0.95,backtest,demand_forecast_run_20261005T130920538
2025-09-01,S03,P0381,9,1.071,0.731,1.71,0,Low,2,1,0.95,backtest,demand_forecast_run_20261005T130920538
2025-09-01,S03,P0391,5,4.939,2.077,4.85,5,Medium,2,1,0.95,backtest,demand_forecast_run_20261005T130920538
2025-09-01,S03,P0392,3,2.204,0.693,1.62,1,Medium,2,1,0.95,backtest,demand_forecast_run_20261005T130920538
2025-09-01,S03,P0408,2,1.27,0.67,1.56,1,Medium,2,1,0.95,backtest,demand_forecast_run_20261005T130920538
2025-09-01,S03,P0409,4,3.072,0.819,1.91,1,Medium,2,1,0.95,backtest,demand_forecast_run_20261005T130920538
2025-09-01,S03,P0433,4,0.543,0.499,1.16,0,Low,2,1,0.95,backtest,demand_forecast_run_20261005T130920538
2025-09-01,S03,P0435,12,5.717,1.597,3.73,0,Low,2,1,0.95,backtest,demand_forecast_run_20261005T130920538
2025-09-01,S03,P0445,10,1.833,0.69,1.61,0,Low,2,1,0.95,backtest,demand_forecast_run_20261005T130920538
2025-09-01,S03,P0507,14,14.055,2.417,5.64,6,High,2,1,0.95,backtest,demand_forecast_run_20261005T130920538
2025-09-01,S03,P0563,7,4.069,1.545,3.6,1,Low,2,1,0.95,backtest,demand_forecast_run_20261005T130920538
2025-09-01,S03,P0579,7,2.102,1.232,2.87,0,Low,2,1,0.95,backtest,demand_forecast_run_20261005T130920538
2025-09-01,S03,P0589,6,3.1,1.489,3.47,1,Low,2,1,0.95,backtest,demand_forecast_run_20261005T130920538
2025-09-01,S04,P0003,15,3.418,1.458,3.4,0,Low,2,1,0.95,backtest,demand_forecast_run_20261005T130920538
2025-09-01,S04,P0022,11,2.093,1.005,2.34,0,Low,2,1,0.95,backtest,demand_forecast_run_20261005T130920538
2025-09-01,S04,P0032,28,7.829,3.516,8.2,0,Low,2,1,0.95,backtest,demand_forecast_run_20261005T130920538
2025-09-01,S04,P0053,8,1.691,0.742,1.73,0,Low,2,1,0.95,backtest,demand_forecast_run_20261005T130920538
2025-09-01,S04,P0073,4,0.824,0.713,1.66,0,Low,2,1,0.95,backtest,demand_forecast_run_20261005T130920538
2025-09-01,S04,P0170,6,1.223,0.713,1.66,0,Low,2,1,0.95,backtest,demand_forecast_run_20261005T130920538
2025-09-01,S04,P0206,9,2.121,1.416,3.3,0,Low,2,1,0.95,backtest,demand_forecast_run_20261005T130920538
2025-09-01,S04,P0213,7,1.38,0.962,2.24,0,Low,2,1,0.95,backtest,demand_forecast_run_20261005T130920538
2025-09-01,S04,P0252,19,2.371,1.484,3.46,0,Low,2,1,0.95,backtest,demand_forecast_run_20261005T130920538
2025-09-01,S04,P0272,6,1.236,0.836,1.95,0,Low,2,1,0.95,backtest,demand_forecast_run_20261005T130920538
2025-09-01,S04,P0288,5,1.393,0.744,1.74,0,Low,2,1,0.95,backtest,demand_forecast_run_20261005T130920538
2025-09-01,S04,P0316,5,0.514,0.81,1.89,0,Low,2,1,0.95,backtest,demand_forecast_run_20261005T130920538
2025-09-01,S04,P0369,18,3.36,1.436,3.35,0,Low,2,1,0.95,backtest,demand_forecast_run_20261005T130920538
2025-09-01,S04,P0381,5,1.236,0.959,2.24,0,Low,2,1,0.95,backtest,demand_forecast_run_20261005T130920538
2025-09-01,S04,P0391,10,3.593,1.258,2.93,0,Low,2,1,0.95,backtest,demand_forecast_run_20261005T130920538
2025-09-01,S04,P0392,8,0.619,0.448,1.05,0,Low,2,1,0.95,backtest,demand_forecast_run_20261005T130920538
2025-09-01,S04,P0408,8,1.068,1.036,2.42,0,Low,2,1,0.95,backtest,demand_forecast_run_20261005T130920538
2025-09-01,S04,P0409,9,2.094,0.838,1.96,0,Low,2,1,0.95,backtest,demand_forecast_run_20261005T130920538
2025-09-01,S04,P0433,5,0.604,0.476,1.11,0,Low,2,1,0.95,backtest,demand_forecast_run_20261005T130920538
2025-09-01,S04,P0435,14,4.459,1.843,4.3,0,Low,2,1,0.95,backtest,demand_forecast_run_20261005T130920538
2025-09-01,S04,P0445,9,0.603,0.39,0.91,0,Low,2,1,0.95,backtest,demand_forecast_run_20261005T130920538
2025-09-01,S04,P0507,23,10.98,2.154,5.03,0,Low,2,1,0.95,backtest,demand_forecast_run_20261005T130920538
2025-09-01,S04,P0563,7,2.061,0.976,2.28,0,Low,2,1,0.95,backtest,demand_forecast_run_20261005T130920538
2025-09-01,S04,P0579,6,1.256,0.723,1.69,0,Low,2,1,0.95,backtest,demand_forecast_run_20261005T130920538
2025-09-01,S04,P0589,6,2.35,1.101,2.57,0,Low,2,1,0.95,backtest,demand_forecast_run_20261005T130920538
2025-09-01,S05,P0003,7,2.202,0.916,2.14,0,Low,2,1,0.95,backtest,demand_forecast_run_20261005T130920538
2025-09-01,S05,P0022,12,2.524,1.278,2.98,0,Low,2,1,0.95,backtest,demand_forecast_run_20261005T130920538
2025-09-01,S05,P0032,31,8.36,3.145,7.34,0,Low,2,1,0.95,backtest,demand_forecast_run_20261005T130920538
2025-09-01,S05,P0053,6,0.849,0.39,0.91,0,Low,2,1,0.95,backtest,demand_forecast_run_20261005T130920538
2025-09-01,S05,P0073,5,0.588,0.585,1.37,0,Low,2,1,0.95,backtest,demand_forecast_run_20261005T130920538
2025-09-01,S05,P0170,9,1.017,0.678,1.58,0,Low,2,1,0.95,backtest,demand_forecast_run_20261005T130920538
2025-09-01,S05,P0206,13,1.584,1.249,2.91,0,Low,2,1,0.95,backtest,demand_forecast_run_20261005T130920538
2025-09-01,S05,P0213,7,2.217,1.066,2.49,0,Low,2,1,0.95,backtest,demand_forecast_run_20261005T130920538
2025-09-01,S05,P0252,10,3.027,1.393,3.25,0,Low,2,1,0.95,backtest,demand_forecast_run_20261005T130920538
2025-09-01,S05,P0272,9,1.427,0.786,1.83,0,Low,2,1,0.95,backtest,demand_forecast_run_20261005T130920538
2025-09-01,S05,P0288,12,1.268,0.879,2.05,0,Low,2,1,0.95,backtest,demand_forecast_run_20261005T130920538
2025-09-01,S05,P0316,7,1.309,1.389,3.24,0,Low,2,1,0.95,backtest,demand_forecast_run_20261005T130920538
2025-09-01,S05,P0369,6,3.827,2.285,5.33,4,Medium,2,1,0.95,backtest,demand_forecast_run_20261005T130920538
2025-09-01,S05,P0381,7,0.42,0.476,1.11,0,Low,2,1,0.95,backtest,demand_forecast_run_20261005T130920538
2025-09-01,S05,P0391,4,4.755,1.414,3.3,5,High,2,1,0.95,backtest,demand_forecast_run_20261005T130920538
2025-09-01,S05,P0392,4,0.493,0.416,0.97,0,Low,2,1,0.95,backtest,demand_forecast_run_20261005T130920538
2025-09-01,S05,P0408,8,1.192,0.731,1.71,0,Low,2,1,0.95,backtest,demand_forecast_run_20261005T130920538
2025-09-01,S05,P0409,5,1.853,0.839,1.96,0,Low,2,1,0.95,backtest,demand_forecast_run_20261005T130920538
2025-09-01,S05,P0433,5,0.482,0.6,1.4,0,Low,2,1,0.95,backtest,demand_forecast_run_20261005T130920538
2025-09-01,S05,P0435,10,5.598,3.695,8.62,5,Low,2,1,0.95,backtest,demand_forecast_run_20261005T130920538
2025-09-01,S05,P0445,8,1.788,1.129,2.63,0,Low,2,1,0.95,backtest,demand_forecast_run_20261005T130920538
2025-09-01,S05,P0507,16,7.948,2.549,5.95,0,Low,2,1,0.95,backtest,demand_forecast_run_20261005T130920538
2025-09-01,S05,P0563,16,2.602,1.95,4.55,0,Low,2,1,0.95,backtest,demand_forecast_run_20261005T130920538
2025-09-01,S05,P0579,6,1.324,0.731,1.71,0,Low,2,1,0.95,backtest,demand_forecast_run_20261005T130920538
2025-09-01,S05,P0589,7,2.719,1.11,2.59,0,Low,2,1,0.95,backtest,demand_forecast_run_20261005T130920538
2025-09-01,S06,P0003,20,3.285,1.37,3.2,0,Low,2,1,0.95,backtest,demand_forecast_run_20261005T130920538
2025-09-01,S06,P0022,11,2.036,1.044,2.44,0,Low,2,1,0.95,backtest,demand_forecast_run_20261005T130920538
2025-09-01,S06,P0032,36,14.083,3.42,7.98,0,Low,2,1,0.95,backtest,demand_forecast_run_20261005T130920538
2025-09-01,S06,P0053,8,2.721,1.774,4.14,0,Low,2,1,0.95,backtest,demand_forecast_run_20261005T130920538
2025-09-01,S06,P0073,6,2.295,1.056,2.46,0,Low,2,1,0.95,backtest,demand_forecast_run_20261005T130920538
2025-09-01,S06,P0170,2,1.32,0.838,1.96,2,Medium,2,1,0.95,backtest,demand_forecast_run_20261005T130920538
2025-09-01,S06,P0206,14,3.857,3.205,7.48,0,Low,2,1,0.95,backtest,demand_forecast_run_20261005T130920538
2025-09-01,S06,P0213,10,4.891,1.698,3.96,0,Low,2,1,0.95,backtest,demand_forecast_run_20261005T130920538
2025-09-01,S06,P0252,14,5.156,1.95,4.55,0,Low,2,1,0.95,backtest,demand_forecast_run_20261005T130920538
2025-09-01,S06,P0272,10,1.596,1.103,2.57,0,Low,2,1,0.95,backtest,demand_forecast_run_20261005T130920538
2025-09-01,S06,P0288,7,2.577,0.983,2.29,0,Low,2,1,0.95,backtest,demand_forecast_run_20261005T130920538
2025-09-01,S06,P0316,12,1.864,1.503,3.51,0,Low,2,1,0.95,backtest,demand_forecast_run_20261005T130920538
2025-09-01,S06,P0369,14,6.712,2.465,5.75,0,Low,2,1,0.95,backtest,demand_forecast_run_20261005T130920538
2025-09-01,S06,P0381,6,1.596,1.069,2.49,0,Low,2,1,0.95,backtest,demand_forecast_run_20261005T130920538
2025-09-01,S06,P0391,19,4.409,2.212,5.16,0,Low,2,1,0.95,backtest,demand_forecast_run_20261005T130920538
2025-09-01,S06,P0392,7,2.069,0.836,1.95,0,Low,2,1,0.95,backtest,demand_forecast_run_20261005T130920538
2025-09-01,S06,P0408,8,2.157,1.243,2.9,0,Low,2,1,0.95,backtest,demand_forecast_run_20261005T130920538
2025-09-01,S06,P0409,13,2.369,0.637,1.49,0,Low,2,1,0.95,backtest,demand_forecast_run_20261005T130920538
2025-09-01,S06,P0433,8,0.944,1.136,2.65,0,Low,2,1,0.95,backtest,demand_forecast_run_20261005T130920538
2025-09-01,S06,P0435,27,8.069,1.874,4.37,0,Low,2,1,0.95,backtest,demand_forecast_run_20261005T130920538
2025-09-01,S06,P0445,11,2.974,0.928,2.17,0,Low,2,1,0.95,backtest,demand_forecast_run_20261005T130920538
2025-09-01,S06,P0507,23,19.403,3.436,8.02,5,Low,2,1,0.95,backtest,demand_forecast_run_20261005T130920538
2025-09-01,S06,P0563,9,3.392,1.315,3.07,0,Low,2,1,0.95,backtest,demand_forecast_run_20261005T130920538
2025-09-01,S06,P0579,11,4.739,1.609,3.75,0,Low,2,1,0.95,backtest,demand_forecast_run_20261005T130920538
2025-09-01,S06,P0589,3,3.603,1.228,2.87,4,High,2,1,0.95,backtest,demand_forecast_run_20261005T130920538
2025-09-01,S07,P0003,16,2.564,0.9,2.1,0,Low,2,1,0.95,backtest,demand_forecast_run_20261005T130920538
2025-09-01,S07,P0022,3,2.857,1.201,2.8,3,Medium,2,1,0.95,backtest,demand_forecast_run_20261005T130920538
2025-09-01,S07,P0032,33,9.671,2.455,5.73,0,Low,2,1,0.95,backtest,demand_forecast_run_20261005T130920538
2025-09-01,S07,P0053,4,1.205,0.731,1.71,0,Low,2,1,0.95,backtest,demand_forecast_run_20261005T130920538
2025-09-01,S07,P0073,4,0.42,0.448,1.05,0,Low,2,1,0.95,backtest,demand_forecast_run_20261005T130920538
2025-09-01,S07,P0170,7,1.004,0.962,2.24,0,Low,2,1,0.95,backtest,demand_forecast_run_20261005T130920538
2025-09-01,S07,P0206,7,2.242,1.853,4.32,0,Low,2,1,0.95,backtest,demand_forecast_run_20261005T130920538
2025-09-01,S07,P0213,12,2.112,0.832,1.94,0,Low,2,1,0.95,backtest,demand_forecast_run_20261005T130920538
2025-09-01,S07,P0252,0,3.32,1.499,3.5,7,High,2,1,0.95,backtest,demand_forecast_run_20261005T130920538
2025-09-01,S07,P0272,9,0.84,0.6,1.4,0,Low,2,1,0.95,backtest,demand_forecast_run_20261005T130920538
2025-09-01,S07,P0288,6,2.078,1.049,2.45,0,Low,2,1,0.95,backtest,demand_forecast_run_20261005T130920538
2025-09-01,S07,P0316,8,0.396,0.568,1.33,0,Low,2,1,0.95,backtest,demand_forecast_run_20261005T130920538
2025-09-01,S07,P0369,12,3.147,1.569,3.66,0,Low,2,1,0.95,backtest,demand_forecast_run_20261005T130920538
2025-09-01,S07,P0381,2,0.84,0.6,1.4,1,Medium,2,1,0.95,backtest,demand_forecast_run_20261005T130920538
2025-09-01,S07,P0391,6,3.978,1.467,3.42,2,Low,2,1,0.95,backtest,demand_forecast_run_20261005T130920538
2025-09-01,S07,P0392,9,2.668,0.916,2.14,0,Low,2,1,0.95,backtest,demand_forecast_run_20261005T130920538
2025-09-01,S07,P0408,3,1.404,1.1,2.57,1,Medium,2,1,0.95,backtest,demand_forecast_run_20261005T130920538
2025-09-01,S07,P0409,7,3.16,0.962,2.24,0,Low,2,1,0.95,backtest,demand_forecast_run_20261005T130920538
2025-09-01,S07,P0433,3,0.291,0.416,0.97,0,Low,2,1,0.95,backtest,demand_forecast_run_20261005T130920538
2025-09-01,S07,P0435,11,4.882,1.701,3.97,0,Low,2,1,0.95,backtest,demand_forecast_run_20261005T130920538
2025-09-01,S07,P0445,10,0.885,0.659,1.54,0,Low,2,1,0.95,backtest,demand_forecast_run_20261005T130920538
2025-09-01,S07,P0507,24,6.856,1.75,4.08,0,Low,2,1,0.95,backtest,demand_forecast_run_20261005T130920538
2025-09-01,S07,P0563,0,2.309,1.315,3.07,6,High,2,1,0.95,backtest,demand_forecast_run_20261005T130920538
2025-09-01,S07,P0579,9,1.264,0.568,1.33,0,Low,2,1,0.95,backtest,demand_forecast_run_20261005T130920538
2025-09-01,S07,P0589,6,2.268,1.156,2.7,0,Low,2,1,0.95,backtest,demand_forecast_run_20261005T130920538
2025-09-01,S08,P0003,14,3.921,2.229,5.2,0,Low,2,1,0.95,backtest,demand_forecast_run_20261005T130920538
2025-09-01,S08,P0022,7,4.323,1.707,3.98,2,Low,2,1,0.95,backtest,demand_forecast_run_20261005T130920538
2025-09-01,S08,P0032,57,13.573,2.925,6.82,0,Low,2,1,0.95,backtest,demand_forecast_run_20261005T130920538
2025-09-01,S08,P0053,4,1.382,0.994,2.32,0,Low,2,1,0.95,backtest,demand_forecast_run_20261005T130920538
2025-09-01,S08,P0073,3,0.896,0.997,2.33,1,Medium,2,1,0.95,backtest,demand_forecast_run_20261005T130920538
2025-09-01,S08,P0170,12,1.86,0.793,1.85,0,Low,2,1,0.95,backtest,demand_forecast_run_20261005T130920538
2025-09-01,S08,P0206,4,4.576,1.779,4.15,5,High,2,1,0.95,backtest,demand_forecast_run_20261005T130920538
2025-09-01,S08,P0213,19,1.942,0.957,2.23,0,Low,2,1,0.95,backtest,demand_forecast_run_20261005T130920538
2025-09-01,S08,P0252,26,6.546,2.625,6.13,0,Low,2,1,0.95,backtest,demand_forecast_run_20261005T130920538
2025-09-01,S08,P0272,8,1.344,1.096,2.56,0,Low,2,1,0.95,backtest,demand_forecast_run_20261005T130920538
2025-09-01,S08,P0288,6,3.137,0.956,2.23,0,Low,2,1,0.95,backtest,demand_forecast_run_20261005T130920538
2025-09-01,S08,P0316,4,0.686,0.67,1.56,0,Medium,2,1,0.95,backtest,demand_forecast_run_20261005T130920538
2025-09-01,S08,P0369,29,6.126,2.364,5.52,0,Low,2,1,0.95,backtest,demand_forecast_run_20261005T130920538
2025-09-01,S08,P0381,7,1.792,1.533,3.58,0,Low,2,1,0.95,backtest,demand_forecast_run_20261005T130920538
2025-09-01,S08,P0391,11,4.391,1.804,4.21,0,Low,2,1,0.95,backtest,demand_forecast_run_20261005T130920538
2025-09-01,S08,P0392,2,2.049,1.372,3.2,4,High,2,1,0.95,backtest,demand_forecast_run_20261005T130920538
2025-09-01,S08,P0408,12,1.473,1.362,3.18,0,Low,2,1,0.95,backtest,demand_forecast_run_20261005T130920538
2025-09-01,S08,P0409,10,3.713,0.876,2.04,0,Low,2,1,0.95,backtest,demand_forecast_run_20261005T130920538
2025-09-01,S08,P0433,7,1.247,0.875,2.04,0,Low,2,1,0.95,backtest,demand_forecast_run_20261005T130920538
2025-09-01,S08,P0435,8,8.031,2.175,5.08,6,High,2,1,0.95,backtest,demand_forecast_run_20261005T130920538
2025-09-01,S08,P0445,2,2.817,1.492,3.48,5,High,2,1,0.95,backtest,demand_forecast_run_20261005T130920538
2025-09-01,S08,P0507,29,15.431,3.93,9.17,0,Low,2,1,0.95,backtest,demand_forecast_run_20261005T130920538
2025-09-01,S08,P0563,0,3.882,1.919,4.48,9,High,2,1,0.95,backtest,demand_forecast_run_20261005T130920538
2025-09-01,S08,P0579,9,2.363,1.036,2.42,0,Low,2,1,0.95,backtest,demand_forecast_run_20261005T130920538
2025-09-01,S08,P0589,12,3.004,2.07,4.83,0,Low,2,1,0.95,backtest,demand_forecast_run_20261005T130920538
2025-09-01,S09,P0003,10,2.345,0.858,2,0,Low,2,1,0.95,backtest,demand_forecast_run_20261005T130920538
2025-09-01,S09,P0022,14,3.562,1.685,3.93,0,Low,2,1,0.95,backtest,demand_forecast_run_20261005T130920538
2025-09-01,S09,P0032,22,8.06,3.031,7.07,0,Low,2,1,0.95,backtest,demand_forecast_run_20261005T130920538
2025-09-01,S09,P0053,9,2.067,2.019,4.71,0,Low,2,1,0.95,backtest,demand_forecast_run_20261005T130920538
2025-09-01,S09,P0073,3,1.223,1.138,2.66,1,Medium,2,1,0.95,backtest,demand_forecast_run_20261005T130920538
2025-09-01,S09,P0170,6,1.071,0.999,2.33,0,Low,2,1,0.95,backtest,demand_forecast_run_20261005T130920538
2025-09-01,S09,P0206,8,2.879,1.988,4.64,0,Low,2,1,0.95,backtest,demand_forecast_run_20261005T130920538
2025-09-01,S09,P0213,4,3.695,1.779,4.15,4,Medium,2,1,0.95,backtest,demand_forecast_run_20261005T130920538
2025-09-01,S09,P0252,16,3.687,2.019,4.71,0,Low,2,1,0.95,backtest,demand_forecast_run_20261005T130920538
2025-09-01,S09,P0272,5,0.57,0.518,1.21,0,Low,2,1,0.95,backtest,demand_forecast_run_20261005T130920538
2025-09-01,S09,P0288,8,1.548,0.879,2.05,0,Low,2,1,0.95,backtest,demand_forecast_run_20261005T130920538
2025-09-01,S09,P0316,11,0.869,0.92,2.15,0,Low,2,1,0.95,backtest,demand_forecast_run_20261005T130920538
2025-09-01,S09,P0369,11,4.131,2.127,4.96,0,Low,2,1,0.95,backtest,demand_forecast_run_20261005T130920538
2025-09-01,S09,P0381,7,0.815,0.87,2.03,0,Low,2,1,0.95,backtest,demand_forecast_run_20261005T130920538
2025-09-01,S09,P0391,22,4.942,2.285,5.33,0,Low,2,1,0.95,backtest,demand_forecast_run_20261005T130920538
2025-09-01,S09,P0392,10,0.678,0.645,1.51,0,Low,2,1,0.95,backtest,demand_forecast_run_20261005T130920538
2025-09-01,S09,P0408,15,2.634,1.631,3.81,0,Low,2,1,0.95,backtest,demand_forecast_run_20261005T130920538
2025-09-01,S09,P0409,6,2.166,1.084,2.53,0,Low,2,1,0.95,backtest,demand_forecast_run_20261005T130920538
2025-09-01,S09,P0433,7,0.676,0.67,1.56,0,Low,2,1,0.95,backtest,demand_forecast_run_20261005T130920538
2025-09-01,S09,P0435,12,6.678,1.953,4.56,0,Low,2,1,0.95,backtest,demand_forecast_run_20261005T130920538
2025-09-01,S09,P0445,10,2.61,1.777,4.15,0,Low,2,1,0.95,backtest,demand_forecast_run_20261005T130920538
2025-09-01,S09,P0507,37,14.171,2.567,5.99,0,Low,2,1,0.95,backtest,demand_forecast_run_20261005T130920538
2025-09-01,S09,P0563,9,3.098,1.569,3.66,0,Low,2,1,0.95,backtest,demand_forecast_run_20261005T130920538
2025-09-01,S09,P0579,5,2.166,1.272,2.97,1,Low,2,1,0.95,backtest,demand_forecast_run_20261005T130920538
2025-09-01,S09,P0589,11,3.204,1.856,4.33,0,Low,2,1,0.95,backtest,demand_forecast_run_20261005T130920538
2025-09-01,S10,P0003,3,3.724,1.155,2.69,4,High,2,1,0.95,backtest,demand_forecast_run_20261005T130920538
2025-09-01,S10,P0022,6,2.941,1.533,3.58,1,Low,2,1,0.95,backtest,demand_forecast_run_20261005T130920538
2025-09-01,S10,P0032,27,11.55,3.172,7.4,0,Low,2,1,0.95,backtest,demand_forecast_run_20261005T130920538
2025-09-01,S10,P0053,8,0.548,0.585,1.37,0,Low,2,1,0.95,backtest,demand_forecast_run_20261005T130920538
2025-09-01,S10,P0073,8,0.924,0.723,1.69,0,Low,2,1,0.95,backtest,demand_forecast_run_20261005T130920538
2025-09-01,S10,P0170,6,1.324,0.923,2.15,0,Low,2,1,0.95,backtest,demand_forecast_run_20261005T130920538
2025-09-01,S10,P0206,14,2.484,1.156,2.7,0,Low,2,1,0.95,backtest,demand_forecast_run_20261005T130920538
2025-09-01,S10,P0213,13,3.877,1.347,3.14,0,Low,2,1,0.95,backtest,demand_forecast_run_20261005T130920538
2025-09-01,S10,P0252,19,3.567,1.685,3.93,0,Low,2,1,0.95,backtest,demand_forecast_run_20261005T130920538
2025-09-01,S10,P0272,9,0.821,0.659,1.54,0,Low,2,1,0.95,backtest,demand_forecast_run_20261005T130920538
2025-09-01,S10,P0288,8,2.766,1.09,2.54,0,Low,2,1,0.95,backtest,demand_forecast_run_20261005T130920538
2025-09-01,S10,P0316,12,0.864,0.659,1.54,0,Low,2,1,0.95,backtest,demand_forecast_run_20261005T130920538
2025-09-01,S10,P0369,11,3.96,1.301,3.04,0,Low,2,1,0.95,backtest,demand_forecast_run_20261005T130920538
2025-09-01,S10,P0381,7,1.129,0.685,1.6,0,Low,2,1,0.95,backtest,demand_forecast_run_20261005T130920538
2025-09-01,S10,P0391,12,4.15,1.707,3.98,0,Low,2,1,0.95,backtest,demand_forecast_run_20261005T130920538
2025-09-01,S10,P0392,6,1.218,0.629,1.47,0,Low,2,1,0.95,backtest,demand_forecast_run_20261005T130920538
2025-09-01,S10,P0408,0,1.148,0.879,2.05,4,High,2,1,0.95,backtest,demand_forecast_run_20261005T130920538
2025-09-01,S10,P0409,10,4.033,1.076,2.51,0,Low,2,1,0.95,backtest,demand_forecast_run_20261005T130920538
2025-09-01,S10,P0433,5,0.688,0.518,1.21,0,Low,2,1,0.95,backtest,demand_forecast_run_20261005T130920538
2025-09-01,S10,P0435,1,6.375,2.166,5.05,11,High,2,1,0.95,backtest,demand_forecast_run_20261005T130920538
2025-09-01,S10,P0445,3,1.047,0.535,1.25,0,Medium,2,1,0.95,backtest,demand_forecast_run_20261005T130920538
2025-09-01,S10,P0507,39,15.049,2.47,5.76,0,Low,2,1,0.95,backtest,demand_forecast_run_20261005T130920538
2025-09-01,S10,P0563,18,4.311,1.836,4.28,0,Low,2,1,0.95,backtest,demand_forecast_run_20261005T130920538
2025-09-01,S10,P0579,10,2.113,0.685,1.6,0,Low,2,1,0.95,backtest,demand_forecast_run_20261005T130920538
2025-09-01,S10,P0589,13,3.059,1.124,2.62,0,Low,2,1,0.95,backtest,demand_forecast_run_20261005T130920538
2025-09-01,S11,P0003,8,4.969,1.592,3.71,1,Low,2,1,0.95,backtest,demand_forecast_run_20261005T130920538
2025-09-01,S11,P0022,18,3.424,1.679,3.92,0,Low,2,1,0.95,backtest,demand_forecast_run_20261005T130920538
2025-09-01,S11,P0032,18,15.006,3.268,7.63,5,Medium,2,1,0.95,backtest,demand_forecast_run_20261005T130920538
2025-09-01,S11,P0053,1,1.856,1.17,2.73,4,High,2,1,0.95,backtest,demand_forecast_run_20261005T130920538
2025-09-01,S11,P0073,9,1.169,0.962,2.24,0,Low,2,1,0.95,backtest,demand_forecast_run_20261005T130920538
2025-09-01,S11,P0170,9,1.913,1.188,2.77,0,Low,2,1,0.95,backtest,demand_forecast_run_20261005T130920538
2025-09-01,S11,P0206,13,3.028,1.597,3.73,0,Low,2,1,0.95,backtest,demand_forecast_run_20261005T130920538
2025-09-01,S11,P0213,10,4.016,1.427,3.33,0,Low,2,1,0.95,backtest,demand_forecast_run_20261005T130920538
2025-09-01,S11,P0252,19,6.812,2.106,4.91,0,Low,2,1,0.95,backtest,demand_forecast_run_20261005T130920538
2025-09-01,S11,P0272,9,2.339,1.274,2.97,0,Low,2,1,0.95,backtest,demand_forecast_run_20261005T130920538
2025-09-01,S11,P0288,14,2.929,1.853,4.32,0,Low,2,1,0.95,backtest,demand_forecast_run_20261005T130920538
2025-09-01,S11,P0316,8,2.195,1.201,2.8,0,Low,2,1,0.95,backtest,demand_forecast_run_20261005T130920538
2025-09-01,S11,P0369,19,6.301,1.795,4.19,0,Low,2,1,0.95,backtest,demand_forecast_run_20261005T130920538
2025-09-01,S11,P0381,4,2.159,1.079,2.52,1,Medium,2,1,0.95,backtest,demand_forecast_run_20261005T130920538
2025-09-01,S11,P0391,1,5.319,1.774,4.14,9,High,2,1,0.95,backtest,demand_forecast_run_20261005T130920538
2025-09-01,S11,P0392,0,1.692,1.066,2.49,5,High,2,1,0.95,backtest,demand_forecast_run_20261005T130920538
2025-09-01,S11,P0408,1,2.349,1.575,3.67,6,High,2,1,0.95,backtest,demand_forecast_run_20261005T130920538
2025-09-01,S11,P0409,9,3.181,1.036,2.42,0,Low,2,1,0.95,backtest,demand_forecast_run_20261005T130920538
2025-09-01,S11,P0433,13,0.243,0.315,0.73,0,Low,2,1,0.95,backtest,demand_forecast_run_20261005T130920538
2025-09-01,S11,P0435,8,7.558,2.155,5.03,5,Medium,2,1,0.95,backtest,demand_forecast_run_20261005T130920538
2025-09-01,S11,P0445,9,4.295,1.389,3.24,0,Low,2,1,0.95,backtest,demand_forecast_run_20261005T130920538
2025-09-01,S11,P0507,53,17.96,3.09,7.21,0,Low,2,1,0.95,backtest,demand_forecast_run_20261005T130920538
2025-09-01,S11,P0563,17,4.677,2.384,5.56,0,Low,2,1,0.95,backtest,demand_forecast_run_20261005T130920538
2025-09-01,S11,P0579,10,1.767,1.036,2.42,0,Low,2,1,0.95,backtest,demand_forecast_run_20261005T130920538
2025-09-01,S11,P0589,10,3.138,1.044,2.44,0,Low,2,1,0.95,backtest,demand_forecast_run_20261005T130920538
2025-09-01,S12,P0003,11,3.667,1.389,3.24,0,Low,2,1,0.95,backtest,demand_forecast_run_20261005T130920538
2025-09-01,S12,P0022,9,3.282,1.765,4.12,0,Low,2,1,0.95,backtest,demand_forecast_run_20261005T130920538
2025-09-01,S12,P0032,23,10.454,2.835,6.62,0,Low,2,1,0.95,backtest,demand_forecast_run_20261005T130920538
2025-09-01,S12,P0053,7,1.587,1.139,2.66,0,Low,2,1,0.95,backtest,demand_forecast_run_20261005T130920538
2025-09-01,S12,P0073,4,0.52,0.568,1.33,0,Low,2,1,0.95,backtest,demand_forecast_run_20261005T130920538
2025-09-01,S12,P0170,9,1.232,0.922,2.15,0,Low,2,1,0.95,backtest,demand_forecast_run_20261005T130920538
2025-09-01,S12,P0206,15,1.724,1.286,3,0,Low,2,1,0.95,backtest,demand_forecast_run_20261005T130920538
2025-09-01,S12,P0213,13,2.712,1.261,2.94,0,Low,2,1,0.95,backtest,demand_forecast_run_20261005T130920538
2025-09-01,S12,P0252,21,3.802,1.56,3.64,0,Low,2,1,0.95,backtest,demand_forecast_run_20261005T130920538
2025-09-01,S12,P0272,5,1.039,1.23,2.87,0,Low,2,1,0.95,backtest,demand_forecast_run_20261005T130920538
2025-09-01,S12,P0288,9,1.523,0.548,1.28,0,Low,2,1,0.95,backtest,demand_forecast_run_20261005T130920538
2025-09-01,S12,P0316,2,1.223,1.067,2.49,2,Medium,2,1,0.95,backtest,demand_forecast_run_20261005T130920538
2025-09-01,S12,P0369,17,4.917,2.538,5.92,0,Low,2,1,0.95,backtest,demand_forecast_run_20261005T130920538
2025-09-01,S12,P0381,4,1.126,1.105,2.58,0,Low,2,1,0.95,backtest,demand_forecast_run_20261005T130920538
2025-09-01,S12,P0391,7,2.948,0.9,2.1,0,Low,2,1,0.95,backtest,demand_forecast_run_20261005T130920538
2025-09-01,S12,P0392,6,1.181,0.923,2.15,0,Low,2,1,0.95,backtest,demand_forecast_run_20261005T130920538
2025-09-01,S12,P0408,4,1.168,0.772,1.8,0,Medium,2,1,0.95,backtest,demand_forecast_run_20261005T130920538
2025-09-01,S12,P0409,11,2.469,1.117,2.61,0,Low,2,1,0.95,backtest,demand_forecast_run_20261005T130920538
2025-09-01,S12,P0433,3,0.405,0.315,0.73,0,Low,2,1,0.95,backtest,demand_forecast_run_20261005T130920538
2025-09-01,S12,P0435,19,6.6,1.595,3.72,0,Low,2,1,0.95,backtest,demand_forecast_run_20261005T130920538
2025-09-01,S12,P0445,6,1.545,0.832,1.94,0,Low,2,1,0.95,backtest,demand_forecast_run_20261005T130920538
2025-09-01,S12,P0507,42,12.362,3.076,7.18,0,Low,2,1,0.95,backtest,demand_forecast_run_20261005T130920538
2025-09-01,S12,P0563,6,2.424,1.333,3.11,0,Medium,2,1,0.95,backtest,demand_forecast_run_20261005T130920538
2025-09-01,S12,P0579,7,1.358,0.737,1.72,0,Low,2,1,0.95,backtest,demand_forecast_run_20261005T130920538
2025-09-01,S12,P0589,12,2.445,1.101,2.57,0,Low,2,1,0.95,backtest,demand_forecast_run_20261005T130920538
2025-09-02,S01,P0003,17,3.569,1.286,3,0,Low,2,1,0.95,backtest,demand_forecast_run_20261005T130920538
2025-09-02,S01,P0022,7,2.889,1.729,4.03,0,Low,2,1,0.95,backtest,demand_forecast_run_20261005T130920538
2025-09-02,S01,P0032,21,11.748,3.554,8.29,0,Low,2,1,0.95,backtest,demand_forecast_run_20261005T130920538
2025-09-02,S01,P0053,3,2.104,0.875,2.04,2,Medium,2,1,0.95,backtest,demand_forecast_run_20261005T130920538
2025-09-02,S01,P0073,7,1.132,1.106,2.58,0,Low,2,1,0.95,backtest,demand_forecast_run_20261005T130920538
2025-09-02,S01,P0170,10,1.494,0.999,2.33,0,Low,2,1,0.95,backtest,demand_forecast_run_20261005T130920538
2025-09-02,S01,P0206,0,2.878,1.397,3.26,7,High,2,1,0.95,backtest,demand_forecast_run_20261005T130920538
2025-09-02,S01,P0213,5,2.183,1.031,2.4,0,Medium,2,1,0.95,backtest,demand_forecast_run_20261005T130920538
2025-09-02,S01,P0252,24,5.092,1.691,3.95,0,Low,2,1,0.95,backtest,demand_forecast_run_20261005T130920538
2025-09-02,S01,P0272,7,1.536,0.819,1.91,0,Low,2,1,0.95,backtest,demand_forecast_run_20261005T130920538
2025-09-02,S01,P0288,15,2.506,1.224,2.86,0,Low,2,1,0.95,backtest,demand_forecast_run_20261005T130920538
2025-09-02,S01,P0316,6,0.59,0.659,1.54,0,Low,2,1,0.95,backtest,demand_forecast_run_20261005T130920538
2025-09-02,S01,P0369,25,5.971,2.435,5.68,0,Low,2,1,0.95,backtest,demand_forecast_run_20261005T130920538
2025-09-02,S01,P0381,7,1.132,0.962,2.25,0,Low,2,1,0.95,backtest,demand_forecast_run_20261005T130920538
2025-09-02,S01,P0391,2,6.502,1.572,3.67,9,High,2,1,0.95,backtest,demand_forecast_run_20261005T130920538
2025-09-02,S01,P0392,3,3.061,0.826,1.93,2,High,2,1,0.95,backtest,demand_forecast_run_20261005T130920538
2025-09-02,S01,P0408,3,1.554,0.69,1.61,1,Medium,2,1,0.95,backtest,demand_forecast_run_20261005T130920538
2025-09-02,S01,P0409,5,3.14,0.945,2.2,1,Low,2,1,0.95,backtest,demand_forecast_run_20261005T130920538
2025-09-02,S01,P0433,6,0.782,0.723,1.69,0,Low,2,1,0.95,backtest,demand_forecast_run_20261005T130920538
2025-09-02,S01,P0435,11,4.733,1.258,2.93,0,Low,2,1,0.95,backtest,demand_forecast_run_20261005T130920538
2025-09-02,S01,P0445,0,2.972,1.397,3.26,7,High,2,1,0.95,backtest,demand_forecast_run_20261005T130920538
2025-09-02,S01,P0507,41,10.7,2.043,4.77,0,Low,2,1,0.95,backtest,demand_forecast_run_20261005T130920538
2025-09-02,S01,P0563,10,2.263,1.414,3.3,0,Low,2,1,0.95,backtest,demand_forecast_run_20261005T130920538
2025-09-02,S01,P0579,7,1.983,1.2,2.8,0,Low,2,1,0.95,backtest,demand_forecast_run_20261005T130920538
2025-09-02,S01,P0589,12,2.993,1.538,3.59,0,Low,2,1,0.95,backtest,demand_forecast_run_20261005T130920538
2025-09-02,S02,P0003,16,4.071,1.399,3.26,0,Low,2,1,0.95,backtest,demand_forecast_run_20261005T130920538
2025-09-02,S02,P0022,12,2.819,1.315,3.07,0,Low,2,1,0.95,backtest,demand_forecast_run_20261005T130920538
2025-09-02,S02,P0032,17,9.445,2.8,6.53,0,Medium,2,1,0.95,backtest,demand_forecast_run_20261005T130920538
2025-09-02,S02,P0053,4,1.29,0.678,1.58,0,Low,2,1,0.95,backtest,demand_forecast_run_20261005T130920538
2025-09-02,S02,P0073,6,1.027,0.79,1.84,0,Low,2,1,0.95,backtest,demand_forecast_run_20261005T130920538
2025-09-02,S02,P0170,9,1.23,0.881,2.06,0,Low,2,1,0.95,backtest,demand_forecast_run_20261005T130920538
2025-09-02,S02,P0206,9,3.263,1.323,3.09,0,Low,2,1,0.95,backtest,demand_forecast_run_20261005T130920538
2025-09-02,S02,P0213,10,3.424,1.75,4.08,0,Low,2,1,0.95,backtest,demand_forecast_run_20261005T130920538
2025-09-02,S02,P0252,9,4.43,1.571,3.67,0,Low,2,1,0.95,backtest,demand_forecast_run_20261005T130920538
2025-09-02,S02,P0272,14,0.77,0.945,2.2,0,Low,2,1,0.95,backtest,demand_forecast_run_20261005T130920538
2025-09-02,S02,P0288,12,2.213,1.17,2.73,0,Low,2,1,0.95,backtest,demand_forecast_run_20261005T130920538
2025-09-02,S02,P0316,3,1.119,0.69,1.61,0,Medium,2,1,0.95,backtest,demand_forecast_run_20261005T130920538
2025-09-02,S02,P0369,16,4.876,2.155,5.03,0,Low,2,1,0.95,backtest,demand_forecast_run_20261005T130920538
2025-09-02,S02,P0381,10,1.113,0.838,1.96,0,Low,2,1,0.95,backtest,demand_forecast_run_20261005T130920538
2025-09-02,S02,P0391,15,5.419,1.689,3.94,0,Low,2,1,0.95,backtest,demand_forecast_run_20261005T130920538
2025-09-02,S02,P0392,3,1.292,0.882,2.06,1,Medium,2,1,0.95,backtest,demand_forecast_run_20261005T130920538
2025-09-02,S02,P0408,13,2.894,1.219,2.84,0,Low,2,1,0.95,backtest,demand_forecast_run_20261005T130920538
2025-09-02,S02,P0409,12,5.098,1.311,3.06,0,Low,2,1,0.95,backtest,demand_forecast_run_20261005T130920538
2025-09-02,S02,P0433,8,0.45,0.772,1.8,0,Low,2,1,0.95,backtest,demand_forecast_run_20261005T130920538
2025-09-02,S02,P0435,8,6.181,2.299,5.36,4,Medium,2,1,0.95,backtest,demand_forecast_run_20261005T130920538
2025-09-02,S02,P0445,15,1.106,0.826,1.93,0,Low,2,1,0.95,backtest,demand_forecast_run_20261005T130920538
2025-09-02,S02,P0507,27,12.282,2.472,5.77,0,Low,2,1,0.95,backtest,demand_forecast_run_20261005T130920538
2025-09-02,S02,P0563,12,3.509,1.732,4.04,0,Low,2,1,0.95,backtest,demand_forecast_run_20261005T130920538
2025-09-02,S02,P0579,8,2.013,0.881,2.06,0,Low,2,1,0.95,backtest,demand_forecast_run_20261005T130920538
2025-09-02,S02,P0589,11,1.85,1.117,2.61,0,Low,2,1,0.95,backtest,demand_forecast_run_20261005T130920538
2025-09-02,S03,P0003,0,3.02,1.427,3.33,7,High,2,1,0.95,backtest,demand_forecast_run_20261005T130920538
2025-09-02,S03,P0022,7,1.747,1.206,2.81,0,Low,2,1,0.95,backtest,demand_forecast_run_20261005T130920538
2025-09-02,S03,P0032,49,11.489,2.445,5.71,0,Low,2,1,0.95,backtest,demand_forecast_run_20261005T130920538
2025-09-02,S03,P0053,8,2.751,1.374,3.21,0,Low,2,1,0.95,backtest,demand_forecast_run_20261005T130920538
2025-09-02,S03,P0073,4,0.315,0.315,0.73,0,Low,2,1,0.95,backtest,demand_forecast_run_20261005T130920538
2025-09-02,S03,P0170,0,1.86,1.177,2.75,5,High,2,1,0.95,backtest,demand_forecast_run_20261005T130920538
2025-09-02,S03,P0206,18,3.28,1.399,3.26,0,Low,2,1,0.95,backtest,demand_forecast_run_20261005T130920538
2025-09-02,S03,P0213,7,2.266,0.983,2.29,0,Low,2,1,0.95,backtest,demand_forecast_run_20261005T130920538
2025-09-02,S03,P0252,11,3.986,2.358,5.5,0,Low,2,1,0.95,backtest,demand_forecast_run_20261005T130920538
2025-09-02,S03,P0272,7,1.156,0.832,1.94,0,Low,2,1,0.95,backtest,demand_forecast_run_20261005T130920538
2025-09-02,S03,P0288,3,1.458,0.92,2.15,1,Medium,2,1,0.95,backtest,demand_forecast_run_20261005T130920538
2025-09-02,S03,P0316,6,1.394,1.133,2.64,0,Low,2,1,0.95,backtest,demand_forecast_run_20261005T130920538
2025-09-02,S03,P0369,6,4.574,2.106,4.91,4,Medium,2,1,0.95,backtest,demand_forecast_run_20261005T130920538
2025-09-02,S03,P0381,9,1.051,0.731,1.71,0,Low,2,1,0.95,backtest,demand_forecast_run_20261005T130920538
2025-09-02,S03,P0391,15,5.196,2.144,5,0,Low,2,1,0.95,backtest,demand_forecast_run_20261005T130920538
2025-09-02,S03,P0392,10,1.897,0.69,1.61,0,Low,2,1,0.95,backtest,demand_forecast_run_20261005T130920538
2025-09-02,S03,P0408,2,1.327,0.67,1.56,1,Medium,2,1,0.95,backtest,demand_forecast_run_20261005T130920538
2025-09-02,S03,P0409,4,3.385,0.819,1.91,2,Medium,2,1,0.95,backtest,demand_forecast_run_20261005T130920538
2025-09-02,S03,P0433,2,0.508,0.499,1.16,0,Medium,2,1,0.95,backtest,demand_forecast_run_20261005T130920538
2025-09-02,S03,P0435,9,5.104,1.622,3.78,0,Low,2,1,0.95,backtest,demand_forecast_run_20261005T130920538
2025-09-02,S03,P0445,10,1.5,0.69,1.61,0,Low,2,1,0.95,backtest,demand_forecast_run_20261005T130920538
2025-09-02,S03,P0507,42,12.376,2.426,5.66,0,Low,2,1,0.95,backtest,demand_forecast_run_20261005T130920538
2025-09-02,S03,P0563,5,4.099,1.548,3.61,3,Medium,2,1,0.95,backtest,demand_forecast_run_20261005T130920538
2025-09-02,S03,P0579,7,2.316,1.232,2.87,0,Low,2,1,0.95,backtest,demand_forecast_run_20261005T130920538
2025-09-02,S03,P0589,6,3.125,1.489,3.47,1,Low,2,1,0.95,backtest,demand_forecast_run_20261005T130920538
2025-09-02,S04,P0003,15,3.378,1.12,2.61,0,Low,2,1,0.95,backtest,demand_forecast_run_20261005T130920538
2025-09-02,S04,P0022,11,2.235,0.911,2.13,0,Low,2,1,0.95,backtest,demand_forecast_run_20261005T130920538
2025-09-02,S04,P0032,26,8.217,3.507,8.18,0,Low,2,1,0.95,backtest,demand_forecast_run_20261005T130920538
2025-09-02,S04,P0053,8,1.743,0.742,1.73,0,Low,2,1,0.95,backtest,demand_forecast_run_20261005T130920538
2025-09-02,S04,P0073,1,1.061,0.723,1.69,2,High,2,1,0.95,backtest,demand_forecast_run_20261005T130920538
2025-09-02,S04,P0170,6,1.221,0.713,1.66,0,Low,2,1,0.95,backtest,demand_forecast_run_20261005T130920538
2025-09-02,S04,P0206,10,2.393,1.416,3.3,0,Low,2,1,0.95,backtest,demand_forecast_run_20261005T130920538
2025-09-02,S04,P0213,7,1.183,0.959,2.24,0,Low,2,1,0.95,backtest,demand_forecast_run_20261005T130920538
2025-09-02,S04,P0252,16,2.654,1.484,3.46,0,Low,2,1,0.95,backtest,demand_forecast_run_20261005T130920538
2025-09-02,S04,P0272,6,1.414,0.836,1.95,0,Low,2,1,0.95,backtest,demand_forecast_run_20261005T130920538
2025-09-02,S04,P0288,5,1.389,0.744,1.74,0,Low,2,1,0.95,backtest,demand_forecast_run_20261005T130920538
2025-09-02,S04,P0316,5,0.58,0.81,1.89,0,Low,2,1,0.95,backtest,demand_forecast_run_20261005T130920538
2025-09-02,S04,P0369,18,3.514,1.471,3.43,0,Low,2,1,0.95,backtest,demand_forecast_run_20261005T130920538
2025-09-02,S04,P0381,5,1.414,0.959,2.24,0,Low,2,1,0.95,backtest,demand_forecast_run_20261005T130920538
2025-09-02,S04,P0391,10,3.485,1.268,2.96,0,Low,2,1,0.95,backtest,demand_forecast_run_20261005T130920538
2025-09-02,S04,P0392,7,0.844,0.476,1.11,0,Low,2,1,0.95,backtest,demand_forecast_run_20261005T130920538
2025-09-02,S04,P0408,3,1.151,1.036,2.42,1,Medium,2,1,0.95,backtest,demand_forecast_run_20261005T130920538
2025-09-02,S04,P0409,9,2.347,0.838,1.96,0,Low,2,1,0.95,backtest,demand_forecast_run_20261005T130920538
2025-09-02,S04,P0433,0,0.694,0.476,1.11,2,High,2,1,0.95,backtest,demand_forecast_run_20261005T130920538
2025-09-02,S04,P0435,12,4.445,1.843,4.3,0,Low,2,1,0.95,backtest,demand_forecast_run_20261005T130920538
2025-09-02,S04,P0445,9,0.615,0.39,0.91,0,Low,2,1,0.95,backtest,demand_forecast_run_20261005T130920538
2025-09-02,S04,P0507,22,10.572,2.124,4.96,0,Low,2,1,0.95,backtest,demand_forecast_run_20261005T130920538
2025-09-02,S04,P0563,7,2.358,0.976,2.28,0,Low,2,1,0.95,backtest,demand_forecast_run_20261005T130920538
2025-09-02,S04,P0579,6,1.095,0.645,1.51,0,Low,2,1,0.95,backtest,demand_forecast_run_20261005T130920538
2025-09-02,S04,P0589,6,2.468,1.02,2.38,0,Low,2,1,0.95,backtest,demand_forecast_run_20261005T130920538
2025-09-02,S05,P0003,7,2.444,0.916,2.14,0,Low,2,1,0.95,backtest,demand_forecast_run_20261005T130920538
2025-09-02,S05,P0022,12,2.474,1.278,2.98,0,Low,2,1,0.95,backtest,demand_forecast_run_20261005T130920538
2025-09-02,S05,P0032,30,7.419,3.109,7.25,0,Low,2,1,0.95,backtest,demand_forecast_run_20261005T130920538
2025-09-02,S05,P0053,6,0.745,0.39,0.91,0,Low,2,1,0.95,backtest,demand_forecast_run_20261005T130920538
2025-09-02,S05,P0073,5,0.54,0.585,1.37,0,Low,2,1,0.95,backtest,demand_forecast_run_20261005T130920538
2025-09-02,S05,P0170,8,0.885,0.685,1.6,0,Low,2,1,0.95,backtest,demand_forecast_run_20261005T130920538
2025-09-02,S05,P0206,8,1.588,1.239,2.89,0,Low,2,1,0.95,backtest,demand_forecast_run_20261005T130920538
2025-09-02,S05,P0213,6,1.772,1.066,2.49,0,Low,2,1,0.95,backtest,demand_forecast_run_20261005T130920538
2025-09-02,S05,P0252,9,2.651,1.393,3.25,0,Low,2,1,0.95,backtest,demand_forecast_run_20261005T130920538
2025-09-02,S05,P0272,9,1.235,0.79,1.84,0,Low,2,1,0.95,backtest,demand_forecast_run_20261005T130920538
2025-09-02,S05,P0288,12,1.066,0.879,2.05,0,Low,2,1,0.95,backtest,demand_forecast_run_20261005T130920538
2025-09-02,S05,P0316,7,1.257,1.389,3.24,0,Low,2,1,0.95,backtest,demand_forecast_run_20261005T130920538
2025-09-02,S05,P0369,18,3.977,2.285,5.33,0,Low,2,1,0.95,backtest,demand_forecast_run_20261005T130920538
2025-09-02,S05,P0381,7,0.386,0.476,1.11,0,Low,2,1,0.95,backtest,demand_forecast_run_20261005T130920538
2025-09-02,S05,P0391,13,4.467,1.412,3.3,0,Low,2,1,0.95,backtest,demand_forecast_run_20261005T130920538
2025-09-02,S05,P0392,4,0.55,0.416,0.97,0,Low,2,1,0.95,backtest,demand_forecast_run_20261005T130920538
2025-09-02,S05,P0408,8,1.012,0.731,1.71,0,Low,2,1,0.95,backtest,demand_forecast_run_20261005T130920538
2025-09-02,S05,P0409,3,1.969,0.879,2.05,2,Medium,2,1,0.95,backtest,demand_forecast_run_20261005T130920538
2025-09-02,S05,P0433,5,0.463,0.6,1.4,0,Low,2,1,0.95,backtest,demand_forecast_run_20261005T130920538
2025-09-02,S05,P0435,10,4.619,3.709,8.65,4,Low,2,1,0.95,backtest,demand_forecast_run_20261005T130920538
2025-09-02,S05,P0445,8,1.692,1.129,2.63,0,Low,2,1,0.95,backtest,demand_forecast_run_20261005T130920538
2025-09-02,S05,P0507,13,7.801,2.487,5.8,1,Low,2,1,0.95,backtest,demand_forecast_run_20261005T130920538
2025-09-02,S05,P0563,13,2.393,1.95,4.55,0,Low,2,1,0.95,backtest,demand_forecast_run_20261005T130920538
2025-09-02,S05,P0579,6,1.108,0.723,1.69,0,Low,2,1,0.95,backtest,demand_forecast_run_20261005T130920538
2025-09-02,S05,P0589,7,2.732,1.09,2.54,0,Low,2,1,0.95,backtest,demand_forecast_run_20261005T130920538
2025-09-02,S06,P0003,19,2.701,1.319,3.08,0,Low,2,1,0.95,backtest,demand_forecast_run_20261005T130920538
2025-09-02,S06,P0022,9,1.817,1.066,2.49,0,Low,2,1,0.95,backtest,demand_forecast_run_20261005T130920538
2025-09-02,S06,P0032,30,13.168,3.415,7.97,0,Low,2,1,0.95,backtest,demand_forecast_run_20261005T130920538
2025-09-02,S06,P0053,6,2.483,1.774,4.14,1,Low,2,1,0.95,backtest,demand_forecast_run_20261005T130920538
2025-09-02,S06,P0073,6,1.943,1.056,2.46,0,Low,2,1,0.95,backtest,demand_forecast_run_20261005T130920538
2025-09-02,S06,P0170,1,1.32,0.839,1.96,3,High,2,1,0.95,backtest,demand_forecast_run_20261005T130920538
2025-09-02,S06,P0206,14,3.702,3.205,7.48,0,Low,2,1,0.95,backtest,demand_forecast_run_20261005T130920538
2025-09-02,S06,P0213,10,3.971,1.698,3.96,0,Low,2,1,0.95,backtest,demand_forecast_run_20261005T130920538
2025-09-02,S06,P0252,11,4.728,1.919,4.48,0,Low,2,1,0.95,backtest,demand_forecast_run_20261005T130920538
2025-09-02,S06,P0272,8,1.521,1.129,2.63,0,Low,2,1,0.95,backtest,demand_forecast_run_20261005T130920538
2025-09-02,S06,P0288,7,2.102,0.995,2.32,0,Low,2,1,0.95,backtest,demand_forecast_run_20261005T130920538
2025-09-02,S06,P0316,11,1.728,1.491,3.48,0,Low,2,1,0.95,backtest,demand_forecast_run_20261005T130920538
2025-09-02,S06,P0369,13,6.54,2.465,5.75,0,Low,2,1,0.95,backtest,demand_forecast_run_20261005T130920538
2025-09-02,S06,P0381,6,1.352,1.069,2.49,0,Low,2,1,0.95,backtest,demand_forecast_run_20261005T130920538
2025-09-02,S06,P0391,18,4.414,2.192,5.11,0,Low,2,1,0.95,backtest,demand_forecast_run_20261005T130920538
2025-09-02,S06,P0392,7,1.981,0.836,1.95,0,Low,2,1,0.95,backtest,demand_forecast_run_20261005T130920538
2025-09-02,S06,P0408,7,2.226,1.236,2.88,0,Low,2,1,0.95,backtest,demand_forecast_run_20261005T130920538
2025-09-02,S06,P0409,13,2.004,0.638,1.49,0,Low,2,1,0.95,backtest,demand_forecast_run_20261005T130920538
2025-09-02,S06,P0433,7,0.882,1.138,2.66,0,Low,2,1,0.95,backtest,demand_forecast_run_20261005T130920538
2025-09-02,S06,P0435,24,7.168,1.806,4.22,0,Low,2,1,0.95,backtest,demand_forecast_run_20261005T130920538
2025-09-02,S06,P0445,9,2.609,0.945,2.2,0,Low,2,1,0.95,backtest,demand_forecast_run_20261005T130920538
2025-09-02,S06,P0507,12,16.334,3.618,8.44,13,High,2,1,0.95,backtest,demand_forecast_run_20261005T130920538
2025-09-02,S06,P0563,8,2.957,1.295,3.02,0,Low,2,1,0.95,backtest,demand_forecast_run_20261005T130920538
2025-09-02,S06,P0579,5,4.438,1.707,3.98,4,Low,2,1,0.95,backtest,demand_forecast_run_20261005T130920538
2025-09-02,S06,P0589,18,3.167,1.228,2.87,0,Low,2,1,0.95,backtest,demand_forecast_run_20261005T130920538
2025-09-02,S07,P0003,14,2.374,0.916,2.14,0,Low,2,1,0.95,backtest,demand_forecast_run_20261005T130920538
2025-09-02,S07,P0022,13,2.964,1.201,2.8,0,Low,2,1,0.95,backtest,demand_forecast_run_20261005T130920538
2025-09-02,S07,P0032,27,8.954,2.455,5.73,0,Low,2,1,0.95,backtest,demand_forecast_run_20261005T130920538
2025-09-02,S07,P0053,4,1.186,0.731,1.71,0,Low,2,1,0.95,backtest,demand_forecast_run_20261005T130920538
2025-09-02,S07,P0073,4,0.409,0.448,1.05,0,Low,2,1,0.95,backtest,demand_forecast_run_20261005T130920538
2025-09-02,S07,P0170,7,0.96,0.962,2.24,0,Low,2,1,0.95,backtest,demand_forecast_run_20261005T130920538
2025-09-02,S07,P0206,5,2.341,1.843,4.3,2,Medium,2,1,0.95,backtest,demand_forecast_run_20261005T130920538
2025-09-02,S07,P0213,15,1.842,0.79,1.84,0,Low,2,1,0.95,backtest,demand_forecast_run_20261005T130920538
2025-09-02,S07,P0252,13,3.37,1.508,3.52,0,Low,2,1,0.95,backtest,demand_forecast_run_20261005T130920538
2025-09-02,S07,P0272,9,0.818,0.6,1.4,0,Low,2,1,0.95,backtest,demand_forecast_run_20261005T130920538
2025-09-02,S07,P0288,6,1.84,1.049,2.45,0,Low,2,1,0.95,backtest,demand_forecast_run_20261005T130920538
2025-09-02,S07,P0316,8,0.39,0.568,1.33,0,Low,2,1,0.95,backtest,demand_forecast_run_20261005T130920538
2025-09-02,S07,P0369,11,3.463,1.569,3.66,0,Low,2,1,0.95,backtest,demand_forecast_run_20261005T130920538
2025-09-02,S07,P0381,8,0.92,0.612,1.43,0,Low,2,1,0.95,backtest,demand_forecast_run_20261005T130920538
2025-09-02,S07,P0391,2,3.914,1.467,3.42,6,High,2,1,0.95,backtest,demand_forecast_run_20261005T130920538
2025-09-02,S07,P0392,7,2.692,0.945,2.2,0,Low,2,1,0.95,backtest,demand_forecast_run_20261005T130920538
2025-09-02,S07,P0408,10,1.324,1.1,2.57,0,Low,2,1,0.95,backtest,demand_forecast_run_20261005T130920538
2025-09-02,S07,P0409,6,3.204,0.959,2.24,0,Low,2,1,0.95,backtest,demand_forecast_run_20261005T130920538
2025-09-02,S07,P0433,3,0.294,0.416,0.97,0,Low,2,1,0.95,backtest,demand_forecast_run_20261005T130920538
2025-09-02,S07,P0435,7,4.417,1.74,4.06,2,Medium,2,1,0.95,backtest,demand_forecast_run_20261005T130920538
2025-09-02,S07,P0445,8,0.916,0.731,1.71,0,Low,2,1,0.95,backtest,demand_forecast_run_20261005T130920538
2025-09-02,S07,P0507,16,6.321,2.045,4.77,0,Low,2,1,0.95,backtest,demand_forecast_run_20261005T130920538
2025-09-02,S07,P0563,14,2.147,1.295,3.02,0,Low,2,1,0.95,backtest,demand_forecast_run_20261005T130920538
2025-09-02,S07,P0579,9,1.202,0.568,1.33,0,Low,2,1,0.95,backtest,demand_forecast_run_20261005T130920538
2025-09-02,S07,P0589,5,2.279,1.145,2.67,0,Low,2,1,0.95,backtest,demand_forecast_run_20261005T130920538
2025-09-02,S08,P0003,13,3.971,2.209,5.15,0,Low,2,1,0.95,backtest,demand_forecast_run_20261005T130920538
2025-09-02,S08,P0022,7,3.95,1.707,3.98,1,Low,2,1,0.95,backtest,demand_forecast_run_20261005T130920538
2025-09-02,S08,P0032,51,13.149,2.906,6.78,0,Low,2,1,0.95,backtest,demand_forecast_run_20261005T130920538
2025-09-02,S08,P0053,0,1.336,1.096,2.56,4,High,2,1,0.95,backtest,demand_forecast_run_20261005T130920538
2025-09-02,S08,P0073,3,0.876,0.997,2.33,1,Medium,2,1,0.95,backtest,demand_forecast_run_20261005T130920538
2025-09-02,S08,P0170,12,1.646,0.793,1.85,0,Low,2,1,0.95,backtest,demand_forecast_run_20261005T130920538
2025-09-02,S08,P0206,3,4.615,1.792,4.18,6,High,2,1,0.95,backtest,demand_forecast_run_20261005T130920538
2025-09-02,S08,P0213,13,1.924,1.359,3.17,0,Low,2,1,0.95,backtest,demand_forecast_run_20261005T130920538
2025-09-02,S08,P0252,21,5.797,2.572,6,0,Low,2,1,0.95,backtest,demand_forecast_run_20261005T130920538
2025-09-02,S08,P0272,8,1.314,1.096,2.56,0,Low,2,1,0.95,backtest,demand_forecast_run_20261005T130920538
2025-09-02,S08,P0288,2,2.712,1.122,2.62,4,High,2,1,0.95,backtest,demand_forecast_run_20261005T130920538
2025-09-02,S08,P0316,3,0.782,0.678,1.58,0,Medium,2,1,0.95,backtest,demand_forecast_run_20261005T130920538
2025-09-02,S08,P0369,28,6.485,2.376,5.54,0,Low,2,1,0.95,backtest,demand_forecast_run_20261005T130920538
2025-09-02,S08,P0381,6,1.752,1.533,3.58,0,Low,2,1,0.95,backtest,demand_forecast_run_20261005T130920538
2025-09-02,S08,P0391,10,4.007,1.804,4.21,0,Low,2,1,0.95,backtest,demand_forecast_run_20261005T130920538
2025-09-02,S08,P0392,10,1.873,1.37,3.2,0,Low,2,1,0.95,backtest,demand_forecast_run_20261005T130920538
2025-09-02,S08,P0408,7,1.432,1.58,3.69,0,Low,2,1,0.95,backtest,demand_forecast_run_20261005T130920538
2025-09-02,S08,P0409,6,3.91,1.066,2.49,1,Low,2,1,0.95,backtest,demand_forecast_run_20261005T130920538
2025-09-02,S08,P0433,7,1.136,0.875,2.04,0,Low,2,1,0.95,backtest,demand_forecast_run_20261005T130920538
2025-09-02,S08,P0435,25,6.199,2.175,5.08,0,Low,2,1,0.95,backtest,demand_forecast_run_20261005T130920538
2025-09-02,S08,P0445,11,2.131,1.484,3.46,0,Low,2,1,0.95,backtest,demand_forecast_run_20261005T130920538
2025-09-02,S08,P0507,18,12.165,4.012,9.36,4,Medium,2,1,0.95,backtest,demand_forecast_run_20261005T130920538
2025-09-02,S08,P0563,22,4.014,1.895,4.42,0,Low,2,1,0.95,backtest,demand_forecast_run_20261005T130920538
2025-09-02,S08,P0579,9,2.19,1.036,2.42,0,Low,2,1,0.95,backtest,demand_forecast_run_20261005T130920538
2025-09-02,S08,P0589,11,2.978,2.07,4.83,0,Low,2,1,0.95,backtest,demand_forecast_run_20261005T130920538
2025-09-02,S09,P0003,10,2.992,0.881,2.06,0,Low,2,1,0.95,backtest,demand_forecast_run_20261005T130920538
2025-09-02,S09,P0022,12,4.17,1.682,3.93,0,Low,2,1,0.95,backtest,demand_forecast_run_20261005T130920538
2025-09-02,S09,P0032,16,10.372,3.023,7.05,2,Medium,2,1,0.95,backtest,demand_forecast_run_20261005T130920538
2025-09-02,S09,P0053,9,2.397,2.019,4.71,0,Low,2,1,0.95,backtest,demand_forecast_run_20261005T130920538
2025-09-02,S09,P0073,10,1.345,1.138,2.66,0,Low,2,1,0.95,backtest,demand_forecast_run_20261005T130920538
2025-09-02,S09,P0170,6,1.244,0.999,2.33,0,Low,2,1,0.95,backtest,demand_forecast_run_20261005T130920538
2025-09-02,S09,P0206,18,3.37,1.957,4.57,0,Low,2,1,0.95,backtest,demand_forecast_run_20261005T130920538
2025-09-02,S09,P0213,17,3.795,1.779,4.15,0,Low,2,1,0.95,backtest,demand_forecast_run_20261005T130920538
2025-09-02,S09,P0252,11,4.522,2.068,4.82,0,Low,2,1,0.95,backtest,demand_forecast_run_20261005T130920538
2025-09-02,S09,P0272,5,0.628,0.518,1.21,0,Low,2,1,0.95,backtest,demand_forecast_run_20261005T130920538
2025-09-02,S09,P0288,6,1.621,0.911,2.13,0,Low,2,1,0.95,backtest,demand_forecast_run_20261005T130920538
2025-09-02,S09,P0316,10,1.102,0.916,2.14,0,Low,2,1,0.95,backtest,demand_forecast_run_20261005T130920538
2025-09-02,S09,P0369,5,5.036,2.177,5.08,6,High,2,1,0.95,backtest,demand_forecast_run_20261005T130920538
2025-09-02,S09,P0381,7,0.897,0.87,2.03,0,Low,2,1,0.95,backtest,demand_forecast_run_20261005T130920538
2025-09-02,S09,P0391,21,5.836,2.261,5.28,0,Low,2,1,0.95,backtest,demand_forecast_run_20261005T130920538
2025-09-02,S09,P0392,10,0.8,0.645,1.51,0,Low,2,1,0.95,backtest,demand_forecast_run_20261005T130920538
2025-09-02,S09,P0408,15,2.621,1.538,3.59,0,Low,2,1,0.95,backtest,demand_forecast_run_20261005T130920538
2025-09-02,S09,P0409,6,2.388,1.084,2.53,0,Low,2,1,0.95,backtest,demand_forecast_run_20261005T130920538
2025-09-02,S09,P0433,7,0.59,0.585,1.37,0,Low,2,1,0.95,backtest,demand_forecast_run_20261005T130920538
2025-09-02,S09,P0435,10,6.393,1.895,4.42,1,Low,2,1,0.95,backtest,demand_forecast_run_20261005T130920538
2025-09-02,S09,P0445,9,2.593,1.771,4.13,0,Low,2,1,0.95,backtest,demand_forecast_run_20261005T130920538
2025-09-02,S09,P0507,32,13.788,2.495,5.82,0,Low,2,1,0.95,backtest,demand_forecast_run_20261005T130920538
2025-09-02,S09,P0563,8,3.497,1.548,3.61,0,Low,2,1,0.95,backtest,demand_forecast_run_20261005T130920538
2025-09-02,S09,P0579,5,2.388,1.272,2.97,1,Low,2,1,0.95,backtest,demand_forecast_run_20261005T130920538
2025-09-02,S09,P0589,10,4.333,1.836,4.28,0,Low,2,1,0.95,backtest,demand_forecast_run_20261005T130920538
2025-09-02,S10,P0003,16,3.743,1.1,2.57,0,Low,2,1,0.95,backtest,demand_forecast_run_20261005T130920538
2025-09-02,S10,P0022,6,3.02,1.533,3.58,1,Low,2,1,0.95,backtest,demand_forecast_run_20261005T130920538
2025-09-02,S10,P0032,23,11.939,3.131,7.31,0,Low,2,1,0.95,backtest,demand_forecast_run_20261005T130920538
2025-09-02,S10,P0053,8,0.663,0.585,1.37,0,Low,2,1,0.95,backtest,demand_forecast_run_20261005T130920538
2025-09-02,S10,P0073,8,0.974,0.723,1.69,0,Low,2,1,0.95,backtest,demand_forecast_run_20261005T130920538
2025-09-02,S10,P0170,4,1.48,0.923,2.15,0,Low,2,1,0.95,backtest,demand_forecast_run_20261005T130920538
2025-09-02,S10,P0206,14,2.75,1.156,2.7,0,Low,2,1,0.95,backtest,demand_forecast_run_20261005T130920538
2025-09-02,S10,P0213,13,3.328,1.303,3.04,0,Low,2,1,0.95,backtest,demand_forecast_run_20261005T130920538
2025-09-02,S10,P0252,18,3.876,1.685,3.93,0,Low,2,1,0.95,backtest,demand_forecast_run_20261005T130920538
2025-09-02,S10,P0272,9,0.866,0.659,1.54,0,Low,2,1,0.95,backtest,demand_forecast_run_20261005T130920538
2025-09-02,S10,P0288,8,2.424,1.101,2.57,0,Low,2,1,0.95,backtest,demand_forecast_run_20261005T130920538
2025-09-02,S10,P0316,12,0.956,0.659,1.54,0,Low,2,1,0.95,backtest,demand_forecast_run_20261005T130920538
2025-09-02,S10,P0369,7,4.189,1.371,3.2,1,Medium,2,1,0.95,backtest,demand_forecast_run_20261005T130920538
2025-09-02,S10,P0381,7,1.191,0.685,1.6,0,Low,2,1,0.95,backtest,demand_forecast_run_20261005T130920538
2025-09-02,S10,P0391,12,5.023,1.707,3.98,0,Low,2,1,0.95,backtest,demand_forecast_run_20261005T130920538
2025-09-02,S10,P0392,5,1.41,0.634,1.48,0,Low,2,1,0.95,backtest,demand_forecast_run_20261005T130920538
2025-09-02,S10,P0408,11,1.202,0.879,2.05,0,Low,2,1,0.95,backtest,demand_forecast_run_20261005T130920538
2025-09-02,S10,P0409,9,4.451,1.067,2.49,0,Low,2,1,0.95,backtest,demand_forecast_run_20261005T130920538
2025-09-02,S10,P0433,5,0.709,0.518,1.21,0,Low,2,1,0.95,backtest,demand_forecast_run_20261005T130920538
2025-09-02,S10,P0435,23,5.84,2.166,5.05,0,Low,2,1,0.95,backtest,demand_forecast_run_20261005T130920538
2025-09-02,S10,P0445,10,0.974,0.535,1.25,0,Low,2,1,0.95,backtest,demand_forecast_run_20261005T130920538
2025-09-02,S10,P0507,32,13.884,2.493,5.82,0,Low,2,1,0.95,backtest,demand_forecast_run_20261005T130920538
2025-09-02,S10,P0563,15,4.873,1.833,4.28,0,Low,2,1,0.95,backtest,demand_forecast_run_20261005T130920538
2025-09-02,S10,P0579,10,2.023,0.678,1.58,0,Low,2,1,0.95,backtest,demand_forecast_run_20261005T130920538
2025-09-02,S10,P0589,10,3.443,1.124,2.62,0,Low,2,1,0.95,backtest,demand_forecast_run_20261005T130920538
2025-09-02,S11,P0003,7,5.425,1.571,3.67,3,Low,2,1,0.95,backtest,demand_forecast_run_20261005T130920538
2025-09-02,S11,P0022,18,4.656,1.713,4,0,Low,2,1,0.95,backtest,demand_forecast_run_20261005T130920538
2025-09-02,S11,P0032,17,15.737,3.426,8,7,Medium,2,1,0.95,backtest,demand_forecast_run_20261005T130920538
2025-09-02,S11,P0053,0,2.067,1.168,2.73,5,High,2,1,0.95,backtest,demand_forecast_run_20261005T130920538
2025-09-02,S11,P0073,9,1.247,0.962,2.24,0,Low,2,1,0.95,backtest,demand_forecast_run_20261005T130920538
2025-09-02,S11,P0170,8,2.231,1.188,2.77,0,Low,2,1,0.95,backtest,demand_forecast_run_20261005T130920538
2025-09-02,S11,P0206,13,3.323,1.597,3.73,0,Low,2,1,0.95,backtest,demand_forecast_run_20261005T130920538
2025-09-02,S11,P0213,5,3.766,1.427,3.33,3,Medium,2,1,0.95,backtest,demand_forecast_run_20261005T130920538
2025-09-02,S11,P0252,15,7.378,2.114,4.93,0,Low,2,1,0.95,backtest,demand_forecast_run_20261005T130920538
2025-09-02,S11,P0272,10,2.493,1.274,2.97,0,Low,2,1,0.95,backtest,demand_forecast_run_20261005T130920538
2025-09-02,S11,P0288,14,2.695,1.853,4.32,0,Low,2,1,0.95,backtest,demand_forecast_run_20261005T130920538
2025-09-02,S11,P0316,6,2.576,1.197,2.79,0,Low,2,1,0.95,backtest,demand_forecast_run_20261005T130920538
2025-09-02,S11,P0369,17,6.426,1.795,4.19,0,Low,2,1,0.95,backtest,demand_forecast_run_20261005T130920538
2025-09-02,S11,P0381,12,2.493,1.086,2.53,0,Low,2,1,0.95,backtest,demand_forecast_run_20261005T130920538
2025-09-02,S11,P0391,17,6.329,2.048,4.78,0,Low,2,1,0.95,backtest,demand_forecast_run_20261005T130920538
2025-09-02,S11,P0392,6,2.17,1.156,2.7,0,Low,2,1,0.95,backtest,demand_forecast_run_20261005T130920538
2025-09-02,S11,P0408,0,2.607,1.563,3.65,7,High,2,1,0.95,backtest,demand_forecast_run_20261005T130920538
2025-09-02,S11,P0409,4,3.78,1.018,2.38,3,Medium,2,1,0.95,backtest,demand_forecast_run_20261005T130920538
2025-09-02,S11,P0433,11,0.421,0.476,1.11,0,Low,2,1,0.95,backtest,demand_forecast_run_20261005T130920538
2025-09-02,S11,P0435,29,6.954,2.155,5.03,0,Low,2,1,0.95,backtest,demand_forecast_run_20261005T130920538
2025-09-02,S11,P0445,9,3.795,1.407,3.28,0,Low,2,1,0.95,backtest,demand_forecast_run_20261005T130920538
2025-09-02,S11,P0507,48,16.603,3.067,7.16,0,Low,2,1,0.95,backtest,demand_forecast_run_20261005T130920538
2025-09-02,S11,P0563,13,5.37,2.388,5.57,0,Low,2,1,0.95,backtest,demand_forecast_run_20261005T130920538
2025-09-02,S11,P0579,10,2.025,1.036,2.42,0,Low,2,1,0.95,backtest,demand_forecast_run_20261005T130920538
2025-09-02,S11,P0589,10,3.338,1.044,2.44,0,Low,2,1,0.95,backtest,demand_forecast_run_20261005T130920538
2025-09-02,S12,P0003,11,3.662,1.407,3.28,0,Low,2,1,0.95,backtest,demand_forecast_run_20261005T130920538
2025-09-02,S12,P0022,9,3.56,1.765,4.12,0,Low,2,1,0.95,backtest,demand_forecast_run_20261005T130920538
2025-09-02,S12,P0032,20,10.86,2.847,6.64,0,Low,2,1,0.95,backtest,demand_forecast_run_20261005T130920538
2025-09-02,S12,P0053,7,1.591,1.139,2.66,0,Low,2,1,0.95,backtest,demand_forecast_run_20261005T130920538
2025-09-02,S12,P0073,4,0.556,0.568,1.33,0,Low,2,1,0.95,backtest,demand_forecast_run_20261005T130920538
2025-09-02,S12,P0170,9,1.38,0.922,2.15,0,Low,2,1,0.95,backtest,demand_forecast_run_20261005T130920538
2025-09-02,S12,P0206,15,1.962,1.286,3,0,Low,2,1,0.95,backtest,demand_forecast_run_20261005T130920538
2025-09-02,S12,P0213,13,2.388,1.274,2.97,0,Low,2,1,0.95,backtest,demand_forecast_run_20261005T130920538
2025-09-02,S12,P0252,20,4.144,1.541,3.6,0,Low,2,1,0.95,backtest,demand_forecast_run_20261005T130920538
2025-09-02,S12,P0272,2,1.39,1.319,3.08,3,Medium,2,1,0.95,backtest,demand_forecast_run_20261005T130920538
2025-09-02,S12,P0288,8,1.168,0.46,1.07,0,Low,2,1,0.95,backtest,demand_forecast_run_20261005T130920538
2025-09-02,S12,P0316,9,1.455,1.056,2.46,0,Low,2,1,0.95,backtest,demand_forecast_run_20261005T130920538
2025-09-02,S12,P0369,17,5.444,2.538,5.92,0,Low,2,1,0.95,backtest,demand_forecast_run_20261005T130920538
2025-09-02,S12,P0381,2,1.204,1.105,2.58,2,Medium,2,1,0.95,backtest,demand_forecast_run_20261005T130920538
2025-09-02,S12,P0391,4,3.295,0.962,2.24,2,Medium,2,1,0.95,backtest,demand_forecast_run_20261005T130920538
2025-09-02,S12,P0392,6,1.252,0.923,2.15,0,Low,2,1,0.95,backtest,demand_forecast_run_20261005T130920538
2025-09-02,S12,P0408,11,1.268,0.772,1.8,0,Low,2,1,0.95,backtest,demand_forecast_run_20261005T130920538
2025-09-02,S12,P0409,10,2.664,1.11,2.59,0,Low,2,1,0.95,backtest,demand_forecast_run_20261005T130920538
2025-09-02,S12,P0433,2,0.567,0.356,0.83,0,Medium,2,1,0.95,backtest,demand_forecast_run_20261005T130920538
2025-09-02,S12,P0435,19,5.693,1.595,3.72,0,Low,2,1,0.95,backtest,demand_forecast_run_20261005T130920538
2025-09-02,S12,P0445,6,1.304,0.832,1.94,0,Low,2,1,0.95,backtest,demand_forecast_run_20261005T130920538
2025-09-02,S12,P0507,34,11.263,3.178,7.42,0,Low,2,1,0.95,backtest,demand_forecast_run_20261005T130920538
2025-09-02,S12,P0563,4,2.686,1.319,3.08,2,Medium,2,1,0.95,backtest,demand_forecast_run_20261005T130920538
2025-09-02,S12,P0579,5,1.649,0.793,1.85,0,Low,2,1,0.95,backtest,demand_forecast_run_20261005T130920538
2025-09-02,S12,P0589,11,2.517,1.101,2.57,0,Low,2,1,0.95,backtest,demand_forecast_run_20261005T130920538
2025-09-03,S01,P0003,12,3.981,1.462,3.41,0,Low,2,1,0.95,backtest,demand_forecast_run_20261005T130920538
2025-09-03,S01,P0022,6,3.342,1.729,4.03,2,Low,2,1,0.95,backtest,demand_forecast_run_20261005T130920538
2025-09-03,S01,P0032,18,11.277,3.5,8.17,2,Low,2,1,0.95,backtest,demand_forecast_run_20261005T130920538
2025-09-03,S01,P0053,9,2.124,0.87,2.03,0,Low,2,1,0.95,backtest,demand_forecast_run_20261005T130920538
2025-09-03,S01,P0073,5,1.592,1.138,2.66,0,Low,2,1,0.95,backtest,demand_forecast_run_20261005T130920538
2025-09-03,S01,P0170,8,1.767,1.031,2.4,0,Low,2,1,0.95,backtest,demand_forecast_run_20261005T130920538
2025-09-03,S01,P0206,0,3.468,1.384,3.23,7,High,2,1,0.95,backtest,demand_forecast_run_20261005T130920538
2025-09-03,S01,P0213,16,2.176,1.031,2.4,0,Low,2,1,0.95,backtest,demand_forecast_run_20261005T130920538
2025-09-03,S01,P0252,24,5.87,1.691,3.95,0,Low,2,1,0.95,backtest,demand_forecast_run_20261005T130920538
2025-09-03,S01,P0272,7,2.016,0.819,1.91,0,Low,2,1,0.95,backtest,demand_forecast_run_20261005T130920538
2025-09-03,S01,P0288,15,2.786,1.224,2.86,0,Low,2,1,0.95,backtest,demand_forecast_run_20261005T130920538
2025-09-03,S01,P0316,6,0.771,0.659,1.54,0,Low,2,1,0.95,backtest,demand_forecast_run_20261005T130920538
2025-09-03,S01,P0369,23,6.147,2.435,5.68,0,Low,2,1,0.95,backtest,demand_forecast_run_20261005T130920538
2025-09-03,S01,P0381,7,1.486,0.962,2.25,0,Low,2,1,0.95,backtest,demand_forecast_run_20261005T130920538
2025-09-03,S01,P0391,16,7.221,1.572,3.67,0,Low,2,1,0.95,backtest,demand_forecast_run_20261005T130920538
2025-09-03,S01,P0392,11,3.519,0.826,1.93,0,Low,2,1,0.95,backtest,demand_forecast_run_20261005T130920538
2025-09-03,S01,P0408,2,1.818,0.693,1.62,2,Medium,2,1,0.95,backtest,demand_forecast_run_20261005T130920538
2025-09-03,S01,P0409,3,3.232,0.945,2.2,3,High,2,1,0.95,backtest,demand_forecast_run_20261005T130920538
2025-09-03,S01,P0433,6,0.783,0.723,1.69,0,Low,2,1,0.95,backtest,demand_forecast_run_20261005T130920538
2025-09-03,S01,P0435,10,5.262,1.258,2.93,0,Low,2,1,0.95,backtest,demand_forecast_run_20261005T130920538
2025-09-03,S01,P0445,2,2.864,1.386,3.23,5,High,2,1,0.95,backtest,demand_forecast_run_20261005T130920538
2025-09-03,S01,P0507,40,9.915,2.043,4.77,0,Low,2,1,0.95,backtest,demand_forecast_run_20261005T130920538
2025-09-03,S01,P0563,6,3.078,1.401,3.27,1,Medium,2,1,0.95,backtest,demand_forecast_run_20261005T130920538
2025-09-03,S01,P0579,4,2.552,1.29,3.01,2,Low,2,1,0.95,backtest,demand_forecast_run_20261005T130920538
2025-09-03,S01,P0589,12,2.654,1.533,3.58,0,Low,2,1,0.95,backtest,demand_forecast_run_20261005T130920538
2025-09-03,S02,P0003,16,4.313,1.427,3.33,0,Low,2,1,0.95,backtest,demand_forecast_run_20261005T130920538
2025-09-03,S02,P0022,12,3.739,1.315,3.07,0,Low,2,1,0.95,backtest,demand_forecast_run_20261005T130920538
2025-09-03,S02,P0032,14,9.809,2.8,6.53,3,Medium,2,1,0.95,backtest,demand_forecast_run_20261005T130920538
2025-09-03,S02,P0053,3,1.476,0.685,1.6,1,Medium,2,1,0.95,backtest,demand_forecast_run_20261005T130920538
2025-09-03,S02,P0073,6,1.409,0.79,1.84,0,Low,2,1,0.95,backtest,demand_forecast_run_20261005T130920538
2025-09-03,S02,P0170,5,1.491,0.922,2.15,0,Low,2,1,0.95,backtest,demand_forecast_run_20261005T130920538
2025-09-03,S02,P0206,9,4.53,1.323,3.09,0,Low,2,1,0.95,backtest,demand_forecast_run_20261005T130920538
2025-09-03,S02,P0213,9,3.064,1.715,4,0,Low,2,1,0.95,backtest,demand_forecast_run_20261005T130920538
2025-09-03,S02,P0252,6,5.108,1.545,3.6,3,Medium,2,1,0.95,backtest,demand_forecast_run_20261005T130920538
2025-09-03,S02,P0272,13,1.174,0.951,2.22,0,Low,2,1,0.95,backtest,demand_forecast_run_20261005T130920538
2025-09-03,S02,P0288,12,2.576,1.186,2.77,0,Low,2,1,0.95,backtest,demand_forecast_run_20261005T130920538
2025-09-03,S02,P0316,3,1.424,0.685,1.6,1,Medium,2,1,0.95,backtest,demand_forecast_run_20261005T130920538
2025-09-03,S02,P0369,13,4.886,2.161,5.04,0,Low,2,1,0.95,backtest,demand_forecast_run_20261005T130920538
2025-09-03,S02,P0381,10,1.527,0.838,1.96,0,Low,2,1,0.95,backtest,demand_forecast_run_20261005T130920538
2025-09-03,S02,P0391,12,5.904,1.709,3.99,0,Low,2,1,0.95,backtest,demand_forecast_run_20261005T130920538
2025-09-03,S02,P0392,9,1.271,0.836,1.95,0,Low,2,1,0.95,backtest,demand_forecast_run_20261005T130920538
2025-09-03,S02,P0408,13,3.329,1.219,2.84,0,Low,2,1,0.95,backtest,demand_forecast_run_20261005T130920538
2025-09-03,S02,P0409,11,5.568,1.286,3,0,Low,2,1,0.95,backtest,demand_forecast_run_20261005T130920538
2025-09-03,S02,P0433,8,0.459,0.772,1.8,0,Low,2,1,0.95,backtest,demand_forecast_run_20261005T130920538
2025-09-03,S02,P0435,23,7.36,2.305,5.38,0,Low,2,1,0.95,backtest,demand_forecast_run_20261005T130920538
2025-09-03,S02,P0445,14,1.138,0.832,1.94,0,Low,2,1,0.95,backtest,demand_forecast_run_20261005T130920538
2025-09-03,S02,P0507,23,11.898,2.347,5.48,0,Low,2,1,0.95,backtest,demand_forecast_run_20261005T130920538
2025-09-03,S02,P0563,12,4.698,1.752,4.09,0,Low,2,1,0.95,backtest,demand_forecast_run_20261005T130920538
2025-09-03,S02,P0579,7,2.284,0.879,2.05,0,Low,2,1,0.95,backtest,demand_forecast_run_20261005T130920538
2025-09-03,S02,P0589,9,2.106,1.143,2.67,0,Low,2,1,0.95,backtest,demand_forecast_run_20261005T130920538
2025-09-03,S03,P0003,0,3.26,1.464,3.42,7,High,2,1,0.95,backtest,demand_forecast_run_20261005T130920538
2025-09-03,S03,P0022,7,1.973,1.213,2.83,0,Low,2,1,0.95,backtest,demand_forecast_run_20261005T130920538
2025-09-03,S03,P0032,45,11.212,2.445,5.71,0,Low,2,1,0.95,backtest,demand_forecast_run_20261005T130920538
2025-09-03,S03,P0053,8,3.306,1.374,3.21,0,Low,2,1,0.95,backtest,demand_forecast_run_20261005T130920538
2025-09-03,S03,P0073,4,0.431,0.315,0.73,0,Low,2,1,0.95,backtest,demand_forecast_run_20261005T130920538
2025-09-03,S03,P0170,11,1.926,1.11,2.59,0,Low,2,1,0.95,backtest,demand_forecast_run_20261005T130920538
2025-09-03,S03,P0206,16,4.251,1.399,3.26,0,Low,2,1,0.95,backtest,demand_forecast_run_20261005T130920538
2025-09-03,S03,P0213,7,1.897,0.989,2.31,0,Low,2,1,0.95,backtest,demand_forecast_run_20261005T130920538
2025-09-03,S03,P0252,10,4.251,2.368,5.53,0,Low,2,1,0.95,backtest,demand_forecast_run_20261005T130920538
2025-09-03,S03,P0272,7,1.581,0.832,1.94,0,Low,2,1,0.95,backtest,demand_forecast_run_20261005T130920538
2025-09-03,S03,P0288,10,1.435,0.916,2.14,0,Low,2,1,0.95,backtest,demand_forecast_run_20261005T130920538
2025-09-03,S03,P0316,6,1.7,1.136,2.65,0,Low,2,1,0.95,backtest,demand_forecast_run_20261005T130920538
2025-09-03,S03,P0369,23,4.762,2.109,4.92,0,Low,2,1,0.95,backtest,demand_forecast_run_20261005T130920538
2025-09-03,S03,P0381,9,1.15,0.659,1.54,0,Low,2,1,0.95,backtest,demand_forecast_run_20261005T130920538
2025-09-03,S03,P0391,15,6.121,2.166,5.06,0,Low,2,1,0.95,backtest,demand_forecast_run_20261005T130920538
2025-09-03,S03,P0392,10,2.015,0.693,1.62,0,Low,2,1,0.95,backtest,demand_forecast_run_20261005T130920538
2025-09-03,S03,P0408,11,1.454,0.67,1.56,0,Low,2,1,0.95,backtest,demand_forecast_run_20261005T130920538
2025-09-03,S03,P0409,13,3.354,0.826,1.93,0,Low,2,1,0.95,backtest,demand_forecast_run_20261005T130920538
2025-09-03,S03,P0433,2,0.565,0.499,1.16,0,Medium,2,1,0.95,backtest,demand_forecast_run_20261005T130920538
2025-09-03,S03,P0435,7,5.478,1.622,3.78,3,Medium,2,1,0.95,backtest,demand_forecast_run_20261005T130920538
2025-09-03,S03,P0445,10,1.205,0.685,1.6,0,Low,2,1,0.95,backtest,demand_forecast_run_20261005T130920538
2025-09-03,S03,P0507,35,11.171,2.376,5.54,0,Low,2,1,0.95,backtest,demand_forecast_run_20261005T130920538
2025-09-03,S03,P0563,18,5.319,1.565,3.65,0,Low,2,1,0.95,backtest,demand_forecast_run_20261005T130920538
2025-09-03,S03,P0579,5,2.422,1.232,2.87,1,Low,2,1,0.95,backtest,demand_forecast_run_20261005T130920538
2025-09-03,S03,P0589,6,3.152,1.503,3.51,1,Low,2,1,0.95,backtest,demand_forecast_run_20261005T130920538
2025-09-03,S04,P0003,12,3.476,1.105,2.58,0,Low,2,1,0.95,backtest,demand_forecast_run_20261005T130920538
2025-09-03,S04,P0022,10,2.312,0.905,2.11,0,Low,2,1,0.95,backtest,demand_forecast_run_20261005T130920538
2025-09-03,S04,P0032,24,8.996,3.46,8.07,0,Low,2,1,0.95,backtest,demand_forecast_run_20261005T130920538
2025-09-03,S04,P0053,8,1.661,0.744,1.74,0,Low,2,1,0.95,backtest,demand_forecast_run_20261005T130920538
2025-09-03,S04,P0073,0,1.488,0.731,1.71,4,High,2,1,0.95,backtest,demand_forecast_run_20261005T130920538
2025-09-03,S04,P0170,4,1.479,0.78,1.82,0,Low,2,1,0.95,backtest,demand_forecast_run_20261005T130920538
2025-09-03,S04,P0206,4,3.385,1.492,3.48,3,Medium,2,1,0.95,backtest,demand_forecast_run_20261005T130920538
2025-09-03,S04,P0213,6,0.997,0.916,2.14,0,Low,2,1,0.95,backtest,demand_forecast_run_20261005T130920538
2025-09-03,S04,P0252,16,2.9,1.489,3.47,0,Low,2,1,0.95,backtest,demand_forecast_run_20261005T130920538
2025-09-03,S04,P0272,6,1.785,0.836,1.95,0,Low,2,1,0.95,backtest,demand_forecast_run_20261005T130920538
2025-09-03,S04,P0288,5,1.601,0.744,1.74,0,Low,2,1,0.95,backtest,demand_forecast_run_20261005T130920538
2025-09-03,S04,P0316,5,0.732,0.81,1.89,0,Low,2,1,0.95,backtest,demand_forecast_run_20261005T130920538
2025-09-03,S04,P0369,14,3.739,1.5,3.5,0,Low,2,1,0.95,backtest,demand_forecast_run_20261005T130920538
2025-09-03,S04,P0381,4,1.934,0.962,2.24,1,Low,2,1,0.95,backtest,demand_forecast_run_20261005T130920538
2025-09-03,S04,P0391,8,3.766,1.258,2.93,0,Low,2,1,0.95,backtest,demand_forecast_run_20261005T130920538
2025-09-03,S04,P0392,6,1.072,0.499,1.16,0,Low,2,1,0.95,backtest,demand_forecast_run_20261005T130920538
2025-09-03,S04,P0408,3,1.327,1.036,2.42,1,Medium,2,1,0.95,backtest,demand_forecast_run_20261005T130920538
2025-09-03,S04,P0409,6,2.98,0.956,2.23,0,Low,2,1,0.95,backtest,demand_forecast_run_20261005T130920538
2025-09-03,S04,P0433,0,0.6,0.448,1.05,2,High,2,1,0.95,backtest,demand_forecast_run_20261005T130920538
2025-09-03,S04,P0435,11,5.231,1.818,4.24,0,Low,2,1,0.95,backtest,demand_forecast_run_20261005T130920538
2025-09-03,S04,P0445,8,0.719,0.418,0.98,0,Low,2,1,0.95,backtest,demand_forecast_run_20261005T130920538
2025-09-03,S04,P0507,19,10.666,2.038,4.75,0,Low,2,1,0.95,backtest,demand_forecast_run_20261005T130920538
2025-09-03,S04,P0563,6,3.124,0.967,2.26,0,Low,2,1,0.95,backtest,demand_forecast_run_20261005T130920538
2025-09-03,S04,P0579,6,1.052,0.63,1.47,0,Low,2,1,0.95,backtest,demand_forecast_run_20261005T130920538
2025-09-03,S04,P0589,17,2.446,1.02,2.38,0,Low,2,1,0.95,backtest,demand_forecast_run_20261005T130920538
2025-09-03,S05,P0003,4,2.354,0.916,2.14,1,Medium,2,1,0.95,backtest,demand_forecast_run_20261005T130920538
2025-09-03,S05,P0022,15,2.959,1.278,2.98,0,Low,2,1,0.95,backtest,demand_forecast_run_20261005T130920538
2025-09-03,S05,P0032,30,7.754,3.109,7.25,0,Low,2,1,0.95,backtest,demand_forecast_run_20261005T130920538
2025-09-03,S05,P0053,6,0.699,0.356,0.83,0,Low,2,1,0.95,backtest,demand_forecast_run_20261005T130920538
2025-09-03,S05,P0073,5,0.601,0.585,1.37,0,Low,2,1,0.95,backtest,demand_forecast_run_20261005T130920538
2025-09-03,S05,P0170,8,0.908,0.685,1.6,0,Low,2,1,0.95,backtest,demand_forecast_run_20261005T130920538
2025-09-03,S05,P0206,8,1.941,1.239,2.89,0,Low,2,1,0.95,backtest,demand_forecast_run_20261005T130920538
2025-09-03,S05,P0213,6,1.694,1.066,2.49,0,Low,2,1,0.95,backtest,demand_forecast_run_20261005T130920538
2025-09-03,S05,P0252,9,2.961,1.393,3.25,0,Low,2,1,0.95,backtest,demand_forecast_run_20261005T130920538
2025-09-03,S05,P0272,7,1.545,0.826,1.93,0,Low,2,1,0.95,backtest,demand_forecast_run_20261005T130920538
2025-09-03,S05,P0288,12,0.994,0.879,2.05,0,Low,2,1,0.95,backtest,demand_forecast_run_20261005T130920538
2025-09-03,S05,P0316,11,1.536,1.389,3.24,0,Low,2,1,0.95,backtest,demand_forecast_run_20261005T130920538
2025-09-03,S05,P0369,18,4.001,2.315,5.4,0,Low,2,1,0.95,backtest,demand_forecast_run_20261005T130920538
2025-09-03,S05,P0381,7,0.429,0.476,1.11,0,Low,2,1,0.95,backtest,demand_forecast_run_20261005T130920538
2025-09-03,S05,P0391,13,5.068,1.427,3.33,0,Low,2,1,0.95,backtest,demand_forecast_run_20261005T130920538
2025-09-03,S05,P0392,4,0.586,0.416,0.97,0,Low,2,1,0.95,backtest,demand_forecast_run_20261005T130920538
2025-09-03,S05,P0408,8,1.155,0.731,1.71,0,Low,2,1,0.95,backtest,demand_forecast_run_20261005T130920538
2025-09-03,S05,P0409,3,2.086,0.879,2.05,2,Medium,2,1,0.95,backtest,demand_forecast_run_20261005T130920538
2025-09-03,S05,P0433,2,0.525,0.6,1.4,0,Medium,2,1,0.95,backtest,demand_forecast_run_20261005T130920538
2025-09-03,S05,P0435,9,4.39,3.695,8.62,5,Low,2,1,0.95,backtest,demand_forecast_run_20261005T130920538
2025-09-03,S05,P0445,8,1.616,1.129,2.63,0,Low,2,1,0.95,backtest,demand_forecast_run_20261005T130920538
2025-09-03,S05,P0507,11,7.001,2.363,5.51,2,Low,2,1,0.95,backtest,demand_forecast_run_20261005T130920538
2025-09-03,S05,P0563,13,2.66,1.95,4.55,0,Low,2,1,0.95,backtest,demand_forecast_run_20261005T130920538
2025-09-03,S05,P0579,4,1.434,0.786,1.83,0,Low,2,1,0.95,backtest,demand_forecast_run_20261005T130920538
2025-09-03,S05,P0589,2,3.323,1.353,3.16,5,High,2,1,0.95,backtest,demand_forecast_run_20261005T130920538
2025-09-03,S06,P0003,18,2.686,1.303,3.04,0,Low,2,1,0.95,backtest,demand_forecast_run_20261005T130920538
2025-09-03,S06,P0022,6,2.191,1.138,2.66,0,Medium,2,1,0.95,backtest,demand_forecast_run_20261005T130920538
2025-09-03,S06,P0032,24,13.44,3.415,7.97,0,Low,2,1,0.95,backtest,demand_forecast_run_20261005T130920538
2025-09-03,S06,P0053,6,2.801,1.774,4.14,1,Low,2,1,0.95,backtest,demand_forecast_run_20261005T130920538
2025-09-03,S06,P0073,5,2.395,1.044,2.44,0,Low,2,1,0.95,backtest,demand_forecast_run_20261005T130920538
2025-09-03,S06,P0170,1,1.789,0.959,2.24,4,High,2,1,0.95,backtest,demand_forecast_run_20261005T130920538
2025-09-03,S06,P0206,13,4.751,3.205,7.48,0,Low,2,1,0.95,backtest,demand_forecast_run_20261005T130920538
2025-09-03,S06,P0213,6,4.283,1.771,4.13,3,Medium,2,1,0.95,backtest,demand_forecast_run_20261005T130920538
2025-09-03,S06,P0252,10,4.912,1.912,4.46,0,Low,2,1,0.95,backtest,demand_forecast_run_20261005T130920538
2025-09-03,S06,P0272,8,1.796,1.129,2.63,0,Low,2,1,0.95,backtest,demand_forecast_run_20261005T130920538
2025-09-03,S06,P0288,4,2.377,1.066,2.49,1,Medium,2,1,0.95,backtest,demand_forecast_run_20261005T130920538
2025-09-03,S06,P0316,11,2.138,1.503,3.51,0,Low,2,1,0.95,backtest,demand_forecast_run_20261005T130920538
2025-09-03,S06,P0369,13,7.25,2.518,5.88,1,Low,2,1,0.95,backtest,demand_forecast_run_20261005T130920538
2025-09-03,S06,P0381,6,1.597,1.069,2.49,0,Low,2,1,0.95,backtest,demand_forecast_run_20261005T130920538
2025-09-03,S06,P0391,17,5.082,2.171,5.07,0,Low,2,1,0.95,backtest,demand_forecast_run_20261005T130920538
2025-09-03,S06,P0392,6,2.493,0.838,1.96,0,Low,2,1,0.95,backtest,demand_forecast_run_20261005T130920538
2025-09-03,S06,P0408,5,2.51,1.249,2.91,1,Medium,2,1,0.95,backtest,demand_forecast_run_20261005T130920538
2025-09-03,S06,P0409,12,2.384,0.637,1.49,0,Low,2,1,0.95,backtest,demand_forecast_run_20261005T130920538
2025-09-03,S06,P0433,7,1.121,1.138,2.66,0,Low,2,1,0.95,backtest,demand_forecast_run_20261005T130920538
2025-09-03,S06,P0435,22,7.227,1.782,4.16,0,Low,2,1,0.95,backtest,demand_forecast_run_20261005T130920538
2025-09-03,S06,P0445,4,2.512,1.217,2.84,2,Medium,2,1,0.95,backtest,demand_forecast_run_20261005T130920538
2025-09-03,S06,P0507,57,12.557,3.742,8.73,0,Low,2,1,0.95,backtest,demand_forecast_run_20261005T130920538
2025-09-03,S06,P0563,8,3.393,1.315,3.07,0,Low,2,1,0.95,backtest,demand_forecast_run_20261005T130920538
2025-09-03,S06,P0579,4,5.086,1.693,3.95,6,High,2,1,0.95,backtest,demand_forecast_run_20261005T130920538
2025-09-03,S06,P0589,16,3.224,1.213,2.83,0,Low,2,1,0.95,backtest,demand_forecast_run_20261005T130920538
2025-09-03,S07,P0003,14,2.329,0.916,2.14,0,Low,2,1,0.95,backtest,demand_forecast_run_20261005T130920538
2025-09-03,S07,P0022,10,3.514,1.245,2.91,0,Low,2,1,0.95,backtest,demand_forecast_run_20261005T130920538
2025-09-03,S07,P0032,19,9.83,2.516,5.87,0,Low,2,1,0.95,backtest,demand_forecast_run_20261005T130920538
2025-09-03,S07,P0053,2,1.362,0.737,1.72,2,Medium,2,1,0.95,backtest,demand_forecast_run_20261005T130920538
2025-09-03,S07,P0073,4,0.503,0.448,1.05,0,Low,2,1,0.95,backtest,demand_forecast_run_20261005T130920538
2025-09-03,S07,P0170,7,1.116,0.962,2.24,0,Low,2,1,0.95,backtest,demand_forecast_run_20261005T130920538
2025-09-03,S07,P0206,16,3.077,1.843,4.3,0,Low,2,1,0.95,backtest,demand_forecast_run_20261005T130920538
2025-09-03,S07,P0213,15,1.505,0.793,1.85,0,Low,2,1,0.95,backtest,demand_forecast_run_20261005T130920538
2025-09-03,S07,P0252,11,3.385,1.5,3.5,0,Low,2,1,0.95,backtest,demand_forecast_run_20261005T130920538
2025-09-03,S07,P0272,9,1.007,0.6,1.4,0,Low,2,1,0.95,backtest,demand_forecast_run_20261005T130920538
2025-09-03,S07,P0288,6,1.838,1.049,2.45,0,Low,2,1,0.95,backtest,demand_forecast_run_20261005T130920538
2025-09-03,S07,P0316,8,0.513,0.568,1.33,0,Low,2,1,0.95,backtest,demand_forecast_run_20261005T130920538
2025-09-03,S07,P0369,11,3.492,1.595,3.72,0,Low,2,1,0.95,backtest,demand_forecast_run_20261005T130920538
2025-09-03,S07,P0381,8,1.133,0.612,1.43,0,Low,2,1,0.95,backtest,demand_forecast_run_20261005T130920538
2025-09-03,S07,P0391,19,3.963,1.484,3.46,0,Low,2,1,0.95,backtest,demand_forecast_run_20261005T130920538
2025-09-03,S07,P0392,6,2.759,0.945,2.2,0,Low,2,1,0.95,backtest,demand_forecast_run_20261005T130920538
2025-09-03,S07,P0408,10,1.425,1.1,2.57,0,Low,2,1,0.95,backtest,demand_forecast_run_20261005T130920538
2025-09-03,S07,P0409,6,2.9,0.962,2.24,0,Low,2,1,0.95,backtest,demand_forecast_run_20261005T130920538
2025-09-03,S07,P0433,0,0.329,0.416,0.97,2,High,2,1,0.95,backtest,demand_forecast_run_20261005T130920538
2025-09-03,S07,P0435,3,4.778,1.758,4.1,6,High,2,1,0.95,backtest,demand_forecast_run_20261005T130920538
2025-09-03,S07,P0445,6,1.053,0.79,1.84,0,Low,2,1,0.95,backtest,demand_forecast_run_20261005T130920538
2025-09-03,S07,P0507,6,6.58,2.195,5.12,6,High,2,1,0.95,backtest,demand_forecast_run_20261005T130920538
2025-09-03,S07,P0563,13,2.769,1.287,3,0,Low,2,1,0.95,backtest,demand_forecast_run_20261005T130920538
2025-09-03,S07,P0579,7,1.547,0.659,1.54,0,Low,2,1,0.95,backtest,demand_forecast_run_20261005T130920538
2025-09-03,S07,P0589,4,2.329,1.133,2.64,1,Medium,2,1,0.95,backtest,demand_forecast_run_20261005T130920538
2025-09-03,S08,P0003,11,4.245,2.183,5.09,0,Low,2,1,0.95,backtest,demand_forecast_run_20261005T130920538
2025-09-03,S08,P0022,7,4.318,1.647,3.84,2,Low,2,1,0.95,backtest,demand_forecast_run_20261005T130920538
2025-09-03,S08,P0032,47,13.502,2.868,6.69,0,Low,2,1,0.95,backtest,demand_forecast_run_20261005T130920538
2025-09-03,S08,P0053,10,1.567,1.096,2.56,0,Low,2,1,0.95,backtest,demand_forecast_run_20261005T130920538
2025-09-03,S08,P0073,3,1.19,0.997,2.33,1,Medium,2,1,0.95,backtest,demand_forecast_run_20261005T130920538
2025-09-03,S08,P0170,12,1.443,0.79,1.84,0,Low,2,1,0.95,backtest,demand_forecast_run_20261005T130920538
2025-09-03,S08,P0206,20,5.669,1.804,4.21,0,Low,2,1,0.95,backtest,demand_forecast_run_20261005T130920538
2025-09-03,S08,P0213,13,1.888,1.361,3.18,0,Low,2,1,0.95,backtest,demand_forecast_run_20261005T130920538
2025-09-03,S08,P0252,20,6.284,2.572,6,0,Low,2,1,0.95,backtest,demand_forecast_run_20261005T130920538
2025-09-03,S08,P0272,7,1.884,1.09,2.54,0,Low,2,1,0.95,backtest,demand_forecast_run_20261005T130920538
2025-09-03,S08,P0288,2,2.878,1.122,2.62,4,High,2,1,0.95,backtest,demand_forecast_run_20261005T130920538
2025-09-03,S08,P0316,10,1.173,0.742,1.73,0,Low,2,1,0.95,backtest,demand_forecast_run_20261005T130920538
2025-09-03,S08,P0369,17,5.834,2.837,6.62,0,Low,2,1,0.95,backtest,demand_forecast_run_20261005T130920538
2025-09-03,S08,P0381,6,2.38,1.533,3.58,0,Low,2,1,0.95,backtest,demand_forecast_run_20261005T130920538
2025-09-03,S08,P0391,10,4.44,1.827,4.26,0,Low,2,1,0.95,backtest,demand_forecast_run_20261005T130920538
2025-09-03,S08,P0392,8,2.092,1.393,3.25,0,Low,2,1,0.95,backtest,demand_forecast_run_20261005T130920538
2025-09-03,S08,P0408,7,1.74,1.572,3.67,0,Low,2,1,0.95,backtest,demand_forecast_run_20261005T130920538
2025-09-03,S08,P0409,5,4.189,1.066,2.49,2,Medium,2,1,0.95,backtest,demand_forecast_run_20261005T130920538
2025-09-03,S08,P0433,7,1.174,0.875,2.04,0,Low,2,1,0.95,backtest,demand_forecast_run_20261005T130920538
2025-09-03,S08,P0435,25,6.476,2.205,5.14,0,Low,2,1,0.95,backtest,demand_forecast_run_20261005T130920538
2025-09-03,S08,P0445,10,2.208,1.474,3.44,0,Low,2,1,0.95,backtest,demand_forecast_run_20261005T130920538
2025-09-03,S08,P0507,61,12.187,3.99,9.31,0,Low,2,1,0.95,backtest,demand_forecast_run_20261005T130920538
2025-09-03,S08,P0563,22,5.157,1.919,4.48,0,Low,2,1,0.95,backtest,demand_forecast_run_20261005T130920538
2025-09-03,S08,P0579,9,2.346,1.036,2.42,0,Low,2,1,0.95,backtest,demand_forecast_run_20261005T130920538
2025-09-03,S08,P0589,11,3.057,2.07,4.83,0,Low,2,1,0.95,backtest,demand_forecast_run_20261005T130920538
2025-09-03,S09,P0003,10,3.416,0.881,2.06,0,Low,2,1,0.95,backtest,demand_forecast_run_20261005T130920538
2025-09-03,S09,P0022,12,4.786,1.688,3.94,0,Low,2,1,0.95,backtest,demand_forecast_run_20261005T130920538
2025-09-03,S09,P0032,14,12.34,3.065,7.15,6,Medium,2,1,0.95,backtest,demand_forecast_run_20261005T130920538
2025-09-03,S09,P0053,9,2.998,2.019,4.71,0,Low,2,1,0.95,backtest,demand_forecast_run_20261005T130920538
2025-09-03,S09,P0073,10,1.674,0.916,2.14,0,Low,2,1,0.95,backtest,demand_forecast_run_20261005T130920538
2025-09-03,S09,P0170,6,1.449,0.999,2.33,0,Low,2,1,0.95,backtest,demand_forecast_run_20261005T130920538
2025-09-03,S09,P0206,18,5.374,1.957,4.57,0,Low,2,1,0.95,backtest,demand_forecast_run_20261005T130920538
2025-09-03,S09,P0213,14,4.078,1.813,4.23,0,Low,2,1,0.95,backtest,demand_forecast_run_20261005T130920538
2025-09-03,S09,P0252,9,5.773,2.035,4.75,2,Low,2,1,0.95,backtest,demand_forecast_run_20261005T130920538
2025-09-03,S09,P0272,5,0.913,0.499,1.16,0,Low,2,1,0.95,backtest,demand_forecast_run_20261005T130920538
2025-09-03,S09,P0288,6,2.145,0.911,2.13,0,Low,2,1,0.95,backtest,demand_forecast_run_20261005T130920538
2025-09-03,S09,P0316,10,1.757,0.916,2.14,0,Low,2,1,0.95,backtest,demand_forecast_run_20261005T130920538
2025-09-03,S09,P0369,3,6.032,2.107,4.92,8,High,2,1,0.95,backtest,demand_forecast_run_20261005T130920538
2025-09-03,S09,P0381,7,1.369,0.863,2.01,0,Low,2,1,0.95,backtest,demand_forecast_run_20261005T130920538
2025-09-03,S09,P0391,19,7.3,2.261,5.28,0,Low,2,1,0.95,backtest,demand_forecast_run_20261005T130920538
2025-09-03,S09,P0392,8,1.201,0.713,1.66,0,Low,2,1,0.95,backtest,demand_forecast_run_20261005T130920538
2025-09-03,S09,P0408,14,3.29,1.538,3.59,0,Low,2,1,0.95,backtest,demand_forecast_run_20261005T130920538
2025-09-03,S09,P0409,3,3.848,1.156,2.7,4,High,2,1,0.95,backtest,demand_forecast_run_20261005T130920538
2025-09-03,S09,P0433,7,0.518,0.476,1.11,0,Low,2,1,0.95,backtest,demand_forecast_run_20261005T130920538
2025-09-03,S09,P0435,10,8.459,1.895,4.42,3,Low,2,1,0.95,backtest,demand_forecast_run_20261005T130920538
2025-09-03,S09,P0445,9,2.443,1.771,4.13,0,Low,2,1,0.95,backtest,demand_forecast_run_20261005T130920538
2025-09-03,S09,P0507,25,13.658,2.47,5.76,0,Low,2,1,0.95,backtest,demand_forecast_run_20261005T130920538
2025-09-03,S09,P0563,7,5.629,1.517,3.54,3,Low,2,1,0.95,backtest,demand_forecast_run_20261005T130920538
2025-09-03,S09,P0579,5,3.178,1.278,2.98,2,Low,2,1,0.95,backtest,demand_forecast_run_20261005T130920538
2025-09-03,S09,P0589,10,5.313,1.836,4.28,0,Low,2,1,0.95,backtest,demand_forecast_run_20261005T130920538
2025-09-03,S10,P0003,14,3.458,1.09,2.54,0,Low,2,1,0.95,backtest,demand_forecast_run_20261005T130920538
2025-09-03,S10,P0022,5,3.793,1.517,3.54,3,Medium,2,1,0.95,backtest,demand_forecast_run_20261005T130920538
2025-09-03,S10,P0032,18,12.004,3.196,7.46,2,Low,2,1,0.95,backtest,demand_forecast_run_20261005T130920538
2025-09-03,S10,P0053,7,0.818,0.6,1.4,0,Low,2,1,0.95,backtest,demand_forecast_run_20261005T130920538
2025-09-03,S10,P0073,8,1.214,0.723,1.69,0,Low,2,1,0.95,backtest,demand_forecast_run_20261005T130920538
2025-09-03,S10,P0170,2,1.716,0.959,2.24,2,Medium,2,1,0.95,backtest,demand_forecast_run_20261005T130920538
2025-09-03,S10,P0206,14,4.132,1.156,2.7,0,Low,2,1,0.95,backtest,demand_forecast_run_20261005T130920538
2025-09-03,S10,P0213,13,2.953,1.303,3.04,0,Low,2,1,0.95,backtest,demand_forecast_run_20261005T130920538
2025-09-03,S10,P0252,17,4.236,1.685,3.93,0,Low,2,1,0.95,backtest,demand_forecast_run_20261005T130920538
2025-09-03,S10,P0272,9,1.079,0.659,1.54,0,Low,2,1,0.95,backtest,demand_forecast_run_20261005T130920538
2025-09-03,S10,P0288,8,2.438,1.101,2.57,0,Low,2,1,0.95,backtest,demand_forecast_run_20261005T130920538
2025-09-03,S10,P0316,12,1.437,0.659,1.54,0,Low,2,1,0.95,backtest,demand_forecast_run_20261005T130920538
2025-09-03,S10,P0369,3,4.839,1.386,3.23,6,High,2,1,0.95,backtest,demand_forecast_run_20261005T130920538
2025-09-03,S10,P0381,5,1.484,0.685,1.6,0,Low,2,1,0.95,backtest,demand_forecast_run_20261005T130920538
2025-09-03,S10,P0391,10,5.422,1.707,3.98,0,Low,2,1,0.95,backtest,demand_forecast_run_20261005T130920538
2025-09-03,S10,P0392,4,1.608,0.634,1.48,0,Low,2,1,0.95,backtest,demand_forecast_run_20261005T130920538
2025-09-03,S10,P0408,11,1.321,0.879,2.05,0,Low,2,1,0.95,backtest,demand_forecast_run_20261005T130920538
2025-09-03,S10,P0409,8,5.196,1.056,2.46,0,Low,2,1,0.95,backtest,demand_forecast_run_20261005T130920538
2025-09-03,S10,P0433,5,0.792,0.518,1.21,0,Low,2,1,0.95,backtest,demand_forecast_run_20261005T130920538
2025-09-03,S10,P0435,19,6.316,2.168,5.06,0,Low,2,1,0.95,backtest,demand_forecast_run_20261005T130920538
2025-09-03,S10,P0445,8,0.82,0.518,1.21,0,Low,2,1,0.95,backtest,demand_forecast_run_20261005T130920538
2025-09-03,S10,P0507,31,13.478,2.439,5.69,0,Low,2,1,0.95,backtest,demand_forecast_run_20261005T130920538
2025-09-03,S10,P0563,14,6.206,1.81,4.22,0,Low,2,1,0.95,backtest,demand_forecast_run_20261005T130920538
2025-09-03,S10,P0579,10,2.259,0.678,1.58,0,Low,2,1,0.95,backtest,demand_forecast_run_20261005T130920538
2025-09-03,S10,P0589,10,3.458,1.124,2.62,0,Low,2,1,0.95,backtest,demand_forecast_run_20261005T130920538
2025-09-03,S11,P0003,7,5.739,1.56,3.64,3,Low,2,1,0.95,backtest,demand_forecast_run_20261005T130920538
2025-09-03,S11,P0022,15,5.557,1.693,3.95,0,Low,2,1,0.95,backtest,demand_forecast_run_20261005T130920538
2025-09-03,S11,P0032,60,15.765,3.326,7.76,0,Low,2,1,0.95,backtest,demand_forecast_run_20261005T130920538
2025-09-03,S11,P0053,11,2.616,1.168,2.73,0,Low,2,1,0.95,backtest,demand_forecast_run_20261005T130920538
2025-09-03,S11,P0073,9,1.548,0.959,2.24,0,Low,2,1,0.95,backtest,demand_forecast_run_20261005T130920538
2025-09-03,S11,P0170,5,2.328,1.188,2.77,1,Low,2,1,0.95,backtest,demand_forecast_run_20261005T130920538
2025-09-03,S11,P0206,13,4.348,1.618,3.78,0,Low,2,1,0.95,backtest,demand_forecast_run_20261005T130920538
2025-09-03,S11,P0213,5,3.447,1.451,3.39,2,Medium,2,1,0.95,backtest,demand_forecast_run_20261005T130920538
2025-09-03,S11,P0252,12,8.213,2.116,4.94,2,Low,2,1,0.95,backtest,demand_forecast_run_20261005T130920538
2025-09-03,S11,P0272,8,3.613,1.277,2.98,0,Low,2,1,0.95,backtest,demand_forecast_run_20261005T130920538
2025-09-03,S11,P0288,14,3.469,1.853,4.32,0,Low,2,1,0.95,backtest,demand_forecast_run_20261005T130920538
2025-09-03,S11,P0316,5,3.568,1.177,2.75,2,Low,2,1,0.95,backtest,demand_forecast_run_20261005T130920538
2025-09-03,S11,P0369,16,7.293,1.816,4.24,0,Low,2,1,0.95,backtest,demand_forecast_run_20261005T130920538
2025-09-03,S11,P0381,12,3.355,1.086,2.53,0,Low,2,1,0.95,backtest,demand_forecast_run_20261005T130920538
2025-09-03,S11,P0391,16,8.01,2.048,4.78,0,Low,2,1,0.95,backtest,demand_forecast_run_20261005T130920538
2025-09-03,S11,P0392,4,2.685,1.182,2.76,2,Low,2,1,0.95,backtest,demand_forecast_run_20261005T130920538
2025-09-03,S11,P0408,15,3.433,1.563,3.65,0,Low,2,1,0.95,backtest,demand_forecast_run_20261005T130920538
2025-09-03,S11,P0409,16,4.368,1.018,2.38,0,Low,2,1,0.95,backtest,demand_forecast_run_20261005T130920538
2025-09-03,S11,P0433,11,0.49,0.476,1.11,0,Low,2,1,0.95,backtest,demand_forecast_run_20261005T130920538
2025-09-03,S11,P0435,28,8.952,2.155,5.03,0,Low,2,1,0.95,backtest,demand_forecast_run_20261005T130920538
2025-09-03,S11,P0445,9,3.542,1.407,3.28,0,Low,2,1,0.95,backtest,demand_forecast_run_20261005T130920538
2025-09-03,S11,P0507,43,15.276,3.042,7.1,0,Low,2,1,0.95,backtest,demand_forecast_run_20261005T130920538
2025-09-03,S11,P0563,13,7.225,2.388,5.57,0,Low,2,1,0.95,backtest,demand_forecast_run_20261005T130920538
2025-09-03,S11,P0579,9,2.34,1.036,2.42,0,Low,2,1,0.95,backtest,demand_forecast_run_20261005T130920538
2025-09-03,S11,P0589,9,3.667,1.02,2.38,0,Low,2,1,0.95,backtest,demand_forecast_run_20261005T130920538
2025-09-03,S12,P0003,6,3.757,1.054,2.46,1,Medium,2,1,0.95,backtest,demand_forecast_run_20261005T130920538
2025-09-03,S12,P0022,8,4.791,1.747,4.08,1,Low,2,1,0.95,backtest,demand_forecast_run_20261005T130920538
2025-09-03,S12,P0032,16,11.975,2.901,6.77,3,Low,2,1,0.95,backtest,demand_forecast_run_20261005T130920538
2025-09-03,S12,P0053,7,2.011,1.139,2.66,0,Low,2,1,0.95,backtest,demand_forecast_run_20261005T130920538
2025-09-03,S12,P0073,4,0.836,0.568,1.33,0,Low,2,1,0.95,backtest,demand_forecast_run_20261005T130920538
2025-09-03,S12,P0170,8,1.571,0.92,2.15,0,Low,2,1,0.95,backtest,demand_forecast_run_20261005T130920538
2025-09-03,S12,P0206,15,3.046,1.29,3.01,0,Low,2,1,0.95,backtest,demand_forecast_run_20261005T130920538
2025-09-03,S12,P0213,10,2.573,1.333,3.11,0,Low,2,1,0.95,backtest,demand_forecast_run_20261005T130920538
2025-09-03,S12,P0252,19,4.613,1.541,3.6,0,Low,2,1,0.95,backtest,demand_forecast_run_20261005T130920538
2025-09-03,S12,P0272,9,2.228,1.317,3.07,0,Low,2,1,0.95,backtest,demand_forecast_run_20261005T130920538
2025-09-03,S12,P0288,8,1.187,0.441,1.03,0,Low,2,1,0.95,backtest,demand_forecast_run_20261005T130920538
2025-09-03,S12,P0316,9,2.31,1.067,2.49,0,Low,2,1,0.95,backtest,demand_forecast_run_20261005T130920538
2025-09-03,S12,P0369,16,5.951,2.424,5.66,0,Low,2,1,0.95,backtest,demand_forecast_run_20261005T130920538
2025-09-03,S12,P0381,1,1.95,1.106,2.58,4,High,2,1,0.95,backtest,demand_forecast_run_20261005T130920538
2025-09-03,S12,P0391,4,4.166,0.962,2.24,3,High,2,1,0.95,backtest,demand_forecast_run_20261005T130920538
2025-09-03,S12,P0392,6,1.563,0.923,2.15,0,Low,2,1,0.95,backtest,demand_forecast_run_20261005T130920538
2025-09-03,S12,P0408,11,1.367,0.763,1.78,0,Low,2,1,0.95,backtest,demand_forecast_run_20261005T130920538
2025-09-03,S12,P0409,7,2.904,1.013,2.36,0,Low,2,1,0.95,backtest,demand_forecast_run_20261005T130920538
2025-09-03,S12,P0433,2,0.652,0.356,0.83,0,Medium,2,1,0.95,backtest,demand_forecast_run_20261005T130920538
2025-09-03,S12,P0435,15,6.615,1.595,3.72,0,Low,2,1,0.95,backtest,demand_forecast_run_20261005T130920538
2025-09-03,S12,P0445,6,1.271,0.832,1.94,0,Low,2,1,0.95,backtest,demand_forecast_run_20261005T130920538
2025-09-03,S12,P0507,31,11.09,3.167,7.39,0,Low,2,1,0.95,backtest,demand_forecast_run_20261005T130920538
2025-09-03,S12,P0563,4,3.9,1.333,3.11,4,Medium,2,1,0.95,backtest,demand_forecast_run_20261005T130920538
2025-09-03,S12,P0579,5,1.742,0.79,1.84,0,Low,2,1,0.95,backtest,demand_forecast_run_20261005T130920538
2025-09-03,S12,P0589,11,2.684,1.084,2.53,0,Low,2,1,0.95,backtest,demand_forecast_run_20261005T130920538
2025-09-04,S01,P0003,12,4.048,1.475,3.44,0,Low,2,1,0.95,backtest,demand_forecast_run_20261005T130920538
2025-09-04,S01,P0022,6,3.508,1.729,4.03,2,Low,2,1,0.95,backtest,demand_forecast_run_20261005T130920538
2025-09-04,S01,P0032,48,11.066,3.5,8.17,0,Low,2,1,0.95,backtest,demand_forecast_run_20261005T130920538
2025-09-04,S01,P0053,9,2.139,0.87,2.03,0,Low,2,1,0.95,backtest,demand_forecast_run_20261005T130920538
2025-09-04,S01,P0073,5,1.833,1.138,2.66,0,Low,2,1,0.95,backtest,demand_forecast_run_20261005T130920538
2025-09-04,S01,P0170,8,1.751,1.031,2.4,0,Low,2,1,0.95,backtest,demand_forecast_run_20261005T130920538
2025-09-04,S01,P0206,18,4.112,1.384,3.23,0,Low,2,1,0.95,backtest,demand_forecast_run_20261005T130920538
2025-09-04,S01,P0213,16,2.14,1.044,2.44,0,Low,2,1,0.95,backtest,demand_forecast_run_20261005T130920538
2025-09-04,S01,P0252,23,6.121,1.697,3.96,0,Low,2,1,0.95,backtest,demand_forecast_run_20261005T130920538
2025-09-04,S01,P0272,5,2.322,0.819,1.91,0,Low,2,1,0.95,backtest,demand_forecast_run_20261005T130920538
2025-09-04,S01,P0288,16,2.786,1.224,2.86,0,Low,2,1,0.95,backtest,demand_forecast_run_20261005T130920538
2025-09-04,S01,P0316,6,0.914,0.659,1.54,0,Low,2,1,0.95,backtest,demand_forecast_run_20261005T130920538
2025-09-04,S01,P0369,23,6.455,2.404,5.61,0,Low,2,1,0.95,backtest,demand_forecast_run_20261005T130920538
2025-09-04,S01,P0381,7,1.589,0.962,2.24,0,Low,2,1,0.95,backtest,demand_forecast_run_20261005T130920538
2025-09-04,S01,P0391,13,7.701,1.607,3.75,0,Low,2,1,0.95,backtest,demand_forecast_run_20261005T130920538
2025-09-04,S01,P0392,11,4.014,0.826,1.93,0,Low,2,1,0.95,backtest,demand_forecast_run_20261005T130920538
2025-09-04,S01,P0408,2,2.027,0.693,1.62,2,High,2,1,0.95,backtest,demand_forecast_run_20261005T130920538
2025-09-04,S01,P0409,9,3.763,1.031,2.41,0,Low,2,1,0.95,backtest,demand_forecast_run_20261005T130920538
2025-09-04,S01,P0433,6,1.028,0.723,1.69,0,Low,2,1,0.95,backtest,demand_forecast_run_20261005T130920538
2025-09-04,S01,P0435,10,5.262,1.258,2.93,0,Low,2,1,0.95,backtest,demand_forecast_run_20261005T130920538
2025-09-04,S01,P0445,0,2.841,1.427,3.33,7,High,2,1,0.95,backtest,demand_forecast_run_20261005T130920538
2025-09-04,S01,P0507,39,8.718,2.074,4.84,0,Low,2,1,0.95,backtest,demand_forecast_run_20261005T130920538
2025-09-04,S01,P0563,4,3.544,1.401,3.27,3,Medium,2,1,0.95,backtest,demand_forecast_run_20261005T130920538
2025-09-04,S01,P0579,4,2.566,1.29,3.01,2,Low,2,1,0.95,backtest,demand_forecast_run_20261005T130920538
2025-09-04,S01,P0589,10,3.096,1.538,3.59,0,Low,2,1,0.95,backtest,demand_forecast_run_20261005T130920538
2025-09-04,S02,P0003,16,4.273,1.427,3.33,0,Low,2,1,0.95,backtest,demand_forecast_run_20261005T130920538
2025-09-04,S02,P0022,8,4.231,1.362,3.18,0,Low,2,1,0.95,backtest,demand_forecast_run_20261005T130920538
2025-09-04,S02,P0032,9,9.848,2.726,6.36,8,High,2,1,0.95,backtest,demand_forecast_run_20261005T130920538
2025-09-04,S02,P0053,3,1.586,0.685,1.6,1,Medium,2,1,0.95,backtest,demand_forecast_run_20261005T130920538
2025-09-04,S02,P0073,6,1.62,0.79,1.84,0,Low,2,1,0.95,backtest,demand_forecast_run_20261005T130920538
2025-09-04,S02,P0170,5,1.442,0.923,2.15,0,Low,2,1,0.95,backtest,demand_forecast_run_20261005T130920538
2025-09-04,S02,P0206,6,5.651,1.362,3.18,3,Medium,2,1,0.95,backtest,demand_forecast_run_20261005T130920538
2025-09-04,S02,P0213,9,2.796,1.729,4.03,0,Low,2,1,0.95,backtest,demand_forecast_run_20261005T130920538
2025-09-04,S02,P0252,23,5.671,1.512,3.53,0,Low,2,1,0.95,backtest,demand_forecast_run_20261005T130920538
2025-09-04,S02,P0272,13,1.35,0.951,2.22,0,Low,2,1,0.95,backtest,demand_forecast_run_20261005T130920538
2025-09-04,S02,P0288,12,2.883,1.186,2.77,0,Low,2,1,0.95,backtest,demand_forecast_run_20261005T130920538
2025-09-04,S02,P0316,10,1.68,0.685,1.6,0,Low,2,1,0.95,backtest,demand_forecast_run_20261005T130920538
2025-09-04,S02,P0369,13,5.303,2.193,5.12,0,Low,2,1,0.95,backtest,demand_forecast_run_20261005T130920538
2025-09-04,S02,P0381,10,1.755,0.838,1.96,0,Low,2,1,0.95,backtest,demand_forecast_run_20261005T130920538
2025-09-04,S02,P0391,11,6.488,1.685,3.93,0,Low,2,1,0.95,backtest,demand_forecast_run_20261005T130920538
2025-09-04,S02,P0392,9,1.482,0.836,1.95,0,Low,2,1,0.95,backtest,demand_forecast_run_20261005T130920538
2025-09-04,S02,P0408,13,4.29,1.219,2.84,0,Low,2,1,0.95,backtest,demand_forecast_run_20261005T130920538
2025-09-04,S02,P0409,9,5.998,1.286,3,0,Low,2,1,0.95,backtest,demand_forecast_run_20261005T130920538
2025-09-04,S02,P0433,8,0.484,0.772,1.8,0,Low,2,1,0.95,backtest,demand_forecast_run_20261005T130920538
2025-09-04,S02,P0435,22,8.237,2.305,5.38,0,Low,2,1,0.95,backtest,demand_forecast_run_20261005T130920538
2025-09-04,S02,P0445,14,1.023,0.832,1.94,0,Low,2,1,0.95,backtest,demand_forecast_run_20261005T130920538
2025-09-04,S02,P0507,16,11.25,2.326,5.43,1,Low,2,1,0.95,backtest,demand_forecast_run_20261005T130920538
2025-09-04,S02,P0563,12,5.265,1.771,4.13,0,Low,2,1,0.95,backtest,demand_forecast_run_20261005T130920538
2025-09-04,S02,P0579,9,2.461,0.879,2.05,0,Low,2,1,0.95,backtest,demand_forecast_run_20261005T130920538
2025-09-04,S02,P0589,8,2.087,1.143,2.67,0,Low,2,1,0.95,backtest,demand_forecast_run_20261005T130920538
2025-09-04,S03,P0003,0,3.197,1.427,3.33,7,High,2,1,0.95,backtest,demand_forecast_run_20261005T130920538
2025-09-04,S03,P0022,7,2.126,1.213,2.83,0,Low,2,1,0.95,backtest,demand_forecast_run_20261005T130920538
2025-09-04,S03,P0032,40,10.492,2.455,5.73,0,Low,2,1,0.95,backtest,demand_forecast_run_20261005T130920538
2025-09-04,S03,P0053,8,3.647,1.374,3.21,0,Low,2,1,0.95,backtest,demand_forecast_run_20261005T130920538
2025-09-04,S03,P0073,4,0.459,0.315,0.73,0,Low,2,1,0.95,backtest,demand_forecast_run_20261005T130920538
2025-09-04,S03,P0170,8,1.956,1.166,2.72,0,Low,2,1,0.95,backtest,demand_forecast_run_20261005T130920538
2025-09-04,S03,P0206,16,4.855,1.399,3.26,0,Low,2,1,0.95,backtest,demand_forecast_run_20261005T130920538
2025-09-04,S03,P0213,5,2.159,1.013,2.36,0,Low,2,1,0.95,backtest,demand_forecast_run_20261005T130920538
2025-09-04,S03,P0252,8,4.481,2.331,5.44,2,Medium,2,1,0.95,backtest,demand_forecast_run_20261005T130920538
2025-09-04,S03,P0272,5,1.987,0.881,2.06,0,Low,2,1,0.95,backtest,demand_forecast_run_20261005T130920538
2025-09-04,S03,P0288,9,1.586,0.92,2.15,0,Low,2,1,0.95,backtest,demand_forecast_run_20261005T130920538
2025-09-04,S03,P0316,6,1.942,1.136,2.65,0,Low,2,1,0.95,backtest,demand_forecast_run_20261005T130920538
2025-09-04,S03,P0369,23,5.044,2.109,4.92,0,Low,2,1,0.95,backtest,demand_forecast_run_20261005T130920538
2025-09-04,S03,P0381,7,1.223,0.659,1.54,0,Low,2,1,0.95,backtest,demand_forecast_run_20261005T130920538
2025-09-04,S03,P0391,13,6.619,2.188,5.11,0,Low,2,1,0.95,backtest,demand_forecast_run_20261005T130920538
2025-09-04,S03,P0392,10,2.35,0.693,1.62,0,Low,2,1,0.95,backtest,demand_forecast_run_20261005T130920538
2025-09-04,S03,P0408,11,1.374,0.659,1.54,0,Low,2,1,0.95,backtest,demand_forecast_run_20261005T130920538
2025-09-04,S03,P0409,11,3.052,0.854,1.99,0,Low,2,1,0.95,backtest,demand_forecast_run_20261005T130920538
2025-09-04,S03,P0433,2,0.657,0.499,1.16,0,Medium,2,1,0.95,backtest,demand_forecast_run_20261005T130920538
2025-09-04,S03,P0435,21,5.682,1.598,3.73,0,Low,2,1,0.95,backtest,demand_forecast_run_20261005T130920538
2025-09-04,S03,P0445,9,1.05,0.69,1.61,0,Low,2,1,0.95,backtest,demand_forecast_run_20261005T130920538
2025-09-04,S03,P0507,29,9.361,2.358,5.5,0,Low,2,1,0.95,backtest,demand_forecast_run_20261005T130920538
2025-09-04,S03,P0563,18,5.655,1.565,3.65,0,Low,2,1,0.95,backtest,demand_forecast_run_20261005T130920538
2025-09-04,S03,P0579,5,1.984,1.232,2.87,0,Low,2,1,0.95,backtest,demand_forecast_run_20261005T130920538
2025-09-04,S03,P0589,4,3.434,1.503,3.51,3,Medium,2,1,0.95,backtest,demand_forecast_run_20261005T130920538
2025-09-04,S04,P0003,11,3.438,1.089,2.54,0,Low,2,1,0.95,backtest,demand_forecast_run_20261005T130920538
2025-09-04,S04,P0022,9,2.433,0.786,1.83,0,Low,2,1,0.95,backtest,demand_forecast_run_20261005T130920538
2025-09-04,S04,P0032,24,8.914,3.452,8.05,0,Low,2,1,0.95,backtest,demand_forecast_run_20261005T130920538
2025-09-04,S04,P0053,8,1.709,0.745,1.74,0,Low,2,1,0.95,backtest,demand_forecast_run_20261005T130920538
2025-09-04,S04,P0073,7,1.812,0.731,1.71,0,Low,2,1,0.95,backtest,demand_forecast_run_20261005T130920538
2025-09-04,S04,P0170,3,1.62,0.786,1.83,1,Medium,2,1,0.95,backtest,demand_forecast_run_20261005T130920538
2025-09-04,S04,P0206,3,4.115,1.471,3.43,5,High,2,1,0.95,backtest,demand_forecast_run_20261005T130920538
2025-09-04,S04,P0213,6,1.087,0.916,2.14,0,Low,2,1,0.95,backtest,demand_forecast_run_20261005T130920538
2025-09-04,S04,P0252,14,3.029,1.489,3.47,0,Low,2,1,0.95,backtest,demand_forecast_run_20261005T130920538
2025-09-04,S04,P0272,6,1.994,0.832,1.94,0,Low,2,1,0.95,backtest,demand_forecast_run_20261005T130920538
2025-09-04,S04,P0288,4,1.811,0.744,1.74,0,Medium,2,1,0.95,backtest,demand_forecast_run_20261005T130920538
2025-09-04,S04,P0316,3,1.083,0.87,2.03,1,Medium,2,1,0.95,backtest,demand_forecast_run_20261005T130920538
2025-09-04,S04,P0369,13,4.003,1.5,3.5,0,Low,2,1,0.95,backtest,demand_forecast_run_20261005T130920538
2025-09-04,S04,P0381,0,2.356,0.962,2.24,5,High,2,1,0.95,backtest,demand_forecast_run_20261005T130920538
2025-09-04,S04,P0391,7,4.151,1.258,2.93,1,Low,2,1,0.95,backtest,demand_forecast_run_20261005T130920538
2025-09-04,S04,P0392,5,0.978,0.39,0.91,0,Low,2,1,0.95,backtest,demand_forecast_run_20261005T130920538
2025-09-04,S04,P0408,2,1.58,1.036,2.42,2,Medium,2,1,0.95,backtest,demand_forecast_run_20261005T130920538
2025-09-04,S04,P0409,6,3.088,0.959,2.24,0,Low,2,1,0.95,backtest,demand_forecast_run_20261005T130920538
2025-09-04,S04,P0433,6,0.753,0.448,1.05,0,Low,2,1,0.95,backtest,demand_forecast_run_20261005T130920538
2025-09-04,S04,P0435,8,6.159,1.827,4.26,3,Low,2,1,0.95,backtest,demand_forecast_run_20261005T130920538
2025-09-04,S04,P0445,5,0.898,0.67,1.56,0,Low,2,1,0.95,backtest,demand_forecast_run_20261005T130920538
2025-09-04,S04,P0507,12,8.975,2.097,4.89,2,Low,2,1,0.95,backtest,demand_forecast_run_20261005T130920538
2025-09-04,S04,P0563,6,3.444,0.945,2.2,0,Low,2,1,0.95,backtest,demand_forecast_run_20261005T130920538
2025-09-04,S04,P0579,6,1.158,0.63,1.47,0,Low,2,1,0.95,backtest,demand_forecast_run_20261005T130920538
2025-09-04,S04,P0589,17,2.333,1.02,2.38,0,Low,2,1,0.95,backtest,demand_forecast_run_20261005T130920538
2025-09-04,S05,P0003,1,2.506,1.013,2.36,4,High,2,1,0.95,backtest,demand_forecast_run_20261005T130920538
2025-09-04,S05,P0022,15,2.665,1.278,2.98,0,Low,2,1,0.95,backtest,demand_forecast_run_20261005T130920538
2025-09-04,S05,P0032,25,7.376,3.049,7.11,0,Low,2,1,0.95,backtest,demand_forecast_run_20261005T130920538
2025-09-04,S05,P0053,5,0.819,0.39,0.91,0,Low,2,1,0.95,backtest,demand_forecast_run_20261005T130920538
2025-09-04,S05,P0073,5,0.72,0.585,1.37,0,Low,2,1,0.95,backtest,demand_forecast_run_20261005T130920538
2025-09-04,S05,P0170,8,0.879,0.685,1.6,0,Low,2,1,0.95,backtest,demand_forecast_run_20261005T130920538
2025-09-04,S05,P0206,8,1.883,1.175,2.74,0,Low,2,1,0.95,backtest,demand_forecast_run_20261005T130920538
2025-09-04,S05,P0213,6,1.739,1.066,2.49,0,Low,2,1,0.95,backtest,demand_forecast_run_20261005T130920538
2025-09-04,S05,P0252,9,3.169,1.393,3.25,0,Low,2,1,0.95,backtest,demand_forecast_run_20261005T130920538
2025-09-04,S05,P0272,7,1.853,0.826,1.93,0,Low,2,1,0.95,backtest,demand_forecast_run_20261005T130920538
2025-09-04,S05,P0288,12,0.984,0.879,2.05,0,Low,2,1,0.95,backtest,demand_forecast_run_20261005T130920538
2025-09-04,S05,P0316,11,1.704,1.389,3.24,0,Low,2,1,0.95,backtest,demand_forecast_run_20261005T130920538
2025-09-04,S05,P0369,16,3.645,2.234,5.21,0,Low,2,1,0.95,backtest,demand_forecast_run_20261005T130920538
2025-09-04,S05,P0381,10,0.515,0.476,1.11,0,Low,2,1,0.95,backtest,demand_forecast_run_20261005T130920538
2025-09-04,S05,P0391,14,4.585,1.44,3.36,0,Low,2,1,0.95,backtest,demand_forecast_run_20261005T130920538
2025-09-04,S05,P0392,4,0.568,0.416,0.97,0,Low,2,1,0.95,backtest,demand_forecast_run_20261005T130920538
2025-09-04,S05,P0408,8,1.106,0.659,1.54,0,Low,2,1,0.95,backtest,demand_forecast_run_20261005T130920538
2025-09-04,S05,P0409,3,2.047,0.881,2.06,2,Medium,2,1,0.95,backtest,demand_forecast_run_20261005T130920538
2025-09-04,S05,P0433,2,0.546,0.6,1.4,0,Medium,2,1,0.95,backtest,demand_forecast_run_20261005T130920538
2025-09-04,S05,P0435,6,4.592,3.682,8.59,8,Medium,2,1,0.95,backtest,demand_forecast_run_20261005T130920538
2025-09-04,S05,P0445,8,1.246,1.129,2.63,0,Low,2,1,0.95,backtest,demand_forecast_run_20261005T130920538
2025-09-04,S05,P0507,3,5.608,2.529,5.9,9,High,2,1,0.95,backtest,demand_forecast_run_20261005T130920538
2025-09-04,S05,P0563,10,2.882,1.743,4.07,0,Low,2,1,0.95,backtest,demand_forecast_run_20261005T130920538
2025-09-04,S05,P0579,4,1.501,0.786,1.83,0,Low,2,1,0.95,backtest,demand_forecast_run_20261005T130920538
2025-09-04,S05,P0589,1,2.756,1.287,3,5,High,2,1,0.95,backtest,demand_forecast_run_20261005T130920538
2025-09-04,S06,P0003,15,2.524,1.343,3.13,0,Low,2,1,0.95,backtest,demand_forecast_run_20261005T130920538
2025-09-04,S06,P0022,17,2.384,1.122,2.62,0,Low,2,1,0.95,backtest,demand_forecast_run_20261005T130920538
2025-09-04,S06,P0032,17,11.946,3.33,7.77,3,Medium,2,1,0.95,backtest,demand_forecast_run_20261005T130920538
2025-09-04,S06,P0053,5,3.301,1.764,4.12,3,Low,2,1,0.95,backtest,demand_forecast_run_20261005T130920538
2025-09-04,S06,P0073,5,2.72,1.044,2.44,1,Low,2,1,0.95,backtest,demand_forecast_run_20261005T130920538
2025-09-04,S06,P0170,13,1.821,0.959,2.24,0,Low,2,1,0.95,backtest,demand_forecast_run_20261005T130920538
2025-09-04,S06,P0206,8,5.558,3.201,7.47,6,Low,2,1,0.95,backtest,demand_forecast_run_20261005T130920538
2025-09-04,S06,P0213,18,4.385,1.847,4.31,0,Low,2,1,0.95,backtest,demand_forecast_run_20261005T130920538
2025-09-04,S06,P0252,8,5.411,1.88,4.39,2,Medium,2,1,0.95,backtest,demand_forecast_run_20261005T130920538
2025-09-04,S06,P0272,8,2.04,1.129,2.63,0,Low,2,1,0.95,backtest,demand_forecast_run_20261005T130920538
2025-09-04,S06,P0288,13,2.274,1.066,2.49,0,Low,2,1,0.95,backtest,demand_forecast_run_20261005T130920538
2025-09-04,S06,P0316,10,2.062,1.278,2.98,0,Low,2,1,0.95,backtest,demand_forecast_run_20261005T130920538
2025-09-04,S06,P0369,11,7.25,2.522,5.88,3,Low,2,1,0.95,backtest,demand_forecast_run_20261005T130920538
2025-09-04,S06,P0381,6,1.814,1.069,2.49,0,Low,2,1,0.95,backtest,demand_forecast_run_20261005T130920538
2025-09-04,S06,P0391,17,5.306,2.149,5.01,0,Low,2,1,0.95,backtest,demand_forecast_run_20261005T130920538
2025-09-04,S06,P0392,6,2.784,0.838,1.96,0,Low,2,1,0.95,backtest,demand_forecast_run_20261005T130920538
2025-09-04,S06,P0408,5,2.612,1.249,2.91,1,Medium,2,1,0.95,backtest,demand_forecast_run_20261005T130920538
2025-09-04,S06,P0409,8,2.957,0.905,2.11,0,Low,2,1,0.95,backtest,demand_forecast_run_20261005T130920538
2025-09-04,S06,P0433,7,1.143,1.138,2.66,0,Low,2,1,0.95,backtest,demand_forecast_run_20261005T130920538
2025-09-04,S06,P0435,22,6.82,1.827,4.26,0,Low,2,1,0.95,backtest,demand_forecast_run_20261005T130920538
2025-09-04,S06,P0445,12,2.167,1.217,2.84,0,Low,2,1,0.95,backtest,demand_forecast_run_20261005T130920538
2025-09-04,S06,P0507,52,10.758,3.737,8.72,0,Low,2,1,0.95,backtest,demand_forecast_run_20261005T130920538
2025-09-04,S06,P0563,5,4.08,1.357,3.17,3,Medium,2,1,0.95,backtest,demand_forecast_run_20261005T130920538
2025-09-04,S06,P0579,12,4.825,1.707,3.98,0,Low,2,1,0.95,backtest,demand_forecast_run_20261005T130920538
2025-09-04,S06,P0589,14,2.768,1.101,2.57,0,Low,2,1,0.95,backtest,demand_forecast_run_20261005T130920538
2025-09-04,S07,P0003,12,2.705,0.922,2.15,0,Low,2,1,0.95,backtest,demand_forecast_run_20261005T130920538
2025-09-04,S07,P0022,10,3.588,1.245,2.91,0,Low,2,1,0.95,backtest,demand_forecast_run_20261005T130920538
2025-09-04,S07,P0032,48,9.81,2.553,5.96,0,Low,2,1,0.95,backtest,demand_forecast_run_20261005T130920538
2025-09-04,S07,P0053,8,1.568,0.742,1.73,0,Low,2,1,0.95,backtest,demand_forecast_run_20261005T130920538
2025-09-04,S07,P0073,4,0.528,0.448,1.05,0,Low,2,1,0.95,backtest,demand_forecast_run_20261005T130920538
2025-09-04,S07,P0170,6,1.077,0.962,2.24,0,Low,2,1,0.95,backtest,demand_forecast_run_20261005T130920538
2025-09-04,S07,P0206,16,3.804,1.843,4.3,0,Low,2,1,0.95,backtest,demand_forecast_run_20261005T130920538
2025-09-04,S07,P0213,14,1.553,0.793,1.85,0,Low,2,1,0.95,backtest,demand_forecast_run_20261005T130920538
2025-09-04,S07,P0252,11,3.875,1.517,3.54,0,Low,2,1,0.95,backtest,demand_forecast_run_20261005T130920538
2025-09-04,S07,P0272,9,0.925,0.585,1.37,0,Low,2,1,0.95,backtest,demand_forecast_run_20261005T130920538
2025-09-04,S07,P0288,6,1.92,1.049,2.45,0,Low,2,1,0.95,backtest,demand_forecast_run_20261005T130920538
2025-09-04,S07,P0316,8,0.634,0.568,1.33,0,Low,2,1,0.95,backtest,demand_forecast_run_20261005T130920538
2025-09-04,S07,P0369,11,3.978,1.62,3.78,0,Low,2,1,0.95,backtest,demand_forecast_run_20261005T130920538
2025-09-04,S07,P0381,8,1.189,0.612,1.43,0,Low,2,1,0.95,backtest,demand_forecast_run_20261005T130920538
2025-09-04,S07,P0391,19,4.182,1.484,3.46,0,Low,2,1,0.95,backtest,demand_forecast_run_20261005T130920538
2025-09-04,S07,P0392,6,2.877,0.945,2.2,0,Low,2,1,0.95,backtest,demand_forecast_run_20261005T130920538
2025-09-04,S07,P0408,7,1.615,1.201,2.8,0,Low,2,1,0.95,backtest,demand_forecast_run_20261005T130920538
2025-09-04,S07,P0409,4,3.004,0.994,2.32,2,Medium,2,1,0.95,backtest,demand_forecast_run_20261005T130920538
2025-09-04,S07,P0433,6,0.299,0.416,0.97,0,Low,2,1,0.95,backtest,demand_forecast_run_20261005T130920538
2025-09-04,S07,P0435,22,4.992,1.758,4.1,0,Low,2,1,0.95,backtest,demand_forecast_run_20261005T130920538
2025-09-04,S07,P0445,6,0.972,0.79,1.84,0,Low,2,1,0.95,backtest,demand_forecast_run_20261005T130920538
2025-09-04,S07,P0507,5,6.078,2.195,5.12,7,High,2,1,0.95,backtest,demand_forecast_run_20261005T130920538
2025-09-04,S07,P0563,12,3.039,1.278,2.98,0,Low,2,1,0.95,backtest,demand_forecast_run_20261005T130920538
2025-09-04,S07,P0579,7,1.414,0.659,1.54,0,Low,2,1,0.95,backtest,demand_forecast_run_20261005T130920538
2025-09-04,S07,P0589,1,2.204,0.957,2.23,4,High,2,1,0.95,backtest,demand_forecast_run_20261005T130920538
2025-09-04,S08,P0003,11,3.784,2.183,5.09,0,Low,2,1,0.95,backtest,demand_forecast_run_20261005T130920538
2025-09-04,S08,P0022,7,4.394,1.647,3.84,2,Low,2,1,0.95,backtest,demand_forecast_run_20261005T130920538
2025-09-04,S08,P0032,40,13.061,2.892,6.75,0,Low,2,1,0.95,backtest,demand_forecast_run_20261005T130920538
2025-09-04,S08,P0053,10,1.912,1.096,2.56,0,Low,2,1,0.95,backtest,demand_forecast_run_20261005T130920538
2025-09-04,S08,P0073,3,1.293,0.997,2.33,1,Medium,2,1,0.95,backtest,demand_forecast_run_20261005T130920538
2025-09-04,S08,P0170,8,1.713,0.793,1.85,0,Low,2,1,0.95,backtest,demand_forecast_run_20261005T130920538
2025-09-04,S08,P0206,19,6.636,1.771,4.13,0,Low,2,1,0.95,backtest,demand_forecast_run_20261005T130920538
2025-09-04,S08,P0213,11,2.121,1.359,3.17,0,Low,2,1,0.95,backtest,demand_forecast_run_20261005T130920538
2025-09-04,S08,P0252,14,6.565,2.546,5.94,0,Low,2,1,0.95,backtest,demand_forecast_run_20261005T130920538
2025-09-04,S08,P0272,7,2.047,1.09,2.54,0,Low,2,1,0.95,backtest,demand_forecast_run_20261005T130920538
2025-09-04,S08,P0288,12,2.778,1.122,2.62,0,Low,2,1,0.95,backtest,demand_forecast_run_20261005T130920538
2025-09-04,S08,P0316,9,1.462,0.744,1.74,0,Low,2,1,0.95,backtest,demand_forecast_run_20261005T130920538
2025-09-04,S08,P0369,13,5.554,2.79,6.51,0,Low,2,1,0.95,backtest,demand_forecast_run_20261005T130920538
2025-09-04,S08,P0381,6,2.585,1.533,3.58,1,Low,2,1,0.95,backtest,demand_forecast_run_20261005T130920538
2025-09-04,S08,P0391,9,5.311,1.833,4.28,1,Low,2,1,0.95,backtest,demand_forecast_run_20261005T130920538
2025-09-04,S08,P0392,8,2.448,1.393,3.25,0,Low,2,1,0.95,backtest,demand_forecast_run_20261005T130920538
2025-09-04,S08,P0408,7,2.386,1.572,3.67,0,Low,2,1,0.95,backtest,demand_forecast_run_20261005T130920538
2025-09-04,S08,P0409,4,4.586,1.066,2.49,4,High,2,1,0.95,backtest,demand_forecast_run_20261005T130920538
2025-09-04,S08,P0433,6,1.265,0.879,2.05,0,Low,2,1,0.95,backtest,demand_forecast_run_20261005T130920538
2025-09-04,S08,P0435,24,6.252,2.205,5.14,0,Low,2,1,0.95,backtest,demand_forecast_run_20261005T130920538
2025-09-04,S08,P0445,6,1.778,1.484,3.46,0,Low,2,1,0.95,backtest,demand_forecast_run_20261005T130920538
2025-09-04,S08,P0507,53,10.741,3.954,9.23,0,Low,2,1,0.95,backtest,demand_forecast_run_20261005T130920538
2025-09-04,S08,P0563,18,6.033,1.925,4.49,0,Low,2,1,0.95,backtest,demand_forecast_run_20261005T130920538
2025-09-04,S08,P0579,9,2.568,1.036,2.42,0,Low,2,1,0.95,backtest,demand_forecast_run_20261005T130920538
2025-09-04,S08,P0589,9,2.8,2.074,4.84,0,Low,2,1,0.95,backtest,demand_forecast_run_20261005T130920538
2025-09-04,S09,P0003,7,3.693,0.962,2.24,0,Low,2,1,0.95,backtest,demand_forecast_run_20261005T130920538
2025-09-04,S09,P0022,12,5.656,1.687,3.94,0,Low,2,1,0.95,backtest,demand_forecast_run_20261005T130920538
2025-09-04,S09,P0032,58,12.916,3.065,7.15,0,Low,2,1,0.95,backtest,demand_forecast_run_20261005T130920538
2025-09-04,S09,P0053,7,3.006,2.025,4.72,1,Low,2,1,0.95,backtest,demand_forecast_run_20261005T130920538
2025-09-04,S09,P0073,10,2.063,0.916,2.14,0,Low,2,1,0.95,backtest,demand_forecast_run_20261005T130920538
2025-09-04,S09,P0170,11,1.596,0.999,2.33,0,Low,2,1,0.95,backtest,demand_forecast_run_20261005T130920538
2025-09-04,S09,P0206,16,6.307,1.923,4.49,0,Low,2,1,0.95,backtest,demand_forecast_run_20261005T130920538
2025-09-04,S09,P0213,12,4.378,1.818,4.24,0,Low,2,1,0.95,backtest,demand_forecast_run_20261005T130920538
2025-09-04,S09,P0252,8,6.347,2.009,4.69,4,Medium,2,1,0.95,backtest,demand_forecast_run_20261005T130920538
2025-09-04,S09,P0272,5,1.125,0.499,1.16,0,Low,2,1,0.95,backtest,demand_forecast_run_20261005T130920538
2025-09-04,S09,P0288,4,2.375,0.945,2.2,1,Medium,2,1,0.95,backtest,demand_forecast_run_20261005T130920538
2025-09-04,S09,P0316,7,1.986,0.916,2.14,0,Low,2,1,0.95,backtest,demand_forecast_run_20261005T130920538
2025-09-04,S09,P0369,24,6.417,2.099,4.9,0,Low,2,1,0.95,backtest,demand_forecast_run_20261005T130920538
2025-09-04,S09,P0381,5,1.688,0.863,2.01,0,Low,2,1,0.95,backtest,demand_forecast_run_20261005T130920538
2025-09-04,S09,P0391,13,7.094,2.378,5.55,0,Low,2,1,0.95,backtest,demand_forecast_run_20261005T130920538
2025-09-04,S09,P0392,7,1.372,0.723,1.69,0,Low,2,1,0.95,backtest,demand_forecast_run_20261005T130920538
2025-09-04,S09,P0408,11,3.479,1.587,3.7,0,Low,2,1,0.95,backtest,demand_forecast_run_20261005T130920538
2025-09-04,S09,P0409,0,4.228,1.29,3.01,8,High,2,1,0.95,backtest,demand_forecast_run_20261005T130920538
2025-09-04,S09,P0433,7,0.536,0.476,1.11,0,Low,2,1,0.95,backtest,demand_forecast_run_20261005T130920538
2025-09-04,S09,P0435,8,8.75,1.895,4.42,6,High,2,1,0.95,backtest,demand_forecast_run_20261005T130920538
2025-09-04,S09,P0445,9,2.176,1.777,4.15,0,Low,2,1,0.95,backtest,demand_forecast_run_20261005T130920538
2025-09-04,S09,P0507,23,12.536,2.51,5.86,0,Low,2,1,0.95,backtest,demand_forecast_run_20261005T130920538
2025-09-04,S09,P0563,7,6.751,1.536,3.58,4,Low,2,1,0.95,backtest,demand_forecast_run_20261005T130920538
2025-09-04,S09,P0579,1,3.445,1.424,3.32,6,High,2,1,0.95,backtest,demand_forecast_run_20261005T130920538
2025-09-04,S09,P0589,10,5.222,1.856,4.33,0,Low,2,1,0.95,backtest,demand_forecast_run_20261005T130920538
2025-09-04,S10,P0003,13,3.702,1.079,2.52,0,Low,2,1,0.95,backtest,demand_forecast_run_20261005T130920538
2025-09-04,S10,P0022,5,3.887,1.427,3.33,3,Medium,2,1,0.95,backtest,demand_forecast_run_20261005T130920538
2025-09-04,S10,P0032,16,11.615,3.234,7.55,4,Low,2,1,0.95,backtest,demand_forecast_run_20261005T130920538
2025-09-04,S10,P0053,7,0.886,0.6,1.4,0,Low,2,1,0.95,backtest,demand_forecast_run_20261005T130920538
2025-09-04,S10,P0073,7,1.55,0.731,1.71,0,Low,2,1,0.95,backtest,demand_forecast_run_20261005T130920538
2025-09-04,S10,P0170,1,1.798,0.922,2.15,3,High,2,1,0.95,backtest,demand_forecast_run_20261005T130920538
2025-09-04,S10,P0206,14,4.82,1.156,2.7,0,Low,2,1,0.95,backtest,demand_forecast_run_20261005T130920538
2025-09-04,S10,P0213,13,2.639,1.166,2.72,0,Low,2,1,0.95,backtest,demand_forecast_run_20261005T130920538
2025-09-04,S10,P0252,12,4.346,1.685,3.93,0,Low,2,1,0.95,backtest,demand_forecast_run_20261005T130920538
2025-09-04,S10,P0272,9,1.24,0.659,1.54,0,Low,2,1,0.95,backtest,demand_forecast_run_20261005T130920538
2025-09-04,S10,P0288,8,2.261,1.101,2.57,0,Low,2,1,0.95,backtest,demand_forecast_run_20261005T130920538
2025-09-04,S10,P0316,12,1.676,0.659,1.54,0,Low,2,1,0.95,backtest,demand_forecast_run_20261005T130920538
2025-09-04,S10,P0369,2,5.041,1.386,3.23,7,High,2,1,0.95,backtest,demand_forecast_run_20261005T130920538
2025-09-04,S10,P0381,4,1.86,0.69,1.61,0,Low,2,1,0.95,backtest,demand_forecast_run_20261005T130920538
2025-09-04,S10,P0391,9,5.761,1.715,4,1,Low,2,1,0.95,backtest,demand_forecast_run_20261005T130920538
2025-09-04,S10,P0392,4,1.699,0.629,1.47,0,Low,2,1,0.95,backtest,demand_forecast_run_20261005T130920538
2025-09-04,S10,P0408,7,1.557,0.875,2.04,0,Low,2,1,0.95,backtest,demand_forecast_run_20261005T130920538
2025-09-04,S10,P0409,8,4.871,0.976,2.28,0,Low,2,1,0.95,backtest,demand_forecast_run_20261005T130920538
2025-09-04,S10,P0433,5,0.832,0.518,1.21,0,Low,2,1,0.95,backtest,demand_forecast_run_20261005T130920538
2025-09-04,S10,P0435,19,5.756,2.194,5.12,0,Low,2,1,0.95,backtest,demand_forecast_run_20261005T130920538
2025-09-04,S10,P0445,4,1.097,0.875,2.04,0,Low,2,1,0.95,backtest,demand_forecast_run_20261005T130920538
2025-09-04,S10,P0507,30,10.973,2.478,5.78,0,Low,2,1,0.95,backtest,demand_forecast_run_20261005T130920538
2025-09-04,S10,P0563,12,6.821,1.834,4.28,0,Low,2,1,0.95,backtest,demand_forecast_run_20261005T130920538
2025-09-04,S10,P0579,10,2.435,0.678,1.58,0,Low,2,1,0.95,backtest,demand_forecast_run_20261005T130920538
2025-09-04,S10,P0589,10,3.393,1.134,2.65,0,Low,2,1,0.95,backtest,demand_forecast_run_20261005T130920538
2025-09-04,S11,P0003,6,5.056,1.38,3.22,3,Medium,2,1,0.95,backtest,demand_forecast_run_20261005T130920538
2025-09-04,S11,P0022,15,6.708,1.713,4,0,Low,2,1,0.95,backtest,demand_forecast_run_20261005T130920538
2025-09-04,S11,P0032,56,15.655,3.113,7.26,0,Low,2,1,0.95,backtest,demand_forecast_run_20261005T130920538
2025-09-04,S11,P0053,10,2.731,1.166,2.72,0,Low,2,1,0.95,backtest,demand_forecast_run_20261005T130920538
2025-09-04,S11,P0073,9,1.46,0.959,2.24,0,Low,2,1,0.95,backtest,demand_forecast_run_20261005T130920538
2025-09-04,S11,P0170,4,2.45,1.188,2.77,2,Medium,2,1,0.95,backtest,demand_forecast_run_20261005T130920538
2025-09-04,S11,P0206,13,4.967,1.634,3.81,0,Low,2,1,0.95,backtest,demand_forecast_run_20261005T130920538
2025-09-04,S11,P0213,4,3.595,1.427,3.33,3,Medium,2,1,0.95,backtest,demand_forecast_run_20261005T130920538
2025-09-04,S11,P0252,12,8.48,1.964,4.58,2,Low,2,1,0.95,backtest,demand_forecast_run_20261005T130920538
2025-09-04,S11,P0272,8,2.798,1.02,2.38,0,Low,2,1,0.95,backtest,demand_forecast_run_20261005T130920538
2025-09-04,S11,P0288,14,2.673,1.278,2.98,0,Low,2,1,0.95,backtest,demand_forecast_run_20261005T130920538
2025-09-04,S11,P0316,5,4.296,1.177,2.75,3,Low,2,1,0.95,backtest,demand_forecast_run_20261005T130920538
2025-09-04,S11,P0369,14,6.897,1.816,4.24,0,Low,2,1,0.95,backtest,demand_forecast_run_20261005T130920538
2025-09-04,S11,P0381,11,3.162,1.086,2.53,0,Low,2,1,0.95,backtest,demand_forecast_run_20261005T130920538
2025-09-04,S11,P0391,15,7.871,2.048,4.78,0,Low,2,1,0.95,backtest,demand_forecast_run_20261005T130920538
2025-09-04,S11,P0392,4,2.838,1.188,2.77,2,Low,2,1,0.95,backtest,demand_forecast_run_20261005T130920538
2025-09-04,S11,P0408,14,3.513,1.563,3.65,0,Low,2,1,0.95,backtest,demand_forecast_run_20261005T130920538
2025-09-04,S11,P0409,16,4.235,0.956,2.23,0,Low,2,1,0.95,backtest,demand_forecast_run_20261005T130920538
2025-09-04,S11,P0433,11,0.635,0.476,1.11,0,Low,2,1,0.95,backtest,demand_forecast_run_20261005T130920538
2025-09-04,S11,P0435,26,9.414,2.132,4.97,0,Low,2,1,0.95,backtest,demand_forecast_run_20261005T130920538
2025-09-04,S11,P0445,7,3.052,1.416,3.3,0,Low,2,1,0.95,backtest,demand_forecast_run_20261005T130920538
2025-09-04,S11,P0507,40,12.949,2.969,6.93,0,Low,2,1,0.95,backtest,demand_forecast_run_20261005T130920538
2025-09-04,S11,P0563,13,6.568,2.418,5.64,0,Low,2,1,0.95,backtest,demand_forecast_run_20261005T130920538
2025-09-04,S11,P0579,9,2.541,1.036,2.42,0,Low,2,1,0.95,backtest,demand_forecast_run_20261005T130920538
2025-09-04,S11,P0589,5,3.95,1.031,2.4,2,Medium,2,1,0.95,backtest,demand_forecast_run_20261005T130920538
2025-09-04,S12,P0003,14,4.266,1.177,2.75,0,Low,2,1,0.95,backtest,demand_forecast_run_20261005T130920538
2025-09-04,S12,P0022,5,5.19,1.729,4.03,5,High,2,1,0.95,backtest,demand_forecast_run_20261005T130920538
2025-09-04,S12,P0032,8,12.563,2.95,6.88,12,High,2,1,0.95,backtest,demand_forecast_run_20261005T130920538
2025-09-04,S12,P0053,2,2.296,1.168,2.73,4,High,2,1,0.95,backtest,demand_forecast_run_20261005T130920538
2025-09-04,S12,P0073,4,0.932,0.568,1.33,0,Low,2,1,0.95,backtest,demand_forecast_run_20261005T130920538
2025-09-04,S12,P0170,8,1.481,0.922,2.15,0,Low,2,1,0.95,backtest,demand_forecast_run_20261005T130920538
2025-09-04,S12,P0206,11,3.77,1.389,3.24,0,Low,2,1,0.95,backtest,demand_forecast_run_20261005T130920538
2025-09-04,S12,P0213,3,2.928,1.433,3.34,4,Medium,2,1,0.95,backtest,demand_forecast_run_20261005T130920538
2025-09-04,S12,P0252,13,5.092,1.753,4.09,0,Low,2,1,0.95,backtest,demand_forecast_run_20261005T130920538
2025-09-04,S12,P0272,9,2.486,1.317,3.07,0,Low,2,1,0.95,backtest,demand_forecast_run_20261005T130920538
2025-09-04,S12,P0288,8,1.193,0.441,1.03,0,Low,2,1,0.95,backtest,demand_forecast_run_20261005T130920538
2025-09-04,S12,P0316,9,2.514,1.067,2.49,0,Low,2,1,0.95,backtest,demand_forecast_run_20261005T130920538
2025-09-04,S12,P0369,16,6.095,2.403,5.61,0,Low,2,1,0.95,backtest,demand_forecast_run_20261005T130920538
2025-09-04,S12,P0381,9,2.33,1.105,2.58,0,Low,2,1,0.95,backtest,demand_forecast_run_20261005T130920538
2025-09-04,S12,P0391,1,4.448,1.031,2.4,6,High,2,1,0.95,backtest,demand_forecast_run_20261005T130920538
2025-09-04,S12,P0392,4,1.72,0.962,2.24,0,Low,2,1,0.95,backtest,demand_forecast_run_20261005T130920538
2025-09-04,S12,P0408,8,1.785,0.916,2.14,0,Low,2,1,0.95,backtest,demand_forecast_run_20261005T130920538
2025-09-04,S12,P0409,4,3.065,1.005,2.34,2,Medium,2,1,0.95,backtest,demand_forecast_run_20261005T130920538
2025-09-04,S12,P0433,6,0.688,0.356,0.83,0,Low,2,1,0.95,backtest,demand_forecast_run_20261005T130920538
2025-09-04,S12,P0435,14,6.818,1.574,3.67,0,Low,2,1,0.95,backtest,demand_forecast_run_20261005T130920538
2025-09-04,S12,P0445,3,1.249,0.836,1.95,1,Medium,2,1,0.95,backtest,demand_forecast_run_20261005T130920538
2025-09-04,S12,P0507,25,10.098,3.156,7.36,0,Low,2,1,0.95,backtest,demand_forecast_run_20261005T130920538
2025-09-04,S12,P0563,14,4.971,1.433,3.34,0,Low,2,1,0.95,backtest,demand_forecast_run_20261005T130920538
2025-09-04,S12,P0579,5,1.751,0.79,1.84,0,Low,2,1,0.95,backtest,demand_forecast_run_20261005T130920538
2025-09-04,S12,P0589,7,2.799,1.076,2.51,0,Low,2,1,0.95,backtest,demand_forecast_run_20261005T130920538
2025-09-05,S01,P0003,11,3.631,1.456,3.4,0,Low,2,1,0.95,backtest,demand_forecast_run_20261005T130920538
2025-09-05,S01,P0022,6,3.103,1.741,4.06,2,Low,2,1,0.95,backtest,demand_forecast_run_20261005T130920538
2025-09-05,S01,P0032,41,10.628,3.526,8.23,0,Low,2,1,0.95,backtest,demand_forecast_run_20261005T130920538
2025-09-05,S01,P0053,9,1.976,0.87,2.03,0,Low,2,1,0.95,backtest,demand_forecast_run_20261005T130920538
2025-09-05,S01,P0073,5,1.61,1.138,2.66,0,Low,2,1,0.95,backtest,demand_forecast_run_20261005T130920538
2025-09-05,S01,P0170,7,1.837,1.026,2.39,0,Low,2,1,0.95,backtest,demand_forecast_run_20261005T130920538
2025-09-05,S01,P0206,16,3.928,1.389,3.24,0,Low,2,1,0.95,backtest,demand_forecast_run_20261005T130920538
2025-09-05,S01,P0213,15,2.005,1.031,2.4,0,Low,2,1,0.95,backtest,demand_forecast_run_20261005T130920538
2025-09-05,S01,P0252,20,5.922,1.707,3.98,0,Low,2,1,0.95,backtest,demand_forecast_run_20261005T130920538
2025-09-05,S01,P0272,2,2.254,0.928,2.17,3,High,2,1,0.95,backtest,demand_forecast_run_20261005T130920538
2025-09-05,S01,P0288,16,2.934,1.224,2.86,0,Low,2,1,0.95,backtest,demand_forecast_run_20261005T130920538
2025-09-05,S01,P0316,6,0.849,0.659,1.54,0,Low,2,1,0.95,backtest,demand_forecast_run_20261005T130920538
2025-09-05,S01,P0369,20,5.837,2.38,5.55,0,Low,2,1,0.95,backtest,demand_forecast_run_20261005T130920538
2025-09-05,S01,P0381,5,1.825,1.166,2.72,0,Low,2,1,0.95,backtest,demand_forecast_run_20261005T130920538
2025-09-05,S01,P0391,12,7.312,1.588,3.71,0,Low,2,1,0.95,backtest,demand_forecast_run_20261005T130920538
2025-09-05,S01,P0392,11,3.596,0.832,1.94,0,Low,2,1,0.95,backtest,demand_forecast_run_20261005T130920538
2025-09-05,S01,P0408,0,2.163,0.693,1.62,4,High,2,1,0.95,backtest,demand_forecast_run_20261005T130920538
2025-09-05,S01,P0409,8,3.082,1.02,2.38,0,Low,2,1,0.95,backtest,demand_forecast_run_20261005T130920538
2025-09-05,S01,P0433,6,0.916,0.723,1.69,0,Low,2,1,0.95,backtest,demand_forecast_run_20261005T130920538
2025-09-05,S01,P0435,8,5.867,1.243,2.9,1,Low,2,1,0.95,backtest,demand_forecast_run_20261005T130920538
2025-09-05,S01,P0445,0,2.683,1.412,3.3,6,High,2,1,0.95,backtest,demand_forecast_run_20261005T130920538
2025-09-05,S01,P0507,35,8.318,1.982,4.63,0,Low,2,1,0.95,backtest,demand_forecast_run_20261005T130920538
2025-09-05,S01,P0563,17,3.328,1.397,3.26,0,Low,2,1,0.95,backtest,demand_forecast_run_20261005T130920538
2025-09-05,S01,P0579,0,2.412,1.446,3.37,6,High,2,1,0.95,backtest,demand_forecast_run_20261005T130920538
2025-09-05,S01,P0589,7,2.801,1.575,3.67,0,Low,2,1,0.95,backtest,demand_forecast_run_20261005T130920538
2025-09-05,S02,P0003,12,3.784,1.499,3.5,0,Low,2,1,0.95,backtest,demand_forecast_run_20261005T130920538
2025-09-05,S02,P0022,7,3.683,1.343,3.13,0,Low,2,1,0.95,backtest,demand_forecast_run_20261005T130920538
2025-09-05,S02,P0032,48,9.765,2.798,6.53,0,Low,2,1,0.95,backtest,demand_forecast_run_20261005T130920538
2025-09-05,S02,P0053,0,1.212,0.612,1.43,3,High,2,1,0.95,backtest,demand_forecast_run_20261005T130920538
2025-09-05,S02,P0073,6,1.54,0.79,1.84,0,Low,2,1,0.95,backtest,demand_forecast_run_20261005T130920538
2025-09-05,S02,P0170,5,1.318,0.923,2.15,0,Low,2,1,0.95,backtest,demand_forecast_run_20261005T130920538
2025-09-05,S02,P0206,4,5.201,1.266,2.95,5,High,2,1,0.95,backtest,demand_forecast_run_20261005T130920538
2025-09-05,S02,P0213,8,2.776,1.715,4,0,Low,2,1,0.95,backtest,demand_forecast_run_20261005T130920538
2025-09-05,S02,P0252,23,5.401,1.512,3.53,0,Low,2,1,0.95,backtest,demand_forecast_run_20261005T130920538
2025-09-05,S02,P0272,10,1.283,0.951,2.22,0,Low,2,1,0.95,backtest,demand_forecast_run_20261005T130920538
2025-09-05,S02,P0288,12,2.967,1.186,2.77,0,Low,2,1,0.95,backtest,demand_forecast_run_20261005T130920538
2025-09-05,S02,P0316,10,1.337,0.612,1.43,0,Low,2,1,0.95,backtest,demand_forecast_run_20261005T130920538
2025-09-05,S02,P0369,12,4.917,2.166,5.05,0,Low,2,1,0.95,backtest,demand_forecast_run_20261005T130920538
2025-09-05,S02,P0381,6,2.182,1.066,2.49,0,Low,2,1,0.95,backtest,demand_forecast_run_20261005T130920538
2025-09-05,S02,P0391,9,6.331,1.657,3.87,2,Low,2,1,0.95,backtest,demand_forecast_run_20261005T130920538
2025-09-05,S02,P0392,9,1.291,0.836,1.95,0,Low,2,1,0.95,backtest,demand_forecast_run_20261005T130920538
2025-09-05,S02,P0408,13,3.652,1.206,2.81,0,Low,2,1,0.95,backtest,demand_forecast_run_20261005T130920538
2025-09-05,S02,P0409,6,5.922,1.286,3,3,Low,2,1,0.95,backtest,demand_forecast_run_20261005T130920538
2025-09-05,S02,P0433,8,0.378,0.756,1.76,0,Low,2,1,0.95,backtest,demand_forecast_run_20261005T130920538
2025-09-05,S02,P0435,23,8.582,2.266,5.29,0,Low,2,1,0.95,backtest,demand_forecast_run_20261005T130920538
2025-09-05,S02,P0445,10,1.302,1.071,2.5,0,Low,2,1,0.95,backtest,demand_forecast_run_20261005T130920538
2025-09-05,S02,P0507,13,10.679,2.25,5.25,3,Medium,2,1,0.95,backtest,demand_forecast_run_20261005T130920538
2025-09-05,S02,P0563,9,5.133,1.794,4.19,1,Low,2,1,0.95,backtest,demand_forecast_run_20261005T130920538
2025-09-05,S02,P0579,8,2.581,0.875,2.04,0,Low,2,1,0.95,backtest,demand_forecast_run_20261005T130920538
2025-09-05,S02,P0589,8,1.766,1.143,2.67,0,Low,2,1,0.95,backtest,demand_forecast_run_20261005T130920538
2025-09-05,S03,P0003,0,3.052,1.427,3.33,7,High,2,1,0.95,backtest,demand_forecast_run_20261005T130920538
2025-09-05,S03,P0022,7,2.057,1.213,2.83,0,Low,2,1,0.95,backtest,demand_forecast_run_20261005T130920538
2025-09-05,S03,P0032,38,9.97,2.342,5.47,0,Low,2,1,0.95,backtest,demand_forecast_run_20261005T130920538
2025-09-05,S03,P0053,8,2.96,1.249,2.91,0,Low,2,1,0.95,backtest,demand_forecast_run_20261005T130920538
2025-09-05,S03,P0073,4,0.479,0.315,0.73,0,Low,2,1,0.95,backtest,demand_forecast_run_20261005T130920538
2025-09-05,S03,P0170,4,2.19,1.15,2.68,1,Medium,2,1,0.95,backtest,demand_forecast_run_20261005T130920538
2025-09-05,S03,P0206,15,4.76,1.367,3.19,0,Low,2,1,0.95,backtest,demand_forecast_run_20261005T130920538
2025-09-05,S03,P0213,4,2.149,1.005,2.34,1,Medium,2,1,0.95,backtest,demand_forecast_run_20261005T130920538
2025-09-05,S03,P0252,25,4.526,2.362,5.51,0,Low,2,1,0.95,backtest,demand_forecast_run_20261005T130920538
2025-09-05,S03,P0272,5,2.076,0.881,2.06,0,Low,2,1,0.95,backtest,demand_forecast_run_20261005T130920538
2025-09-05,S03,P0288,9,1.647,0.916,2.14,0,Low,2,1,0.95,backtest,demand_forecast_run_20261005T130920538
2025-09-05,S03,P0316,6,2.004,1.136,2.65,0,Low,2,1,0.95,backtest,demand_forecast_run_20261005T130920538
2025-09-05,S03,P0369,22,4.451,1.912,4.46,0,Low,2,1,0.95,backtest,demand_forecast_run_20261005T130920538
2025-09-05,S03,P0381,7,1.278,0.659,1.54,0,Low,2,1,0.95,backtest,demand_forecast_run_20261005T130920538
2025-09-05,S03,P0391,8,6.434,2.234,5.21,4,Low,2,1,0.95,backtest,demand_forecast_run_20261005T130920538
2025-09-05,S03,P0392,9,2.232,0.69,1.61,0,Low,2,1,0.95,backtest,demand_forecast_run_20261005T130920538
2025-09-05,S03,P0408,11,1.285,0.659,1.54,0,Low,2,1,0.95,backtest,demand_forecast_run_20261005T130920538
2025-09-05,S03,P0409,9,2.998,0.854,1.99,0,Low,2,1,0.95,backtest,demand_forecast_run_20261005T130920538
2025-09-05,S03,P0433,2,0.539,0.476,1.11,0,Medium,2,1,0.95,backtest,demand_forecast_run_20261005T130920538
2025-09-05,S03,P0435,21,6.439,1.598,3.73,0,Low,2,1,0.95,backtest,demand_forecast_run_20261005T130920538
2025-09-05,S03,P0445,9,1.055,0.69,1.61,0,Low,2,1,0.95,backtest,demand_forecast_run_20261005T130920538
2025-09-05,S03,P0507,22,9.674,2.433,5.68,0,Low,2,1,0.95,backtest,demand_forecast_run_20261005T130920538
2025-09-05,S03,P0563,18,5.75,1.584,3.7,0,Low,2,1,0.95,backtest,demand_forecast_run_20261005T130920538
2025-09-05,S03,P0579,5,1.949,1.232,2.87,0,Low,2,1,0.95,backtest,demand_forecast_run_20261005T130920538
2025-09-05,S03,P0589,2,3.504,1.499,3.5,6,High,2,1,0.95,backtest,demand_forecast_run_20261005T130920538
2025-09-05,S04,P0003,10,2.835,1.071,2.5,0,Low,2,1,0.95,backtest,demand_forecast_run_20261005T130920538
2025-09-05,S04,P0022,7,2.558,0.786,1.83,0,Low,2,1,0.95,backtest,demand_forecast_run_20261005T130920538
2025-09-05,S04,P0032,22,8.076,3.333,7.78,0,Low,2,1,0.95,backtest,demand_forecast_run_20261005T130920538
2025-09-05,S04,P0053,8,1.59,0.745,1.74,0,Low,2,1,0.95,backtest,demand_forecast_run_20261005T130920538
2025-09-05,S04,P0073,7,1.565,0.731,1.71,0,Low,2,1,0.95,backtest,demand_forecast_run_20261005T130920538
2025-09-05,S04,P0170,3,1.518,0.786,1.83,1,Medium,2,1,0.95,backtest,demand_forecast_run_20261005T130920538
2025-09-05,S04,P0206,18,4.001,1.492,3.48,0,Low,2,1,0.95,backtest,demand_forecast_run_20261005T130920538
2025-09-05,S04,P0213,6,1.035,0.916,2.14,0,Low,2,1,0.95,backtest,demand_forecast_run_20261005T130920538
2025-09-05,S04,P0252,14,2.779,1.503,3.51,0,Low,2,1,0.95,backtest,demand_forecast_run_20261005T130920538
2025-09-05,S04,P0272,4,1.878,0.879,2.05,0,Low,2,1,0.95,backtest,demand_forecast_run_20261005T130920538
2025-09-05,S04,P0288,1,1.696,0.693,1.62,3,High,2,1,0.95,backtest,demand_forecast_run_20261005T130920538
2025-09-05,S04,P0316,3,0.757,0.701,1.63,0,Medium,2,1,0.95,backtest,demand_forecast_run_20261005T130920538
2025-09-05,S04,P0369,12,3.7,1.442,3.36,0,Low,2,1,0.95,backtest,demand_forecast_run_20261005T130920538
2025-09-05,S04,P0381,1,1.878,0.959,2.24,4,High,2,1,0.95,backtest,demand_forecast_run_20261005T130920538
2025-09-05,S04,P0391,6,3.974,1.236,2.88,1,Low,2,1,0.95,backtest,demand_forecast_run_20261005T130920538
2025-09-05,S04,P0392,2,1.034,0.418,0.98,1,Medium,2,1,0.95,backtest,demand_forecast_run_20261005T130920538
2025-09-05,S04,P0408,2,1.625,1.036,2.42,3,Medium,2,1,0.95,backtest,demand_forecast_run_20261005T130920538
2025-09-05,S04,P0409,5,2.499,0.956,2.23,0,Low,2,1,0.95,backtest,demand_forecast_run_20261005T130920538
2025-09-05,S04,P0433,6,0.505,0.448,1.05,0,Low,2,1,0.95,backtest,demand_forecast_run_20261005T130920538
2025-09-05,S04,P0435,8,6.133,1.806,4.22,3,Low,2,1,0.95,backtest,demand_forecast_run_20261005T130920538
2025-09-05,S04,P0445,5,0.806,0.67,1.56,0,Low,2,1,0.95,backtest,demand_forecast_run_20261005T130920538
2025-09-05,S04,P0507,10,7.612,1.972,4.6,3,Medium,2,1,0.95,backtest,demand_forecast_run_20261005T130920538
2025-09-05,S04,P0563,6,2.816,0.951,2.22,0,Low,2,1,0.95,backtest,demand_forecast_run_20261005T130920538
2025-09-05,S04,P0579,5,1.029,0.645,1.51,0,Low,2,1,0.95,backtest,demand_forecast_run_20261005T130920538
2025-09-05,S04,P0589,16,1.995,1.02,2.38,0,Low,2,1,0.95,backtest,demand_forecast_run_20261005T130920538
2025-09-05,S05,P0003,13,2.286,0.916,2.14,0,Low,2,1,0.95,backtest,demand_forecast_run_20261005T130920538
2025-09-05,S05,P0022,18,2.662,1.268,2.96,0,Low,2,1,0.95,backtest,demand_forecast_run_20261005T130920538
2025-09-05,S05,P0032,24,7.033,3.082,7.19,0,Low,2,1,0.95,backtest,demand_forecast_run_20261005T130920538
2025-09-05,S05,P0053,3,0.65,0.39,0.91,0,Medium,2,1,0.95,backtest,demand_forecast_run_20261005T130920538
2025-09-05,S05,P0073,4,0.756,0.6,1.4,0,Low,2,1,0.95,backtest,demand_forecast_run_20261005T130920538
2025-09-05,S05,P0170,8,1.06,0.685,1.6,0,Low,2,1,0.95,backtest,demand_forecast_run_20261005T130920538
2025-09-05,S05,P0206,7,2.001,1.166,2.72,0,Low,2,1,0.95,backtest,demand_forecast_run_20261005T130920538
2025-09-05,S05,P0213,5,1.841,1.062,2.48,0,Low,2,1,0.95,backtest,demand_forecast_run_20261005T130920538
2025-09-05,S05,P0252,7,3.237,1.357,3.17,0,Low,2,1,0.95,backtest,demand_forecast_run_20261005T130920538
2025-09-05,S05,P0272,7,1.701,0.826,1.93,0,Low,2,1,0.95,backtest,demand_forecast_run_20261005T130920538
2025-09-05,S05,P0288,12,1.172,0.879,2.05,0,Low,2,1,0.95,backtest,demand_forecast_run_20261005T130920538
2025-09-05,S05,P0316,11,1.728,1.389,3.24,0,Low,2,1,0.95,backtest,demand_forecast_run_20261005T130920538
2025-09-05,S05,P0369,11,3.601,2.285,5.33,0,Low,2,1,0.95,backtest,demand_forecast_run_20261005T130920538
2025-09-05,S05,P0381,10,0.472,0.476,1.11,0,Low,2,1,0.95,backtest,demand_forecast_run_20261005T130920538
2025-09-05,S05,P0391,11,4.031,1.474,3.44,0,Low,2,1,0.95,backtest,demand_forecast_run_20261005T130920538
2025-09-05,S05,P0392,4,0.568,0.416,0.97,0,Low,2,1,0.95,backtest,demand_forecast_run_20261005T130920538
2025-09-05,S05,P0408,8,1.01,0.659,1.54,0,Low,2,1,0.95,backtest,demand_forecast_run_20261005T130920538
2025-09-05,S05,P0409,6,2.212,1.09,2.54,0,Low,2,1,0.95,backtest,demand_forecast_run_20261005T130920538
2025-09-05,S05,P0433,6,0.573,0.585,1.37,0,Low,2,1,0.95,backtest,demand_forecast_run_20261005T130920538
2025-09-05,S05,P0435,19,5.47,3.682,8.59,0,Low,2,1,0.95,backtest,demand_forecast_run_20261005T130920538
2025-09-05,S05,P0445,4,1.032,0.923,2.15,0,Low,2,1,0.95,backtest,demand_forecast_run_20261005T130920538
2025-09-05,S05,P0507,3,5.823,2.583,6.03,9,High,2,1,0.95,backtest,demand_forecast_run_20261005T130920538
2025-09-05,S05,P0563,10,2.646,1.743,4.07,0,Low,2,1,0.95,backtest,demand_forecast_run_20261005T130920538
2025-09-05,S05,P0579,4,1.048,0.723,1.69,0,Low,2,1,0.95,backtest,demand_forecast_run_20261005T130920538
2025-09-05,S05,P0589,13,2.689,1.272,2.97,0,Low,2,1,0.95,backtest,demand_forecast_run_20261005T130920538
2025-09-05,S06,P0003,19,2.711,1.38,3.22,0,Low,2,1,0.95,backtest,demand_forecast_run_20261005T130920538
2025-09-05,S06,P0022,12,2.63,1.353,3.16,0,Low,2,1,0.95,backtest,demand_forecast_run_20261005T130920538
2025-09-05,S06,P0032,61,12.66,3.289,7.67,0,Low,2,1,0.95,backtest,demand_forecast_run_20261005T130920538
2025-09-05,S06,P0053,5,2.583,1.671,3.9,2,Low,2,1,0.95,backtest,demand_forecast_run_20261005T130920538
2025-09-05,S06,P0073,5,2.826,1.044,2.44,1,Low,2,1,0.95,backtest,demand_forecast_run_20261005T130920538
2025-09-05,S06,P0170,13,1.792,0.959,2.24,0,Low,2,1,0.95,backtest,demand_forecast_run_20261005T130920538
2025-09-05,S06,P0206,6,5.502,3.182,7.43,7,Medium,2,1,0.95,backtest,demand_forecast_run_20261005T130920538
2025-09-05,S06,P0213,18,4.297,1.847,4.31,0,Low,2,1,0.95,backtest,demand_forecast_run_20261005T130920538
2025-09-05,S06,P0252,0,5.895,2.107,4.92,11,High,2,1,0.95,backtest,demand_forecast_run_20261005T130920538
2025-09-05,S06,P0272,4,2.12,1.129,2.63,1,Medium,2,1,0.95,backtest,demand_forecast_run_20261005T130920538
2025-09-05,S06,P0288,12,2.509,1.079,2.52,0,Low,2,1,0.95,backtest,demand_forecast_run_20261005T130920538
2025-09-05,S06,P0316,9,2.201,1.268,2.96,0,Low,2,1,0.95,backtest,demand_forecast_run_20261005T130920538
2025-09-05,S06,P0369,9,7.028,2.301,5.37,4,Medium,2,1,0.95,backtest,demand_forecast_run_20261005T130920538
2025-09-05,S06,P0381,6,1.884,1.069,2.49,0,Low,2,1,0.95,backtest,demand_forecast_run_20261005T130920538
2025-09-05,S06,P0391,9,5.166,2.242,5.23,2,Low,2,1,0.95,backtest,demand_forecast_run_20261005T130920538
2025-09-05,S06,P0392,4,2.821,0.882,2.06,1,Low,2,1,0.95,backtest,demand_forecast_run_20261005T130920538
2025-09-05,S06,P0408,13,2.224,1.11,2.59,0,Low,2,1,0.95,backtest,demand_forecast_run_20261005T130920538
2025-09-05,S06,P0409,6,2.778,0.928,2.17,0,Low,2,1,0.95,backtest,demand_forecast_run_20261005T130920538
2025-09-05,S06,P0433,6,1.232,1.139,2.66,0,Low,2,1,0.95,backtest,demand_forecast_run_20261005T130920538
2025-09-05,S06,P0435,20,7.841,1.827,4.26,0,Low,2,1,0.95,backtest,demand_forecast_run_20261005T130920538
2025-09-05,S06,P0445,10,2.576,1.215,2.84,0,Low,2,1,0.95,backtest,demand_forecast_run_20261005T130920538
2025-09-05,S06,P0507,51,11.336,3.76,8.77,0,Low,2,1,0.95,backtest,demand_forecast_run_20261005T130920538
2025-09-05,S06,P0563,5,3.768,1.268,2.96,2,Medium,2,1,0.95,backtest,demand_forecast_run_20261005T130920538
2025-09-05,S06,P0579,12,4.101,1.707,3.98,0,Low,2,1,0.95,backtest,demand_forecast_run_20261005T130920538
2025-09-05,S06,P0589,14,2.88,1.101,2.57,0,Low,2,1,0.95,backtest,demand_forecast_run_20261005T130920538
2025-09-05,S07,P0003,10,2.668,0.922,2.15,0,Low,2,1,0.95,backtest,demand_forecast_run_20261005T130920538
2025-09-05,S07,P0022,10,3.199,1.261,2.94,0,Low,2,1,0.95,backtest,demand_forecast_run_20261005T130920538
2025-09-05,S07,P0032,48,9.233,2.63,6.14,0,Low,2,1,0.95,backtest,demand_forecast_run_20261005T130920538
2025-09-05,S07,P0053,8,1.428,0.742,1.73,0,Low,2,1,0.95,backtest,demand_forecast_run_20261005T130920538
2025-09-05,S07,P0073,4,0.55,0.448,1.05,0,Low,2,1,0.95,backtest,demand_forecast_run_20261005T130920538
2025-09-05,S07,P0170,6,1.079,0.962,2.24,0,Low,2,1,0.95,backtest,demand_forecast_run_20261005T130920538
2025-09-05,S07,P0206,11,3.614,1.595,3.72,0,Low,2,1,0.95,backtest,demand_forecast_run_20261005T130920538
2025-09-05,S07,P0213,14,1.642,0.793,1.85,0,Low,2,1,0.95,backtest,demand_forecast_run_20261005T130920538
2025-09-05,S07,P0252,7,3.478,1.506,3.51,0,Low,2,1,0.95,backtest,demand_forecast_run_20261005T130920538
2025-09-05,S07,P0272,9,0.963,0.585,1.37,0,Low,2,1,0.95,backtest,demand_forecast_run_20261005T130920538
2025-09-05,S07,P0288,5,2.107,1.02,2.38,0,Low,2,1,0.95,backtest,demand_forecast_run_20261005T130920538
2025-09-05,S07,P0316,8,0.583,0.548,1.28,0,Low,2,1,0.95,backtest,demand_forecast_run_20261005T130920538
2025-09-05,S07,P0369,10,3.615,1.224,2.86,0,Low,2,1,0.95,backtest,demand_forecast_run_20261005T130920538
2025-09-05,S07,P0381,8,1.101,0.6,1.4,0,Low,2,1,0.95,backtest,demand_forecast_run_20261005T130920538
2025-09-05,S07,P0391,19,3.807,1.484,3.46,0,Low,2,1,0.95,backtest,demand_forecast_run_20261005T130920538
2025-09-05,S07,P0392,6,3.041,0.945,2.2,0,Low,2,1,0.95,backtest,demand_forecast_run_20261005T130920538
2025-09-05,S07,P0408,7,1.64,1.201,2.8,0,Low,2,1,0.95,backtest,demand_forecast_run_20261005T130920538
2025-09-05,S07,P0409,3,2.95,0.959,2.24,3,Medium,2,1,0.95,backtest,demand_forecast_run_20261005T130920538
2025-09-05,S07,P0433,3,0.196,0.378,0.88,0,Low,2,1,0.95,backtest,demand_forecast_run_20261005T130920538
2025-09-05,S07,P0435,22,5.323,1.74,4.06,0,Low,2,1,0.95,backtest,demand_forecast_run_20261005T130920538
2025-09-05,S07,P0445,6,0.91,0.786,1.83,0,Low,2,1,0.95,backtest,demand_forecast_run_20261005T130920538
2025-09-05,S07,P0507,35,5.706,2.151,5.02,0,Low,2,1,0.95,backtest,demand_forecast_run_20261005T130920538
2025-09-05,S07,P0563,12,3.165,1.278,2.98,0,Low,2,1,0.95,backtest,demand_forecast_run_20261005T130920538
2025-09-05,S07,P0579,7,1.475,0.659,1.54,0,Low,2,1,0.95,backtest,demand_forecast_run_20261005T130920538
2025-09-05,S07,P0589,1,2.174,0.957,2.23,4,High,2,1,0.95,backtest,demand_forecast_run_20261005T130920538
2025-09-05,S08,P0003,3,4.258,2.472,5.77,8,High,2,1,0.95,backtest,demand_forecast_run_20261005T130920538
2025-09-05,S08,P0022,6,4.355,1.63,3.8,3,Medium,2,1,0.95,backtest,demand_forecast_run_20261005T130920538
2025-09-05,S08,P0032,37,12.18,2.885,6.73,0,Low,2,1,0.95,backtest,demand_forecast_run_20261005T130920538
2025-09-05,S08,P0053,10,1.899,1.069,2.49,0,Low,2,1,0.95,backtest,demand_forecast_run_20261005T130920538
2025-09-05,S08,P0073,3,1.217,0.997,2.33,1,Medium,2,1,0.95,backtest,demand_forecast_run_20261005T130920538
2025-09-05,S08,P0170,8,1.754,0.79,1.84,0,Low,2,1,0.95,backtest,demand_forecast_run_20261005T130920538
2025-09-05,S08,P0206,19,6.79,1.815,4.24,0,Low,2,1,0.95,backtest,demand_forecast_run_20261005T130920538
2025-09-05,S08,P0213,11,2.074,1.361,3.18,0,Low,2,1,0.95,backtest,demand_forecast_run_20261005T130920538
2025-09-05,S08,P0252,10,6.965,2.43,5.67,3,Low,2,1,0.95,backtest,demand_forecast_run_20261005T130920538
2025-09-05,S08,P0272,7,1.927,1.09,2.54,0,Low,2,1,0.95,backtest,demand_forecast_run_20261005T130920538
2025-09-05,S08,P0288,12,3.124,1.138,2.66,0,Low,2,1,0.95,backtest,demand_forecast_run_20261005T130920538
2025-09-05,S08,P0316,9,1.43,0.742,1.73,0,Low,2,1,0.95,backtest,demand_forecast_run_20261005T130920538
2025-09-05,S08,P0369,11,5.385,2.76,6.44,1,Low,2,1,0.95,backtest,demand_forecast_run_20261005T130920538
2025-09-05,S08,P0381,6,2.333,1.541,3.6,0,Low,2,1,0.95,backtest,demand_forecast_run_20261005T130920538
2025-09-05,S08,P0391,8,5.341,1.641,3.83,2,Low,2,1,0.95,backtest,demand_forecast_run_20261005T130920538
2025-09-05,S08,P0392,8,2.407,1.393,3.25,0,Low,2,1,0.95,backtest,demand_forecast_run_20261005T130920538
2025-09-05,S08,P0408,7,2.12,1.578,3.68,0,Low,2,1,0.95,backtest,demand_forecast_run_20261005T130920538
2025-09-05,S08,P0409,13,3.667,1.056,2.46,0,Low,2,1,0.95,backtest,demand_forecast_run_20261005T130920538
2025-09-05,S08,P0433,6,1.275,0.879,2.05,0,Low,2,1,0.95,backtest,demand_forecast_run_20261005T130920538
2025-09-05,S08,P0435,22,7.521,2.161,5.04,0,Low,2,1,0.95,backtest,demand_forecast_run_20261005T130920538
2025-09-05,S08,P0445,6,1.566,1.475,3.44,0,Low,2,1,0.95,backtest,demand_forecast_run_20261005T130920538
2025-09-05,S08,P0507,49,10.176,3.957,9.23,0,Low,2,1,0.95,backtest,demand_forecast_run_20261005T130920538
2025-09-05,S08,P0563,15,5.984,1.892,4.42,0,Low,2,1,0.95,backtest,demand_forecast_run_20261005T130920538
2025-09-05,S08,P0579,9,2.232,1.036,2.42,0,Low,2,1,0.95,backtest,demand_forecast_run_20261005T130920538
2025-09-05,S08,P0589,9,2.615,2.084,4.86,0,Low,2,1,0.95,backtest,demand_forecast_run_20261005T130920538
2025-09-05,S09,P0003,7,3.162,0.981,2.29,0,Low,2,1,0.95,backtest,demand_forecast_run_20261005T130920538
2025-09-05,S09,P0022,12,4.921,1.687,3.94,0,Low,2,1,0.95,backtest,demand_forecast_run_20261005T130920538
2025-09-05,S09,P0032,51,11.975,3.087,7.2,0,Low,2,1,0.95,backtest,demand_forecast_run_20261005T130920538
2025-09-05,S09,P0053,7,3.03,2.025,4.72,1,Low,2,1,0.95,backtest,demand_forecast_run_20261005T130920538
2025-09-05,S09,P0073,8,1.883,0.916,2.14,0,Low,2,1,0.95,backtest,demand_forecast_run_20261005T130920538
2025-09-05,S09,P0170,10,1.539,0.997,2.33,0,Low,2,1,0.95,backtest,demand_forecast_run_20261005T130920538
2025-09-05,S09,P0206,16,5.809,1.957,4.57,0,Low,2,1,0.95,backtest,demand_forecast_run_20261005T130920538
2025-09-05,S09,P0213,10,4.483,1.806,4.22,0,Low,2,1,0.95,backtest,demand_forecast_run_20261005T130920538
2025-09-05,S09,P0252,24,5.933,2.009,4.69,0,Low,2,1,0.95,backtest,demand_forecast_run_20261005T130920538
2025-09-05,S09,P0272,5,1.027,0.499,1.16,0,Low,2,1,0.95,backtest,demand_forecast_run_20261005T130920538
2025-09-05,S09,P0288,4,2.416,0.945,2.2,1,Medium,2,1,0.95,backtest,demand_forecast_run_20261005T130920538
2025-09-05,S09,P0316,7,1.899,0.916,2.14,0,Low,2,1,0.95,backtest,demand_forecast_run_20261005T130920538
2025-09-05,S09,P0369,19,5.937,1.904,4.44,0,Low,2,1,0.95,backtest,demand_forecast_run_20261005T130920538
2025-09-05,S09,P0381,2,1.54,0.863,2.01,2,Medium,2,1,0.95,backtest,demand_forecast_run_20261005T130920538
2025-09-05,S09,P0391,12,6.665,2.317,5.41,1,Low,2,1,0.95,backtest,demand_forecast_run_20261005T130920538
2025-09-05,S09,P0392,7,1.25,0.723,1.69,0,Low,2,1,0.95,backtest,demand_forecast_run_20261005T130920538
2025-09-05,S09,P0408,11,3.308,1.598,3.73,0,Low,2,1,0.95,backtest,demand_forecast_run_20261005T130920538
2025-09-05,S09,P0409,15,3.39,1.303,3.04,0,Low,2,1,0.95,backtest,demand_forecast_run_20261005T130920538
2025-09-05,S09,P0433,6,0.579,0.476,1.11,0,Low,2,1,0.95,backtest,demand_forecast_run_20261005T130920538
2025-09-05,S09,P0435,6,8.646,1.874,4.37,8,High,2,1,0.95,backtest,demand_forecast_run_20261005T130920538
2025-09-05,S09,P0445,8,1.98,1.761,4.11,0,Low,2,1,0.95,backtest,demand_forecast_run_20261005T130920538
2025-09-05,S09,P0507,19,12.076,2.498,5.83,0,Low,2,1,0.95,backtest,demand_forecast_run_20261005T130920538
2025-09-05,S09,P0563,7,6.162,1.536,3.58,3,Low,2,1,0.95,backtest,demand_forecast_run_20261005T130920538
2025-09-05,S09,P0579,0,2.999,1.416,3.3,7,High,2,1,0.95,backtest,demand_forecast_run_20261005T130920538
2025-09-05,S09,P0589,8,4.518,1.834,4.28,1,Low,2,1,0.95,backtest,demand_forecast_run_20261005T130920538
2025-09-05,S10,P0003,13,3.231,1.079,2.52,0,Low,2,1,0.95,backtest,demand_forecast_run_20261005T130920538
2025-09-05,S10,P0022,17,3.256,1.427,3.33,0,Low,2,1,0.95,backtest,demand_forecast_run_20261005T130920538
2025-09-05,S10,P0032,8,11.106,3.213,7.5,11,High,2,1,0.95,backtest,demand_forecast_run_20261005T130920538
2025-09-05,S10,P0053,7,0.884,0.6,1.4,0,Low,2,1,0.95,backtest,demand_forecast_run_20261005T130920538
2025-09-05,S10,P0073,4,1.42,0.737,1.72,0,Low,2,1,0.95,backtest,demand_forecast_run_20261005T130920538
2025-09-05,S10,P0170,9,1.659,0.882,2.06,0,Low,2,1,0.95,backtest,demand_forecast_run_20261005T130920538
2025-09-05,S10,P0206,13,4.437,1.145,2.67,0,Low,2,1,0.95,backtest,demand_forecast_run_20261005T130920538
2025-09-05,S10,P0213,9,2.887,1.303,3.04,0,Low,2,1,0.95,backtest,demand_forecast_run_20261005T130920538
2025-09-05,S10,P0252,12,3.914,1.71,3.99,0,Low,2,1,0.95,backtest,demand_forecast_run_20261005T130920538
2025-09-05,S10,P0272,9,1.033,0.659,1.54,0,Low,2,1,0.95,backtest,demand_forecast_run_20261005T130920538
2025-09-05,S10,P0288,8,2.398,1.101,2.57,0,Low,2,1,0.95,backtest,demand_forecast_run_20261005T130920538
2025-09-05,S10,P0316,8,1.849,0.731,1.71,0,Low,2,1,0.95,backtest,demand_forecast_run_20261005T130920538
2025-09-05,S10,P0369,18,4.99,1.449,3.38,0,Low,2,1,0.95,backtest,demand_forecast_run_20261005T130920538
2025-09-05,S10,P0381,0,2.066,0.959,2.24,5,High,2,1,0.95,backtest,demand_forecast_run_20261005T130920538
2025-09-05,S10,P0391,8,5.748,1.715,4,2,Low,2,1,0.95,backtest,demand_forecast_run_20261005T130920538
2025-09-05,S10,P0392,4,1.734,0.629,1.47,0,Low,2,1,0.95,backtest,demand_forecast_run_20261005T130920538
2025-09-05,S10,P0408,7,1.506,0.879,2.05,0,Low,2,1,0.95,backtest,demand_forecast_run_20261005T130920538
2025-09-05,S10,P0409,7,3.7,0.976,2.28,0,Low,2,1,0.95,backtest,demand_forecast_run_20261005T130920538
2025-09-05,S10,P0433,5,0.813,0.518,1.21,0,Low,2,1,0.95,backtest,demand_forecast_run_20261005T130920538
2025-09-05,S10,P0435,17,6.321,2.159,5.04,0,Low,2,1,0.95,backtest,demand_forecast_run_20261005T130920538
2025-09-05,S10,P0445,2,1.263,0.922,2.15,2,Medium,2,1,0.95,backtest,demand_forecast_run_20261005T130920538
2025-09-05,S10,P0507,29,10.59,2.514,5.87,0,Low,2,1,0.95,backtest,demand_forecast_run_20261005T130920538
2025-09-05,S10,P0563,12,5.68,1.834,4.28,0,Low,2,1,0.95,backtest,demand_forecast_run_20261005T130920538
2025-09-05,S10,P0579,9,2.035,0.685,1.6,0,Low,2,1,0.95,backtest,demand_forecast_run_20261005T130920538
2025-09-05,S10,P0589,10,2.962,1.134,2.65,0,Low,2,1,0.95,backtest,demand_forecast_run_20261005T130920538
2025-09-05,S11,P0003,17,4.988,1.362,3.18,0,Low,2,1,0.95,backtest,demand_forecast_run_20261005T130920538
2025-09-05,S11,P0022,14,6.495,1.713,4,0,Low,2,1,0.95,backtest,demand_forecast_run_20261005T130920538
2025-09-05,S11,P0032,54,14.141,2.413,5.63,0,Low,2,1,0.95,backtest,demand_forecast_run_20261005T130920538
2025-09-05,S11,P0053,9,2.416,1.162,2.71,0,Low,2,1,0.95,backtest,demand_forecast_run_20261005T130920538
2025-09-05,S11,P0073,9,1.312,0.959,2.24,0,Low,2,1,0.95,backtest,demand_forecast_run_20261005T130920538
2025-09-05,S11,P0170,3,2.242,1.188,2.77,3,Medium,2,1,0.95,backtest,demand_forecast_run_20261005T130920538
2025-09-05,S11,P0206,13,4.742,1.618,3.78,0,Low,2,1,0.95,backtest,demand_forecast_run_20261005T130920538
2025-09-05,S11,P0213,3,3.448,1.427,3.33,4,High,2,1,0.95,backtest,demand_forecast_run_20261005T130920538
2025-09-05,S11,P0252,11,7.835,1.969,4.59,2,Low,2,1,0.95,backtest,demand_forecast_run_20261005T130920538
2025-09-05,S11,P0272,6,2.077,0.819,1.91,0,Low,2,1,0.95,backtest,demand_forecast_run_20261005T130920538
2025-09-05,S11,P0288,14,2.722,1.278,2.98,0,Low,2,1,0.95,backtest,demand_forecast_run_20261005T130920538
2025-09-05,S11,P0316,5,4.324,1.197,2.79,3,Low,2,1,0.95,backtest,demand_forecast_run_20261005T130920538
2025-09-05,S11,P0369,9,6.439,1.874,4.37,2,Medium,2,1,0.95,backtest,demand_forecast_run_20261005T130920538
2025-09-05,S11,P0381,7,3.28,1.215,2.84,0,Low,2,1,0.95,backtest,demand_forecast_run_20261005T130920538
2025-09-05,S11,P0391,13,6.578,2.048,4.78,0,Low,2,1,0.95,backtest,demand_forecast_run_20261005T130920538
2025-09-05,S11,P0392,2,2.89,1.213,2.83,4,High,2,1,0.95,backtest,demand_forecast_run_20261005T130920538
2025-09-05,S11,P0408,14,3.888,1.563,3.65,0,Low,2,1,0.95,backtest,demand_forecast_run_20261005T130920538
2025-09-05,S11,P0409,16,3.914,0.956,2.23,0,Low,2,1,0.95,backtest,demand_forecast_run_20261005T130920538
2025-09-05,S11,P0433,11,0.699,0.476,1.11,0,Low,2,1,0.95,backtest,demand_forecast_run_20261005T130920538
2025-09-05,S11,P0435,23,9.821,2.099,4.9,0,Low,2,1,0.95,backtest,demand_forecast_run_20261005T130920538
2025-09-05,S11,P0445,7,2.958,1.416,3.3,0,Low,2,1,0.95,backtest,demand_forecast_run_20261005T130920538
2025-09-05,S11,P0507,36,12.727,2.918,6.81,0,Low,2,1,0.95,backtest,demand_forecast_run_20261005T130920538
2025-09-05,S11,P0563,13,5.794,2.439,5.69,0,Low,2,1,0.95,backtest,demand_forecast_run_20261005T130920538
2025-09-05,S11,P0579,9,2.348,1.036,2.42,0,Low,2,1,0.95,backtest,demand_forecast_run_20261005T130920538
2025-09-05,S11,P0589,13,3.93,1.052,2.45,0,Low,2,1,0.95,backtest,demand_forecast_run_20261005T130920538
2025-09-05,S12,P0003,12,3.777,1.177,2.75,0,Low,2,1,0.95,backtest,demand_forecast_run_20261005T130920538
2025-09-05,S12,P0022,5,4.852,1.729,4.03,4,Medium,2,1,0.95,backtest,demand_forecast_run_20261005T130920538
2025-09-05,S12,P0032,48,12.05,2.912,6.8,0,Low,2,1,0.95,backtest,demand_forecast_run_20261005T130920538
2025-09-05,S12,P0053,7,2.437,1.193,2.78,0,Low,2,1,0.95,backtest,demand_forecast_run_20261005T130920538
2025-09-05,S12,P0073,3,0.998,0.585,1.37,0,Medium,2,1,0.95,backtest,demand_forecast_run_20261005T130920538
2025-09-05,S12,P0170,6,1.283,0.92,2.15,0,Low,2,1,0.95,backtest,demand_forecast_run_20261005T130920538
2025-09-05,S12,P0206,10,3.638,1.371,3.2,0,Low,2,1,0.95,backtest,demand_forecast_run_20261005T130920538
2025-09-05,S12,P0213,16,2.494,1.449,3.38,0,Low,2,1,0.95,backtest,demand_forecast_run_20261005T130920538
2025-09-05,S12,P0252,11,5.166,1.729,4.03,0,Low,2,1,0.95,backtest,demand_forecast_run_20261005T130920538
2025-09-05,S12,P0272,8,2.425,1.315,3.07,0,Low,2,1,0.95,backtest,demand_forecast_run_20261005T130920538
2025-09-05,S12,P0288,6,1.468,0.535,1.25,0,Low,2,1,0.95,backtest,demand_forecast_run_20261005T130920538
2025-09-05,S12,P0316,8,2.461,1.056,2.46,0,Low,2,1,0.95,backtest,demand_forecast_run_20261005T130920538
2025-09-05,S12,P0369,14,5.592,2.393,5.59,0,Low,2,1,0.95,backtest,demand_forecast_run_20261005T130920538
2025-09-05,S12,P0381,9,2.14,1.105,2.58,0,Low,2,1,0.95,backtest,demand_forecast_run_20261005T130920538
2025-09-05,S12,P0391,16,4.061,1.052,2.45,0,Low,2,1,0.95,backtest,demand_forecast_run_20261005T130920538
2025-09-05,S12,P0392,4,1.635,0.962,2.24,0,Low,2,1,0.95,backtest,demand_forecast_run_20261005T130920538
2025-09-05,S12,P0408,8,1.722,0.916,2.14,0,Low,2,1,0.95,backtest,demand_forecast_run_20261005T130920538
2025-09-05,S12,P0409,2,2.551,1.005,2.34,3,High,2,1,0.95,backtest,demand_forecast_run_20261005T130920538
2025-09-05,S12,P0433,6,0.622,0.356,0.83,0,Low,2,1,0.95,backtest,demand_forecast_run_20261005T130920538
2025-09-05,S12,P0435,13,7.159,1.571,3.67,0,Low,2,1,0.95,backtest,demand_forecast_run_20261005T130920538
2025-09-05,S12,P0445,3,1.134,0.832,1.94,1,Medium,2,1,0.95,backtest,demand_forecast_run_20261005T130920538
2025-09-05,S12,P0507,25,9.694,3.223,7.52,0,Low,2,1,0.95,backtest,demand_forecast_run_20261005T130920538
2025-09-05,S12,P0563,12,4.85,1.424,3.32,0,Low,2,1,0.95,backtest,demand_forecast_run_20261005T130920538
2025-09-05,S12,P0579,5,1.458,0.79,1.84,0,Low,2,1,0.95,backtest,demand_forecast_run_20261005T130920538
2025-09-05,S12,P0589,3,2.95,1.227,2.86,3,Medium,2,1,0.95,backtest,demand_forecast_run_20261005T130920538
2025-09-06,S01,P0003,11,3.578,1.475,3.44,0,Low,2,1,0.95,backtest,demand_forecast_run_20261005T130920538
2025-09-06,S01,P0022,5,2.83,1.729,4.03,2,Medium,2,1,0.95,backtest,demand_forecast_run_20261005T130920538
2025-09-06,S01,P0032,41,10.548,3.636,8.48,0,Low,2,1,0.95,backtest,demand_forecast_run_20261005T130920538
2025-09-06,S01,P0053,9,1.842,0.87,2.03,0,Low,2,1,0.95,backtest,demand_forecast_run_20261005T130920538
2025-09-06,S01,P0073,4,1.278,1.136,2.65,0,Low,2,1,0.95,backtest,demand_forecast_run_20261005T130920538
2025-09-06,S01,P0170,7,1.891,1.031,2.4,0,Low,2,1,0.95,backtest,demand_forecast_run_20261005T130920538
2025-09-06,S01,P0206,15,3.348,1.351,3.15,0,Low,2,1,0.95,backtest,demand_forecast_run_20261005T130920538
2025-09-06,S01,P0213,12,2.102,1.105,2.58,0,Low,2,1,0.95,backtest,demand_forecast_run_20261005T130920538
2025-09-06,S01,P0252,19,5.488,1.713,4,0,Low,2,1,0.95,backtest,demand_forecast_run_20261005T130920538
2025-09-06,S01,P0272,6,1.758,0.995,2.32,0,Low,2,1,0.95,backtest,demand_forecast_run_20261005T130920538
2025-09-06,S01,P0288,15,2.676,1.224,2.86,0,Low,2,1,0.95,backtest,demand_forecast_run_20261005T130920538
2025-09-06,S01,P0316,6,0.765,0.659,1.54,0,Low,2,1,0.95,backtest,demand_forecast_run_20261005T130920538
2025-09-06,S01,P0369,16,5.304,2.206,5.15,0,Low,2,1,0.95,backtest,demand_forecast_run_20261005T130920538
2025-09-06,S01,P0381,4,1.438,1.162,2.71,1,Low,2,1,0.95,backtest,demand_forecast_run_20261005T130920538
2025-09-06,S01,P0391,7,7.183,1.707,3.98,5,High,2,1,0.95,backtest,demand_forecast_run_20261005T130920538
2025-09-06,S01,P0392,10,3,0.832,1.94,0,Low,2,1,0.95,backtest,demand_forecast_run_20261005T130920538
2025-09-06,S01,P0408,0,2.381,0.836,1.95,5,High,2,1,0.95,backtest,demand_forecast_run_20261005T130920538
2025-09-06,S01,P0409,6,2.33,1.02,2.38,0,Low,2,1,0.95,backtest,demand_forecast_run_20261005T130920538
2025-09-06,S01,P0433,2,1.05,0.723,1.69,1,Medium,2,1,0.95,backtest,demand_forecast_run_20261005T130920538
2025-09-06,S01,P0435,4,5.65,1.339,3.13,5,High,2,1,0.95,backtest,demand_forecast_run_20261005T130920538
2025-09-06,S01,P0445,0,2.474,1.427,3.33,6,High,2,1,0.95,backtest,demand_forecast_run_20261005T130920538
2025-09-06,S01,P0507,31,8.105,1.969,4.59,0,Low,2,1,0.95,backtest,demand_forecast_run_20261005T130920538
2025-09-06,S01,P0563,14,2.637,1.442,3.36,0,Low,2,1,0.95,backtest,demand_forecast_run_20261005T130920538
2025-09-06,S01,P0579,8,1.52,1.29,3.01,0,Low,2,1,0.95,backtest,demand_forecast_run_20261005T130920538
2025-09-06,S01,P0589,7,2.736,1.585,3.7,0,Low,2,1,0.95,backtest,demand_forecast_run_20261005T130920538
2025-09-06,S02,P0003,11,3.977,1.478,3.45,0,Low,2,1,0.95,backtest,demand_forecast_run_20261005T130920538
2025-09-06,S02,P0022,0,3.325,1.71,3.99,8,High,2,1,0.95,backtest,demand_forecast_run_20261005T130920538
2025-09-06,S02,P0032,44,9.428,2.681,6.26,0,Low,2,1,0.95,backtest,demand_forecast_run_20261005T130920538
2025-09-06,S02,P0053,9,1.234,0.612,1.43,0,Low,2,1,0.95,backtest,demand_forecast_run_20261005T130920538
2025-09-06,S02,P0073,6,1.085,0.79,1.84,0,Low,2,1,0.95,backtest,demand_forecast_run_20261005T130920538
2025-09-06,S02,P0170,5,1.136,0.922,2.15,0,Low,2,1,0.95,backtest,demand_forecast_run_20261005T130920538
2025-09-06,S02,P0206,0,3.333,1.446,3.37,7,High,2,1,0.95,backtest,demand_forecast_run_20261005T130920538
2025-09-06,S02,P0213,5,2.742,1.75,4.08,2,Medium,2,1,0.95,backtest,demand_forecast_run_20261005T130920538
2025-09-06,S02,P0252,20,4.844,1.467,3.42,0,Low,2,1,0.95,backtest,demand_forecast_run_20261005T130920538
2025-09-06,S02,P0272,5,1.357,1.29,3.01,0,Low,2,1,0.95,backtest,demand_forecast_run_20261005T130920538
2025-09-06,S02,P0288,12,2.503,1.133,2.64,0,Low,2,1,0.95,backtest,demand_forecast_run_20261005T130920538
2025-09-06,S02,P0316,7,1.052,0.79,1.84,0,Low,2,1,0.95,backtest,demand_forecast_run_20261005T130920538
2025-09-06,S02,P0369,11,4.777,2.166,5.05,0,Low,2,1,0.95,backtest,demand_forecast_run_20261005T130920538
2025-09-06,S02,P0381,3,1.809,1.15,2.68,2,Medium,2,1,0.95,backtest,demand_forecast_run_20261005T130920538
2025-09-06,S02,P0391,6,6.308,1.682,3.93,5,High,2,1,0.95,backtest,demand_forecast_run_20261005T130920538
2025-09-06,S02,P0392,9,1.091,0.836,1.95,0,Low,2,1,0.95,backtest,demand_forecast_run_20261005T130920538
2025-09-06,S02,P0408,13,3.262,1.213,2.83,0,Low,2,1,0.95,backtest,demand_forecast_run_20261005T130920538
2025-09-06,S02,P0409,3,3.886,1.291,3.01,4,High,2,1,0.95,backtest,demand_forecast_run_20261005T130920538
2025-09-06,S02,P0433,8,0.315,0.756,1.76,0,Low,2,1,0.95,backtest,demand_forecast_run_20261005T130920538
2025-09-06,S02,P0435,19,8.412,2.244,5.24,0,Low,2,1,0.95,backtest,demand_forecast_run_20261005T130920538
2025-09-06,S02,P0445,10,1.284,1.071,2.5,0,Low,2,1,0.95,backtest,demand_forecast_run_20261005T130920538
2025-09-06,S02,P0507,7,10.615,2.268,5.29,9,High,2,1,0.95,backtest,demand_forecast_run_20261005T130920538
2025-09-06,S02,P0563,3,3.618,1.794,4.19,5,High,2,1,0.95,backtest,demand_forecast_run_20261005T130920538
2025-09-06,S02,P0579,4,1.943,1.076,2.51,1,Low,2,1,0.95,backtest,demand_forecast_run_20261005T130920538
2025-09-06,S02,P0589,8,1.85,1.15,2.68,0,Low,2,1,0.95,backtest,demand_forecast_run_20261005T130920538
2025-09-06,S03,P0003,0,3.173,1.414,3.3,7,High,2,1,0.95,backtest,demand_forecast_run_20261005T130920538
2025-09-06,S03,P0022,5,2.048,1.228,2.87,0,Medium,2,1,0.95,backtest,demand_forecast_run_20261005T130920538
2025-09-06,S03,P0032,30,10.773,2.365,5.52,0,Low,2,1,0.95,backtest,demand_forecast_run_20261005T130920538
2025-09-06,S03,P0053,8,2.84,1.249,2.91,0,Low,2,1,0.95,backtest,demand_forecast_run_20261005T130920538
2025-09-06,S03,P0073,4,0.398,0.315,0.73,0,Low,2,1,0.95,backtest,demand_forecast_run_20261005T130920538
2025-09-06,S03,P0170,11,1.895,0.793,1.85,0,Low,2,1,0.95,backtest,demand_forecast_run_20261005T130920538
2025-09-06,S03,P0206,13,3.652,1.367,3.19,0,Low,2,1,0.95,backtest,demand_forecast_run_20261005T130920538
2025-09-06,S03,P0213,4,2.163,1.005,2.34,1,Medium,2,1,0.95,backtest,demand_forecast_run_20261005T130920538
2025-09-06,S03,P0252,22,4.346,2.358,5.5,0,Low,2,1,0.95,backtest,demand_forecast_run_20261005T130920538
2025-09-06,S03,P0272,5,1.726,0.881,2.06,0,Low,2,1,0.95,backtest,demand_forecast_run_20261005T130920538
2025-09-06,S03,P0288,8,1.7,0.92,2.15,0,Low,2,1,0.95,backtest,demand_forecast_run_20261005T130920538
2025-09-06,S03,P0316,4,1.73,1.162,2.71,1,Medium,2,1,0.95,backtest,demand_forecast_run_20261005T130920538
2025-09-06,S03,P0369,22,4.27,1.942,4.53,0,Low,2,1,0.95,backtest,demand_forecast_run_20261005T130920538
2025-09-06,S03,P0381,6,1.195,0.67,1.56,0,Low,2,1,0.95,backtest,demand_forecast_run_20261005T130920538
2025-09-06,S03,P0391,6,6.421,2.206,5.15,6,High,2,1,0.95,backtest,demand_forecast_run_20261005T130920538
2025-09-06,S03,P0392,9,1.896,0.693,1.62,0,Low,2,1,0.95,backtest,demand_forecast_run_20261005T130920538
2025-09-06,S03,P0408,11,1.126,0.659,1.54,0,Low,2,1,0.95,backtest,demand_forecast_run_20261005T130920538
2025-09-06,S03,P0409,6,2.764,0.854,1.99,0,Low,2,1,0.95,backtest,demand_forecast_run_20261005T130920538
2025-09-06,S03,P0433,2,0.588,0.476,1.11,0,Medium,2,1,0.95,backtest,demand_forecast_run_20261005T130920538
2025-09-06,S03,P0435,21,6.092,1.598,3.73,0,Low,2,1,0.95,backtest,demand_forecast_run_20261005T130920538
2025-09-06,S03,P0445,9,1.053,0.69,1.61,0,Low,2,1,0.95,backtest,demand_forecast_run_20261005T130920538
2025-09-06,S03,P0507,18,9.916,2.365,5.52,0,Low,2,1,0.95,backtest,demand_forecast_run_20261005T130920538
2025-09-06,S03,P0563,18,4.779,1.584,3.7,0,Low,2,1,0.95,backtest,demand_forecast_run_20261005T130920538
2025-09-06,S03,P0579,5,1.797,1.232,2.87,0,Low,2,1,0.95,backtest,demand_forecast_run_20261005T130920538
2025-09-06,S03,P0589,13,3.739,1.492,3.48,0,Low,2,1,0.95,backtest,demand_forecast_run_20261005T130920538
2025-09-06,S04,P0003,7,2.63,1.071,2.5,0,Low,2,1,0.95,backtest,demand_forecast_run_20261005T130920538
2025-09-06,S04,P0022,7,1.903,0.786,1.83,0,Low,2,1,0.95,backtest,demand_forecast_run_20261005T130920538
2025-09-06,S04,P0032,17,7.929,3.296,7.69,0,Low,2,1,0.95,backtest,demand_forecast_run_20261005T130920538
2025-09-06,S04,P0053,8,1.27,0.745,1.74,0,Low,2,1,0.95,backtest,demand_forecast_run_20261005T130920538
2025-09-06,S04,P0073,7,0.827,0.518,1.21,0,Low,2,1,0.95,backtest,demand_forecast_run_20261005T130920538
2025-09-06,S04,P0170,8,1.704,0.79,1.84,0,Low,2,1,0.95,backtest,demand_forecast_run_20261005T130920538
2025-09-06,S04,P0206,14,2.92,1.571,3.67,0,Low,2,1,0.95,backtest,demand_forecast_run_20261005T130920538
2025-09-06,S04,P0213,6,0.966,0.916,2.14,0,Low,2,1,0.95,backtest,demand_forecast_run_20261005T130920538
2025-09-06,S04,P0252,12,2.654,1.514,3.53,0,Low,2,1,0.95,backtest,demand_forecast_run_20261005T130920538
2025-09-06,S04,P0272,2,1.655,0.923,2.15,2,Medium,2,1,0.95,backtest,demand_forecast_run_20261005T130920538
2025-09-06,S04,P0288,0,1.678,0.744,1.74,4,High,2,1,0.95,backtest,demand_forecast_run_20261005T130920538
2025-09-06,S04,P0316,9,0.524,0.701,1.63,0,Low,2,1,0.95,backtest,demand_forecast_run_20261005T130920538
2025-09-06,S04,P0369,7,3.549,1.467,3.42,0,Low,2,1,0.95,backtest,demand_forecast_run_20261005T130920538
2025-09-06,S04,P0381,6,1.655,1,2.33,0,Low,2,1,0.95,backtest,demand_forecast_run_20261005T130920538
2025-09-06,S04,P0391,13,3.447,1.339,3.13,0,Low,2,1,0.95,backtest,demand_forecast_run_20261005T130920538
2025-09-06,S04,P0392,2,0.986,0.418,0.98,0,Medium,2,1,0.95,backtest,demand_forecast_run_20261005T130920538
2025-09-06,S04,P0408,2,1.508,1.036,2.42,2,Medium,2,1,0.95,backtest,demand_forecast_run_20261005T130920538
2025-09-06,S04,P0409,2,1.887,1.049,2.45,3,Medium,2,1,0.95,backtest,demand_forecast_run_20261005T130920538
2025-09-06,S04,P0433,6,0.253,0.262,0.61,0,Low,2,1,0.95,backtest,demand_forecast_run_20261005T130920538
2025-09-06,S04,P0435,4,5.368,1.843,4.3,6,High,2,1,0.95,backtest,demand_forecast_run_20261005T130920538
2025-09-06,S04,P0445,3,0.795,0.731,1.71,0,Medium,2,1,0.95,backtest,demand_forecast_run_20261005T130920538
2025-09-06,S04,P0507,8,6.838,1.942,4.53,4,Medium,2,1,0.95,backtest,demand_forecast_run_20261005T130920538
2025-09-06,S04,P0563,6,1.773,0.838,1.96,0,Low,2,1,0.95,backtest,demand_forecast_run_20261005T130920538
2025-09-06,S04,P0579,2,0.755,0.659,1.54,1,Medium,2,1,0.95,backtest,demand_forecast_run_20261005T130920538
2025-09-06,S04,P0589,16,1.85,1.02,2.38,0,Low,2,1,0.95,backtest,demand_forecast_run_20261005T130920538
2025-09-06,S05,P0003,10,2.57,1.013,2.36,0,Low,2,1,0.95,backtest,demand_forecast_run_20261005T130920538
2025-09-06,S05,P0022,14,2.467,1.268,2.96,0,Low,2,1,0.95,backtest,demand_forecast_run_20261005T130920538
2025-09-06,S05,P0032,19,7.141,3.096,7.23,0,Low,2,1,0.95,backtest,demand_forecast_run_20261005T130920538
2025-09-06,S05,P0053,6,0.757,0.518,1.21,0,Low,2,1,0.95,backtest,demand_forecast_run_20261005T130920538
2025-09-06,S05,P0073,4,0.614,0.6,1.4,0,Low,2,1,0.95,backtest,demand_forecast_run_20261005T130920538
2025-09-06,S05,P0170,7,1.112,0.69,1.61,0,Low,2,1,0.95,backtest,demand_forecast_run_20261005T130920538
2025-09-06,S05,P0206,7,1.702,1.175,2.74,0,Low,2,1,0.95,backtest,demand_forecast_run_20261005T130920538
2025-09-06,S05,P0213,5,1.694,1.062,2.48,0,Low,2,1,0.95,backtest,demand_forecast_run_20261005T130920538
2025-09-06,S05,P0252,2,3.593,1.524,3.56,6,High,2,1,0.95,backtest,demand_forecast_run_20261005T130920538
2025-09-06,S05,P0272,7,1.306,0.832,1.94,0,Low,2,1,0.95,backtest,demand_forecast_run_20261005T130920538
2025-09-06,S05,P0288,8,1.295,0.879,2.05,0,Low,2,1,0.95,backtest,demand_forecast_run_20261005T130920538
2025-09-06,S05,P0316,10,1.459,1.367,3.19,0,Low,2,1,0.95,backtest,demand_forecast_run_20261005T130920538
2025-09-06,S05,P0369,10,3.209,2.212,5.16,0,Low,2,1,0.95,backtest,demand_forecast_run_20261005T130920538
2025-09-06,S05,P0381,11,0.614,0.713,1.66,0,Low,2,1,0.95,backtest,demand_forecast_run_20261005T130920538
2025-09-06,S05,P0391,10,3.352,1.474,3.44,0,Low,2,1,0.95,backtest,demand_forecast_run_20261005T130920538
2025-09-06,S05,P0392,3,0.439,0.416,0.97,0,Low,2,1,0.95,backtest,demand_forecast_run_20261005T130920538
2025-09-06,S05,P0408,8,0.823,0.645,1.51,0,Low,2,1,0.95,backtest,demand_forecast_run_20261005T130920538
2025-09-06,S05,P0409,6,1.773,1.066,2.49,0,Low,2,1,0.95,backtest,demand_forecast_run_20261005T130920538
2025-09-06,S05,P0433,6,0.652,0.585,1.37,0,Low,2,1,0.95,backtest,demand_forecast_run_20261005T130920538
2025-09-06,S05,P0435,16,5.719,3.604,8.41,0,Low,2,1,0.95,backtest,demand_forecast_run_20261005T130920538
2025-09-06,S05,P0445,4,1.027,0.923,2.15,0,Low,2,1,0.95,backtest,demand_forecast_run_20261005T130920538
2025-09-06,S05,P0507,27,5.867,2.578,6.02,0,Low,2,1,0.95,backtest,demand_forecast_run_20261005T130920538
2025-09-06,S05,P0563,6,2.458,1.82,4.25,1,Low,2,1,0.95,backtest,demand_forecast_run_20261005T130920538
2025-09-06,S05,P0579,10,0.626,0.499,1.16,0,Low,2,1,0.95,backtest,demand_forecast_run_20261005T130920538
2025-09-06,S05,P0589,13,2.442,1.278,2.98,0,Low,2,1,0.95,backtest,demand_forecast_run_20261005T130920538
2025-09-06,S06,P0003,19,2.776,1.38,3.22,0,Low,2,1,0.95,backtest,demand_forecast_run_20261005T130920538
2025-09-06,S06,P0022,10,2.62,1.343,3.13,0,Low,2,1,0.95,backtest,demand_forecast_run_20261005T130920538
2025-09-06,S06,P0032,58,12.687,3.131,7.31,0,Low,2,1,0.95,backtest,demand_forecast_run_20261005T130920538
2025-09-06,S06,P0053,3,2.709,1.676,3.91,4,Medium,2,1,0.95,backtest,demand_forecast_run_20261005T130920538
2025-09-06,S06,P0073,5,2.287,1.044,2.44,0,Low,2,1,0.95,backtest,demand_forecast_run_20261005T130920538
2025-09-06,S06,P0170,12,1.512,0.962,2.24,0,Low,2,1,0.95,backtest,demand_forecast_run_20261005T130920538
2025-09-06,S06,P0206,5,4.626,3.185,7.43,8,Medium,2,1,0.95,backtest,demand_forecast_run_20261005T130920538
2025-09-06,S06,P0213,18,4.1,1.847,4.31,0,Low,2,1,0.95,backtest,demand_forecast_run_20261005T130920538
2025-09-06,S06,P0252,24,5.363,2.079,4.85,0,Low,2,1,0.95,backtest,demand_forecast_run_20261005T130920538
2025-09-06,S06,P0272,12,1.811,1.124,2.62,0,Low,2,1,0.95,backtest,demand_forecast_run_20261005T130920538
2025-09-06,S06,P0288,12,2.249,1.09,2.54,0,Low,2,1,0.95,backtest,demand_forecast_run_20261005T130920538
2025-09-06,S06,P0316,9,1.595,1.117,2.61,0,Low,2,1,0.95,backtest,demand_forecast_run_20261005T130920538
2025-09-06,S06,P0369,29,5.957,2.299,5.36,0,Low,2,1,0.95,backtest,demand_forecast_run_20261005T130920538
2025-09-06,S06,P0381,2,1.906,1.243,2.9,3,Medium,2,1,0.95,backtest,demand_forecast_run_20261005T130920538
2025-09-06,S06,P0391,9,4.585,2.218,5.18,1,Low,2,1,0.95,backtest,demand_forecast_run_20261005T130920538
2025-09-06,S06,P0392,4,2.334,0.882,2.06,1,Low,2,1,0.95,backtest,demand_forecast_run_20261005T130920538
2025-09-06,S06,P0408,10,2.325,1.177,2.75,0,Low,2,1,0.95,backtest,demand_forecast_run_20261005T130920538
2025-09-06,S06,P0409,5,2.38,0.917,2.14,0,Medium,2,1,0.95,backtest,demand_forecast_run_20261005T130920538
2025-09-06,S06,P0433,5,1.207,1.138,2.66,0,Low,2,1,0.95,backtest,demand_forecast_run_20261005T130920538
2025-09-06,S06,P0435,16,7.53,1.838,4.29,0,Low,2,1,0.95,backtest,demand_forecast_run_20261005T130920538
2025-09-06,S06,P0445,10,2.512,1.215,2.84,0,Low,2,1,0.95,backtest,demand_forecast_run_20261005T130920538
2025-09-06,S06,P0507,49,11.051,3.76,8.77,0,Low,2,1,0.95,backtest,demand_forecast_run_20261005T130920538
2025-09-06,S06,P0563,20,3.145,1.278,2.98,0,Low,2,1,0.95,backtest,demand_forecast_run_20261005T130920538
2025-09-06,S06,P0579,12,3.245,1.72,4.01,0,Low,2,1,0.95,backtest,demand_forecast_run_20261005T130920538
2025-09-06,S06,P0589,11,2.862,1.09,2.54,0,Low,2,1,0.95,backtest,demand_forecast_run_20261005T130920538
2025-09-06,S07,P0003,5,2.178,0.94,2.19,0,Medium,2,1,0.95,backtest,demand_forecast_run_20261005T130920538
2025-09-06,S07,P0022,7,2.931,1.315,3.07,0,Low,2,1,0.95,backtest,demand_forecast_run_20261005T130920538
2025-09-06,S07,P0032,48,7.754,2.713,6.33,0,Low,2,1,0.95,backtest,demand_forecast_run_20261005T130920538
2025-09-06,S07,P0053,8,1.26,0.742,1.73,0,Low,2,1,0.95,backtest,demand_forecast_run_20261005T130920538
2025-09-06,S07,P0073,1,0.394,0.448,1.05,1,Medium,2,1,0.95,backtest,demand_forecast_run_20261005T130920538
2025-09-06,S07,P0170,6,1.083,0.962,2.24,0,Low,2,1,0.95,backtest,demand_forecast_run_20261005T130920538
2025-09-06,S07,P0206,11,2.614,1.598,3.73,0,Low,2,1,0.95,backtest,demand_forecast_run_20261005T130920538
2025-09-06,S07,P0213,12,1.622,0.832,1.94,0,Low,2,1,0.95,backtest,demand_forecast_run_20261005T130920538
2025-09-06,S07,P0252,6,3.291,1.506,3.51,1,Low,2,1,0.95,backtest,demand_forecast_run_20261005T130920538
2025-09-06,S07,P0272,9,0.592,0.568,1.33,0,Low,2,1,0.95,backtest,demand_forecast_run_20261005T130920538
2025-09-06,S07,P0288,5,1.861,1.02,2.38,0,Low,2,1,0.95,backtest,demand_forecast_run_20261005T130920538
2025-09-06,S07,P0316,7,0.541,0.568,1.33,0,Low,2,1,0.95,backtest,demand_forecast_run_20261005T130920538
2025-09-06,S07,P0369,4,3.94,1.503,3.51,4,Medium,2,1,0.95,backtest,demand_forecast_run_20261005T130920538
2025-09-06,S07,P0381,8,0.789,0.6,1.4,0,Low,2,1,0.95,backtest,demand_forecast_run_20261005T130920538
2025-09-06,S07,P0391,16,3.886,1.634,3.81,0,Low,2,1,0.95,backtest,demand_forecast_run_20261005T130920538
2025-09-06,S07,P0392,6,2.714,0.945,2.2,0,Low,2,1,0.95,backtest,demand_forecast_run_20261005T130920538
2025-09-06,S07,P0408,7,1.482,1.201,2.8,0,Low,2,1,0.95,backtest,demand_forecast_run_20261005T130920538
2025-09-06,S07,P0409,9,2.817,1.056,2.46,0,Low,2,1,0.95,backtest,demand_forecast_run_20261005T130920538
2025-09-06,S07,P0433,2,0.268,0.416,0.97,0,Medium,2,1,0.95,backtest,demand_forecast_run_20261005T130920538
2025-09-06,S07,P0435,19,4.898,1.75,4.08,0,Low,2,1,0.95,backtest,demand_forecast_run_20261005T130920538
2025-09-06,S07,P0445,6,0.782,0.786,1.83,0,Low,2,1,0.95,backtest,demand_forecast_run_20261005T130920538
2025-09-06,S07,P0507,30,5.118,2.201,5.14,0,Low,2,1,0.95,backtest,demand_forecast_run_20261005T130920538
2025-09-06,S07,P0563,9,2.563,1.331,3.11,0,Low,2,1,0.95,backtest,demand_forecast_run_20261005T130920538
2025-09-06,S07,P0579,9,1.483,0.731,1.71,0,Low,2,1,0.95,backtest,demand_forecast_run_20261005T130920538
2025-09-06,S07,P0589,8,2.094,1.031,2.4,0,Low,2,1,0.95,backtest,demand_forecast_run_20261005T130920538
2025-09-06,S08,P0003,26,3.895,2.472,5.77,0,Low,2,1,0.95,backtest,demand_forecast_run_20261005T130920538
2025-09-06,S08,P0022,17,3.597,1.602,3.74,0,Low,2,1,0.95,backtest,demand_forecast_run_20261005T130920538
2025-09-06,S08,P0032,29,11.397,2.893,6.75,0,Low,2,1,0.95,backtest,demand_forecast_run_20261005T130920538
2025-09-06,S08,P0053,10,1.605,1.069,2.49,0,Low,2,1,0.95,backtest,demand_forecast_run_20261005T130920538
2025-09-06,S08,P0073,3,0.831,0.997,2.33,1,Medium,2,1,0.95,backtest,demand_forecast_run_20261005T130920538
2025-09-06,S08,P0170,8,1.641,0.79,1.84,0,Low,2,1,0.95,backtest,demand_forecast_run_20261005T130920538
2025-09-06,S08,P0206,17,5.736,1.774,4.14,0,Low,2,1,0.95,backtest,demand_forecast_run_20261005T130920538
2025-09-06,S08,P0213,11,1.814,1.374,3.21,0,Low,2,1,0.95,backtest,demand_forecast_run_20261005T130920538
2025-09-06,S08,P0252,8,6.769,2.372,5.53,5,Medium,2,1,0.95,backtest,demand_forecast_run_20261005T130920538
2025-09-06,S08,P0272,3,1.592,1.249,2.91,2,Medium,2,1,0.95,backtest,demand_forecast_run_20261005T130920538
2025-09-06,S08,P0288,11,3.166,1.138,2.66,0,Low,2,1,0.95,backtest,demand_forecast_run_20261005T130920538
2025-09-06,S08,P0316,9,1.147,0.737,1.72,0,Low,2,1,0.95,backtest,demand_forecast_run_20261005T130920538
2025-09-06,S08,P0369,35,5.137,2.73,6.37,0,Low,2,1,0.95,backtest,demand_forecast_run_20261005T130920538
2025-09-06,S08,P0381,4,1.315,1.416,3.3,1,Medium,2,1,0.95,backtest,demand_forecast_run_20261005T130920538
2025-09-06,S08,P0391,2,5.116,1.806,4.22,8,High,2,1,0.95,backtest,demand_forecast_run_20261005T130920538
2025-09-06,S08,P0392,6,2.182,1.41,3.29,0,Low,2,1,0.95,backtest,demand_forecast_run_20261005T130920538
2025-09-06,S08,P0408,7,1.909,1.578,3.68,0,Low,2,1,0.95,backtest,demand_forecast_run_20261005T130920538
2025-09-06,S08,P0409,12,2.882,1.056,2.46,0,Low,2,1,0.95,backtest,demand_forecast_run_20261005T130920538
2025-09-06,S08,P0433,5,1.203,0.879,2.05,0,Low,2,1,0.95,backtest,demand_forecast_run_20261005T130920538
2025-09-06,S08,P0435,18,7.974,2.168,5.06,0,Low,2,1,0.95,backtest,demand_forecast_run_20261005T130920538
2025-09-06,S08,P0445,5,1.487,1.475,3.44,0,Low,2,1,0.95,backtest,demand_forecast_run_20261005T130920538
2025-09-06,S08,P0507,45,9.465,3.944,9.2,0,Low,2,1,0.95,backtest,demand_forecast_run_20261005T130920538
2025-09-06,S08,P0563,9,4.361,2.03,4.74,1,Low,2,1,0.95,backtest,demand_forecast_run_20261005T130920538
2025-09-06,S08,P0579,9,1.128,0.548,1.28,0,Low,2,1,0.95,backtest,demand_forecast_run_20261005T130920538
2025-09-06,S08,P0589,9,2.392,2.084,4.86,0,Low,2,1,0.95,backtest,demand_forecast_run_20261005T130920538
2025-09-06,S09,P0003,1,3.337,1.362,3.18,6,High,2,1,0.95,backtest,demand_forecast_run_20261005T130920538
2025-09-06,S09,P0022,10,3.966,1.663,3.88,0,Low,2,1,0.95,backtest,demand_forecast_run_20261005T130920538
2025-09-06,S09,P0032,46,10.74,2.973,6.94,0,Low,2,1,0.95,backtest,demand_forecast_run_20261005T130920538
2025-09-06,S09,P0053,7,2.425,2.025,4.72,1,Low,2,1,0.95,backtest,demand_forecast_run_20261005T130920538
2025-09-06,S09,P0073,8,1.008,0.863,2.01,0,Low,2,1,0.95,backtest,demand_forecast_run_20261005T130920538
2025-09-06,S09,P0170,8,1.458,1.026,2.39,0,Low,2,1,0.95,backtest,demand_forecast_run_20261005T130920538
2025-09-06,S09,P0206,15,3.986,1.682,3.93,0,Low,2,1,0.95,backtest,demand_forecast_run_20261005T130920538
2025-09-06,S09,P0213,10,3.923,1.806,4.22,0,Low,2,1,0.95,backtest,demand_forecast_run_20261005T130920538
2025-09-06,S09,P0252,22,4.613,1.919,4.48,0,Low,2,1,0.95,backtest,demand_forecast_run_20261005T130920538
2025-09-06,S09,P0272,4,0.784,0.518,1.21,0,Low,2,1,0.95,backtest,demand_forecast_run_20261005T130920538
2025-09-06,S09,P0288,3,1.832,0.911,2.13,1,Medium,2,1,0.95,backtest,demand_forecast_run_20261005T130920538
2025-09-06,S09,P0316,8,1.3,0.881,2.06,0,Low,2,1,0.95,backtest,demand_forecast_run_20261005T130920538
2025-09-06,S09,P0369,19,4.818,1.883,4.39,0,Low,2,1,0.95,backtest,demand_forecast_run_20261005T130920538
2025-09-06,S09,P0381,1,1.12,0.87,2.03,3,High,2,1,0.95,backtest,demand_forecast_run_20261005T130920538
2025-09-06,S09,P0391,8,5.238,2.292,5.35,3,Low,2,1,0.95,backtest,demand_forecast_run_20261005T130920538
2025-09-06,S09,P0392,6,1.092,0.731,1.71,0,Low,2,1,0.95,backtest,demand_forecast_run_20261005T130920538
2025-09-06,S09,P0408,11,2.909,1.598,3.73,0,Low,2,1,0.95,backtest,demand_forecast_run_20261005T130920538
2025-09-06,S09,P0409,15,2.4,1.303,3.04,0,Low,2,1,0.95,backtest,demand_forecast_run_20261005T130920538
2025-09-06,S09,P0433,6,0.43,0.448,1.05,0,Low,2,1,0.95,backtest,demand_forecast_run_20261005T130920538
2025-09-06,S09,P0435,25,7.226,1.815,4.24,0,Low,2,1,0.95,backtest,demand_forecast_run_20261005T130920538
2025-09-06,S09,P0445,7,1.848,1.756,4.1,0,Low,2,1,0.95,backtest,demand_forecast_run_20261005T130920538
2025-09-06,S09,P0507,13,10.736,2.498,5.83,4,Medium,2,1,0.95,backtest,demand_forecast_run_20261005T130920538
2025-09-06,S09,P0563,2,4.366,1.685,3.93,7,High,2,1,0.95,backtest,demand_forecast_run_20261005T130920538
2025-09-06,S09,P0579,0,2.123,1.416,3.3,6,High,2,1,0.95,backtest,demand_forecast_run_20261005T130920538
2025-09-06,S09,P0589,7,4.146,1.815,4.24,2,Low,2,1,0.95,backtest,demand_forecast_run_20261005T130920538
2025-09-06,S10,P0003,6,3.788,1.571,3.67,2,Low,2,1,0.95,backtest,demand_forecast_run_20261005T130920538
2025-09-06,S10,P0022,17,2.682,1.315,3.07,0,Low,2,1,0.95,backtest,demand_forecast_run_20261005T130920538
2025-09-06,S10,P0032,8,10.039,3.07,7.16,10,High,2,1,0.95,backtest,demand_forecast_run_20261005T130920538
2025-09-06,S10,P0053,1,0.914,0.87,2.03,2,Medium,2,1,0.95,backtest,demand_forecast_run_20261005T130920538
2025-09-06,S10,P0073,4,1.11,0.737,1.72,0,Low,2,1,0.95,backtest,demand_forecast_run_20261005T130920538
2025-09-06,S10,P0170,9,1.485,0.882,2.06,0,Low,2,1,0.95,backtest,demand_forecast_run_20261005T130920538
2025-09-06,S10,P0206,10,3.066,1.056,2.46,0,Low,2,1,0.95,backtest,demand_forecast_run_20261005T130920538
2025-09-06,S10,P0213,8,2.513,1.303,3.04,0,Low,2,1,0.95,backtest,demand_forecast_run_20261005T130920538
2025-09-06,S10,P0252,12,3.437,1.732,4.04,0,Low,2,1,0.95,backtest,demand_forecast_run_20261005T130920538
2025-09-06,S10,P0272,9,0.505,0.39,0.91,0,Low,2,1,0.95,backtest,demand_forecast_run_20261005T130920538
2025-09-06,S10,P0288,8,2.113,1.084,2.53,0,Low,2,1,0.95,backtest,demand_forecast_run_20261005T130920538
2025-09-06,S10,P0316,8,1.2,0.723,1.69,0,Low,2,1,0.95,backtest,demand_forecast_run_20261005T130920538
2025-09-06,S10,P0369,17,4.677,1.464,3.42,0,Low,2,1,0.95,backtest,demand_forecast_run_20261005T130920538
2025-09-06,S10,P0381,0,1.514,0.962,2.24,4,High,2,1,0.95,backtest,demand_forecast_run_20261005T130920538
2025-09-06,S10,P0391,6,4.568,1.663,3.88,3,Low,2,1,0.95,backtest,demand_forecast_run_20261005T130920538
2025-09-06,S10,P0392,4,1.414,0.629,1.47,0,Low,2,1,0.95,backtest,demand_forecast_run_20261005T130920538
2025-09-06,S10,P0408,5,1.571,0.875,2.04,0,Low,2,1,0.95,backtest,demand_forecast_run_20261005T130920538
2025-09-06,S10,P0409,3,2.772,1.145,2.67,3,Medium,2,1,0.95,backtest,demand_forecast_run_20261005T130920538
2025-09-06,S10,P0433,5,0.728,0.518,1.21,0,Low,2,1,0.95,backtest,demand_forecast_run_20261005T130920538
2025-09-06,S10,P0435,15,6.022,2.151,5.02,0,Low,2,1,0.95,backtest,demand_forecast_run_20261005T130920538
2025-09-06,S10,P0445,6,1.24,0.962,2.24,0,Low,2,1,0.95,backtest,demand_forecast_run_20261005T130920538
2025-09-06,S10,P0507,21,9.256,2.625,6.12,0,Low,2,1,0.95,backtest,demand_forecast_run_20261005T130920538
2025-09-06,S10,P0563,11,4.239,1.816,4.24,0,Low,2,1,0.95,backtest,demand_forecast_run_20261005T130920538
2025-09-06,S10,P0579,7,1.502,0.744,1.74,0,Low,2,1,0.95,backtest,demand_forecast_run_20261005T130920538
2025-09-06,S10,P0589,10,2.688,1.134,2.65,0,Low,2,1,0.95,backtest,demand_forecast_run_20261005T130920538
2025-09-06,S11,P0003,17,4.445,1.37,3.2,0,Low,2,1,0.95,backtest,demand_forecast_run_20261005T130920538
2025-09-06,S11,P0022,10,5.749,1.729,4.03,0,Low,2,1,0.95,backtest,demand_forecast_run_20261005T130920538
2025-09-06,S11,P0032,51,12.467,2.38,5.55,0,Low,2,1,0.95,backtest,demand_forecast_run_20261005T130920538
2025-09-06,S11,P0053,8,2.289,1.156,2.7,0,Low,2,1,0.95,backtest,demand_forecast_run_20261005T130920538
2025-09-06,S11,P0073,8,1.059,0.962,2.24,0,Low,2,1,0.95,backtest,demand_forecast_run_20261005T130920538
2025-09-06,S11,P0170,11,2.343,1.208,2.82,0,Low,2,1,0.95,backtest,demand_forecast_run_20261005T130920538
2025-09-06,S11,P0206,9,3.278,1.669,3.9,0,Low,2,1,0.95,backtest,demand_forecast_run_20261005T130920538
2025-09-06,S11,P0213,0,3.364,1.425,3.33,7,High,2,1,0.95,backtest,demand_forecast_run_20261005T130920538
2025-09-06,S11,P0252,5,7.225,1.969,4.59,7,High,2,1,0.95,backtest,demand_forecast_run_20261005T130920538
2025-09-06,S11,P0272,9,1.63,0.81,1.89,0,Low,2,1,0.95,backtest,demand_forecast_run_20261005T130920538
2025-09-06,S11,P0288,7,2.54,1.72,4.01,0,Low,2,1,0.95,backtest,demand_forecast_run_20261005T130920538
2025-09-06,S11,P0316,0,2.997,1.208,2.82,6,High,2,1,0.95,backtest,demand_forecast_run_20261005T130920538
2025-09-06,S11,P0369,8,6.1,1.875,4.38,3,Medium,2,1,0.95,backtest,demand_forecast_run_20261005T130920538
2025-09-06,S11,P0381,7,2.363,1.232,2.87,0,Low,2,1,0.95,backtest,demand_forecast_run_20261005T130920538
2025-09-06,S11,P0391,10,5.541,1.89,4.41,0,Low,2,1,0.95,backtest,demand_forecast_run_20261005T130920538
2025-09-06,S11,P0392,2,2.271,1.219,2.84,4,High,2,1,0.95,backtest,demand_forecast_run_20261005T130920538
2025-09-06,S11,P0408,12,3.294,1.562,3.64,0,Low,2,1,0.95,backtest,demand_forecast_run_20261005T130920538
2025-09-06,S11,P0409,12,3.082,1.105,2.58,0,Low,2,1,0.95,backtest,demand_forecast_run_20261005T130920538
2025-09-06,S11,P0433,11,0.603,0.476,1.11,0,Low,2,1,0.95,backtest,demand_forecast_run_20261005T130920538
2025-09-06,S11,P0435,22,7.028,2.099,4.9,0,Low,2,1,0.95,backtest,demand_forecast_run_20261005T130920538
2025-09-06,S11,P0445,7,2.396,1.319,3.08,0,Low,2,1,0.95,backtest,demand_forecast_run_20261005T130920538
2025-09-06,S11,P0507,30,11.813,2.923,6.82,0,Low,2,1,0.95,backtest,demand_forecast_run_20261005T130920538
2025-09-06,S11,P0563,13,4.319,2.439,5.69,0,Low,2,1,0.95,backtest,demand_forecast_run_20261005T130920538
2025-09-06,S11,P0579,9,1.712,1.036,2.42,0,Low,2,1,0.95,backtest,demand_forecast_run_20261005T130920538
2025-09-06,S11,P0589,10,3.585,0.994,2.32,0,Low,2,1,0.95,backtest,demand_forecast_run_20261005T130920538
2025-09-06,S12,P0003,12,3.163,1.184,2.76,0,Low,2,1,0.95,backtest,demand_forecast_run_20261005T130920538
2025-09-06,S12,P0022,16,2.996,1.156,2.7,0,Low,2,1,0.95,backtest,demand_forecast_run_20261005T130920538
2025-09-06,S12,P0032,41,10.707,2.949,6.88,0,Low,2,1,0.95,backtest,demand_forecast_run_20261005T130920538
2025-09-06,S12,P0053,7,2.011,1.193,2.78,0,Low,2,1,0.95,backtest,demand_forecast_run_20261005T130920538
2025-09-06,S12,P0073,3,0.746,0.585,1.37,0,Medium,2,1,0.95,backtest,demand_forecast_run_20261005T130920538
2025-09-06,S12,P0170,3,1.297,1.02,2.38,1,Medium,2,1,0.95,backtest,demand_forecast_run_20261005T130920538
2025-09-06,S12,P0206,7,2.824,1.404,3.28,0,Low,2,1,0.95,backtest,demand_forecast_run_20261005T130920538
2025-09-06,S12,P0213,14,2.242,1.458,3.4,0,Low,2,1,0.95,backtest,demand_forecast_run_20261005T130920538
2025-09-06,S12,P0252,9,4.278,1.666,3.89,0,Low,2,1,0.95,backtest,demand_forecast_run_20261005T130920538
2025-09-06,S12,P0272,5,2.13,1.384,3.23,1,Low,2,1,0.95,backtest,demand_forecast_run_20261005T130920538
2025-09-06,S12,P0288,3,1.548,0.731,1.71,1,Medium,2,1,0.95,backtest,demand_forecast_run_20261005T130920538
2025-09-06,S12,P0316,5,1.936,1.113,2.6,0,Low,2,1,0.95,backtest,demand_forecast_run_20261005T130920538
2025-09-06,S12,P0369,9,4.9,2.457,5.73,2,Low,2,1,0.95,backtest,demand_forecast_run_20261005T130920538
2025-09-06,S12,P0381,9,1.598,1.105,2.58,0,Low,2,1,0.95,backtest,demand_forecast_run_20261005T130920538
2025-09-06,S12,P0391,15,3.464,1.031,2.4,0,Low,2,1,0.95,backtest,demand_forecast_run_20261005T130920538
2025-09-06,S12,P0392,9,1.665,1.062,2.48,0,Low,2,1,0.95,backtest,demand_forecast_run_20261005T130920538
2025-09-06,S12,P0408,8,1.447,0.916,2.14,0,Low,2,1,0.95,backtest,demand_forecast_run_20261005T130920538
2025-09-06,S12,P0409,9,2.126,1.079,2.52,0,Low,2,1,0.95,backtest,demand_forecast_run_20261005T130920538
2025-09-06,S12,P0433,6,0.654,0.356,0.83,0,Low,2,1,0.95,backtest,demand_forecast_run_20261005T130920538
2025-09-06,S12,P0435,12,5.726,1.541,3.6,0,Low,2,1,0.95,backtest,demand_forecast_run_20261005T130920538
2025-09-06,S12,P0445,2,1.052,0.836,1.95,2,Medium,2,1,0.95,backtest,demand_forecast_run_20261005T130920538
2025-09-06,S12,P0507,21,8.328,3.224,7.52,0,Low,2,1,0.95,backtest,demand_forecast_run_20261005T130920538
2025-09-06,S12,P0563,10,3.302,1.227,2.86,0,Low,2,1,0.95,backtest,demand_forecast_run_20261005T130920538
2025-09-06,S12,P0579,4,1.151,0.793,1.85,0,Low,2,1,0.95,backtest,demand_forecast_run_20261005T130920538
2025-09-06,S12,P0589,12,2.741,1.215,2.84,0,Low,2,1,0.95,backtest,demand_forecast_run_20261005T130920538
2025-09-07,S01,P0003,11,3.462,1.475,3.44,0,Low,2,1,0.95,backtest,demand_forecast_run_20261005T130920538
2025-09-07,S01,P0022,14,2.745,1.722,4.02,0,Low,2,1,0.95,backtest,demand_forecast_run_20261005T130920538
2025-09-07,S01,P0032,32,10.21,3.636,8.48,0,Low,2,1,0.95,backtest,demand_forecast_run_20261005T130920538
2025-09-07,S01,P0053,9,1.864,0.87,2.03,0,Low,2,1,0.95,backtest,demand_forecast_run_20261005T130920538
2025-09-07,S01,P0073,4,1.131,1.138,2.66,0,Low,2,1,0.95,backtest,demand_forecast_run_20261005T130920538
2025-09-07,S01,P0170,6,2.028,1.026,2.39,0,Low,2,1,0.95,backtest,demand_forecast_run_20261005T130920538
2025-09-07,S01,P0206,14,2.712,1.133,2.64,0,Low,2,1,0.95,backtest,demand_forecast_run_20261005T130920538
2025-09-07,S01,P0213,10,2.198,1.105,2.58,0,Low,2,1,0.95,backtest,demand_forecast_run_20261005T130920538
2025-09-07,S01,P0252,17,5.64,1.707,3.98,0,Low,2,1,0.95,backtest,demand_forecast_run_20261005T130920538
2025-09-07,S01,P0272,2,1.432,0.905,2.11,2,Medium,2,1,0.95,backtest,demand_forecast_run_20261005T130920538
2025-09-07,S01,P0288,11,2.732,1.371,3.2,0,Low,2,1,0.95,backtest,demand_forecast_run_20261005T130920538
2025-09-07,S01,P0316,4,0.7,0.659,1.54,0,Low,2,1,0.95,backtest,demand_forecast_run_20261005T130920538
2025-09-07,S01,P0369,16,5.598,2.222,5.18,0,Low,2,1,0.95,backtest,demand_forecast_run_20261005T130920538
2025-09-07,S01,P0381,12,1.282,1.133,2.64,0,Low,2,1,0.95,backtest,demand_forecast_run_20261005T130920538
2025-09-07,S01,P0391,2,7.457,1.773,4.14,10,High,2,1,0.95,backtest,demand_forecast_run_20261005T130920538
2025-09-07,S01,P0392,9,2.519,0.79,1.84,0,Low,2,1,0.95,backtest,demand_forecast_run_20261005T130920538
2025-09-07,S01,P0408,0,2.038,0.836,1.95,4,High,2,1,0.95,backtest,demand_forecast_run_20261005T130920538
2025-09-07,S01,P0409,6,1.749,1.031,2.41,0,Low,2,1,0.95,backtest,demand_forecast_run_20261005T130920538
2025-09-07,S01,P0433,8,0.945,0.713,1.66,0,Low,2,1,0.95,backtest,demand_forecast_run_20261005T130920538
2025-09-07,S01,P0435,4,4.594,1.362,3.18,4,High,2,1,0.95,backtest,demand_forecast_run_20261005T130920538
2025-09-07,S01,P0445,0,2.632,1.427,3.33,6,High,2,1,0.95,backtest,demand_forecast_run_20261005T130920538
2025-09-07,S01,P0507,26,8.713,1.989,4.64,0,Low,2,1,0.95,backtest,demand_forecast_run_20261005T130920538
2025-09-07,S01,P0563,9,2.638,1.578,3.68,0,Low,2,1,0.95,backtest,demand_forecast_run_20261005T130920538
2025-09-07,S01,P0579,6,1.352,1.315,3.07,0,Low,2,1,0.95,backtest,demand_forecast_run_20261005T130920538
2025-09-07,S01,P0589,7,2.648,1.585,3.7,0,Low,2,1,0.95,backtest,demand_forecast_run_20261005T130920538
2025-09-07,S02,P0003,11,3.942,1.503,3.51,0,Low,2,1,0.95,backtest,demand_forecast_run_20261005T130920538
2025-09-07,S02,P0022,18,2.853,1.638,3.82,0,Low,2,1,0.95,backtest,demand_forecast_run_20261005T130920538
2025-09-07,S02,P0032,39,9.497,2.583,6.03,0,Low,2,1,0.95,backtest,demand_forecast_run_20261005T130920538
2025-09-07,S02,P0053,9,0.969,0.518,1.21,0,Low,2,1,0.95,backtest,demand_forecast_run_20261005T130920538
2025-09-07,S02,P0073,6,0.923,0.786,1.83,0,Low,2,1,0.95,backtest,demand_forecast_run_20261005T130920538
2025-09-07,S02,P0170,5,1.216,0.922,2.15,0,Low,2,1,0.95,backtest,demand_forecast_run_20261005T130920538
2025-09-07,S02,P0206,12,2.417,1.527,3.56,0,Low,2,1,0.95,backtest,demand_forecast_run_20261005T130920538
2025-09-07,S02,P0213,3,2.724,1.756,4.1,4,Medium,2,1,0.95,backtest,demand_forecast_run_20261005T130920538
2025-09-07,S02,P0252,20,4.209,1.499,3.5,0,Low,2,1,0.95,backtest,demand_forecast_run_20261005T130920538
2025-09-07,S02,P0272,4,1.343,1.289,3.01,1,Low,2,1,0.95,backtest,demand_forecast_run_20261005T130920538
2025-09-07,S02,P0288,10,1.987,1.152,2.69,0,Low,2,1,0.95,backtest,demand_forecast_run_20261005T130920538
2025-09-07,S02,P0316,5,0.766,0.838,1.96,0,Low,2,1,0.95,backtest,demand_forecast_run_20261005T130920538
2025-09-07,S02,P0369,7,4.892,1.875,4.38,3,Medium,2,1,0.95,backtest,demand_forecast_run_20261005T130920538
2025-09-07,S02,P0381,8,1.511,1.129,2.63,0,Low,2,1,0.95,backtest,demand_forecast_run_20261005T130920538
2025-09-07,S02,P0391,20,6.365,1.682,3.93,0,Low,2,1,0.95,backtest,demand_forecast_run_20261005T130920538
2025-09-07,S02,P0392,5,1.258,1.069,2.49,0,Low,2,1,0.95,backtest,demand_forecast_run_20261005T130920538
2025-09-07,S02,P0408,10,2.444,0.989,2.31,0,Low,2,1,0.95,backtest,demand_forecast_run_20261005T130920538
2025-09-07,S02,P0409,1,3.089,1.291,3.01,6,High,2,1,0.95,backtest,demand_forecast_run_20261005T130920538
2025-09-07,S02,P0433,8,0.294,0.756,1.76,0,Low,2,1,0.95,backtest,demand_forecast_run_20261005T130920538
2025-09-07,S02,P0435,13,6.648,2.266,5.29,0,Low,2,1,0.95,backtest,demand_forecast_run_20261005T130920538
2025-09-07,S02,P0445,10,1.305,1.072,2.5,0,Low,2,1,0.95,backtest,demand_forecast_run_20261005T130920538
2025-09-07,S02,P0507,51,10.996,2.097,4.89,0,Low,2,1,0.95,backtest,demand_forecast_run_20261005T130920538
2025-09-07,S02,P0563,17,3.441,1.774,4.14,0,Low,2,1,0.95,backtest,demand_forecast_run_20261005T130920538
2025-09-07,S02,P0579,1,1.691,1.156,2.7,4,High,2,1,0.95,backtest,demand_forecast_run_20261005T130920538
2025-09-07,S02,P0589,5,1.877,1.15,2.68,0,Low,2,1,0.95,backtest,demand_forecast_run_20261005T130920538
2025-09-07,S03,P0003,6,3.081,1.414,3.3,1,Medium,2,1,0.95,backtest,demand_forecast_run_20261005T130920538
2025-09-07,S03,P0022,5,1.915,1.236,2.88,0,Medium,2,1,0.95,backtest,demand_forecast_run_20261005T130920538
2025-09-07,S03,P0032,24,11.064,2.396,5.59,0,Low,2,1,0.95,backtest,demand_forecast_run_20261005T130920538
2025-09-07,S03,P0053,8,2.783,1.249,2.91,0,Low,2,1,0.95,backtest,demand_forecast_run_20261005T130920538
2025-09-07,S03,P0073,4,0.343,0.315,0.73,0,Low,2,1,0.95,backtest,demand_forecast_run_20261005T130920538
2025-09-07,S03,P0170,6,2.16,0.836,1.95,0,Low,2,1,0.95,backtest,demand_forecast_run_20261005T130920538
2025-09-07,S03,P0206,11,3.104,1.272,2.97,0,Low,2,1,0.95,backtest,demand_forecast_run_20261005T130920538
2025-09-07,S03,P0213,13,2.163,1.005,2.34,0,Low,2,1,0.95,backtest,demand_forecast_run_20261005T130920538
2025-09-07,S03,P0252,19,4.573,2.358,5.5,0,Low,2,1,0.95,backtest,demand_forecast_run_20261005T130920538
2025-09-07,S03,P0272,1,1.6,0.882,2.06,3,High,2,1,0.95,backtest,demand_forecast_run_20261005T130920538
2025-09-07,S03,P0288,8,1.95,0.92,2.15,0,Low,2,1,0.95,backtest,demand_forecast_run_20261005T130920538
2025-09-07,S03,P0316,3,1.552,1.162,2.71,2,Medium,2,1,0.95,backtest,demand_forecast_run_20261005T130920538
2025-09-07,S03,P0369,20,4.236,1.783,4.16,0,Low,2,1,0.95,backtest,demand_forecast_run_20261005T130920538
2025-09-07,S03,P0381,8,1.143,0.678,1.58,0,Low,2,1,0.95,backtest,demand_forecast_run_20261005T130920538
2025-09-07,S03,P0391,19,6.413,2.217,5.17,0,Low,2,1,0.95,backtest,demand_forecast_run_20261005T130920538
2025-09-07,S03,P0392,8,1.663,0.693,1.62,0,Low,2,1,0.95,backtest,demand_forecast_run_20261005T130920538
2025-09-07,S03,P0408,11,0.923,0.659,1.54,0,Low,2,1,0.95,backtest,demand_forecast_run_20261005T130920538
2025-09-07,S03,P0409,5,2.026,0.844,1.97,0,Low,2,1,0.95,backtest,demand_forecast_run_20261005T130920538
2025-09-07,S03,P0433,2,0.532,0.476,1.11,0,Medium,2,1,0.95,backtest,demand_forecast_run_20261005T130920538
2025-09-07,S03,P0435,19,6.174,1.193,2.78,0,Low,2,1,0.95,backtest,demand_forecast_run_20261005T130920538
2025-09-07,S03,P0445,9,1.115,0.69,1.61,0,Low,2,1,0.95,backtest,demand_forecast_run_20261005T130920538
2025-09-07,S03,P0507,12,10.589,2.387,5.57,5,Medium,2,1,0.95,backtest,demand_forecast_run_20261005T130920538
2025-09-07,S03,P0563,17,3.885,1.548,3.61,0,Low,2,1,0.95,backtest,demand_forecast_run_20261005T130920538
2025-09-07,S03,P0579,5,1.158,1.23,2.87,0,Low,2,1,0.95,backtest,demand_forecast_run_20261005T130920538
2025-09-07,S03,P0589,13,3.411,1.499,3.5,0,Low,2,1,0.95,backtest,demand_forecast_run_20261005T130920538
2025-09-07,S04,P0003,7,2.747,1.071,2.5,0,Low,2,1,0.95,backtest,demand_forecast_run_20261005T130920538
2025-09-07,S04,P0022,3,1.974,1.005,2.34,2,Medium,2,1,0.95,backtest,demand_forecast_run_20261005T130920538
2025-09-07,S04,P0032,43,7.191,3.336,7.78,0,Low,2,1,0.95,backtest,demand_forecast_run_20261005T130920538
2025-09-07,S04,P0053,8,1.219,0.745,1.74,0,Low,2,1,0.95,backtest,demand_forecast_run_20261005T130920538
2025-09-07,S04,P0073,7,0.558,0.499,1.16,0,Low,2,1,0.95,backtest,demand_forecast_run_20261005T130920538
2025-09-07,S04,P0170,8,1.759,0.79,1.84,0,Low,2,1,0.95,backtest,demand_forecast_run_20261005T130920538
2025-09-07,S04,P0206,11,2.305,1.521,3.55,0,Low,2,1,0.95,backtest,demand_forecast_run_20261005T130920538
2025-09-07,S04,P0213,14,0.942,0.916,2.14,0,Low,2,1,0.95,backtest,demand_forecast_run_20261005T130920538
2025-09-07,S04,P0252,11,2.452,1.514,3.53,0,Low,2,1,0.95,backtest,demand_forecast_run_20261005T130920538
2025-09-07,S04,P0272,9,1.303,0.923,2.15,0,Low,2,1,0.95,backtest,demand_forecast_run_20261005T130920538
2025-09-07,S04,P0288,0,1.408,0.786,1.83,4,High,2,1,0.95,backtest,demand_forecast_run_20261005T130920538
2025-09-07,S04,P0316,9,0.364,0.686,1.6,0,Low,2,1,0.95,backtest,demand_forecast_run_20261005T130920538
2025-09-07,S04,P0369,5,3.461,1.458,3.4,2,Medium,2,1,0.95,backtest,demand_forecast_run_20261005T130920538
2025-09-07,S04,P0381,7,1.303,1,2.33,0,Low,2,1,0.95,backtest,demand_forecast_run_20261005T130920538
2025-09-07,S04,P0391,11,3.484,1.317,3.07,0,Low,2,1,0.95,backtest,demand_forecast_run_20261005T130920538
2025-09-07,S04,P0392,9,0.847,0.418,0.98,0,Low,2,1,0.95,backtest,demand_forecast_run_20261005T130920538
2025-09-07,S04,P0408,9,1.4,1.036,2.42,0,Low,2,1,0.95,backtest,demand_forecast_run_20261005T130920538
2025-09-07,S04,P0409,0,1.386,1.076,2.51,4,High,2,1,0.95,backtest,demand_forecast_run_20261005T130920538
2025-09-07,S04,P0433,5,0.328,0.315,0.73,0,Low,2,1,0.95,backtest,demand_forecast_run_20261005T130920538
2025-09-07,S04,P0435,2,4.058,1.838,4.29,7,High,2,1,0.95,backtest,demand_forecast_run_20261005T130920538
2025-09-07,S04,P0445,2,0.836,0.737,1.72,1,Medium,2,1,0.95,backtest,demand_forecast_run_20261005T130920538
2025-09-07,S04,P0507,6,6.383,1.944,4.54,5,High,2,1,0.95,backtest,demand_forecast_run_20261005T130920538
2025-09-07,S04,P0563,5,1.396,0.838,1.96,0,Medium,2,1,0.95,backtest,demand_forecast_run_20261005T130920538
2025-09-07,S04,P0579,10,0.528,0.659,1.54,0,Low,2,1,0.95,backtest,demand_forecast_run_20261005T130920538
2025-09-07,S04,P0589,16,1.933,1.02,2.38,0,Low,2,1,0.95,backtest,demand_forecast_run_20261005T130920538
2025-09-07,S05,P0003,10,2.645,1.013,2.36,0,Low,2,1,0.95,backtest,demand_forecast_run_20261005T130920538
2025-09-07,S05,P0022,14,2.388,1.268,2.96,0,Low,2,1,0.95,backtest,demand_forecast_run_20261005T130920538
2025-09-07,S05,P0032,19,7.192,3.163,7.38,0,Low,2,1,0.95,backtest,demand_forecast_run_20261005T130920538
2025-09-07,S05,P0053,6,0.736,0.518,1.21,0,Low,2,1,0.95,backtest,demand_forecast_run_20261005T130920538
2025-09-07,S05,P0073,4,0.51,0.6,1.4,0,Low,2,1,0.95,backtest,demand_forecast_run_20261005T130920538
2025-09-07,S05,P0170,6,1.221,0.693,1.62,0,Low,2,1,0.95,backtest,demand_forecast_run_20261005T130920538
2025-09-07,S05,P0206,15,1.587,1.412,3.3,0,Low,2,1,0.95,backtest,demand_forecast_run_20261005T130920538
2025-09-07,S05,P0213,2,1.472,1.062,2.48,2,Medium,2,1,0.95,backtest,demand_forecast_run_20261005T130920538
2025-09-07,S05,P0252,18,3.688,1.524,3.56,0,Low,2,1,0.95,backtest,demand_forecast_run_20261005T130920538
2025-09-07,S05,P0272,4,1.148,0.911,2.13,0,Low,2,1,0.95,backtest,demand_forecast_run_20261005T130920538
2025-09-07,S05,P0288,4,1.56,1.103,2.57,1,Low,2,1,0.95,backtest,demand_forecast_run_20261005T130920538
2025-09-07,S05,P0316,9,1.16,1.362,3.18,0,Low,2,1,0.95,backtest,demand_forecast_run_20261005T130920538
2025-09-07,S05,P0369,6,3.03,2.238,5.22,3,Medium,2,1,0.95,backtest,demand_forecast_run_20261005T130920538
2025-09-07,S05,P0381,11,0.51,0.713,1.66,0,Low,2,1,0.95,backtest,demand_forecast_run_20261005T130920538
2025-09-07,S05,P0391,10,3.261,1.474,3.44,0,Low,2,1,0.95,backtest,demand_forecast_run_20261005T130920538
2025-09-07,S05,P0392,3,0.469,0.416,0.97,0,Low,2,1,0.95,backtest,demand_forecast_run_20261005T130920538
2025-09-07,S05,P0408,8,0.731,0.645,1.51,0,Low,2,1,0.95,backtest,demand_forecast_run_20261005T130920538
2025-09-07,S05,P0409,4,1.648,1.09,2.54,1,Low,2,1,0.95,backtest,demand_forecast_run_20261005T130920538
2025-09-07,S05,P0433,6,0.347,0.476,1.11,0,Low,2,1,0.95,backtest,demand_forecast_run_20261005T130920538
2025-09-07,S05,P0435,13,5.266,3.589,8.38,1,Low,2,1,0.95,backtest,demand_forecast_run_20261005T130920538
2025-09-07,S05,P0445,7,1.064,0.923,2.15,0,Low,2,1,0.95,backtest,demand_forecast_run_20261005T130920538
2025-09-07,S05,P0507,24,5.855,2.591,6.05,0,Low,2,1,0.95,backtest,demand_forecast_run_20261005T130920538
2025-09-07,S05,P0563,4,2.169,1.813,4.23,3,Medium,2,1,0.95,backtest,demand_forecast_run_20261005T130920538
2025-09-07,S05,P0579,10,0.52,0.499,1.16,0,Low,2,1,0.95,backtest,demand_forecast_run_20261005T130920538
2025-09-07,S05,P0589,13,2.513,1.278,2.98,0,Low,2,1,0.95,backtest,demand_forecast_run_20261005T130920538
2025-09-07,S06,P0003,19,2.788,1.386,3.23,0,Low,2,1,0.95,backtest,demand_forecast_run_20261005T130920538
2025-09-07,S06,P0022,10,2.445,1.353,3.16,0,Low,2,1,0.95,backtest,demand_forecast_run_20261005T130920538
2025-09-07,S06,P0032,56,13.586,3.002,7,0,Low,2,1,0.95,backtest,demand_forecast_run_20261005T130920538
2025-09-07,S06,P0053,2,2.458,1.676,3.91,5,High,2,1,0.95,backtest,demand_forecast_run_20261005T130920538
2025-09-07,S06,P0073,4,1.928,1.02,2.38,1,Medium,2,1,0.95,backtest,demand_forecast_run_20261005T130920538
2025-09-07,S06,P0170,12,1.6,0.962,2.24,0,Low,2,1,0.95,backtest,demand_forecast_run_20261005T130920538
2025-09-07,S06,P0206,5,4.05,3.185,7.43,7,Medium,2,1,0.95,backtest,demand_forecast_run_20261005T130920538
2025-09-07,S06,P0213,16,4.232,1.833,4.28,0,Low,2,1,0.95,backtest,demand_forecast_run_20261005T130920538
2025-09-07,S06,P0252,24,5.09,2.079,4.85,0,Low,2,1,0.95,backtest,demand_forecast_run_20261005T130920538
2025-09-07,S06,P0272,12,1.509,1.129,2.63,0,Low,2,1,0.95,backtest,demand_forecast_run_20261005T130920538
2025-09-07,S06,P0288,12,2.249,1.101,2.57,0,Low,2,1,0.95,backtest,demand_forecast_run_20261005T130920538
2025-09-07,S06,P0316,11,1.327,1.124,2.62,0,Low,2,1,0.95,backtest,demand_forecast_run_20261005T130920538
2025-09-07,S06,P0369,27,6.206,2.299,5.36,0,Low,2,1,0.95,backtest,demand_forecast_run_20261005T130920538
2025-09-07,S06,P0381,15,1.593,1.249,2.91,0,Low,2,1,0.95,backtest,demand_forecast_run_20261005T130920538
2025-09-07,S06,P0391,8,4.065,2.219,5.18,2,Low,2,1,0.95,backtest,demand_forecast_run_20261005T130920538
2025-09-07,S06,P0392,4,1.711,0.836,1.95,0,Low,2,1,0.95,backtest,demand_forecast_run_20261005T130920538
2025-09-07,S06,P0408,9,1.906,1.177,2.75,0,Low,2,1,0.95,backtest,demand_forecast_run_20261005T130920538
2025-09-07,S06,P0409,15,2.157,0.917,2.14,0,Low,2,1,0.95,backtest,demand_forecast_run_20261005T130920538
2025-09-07,S06,P0433,5,1.302,1.138,2.66,0,Low,2,1,0.95,backtest,demand_forecast_run_20261005T130920538
2025-09-07,S06,P0435,16,7.462,1.892,4.42,0,Low,2,1,0.95,backtest,demand_forecast_run_20261005T130920538
2025-09-07,S06,P0445,10,2.43,1.17,2.73,0,Low,2,1,0.95,backtest,demand_forecast_run_20261005T130920538
2025-09-07,S06,P0507,45,11.249,3.554,8.29,0,Low,2,1,0.95,backtest,demand_forecast_run_20261005T130920538
2025-09-07,S06,P0563,20,2.682,1.297,3.03,0,Low,2,1,0.95,backtest,demand_forecast_run_20261005T130920538
2025-09-07,S06,P0579,9,2.353,1.433,3.34,0,Low,2,1,0.95,backtest,demand_forecast_run_20261005T130920538
2025-09-07,S06,P0589,11,2.88,1.1,2.57,0,Low,2,1,0.95,backtest,demand_forecast_run_20261005T130920538
2025-09-07,S07,P0003,11,2.311,1.086,2.53,0,Low,2,1,0.95,backtest,demand_forecast_run_20261005T130920538
2025-09-07,S07,P0022,4,2.522,1.362,3.18,2,Medium,2,1,0.95,backtest,demand_forecast_run_20261005T130920538
2025-09-07,S07,P0032,44,8.658,2.619,6.11,0,Low,2,1,0.95,backtest,demand_forecast_run_20261005T130920538
2025-09-07,S07,P0053,8,1.075,0.737,1.72,0,Low,2,1,0.95,backtest,demand_forecast_run_20261005T130920538
2025-09-07,S07,P0073,1,0.321,0.448,1.05,1,Medium,2,1,0.95,backtest,demand_forecast_run_20261005T130920538
2025-09-07,S07,P0170,6,0.964,0.959,2.24,0,Low,2,1,0.95,backtest,demand_forecast_run_20261005T130920538
2025-09-07,S07,P0206,10,1.93,1.489,3.47,0,Low,2,1,0.95,backtest,demand_forecast_run_20261005T130920538
2025-09-07,S07,P0213,8,1.842,1.041,2.43,0,Low,2,1,0.95,backtest,demand_forecast_run_20261005T130920538
2025-09-07,S07,P0252,2,3.112,1.571,3.67,5,High,2,1,0.95,backtest,demand_forecast_run_20261005T130920538
2025-09-07,S07,P0272,6,0.721,0.772,1.8,0,Low,2,1,0.95,backtest,demand_forecast_run_20261005T130920538
2025-09-07,S07,P0288,3,1.972,1.041,2.43,2,Medium,2,1,0.95,backtest,demand_forecast_run_20261005T130920538
2025-09-07,S07,P0316,7,0.371,0.548,1.28,0,Low,2,1,0.95,backtest,demand_forecast_run_20261005T130920538
2025-09-07,S07,P0369,3,4.123,1.503,3.51,5,High,2,1,0.95,backtest,demand_forecast_run_20261005T130920538
2025-09-07,S07,P0381,8,0.641,0.6,1.4,0,Low,2,1,0.95,backtest,demand_forecast_run_20261005T130920538
2025-09-07,S07,P0391,11,4.008,1.774,4.14,0,Low,2,1,0.95,backtest,demand_forecast_run_20261005T130920538
2025-09-07,S07,P0392,5,2.47,0.911,2.13,0,Low,2,1,0.95,backtest,demand_forecast_run_20261005T130920538
2025-09-07,S07,P0408,6,1.254,1.202,2.8,0,Low,2,1,0.95,backtest,demand_forecast_run_20261005T130920538
2025-09-07,S07,P0409,6,1.98,1.134,2.65,0,Low,2,1,0.95,backtest,demand_forecast_run_20261005T130920538
2025-09-07,S07,P0433,2,0.244,0.416,0.97,0,Medium,2,1,0.95,backtest,demand_forecast_run_20261005T130920538
2025-09-07,S07,P0435,18,4.413,1.765,4.12,0,Low,2,1,0.95,backtest,demand_forecast_run_20261005T130920538
2025-09-07,S07,P0445,5,1.018,0.79,1.84,0,Low,2,1,0.95,backtest,demand_forecast_run_20261005T130920538
2025-09-07,S07,P0507,29,5.937,2.219,5.18,0,Low,2,1,0.95,backtest,demand_forecast_run_20261005T130920538
2025-09-07,S07,P0563,9,1.844,1.278,2.98,0,Low,2,1,0.95,backtest,demand_forecast_run_20261005T130920538
2025-09-07,S07,P0579,6,1.17,0.881,2.06,0,Low,2,1,0.95,backtest,demand_forecast_run_20261005T130920538
2025-09-07,S07,P0589,7,1.926,1.031,2.4,0,Low,2,1,0.95,backtest,demand_forecast_run_20261005T130920538
2025-09-07,S08,P0003,24,3.845,2.463,5.75,0,Low,2,1,0.95,backtest,demand_forecast_run_20261005T130920538
2025-09-07,S08,P0022,17,3.138,1.602,3.74,0,Low,2,1,0.95,backtest,demand_forecast_run_20261005T130920538
2025-09-07,S08,P0032,25,11.337,2.893,6.75,0,Low,2,1,0.95,backtest,demand_forecast_run_20261005T130920538
2025-09-07,S08,P0053,8,1.642,1.096,2.56,0,Low,2,1,0.95,backtest,demand_forecast_run_20261005T130920538
2025-09-07,S08,P0073,3,0.73,0.997,2.33,1,Medium,2,1,0.95,backtest,demand_forecast_run_20261005T130920538
2025-09-07,S08,P0170,8,1.188,0.731,1.71,0,Low,2,1,0.95,backtest,demand_forecast_run_20261005T130920538
2025-09-07,S08,P0206,14,3.609,1.741,4.06,0,Low,2,1,0.95,backtest,demand_forecast_run_20261005T130920538
2025-09-07,S08,P0213,9,1.754,1.331,3.11,0,Low,2,1,0.95,backtest,demand_forecast_run_20261005T130920538
2025-09-07,S08,P0252,31,6.387,2.372,5.53,0,Low,2,1,0.95,backtest,demand_forecast_run_20261005T130920538
2025-09-07,S08,P0272,11,1.277,1.236,2.88,0,Low,2,1,0.95,backtest,demand_forecast_run_20261005T130920538
2025-09-07,S08,P0288,8,2.992,1.138,2.66,0,Low,2,1,0.95,backtest,demand_forecast_run_20261005T130920538
2025-09-07,S08,P0316,6,0.735,0.737,1.72,0,Low,2,1,0.95,backtest,demand_forecast_run_20261005T130920538
2025-09-07,S08,P0369,31,4.491,2.73,6.37,0,Low,2,1,0.95,backtest,demand_forecast_run_20261005T130920538
2025-09-07,S08,P0381,10,1.277,1.481,3.46,0,Low,2,1,0.95,backtest,demand_forecast_run_20261005T130920538
2025-09-07,S08,P0391,20,4.836,1.771,4.13,0,Low,2,1,0.95,backtest,demand_forecast_run_20261005T130920538
2025-09-07,S08,P0392,5,1.954,1.404,3.28,1,Low,2,1,0.95,backtest,demand_forecast_run_20261005T130920538
2025-09-07,S08,P0408,4,1.425,1.578,3.68,2,Medium,2,1,0.95,backtest,demand_forecast_run_20261005T130920538
2025-09-07,S08,P0409,8,2.332,1.044,2.44,0,Low,2,1,0.95,backtest,demand_forecast_run_20261005T130920538
2025-09-07,S08,P0433,4,1.192,0.879,2.05,0,Low,2,1,0.95,backtest,demand_forecast_run_20261005T130920538
2025-09-07,S08,P0435,12,7.223,2.253,5.26,1,Low,2,1,0.95,backtest,demand_forecast_run_20261005T130920538
2025-09-07,S08,P0445,5,1.462,1.475,3.44,0,Low,2,1,0.95,backtest,demand_forecast_run_20261005T130920538
2025-09-07,S08,P0507,39,9.37,3.949,9.21,0,Low,2,1,0.95,backtest,demand_forecast_run_20261005T130920538
2025-09-07,S08,P0563,3,4.014,2.147,5.01,7,High,2,1,0.95,backtest,demand_forecast_run_20261005T130920538
2025-09-07,S08,P0579,8,0.972,0.559,1.3,0,Low,2,1,0.95,backtest,demand_forecast_run_20261005T130920538
2025-09-07,S08,P0589,4,2.652,2.185,5.1,4,Medium,2,1,0.95,backtest,demand_forecast_run_20261005T130920538
2025-09-07,S09,P0003,1,3.114,1.38,3.22,6,High,2,1,0.95,backtest,demand_forecast_run_20261005T130920538
2025-09-07,S09,P0022,10,3.254,1.679,3.92,0,Low,2,1,0.95,backtest,demand_forecast_run_20261005T130920538
2025-09-07,S09,P0032,38,10.148,3.009,7.02,0,Low,2,1,0.95,backtest,demand_forecast_run_20261005T130920538
2025-09-07,S09,P0053,7,2.387,2.025,4.72,1,Low,2,1,0.95,backtest,demand_forecast_run_20261005T130920538
2025-09-07,S09,P0073,8,0.735,0.863,2.01,0,Low,2,1,0.95,backtest,demand_forecast_run_20261005T130920538
2025-09-07,S09,P0170,7,1.458,1.02,2.38,0,Low,2,1,0.95,backtest,demand_forecast_run_20261005T130920538
2025-09-07,S09,P0206,14,2.917,1.657,3.87,0,Low,2,1,0.95,backtest,demand_forecast_run_20261005T130920538
2025-09-07,S09,P0213,8,3.622,1.792,4.18,0,Low,2,1,0.95,backtest,demand_forecast_run_20261005T130920538
2025-09-07,S09,P0252,21,4.082,1.878,4.38,0,Low,2,1,0.95,backtest,demand_forecast_run_20261005T130920538
2025-09-07,S09,P0272,4,0.572,0.518,1.21,0,Low,2,1,0.95,backtest,demand_forecast_run_20261005T130920538
2025-09-07,S09,P0288,11,1.907,0.905,2.11,0,Low,2,1,0.95,backtest,demand_forecast_run_20261005T130920538
2025-09-07,S09,P0316,6,0.869,0.882,2.06,0,Low,2,1,0.95,backtest,demand_forecast_run_20261005T130920538
2025-09-07,S09,P0369,19,4.31,1.95,4.55,0,Low,2,1,0.95,backtest,demand_forecast_run_20261005T130920538
2025-09-07,S09,P0381,1,0.735,0.863,2.01,2,Medium,2,1,0.95,backtest,demand_forecast_run_20261005T130920538
2025-09-07,S09,P0391,6,4.678,2.066,4.82,4,Medium,2,1,0.95,backtest,demand_forecast_run_20261005T130920538
2025-09-07,S09,P0392,6,0.926,0.731,1.71,0,Low,2,1,0.95,backtest,demand_forecast_run_20261005T130920538
2025-09-07,S09,P0408,11,2.421,1.609,3.75,0,Low,2,1,0.95,backtest,demand_forecast_run_20261005T130920538
2025-09-07,S09,P0409,12,1.876,1.305,3.05,0,Low,2,1,0.95,backtest,demand_forecast_run_20261005T130920538
2025-09-07,S09,P0433,6,0.424,0.448,1.05,0,Low,2,1,0.95,backtest,demand_forecast_run_20261005T130920538
2025-09-07,S09,P0435,24,7.026,1.836,4.28,0,Low,2,1,0.95,backtest,demand_forecast_run_20261005T130920538
2025-09-07,S09,P0445,15,1.701,1.74,4.06,0,Low,2,1,0.95,backtest,demand_forecast_run_20261005T130920538
2025-09-07,S09,P0507,10,9.95,2.405,5.61,6,Medium,2,1,0.95,backtest,demand_forecast_run_20261005T130920538
2025-09-07,S09,P0563,1,3.266,1.665,3.89,7,High,2,1,0.95,backtest,demand_forecast_run_20261005T130920538
2025-09-07,S09,P0579,0,1.474,1.424,3.32,5,High,2,1,0.95,backtest,demand_forecast_run_20261005T130920538
2025-09-07,S09,P0589,3,4.282,1.814,4.23,6,High,2,1,0.95,backtest,demand_forecast_run_20261005T130920538
2025-09-07,S10,P0003,6,3.595,1.585,3.7,2,Low,2,1,0.95,backtest,demand_forecast_run_20261005T130920538
2025-09-07,S10,P0022,13,2.45,1.315,3.07,0,Low,2,1,0.95,backtest,demand_forecast_run_20261005T130920538
2025-09-07,S10,P0032,5,10.216,2.962,6.91,13,High,2,1,0.95,backtest,demand_forecast_run_20261005T130920538
2025-09-07,S10,P0053,8,0.878,0.863,2.01,0,Low,2,1,0.95,backtest,demand_forecast_run_20261005T130920538
2025-09-07,S10,P0073,4,0.924,0.731,1.71,0,Low,2,1,0.95,backtest,demand_forecast_run_20261005T130920538
2025-09-07,S10,P0170,9,1.584,0.882,2.06,0,Low,2,1,0.95,backtest,demand_forecast_run_20261005T130920538
2025-09-07,S10,P0206,8,2.337,0.995,2.32,0,Low,2,1,0.95,backtest,demand_forecast_run_20261005T130920538
2025-09-07,S10,P0213,8,2.619,1.315,3.07,0,Low,2,1,0.95,backtest,demand_forecast_run_20261005T130920538
2025-09-07,S10,P0252,9,3.296,1.687,3.94,0,Low,2,1,0.95,backtest,demand_forecast_run_20261005T130920538
2025-09-07,S10,P0272,8,0.554,0.418,0.98,0,Low,2,1,0.95,backtest,demand_forecast_run_20261005T130920538
2025-09-07,S10,P0288,8,1.984,0.994,2.32,0,Low,2,1,0.95,backtest,demand_forecast_run_20261005T130920538
2025-09-07,S10,P0316,8,0.956,0.723,1.69,0,Low,2,1,0.95,backtest,demand_forecast_run_20261005T130920538
2025-09-07,S10,P0369,14,4.551,1.503,3.51,0,Low,2,1,0.95,backtest,demand_forecast_run_20261005T130920538
2025-09-07,S10,P0381,9,1.293,0.962,2.25,0,Low,2,1,0.95,backtest,demand_forecast_run_20261005T130920538
2025-09-07,S10,P0391,6,4.682,1.697,3.96,3,Low,2,1,0.95,backtest,demand_forecast_run_20261005T130920538
2025-09-07,S10,P0392,4,1.376,0.629,1.47,0,Low,2,1,0.95,backtest,demand_forecast_run_20261005T130920538
2025-09-07,S10,P0408,5,1.454,0.875,2.04,0,Low,2,1,0.95,backtest,demand_forecast_run_20261005T130920538
2025-09-07,S10,P0409,15,2.275,1.124,2.62,0,Low,2,1,0.95,backtest,demand_forecast_run_20261005T130920538
2025-09-07,S10,P0433,5,0.679,0.518,1.21,0,Low,2,1,0.95,backtest,demand_forecast_run_20261005T130920538
2025-09-07,S10,P0435,15,5.953,2.038,4.75,0,Low,2,1,0.95,backtest,demand_forecast_run_20261005T130920538
2025-09-07,S10,P0445,6,1.326,0.962,2.25,0,Low,2,1,0.95,backtest,demand_forecast_run_20261005T130920538
2025-09-07,S10,P0507,21,10.226,2.731,6.37,0,Low,2,1,0.95,backtest,demand_forecast_run_20261005T130920538
2025-09-07,S10,P0563,11,3.694,1.834,4.28,0,Low,2,1,0.95,backtest,demand_forecast_run_20261005T130920538
2025-09-07,S10,P0579,7,1.286,0.744,1.74,0,Low,2,1,0.95,backtest,demand_forecast_run_20261005T130920538
2025-09-07,S10,P0589,10,2.277,1.056,2.46,0,Low,2,1,0.95,backtest,demand_forecast_run_20261005T130920538
2025-09-07,S11,P0003,16,4.169,1.353,3.16,0,Low,2,1,0.95,backtest,demand_forecast_run_20261005T130920538
2025-09-07,S11,P0022,8,4.793,1.729,4.03,1,Low,2,1,0.95,backtest,demand_forecast_run_20261005T130920538
2025-09-07,S11,P0032,46,12.815,2.365,5.52,0,Low,2,1,0.95,backtest,demand_forecast_run_20261005T130920538
2025-09-07,S11,P0053,8,2.331,1.156,2.7,0,Low,2,1,0.95,backtest,demand_forecast_run_20261005T130920538
2025-09-07,S11,P0073,8,0.895,0.959,2.24,0,Low,2,1,0.95,backtest,demand_forecast_run_20261005T130920538
2025-09-07,S11,P0170,10,2.395,1.208,2.82,0,Low,2,1,0.95,backtest,demand_forecast_run_20261005T130920538
2025-09-07,S11,P0206,4,3.421,1.794,4.19,4,Medium,2,1,0.95,backtest,demand_forecast_run_20261005T130920538
2025-09-07,S11,P0213,0,3.523,1.453,3.39,7,High,2,1,0.95,backtest,demand_forecast_run_20261005T130920538
2025-09-07,S11,P0252,25,7.225,1.931,4.51,0,Low,2,1,0.95,backtest,demand_forecast_run_20261005T130920538
2025-09-07,S11,P0272,9,1.267,0.685,1.6,0,Low,2,1,0.95,backtest,demand_forecast_run_20261005T130920538
2025-09-07,S11,P0288,7,2.733,1.72,4.01,0,Low,2,1,0.95,backtest,demand_forecast_run_20261005T130920538
2025-09-07,S11,P0316,0,2.395,1.089,2.54,5,High,2,1,0.95,backtest,demand_forecast_run_20261005T130920538
2025-09-07,S11,P0369,4,6.235,1.874,4.37,7,High,2,1,0.95,backtest,demand_forecast_run_20261005T130920538
2025-09-07,S11,P0381,6,2.236,1.215,2.84,0,Low,2,1,0.95,backtest,demand_forecast_run_20261005T130920538
2025-09-07,S11,P0391,10,5.03,1.795,4.19,0,Low,2,1,0.95,backtest,demand_forecast_run_20261005T130920538
2025-09-07,S11,P0392,12,2.008,1.213,2.83,0,Low,2,1,0.95,backtest,demand_forecast_run_20261005T130920538
2025-09-07,S11,P0408,8,3.166,1.641,3.83,0,Low,2,1,0.95,backtest,demand_forecast_run_20261005T130920538
2025-09-07,S11,P0409,12,2.874,1.105,2.58,0,Low,2,1,0.95,backtest,demand_forecast_run_20261005T130920538
2025-09-07,S11,P0433,11,0.615,0.476,1.11,0,Low,2,1,0.95,backtest,demand_forecast_run_20261005T130920538
2025-09-07,S11,P0435,18,7.836,2.071,4.83,0,Low,2,1,0.95,backtest,demand_forecast_run_20261005T130920538
2025-09-07,S11,P0445,7,2.689,1.319,3.08,0,Low,2,1,0.95,backtest,demand_forecast_run_20261005T130920538
2025-09-07,S11,P0507,25,13.165,2.918,6.81,0,Low,2,1,0.95,backtest,demand_forecast_run_20261005T130920538
2025-09-07,S11,P0563,3,4.696,2.85,6.65,9,High,2,1,0.95,backtest,demand_forecast_run_20261005T130920538
2025-09-07,S11,P0579,9,1.597,1.036,2.42,0,Low,2,1,0.95,backtest,demand_forecast_run_20261005T130920538
2025-09-07,S11,P0589,6,3.778,1.138,2.66,1,Low,2,1,0.95,backtest,demand_forecast_run_20261005T130920538
2025-09-07,S12,P0003,9,3.128,1.239,2.89,0,Low,2,1,0.95,backtest,demand_forecast_run_20261005T130920538
2025-09-07,S12,P0022,14,2.827,1.143,2.67,0,Low,2,1,0.95,backtest,demand_forecast_run_20261005T130920538
2025-09-07,S12,P0032,34,10.299,2.912,6.8,0,Low,2,1,0.95,backtest,demand_forecast_run_20261005T130920538
2025-09-07,S12,P0053,7,2.086,1.193,2.78,0,Low,2,1,0.95,backtest,demand_forecast_run_20261005T130920538
2025-09-07,S12,P0073,11,0.618,0.585,1.37,0,Low,2,1,0.95,backtest,demand_forecast_run_20261005T130920538
2025-09-07,S12,P0170,9,1.23,0.989,2.31,0,Low,2,1,0.95,backtest,demand_forecast_run_20261005T130920538
2025-09-07,S12,P0206,0,2.495,1.75,4.08,7,High,2,1,0.95,backtest,demand_forecast_run_20261005T130920538
2025-09-07,S12,P0213,13,2.221,1.442,3.36,0,Low,2,1,0.95,backtest,demand_forecast_run_20261005T130920538
2025-09-07,S12,P0252,4,4.291,1.761,4.11,5,High,2,1,0.95,backtest,demand_forecast_run_20261005T130920538
2025-09-07,S12,P0272,5,1.765,1.384,3.23,0,Low,2,1,0.95,backtest,demand_forecast_run_20261005T130920538
2025-09-07,S12,P0288,6,1.431,0.731,1.71,0,Low,2,1,0.95,backtest,demand_forecast_run_20261005T130920538
2025-09-07,S12,P0316,2,1.472,1.124,2.62,3,Medium,2,1,0.95,backtest,demand_forecast_run_20261005T130920538
2025-09-07,S12,P0369,7,4.539,2.389,5.57,4,Medium,2,1,0.95,backtest,demand_forecast_run_20261005T130920538
2025-09-07,S12,P0381,8,1.412,1.103,2.57,0,Low,2,1,0.95,backtest,demand_forecast_run_20261005T130920538
2025-09-07,S12,P0391,14,3.477,1.016,2.37,0,Low,2,1,0.95,backtest,demand_forecast_run_20261005T130920538
2025-09-07,S12,P0392,8,1.417,1.062,2.48,0,Low,2,1,0.95,backtest,demand_forecast_run_20261005T130920538
2025-09-07,S12,P0408,6,1.358,0.962,2.24,0,Low,2,1,0.95,backtest,demand_forecast_run_20261005T130920538
2025-09-07,S12,P0409,9,1.801,1.079,2.52,0,Low,2,1,0.95,backtest,demand_forecast_run_20261005T130920538
2025-09-07,S12,P0433,5,0.764,0.39,0.91,0,Low,2,1,0.95,backtest,demand_forecast_run_20261005T130920538
2025-09-07,S12,P0435,11,5.295,1.541,3.6,0,Low,2,1,0.95,backtest,demand_forecast_run_20261005T130920538
2025-09-07,S12,P0445,9,1.108,0.836,1.95,0,Low,2,1,0.95,backtest,demand_forecast_run_20261005T130920538
2025-09-07,S12,P0507,16,8.774,3.224,7.52,1,Low,2,1,0.95,backtest,demand_forecast_run_20261005T130920538
2025-09-07,S12,P0563,8,2.736,1.227,2.86,0,Low,2,1,0.95,backtest,demand_forecast_run_20261005T130920538
2025-09-07,S12,P0579,4,0.976,0.793,1.85,0,Low,2,1,0.95,backtest,demand_forecast_run_20261005T130920538
2025-09-07,S12,P0589,12,2.542,1.215,2.84,0,Low,2,1,0.95,backtest,demand_forecast_run_20261005T130920538
2025-09-08,S01,P0003,11,3.682,1.492,3.48,0,Low,2,1,0.95,backtest,demand_forecast_run_20261005T130920538
2025-09-08,S01,P0022,14,2.776,1.737,4.05,0,Low,2,1,0.95,backtest,demand_forecast_run_20261005T130920538
2025-09-08,S01,P0032,27,10.513,3.534,8.25,0,Low,2,1,0.95,backtest,demand_forecast_run_20261005T130920538
2025-09-08,S01,P0053,9,1.474,0.81,1.89,0,Low,2,1,0.95,backtest,demand_forecast_run_20261005T130920538
2025-09-08,S01,P0073,3,1.267,1.138,2.66,1,Medium,2,1,0.95,backtest,demand_forecast_run_20261005T130920538
2025-09-08,S01,P0170,5,1.881,0.92,2.15,0,Low,2,1,0.95,backtest,demand_forecast_run_20261005T130920538
2025-09-08,S01,P0206,17,2.744,1.113,2.6,0,Low,2,1,0.95,backtest,demand_forecast_run_20261005T130920538
2025-09-08,S01,P0213,9,2.324,1.086,2.53,0,Low,2,1,0.95,backtest,demand_forecast_run_20261005T130920538
2025-09-08,S01,P0252,14,5.97,1.722,4.02,0,Low,2,1,0.95,backtest,demand_forecast_run_20261005T130920538
2025-09-08,S01,P0272,9,1.605,0.905,2.11,0,Low,2,1,0.95,backtest,demand_forecast_run_20261005T130920538
2025-09-08,S01,P0288,11,2.493,1.307,3.05,0,Low,2,1,0.95,backtest,demand_forecast_run_20261005T130920538
2025-09-08,S01,P0316,3,0.686,0.659,1.54,0,Medium,2,1,0.95,backtest,demand_forecast_run_20261005T130920538
2025-09-08,S01,P0369,15,6.086,2.2,5.13,0,Low,2,1,0.95,backtest,demand_forecast_run_20261005T130920538
2025-09-08,S01,P0381,9,1.436,1.133,2.64,0,Low,2,1,0.95,backtest,demand_forecast_run_20261005T130920538
2025-09-08,S01,P0391,17,7.003,1.789,4.17,0,Low,2,1,0.95,backtest,demand_forecast_run_20261005T130920538
2025-09-08,S01,P0392,7,2.034,0.745,1.74,0,Low,2,1,0.95,backtest,demand_forecast_run_20261005T130920538
2025-09-08,S01,P0408,10,2.035,0.836,1.95,0,Low,2,1,0.95,backtest,demand_forecast_run_20261005T130920538
2025-09-08,S01,P0409,5,1.704,0.937,2.19,0,Low,2,1,0.95,backtest,demand_forecast_run_20261005T130920538
2025-09-08,S01,P0433,8,0.969,0.713,1.66,0,Low,2,1,0.95,backtest,demand_forecast_run_20261005T130920538
2025-09-08,S01,P0435,19,5.248,1.451,3.39,0,Low,2,1,0.95,backtest,demand_forecast_run_20261005T130920538
2025-09-08,S01,P0445,6,2.657,1.427,3.33,0,Low,2,1,0.95,backtest,demand_forecast_run_20261005T130920538
2025-09-08,S01,P0507,17,9.071,1.934,4.51,0,Low,2,1,0.95,backtest,demand_forecast_run_20261005T130920538
2025-09-08,S01,P0563,8,2.703,1.557,3.63,0,Low,2,1,0.95,backtest,demand_forecast_run_20261005T130920538
2025-09-08,S01,P0579,6,1.448,1.315,3.07,0,Low,2,1,0.95,backtest,demand_forecast_run_20261005T130920538
2025-09-08,S01,P0589,7,2.901,1.585,3.7,0,Low,2,1,0.95,backtest,demand_forecast_run_20261005T130920538
2025-09-08,S02,P0003,5,4.171,1.478,3.45,3,Medium,2,1,0.95,backtest,demand_forecast_run_20261005T130920538
2025-09-08,S02,P0022,13,3.466,1.611,3.76,0,Low,2,1,0.95,backtest,demand_forecast_run_20261005T130920538
2025-09-08,S02,P0032,32,10.182,2.605,6.08,0,Low,2,1,0.95,backtest,demand_forecast_run_20261005T130920538
2025-09-08,S02,P0053,9,0.894,0.499,1.16,0,Low,2,1,0.95,backtest,demand_forecast_run_20261005T130920538
2025-09-08,S02,P0073,5,1.005,0.786,1.83,0,Low,2,1,0.95,backtest,demand_forecast_run_20261005T130920538
2025-09-08,S02,P0170,5,1.251,0.922,2.15,0,Low,2,1,0.95,backtest,demand_forecast_run_20261005T130920538
2025-09-08,S02,P0206,15,2.974,1.55,3.62,0,Low,2,1,0.95,backtest,demand_forecast_run_20261005T130920538
2025-09-08,S02,P0213,3,2.711,1.756,4.1,4,Medium,2,1,0.95,backtest,demand_forecast_run_20261005T130920538
2025-09-08,S02,P0252,12,4.462,1.56,3.64,0,Low,2,1,0.95,backtest,demand_forecast_run_20261005T130920538
2025-09-08,S02,P0272,3,1.553,1.286,3,2,Medium,2,1,0.95,backtest,demand_forecast_run_20261005T130920538
2025-09-08,S02,P0288,7,2.293,1.17,2.73,0,Low,2,1,0.95,backtest,demand_forecast_run_20261005T130920538
2025-09-08,S02,P0316,5,0.967,0.838,1.96,0,Low,2,1,0.95,backtest,demand_forecast_run_20261005T130920538
2025-09-08,S02,P0369,25,4.928,1.813,4.23,0,Low,2,1,0.95,backtest,demand_forecast_run_20261005T130920538
2025-09-08,S02,P0381,7,1.644,1.129,2.63,0,Low,2,1,0.95,backtest,demand_forecast_run_20261005T130920538
2025-09-08,S02,P0391,18,7.006,1.657,3.87,0,Low,2,1,0.95,backtest,demand_forecast_run_20261005T130920538
2025-09-08,S02,P0392,6,1.128,1.071,2.5,0,Low,2,1,0.95,backtest,demand_forecast_run_20261005T130920538
2025-09-08,S02,P0408,10,2.349,0.989,2.31,0,Low,2,1,0.95,backtest,demand_forecast_run_20261005T130920538
2025-09-08,S02,P0409,16,3.157,1.319,3.08,0,Low,2,1,0.95,backtest,demand_forecast_run_20261005T130920538
2025-09-08,S02,P0433,8,0.267,0.756,1.76,0,Low,2,1,0.95,backtest,demand_forecast_run_20261005T130920538
2025-09-08,S02,P0435,10,6.708,1.827,4.26,1,Low,2,1,0.95,backtest,demand_forecast_run_20261005T130920538
2025-09-08,S02,P0445,6,1.715,1.254,2.93,0,Low,2,1,0.95,backtest,demand_forecast_run_20261005T130920538
2025-09-08,S02,P0507,39,11.052,2.068,4.82,0,Low,2,1,0.95,backtest,demand_forecast_run_20261005T130920538
2025-09-08,S02,P0563,13,3.837,1.816,4.24,0,Low,2,1,0.95,backtest,demand_forecast_run_20261005T130920538
2025-09-08,S02,P0579,1,1.694,1.166,2.72,4,High,2,1,0.95,backtest,demand_forecast_run_20261005T130920538
2025-09-08,S02,P0589,4,1.94,1.15,2.68,1,Medium,2,1,0.95,backtest,demand_forecast_run_20261005T130920538
2025-09-08,S03,P0003,17,3.182,1.401,3.27,0,Low,2,1,0.95,backtest,demand_forecast_run_20261005T130920538
2025-09-08,S03,P0022,15,1.987,1.236,2.88,0,Low,2,1,0.95,backtest,demand_forecast_run_20261005T130920538
2025-09-08,S03,P0032,20,11.016,2.372,5.53,0,Low,2,1,0.95,backtest,demand_forecast_run_20261005T130920538
2025-09-08,S03,P0053,8,2.541,1.258,2.93,0,Low,2,1,0.95,backtest,demand_forecast_run_20261005T130920538
2025-09-08,S03,P0073,4,0.371,0.315,0.73,0,Low,2,1,0.95,backtest,demand_forecast_run_20261005T130920538
2025-09-08,S03,P0170,6,2.245,0.836,1.95,0,Low,2,1,0.95,backtest,demand_forecast_run_20261005T130920538
2025-09-08,S03,P0206,9,3.016,1.287,3,0,Low,2,1,0.95,backtest,demand_forecast_run_20261005T130920538
2025-09-08,S03,P0213,11,2.038,1.031,2.41,0,Low,2,1,0.95,backtest,demand_forecast_run_20261005T130920538
2025-09-08,S03,P0252,19,4.915,2.358,5.5,0,Low,2,1,0.95,backtest,demand_forecast_run_20261005T130920538
2025-09-08,S03,P0272,1,1.733,0.882,2.06,3,High,2,1,0.95,backtest,demand_forecast_run_20261005T130920538
2025-09-08,S03,P0288,6,2.168,0.922,2.15,0,Low,2,1,0.95,backtest,demand_forecast_run_20261005T130920538
2025-09-08,S03,P0316,11,1.597,1.162,2.71,0,Low,2,1,0.95,backtest,demand_forecast_run_20261005T130920538
2025-09-08,S03,P0369,19,4.484,1.792,4.18,0,Low,2,1,0.95,backtest,demand_forecast_run_20261005T130920538
2025-09-08,S03,P0381,6,0.866,0.441,1.03,0,Low,2,1,0.95,backtest,demand_forecast_run_20261005T130920538
2025-09-08,S03,P0391,12,5.775,2.183,5.09,0,Low,2,1,0.95,backtest,demand_forecast_run_20261005T130920538
2025-09-08,S03,P0392,7,1.306,0.637,1.49,0,Low,2,1,0.95,backtest,demand_forecast_run_20261005T130920538
2025-09-08,S03,P0408,11,0.926,0.659,1.54,0,Low,2,1,0.95,backtest,demand_forecast_run_20261005T130920538
2025-09-08,S03,P0409,5,2.273,0.844,1.97,0,Low,2,1,0.95,backtest,demand_forecast_run_20261005T130920538
2025-09-08,S03,P0433,6,0.456,0.448,1.05,0,Low,2,1,0.95,backtest,demand_forecast_run_20261005T130920538
2025-09-08,S03,P0435,17,6.172,1.188,2.77,0,Low,2,1,0.95,backtest,demand_forecast_run_20261005T130920538
2025-09-08,S03,P0445,8,1.115,0.69,1.61,0,Low,2,1,0.95,backtest,demand_forecast_run_20261005T130920538
2025-09-08,S03,P0507,42,10.317,2.269,5.29,0,Low,2,1,0.95,backtest,demand_forecast_run_20261005T130920538
2025-09-08,S03,P0563,17,3.961,1.557,3.63,0,Low,2,1,0.95,backtest,demand_forecast_run_20261005T130920538
2025-09-08,S03,P0579,5,1.191,1.227,2.86,0,Low,2,1,0.95,backtest,demand_forecast_run_20261005T130920538
2025-09-08,S03,P0589,12,3.512,1.484,3.46,0,Low,2,1,0.95,backtest,demand_forecast_run_20261005T130920538
2025-09-08,S04,P0003,7,2.78,1.086,2.53,0,Low,2,1,0.95,backtest,demand_forecast_run_20261005T130920538
2025-09-08,S04,P0022,15,2.071,1.005,2.34,0,Low,2,1,0.95,backtest,demand_forecast_run_20261005T130920538
2025-09-08,S04,P0032,28,8.106,3.405,7.94,0,Low,2,1,0.95,backtest,demand_forecast_run_20261005T130920538
2025-09-08,S04,P0053,7,1.189,0.744,1.74,0,Low,2,1,0.95,backtest,demand_forecast_run_20261005T130920538
2025-09-08,S04,P0073,5,0.602,0.499,1.16,0,Low,2,1,0.95,backtest,demand_forecast_run_20261005T130920538
2025-09-08,S04,P0170,7,2.109,0.793,1.85,0,Low,2,1,0.95,backtest,demand_forecast_run_20261005T130920538
2025-09-08,S04,P0206,6,2.354,1.506,3.51,0,Low,2,1,0.95,backtest,demand_forecast_run_20261005T130920538
2025-09-08,S04,P0213,10,0.991,0.92,2.15,0,Low,2,1,0.95,backtest,demand_forecast_run_20261005T130920538
2025-09-08,S04,P0252,11,2.381,1.515,3.54,0,Low,2,1,0.95,backtest,demand_forecast_run_20261005T130920538
2025-09-08,S04,P0272,9,1.405,0.923,2.15,0,Low,2,1,0.95,backtest,demand_forecast_run_20261005T130920538
2025-09-08,S04,P0288,5,1.395,0.786,1.83,0,Low,2,1,0.95,backtest,demand_forecast_run_20261005T130920538
2025-09-08,S04,P0316,6,0.471,0.701,1.63,0,Low,2,1,0.95,backtest,demand_forecast_run_20261005T130920538
2025-09-08,S04,P0369,4,3.542,1.458,3.4,3,Medium,2,1,0.95,backtest,demand_forecast_run_20261005T130920538
2025-09-08,S04,P0381,7,1.405,1,2.33,0,Low,2,1,0.95,backtest,demand_forecast_run_20261005T130920538
2025-09-08,S04,P0391,9,3.012,1.339,3.13,0,Low,2,1,0.95,backtest,demand_forecast_run_20261005T130920538
2025-09-08,S04,P0392,9,0.7,0.418,0.98,0,Low,2,1,0.95,backtest,demand_forecast_run_20261005T130920538
2025-09-08,S04,P0408,9,1.408,1.036,2.42,0,Low,2,1,0.95,backtest,demand_forecast_run_20261005T130920538
2025-09-08,S04,P0409,13,1.288,1.084,2.53,0,Low,2,1,0.95,backtest,demand_forecast_run_20261005T130920538
2025-09-08,S04,P0433,5,0.316,0.315,0.73,0,Low,2,1,0.95,backtest,demand_forecast_run_20261005T130920538
2025-09-08,S04,P0435,20,4.02,1.838,4.29,0,Low,2,1,0.95,backtest,demand_forecast_run_20261005T130920538
2025-09-08,S04,P0445,9,0.901,0.737,1.72,0,Low,2,1,0.95,backtest,demand_forecast_run_20261005T130920538
2025-09-08,S04,P0507,32,6.552,1.938,4.52,0,Low,2,1,0.95,backtest,demand_forecast_run_20261005T130920538
2025-09-08,S04,P0563,3,1.606,0.879,2.05,1,Medium,2,1,0.95,backtest,demand_forecast_run_20261005T130920538
2025-09-08,S04,P0579,4,0.644,0.731,1.71,0,Low,2,1,0.95,backtest,demand_forecast_run_20261005T130920538
2025-09-08,S04,P0589,6,2.138,1.049,2.45,0,Low,2,1,0.95,backtest,demand_forecast_run_20261005T130920538
2025-09-08,S05,P0003,10,3.029,1.013,2.36,0,Low,2,1,0.95,backtest,demand_forecast_run_20261005T130920538
2025-09-08,S05,P0022,14,3.111,1.268,2.96,0,Low,2,1,0.95,backtest,demand_forecast_run_20261005T130920538
2025-09-08,S05,P0032,15,9.402,3.216,7.5,2,Low,2,1,0.95,backtest,demand_forecast_run_20261005T130920538
2025-09-08,S05,P0053,4,0.72,0.6,1.4,0,Low,2,1,0.95,backtest,demand_forecast_run_20261005T130920538
2025-09-08,S05,P0073,3,0.584,0.585,1.37,0,Low,2,1,0.95,backtest,demand_forecast_run_20261005T130920538
2025-09-08,S05,P0170,5,1.221,0.694,1.62,0,Low,2,1,0.95,backtest,demand_forecast_run_20261005T130920538
2025-09-08,S05,P0206,11,1.726,1.397,3.26,0,Low,2,1,0.95,backtest,demand_forecast_run_20261005T130920538
2025-09-08,S05,P0213,11,1.738,1.056,2.46,0,Low,2,1,0.95,backtest,demand_forecast_run_20261005T130920538
2025-09-08,S05,P0252,16,4.416,1.524,3.56,0,Low,2,1,0.95,backtest,demand_forecast_run_20261005T130920538
2025-09-08,S05,P0272,4,1.502,0.911,2.13,0,Low,2,1,0.95,backtest,demand_forecast_run_20261005T130920538
2025-09-08,S05,P0288,4,2.168,1.103,2.57,1,Low,2,1,0.95,backtest,demand_forecast_run_20261005T130920538
2025-09-08,S05,P0316,9,1.311,1.362,3.18,0,Low,2,1,0.95,backtest,demand_forecast_run_20261005T130920538
2025-09-08,S05,P0369,6,3.328,2.262,5.28,3,Medium,2,1,0.95,backtest,demand_forecast_run_20261005T130920538
2025-09-08,S05,P0381,11,0.501,0.63,1.47,0,Low,2,1,0.95,backtest,demand_forecast_run_20261005T130920538
2025-09-08,S05,P0391,10,2.792,1.474,3.44,0,Low,2,1,0.95,backtest,demand_forecast_run_20261005T130920538
2025-09-08,S05,P0392,3,0.406,0.416,0.97,0,Low,2,1,0.95,backtest,demand_forecast_run_20261005T130920538
2025-09-08,S05,P0408,8,0.565,0.548,1.28,0,Low,2,1,0.95,backtest,demand_forecast_run_20261005T130920538
2025-09-08,S05,P0409,8,1.798,1.09,2.54,0,Low,2,1,0.95,backtest,demand_forecast_run_20261005T130920538
2025-09-08,S05,P0433,6,0.388,0.476,1.11,0,Low,2,1,0.95,backtest,demand_forecast_run_20261005T130920538
2025-09-08,S05,P0435,11,4.879,1.301,3.04,0,Low,2,1,0.95,backtest,demand_forecast_run_20261005T130920538
2025-09-08,S05,P0445,9,1.318,0.923,2.15,0,Low,2,1,0.95,backtest,demand_forecast_run_20261005T130920538
2025-09-08,S05,P0507,22,7.342,2.573,6,0,Low,2,1,0.95,backtest,demand_forecast_run_20261005T130920538
2025-09-08,S05,P0563,10,2.836,1.813,4.23,0,Low,2,1,0.95,backtest,demand_forecast_run_20261005T130920538
2025-09-08,S05,P0579,7,0.568,0.499,1.16,0,Low,2,1,0.95,backtest,demand_forecast_run_20261005T130920538
2025-09-08,S05,P0589,9,3.332,1.343,3.13,0,Low,2,1,0.95,backtest,demand_forecast_run_20261005T130920538
2025-09-08,S06,P0003,16,2.463,1.374,3.21,0,Low,2,1,0.95,backtest,demand_forecast_run_20261005T130920538
2025-09-08,S06,P0022,10,2.306,1.359,3.17,0,Low,2,1,0.95,backtest,demand_forecast_run_20261005T130920538
2025-09-08,S06,P0032,46,13.739,3.044,7.1,0,Low,2,1,0.95,backtest,demand_forecast_run_20261005T130920538
2025-09-08,S06,P0053,8,1.997,1.71,3.99,0,Low,2,1,0.95,backtest,demand_forecast_run_20261005T130920538
2025-09-08,S06,P0073,3,1.989,1.02,2.38,2,Medium,2,1,0.95,backtest,demand_forecast_run_20261005T130920538
2025-09-08,S06,P0170,8,1.567,1.156,2.7,0,Low,2,1,0.95,backtest,demand_forecast_run_20261005T130920538
2025-09-08,S06,P0206,22,3.963,3.185,7.43,0,Low,2,1,0.95,backtest,demand_forecast_run_20261005T130920538
2025-09-08,S06,P0213,10,3.896,1.697,3.96,0,Low,2,1,0.95,backtest,demand_forecast_run_20261005T130920538
2025-09-08,S06,P0252,22,5.203,2.038,4.75,0,Low,2,1,0.95,backtest,demand_forecast_run_20261005T130920538
2025-09-08,S06,P0272,11,1.556,1.129,2.63,0,Low,2,1,0.95,backtest,demand_forecast_run_20261005T130920538
2025-09-08,S06,P0288,12,2.288,1.101,2.57,0,Low,2,1,0.95,backtest,demand_forecast_run_20261005T130920538
2025-09-08,S06,P0316,11,1.298,1.124,2.62,0,Low,2,1,0.95,backtest,demand_forecast_run_20261005T130920538
2025-09-08,S06,P0369,23,5.939,2.301,5.37,0,Low,2,1,0.95,backtest,demand_forecast_run_20261005T130920538
2025-09-08,S06,P0381,15,1.643,1.249,2.91,0,Low,2,1,0.95,backtest,demand_forecast_run_20261005T130920538
2025-09-08,S06,P0391,20,3.03,2.251,5.25,0,Low,2,1,0.95,backtest,demand_forecast_run_20261005T130920538
2025-09-08,S06,P0392,4,1.597,0.882,2.06,0,Low,2,1,0.95,backtest,demand_forecast_run_20261005T130920538
2025-09-08,S06,P0408,7,2.049,1.166,2.72,0,Low,2,1,0.95,backtest,demand_forecast_run_20261005T130920538
2025-09-08,S06,P0409,11,2.205,1.1,2.57,0,Low,2,1,0.95,backtest,demand_forecast_run_20261005T130920538
2025-09-08,S06,P0433,5,1.133,1.138,2.66,0,Low,2,1,0.95,backtest,demand_forecast_run_20261005T130920538
2025-09-08,S06,P0435,12,7.695,1.87,4.36,1,Low,2,1,0.95,backtest,demand_forecast_run_20261005T130920538
2025-09-08,S06,P0445,9,2.578,1.152,2.69,0,Low,2,1,0.95,backtest,demand_forecast_run_20261005T130920538
2025-09-08,S06,P0507,42,11.502,3.24,7.56,0,Low,2,1,0.95,backtest,demand_forecast_run_20261005T130920538
2025-09-08,S06,P0563,15,2.68,1.315,3.07,0,Low,2,1,0.95,backtest,demand_forecast_run_20261005T130920538
2025-09-08,S06,P0579,9,2.117,1.433,3.34,0,Low,2,1,0.95,backtest,demand_forecast_run_20261005T130920538
2025-09-08,S06,P0589,6,2.633,1.1,2.57,0,Medium,2,1,0.95,backtest,demand_forecast_run_20261005T130920538
2025-09-08,S07,P0003,10,2.518,1.066,2.49,0,Low,2,1,0.95,backtest,demand_forecast_run_20261005T130920538
2025-09-08,S07,P0022,4,2.725,1.38,3.22,2,Medium,2,1,0.95,backtest,demand_forecast_run_20261005T130920538
2025-09-08,S07,P0032,32,10.185,2.628,6.13,0,Low,2,1,0.95,backtest,demand_forecast_run_20261005T130920538
2025-09-08,S07,P0053,6,1.095,0.793,1.85,0,Low,2,1,0.95,backtest,demand_forecast_run_20261005T130920538
2025-09-08,S07,P0073,8,0.338,0.448,1.05,0,Low,2,1,0.95,backtest,demand_forecast_run_20261005T130920538
2025-09-08,S07,P0170,4,0.97,0.959,2.24,0,Low,2,1,0.95,backtest,demand_forecast_run_20261005T130920538
2025-09-08,S07,P0206,10,1.997,1.489,3.47,0,Low,2,1,0.95,backtest,demand_forecast_run_20261005T130920538
2025-09-08,S07,P0213,8,1.903,1.041,2.43,0,Low,2,1,0.95,backtest,demand_forecast_run_20261005T130920538
2025-09-08,S07,P0252,13,2.871,1.571,3.67,0,Low,2,1,0.95,backtest,demand_forecast_run_20261005T130920538
2025-09-08,S07,P0272,6,0.76,0.772,1.8,0,Low,2,1,0.95,backtest,demand_forecast_run_20261005T130920538
2025-09-08,S07,P0288,9,2.079,1.031,2.41,0,Low,2,1,0.95,backtest,demand_forecast_run_20261005T130920538
2025-09-08,S07,P0316,6,0.461,0.568,1.33,0,Low,2,1,0.95,backtest,demand_forecast_run_20261005T130920538
2025-09-08,S07,P0369,22,4.807,1.527,3.56,0,Low,2,1,0.95,backtest,demand_forecast_run_20261005T130920538
2025-09-08,S07,P0381,8,0.676,0.6,1.4,0,Low,2,1,0.95,backtest,demand_forecast_run_20261005T130920538
2025-09-08,S07,P0391,8,3.286,1.792,4.18,0,Low,2,1,0.95,backtest,demand_forecast_run_20261005T130920538
2025-09-08,S07,P0392,3,2.145,0.937,2.19,2,Medium,2,1,0.95,backtest,demand_forecast_run_20261005T130920538
2025-09-08,S07,P0408,6,1.234,1.202,2.8,0,Low,2,1,0.95,backtest,demand_forecast_run_20261005T130920538
2025-09-08,S07,P0409,6,1.862,1.134,2.65,0,Low,2,1,0.95,backtest,demand_forecast_run_20261005T130920538
2025-09-08,S07,P0433,6,0.243,0.416,0.97,0,Low,2,1,0.95,backtest,demand_forecast_run_20261005T130920538
2025-09-08,S07,P0435,15,4.347,1.789,4.17,0,Low,2,1,0.95,backtest,demand_forecast_run_20261005T130920538
2025-09-08,S07,P0445,5,0.987,0.786,1.83,0,Low,2,1,0.95,backtest,demand_forecast_run_20261005T130920538
2025-09-08,S07,P0507,25,6.548,2.217,5.17,0,Low,2,1,0.95,backtest,demand_forecast_run_20261005T130920538
2025-09-08,S07,P0563,6,2.112,1.286,3,0,Low,2,1,0.95,backtest,demand_forecast_run_20261005T130920538
2025-09-08,S07,P0579,4,1.27,0.922,2.15,0,Low,2,1,0.95,backtest,demand_forecast_run_20261005T130920538
2025-09-08,S07,P0589,7,2.031,1.031,2.4,0,Low,2,1,0.95,backtest,demand_forecast_run_20261005T130920538
2025-09-08,S08,P0003,20,3.442,1.74,4.06,0,Low,2,1,0.95,backtest,demand_forecast_run_20261005T130920538
2025-09-08,S08,P0022,16,3.287,1.602,3.74,0,Low,2,1,0.95,backtest,demand_forecast_run_20261005T130920538
2025-09-08,S08,P0032,21,10.981,2.925,6.82,0,Low,2,1,0.95,backtest,demand_forecast_run_20261005T130920538
2025-09-08,S08,P0053,8,1.421,1.096,2.56,0,Low,2,1,0.95,backtest,demand_forecast_run_20261005T130920538
2025-09-08,S08,P0073,9,0.799,0.997,2.33,0,Low,2,1,0.95,backtest,demand_forecast_run_20261005T130920538
2025-09-08,S08,P0170,8,1.234,0.731,1.71,0,Low,2,1,0.95,backtest,demand_forecast_run_20261005T130920538
2025-09-08,S08,P0206,14,3.918,1.771,4.13,0,Low,2,1,0.95,backtest,demand_forecast_run_20261005T130920538
2025-09-08,S08,P0213,8,1.668,1.331,3.11,0,Low,2,1,0.95,backtest,demand_forecast_run_20261005T130920538
2025-09-08,S08,P0252,28,6.11,2.333,5.44,0,Low,2,1,0.95,backtest,demand_forecast_run_20261005T130920538
2025-09-08,S08,P0272,9,1.531,1.249,2.91,0,Low,2,1,0.95,backtest,demand_forecast_run_20261005T130920538
2025-09-08,S08,P0288,6,2.911,1.122,2.62,0,Low,2,1,0.95,backtest,demand_forecast_run_20261005T130920538
2025-09-08,S08,P0316,6,0.813,0.737,1.72,0,Low,2,1,0.95,backtest,demand_forecast_run_20261005T130920538
2025-09-08,S08,P0369,27,4.417,2.709,6.32,0,Low,2,1,0.95,backtest,demand_forecast_run_20261005T130920538
2025-09-08,S08,P0381,9,1.465,1.475,3.44,0,Low,2,1,0.95,backtest,demand_forecast_run_20261005T130920538
2025-09-08,S08,P0391,16,4.027,1.722,4.02,0,Low,2,1,0.95,backtest,demand_forecast_run_20261005T130920538
2025-09-08,S08,P0392,12,1.695,1.404,3.28,0,Low,2,1,0.95,backtest,demand_forecast_run_20261005T130920538
2025-09-08,S08,P0408,3,1.462,1.572,3.67,3,Medium,2,1,0.95,backtest,demand_forecast_run_20261005T130920538
2025-09-08,S08,P0409,5,2.468,1.105,2.58,1,Medium,2,1,0.95,backtest,demand_forecast_run_20261005T130920538
2025-09-08,S08,P0433,4,1.142,0.879,2.05,0,Low,2,1,0.95,backtest,demand_forecast_run_20261005T130920538
2025-09-08,S08,P0435,5,7.797,2.245,5.24,9,High,2,1,0.95,backtest,demand_forecast_run_20261005T130920538
2025-09-08,S08,P0445,5,1.592,1.475,3.44,1,Low,2,1,0.95,backtest,demand_forecast_run_20261005T130920538
2025-09-08,S08,P0507,28,9.482,3.323,7.75,0,Low,2,1,0.95,backtest,demand_forecast_run_20261005T130920538
2025-09-08,S08,P0563,19,4.727,2.236,5.22,0,Low,2,1,0.95,backtest,demand_forecast_run_20261005T130920538
2025-09-08,S08,P0579,7,0.914,0.559,1.3,0,Low,2,1,0.95,backtest,demand_forecast_run_20261005T130920538
2025-09-08,S08,P0589,15,2.725,2.198,5.13,0,Low,2,1,0.95,backtest,demand_forecast_run_20261005T130920538
2025-09-08,S09,P0003,17,2.914,1.397,3.26,0,Low,2,1,0.95,backtest,demand_forecast_run_20261005T130920538
2025-09-08,S09,P0022,7,2.908,1.407,3.28,0,Low,2,1,0.95,backtest,demand_forecast_run_20261005T130920538
2025-09-08,S09,P0032,31,10.317,2.982,6.96,0,Low,2,1,0.95,backtest,demand_forecast_run_20261005T130920538
2025-09-08,S09,P0053,5,2.021,2.017,4.71,2,Low,2,1,0.95,backtest,demand_forecast_run_20261005T130920538
2025-09-08,S09,P0073,7,0.795,0.87,2.03,0,Low,2,1,0.95,backtest,demand_forecast_run_20261005T130920538
2025-09-08,S09,P0170,4,1.558,1.101,2.57,1,Medium,2,1,0.95,backtest,demand_forecast_run_20261005T130920538
2025-09-08,S09,P0206,8,2.892,1.679,3.92,0,Low,2,1,0.95,backtest,demand_forecast_run_20261005T130920538
2025-09-08,S09,P0213,10,3.513,1.81,4.22,0,Low,2,1,0.95,backtest,demand_forecast_run_20261005T130920538
2025-09-08,S09,P0252,18,3.87,1.883,4.39,0,Low,2,1,0.95,backtest,demand_forecast_run_20261005T130920538
2025-09-08,S09,P0272,3,0.636,0.535,1.25,0,Medium,2,1,0.95,backtest,demand_forecast_run_20261005T130920538
2025-09-08,S09,P0288,8,2.029,0.995,2.32,0,Low,2,1,0.95,backtest,demand_forecast_run_20261005T130920538
2025-09-08,S09,P0316,4,0.85,0.922,2.15,0,Medium,2,1,0.95,backtest,demand_forecast_run_20261005T130920538
2025-09-08,S09,P0369,20,4.169,1.99,4.64,0,Low,2,1,0.95,backtest,demand_forecast_run_20261005T130920538
2025-09-08,S09,P0381,7,0.715,0.863,2.01,0,Low,2,1,0.95,backtest,demand_forecast_run_20261005T130920538
2025-09-08,S09,P0391,19,3.887,2.079,4.85,0,Low,2,1,0.95,backtest,demand_forecast_run_20261005T130920538
2025-09-08,S09,P0392,5,0.774,0.731,1.71,0,Low,2,1,0.95,backtest,demand_forecast_run_20261005T130920538
2025-09-08,S09,P0408,8,2.503,1.598,3.73,0,Low,2,1,0.95,backtest,demand_forecast_run_20261005T130920538
2025-09-08,S09,P0409,12,1.842,1.305,3.05,0,Low,2,1,0.95,backtest,demand_forecast_run_20261005T130920538
2025-09-08,S09,P0433,8,0.402,0.448,1.05,0,Low,2,1,0.95,backtest,demand_forecast_run_20261005T130920538
2025-09-08,S09,P0435,16,7.102,1.956,4.56,0,Low,2,1,0.95,backtest,demand_forecast_run_20261005T130920538
2025-09-08,S09,P0445,15,1.615,1.74,4.06,0,Low,2,1,0.95,backtest,demand_forecast_run_20261005T130920538
2025-09-08,S09,P0507,49,9.609,2.335,5.45,0,Low,2,1,0.95,backtest,demand_forecast_run_20261005T130920538
2025-09-08,S09,P0563,20,3.099,1.685,3.93,0,Low,2,1,0.95,backtest,demand_forecast_run_20261005T130920538
2025-09-08,S09,P0579,4,1.448,1.424,3.32,1,Low,2,1,0.95,backtest,demand_forecast_run_20261005T130920538
2025-09-08,S09,P0589,3,4.042,1.835,4.28,6,High,2,1,0.95,backtest,demand_forecast_run_20261005T130920538
2025-09-08,S10,P0003,5,3.567,1.585,3.7,3,Medium,2,1,0.95,backtest,demand_forecast_run_20261005T130920538
2025-09-08,S10,P0022,12,2.249,1.315,3.07,0,Low,2,1,0.95,backtest,demand_forecast_run_20261005T130920538
2025-09-08,S10,P0032,31,10.178,3.012,7.03,0,Low,2,1,0.95,backtest,demand_forecast_run_20261005T130920538
2025-09-08,S10,P0053,8,0.716,0.863,2.01,0,Low,2,1,0.95,backtest,demand_forecast_run_20261005T130920538
2025-09-08,S10,P0073,4,0.87,0.723,1.69,0,Low,2,1,0.95,backtest,demand_forecast_run_20261005T130920538
2025-09-08,S10,P0170,9,1.313,0.882,2.06,0,Low,2,1,0.95,backtest,demand_forecast_run_20261005T130920538
2025-09-08,S10,P0206,7,2.303,0.976,2.28,0,Low,2,1,0.95,backtest,demand_forecast_run_20261005T130920538
2025-09-08,S10,P0213,7,2.685,1.303,3.04,0,Low,2,1,0.95,backtest,demand_forecast_run_20261005T130920538
2025-09-08,S10,P0252,22,3.319,1.666,3.89,0,Low,2,1,0.95,backtest,demand_forecast_run_20261005T130920538
2025-09-08,S10,P0272,8,0.58,0.418,0.98,0,Low,2,1,0.95,backtest,demand_forecast_run_20261005T130920538
2025-09-08,S10,P0288,8,1.879,0.997,2.33,0,Low,2,1,0.95,backtest,demand_forecast_run_20261005T130920538
2025-09-08,S10,P0316,8,0.921,0.713,1.66,0,Low,2,1,0.95,backtest,demand_forecast_run_20261005T130920538
2025-09-08,S10,P0369,11,4.186,1.464,3.42,0,Low,2,1,0.95,backtest,demand_forecast_run_20261005T130920538
2025-09-08,S10,P0381,9,1.353,0.962,2.25,0,Low,2,1,0.95,backtest,demand_forecast_run_20261005T130920538
2025-09-08,S10,P0391,15,3.816,1.697,3.96,0,Low,2,1,0.95,backtest,demand_forecast_run_20261005T130920538
2025-09-08,S10,P0392,3,1.341,0.634,1.48,0,Medium,2,1,0.95,backtest,demand_forecast_run_20261005T130920538
2025-09-08,S10,P0408,5,1.28,0.879,2.05,0,Low,2,1,0.95,backtest,demand_forecast_run_20261005T130920538
2025-09-08,S10,P0409,14,2.379,1.124,2.62,0,Low,2,1,0.95,backtest,demand_forecast_run_20261005T130920538
2025-09-08,S10,P0433,5,0.579,0.499,1.16,0,Low,2,1,0.95,backtest,demand_forecast_run_20261005T130920538
2025-09-08,S10,P0435,13,6.108,2.013,4.7,0,Low,2,1,0.95,backtest,demand_forecast_run_20261005T130920538
2025-09-08,S10,P0445,4,1.391,0.962,2.24,0,Low,2,1,0.95,backtest,demand_forecast_run_20261005T130920538
2025-09-08,S10,P0507,10,9.552,2.389,5.57,6,Medium,2,1,0.95,backtest,demand_forecast_run_20261005T130920538
2025-09-08,S10,P0563,11,3.866,1.834,4.28,0,Low,2,1,0.95,backtest,demand_forecast_run_20261005T130920538
2025-09-08,S10,P0579,7,1.138,0.685,1.6,0,Low,2,1,0.95,backtest,demand_forecast_run_20261005T130920538
2025-09-08,S10,P0589,8,2.378,1.084,2.53,0,Low,2,1,0.95,backtest,demand_forecast_run_20261005T130920538
2025-09-08,S11,P0003,13,4.092,1.343,3.13,0,Low,2,1,0.95,backtest,demand_forecast_run_20261005T130920538
2025-09-08,S11,P0022,7,4.714,1.729,4.03,2,Low,2,1,0.95,backtest,demand_forecast_run_20261005T130920538
2025-09-08,S11,P0032,36,13.617,2.41,5.62,0,Low,2,1,0.95,backtest,demand_forecast_run_20261005T130920538
2025-09-08,S11,P0053,8,1.767,1.069,2.49,0,Low,2,1,0.95,backtest,demand_forecast_run_20261005T130920538
2025-09-08,S11,P0073,8,0.964,0.959,2.24,0,Low,2,1,0.95,backtest,demand_forecast_run_20261005T130920538
2025-09-08,S11,P0170,10,2.131,1.208,2.82,0,Low,2,1,0.95,backtest,demand_forecast_run_20261005T130920538
2025-09-08,S11,P0206,4,3.67,1.81,4.22,4,Medium,2,1,0.95,backtest,demand_forecast_run_20261005T130920538
2025-09-08,S11,P0213,12,3.493,1.453,3.39,0,Low,2,1,0.95,backtest,demand_forecast_run_20261005T130920538
2025-09-08,S11,P0252,22,6.739,1.936,4.52,0,Low,2,1,0.95,backtest,demand_forecast_run_20261005T130920538
2025-09-08,S11,P0272,9,1.285,0.69,1.61,0,Low,2,1,0.95,backtest,demand_forecast_run_20261005T130920538
2025-09-08,S11,P0288,7,2.832,1.72,4.01,0,Low,2,1,0.95,backtest,demand_forecast_run_20261005T130920538
2025-09-08,S11,P0316,13,2.704,1.089,2.54,0,Low,2,1,0.95,backtest,demand_forecast_run_20261005T130920538
2025-09-08,S11,P0369,28,5.838,1.856,4.33,0,Low,2,1,0.95,backtest,demand_forecast_run_20261005T130920538
2025-09-08,S11,P0381,6,2.409,1.215,2.84,0,Low,2,1,0.95,backtest,demand_forecast_run_20261005T130920538
2025-09-08,S11,P0391,4,4.307,1.812,4.23,5,High,2,1,0.95,backtest,demand_forecast_run_20261005T130920538
2025-09-08,S11,P0392,9,1.751,1.213,2.83,0,Low,2,1,0.95,backtest,demand_forecast_run_20261005T130920538
2025-09-08,S11,P0408,6,2.492,1.618,3.78,1,Low,2,1,0.95,backtest,demand_forecast_run_20261005T130920538
2025-09-08,S11,P0409,12,2.517,1.12,2.61,0,Low,2,1,0.95,backtest,demand_forecast_run_20261005T130920538
2025-09-08,S11,P0433,11,0.556,0.476,1.11,0,Low,2,1,0.95,backtest,demand_forecast_run_20261005T130920538
2025-09-08,S11,P0435,14,7.929,2.108,4.92,0,Low,2,1,0.95,backtest,demand_forecast_run_20261005T130920538
2025-09-08,S11,P0445,6,2.582,1.319,3.08,0,Low,2,1,0.95,backtest,demand_forecast_run_20261005T130920538
2025-09-08,S11,P0507,17,12.551,2.925,6.82,3,Medium,2,1,0.95,backtest,demand_forecast_run_20261005T130920538
2025-09-08,S11,P0563,22,4.818,2.838,6.62,0,Low,2,1,0.95,backtest,demand_forecast_run_20261005T130920538
2025-09-08,S11,P0579,3,1.549,1.103,2.57,2,Medium,2,1,0.95,backtest,demand_forecast_run_20261005T130920538
2025-09-08,S11,P0589,2,3.49,1.138,2.66,5,High,2,1,0.95,backtest,demand_forecast_run_20261005T130920538
2025-09-08,S12,P0003,8,3.046,1.257,2.93,0,Low,2,1,0.95,backtest,demand_forecast_run_20261005T130920538
2025-09-08,S12,P0022,8,2.9,1.162,2.71,0,Low,2,1,0.95,backtest,demand_forecast_run_20261005T130920538
2025-09-08,S12,P0032,22,10.466,2.899,6.76,0,Low,2,1,0.95,backtest,demand_forecast_run_20261005T130920538
2025-09-08,S12,P0053,3,1.971,1.343,3.13,3,Medium,2,1,0.95,backtest,demand_forecast_run_20261005T130920538
2025-09-08,S12,P0073,9,0.618,0.585,1.37,0,Low,2,1,0.95,backtest,demand_forecast_run_20261005T130920538
2025-09-08,S12,P0170,6,1.325,1.076,2.51,0,Low,2,1,0.95,backtest,demand_forecast_run_20261005T130920538
2025-09-08,S12,P0206,19,2.637,1.75,4.08,0,Low,2,1,0.95,backtest,demand_forecast_run_20261005T130920538
2025-09-08,S12,P0213,10,2.325,1.475,3.44,0,Low,2,1,0.95,backtest,demand_forecast_run_20261005T130920538
2025-09-08,S12,P0252,3,4.307,1.756,4.1,6,High,2,1,0.95,backtest,demand_forecast_run_20261005T130920538
2025-09-08,S12,P0272,4,1.854,1.378,3.21,2,Low,2,1,0.95,backtest,demand_forecast_run_20261005T130920538
2025-09-08,S12,P0288,12,1.383,0.731,1.71,0,Low,2,1,0.95,backtest,demand_forecast_run_20261005T130920538
2025-09-08,S12,P0316,10,1.555,1.124,2.62,0,Low,2,1,0.95,backtest,demand_forecast_run_20261005T130920538
2025-09-08,S12,P0369,7,4.566,2.389,5.57,4,Medium,2,1,0.95,backtest,demand_forecast_run_20261005T130920538
2025-09-08,S12,P0381,8,1.413,1.103,2.57,0,Low,2,1,0.95,backtest,demand_forecast_run_20261005T130920538
2025-09-08,S12,P0391,10,3.046,1.134,2.65,0,Low,2,1,0.95,backtest,demand_forecast_run_20261005T130920538
2025-09-08,S12,P0392,2,1.475,1.228,2.87,3,Medium,2,1,0.95,backtest,demand_forecast_run_20261005T130920538
2025-09-08,S12,P0408,6,1.35,0.962,2.24,0,Low,2,1,0.95,backtest,demand_forecast_run_20261005T130920538
2025-09-08,S12,P0409,9,1.79,1.079,2.52,0,Low,2,1,0.95,backtest,demand_forecast_run_20261005T130920538
2025-09-08,S12,P0433,5,0.742,0.39,0.91,0,Low,2,1,0.95,backtest,demand_forecast_run_20261005T130920538
2025-09-08,S12,P0435,6,5.254,1.521,3.55,3,Medium,2,1,0.95,backtest,demand_forecast_run_20261005T130920538
2025-09-08,S12,P0445,9,1.009,0.836,1.95,0,Low,2,1,0.95,backtest,demand_forecast_run_20261005T130920538
2025-09-08,S12,P0507,0,8.406,3.225,7.53,16,High,2,1,0.95,backtest,demand_forecast_run_20261005T130920538
2025-09-08,S12,P0563,8,2.737,1.227,2.86,0,Low,2,1,0.95,backtest,demand_forecast_run_20261005T130920538
2025-09-08,S12,P0579,9,0.969,0.793,1.85,0,Low,2,1,0.95,backtest,demand_forecast_run_20261005T130920538
2025-09-08,S12,P0589,11,2.555,1.215,2.84,0,Low,2,1,0.95,backtest,demand_forecast_run_20261005T130920538
2025-09-09,S01,P0003,11,3.523,1.492,3.48,0,Low,2,1,0.95,backtest,demand_forecast_run_20261005T130920538
2025-09-09,S01,P0022,12,3.084,1.729,4.03,0,Low,2,1,0.95,backtest,demand_forecast_run_20261005T130920538
2025-09-09,S01,P0032,21,10.977,3.521,8.22,0,Low,2,1,0.95,backtest,demand_forecast_run_20261005T130920538
2025-09-09,S01,P0053,8,1.395,0.819,1.91,0,Low,2,1,0.95,backtest,demand_forecast_run_20261005T130920538
2025-09-09,S01,P0073,9,1.306,1.138,2.66,0,Low,2,1,0.95,backtest,demand_forecast_run_20261005T130920538
2025-09-09,S01,P0170,5,1.826,0.92,2.15,0,Low,2,1,0.95,backtest,demand_forecast_run_20261005T130920538
2025-09-09,S01,P0206,17,2.872,1.113,2.6,0,Low,2,1,0.95,backtest,demand_forecast_run_20261005T130920538
2025-09-09,S01,P0213,11,2.419,1.071,2.5,0,Low,2,1,0.95,backtest,demand_forecast_run_20261005T130920538
2025-09-09,S01,P0252,13,5.951,1.726,4.03,0,Low,2,1,0.95,backtest,demand_forecast_run_20261005T130920538
2025-09-09,S01,P0272,9,1.654,0.905,2.11,0,Low,2,1,0.95,backtest,demand_forecast_run_20261005T130920538
2025-09-09,S01,P0288,11,2.533,1.307,3.05,0,Low,2,1,0.95,backtest,demand_forecast_run_20261005T130920538
2025-09-09,S01,P0316,10,0.718,0.659,1.54,0,Low,2,1,0.95,backtest,demand_forecast_run_20261005T130920538
2025-09-09,S01,P0369,15,5.97,2.181,5.09,0,Low,2,1,0.95,backtest,demand_forecast_run_20261005T130920538
2025-09-09,S01,P0381,9,1.48,1.133,2.64,0,Low,2,1,0.95,backtest,demand_forecast_run_20261005T130920538
2025-09-09,S01,P0391,16,6.043,1.771,4.13,0,Low,2,1,0.95,backtest,demand_forecast_run_20261005T130920538
2025-09-09,S01,P0392,7,1.716,0.744,1.74,0,Low,2,1,0.95,backtest,demand_forecast_run_20261005T130920538
2025-09-09,S01,P0408,10,2.138,0.836,1.95,0,Low,2,1,0.95,backtest,demand_forecast_run_20261005T130920538
2025-09-09,S01,P0409,2,1.836,1.005,2.34,3,Medium,2,1,0.95,backtest,demand_forecast_run_20261005T130920538
2025-09-09,S01,P0433,8,0.937,0.713,1.66,0,Low,2,1,0.95,backtest,demand_forecast_run_20261005T130920538
2025-09-09,S01,P0435,18,5.333,1.451,3.39,0,Low,2,1,0.95,backtest,demand_forecast_run_20261005T130920538
2025-09-09,S01,P0445,6,2.553,1.427,3.33,0,Low,2,1,0.95,backtest,demand_forecast_run_20261005T130920538
2025-09-09,S01,P0507,14,9.549,1.833,4.28,0,Medium,2,1,0.95,backtest,demand_forecast_run_20261005T130920538
2025-09-09,S01,P0563,7,2.786,1.557,3.63,0,Low,2,1,0.95,backtest,demand_forecast_run_20261005T130920538
2025-09-09,S01,P0579,6,1.486,1.315,3.07,0,Low,2,1,0.95,backtest,demand_forecast_run_20261005T130920538
2025-09-09,S01,P0589,7,2.669,1.595,3.72,0,Low,2,1,0.95,backtest,demand_forecast_run_20261005T130920538
2025-09-09,S02,P0003,3,3.805,1.453,3.39,5,High,2,1,0.95,backtest,demand_forecast_run_20261005T130920538
2025-09-09,S02,P0022,11,3.766,1.595,3.72,0,Low,2,1,0.95,backtest,demand_forecast_run_20261005T130920538
2025-09-09,S02,P0032,29,10.362,2.573,6,0,Low,2,1,0.95,backtest,demand_forecast_run_20261005T130920538
2025-09-09,S02,P0053,9,0.463,0.356,0.83,0,Low,2,1,0.95,backtest,demand_forecast_run_20261005T130920538
2025-09-09,S02,P0073,3,1.244,0.838,1.96,1,Medium,2,1,0.95,backtest,demand_forecast_run_20261005T130920538
2025-09-09,S02,P0170,5,1.212,0.922,2.15,0,Low,2,1,0.95,backtest,demand_forecast_run_20261005T130920538
2025-09-09,S02,P0206,13,3.207,1.55,3.62,0,Low,2,1,0.95,backtest,demand_forecast_run_20261005T130920538
2025-09-09,S02,P0213,14,2.805,1.756,4.1,0,Low,2,1,0.95,backtest,demand_forecast_run_20261005T130920538
2025-09-09,S02,P0252,8,4.543,1.58,3.69,1,Low,2,1,0.95,backtest,demand_forecast_run_20261005T130920538
2025-09-09,S02,P0272,3,1.244,1.105,2.58,1,Medium,2,1,0.95,backtest,demand_forecast_run_20261005T130920538
2025-09-09,S02,P0288,3,2.591,1.155,2.69,3,Medium,2,1,0.95,backtest,demand_forecast_run_20261005T130920538
2025-09-09,S02,P0316,5,0.962,0.836,1.95,0,Low,2,1,0.95,backtest,demand_forecast_run_20261005T130920538
2025-09-09,S02,P0369,25,4.906,1.843,4.3,0,Low,2,1,0.95,backtest,demand_forecast_run_20261005T130920538
2025-09-09,S02,P0381,7,1.627,1.133,2.64,0,Low,2,1,0.95,backtest,demand_forecast_run_20261005T130920538
2025-09-09,S02,P0391,13,5.905,1.765,4.12,0,Low,2,1,0.95,backtest,demand_forecast_run_20261005T130920538
2025-09-09,S02,P0392,5,1.015,1.069,2.49,0,Low,2,1,0.95,backtest,demand_forecast_run_20261005T130920538
2025-09-09,S02,P0408,10,2.526,0.989,2.31,0,Low,2,1,0.95,backtest,demand_forecast_run_20261005T130920538
2025-09-09,S02,P0409,13,3.085,1.347,3.14,0,Low,2,1,0.95,backtest,demand_forecast_run_20261005T130920538
2025-09-09,S02,P0433,6,0.408,0.833,1.94,0,Low,2,1,0.95,backtest,demand_forecast_run_20261005T130920538
2025-09-09,S02,P0435,9,7.218,1.853,4.32,3,Low,2,1,0.95,backtest,demand_forecast_run_20261005T130920538
2025-09-09,S02,P0445,4,1.795,1.278,2.98,1,Medium,2,1,0.95,backtest,demand_forecast_run_20261005T130920538
2025-09-09,S02,P0507,35,10.581,1.925,4.49,0,Low,2,1,0.95,backtest,demand_forecast_run_20261005T130920538
2025-09-09,S02,P0563,12,3.828,1.794,4.19,0,Low,2,1,0.95,backtest,demand_forecast_run_20261005T130920538
2025-09-09,S02,P0579,9,1.616,1.166,2.72,0,Low,2,1,0.95,backtest,demand_forecast_run_20261005T130920538
2025-09-09,S02,P0589,11,1.903,1.236,2.88,0,Low,2,1,0.95,backtest,demand_forecast_run_20261005T130920538
2025-09-09,S03,P0003,16,3.343,1.386,3.23,0,Low,2,1,0.95,backtest,demand_forecast_run_20261005T130920538
2025-09-09,S03,P0022,10,2.167,1.474,3.44,0,Low,2,1,0.95,backtest,demand_forecast_run_20261005T130920538
2025-09-09,S03,P0032,16,11.273,2.372,5.53,1,Low,2,1,0.95,backtest,demand_forecast_run_20261005T130920538
2025-09-09,S03,P0053,6,2.222,1.268,2.96,0,Low,2,1,0.95,backtest,demand_forecast_run_20261005T130920538
2025-09-09,S03,P0073,4,0.378,0.315,0.73,0,Low,2,1,0.95,backtest,demand_forecast_run_20261005T130920538
2025-09-09,S03,P0170,3,2.322,0.836,1.95,2,Medium,2,1,0.95,backtest,demand_forecast_run_20261005T130920538
2025-09-09,S03,P0206,7,2.99,1.287,3,0,Low,2,1,0.95,backtest,demand_forecast_run_20261005T130920538
2025-09-09,S03,P0213,11,2.067,1.031,2.41,0,Low,2,1,0.95,backtest,demand_forecast_run_20261005T130920538
2025-09-09,S03,P0252,18,4.703,2.34,5.46,0,Low,2,1,0.95,backtest,demand_forecast_run_20261005T130920538
2025-09-09,S03,P0272,9,1.388,0.737,1.72,0,Low,2,1,0.95,backtest,demand_forecast_run_20261005T130920538
2025-09-09,S03,P0288,6,2.376,0.922,2.15,0,Low,2,1,0.95,backtest,demand_forecast_run_20261005T130920538
2025-09-09,S03,P0316,11,1.583,1.162,2.71,0,Low,2,1,0.95,backtest,demand_forecast_run_20261005T130920538
2025-09-09,S03,P0369,18,4.84,1.786,4.17,0,Low,2,1,0.95,backtest,demand_forecast_run_20261005T130920538
2025-09-09,S03,P0381,6,0.883,0.441,1.03,0,Low,2,1,0.95,backtest,demand_forecast_run_20261005T130920538
2025-09-09,S03,P0391,7,4.908,2.266,5.29,4,Medium,2,1,0.95,backtest,demand_forecast_run_20261005T130920538
2025-09-09,S03,P0392,7,0.945,0.567,1.32,0,Low,2,1,0.95,backtest,demand_forecast_run_20261005T130920538
2025-09-09,S03,P0408,11,0.964,0.659,1.54,0,Low,2,1,0.95,backtest,demand_forecast_run_20261005T130920538
2025-09-09,S03,P0409,5,2.322,0.854,1.99,0,Low,2,1,0.95,backtest,demand_forecast_run_20261005T130920538
2025-09-09,S03,P0433,6,0.347,0.416,0.97,0,Low,2,1,0.95,backtest,demand_forecast_run_20261005T130920538
2025-09-09,S03,P0435,17,6.762,1.188,2.77,0,Low,2,1,0.95,backtest,demand_forecast_run_20261005T130920538
2025-09-09,S03,P0445,8,1.082,0.685,1.6,0,Low,2,1,0.95,backtest,demand_forecast_run_20261005T130920538
2025-09-09,S03,P0507,39,10.522,2.195,5.12,0,Low,2,1,0.95,backtest,demand_forecast_run_20261005T130920538
2025-09-09,S03,P0563,17,4.037,1.557,3.63,0,Low,2,1,0.95,backtest,demand_forecast_run_20261005T130920538
2025-09-09,S03,P0579,5,1.277,1.227,2.86,0,Low,2,1,0.95,backtest,demand_forecast_run_20261005T130920538
2025-09-09,S03,P0589,10,3.455,1.449,3.38,0,Low,2,1,0.95,backtest,demand_forecast_run_20261005T130920538
2025-09-09,S04,P0003,6,2.901,1.086,2.53,0,Low,2,1,0.95,backtest,demand_forecast_run_20261005T130920538
2025-09-09,S04,P0022,15,1.789,0.911,2.13,0,Low,2,1,0.95,backtest,demand_forecast_run_20261005T130920538
2025-09-09,S04,P0032,27,8.644,3.426,8,0,Low,2,1,0.95,backtest,demand_forecast_run_20261005T130920538
2025-09-09,S04,P0053,8,1.006,0.745,1.74,0,Low,2,1,0.95,backtest,demand_forecast_run_20261005T130920538
2025-09-09,S04,P0073,3,0.818,0.6,1.4,0,Low,2,1,0.95,backtest,demand_forecast_run_20261005T130920538
2025-09-09,S04,P0170,7,2.089,0.793,1.85,0,Low,2,1,0.95,backtest,demand_forecast_run_20261005T130920538
2025-09-09,S04,P0206,4,2.675,1.492,3.48,3,Medium,2,1,0.95,backtest,demand_forecast_run_20261005T130920538
2025-09-09,S04,P0213,10,1.005,0.92,2.15,0,Low,2,1,0.95,backtest,demand_forecast_run_20261005T130920538
2025-09-09,S04,P0252,10,2.346,1.503,3.51,0,Low,2,1,0.95,backtest,demand_forecast_run_20261005T130920538
2025-09-09,S04,P0272,4,1.635,0.959,2.24,0,Low,2,1,0.95,backtest,demand_forecast_run_20261005T130920538
2025-09-09,S04,P0288,5,1.856,0.786,1.83,0,Low,2,1,0.95,backtest,demand_forecast_run_20261005T130920538
2025-09-09,S04,P0316,6,0.506,0.701,1.63,0,Low,2,1,0.95,backtest,demand_forecast_run_20261005T130920538
2025-09-09,S04,P0369,3,3.794,1.467,3.42,5,High,2,1,0.95,backtest,demand_forecast_run_20261005T130920538
2025-09-09,S04,P0381,7,1.43,1,2.33,0,Low,2,1,0.95,backtest,demand_forecast_run_20261005T130920538
2025-09-09,S04,P0391,8,2.802,1.315,3.07,0,Low,2,1,0.95,backtest,demand_forecast_run_20261005T130920538
2025-09-09,S04,P0392,9,0.648,0.418,0.98,0,Low,2,1,0.95,backtest,demand_forecast_run_20261005T130920538
2025-09-09,S04,P0408,8,1.61,1.036,2.42,0,Low,2,1,0.95,backtest,demand_forecast_run_20261005T130920538
2025-09-09,S04,P0409,12,1.441,1.076,2.51,0,Low,2,1,0.95,backtest,demand_forecast_run_20261005T130920538
2025-09-09,S04,P0433,5,0.297,0.315,0.73,0,Low,2,1,0.95,backtest,demand_forecast_run_20261005T130920538
2025-09-09,S04,P0435,14,6.005,1.972,4.6,0,Low,2,1,0.95,backtest,demand_forecast_run_20261005T130920538
2025-09-09,S04,P0445,9,0.964,0.737,1.72,0,Low,2,1,0.95,backtest,demand_forecast_run_20261005T130920538
2025-09-09,S04,P0507,26,7.098,1.988,4.64,0,Low,2,1,0.95,backtest,demand_forecast_run_20261005T130920538
2025-09-09,S04,P0563,2,1.737,0.875,2.04,2,Medium,2,1,0.95,backtest,demand_forecast_run_20261005T130920538
2025-09-09,S04,P0579,4,0.686,0.731,1.71,0,Low,2,1,0.95,backtest,demand_forecast_run_20261005T130920538
2025-09-09,S04,P0589,6,2.009,1.026,2.39,0,Low,2,1,0.95,backtest,demand_forecast_run_20261005T130920538
2025-09-09,S05,P0003,10,3.009,0.989,2.31,0,Low,2,1,0.95,backtest,demand_forecast_run_20261005T130920538
2025-09-09,S05,P0022,14,3.744,1.268,2.96,0,Low,2,1,0.95,backtest,demand_forecast_run_20261005T130920538
2025-09-09,S05,P0032,15,10.067,3.254,7.59,3,Low,2,1,0.95,backtest,demand_forecast_run_20261005T130920538
2025-09-09,S05,P0053,0,0.946,0.92,2.15,4,High,2,1,0.95,backtest,demand_forecast_run_20261005T130920538
2025-09-09,S05,P0073,2,0.603,0.585,1.37,0,Medium,2,1,0.95,backtest,demand_forecast_run_20261005T130920538
2025-09-09,S05,P0170,5,1.384,0.694,1.62,0,Low,2,1,0.95,backtest,demand_forecast_run_20261005T130920538
2025-09-09,S05,P0206,11,1.883,1.397,3.26,0,Low,2,1,0.95,backtest,demand_forecast_run_20261005T130920538
2025-09-09,S05,P0213,14,1.778,1.049,2.45,0,Low,2,1,0.95,backtest,demand_forecast_run_20261005T130920538
2025-09-09,S05,P0252,16,4.348,1.545,3.6,0,Low,2,1,0.95,backtest,demand_forecast_run_20261005T130920538
2025-09-09,S05,P0272,4,1.552,0.911,2.13,0,Low,2,1,0.95,backtest,demand_forecast_run_20261005T130920538
2025-09-09,S05,P0288,7,2.441,1.188,2.77,0,Low,2,1,0.95,backtest,demand_forecast_run_20261005T130920538
2025-09-09,S05,P0316,9,1.205,1.289,3.01,0,Low,2,1,0.95,backtest,demand_forecast_run_20261005T130920538
2025-09-09,S05,P0369,2,3.286,2.278,5.32,7,High,2,1,0.95,backtest,demand_forecast_run_20261005T130920538
2025-09-09,S05,P0381,10,0.603,0.645,1.51,0,Low,2,1,0.95,backtest,demand_forecast_run_20261005T130920538
2025-09-09,S05,P0391,8,2.366,1.438,3.36,0,Low,2,1,0.95,backtest,demand_forecast_run_20261005T130920538
2025-09-09,S05,P0392,3,0.439,0.416,0.97,0,Low,2,1,0.95,backtest,demand_forecast_run_20261005T130920538
2025-09-09,S05,P0408,8,0.538,0.548,1.28,0,Low,2,1,0.95,backtest,demand_forecast_run_20261005T130920538
2025-09-09,S05,P0409,10,2.04,1.11,2.59,0,Low,2,1,0.95,backtest,demand_forecast_run_20261005T130920538
2025-09-09,S05,P0433,6,0.401,0.476,1.11,0,Low,2,1,0.95,backtest,demand_forecast_run_20261005T130920538
2025-09-09,S05,P0435,9,4.625,1.301,3.04,0,Low,2,1,0.95,backtest,demand_forecast_run_20261005T130920538
2025-09-09,S05,P0445,9,1.478,0.923,2.15,0,Low,2,1,0.95,backtest,demand_forecast_run_20261005T130920538
2025-09-09,S05,P0507,22,8.022,2.623,6.12,0,Low,2,1,0.95,backtest,demand_forecast_run_20261005T130920538
2025-09-09,S05,P0563,10,2.845,1.827,4.26,0,Low,2,1,0.95,backtest,demand_forecast_run_20261005T130920538
2025-09-09,S05,P0579,7,0.583,0.499,1.16,0,Low,2,1,0.95,backtest,demand_forecast_run_20261005T130920538
2025-09-09,S05,P0589,9,3.511,1.351,3.15,0,Low,2,1,0.95,backtest,demand_forecast_run_20261005T130920538
2025-09-09,S06,P0003,14,2.787,1.37,3.2,0,Low,2,1,0.95,backtest,demand_forecast_run_20261005T130920538
2025-09-09,S06,P0022,10,2.189,1.319,3.08,0,Low,2,1,0.95,backtest,demand_forecast_run_20261005T130920538
2025-09-09,S06,P0032,41,14.174,3.029,7.07,0,Low,2,1,0.95,backtest,demand_forecast_run_20261005T130920538
2025-09-09,S06,P0053,8,1.808,1.71,3.99,0,Low,2,1,0.95,backtest,demand_forecast_run_20261005T130920538
2025-09-09,S06,P0073,6,2.292,1.086,2.53,0,Low,2,1,0.95,backtest,demand_forecast_run_20261005T130920538
2025-09-09,S06,P0170,8,1.846,1.156,2.7,0,Low,2,1,0.95,backtest,demand_forecast_run_20261005T130920538
2025-09-09,S06,P0206,21,4.61,3.203,7.47,0,Low,2,1,0.95,backtest,demand_forecast_run_20261005T130920538
2025-09-09,S06,P0213,10,4.1,1.697,3.96,0,Low,2,1,0.95,backtest,demand_forecast_run_20261005T130920538
2025-09-09,S06,P0252,22,5.587,2.068,4.82,0,Low,2,1,0.95,backtest,demand_forecast_run_20261005T130920538
2025-09-09,S06,P0272,10,1.322,0.922,2.15,0,Low,2,1,0.95,backtest,demand_forecast_run_20261005T130920538
2025-09-09,S06,P0288,9,2.361,1.101,2.57,0,Low,2,1,0.95,backtest,demand_forecast_run_20261005T130920538
2025-09-09,S06,P0316,11,1.592,1.124,2.62,0,Low,2,1,0.95,backtest,demand_forecast_run_20261005T130920538
2025-09-09,S06,P0369,22,6.58,2.301,5.37,0,Low,2,1,0.95,backtest,demand_forecast_run_20261005T130920538
2025-09-09,S06,P0381,12,1.675,1.249,2.91,0,Low,2,1,0.95,backtest,demand_forecast_run_20261005T130920538
2025-09-09,S06,P0391,15,3.055,2.319,5.41,0,Low,2,1,0.95,backtest,demand_forecast_run_20261005T130920538
2025-09-09,S06,P0392,2,1.578,0.838,1.96,2,Medium,2,1,0.95,backtest,demand_forecast_run_20261005T130920538
2025-09-09,S06,P0408,7,2.062,1.177,2.75,0,Low,2,1,0.95,backtest,demand_forecast_run_20261005T130920538
2025-09-09,S06,P0409,10,2.353,1.086,2.53,0,Low,2,1,0.95,backtest,demand_forecast_run_20261005T130920538
2025-09-09,S06,P0433,5,1.079,0.916,2.14,0,Low,2,1,0.95,backtest,demand_forecast_run_20261005T130920538
2025-09-09,S06,P0435,10,7.943,1.87,4.36,3,Low,2,1,0.95,backtest,demand_forecast_run_20261005T130920538
2025-09-09,S06,P0445,9,2.718,1.152,2.69,0,Low,2,1,0.95,backtest,demand_forecast_run_20261005T130920538
2025-09-09,S06,P0507,39,12.021,3.247,7.58,0,Low,2,1,0.95,backtest,demand_forecast_run_20261005T130920538
2025-09-09,S06,P0563,15,2.557,1.319,3.08,0,Low,2,1,0.95,backtest,demand_forecast_run_20261005T130920538
2025-09-09,S06,P0579,8,2.262,1.423,3.32,0,Low,2,1,0.95,backtest,demand_forecast_run_20261005T130920538
2025-09-09,S06,P0589,18,2.877,1.079,2.52,0,Low,2,1,0.95,backtest,demand_forecast_run_20261005T130920538
2025-09-09,S07,P0003,9,2.702,1.066,2.49,0,Low,2,1,0.95,backtest,demand_forecast_run_20261005T130920538
2025-09-09,S07,P0022,14,3.096,1.38,3.22,0,Low,2,1,0.95,backtest,demand_forecast_run_20261005T130920538
2025-09-09,S07,P0032,29,10.841,2.58,6.02,0,Low,2,1,0.95,backtest,demand_forecast_run_20261005T130920538
2025-09-09,S07,P0053,5,1.041,0.793,1.85,0,Low,2,1,0.95,backtest,demand_forecast_run_20261005T130920538
2025-09-09,S07,P0073,8,0.37,0.448,1.05,0,Low,2,1,0.95,backtest,demand_forecast_run_20261005T130920538
2025-09-09,S07,P0170,3,1.053,0.962,2.24,1,Medium,2,1,0.95,backtest,demand_forecast_run_20261005T130920538
2025-09-09,S07,P0206,10,2.084,1.499,3.5,0,Low,2,1,0.95,backtest,demand_forecast_run_20261005T130920538
2025-09-09,S07,P0213,6,2.127,1.056,2.46,0,Low,2,1,0.95,backtest,demand_forecast_run_20261005T130920538
2025-09-09,S07,P0252,13,2.89,1.592,3.71,0,Low,2,1,0.95,backtest,demand_forecast_run_20261005T130920538
2025-09-09,S07,P0272,6,0.648,0.701,1.63,0,Low,2,1,0.95,backtest,demand_forecast_run_20261005T130920538
2025-09-09,S07,P0288,9,2.296,1.031,2.41,0,Low,2,1,0.95,backtest,demand_forecast_run_20261005T130920538
2025-09-09,S07,P0316,6,0.5,0.568,1.33,0,Low,2,1,0.95,backtest,demand_forecast_run_20261005T130920538
2025-09-09,S07,P0369,20,4.609,1.527,3.56,0,Low,2,1,0.95,backtest,demand_forecast_run_20261005T130920538
2025-09-09,S07,P0381,8,0.74,0.6,1.4,0,Low,2,1,0.95,backtest,demand_forecast_run_20261005T130920538
2025-09-09,S07,P0391,8,2.899,1.792,4.18,0,Low,2,1,0.95,backtest,demand_forecast_run_20261005T130920538
2025-09-09,S07,P0392,1,1.966,0.957,2.23,4,High,2,1,0.95,backtest,demand_forecast_run_20261005T130920538
2025-09-09,S07,P0408,8,1.23,1.201,2.8,0,Low,2,1,0.95,backtest,demand_forecast_run_20261005T130920538
2025-09-09,S07,P0409,5,1.986,1.124,2.62,0,Low,2,1,0.95,backtest,demand_forecast_run_20261005T130920538
2025-09-09,S07,P0433,6,0.252,0.416,0.97,0,Low,2,1,0.95,backtest,demand_forecast_run_20261005T130920538
2025-09-09,S07,P0435,11,4.591,1.687,3.94,0,Low,2,1,0.95,backtest,demand_forecast_run_20261005T130920538
2025-09-09,S07,P0445,5,1.084,0.786,1.83,0,Low,2,1,0.95,backtest,demand_forecast_run_20261005T130920538
2025-09-09,S07,P0507,23,7.192,2.217,5.17,0,Low,2,1,0.95,backtest,demand_forecast_run_20261005T130920538
2025-09-09,S07,P0563,6,2.314,1.286,3,0,Low,2,1,0.95,backtest,demand_forecast_run_20261005T130920538
2025-09-09,S07,P0579,4,1.208,0.923,2.15,0,Low,2,1,0.95,backtest,demand_forecast_run_20261005T130920538
2025-09-09,S07,P0589,7,2.179,1.031,2.4,0,Low,2,1,0.95,backtest,demand_forecast_run_20261005T130920538
2025-09-09,S08,P0003,20,3.693,1.768,4.13,0,Low,2,1,0.95,backtest,demand_forecast_run_20261005T130920538
2025-09-09,S08,P0022,14,3.938,1.588,3.71,0,Low,2,1,0.95,backtest,demand_forecast_run_20261005T130920538
2025-09-09,S08,P0032,20,12.72,2.998,7,0,Low,2,1,0.95,backtest,demand_forecast_run_20261005T130920538
2025-09-09,S08,P0053,8,1.305,1.096,2.56,0,Low,2,1,0.95,backtest,demand_forecast_run_20261005T130920538
2025-09-09,S08,P0073,9,0.93,0.997,2.33,0,Low,2,1,0.95,backtest,demand_forecast_run_20261005T130920538
2025-09-09,S08,P0170,5,1.649,0.881,2.06,0,Low,2,1,0.95,backtest,demand_forecast_run_20261005T130920538
2025-09-09,S08,P0206,14,4.25,1.771,4.13,0,Low,2,1,0.95,backtest,demand_forecast_run_20261005T130920538
2025-09-09,S08,P0213,8,2.014,1.331,3.11,0,Low,2,1,0.95,backtest,demand_forecast_run_20261005T130920538
2025-09-09,S08,P0252,28,6.419,2.389,5.57,0,Low,2,1,0.95,backtest,demand_forecast_run_20261005T130920538
2025-09-09,S08,P0272,9,1.549,1.182,2.76,0,Low,2,1,0.95,backtest,demand_forecast_run_20261005T130920538
2025-09-09,S08,P0288,6,3.193,1.122,2.62,0,Low,2,1,0.95,backtest,demand_forecast_run_20261005T130920538
2025-09-09,S08,P0316,5,0.962,0.742,1.73,0,Low,2,1,0.95,backtest,demand_forecast_run_20261005T130920538
2025-09-09,S08,P0369,27,5.156,2.725,6.36,0,Low,2,1,0.95,backtest,demand_forecast_run_20261005T130920538
2025-09-09,S08,P0381,9,1.704,1.475,3.44,0,Low,2,1,0.95,backtest,demand_forecast_run_20261005T130920538
2025-09-09,S08,P0391,11,4.059,1.785,4.16,0,Low,2,1,0.95,backtest,demand_forecast_run_20261005T130920538
2025-09-09,S08,P0392,11,1.852,1.397,3.26,0,Low,2,1,0.95,backtest,demand_forecast_run_20261005T130920538
2025-09-09,S08,P0408,10,1.655,1.627,3.8,0,Low,2,1,0.95,backtest,demand_forecast_run_20261005T130920538
2025-09-09,S08,P0409,5,2.638,1.105,2.58,1,Medium,2,1,0.95,backtest,demand_forecast_run_20261005T130920538
2025-09-09,S08,P0433,3,1.066,0.731,1.71,0,Low,2,1,0.95,backtest,demand_forecast_run_20261005T130920538
2025-09-09,S08,P0435,5,8.554,2.245,5.24,9,High,2,1,0.95,backtest,demand_forecast_run_20261005T130920538
2025-09-09,S08,P0445,5,1.9,1.475,3.44,1,Low,2,1,0.95,backtest,demand_forecast_run_20261005T130920538
2025-09-09,S08,P0507,27,11.054,3.393,7.92,0,Low,2,1,0.95,backtest,demand_forecast_run_20261005T130920538
2025-09-09,S08,P0563,19,5.267,2.284,5.33,0,Low,2,1,0.95,backtest,demand_forecast_run_20261005T130920538
2025-09-09,S08,P0579,6,1.075,0.567,1.32,0,Low,2,1,0.95,backtest,demand_forecast_run_20261005T130920538
2025-09-09,S08,P0589,15,2.81,2.188,5.11,0,Low,2,1,0.95,backtest,demand_forecast_run_20261005T130920538
2025-09-09,S09,P0003,17,2.867,1.412,3.3,0,Low,2,1,0.95,backtest,demand_forecast_run_20261005T130920538
2025-09-09,S09,P0022,6,3.034,1.407,3.28,1,Medium,2,1,0.95,backtest,demand_forecast_run_20261005T130920538
2025-09-09,S09,P0032,29,11.078,3.024,7.06,0,Low,2,1,0.95,backtest,demand_forecast_run_20261005T130920538
2025-09-09,S09,P0053,7,1.833,2.017,4.71,0,Low,2,1,0.95,backtest,demand_forecast_run_20261005T130920538
2025-09-09,S09,P0073,5,0.854,0.87,2.03,0,Low,2,1,0.95,backtest,demand_forecast_run_20261005T130920538
2025-09-09,S09,P0170,3,1.789,1.09,2.54,2,Medium,2,1,0.95,backtest,demand_forecast_run_20261005T130920538
2025-09-09,S09,P0206,7,3.177,1.649,3.85,1,Low,2,1,0.95,backtest,demand_forecast_run_20261005T130920538
2025-09-09,S09,P0213,9,3.99,1.81,4.22,0,Low,2,1,0.95,backtest,demand_forecast_run_20261005T130920538
2025-09-09,S09,P0252,18,4.493,1.909,4.46,0,Low,2,1,0.95,backtest,demand_forecast_run_20261005T130920538
2025-09-09,S09,P0272,3,0.683,0.535,1.25,0,Medium,2,1,0.95,backtest,demand_forecast_run_20261005T130920538
2025-09-09,S09,P0288,8,2.246,1.005,2.34,0,Low,2,1,0.95,backtest,demand_forecast_run_20261005T130920538
2025-09-09,S09,P0316,12,0.917,0.922,2.15,0,Low,2,1,0.95,backtest,demand_forecast_run_20261005T130920538
2025-09-09,S09,P0369,20,4.348,1.99,4.64,0,Low,2,1,0.95,backtest,demand_forecast_run_20261005T130920538
2025-09-09,S09,P0381,7,0.768,0.863,2.01,0,Low,2,1,0.95,backtest,demand_forecast_run_20261005T130920538
2025-09-09,S09,P0391,18,3.595,2.056,4.8,0,Low,2,1,0.95,backtest,demand_forecast_run_20261005T130920538
2025-09-09,S09,P0392,0,0.869,0.79,1.84,3,High,2,1,0.95,backtest,demand_forecast_run_20261005T130920538
2025-09-09,S09,P0408,8,2.965,1.557,3.63,0,Low,2,1,0.95,backtest,demand_forecast_run_20261005T130920538
2025-09-09,S09,P0409,11,2.014,1.29,3.01,0,Low,2,1,0.95,backtest,demand_forecast_run_20261005T130920538
2025-09-09,S09,P0433,7,0.537,0.476,1.11,0,Low,2,1,0.95,backtest,demand_forecast_run_20261005T130920538
2025-09-09,S09,P0435,15,7.914,1.967,4.59,0,Low,2,1,0.95,backtest,demand_forecast_run_20261005T130920538
2025-09-09,S09,P0445,15,1.537,1.744,4.07,0,Low,2,1,0.95,backtest,demand_forecast_run_20261005T130920538
2025-09-09,S09,P0507,49,9.548,2.394,5.59,0,Low,2,1,0.95,backtest,demand_forecast_run_20261005T130920538
2025-09-09,S09,P0563,20,3.244,1.704,3.98,0,Low,2,1,0.95,backtest,demand_forecast_run_20261005T130920538
2025-09-09,S09,P0579,4,1.527,1.424,3.32,1,Low,2,1,0.95,backtest,demand_forecast_run_20261005T130920538
2025-09-09,S09,P0589,13,4.3,1.812,4.23,0,Low,2,1,0.95,backtest,demand_forecast_run_20261005T130920538
2025-09-09,S10,P0003,4,3.56,1.585,3.7,4,Medium,2,1,0.95,backtest,demand_forecast_run_20261005T130920538
2025-09-09,S10,P0022,12,2.241,1.315,3.07,0,Low,2,1,0.95,backtest,demand_forecast_run_20261005T130920538
2025-09-09,S10,P0032,28,9.714,3.024,7.06,0,Low,2,1,0.95,backtest,demand_forecast_run_20261005T130920538
2025-09-09,S10,P0053,8,0.511,0.854,1.99,0,Low,2,1,0.95,backtest,demand_forecast_run_20261005T130920538
2025-09-09,S10,P0073,4,0.864,0.723,1.69,0,Low,2,1,0.95,backtest,demand_forecast_run_20261005T130920538
2025-09-09,S10,P0170,8,1.431,0.881,2.06,0,Low,2,1,0.95,backtest,demand_forecast_run_20261005T130920538
2025-09-09,S10,P0206,7,2.237,0.976,2.28,0,Low,2,1,0.95,backtest,demand_forecast_run_20261005T130920538
2025-09-09,S10,P0213,3,2.874,1.412,3.3,4,Medium,2,1,0.95,backtest,demand_forecast_run_20261005T130920538
2025-09-09,S10,P0252,19,3.401,1.732,4.04,0,Low,2,1,0.95,backtest,demand_forecast_run_20261005T130920538
2025-09-09,S10,P0272,8,0.576,0.418,0.98,0,Low,2,1,0.95,backtest,demand_forecast_run_20261005T130920538
2025-09-09,S10,P0288,8,1.738,0.997,2.33,0,Low,2,1,0.95,backtest,demand_forecast_run_20261005T130920538
2025-09-09,S10,P0316,8,0.895,0.713,1.66,0,Low,2,1,0.95,backtest,demand_forecast_run_20261005T130920538
2025-09-09,S10,P0369,11,4.133,1.449,3.38,0,Low,2,1,0.95,backtest,demand_forecast_run_20261005T130920538
2025-09-09,S10,P0381,7,1.536,0.997,2.33,0,Low,2,1,0.95,backtest,demand_forecast_run_20261005T130920538
2025-09-09,S10,P0391,12,3,1.722,4.02,0,Low,2,1,0.95,backtest,demand_forecast_run_20261005T130920538
2025-09-09,S10,P0392,3,1.111,0.634,1.48,0,Medium,2,1,0.95,backtest,demand_forecast_run_20261005T130920538
2025-09-09,S10,P0408,5,1.206,0.879,2.05,0,Low,2,1,0.95,backtest,demand_forecast_run_20261005T130920538
2025-09-09,S10,P0409,14,2.196,1.11,2.59,0,Low,2,1,0.95,backtest,demand_forecast_run_20261005T130920538
2025-09-09,S10,P0433,5,0.553,0.499,1.16,0,Low,2,1,0.95,backtest,demand_forecast_run_20261005T130920538
2025-09-09,S10,P0435,12,5.756,1.988,4.64,0,Low,2,1,0.95,backtest,demand_forecast_run_20261005T130920538
2025-09-09,S10,P0445,4,1.279,0.962,2.25,0,Low,2,1,0.95,backtest,demand_forecast_run_20261005T130920538
2025-09-09,S10,P0507,9,9.226,2.439,5.69,6,High,2,1,0.95,backtest,demand_forecast_run_20261005T130920538
2025-09-09,S10,P0563,10,3.744,1.833,4.28,0,Low,2,1,0.95,backtest,demand_forecast_run_20261005T130920538
2025-09-09,S10,P0579,7,1.15,0.685,1.6,0,Low,2,1,0.95,backtest,demand_forecast_run_20261005T130920538
2025-09-09,S10,P0589,6,2.611,1.101,2.57,0,Low,2,1,0.95,backtest,demand_forecast_run_20261005T130920538
2025-09-09,S11,P0003,10,4.063,1.343,3.13,0,Low,2,1,0.95,backtest,demand_forecast_run_20261005T130920538
2025-09-09,S11,P0022,7,4.558,1.652,3.86,2,Low,2,1,0.95,backtest,demand_forecast_run_20261005T130920538
2025-09-09,S11,P0032,27,14.49,2.349,5.48,0,Low,2,1,0.95,backtest,demand_forecast_run_20261005T130920538
2025-09-09,S11,P0053,8,1.662,1.069,2.49,0,Low,2,1,0.95,backtest,demand_forecast_run_20261005T130920538
2025-09-09,S11,P0073,7,1.089,0.962,2.24,0,Low,2,1,0.95,backtest,demand_forecast_run_20261005T130920538
2025-09-09,S11,P0170,9,2.29,1.134,2.65,0,Low,2,1,0.95,backtest,demand_forecast_run_20261005T130920538
2025-09-09,S11,P0206,3,3.23,1.782,4.16,5,High,2,1,0.95,backtest,demand_forecast_run_20261005T130920538
2025-09-09,S11,P0213,7,3.827,1.56,3.64,1,Low,2,1,0.95,backtest,demand_forecast_run_20261005T130920538
2025-09-09,S11,P0252,22,6.928,1.743,4.07,0,Low,2,1,0.95,backtest,demand_forecast_run_20261005T130920538
2025-09-09,S11,P0272,9,1.34,0.69,1.61,0,Low,2,1,0.95,backtest,demand_forecast_run_20261005T130920538
2025-09-09,S11,P0288,9,3.397,1.715,4,0,Low,2,1,0.95,backtest,demand_forecast_run_20261005T130920538
2025-09-09,S11,P0316,11,2.602,1.105,2.58,0,Low,2,1,0.95,backtest,demand_forecast_run_20261005T130920538
2025-09-09,S11,P0369,26,6.417,1.835,4.28,0,Low,2,1,0.95,backtest,demand_forecast_run_20261005T130920538
2025-09-09,S11,P0381,3,2.68,1.268,2.96,3,Medium,2,1,0.95,backtest,demand_forecast_run_20261005T130920538
2025-09-09,S11,P0391,0,3.74,1.675,3.91,8,High,2,1,0.95,backtest,demand_forecast_run_20261005T130920538
2025-09-09,S11,P0392,9,1.673,1.219,2.84,0,Low,2,1,0.95,backtest,demand_forecast_run_20261005T130920538
2025-09-09,S11,P0408,3,2.505,1.641,3.83,4,Medium,2,1,0.95,backtest,demand_forecast_run_20261005T130920538
2025-09-09,S11,P0409,12,2.768,1.133,2.64,0,Low,2,1,0.95,backtest,demand_forecast_run_20261005T130920538
2025-09-09,S11,P0433,11,0.462,0.448,1.05,0,Low,2,1,0.95,backtest,demand_forecast_run_20261005T130920538
2025-09-09,S11,P0435,13,8.916,2.108,4.92,1,Low,2,1,0.95,backtest,demand_forecast_run_20261005T130920538
2025-09-09,S11,P0445,5,2.366,1.319,3.08,1,Medium,2,1,0.95,backtest,demand_forecast_run_20261005T130920538
2025-09-09,S11,P0507,5,11.259,2.581,6.02,13,High,2,1,0.95,backtest,demand_forecast_run_20261005T130920538
2025-09-09,S11,P0563,21,4.858,2.841,6.63,0,Low,2,1,0.95,backtest,demand_forecast_run_20261005T130920538
2025-09-09,S11,P0579,3,1.772,1.103,2.57,2,Medium,2,1,0.95,backtest,demand_forecast_run_20261005T130920538
2025-09-09,S11,P0589,13,3.585,1.152,2.69,0,Low,2,1,0.95,backtest,demand_forecast_run_20261005T130920538
2025-09-09,S12,P0003,6,2.952,1.257,2.93,0,Medium,2,1,0.95,backtest,demand_forecast_run_20261005T130920538
2025-09-09,S12,P0022,8,2.805,1.162,2.71,0,Low,2,1,0.95,backtest,demand_forecast_run_20261005T130920538
2025-09-09,S12,P0032,16,10.223,2.91,6.79,2,Low,2,1,0.95,backtest,demand_forecast_run_20261005T130920538
2025-09-09,S12,P0053,2,1.73,1.335,3.11,3,Medium,2,1,0.95,backtest,demand_forecast_run_20261005T130920538
2025-09-09,S12,P0073,9,0.601,0.585,1.37,0,Low,2,1,0.95,backtest,demand_forecast_run_20261005T130920538
2025-09-09,S12,P0170,6,1.326,1.076,2.51,0,Low,2,1,0.95,backtest,demand_forecast_run_20261005T130920538
2025-09-09,S12,P0206,20,2.475,1.765,4.12,0,Low,2,1,0.95,backtest,demand_forecast_run_20261005T130920538
2025-09-09,S12,P0213,9,2.202,1.456,3.4,0,Low,2,1,0.95,backtest,demand_forecast_run_20261005T130920538
2025-09-09,S12,P0252,20,4.075,1.729,4.03,0,Low,2,1,0.95,backtest,demand_forecast_run_20261005T130920538
2025-09-09,S12,P0272,4,1.803,1.378,3.21,2,Low,2,1,0.95,backtest,demand_forecast_run_20261005T130920538
2025-09-09,S12,P0288,11,1.499,0.737,1.72,0,Low,2,1,0.95,backtest,demand_forecast_run_20261005T130920538
2025-09-09,S12,P0316,10,1.538,1.124,2.62,0,Low,2,1,0.95,backtest,demand_forecast_run_20261005T130920538
2025-09-09,S12,P0369,25,4.524,2.413,5.63,0,Low,2,1,0.95,backtest,demand_forecast_run_20261005T130920538
2025-09-09,S12,P0381,8,1.202,1.072,2.5,0,Low,2,1,0.95,backtest,demand_forecast_run_20261005T130920538
2025-09-09,S12,P0391,10,2.482,1.156,2.7,0,Low,2,1,0.95,backtest,demand_forecast_run_20261005T130920538
2025-09-09,S12,P0392,10,1.236,1.236,2.88,0,Low,2,1,0.95,backtest,demand_forecast_run_20261005T130920538
2025-09-09,S12,P0408,6,1.22,0.962,2.24,0,Low,2,1,0.95,backtest,demand_forecast_run_20261005T130920538
2025-09-09,S12,P0409,4,1.785,1.333,3.11,1,Medium,2,1,0.95,backtest,demand_forecast_run_20261005T130920538
2025-09-09,S12,P0433,4,0.766,0.418,0.98,0,Low,2,1,0.95,backtest,demand_forecast_run_20261005T130920538
2025-09-09,S12,P0435,14,5.859,1.753,4.09,0,Low,2,1,0.95,backtest,demand_forecast_run_20261005T130920538
2025-09-09,S12,P0445,9,0.888,0.832,1.94,0,Low,2,1,0.95,backtest,demand_forecast_run_20261005T130920538
2025-09-09,S12,P0507,41,8.398,3.242,7.56,0,Low,2,1,0.95,backtest,demand_forecast_run_20261005T130920538
2025-09-09,S12,P0563,4,2.833,1.278,2.98,2,Medium,2,1,0.95,backtest,demand_forecast_run_20261005T130920538
2025-09-09,S12,P0579,9,0.829,0.793,1.85,0,Low,2,1,0.95,backtest,demand_forecast_run_20261005T130920538
2025-09-09,S12,P0589,9,2.476,1.215,2.84,0,Low,2,1,0.95,backtest,demand_forecast_run_20261005T130920538
2025-09-10,S01,P0003,9,3.597,1.481,3.46,0,Low,2,1,0.95,backtest,demand_forecast_run_20261005T130920538
2025-09-10,S01,P0022,11,3.338,1.729,4.03,0,Low,2,1,0.95,backtest,demand_forecast_run_20261005T130920538
2025-09-10,S01,P0032,19,11.467,3.448,8.05,1,Low,2,1,0.95,backtest,demand_forecast_run_20261005T130920538
2025-09-10,S01,P0053,8,1.09,0.819,1.91,0,Low,2,1,0.95,backtest,demand_forecast_run_20261005T130920538
2025-09-10,S01,P0073,7,1.57,1.138,2.66,0,Low,2,1,0.95,backtest,demand_forecast_run_20261005T130920538
2025-09-10,S01,P0170,5,1.787,0.92,2.15,0,Low,2,1,0.95,backtest,demand_forecast_run_20261005T130920538
2025-09-10,S01,P0206,17,3.392,1.12,2.61,0,Low,2,1,0.95,backtest,demand_forecast_run_20261005T130920538
2025-09-10,S01,P0213,9,2.666,1.086,2.53,0,Low,2,1,0.95,backtest,demand_forecast_run_20261005T130920538
2025-09-10,S01,P0252,6,5.716,2.001,4.67,5,Medium,2,1,0.95,backtest,demand_forecast_run_20261005T130920538
2025-09-10,S01,P0272,8,1.989,0.905,2.11,0,Low,2,1,0.95,backtest,demand_forecast_run_20261005T130920538
2025-09-10,S01,P0288,11,2.472,1.286,3,0,Low,2,1,0.95,backtest,demand_forecast_run_20261005T130920538
2025-09-10,S01,P0316,10,0.905,0.659,1.54,0,Low,2,1,0.95,backtest,demand_forecast_run_20261005T130920538
2025-09-10,S01,P0369,15,5.559,2.2,5.13,0,Low,2,1,0.95,backtest,demand_forecast_run_20261005T130920538
2025-09-10,S01,P0381,9,1.78,1.133,2.64,0,Low,2,1,0.95,backtest,demand_forecast_run_20261005T130920538
2025-09-10,S01,P0391,12,4.722,1.771,4.13,0,Low,2,1,0.95,backtest,demand_forecast_run_20261005T130920538
2025-09-10,S01,P0392,7,1.218,0.685,1.6,0,Low,2,1,0.95,backtest,demand_forecast_run_20261005T130920538
2025-09-10,S01,P0408,9,2.436,0.832,1.94,0,Low,2,1,0.95,backtest,demand_forecast_run_20261005T130920538
2025-09-10,S01,P0409,0,1.996,1.02,2.38,5,High,2,1,0.95,backtest,demand_forecast_run_20261005T130920538
2025-09-10,S01,P0433,7,0.933,0.723,1.69,0,Low,2,1,0.95,backtest,demand_forecast_run_20261005T130920538
2025-09-10,S01,P0435,18,5.817,1.451,3.39,0,Low,2,1,0.95,backtest,demand_forecast_run_20261005T130920538
2025-09-10,S01,P0445,6,2.328,1.37,3.2,0,Low,2,1,0.95,backtest,demand_forecast_run_20261005T130920538
2025-09-10,S01,P0507,11,9.682,1.697,3.96,3,Medium,2,1,0.95,backtest,demand_forecast_run_20261005T130920538
2025-09-10,S01,P0563,6,3.454,1.541,3.6,2,Medium,2,1,0.95,backtest,demand_forecast_run_20261005T130920538
2025-09-10,S01,P0579,5,1.562,1.311,3.06,0,Low,2,1,0.95,backtest,demand_forecast_run_20261005T130920538
2025-09-10,S01,P0589,4,2.672,1.585,3.7,3,Medium,2,1,0.95,backtest,demand_forecast_run_20261005T130920538
2025-09-10,S02,P0003,0,4.142,1.449,3.38,8,High,2,1,0.95,backtest,demand_forecast_run_20261005T130920538
2025-09-10,S02,P0022,9,4.201,1.574,3.67,0,Low,2,1,0.95,backtest,demand_forecast_run_20261005T130920538
2025-09-10,S02,P0032,29,10.894,2.725,6.36,0,Low,2,1,0.95,backtest,demand_forecast_run_20261005T130920538
2025-09-10,S02,P0053,9,0.341,0.356,0.83,0,Low,2,1,0.95,backtest,demand_forecast_run_20261005T130920538
2025-09-10,S02,P0073,3,1.208,0.786,1.83,1,Medium,2,1,0.95,backtest,demand_forecast_run_20261005T130920538
2025-09-10,S02,P0170,5,1.455,0.922,2.15,0,Low,2,1,0.95,backtest,demand_forecast_run_20261005T130920538
2025-09-10,S02,P0206,13,4.34,1.571,3.67,0,Low,2,1,0.95,backtest,demand_forecast_run_20261005T130920538
2025-09-10,S02,P0213,14,2.987,1.756,4.1,0,Low,2,1,0.95,backtest,demand_forecast_run_20261005T130920538
2025-09-10,S02,P0252,8,5.072,1.602,3.74,1,Low,2,1,0.95,backtest,demand_forecast_run_20261005T130920538
2025-09-10,S02,P0272,8,1.648,1.138,2.66,0,Low,2,1,0.95,backtest,demand_forecast_run_20261005T130920538
2025-09-10,S02,P0288,3,3.072,1.155,2.69,3,High,2,1,0.95,backtest,demand_forecast_run_20261005T130920538
2025-09-10,S02,P0316,2,1.335,0.836,1.95,2,Medium,2,1,0.95,backtest,demand_forecast_run_20261005T130920538
2025-09-10,S02,P0369,25,5.031,1.867,4.36,0,Low,2,1,0.95,backtest,demand_forecast_run_20261005T130920538
2025-09-10,S02,P0381,7,1.868,1.133,2.64,0,Low,2,1,0.95,backtest,demand_forecast_run_20261005T130920538
2025-09-10,S02,P0391,12,4.43,1.737,4.05,0,Low,2,1,0.95,backtest,demand_forecast_run_20261005T130920538
2025-09-10,S02,P0392,5,0.958,1.069,2.49,0,Low,2,1,0.95,backtest,demand_forecast_run_20261005T130920538
2025-09-10,S02,P0408,9,3.229,0.956,2.23,0,Low,2,1,0.95,backtest,demand_forecast_run_20261005T130920538
2025-09-10,S02,P0409,12,3.322,1.319,3.08,0,Low,2,1,0.95,backtest,demand_forecast_run_20261005T130920538
2025-09-10,S02,P0433,4,0.609,0.897,2.09,0,Low,2,1,0.95,backtest,demand_forecast_run_20261005T130920538
2025-09-10,S02,P0435,6,8.448,1.838,4.29,7,High,2,1,0.95,backtest,demand_forecast_run_20261005T130920538
2025-09-10,S02,P0445,12,1.713,1.283,2.99,0,Low,2,1,0.95,backtest,demand_forecast_run_20261005T130920538
2025-09-10,S02,P0507,28,10.946,1.95,4.55,0,Low,2,1,0.95,backtest,demand_forecast_run_20261005T130920538
2025-09-10,S02,P0563,12,4.394,1.794,4.19,0,Low,2,1,0.95,backtest,demand_forecast_run_20261005T130920538
2025-09-10,S02,P0579,9,1.623,1.175,2.74,0,Low,2,1,0.95,backtest,demand_forecast_run_20261005T130920538
2025-09-10,S02,P0589,8,1.841,1.15,2.68,0,Low,2,1,0.95,backtest,demand_forecast_run_20261005T130920538
2025-09-10,S03,P0003,14,3.534,1.397,3.26,0,Low,2,1,0.95,backtest,demand_forecast_run_20261005T130920538
2025-09-10,S03,P0022,13,2.286,1.484,3.46,0,Low,2,1,0.95,backtest,demand_forecast_run_20261005T130920538
2025-09-10,S03,P0032,15,11.014,2.435,5.68,2,Medium,2,1,0.95,backtest,demand_forecast_run_20261005T130920538
2025-09-10,S03,P0053,6,1.544,1.206,2.81,0,Low,2,1,0.95,backtest,demand_forecast_run_20261005T130920538
2025-09-10,S03,P0073,1,0.45,0.315,0.73,1,Medium,2,1,0.95,backtest,demand_forecast_run_20261005T130920538
2025-09-10,S03,P0170,11,2.281,0.836,1.95,0,Low,2,1,0.95,backtest,demand_forecast_run_20261005T130920538
2025-09-10,S03,P0206,7,3.963,1.287,3,0,Low,2,1,0.95,backtest,demand_forecast_run_20261005T130920538
2025-09-10,S03,P0213,11,1.888,0.945,2.2,0,Low,2,1,0.95,backtest,demand_forecast_run_20261005T130920538
2025-09-10,S03,P0252,18,4.714,2.365,5.52,0,Low,2,1,0.95,backtest,demand_forecast_run_20261005T130920538
2025-09-10,S03,P0272,9,1.65,0.737,1.72,0,Low,2,1,0.95,backtest,demand_forecast_run_20261005T130920538
2025-09-10,S03,P0288,6,2.414,0.922,2.15,0,Low,2,1,0.95,backtest,demand_forecast_run_20261005T130920538
2025-09-10,S03,P0316,11,1.865,1.136,2.65,0,Low,2,1,0.95,backtest,demand_forecast_run_20261005T130920538
2025-09-10,S03,P0369,15,4.908,1.799,4.2,0,Low,2,1,0.95,backtest,demand_forecast_run_20261005T130920538
2025-09-10,S03,P0381,6,1.05,0.441,1.03,0,Low,2,1,0.95,backtest,demand_forecast_run_20261005T130920538
2025-09-10,S03,P0391,6,3.971,2.243,5.23,4,Medium,2,1,0.95,backtest,demand_forecast_run_20261005T130920538
2025-09-10,S03,P0392,6,0.86,0.573,1.34,0,Low,2,1,0.95,backtest,demand_forecast_run_20261005T130920538
2025-09-10,S03,P0408,11,0.946,0.568,1.33,0,Low,2,1,0.95,backtest,demand_forecast_run_20261005T130920538
2025-09-10,S03,P0409,5,2.072,0.863,2.01,0,Low,2,1,0.95,backtest,demand_forecast_run_20261005T130920538
2025-09-10,S03,P0433,6,0.384,0.416,0.97,0,Low,2,1,0.95,backtest,demand_forecast_run_20261005T130920538
2025-09-10,S03,P0435,17,6.871,1.188,2.77,0,Low,2,1,0.95,backtest,demand_forecast_run_20261005T130920538
2025-09-10,S03,P0445,8,1.122,0.685,1.6,0,Low,2,1,0.95,backtest,demand_forecast_run_20261005T130920538
2025-09-10,S03,P0507,37,10.712,2.222,5.18,0,Low,2,1,0.95,backtest,demand_forecast_run_20261005T130920538
2025-09-10,S03,P0563,17,3.901,1.245,2.91,0,Low,2,1,0.95,backtest,demand_forecast_run_20261005T130920538
2025-09-10,S03,P0579,1,1.418,1.261,2.94,4,High,2,1,0.95,backtest,demand_forecast_run_20261005T130920538
2025-09-10,S03,P0589,9,3.42,1.438,3.36,0,Low,2,1,0.95,backtest,demand_forecast_run_20261005T130920538
2025-09-10,S04,P0003,15,2.998,1.089,2.54,0,Low,2,1,0.95,backtest,demand_forecast_run_20261005T130920538
2025-09-10,S04,P0022,15,1.799,0.916,2.14,0,Low,2,1,0.95,backtest,demand_forecast_run_20261005T130920538
2025-09-10,S04,P0032,23,8.963,3.393,7.92,0,Low,2,1,0.95,backtest,demand_forecast_run_20261005T130920538
2025-09-10,S04,P0053,12,0.793,0.745,1.74,0,Low,2,1,0.95,backtest,demand_forecast_run_20261005T130920538
2025-09-10,S04,P0073,2,1.129,0.612,1.43,1,Medium,2,1,0.95,backtest,demand_forecast_run_20261005T130920538
2025-09-10,S04,P0170,7,2.289,0.793,1.85,0,Low,2,1,0.95,backtest,demand_forecast_run_20261005T130920538
2025-09-10,S04,P0206,3,3.601,1.471,3.43,5,High,2,1,0.95,backtest,demand_forecast_run_20261005T130920538
2025-09-10,S04,P0213,8,1.267,0.962,2.25,0,Low,2,1,0.95,backtest,demand_forecast_run_20261005T130920538
2025-09-10,S04,P0252,9,2.52,1.489,3.47,0,Low,2,1,0.95,backtest,demand_forecast_run_20261005T130920538
2025-09-10,S04,P0272,4,2.007,0.959,2.24,1,Low,2,1,0.95,backtest,demand_forecast_run_20261005T130920538
2025-09-10,S04,P0288,5,1.89,0.79,1.84,0,Low,2,1,0.95,backtest,demand_forecast_run_20261005T130920538
2025-09-10,S04,P0316,6,0.663,0.701,1.63,0,Low,2,1,0.95,backtest,demand_forecast_run_20261005T130920538
2025-09-10,S04,P0369,19,4.026,1.506,3.51,0,Low,2,1,0.95,backtest,demand_forecast_run_20261005T130920538
2025-09-10,S04,P0381,7,1.756,1,2.33,0,Low,2,1,0.95,backtest,demand_forecast_run_20261005T130920538
2025-09-10,S04,P0391,5,2.379,1.319,3.08,1,Medium,2,1,0.95,backtest,demand_forecast_run_20261005T130920538
2025-09-10,S04,P0392,9,0.575,0.418,0.98,0,Low,2,1,0.95,backtest,demand_forecast_run_20261005T130920538
2025-09-10,S04,P0408,8,1.713,1.036,2.42,0,Low,2,1,0.95,backtest,demand_forecast_run_20261005T130920538
2025-09-10,S04,P0409,12,1.405,1.101,2.57,0,Low,2,1,0.95,backtest,demand_forecast_run_20261005T130920538
2025-09-10,S04,P0433,5,0.329,0.315,0.73,0,Low,2,1,0.95,backtest,demand_forecast_run_20261005T130920538
2025-09-10,S04,P0435,10,6.496,1.972,4.6,2,Low,2,1,0.95,backtest,demand_forecast_run_20261005T130920538
2025-09-10,S04,P0445,9,0.991,0.737,1.72,0,Low,2,1,0.95,backtest,demand_forecast_run_20261005T130920538
2025-09-10,S04,P0507,21,7.478,2.027,4.73,0,Low,2,1,0.95,backtest,demand_forecast_run_20261005T130920538
2025-09-10,S04,P0563,14,2.258,0.87,2.03,0,Low,2,1,0.95,backtest,demand_forecast_run_20261005T130920538
2025-09-10,S04,P0579,0,0.894,1,2.33,4,High,2,1,0.95,backtest,demand_forecast_run_20261005T130920538
2025-09-10,S04,P0589,4,1.82,0.956,2.23,1,Medium,2,1,0.95,backtest,demand_forecast_run_20261005T130920538
2025-09-10,S05,P0003,10,2.874,0.959,2.24,0,Low,2,1,0.95,backtest,demand_forecast_run_20261005T130920538
2025-09-10,S05,P0022,12,4.342,1.286,3,0,Low,2,1,0.95,backtest,demand_forecast_run_20261005T130920538
2025-09-10,S05,P0032,14,10.529,3.059,7.14,4,Low,2,1,0.95,backtest,demand_forecast_run_20261005T130920538
2025-09-10,S05,P0053,7,0.974,0.922,2.15,0,Low,2,1,0.95,backtest,demand_forecast_run_20261005T130920538
2025-09-10,S05,P0073,6,0.686,0.585,1.37,0,Low,2,1,0.95,backtest,demand_forecast_run_20261005T130920538
2025-09-10,S05,P0170,3,1.469,0.742,1.73,1,Medium,2,1,0.95,backtest,demand_forecast_run_20261005T130920538
2025-09-10,S05,P0206,11,2.111,1.397,3.26,0,Low,2,1,0.95,backtest,demand_forecast_run_20261005T130920538
2025-09-10,S05,P0213,13,1.968,1.041,2.43,0,Low,2,1,0.95,backtest,demand_forecast_run_20261005T130920538
2025-09-10,S05,P0252,16,5.131,1.531,3.57,0,Low,2,1,0.95,backtest,demand_forecast_run_20261005T130920538
2025-09-10,S05,P0272,3,1.764,0.911,2.13,1,Medium,2,1,0.95,backtest,demand_forecast_run_20261005T130920538
2025-09-10,S05,P0288,6,2.491,1.188,2.77,0,Low,2,1,0.95,backtest,demand_forecast_run_20261005T130920538
2025-09-10,S05,P0316,7,1.52,1.311,3.06,0,Low,2,1,0.95,backtest,demand_forecast_run_20261005T130920538
2025-09-10,S05,P0369,17,3.31,2.278,5.32,0,Low,2,1,0.95,backtest,demand_forecast_run_20261005T130920538
2025-09-10,S05,P0381,10,0.686,0.645,1.51,0,Low,2,1,0.95,backtest,demand_forecast_run_20261005T130920538
2025-09-10,S05,P0391,5,2.098,1.277,2.98,1,Medium,2,1,0.95,backtest,demand_forecast_run_20261005T130920538
2025-09-10,S05,P0392,2,0.513,0.448,1.05,0,Medium,2,1,0.95,backtest,demand_forecast_run_20261005T130920538
2025-09-10,S05,P0408,8,0.594,0.548,1.28,0,Low,2,1,0.95,backtest,demand_forecast_run_20261005T130920538
2025-09-10,S05,P0409,10,2.241,1.11,2.59,0,Low,2,1,0.95,backtest,demand_forecast_run_20261005T130920538
2025-09-10,S05,P0433,6,0.491,0.476,1.11,0,Low,2,1,0.95,backtest,demand_forecast_run_20261005T130920538
2025-09-10,S05,P0435,6,5.114,1.315,3.07,3,Medium,2,1,0.95,backtest,demand_forecast_run_20261005T130920538
2025-09-10,S05,P0445,9,1.407,0.922,2.15,0,Low,2,1,0.95,backtest,demand_forecast_run_20261005T130920538
2025-09-10,S05,P0507,18,8.008,2.556,5.96,0,Low,2,1,0.95,backtest,demand_forecast_run_20261005T130920538
2025-09-10,S05,P0563,10,3.234,1.827,4.26,0,Low,2,1,0.95,backtest,demand_forecast_run_20261005T130920538
2025-09-10,S05,P0579,7,0.64,0.499,1.16,0,Low,2,1,0.95,backtest,demand_forecast_run_20261005T130920538
2025-09-10,S05,P0589,6,3.234,1.283,2.99,1,Low,2,1,0.95,backtest,demand_forecast_run_20261005T130920538
2025-09-10,S06,P0003,12,3.186,1.362,3.18,0,Low,2,1,0.95,backtest,demand_forecast_run_20261005T130920538
2025-09-10,S06,P0022,9,2.43,1.305,3.05,0,Low,2,1,0.95,backtest,demand_forecast_run_20261005T130920538
2025-09-10,S06,P0032,38,13.658,2.886,6.73,0,Low,2,1,0.95,backtest,demand_forecast_run_20261005T130920538
2025-09-10,S06,P0053,8,1.859,1.721,4.02,0,Low,2,1,0.95,backtest,demand_forecast_run_20261005T130920538
2025-09-10,S06,P0073,6,3.086,1.086,2.53,0,Low,2,1,0.95,backtest,demand_forecast_run_20261005T130920538
2025-09-10,S06,P0170,8,2.065,1.156,2.7,0,Low,2,1,0.95,backtest,demand_forecast_run_20261005T130920538
2025-09-10,S06,P0206,20,6.019,3.203,7.47,0,Low,2,1,0.95,backtest,demand_forecast_run_20261005T130920538
2025-09-10,S06,P0213,9,4.974,1.691,3.95,0,Low,2,1,0.95,backtest,demand_forecast_run_20261005T130920538
2025-09-10,S06,P0252,20,6.117,2.056,4.8,0,Low,2,1,0.95,backtest,demand_forecast_run_20261005T130920538
2025-09-10,S06,P0272,7,2.136,1.026,2.39,0,Low,2,1,0.95,backtest,demand_forecast_run_20261005T130920538
2025-09-10,S06,P0288,9,2.352,1.084,2.53,0,Low,2,1,0.95,backtest,demand_forecast_run_20261005T130920538
2025-09-10,S06,P0316,11,2.08,1.124,2.62,0,Low,2,1,0.95,backtest,demand_forecast_run_20261005T130920538
2025-09-10,S06,P0369,21,7.971,2.301,5.37,0,Low,2,1,0.95,backtest,demand_forecast_run_20261005T130920538
2025-09-10,S06,P0381,11,2.255,1.249,2.91,0,Low,2,1,0.95,backtest,demand_forecast_run_20261005T130920538
2025-09-10,S06,P0391,15,3.187,2.339,5.46,0,Low,2,1,0.95,backtest,demand_forecast_run_20261005T130920538
2025-09-10,S06,P0392,7,1.675,1.066,2.49,0,Low,2,1,0.95,backtest,demand_forecast_run_20261005T130920538
2025-09-10,S06,P0408,5,2.43,1.197,2.79,1,Medium,2,1,0.95,backtest,demand_forecast_run_20261005T130920538
2025-09-10,S06,P0409,10,2.417,1.1,2.57,0,Low,2,1,0.95,backtest,demand_forecast_run_20261005T130920538
2025-09-10,S06,P0433,5,1.197,0.916,2.14,0,Low,2,1,0.95,backtest,demand_forecast_run_20261005T130920538
2025-09-10,S06,P0435,9,8.349,1.875,4.38,4,Medium,2,1,0.95,backtest,demand_forecast_run_20261005T130920538
2025-09-10,S06,P0445,9,2.942,1.166,2.72,0,Low,2,1,0.95,backtest,demand_forecast_run_20261005T130920538
2025-09-10,S06,P0507,37,13.299,3.271,7.63,0,Low,2,1,0.95,backtest,demand_forecast_run_20261005T130920538
2025-09-10,S06,P0563,14,3.442,1.319,3.08,0,Low,2,1,0.95,backtest,demand_forecast_run_20261005T130920538
2025-09-10,S06,P0579,7,2.514,1.412,3.3,0,Low,2,1,0.95,backtest,demand_forecast_run_20261005T130920538
2025-09-10,S06,P0589,18,2.8,1.036,2.42,0,Low,2,1,0.95,backtest,demand_forecast_run_20261005T130920538
2025-09-10,S07,P0003,9,2.928,1.066,2.49,0,Low,2,1,0.95,backtest,demand_forecast_run_20261005T130920538
2025-09-10,S07,P0022,12,3.494,1.38,3.22,0,Low,2,1,0.95,backtest,demand_forecast_run_20261005T130920538
2025-09-10,S07,P0032,27,11.716,2.5,5.83,0,Low,2,1,0.95,backtest,demand_forecast_run_20261005T130920538
2025-09-10,S07,P0053,5,0.815,0.742,1.73,0,Low,2,1,0.95,backtest,demand_forecast_run_20261005T130920538
2025-09-10,S07,P0073,8,0.471,0.448,1.05,0,Low,2,1,0.95,backtest,demand_forecast_run_20261005T130920538
2025-09-10,S07,P0170,9,1.007,0.959,2.24,0,Low,2,1,0.95,backtest,demand_forecast_run_20261005T130920538
2025-09-10,S07,P0206,10,2.836,1.508,3.52,0,Low,2,1,0.95,backtest,demand_forecast_run_20261005T130920538
2025-09-10,S07,P0213,5,2.278,1.044,2.44,0,Low,2,1,0.95,backtest,demand_forecast_run_20261005T130920538
2025-09-10,S07,P0252,13,3.463,1.592,3.71,0,Low,2,1,0.95,backtest,demand_forecast_run_20261005T130920538
2025-09-10,S07,P0272,6,0.825,0.701,1.63,0,Low,2,1,0.95,backtest,demand_forecast_run_20261005T130920538
2025-09-10,S07,P0288,9,2.356,1.041,2.43,0,Low,2,1,0.95,backtest,demand_forecast_run_20261005T130920538
2025-09-10,S07,P0316,6,0.709,0.568,1.33,0,Low,2,1,0.95,backtest,demand_forecast_run_20261005T130920538
2025-09-10,S07,P0369,20,4.794,1.55,3.62,0,Low,2,1,0.95,backtest,demand_forecast_run_20261005T130920538
2025-09-10,S07,P0381,8,0.943,0.6,1.4,0,Low,2,1,0.95,backtest,demand_forecast_run_20261005T130920538
2025-09-10,S07,P0391,1,3.123,2.059,4.8,7,High,2,1,0.95,backtest,demand_forecast_run_20261005T130920538
2025-09-10,S07,P0392,10,1.859,0.957,2.23,0,Low,2,1,0.95,backtest,demand_forecast_run_20261005T130920538
2025-09-10,S07,P0408,8,1.363,1.201,2.8,0,Low,2,1,0.95,backtest,demand_forecast_run_20261005T130920538
2025-09-10,S07,P0409,1,2.151,1.261,2.94,5,High,2,1,0.95,backtest,demand_forecast_run_20261005T130920538
2025-09-10,S07,P0433,6,0.254,0.416,0.97,0,Low,2,1,0.95,backtest,demand_forecast_run_20261005T130920538
2025-09-10,S07,P0435,8,5.048,1.707,3.98,2,Low,2,1,0.95,backtest,demand_forecast_run_20261005T130920538
2025-09-10,S07,P0445,5,1.164,0.786,1.83,0,Low,2,1,0.95,backtest,demand_forecast_run_20261005T130920538
2025-09-10,S07,P0507,23,7.618,2.251,5.25,0,Low,2,1,0.95,backtest,demand_forecast_run_20261005T130920538
2025-09-10,S07,P0563,13,3.3,1.333,3.11,0,Low,2,1,0.95,backtest,demand_forecast_run_20261005T130920538
2025-09-10,S07,P0579,4,1.116,0.923,2.15,0,Low,2,1,0.95,backtest,demand_forecast_run_20261005T130920538
2025-09-10,S07,P0589,7,2.361,1.031,2.4,0,Low,2,1,0.95,backtest,demand_forecast_run_20261005T130920538
2025-09-10,S08,P0003,18,4.113,1.768,4.13,0,Low,2,1,0.95,backtest,demand_forecast_run_20261005T130920538
2025-09-10,S08,P0022,12,4.879,1.592,3.71,0,Low,2,1,0.95,backtest,demand_forecast_run_20261005T130920538
2025-09-10,S08,P0032,18,14.155,3.047,7.11,4,Medium,2,1,0.95,backtest,demand_forecast_run_20261005T130920538
2025-09-10,S08,P0053,3,1.474,1.371,3.2,2,Medium,2,1,0.95,backtest,demand_forecast_run_20261005T130920538
2025-09-10,S08,P0073,7,1.446,1.036,2.42,0,Low,2,1,0.95,backtest,demand_forecast_run_20261005T130920538
2025-09-10,S08,P0170,5,1.805,0.881,2.06,0,Low,2,1,0.95,backtest,demand_forecast_run_20261005T130920538
2025-09-10,S08,P0206,14,5.972,1.806,4.22,0,Low,2,1,0.95,backtest,demand_forecast_run_20261005T130920538
2025-09-10,S08,P0213,8,2.174,1.331,3.11,0,Low,2,1,0.95,backtest,demand_forecast_run_20261005T130920538
2025-09-10,S08,P0252,26,7.115,2.355,5.49,0,Low,2,1,0.95,backtest,demand_forecast_run_20261005T130920538
2025-09-10,S08,P0272,9,2.066,1.182,2.76,0,Low,2,1,0.95,backtest,demand_forecast_run_20261005T130920538
2025-09-10,S08,P0288,5,3.783,1.105,2.58,2,Low,2,1,0.95,backtest,demand_forecast_run_20261005T130920538
2025-09-10,S08,P0316,5,1.405,0.742,1.73,0,Low,2,1,0.95,backtest,demand_forecast_run_20261005T130920538
2025-09-10,S08,P0369,26,5.689,2.741,6.4,0,Low,2,1,0.95,backtest,demand_forecast_run_20261005T130920538
2025-09-10,S08,P0381,9,2.273,1.475,3.44,0,Low,2,1,0.95,backtest,demand_forecast_run_20261005T130920538
2025-09-10,S08,P0391,10,3.82,1.753,4.09,0,Low,2,1,0.95,backtest,demand_forecast_run_20261005T130920538
2025-09-10,S08,P0392,11,1.917,1.397,3.26,0,Low,2,1,0.95,backtest,demand_forecast_run_20261005T130920538
2025-09-10,S08,P0408,7,1.991,1.666,3.89,0,Low,2,1,0.95,backtest,demand_forecast_run_20261005T130920538
2025-09-10,S08,P0409,14,3.323,1.442,3.36,0,Low,2,1,0.95,backtest,demand_forecast_run_20261005T130920538
2025-09-10,S08,P0433,2,0.939,0.518,1.21,1,Medium,2,1,0.95,backtest,demand_forecast_run_20261005T130920538
2025-09-10,S08,P0435,29,9.654,2.281,5.32,0,Low,2,1,0.95,backtest,demand_forecast_run_20261005T130920538
2025-09-10,S08,P0445,5,2.227,1.475,3.44,1,Low,2,1,0.95,backtest,demand_forecast_run_20261005T130920538
2025-09-10,S08,P0507,24,12.856,3.405,7.94,0,Low,2,1,0.95,backtest,demand_forecast_run_20261005T130920538
2025-09-10,S08,P0563,19,7.026,2.284,5.33,0,Low,2,1,0.95,backtest,demand_forecast_run_20261005T130920538
2025-09-10,S08,P0579,6,1.108,0.567,1.32,0,Low,2,1,0.95,backtest,demand_forecast_run_20261005T130920538
2025-09-10,S08,P0589,14,3.219,2.175,5.08,0,Low,2,1,0.95,backtest,demand_forecast_run_20261005T130920538
2025-09-10,S09,P0003,16,3.112,1.412,3.3,0,Low,2,1,0.95,backtest,demand_forecast_run_20261005T130920538
2025-09-10,S09,P0022,18,3.617,1.407,3.28,0,Low,2,1,0.95,backtest,demand_forecast_run_20261005T130920538
2025-09-10,S09,P0032,29,11.505,3.129,7.3,0,Low,2,1,0.95,backtest,demand_forecast_run_20261005T130920538
2025-09-10,S09,P0053,7,1.623,2.017,4.71,0,Low,2,1,0.95,backtest,demand_forecast_run_20261005T130920538
2025-09-10,S09,P0073,5,1.268,0.87,2.03,0,Low,2,1,0.95,backtest,demand_forecast_run_20261005T130920538
2025-09-10,S09,P0170,12,2.075,1.101,2.57,0,Low,2,1,0.95,backtest,demand_forecast_run_20261005T130920538
2025-09-10,S09,P0206,7,4.245,1.669,3.9,2,Low,2,1,0.95,backtest,demand_forecast_run_20261005T130920538
2025-09-10,S09,P0213,9,4.304,1.81,4.22,0,Low,2,1,0.95,backtest,demand_forecast_run_20261005T130920538
2025-09-10,S09,P0252,18,5.074,1.909,4.46,0,Low,2,1,0.95,backtest,demand_forecast_run_20261005T130920538
2025-09-10,S09,P0272,8,1.141,0.548,1.28,0,Low,2,1,0.95,backtest,demand_forecast_run_20261005T130920538
2025-09-10,S09,P0288,7,2.528,0.995,2.32,0,Low,2,1,0.95,backtest,demand_forecast_run_20261005T130920538
2025-09-10,S09,P0316,12,1.213,0.923,2.15,0,Low,2,1,0.95,backtest,demand_forecast_run_20261005T130920538
2025-09-10,S09,P0369,20,4.703,2.026,4.73,0,Low,2,1,0.95,backtest,demand_forecast_run_20261005T130920538
2025-09-10,S09,P0381,6,1.268,0.87,2.03,0,Low,2,1,0.95,backtest,demand_forecast_run_20261005T130920538
2025-09-10,S09,P0391,15,3.309,2.061,4.81,0,Low,2,1,0.95,backtest,demand_forecast_run_20261005T130920538
2025-09-10,S09,P0392,9,0.937,0.793,1.85,0,Low,2,1,0.95,backtest,demand_forecast_run_20261005T130920538
2025-09-10,S09,P0408,6,2.662,1.02,2.38,0,Low,2,1,0.95,backtest,demand_forecast_run_20261005T130920538
2025-09-10,S09,P0409,11,2.36,1.29,3.01,0,Low,2,1,0.95,backtest,demand_forecast_run_20261005T130920538
2025-09-10,S09,P0433,7,0.463,0.448,1.05,0,Low,2,1,0.95,backtest,demand_forecast_run_20261005T130920538
2025-09-10,S09,P0435,12,8.732,1.941,4.53,2,Low,2,1,0.95,backtest,demand_forecast_run_20261005T130920538
2025-09-10,S09,P0445,15,1.546,1.729,4.03,0,Low,2,1,0.95,backtest,demand_forecast_run_20261005T130920538
2025-09-10,S09,P0507,49,10.368,2.523,5.89,0,Low,2,1,0.95,backtest,demand_forecast_run_20261005T130920538
2025-09-10,S09,P0563,19,4.564,1.675,3.91,0,Low,2,1,0.95,backtest,demand_forecast_run_20261005T130920538
2025-09-10,S09,P0579,4,1.79,1.424,3.32,2,Low,2,1,0.95,backtest,demand_forecast_run_20261005T130920538
2025-09-10,S09,P0589,12,4.563,1.814,4.23,0,Low,2,1,0.95,backtest,demand_forecast_run_20261005T130920538
2025-09-10,S10,P0003,14,3.43,1.585,3.7,0,Low,2,1,0.95,backtest,demand_forecast_run_20261005T130920538
2025-09-10,S10,P0022,12,2.404,1.325,3.09,0,Low,2,1,0.95,backtest,demand_forecast_run_20261005T130920538
2025-09-10,S10,P0032,25,10.033,2.912,6.8,0,Low,2,1,0.95,backtest,demand_forecast_run_20261005T130920538
2025-09-10,S10,P0053,8,0.466,0.854,1.99,0,Low,2,1,0.95,backtest,demand_forecast_run_20261005T130920538
2025-09-10,S10,P0073,4,1.065,0.723,1.69,0,Low,2,1,0.95,backtest,demand_forecast_run_20261005T130920538
2025-09-10,S10,P0170,8,1.444,0.881,2.06,0,Low,2,1,0.95,backtest,demand_forecast_run_20261005T130920538
2025-09-10,S10,P0206,6,3.192,0.967,2.26,0,Low,2,1,0.95,backtest,demand_forecast_run_20261005T130920538
2025-09-10,S10,P0213,3,2.85,1.427,3.33,4,Medium,2,1,0.95,backtest,demand_forecast_run_20261005T130920538
2025-09-10,S10,P0252,17,3.699,1.707,3.98,0,Low,2,1,0.95,backtest,demand_forecast_run_20261005T130920538
2025-09-10,S10,P0272,8,0.71,0.418,0.98,0,Low,2,1,0.95,backtest,demand_forecast_run_20261005T130920538
2025-09-10,S10,P0288,8,1.752,0.997,2.33,0,Low,2,1,0.95,backtest,demand_forecast_run_20261005T130920538
2025-09-10,S10,P0316,8,1.216,0.713,1.66,0,Low,2,1,0.95,backtest,demand_forecast_run_20261005T130920538
2025-09-10,S10,P0369,7,4.555,1.464,3.42,1,Medium,2,1,0.95,backtest,demand_forecast_run_20261005T130920538
2025-09-10,S10,P0381,7,1.893,0.997,2.33,0,Low,2,1,0.95,backtest,demand_forecast_run_20261005T130920538
2025-09-10,S10,P0391,14,2.741,1.722,4.02,0,Low,2,1,0.95,backtest,demand_forecast_run_20261005T130920538
2025-09-10,S10,P0392,3,0.892,0.629,1.47,0,Medium,2,1,0.95,backtest,demand_forecast_run_20261005T130920538
2025-09-10,S10,P0408,0,1.359,0.879,2.05,4,High,2,1,0.95,backtest,demand_forecast_run_20261005T130920538
2025-09-10,S10,P0409,14,2.343,1.11,2.59,0,Low,2,1,0.95,backtest,demand_forecast_run_20261005T130920538
2025-09-10,S10,P0433,4,0.666,0.518,1.21,0,Low,2,1,0.95,backtest,demand_forecast_run_20261005T130920538
2025-09-10,S10,P0435,10,5.804,1.988,4.64,1,Low,2,1,0.95,backtest,demand_forecast_run_20261005T130920538
2025-09-10,S10,P0445,4,1.231,0.962,2.24,0,Low,2,1,0.95,backtest,demand_forecast_run_20261005T130920538
2025-09-10,S10,P0507,41,9.278,2.349,5.48,0,Low,2,1,0.95,backtest,demand_forecast_run_20261005T130920538
2025-09-10,S10,P0563,10,4.613,1.833,4.28,0,Low,2,1,0.95,backtest,demand_forecast_run_20261005T130920538
2025-09-10,S10,P0579,7,1.227,0.685,1.6,0,Low,2,1,0.95,backtest,demand_forecast_run_20261005T130920538
2025-09-10,S10,P0589,6,2.515,1.101,2.57,0,Low,2,1,0.95,backtest,demand_forecast_run_20261005T130920538
2025-09-10,S11,P0003,9,4.458,1.343,3.13,0,Low,2,1,0.95,backtest,demand_forecast_run_20261005T130920538
2025-09-10,S11,P0022,7,5.269,1.679,3.92,3,Low,2,1,0.95,backtest,demand_forecast_run_20261005T130920538
2025-09-10,S11,P0032,24,16.322,2.378,5.55,0,Low,2,1,0.95,backtest,demand_forecast_run_20261005T130920538
2025-09-10,S11,P0053,8,1.403,1.069,2.49,0,Low,2,1,0.95,backtest,demand_forecast_run_20261005T130920538
2025-09-10,S11,P0073,7,1.292,0.962,2.24,0,Low,2,1,0.95,backtest,demand_forecast_run_20261005T130920538
2025-09-10,S11,P0170,7,2.116,1.156,2.7,0,Low,2,1,0.95,backtest,demand_forecast_run_20261005T130920538
2025-09-10,S11,P0206,2,4.331,1.782,4.16,7,High,2,1,0.95,backtest,demand_forecast_run_20261005T130920538
2025-09-10,S11,P0213,5,4.106,1.56,3.64,3,Medium,2,1,0.95,backtest,demand_forecast_run_20261005T130920538
2025-09-10,S11,P0252,20,7.344,1.732,4.04,0,Low,2,1,0.95,backtest,demand_forecast_run_20261005T130920538
2025-09-10,S11,P0272,9,1.59,0.69,1.61,0,Low,2,1,0.95,backtest,demand_forecast_run_20261005T130920538
2025-09-10,S11,P0288,8,3.742,1.715,4,0,Low,2,1,0.95,backtest,demand_forecast_run_20261005T130920538
2025-09-10,S11,P0316,11,3.128,1.052,2.45,0,Low,2,1,0.95,backtest,demand_forecast_run_20261005T130920538
2025-09-10,S11,P0369,23,7.211,1.834,4.28,0,Low,2,1,0.95,backtest,demand_forecast_run_20261005T130920538
2025-09-10,S11,P0381,12,3.082,1.286,3,0,Low,2,1,0.95,backtest,demand_forecast_run_20261005T130920538
2025-09-10,S11,P0391,0,3.157,1.675,3.91,8,High,2,1,0.95,backtest,demand_forecast_run_20261005T130920538
2025-09-10,S11,P0392,9,1.7,1.219,2.84,0,Low,2,1,0.95,backtest,demand_forecast_run_20261005T130920538
2025-09-10,S11,P0408,1,2.817,1.63,3.8,6,High,2,1,0.95,backtest,demand_forecast_run_20261005T130920538
2025-09-10,S11,P0409,11,2.741,1.113,2.6,0,Low,2,1,0.95,backtest,demand_forecast_run_20261005T130920538
2025-09-10,S11,P0433,10,0.566,0.476,1.11,0,Low,2,1,0.95,backtest,demand_forecast_run_20261005T130920538
2025-09-10,S11,P0435,11,9.823,2.108,4.92,4,Low,2,1,0.95,backtest,demand_forecast_run_20261005T130920538
2025-09-10,S11,P0445,5,2.591,1.333,3.11,1,Medium,2,1,0.95,backtest,demand_forecast_run_20261005T130920538
2025-09-10,S11,P0507,61,12.031,2.67,6.23,0,Low,2,1,0.95,backtest,demand_forecast_run_20261005T130920538
2025-09-10,S11,P0563,20,5.766,2.841,6.63,0,Low,2,1,0.95,backtest,demand_forecast_run_20261005T130920538
2025-09-10,S11,P0579,2,1.942,1.1,2.57,3,Medium,2,1,0.95,backtest,demand_forecast_run_20261005T130920538
2025-09-10,S11,P0589,13,3.541,1.105,2.58,0,Low,2,1,0.95,backtest,demand_forecast_run_20261005T130920538
2025-09-10,S12,P0003,6,2.817,1.217,2.84,0,Medium,2,1,0.95,backtest,demand_forecast_run_20261005T130920538
2025-09-10,S12,P0022,5,3.251,1.2,2.8,2,Medium,2,1,0.95,backtest,demand_forecast_run_20261005T130920538
2025-09-10,S12,P0032,18,10.729,2.937,6.85,0,Low,2,1,0.95,backtest,demand_forecast_run_20261005T130920538
2025-09-10,S12,P0053,9,1.488,1.335,3.11,0,Low,2,1,0.95,backtest,demand_forecast_run_20261005T130920538
2025-09-10,S12,P0073,8,0.884,0.6,1.4,0,Low,2,1,0.95,backtest,demand_forecast_run_20261005T130920538
2025-09-10,S12,P0170,6,1.388,1.076,2.51,0,Low,2,1,0.95,backtest,demand_forecast_run_20261005T130920538
2025-09-10,S12,P0206,20,3.147,1.782,4.16,0,Low,2,1,0.95,backtest,demand_forecast_run_20261005T130920538
2025-09-10,S12,P0213,9,2.226,1.456,3.4,0,Low,2,1,0.95,backtest,demand_forecast_run_20261005T130920538
2025-09-10,S12,P0252,20,3.71,1.729,4.03,0,Low,2,1,0.95,backtest,demand_forecast_run_20261005T130920538
2025-09-10,S12,P0272,3,2.431,1.371,3.2,3,Medium,2,1,0.95,backtest,demand_forecast_run_20261005T130920538
2025-09-10,S12,P0288,9,1.816,0.793,1.85,0,Low,2,1,0.95,backtest,demand_forecast_run_20261005T130920538
2025-09-10,S12,P0316,10,2.011,1.124,2.62,0,Low,2,1,0.95,backtest,demand_forecast_run_20261005T130920538
2025-09-10,S12,P0369,25,4.78,2.413,5.63,0,Low,2,1,0.95,backtest,demand_forecast_run_20261005T130920538
2025-09-10,S12,P0381,8,1.547,1.072,2.5,0,Low,2,1,0.95,backtest,demand_forecast_run_20261005T130920538
2025-09-10,S12,P0391,6,2.394,1.249,2.91,0,Low,2,1,0.95,backtest,demand_forecast_run_20261005T130920538
2025-09-10,S12,P0392,10,1.131,1.236,2.88,0,Low,2,1,0.95,backtest,demand_forecast_run_20261005T130920538
2025-09-10,S12,P0408,4,1.313,0.962,2.24,0,Medium,2,1,0.95,backtest,demand_forecast_run_20261005T130920538
2025-09-10,S12,P0409,11,2.063,1.331,3.11,0,Low,2,1,0.95,backtest,demand_forecast_run_20261005T130920538
2025-09-10,S12,P0433,1,0.92,0.67,1.56,2,Medium,2,1,0.95,backtest,demand_forecast_run_20261005T130920538
2025-09-10,S12,P0435,12,6.286,1.729,4.03,0,Low,2,1,0.95,backtest,demand_forecast_run_20261005T130920538
2025-09-10,S12,P0445,9,0.846,0.826,1.93,0,Low,2,1,0.95,backtest,demand_forecast_run_20261005T130920538
2025-09-10,S12,P0507,37,8.802,3.242,7.56,0,Low,2,1,0.95,backtest,demand_forecast_run_20261005T130920538
2025-09-10,S12,P0563,0,3.758,1.258,2.93,7,High,2,1,0.95,backtest,demand_forecast_run_20261005T130920538
2025-09-10,S12,P0579,8,0.894,0.793,1.85,0,Low,2,1,0.95,backtest,demand_forecast_run_20261005T130920538
2025-09-10,S12,P0589,9,2.616,1.215,2.84,0,Low,2,1,0.95,backtest,demand_forecast_run_20261005T130920538
2025-09-11,S01,P0003,9,3.747,1.492,3.48,0,Low,2,1,0.95,backtest,demand_forecast_run_20261005T130920538
2025-09-11,S01,P0022,8,4.174,1.744,4.07,1,Low,2,1,0.95,backtest,demand_forecast_run_20261005T130920538
2025-09-11,S01,P0032,18,11.937,3.509,8.19,3,Low,2,1,0.95,backtest,demand_forecast_run_20261005T130920538
2025-09-11,S01,P0053,6,1.391,0.875,2.04,0,Low,2,1,0.95,backtest,demand_forecast_run_20261005T130920538
2025-09-11,S01,P0073,6,1.826,1.136,2.65,0,Low,2,1,0.95,backtest,demand_forecast_run_20261005T130920538
2025-09-11,S01,P0170,4,1.908,0.916,2.14,1,Medium,2,1,0.95,backtest,demand_forecast_run_20261005T130920538
2025-09-11,S01,P0206,16,4.575,1.12,2.61,0,Low,2,1,0.95,backtest,demand_forecast_run_20261005T130920538
2025-09-11,S01,P0213,9,3.062,1.079,2.52,0,Low,2,1,0.95,backtest,demand_forecast_run_20261005T130920538
2025-09-11,S01,P0252,22,7.022,2.001,4.67,0,Low,2,1,0.95,backtest,demand_forecast_run_20261005T130920538
2025-09-11,S01,P0272,8,2.168,0.905,2.11,0,Low,2,1,0.95,backtest,demand_forecast_run_20261005T130920538
2025-09-11,S01,P0288,10,2.998,1.283,2.99,0,Low,2,1,0.95,backtest,demand_forecast_run_20261005T130920538
2025-09-11,S01,P0316,9,1.22,0.659,1.54,0,Low,2,1,0.95,backtest,demand_forecast_run_20261005T130920538
2025-09-11,S01,P0369,15,5.931,2.218,5.18,0,Low,2,1,0.95,backtest,demand_forecast_run_20261005T130920538
2025-09-11,S01,P0381,6,2.282,1.213,2.83,0,Low,2,1,0.95,backtest,demand_forecast_run_20261005T130920538
2025-09-11,S01,P0391,12,4.931,1.771,4.13,0,Low,2,1,0.95,backtest,demand_forecast_run_20261005T130920538
2025-09-11,S01,P0392,7,1.067,0.612,1.43,0,Low,2,1,0.95,backtest,demand_forecast_run_20261005T130920538
2025-09-11,S01,P0408,7,1.983,0.832,1.94,0,Low,2,1,0.95,backtest,demand_forecast_run_20261005T130920538
2025-09-11,S01,P0409,13,1.928,1.005,2.34,0,Low,2,1,0.95,backtest,demand_forecast_run_20261005T130920538
2025-09-11,S01,P0433,7,0.787,0.645,1.51,0,Low,2,1,0.95,backtest,demand_forecast_run_20261005T130920538
2025-09-11,S01,P0435,15,6.828,1.478,3.45,0,Low,2,1,0.95,backtest,demand_forecast_run_20261005T130920538
2025-09-11,S01,P0445,6,2.536,1.362,3.18,0,Low,2,1,0.95,backtest,demand_forecast_run_20261005T130920538
2025-09-11,S01,P0507,42,11.137,1.641,3.83,0,Low,2,1,0.95,backtest,demand_forecast_run_20261005T130920538
2025-09-11,S01,P0563,13,4.108,1.56,3.64,0,Low,2,1,0.95,backtest,demand_forecast_run_20261005T130920538
2025-09-11,S01,P0579,4,1.744,1.307,3.05,1,Low,2,1,0.95,backtest,demand_forecast_run_20261005T130920538
2025-09-11,S01,P0589,15,2.725,1.533,3.58,0,Low,2,1,0.95,backtest,demand_forecast_run_20261005T130920538
2025-09-11,S02,P0003,0,4.415,1.476,3.45,8,High,2,1,0.95,backtest,demand_forecast_run_20261005T130920538
2025-09-11,S02,P0022,9,4.698,1.595,3.72,0,Low,2,1,0.95,backtest,demand_forecast_run_20261005T130920538
2025-09-11,S02,P0032,25,11.589,2.313,5.4,0,Low,2,1,0.95,backtest,demand_forecast_run_20261005T130920538
2025-09-11,S02,P0053,5,0.666,0.81,1.89,0,Low,2,1,0.95,backtest,demand_forecast_run_20261005T130920538
2025-09-11,S02,P0073,8,1.548,0.838,1.96,0,Low,2,1,0.95,backtest,demand_forecast_run_20261005T130920538
2025-09-11,S02,P0170,5,1.688,0.922,2.15,0,Low,2,1,0.95,backtest,demand_forecast_run_20261005T130920538
2025-09-11,S02,P0206,9,6.476,1.571,3.67,2,Low,2,1,0.95,backtest,demand_forecast_run_20261005T130920538
2025-09-11,S02,P0213,14,3.232,1.771,4.13,0,Low,2,1,0.95,backtest,demand_forecast_run_20261005T130920538
2025-09-11,S02,P0252,6,6.2,1.584,3.7,4,High,2,1,0.95,backtest,demand_forecast_run_20261005T130920538
2025-09-11,S02,P0272,5,2.143,1.224,2.86,1,Low,2,1,0.95,backtest,demand_forecast_run_20261005T130920538
2025-09-11,S02,P0288,11,3.906,1.138,2.66,0,Low,2,1,0.95,backtest,demand_forecast_run_20261005T130920538
2025-09-11,S02,P0316,9,1.827,0.786,1.83,0,Low,2,1,0.95,backtest,demand_forecast_run_20261005T130920538
2025-09-11,S02,P0369,24,5.344,1.853,4.32,0,Low,2,1,0.95,backtest,demand_forecast_run_20261005T130920538
2025-09-11,S02,P0381,7,2.024,1.133,2.64,0,Low,2,1,0.95,backtest,demand_forecast_run_20261005T130920538
2025-09-11,S02,P0391,10,4.494,1.698,3.96,0,Low,2,1,0.95,backtest,demand_forecast_run_20261005T130920538
2025-09-11,S02,P0392,5,1.114,1.069,2.49,0,Low,2,1,0.95,backtest,demand_forecast_run_20261005T130920538
2025-09-11,S02,P0408,7,4.203,0.983,2.29,0,Low,2,1,0.95,backtest,demand_forecast_run_20261005T130920538
2025-09-11,S02,P0409,12,3.598,1.162,2.71,0,Low,2,1,0.95,backtest,demand_forecast_run_20261005T130920538
2025-09-11,S02,P0433,3,0.697,0.905,2.11,0,Medium,2,1,0.95,backtest,demand_forecast_run_20261005T130920538
2025-09-11,S02,P0435,23,10.237,1.843,4.3,0,Low,2,1,0.95,backtest,demand_forecast_run_20261005T130920538
2025-09-11,S02,P0445,12,2.208,1.283,2.99,0,Low,2,1,0.95,backtest,demand_forecast_run_20261005T130920538
2025-09-11,S02,P0507,26,13.864,1.99,4.64,0,Low,2,1,0.95,backtest,demand_forecast_run_20261005T130920538
2025-09-11,S02,P0563,9,4.405,1.786,4.17,0,Low,2,1,0.95,backtest,demand_forecast_run_20261005T130920538
2025-09-11,S02,P0579,9,1.704,1.096,2.56,0,Low,2,1,0.95,backtest,demand_forecast_run_20261005T130920538
2025-09-11,S02,P0589,8,2.007,1.15,2.68,0,Low,2,1,0.95,backtest,demand_forecast_run_20261005T130920538
2025-09-11,S03,P0003,12,3.445,1.389,3.24,0,Low,2,1,0.95,backtest,demand_forecast_run_20261005T130920538
2025-09-11,S03,P0022,12,2.532,1.474,3.44,0,Low,2,1,0.95,backtest,demand_forecast_run_20261005T130920538
2025-09-11,S03,P0032,9,11.15,2.47,5.76,8,High,2,1,0.95,backtest,demand_forecast_run_20261005T130920538
2025-09-11,S03,P0053,4,1.572,1.056,2.46,1,Medium,2,1,0.95,backtest,demand_forecast_run_20261005T130920538
2025-09-11,S03,P0073,1,0.525,0.315,0.73,1,Medium,2,1,0.95,backtest,demand_forecast_run_20261005T130920538
2025-09-11,S03,P0170,9,2.556,0.87,2.03,0,Low,2,1,0.95,backtest,demand_forecast_run_20261005T130920538
2025-09-11,S03,P0206,6,4.985,1.287,3,2,Medium,2,1,0.95,backtest,demand_forecast_run_20261005T130920538
2025-09-11,S03,P0213,10,1.833,0.832,1.94,0,Low,2,1,0.95,backtest,demand_forecast_run_20261005T130920538
2025-09-11,S03,P0252,18,4.677,2.183,5.09,0,Low,2,1,0.95,backtest,demand_forecast_run_20261005T130920538
2025-09-11,S03,P0272,9,1.926,0.737,1.72,0,Low,2,1,0.95,backtest,demand_forecast_run_20261005T130920538
2025-09-11,S03,P0288,6,2.41,0.922,2.15,0,Low,2,1,0.95,backtest,demand_forecast_run_20261005T130920538
2025-09-11,S03,P0316,10,2.346,1.136,2.65,0,Low,2,1,0.95,backtest,demand_forecast_run_20261005T130920538
2025-09-11,S03,P0369,15,4.932,1.524,3.56,0,Low,2,1,0.95,backtest,demand_forecast_run_20261005T130920538
2025-09-11,S03,P0381,6,1.226,0.441,1.03,0,Low,2,1,0.95,backtest,demand_forecast_run_20261005T130920538
2025-09-11,S03,P0391,6,4.22,2.262,5.28,4,Medium,2,1,0.95,backtest,demand_forecast_run_20261005T130920538
2025-09-11,S03,P0392,13,0.899,0.573,1.34,0,Low,2,1,0.95,backtest,demand_forecast_run_20261005T130920538
2025-09-11,S03,P0408,7,1.261,0.659,1.54,0,Low,2,1,0.95,backtest,demand_forecast_run_20261005T130920538
2025-09-11,S03,P0409,3,2.392,0.897,2.09,2,Medium,2,1,0.95,backtest,demand_forecast_run_20261005T130920538
2025-09-11,S03,P0433,6,0.432,0.416,0.97,0,Low,2,1,0.95,backtest,demand_forecast_run_20261005T130920538
2025-09-11,S03,P0435,15,7.229,1.166,2.72,0,Low,2,1,0.95,backtest,demand_forecast_run_20261005T130920538
2025-09-11,S03,P0445,7,1.453,0.69,1.61,0,Low,2,1,0.95,backtest,demand_forecast_run_20261005T130920538
2025-09-11,S03,P0507,34,12.592,2.225,5.19,0,Low,2,1,0.95,backtest,demand_forecast_run_20261005T130920538
2025-09-11,S03,P0563,16,4.552,1.245,2.91,0,Low,2,1,0.95,backtest,demand_forecast_run_20261005T130920538
2025-09-11,S03,P0579,7,1.794,1.29,3.01,0,Low,2,1,0.95,backtest,demand_forecast_run_20261005T130920538
2025-09-11,S03,P0589,7,3.132,1.438,3.36,0,Low,2,1,0.95,backtest,demand_forecast_run_20261005T130920538
2025-09-11,S04,P0003,14,3.105,1.071,2.5,0,Low,2,1,0.95,backtest,demand_forecast_run_20261005T130920538
2025-09-11,S04,P0022,14,2.138,0.911,2.13,0,Low,2,1,0.95,backtest,demand_forecast_run_20261005T130920538
2025-09-11,S04,P0032,17,9.331,3.422,7.98,1,Low,2,1,0.95,backtest,demand_forecast_run_20261005T130920538
2025-09-11,S04,P0053,12,0.74,0.744,1.74,0,Low,2,1,0.95,backtest,demand_forecast_run_20261005T130920538
2025-09-11,S04,P0073,2,1.341,0.612,1.43,1,Medium,2,1,0.95,backtest,demand_forecast_run_20261005T130920538
2025-09-11,S04,P0170,5,2.502,0.838,1.96,0,Low,2,1,0.95,backtest,demand_forecast_run_20261005T130920538
2025-09-11,S04,P0206,16,4.5,1.487,3.47,0,Low,2,1,0.95,backtest,demand_forecast_run_20261005T130920538
2025-09-11,S04,P0213,6,1.488,0.997,2.33,0,Low,2,1,0.95,backtest,demand_forecast_run_20261005T130920538
2025-09-11,S04,P0252,8,2.881,1.489,3.47,0,Low,2,1,0.95,backtest,demand_forecast_run_20261005T130920538
2025-09-11,S04,P0272,4,2.384,0.959,2.24,1,Low,2,1,0.95,backtest,demand_forecast_run_20261005T130920538
2025-09-11,S04,P0288,3,2.123,0.79,1.84,1,Medium,2,1,0.95,backtest,demand_forecast_run_20261005T130920538
2025-09-11,S04,P0316,6,0.875,0.701,1.63,0,Low,2,1,0.95,backtest,demand_forecast_run_20261005T130920538
2025-09-11,S04,P0369,19,4.348,1.521,3.55,0,Low,2,1,0.95,backtest,demand_forecast_run_20261005T130920538
2025-09-11,S04,P0381,7,1.788,0.959,2.24,0,Low,2,1,0.95,backtest,demand_forecast_run_20261005T130920538
2025-09-11,S04,P0391,5,2.392,1.319,3.08,1,Medium,2,1,0.95,backtest,demand_forecast_run_20261005T130920538
2025-09-11,S04,P0392,9,0.668,0.418,0.98,0,Low,2,1,0.95,backtest,demand_forecast_run_20261005T130920538
2025-09-11,S04,P0408,8,2.137,1.036,2.42,0,Low,2,1,0.95,backtest,demand_forecast_run_20261005T130920538
2025-09-11,S04,P0409,12,1.584,1.101,2.57,0,Low,2,1,0.95,backtest,demand_forecast_run_20261005T130920538
2025-09-11,S04,P0433,5,0.354,0.315,0.73,0,Low,2,1,0.95,backtest,demand_forecast_run_20261005T130920538
2025-09-11,S04,P0435,10,7.164,1.999,4.66,2,Low,2,1,0.95,backtest,demand_forecast_run_20261005T130920538
2025-09-11,S04,P0445,7,1.217,0.737,1.72,0,Low,2,1,0.95,backtest,demand_forecast_run_20261005T130920538
2025-09-11,S04,P0507,16,9.074,2.035,4.75,0,Low,2,1,0.95,backtest,demand_forecast_run_20261005T130920538
2025-09-11,S04,P0563,14,2.682,0.87,2.03,0,Low,2,1,0.95,backtest,demand_forecast_run_20261005T130920538
2025-09-11,S04,P0579,0,1.008,1,2.33,4,High,2,1,0.95,backtest,demand_forecast_run_20261005T130920538
2025-09-11,S04,P0589,4,1.82,0.956,2.23,1,Medium,2,1,0.95,backtest,demand_forecast_run_20261005T130920538
2025-09-11,S05,P0003,7,2.522,1.056,2.46,0,Low,2,1,0.95,backtest,demand_forecast_run_20261005T130920538
2025-09-11,S05,P0022,10,4.172,1.29,3.01,0,Low,2,1,0.95,backtest,demand_forecast_run_20261005T130920538
2025-09-11,S05,P0032,10,8.25,3.004,7.01,6,Medium,2,1,0.95,backtest,demand_forecast_run_20261005T130920538
2025-09-11,S05,P0053,7,0.743,0.922,2.15,0,Low,2,1,0.95,backtest,demand_forecast_run_20261005T130920538
2025-09-11,S05,P0073,5,0.717,0.6,1.4,0,Low,2,1,0.95,backtest,demand_forecast_run_20261005T130920538
2025-09-11,S05,P0170,8,1.414,0.78,1.82,0,Low,2,1,0.95,backtest,demand_forecast_run_20261005T130920538
2025-09-11,S05,P0206,8,2.236,1.44,3.36,0,Low,2,1,0.95,backtest,demand_forecast_run_20261005T130920538
2025-09-11,S05,P0213,13,1.63,1.049,2.45,0,Low,2,1,0.95,backtest,demand_forecast_run_20261005T130920538
2025-09-11,S05,P0252,16,4.194,1.548,3.61,0,Low,2,1,0.95,backtest,demand_forecast_run_20261005T130920538
2025-09-11,S05,P0272,0,1.883,1.005,2.34,5,High,2,1,0.95,backtest,demand_forecast_run_20261005T130920538
2025-09-11,S05,P0288,5,2.099,1.188,2.77,0,Low,2,1,0.95,backtest,demand_forecast_run_20261005T130920538
2025-09-11,S05,P0316,7,1.437,1.311,3.06,0,Low,2,1,0.95,backtest,demand_forecast_run_20261005T130920538
2025-09-11,S05,P0369,17,3.095,2.291,5.35,0,Low,2,1,0.95,backtest,demand_forecast_run_20261005T130920538
2025-09-11,S05,P0381,8,0.717,0.659,1.54,0,Low,2,1,0.95,backtest,demand_forecast_run_20261005T130920538
2025-09-11,S05,P0391,2,1.771,1.315,3.07,3,Medium,2,1,0.95,backtest,demand_forecast_run_20261005T130920538
2025-09-11,S05,P0392,2,0.426,0.448,1.05,0,Medium,2,1,0.95,backtest,demand_forecast_run_20261005T130920538
2025-09-11,S05,P0408,8,0.541,0.548,1.28,0,Low,2,1,0.95,backtest,demand_forecast_run_20261005T130920538
2025-09-11,S05,P0409,10,1.804,1.11,2.59,0,Low,2,1,0.95,backtest,demand_forecast_run_20261005T130920538
2025-09-11,S05,P0433,6,0.441,0.476,1.11,0,Low,2,1,0.95,backtest,demand_forecast_run_20261005T130920538
2025-09-11,S05,P0435,2,4.75,1.374,3.21,6,High,2,1,0.95,backtest,demand_forecast_run_20261005T130920538
2025-09-11,S05,P0445,7,1.515,0.962,2.24,0,Low,2,1,0.95,backtest,demand_forecast_run_20261005T130920538
2025-09-11,S05,P0507,16,7.375,2.558,5.97,0,Low,2,1,0.95,backtest,demand_forecast_run_20261005T130920538
2025-09-11,S05,P0563,8,3.138,1.818,4.24,0,Low,2,1,0.95,backtest,demand_forecast_run_20261005T130920538
2025-09-11,S05,P0579,7,0.515,0.499,1.16,0,Low,2,1,0.95,backtest,demand_forecast_run_20261005T130920538
2025-09-11,S05,P0589,5,2.522,1.278,2.98,1,Low,2,1,0.95,backtest,demand_forecast_run_20261005T130920538
2025-09-11,S06,P0003,11,3.009,1.343,3.13,0,Low,2,1,0.95,backtest,demand_forecast_run_20261005T130920538
2025-09-11,S06,P0022,9,2.683,1.305,3.05,0,Low,2,1,0.95,backtest,demand_forecast_run_20261005T130920538
2025-09-11,S06,P0032,33,13.725,2.885,6.73,0,Low,2,1,0.95,backtest,demand_forecast_run_20261005T130920538
2025-09-11,S06,P0053,8,1.852,1.732,4.04,0,Low,2,1,0.95,backtest,demand_forecast_run_20261005T130920538
2025-09-11,S06,P0073,6,3.319,1.1,2.57,0,Low,2,1,0.95,backtest,demand_forecast_run_20261005T130920538
2025-09-11,S06,P0170,8,1.762,1.156,2.7,0,Low,2,1,0.95,backtest,demand_forecast_run_20261005T130920538
2025-09-11,S06,P0206,18,6.938,3.18,7.42,0,Low,2,1,0.95,backtest,demand_forecast_run_20261005T130920538
2025-09-11,S06,P0213,8,4.983,1.675,3.91,1,Low,2,1,0.95,backtest,demand_forecast_run_20261005T130920538
2025-09-11,S06,P0252,20,6.615,2.085,4.87,0,Low,2,1,0.95,backtest,demand_forecast_run_20261005T130920538
2025-09-11,S06,P0272,6,2.523,1.02,2.38,0,Low,2,1,0.95,backtest,demand_forecast_run_20261005T130920538
2025-09-11,S06,P0288,9,2.266,1.084,2.53,0,Low,2,1,0.95,backtest,demand_forecast_run_20261005T130920538
2025-09-11,S06,P0316,11,2.312,1.124,2.62,0,Low,2,1,0.95,backtest,demand_forecast_run_20261005T130920538
2025-09-11,S06,P0369,19,8.002,2.301,5.37,0,Low,2,1,0.95,backtest,demand_forecast_run_20261005T130920538
2025-09-11,S06,P0381,7,2.656,1.243,2.9,0,Low,2,1,0.95,backtest,demand_forecast_run_20261005T130920538
2025-09-11,S06,P0391,14,3.292,2.339,5.46,0,Low,2,1,0.95,backtest,demand_forecast_run_20261005T130920538
2025-09-11,S06,P0392,7,1.818,1.066,2.49,0,Low,2,1,0.95,backtest,demand_forecast_run_20261005T130920538
2025-09-11,S06,P0408,4,2.697,1.197,2.79,2,Medium,2,1,0.95,backtest,demand_forecast_run_20261005T130920538
2025-09-11,S06,P0409,10,2.492,1.1,2.57,0,Low,2,1,0.95,backtest,demand_forecast_run_20261005T130920538
2025-09-11,S06,P0433,5,1.256,0.916,2.14,0,Low,2,1,0.95,backtest,demand_forecast_run_20261005T130920538
2025-09-11,S06,P0435,8,7.932,1.895,4.42,5,Medium,2,1,0.95,backtest,demand_forecast_run_20261005T130920538
2025-09-11,S06,P0445,9,3.101,1.166,2.72,0,Low,2,1,0.95,backtest,demand_forecast_run_20261005T130920538
2025-09-11,S06,P0507,30,14.639,3.293,7.68,0,Low,2,1,0.95,backtest,demand_forecast_run_20261005T130920538
2025-09-11,S06,P0563,14,3.718,1.333,3.11,0,Low,2,1,0.95,backtest,demand_forecast_run_20261005T130920538
2025-09-11,S06,P0579,15,2.392,1.407,3.28,0,Low,2,1,0.95,backtest,demand_forecast_run_20261005T130920538
2025-09-11,S06,P0589,16,2.655,1.052,2.45,0,Low,2,1,0.95,backtest,demand_forecast_run_20261005T130920538
2025-09-11,S07,P0003,9,2.998,1.066,2.49,0,Low,2,1,0.95,backtest,demand_forecast_run_20261005T130920538
2025-09-11,S07,P0022,12,3.84,1.397,3.26,0,Low,2,1,0.95,backtest,demand_forecast_run_20261005T130920538
2025-09-11,S07,P0032,26,10.986,2.411,5.63,0,Low,2,1,0.95,backtest,demand_forecast_run_20261005T130920538
2025-09-11,S07,P0053,5,0.818,0.742,1.73,0,Low,2,1,0.95,backtest,demand_forecast_run_20261005T130920538
2025-09-11,S07,P0073,6,0.777,0.568,1.33,0,Low,2,1,0.95,backtest,demand_forecast_run_20261005T130920538
2025-09-11,S07,P0170,9,1.018,0.959,2.24,0,Low,2,1,0.95,backtest,demand_forecast_run_20261005T130920538
2025-09-11,S07,P0206,5,3.281,1.524,3.56,2,Medium,2,1,0.95,backtest,demand_forecast_run_20261005T130920538
2025-09-11,S07,P0213,2,2.505,1.105,2.58,4,High,2,1,0.95,backtest,demand_forecast_run_20261005T130920538
2025-09-11,S07,P0252,8,3.691,1.71,3.99,0,Low,2,1,0.95,backtest,demand_forecast_run_20261005T130920538
2025-09-11,S07,P0272,6,0.777,0.686,1.6,0,Low,2,1,0.95,backtest,demand_forecast_run_20261005T130920538
2025-09-11,S07,P0288,5,2.407,1.041,2.43,0,Low,2,1,0.95,backtest,demand_forecast_run_20261005T130920538
2025-09-11,S07,P0316,5,0.919,0.585,1.37,0,Low,2,1,0.95,backtest,demand_forecast_run_20261005T130920538
2025-09-11,S07,P0369,20,4.541,1.569,3.66,0,Low,2,1,0.95,backtest,demand_forecast_run_20261005T130920538
2025-09-11,S07,P0381,7,0.907,0.518,1.21,0,Low,2,1,0.95,backtest,demand_forecast_run_20261005T130920538
2025-09-11,S07,P0391,17,3.067,2.079,4.85,0,Low,2,1,0.95,backtest,demand_forecast_run_20261005T130920538
2025-09-11,S07,P0392,10,1.887,0.937,2.19,0,Low,2,1,0.95,backtest,demand_forecast_run_20261005T130920538
2025-09-11,S07,P0408,8,1.483,1.201,2.8,0,Low,2,1,0.95,backtest,demand_forecast_run_20261005T130920538
2025-09-11,S07,P0409,12,2.352,1.261,2.94,0,Low,2,1,0.95,backtest,demand_forecast_run_20261005T130920538
2025-09-11,S07,P0433,6,0.262,0.416,0.97,0,Low,2,1,0.95,backtest,demand_forecast_run_20261005T130920538
2025-09-11,S07,P0435,3,5.617,1.818,4.24,7,High,2,1,0.95,backtest,demand_forecast_run_20261005T130920538
2025-09-11,S07,P0445,6,1.258,0.786,1.83,0,Low,2,1,0.95,backtest,demand_forecast_run_20261005T130920538
2025-09-11,S07,P0507,21,8.232,2.251,5.25,0,Low,2,1,0.95,backtest,demand_forecast_run_20261005T130920538
2025-09-11,S07,P0563,11,3.756,1.347,3.14,0,Low,2,1,0.95,backtest,demand_forecast_run_20261005T130920538
2025-09-11,S07,P0579,4,1.22,0.923,2.15,0,Low,2,1,0.95,backtest,demand_forecast_run_20261005T130920538
2025-09-11,S07,P0589,7,2.321,1.044,2.44,0,Low,2,1,0.95,backtest,demand_forecast_run_20261005T130920538
2025-09-11,S08,P0003,14,4.331,1.792,4.18,0,Low,2,1,0.95,backtest,demand_forecast_run_20261005T130920538
2025-09-11,S08,P0022,12,5.369,1.607,3.75,0,Low,2,1,0.95,backtest,demand_forecast_run_20261005T130920538
2025-09-11,S08,P0032,55,14.478,2.807,6.55,0,Low,2,1,0.95,backtest,demand_forecast_run_20261005T130920538
2025-09-11,S08,P0053,2,1.451,1.371,3.2,3,Medium,2,1,0.95,backtest,demand_forecast_run_20261005T130920538
2025-09-11,S08,P0073,6,1.622,1.036,2.42,0,Low,2,1,0.95,backtest,demand_forecast_run_20261005T130920538
2025-09-11,S08,P0170,5,1.814,0.881,2.06,0,Low,2,1,0.95,backtest,demand_forecast_run_20261005T130920538
2025-09-11,S08,P0206,11,6.91,1.806,4.22,1,Low,2,1,0.95,backtest,demand_forecast_run_20261005T130920538
2025-09-11,S08,P0213,1,2.618,1.744,4.07,6,High,2,1,0.95,backtest,demand_forecast_run_20261005T130920538
2025-09-11,S08,P0252,23,7.55,2.294,5.35,0,Low,2,1,0.95,backtest,demand_forecast_run_20261005T130920538
2025-09-11,S08,P0272,8,2.317,1.182,2.76,0,Low,2,1,0.95,backtest,demand_forecast_run_20261005T130920538
2025-09-11,S08,P0288,5,3.598,1.105,2.58,2,Low,2,1,0.95,backtest,demand_forecast_run_20261005T130920538
2025-09-11,S08,P0316,5,1.626,0.742,1.73,0,Low,2,1,0.95,backtest,demand_forecast_run_20261005T130920538
2025-09-11,S08,P0369,25,6.042,2.741,6.4,0,Low,2,1,0.95,backtest,demand_forecast_run_20261005T130920538
2025-09-11,S08,P0381,8,2.664,1.467,3.42,0,Low,2,1,0.95,backtest,demand_forecast_run_20261005T130920538
2025-09-11,S08,P0391,7,3.825,1.762,4.11,1,Low,2,1,0.95,backtest,demand_forecast_run_20261005T130920538
2025-09-11,S08,P0392,11,2.09,1.404,3.28,0,Low,2,1,0.95,backtest,demand_forecast_run_20261005T130920538
2025-09-11,S08,P0408,5,2.446,1.666,3.89,2,Medium,2,1,0.95,backtest,demand_forecast_run_20261005T130920538
2025-09-11,S08,P0409,14,3.543,1.442,3.36,0,Low,2,1,0.95,backtest,demand_forecast_run_20261005T130920538
2025-09-11,S08,P0433,2,0.956,0.518,1.21,1,Medium,2,1,0.95,backtest,demand_forecast_run_20261005T130920538
2025-09-11,S08,P0435,28,9.594,2.3,5.37,0,Low,2,1,0.95,backtest,demand_forecast_run_20261005T130920538
2025-09-11,S08,P0445,5,2.513,1.481,3.46,1,Low,2,1,0.95,backtest,demand_forecast_run_20261005T130920538
2025-09-11,S08,P0507,18,15.556,3.402,7.94,6,Medium,2,1,0.95,backtest,demand_forecast_run_20261005T130920538
2025-09-11,S08,P0563,18,7.993,2.252,5.26,0,Low,2,1,0.95,backtest,demand_forecast_run_20261005T130920538
2025-09-11,S08,P0579,6,1.181,0.567,1.32,0,Low,2,1,0.95,backtest,demand_forecast_run_20261005T130920538
2025-09-11,S08,P0589,10,3.205,2.195,5.12,0,Low,2,1,0.95,backtest,demand_forecast_run_20261005T130920538
2025-09-11,S09,P0003,16,3.092,1.374,3.21,0,Low,2,1,0.95,backtest,demand_forecast_run_20261005T130920538
2025-09-11,S09,P0022,16,3.96,1.416,3.3,0,Low,2,1,0.95,backtest,demand_forecast_run_20261005T130920538
2025-09-11,S09,P0032,22,12.362,2.977,6.95,0,Low,2,1,0.95,backtest,demand_forecast_run_20261005T130920538
2025-09-11,S09,P0053,7,1.466,1.931,4.51,0,Low,2,1,0.95,backtest,demand_forecast_run_20261005T130920538
2025-09-11,S09,P0073,5,1.579,0.863,2.01,0,Low,2,1,0.95,backtest,demand_forecast_run_20261005T130920538
2025-09-11,S09,P0170,11,2.155,1.11,2.59,0,Low,2,1,0.95,backtest,demand_forecast_run_20261005T130920538
2025-09-11,S09,P0206,5,5.507,1.574,3.67,5,High,2,1,0.95,backtest,demand_forecast_run_20261005T130920538
2025-09-11,S09,P0213,9,4.859,1.81,4.22,1,Low,2,1,0.95,backtest,demand_forecast_run_20261005T130920538
2025-09-11,S09,P0252,17,5.238,1.909,4.46,0,Low,2,1,0.95,backtest,demand_forecast_run_20261005T130920538
2025-09-11,S09,P0272,8,1.404,0.535,1.25,0,Low,2,1,0.95,backtest,demand_forecast_run_20261005T130920538
2025-09-11,S09,P0288,7,2.811,0.995,2.32,0,Low,2,1,0.95,backtest,demand_forecast_run_20261005T130920538
2025-09-11,S09,P0316,12,1.627,0.922,2.15,0,Low,2,1,0.95,backtest,demand_forecast_run_20261005T130920538
2025-09-11,S09,P0369,20,5.24,2.052,4.79,0,Low,2,1,0.95,backtest,demand_forecast_run_20261005T130920538
2025-09-11,S09,P0381,6,1.754,0.87,2.03,0,Low,2,1,0.95,backtest,demand_forecast_run_20261005T130920538
2025-09-11,S09,P0391,11,3.665,2.099,4.9,0,Low,2,1,0.95,backtest,demand_forecast_run_20261005T130920538
2025-09-11,S09,P0392,9,1.037,0.793,1.85,0,Low,2,1,0.95,backtest,demand_forecast_run_20261005T130920538
2025-09-11,S09,P0408,6,2.886,1.02,2.38,0,Low,2,1,0.95,backtest,demand_forecast_run_20261005T130920538
2025-09-11,S09,P0409,9,2.806,1.303,3.04,0,Low,2,1,0.95,backtest,demand_forecast_run_20261005T130920538
2025-09-11,S09,P0433,7,0.289,0.262,0.61,0,Low,2,1,0.95,backtest,demand_forecast_run_20261005T130920538
2025-09-11,S09,P0435,11,9.456,1.967,4.59,4,Low,2,1,0.95,backtest,demand_forecast_run_20261005T130920538
2025-09-11,S09,P0445,12,1.912,1.729,4.03,0,Low,2,1,0.95,backtest,demand_forecast_run_20261005T130920538
2025-09-11,S09,P0507,48,12.259,2.558,5.97,0,Low,2,1,0.95,backtest,demand_forecast_run_20261005T130920538
2025-09-11,S09,P0563,19,6.316,1.675,3.91,0,Low,2,1,0.95,backtest,demand_forecast_run_20261005T130920538
2025-09-11,S09,P0579,4,1.496,0.997,2.33,0,Low,2,1,0.95,backtest,demand_forecast_run_20261005T130920538
2025-09-11,S09,P0589,15,5.154,1.792,4.18,0,Low,2,1,0.95,backtest,demand_forecast_run_20261005T130920538
2025-09-11,S10,P0003,13,3.623,1.571,3.67,0,Low,2,1,0.95,backtest,demand_forecast_run_20261005T130920538
2025-09-11,S10,P0022,12,2.633,1.325,3.09,0,Low,2,1,0.95,backtest,demand_forecast_run_20261005T130920538
2025-09-11,S10,P0032,22,9.666,2.79,6.51,0,Low,2,1,0.95,backtest,demand_forecast_run_20261005T130920538
2025-09-11,S10,P0053,8,0.453,0.854,1.99,0,Low,2,1,0.95,backtest,demand_forecast_run_20261005T130920538
2025-09-11,S10,P0073,4,1.24,0.723,1.69,0,Low,2,1,0.95,backtest,demand_forecast_run_20261005T130920538
2025-09-11,S10,P0170,8,1.491,0.881,2.06,0,Low,2,1,0.95,backtest,demand_forecast_run_20261005T130920538
2025-09-11,S10,P0206,6,3.751,0.976,2.28,1,Low,2,1,0.95,backtest,demand_forecast_run_20261005T130920538
2025-09-11,S10,P0213,11,2.787,1.388,3.24,0,Low,2,1,0.95,backtest,demand_forecast_run_20261005T130920538
2025-09-11,S10,P0252,9,3.804,1.818,4.24,0,Low,2,1,0.95,backtest,demand_forecast_run_20261005T130920538
2025-09-11,S10,P0272,8,0.689,0.39,0.91,0,Low,2,1,0.95,backtest,demand_forecast_run_20261005T130920538
2025-09-11,S10,P0288,8,1.682,0.997,2.33,0,Low,2,1,0.95,backtest,demand_forecast_run_20261005T130920538
2025-09-11,S10,P0316,8,1.5,0.713,1.66,0,Low,2,1,0.95,backtest,demand_forecast_run_20261005T130920538
2025-09-11,S10,P0369,2,4.66,1.524,3.56,7,High,2,1,0.95,backtest,demand_forecast_run_20261005T130920538
2025-09-11,S10,P0381,8,2.205,0.997,2.33,0,Low,2,1,0.95,backtest,demand_forecast_run_20261005T130920538
2025-09-11,S10,P0391,13,2.66,1.722,4.02,0,Low,2,1,0.95,backtest,demand_forecast_run_20261005T130920538
2025-09-11,S10,P0392,7,0.95,0.634,1.48,0,Low,2,1,0.95,backtest,demand_forecast_run_20261005T130920538
2025-09-11,S10,P0408,5,1.547,0.911,2.13,0,Low,2,1,0.95,backtest,demand_forecast_run_20261005T130920538
2025-09-11,S10,P0409,11,2.439,1.177,2.75,0,Low,2,1,0.95,backtest,demand_forecast_run_20261005T130920538
2025-09-11,S10,P0433,3,0.829,0.535,1.25,0,Low,2,1,0.95,backtest,demand_forecast_run_20261005T130920538
2025-09-11,S10,P0435,10,5.571,1.988,4.64,1,Low,2,1,0.95,backtest,demand_forecast_run_20261005T130920538
2025-09-11,S10,P0445,4,1.323,0.962,2.24,0,Low,2,1,0.95,backtest,demand_forecast_run_20261005T130920538
2025-09-11,S10,P0507,41,9.873,2.38,5.55,0,Low,2,1,0.95,backtest,demand_forecast_run_20261005T130920538
2025-09-11,S10,P0563,10,5.374,1.833,4.28,0,Low,2,1,0.95,backtest,demand_forecast_run_20261005T130920538
2025-09-11,S10,P0579,6,1.219,0.69,1.61,0,Low,2,1,0.95,backtest,demand_forecast_run_20261005T130920538
2025-09-11,S10,P0589,7,2.571,1.101,2.57,0,Low,2,1,0.95,backtest,demand_forecast_run_20261005T130920538
2025-09-11,S11,P0003,9,4.143,1.315,3.07,0,Low,2,1,0.95,backtest,demand_forecast_run_20261005T130920538
2025-09-11,S11,P0022,4,5.54,1.663,3.88,6,High,2,1,0.95,backtest,demand_forecast_run_20261005T130920538
2025-09-11,S11,P0032,20,15.918,2.392,5.58,2,Medium,2,1,0.95,backtest,demand_forecast_run_20261005T130920538
2025-09-11,S11,P0053,8,1.378,1.071,2.5,0,Low,2,1,0.95,backtest,demand_forecast_run_20261005T130920538
2025-09-11,S11,P0073,7,1.37,0.962,2.24,0,Low,2,1,0.95,backtest,demand_forecast_run_20261005T130920538
2025-09-11,S11,P0170,5,2.35,1.166,2.72,1,Low,2,1,0.95,backtest,demand_forecast_run_20261005T130920538
2025-09-11,S11,P0206,0,4.432,1.715,4,9,High,2,1,0.95,backtest,demand_forecast_run_20261005T130920538
2025-09-11,S11,P0213,4,3.553,1.425,3.33,3,Medium,2,1,0.95,backtest,demand_forecast_run_20261005T130920538
2025-09-11,S11,P0252,18,7.355,1.685,3.93,0,Low,2,1,0.95,backtest,demand_forecast_run_20261005T130920538
2025-09-11,S11,P0272,9,1.686,0.69,1.61,0,Low,2,1,0.95,backtest,demand_forecast_run_20261005T130920538
2025-09-11,S11,P0288,5,3.504,1.744,4.07,3,Medium,2,1,0.95,backtest,demand_forecast_run_20261005T130920538
2025-09-11,S11,P0316,11,3.462,1.066,2.49,0,Low,2,1,0.95,backtest,demand_forecast_run_20261005T130920538
2025-09-11,S11,P0369,20,7.418,1.81,4.22,0,Low,2,1,0.95,backtest,demand_forecast_run_20261005T130920538
2025-09-11,S11,P0381,12,3.161,1.303,3.04,0,Low,2,1,0.95,backtest,demand_forecast_run_20261005T130920538
2025-09-11,S11,P0391,0,3.49,1.66,3.87,8,High,2,1,0.95,backtest,demand_forecast_run_20261005T130920538
2025-09-11,S11,P0392,9,1.888,1.219,2.84,0,Low,2,1,0.95,backtest,demand_forecast_run_20261005T130920538
2025-09-11,S11,P0408,14,3.313,1.63,3.8,0,Low,2,1,0.95,backtest,demand_forecast_run_20261005T130920538
2025-09-11,S11,P0409,11,2.687,1.113,2.6,0,Low,2,1,0.95,backtest,demand_forecast_run_20261005T130920538
2025-09-11,S11,P0433,9,0.704,0.499,1.16,0,Low,2,1,0.95,backtest,demand_forecast_run_20261005T130920538
2025-09-11,S11,P0435,11,8.812,2.151,5.02,3,Low,2,1,0.95,backtest,demand_forecast_run_20261005T130920538
2025-09-11,S11,P0445,15,2.697,1.347,3.14,0,Low,2,1,0.95,backtest,demand_forecast_run_20261005T130920538
2025-09-11,S11,P0507,56,13.184,2.651,6.19,0,Low,2,1,0.95,backtest,demand_forecast_run_20261005T130920538
2025-09-11,S11,P0563,19,6.216,2.82,6.58,0,Low,2,1,0.95,backtest,demand_forecast_run_20261005T130920538
2025-09-11,S11,P0579,1,1.68,0.999,2.33,4,High,2,1,0.95,backtest,demand_forecast_run_20261005T130920538
2025-09-11,S11,P0589,10,3.608,1.105,2.58,0,Low,2,1,0.95,backtest,demand_forecast_run_20261005T130920538
2025-09-11,S12,P0003,14,2.929,1.29,3.01,0,Low,2,1,0.95,backtest,demand_forecast_run_20261005T130920538
2025-09-11,S12,P0022,1,3.324,1.188,2.77,6,High,2,1,0.95,backtest,demand_forecast_run_20261005T130920538
2025-09-11,S12,P0032,35,12.759,4.154,9.69,0,Low,2,1,0.95,backtest,demand_forecast_run_20261005T130920538
2025-09-11,S12,P0053,9,1.5,1.323,3.09,0,Low,2,1,0.95,backtest,demand_forecast_run_20261005T130920538
2025-09-11,S12,P0073,8,1.098,0.6,1.4,0,Low,2,1,0.95,backtest,demand_forecast_run_20261005T130920538
2025-09-11,S12,P0170,6,1.51,1.076,2.51,0,Low,2,1,0.95,backtest,demand_forecast_run_20261005T130920538
2025-09-11,S12,P0206,17,3.497,1.715,4,0,Low,2,1,0.95,backtest,demand_forecast_run_20261005T130920538
2025-09-11,S12,P0213,8,2.526,1.475,3.44,0,Low,2,1,0.95,backtest,demand_forecast_run_20261005T130920538
2025-09-11,S12,P0252,19,4.224,1.718,4.01,0,Low,2,1,0.95,backtest,demand_forecast_run_20261005T130920538
2025-09-11,S12,P0272,3,2.469,1.224,2.86,3,Medium,2,1,0.95,backtest,demand_forecast_run_20261005T130920538
2025-09-11,S12,P0288,9,1.94,0.79,1.84,0,Low,2,1,0.95,backtest,demand_forecast_run_20261005T130920538
2025-09-11,S12,P0316,13,2.404,1.101,2.57,0,Low,2,1,0.95,backtest,demand_forecast_run_20261005T130920538
2025-09-11,S12,P0369,13,6.607,3.095,7.22,1,Low,2,1,0.95,backtest,demand_forecast_run_20261005T130920538
2025-09-11,S12,P0381,8,1.921,1.072,2.5,0,Low,2,1,0.95,backtest,demand_forecast_run_20261005T130920538
2025-09-11,S12,P0391,6,2.643,1.249,2.91,0,Low,2,1,0.95,backtest,demand_forecast_run_20261005T130920538
2025-09-11,S12,P0392,10,1.319,1.236,2.88,0,Low,2,1,0.95,backtest,demand_forecast_run_20261005T130920538
2025-09-11,S12,P0408,11,1.425,0.962,2.24,0,Low,2,1,0.95,backtest,demand_forecast_run_20261005T130920538
2025-09-11,S12,P0409,10,2.273,1.315,3.07,0,Low,2,1,0.95,backtest,demand_forecast_run_20261005T130920538
2025-09-11,S12,P0433,1,0.891,0.659,1.54,2,Medium,2,1,0.95,backtest,demand_forecast_run_20261005T130920538
2025-09-11,S12,P0435,6,7.6,1.867,4.36,6,High,2,1,0.95,backtest,demand_forecast_run_20261005T130920538
2025-09-11,S12,P0445,9,1.037,0.826,1.93,0,Low,2,1,0.95,backtest,demand_forecast_run_20261005T130920538
2025-09-11,S12,P0507,23,11.305,3.655,8.53,0,Low,2,1,0.95,backtest,demand_forecast_run_20261005T130920538
2025-09-11,S12,P0563,18,4.664,1.258,2.93,0,Low,2,1,0.95,backtest,demand_forecast_run_20261005T130920538
2025-09-11,S12,P0579,7,0.953,0.793,1.85,0,Low,2,1,0.95,backtest,demand_forecast_run_20261005T130920538
2025-09-11,S12,P0589,9,2.323,1.156,2.7,0,Low,2,1,0.95,backtest,demand_forecast_run_20261005T130920538
2025-09-12,S01,P0003,7,3.46,1.458,3.4,0,Low,2,1,0.95,backtest,demand_forecast_run_20261005T130920538
2025-09-12,S01,P0022,8,4.013,1.744,4.07,1,Low,2,1,0.95,backtest,demand_forecast_run_20261005T130920538
2025-09-12,S01,P0032,12,12.188,3.415,7.97,9,High,2,1,0.95,backtest,demand_forecast_run_20261005T130920538
2025-09-12,S01,P0053,6,1.537,0.875,2.04,0,Low,2,1,0.95,backtest,demand_forecast_run_20261005T130920538
2025-09-12,S01,P0073,6,1.867,1.136,2.65,0,Low,2,1,0.95,backtest,demand_forecast_run_20261005T130920538
2025-09-12,S01,P0170,4,1.912,0.92,2.15,1,Medium,2,1,0.95,backtest,demand_forecast_run_20261005T130920538
2025-09-12,S01,P0206,14,4.542,1.071,2.5,0,Low,2,1,0.95,backtest,demand_forecast_run_20261005T130920538
2025-09-12,S01,P0213,9,3.13,1.1,2.57,0,Low,2,1,0.95,backtest,demand_forecast_run_20261005T130920538
2025-09-12,S01,P0252,22,7.303,2.025,4.73,0,Low,2,1,0.95,backtest,demand_forecast_run_20261005T130920538
2025-09-12,S01,P0272,8,2.1,0.911,2.13,0,Low,2,1,0.95,backtest,demand_forecast_run_20261005T130920538
2025-09-12,S01,P0288,10,2.576,1.283,2.99,0,Low,2,1,0.95,backtest,demand_forecast_run_20261005T130920538
2025-09-12,S01,P0316,9,1.253,0.659,1.54,0,Low,2,1,0.95,backtest,demand_forecast_run_20261005T130920538
2025-09-12,S01,P0369,15,6.068,2.219,5.18,0,Low,2,1,0.95,backtest,demand_forecast_run_20261005T130920538
2025-09-12,S01,P0381,6,2.334,1.213,2.83,0,Low,2,1,0.95,backtest,demand_forecast_run_20261005T130920538
2025-09-12,S01,P0391,13,5.31,1.789,4.17,0,Low,2,1,0.95,backtest,demand_forecast_run_20261005T130920538
2025-09-12,S01,P0392,7,1.189,0.612,1.43,0,Low,2,1,0.95,backtest,demand_forecast_run_20261005T130920538
2025-09-12,S01,P0408,6,2.064,0.826,1.93,0,Low,2,1,0.95,backtest,demand_forecast_run_20261005T130920538
2025-09-12,S01,P0409,13,1.859,1.005,2.34,0,Low,2,1,0.95,backtest,demand_forecast_run_20261005T130920538
2025-09-12,S01,P0433,7,0.895,0.645,1.51,0,Low,2,1,0.95,backtest,demand_forecast_run_20261005T130920538
2025-09-12,S01,P0435,13,6.154,1.453,3.39,0,Low,2,1,0.95,backtest,demand_forecast_run_20261005T130920538
2025-09-12,S01,P0445,6,2.958,1.362,3.18,1,Low,2,1,0.95,backtest,demand_forecast_run_20261005T130920538
2025-09-12,S01,P0507,37,12.988,1.641,3.83,0,Low,2,1,0.95,backtest,demand_forecast_run_20261005T130920538
2025-09-12,S01,P0563,11,3.851,1.389,3.24,0,Low,2,1,0.95,backtest,demand_forecast_run_20261005T130920538
2025-09-12,S01,P0579,4,1.682,1.307,3.05,1,Low,2,1,0.95,backtest,demand_forecast_run_20261005T130920538
2025-09-12,S01,P0589,13,2.811,1.538,3.59,0,Low,2,1,0.95,backtest,demand_forecast_run_20261005T130920538
2025-09-12,S02,P0003,0,4.446,1.512,3.53,8,High,2,1,0.95,backtest,demand_forecast_run_20261005T130920538
2025-09-12,S02,P0022,9,5.011,1.595,3.72,0,Low,2,1,0.95,backtest,demand_forecast_run_20261005T130920538
2025-09-12,S02,P0032,22,11.614,2.212,5.16,0,Low,2,1,0.95,backtest,demand_forecast_run_20261005T130920538
2025-09-12,S02,P0053,5,0.818,0.81,1.89,0,Low,2,1,0.95,backtest,demand_forecast_run_20261005T130920538
2025-09-12,S02,P0073,5,1.505,0.838,1.96,0,Low,2,1,0.95,backtest,demand_forecast_run_20261005T130920538
2025-09-12,S02,P0170,5,1.693,0.922,2.15,0,Low,2,1,0.95,backtest,demand_forecast_run_20261005T130920538
2025-09-12,S02,P0206,2,6.315,1.62,3.78,9,High,2,1,0.95,backtest,demand_forecast_run_20261005T130920538
2025-09-12,S02,P0213,14,3.17,1.75,4.08,0,Low,2,1,0.95,backtest,demand_forecast_run_20261005T130920538
2025-09-12,S02,P0252,3,6.145,1.615,3.77,7,High,2,1,0.95,backtest,demand_forecast_run_20261005T130920538
2025-09-12,S02,P0272,5,1.968,1.227,2.86,0,Low,2,1,0.95,backtest,demand_forecast_run_20261005T130920538
2025-09-12,S02,P0288,11,3.177,1.086,2.53,0,Low,2,1,0.95,backtest,demand_forecast_run_20261005T130920538
2025-09-12,S02,P0316,9,1.579,0.78,1.82,0,Low,2,1,0.95,backtest,demand_forecast_run_20261005T130920538
2025-09-12,S02,P0369,24,5.717,1.815,4.24,0,Low,2,1,0.95,backtest,demand_forecast_run_20261005T130920538
2025-09-12,S02,P0381,7,1.968,1.133,2.64,0,Low,2,1,0.95,backtest,demand_forecast_run_20261005T130920538
2025-09-12,S02,P0391,9,5.111,1.595,3.72,0,Low,2,1,0.95,backtest,demand_forecast_run_20261005T130920538
2025-09-12,S02,P0392,5,1.057,1.071,2.5,0,Low,2,1,0.95,backtest,demand_forecast_run_20261005T130920538
2025-09-12,S02,P0408,7,4.256,0.983,2.29,0,Low,2,1,0.95,backtest,demand_forecast_run_20261005T130920538
2025-09-12,S02,P0409,12,3.777,1.188,2.77,0,Low,2,1,0.95,backtest,demand_forecast_run_20261005T130920538
2025-09-12,S02,P0433,3,0.657,0.905,2.11,0,Medium,2,1,0.95,backtest,demand_forecast_run_20261005T130920538
2025-09-12,S02,P0435,23,8.92,1.912,4.46,0,Low,2,1,0.95,backtest,demand_forecast_run_20261005T130920538
2025-09-12,S02,P0445,12,2.524,1.283,2.99,0,Low,2,1,0.95,backtest,demand_forecast_run_20261005T130920538
2025-09-12,S02,P0507,24,15.704,2.018,4.71,0,Low,2,1,0.95,backtest,demand_forecast_run_20261005T130920538
2025-09-12,S02,P0563,9,4.052,1.798,4.19,0,Low,2,1,0.95,backtest,demand_forecast_run_20261005T130920538
2025-09-12,S02,P0579,8,1.94,1.09,2.54,0,Low,2,1,0.95,backtest,demand_forecast_run_20261005T130920538
2025-09-12,S02,P0589,7,1.945,1.143,2.67,0,Low,2,1,0.95,backtest,demand_forecast_run_20261005T130920538
2025-09-12,S03,P0003,11,3.208,1.274,2.97,0,Low,2,1,0.95,backtest,demand_forecast_run_20261005T130920538
2025-09-12,S03,P0022,10,2.539,1.478,3.45,0,Low,2,1,0.95,backtest,demand_forecast_run_20261005T130920538
2025-09-12,S03,P0032,6,10.649,2.398,5.6,11,High,2,1,0.95,backtest,demand_forecast_run_20261005T130920538
2025-09-12,S03,P0053,3,1.704,1.049,2.45,2,Medium,2,1,0.95,backtest,demand_forecast_run_20261005T130920538
2025-09-12,S03,P0073,4,0.49,0.315,0.73,0,Low,2,1,0.95,backtest,demand_forecast_run_20261005T130920538
2025-09-12,S03,P0170,9,2.758,0.875,2.04,0,Low,2,1,0.95,backtest,demand_forecast_run_20261005T130920538
2025-09-12,S03,P0206,21,4.639,1.287,3,0,Low,2,1,0.95,backtest,demand_forecast_run_20261005T130920538
2025-09-12,S03,P0213,14,1.741,0.832,1.94,0,Low,2,1,0.95,backtest,demand_forecast_run_20261005T130920538
2025-09-12,S03,P0252,14,5.218,2.223,5.19,0,Low,2,1,0.95,backtest,demand_forecast_run_20261005T130920538
2025-09-12,S03,P0272,9,1.796,0.737,1.72,0,Low,2,1,0.95,backtest,demand_forecast_run_20261005T130920538
2025-09-12,S03,P0288,5,1.836,0.923,2.15,0,Low,2,1,0.95,backtest,demand_forecast_run_20261005T130920538
2025-09-12,S03,P0316,8,2.456,1.162,2.71,0,Low,2,1,0.95,backtest,demand_forecast_run_20261005T130920538
2025-09-12,S03,P0369,13,4.752,1.453,3.39,0,Low,2,1,0.95,backtest,demand_forecast_run_20261005T130920538
2025-09-12,S03,P0381,4,1.469,0.548,1.28,0,Low,2,1,0.95,backtest,demand_forecast_run_20261005T130920538
2025-09-12,S03,P0391,20,4.345,2.262,5.28,0,Low,2,1,0.95,backtest,demand_forecast_run_20261005T130920538
2025-09-12,S03,P0392,7,0.963,0.637,1.49,0,Low,2,1,0.95,backtest,demand_forecast_run_20261005T130920538
2025-09-12,S03,P0408,5,1.532,0.731,1.71,0,Low,2,1,0.95,backtest,demand_forecast_run_20261005T130920538
2025-09-12,S03,P0409,3,2.293,0.897,2.09,2,Medium,2,1,0.95,backtest,demand_forecast_run_20261005T130920538
2025-09-12,S03,P0433,6,0.409,0.416,0.97,0,Low,2,1,0.95,backtest,demand_forecast_run_20261005T130920538
2025-09-12,S03,P0435,10,5.77,1.317,3.07,0,Low,2,1,0.95,backtest,demand_forecast_run_20261005T130920538
2025-09-12,S03,P0445,7,1.468,0.621,1.45,0,Low,2,1,0.95,backtest,demand_forecast_run_20261005T130920538
2025-09-12,S03,P0507,30,15.705,2.161,5.04,0,Low,2,1,0.95,backtest,demand_forecast_run_20261005T130920538
2025-09-12,S03,P0563,14,4.571,1.247,2.91,0,Low,2,1,0.95,backtest,demand_forecast_run_20261005T130920538
2025-09-12,S03,P0579,7,1.72,1.29,3.01,0,Low,2,1,0.95,backtest,demand_forecast_run_20261005T130920538
2025-09-12,S03,P0589,7,3.101,1.453,3.39,0,Low,2,1,0.95,backtest,demand_forecast_run_20261005T130920538
2025-09-12,S04,P0003,9,3.634,1.287,3,0,Low,2,1,0.95,backtest,demand_forecast_run_20261005T130920538
2025-09-12,S04,P0022,13,2.287,0.905,2.11,0,Low,2,1,0.95,backtest,demand_forecast_run_20261005T130920538
2025-09-12,S04,P0032,11,8.456,3.391,7.91,6,Medium,2,1,0.95,backtest,demand_forecast_run_20261005T130920538
2025-09-12,S04,P0053,9,0.968,0.881,2.06,0,Low,2,1,0.95,backtest,demand_forecast_run_20261005T130920538
2025-09-12,S04,P0073,7,1.308,0.612,1.43,0,Low,2,1,0.95,backtest,demand_forecast_run_20261005T130920538
2025-09-12,S04,P0170,1,2.869,1.056,2.46,5,High,2,1,0.95,backtest,demand_forecast_run_20261005T130920538
2025-09-12,S04,P0206,16,4.199,1.5,3.5,0,Low,2,1,0.95,backtest,demand_forecast_run_20261005T130920538
2025-09-12,S04,P0213,6,1.637,0.962,2.25,0,Low,2,1,0.95,backtest,demand_forecast_run_20261005T130920538
2025-09-12,S04,P0252,7,3.092,1.489,3.47,0,Low,2,1,0.95,backtest,demand_forecast_run_20261005T130920538
2025-09-12,S04,P0272,3,2.325,0.959,2.24,2,Medium,2,1,0.95,backtest,demand_forecast_run_20261005T130920538
2025-09-12,S04,P0288,10,2.063,0.826,1.93,0,Low,2,1,0.95,backtest,demand_forecast_run_20261005T130920538
2025-09-12,S04,P0316,6,0.864,0.701,1.63,0,Low,2,1,0.95,backtest,demand_forecast_run_20261005T130920538
2025-09-12,S04,P0369,15,4.614,1.548,3.61,0,Low,2,1,0.95,backtest,demand_forecast_run_20261005T130920538
2025-09-12,S04,P0381,6,1.889,0.962,2.24,0,Low,2,1,0.95,backtest,demand_forecast_run_20261005T130920538
2025-09-12,S04,P0391,5,2.582,1.345,3.14,1,Medium,2,1,0.95,backtest,demand_forecast_run_20261005T130920538
2025-09-12,S04,P0392,5,0.856,0.441,1.03,0,Low,2,1,0.95,backtest,demand_forecast_run_20261005T130920538
2025-09-12,S04,P0408,8,2.239,1.036,2.42,0,Low,2,1,0.95,backtest,demand_forecast_run_20261005T130920538
2025-09-12,S04,P0409,12,1.451,1.02,2.38,0,Low,2,1,0.95,backtest,demand_forecast_run_20261005T130920538
2025-09-12,S04,P0433,5,0.261,0.262,0.61,0,Low,2,1,0.95,backtest,demand_forecast_run_20261005T130920538
2025-09-12,S04,P0435,6,6.074,2.006,4.68,5,High,2,1,0.95,backtest,demand_forecast_run_20261005T130920538
2025-09-12,S04,P0445,7,1.288,0.731,1.71,0,Low,2,1,0.95,backtest,demand_forecast_run_20261005T130920538
2025-09-12,S04,P0507,13,10.692,2.027,4.73,3,Low,2,1,0.95,backtest,demand_forecast_run_20261005T130920538
2025-09-12,S04,P0563,12,2.615,0.87,2.03,0,Low,2,1,0.95,backtest,demand_forecast_run_20261005T130920538
2025-09-12,S04,P0579,8,1.069,1,2.33,0,Low,2,1,0.95,backtest,demand_forecast_run_20261005T130920538
2025-09-12,S04,P0589,13,1.924,0.951,2.22,0,Low,2,1,0.95,backtest,demand_forecast_run_20261005T130920538
2025-09-12,S05,P0003,7,2.587,1.062,2.48,0,Low,2,1,0.95,backtest,demand_forecast_run_20261005T130920538
2025-09-12,S05,P0022,10,3.808,1.239,2.89,0,Low,2,1,0.95,backtest,demand_forecast_run_20261005T130920538
2025-09-12,S05,P0032,10,8.175,2.683,6.26,5,Medium,2,1,0.95,backtest,demand_forecast_run_20261005T130920538
2025-09-12,S05,P0053,7,0.786,0.922,2.15,0,Low,2,1,0.95,backtest,demand_forecast_run_20261005T130920538
2025-09-12,S05,P0073,2,0.701,0.6,1.4,1,Medium,2,1,0.95,backtest,demand_forecast_run_20261005T130920538
2025-09-12,S05,P0170,8,1.515,0.78,1.82,0,Low,2,1,0.95,backtest,demand_forecast_run_20261005T130920538
2025-09-12,S05,P0206,5,2.706,1.489,3.47,2,Low,2,1,0.95,backtest,demand_forecast_run_20261005T130920538
2025-09-12,S05,P0213,13,1.591,1.026,2.39,0,Low,2,1,0.95,backtest,demand_forecast_run_20261005T130920538
2025-09-12,S05,P0252,16,4.022,1.565,3.65,0,Low,2,1,0.95,backtest,demand_forecast_run_20261005T130920538
2025-09-12,S05,P0272,9,1.84,1.005,2.34,0,Low,2,1,0.95,backtest,demand_forecast_run_20261005T130920538
2025-09-12,S05,P0288,4,1.975,1.162,2.71,1,Low,2,1,0.95,backtest,demand_forecast_run_20261005T130920538
2025-09-12,S05,P0316,7,1.172,0.999,2.33,0,Low,2,1,0.95,backtest,demand_forecast_run_20261005T130920538
2025-09-12,S05,P0369,17,2.941,2.152,5.02,0,Low,2,1,0.95,backtest,demand_forecast_run_20261005T130920538
2025-09-12,S05,P0381,8,0.701,0.659,1.54,0,Low,2,1,0.95,backtest,demand_forecast_run_20261005T130920538
2025-09-12,S05,P0391,2,1.875,1.315,3.07,3,Medium,2,1,0.95,backtest,demand_forecast_run_20261005T130920538
2025-09-12,S05,P0392,6,0.226,0.262,0.61,0,Low,2,1,0.95,backtest,demand_forecast_run_20261005T130920538
2025-09-12,S05,P0408,8,0.58,0.525,1.22,0,Low,2,1,0.95,backtest,demand_forecast_run_20261005T130920538
2025-09-12,S05,P0409,14,1.919,1.09,2.54,0,Low,2,1,0.95,backtest,demand_forecast_run_20261005T130920538
2025-09-12,S05,P0433,6,0.462,0.476,1.11,0,Low,2,1,0.95,backtest,demand_forecast_run_20261005T130920538
2025-09-12,S05,P0435,20,4.498,1.401,3.27,0,Low,2,1,0.95,backtest,demand_forecast_run_20261005T130920538
2025-09-12,S05,P0445,7,1.851,0.962,2.24,0,Low,2,1,0.95,backtest,demand_forecast_run_20261005T130920538
2025-09-12,S05,P0507,16,7.775,2.154,5.03,0,Low,2,1,0.95,backtest,demand_forecast_run_20261005T130920538
2025-09-12,S05,P0563,8,2.98,1.833,4.28,0,Low,2,1,0.95,backtest,demand_forecast_run_20261005T130920538
2025-09-12,S05,P0579,7,0.606,0.499,1.16,0,Low,2,1,0.95,backtest,demand_forecast_run_20261005T130920538
2025-09-12,S05,P0589,4,2.444,1.197,2.79,2,Medium,2,1,0.95,backtest,demand_forecast_run_20261005T130920538
2025-09-12,S06,P0003,7,3.004,1.404,3.28,0,Low,2,1,0.95,backtest,demand_forecast_run_20261005T130920538
2025-09-12,S06,P0022,8,2.7,1.29,3.01,0,Low,2,1,0.95,backtest,demand_forecast_run_20261005T130920538
2025-09-12,S06,P0032,30,14.922,2.772,6.47,0,Low,2,1,0.95,backtest,demand_forecast_run_20261005T130920538
2025-09-12,S06,P0053,8,1.748,1.741,4.06,0,Low,2,1,0.95,backtest,demand_forecast_run_20261005T130920538
2025-09-12,S06,P0073,3,3.354,1.155,2.69,4,High,2,1,0.95,backtest,demand_forecast_run_20261005T130920538
2025-09-12,S06,P0170,4,1.624,1.175,2.74,1,Medium,2,1,0.95,backtest,demand_forecast_run_20261005T130920538
2025-09-12,S06,P0206,16,7.722,3.173,7.4,0,Low,2,1,0.95,backtest,demand_forecast_run_20261005T130920538
2025-09-12,S06,P0213,6,5.023,1.66,3.87,3,Medium,2,1,0.95,backtest,demand_forecast_run_20261005T130920538
2025-09-12,S06,P0252,17,6.319,1.953,4.56,0,Low,2,1,0.95,backtest,demand_forecast_run_20261005T130920538
2025-09-12,S06,P0272,6,2.036,0.994,2.32,0,Low,2,1,0.95,backtest,demand_forecast_run_20261005T130920538
2025-09-12,S06,P0288,9,1.945,1.062,2.48,0,Low,2,1,0.95,backtest,demand_forecast_run_20261005T130920538
2025-09-12,S06,P0316,11,2.263,1.1,2.57,0,Low,2,1,0.95,backtest,demand_forecast_run_20261005T130920538
2025-09-12,S06,P0369,19,7.492,2.079,4.85,0,Low,2,1,0.95,backtest,demand_forecast_run_20261005T130920538
2025-09-12,S06,P0381,6,2.396,1.243,2.9,0,Low,2,1,0.95,backtest,demand_forecast_run_20261005T130920538
2025-09-12,S06,P0391,12,3.362,2.315,5.4,0,Low,2,1,0.95,backtest,demand_forecast_run_20261005T130920538
2025-09-12,S06,P0392,7,2.047,1.066,2.49,0,Low,2,1,0.95,backtest,demand_forecast_run_20261005T130920538
2025-09-12,S06,P0408,9,3.238,1.247,2.91,0,Low,2,1,0.95,backtest,demand_forecast_run_20261005T130920538
2025-09-12,S06,P0409,9,2.408,1.1,2.57,0,Low,2,1,0.95,backtest,demand_forecast_run_20261005T130920538
2025-09-12,S06,P0433,5,0.925,0.585,1.37,0,Low,2,1,0.95,backtest,demand_forecast_run_20261005T130920538
2025-09-12,S06,P0435,27,7.67,1.875,4.38,0,Low,2,1,0.95,backtest,demand_forecast_run_20261005T130920538
2025-09-12,S06,P0445,9,3.414,1.177,2.75,0,Low,2,1,0.95,backtest,demand_forecast_run_20261005T130920538
2025-09-12,S06,P0507,23,16.218,3.066,7.16,1,Low,2,1,0.95,backtest,demand_forecast_run_20261005T130920538
2025-09-12,S06,P0563,14,3.234,1.347,3.14,0,Low,2,1,0.95,backtest,demand_forecast_run_20261005T130920538
2025-09-12,S06,P0579,13,2.504,1.412,3.3,0,Low,2,1,0.95,backtest,demand_forecast_run_20261005T130920538
2025-09-12,S06,P0589,12,2.832,1.188,2.77,0,Low,2,1,0.95,backtest,demand_forecast_run_20261005T130920538
2025-09-12,S07,P0003,8,2.916,1.066,2.49,0,Low,2,1,0.95,backtest,demand_forecast_run_20261005T130920538
2025-09-12,S07,P0022,12,3.353,1.401,3.27,0,Low,2,1,0.95,backtest,demand_forecast_run_20261005T130920538
2025-09-12,S07,P0032,17,10.166,2.486,5.8,0,Low,2,1,0.95,backtest,demand_forecast_run_20261005T130920538
2025-09-12,S07,P0053,5,0.763,0.742,1.73,0,Low,2,1,0.95,backtest,demand_forecast_run_20261005T130920538
2025-09-12,S07,P0073,5,0.784,0.585,1.37,0,Low,2,1,0.95,backtest,demand_forecast_run_20261005T130920538
2025-09-12,S07,P0170,8,1.077,0.962,2.24,0,Low,2,1,0.95,backtest,demand_forecast_run_20261005T130920538
2025-09-12,S07,P0206,4,3.472,1.514,3.53,4,Medium,2,1,0.95,backtest,demand_forecast_run_20261005T130920538
2025-09-12,S07,P0213,11,2.616,1.105,2.58,0,Low,2,1,0.95,backtest,demand_forecast_run_20261005T130920538
2025-09-12,S07,P0252,7,3.644,1.687,3.94,1,Low,2,1,0.95,backtest,demand_forecast_run_20261005T130920538
2025-09-12,S07,P0272,5,0.784,0.701,1.63,0,Low,2,1,0.95,backtest,demand_forecast_run_20261005T130920538
2025-09-12,S07,P0288,1,2.084,1.031,2.41,4,High,2,1,0.95,backtest,demand_forecast_run_20261005T130920538
2025-09-12,S07,P0316,5,0.668,0.476,1.11,0,Low,2,1,0.95,backtest,demand_forecast_run_20261005T130920538
2025-09-12,S07,P0369,16,3.997,1.569,3.66,0,Low,2,1,0.95,backtest,demand_forecast_run_20261005T130920538
2025-09-12,S07,P0381,6,0.896,0.535,1.25,0,Low,2,1,0.95,backtest,demand_forecast_run_20261005T130920538
2025-09-12,S07,P0391,14,2.861,2.079,4.85,0,Low,2,1,0.95,backtest,demand_forecast_run_20261005T130920538
2025-09-12,S07,P0392,10,1.855,0.937,2.19,0,Low,2,1,0.95,backtest,demand_forecast_run_20261005T130920538
2025-09-12,S07,P0408,7,1.449,1.2,2.8,0,Low,2,1,0.95,backtest,demand_forecast_run_20261005T130920538
2025-09-12,S07,P0409,9,2.346,1.303,3.04,0,Low,2,1,0.95,backtest,demand_forecast_run_20261005T130920538
2025-09-12,S07,P0433,6,0.24,0.416,0.97,0,Low,2,1,0.95,backtest,demand_forecast_run_20261005T130920538
2025-09-12,S07,P0435,21,4.451,1.847,4.31,0,Low,2,1,0.95,backtest,demand_forecast_run_20261005T130920538
2025-09-12,S07,P0445,4,1.136,0.723,1.69,0,Low,2,1,0.95,backtest,demand_forecast_run_20261005T130920538
2025-09-12,S07,P0507,21,8.454,2.25,5.25,0,Low,2,1,0.95,backtest,demand_forecast_run_20261005T130920538
2025-09-12,S07,P0563,10,3.359,1.331,3.11,0,Low,2,1,0.95,backtest,demand_forecast_run_20261005T130920538
2025-09-12,S07,P0579,2,1.251,0.959,2.24,2,Medium,2,1,0.95,backtest,demand_forecast_run_20261005T130920538
2025-09-12,S07,P0589,7,2.164,1.056,2.46,0,Low,2,1,0.95,backtest,demand_forecast_run_20261005T130920538
2025-09-12,S08,P0003,14,3.674,1.768,4.13,0,Low,2,1,0.95,backtest,demand_forecast_run_20261005T130920538
2025-09-12,S08,P0022,12,5.323,1.624,3.79,0,Low,2,1,0.95,backtest,demand_forecast_run_20261005T130920538
2025-09-12,S08,P0032,51,13.573,2.639,6.16,0,Low,2,1,0.95,backtest,demand_forecast_run_20261005T130920538
2025-09-12,S08,P0053,9,1.472,1.371,3.2,0,Low,2,1,0.95,backtest,demand_forecast_run_20261005T130920538
2025-09-12,S08,P0073,6,1.471,1.036,2.42,0,Low,2,1,0.95,backtest,demand_forecast_run_20261005T130920538
2025-09-12,S08,P0170,15,2.074,0.882,2.06,0,Low,2,1,0.95,backtest,demand_forecast_run_20261005T130920538
2025-09-12,S08,P0206,9,6.842,1.792,4.18,3,Low,2,1,0.95,backtest,demand_forecast_run_20261005T130920538
2025-09-12,S08,P0213,18,2.529,1.744,4.07,0,Low,2,1,0.95,backtest,demand_forecast_run_20261005T130920538
2025-09-12,S08,P0252,23,6.748,2.009,4.69,0,Low,2,1,0.95,backtest,demand_forecast_run_20261005T130920538
2025-09-12,S08,P0272,8,2.264,1.182,2.76,0,Low,2,1,0.95,backtest,demand_forecast_run_20261005T130920538
2025-09-12,S08,P0288,5,2.992,1.105,2.58,1,Low,2,1,0.95,backtest,demand_forecast_run_20261005T130920538
2025-09-12,S08,P0316,10,1.642,0.742,1.73,0,Low,2,1,0.95,backtest,demand_forecast_run_20261005T130920538
2025-09-12,S08,P0369,19,5.697,2.741,6.4,0,Low,2,1,0.95,backtest,demand_forecast_run_20261005T130920538
2025-09-12,S08,P0381,8,2.603,1.467,3.42,0,Low,2,1,0.95,backtest,demand_forecast_run_20261005T130920538
2025-09-12,S08,P0391,7,3.679,1.795,4.19,1,Low,2,1,0.95,backtest,demand_forecast_run_20261005T130920538
2025-09-12,S08,P0392,11,2.025,1.404,3.28,0,Low,2,1,0.95,backtest,demand_forecast_run_20261005T130920538
2025-09-12,S08,P0408,5,2.425,1.631,3.81,2,Medium,2,1,0.95,backtest,demand_forecast_run_20261005T130920538
2025-09-12,S08,P0409,14,3.256,1.442,3.36,0,Low,2,1,0.95,backtest,demand_forecast_run_20261005T130920538
2025-09-12,S08,P0433,7,1.067,0.518,1.21,0,Low,2,1,0.95,backtest,demand_forecast_run_20261005T130920538
2025-09-12,S08,P0435,24,8.312,2.294,5.35,0,Low,2,1,0.95,backtest,demand_forecast_run_20261005T130920538
2025-09-12,S08,P0445,5,2.458,1.467,3.42,1,Low,2,1,0.95,backtest,demand_forecast_run_20261005T130920538
2025-09-12,S08,P0507,16,15.392,3.014,7.03,7,Medium,2,1,0.95,backtest,demand_forecast_run_20261005T130920538
2025-09-12,S08,P0563,18,7.696,2.284,5.33,0,Low,2,1,0.95,backtest,demand_forecast_run_20261005T130920538
2025-09-12,S08,P0579,4,1.283,0.637,1.49,0,Low,2,1,0.95,backtest,demand_forecast_run_20261005T130920538
2025-09-12,S08,P0589,6,3.275,2.236,5.22,3,Low,2,1,0.95,backtest,demand_forecast_run_20261005T130920538
2025-09-12,S09,P0003,16,2.989,1.386,3.23,0,Low,2,1,0.95,backtest,demand_forecast_run_20261005T130920538
2025-09-12,S09,P0022,14,4.036,1.404,3.28,0,Low,2,1,0.95,backtest,demand_forecast_run_20261005T130920538
2025-09-12,S09,P0032,19,12.426,2.936,6.85,1,Low,2,1,0.95,backtest,demand_forecast_run_20261005T130920538
2025-09-12,S09,P0053,7,1.43,1.931,4.51,0,Low,2,1,0.95,backtest,demand_forecast_run_20261005T130920538
2025-09-12,S09,P0073,4,1.477,0.863,2.01,0,Low,2,1,0.95,backtest,demand_forecast_run_20261005T130920538
2025-09-12,S09,P0170,9,2.325,1.124,2.62,0,Low,2,1,0.95,backtest,demand_forecast_run_20261005T130920538
2025-09-12,S09,P0206,17,5.684,1.571,3.67,0,Low,2,1,0.95,backtest,demand_forecast_run_20261005T130920538
2025-09-12,S09,P0213,6,4.661,1.833,4.28,3,Low,2,1,0.95,backtest,demand_forecast_run_20261005T130920538
2025-09-12,S09,P0252,13,5.057,1.956,4.56,0,Low,2,1,0.95,backtest,demand_forecast_run_20261005T130920538
2025-09-12,S09,P0272,8,1.313,0.535,1.25,0,Low,2,1,0.95,backtest,demand_forecast_run_20261005T130920538
2025-09-12,S09,P0288,7,2.34,0.995,2.32,0,Low,2,1,0.95,backtest,demand_forecast_run_20261005T130920538
2025-09-12,S09,P0316,12,1.516,0.92,2.15,0,Low,2,1,0.95,backtest,demand_forecast_run_20261005T130920538
2025-09-12,S09,P0369,17,4.834,2.052,4.79,0,Low,2,1,0.95,backtest,demand_forecast_run_20261005T130920538
2025-09-12,S09,P0381,6,1.641,0.87,2.03,0,Low,2,1,0.95,backtest,demand_forecast_run_20261005T130920538
2025-09-12,S09,P0391,11,3.511,2.124,4.96,0,Low,2,1,0.95,backtest,demand_forecast_run_20261005T130920538
2025-09-12,S09,P0392,9,0.934,0.793,1.85,0,Low,2,1,0.95,backtest,demand_forecast_run_20261005T130920538
2025-09-12,S09,P0408,0,2.779,1.041,2.43,6,High,2,1,0.95,backtest,demand_forecast_run_20261005T130920538
2025-09-12,S09,P0409,9,2.457,1.305,3.05,0,Low,2,1,0.95,backtest,demand_forecast_run_20261005T130920538
2025-09-12,S09,P0433,7,0.231,0.262,0.61,0,Low,2,1,0.95,backtest,demand_forecast_run_20261005T130920538
2025-09-12,S09,P0435,6,7.977,2.001,4.67,7,High,2,1,0.95,backtest,demand_forecast_run_20261005T130920538
2025-09-12,S09,P0445,12,2.146,1.729,4.03,0,Low,2,1,0.95,backtest,demand_forecast_run_20261005T130920538
2025-09-12,S09,P0507,47,13.504,2.611,6.09,0,Low,2,1,0.95,backtest,demand_forecast_run_20261005T130920538
2025-09-12,S09,P0563,16,6.401,1.685,3.93,0,Low,2,1,0.95,backtest,demand_forecast_run_20261005T130920538
2025-09-12,S09,P0579,3,1.492,0.994,2.32,1,Medium,2,1,0.95,backtest,demand_forecast_run_20261005T130920538
2025-09-12,S09,P0589,13,5.289,1.789,4.17,0,Low,2,1,0.95,backtest,demand_forecast_run_20261005T130920538
2025-09-12,S10,P0003,5,4.294,2.038,4.75,5,Medium,2,1,0.95,backtest,demand_forecast_run_20261005T130920538
2025-09-12,S10,P0022,12,2.625,1.325,3.09,0,Low,2,1,0.95,backtest,demand_forecast_run_20261005T130920538
2025-09-12,S10,P0032,18,9.914,2.771,6.46,0,Low,2,1,0.95,backtest,demand_forecast_run_20261005T130920538
2025-09-12,S10,P0053,8,0.499,0.854,1.99,0,Low,2,1,0.95,backtest,demand_forecast_run_20261005T130920538
2025-09-12,S10,P0073,3,1.355,0.731,1.71,1,Medium,2,1,0.95,backtest,demand_forecast_run_20261005T130920538
2025-09-12,S10,P0170,9,1.532,0.881,2.06,0,Low,2,1,0.95,backtest,demand_forecast_run_20261005T130920538
2025-09-12,S10,P0206,6,3.711,0.976,2.28,0,Low,2,1,0.95,backtest,demand_forecast_run_20261005T130920538
2025-09-12,S10,P0213,11,2.856,1.388,3.24,0,Low,2,1,0.95,backtest,demand_forecast_run_20261005T130920538
2025-09-12,S10,P0252,8,4.053,1.792,4.18,1,Low,2,1,0.95,backtest,demand_forecast_run_20261005T130920538
2025-09-12,S10,P0272,8,0.677,0.39,0.91,0,Low,2,1,0.95,backtest,demand_forecast_run_20261005T130920538
2025-09-12,S10,P0288,5,1.766,1.09,2.54,0,Low,2,1,0.95,backtest,demand_forecast_run_20261005T130920538
2025-09-12,S10,P0316,8,1.484,0.713,1.66,0,Low,2,1,0.95,backtest,demand_forecast_run_20261005T130920538
2025-09-12,S10,P0369,22,4.494,1.562,3.64,0,Low,2,1,0.95,backtest,demand_forecast_run_20261005T130920538
2025-09-12,S10,P0381,8,2.168,0.997,2.33,0,Low,2,1,0.95,backtest,demand_forecast_run_20261005T130920538
2025-09-12,S10,P0391,12,2.808,1.707,3.98,0,Low,2,1,0.95,backtest,demand_forecast_run_20261005T130920538
2025-09-12,S10,P0392,7,0.977,0.634,1.48,0,Low,2,1,0.95,backtest,demand_forecast_run_20261005T130920538
2025-09-12,S10,P0408,5,1.529,0.916,2.14,0,Low,2,1,0.95,backtest,demand_forecast_run_20261005T130920538
2025-09-12,S10,P0409,10,2.513,1.166,2.72,0,Low,2,1,0.95,backtest,demand_forecast_run_20261005T130920538
2025-09-12,S10,P0433,3,0.91,0.535,1.25,0,Low,2,1,0.95,backtest,demand_forecast_run_20261005T130920538
2025-09-12,S10,P0435,10,4.927,1.988,4.64,0,Low,2,1,0.95,backtest,demand_forecast_run_20261005T130920538
2025-09-12,S10,P0445,4,1.554,0.962,2.24,0,Low,2,1,0.95,backtest,demand_forecast_run_20261005T130920538
2025-09-12,S10,P0507,36,11.834,2.396,5.59,0,Low,2,1,0.95,backtest,demand_forecast_run_20261005T130920538
2025-09-12,S10,P0563,10,5.148,1.85,4.32,0,Low,2,1,0.95,backtest,demand_forecast_run_20261005T130920538
2025-09-12,S10,P0579,6,1.206,0.69,1.61,0,Low,2,1,0.95,backtest,demand_forecast_run_20261005T130920538
2025-09-12,S10,P0589,6,2.669,1.09,2.54,0,Low,2,1,0.95,backtest,demand_forecast_run_20261005T130920538
2025-09-12,S11,P0003,7,3.684,1.315,3.07,0,Low,2,1,0.95,backtest,demand_forecast_run_20261005T130920538
2025-09-12,S11,P0022,19,4.789,1.638,3.82,0,Low,2,1,0.95,backtest,demand_forecast_run_20261005T130920538
2025-09-12,S11,P0032,1,16.28,3.5,8.17,24,High,2,1,0.95,backtest,demand_forecast_run_20261005T130920538
2025-09-12,S11,P0053,8,1.393,1.071,2.5,0,Low,2,1,0.95,backtest,demand_forecast_run_20261005T130920538
2025-09-12,S11,P0073,7,1.275,0.962,2.24,0,Low,2,1,0.95,backtest,demand_forecast_run_20261005T130920538
2025-09-12,S11,P0170,2,2.063,1.217,2.84,3,High,2,1,0.95,backtest,demand_forecast_run_20261005T130920538
2025-09-12,S11,P0206,0,4.706,1.701,3.97,9,High,2,1,0.95,backtest,demand_forecast_run_20261005T130920538
2025-09-12,S11,P0213,18,3.413,1.453,3.39,0,Low,2,1,0.95,backtest,demand_forecast_run_20261005T130920538
2025-09-12,S11,P0252,16,6.979,1.671,3.9,0,Low,2,1,0.95,backtest,demand_forecast_run_20261005T130920538
2025-09-12,S11,P0272,9,1.471,0.693,1.62,0,Low,2,1,0.95,backtest,demand_forecast_run_20261005T130920538
2025-09-12,S11,P0288,19,2.891,1.744,4.07,0,Low,2,1,0.95,backtest,demand_forecast_run_20261005T130920538
2025-09-12,S11,P0316,11,3.565,1.066,2.49,0,Low,2,1,0.95,backtest,demand_forecast_run_20261005T130920538
2025-09-12,S11,P0369,20,6.951,1.874,4.37,0,Low,2,1,0.95,backtest,demand_forecast_run_20261005T130920538
2025-09-12,S11,P0381,10,3.236,1.416,3.3,0,Low,2,1,0.95,backtest,demand_forecast_run_20261005T130920538
2025-09-12,S11,P0391,0,3.528,1.66,3.87,8,High,2,1,0.95,backtest,demand_forecast_run_20261005T130920538
2025-09-12,S11,P0392,9,1.873,1.219,2.84,0,Low,2,1,0.95,backtest,demand_forecast_run_20261005T130920538
2025-09-12,S11,P0408,9,3.282,1.595,3.72,0,Low,2,1,0.95,backtest,demand_forecast_run_20261005T130920538
2025-09-12,S11,P0409,9,2.808,1.133,2.64,0,Low,2,1,0.95,backtest,demand_forecast_run_20261005T130920538
2025-09-12,S11,P0433,9,0.589,0.476,1.11,0,Low,2,1,0.95,backtest,demand_forecast_run_20261005T130920538
2025-09-12,S11,P0435,10,7.096,2.183,5.09,3,Low,2,1,0.95,backtest,demand_forecast_run_20261005T130920538
2025-09-12,S11,P0445,15,3.084,1.359,3.17,0,Low,2,1,0.95,backtest,demand_forecast_run_20261005T130920538
2025-09-12,S11,P0507,53,15.18,2.631,6.14,0,Low,2,1,0.95,backtest,demand_forecast_run_20261005T130920538
2025-09-12,S11,P0563,17,5.981,2.79,6.51,0,Low,2,1,0.95,backtest,demand_forecast_run_20261005T130920538
2025-09-12,S11,P0579,1,1.685,0.999,2.33,4,High,2,1,0.95,backtest,demand_forecast_run_20261005T130920538
2025-09-12,S11,P0589,10,3.09,1.12,2.61,0,Low,2,1,0.95,backtest,demand_forecast_run_20261005T130920538
2025-09-12,S12,P0003,13,3.14,1.29,3.01,0,Low,2,1,0.95,backtest,demand_forecast_run_20261005T130920538
2025-09-12,S12,P0022,1,3.014,1.188,2.77,5,High,2,1,0.95,backtest,demand_forecast_run_20261005T130920538
2025-09-12,S12,P0032,27,12.824,4.154,9.69,0,Low,2,1,0.95,backtest,demand_forecast_run_20261005T130920538
2025-09-12,S12,P0053,8,1.606,1.315,3.07,0,Low,2,1,0.95,backtest,demand_forecast_run_20261005T130920538
2025-09-12,S12,P0073,8,1.153,0.6,1.4,0,Low,2,1,0.95,backtest,demand_forecast_run_20261005T130920538
2025-09-12,S12,P0170,6,1.611,1.076,2.51,0,Low,2,1,0.95,backtest,demand_forecast_run_20261005T130920538
2025-09-12,S12,P0206,14,3.308,1.715,4,0,Low,2,1,0.95,backtest,demand_forecast_run_20261005T130920538
2025-09-12,S12,P0213,8,2.512,1.386,3.23,0,Low,2,1,0.95,backtest,demand_forecast_run_20261005T130920538
2025-09-12,S12,P0252,19,4.31,1.718,4.01,0,Low,2,1,0.95,backtest,demand_forecast_run_20261005T130920538
2025-09-12,S12,P0272,10,2.45,1.227,2.86,0,Low,2,1,0.95,backtest,demand_forecast_run_20261005T130920538
2025-09-12,S12,P0288,5,2.25,1.034,2.41,0,Low,2,1,0.95,backtest,demand_forecast_run_20261005T130920538
2025-09-12,S12,P0316,13,2.171,1.11,2.59,0,Low,2,1,0.95,backtest,demand_forecast_run_20261005T130920538
2025-09-12,S12,P0369,13,6.942,3.095,7.22,2,Low,2,1,0.95,backtest,demand_forecast_run_20261005T130920538
2025-09-12,S12,P0381,8,2.017,1.072,2.5,0,Low,2,1,0.95,backtest,demand_forecast_run_20261005T130920538
2025-09-12,S12,P0391,5,2.701,1.249,2.91,1,Medium,2,1,0.95,backtest,demand_forecast_run_20261005T130920538
2025-09-12,S12,P0392,10,1.208,1.219,2.84,0,Low,2,1,0.95,backtest,demand_forecast_run_20261005T130920538
2025-09-12,S12,P0408,10,1.461,0.962,2.24,0,Low,2,1,0.95,backtest,demand_forecast_run_20261005T130920538
2025-09-12,S12,P0409,10,2.224,1.319,3.08,0,Low,2,1,0.95,backtest,demand_forecast_run_20261005T130920538
2025-09-12,S12,P0433,6,0.778,0.659,1.54,0,Low,2,1,0.95,backtest,demand_forecast_run_20261005T130920538
2025-09-12,S12,P0435,4,6.892,1.838,4.29,8,High,2,1,0.95,backtest,demand_forecast_run_20261005T130920538
2025-09-12,S12,P0445,6,1.519,0.962,2.24,0,Low,2,1,0.95,backtest,demand_forecast_run_20261005T130920538
2025-09-12,S12,P0507,16,12.034,3.255,7.6,4,Low,2,1,0.95,backtest,demand_forecast_run_20261005T130920538
2025-09-12,S12,P0563,18,4.467,1.227,2.86,0,Low,2,1,0.95,backtest,demand_forecast_run_20261005T130920538
2025-09-12,S12,P0579,6,1.074,0.793,1.85,0,Low,2,1,0.95,backtest,demand_forecast_run_20261005T130920538
2025-09-12,S12,P0589,9,2.382,1.166,2.72,0,Low,2,1,0.95,backtest,demand_forecast_run_20261005T130920538
2025-09-13,S01,P0003,3,3.713,1.536,3.58,5,High,2,1,0.95,backtest,demand_forecast_run_20261005T130920538
2025-09-13,S01,P0022,7,3.23,1.484,3.46,0,Low,2,1,0.95,backtest,demand_forecast_run_20261005T130920538
2025-09-13,S01,P0032,43,11.542,2.992,6.98,0,Low,2,1,0.95,backtest,demand_forecast_run_20261005T130920538
2025-09-13,S01,P0053,5,1.417,0.87,2.03,0,Low,2,1,0.95,backtest,demand_forecast_run_20261005T130920538
2025-09-13,S01,P0073,5,1.429,0.922,2.15,0,Low,2,1,0.95,backtest,demand_forecast_run_20261005T130920538
2025-09-13,S01,P0170,12,1.84,0.922,2.15,0,Low,2,1,0.95,backtest,demand_forecast_run_20261005T130920538
2025-09-13,S01,P0206,13,3.955,1.054,2.46,0,Low,2,1,0.95,backtest,demand_forecast_run_20261005T130920538
2025-09-13,S01,P0213,6,2.891,1.145,2.67,0,Low,2,1,0.95,backtest,demand_forecast_run_20261005T130920538
2025-09-13,S01,P0252,21,6.694,2.001,4.67,0,Low,2,1,0.95,backtest,demand_forecast_run_20261005T130920538
2025-09-13,S01,P0272,6,2.089,0.945,2.2,0,Low,2,1,0.95,backtest,demand_forecast_run_20261005T130920538
2025-09-13,S01,P0288,10,1.516,0.962,2.24,0,Low,2,1,0.95,backtest,demand_forecast_run_20261005T130920538
2025-09-13,S01,P0316,8,1.13,0.659,1.54,0,Low,2,1,0.95,backtest,demand_forecast_run_20261005T130920538
2025-09-13,S01,P0369,14,5.372,1.458,3.4,0,Low,2,1,0.95,backtest,demand_forecast_run_20261005T130920538
2025-09-13,S01,P0381,6,2.089,1.219,2.84,0,Low,2,1,0.95,backtest,demand_forecast_run_20261005T130920538
2025-09-13,S01,P0391,13,5.384,1.789,4.17,0,Low,2,1,0.95,backtest,demand_forecast_run_20261005T130920538
2025-09-13,S01,P0392,7,1.158,0.612,1.43,0,Low,2,1,0.95,backtest,demand_forecast_run_20261005T130920538
2025-09-13,S01,P0408,4,1.823,0.826,1.93,0,Medium,2,1,0.95,backtest,demand_forecast_run_20261005T130920538
2025-09-13,S01,P0409,10,1.725,0.995,2.32,0,Low,2,1,0.95,backtest,demand_forecast_run_20261005T130920538
2025-09-13,S01,P0433,7,0.653,0.63,1.47,0,Low,2,1,0.95,backtest,demand_forecast_run_20261005T130920538
2025-09-13,S01,P0435,12,5.015,1.453,3.39,0,Low,2,1,0.95,backtest,demand_forecast_run_20261005T130920538
2025-09-13,S01,P0445,3,3.646,1.412,3.3,4,High,2,1,0.95,backtest,demand_forecast_run_20261005T130920538
2025-09-13,S01,P0507,35,14.022,1.665,3.89,0,Low,2,1,0.95,backtest,demand_forecast_run_20261005T130920538
2025-09-13,S01,P0563,7,3.957,1.487,3.47,1,Low,2,1,0.95,backtest,demand_forecast_run_20261005T130920538
2025-09-13,S01,P0579,3,1.176,0.999,2.33,1,Medium,2,1,0.95,backtest,demand_forecast_run_20261005T130920538
2025-09-13,S01,P0589,12,2.681,1.538,3.59,0,Low,2,1,0.95,backtest,demand_forecast_run_20261005T130920538
2025-09-13,S02,P0003,0,4.067,1.512,3.53,8,High,2,1,0.95,backtest,demand_forecast_run_20261005T130920538
2025-09-13,S02,P0022,9,4.552,1.595,3.72,0,Low,2,1,0.95,backtest,demand_forecast_run_20261005T130920538
2025-09-13,S02,P0032,58,10.858,2.142,5,0,Low,2,1,0.95,backtest,demand_forecast_run_20261005T130920538
2025-09-13,S02,P0053,3,0.836,0.81,1.89,0,Medium,2,1,0.95,backtest,demand_forecast_run_20261005T130920538
2025-09-13,S02,P0073,5,1.277,0.838,1.96,0,Low,2,1,0.95,backtest,demand_forecast_run_20261005T130920538
2025-09-13,S02,P0170,5,1.406,0.922,2.15,0,Low,2,1,0.95,backtest,demand_forecast_run_20261005T130920538
2025-09-13,S02,P0206,2,4.92,1.481,3.46,7,High,2,1,0.95,backtest,demand_forecast_run_20261005T130920538
2025-09-13,S02,P0213,14,3.285,1.75,4.08,0,Low,2,1,0.95,backtest,demand_forecast_run_20261005T130920538
2025-09-13,S02,P0252,3,5.586,1.641,3.83,7,High,2,1,0.95,backtest,demand_forecast_run_20261005T130920538
2025-09-13,S02,P0272,5,1.571,1.23,2.87,0,Low,2,1,0.95,backtest,demand_forecast_run_20261005T130920538
2025-09-13,S02,P0288,11,2.334,1.02,2.38,0,Low,2,1,0.95,backtest,demand_forecast_run_20261005T130920538
2025-09-13,S02,P0316,8,1.546,0.786,1.83,0,Low,2,1,0.95,backtest,demand_forecast_run_20261005T130920538
2025-09-13,S02,P0369,23,5.478,1.792,4.18,0,Low,2,1,0.95,backtest,demand_forecast_run_20261005T130920538
2025-09-13,S02,P0381,5,1.571,1.136,2.65,0,Low,2,1,0.95,backtest,demand_forecast_run_20261005T130920538
2025-09-13,S02,P0391,9,4.805,1.569,3.66,0,Low,2,1,0.95,backtest,demand_forecast_run_20261005T130920538
2025-09-13,S02,P0392,4,1.002,1.069,2.49,0,Low,2,1,0.95,backtest,demand_forecast_run_20261005T130920538
2025-09-13,S02,P0408,9,3.471,0.983,2.29,0,Low,2,1,0.95,backtest,demand_forecast_run_20261005T130920538
2025-09-13,S02,P0409,10,3.888,1.166,2.72,0,Low,2,1,0.95,backtest,demand_forecast_run_20261005T130920538
2025-09-13,S02,P0433,8,0.646,0.905,2.11,0,Low,2,1,0.95,backtest,demand_forecast_run_20261005T130920538
2025-09-13,S02,P0435,21,7.001,1.795,4.19,0,Low,2,1,0.95,backtest,demand_forecast_run_20261005T130920538
2025-09-13,S02,P0445,12,2.369,1.201,2.8,0,Low,2,1,0.95,backtest,demand_forecast_run_20261005T130920538
2025-09-13,S02,P0507,21,17.055,1.938,4.52,1,Low,2,1,0.95,backtest,demand_forecast_run_20261005T130920538
2025-09-13,S02,P0563,9,3.437,1.798,4.19,0,Low,2,1,0.95,backtest,demand_forecast_run_20261005T130920538
2025-09-13,S02,P0579,8,1.595,0.997,2.33,0,Low,2,1,0.95,backtest,demand_forecast_run_20261005T130920538
2025-09-13,S02,P0589,14,2.033,1.208,2.82,0,Low,2,1,0.95,backtest,demand_forecast_run_20261005T130920538
2025-09-13,S03,P0003,10,3.2,1.257,2.93,0,Low,2,1,0.95,backtest,demand_forecast_run_20261005T130920538
2025-09-13,S03,P0022,9,2.442,1.466,3.42,0,Low,2,1,0.95,backtest,demand_forecast_run_20261005T130920538
2025-09-13,S03,P0032,5,11.225,2.347,5.48,12,High,2,1,0.95,backtest,demand_forecast_run_20261005T130920538
2025-09-13,S03,P0053,3,1.619,1.049,2.45,2,Medium,2,1,0.95,backtest,demand_forecast_run_20261005T130920538
2025-09-13,S03,P0073,2,0.691,0.476,1.11,0,Medium,2,1,0.95,backtest,demand_forecast_run_20261005T130920538
2025-09-13,S03,P0170,9,2.748,0.875,2.04,0,Low,2,1,0.95,backtest,demand_forecast_run_20261005T130920538
2025-09-13,S03,P0206,20,3.975,1.266,2.95,0,Low,2,1,0.95,backtest,demand_forecast_run_20261005T130920538
2025-09-13,S03,P0213,11,1.797,0.911,2.13,0,Low,2,1,0.95,backtest,demand_forecast_run_20261005T130920538
2025-09-13,S03,P0252,14,5.05,2.223,5.19,0,Low,2,1,0.95,backtest,demand_forecast_run_20261005T130920538
2025-09-13,S03,P0272,9,1.521,0.737,1.72,0,Low,2,1,0.95,backtest,demand_forecast_run_20261005T130920538
2025-09-13,S03,P0288,5,1.394,0.879,2.05,0,Low,2,1,0.95,backtest,demand_forecast_run_20261005T130920538
2025-09-13,S03,P0316,8,2.044,1.162,2.71,0,Low,2,1,0.95,backtest,demand_forecast_run_20261005T130920538
2025-09-13,S03,P0369,13,4.438,1.478,3.45,0,Low,2,1,0.95,backtest,demand_forecast_run_20261005T130920538
2025-09-13,S03,P0381,2,1.521,0.629,1.47,1,Medium,2,1,0.95,backtest,demand_forecast_run_20261005T130920538
2025-09-13,S03,P0391,18,4.29,2.233,5.21,0,Low,2,1,0.95,backtest,demand_forecast_run_20261005T130920538
2025-09-13,S03,P0392,7,0.859,0.634,1.48,0,Low,2,1,0.95,backtest,demand_forecast_run_20261005T130920538
2025-09-13,S03,P0408,4,1.415,0.737,1.72,0,Medium,2,1,0.95,backtest,demand_forecast_run_20261005T130920538
2025-09-13,S03,P0409,2,2.117,0.887,2.07,3,High,2,1,0.95,backtest,demand_forecast_run_20261005T130920538
2025-09-13,S03,P0433,6,0.371,0.416,0.97,0,Low,2,1,0.95,backtest,demand_forecast_run_20261005T130920538
2025-09-13,S03,P0435,9,5.228,1.286,3,0,Low,2,1,0.95,backtest,demand_forecast_run_20261005T130920538
2025-09-13,S03,P0445,6,1.706,0.629,1.47,0,Low,2,1,0.95,backtest,demand_forecast_run_20261005T130920538
2025-09-13,S03,P0507,28,16.745,2.121,4.95,0,Low,2,1,0.95,backtest,demand_forecast_run_20261005T130920538
2025-09-13,S03,P0563,13,3.595,1.184,2.76,0,Low,2,1,0.95,backtest,demand_forecast_run_20261005T130920538
2025-09-13,S03,P0579,5,1.714,1.315,3.07,0,Low,2,1,0.95,backtest,demand_forecast_run_20261005T130920538
2025-09-13,S03,P0589,7,2.993,1.453,3.39,0,Low,2,1,0.95,backtest,demand_forecast_run_20261005T130920538
2025-09-13,S04,P0003,9,3.35,1.297,3.03,0,Low,2,1,0.95,backtest,demand_forecast_run_20261005T130920538
2025-09-13,S04,P0022,12,2.211,0.897,2.09,0,Low,2,1,0.95,backtest,demand_forecast_run_20261005T130920538
2025-09-13,S04,P0032,38,8.197,3.391,7.91,0,Low,2,1,0.95,backtest,demand_forecast_run_20261005T130920538
2025-09-13,S04,P0053,8,1.092,0.879,2.05,0,Low,2,1,0.95,backtest,demand_forecast_run_20261005T130920538
2025-09-13,S04,P0073,7,1.107,0.612,1.43,0,Low,2,1,0.95,backtest,demand_forecast_run_20261005T130920538
2025-09-13,S04,P0170,9,2.67,1.056,2.46,0,Low,2,1,0.95,backtest,demand_forecast_run_20261005T130920538
2025-09-13,S04,P0206,16,3.266,1.508,3.52,0,Low,2,1,0.95,backtest,demand_forecast_run_20261005T130920538
2025-09-13,S04,P0213,5,1.722,0.962,2.25,0,Low,2,1,0.95,backtest,demand_forecast_run_20261005T130920538
2025-09-13,S04,P0252,2,3.331,1.647,3.84,6,High,2,1,0.95,backtest,demand_forecast_run_20261005T130920538
2025-09-13,S04,P0272,3,1.6,0.838,1.96,1,Medium,2,1,0.95,backtest,demand_forecast_run_20261005T130920538
2025-09-13,S04,P0288,9,1.537,0.826,1.93,0,Low,2,1,0.95,backtest,demand_forecast_run_20261005T130920538
2025-09-13,S04,P0316,4,0.714,0.701,1.63,0,Low,2,1,0.95,backtest,demand_forecast_run_20261005T130920538
2025-09-13,S04,P0369,15,4.024,1.565,3.65,0,Low,2,1,0.95,backtest,demand_forecast_run_20261005T130920538
2025-09-13,S04,P0381,6,1.6,0.962,2.24,0,Low,2,1,0.95,backtest,demand_forecast_run_20261005T130920538
2025-09-13,S04,P0391,5,2.525,1.335,3.11,1,Medium,2,1,0.95,backtest,demand_forecast_run_20261005T130920538
2025-09-13,S04,P0392,4,0.771,0.441,1.03,0,Low,2,1,0.95,backtest,demand_forecast_run_20261005T130920538
2025-09-13,S04,P0408,12,2.016,1.036,2.42,0,Low,2,1,0.95,backtest,demand_forecast_run_20261005T130920538
2025-09-13,S04,P0409,10,1.609,1.013,2.36,0,Low,2,1,0.95,backtest,demand_forecast_run_20261005T130920538
2025-09-13,S04,P0433,2,0.199,0.262,0.61,0,Medium,2,1,0.95,backtest,demand_forecast_run_20261005T130920538
2025-09-13,S04,P0435,6,4.355,2.038,4.75,4,Medium,2,1,0.95,backtest,demand_forecast_run_20261005T130920538
2025-09-13,S04,P0445,7,1.35,0.731,1.71,0,Low,2,1,0.95,backtest,demand_forecast_run_20261005T130920538
2025-09-13,S04,P0507,10,11.209,2.027,4.73,6,High,2,1,0.95,backtest,demand_forecast_run_20261005T130920538
2025-09-13,S04,P0563,12,2.215,0.87,2.03,0,Low,2,1,0.95,backtest,demand_forecast_run_20261005T130920538
2025-09-13,S04,P0579,8,1.126,1,2.33,0,Low,2,1,0.95,backtest,demand_forecast_run_20261005T130920538
2025-09-13,S04,P0589,12,1.989,0.945,2.2,0,Low,2,1,0.95,backtest,demand_forecast_run_20261005T130920538
2025-09-13,S05,P0003,2,2.54,1.335,3.11,4,High,2,1,0.95,backtest,demand_forecast_run_20261005T130920538
2025-09-13,S05,P0022,10,3.4,1.239,2.89,0,Low,2,1,0.95,backtest,demand_forecast_run_20261005T130920538
2025-09-13,S05,P0032,33,7.999,2.687,6.27,0,Low,2,1,0.95,backtest,demand_forecast_run_20261005T130920538
2025-09-13,S05,P0053,9,0.763,0.922,2.15,0,Low,2,1,0.95,backtest,demand_forecast_run_20261005T130920538
2025-09-13,S05,P0073,6,0.586,0.6,1.4,0,Low,2,1,0.95,backtest,demand_forecast_run_20261005T130920538
2025-09-13,S05,P0170,8,1.355,0.742,1.73,0,Low,2,1,0.95,backtest,demand_forecast_run_20261005T130920538
2025-09-13,S05,P0206,4,2.336,1.44,3.36,2,Medium,2,1,0.95,backtest,demand_forecast_run_20261005T130920538
2025-09-13,S05,P0213,12,1.757,1.02,2.38,0,Low,2,1,0.95,backtest,demand_forecast_run_20261005T130920538
2025-09-13,S05,P0252,16,3.627,1.58,3.69,0,Low,2,1,0.95,backtest,demand_forecast_run_20261005T130920538
2025-09-13,S05,P0272,9,1.465,1.013,2.36,0,Low,2,1,0.95,backtest,demand_forecast_run_20261005T130920538
2025-09-13,S05,P0288,2,1.679,1.182,2.76,3,Medium,2,1,0.95,backtest,demand_forecast_run_20261005T130920538
2025-09-13,S05,P0316,5,1.001,0.997,2.33,0,Low,2,1,0.95,backtest,demand_forecast_run_20261005T130920538
2025-09-13,S05,P0369,15,3.05,2.134,4.98,0,Low,2,1,0.95,backtest,demand_forecast_run_20261005T130920538
2025-09-13,S05,P0381,7,0.659,0.67,1.56,0,Low,2,1,0.95,backtest,demand_forecast_run_20261005T130920538
2025-09-13,S05,P0391,16,1.877,1.297,3.03,0,Low,2,1,0.95,backtest,demand_forecast_run_20261005T130920538
2025-09-13,S05,P0392,6,0.2,0.262,0.61,0,Low,2,1,0.95,backtest,demand_forecast_run_20261005T130920538
2025-09-13,S05,P0408,8,0.572,0.525,1.22,0,Low,2,1,0.95,backtest,demand_forecast_run_20261005T130920538
2025-09-13,S05,P0409,13,1.836,1.084,2.53,0,Low,2,1,0.95,backtest,demand_forecast_run_20261005T130920538
2025-09-13,S05,P0433,6,0.301,0.315,0.73,0,Low,2,1,0.95,backtest,demand_forecast_run_20261005T130920538
2025-09-13,S05,P0435,20,3.358,1.425,3.33,0,Low,2,1,0.95,backtest,demand_forecast_run_20261005T130920538
2025-09-13,S05,P0445,7,1.904,0.962,2.25,0,Low,2,1,0.95,backtest,demand_forecast_run_20261005T130920538
2025-09-13,S05,P0507,13,8.024,2.166,5.05,1,Low,2,1,0.95,backtest,demand_forecast_run_20261005T130920538
2025-09-13,S05,P0563,8,2.49,1.833,4.28,0,Low,2,1,0.95,backtest,demand_forecast_run_20261005T130920538
2025-09-13,S05,P0579,7,0.459,0.476,1.11,0,Low,2,1,0.95,backtest,demand_forecast_run_20261005T130920538
2025-09-13,S05,P0589,8,2.32,1.351,3.15,0,Low,2,1,0.95,backtest,demand_forecast_run_20261005T130920538
2025-09-13,S06,P0003,1,3.387,1.665,3.89,7,High,2,1,0.95,backtest,demand_forecast_run_20261005T130920538
2025-09-13,S06,P0022,8,2.216,1.29,3.01,0,Low,2,1,0.95,backtest,demand_forecast_run_20261005T130920538
2025-09-13,S06,P0032,27,15.07,2.742,6.4,0,Low,2,1,0.95,backtest,demand_forecast_run_20261005T130920538
2025-09-13,S06,P0053,8,1.828,1.741,4.06,0,Low,2,1,0.95,backtest,demand_forecast_run_20261005T130920538
2025-09-13,S06,P0073,3,2.858,1.152,2.69,3,Medium,2,1,0.95,backtest,demand_forecast_run_20261005T130920538
2025-09-13,S06,P0170,4,1.343,1.096,2.56,0,Medium,2,1,0.95,backtest,demand_forecast_run_20261005T130920538
2025-09-13,S06,P0206,15,6.626,3.155,7.36,0,Low,2,1,0.95,backtest,demand_forecast_run_20261005T130920538
2025-09-13,S06,P0213,5,4.799,1.641,3.83,4,Medium,2,1,0.95,backtest,demand_forecast_run_20261005T130920538
2025-09-13,S06,P0252,15,5.717,1.953,4.56,0,Low,2,1,0.95,backtest,demand_forecast_run_20261005T130920538
2025-09-13,S06,P0272,6,1.869,0.994,2.32,0,Low,2,1,0.95,backtest,demand_forecast_run_20261005T130920538
2025-09-13,S06,P0288,8,1.54,0.959,2.24,0,Low,2,1,0.95,backtest,demand_forecast_run_20261005T130920538
2025-09-13,S06,P0316,9,2.134,1.124,2.62,0,Low,2,1,0.95,backtest,demand_forecast_run_20261005T130920538
2025-09-13,S06,P0369,11,7.094,2.129,4.97,2,Low,2,1,0.95,backtest,demand_forecast_run_20261005T130920538
2025-09-13,S06,P0381,6,2.089,1.249,2.91,0,Low,2,1,0.95,backtest,demand_forecast_run_20261005T130920538
2025-09-13,S06,P0391,12,3.516,2.315,5.4,0,Low,2,1,0.95,backtest,demand_forecast_run_20261005T130920538
2025-09-13,S06,P0392,6,2.268,1.062,2.48,0,Low,2,1,0.95,backtest,demand_forecast_run_20261005T130920538
2025-09-13,S06,P0408,9,2.827,0.983,2.29,0,Low,2,1,0.95,backtest,demand_forecast_run_20261005T130920538
2025-09-13,S06,P0409,7,2.326,1.1,2.57,0,Low,2,1,0.95,backtest,demand_forecast_run_20261005T130920538
2025-09-13,S06,P0433,4,1.022,0.6,1.4,0,Low,2,1,0.95,backtest,demand_forecast_run_20261005T130920538
2025-09-13,S06,P0435,21,6.449,1.663,3.88,0,Low,2,1,0.95,backtest,demand_forecast_run_20261005T130920538
2025-09-13,S06,P0445,9,3.338,1.188,2.77,0,Low,2,1,0.95,backtest,demand_forecast_run_20261005T130920538
2025-09-13,S06,P0507,18,16.981,2.97,6.93,6,Low,2,1,0.95,backtest,demand_forecast_run_20261005T130920538
2025-09-13,S06,P0563,14,3.078,1.361,3.18,0,Low,2,1,0.95,backtest,demand_forecast_run_20261005T130920538
2025-09-13,S06,P0579,13,2.14,1.362,3.18,0,Low,2,1,0.95,backtest,demand_forecast_run_20261005T130920538
2025-09-13,S06,P0589,12,2.54,1.152,2.69,0,Low,2,1,0.95,backtest,demand_forecast_run_20261005T130920538
2025-09-13,S07,P0003,6,3.065,1.079,2.52,0,Low,2,1,0.95,backtest,demand_forecast_run_20261005T130920538
2025-09-13,S07,P0022,11,2.986,1.388,3.24,0,Low,2,1,0.95,backtest,demand_forecast_run_20261005T130920538
2025-09-13,S07,P0032,14,9.486,2.487,5.8,2,Low,2,1,0.95,backtest,demand_forecast_run_20261005T130920538
2025-09-13,S07,P0053,5,0.696,0.742,1.73,0,Low,2,1,0.95,backtest,demand_forecast_run_20261005T130920538
2025-09-13,S07,P0073,2,0.877,0.78,1.82,1,Medium,2,1,0.95,backtest,demand_forecast_run_20261005T130920538
2025-09-13,S07,P0170,4,1.021,0.959,2.24,0,Low,2,1,0.95,backtest,demand_forecast_run_20261005T130920538
2025-09-13,S07,P0206,1,3.214,1.551,3.62,6,High,2,1,0.95,backtest,demand_forecast_run_20261005T130920538
2025-09-13,S07,P0213,11,2.462,1.122,2.62,0,Low,2,1,0.95,backtest,demand_forecast_run_20261005T130920538
2025-09-13,S07,P0252,18,3.321,1.687,3.94,0,Low,2,1,0.95,backtest,demand_forecast_run_20261005T130920538
2025-09-13,S07,P0272,4,0.701,0.713,1.66,0,Low,2,1,0.95,backtest,demand_forecast_run_20261005T130920538
2025-09-13,S07,P0288,7,1.981,1.1,2.57,0,Low,2,1,0.95,backtest,demand_forecast_run_20261005T130920538
2025-09-13,S07,P0316,5,0.554,0.476,1.11,0,Low,2,1,0.95,backtest,demand_forecast_run_20261005T130920538
2025-09-13,S07,P0369,16,3.876,1.569,3.66,0,Low,2,1,0.95,backtest,demand_forecast_run_20261005T130920538
2025-09-13,S07,P0381,6,0.701,0.535,1.25,0,Low,2,1,0.95,backtest,demand_forecast_run_20261005T130920538
2025-09-13,S07,P0391,12,2.727,2.056,4.8,0,Low,2,1,0.95,backtest,demand_forecast_run_20261005T130920538
2025-09-13,S07,P0392,9,1.539,0.832,1.94,0,Low,2,1,0.95,backtest,demand_forecast_run_20261005T130920538
2025-09-13,S07,P0408,6,1.322,1.2,2.8,0,Low,2,1,0.95,backtest,demand_forecast_run_20261005T130920538
2025-09-13,S07,P0409,9,2.141,1.303,3.04,0,Low,2,1,0.95,backtest,demand_forecast_run_20261005T130920538
2025-09-13,S07,P0433,6,0.216,0.416,0.97,0,Low,2,1,0.95,backtest,demand_forecast_run_20261005T130920538
2025-09-13,S07,P0435,19,3.566,1.792,4.18,0,Low,2,1,0.95,backtest,demand_forecast_run_20261005T130920538
2025-09-13,S07,P0445,4,1.086,0.723,1.69,0,Low,2,1,0.95,backtest,demand_forecast_run_20261005T130920538
2025-09-13,S07,P0507,18,8.448,2.203,5.14,0,Low,2,1,0.95,backtest,demand_forecast_run_20261005T130920538
2025-09-13,S07,P0563,8,2.806,1.325,3.09,0,Low,2,1,0.95,backtest,demand_forecast_run_20261005T130920538
2025-09-13,S07,P0579,9,1.213,0.956,2.23,0,Low,2,1,0.95,backtest,demand_forecast_run_20261005T130920538
2025-09-13,S07,P0589,7,2.011,1.041,2.43,0,Low,2,1,0.95,backtest,demand_forecast_run_20261005T130920538
2025-09-13,S08,P0003,14,3.409,1.794,4.19,0,Low,2,1,0.95,backtest,demand_forecast_run_20261005T130920538
2025-09-13,S08,P0022,10,4.455,1.595,3.72,0,Low,2,1,0.95,backtest,demand_forecast_run_20261005T130920538
2025-09-13,S08,P0032,51,13.334,2.74,6.39,0,Low,2,1,0.95,backtest,demand_forecast_run_20261005T130920538
2025-09-13,S08,P0053,6,1.486,1.423,3.32,0,Low,2,1,0.95,backtest,demand_forecast_run_20261005T130920538
2025-09-13,S08,P0073,5,0.889,0.78,1.82,0,Low,2,1,0.95,backtest,demand_forecast_run_20261005T130920538
2025-09-13,S08,P0170,14,1.788,0.881,2.06,0,Low,2,1,0.95,backtest,demand_forecast_run_20261005T130920538
2025-09-13,S08,P0206,9,4.584,1.503,3.51,0,Low,2,1,0.95,backtest,demand_forecast_run_20261005T130920538
2025-09-13,S08,P0213,18,2.272,1.758,4.1,0,Low,2,1,0.95,backtest,demand_forecast_run_20261005T130920538
2025-09-13,S08,P0252,21,6.088,2.009,4.69,0,Low,2,1,0.95,backtest,demand_forecast_run_20261005T130920538
2025-09-13,S08,P0272,7,1.777,1.182,2.76,0,Low,2,1,0.95,backtest,demand_forecast_run_20261005T130920538
2025-09-13,S08,P0288,5,2.222,1.12,2.61,0,Low,2,1,0.95,backtest,demand_forecast_run_20261005T130920538
2025-09-13,S08,P0316,10,1.066,0.678,1.58,0,Low,2,1,0.95,backtest,demand_forecast_run_20261005T130920538
2025-09-13,S08,P0369,16,4.806,2.438,5.69,0,Low,2,1,0.95,backtest,demand_forecast_run_20261005T130920538
2025-09-13,S08,P0381,8,1.511,1.066,2.49,0,Low,2,1,0.95,backtest,demand_forecast_run_20261005T130920538
2025-09-13,S08,P0391,22,3.032,1.786,4.17,0,Low,2,1,0.95,backtest,demand_forecast_run_20261005T130920538
2025-09-13,S08,P0392,10,1.79,1.397,3.26,0,Low,2,1,0.95,backtest,demand_forecast_run_20261005T130920538
2025-09-13,S08,P0408,2,2.175,1.666,3.89,5,High,2,1,0.95,backtest,demand_forecast_run_20261005T130920538
2025-09-13,S08,P0409,9,2.92,1.607,3.75,0,Low,2,1,0.95,backtest,demand_forecast_run_20261005T130920538
2025-09-13,S08,P0433,7,1.189,0.499,1.16,0,Low,2,1,0.95,backtest,demand_forecast_run_20261005T130920538
2025-09-13,S08,P0435,19,6.495,2.323,5.42,0,Low,2,1,0.95,backtest,demand_forecast_run_20261005T130920538
2025-09-13,S08,P0445,5,1.947,1.202,2.8,0,Low,2,1,0.95,backtest,demand_forecast_run_20261005T130920538
2025-09-13,S08,P0507,6,16.134,2.965,6.92,18,High,2,1,0.95,backtest,demand_forecast_run_20261005T130920538
2025-09-13,S08,P0563,17,5.687,2.242,5.23,0,Low,2,1,0.95,backtest,demand_forecast_run_20261005T130920538
2025-09-13,S08,P0579,11,1.055,0.637,1.49,0,Low,2,1,0.95,backtest,demand_forecast_run_20261005T130920538
2025-09-13,S08,P0589,5,3.099,2.235,5.21,4,Medium,2,1,0.95,backtest,demand_forecast_run_20261005T130920538
2025-09-13,S09,P0003,11,3.112,1.489,3.47,0,Low,2,1,0.95,backtest,demand_forecast_run_20261005T130920538
2025-09-13,S09,P0022,13,3.787,1.197,2.79,0,Low,2,1,0.95,backtest,demand_forecast_run_20261005T130920538
2025-09-13,S09,P0032,12,11.168,2.673,6.24,6,Medium,2,1,0.95,backtest,demand_forecast_run_20261005T130920538
2025-09-13,S09,P0053,7,1.349,1.931,4.51,0,Low,2,1,0.95,backtest,demand_forecast_run_20261005T130920538
2025-09-13,S09,P0073,4,0.958,0.854,1.99,0,Low,2,1,0.95,backtest,demand_forecast_run_20261005T130920538
2025-09-13,S09,P0170,9,2.138,1.124,2.62,0,Low,2,1,0.95,backtest,demand_forecast_run_20261005T130920538
2025-09-13,S09,P0206,17,3.857,1.571,3.67,0,Low,2,1,0.95,backtest,demand_forecast_run_20261005T130920538
2025-09-13,S09,P0213,6,4.187,1.833,4.28,3,Low,2,1,0.95,backtest,demand_forecast_run_20261005T130920538
2025-09-13,S09,P0252,12,4.814,1.956,4.56,0,Low,2,1,0.95,backtest,demand_forecast_run_20261005T130920538
2025-09-13,S09,P0272,8,0.958,0.535,1.25,0,Low,2,1,0.95,backtest,demand_forecast_run_20261005T130920538
2025-09-13,S09,P0288,7,1.786,0.995,2.32,0,Low,2,1,0.95,backtest,demand_forecast_run_20261005T130920538
2025-09-13,S09,P0316,8,1.372,1.136,2.65,0,Low,2,1,0.95,backtest,demand_forecast_run_20261005T130920538
2025-09-13,S09,P0369,16,4.254,1.931,4.51,0,Low,2,1,0.95,backtest,demand_forecast_run_20261005T130920538
2025-09-13,S09,P0381,6,1.197,0.87,2.03,0,Low,2,1,0.95,backtest,demand_forecast_run_20261005T130920538
2025-09-13,S09,P0391,10,3.311,2.124,4.96,0,Low,2,1,0.95,backtest,demand_forecast_run_20261005T130920538
2025-09-13,S09,P0392,8,0.899,0.839,1.96,0,Low,2,1,0.95,backtest,demand_forecast_run_20261005T130920538
2025-09-13,S09,P0408,13,2.943,1.041,2.43,0,Low,2,1,0.95,backtest,demand_forecast_run_20261005T130920538
2025-09-13,S09,P0409,9,2.345,1.305,3.05,0,Low,2,1,0.95,backtest,demand_forecast_run_20261005T130920538
2025-09-13,S09,P0433,7,0.21,0.262,0.61,0,Low,2,1,0.95,backtest,demand_forecast_run_20261005T130920538
2025-09-13,S09,P0435,1,6.412,2.019,4.71,11,High,2,1,0.95,backtest,demand_forecast_run_20261005T130920538
2025-09-13,S09,P0445,12,2.156,1.729,4.03,0,Low,2,1,0.95,backtest,demand_forecast_run_20261005T130920538
2025-09-13,S09,P0507,40,13.444,2.616,6.1,0,Low,2,1,0.95,backtest,demand_forecast_run_20261005T130920538
2025-09-13,S09,P0563,9,4.668,1.685,3.93,0,Low,2,1,0.95,backtest,demand_forecast_run_20261005T130920538
2025-09-13,S09,P0579,3,1.34,0.997,2.33,1,Medium,2,1,0.95,backtest,demand_forecast_run_20261005T130920538
2025-09-13,S09,P0589,13,4.565,1.814,4.23,0,Low,2,1,0.95,backtest,demand_forecast_run_20261005T130920538
2025-09-13,S10,P0003,3,3.943,1.974,4.61,6,High,2,1,0.95,backtest,demand_forecast_run_20261005T130920538
2025-09-13,S10,P0022,10,2.359,1.258,2.93,0,Low,2,1,0.95,backtest,demand_forecast_run_20261005T130920538
2025-09-13,S10,P0032,13,10.336,2.754,6.43,4,Medium,2,1,0.95,backtest,demand_forecast_run_20261005T130920538
2025-09-13,S10,P0053,7,0.534,0.863,2.01,0,Low,2,1,0.95,backtest,demand_forecast_run_20261005T130920538
2025-09-13,S10,P0073,2,1.024,0.67,1.56,1,Medium,2,1,0.95,backtest,demand_forecast_run_20261005T130920538
2025-09-13,S10,P0170,9,1.521,0.881,2.06,0,Low,2,1,0.95,backtest,demand_forecast_run_20261005T130920538
2025-09-13,S10,P0206,4,3.344,0.995,2.32,2,Medium,2,1,0.95,backtest,demand_forecast_run_20261005T130920538
2025-09-13,S10,P0213,9,3.024,1.388,3.24,0,Low,2,1,0.95,backtest,demand_forecast_run_20261005T130920538
2025-09-13,S10,P0252,4,4.052,1.735,4.05,5,High,2,1,0.95,backtest,demand_forecast_run_20261005T130920538
2025-09-13,S10,P0272,8,0.569,0.39,0.91,0,Low,2,1,0.95,backtest,demand_forecast_run_20261005T130920538
2025-09-13,S10,P0288,0,1.322,1.09,2.54,4,High,2,1,0.95,backtest,demand_forecast_run_20261005T130920538
2025-09-13,S10,P0316,8,0.76,0.476,1.11,0,Low,2,1,0.95,backtest,demand_forecast_run_20261005T130920538
2025-09-13,S10,P0369,21,4.265,1.575,3.67,0,Low,2,1,0.95,backtest,demand_forecast_run_20261005T130920538
2025-09-13,S10,P0381,7,1.593,0.882,2.06,0,Low,2,1,0.95,backtest,demand_forecast_run_20261005T130920538
2025-09-13,S10,P0391,13,2.613,1.687,3.94,0,Low,2,1,0.95,backtest,demand_forecast_run_20261005T130920538
2025-09-13,S10,P0392,5,1.017,0.634,1.48,0,Low,2,1,0.95,backtest,demand_forecast_run_20261005T130920538
2025-09-13,S10,P0408,5,1.367,0.92,2.15,0,Low,2,1,0.95,backtest,demand_forecast_run_20261005T130920538
2025-09-13,S10,P0409,6,2.417,1.232,2.87,0,Low,2,1,0.95,backtest,demand_forecast_run_20261005T130920538
2025-09-13,S10,P0433,3,0.8,0.518,1.21,0,Low,2,1,0.95,backtest,demand_forecast_run_20261005T130920538
2025-09-13,S10,P0435,0,4.174,2.505,5.85,11,High,2,1,0.95,backtest,demand_forecast_run_20261005T130920538
2025-09-13,S10,P0445,3,1.827,0.962,2.25,2,Medium,2,1,0.95,backtest,demand_forecast_run_20261005T130920538
2025-09-13,S10,P0507,28,13.441,2.539,5.93,0,Low,2,1,0.95,backtest,demand_forecast_run_20261005T130920538
2025-09-13,S10,P0563,7,3.982,1.647,3.84,1,Low,2,1,0.95,backtest,demand_forecast_run_20261005T130920538
2025-09-13,S10,P0579,6,1.074,0.69,1.61,0,Low,2,1,0.95,backtest,demand_forecast_run_20261005T130920538
2025-09-13,S10,P0589,5,2.591,1.09,2.54,1,Low,2,1,0.95,backtest,demand_forecast_run_20261005T130920538
2025-09-13,S11,P0003,6,3.466,1.303,3.04,1,Medium,2,1,0.95,backtest,demand_forecast_run_20261005T130920538
2025-09-13,S11,P0022,9,4.319,1.936,4.52,0,Low,2,1,0.95,backtest,demand_forecast_run_20261005T130920538
2025-09-13,S11,P0032,56,13.355,3.58,8.35,0,Low,2,1,0.95,backtest,demand_forecast_run_20261005T130920538
2025-09-13,S11,P0053,6,1.529,1.1,2.57,0,Low,2,1,0.95,backtest,demand_forecast_run_20261005T130920538
2025-09-13,S11,P0073,5,1.1,0.962,2.25,0,Low,2,1,0.95,backtest,demand_forecast_run_20261005T130920538
2025-09-13,S11,P0170,14,2.247,1.201,2.8,0,Low,2,1,0.95,backtest,demand_forecast_run_20261005T130920538
2025-09-13,S11,P0206,0,3.807,1.718,4.01,8,High,2,1,0.95,backtest,demand_forecast_run_20261005T130920538
2025-09-13,S11,P0213,17,3.496,1.427,3.33,0,Low,2,1,0.95,backtest,demand_forecast_run_20261005T130920538
2025-09-13,S11,P0252,5,6.496,2.364,5.52,8,High,2,1,0.95,backtest,demand_forecast_run_20261005T130920538
2025-09-13,S11,P0272,8,1.257,0.69,1.61,0,Low,2,1,0.95,backtest,demand_forecast_run_20261005T130920538
2025-09-13,S11,P0288,16,2.452,1.761,4.11,0,Low,2,1,0.95,backtest,demand_forecast_run_20261005T130920538
2025-09-13,S11,P0316,9,2.856,1.071,2.5,0,Low,2,1,0.95,backtest,demand_forecast_run_20261005T130920538
2025-09-13,S11,P0369,2,6.623,3.463,8.08,13,High,2,1,0.95,backtest,demand_forecast_run_20261005T130920538
2025-09-13,S11,P0381,10,2.592,1.416,3.3,0,Low,2,1,0.95,backtest,demand_forecast_run_20261005T130920538
2025-09-13,S11,P0391,0,3.419,1.66,3.87,8,High,2,1,0.95,backtest,demand_forecast_run_20261005T130920538
2025-09-13,S11,P0392,7,1.358,1.219,2.84,0,Low,2,1,0.95,backtest,demand_forecast_run_20261005T130920538
2025-09-13,S11,P0408,9,3.148,1.611,3.76,0,Low,2,1,0.95,backtest,demand_forecast_run_20261005T130920538
2025-09-13,S11,P0409,9,2.594,1.145,2.67,0,Low,2,1,0.95,backtest,demand_forecast_run_20261005T130920538
2025-09-13,S11,P0433,8,0.495,0.499,1.16,0,Low,2,1,0.95,backtest,demand_forecast_run_20261005T130920538
2025-09-13,S11,P0435,0,5.995,2.563,5.98,12,High,2,1,0.95,backtest,demand_forecast_run_20261005T130920538
2025-09-13,S11,P0445,13,3.715,1.361,3.18,0,Low,2,1,0.95,backtest,demand_forecast_run_20261005T130920538
2025-09-13,S11,P0507,47,17.115,2.644,6.17,0,Low,2,1,0.95,backtest,demand_forecast_run_20261005T130920538
2025-09-13,S11,P0563,16,4.791,2.79,6.51,0,Low,2,1,0.95,backtest,demand_forecast_run_20261005T130920538
2025-09-13,S11,P0579,1,1.621,0.999,2.33,3,High,2,1,0.95,backtest,demand_forecast_run_20261005T130920538
2025-09-13,S11,P0589,9,3.12,1.105,2.58,0,Low,2,1,0.95,backtest,demand_forecast_run_20261005T130920538
2025-09-13,S12,P0003,13,2.971,1.305,3.05,0,Low,2,1,0.95,backtest,demand_forecast_run_20261005T130920538
2025-09-13,S12,P0022,0,2.935,1.289,3.01,6,High,2,1,0.95,backtest,demand_forecast_run_20261005T130920538
2025-09-13,S12,P0032,19,13.228,4.154,9.69,4,Low,2,1,0.95,backtest,demand_forecast_run_20261005T130920538
2025-09-13,S12,P0053,8,1.464,1.323,3.09,0,Low,2,1,0.95,backtest,demand_forecast_run_20261005T130920538
2025-09-13,S12,P0073,7,1.004,0.612,1.43,0,Low,2,1,0.95,backtest,demand_forecast_run_20261005T130920538
2025-09-13,S12,P0170,6,1.504,1.076,2.51,0,Low,2,1,0.95,backtest,demand_forecast_run_20261005T130920538
2025-09-13,S12,P0206,13,2.845,1.715,4,0,Low,2,1,0.95,backtest,demand_forecast_run_20261005T130920538
2025-09-13,S12,P0213,8,2.105,1.347,3.14,0,Low,2,1,0.95,backtest,demand_forecast_run_20261005T130920538
2025-09-13,S12,P0252,15,4.118,1.737,4.05,0,Low,2,1,0.95,backtest,demand_forecast_run_20261005T130920538
2025-09-13,S12,P0272,7,2.231,1.301,3.04,0,Low,2,1,0.95,backtest,demand_forecast_run_20261005T130920538
2025-09-13,S12,P0288,1,2.071,1.213,2.83,4,High,2,1,0.95,backtest,demand_forecast_run_20261005T130920538
2025-09-13,S12,P0316,10,2.134,1.177,2.75,0,Low,2,1,0.95,backtest,demand_forecast_run_20261005T130920538
2025-09-13,S12,P0369,11,6.946,2.681,6.26,3,Low,2,1,0.95,backtest,demand_forecast_run_20261005T130920538
2025-09-13,S12,P0381,5,1.897,1.166,2.72,0,Low,2,1,0.95,backtest,demand_forecast_run_20261005T130920538
2025-09-13,S12,P0391,13,2.65,1.283,2.99,0,Low,2,1,0.95,backtest,demand_forecast_run_20261005T130920538
2025-09-13,S12,P0392,10,1.216,1.219,2.84,0,Low,2,1,0.95,backtest,demand_forecast_run_20261005T130920538
2025-09-13,S12,P0408,10,1.375,0.962,2.24,0,Low,2,1,0.95,backtest,demand_forecast_run_20261005T130920538
2025-09-13,S12,P0409,8,2.238,1.331,3.11,0,Low,2,1,0.95,backtest,demand_forecast_run_20261005T130920538
2025-09-13,S12,P0433,6,0.732,0.659,1.54,0,Low,2,1,0.95,backtest,demand_forecast_run_20261005T130920538
2025-09-13,S12,P0435,21,5.176,1.813,4.23,0,Low,2,1,0.95,backtest,demand_forecast_run_20261005T130920538
2025-09-13,S12,P0445,6,1.541,0.962,2.24,0,Low,2,1,0.95,backtest,demand_forecast_run_20261005T130920538
2025-09-13,S12,P0507,12,12.447,3.239,7.56,9,High,2,1,0.95,backtest,demand_forecast_run_20261005T130920538
2025-09-13,S12,P0563,15,3.57,1.268,2.96,0,Low,2,1,0.95,backtest,demand_forecast_run_20261005T130920538
2025-09-13,S12,P0579,6,1.044,0.793,1.85,0,Low,2,1,0.95,backtest,demand_forecast_run_20261005T130920538
2025-09-13,S12,P0589,9,2.335,1.166,2.72,0,Low,2,1,0.95,backtest,demand_forecast_run_20261005T130920538
2025-09-14,S01,P0003,2,3.484,1.531,3.57,6,High,2,1,0.95,backtest,demand_forecast_run_20261005T130920538
2025-09-14,S01,P0022,5,2.679,1.475,3.44,2,Medium,2,1,0.95,backtest,demand_forecast_run_20261005T130920538
2025-09-14,S01,P0032,42,11.079,2.907,6.78,0,Low,2,1,0.95,backtest,demand_forecast_run_20261005T130920538
2025-09-14,S01,P0053,5,1.257,0.87,2.03,0,Low,2,1,0.95,backtest,demand_forecast_run_20261005T130920538
2025-09-14,S01,P0073,4,1.126,0.923,2.15,0,Low,2,1,0.95,backtest,demand_forecast_run_20261005T130920538
2025-09-14,S01,P0170,12,1.552,0.881,2.06,0,Low,2,1,0.95,backtest,demand_forecast_run_20261005T130920538
2025-09-14,S01,P0206,11,2.678,1.071,2.5,0,Low,2,1,0.95,backtest,demand_forecast_run_20261005T130920538
2025-09-14,S01,P0213,5,2.536,1.124,2.62,1,Medium,2,1,0.95,backtest,demand_forecast_run_20261005T130920538
2025-09-14,S01,P0252,21,6.108,2.001,4.67,0,Low,2,1,0.95,backtest,demand_forecast_run_20261005T130920538
2025-09-14,S01,P0272,6,1.529,0.945,2.2,0,Low,2,1,0.95,backtest,demand_forecast_run_20261005T130920538
2025-09-14,S01,P0288,8,0.833,0.826,1.93,0,Low,2,1,0.95,backtest,demand_forecast_run_20261005T130920538
2025-09-14,S01,P0316,8,0.739,0.659,1.54,0,Low,2,1,0.95,backtest,demand_forecast_run_20261005T130920538
2025-09-14,S01,P0369,14,4.804,1.458,3.4,0,Low,2,1,0.95,backtest,demand_forecast_run_20261005T130920538
2025-09-14,S01,P0381,4,1.529,1.219,2.84,1,Low,2,1,0.95,backtest,demand_forecast_run_20261005T130920538
2025-09-14,S01,P0391,13,4.778,1.789,4.17,0,Low,2,1,0.95,backtest,demand_forecast_run_20261005T130920538
2025-09-14,S01,P0392,7,0.883,0.6,1.4,0,Low,2,1,0.95,backtest,demand_forecast_run_20261005T130920538
2025-09-14,S01,P0408,13,1.587,0.826,1.93,0,Low,2,1,0.95,backtest,demand_forecast_run_20261005T130920538
2025-09-14,S01,P0409,10,1.469,0.995,2.32,0,Low,2,1,0.95,backtest,demand_forecast_run_20261005T130920538
2025-09-14,S01,P0433,7,0.607,0.63,1.47,0,Low,2,1,0.95,backtest,demand_forecast_run_20261005T130920538
2025-09-14,S01,P0435,11,3.582,1.453,3.39,0,Low,2,1,0.95,backtest,demand_forecast_run_20261005T130920538
2025-09-14,S01,P0445,3,2.799,1.013,2.36,3,Medium,2,1,0.95,backtest,demand_forecast_run_20261005T130920538
2025-09-14,S01,P0507,31,13.853,1.644,3.84,0,Low,2,1,0.95,backtest,demand_forecast_run_20261005T130920538
2025-09-14,S01,P0563,7,2.896,1.487,3.47,0,Low,2,1,0.95,backtest,demand_forecast_run_20261005T130920538
2025-09-14,S01,P0579,3,1.002,0.999,2.33,1,Medium,2,1,0.95,backtest,demand_forecast_run_20261005T130920538
2025-09-14,S01,P0589,12,2.489,1.548,3.61,0,Low,2,1,0.95,backtest,demand_forecast_run_20261005T130920538
2025-09-14,S02,P0003,0,3.593,1.512,3.53,8,High,2,1,0.95,backtest,demand_forecast_run_20261005T130920538
2025-09-14,S02,P0022,7,3.804,1.597,3.73,1,Low,2,1,0.95,backtest,demand_forecast_run_20261005T130920538
2025-09-14,S02,P0032,57,9.969,2.186,5.1,0,Low,2,1,0.95,backtest,demand_forecast_run_20261005T130920538
2025-09-14,S02,P0053,3,0.748,0.799,1.87,0,Medium,2,1,0.95,backtest,demand_forecast_run_20261005T130920538
2025-09-14,S02,P0073,8,0.96,0.838,1.96,0,Low,2,1,0.95,backtest,demand_forecast_run_20261005T130920538
2025-09-14,S02,P0170,5,1.141,0.92,2.15,0,Low,2,1,0.95,backtest,demand_forecast_run_20261005T130920538
2025-09-14,S02,P0206,19,3.099,1.389,3.24,0,Low,2,1,0.95,backtest,demand_forecast_run_20261005T130920538
2025-09-14,S02,P0213,14,2.506,1.124,2.62,0,Low,2,1,0.95,backtest,demand_forecast_run_20261005T130920538
2025-09-14,S02,P0252,1,4.715,1.503,3.51,8,High,2,1,0.95,backtest,demand_forecast_run_20261005T130920538
2025-09-14,S02,P0272,4,1.256,1.227,2.86,1,Low,2,1,0.95,backtest,demand_forecast_run_20261005T130920538
2025-09-14,S02,P0288,11,1.374,0.937,2.19,0,Low,2,1,0.95,backtest,demand_forecast_run_20261005T130920538
2025-09-14,S02,P0316,8,1.033,0.786,1.83,0,Low,2,1,0.95,backtest,demand_forecast_run_20261005T130920538
2025-09-14,S02,P0369,23,4.834,1.806,4.22,0,Low,2,1,0.95,backtest,demand_forecast_run_20261005T130920538
2025-09-14,S02,P0381,5,1.182,1.136,2.65,0,Low,2,1,0.95,backtest,demand_forecast_run_20261005T130920538
2025-09-14,S02,P0391,9,4.596,1.575,3.67,0,Low,2,1,0.95,backtest,demand_forecast_run_20261005T130920538
2025-09-14,S02,P0392,4,0.853,1.071,2.5,0,Low,2,1,0.95,backtest,demand_forecast_run_20261005T130920538
2025-09-14,S02,P0408,9,2.763,0.983,2.29,0,Low,2,1,0.95,backtest,demand_forecast_run_20261005T130920538
2025-09-14,S02,P0409,11,3.223,1.188,2.77,0,Low,2,1,0.95,backtest,demand_forecast_run_20261005T130920538
2025-09-14,S02,P0433,8,0.598,0.905,2.11,0,Low,2,1,0.95,backtest,demand_forecast_run_20261005T130920538
2025-09-14,S02,P0435,20,4.604,1.812,4.23,0,Low,2,1,0.95,backtest,demand_forecast_run_20261005T130920538
2025-09-14,S02,P0445,12,1.95,1.202,2.8,0,Low,2,1,0.95,backtest,demand_forecast_run_20261005T130920538
2025-09-14,S02,P0507,18,15.18,1.912,4.46,2,Low,2,1,0.95,backtest,demand_forecast_run_20261005T130920538
2025-09-14,S02,P0563,9,2.29,1.729,4.03,0,Low,2,1,0.95,backtest,demand_forecast_run_20261005T130920538
2025-09-14,S02,P0579,8,1.394,0.997,2.33,0,Low,2,1,0.95,backtest,demand_forecast_run_20261005T130920538
2025-09-14,S02,P0589,13,1.871,1.197,2.79,0,Low,2,1,0.95,backtest,demand_forecast_run_20261005T130920538
2025-09-14,S03,P0003,7,3.122,1.297,3.03,0,Low,2,1,0.95,backtest,demand_forecast_run_20261005T130920538
2025-09-14,S03,P0022,7,2.348,1.464,3.42,0,Low,2,1,0.95,backtest,demand_forecast_run_20261005T130920538
2025-09-14,S03,P0032,0,11.659,2.424,5.66,18,High,2,1,0.95,backtest,demand_forecast_run_20261005T130920538
2025-09-14,S03,P0053,2,1.37,0.951,2.22,2,Medium,2,1,0.95,backtest,demand_forecast_run_20261005T130920538
2025-09-14,S03,P0073,8,0.554,0.476,1.11,0,Low,2,1,0.95,backtest,demand_forecast_run_20261005T130920538
2025-09-14,S03,P0170,7,2.721,0.905,2.11,0,Low,2,1,0.95,backtest,demand_forecast_run_20261005T130920538
2025-09-14,S03,P0206,16,2.663,1.166,2.72,0,Low,2,1,0.95,backtest,demand_forecast_run_20261005T130920538
2025-09-14,S03,P0213,10,1.825,0.905,2.11,0,Low,2,1,0.95,backtest,demand_forecast_run_20261005T130920538
2025-09-14,S03,P0252,14,4.457,2.25,5.25,0,Low,2,1,0.95,backtest,demand_forecast_run_20261005T130920538
2025-09-14,S03,P0272,9,1.22,0.737,1.72,0,Low,2,1,0.95,backtest,demand_forecast_run_20261005T130920538
2025-09-14,S03,P0288,2,1.075,0.875,2.04,2,Medium,2,1,0.95,backtest,demand_forecast_run_20261005T130920538
2025-09-14,S03,P0316,7,1.488,1.156,2.7,0,Low,2,1,0.95,backtest,demand_forecast_run_20261005T130920538
2025-09-14,S03,P0369,11,4.256,1.451,3.39,0,Low,2,1,0.95,backtest,demand_forecast_run_20261005T130920538
2025-09-14,S03,P0381,2,1.22,0.629,1.47,1,Medium,2,1,0.95,backtest,demand_forecast_run_20261005T130920538
2025-09-14,S03,P0391,16,4.11,2.227,5.2,0,Low,2,1,0.95,backtest,demand_forecast_run_20261005T130920538
2025-09-14,S03,P0392,7,0.71,0.629,1.47,0,Low,2,1,0.95,backtest,demand_forecast_run_20261005T130920538
2025-09-14,S03,P0408,4,1.206,0.737,1.72,0,Medium,2,1,0.95,backtest,demand_forecast_run_20261005T130920538
2025-09-14,S03,P0409,11,1.999,0.905,2.11,0,Low,2,1,0.95,backtest,demand_forecast_run_20261005T130920538
2025-09-14,S03,P0433,6,0.372,0.416,0.97,0,Low,2,1,0.95,backtest,demand_forecast_run_20261005T130920538
2025-09-14,S03,P0435,5,4.302,1.289,3.01,3,Medium,2,1,0.95,backtest,demand_forecast_run_20261005T130920538
2025-09-14,S03,P0445,6,1.453,0.629,1.47,0,Low,2,1,0.95,backtest,demand_forecast_run_20261005T130920538
2025-09-14,S03,P0507,20,15.056,2.227,5.2,1,Low,2,1,0.95,backtest,demand_forecast_run_20261005T130920538
2025-09-14,S03,P0563,8,2.883,1.184,2.76,0,Low,2,1,0.95,backtest,demand_forecast_run_20261005T130920538
2025-09-14,S03,P0579,5,1.478,1.315,3.07,0,Low,2,1,0.95,backtest,demand_forecast_run_20261005T130920538
2025-09-14,S03,P0589,6,2.927,1.438,3.36,1,Low,2,1,0.95,backtest,demand_forecast_run_20261005T130920538
2025-09-14,S04,P0003,7,3.315,1.287,3,0,Low,2,1,0.95,backtest,demand_forecast_run_20261005T130920538
2025-09-14,S04,P0022,12,1.832,0.897,2.09,0,Low,2,1,0.95,backtest,demand_forecast_run_20261005T130920538
2025-09-14,S04,P0032,38,7.9,3.426,7.99,0,Low,2,1,0.95,backtest,demand_forecast_run_20261005T130920538
2025-09-14,S04,P0053,8,0.925,0.744,1.74,0,Low,2,1,0.95,backtest,demand_forecast_run_20261005T130920538
2025-09-14,S04,P0073,7,0.877,0.612,1.43,0,Low,2,1,0.95,backtest,demand_forecast_run_20261005T130920538
2025-09-14,S04,P0170,9,2.536,1.056,2.46,0,Low,2,1,0.95,backtest,demand_forecast_run_20261005T130920538
2025-09-14,S04,P0206,15,2.453,1.508,3.52,0,Low,2,1,0.95,backtest,demand_forecast_run_20261005T130920538
2025-09-14,S04,P0213,3,1.813,0.997,2.33,2,Medium,2,1,0.95,backtest,demand_forecast_run_20261005T130920538
2025-09-14,S04,P0252,1,2.934,1.641,3.83,6,High,2,1,0.95,backtest,demand_forecast_run_20261005T130920538
2025-09-14,S04,P0272,12,1.266,0.838,1.96,0,Low,2,1,0.95,backtest,demand_forecast_run_20261005T130920538
2025-09-14,S04,P0288,9,1.073,0.826,1.93,0,Low,2,1,0.95,backtest,demand_forecast_run_20261005T130920538
2025-09-14,S04,P0316,4,0.537,0.701,1.63,0,Low,2,1,0.95,backtest,demand_forecast_run_20261005T130920538
2025-09-14,S04,P0369,12,3.75,1.319,3.08,0,Low,2,1,0.95,backtest,demand_forecast_run_20261005T130920538
2025-09-14,S04,P0381,6,1.071,0.916,2.14,0,Low,2,1,0.95,backtest,demand_forecast_run_20261005T130920538
2025-09-14,S04,P0391,5,2.56,1.357,3.17,1,Medium,2,1,0.95,backtest,demand_forecast_run_20261005T130920538
2025-09-14,S04,P0392,10,0.681,0.441,1.03,0,Low,2,1,0.95,backtest,demand_forecast_run_20261005T130920538
2025-09-14,S04,P0408,12,1.456,0.997,2.33,0,Low,2,1,0.95,backtest,demand_forecast_run_20261005T130920538
2025-09-14,S04,P0409,10,1.459,1.013,2.36,0,Low,2,1,0.95,backtest,demand_forecast_run_20261005T130920538
2025-09-14,S04,P0433,6,0.198,0.262,0.61,0,Low,2,1,0.95,backtest,demand_forecast_run_20261005T130920538
2025-09-14,S04,P0435,21,2.624,1.794,4.19,0,Low,2,1,0.95,backtest,demand_forecast_run_20261005T130920538
2025-09-14,S04,P0445,7,1.229,0.731,1.71,0,Low,2,1,0.95,backtest,demand_forecast_run_20261005T130920538
2025-09-14,S04,P0507,38,9.956,2.061,4.81,0,Low,2,1,0.95,backtest,demand_forecast_run_20261005T130920538
2025-09-14,S04,P0563,10,1.85,0.905,2.11,0,Low,2,1,0.95,backtest,demand_forecast_run_20261005T130920538
2025-09-14,S04,P0579,8,1.021,1,2.33,0,Low,2,1,0.95,backtest,demand_forecast_run_20261005T130920538
2025-09-14,S04,P0589,12,1.853,0.945,2.2,0,Low,2,1,0.95,backtest,demand_forecast_run_20261005T130920538
2025-09-14,S05,P0003,12,2.601,1.315,3.07,0,Low,2,1,0.95,backtest,demand_forecast_run_20261005T130920538
2025-09-14,S05,P0022,10,2.98,1.239,2.89,0,Low,2,1,0.95,backtest,demand_forecast_run_20261005T130920538
2025-09-14,S05,P0032,30,7.947,2.699,6.3,0,Low,2,1,0.95,backtest,demand_forecast_run_20261005T130920538
2025-09-14,S05,P0053,9,0.715,0.922,2.15,0,Low,2,1,0.95,backtest,demand_forecast_run_20261005T130920538
2025-09-14,S05,P0073,5,0.488,0.6,1.4,0,Low,2,1,0.95,backtest,demand_forecast_run_20261005T130920538
2025-09-14,S05,P0170,8,1.406,0.742,1.73,0,Low,2,1,0.95,backtest,demand_forecast_run_20261005T130920538
2025-09-14,S05,P0206,8,1.869,1.627,3.8,0,Low,2,1,0.95,backtest,demand_forecast_run_20261005T130920538
2025-09-14,S05,P0213,12,1.706,1.026,2.39,0,Low,2,1,0.95,backtest,demand_forecast_run_20261005T130920538
2025-09-14,S05,P0252,16,3.344,1.595,3.72,0,Low,2,1,0.95,backtest,demand_forecast_run_20261005T130920538
2025-09-14,S05,P0272,9,1.098,0.989,2.31,0,Low,2,1,0.95,backtest,demand_forecast_run_20261005T130920538
2025-09-14,S05,P0288,8,1.353,1.182,2.76,0,Low,2,1,0.95,backtest,demand_forecast_run_20261005T130920538
2025-09-14,S05,P0316,5,0.701,0.997,2.33,0,Low,2,1,0.95,backtest,demand_forecast_run_20261005T130920538
2025-09-14,S05,P0369,9,3.021,2.117,4.94,0,Low,2,1,0.95,backtest,demand_forecast_run_20261005T130920538
2025-09-14,S05,P0381,7,0.549,0.67,1.56,0,Low,2,1,0.95,backtest,demand_forecast_run_20261005T130920538
2025-09-14,S05,P0391,15,1.815,1.278,2.98,0,Low,2,1,0.95,backtest,demand_forecast_run_20261005T130920538
2025-09-14,S05,P0392,2,0.188,0.262,0.61,0,Medium,2,1,0.95,backtest,demand_forecast_run_20261005T130920538
2025-09-14,S05,P0408,4,1.018,0.897,2.09,0,Low,2,1,0.95,backtest,demand_forecast_run_20261005T130920538
2025-09-14,S05,P0409,13,1.868,1.084,2.53,0,Low,2,1,0.95,backtest,demand_forecast_run_20261005T130920538
2025-09-14,S05,P0433,6,0.342,0.315,0.73,0,Low,2,1,0.95,backtest,demand_forecast_run_20261005T130920538
2025-09-14,S05,P0435,20,2.639,1.449,3.38,0,Low,2,1,0.95,backtest,demand_forecast_run_20261005T130920538
2025-09-14,S05,P0445,4,1.702,0.962,2.24,0,Low,2,1,0.95,backtest,demand_forecast_run_20261005T130920538
2025-09-14,S05,P0507,11,7.986,2.127,4.96,2,Low,2,1,0.95,backtest,demand_forecast_run_20261005T130920538
2025-09-14,S05,P0563,7,2.136,1.818,4.24,0,Low,2,1,0.95,backtest,demand_forecast_run_20261005T130920538
2025-09-14,S05,P0579,7,0.374,0.448,1.05,0,Low,2,1,0.95,backtest,demand_forecast_run_20261005T130920538
2025-09-14,S05,P0589,6,2.719,1.362,3.18,0,Low,2,1,0.95,backtest,demand_forecast_run_20261005T130920538
2025-09-14,S06,P0003,1,3.432,1.665,3.89,7,High,2,1,0.95,backtest,demand_forecast_run_20261005T130920538
2025-09-14,S06,P0022,19,2.001,1.227,2.86,0,Low,2,1,0.95,backtest,demand_forecast_run_20261005T130920538
2025-09-14,S06,P0032,16,15.585,2.97,6.93,7,Medium,2,1,0.95,backtest,demand_forecast_run_20261005T130920538
2025-09-14,S06,P0053,8,1.84,1.75,4.08,0,Low,2,1,0.95,backtest,demand_forecast_run_20261005T130920538
2025-09-14,S06,P0073,10,2.444,1.155,2.69,0,Low,2,1,0.95,backtest,demand_forecast_run_20261005T130920538
2025-09-14,S06,P0170,12,1.344,1.09,2.54,0,Low,2,1,0.95,backtest,demand_forecast_run_20261005T130920538
2025-09-14,S06,P0206,12,5.121,3.138,7.32,1,Low,2,1,0.95,backtest,demand_forecast_run_20261005T130920538
2025-09-14,S06,P0213,20,4.518,1.578,3.68,0,Low,2,1,0.95,backtest,demand_forecast_run_20261005T130920538
2025-09-14,S06,P0252,12,5.653,1.707,3.98,0,Low,2,1,0.95,backtest,demand_forecast_run_20261005T130920538
2025-09-14,S06,P0272,5,1.484,0.994,2.32,0,Low,2,1,0.95,backtest,demand_forecast_run_20261005T130920538
2025-09-14,S06,P0288,8,1.074,0.838,1.96,0,Low,2,1,0.95,backtest,demand_forecast_run_20261005T130920538
2025-09-14,S06,P0316,7,1.766,1.15,2.68,0,Low,2,1,0.95,backtest,demand_forecast_run_20261005T130920538
2025-09-14,S06,P0369,10,6.879,2.129,4.97,2,Medium,2,1,0.95,backtest,demand_forecast_run_20261005T130920538
2025-09-14,S06,P0381,3,1.92,1.315,3.07,2,Medium,2,1,0.95,backtest,demand_forecast_run_20261005T130920538
2025-09-14,S06,P0391,12,3.606,2.335,5.45,0,Low,2,1,0.95,backtest,demand_forecast_run_20261005T130920538
2025-09-14,S06,P0392,6,2.1,1.066,2.49,0,Low,2,1,0.95,backtest,demand_forecast_run_20261005T130920538
2025-09-14,S06,P0408,8,2.905,0.97,2.26,0,Low,2,1,0.95,backtest,demand_forecast_run_20261005T130920538
2025-09-14,S06,P0409,6,2.486,1.086,2.53,0,Low,2,1,0.95,backtest,demand_forecast_run_20261005T130920538
2025-09-14,S06,P0433,2,0.944,0.6,1.4,1,Medium,2,1,0.95,backtest,demand_forecast_run_20261005T130920538
2025-09-14,S06,P0435,17,5.45,1.66,3.87,0,Low,2,1,0.95,backtest,demand_forecast_run_20261005T130920538
2025-09-14,S06,P0445,9,3.374,1.188,2.77,0,Low,2,1,0.95,backtest,demand_forecast_run_20261005T130920538
2025-09-14,S06,P0507,54,17.309,2.986,6.97,0,Low,2,1,0.95,backtest,demand_forecast_run_20261005T130920538
2025-09-14,S06,P0563,13,2.444,1.361,3.18,0,Low,2,1,0.95,backtest,demand_forecast_run_20261005T130920538
2025-09-14,S06,P0579,13,2.2,1.362,3.18,0,Low,2,1,0.95,backtest,demand_forecast_run_20261005T130920538
2025-09-14,S06,P0589,9,2.832,1.188,2.77,0,Low,2,1,0.95,backtest,demand_forecast_run_20261005T130920538
2025-09-14,S07,P0003,6,2.759,1.086,2.53,0,Low,2,1,0.95,backtest,demand_forecast_run_20261005T130920538
2025-09-14,S07,P0022,7,2.749,1.499,3.5,0,Low,2,1,0.95,backtest,demand_forecast_run_20261005T130920538
2025-09-14,S07,P0032,43,9.264,2.439,5.69,0,Low,2,1,0.95,backtest,demand_forecast_run_20261005T130920538
2025-09-14,S07,P0053,4,0.718,0.744,1.74,0,Low,2,1,0.95,backtest,demand_forecast_run_20261005T130920538
2025-09-14,S07,P0073,8,0.7,0.78,1.82,0,Low,2,1,0.95,backtest,demand_forecast_run_20261005T130920538
2025-09-14,S07,P0170,4,0.933,0.956,2.23,0,Low,2,1,0.95,backtest,demand_forecast_run_20261005T130920538
2025-09-14,S07,P0206,13,2.742,1.634,3.81,0,Low,2,1,0.95,backtest,demand_forecast_run_20261005T130920538
2025-09-14,S07,P0213,11,2.383,1.122,2.62,0,Low,2,1,0.95,backtest,demand_forecast_run_20261005T130920538
2025-09-14,S07,P0252,18,2.899,1.71,3.99,0,Low,2,1,0.95,backtest,demand_forecast_run_20261005T130920538
2025-09-14,S07,P0272,8,0.63,0.723,1.69,0,Low,2,1,0.95,backtest,demand_forecast_run_20261005T130920538
2025-09-14,S07,P0288,7,1.369,1.031,2.41,0,Low,2,1,0.95,backtest,demand_forecast_run_20261005T130920538
2025-09-14,S07,P0316,5,0.416,0.476,1.11,0,Low,2,1,0.95,backtest,demand_forecast_run_20261005T130920538
2025-09-14,S07,P0369,12,3.843,1.644,3.84,0,Low,2,1,0.95,backtest,demand_forecast_run_20261005T130920538
2025-09-14,S07,P0381,5,0.63,0.548,1.28,0,Low,2,1,0.95,backtest,demand_forecast_run_20261005T130920538
2025-09-14,S07,P0391,12,2.484,2.079,4.85,0,Low,2,1,0.95,backtest,demand_forecast_run_20261005T130920538
2025-09-14,S07,P0392,8,1.443,0.826,1.93,0,Low,2,1,0.95,backtest,demand_forecast_run_20261005T130920538
2025-09-14,S07,P0408,10,1.218,1.2,2.8,0,Low,2,1,0.95,backtest,demand_forecast_run_20261005T130920538
2025-09-14,S07,P0409,7,1.963,1.297,3.03,0,Low,2,1,0.95,backtest,demand_forecast_run_20261005T130920538
2025-09-14,S07,P0433,6,0.189,0.416,0.97,0,Low,2,1,0.95,backtest,demand_forecast_run_20261005T130920538
2025-09-14,S07,P0435,11,3.236,2.155,5.03,0,Low,2,1,0.95,backtest,demand_forecast_run_20261005T130920538
2025-09-14,S07,P0445,3,1.13,0.786,1.83,0,Medium,2,1,0.95,backtest,demand_forecast_run_20261005T130920538
2025-09-14,S07,P0507,10,7.806,2.432,5.68,4,Medium,2,1,0.95,backtest,demand_forecast_run_20261005T130920538
2025-09-14,S07,P0563,17,2.38,1.315,3.07,0,Low,2,1,0.95,backtest,demand_forecast_run_20261005T130920538
2025-09-14,S07,P0579,9,1.043,0.956,2.23,0,Low,2,1,0.95,backtest,demand_forecast_run_20261005T130920538
2025-09-14,S07,P0589,6,2.023,1.031,2.41,0,Low,2,1,0.95,backtest,demand_forecast_run_20261005T130920538
2025-09-14,S08,P0003,10,3.36,1.847,4.31,0,Low,2,1,0.95,backtest,demand_forecast_run_20261005T130920538
2025-09-14,S08,P0022,8,3.067,1.611,3.76,0,Low,2,1,0.95,backtest,demand_forecast_run_20261005T130920538
2025-09-14,S08,P0032,43,12.302,2.803,6.54,0,Low,2,1,0.95,backtest,demand_forecast_run_20261005T130920538
2025-09-14,S08,P0053,5,1.421,1.423,3.32,0,Low,2,1,0.95,backtest,demand_forecast_run_20261005T130920538
2025-09-14,S08,P0073,4,0.678,0.723,1.69,0,Low,2,1,0.95,backtest,demand_forecast_run_20261005T130920538
2025-09-14,S08,P0170,13,1.602,0.879,2.05,0,Low,2,1,0.95,backtest,demand_forecast_run_20261005T130920538
2025-09-14,S08,P0206,21,3.566,1.453,3.39,0,Low,2,1,0.95,backtest,demand_forecast_run_20261005T130920538
2025-09-14,S08,P0213,16,2.151,1.75,4.08,0,Low,2,1,0.95,backtest,demand_forecast_run_20261005T130920538
2025-09-14,S08,P0252,18,5.658,2.009,4.69,0,Low,2,1,0.95,backtest,demand_forecast_run_20261005T130920538
2025-09-14,S08,P0272,7,1.506,1.182,2.76,0,Low,2,1,0.95,backtest,demand_forecast_run_20261005T130920538
2025-09-14,S08,P0288,5,1.838,1.138,2.66,0,Low,2,1,0.95,backtest,demand_forecast_run_20261005T130920538
2025-09-14,S08,P0316,7,1.104,0.838,1.96,0,Low,2,1,0.95,backtest,demand_forecast_run_20261005T130920538
2025-09-14,S08,P0369,12,4.444,2.395,5.59,0,Low,2,1,0.95,backtest,demand_forecast_run_20261005T130920538
2025-09-14,S08,P0381,8,1.13,1.036,2.42,0,Low,2,1,0.95,backtest,demand_forecast_run_20261005T130920538
2025-09-14,S08,P0391,22,2.9,1.786,4.17,0,Low,2,1,0.95,backtest,demand_forecast_run_20261005T130920538
2025-09-14,S08,P0392,9,1.778,1.389,3.24,0,Low,2,1,0.95,backtest,demand_forecast_run_20261005T130920538
2025-09-14,S08,P0408,1,2.161,1.654,3.86,6,High,2,1,0.95,backtest,demand_forecast_run_20261005T130920538
2025-09-14,S08,P0409,6,2.625,1.618,3.78,1,Low,2,1,0.95,backtest,demand_forecast_run_20261005T130920538
2025-09-14,S08,P0433,7,1.163,0.499,1.16,0,Low,2,1,0.95,backtest,demand_forecast_run_20261005T130920538
2025-09-14,S08,P0435,18,5.036,2.345,5.47,0,Low,2,1,0.95,backtest,demand_forecast_run_20261005T130920538
2025-09-14,S08,P0445,5,1.76,1.202,2.8,0,Low,2,1,0.95,backtest,demand_forecast_run_20261005T130920538
2025-09-14,S08,P0507,0,14.836,3.059,7.14,22,High,2,1,0.95,backtest,demand_forecast_run_20261005T130920538
2025-09-14,S08,P0563,17,4.746,2.271,5.3,0,Low,2,1,0.95,backtest,demand_forecast_run_20261005T130920538
2025-09-14,S08,P0579,8,1.077,0.79,1.84,0,Low,2,1,0.95,backtest,demand_forecast_run_20261005T130920538
2025-09-14,S08,P0589,15,2.86,2.235,5.21,0,Low,2,1,0.95,backtest,demand_forecast_run_20261005T130920538
2025-09-14,S09,P0003,9,3.18,1.484,3.46,0,Low,2,1,0.95,backtest,demand_forecast_run_20261005T130920538
2025-09-14,S09,P0022,13,2.672,1.071,2.5,0,Low,2,1,0.95,backtest,demand_forecast_run_20261005T130920538
2025-09-14,S09,P0032,57,10.433,2.63,6.14,0,Low,2,1,0.95,backtest,demand_forecast_run_20261005T130920538
2025-09-14,S09,P0053,7,1.309,1.936,4.52,0,Low,2,1,0.95,backtest,demand_forecast_run_20261005T130920538
2025-09-14,S09,P0073,11,0.578,0.844,1.97,0,Low,2,1,0.95,backtest,demand_forecast_run_20261005T130920538
2025-09-14,S09,P0170,9,1.971,1.11,2.59,0,Low,2,1,0.95,backtest,demand_forecast_run_20261005T130920538
2025-09-14,S09,P0206,15,2.685,1.427,3.33,0,Low,2,1,0.95,backtest,demand_forecast_run_20261005T130920538
2025-09-14,S09,P0213,6,3.852,1.847,4.31,3,Low,2,1,0.95,backtest,demand_forecast_run_20261005T130920538
2025-09-14,S09,P0252,12,4.545,1.979,4.62,0,Low,2,1,0.95,backtest,demand_forecast_run_20261005T130920538
2025-09-14,S09,P0272,8,0.66,0.535,1.25,0,Low,2,1,0.95,backtest,demand_forecast_run_20261005T130920538
2025-09-14,S09,P0288,6,1.283,0.995,2.32,0,Low,2,1,0.95,backtest,demand_forecast_run_20261005T130920538
2025-09-14,S09,P0316,6,0.959,1.071,2.5,0,Low,2,1,0.95,backtest,demand_forecast_run_20261005T130920538
2025-09-14,S09,P0369,15,4.037,1.856,4.33,0,Low,2,1,0.95,backtest,demand_forecast_run_20261005T130920538
2025-09-14,S09,P0381,6,0.743,0.863,2.01,0,Low,2,1,0.95,backtest,demand_forecast_run_20261005T130920538
2025-09-14,S09,P0391,10,3.054,2.066,4.82,0,Low,2,1,0.95,backtest,demand_forecast_run_20261005T130920538
2025-09-14,S09,P0392,8,0.814,0.839,1.96,0,Low,2,1,0.95,backtest,demand_forecast_run_20261005T130920538
2025-09-14,S09,P0408,13,2.683,1.041,2.43,0,Low,2,1,0.95,backtest,demand_forecast_run_20261005T130920538
2025-09-14,S09,P0409,9,2.178,1.319,3.08,0,Low,2,1,0.95,backtest,demand_forecast_run_20261005T130920538
2025-09-14,S09,P0433,6,0.282,0.315,0.73,0,Low,2,1,0.95,backtest,demand_forecast_run_20261005T130920538
2025-09-14,S09,P0435,27,4.609,2.019,4.71,0,Low,2,1,0.95,backtest,demand_forecast_run_20261005T130920538
2025-09-14,S09,P0445,12,2.082,1.729,4.03,0,Low,2,1,0.95,backtest,demand_forecast_run_20261005T130920538
2025-09-14,S09,P0507,39,12.737,2.665,6.22,0,Low,2,1,0.95,backtest,demand_forecast_run_20261005T130920538
2025-09-14,S09,P0563,7,3.301,1.687,3.94,1,Low,2,1,0.95,backtest,demand_forecast_run_20261005T130920538
2025-09-14,S09,P0579,10,1.291,0.997,2.33,0,Low,2,1,0.95,backtest,demand_forecast_run_20261005T130920538
2025-09-14,S09,P0589,13,4.173,1.836,4.28,0,Low,2,1,0.95,backtest,demand_forecast_run_20261005T130920538
2025-09-14,S10,P0003,0,4.353,2.001,4.67,10,High,2,1,0.95,backtest,demand_forecast_run_20261005T130920538
2025-09-14,S10,P0022,8,2.122,1.206,2.81,0,Low,2,1,0.95,backtest,demand_forecast_run_20261005T130920538
2025-09-14,S10,P0032,43,10.881,2.754,6.43,0,Low,2,1,0.95,backtest,demand_forecast_run_20261005T130920538
2025-09-14,S10,P0053,6,0.568,0.863,2.01,0,Low,2,1,0.95,backtest,demand_forecast_run_20261005T130920538
2025-09-14,S10,P0073,6,0.93,0.737,1.72,0,Low,2,1,0.95,backtest,demand_forecast_run_20261005T130920538
2025-09-14,S10,P0170,7,1.777,0.916,2.14,0,Low,2,1,0.95,backtest,demand_forecast_run_20261005T130920538
2025-09-14,S10,P0206,4,2.436,1.005,2.34,1,Medium,2,1,0.95,backtest,demand_forecast_run_20261005T130920538
2025-09-14,S10,P0213,9,2.886,1.401,3.27,0,Low,2,1,0.95,backtest,demand_forecast_run_20261005T130920538
2025-09-14,S10,P0252,2,3.996,1.701,3.97,6,High,2,1,0.95,backtest,demand_forecast_run_20261005T130920538
2025-09-14,S10,P0272,8,0.423,0.39,0.91,0,Low,2,1,0.95,backtest,demand_forecast_run_20261005T130920538
2025-09-14,S10,P0288,0,1.164,1.09,2.54,4,High,2,1,0.95,backtest,demand_forecast_run_20261005T130920538
2025-09-14,S10,P0316,8,0.58,0.476,1.11,0,Low,2,1,0.95,backtest,demand_forecast_run_20261005T130920538
2025-09-14,S10,P0369,19,4.442,1.575,3.67,0,Low,2,1,0.95,backtest,demand_forecast_run_20261005T130920538
2025-09-14,S10,P0381,6,1.184,0.882,2.06,0,Low,2,1,0.95,backtest,demand_forecast_run_20261005T130920538
2025-09-14,S10,P0391,13,2.715,1.71,3.99,0,Low,2,1,0.95,backtest,demand_forecast_run_20261005T130920538
2025-09-14,S10,P0392,5,0.962,0.629,1.47,0,Low,2,1,0.95,backtest,demand_forecast_run_20261005T130920538
2025-09-14,S10,P0408,5,1.286,0.92,2.15,0,Low,2,1,0.95,backtest,demand_forecast_run_20261005T130920538
2025-09-14,S10,P0409,6,2.533,1.245,2.91,0,Low,2,1,0.95,backtest,demand_forecast_run_20261005T130920538
2025-09-14,S10,P0433,2,0.804,0.518,1.21,1,Medium,2,1,0.95,backtest,demand_forecast_run_20261005T130920538
2025-09-14,S10,P0435,0,3.677,2.505,5.85,10,High,2,1,0.95,backtest,demand_forecast_run_20261005T130920538
2025-09-14,S10,P0445,3,2.261,0.962,2.25,2,Medium,2,1,0.95,backtest,demand_forecast_run_20261005T130920538
2025-09-14,S10,P0507,26,15.505,2.332,5.44,0,Low,2,1,0.95,backtest,demand_forecast_run_20261005T130920538
2025-09-14,S10,P0563,13,3.381,1.874,4.37,0,Low,2,1,0.95,backtest,demand_forecast_run_20261005T130920538
2025-09-14,S10,P0579,6,1.072,0.685,1.6,0,Low,2,1,0.95,backtest,demand_forecast_run_20261005T130920538
2025-09-14,S10,P0589,6,2.588,1.101,2.57,0,Low,2,1,0.95,backtest,demand_forecast_run_20261005T130920538
2025-09-14,S11,P0003,5,3.243,1.247,2.91,2,Medium,2,1,0.95,backtest,demand_forecast_run_20261005T130920538
2025-09-14,S11,P0022,6,4.056,1.919,4.48,3,Medium,2,1,0.95,backtest,demand_forecast_run_20261005T130920538
2025-09-14,S11,P0032,52,13.508,3.594,8.39,0,Low,2,1,0.95,backtest,demand_forecast_run_20261005T130920538
2025-09-14,S11,P0053,6,1.507,1.1,2.57,0,Low,2,1,0.95,backtest,demand_forecast_run_20261005T130920538
2025-09-14,S11,P0073,4,0.974,0.962,2.24,0,Low,2,1,0.95,backtest,demand_forecast_run_20261005T130920538
2025-09-14,S11,P0170,13,2.039,1.052,2.45,0,Low,2,1,0.95,backtest,demand_forecast_run_20261005T130920538
2025-09-14,S11,P0206,0,3.002,1.718,4.01,8,High,2,1,0.95,backtest,demand_forecast_run_20261005T130920538
2025-09-14,S11,P0213,14,3.503,1.425,3.33,0,Low,2,1,0.95,backtest,demand_forecast_run_20261005T130920538
2025-09-14,S11,P0252,1,6.248,2.38,5.55,11,High,2,1,0.95,backtest,demand_forecast_run_20261005T130920538
2025-09-14,S11,P0272,7,1.103,0.685,1.6,0,Low,2,1,0.95,backtest,demand_forecast_run_20261005T130920538
2025-09-14,S11,P0288,12,2.219,1.833,4.28,0,Low,2,1,0.95,backtest,demand_forecast_run_20261005T130920538
2025-09-14,S11,P0316,7,2.418,1.071,2.5,0,Low,2,1,0.95,backtest,demand_forecast_run_20261005T130920538
2025-09-14,S11,P0369,0,6.572,3.463,8.08,15,High,2,1,0.95,backtest,demand_forecast_run_20261005T130920538
2025-09-14,S11,P0381,9,2.142,1.416,3.3,0,Low,2,1,0.95,backtest,demand_forecast_run_20261005T130920538
2025-09-14,S11,P0391,7,3.191,1.584,3.7,0,Medium,2,1,0.95,backtest,demand_forecast_run_20261005T130920538
2025-09-14,S11,P0392,7,1.121,1.224,2.86,0,Low,2,1,0.95,backtest,demand_forecast_run_20261005T130920538
2025-09-14,S11,P0408,4,2.725,1.765,4.12,3,Medium,2,1,0.95,backtest,demand_forecast_run_20261005T130920538
2025-09-14,S11,P0409,9,2.794,1.145,2.67,0,Low,2,1,0.95,backtest,demand_forecast_run_20261005T130920538
2025-09-14,S11,P0433,8,0.471,0.499,1.16,0,Low,2,1,0.95,backtest,demand_forecast_run_20261005T130920538
2025-09-14,S11,P0435,22,5.349,2.628,6.13,0,Low,2,1,0.95,backtest,demand_forecast_run_20261005T130920538
2025-09-14,S11,P0445,13,3.536,1.374,3.21,0,Low,2,1,0.95,backtest,demand_forecast_run_20261005T130920538
2025-09-14,S11,P0507,42,16.765,2.631,6.14,0,Low,2,1,0.95,backtest,demand_forecast_run_20261005T130920538
2025-09-14,S11,P0563,14,4.024,2.78,6.49,0,Low,2,1,0.95,backtest,demand_forecast_run_20261005T130920538
2025-09-14,S11,P0579,0,1.747,0.999,2.33,5,High,2,1,0.95,backtest,demand_forecast_run_20261005T130920538
2025-09-14,S11,P0589,9,3.127,1.105,2.58,0,Low,2,1,0.95,backtest,demand_forecast_run_20261005T130920538
2025-09-14,S12,P0003,11,3.26,1.303,3.04,0,Low,2,1,0.95,backtest,demand_forecast_run_20261005T130920538
2025-09-14,S12,P0022,0,2.768,1.345,3.14,6,High,2,1,0.95,backtest,demand_forecast_run_20261005T130920538
2025-09-14,S12,P0032,39,12.136,4.801,11.2,0,Low,2,1,0.95,backtest,demand_forecast_run_20261005T130920538
2025-09-14,S12,P0053,8,1.419,1.323,3.09,0,Low,2,1,0.95,backtest,demand_forecast_run_20261005T130920538
2025-09-14,S12,P0073,7,0.754,0.612,1.43,0,Low,2,1,0.95,backtest,demand_forecast_run_20261005T130920538
2025-09-14,S12,P0170,6,1.482,1.076,2.51,0,Low,2,1,0.95,backtest,demand_forecast_run_20261005T130920538
2025-09-14,S12,P0206,13,2.129,1.729,4.03,0,Low,2,1,0.95,backtest,demand_forecast_run_20261005T130920538
2025-09-14,S12,P0213,5,2.021,1.386,3.23,1,Medium,2,1,0.95,backtest,demand_forecast_run_20261005T130920538
2025-09-14,S12,P0252,15,4.13,1.737,4.05,0,Low,2,1,0.95,backtest,demand_forecast_run_20261005T130920538
2025-09-14,S12,P0272,5,1.844,1.315,3.07,0,Low,2,1,0.95,backtest,demand_forecast_run_20261005T130920538
2025-09-14,S12,P0288,12,1.636,1.213,2.83,0,Low,2,1,0.95,backtest,demand_forecast_run_20261005T130920538
2025-09-14,S12,P0316,10,1.648,1.177,2.75,0,Low,2,1,0.95,backtest,demand_forecast_run_20261005T130920538
2025-09-14,S12,P0369,10,6.593,2.685,6.27,3,Low,2,1,0.95,backtest,demand_forecast_run_20261005T130920538
2025-09-14,S12,P0381,5,1.257,1.138,2.66,0,Low,2,1,0.95,backtest,demand_forecast_run_20261005T130920538
2025-09-14,S12,P0391,12,2.636,1.257,2.93,0,Low,2,1,0.95,backtest,demand_forecast_run_20261005T130920538
2025-09-14,S12,P0392,10,1.087,1.224,2.86,0,Low,2,1,0.95,backtest,demand_forecast_run_20261005T130920538
2025-09-14,S12,P0408,10,1.192,0.962,2.24,0,Low,2,1,0.95,backtest,demand_forecast_run_20261005T130920538
2025-09-14,S12,P0409,6,2.157,1.325,3.09,0,Low,2,1,0.95,backtest,demand_forecast_run_20261005T130920538
2025-09-14,S12,P0433,6,0.772,0.659,1.54,0,Low,2,1,0.95,backtest,demand_forecast_run_20261005T130920538
2025-09-14,S12,P0435,21,3.844,1.827,4.26,0,Low,2,1,0.95,backtest,demand_forecast_run_20261005T130920538
2025-09-14,S12,P0445,4,1.462,1,2.33,0,Low,2,1,0.95,backtest,demand_forecast_run_20261005T130920538
2025-09-14,S12,P0507,43,10.648,3.141,7.33,0,Low,2,1,0.95,backtest,demand_forecast_run_20261005T130920538
2025-09-14,S12,P0563,15,2.43,1.232,2.87,0,Low,2,1,0.95,backtest,demand_forecast_run_20261005T130920538
2025-09-14,S12,P0579,6,0.944,0.793,1.85,0,Low,2,1,0.95,backtest,demand_forecast_run_20261005T130920538
2025-09-14,S12,P0589,9,2.065,1.09,2.54,0,Low,2,1,0.95,backtest,demand_forecast_run_20261005T130920538
2025-09-15,S01,P0003,17,3.594,1.433,3.34,0,Low,2,1,0.95,backtest,demand_forecast_run_20261005T130920538
2025-09-15,S01,P0022,4,2.508,1.449,3.38,2,Medium,2,1,0.95,backtest,demand_forecast_run_20261005T130920538
2025-09-15,S01,P0032,39,10.617,2.815,6.57,0,Low,2,1,0.95,backtest,demand_forecast_run_20261005T130920538
2025-09-15,S01,P0053,5,1.173,0.87,2.03,0,Low,2,1,0.95,backtest,demand_forecast_run_20261005T130920538
2025-09-15,S01,P0073,4,1.101,0.923,2.15,0,Low,2,1,0.95,backtest,demand_forecast_run_20261005T130920538
2025-09-15,S01,P0170,11,1.589,0.882,2.06,0,Low,2,1,0.95,backtest,demand_forecast_run_20261005T130920538
2025-09-15,S01,P0206,5,2.901,1.066,2.49,1,Medium,2,1,0.95,backtest,demand_forecast_run_20261005T130920538
2025-09-15,S01,P0213,14,2.64,1.124,2.62,0,Low,2,1,0.95,backtest,demand_forecast_run_20261005T130920538
2025-09-15,S01,P0252,20,5.296,2.001,4.67,0,Low,2,1,0.95,backtest,demand_forecast_run_20261005T130920538
2025-09-15,S01,P0272,1,1.337,0.916,2.14,3,High,2,1,0.95,backtest,demand_forecast_run_20261005T130920538
2025-09-15,S01,P0288,8,0.805,0.826,1.93,0,Low,2,1,0.95,backtest,demand_forecast_run_20261005T130920538
2025-09-15,S01,P0316,3,0.749,0.659,1.54,0,Medium,2,1,0.95,backtest,demand_forecast_run_20261005T130920538
2025-09-15,S01,P0369,7,4.92,1.481,3.46,2,Medium,2,1,0.95,backtest,demand_forecast_run_20261005T130920538
2025-09-15,S01,P0381,4,1.494,1.219,2.84,1,Low,2,1,0.95,backtest,demand_forecast_run_20261005T130920538
2025-09-15,S01,P0391,12,4.34,1.806,4.22,0,Low,2,1,0.95,backtest,demand_forecast_run_20261005T130920538
2025-09-15,S01,P0392,9,1.006,0.612,1.43,0,Low,2,1,0.95,backtest,demand_forecast_run_20261005T130920538
2025-09-15,S01,P0408,13,1.535,0.826,1.93,0,Low,2,1,0.95,backtest,demand_forecast_run_20261005T130920538
2025-09-15,S01,P0409,10,1.281,0.976,2.28,0,Low,2,1,0.95,backtest,demand_forecast_run_20261005T130920538
2025-09-15,S01,P0433,4,0.805,0.819,1.91,0,Low,2,1,0.95,backtest,demand_forecast_run_20261005T130920538
2025-09-15,S01,P0435,7,3.463,1.453,3.39,0,Medium,2,1,0.95,backtest,demand_forecast_run_20261005T130920538
2025-09-15,S01,P0445,11,2.453,0.989,2.31,0,Low,2,1,0.95,backtest,demand_forecast_run_20261005T130920538
2025-09-15,S01,P0507,23,13.629,1.687,3.94,0,Low,2,1,0.95,backtest,demand_forecast_run_20261005T130920538
2025-09-15,S01,P0563,5,2.989,1.471,3.43,2,Medium,2,1,0.95,backtest,demand_forecast_run_20261005T130920538
2025-09-15,S01,P0579,5,1.025,0.997,2.33,0,Low,2,1,0.95,backtest,demand_forecast_run_20261005T130920538
2025-09-15,S01,P0589,8,2.808,1.548,3.61,0,Low,2,1,0.95,backtest,demand_forecast_run_20261005T130920538
2025-09-15,S02,P0003,18,3.64,1.512,3.53,0,Low,2,1,0.95,backtest,demand_forecast_run_20261005T130920538
2025-09-15,S02,P0022,7,3.302,1.618,3.78,1,Low,2,1,0.95,backtest,demand_forecast_run_20261005T130920538
2025-09-15,S02,P0032,47,9.53,2.186,5.1,0,Low,2,1,0.95,backtest,demand_forecast_run_20261005T130920538
2025-09-15,S02,P0053,9,0.558,0.799,1.87,0,Low,2,1,0.95,backtest,demand_forecast_run_20261005T130920538
2025-09-15,S02,P0073,8,0.986,0.838,1.96,0,Low,2,1,0.95,backtest,demand_forecast_run_20261005T130920538
2025-09-15,S02,P0170,4,1.077,0.92,2.15,0,Low,2,1,0.95,backtest,demand_forecast_run_20261005T130920538
2025-09-15,S02,P0206,15,2.777,1.371,3.2,0,Low,2,1,0.95,backtest,demand_forecast_run_20261005T130920538
2025-09-15,S02,P0213,14,2.327,1.134,2.65,0,Low,2,1,0.95,backtest,demand_forecast_run_20261005T130920538
2025-09-15,S02,P0252,13,5.253,1.499,3.5,0,Low,2,1,0.95,backtest,demand_forecast_run_20261005T130920538
2025-09-15,S02,P0272,4,1.289,1.227,2.86,1,Low,2,1,0.95,backtest,demand_forecast_run_20261005T130920538
2025-09-15,S02,P0288,9,1.319,0.863,2.01,0,Low,2,1,0.95,backtest,demand_forecast_run_20261005T130920538
2025-09-15,S02,P0316,6,1.062,0.838,1.96,0,Low,2,1,0.95,backtest,demand_forecast_run_20261005T130920538
2025-09-15,S02,P0369,22,4.729,1.789,4.17,0,Low,2,1,0.95,backtest,demand_forecast_run_20261005T130920538
2025-09-15,S02,P0381,5,1.213,1.136,2.65,0,Low,2,1,0.95,backtest,demand_forecast_run_20261005T130920538
2025-09-15,S02,P0391,4,3.746,1.611,3.76,4,Medium,2,1,0.95,backtest,demand_forecast_run_20261005T130920538
2025-09-15,S02,P0392,4,0.799,1.071,2.5,0,Low,2,1,0.95,backtest,demand_forecast_run_20261005T130920538
2025-09-15,S02,P0408,8,2.315,0.976,2.28,0,Low,2,1,0.95,backtest,demand_forecast_run_20261005T130920538
2025-09-15,S02,P0409,10,2.915,1.188,2.77,0,Low,2,1,0.95,backtest,demand_forecast_run_20261005T130920538
2025-09-15,S02,P0433,6,0.623,0.905,2.11,0,Low,2,1,0.95,backtest,demand_forecast_run_20261005T130920538
2025-09-15,S02,P0435,18,4.65,1.812,4.23,0,Low,2,1,0.95,backtest,demand_forecast_run_20261005T130920538
2025-09-15,S02,P0445,11,1.893,1.202,2.8,0,Low,2,1,0.95,backtest,demand_forecast_run_20261005T130920538
2025-09-15,S02,P0507,9,14.466,1.906,4.45,10,High,2,1,0.95,backtest,demand_forecast_run_20261005T130920538
2025-09-15,S02,P0563,8,2.35,1.729,4.03,0,Low,2,1,0.95,backtest,demand_forecast_run_20261005T130920538
2025-09-15,S02,P0579,10,1.26,0.997,2.33,0,Low,2,1,0.95,backtest,demand_forecast_run_20261005T130920538
2025-09-15,S02,P0589,11,1.896,1.197,2.79,0,Low,2,1,0.95,backtest,demand_forecast_run_20261005T130920538
2025-09-15,S03,P0003,5,2.955,1.287,3,1,Medium,2,1,0.95,backtest,demand_forecast_run_20261005T130920538
2025-09-15,S03,P0022,14,2.234,1.458,3.4,0,Low,2,1,0.95,backtest,demand_forecast_run_20261005T130920538
2025-09-15,S03,P0032,31,11.264,2.25,5.25,0,Low,2,1,0.95,backtest,demand_forecast_run_20261005T130920538
2025-09-15,S03,P0053,5,1.258,0.951,2.22,0,Low,2,1,0.95,backtest,demand_forecast_run_20261005T130920538
2025-09-15,S03,P0073,7,0.641,0.499,1.16,0,Low,2,1,0.95,backtest,demand_forecast_run_20261005T130920538
2025-09-15,S03,P0170,4,2.94,0.995,2.32,2,Medium,2,1,0.95,backtest,demand_forecast_run_20261005T130920538
2025-09-15,S03,P0206,13,2.357,1.133,2.64,0,Low,2,1,0.95,backtest,demand_forecast_run_20261005T130920538
2025-09-15,S03,P0213,7,1.812,0.995,2.32,0,Low,2,1,0.95,backtest,demand_forecast_run_20261005T130920538
2025-09-15,S03,P0252,7,4.206,2.25,5.25,3,Medium,2,1,0.95,backtest,demand_forecast_run_20261005T130920538
2025-09-15,S03,P0272,9,0.962,0.67,1.56,0,Low,2,1,0.95,backtest,demand_forecast_run_20261005T130920538
2025-09-15,S03,P0288,10,1.078,0.875,2.04,0,Low,2,1,0.95,backtest,demand_forecast_run_20261005T130920538
2025-09-15,S03,P0316,6,1.292,1.133,2.64,0,Low,2,1,0.95,backtest,demand_forecast_run_20261005T130920538
2025-09-15,S03,P0369,23,4.274,1.442,3.36,0,Low,2,1,0.95,backtest,demand_forecast_run_20261005T130920538
2025-09-15,S03,P0381,9,1.175,0.629,1.47,0,Low,2,1,0.95,backtest,demand_forecast_run_20261005T130920538
2025-09-15,S03,P0391,15,3.633,2.256,5.26,0,Low,2,1,0.95,backtest,demand_forecast_run_20261005T130920538
2025-09-15,S03,P0392,4,0.667,0.629,1.47,0,Low,2,1,0.95,backtest,demand_forecast_run_20261005T130920538
2025-09-15,S03,P0408,9,1.346,0.793,1.85,0,Low,2,1,0.95,backtest,demand_forecast_run_20261005T130920538
2025-09-15,S03,P0409,6,1.904,0.905,2.11,0,Low,2,1,0.95,backtest,demand_forecast_run_20261005T130920538
2025-09-15,S03,P0433,6,0.272,0.378,0.88,0,Low,2,1,0.95,backtest,demand_forecast_run_20261005T130920538
2025-09-15,S03,P0435,5,4.117,1.319,3.08,3,Medium,2,1,0.95,backtest,demand_forecast_run_20261005T130920538
2025-09-15,S03,P0445,4,1.268,0.621,1.45,0,Low,2,1,0.95,backtest,demand_forecast_run_20261005T130920538
2025-09-15,S03,P0507,11,15.085,2.335,5.45,10,High,2,1,0.95,backtest,demand_forecast_run_20261005T130920538
2025-09-15,S03,P0563,18,2.778,1.184,2.76,0,Low,2,1,0.95,backtest,demand_forecast_run_20261005T130920538
2025-09-15,S03,P0579,5,1.408,1.315,3.07,0,Low,2,1,0.95,backtest,demand_forecast_run_20261005T130920538
2025-09-15,S03,P0589,4,2.781,1.433,3.34,3,Medium,2,1,0.95,backtest,demand_forecast_run_20261005T130920538
2025-09-15,S04,P0003,6,3.138,1.307,3.05,1,Low,2,1,0.95,backtest,demand_forecast_run_20261005T130920538
2025-09-15,S04,P0022,12,1.511,0.905,2.11,0,Low,2,1,0.95,backtest,demand_forecast_run_20261005T130920538
2025-09-15,S04,P0032,34,7.863,2.735,6.38,0,Low,2,1,0.95,backtest,demand_forecast_run_20261005T130920538
2025-09-15,S04,P0053,5,0.851,0.744,1.74,0,Low,2,1,0.95,backtest,demand_forecast_run_20261005T130920538
2025-09-15,S04,P0073,7,0.882,0.612,1.43,0,Low,2,1,0.95,backtest,demand_forecast_run_20261005T130920538
2025-09-15,S04,P0170,9,2.515,1.062,2.48,0,Low,2,1,0.95,backtest,demand_forecast_run_20261005T130920538
2025-09-15,S04,P0206,15,2.307,1.508,3.52,0,Low,2,1,0.95,backtest,demand_forecast_run_20261005T130920538
2025-09-15,S04,P0213,11,1.523,0.962,2.25,0,Low,2,1,0.95,backtest,demand_forecast_run_20261005T130920538
2025-09-15,S04,P0252,19,2.721,1.618,3.78,0,Low,2,1,0.95,backtest,demand_forecast_run_20261005T130920538
2025-09-15,S04,P0272,9,1.274,0.838,1.96,0,Low,2,1,0.95,backtest,demand_forecast_run_20261005T130920538
2025-09-15,S04,P0288,7,1.053,0.826,1.93,0,Low,2,1,0.95,backtest,demand_forecast_run_20261005T130920538
2025-09-15,S04,P0316,3,0.577,0.713,1.66,0,Medium,2,1,0.95,backtest,demand_forecast_run_20261005T130920538
2025-09-15,S04,P0369,10,3.71,1.319,3.08,0,Low,2,1,0.95,backtest,demand_forecast_run_20261005T130920538
2025-09-15,S04,P0381,6,1.078,0.916,2.14,0,Low,2,1,0.95,backtest,demand_forecast_run_20261005T130920538
2025-09-15,S04,P0391,15,2.03,1.166,2.72,0,Low,2,1,0.95,backtest,demand_forecast_run_20261005T130920538
2025-09-15,S04,P0392,9,0.605,0.418,0.98,0,Low,2,1,0.95,backtest,demand_forecast_run_20261005T130920538
2025-09-15,S04,P0408,12,1.308,0.863,2.01,0,Low,2,1,0.95,backtest,demand_forecast_run_20261005T130920538
2025-09-15,S04,P0409,8,1.24,0.945,2.2,0,Low,2,1,0.95,backtest,demand_forecast_run_20261005T130920538
2025-09-15,S04,P0433,6,0.082,0.189,0.44,0,Low,2,1,0.95,backtest,demand_forecast_run_20261005T130920538
2025-09-15,S04,P0435,18,2.691,1.768,4.13,0,Low,2,1,0.95,backtest,demand_forecast_run_20261005T130920538
2025-09-15,S04,P0445,3,1.31,0.737,1.72,1,Medium,2,1,0.95,backtest,demand_forecast_run_20261005T130920538
2025-09-15,S04,P0507,31,9.648,2.061,4.81,0,Low,2,1,0.95,backtest,demand_forecast_run_20261005T130920538
2025-09-15,S04,P0563,7,1.665,0.875,2.04,0,Low,2,1,0.95,backtest,demand_forecast_run_20261005T130920538
2025-09-15,S04,P0579,8,0.914,1,2.33,0,Low,2,1,0.95,backtest,demand_forecast_run_20261005T130920538
2025-09-15,S04,P0589,9,1.806,0.945,2.2,0,Low,2,1,0.95,backtest,demand_forecast_run_20261005T130920538
2025-09-15,S05,P0003,12,2.237,1.315,3.07,0,Low,2,1,0.95,backtest,demand_forecast_run_20261005T130920538
2025-09-15,S05,P0022,6,2.797,1.227,2.86,0,Low,2,1,0.95,backtest,demand_forecast_run_20261005T130920538
2025-09-15,S05,P0032,24,9.029,2.628,6.13,0,Low,2,1,0.95,backtest,demand_forecast_run_20261005T130920538
2025-09-15,S05,P0053,9,0.702,0.922,2.15,0,Low,2,1,0.95,backtest,demand_forecast_run_20261005T130920538
2025-09-15,S05,P0073,5,0.451,0.6,1.4,0,Low,2,1,0.95,backtest,demand_forecast_run_20261005T130920538
2025-09-15,S05,P0170,7,1.209,0.744,1.74,0,Low,2,1,0.95,backtest,demand_forecast_run_20261005T130920538
2025-09-15,S05,P0206,7,1.792,1.618,3.78,0,Low,2,1,0.95,backtest,demand_forecast_run_20261005T130920538
2025-09-15,S05,P0213,11,1.831,1.02,2.38,0,Low,2,1,0.95,backtest,demand_forecast_run_20261005T130920538
2025-09-15,S05,P0252,11,3.278,1.503,3.51,0,Low,2,1,0.95,backtest,demand_forecast_run_20261005T130920538
2025-09-15,S05,P0272,8,1.071,0.983,2.29,0,Low,2,1,0.95,backtest,demand_forecast_run_20261005T130920538
2025-09-15,S05,P0288,6,1.272,1.175,2.74,0,Low,2,1,0.95,backtest,demand_forecast_run_20261005T130920538
2025-09-15,S05,P0316,3,0.752,0.999,2.33,1,Medium,2,1,0.95,backtest,demand_forecast_run_20261005T130920538
2025-09-15,S05,P0369,5,3.006,1.83,4.27,3,Medium,2,1,0.95,backtest,demand_forecast_run_20261005T130920538
2025-09-15,S05,P0381,4,0.507,0.67,1.56,0,Low,2,1,0.95,backtest,demand_forecast_run_20261005T130920538
2025-09-15,S05,P0391,6,1.836,1.258,2.93,0,Low,2,1,0.95,backtest,demand_forecast_run_20261005T130920538
2025-09-15,S05,P0392,2,0.191,0.262,0.61,0,Medium,2,1,0.95,backtest,demand_forecast_run_20261005T130920538
2025-09-15,S05,P0408,4,0.883,0.897,2.09,0,Low,2,1,0.95,backtest,demand_forecast_run_20261005T130920538
2025-09-15,S05,P0409,11,1.812,1.062,2.48,0,Low,2,1,0.95,backtest,demand_forecast_run_20261005T130920538
2025-09-15,S05,P0433,5,0.33,0.315,0.73,0,Low,2,1,0.95,backtest,demand_forecast_run_20261005T130920538
2025-09-15,S05,P0435,18,2.361,1.449,3.38,0,Low,2,1,0.95,backtest,demand_forecast_run_20261005T130920538
2025-09-15,S05,P0445,7,1.685,0.962,2.24,0,Low,2,1,0.95,backtest,demand_forecast_run_20261005T130920538
2025-09-15,S05,P0507,4,8.167,2.119,4.94,10,High,2,1,0.95,backtest,demand_forecast_run_20261005T130920538
2025-09-15,S05,P0563,1,1.974,1.818,4.24,6,High,2,1,0.95,backtest,demand_forecast_run_20261005T130920538
2025-09-15,S05,P0579,7,0.403,0.448,1.05,0,Low,2,1,0.95,backtest,demand_forecast_run_20261005T130920538
2025-09-15,S05,P0589,5,2.44,1.353,3.16,1,Low,2,1,0.95,backtest,demand_forecast_run_20261005T130920538
2025-09-15,S06,P0003,18,3.542,1.665,3.89,0,Low,2,1,0.95,backtest,demand_forecast_run_20261005T130920538
2025-09-15,S06,P0022,12,2.277,1.361,3.18,0,Low,2,1,0.95,backtest,demand_forecast_run_20261005T130920538
2025-09-15,S06,P0032,57,15.698,2.97,6.93,0,Low,2,1,0.95,backtest,demand_forecast_run_20261005T130920538
2025-09-15,S06,P0053,6,1.681,1.741,4.06,0,Low,2,1,0.95,backtest,demand_forecast_run_20261005T130920538
2025-09-15,S06,P0073,9,2.728,1.138,2.66,0,Low,2,1,0.95,backtest,demand_forecast_run_20261005T130920538
2025-09-15,S06,P0170,10,1.592,1.11,2.59,0,Low,2,1,0.95,backtest,demand_forecast_run_20261005T130920538
2025-09-15,S06,P0206,6,5.251,3.107,7.25,7,Medium,2,1,0.95,backtest,demand_forecast_run_20261005T130920538
2025-09-15,S06,P0213,15,4.296,1.412,3.3,0,Low,2,1,0.95,backtest,demand_forecast_run_20261005T130920538
2025-09-15,S06,P0252,8,5.422,1.707,3.98,2,Medium,2,1,0.95,backtest,demand_forecast_run_20261005T130920538
2025-09-15,S06,P0272,12,1.223,0.744,1.74,0,Low,2,1,0.95,backtest,demand_forecast_run_20261005T130920538
2025-09-15,S06,P0288,5,1.21,0.838,1.96,0,Low,2,1,0.95,backtest,demand_forecast_run_20261005T130920538
2025-09-15,S06,P0316,5,1.882,1.156,2.7,0,Low,2,1,0.95,backtest,demand_forecast_run_20261005T130920538
2025-09-15,S06,P0369,32,6.441,2.171,5.07,0,Low,2,1,0.95,backtest,demand_forecast_run_20261005T130920538
2025-09-15,S06,P0381,1,2.164,1.335,3.11,5,High,2,1,0.95,backtest,demand_forecast_run_20261005T130920538
2025-09-15,S06,P0391,9,3.168,2.335,5.45,0,Low,2,1,0.95,backtest,demand_forecast_run_20261005T130920538
2025-09-15,S06,P0392,1,2,1.062,2.48,4,High,2,1,0.95,backtest,demand_forecast_run_20261005T130920538
2025-09-15,S06,P0408,6,2.979,0.945,2.2,0,Low,2,1,0.95,backtest,demand_forecast_run_20261005T130920538
2025-09-15,S06,P0409,13,2.839,1.138,2.66,0,Low,2,1,0.95,backtest,demand_forecast_run_20261005T130920538
2025-09-15,S06,P0433,1,1.048,0.612,1.43,2,High,2,1,0.95,backtest,demand_forecast_run_20261005T130920538
2025-09-15,S06,P0435,15,5.957,1.718,4.01,0,Low,2,1,0.95,backtest,demand_forecast_run_20261005T130920538
2025-09-15,S06,P0445,7,3.586,1.197,2.79,0,Low,2,1,0.95,backtest,demand_forecast_run_20261005T130920538
2025-09-15,S06,P0507,48,16.207,2.963,6.91,0,Low,2,1,0.95,backtest,demand_forecast_run_20261005T130920538
2025-09-15,S06,P0563,10,2.634,1.361,3.18,0,Low,2,1,0.95,backtest,demand_forecast_run_20261005T130920538
2025-09-15,S06,P0579,9,1.958,1.301,3.04,0,Low,2,1,0.95,backtest,demand_forecast_run_20261005T130920538
2025-09-15,S06,P0589,9,3.01,1.166,2.72,0,Low,2,1,0.95,backtest,demand_forecast_run_20261005T130920538
2025-09-15,S07,P0003,14,2.787,1.086,2.53,0,Low,2,1,0.95,backtest,demand_forecast_run_20261005T130920538
2025-09-15,S07,P0022,0,2.25,1.503,3.51,6,High,2,1,0.95,backtest,demand_forecast_run_20261005T130920538
2025-09-15,S07,P0032,36,9.442,2.487,5.8,0,Low,2,1,0.95,backtest,demand_forecast_run_20261005T130920538
2025-09-15,S07,P0053,2,0.8,0.793,1.85,1,Medium,2,1,0.95,backtest,demand_forecast_run_20261005T130920538
2025-09-15,S07,P0073,7,0.739,0.78,1.82,0,Low,2,1,0.95,backtest,demand_forecast_run_20261005T130920538
2025-09-15,S07,P0170,7,0.934,0.956,2.23,0,Low,2,1,0.95,backtest,demand_forecast_run_20261005T130920538
2025-09-15,S07,P0206,9,2.686,1.652,3.86,0,Low,2,1,0.95,backtest,demand_forecast_run_20261005T130920538
2025-09-15,S07,P0213,9,2.389,1.105,2.58,0,Low,2,1,0.95,backtest,demand_forecast_run_20261005T130920538
2025-09-15,S07,P0252,16,2.882,1.71,3.99,0,Low,2,1,0.95,backtest,demand_forecast_run_20261005T130920538
2025-09-15,S07,P0272,7,0.665,0.723,1.69,0,Low,2,1,0.95,backtest,demand_forecast_run_20261005T130920538
2025-09-15,S07,P0288,7,1.329,1.031,2.41,0,Low,2,1,0.95,backtest,demand_forecast_run_20261005T130920538
2025-09-15,S07,P0316,10,0.373,0.476,1.11,0,Low,2,1,0.95,backtest,demand_forecast_run_20261005T130920538
2025-09-15,S07,P0369,7,3.992,1.621,3.78,1,Medium,2,1,0.95,backtest,demand_forecast_run_20261005T130920538
2025-09-15,S07,P0381,4,0.739,0.559,1.3,0,Low,2,1,0.95,backtest,demand_forecast_run_20261005T130920538
2025-09-15,S07,P0391,11,2.399,2.079,4.85,0,Low,2,1,0.95,backtest,demand_forecast_run_20261005T130920538
2025-09-15,S07,P0392,7,1.419,0.826,1.93,0,Low,2,1,0.95,backtest,demand_forecast_run_20261005T130920538
2025-09-15,S07,P0408,10,1.205,1.2,2.8,0,Low,2,1,0.95,backtest,demand_forecast_run_20261005T130920538
2025-09-15,S07,P0409,3,1.931,1.315,3.07,3,Medium,2,1,0.95,backtest,demand_forecast_run_20261005T130920538
2025-09-15,S07,P0433,6,0.184,0.416,0.97,0,Low,2,1,0.95,backtest,demand_forecast_run_20261005T130920538
2025-09-15,S07,P0435,10,3.142,2.155,5.03,0,Low,2,1,0.95,backtest,demand_forecast_run_20261005T130920538
2025-09-15,S07,P0445,3,1.209,0.786,1.83,1,Medium,2,1,0.95,backtest,demand_forecast_run_20261005T130920538
2025-09-15,S07,P0507,5,7.911,2.471,5.77,9,High,2,1,0.95,backtest,demand_forecast_run_20261005T130920538
2025-09-15,S07,P0563,13,2.513,1.315,3.07,0,Low,2,1,0.95,backtest,demand_forecast_run_20261005T130920538
2025-09-15,S07,P0579,8,1.121,0.951,2.22,0,Low,2,1,0.95,backtest,demand_forecast_run_20261005T130920538
2025-09-15,S07,P0589,5,2.136,1.02,2.38,0,Low,2,1,0.95,backtest,demand_forecast_run_20261005T130920538
2025-09-15,S08,P0003,7,3.374,1.792,4.18,1,Medium,2,1,0.95,backtest,demand_forecast_run_20261005T130920538
2025-09-15,S08,P0022,2,2.92,1.641,3.83,5,High,2,1,0.95,backtest,demand_forecast_run_20261005T130920538
2025-09-15,S08,P0032,30,12.77,2.747,6.41,0,Low,2,1,0.95,backtest,demand_forecast_run_20261005T130920538
2025-09-15,S08,P0053,5,1.378,1.423,3.32,0,Low,2,1,0.95,backtest,demand_forecast_run_20261005T130920538
2025-09-15,S08,P0073,0,0.694,0.723,1.69,3,High,2,1,0.95,backtest,demand_forecast_run_20261005T130920538
2025-09-15,S08,P0170,10,1.469,0.879,2.05,0,Low,2,1,0.95,backtest,demand_forecast_run_20261005T130920538
2025-09-15,S08,P0206,16,3.648,1.453,3.39,0,Low,2,1,0.95,backtest,demand_forecast_run_20261005T130920538
2025-09-15,S08,P0213,16,2.15,1.765,4.12,0,Low,2,1,0.95,backtest,demand_forecast_run_20261005T130920538
2025-09-15,S08,P0252,15,5.703,2.009,4.69,0,Low,2,1,0.95,backtest,demand_forecast_run_20261005T130920538
2025-09-15,S08,P0272,3,1.696,1.197,2.79,2,Medium,2,1,0.95,backtest,demand_forecast_run_20261005T130920538
2025-09-15,S08,P0288,4,1.875,1.138,2.66,1,Medium,2,1,0.95,backtest,demand_forecast_run_20261005T130920538
2025-09-15,S08,P0316,7,1.103,0.838,1.96,0,Low,2,1,0.95,backtest,demand_forecast_run_20261005T130920538
2025-09-15,S08,P0369,13,4.652,2.424,5.66,0,Low,2,1,0.95,backtest,demand_forecast_run_20261005T130920538
2025-09-15,S08,P0381,7,1.156,1.036,2.42,0,Low,2,1,0.95,backtest,demand_forecast_run_20261005T130920538
2025-09-15,S08,P0391,20,2.757,1.813,4.23,0,Low,2,1,0.95,backtest,demand_forecast_run_20261005T130920538
2025-09-15,S08,P0392,9,1.729,1.389,3.24,0,Low,2,1,0.95,backtest,demand_forecast_run_20261005T130920538
2025-09-15,S08,P0408,13,2.192,1.654,3.86,0,Low,2,1,0.95,backtest,demand_forecast_run_20261005T130920538
2025-09-15,S08,P0409,5,2.666,1.618,3.78,2,Medium,2,1,0.95,backtest,demand_forecast_run_20261005T130920538
2025-09-15,S08,P0433,6,1.253,0.518,1.21,0,Low,2,1,0.95,backtest,demand_forecast_run_20261005T130920538
2025-09-15,S08,P0435,14,5.209,2.31,5.39,0,Low,2,1,0.95,backtest,demand_forecast_run_20261005T130920538
2025-09-15,S08,P0445,5,1.856,1.202,2.8,0,Low,2,1,0.95,backtest,demand_forecast_run_20261005T130920538
2025-09-15,S08,P0507,35,16.042,2.994,6.99,0,Low,2,1,0.95,backtest,demand_forecast_run_20261005T130920538
2025-09-15,S08,P0563,13,4.934,2.258,5.27,0,Low,2,1,0.95,backtest,demand_forecast_run_20261005T130920538
2025-09-15,S08,P0579,6,1.162,0.786,1.83,0,Low,2,1,0.95,backtest,demand_forecast_run_20261005T130920538
2025-09-15,S08,P0589,15,2.999,2.235,5.21,0,Low,2,1,0.95,backtest,demand_forecast_run_20261005T130920538
2025-09-15,S09,P0003,7,3.323,1.475,3.44,0,Low,2,1,0.95,backtest,demand_forecast_run_20261005T130920538
2025-09-15,S09,P0022,13,2.587,1.086,2.53,0,Low,2,1,0.95,backtest,demand_forecast_run_20261005T130920538
2025-09-15,S09,P0032,48,10.837,2.529,5.9,0,Low,2,1,0.95,backtest,demand_forecast_run_20261005T130920538
2025-09-15,S09,P0053,7,1.257,1.936,4.52,0,Low,2,1,0.95,backtest,demand_forecast_run_20261005T130920538
2025-09-15,S09,P0073,10,0.594,0.844,1.97,0,Low,2,1,0.95,backtest,demand_forecast_run_20261005T130920538
2025-09-15,S09,P0170,6,2.05,1.101,2.57,0,Low,2,1,0.95,backtest,demand_forecast_run_20261005T130920538
2025-09-15,S09,P0206,15,2.438,1.367,3.19,0,Low,2,1,0.95,backtest,demand_forecast_run_20261005T130920538
2025-09-15,S09,P0213,6,3.903,1.863,4.35,3,Low,2,1,0.95,backtest,demand_forecast_run_20261005T130920538
2025-09-15,S09,P0252,12,4.52,1.979,4.62,0,Low,2,1,0.95,backtest,demand_forecast_run_20261005T130920538
2025-09-15,S09,P0272,7,0.764,0.548,1.28,0,Low,2,1,0.95,backtest,demand_forecast_run_20261005T130920538
2025-09-15,S09,P0288,3,1.41,1.066,2.49,1,Medium,2,1,0.95,backtest,demand_forecast_run_20261005T130920538
2025-09-15,S09,P0316,5,1.026,1.069,2.49,0,Low,2,1,0.95,backtest,demand_forecast_run_20261005T130920538
2025-09-15,S09,P0369,11,4.191,1.856,4.33,0,Low,2,1,0.95,backtest,demand_forecast_run_20261005T130920538
2025-09-15,S09,P0381,6,0.764,0.863,2.01,0,Low,2,1,0.95,backtest,demand_forecast_run_20261005T130920538
2025-09-15,S09,P0391,7,3.112,2.05,4.78,1,Medium,2,1,0.95,backtest,demand_forecast_run_20261005T130920538
2025-09-15,S09,P0392,3,0.953,1.188,2.77,1,Medium,2,1,0.95,backtest,demand_forecast_run_20261005T130920538
2025-09-15,S09,P0408,13,2.2,1.041,2.43,0,Low,2,1,0.95,backtest,demand_forecast_run_20261005T130920538
2025-09-15,S09,P0409,7,2.207,1.274,2.97,0,Low,2,1,0.95,backtest,demand_forecast_run_20261005T130920538
2025-09-15,S09,P0433,4,0.296,0.315,0.73,0,Low,2,1,0.95,backtest,demand_forecast_run_20261005T130920538
2025-09-15,S09,P0435,27,4.455,2.019,4.71,0,Low,2,1,0.95,backtest,demand_forecast_run_20261005T130920538
2025-09-15,S09,P0445,6,2.257,1.744,4.07,1,Low,2,1,0.95,backtest,demand_forecast_run_20261005T130920538
2025-09-15,S09,P0507,36,12.356,2.665,6.22,0,Low,2,1,0.95,backtest,demand_forecast_run_20261005T130920538
2025-09-15,S09,P0563,7,3.226,1.704,3.98,1,Low,2,1,0.95,backtest,demand_forecast_run_20261005T130920538
2025-09-15,S09,P0579,10,1.358,0.997,2.33,0,Low,2,1,0.95,backtest,demand_forecast_run_20261005T130920538
2025-09-15,S09,P0589,13,4.008,1.856,4.33,0,Low,2,1,0.95,backtest,demand_forecast_run_20261005T130920538
2025-09-15,S10,P0003,9,4.226,2.001,4.67,0,Low,2,1,0.95,backtest,demand_forecast_run_20261005T130920538
2025-09-15,S10,P0022,4,2.171,1.219,2.84,2,Medium,2,1,0.95,backtest,demand_forecast_run_20261005T130920538
2025-09-15,S10,P0032,41,10.293,2.299,5.36,0,Low,2,1,0.95,backtest,demand_forecast_run_20261005T130920538
2025-09-15,S10,P0053,6,0.62,0.863,2.01,0,Low,2,1,0.95,backtest,demand_forecast_run_20261005T130920538
2025-09-15,S10,P0073,6,1.015,0.737,1.72,0,Low,2,1,0.95,backtest,demand_forecast_run_20261005T130920538
2025-09-15,S10,P0170,7,1.754,0.916,2.14,0,Low,2,1,0.95,backtest,demand_forecast_run_20261005T130920538
2025-09-15,S10,P0206,13,2.196,1.02,2.38,0,Low,2,1,0.95,backtest,demand_forecast_run_20261005T130920538
2025-09-15,S10,P0213,9,2.96,1.401,3.27,0,Low,2,1,0.95,backtest,demand_forecast_run_20261005T130920538
2025-09-15,S10,P0252,0,4.021,1.676,3.91,8,High,2,1,0.95,backtest,demand_forecast_run_20261005T130920538
2025-09-15,S10,P0272,8,0.369,0.356,0.83,0,Low,2,1,0.95,backtest,demand_forecast_run_20261005T130920538
2025-09-15,S10,P0288,5,1.53,1.474,3.44,0,Low,2,1,0.95,backtest,demand_forecast_run_20261005T130920538
2025-09-15,S10,P0316,7,0.573,0.499,1.16,0,Low,2,1,0.95,backtest,demand_forecast_run_20261005T130920538
2025-09-15,S10,P0369,17,4.619,1.562,3.64,0,Low,2,1,0.95,backtest,demand_forecast_run_20261005T130920538
2025-09-15,S10,P0381,4,1.384,0.881,2.06,0,Low,2,1,0.95,backtest,demand_forecast_run_20261005T130920538
2025-09-15,S10,P0391,13,2.685,1.663,3.88,0,Low,2,1,0.95,backtest,demand_forecast_run_20261005T130920538
2025-09-15,S10,P0392,5,0.788,0.548,1.28,0,Low,2,1,0.95,backtest,demand_forecast_run_20261005T130920538
2025-09-15,S10,P0408,5,1.281,0.92,2.15,0,Low,2,1,0.95,backtest,demand_forecast_run_20261005T130920538
2025-09-15,S10,P0409,6,2.338,1.257,2.93,0,Low,2,1,0.95,backtest,demand_forecast_run_20261005T130920538
2025-09-15,S10,P0433,6,0.692,0.499,1.16,0,Low,2,1,0.95,backtest,demand_forecast_run_20261005T130920538
2025-09-15,S10,P0435,0,4.04,2.571,6,11,High,2,1,0.95,backtest,demand_forecast_run_20261005T130920538
2025-09-15,S10,P0445,4,2.705,1.162,2.71,2,Low,2,1,0.95,backtest,demand_forecast_run_20261005T130920538
2025-09-15,S10,P0507,15,14.728,2.411,5.63,6,Low,2,1,0.95,backtest,demand_forecast_run_20261005T130920538
2025-09-15,S10,P0563,11,3.692,1.874,4.37,0,Low,2,1,0.95,backtest,demand_forecast_run_20261005T130920538
2025-09-15,S10,P0579,6,1.029,0.685,1.6,0,Low,2,1,0.95,backtest,demand_forecast_run_20261005T130920538
2025-09-15,S10,P0589,4,2.742,1.113,2.6,2,Medium,2,1,0.95,backtest,demand_forecast_run_20261005T130920538
2025-09-15,S11,P0003,13,3.611,1.458,3.4,0,Low,2,1,0.95,backtest,demand_forecast_run_20261005T130920538
2025-09-15,S11,P0022,18,3.609,1.892,4.42,0,Low,2,1,0.95,backtest,demand_forecast_run_20261005T130920538
2025-09-15,S11,P0032,50,13.314,3.71,8.66,0,Low,2,1,0.95,backtest,demand_forecast_run_20261005T130920538
2025-09-15,S11,P0053,6,1.383,1.1,2.57,0,Low,2,1,0.95,backtest,demand_forecast_run_20261005T130920538
2025-09-15,S11,P0073,0,1.061,0.994,2.32,4,High,2,1,0.95,backtest,demand_forecast_run_20261005T130920538
2025-09-15,S11,P0170,8,1.751,0.983,2.29,0,Low,2,1,0.95,backtest,demand_forecast_run_20261005T130920538
2025-09-15,S11,P0206,9,3.019,1.718,4.01,0,Low,2,1,0.95,backtest,demand_forecast_run_20261005T130920538
2025-09-15,S11,P0213,9,3.43,1.425,3.33,0,Low,2,1,0.95,backtest,demand_forecast_run_20261005T130920538
2025-09-15,S11,P0252,27,6.227,2.38,5.55,0,Low,2,1,0.95,backtest,demand_forecast_run_20261005T130920538
2025-09-15,S11,P0272,7,0.936,0.637,1.49,0,Low,2,1,0.95,backtest,demand_forecast_run_20261005T130920538
2025-09-15,S11,P0288,11,2.06,1.814,4.23,0,Low,2,1,0.95,backtest,demand_forecast_run_20261005T130920538
2025-09-15,S11,P0316,6,2.432,1.071,2.5,0,Low,2,1,0.95,backtest,demand_forecast_run_20261005T130920538
2025-09-15,S11,P0369,30,6.161,3.507,8.18,0,Low,2,1,0.95,backtest,demand_forecast_run_20261005T130920538
2025-09-15,S11,P0381,8,2.059,1.416,3.3,0,Low,2,1,0.95,backtest,demand_forecast_run_20261005T130920538
2025-09-15,S11,P0391,18,3.091,1.615,3.77,0,Low,2,1,0.95,backtest,demand_forecast_run_20261005T130920538
2025-09-15,S11,P0392,7,1.283,1.224,2.86,0,Low,2,1,0.95,backtest,demand_forecast_run_20261005T130920538
2025-09-15,S11,P0408,14,2.656,1.686,3.93,0,Low,2,1,0.95,backtest,demand_forecast_run_20261005T130920538
2025-09-15,S11,P0409,5,2.555,1.133,2.64,1,Medium,2,1,0.95,backtest,demand_forecast_run_20261005T130920538
2025-09-15,S11,P0433,6,0.572,0.6,1.4,0,Low,2,1,0.95,backtest,demand_forecast_run_20261005T130920538
2025-09-15,S11,P0435,18,5.201,2.629,6.14,0,Low,2,1,0.95,backtest,demand_forecast_run_20261005T130920538
2025-09-15,S11,P0445,12,3.328,1.361,3.18,0,Low,2,1,0.95,backtest,demand_forecast_run_20261005T130920538
2025-09-15,S11,P0507,37,15.097,2.617,6.11,0,Low,2,1,0.95,backtest,demand_forecast_run_20261005T130920538
2025-09-15,S11,P0563,13,3.868,2.78,6.49,0,Low,2,1,0.95,backtest,demand_forecast_run_20261005T130920538
2025-09-15,S11,P0579,8,1.533,0.999,2.33,0,Low,2,1,0.95,backtest,demand_forecast_run_20261005T130920538
2025-09-15,S11,P0589,7,2.934,1.12,2.61,0,Low,2,1,0.95,backtest,demand_forecast_run_20261005T130920538
2025-09-15,S12,P0003,10,3.246,1.286,3,0,Low,2,1,0.95,backtest,demand_forecast_run_20261005T130920538
2025-09-15,S12,P0022,2,2.541,1.319,3.08,4,High,2,1,0.95,backtest,demand_forecast_run_20261005T130920538
2025-09-15,S12,P0032,9,11.618,6.058,14.14,17,High,2,1,0.95,backtest,demand_forecast_run_20261005T130920538
2025-09-15,S12,P0053,8,1.457,1.323,3.09,0,Low,2,1,0.95,backtest,demand_forecast_run_20261005T130920538
2025-09-15,S12,P0073,5,0.776,0.612,1.43,0,Low,2,1,0.95,backtest,demand_forecast_run_20261005T130920538
2025-09-15,S12,P0170,0,1.941,1.331,3.11,6,High,2,1,0.95,backtest,demand_forecast_run_20261005T130920538
2025-09-15,S12,P0206,12,2.063,1.741,4.06,0,Low,2,1,0.95,backtest,demand_forecast_run_20261005T130920538
2025-09-15,S12,P0213,14,2.09,1.386,3.23,0,Low,2,1,0.95,backtest,demand_forecast_run_20261005T130920538
2025-09-15,S12,P0252,12,4.025,1.737,4.05,0,Low,2,1,0.95,backtest,demand_forecast_run_20261005T130920538
2025-09-15,S12,P0272,4,1.896,1.315,3.07,1,Low,2,1,0.95,backtest,demand_forecast_run_20261005T130920538
2025-09-15,S12,P0288,12,1.599,1.213,2.83,0,Low,2,1,0.95,backtest,demand_forecast_run_20261005T130920538
2025-09-15,S12,P0316,9,1.444,1.11,2.59,0,Low,2,1,0.95,backtest,demand_forecast_run_20261005T130920538
2025-09-15,S12,P0369,6,6.82,2.685,6.27,8,High,2,1,0.95,backtest,demand_forecast_run_20261005T130920538
2025-09-15,S12,P0381,4,1.292,1.138,2.66,0,Low,2,1,0.95,backtest,demand_forecast_run_20261005T130920538
2025-09-15,S12,P0391,12,2.567,1.278,2.98,0,Low,2,1,0.95,backtest,demand_forecast_run_20261005T130920538
2025-09-15,S12,P0392,7,0.898,1.036,2.42,0,Low,2,1,0.95,backtest,demand_forecast_run_20261005T130920538
2025-09-15,S12,P0408,10,1.177,0.962,2.24,0,Low,2,1,0.95,backtest,demand_forecast_run_20261005T130920538
2025-09-15,S12,P0409,4,2.19,1.307,3.05,2,Medium,2,1,0.95,backtest,demand_forecast_run_20261005T130920538
2025-09-15,S12,P0433,6,0.616,0.659,1.54,0,Low,2,1,0.95,backtest,demand_forecast_run_20261005T130920538
2025-09-15,S12,P0435,15,3.998,1.813,4.23,0,Low,2,1,0.95,backtest,demand_forecast_run_20261005T130920538
2025-09-15,S12,P0445,9,1.358,1,2.33,0,Low,2,1,0.95,backtest,demand_forecast_run_20261005T130920538
2025-09-15,S12,P0507,41,9.505,3.121,7.28,0,Low,2,1,0.95,backtest,demand_forecast_run_20261005T130920538
2025-09-15,S12,P0563,14,2.499,1.232,2.87,0,Low,2,1,0.95,backtest,demand_forecast_run_20261005T130920538
2025-09-15,S12,P0579,5,0.929,0.793,1.85,0,Low,2,1,0.95,backtest,demand_forecast_run_20261005T130920538
2025-09-15,S12,P0589,9,1.885,1.096,2.56,0,Low,2,1,0.95,backtest,demand_forecast_run_20261005T130920538
2025-09-16,S01,P0003,17,3.682,1.449,3.38,0,Low,2,1,0.95,backtest,demand_forecast_run_20261005T130920538
2025-09-16,S01,P0022,3,2.808,1.433,3.34,4,Medium,2,1,0.95,backtest,demand_forecast_run_20261005T130920538
2025-09-16,S01,P0032,29,10.976,2.815,6.57,0,Low,2,1,0.95,backtest,demand_forecast_run_20261005T130920538
2025-09-16,S01,P0053,5,0.84,0.701,1.63,0,Low,2,1,0.95,backtest,demand_forecast_run_20261005T130920538
2025-09-16,S01,P0073,4,1.158,0.923,2.15,0,Low,2,1,0.95,backtest,demand_forecast_run_20261005T130920538
2025-09-16,S01,P0170,11,1.945,0.882,2.06,0,Low,2,1,0.95,backtest,demand_forecast_run_20261005T130920538
2025-09-16,S01,P0206,5,2.837,1.071,2.5,1,Medium,2,1,0.95,backtest,demand_forecast_run_20261005T130920538
2025-09-16,S01,P0213,14,2.401,1.086,2.53,0,Low,2,1,0.95,backtest,demand_forecast_run_20261005T130920538
2025-09-16,S01,P0252,20,4.755,2.03,4.74,0,Low,2,1,0.95,backtest,demand_forecast_run_20261005T130920538
2025-09-16,S01,P0272,7,1.406,0.916,2.14,0,Low,2,1,0.95,backtest,demand_forecast_run_20261005T130920538
2025-09-16,S01,P0288,7,0.887,0.826,1.93,0,Low,2,1,0.95,backtest,demand_forecast_run_20261005T130920538
2025-09-16,S01,P0316,3,0.489,0.39,0.91,0,Medium,2,1,0.95,backtest,demand_forecast_run_20261005T130920538
2025-09-16,S01,P0369,27,5.339,1.481,3.46,0,Low,2,1,0.95,backtest,demand_forecast_run_20261005T130920538
2025-09-16,S01,P0381,4,1.488,1.224,2.86,1,Low,2,1,0.95,backtest,demand_forecast_run_20261005T130920538
2025-09-16,S01,P0391,11,4.439,1.806,4.22,0,Low,2,1,0.95,backtest,demand_forecast_run_20261005T130920538
2025-09-16,S01,P0392,6,0.8,0.518,1.21,0,Low,2,1,0.95,backtest,demand_forecast_run_20261005T130920538
2025-09-16,S01,P0408,12,1.469,0.819,1.91,0,Low,2,1,0.95,backtest,demand_forecast_run_20261005T130920538
2025-09-16,S01,P0409,8,1.44,1.005,2.34,0,Low,2,1,0.95,backtest,demand_forecast_run_20261005T130920538
2025-09-16,S01,P0433,4,0.608,0.63,1.47,0,Low,2,1,0.95,backtest,demand_forecast_run_20261005T130920538
2025-09-16,S01,P0435,0,4.255,1.782,4.16,9,High,2,1,0.95,backtest,demand_forecast_run_20261005T130920538
2025-09-16,S01,P0445,11,2.16,0.881,2.06,0,Low,2,1,0.95,backtest,demand_forecast_run_20261005T130920538
2025-09-16,S01,P0507,17,14.69,1.747,4.08,2,Low,2,1,0.95,backtest,demand_forecast_run_20261005T130920538
2025-09-16,S01,P0563,5,2.894,1.456,3.4,2,Medium,2,1,0.95,backtest,demand_forecast_run_20261005T130920538
2025-09-16,S01,P0579,5,1.097,0.997,2.33,0,Low,2,1,0.95,backtest,demand_forecast_run_20261005T130920538
2025-09-16,S01,P0589,8,2.257,1.188,2.77,0,Low,2,1,0.95,backtest,demand_forecast_run_20261005T130920538
2025-09-16,S02,P0003,15,3.765,1.496,3.49,0,Low,2,1,0.95,backtest,demand_forecast_run_20261005T130920538
2025-09-16,S02,P0022,6,3.541,1.597,3.73,2,Medium,2,1,0.95,backtest,demand_forecast_run_20261005T130920538
2025-09-16,S02,P0032,43,9.853,2.176,5.08,0,Low,2,1,0.95,backtest,demand_forecast_run_20261005T130920538
2025-09-16,S02,P0053,9,0.59,0.799,1.87,0,Low,2,1,0.95,backtest,demand_forecast_run_20261005T130920538
2025-09-16,S02,P0073,7,1.057,0.839,1.96,0,Low,2,1,0.95,backtest,demand_forecast_run_20261005T130920538
2025-09-16,S02,P0170,4,1.117,0.92,2.15,0,Low,2,1,0.95,backtest,demand_forecast_run_20261005T130920538
2025-09-16,S02,P0206,14,3.046,1.351,3.15,0,Low,2,1,0.95,backtest,demand_forecast_run_20261005T130920538
2025-09-16,S02,P0213,12,2.638,1.145,2.67,0,Low,2,1,0.95,backtest,demand_forecast_run_20261005T130920538
2025-09-16,S02,P0252,11,4.741,1.467,3.42,0,Low,2,1,0.95,backtest,demand_forecast_run_20261005T130920538
2025-09-16,S02,P0272,4,1.284,1.227,2.86,1,Low,2,1,0.95,backtest,demand_forecast_run_20261005T130920538
2025-09-16,S02,P0288,8,1.381,0.854,1.99,0,Low,2,1,0.95,backtest,demand_forecast_run_20261005T130920538
2025-09-16,S02,P0316,6,1.131,0.838,1.96,0,Low,2,1,0.95,backtest,demand_forecast_run_20261005T130920538
2025-09-16,S02,P0369,22,5.051,1.777,4.15,0,Low,2,1,0.95,backtest,demand_forecast_run_20261005T130920538
2025-09-16,S02,P0381,1,1.208,1.136,2.65,3,High,2,1,0.95,backtest,demand_forecast_run_20261005T130920538
2025-09-16,S02,P0391,4,3.965,1.611,3.76,4,Medium,2,1,0.95,backtest,demand_forecast_run_20261005T130920538
2025-09-16,S02,P0392,3,0.884,1.071,2.5,1,Medium,2,1,0.95,backtest,demand_forecast_run_20261005T130920538
2025-09-16,S02,P0408,5,2.403,1.041,2.43,0,Low,2,1,0.95,backtest,demand_forecast_run_20261005T130920538
2025-09-16,S02,P0409,7,3.175,1.2,2.8,0,Low,2,1,0.95,backtest,demand_forecast_run_20261005T130920538
2025-09-16,S02,P0433,6,0.721,0.905,2.11,0,Low,2,1,0.95,backtest,demand_forecast_run_20261005T130920538
2025-09-16,S02,P0435,14,4.835,1.816,4.24,0,Low,2,1,0.95,backtest,demand_forecast_run_20261005T130920538
2025-09-16,S02,P0445,10,2.316,1.23,2.87,0,Low,2,1,0.95,backtest,demand_forecast_run_20261005T130920538
2025-09-16,S02,P0507,49,15.485,1.906,4.45,0,Low,2,1,0.95,backtest,demand_forecast_run_20261005T130920538
2025-09-16,S02,P0563,8,2.341,1.729,4.03,0,Low,2,1,0.95,backtest,demand_forecast_run_20261005T130920538
2025-09-16,S02,P0579,10,1.27,0.997,2.33,0,Low,2,1,0.95,backtest,demand_forecast_run_20261005T130920538
2025-09-16,S02,P0589,11,2.046,1.197,2.79,0,Low,2,1,0.95,backtest,demand_forecast_run_20261005T130920538
2025-09-16,S03,P0003,18,2.896,1.307,3.05,0,Low,2,1,0.95,backtest,demand_forecast_run_20261005T130920538
2025-09-16,S03,P0022,14,2.285,1.458,3.4,0,Low,2,1,0.95,backtest,demand_forecast_run_20261005T130920538
2025-09-16,S03,P0032,30,10.788,2.266,5.29,0,Low,2,1,0.95,backtest,demand_forecast_run_20261005T130920538
2025-09-16,S03,P0053,5,1.15,0.92,2.15,0,Low,2,1,0.95,backtest,demand_forecast_run_20261005T130920538
2025-09-16,S03,P0073,7,0.666,0.499,1.16,0,Low,2,1,0.95,backtest,demand_forecast_run_20261005T130920538
2025-09-16,S03,P0170,4,3.206,1.005,2.34,2,Medium,2,1,0.95,backtest,demand_forecast_run_20261005T130920538
2025-09-16,S03,P0206,13,2.459,1.152,2.69,0,Low,2,1,0.95,backtest,demand_forecast_run_20261005T130920538
2025-09-16,S03,P0213,3,2.346,1.152,2.69,3,Medium,2,1,0.95,backtest,demand_forecast_run_20261005T130920538
2025-09-16,S03,P0252,7,4.389,2.231,5.21,3,Medium,2,1,0.95,backtest,demand_forecast_run_20261005T130920538
2025-09-16,S03,P0272,9,0.999,0.67,1.56,0,Low,2,1,0.95,backtest,demand_forecast_run_20261005T130920538
2025-09-16,S03,P0288,10,0.705,0.518,1.21,0,Low,2,1,0.95,backtest,demand_forecast_run_20261005T130920538
2025-09-16,S03,P0316,6,1.393,1.133,2.64,0,Low,2,1,0.95,backtest,demand_forecast_run_20261005T130920538
2025-09-16,S03,P0369,23,4.767,1.442,3.36,0,Low,2,1,0.95,backtest,demand_forecast_run_20261005T130920538
2025-09-16,S03,P0381,9,1.11,0.621,1.45,0,Low,2,1,0.95,backtest,demand_forecast_run_20261005T130920538
2025-09-16,S03,P0391,15,3.592,2.283,5.33,0,Low,2,1,0.95,backtest,demand_forecast_run_20261005T130920538
2025-09-16,S03,P0392,3,0.778,0.634,1.48,0,Medium,2,1,0.95,backtest,demand_forecast_run_20261005T130920538
2025-09-16,S03,P0408,9,1.322,0.793,1.85,0,Low,2,1,0.95,backtest,demand_forecast_run_20261005T130920538
2025-09-16,S03,P0409,6,1.977,0.905,2.11,0,Low,2,1,0.95,backtest,demand_forecast_run_20261005T130920538
2025-09-16,S03,P0433,6,0.277,0.378,0.88,0,Low,2,1,0.95,backtest,demand_forecast_run_20261005T130920538
2025-09-16,S03,P0435,21,4.03,1.289,3.01,0,Low,2,1,0.95,backtest,demand_forecast_run_20261005T130920538
2025-09-16,S03,P0445,4,1.494,0.621,1.45,0,Low,2,1,0.95,backtest,demand_forecast_run_20261005T130920538
2025-09-16,S03,P0507,48,17.334,2.46,5.74,0,Low,2,1,0.95,backtest,demand_forecast_run_20261005T130920538
2025-09-16,S03,P0563,17,2.996,1.17,2.73,0,Low,2,1,0.95,backtest,demand_forecast_run_20261005T130920538
2025-09-16,S03,P0579,3,1.633,1.335,3.11,2,Medium,2,1,0.95,backtest,demand_forecast_run_20261005T130920538
2025-09-16,S03,P0589,15,2.809,1.433,3.34,0,Low,2,1,0.95,backtest,demand_forecast_run_20261005T130920538
2025-09-16,S04,P0003,6,3.059,1.325,3.09,1,Low,2,1,0.95,backtest,demand_forecast_run_20261005T130920538
2025-09-16,S04,P0022,8,1.861,1.09,2.54,0,Low,2,1,0.95,backtest,demand_forecast_run_20261005T130920538
2025-09-16,S04,P0032,31,8.071,2.707,6.32,0,Low,2,1,0.95,backtest,demand_forecast_run_20261005T130920538
2025-09-16,S04,P0053,5,0.876,0.744,1.74,0,Low,2,1,0.95,backtest,demand_forecast_run_20261005T130920538
2025-09-16,S04,P0073,7,1.003,0.612,1.43,0,Low,2,1,0.95,backtest,demand_forecast_run_20261005T130920538
2025-09-16,S04,P0170,7,2.316,1.062,2.48,0,Low,2,1,0.95,backtest,demand_forecast_run_20261005T130920538
2025-09-16,S04,P0206,13,2.656,1.517,3.54,0,Low,2,1,0.95,backtest,demand_forecast_run_20261005T130920538
2025-09-16,S04,P0213,11,1.548,0.962,2.25,0,Low,2,1,0.95,backtest,demand_forecast_run_20261005T130920538
2025-09-16,S04,P0252,18,2.774,1.604,3.74,0,Low,2,1,0.95,backtest,demand_forecast_run_20261005T130920538
2025-09-16,S04,P0272,9,1.449,0.838,1.96,0,Low,2,1,0.95,backtest,demand_forecast_run_20261005T130920538
2025-09-16,S04,P0288,7,1.109,0.832,1.94,0,Low,2,1,0.95,backtest,demand_forecast_run_20261005T130920538
2025-09-16,S04,P0316,3,0.644,0.713,1.66,0,Medium,2,1,0.95,backtest,demand_forecast_run_20261005T130920538
2025-09-16,S04,P0369,10,3.754,1.345,3.14,0,Low,2,1,0.95,backtest,demand_forecast_run_20261005T130920538
2025-09-16,S04,P0381,6,1.226,0.916,2.14,0,Low,2,1,0.95,backtest,demand_forecast_run_20261005T130920538
2025-09-16,S04,P0391,15,1.953,1.17,2.73,0,Low,2,1,0.95,backtest,demand_forecast_run_20261005T130920538
2025-09-16,S04,P0392,8,0.662,0.441,1.03,0,Low,2,1,0.95,backtest,demand_forecast_run_20261005T130920538
2025-09-16,S04,P0408,12,1.31,0.854,1.99,0,Low,2,1,0.95,backtest,demand_forecast_run_20261005T130920538
2025-09-16,S04,P0409,8,1.332,0.945,2.2,0,Low,2,1,0.95,backtest,demand_forecast_run_20261005T130920538
2025-09-16,S04,P0433,6,0.086,0.189,0.44,0,Low,2,1,0.95,backtest,demand_forecast_run_20261005T130920538
2025-09-16,S04,P0435,18,2.871,1.794,4.19,0,Low,2,1,0.95,backtest,demand_forecast_run_20261005T130920538
2025-09-16,S04,P0445,3,1.389,0.737,1.72,1,Medium,2,1,0.95,backtest,demand_forecast_run_20261005T130920538
2025-09-16,S04,P0507,26,10.356,2.089,4.88,0,Low,2,1,0.95,backtest,demand_forecast_run_20261005T130920538
2025-09-16,S04,P0563,7,1.895,0.875,2.04,0,Low,2,1,0.95,backtest,demand_forecast_run_20261005T130920538
2025-09-16,S04,P0579,8,0.771,0.875,2.04,0,Low,2,1,0.95,backtest,demand_forecast_run_20261005T130920538
2025-09-16,S04,P0589,9,1.816,0.945,2.2,0,Low,2,1,0.95,backtest,demand_forecast_run_20261005T130920538
2025-09-16,S05,P0003,10,2.55,1.325,3.09,0,Low,2,1,0.95,backtest,demand_forecast_run_20261005T130920538
2025-09-16,S05,P0022,6,2.957,1.227,2.86,0,Low,2,1,0.95,backtest,demand_forecast_run_20261005T130920538
2025-09-16,S05,P0032,23,8.7,2.628,6.13,0,Low,2,1,0.95,backtest,demand_forecast_run_20261005T130920538
2025-09-16,S05,P0053,9,0.693,0.922,2.15,0,Low,2,1,0.95,backtest,demand_forecast_run_20261005T130920538
2025-09-16,S05,P0073,5,0.491,0.6,1.4,0,Low,2,1,0.95,backtest,demand_forecast_run_20261005T130920538
2025-09-16,S05,P0170,7,1.162,0.744,1.74,0,Low,2,1,0.95,backtest,demand_forecast_run_20261005T130920538
2025-09-16,S05,P0206,7,2.185,1.618,3.78,0,Low,2,1,0.95,backtest,demand_forecast_run_20261005T130920538
2025-09-16,S05,P0213,11,2.061,1.02,2.38,0,Low,2,1,0.95,backtest,demand_forecast_run_20261005T130920538
2025-09-16,S05,P0252,8,3.673,1.538,3.59,0,Low,2,1,0.95,backtest,demand_forecast_run_20261005T130920538
2025-09-16,S05,P0272,8,1.044,0.956,2.23,0,Low,2,1,0.95,backtest,demand_forecast_run_20261005T130920538
2025-09-16,S05,P0288,6,1.502,1.175,2.74,0,Low,2,1,0.95,backtest,demand_forecast_run_20261005T130920538
2025-09-16,S05,P0316,3,0.846,0.997,2.33,1,Medium,2,1,0.95,backtest,demand_forecast_run_20261005T130920538
2025-09-16,S05,P0369,5,2.989,1.604,3.74,2,Medium,2,1,0.95,backtest,demand_forecast_run_20261005T130920538
2025-09-16,S05,P0381,4,0.553,0.67,1.56,0,Low,2,1,0.95,backtest,demand_forecast_run_20261005T130920538
2025-09-16,S05,P0391,6,1.76,1.278,2.98,0,Low,2,1,0.95,backtest,demand_forecast_run_20261005T130920538
2025-09-16,S05,P0392,2,0.216,0.262,0.61,0,Medium,2,1,0.95,backtest,demand_forecast_run_20261005T130920538
2025-09-16,S05,P0408,4,0.875,0.897,2.09,0,Low,2,1,0.95,backtest,demand_forecast_run_20261005T130920538
2025-09-16,S05,P0409,11,1.94,1.066,2.49,0,Low,2,1,0.95,backtest,demand_forecast_run_20261005T130920538
2025-09-16,S05,P0433,5,0.337,0.315,0.73,0,Low,2,1,0.95,backtest,demand_forecast_run_20261005T130920538
2025-09-16,S05,P0435,18,2.646,1.467,3.42,0,Low,2,1,0.95,backtest,demand_forecast_run_20261005T130920538
2025-09-16,S05,P0445,7,1.634,0.916,2.14,0,Low,2,1,0.95,backtest,demand_forecast_run_20261005T130920538
2025-09-16,S05,P0507,23,9.359,2.119,4.94,0,Low,2,1,0.95,backtest,demand_forecast_run_20261005T130920538
2025-09-16,S05,P0563,0,2.15,1.818,4.24,7,High,2,1,0.95,backtest,demand_forecast_run_20261005T130920538
2025-09-16,S05,P0579,6,0.571,0.476,1.11,0,Low,2,1,0.95,backtest,demand_forecast_run_20261005T130920538
2025-09-16,S05,P0589,5,2.444,1.362,3.18,1,Low,2,1,0.95,backtest,demand_forecast_run_20261005T130920538
2025-09-16,S06,P0003,18,3.695,1.685,3.93,0,Low,2,1,0.95,backtest,demand_forecast_run_20261005T130920538
2025-09-16,S06,P0022,12,2.324,1.315,3.07,0,Low,2,1,0.95,backtest,demand_forecast_run_20261005T130920538
2025-09-16,S06,P0032,56,14.997,3.066,7.16,0,Low,2,1,0.95,backtest,demand_forecast_run_20261005T130920538
2025-09-16,S06,P0053,6,1.821,1.741,4.06,0,Low,2,1,0.95,backtest,demand_forecast_run_20261005T130920538
2025-09-16,S06,P0073,9,2.818,1.155,2.69,0,Low,2,1,0.95,backtest,demand_forecast_run_20261005T130920538
2025-09-16,S06,P0170,10,1.744,1.09,2.54,0,Low,2,1,0.95,backtest,demand_forecast_run_20261005T130920538
2025-09-16,S06,P0206,5,5.49,3.019,7.04,8,High,2,1,0.95,backtest,demand_forecast_run_20261005T130920538
2025-09-16,S06,P0213,14,4.833,1.401,3.27,0,Low,2,1,0.95,backtest,demand_forecast_run_20261005T130920538
2025-09-16,S06,P0252,25,5.869,1.744,4.07,0,Low,2,1,0.95,backtest,demand_forecast_run_20261005T130920538
2025-09-16,S06,P0272,12,1.308,0.744,1.74,0,Low,2,1,0.95,backtest,demand_forecast_run_20261005T130920538
2025-09-16,S06,P0288,5,1.39,0.836,1.95,0,Low,2,1,0.95,backtest,demand_forecast_run_20261005T130920538
2025-09-16,S06,P0316,5,2.102,1.162,2.71,0,Low,2,1,0.95,backtest,demand_forecast_run_20261005T130920538
2025-09-16,S06,P0369,31,7.47,2.183,5.09,0,Low,2,1,0.95,backtest,demand_forecast_run_20261005T130920538
2025-09-16,S06,P0381,12,2.315,1.335,3.11,0,Low,2,1,0.95,backtest,demand_forecast_run_20261005T130920538
2025-09-16,S06,P0391,9,3.362,2.355,5.49,0,Low,2,1,0.95,backtest,demand_forecast_run_20261005T130920538
2025-09-16,S06,P0392,10,2.335,1.062,2.48,0,Low,2,1,0.95,backtest,demand_forecast_run_20261005T130920538
2025-09-16,S06,P0408,5,3.437,0.932,2.17,1,Medium,2,1,0.95,backtest,demand_forecast_run_20261005T130920538
2025-09-16,S06,P0409,13,2.878,1.138,2.66,0,Low,2,1,0.95,backtest,demand_forecast_run_20261005T130920538
2025-09-16,S06,P0433,8,0.998,0.612,1.43,0,Low,2,1,0.95,backtest,demand_forecast_run_20261005T130920538
2025-09-16,S06,P0435,15,6.837,1.685,3.93,0,Low,2,1,0.95,backtest,demand_forecast_run_20261005T130920538
2025-09-16,S06,P0445,6,3.771,1.177,2.75,1,Low,2,1,0.95,backtest,demand_forecast_run_20261005T130920538
2025-09-16,S06,P0507,47,16.812,2.957,6.9,0,Low,2,1,0.95,backtest,demand_forecast_run_20261005T130920538
2025-09-16,S06,P0563,8,2.818,1.361,3.18,0,Low,2,1,0.95,backtest,demand_forecast_run_20261005T130920538
2025-09-16,S06,P0579,5,2.382,1.433,3.34,1,Low,2,1,0.95,backtest,demand_forecast_run_20261005T130920538
2025-09-16,S06,P0589,9,3.221,1.166,2.72,0,Low,2,1,0.95,backtest,demand_forecast_run_20261005T130920538
2025-09-16,S07,P0003,14,2.595,1.089,2.54,0,Low,2,1,0.95,backtest,demand_forecast_run_20261005T130920538
2025-09-16,S07,P0022,9,2.532,1.489,3.47,0,Low,2,1,0.95,backtest,demand_forecast_run_20261005T130920538
2025-09-16,S07,P0032,36,9.946,2.572,6,0,Low,2,1,0.95,backtest,demand_forecast_run_20261005T130920538
2025-09-16,S07,P0053,3,0.877,0.793,1.85,0,Medium,2,1,0.95,backtest,demand_forecast_run_20261005T130920538
2025-09-16,S07,P0073,7,0.814,0.78,1.82,0,Low,2,1,0.95,backtest,demand_forecast_run_20261005T130920538
2025-09-16,S07,P0170,6,1.042,0.959,2.24,0,Low,2,1,0.95,backtest,demand_forecast_run_20261005T130920538
2025-09-16,S07,P0206,9,2.841,1.634,3.81,0,Low,2,1,0.95,backtest,demand_forecast_run_20261005T130920538
2025-09-16,S07,P0213,9,2.528,1.105,2.58,0,Low,2,1,0.95,backtest,demand_forecast_run_20261005T130920538
2025-09-16,S07,P0252,14,3.232,1.685,3.93,0,Low,2,1,0.95,backtest,demand_forecast_run_20261005T130920538
2025-09-16,S07,P0272,6,0.814,0.731,1.71,0,Low,2,1,0.95,backtest,demand_forecast_run_20261005T130920538
2025-09-16,S07,P0288,7,1.307,1.013,2.36,0,Low,2,1,0.95,backtest,demand_forecast_run_20261005T130920538
2025-09-16,S07,P0316,10,0.43,0.476,1.11,0,Low,2,1,0.95,backtest,demand_forecast_run_20261005T130920538
2025-09-16,S07,P0369,7,4.082,1.621,3.78,1,Medium,2,1,0.95,backtest,demand_forecast_run_20261005T130920538
2025-09-16,S07,P0381,4,0.814,0.559,1.3,0,Low,2,1,0.95,backtest,demand_forecast_run_20261005T130920538
2025-09-16,S07,P0391,10,2.689,2.059,4.8,0,Low,2,1,0.95,backtest,demand_forecast_run_20261005T130920538
2025-09-16,S07,P0392,5,1.599,0.854,1.99,0,Low,2,1,0.95,backtest,demand_forecast_run_20261005T130920538
2025-09-16,S07,P0408,7,1.34,1.278,2.98,0,Low,2,1,0.95,backtest,demand_forecast_run_20261005T130920538
2025-09-16,S07,P0409,3,2.175,1.315,3.07,3,Medium,2,1,0.95,backtest,demand_forecast_run_20261005T130920538
2025-09-16,S07,P0433,5,0.135,0.262,0.61,0,Low,2,1,0.95,backtest,demand_forecast_run_20261005T130920538
2025-09-16,S07,P0435,7,3.594,2.134,4.98,2,Medium,2,1,0.95,backtest,demand_forecast_run_20261005T130920538
2025-09-16,S07,P0445,10,1.295,0.786,1.83,0,Low,2,1,0.95,backtest,demand_forecast_run_20261005T130920538
2025-09-16,S07,P0507,28,9.064,2.605,6.08,0,Low,2,1,0.95,backtest,demand_forecast_run_20261005T130920538
2025-09-16,S07,P0563,13,2.768,1.315,3.07,0,Low,2,1,0.95,backtest,demand_forecast_run_20261005T130920538
2025-09-16,S07,P0579,8,1.263,0.951,2.22,0,Low,2,1,0.95,backtest,demand_forecast_run_20261005T130920538
2025-09-16,S07,P0589,2,2.41,1.086,2.53,3,High,2,1,0.95,backtest,demand_forecast_run_20261005T130920538
2025-09-16,S08,P0003,19,4.049,1.847,4.31,0,Low,2,1,0.95,backtest,demand_forecast_run_20261005T130920538
2025-09-16,S08,P0022,18,3.048,1.641,3.83,0,Low,2,1,0.95,backtest,demand_forecast_run_20261005T130920538
2025-09-16,S08,P0032,25,13.122,2.699,6.3,0,Low,2,1,0.95,backtest,demand_forecast_run_20261005T130920538
2025-09-16,S08,P0053,5,1.487,1.433,3.34,0,Low,2,1,0.95,backtest,demand_forecast_run_20261005T130920538
2025-09-16,S08,P0073,9,0.854,0.723,1.69,0,Low,2,1,0.95,backtest,demand_forecast_run_20261005T130920538
2025-09-16,S08,P0170,7,1.854,0.983,2.29,0,Low,2,1,0.95,backtest,demand_forecast_run_20261005T130920538
2025-09-16,S08,P0206,15,3.811,1.453,3.39,0,Low,2,1,0.95,backtest,demand_forecast_run_20261005T130920538
2025-09-16,S08,P0213,16,2.358,1.779,4.15,0,Low,2,1,0.95,backtest,demand_forecast_run_20261005T130920538
2025-09-16,S08,P0252,12,6.476,1.894,4.42,0,Low,2,1,0.95,backtest,demand_forecast_run_20261005T130920538
2025-09-16,S08,P0272,3,1.803,1.124,2.62,2,Medium,2,1,0.95,backtest,demand_forecast_run_20261005T130920538
2025-09-16,S08,P0288,11,2.04,1.12,2.61,0,Low,2,1,0.95,backtest,demand_forecast_run_20261005T130920538
2025-09-16,S08,P0316,16,1.18,0.838,1.96,0,Low,2,1,0.95,backtest,demand_forecast_run_20261005T130920538
2025-09-16,S08,P0369,7,5.07,2.501,5.84,4,Medium,2,1,0.95,backtest,demand_forecast_run_20261005T130920538
2025-09-16,S08,P0381,7,1.328,1.036,2.42,0,Low,2,1,0.95,backtest,demand_forecast_run_20261005T130920538
2025-09-16,S08,P0391,16,3.097,1.813,4.23,0,Low,2,1,0.95,backtest,demand_forecast_run_20261005T130920538
2025-09-16,S08,P0392,9,1.935,1.389,3.24,0,Low,2,1,0.95,backtest,demand_forecast_run_20261005T130920538
2025-09-16,S08,P0408,13,2.314,1.666,3.89,0,Low,2,1,0.95,backtest,demand_forecast_run_20261005T130920538
2025-09-16,S08,P0409,5,2.937,1.618,3.78,2,Medium,2,1,0.95,backtest,demand_forecast_run_20261005T130920538
2025-09-16,S08,P0433,6,1.268,0.518,1.21,0,Low,2,1,0.95,backtest,demand_forecast_run_20261005T130920538
2025-09-16,S08,P0435,12,5.965,2.291,5.35,0,Low,2,1,0.95,backtest,demand_forecast_run_20261005T130920538
2025-09-16,S08,P0445,5,1.932,1.202,2.8,0,Low,2,1,0.95,backtest,demand_forecast_run_20261005T130920538
2025-09-16,S08,P0507,30,17.111,2.962,6.91,0,Low,2,1,0.95,backtest,demand_forecast_run_20261005T130920538
2025-09-16,S08,P0563,12,5.978,2.271,5.3,0,Low,2,1,0.95,backtest,demand_forecast_run_20261005T130920538
2025-09-16,S08,P0579,6,1.205,0.79,1.84,0,Low,2,1,0.95,backtest,demand_forecast_run_20261005T130920538
2025-09-16,S08,P0589,15,2.843,1.964,4.58,0,Low,2,1,0.95,backtest,demand_forecast_run_20261005T130920538
2025-09-16,S09,P0003,5,3.441,1.492,3.48,2,Medium,2,1,0.95,backtest,demand_forecast_run_20261005T130920538
2025-09-16,S09,P0022,13,2.797,1.086,2.53,0,Low,2,1,0.95,backtest,demand_forecast_run_20261005T130920538
2025-09-16,S09,P0032,45,11.679,2.419,5.64,0,Low,2,1,0.95,backtest,demand_forecast_run_20261005T130920538
2025-09-16,S09,P0053,6,1.39,1.931,4.51,0,Low,2,1,0.95,backtest,demand_forecast_run_20261005T130920538
2025-09-16,S09,P0073,7,0.625,0.844,1.97,0,Low,2,1,0.95,backtest,demand_forecast_run_20261005T130920538
2025-09-16,S09,P0170,5,2.318,1.09,2.54,0,Low,2,1,0.95,backtest,demand_forecast_run_20261005T130920538
2025-09-16,S09,P0206,14,2.631,1.362,3.18,0,Low,2,1,0.95,backtest,demand_forecast_run_20261005T130920538
2025-09-16,S09,P0213,3,4.228,1.873,4.37,6,High,2,1,0.95,backtest,demand_forecast_run_20261005T130920538
2025-09-16,S09,P0252,9,5.821,1.964,4.58,2,Low,2,1,0.95,backtest,demand_forecast_run_20261005T130920538
2025-09-16,S09,P0272,6,0.892,0.559,1.3,0,Low,2,1,0.95,backtest,demand_forecast_run_20261005T130920538
2025-09-16,S09,P0288,12,1.569,1.066,2.49,0,Low,2,1,0.95,backtest,demand_forecast_run_20261005T130920538
2025-09-16,S09,P0316,5,1.138,1.069,2.49,0,Low,2,1,0.95,backtest,demand_forecast_run_20261005T130920538
2025-09-16,S09,P0369,11,4.542,1.886,4.4,0,Low,2,1,0.95,backtest,demand_forecast_run_20261005T130920538
2025-09-16,S09,P0381,6,0.803,0.863,2.01,0,Low,2,1,0.95,backtest,demand_forecast_run_20261005T130920538
2025-09-16,S09,P0391,7,3.285,2.05,4.78,2,Medium,2,1,0.95,backtest,demand_forecast_run_20261005T130920538
2025-09-16,S09,P0392,3,1.049,1.188,2.77,1,Medium,2,1,0.95,backtest,demand_forecast_run_20261005T130920538
2025-09-16,S09,P0408,12,2.441,1.031,2.41,0,Low,2,1,0.95,backtest,demand_forecast_run_20261005T130920538
2025-09-16,S09,P0409,6,2.503,1.261,2.94,0,Low,2,1,0.95,backtest,demand_forecast_run_20261005T130920538
2025-09-16,S09,P0433,4,0.301,0.315,0.73,0,Low,2,1,0.95,backtest,demand_forecast_run_20261005T130920538
2025-09-16,S09,P0435,27,4.645,2.041,4.76,0,Low,2,1,0.95,backtest,demand_forecast_run_20261005T130920538
2025-09-16,S09,P0445,6,2.455,1.744,4.07,1,Low,2,1,0.95,backtest,demand_forecast_run_20261005T130920538
2025-09-16,S09,P0507,33,13.177,2.656,6.2,0,Low,2,1,0.95,backtest,demand_forecast_run_20261005T130920538
2025-09-16,S09,P0563,6,3.391,1.704,3.98,2,Medium,2,1,0.95,backtest,demand_forecast_run_20261005T130920538
2025-09-16,S09,P0579,9,1.576,0.994,2.32,0,Low,2,1,0.95,backtest,demand_forecast_run_20261005T130920538
2025-09-16,S09,P0589,11,4.276,1.856,4.33,0,Low,2,1,0.95,backtest,demand_forecast_run_20261005T130920538
2025-09-16,S10,P0003,8,4.264,1.985,4.63,1,Low,2,1,0.95,backtest,demand_forecast_run_20261005T130920538
2025-09-16,S10,P0022,14,2.256,1.274,2.97,0,Low,2,1,0.95,backtest,demand_forecast_run_20261005T130920538
2025-09-16,S10,P0032,39,10.598,2.202,5.14,0,Low,2,1,0.95,backtest,demand_forecast_run_20261005T130920538
2025-09-16,S10,P0053,6,0.617,0.863,2.01,0,Low,2,1,0.95,backtest,demand_forecast_run_20261005T130920538
2025-09-16,S10,P0073,6,1.029,0.737,1.72,0,Low,2,1,0.95,backtest,demand_forecast_run_20261005T130920538
2025-09-16,S10,P0170,6,1.818,0.911,2.13,0,Low,2,1,0.95,backtest,demand_forecast_run_20261005T130920538
2025-09-16,S10,P0206,13,2.139,1.031,2.41,0,Low,2,1,0.95,backtest,demand_forecast_run_20261005T130920538
2025-09-16,S10,P0213,9,2.545,1.401,3.27,0,Low,2,1,0.95,backtest,demand_forecast_run_20261005T130920538
2025-09-16,S10,P0252,0,4.307,1.676,3.91,9,High,2,1,0.95,backtest,demand_forecast_run_20261005T130920538
2025-09-16,S10,P0272,7,0.468,0.39,0.91,0,Low,2,1,0.95,backtest,demand_forecast_run_20261005T130920538
2025-09-16,S10,P0288,4,1.537,1.474,3.44,1,Medium,2,1,0.95,backtest,demand_forecast_run_20261005T130920538
2025-09-16,S10,P0316,7,0.583,0.499,1.16,0,Low,2,1,0.95,backtest,demand_forecast_run_20261005T130920538
2025-09-16,S10,P0369,17,4.59,1.562,3.64,0,Low,2,1,0.95,backtest,demand_forecast_run_20261005T130920538
2025-09-16,S10,P0381,4,1.403,0.881,2.06,0,Low,2,1,0.95,backtest,demand_forecast_run_20261005T130920538
2025-09-16,S10,P0391,13,2.674,1.663,3.88,0,Low,2,1,0.95,backtest,demand_forecast_run_20261005T130920538
2025-09-16,S10,P0392,1,0.844,0.559,1.3,2,Medium,2,1,0.95,backtest,demand_forecast_run_20261005T130920538
2025-09-16,S10,P0408,5,1.44,0.92,2.15,0,Low,2,1,0.95,backtest,demand_forecast_run_20261005T130920538
2025-09-16,S10,P0409,6,2.434,1.257,2.93,0,Low,2,1,0.95,backtest,demand_forecast_run_20261005T130920538
2025-09-16,S10,P0433,6,0.642,0.499,1.16,0,Low,2,1,0.95,backtest,demand_forecast_run_20261005T130920538
2025-09-16,S10,P0435,0,4.182,2.53,5.9,11,High,2,1,0.95,backtest,demand_forecast_run_20261005T130920538
2025-09-16,S10,P0445,2,3.022,1.182,2.76,4,High,2,1,0.95,backtest,demand_forecast_run_20261005T130920538
2025-09-16,S10,P0507,13,14.807,2.411,5.63,8,High,2,1,0.95,backtest,demand_forecast_run_20261005T130920538
2025-09-16,S10,P0563,8,3.928,1.895,4.42,1,Low,2,1,0.95,backtest,demand_forecast_run_20261005T130920538
2025-09-16,S10,P0579,6,1.071,0.685,1.6,0,Low,2,1,0.95,backtest,demand_forecast_run_20261005T130920538
2025-09-16,S10,P0589,4,2.693,1.113,2.6,2,Medium,2,1,0.95,backtest,demand_forecast_run_20261005T130920538
2025-09-16,S11,P0003,13,3.636,1.458,3.4,0,Low,2,1,0.95,backtest,demand_forecast_run_20261005T130920538
2025-09-16,S11,P0022,12,4.393,2.035,4.75,0,Low,2,1,0.95,backtest,demand_forecast_run_20261005T130920538
2025-09-16,S11,P0032,45,13.49,3.626,8.46,0,Low,2,1,0.95,backtest,demand_forecast_run_20261005T130920538
2025-09-16,S11,P0053,5,1.542,1.096,2.56,0,Low,2,1,0.95,backtest,demand_forecast_run_20261005T130920538
2025-09-16,S11,P0073,4,1.194,0.994,2.32,0,Low,2,1,0.95,backtest,demand_forecast_run_20261005T130920538
2025-09-16,S11,P0170,7,1.97,0.97,2.26,0,Low,2,1,0.95,backtest,demand_forecast_run_20261005T130920538
2025-09-16,S11,P0206,9,3.099,1.729,4.03,0,Low,2,1,0.95,backtest,demand_forecast_run_20261005T130920538
2025-09-16,S11,P0213,9,3.725,1.453,3.39,0,Low,2,1,0.95,backtest,demand_forecast_run_20261005T130920538
2025-09-16,S11,P0252,24,6.479,2.365,5.52,0,Low,2,1,0.95,backtest,demand_forecast_run_20261005T130920538
2025-09-16,S11,P0272,7,0.983,0.638,1.49,0,Low,2,1,0.95,backtest,demand_forecast_run_20261005T130920538
2025-09-16,S11,P0288,11,2.336,1.83,4.27,0,Low,2,1,0.95,backtest,demand_forecast_run_20261005T130920538
2025-09-16,S11,P0316,6,2.643,1.071,2.5,0,Low,2,1,0.95,backtest,demand_forecast_run_20261005T130920538
2025-09-16,S11,P0369,28,6.232,3.507,8.18,0,Low,2,1,0.95,backtest,demand_forecast_run_20261005T130920538
2025-09-16,S11,P0381,7,2.388,1.397,3.26,0,Low,2,1,0.95,backtest,demand_forecast_run_20261005T130920538
2025-09-16,S11,P0391,17,3.256,1.615,3.77,0,Low,2,1,0.95,backtest,demand_forecast_run_20261005T130920538
2025-09-16,S11,P0392,7,1.432,1.224,2.86,0,Low,2,1,0.95,backtest,demand_forecast_run_20261005T130920538
2025-09-16,S11,P0408,14,2.753,1.686,3.93,0,Low,2,1,0.95,backtest,demand_forecast_run_20261005T130920538
2025-09-16,S11,P0409,1,2.701,1.145,2.67,5,High,2,1,0.95,backtest,demand_forecast_run_20261005T130920538
2025-09-16,S11,P0433,6,0.602,0.6,1.4,0,Low,2,1,0.95,backtest,demand_forecast_run_20261005T130920538
2025-09-16,S11,P0435,20,6.023,2.715,6.33,0,Low,2,1,0.95,backtest,demand_forecast_run_20261005T130920538
2025-09-16,S11,P0445,8,3.011,1.361,3.18,0,Low,2,1,0.95,backtest,demand_forecast_run_20261005T130920538
2025-09-16,S11,P0507,78,13.658,2.617,6.11,0,Low,2,1,0.95,backtest,demand_forecast_run_20261005T130920538
2025-09-16,S11,P0563,13,4.355,2.78,6.49,0,Low,2,1,0.95,backtest,demand_forecast_run_20261005T130920538
2025-09-16,S11,P0579,8,1.688,0.999,2.33,0,Low,2,1,0.95,backtest,demand_forecast_run_20261005T130920538
2025-09-16,S11,P0589,7,2.954,1.12,2.61,0,Low,2,1,0.95,backtest,demand_forecast_run_20261005T130920538
2025-09-16,S12,P0003,9,3.127,1.268,2.96,0,Low,2,1,0.95,backtest,demand_forecast_run_20261005T130920538
2025-09-16,S12,P0022,12,2.826,1.262,2.94,0,Low,2,1,0.95,backtest,demand_forecast_run_20261005T130920538
2025-09-16,S12,P0032,7,11.893,6.102,14.24,20,High,2,1,0.95,backtest,demand_forecast_run_20261005T130920538
2025-09-16,S12,P0053,8,1.454,1.323,3.09,0,Low,2,1,0.95,backtest,demand_forecast_run_20261005T130920538
2025-09-16,S12,P0073,4,0.873,0.621,1.45,0,Low,2,1,0.95,backtest,demand_forecast_run_20261005T130920538
2025-09-16,S12,P0170,10,1.989,1.331,3.11,0,Low,2,1,0.95,backtest,demand_forecast_run_20261005T130920538
2025-09-16,S12,P0206,8,2.22,1.827,4.26,0,Low,2,1,0.95,backtest,demand_forecast_run_20261005T130920538
2025-09-16,S12,P0213,14,2.491,1.401,3.27,0,Low,2,1,0.95,backtest,demand_forecast_run_20261005T130920538
2025-09-16,S12,P0252,9,4.116,1.737,4.05,0,Low,2,1,0.95,backtest,demand_forecast_run_20261005T130920538
2025-09-16,S12,P0272,4,1.92,1.315,3.07,1,Low,2,1,0.95,backtest,demand_forecast_run_20261005T130920538
2025-09-16,S12,P0288,11,1.694,1.213,2.83,0,Low,2,1,0.95,backtest,demand_forecast_run_20261005T130920538
2025-09-16,S12,P0316,6,1.615,1.177,2.75,0,Low,2,1,0.95,backtest,demand_forecast_run_20261005T130920538
2025-09-16,S12,P0369,6,7.652,2.685,6.27,8,High,2,1,0.95,backtest,demand_forecast_run_20261005T130920538
2025-09-16,S12,P0381,4,1.309,1.138,2.66,0,Low,2,1,0.95,backtest,demand_forecast_run_20261005T130920538
2025-09-16,S12,P0391,13,2.562,1.278,2.98,0,Low,2,1,0.95,backtest,demand_forecast_run_20261005T130920538
2025-09-16,S12,P0392,7,0.875,1.036,2.42,0,Low,2,1,0.95,backtest,demand_forecast_run_20261005T130920538
2025-09-16,S12,P0408,10,1.247,0.962,2.24,0,Low,2,1,0.95,backtest,demand_forecast_run_20261005T130920538
2025-09-16,S12,P0409,11,2.296,1.257,2.93,0,Low,2,1,0.95,backtest,demand_forecast_run_20261005T130920538
2025-09-16,S12,P0433,6,0.63,0.659,1.54,0,Low,2,1,0.95,backtest,demand_forecast_run_20261005T130920538
2025-09-16,S12,P0435,15,4.15,1.838,4.29,0,Low,2,1,0.95,backtest,demand_forecast_run_20261005T130920538
2025-09-16,S12,P0445,9,1.049,0.731,1.71,0,Low,2,1,0.95,backtest,demand_forecast_run_20261005T130920538
2025-09-16,S12,P0507,38,10.073,3.108,7.25,0,Low,2,1,0.95,backtest,demand_forecast_run_20261005T130920538
2025-09-16,S12,P0563,14,2.531,1.232,2.87,0,Low,2,1,0.95,backtest,demand_forecast_run_20261005T130920538
2025-09-16,S12,P0579,5,0.889,0.742,1.73,0,Low,2,1,0.95,backtest,demand_forecast_run_20261005T130920538
2025-09-16,S12,P0589,7,1.857,1.09,2.54,0,Low,2,1,0.95,backtest,demand_forecast_run_20261005T130920538
2025-09-17,S01,P0003,17,3.534,1.449,3.38,0,Low,2,1,0.95,backtest,demand_forecast_run_20261005T130920538
2025-09-17,S01,P0022,19,2.766,1.433,3.34,0,Low,2,1,0.95,backtest,demand_forecast_run_20261005T130920538
2025-09-17,S01,P0032,28,11.042,2.815,6.57,0,Low,2,1,0.95,backtest,demand_forecast_run_20261005T130920538
2025-09-17,S01,P0053,5,0.854,0.701,1.63,0,Low,2,1,0.95,backtest,demand_forecast_run_20261005T130920538
2025-09-17,S01,P0073,4,1.378,0.923,2.15,0,Low,2,1,0.95,backtest,demand_forecast_run_20261005T130920538
2025-09-17,S01,P0170,10,2.148,0.882,2.06,0,Low,2,1,0.95,backtest,demand_forecast_run_20261005T130920538
2025-09-17,S01,P0206,17,3.874,1.066,2.49,0,Low,2,1,0.95,backtest,demand_forecast_run_20261005T130920538
2025-09-17,S01,P0213,14,2.453,1.089,2.54,0,Low,2,1,0.95,backtest,demand_forecast_run_20261005T130920538
2025-09-17,S01,P0252,20,5.266,2.052,4.79,0,Low,2,1,0.95,backtest,demand_forecast_run_20261005T130920538
2025-09-17,S01,P0272,6,1.772,0.911,2.13,0,Low,2,1,0.95,backtest,demand_forecast_run_20261005T130920538
2025-09-17,S01,P0288,5,1.231,0.826,1.93,0,Low,2,1,0.95,backtest,demand_forecast_run_20261005T130920538
2025-09-17,S01,P0316,12,0.625,0.39,0.91,0,Low,2,1,0.95,backtest,demand_forecast_run_20261005T130920538
2025-09-17,S01,P0369,27,5.529,1.5,3.5,0,Low,2,1,0.95,backtest,demand_forecast_run_20261005T130920538
2025-09-17,S01,P0381,4,1.772,1.224,2.86,1,Low,2,1,0.95,backtest,demand_forecast_run_20261005T130920538
2025-09-17,S01,P0391,10,4.636,1.789,4.17,0,Low,2,1,0.95,backtest,demand_forecast_run_20261005T130920538
2025-09-17,S01,P0392,4,0.85,0.518,1.21,0,Low,2,1,0.95,backtest,demand_forecast_run_20261005T130920538
2025-09-17,S01,P0408,12,1.599,0.786,1.83,0,Low,2,1,0.95,backtest,demand_forecast_run_20261005T130920538
2025-09-17,S01,P0409,7,1.644,0.995,2.32,0,Low,2,1,0.95,backtest,demand_forecast_run_20261005T130920538
2025-09-17,S01,P0433,4,0.618,0.63,1.47,0,Low,2,1,0.95,backtest,demand_forecast_run_20261005T130920538
2025-09-17,S01,P0435,21,5.91,1.782,4.16,0,Low,2,1,0.95,backtest,demand_forecast_run_20261005T130920538
2025-09-17,S01,P0445,11,1.896,0.881,2.06,0,Low,2,1,0.95,backtest,demand_forecast_run_20261005T130920538
2025-09-17,S01,P0507,11,13.148,1.802,4.21,7,High,2,1,0.95,backtest,demand_forecast_run_20261005T130920538
2025-09-17,S01,P0563,16,3.74,1.471,3.43,0,Low,2,1,0.95,backtest,demand_forecast_run_20261005T130920538
2025-09-17,S01,P0579,4,1.271,0.994,2.32,0,Low,2,1,0.95,backtest,demand_forecast_run_20261005T130920538
2025-09-17,S01,P0589,6,2.394,1.206,2.81,0,Low,2,1,0.95,backtest,demand_forecast_run_20261005T130920538
2025-09-17,S02,P0003,15,3.996,1.524,3.56,0,Low,2,1,0.95,backtest,demand_forecast_run_20261005T130920538
2025-09-17,S02,P0022,20,3.744,1.597,3.73,0,Low,2,1,0.95,backtest,demand_forecast_run_20261005T130920538
2025-09-17,S02,P0032,39,10.844,2.166,5.05,0,Low,2,1,0.95,backtest,demand_forecast_run_20261005T130920538
2025-09-17,S02,P0053,8,0.624,0.799,1.87,0,Low,2,1,0.95,backtest,demand_forecast_run_20261005T130920538
2025-09-17,S02,P0073,7,1.403,0.838,1.96,0,Low,2,1,0.95,backtest,demand_forecast_run_20261005T130920538
2025-09-17,S02,P0170,4,1.155,0.92,2.15,0,Low,2,1,0.95,backtest,demand_forecast_run_20261005T130920538
2025-09-17,S02,P0206,14,4.174,1.351,3.15,0,Low,2,1,0.95,backtest,demand_forecast_run_20261005T130920538
2025-09-17,S02,P0213,7,3.034,1.374,3.21,0,Low,2,1,0.95,backtest,demand_forecast_run_20261005T130920538
2025-09-17,S02,P0252,8,5.242,1.42,3.31,1,Low,2,1,0.95,backtest,demand_forecast_run_20261005T130920538
2025-09-17,S02,P0272,4,1.835,1.227,2.86,1,Low,2,1,0.95,backtest,demand_forecast_run_20261005T130920538
2025-09-17,S02,P0288,6,2.117,0.876,2.04,0,Low,2,1,0.95,backtest,demand_forecast_run_20261005T130920538
2025-09-17,S02,P0316,6,1.312,0.786,1.83,0,Low,2,1,0.95,backtest,demand_forecast_run_20261005T130920538
2025-09-17,S02,P0369,20,5.584,1.782,4.16,0,Low,2,1,0.95,backtest,demand_forecast_run_20261005T130920538
2025-09-17,S02,P0381,0,1.727,1.136,2.65,5,High,2,1,0.95,backtest,demand_forecast_run_20261005T130920538
2025-09-17,S02,P0391,3,4.011,1.595,3.72,5,High,2,1,0.95,backtest,demand_forecast_run_20261005T130920538
2025-09-17,S02,P0392,2,1.005,1.069,2.49,2,Medium,2,1,0.95,backtest,demand_forecast_run_20261005T130920538
2025-09-17,S02,P0408,5,2.615,1.049,2.45,1,Low,2,1,0.95,backtest,demand_forecast_run_20261005T130920538
2025-09-17,S02,P0409,4,3.377,1.2,2.8,3,Medium,2,1,0.95,backtest,demand_forecast_run_20261005T130920538
2025-09-17,S02,P0433,6,0.497,0.548,1.28,0,Low,2,1,0.95,backtest,demand_forecast_run_20261005T130920538
2025-09-17,S02,P0435,13,6.543,1.834,4.28,0,Low,2,1,0.95,backtest,demand_forecast_run_20261005T130920538
2025-09-17,S02,P0445,10,2.209,1.23,2.87,0,Low,2,1,0.95,backtest,demand_forecast_run_20261005T130920538
2025-09-17,S02,P0507,47,14.634,1.931,4.51,0,Low,2,1,0.95,backtest,demand_forecast_run_20261005T130920538
2025-09-17,S02,P0563,5,3.455,1.758,4.1,3,Medium,2,1,0.95,backtest,demand_forecast_run_20261005T130920538
2025-09-17,S02,P0579,10,1.182,0.962,2.25,0,Low,2,1,0.95,backtest,demand_forecast_run_20261005T130920538
2025-09-17,S02,P0589,11,2.22,1.197,2.79,0,Low,2,1,0.95,backtest,demand_forecast_run_20261005T130920538
2025-09-17,S03,P0003,18,2.563,1.089,2.54,0,Low,2,1,0.95,backtest,demand_forecast_run_20261005T130920538
2025-09-17,S03,P0022,14,2.642,1.464,3.42,0,Low,2,1,0.95,backtest,demand_forecast_run_20261005T130920538
2025-09-17,S03,P0032,26,10.762,2.266,5.29,0,Low,2,1,0.95,backtest,demand_forecast_run_20261005T130920538
2025-09-17,S03,P0053,5,1.126,0.922,2.15,0,Low,2,1,0.95,backtest,demand_forecast_run_20261005T130920538
2025-09-17,S03,P0073,6,0.913,0.518,1.21,0,Low,2,1,0.95,backtest,demand_forecast_run_20261005T130920538
2025-09-17,S03,P0170,11,3.004,1.005,2.34,0,Low,2,1,0.95,backtest,demand_forecast_run_20261005T130920538
2025-09-17,S03,P0206,13,2.899,1.17,2.73,0,Low,2,1,0.95,backtest,demand_forecast_run_20261005T130920538
2025-09-17,S03,P0213,13,2.665,1.155,2.69,0,Low,2,1,0.95,backtest,demand_forecast_run_20261005T130920538
2025-09-17,S03,P0252,7,5.218,2.231,5.21,4,Medium,2,1,0.95,backtest,demand_forecast_run_20261005T130920538
2025-09-17,S03,P0272,7,1.043,0.659,1.54,0,Low,2,1,0.95,backtest,demand_forecast_run_20261005T130920538
2025-09-17,S03,P0288,10,0.869,0.518,1.21,0,Low,2,1,0.95,backtest,demand_forecast_run_20261005T130920538
2025-09-17,S03,P0316,4,1.9,1.156,2.7,1,Medium,2,1,0.95,backtest,demand_forecast_run_20261005T130920538
2025-09-17,S03,P0369,19,4.321,1.467,3.42,0,Low,2,1,0.95,backtest,demand_forecast_run_20261005T130920538
2025-09-17,S03,P0381,9,1.304,0.621,1.45,0,Low,2,1,0.95,backtest,demand_forecast_run_20261005T130920538
2025-09-17,S03,P0391,18,3.755,2.283,5.33,0,Low,2,1,0.95,backtest,demand_forecast_run_20261005T130920538
2025-09-17,S03,P0392,5,0.89,0.634,1.48,0,Low,2,1,0.95,backtest,demand_forecast_run_20261005T130920538
2025-09-17,S03,P0408,8,1.519,0.793,1.85,0,Low,2,1,0.95,backtest,demand_forecast_run_20261005T130920538
2025-09-17,S03,P0409,5,2.006,0.876,2.04,0,Low,2,1,0.95,backtest,demand_forecast_run_20261005T130920538
2025-09-17,S03,P0433,6,0.281,0.378,0.88,0,Low,2,1,0.95,backtest,demand_forecast_run_20261005T130920538
2025-09-17,S03,P0435,19,5.212,1.262,2.94,0,Low,2,1,0.95,backtest,demand_forecast_run_20261005T130920538
2025-09-17,S03,P0445,0,1.399,0.621,1.45,3,High,2,1,0.95,backtest,demand_forecast_run_20261005T130920538
2025-09-17,S03,P0507,46,15.666,2.465,5.75,0,Low,2,1,0.95,backtest,demand_forecast_run_20261005T130920538
2025-09-17,S03,P0563,16,3.521,1.17,2.73,0,Low,2,1,0.95,backtest,demand_forecast_run_20261005T130920538
2025-09-17,S03,P0579,2,1.824,1.329,3.1,3,Medium,2,1,0.95,backtest,demand_forecast_run_20261005T130920538
2025-09-17,S03,P0589,11,3.295,1.512,3.53,0,Low,2,1,0.95,backtest,demand_forecast_run_20261005T130920538
2025-09-17,S04,P0003,6,3.233,1.343,3.13,1,Low,2,1,0.95,backtest,demand_forecast_run_20261005T130920538
2025-09-17,S04,P0022,8,2.239,1.09,2.54,0,Low,2,1,0.95,backtest,demand_forecast_run_20261005T130920538
2025-09-17,S04,P0032,27,8.743,2.687,6.27,0,Low,2,1,0.95,backtest,demand_forecast_run_20261005T130920538
2025-09-17,S04,P0053,5,0.828,0.742,1.73,0,Low,2,1,0.95,backtest,demand_forecast_run_20261005T130920538
2025-09-17,S04,P0073,5,1.022,0.518,1.21,0,Low,2,1,0.95,backtest,demand_forecast_run_20261005T130920538
2025-09-17,S04,P0170,3,2.552,1.062,2.48,3,Medium,2,1,0.95,backtest,demand_forecast_run_20261005T130920538
2025-09-17,S04,P0206,13,3.486,1.517,3.54,0,Low,2,1,0.95,backtest,demand_forecast_run_20261005T130920538
2025-09-17,S04,P0213,11,1.327,0.678,1.58,0,Low,2,1,0.95,backtest,demand_forecast_run_20261005T130920538
2025-09-17,S04,P0252,15,3.162,1.347,3.14,0,Low,2,1,0.95,backtest,demand_forecast_run_20261005T130920538
2025-09-17,S04,P0272,9,1.752,0.836,1.95,0,Low,2,1,0.95,backtest,demand_forecast_run_20261005T130920538
2025-09-17,S04,P0288,6,1.464,0.826,1.93,0,Low,2,1,0.95,backtest,demand_forecast_run_20261005T130920538
2025-09-17,S04,P0316,9,0.845,0.713,1.66,0,Low,2,1,0.95,backtest,demand_forecast_run_20261005T130920538
2025-09-17,S04,P0369,7,3.874,1.37,3.2,1,Low,2,1,0.95,backtest,demand_forecast_run_20261005T130920538
2025-09-17,S04,P0381,6,1.606,0.916,2.14,0,Low,2,1,0.95,backtest,demand_forecast_run_20261005T130920538
2025-09-17,S04,P0391,14,2.001,1.17,2.73,0,Low,2,1,0.95,backtest,demand_forecast_run_20261005T130920538
2025-09-17,S04,P0392,7,0.789,0.46,1.07,0,Low,2,1,0.95,backtest,demand_forecast_run_20261005T130920538
2025-09-17,S04,P0408,16,1.527,0.854,1.99,0,Low,2,1,0.95,backtest,demand_forecast_run_20261005T130920538
2025-09-17,S04,P0409,8,1.368,0.945,2.2,0,Low,2,1,0.95,backtest,demand_forecast_run_20261005T130920538
2025-09-17,S04,P0433,8,0.09,0.189,0.44,0,Low,2,1,0.95,backtest,demand_forecast_run_20261005T130920538
2025-09-17,S04,P0435,18,3.58,1.794,4.19,0,Low,2,1,0.95,backtest,demand_forecast_run_20261005T130920538
2025-09-17,S04,P0445,8,1.619,0.742,1.73,0,Low,2,1,0.95,backtest,demand_forecast_run_20261005T130920538
2025-09-17,S04,P0507,24,10.253,1.843,4.3,0,Low,2,1,0.95,backtest,demand_forecast_run_20261005T130920538
2025-09-17,S04,P0563,7,2.336,0.879,2.05,0,Low,2,1,0.95,backtest,demand_forecast_run_20261005T130920538
2025-09-17,S04,P0579,8,0.792,0.875,2.04,0,Low,2,1,0.95,backtest,demand_forecast_run_20261005T130920538
2025-09-17,S04,P0589,9,1.981,0.945,2.2,0,Low,2,1,0.95,backtest,demand_forecast_run_20261005T130920538
2025-09-17,S05,P0003,10,2.51,1.315,3.07,0,Low,2,1,0.95,backtest,demand_forecast_run_20261005T130920538
2025-09-17,S05,P0022,5,3.134,1.067,2.49,1,Low,2,1,0.95,backtest,demand_forecast_run_20261005T130920538
2025-09-17,S05,P0032,17,9.559,2.628,6.13,0,Low,2,1,0.95,backtest,demand_forecast_run_20261005T130920538
2025-09-17,S05,P0053,9,0.796,0.922,2.15,0,Low,2,1,0.95,backtest,demand_forecast_run_20261005T130920538
2025-09-17,S05,P0073,5,0.588,0.6,1.4,0,Low,2,1,0.95,backtest,demand_forecast_run_20261005T130920538
2025-09-17,S05,P0170,7,1.129,0.745,1.74,0,Low,2,1,0.95,backtest,demand_forecast_run_20261005T130920538
2025-09-17,S05,P0206,7,2.781,1.438,3.36,0,Low,2,1,0.95,backtest,demand_forecast_run_20261005T130920538
2025-09-17,S05,P0213,11,2.078,1.02,2.38,0,Low,2,1,0.95,backtest,demand_forecast_run_20261005T130920538
2025-09-17,S05,P0252,8,4.313,1.551,3.62,0,Low,2,1,0.95,backtest,demand_forecast_run_20261005T130920538
2025-09-17,S05,P0272,8,1.25,0.956,2.23,0,Low,2,1,0.95,backtest,demand_forecast_run_20261005T130920538
2025-09-17,S05,P0288,5,1.746,1.166,2.72,0,Low,2,1,0.95,backtest,demand_forecast_run_20261005T130920538
2025-09-17,S05,P0316,7,1.177,0.916,2.14,0,Low,2,1,0.95,backtest,demand_forecast_run_20261005T130920538
2025-09-17,S05,P0369,18,3.427,1.618,3.78,0,Low,2,1,0.95,backtest,demand_forecast_run_20261005T130920538
2025-09-17,S05,P0381,1,0.882,0.836,1.95,2,Medium,2,1,0.95,backtest,demand_forecast_run_20261005T130920538
2025-09-17,S05,P0391,6,1.899,1.286,3,0,Low,2,1,0.95,backtest,demand_forecast_run_20261005T130920538
2025-09-17,S05,P0392,6,0.228,0.262,0.61,0,Low,2,1,0.95,backtest,demand_forecast_run_20261005T130920538
2025-09-17,S05,P0408,4,1.15,0.897,2.09,0,Low,2,1,0.95,backtest,demand_forecast_run_20261005T130920538
2025-09-17,S05,P0409,11,2.237,1.066,2.49,0,Low,2,1,0.95,backtest,demand_forecast_run_20261005T130920538
2025-09-17,S05,P0433,5,0.439,0.315,0.73,0,Low,2,1,0.95,backtest,demand_forecast_run_20261005T130920538
2025-09-17,S05,P0435,15,3.174,1.476,3.45,0,Low,2,1,0.95,backtest,demand_forecast_run_20261005T130920538
2025-09-17,S05,P0445,7,1.65,0.916,2.14,0,Low,2,1,0.95,backtest,demand_forecast_run_20261005T130920538
2025-09-17,S05,P0507,22,9.447,2.119,4.94,0,Low,2,1,0.95,backtest,demand_forecast_run_20261005T130920538
2025-09-17,S05,P0563,13,2.647,1.823,4.25,0,Low,2,1,0.95,backtest,demand_forecast_run_20261005T130920538
2025-09-17,S05,P0579,5,0.658,0.476,1.11,0,Low,2,1,0.95,backtest,demand_forecast_run_20261005T130920538
2025-09-17,S05,P0589,5,2.624,1.362,3.18,1,Low,2,1,0.95,backtest,demand_forecast_run_20261005T130920538
2025-09-17,S06,P0003,17,3.617,1.665,3.89,0,Low,2,1,0.95,backtest,demand_forecast_run_20261005T130920538
2025-09-17,S06,P0022,10,2.289,1.331,3.11,0,Low,2,1,0.95,backtest,demand_forecast_run_20261005T130920538
2025-09-17,S06,P0032,53,15.173,3.035,7.08,0,Low,2,1,0.95,backtest,demand_forecast_run_20261005T130920538
2025-09-17,S06,P0053,6,1.693,1.641,3.83,0,Low,2,1,0.95,backtest,demand_forecast_run_20261005T130920538
2025-09-17,S06,P0073,8,3.023,1.138,2.66,0,Low,2,1,0.95,backtest,demand_forecast_run_20261005T130920538
2025-09-17,S06,P0170,10,1.893,1.096,2.56,0,Low,2,1,0.95,backtest,demand_forecast_run_20261005T130920538
2025-09-17,S06,P0206,22,6.02,3.004,7.01,0,Low,2,1,0.95,backtest,demand_forecast_run_20261005T130920538
2025-09-17,S06,P0213,14,4.418,1.414,3.3,0,Low,2,1,0.95,backtest,demand_forecast_run_20261005T130920538
2025-09-17,S06,P0252,25,6.11,1.771,4.13,0,Low,2,1,0.95,backtest,demand_forecast_run_20261005T130920538
2025-09-17,S06,P0272,10,1.679,0.793,1.85,0,Low,2,1,0.95,backtest,demand_forecast_run_20261005T130920538
2025-09-17,S06,P0288,4,1.706,0.838,1.96,0,Medium,2,1,0.95,backtest,demand_forecast_run_20261005T130920538
2025-09-17,S06,P0316,0,2.885,1.416,3.3,7,High,2,1,0.95,backtest,demand_forecast_run_20261005T130920538
2025-09-17,S06,P0369,30,7.542,2.183,5.09,0,Low,2,1,0.95,backtest,demand_forecast_run_20261005T130920538
2025-09-17,S06,P0381,5,3.359,1.762,4.11,3,Low,2,1,0.95,backtest,demand_forecast_run_20261005T130920538
2025-09-17,S06,P0391,9,3.693,2.355,5.49,1,Low,2,1,0.95,backtest,demand_forecast_run_20261005T130920538
2025-09-17,S06,P0392,9,2.457,1.056,2.46,0,Low,2,1,0.95,backtest,demand_forecast_run_20261005T130920538
2025-09-17,S06,P0408,5,4.384,0.945,2.2,2,Medium,2,1,0.95,backtest,demand_forecast_run_20261005T130920538
2025-09-17,S06,P0409,13,3.027,1.138,2.66,0,Low,2,1,0.95,backtest,demand_forecast_run_20261005T130920538
2025-09-17,S06,P0433,8,1.057,0.612,1.43,0,Low,2,1,0.95,backtest,demand_forecast_run_20261005T130920538
2025-09-17,S06,P0435,14,7.613,1.698,3.96,0,Low,2,1,0.95,backtest,demand_forecast_run_20261005T130920538
2025-09-17,S06,P0445,5,3.567,1.156,2.7,2,Low,2,1,0.95,backtest,demand_forecast_run_20261005T130920538
2025-09-17,S06,P0507,40,17.371,2.994,6.99,0,Low,2,1,0.95,backtest,demand_forecast_run_20261005T130920538
2025-09-17,S06,P0563,6,3.247,1.374,3.21,1,Medium,2,1,0.95,backtest,demand_forecast_run_20261005T130920538
2025-09-17,S06,P0579,4,2.61,1.423,3.32,2,Medium,2,1,0.95,backtest,demand_forecast_run_20261005T130920538
2025-09-17,S06,P0589,8,2.984,1.156,2.7,0,Low,2,1,0.95,backtest,demand_forecast_run_20261005T130920538
2025-09-17,S07,P0003,11,2.884,1.089,2.54,0,Low,2,1,0.95,backtest,demand_forecast_run_20261005T130920538
2025-09-17,S07,P0022,6,3.568,1.517,3.54,2,Low,2,1,0.95,backtest,demand_forecast_run_20261005T130920538
2025-09-17,S07,P0032,34,9.984,2.583,6.03,0,Low,2,1,0.95,backtest,demand_forecast_run_20261005T130920538
2025-09-17,S07,P0053,2,0.958,0.79,1.84,1,Medium,2,1,0.95,backtest,demand_forecast_run_20261005T130920538
2025-09-17,S07,P0073,4,0.981,0.78,1.82,0,Low,2,1,0.95,backtest,demand_forecast_run_20261005T130920538
2025-09-17,S07,P0170,6,1.158,0.959,2.24,0,Low,2,1,0.95,backtest,demand_forecast_run_20261005T130920538
2025-09-17,S07,P0206,5,3.793,1.634,3.81,3,Medium,2,1,0.95,backtest,demand_forecast_run_20261005T130920538
2025-09-17,S07,P0213,9,2.867,1.105,2.58,0,Low,2,1,0.95,backtest,demand_forecast_run_20261005T130920538
2025-09-17,S07,P0252,12,3.666,1.657,3.87,0,Low,2,1,0.95,backtest,demand_forecast_run_20261005T130920538
2025-09-17,S07,P0272,6,0.981,0.731,1.71,0,Low,2,1,0.95,backtest,demand_forecast_run_20261005T130920538
2025-09-17,S07,P0288,7,1.582,1.013,2.36,0,Low,2,1,0.95,backtest,demand_forecast_run_20261005T130920538
2025-09-17,S07,P0316,10,0.575,0.476,1.11,0,Low,2,1,0.95,backtest,demand_forecast_run_20261005T130920538
2025-09-17,S07,P0369,19,4.464,1.621,3.78,0,Low,2,1,0.95,backtest,demand_forecast_run_20261005T130920538
2025-09-17,S07,P0381,4,0.981,0.559,1.3,0,Low,2,1,0.95,backtest,demand_forecast_run_20261005T130920538
2025-09-17,S07,P0391,10,2.756,2.059,4.8,0,Low,2,1,0.95,backtest,demand_forecast_run_20261005T130920538
2025-09-17,S07,P0392,3,1.707,0.854,1.99,1,Medium,2,1,0.95,backtest,demand_forecast_run_20261005T130920538
2025-09-17,S07,P0408,4,1.498,1.278,2.98,1,Low,2,1,0.95,backtest,demand_forecast_run_20261005T130920538
2025-09-17,S07,P0409,10,2.472,1.343,3.13,0,Low,2,1,0.95,backtest,demand_forecast_run_20261005T130920538
2025-09-17,S07,P0433,3,0.293,0.448,1.05,0,Low,2,1,0.95,backtest,demand_forecast_run_20261005T130920538
2025-09-17,S07,P0435,7,4.35,2.134,4.98,3,Medium,2,1,0.95,backtest,demand_forecast_run_20261005T130920538
2025-09-17,S07,P0445,10,1.338,0.786,1.83,0,Low,2,1,0.95,backtest,demand_forecast_run_20261005T130920538
2025-09-17,S07,P0507,22,9.973,2.652,6.19,0,Low,2,1,0.95,backtest,demand_forecast_run_20261005T130920538
2025-09-17,S07,P0563,13,3.334,1.315,3.07,0,Low,2,1,0.95,backtest,demand_forecast_run_20261005T130920538
2025-09-17,S07,P0579,8,1.309,0.951,2.22,0,Low,2,1,0.95,backtest,demand_forecast_run_20261005T130920538
2025-09-17,S07,P0589,10,2.575,1.066,2.49,0,Low,2,1,0.95,backtest,demand_forecast_run_20261005T130920538
2025-09-17,S08,P0003,19,4.354,1.873,4.37,0,Low,2,1,0.95,backtest,demand_forecast_run_20261005T130920538
2025-09-17,S08,P0022,13,3.529,1.786,4.17,0,Low,2,1,0.95,backtest,demand_forecast_run_20261005T130920538
2025-09-17,S08,P0032,20,13.889,2.649,6.18,1,Low,2,1,0.95,backtest,demand_forecast_run_20261005T130920538
2025-09-17,S08,P0053,1,1.523,1.371,3.2,4,High,2,1,0.95,backtest,demand_forecast_run_20261005T130920538
2025-09-17,S08,P0073,12,1.024,0.723,1.69,0,Low,2,1,0.95,backtest,demand_forecast_run_20261005T130920538
2025-09-17,S08,P0170,7,2.01,0.983,2.29,0,Low,2,1,0.95,backtest,demand_forecast_run_20261005T130920538
2025-09-17,S08,P0206,15,4.52,1.393,3.25,0,Low,2,1,0.95,backtest,demand_forecast_run_20261005T130920538
2025-09-17,S08,P0213,16,2.545,1.779,4.15,0,Low,2,1,0.95,backtest,demand_forecast_run_20261005T130920538
2025-09-17,S08,P0252,9,6.844,1.895,4.42,3,Medium,2,1,0.95,backtest,demand_forecast_run_20261005T130920538
2025-09-17,S08,P0272,11,2.162,1.124,2.62,0,Low,2,1,0.95,backtest,demand_forecast_run_20261005T130920538
2025-09-17,S08,P0288,11,2.467,1.133,2.64,0,Low,2,1,0.95,backtest,demand_forecast_run_20261005T130920538
2025-09-17,S08,P0316,16,1.546,0.838,1.96,0,Low,2,1,0.95,backtest,demand_forecast_run_20261005T130920538
2025-09-17,S08,P0369,7,5.532,2.531,5.91,5,Medium,2,1,0.95,backtest,demand_forecast_run_20261005T130920538
2025-09-17,S08,P0381,5,1.593,1.036,2.42,0,Low,2,1,0.95,backtest,demand_forecast_run_20261005T130920538
2025-09-17,S08,P0391,16,3.461,1.813,4.23,0,Low,2,1,0.95,backtest,demand_forecast_run_20261005T130920538
2025-09-17,S08,P0392,7,2.071,1.407,3.28,0,Low,2,1,0.95,backtest,demand_forecast_run_20261005T130920538
2025-09-17,S08,P0408,10,2.742,1.693,3.95,0,Low,2,1,0.95,backtest,demand_forecast_run_20261005T130920538
2025-09-17,S08,P0409,15,3.161,1.618,3.78,0,Low,2,1,0.95,backtest,demand_forecast_run_20261005T130920538
2025-09-17,S08,P0433,6,1.275,0.518,1.21,0,Low,2,1,0.95,backtest,demand_forecast_run_20261005T130920538
2025-09-17,S08,P0435,11,7.599,2.255,5.26,2,Low,2,1,0.95,backtest,demand_forecast_run_20261005T130920538
2025-09-17,S08,P0445,5,2.085,1.201,2.8,0,Low,2,1,0.95,backtest,demand_forecast_run_20261005T130920538
2025-09-17,S08,P0507,29,18.121,2.631,6.14,0,Low,2,1,0.95,backtest,demand_forecast_run_20261005T130920538
2025-09-17,S08,P0563,9,7.512,2.231,5.21,4,Low,2,1,0.95,backtest,demand_forecast_run_20261005T130920538
2025-09-17,S08,P0579,4,1.459,0.826,1.93,0,Low,2,1,0.95,backtest,demand_forecast_run_20261005T130920538
2025-09-17,S08,P0589,15,3.193,1.964,4.58,0,Low,2,1,0.95,backtest,demand_forecast_run_20261005T130920538
2025-09-17,S09,P0003,5,3.872,1.492,3.48,3,Medium,2,1,0.95,backtest,demand_forecast_run_20261005T130920538
2025-09-17,S09,P0022,13,3.421,1.086,2.53,0,Low,2,1,0.95,backtest,demand_forecast_run_20261005T130920538
2025-09-17,S09,P0032,41,12.677,2.387,5.57,0,Low,2,1,0.95,backtest,demand_forecast_run_20261005T130920538
2025-09-17,S09,P0053,8,1.001,0.69,1.61,0,Low,2,1,0.95,backtest,demand_forecast_run_20261005T130920538
2025-09-17,S09,P0073,7,0.885,0.844,1.97,0,Low,2,1,0.95,backtest,demand_forecast_run_20261005T130920538
2025-09-17,S09,P0170,5,2.508,1.09,2.54,1,Low,2,1,0.95,backtest,demand_forecast_run_20261005T130920538
2025-09-17,S09,P0206,16,3.561,1.339,3.13,0,Low,2,1,0.95,backtest,demand_forecast_run_20261005T130920538
2025-09-17,S09,P0213,0,4.653,1.657,3.87,9,High,2,1,0.95,backtest,demand_forecast_run_20261005T130920538
2025-09-17,S09,P0252,6,5.896,1.942,4.53,5,Medium,2,1,0.95,backtest,demand_forecast_run_20261005T130920538
2025-09-17,S09,P0272,5,1.391,0.567,1.32,0,Low,2,1,0.95,backtest,demand_forecast_run_20261005T130920538
2025-09-17,S09,P0288,12,2.102,1.066,2.49,0,Low,2,1,0.95,backtest,demand_forecast_run_20261005T130920538
2025-09-17,S09,P0316,5,1.499,1.069,2.49,0,Low,2,1,0.95,backtest,demand_forecast_run_20261005T130920538
2025-09-17,S09,P0369,10,5.14,1.856,4.33,0,Low,2,1,0.95,backtest,demand_forecast_run_20261005T130920538
2025-09-17,S09,P0381,6,1.138,0.863,2.01,0,Low,2,1,0.95,backtest,demand_forecast_run_20261005T130920538
2025-09-17,S09,P0391,22,3.672,1.687,3.94,0,Low,2,1,0.95,backtest,demand_forecast_run_20261005T130920538
2025-09-17,S09,P0392,3,1.154,1.188,2.77,1,Medium,2,1,0.95,backtest,demand_forecast_run_20261005T130920538
2025-09-17,S09,P0408,10,2.959,0.967,2.26,0,Low,2,1,0.95,backtest,demand_forecast_run_20261005T130920538
2025-09-17,S09,P0409,6,2.68,1.261,2.94,0,Low,2,1,0.95,backtest,demand_forecast_run_20261005T130920538
2025-09-17,S09,P0433,4,0.365,0.315,0.73,0,Low,2,1,0.95,backtest,demand_forecast_run_20261005T130920538
2025-09-17,S09,P0435,27,6.054,2.098,4.9,0,Low,2,1,0.95,backtest,demand_forecast_run_20261005T130920538
2025-09-17,S09,P0445,6,2.472,1.744,4.07,1,Low,2,1,0.95,backtest,demand_forecast_run_20261005T130920538
2025-09-17,S09,P0507,31,12.619,2.589,6.04,0,Low,2,1,0.95,backtest,demand_forecast_run_20261005T130920538
2025-09-17,S09,P0563,19,4.932,1.685,3.93,0,Low,2,1,0.95,backtest,demand_forecast_run_20261005T130920538
2025-09-17,S09,P0579,9,1.687,0.994,2.32,0,Low,2,1,0.95,backtest,demand_forecast_run_20261005T130920538
2025-09-17,S09,P0589,11,4.811,1.856,4.33,0,Low,2,1,0.95,backtest,demand_forecast_run_20261005T130920538
2025-09-17,S10,P0003,7,4.463,1.969,4.59,3,Low,2,1,0.95,backtest,demand_forecast_run_20261005T130920538
2025-09-17,S10,P0022,12,2.566,1.277,2.98,0,Low,2,1,0.95,backtest,demand_forecast_run_20261005T130920538
2025-09-17,S10,P0032,37,10.489,2.233,5.21,0,Low,2,1,0.95,backtest,demand_forecast_run_20261005T130920538
2025-09-17,S10,P0053,5,0.599,0.854,1.99,0,Low,2,1,0.95,backtest,demand_forecast_run_20261005T130920538
2025-09-17,S10,P0073,6,1.202,0.731,1.71,0,Low,2,1,0.95,backtest,demand_forecast_run_20261005T130920538
2025-09-17,S10,P0170,6,1.814,0.911,2.13,0,Low,2,1,0.95,backtest,demand_forecast_run_20261005T130920538
2025-09-17,S10,P0206,12,3.073,1.02,2.38,0,Low,2,1,0.95,backtest,demand_forecast_run_20261005T130920538
2025-09-17,S10,P0213,8,2.706,1.388,3.24,0,Low,2,1,0.95,backtest,demand_forecast_run_20261005T130920538
2025-09-17,S10,P0252,0,5.137,1.644,3.84,9,High,2,1,0.95,backtest,demand_forecast_run_20261005T130920538
2025-09-17,S10,P0272,6,0.721,0.418,0.98,0,Low,2,1,0.95,backtest,demand_forecast_run_20261005T130920538
2025-09-17,S10,P0288,4,1.828,1.484,3.46,2,Medium,2,1,0.95,backtest,demand_forecast_run_20261005T130920538
2025-09-17,S10,P0316,5,0.802,0.499,1.16,0,Low,2,1,0.95,backtest,demand_forecast_run_20261005T130920538
2025-09-17,S10,P0369,16,4.691,1.562,3.64,0,Low,2,1,0.95,backtest,demand_forecast_run_20261005T130920538
2025-09-17,S10,P0381,2,2.044,0.916,2.14,3,High,2,1,0.95,backtest,demand_forecast_run_20261005T130920538
2025-09-17,S10,P0391,9,2.773,1.588,3.71,0,Low,2,1,0.95,backtest,demand_forecast_run_20261005T130920538
2025-09-17,S10,P0392,1,0.816,0.548,1.28,2,Medium,2,1,0.95,backtest,demand_forecast_run_20261005T130920538
2025-09-17,S10,P0408,0,2.211,0.838,1.96,5,High,2,1,0.95,backtest,demand_forecast_run_20261005T130920538
2025-09-17,S10,P0409,5,2.675,1.245,2.91,1,Medium,2,1,0.95,backtest,demand_forecast_run_20261005T130920538
2025-09-17,S10,P0433,5,0.557,0.39,0.91,0,Low,2,1,0.95,backtest,demand_forecast_run_20261005T130920538
2025-09-17,S10,P0435,0,5.255,2.603,6.07,12,High,2,1,0.95,backtest,demand_forecast_run_20261005T130920538
2025-09-17,S10,P0445,9,2.575,1.175,2.74,0,Low,2,1,0.95,backtest,demand_forecast_run_20261005T130920538
2025-09-17,S10,P0507,7,12.263,2.456,5.73,11,High,2,1,0.95,backtest,demand_forecast_run_20261005T130920538
2025-09-17,S10,P0563,6,5.17,1.895,4.42,4,Medium,2,1,0.95,backtest,demand_forecast_run_20261005T130920538
2025-09-17,S10,P0579,6,0.926,0.612,1.43,0,Low,2,1,0.95,backtest,demand_forecast_run_20261005T130920538
2025-09-17,S10,P0589,3,2.746,1.113,2.6,3,Medium,2,1,0.95,backtest,demand_forecast_run_20261005T130920538
2025-09-17,S11,P0003,13,3.783,1.458,3.4,0,Low,2,1,0.95,backtest,demand_forecast_run_20261005T130920538
2025-09-17,S11,P0022,11,4.09,1.953,4.56,0,Low,2,1,0.95,backtest,demand_forecast_run_20261005T130920538
2025-09-17,S11,P0032,40,13.117,3.595,8.39,0,Low,2,1,0.95,backtest,demand_forecast_run_20261005T130920538
2025-09-17,S11,P0053,5,1.63,1.096,2.56,0,Low,2,1,0.95,backtest,demand_forecast_run_20261005T130920538
2025-09-17,S11,P0073,4,1.556,0.994,2.32,0,Low,2,1,0.95,backtest,demand_forecast_run_20261005T130920538
2025-09-17,S11,P0170,7,1.99,0.983,2.29,0,Low,2,1,0.95,backtest,demand_forecast_run_20261005T130920538
2025-09-17,S11,P0206,8,3.298,1.693,3.95,0,Low,2,1,0.95,backtest,demand_forecast_run_20261005T130920538
2025-09-17,S11,P0213,9,4.002,1.453,3.39,0,Low,2,1,0.95,backtest,demand_forecast_run_20261005T130920538
2025-09-17,S11,P0252,24,7.393,2.396,5.59,0,Low,2,1,0.95,backtest,demand_forecast_run_20261005T130920538
2025-09-17,S11,P0272,5,1.281,0.638,1.49,0,Low,2,1,0.95,backtest,demand_forecast_run_20261005T130920538
2025-09-17,S11,P0288,11,3.055,1.83,4.27,0,Low,2,1,0.95,backtest,demand_forecast_run_20261005T130920538
2025-09-17,S11,P0316,4,3.195,1.066,2.49,2,Medium,2,1,0.95,backtest,demand_forecast_run_20261005T130920538
2025-09-17,S11,P0369,24,6.46,3.521,8.22,0,Low,2,1,0.95,backtest,demand_forecast_run_20261005T130920538
2025-09-17,S11,P0381,7,3.112,1.397,3.26,0,Low,2,1,0.95,backtest,demand_forecast_run_20261005T130920538
2025-09-17,S11,P0391,16,3.44,1.615,3.77,0,Low,2,1,0.95,backtest,demand_forecast_run_20261005T130920538
2025-09-17,S11,P0392,7,1.448,1.224,2.86,0,Low,2,1,0.95,backtest,demand_forecast_run_20261005T130920538
2025-09-17,S11,P0408,14,3.249,1.686,3.93,0,Low,2,1,0.95,backtest,demand_forecast_run_20261005T130920538
2025-09-17,S11,P0409,0,2.849,1.166,2.72,6,High,2,1,0.95,backtest,demand_forecast_run_20261005T130920538
2025-09-17,S11,P0433,6,0.676,0.6,1.4,0,Low,2,1,0.95,backtest,demand_forecast_run_20261005T130920538
2025-09-17,S11,P0435,20,7.397,2.747,6.41,0,Low,2,1,0.95,backtest,demand_forecast_run_20261005T130920538
2025-09-17,S11,P0445,8,2.875,1.315,3.07,0,Low,2,1,0.95,backtest,demand_forecast_run_20261005T130920538
2025-09-17,S11,P0507,76,14.029,2.614,6.1,0,Low,2,1,0.95,backtest,demand_forecast_run_20261005T130920538
2025-09-17,S11,P0563,12,5.4,2.767,6.46,0,Low,2,1,0.95,backtest,demand_forecast_run_20261005T130920538
2025-09-17,S11,P0579,6,1.71,0.999,2.33,0,Low,2,1,0.95,backtest,demand_forecast_run_20261005T130920538
2025-09-17,S11,P0589,6,2.956,1.133,2.64,0,Low,2,1,0.95,backtest,demand_forecast_run_20261005T130920538
2025-09-17,S12,P0003,7,3.197,1.278,2.98,0,Low,2,1,0.95,backtest,demand_forecast_run_20261005T130920538
2025-09-17,S12,P0022,12,3.046,1.262,2.94,0,Low,2,1,0.95,backtest,demand_forecast_run_20261005T130920538
2025-09-17,S12,P0032,47,12.747,6.093,14.22,0,Low,2,1,0.95,backtest,demand_forecast_run_20261005T130920538
2025-09-17,S12,P0053,8,1.546,1.323,3.09,0,Low,2,1,0.95,backtest,demand_forecast_run_20261005T130920538
2025-09-17,S12,P0073,2,1.106,0.621,1.45,1,Medium,2,1,0.95,backtest,demand_forecast_run_20261005T130920538
2025-09-17,S12,P0170,10,1.766,1.278,2.98,0,Low,2,1,0.95,backtest,demand_forecast_run_20261005T130920538
2025-09-17,S12,P0206,7,3.034,1.813,4.23,1,Low,2,1,0.95,backtest,demand_forecast_run_20261005T130920538
2025-09-17,S12,P0213,10,2.439,1.499,3.5,0,Low,2,1,0.95,backtest,demand_forecast_run_20261005T130920538
2025-09-17,S12,P0252,9,4.474,1.737,4.05,0,Low,2,1,0.95,backtest,demand_forecast_run_20261005T130920538
2025-09-17,S12,P0272,4,2.434,1.315,3.07,2,Low,2,1,0.95,backtest,demand_forecast_run_20261005T130920538
2025-09-17,S12,P0288,13,2.086,1.213,2.83,0,Low,2,1,0.95,backtest,demand_forecast_run_20261005T130920538
2025-09-17,S12,P0316,6,2.142,1.177,2.75,0,Low,2,1,0.95,backtest,demand_forecast_run_20261005T130920538
2025-09-17,S12,P0369,24,7.985,2.685,6.27,0,Low,2,1,0.95,backtest,demand_forecast_run_20261005T130920538
2025-09-17,S12,P0381,13,1.66,1.138,2.66,0,Low,2,1,0.95,backtest,demand_forecast_run_20261005T130920538
2025-09-17,S12,P0391,13,2.65,1.301,3.04,0,Low,2,1,0.95,backtest,demand_forecast_run_20261005T130920538
2025-09-17,S12,P0392,7,1.027,1.036,2.42,0,Low,2,1,0.95,backtest,demand_forecast_run_20261005T130920538
2025-09-17,S12,P0408,7,1.735,1.166,2.72,0,Low,2,1,0.95,backtest,demand_forecast_run_20261005T130920538
2025-09-17,S12,P0409,11,2.397,1.274,2.97,0,Low,2,1,0.95,backtest,demand_forecast_run_20261005T130920538
2025-09-17,S12,P0433,6,0.689,0.659,1.54,0,Low,2,1,0.95,backtest,demand_forecast_run_20261005T130920538
2025-09-17,S12,P0435,13,5.319,1.806,4.22,0,Low,2,1,0.95,backtest,demand_forecast_run_20261005T130920538
2025-09-17,S12,P0445,9,1.105,0.731,1.71,0,Low,2,1,0.95,backtest,demand_forecast_run_20261005T130920538
2025-09-17,S12,P0507,36,10.162,3.077,7.18,0,Low,2,1,0.95,backtest,demand_forecast_run_20261005T130920538
2025-09-17,S12,P0563,11,3.541,1.268,2.96,0,Low,2,1,0.95,backtest,demand_forecast_run_20261005T130920538
2025-09-17,S12,P0579,4,1.038,0.744,1.74,0,Low,2,1,0.95,backtest,demand_forecast_run_20261005T130920538
2025-09-17,S12,P0589,5,2.035,1.11,2.59,0,Low,2,1,0.95,backtest,demand_forecast_run_20261005T130920538
2025-09-18,S01,P0003,16,3.674,1.433,3.34,0,Low,2,1,0.95,backtest,demand_forecast_run_20261005T130920538
2025-09-18,S01,P0022,19,3.376,1.433,3.34,0,Low,2,1,0.95,backtest,demand_forecast_run_20261005T130920538
2025-09-18,S01,P0032,24,11.253,2.815,6.57,0,Low,2,1,0.95,backtest,demand_forecast_run_20261005T130920538
2025-09-18,S01,P0053,5,0.884,0.701,1.63,0,Low,2,1,0.95,backtest,demand_forecast_run_20261005T130920538
2025-09-18,S01,P0073,4,1.637,0.923,2.15,0,Low,2,1,0.95,backtest,demand_forecast_run_20261005T130920538
2025-09-18,S01,P0170,10,2.132,0.882,2.06,0,Low,2,1,0.95,backtest,demand_forecast_run_20261005T130920538
2025-09-18,S01,P0206,14,4.563,1.016,2.37,0,Low,2,1,0.95,backtest,demand_forecast_run_20261005T130920538
2025-09-18,S01,P0213,14,2.463,1.031,2.4,0,Low,2,1,0.95,backtest,demand_forecast_run_20261005T130920538
2025-09-18,S01,P0252,17,5.612,2.038,4.75,0,Low,2,1,0.95,backtest,demand_forecast_run_20261005T130920538
2025-09-18,S01,P0272,6,2.105,0.911,2.13,0,Low,2,1,0.95,backtest,demand_forecast_run_20261005T130920538
2025-09-18,S01,P0288,5,1.396,0.826,1.93,0,Low,2,1,0.95,backtest,demand_forecast_run_20261005T130920538
2025-09-18,S01,P0316,12,0.761,0.39,0.91,0,Low,2,1,0.95,backtest,demand_forecast_run_20261005T130920538
2025-09-18,S01,P0369,27,5.602,1.474,3.44,0,Low,2,1,0.95,backtest,demand_forecast_run_20261005T130920538
2025-09-18,S01,P0381,3,2.222,1.219,2.84,3,Medium,2,1,0.95,backtest,demand_forecast_run_20261005T130920538
2025-09-18,S01,P0391,8,4.926,1.792,4.18,2,Low,2,1,0.95,backtest,demand_forecast_run_20261005T130920538
2025-09-18,S01,P0392,4,0.84,0.518,1.21,0,Low,2,1,0.95,backtest,demand_forecast_run_20261005T130920538
2025-09-18,S01,P0408,12,1.75,0.79,1.84,0,Low,2,1,0.95,backtest,demand_forecast_run_20261005T130920538
2025-09-18,S01,P0409,6,1.91,0.983,2.29,0,Low,2,1,0.95,backtest,demand_forecast_run_20261005T130920538
2025-09-18,S01,P0433,2,0.87,0.713,1.66,1,Medium,2,1,0.95,backtest,demand_forecast_run_20261005T130920538
2025-09-18,S01,P0435,19,6.978,1.75,4.08,0,Low,2,1,0.95,backtest,demand_forecast_run_20261005T130920538
2025-09-18,S01,P0445,11,1.513,0.882,2.06,0,Low,2,1,0.95,backtest,demand_forecast_run_20261005T130920538
2025-09-18,S01,P0507,1,11.347,1.858,4.34,15,High,2,1,0.95,backtest,demand_forecast_run_20261005T130920538
2025-09-18,S01,P0563,14,4.677,1.451,3.39,0,Low,2,1,0.95,backtest,demand_forecast_run_20261005T130920538
2025-09-18,S01,P0579,2,1.578,1.02,2.38,2,Medium,2,1,0.95,backtest,demand_forecast_run_20261005T130920538
2025-09-18,S01,P0589,6,2.411,1.206,2.81,0,Low,2,1,0.95,backtest,demand_forecast_run_20261005T130920538
2025-09-18,S02,P0003,17,4.345,1.524,3.56,0,Low,2,1,0.95,backtest,demand_forecast_run_20261005T130920538
2025-09-18,S02,P0022,19,4.794,1.575,3.67,0,Low,2,1,0.95,backtest,demand_forecast_run_20261005T130920538
2025-09-18,S02,P0032,34,11.612,2.037,4.75,0,Low,2,1,0.95,backtest,demand_forecast_run_20261005T130920538
2025-09-18,S02,P0053,7,0.773,0.81,1.89,0,Low,2,1,0.95,backtest,demand_forecast_run_20261005T130920538
2025-09-18,S02,P0073,7,1.582,0.838,1.96,0,Low,2,1,0.95,backtest,demand_forecast_run_20261005T130920538
2025-09-18,S02,P0170,2,1.288,0.92,2.15,2,Medium,2,1,0.95,backtest,demand_forecast_run_20261005T130920538
2025-09-18,S02,P0206,11,5.364,1.351,3.15,0,Low,2,1,0.95,backtest,demand_forecast_run_20261005T130920538
2025-09-18,S02,P0213,7,3.15,1.388,3.24,0,Low,2,1,0.95,backtest,demand_forecast_run_20261005T130920538
2025-09-18,S02,P0252,7,6.343,1.389,3.24,3,Medium,2,1,0.95,backtest,demand_forecast_run_20261005T130920538
2025-09-18,S02,P0272,1,2.433,1.301,3.04,5,High,2,1,0.95,backtest,demand_forecast_run_20261005T130920538
2025-09-18,S02,P0288,6,2.665,0.876,2.04,0,Low,2,1,0.95,backtest,demand_forecast_run_20261005T130920538
2025-09-18,S02,P0316,6,1.686,0.786,1.83,0,Low,2,1,0.95,backtest,demand_forecast_run_20261005T130920538
2025-09-18,S02,P0369,19,6.177,1.765,4.12,0,Low,2,1,0.95,backtest,demand_forecast_run_20261005T130920538
2025-09-18,S02,P0381,10,1.947,1.136,2.65,0,Low,2,1,0.95,backtest,demand_forecast_run_20261005T130920538
2025-09-18,S02,P0391,1,4.253,1.574,3.67,7,High,2,1,0.95,backtest,demand_forecast_run_20261005T130920538
2025-09-18,S02,P0392,7,1.145,1.096,2.56,0,Low,2,1,0.95,backtest,demand_forecast_run_20261005T130920538
2025-09-18,S02,P0408,4,3.489,1.041,2.43,2,Medium,2,1,0.95,backtest,demand_forecast_run_20261005T130920538
2025-09-18,S02,P0409,11,3.816,1.343,3.13,0,Low,2,1,0.95,backtest,demand_forecast_run_20261005T130920538
2025-09-18,S02,P0433,6,0.515,0.548,1.28,0,Low,2,1,0.95,backtest,demand_forecast_run_20261005T130920538
2025-09-18,S02,P0435,12,8.239,1.834,4.28,1,Low,2,1,0.95,backtest,demand_forecast_run_20261005T130920538
2025-09-18,S02,P0445,10,2.209,1.23,2.87,0,Low,2,1,0.95,backtest,demand_forecast_run_20261005T130920538
2025-09-18,S02,P0507,46,14.221,1.887,4.4,0,Low,2,1,0.95,backtest,demand_forecast_run_20261005T130920538
2025-09-18,S02,P0563,17,4.015,1.744,4.07,0,Low,2,1,0.95,backtest,demand_forecast_run_20261005T130920538
2025-09-18,S02,P0579,10,1.187,0.962,2.25,0,Low,2,1,0.95,backtest,demand_forecast_run_20261005T130920538
2025-09-18,S02,P0589,11,2.414,1.197,2.79,0,Low,2,1,0.95,backtest,demand_forecast_run_20261005T130920538
2025-09-18,S03,P0003,17,2.446,1.071,2.5,0,Low,2,1,0.95,backtest,demand_forecast_run_20261005T130920538
2025-09-18,S03,P0022,12,2.787,1.458,3.4,0,Low,2,1,0.95,backtest,demand_forecast_run_20261005T130920538
2025-09-18,S03,P0032,26,10.292,2.348,5.48,0,Low,2,1,0.95,backtest,demand_forecast_run_20261005T130920538
2025-09-18,S03,P0053,5,1.187,0.922,2.15,0,Low,2,1,0.95,backtest,demand_forecast_run_20261005T130920538
2025-09-18,S03,P0073,6,1.036,0.518,1.21,0,Low,2,1,0.95,backtest,demand_forecast_run_20261005T130920538
2025-09-18,S03,P0170,10,3.373,0.995,2.32,0,Low,2,1,0.95,backtest,demand_forecast_run_20261005T130920538
2025-09-18,S03,P0206,11,3.814,1.166,2.72,0,Low,2,1,0.95,backtest,demand_forecast_run_20261005T130920538
2025-09-18,S03,P0213,12,2.819,1.138,2.66,0,Low,2,1,0.95,backtest,demand_forecast_run_20261005T130920538
2025-09-18,S03,P0252,5,5.665,2.209,5.15,6,High,2,1,0.95,backtest,demand_forecast_run_20261005T130920538
2025-09-18,S03,P0272,4,1.332,0.67,1.56,0,Low,2,1,0.95,backtest,demand_forecast_run_20261005T130920538
2025-09-18,S03,P0288,13,1.116,0.518,1.21,0,Low,2,1,0.95,backtest,demand_forecast_run_20261005T130920538
2025-09-18,S03,P0316,11,2.092,1.133,2.64,0,Low,2,1,0.95,backtest,demand_forecast_run_20261005T130920538
2025-09-18,S03,P0369,18,4.544,1.467,3.42,0,Low,2,1,0.95,backtest,demand_forecast_run_20261005T130920538
2025-09-18,S03,P0381,7,1.332,0.612,1.43,0,Low,2,1,0.95,backtest,demand_forecast_run_20261005T130920538
2025-09-18,S03,P0391,18,3.956,2.283,5.33,0,Low,2,1,0.95,backtest,demand_forecast_run_20261005T130920538
2025-09-18,S03,P0392,11,0.927,0.634,1.48,0,Low,2,1,0.95,backtest,demand_forecast_run_20261005T130920538
2025-09-18,S03,P0408,8,1.695,0.793,1.85,0,Low,2,1,0.95,backtest,demand_forecast_run_20261005T130920538
2025-09-18,S03,P0409,3,2.091,0.905,2.11,2,Medium,2,1,0.95,backtest,demand_forecast_run_20261005T130920538
2025-09-18,S03,P0433,6,0.279,0.378,0.88,0,Low,2,1,0.95,backtest,demand_forecast_run_20261005T130920538
2025-09-18,S03,P0435,19,6.218,1.257,2.93,0,Low,2,1,0.95,backtest,demand_forecast_run_20261005T130920538
2025-09-18,S03,P0445,0,1.23,0.621,1.45,3,High,2,1,0.95,backtest,demand_forecast_run_20261005T130920538
2025-09-18,S03,P0507,45,13.161,2.495,5.82,0,Low,2,1,0.95,backtest,demand_forecast_run_20261005T130920538
2025-09-18,S03,P0563,15,3.995,1.17,2.73,0,Low,2,1,0.95,backtest,demand_forecast_run_20261005T130920538
2025-09-18,S03,P0579,2,1.818,1.329,3.1,3,Medium,2,1,0.95,backtest,demand_forecast_run_20261005T130920538
2025-09-18,S03,P0589,9,3.443,1.496,3.49,0,Low,2,1,0.95,backtest,demand_forecast_run_20261005T130920538
2025-09-18,S04,P0003,6,3.336,1.347,3.14,1,Low,2,1,0.95,backtest,demand_forecast_run_20261005T130920538
2025-09-18,S04,P0022,8,2.34,1.101,2.57,0,Low,2,1,0.95,backtest,demand_forecast_run_20261005T130920538
2025-09-18,S04,P0032,27,8.537,2.742,6.4,0,Low,2,1,0.95,backtest,demand_forecast_run_20261005T130920538
2025-09-18,S04,P0053,5,0.831,0.737,1.72,0,Low,2,1,0.95,backtest,demand_forecast_run_20261005T130920538
2025-09-18,S04,P0073,5,1.303,0.518,1.21,0,Low,2,1,0.95,backtest,demand_forecast_run_20261005T130920538
2025-09-18,S04,P0170,3,2.694,1.062,2.48,3,Medium,2,1,0.95,backtest,demand_forecast_run_20261005T130920538
2025-09-18,S04,P0206,13,4.932,1.517,3.54,0,Low,2,1,0.95,backtest,demand_forecast_run_20261005T130920538
2025-09-18,S04,P0213,10,1.491,0.685,1.6,0,Low,2,1,0.95,backtest,demand_forecast_run_20261005T130920538
2025-09-18,S04,P0252,15,3.754,1.347,3.14,0,Low,2,1,0.95,backtest,demand_forecast_run_20261005T130920538
2025-09-18,S04,P0272,9,2.233,0.836,1.95,0,Low,2,1,0.95,backtest,demand_forecast_run_20261005T130920538
2025-09-18,S04,P0288,6,1.902,0.826,1.93,0,Low,2,1,0.95,backtest,demand_forecast_run_20261005T130920538
2025-09-18,S04,P0316,9,1.046,0.701,1.63,0,Low,2,1,0.95,backtest,demand_forecast_run_20261005T130920538
2025-09-18,S04,P0369,7,3.971,1.295,3.02,0,Low,2,1,0.95,backtest,demand_forecast_run_20261005T130920538
2025-09-18,S04,P0381,6,2.047,0.916,2.14,0,Low,2,1,0.95,backtest,demand_forecast_run_20261005T130920538
2025-09-18,S04,P0391,14,2.114,1.186,2.77,0,Low,2,1,0.95,backtest,demand_forecast_run_20261005T130920538
2025-09-18,S04,P0392,7,0.902,0.46,1.07,0,Low,2,1,0.95,backtest,demand_forecast_run_20261005T130920538
2025-09-18,S04,P0408,16,2.043,0.854,1.99,0,Low,2,1,0.95,backtest,demand_forecast_run_20261005T130920538
2025-09-18,S04,P0409,8,1.512,0.951,2.22,0,Low,2,1,0.95,backtest,demand_forecast_run_20261005T130920538
2025-09-18,S04,P0433,8,0.103,0.189,0.44,0,Low,2,1,0.95,backtest,demand_forecast_run_20261005T130920538
2025-09-18,S04,P0435,18,4.65,1.794,4.19,0,Low,2,1,0.95,backtest,demand_forecast_run_20261005T130920538
2025-09-18,S04,P0445,4,2.092,0.997,2.33,1,Low,2,1,0.95,backtest,demand_forecast_run_20261005T130920538
2025-09-18,S04,P0507,21,9.412,1.894,4.42,0,Low,2,1,0.95,backtest,demand_forecast_run_20261005T130920538
2025-09-18,S04,P0563,7,2.605,0.839,1.96,0,Low,2,1,0.95,backtest,demand_forecast_run_20261005T130920538
2025-09-18,S04,P0579,8,0.924,0.875,2.04,0,Low,2,1,0.95,backtest,demand_forecast_run_20261005T130920538
2025-09-18,S04,P0589,8,2.301,0.937,2.19,0,Low,2,1,0.95,backtest,demand_forecast_run_20261005T130920538
2025-09-18,S05,P0003,10,2.528,1.323,3.09,0,Low,2,1,0.95,backtest,demand_forecast_run_20261005T130920538
2025-09-18,S05,P0022,5,3.409,1.067,2.49,1,Low,2,1,0.95,backtest,demand_forecast_run_20261005T130920538
2025-09-18,S05,P0032,12,8.911,2.631,6.14,4,Low,2,1,0.95,backtest,demand_forecast_run_20261005T130920538
2025-09-18,S05,P0053,8,0.97,0.922,2.15,0,Low,2,1,0.95,backtest,demand_forecast_run_20261005T130920538
2025-09-18,S05,P0073,5,0.755,0.6,1.4,0,Low,2,1,0.95,backtest,demand_forecast_run_20261005T130920538
2025-09-18,S05,P0170,7,1.292,0.745,1.74,0,Low,2,1,0.95,backtest,demand_forecast_run_20261005T130920538
2025-09-18,S05,P0206,6,3.421,1.438,3.36,1,Low,2,1,0.95,backtest,demand_forecast_run_20261005T130920538
2025-09-18,S05,P0213,11,1.845,0.994,2.32,0,Low,2,1,0.95,backtest,demand_forecast_run_20261005T130920538
2025-09-18,S05,P0252,8,4.594,1.563,3.65,1,Low,2,1,0.95,backtest,demand_forecast_run_20261005T130920538
2025-09-18,S05,P0272,8,1.51,0.959,2.24,0,Low,2,1,0.95,backtest,demand_forecast_run_20261005T130920538
2025-09-18,S05,P0288,5,2.124,1.175,2.74,0,Low,2,1,0.95,backtest,demand_forecast_run_20261005T130920538
2025-09-18,S05,P0316,7,1.448,0.916,2.14,0,Low,2,1,0.95,backtest,demand_forecast_run_20261005T130920538
2025-09-18,S05,P0369,14,4.12,1.707,3.98,0,Low,2,1,0.95,backtest,demand_forecast_run_20261005T130920538
2025-09-18,S05,P0381,1,1.133,0.836,1.95,3,High,2,1,0.95,backtest,demand_forecast_run_20261005T130920538
2025-09-18,S05,P0391,5,2.164,1.232,2.87,1,Medium,2,1,0.95,backtest,demand_forecast_run_20261005T130920538
2025-09-18,S05,P0392,5,0.423,0.315,0.73,0,Low,2,1,0.95,backtest,demand_forecast_run_20261005T130920538
2025-09-18,S05,P0408,2,1.531,0.951,2.22,2,Medium,2,1,0.95,backtest,demand_forecast_run_20261005T130920538
2025-09-18,S05,P0409,9,2.357,1.09,2.54,0,Low,2,1,0.95,backtest,demand_forecast_run_20261005T130920538
2025-09-18,S05,P0433,5,0.426,0.315,0.73,0,Low,2,1,0.95,backtest,demand_forecast_run_20261005T130920538
2025-09-18,S05,P0435,15,3.945,1.499,3.5,0,Low,2,1,0.95,backtest,demand_forecast_run_20261005T130920538
2025-09-18,S05,P0445,7,1.55,0.916,2.14,0,Low,2,1,0.95,backtest,demand_forecast_run_20261005T130920538
2025-09-18,S05,P0507,17,9.02,2.158,5.04,0,Low,2,1,0.95,backtest,demand_forecast_run_20261005T130920538
2025-09-18,S05,P0563,13,3.398,1.823,4.25,0,Low,2,1,0.95,backtest,demand_forecast_run_20261005T130920538
2025-09-18,S05,P0579,2,0.992,0.713,1.66,1,Medium,2,1,0.95,backtest,demand_forecast_run_20261005T130920538
2025-09-18,S05,P0589,5,2.769,1.362,3.18,1,Low,2,1,0.95,backtest,demand_forecast_run_20261005T130920538
2025-09-18,S06,P0003,17,3.516,1.682,3.93,0,Low,2,1,0.95,backtest,demand_forecast_run_20261005T130920538
2025-09-18,S06,P0022,10,2.491,1.331,3.11,0,Low,2,1,0.95,backtest,demand_forecast_run_20261005T130920538
2025-09-18,S06,P0032,51,14.352,2.859,6.67,0,Low,2,1,0.95,backtest,demand_forecast_run_20261005T130920538
2025-09-18,S06,P0053,6,1.698,1.63,3.8,0,Low,2,1,0.95,backtest,demand_forecast_run_20261005T130920538
2025-09-18,S06,P0073,8,3.362,1.133,2.64,0,Low,2,1,0.95,backtest,demand_forecast_run_20261005T130920538
2025-09-18,S06,P0170,9,2.098,1.09,2.54,0,Low,2,1,0.95,backtest,demand_forecast_run_20261005T130920538
2025-09-18,S06,P0206,21,8.397,3.019,7.04,0,Low,2,1,0.95,backtest,demand_forecast_run_20261005T130920538
2025-09-18,S06,P0213,14,4.604,1.427,3.33,0,Low,2,1,0.95,backtest,demand_forecast_run_20261005T130920538
2025-09-18,S06,P0252,24,7.012,1.744,4.07,0,Low,2,1,0.95,backtest,demand_forecast_run_20261005T130920538
2025-09-18,S06,P0272,10,1.883,0.793,1.85,0,Low,2,1,0.95,backtest,demand_forecast_run_20261005T130920538
2025-09-18,S06,P0288,4,2.067,0.836,1.95,1,Medium,2,1,0.95,backtest,demand_forecast_run_20261005T130920538
2025-09-18,S06,P0316,12,3.573,1.357,3.17,0,Low,2,1,0.95,backtest,demand_forecast_run_20261005T130920538
2025-09-18,S06,P0369,27,8.381,1.875,4.38,0,Low,2,1,0.95,backtest,demand_forecast_run_20261005T130920538
2025-09-18,S06,P0381,3,3.766,1.678,3.91,5,High,2,1,0.95,backtest,demand_forecast_run_20261005T130920538
2025-09-18,S06,P0391,8,3.99,2.358,5.5,2,Low,2,1,0.95,backtest,demand_forecast_run_20261005T130920538
2025-09-18,S06,P0392,9,2.686,1.056,2.46,0,Low,2,1,0.95,backtest,demand_forecast_run_20261005T130920538
2025-09-18,S06,P0408,16,4.4,0.945,2.2,0,Low,2,1,0.95,backtest,demand_forecast_run_20261005T130920538
2025-09-18,S06,P0409,12,2.88,1.138,2.66,0,Low,2,1,0.95,backtest,demand_forecast_run_20261005T130920538
2025-09-18,S06,P0433,8,1.086,0.612,1.43,0,Low,2,1,0.95,backtest,demand_forecast_run_20261005T130920538
2025-09-18,S06,P0435,13,9.301,1.698,3.96,1,Low,2,1,0.95,backtest,demand_forecast_run_20261005T130920538
2025-09-18,S06,P0445,5,2.661,1.143,2.67,1,Low,2,1,0.95,backtest,demand_forecast_run_20261005T130920538
2025-09-18,S06,P0507,30,14.574,3.155,7.36,0,Low,2,1,0.95,backtest,demand_forecast_run_20261005T130920538
2025-09-18,S06,P0563,5,3.632,1.319,3.08,2,Medium,2,1,0.95,backtest,demand_forecast_run_20261005T130920538
2025-09-18,S06,P0579,10,2.582,1.438,3.36,0,Low,2,1,0.95,backtest,demand_forecast_run_20261005T130920538
2025-09-18,S06,P0589,6,3.146,1.166,2.72,0,Medium,2,1,0.95,backtest,demand_forecast_run_20261005T130920538
2025-09-18,S07,P0003,11,2.908,1.105,2.58,0,Low,2,1,0.95,backtest,demand_forecast_run_20261005T130920538
2025-09-18,S07,P0022,2,3.744,1.533,3.58,6,High,2,1,0.95,backtest,demand_forecast_run_20261005T130920538
2025-09-18,S07,P0032,30,10.609,2.572,6,0,Low,2,1,0.95,backtest,demand_forecast_run_20261005T130920538
2025-09-18,S07,P0053,6,1.192,0.905,2.11,0,Low,2,1,0.95,backtest,demand_forecast_run_20261005T130920538
2025-09-18,S07,P0073,4,1.086,0.78,1.82,0,Low,2,1,0.95,backtest,demand_forecast_run_20261005T130920538
2025-09-18,S07,P0170,5,0.956,0.67,1.56,0,Low,2,1,0.95,backtest,demand_forecast_run_20261005T130920538
2025-09-18,S07,P0206,2,5.136,1.652,3.86,7,High,2,1,0.95,backtest,demand_forecast_run_20261005T130920538
2025-09-18,S07,P0213,8,3.105,1.105,2.58,0,Low,2,1,0.95,backtest,demand_forecast_run_20261005T130920538
2025-09-18,S07,P0252,10,4.526,1.652,3.86,0,Low,2,1,0.95,backtest,demand_forecast_run_20261005T130920538
2025-09-18,S07,P0272,6,1.086,0.731,1.71,0,Low,2,1,0.95,backtest,demand_forecast_run_20261005T130920538
2025-09-18,S07,P0288,7,1.948,1.02,2.38,0,Low,2,1,0.95,backtest,demand_forecast_run_20261005T130920538
2025-09-18,S07,P0316,10,0.713,0.476,1.11,0,Low,2,1,0.95,backtest,demand_forecast_run_20261005T130920538
2025-09-18,S07,P0369,17,4.79,1.551,3.62,0,Low,2,1,0.95,backtest,demand_forecast_run_20261005T130920538
2025-09-18,S07,P0381,4,1.086,0.559,1.3,0,Low,2,1,0.95,backtest,demand_forecast_run_20261005T130920538
2025-09-18,S07,P0391,8,3.01,2.034,4.75,0,Low,2,1,0.95,backtest,demand_forecast_run_20261005T130920538
2025-09-18,S07,P0392,3,1.769,0.863,2.01,1,Medium,2,1,0.95,backtest,demand_forecast_run_20261005T130920538
2025-09-18,S07,P0408,12,1.78,1.278,2.98,0,Low,2,1,0.95,backtest,demand_forecast_run_20261005T130920538
2025-09-18,S07,P0409,9,3.026,1.323,3.09,0,Low,2,1,0.95,backtest,demand_forecast_run_20261005T130920538
2025-09-18,S07,P0433,5,0.469,0.568,1.33,0,Low,2,1,0.95,backtest,demand_forecast_run_20261005T130920538
2025-09-18,S07,P0435,25,5.536,2.159,5.04,0,Low,2,1,0.95,backtest,demand_forecast_run_20261005T130920538
2025-09-18,S07,P0445,10,1.2,0.786,1.83,0,Low,2,1,0.95,backtest,demand_forecast_run_20261005T130920538
2025-09-18,S07,P0507,19,9.271,2.589,6.04,0,Low,2,1,0.95,backtest,demand_forecast_run_20261005T130920538
2025-09-18,S07,P0563,10,3.91,1.357,3.17,0,Low,2,1,0.95,backtest,demand_forecast_run_20261005T130920538
2025-09-18,S07,P0579,8,1.47,0.956,2.23,0,Low,2,1,0.95,backtest,demand_forecast_run_20261005T130920538
2025-09-18,S07,P0589,10,2.692,1.066,2.49,0,Low,2,1,0.95,backtest,demand_forecast_run_20261005T130920538
2025-09-18,S08,P0003,18,4.376,1.856,4.33,0,Low,2,1,0.95,backtest,demand_forecast_run_20261005T130920538
2025-09-18,S08,P0022,13,3.655,1.798,4.19,0,Low,2,1,0.95,backtest,demand_forecast_run_20261005T130920538
2025-09-18,S08,P0032,20,14.343,2.734,6.38,1,Low,2,1,0.95,backtest,demand_forecast_run_20261005T130920538
2025-09-18,S08,P0053,9,1.656,1.371,3.2,0,Low,2,1,0.95,backtest,demand_forecast_run_20261005T130920538
2025-09-18,S08,P0073,12,1.192,0.723,1.69,0,Low,2,1,0.95,backtest,demand_forecast_run_20261005T130920538
2025-09-18,S08,P0170,6,2.238,0.983,2.29,0,Low,2,1,0.95,backtest,demand_forecast_run_20261005T130920538
2025-09-18,S08,P0206,13,5.625,1.206,2.81,0,Low,2,1,0.95,backtest,demand_forecast_run_20261005T130920538
2025-09-18,S08,P0213,14,2.737,1.779,4.15,0,Low,2,1,0.95,backtest,demand_forecast_run_20261005T130920538
2025-09-18,S08,P0252,29,8.441,1.948,4.54,0,Low,2,1,0.95,backtest,demand_forecast_run_20261005T130920538
2025-09-18,S08,P0272,11,2.516,1.124,2.62,0,Low,2,1,0.95,backtest,demand_forecast_run_20261005T130920538
2025-09-18,S08,P0288,11,2.907,1.067,2.49,0,Low,2,1,0.95,backtest,demand_forecast_run_20261005T130920538
2025-09-18,S08,P0316,15,2.089,0.838,1.96,0,Low,2,1,0.95,backtest,demand_forecast_run_20261005T130920538
2025-09-18,S08,P0369,1,6.273,2.562,5.98,12,High,2,1,0.95,backtest,demand_forecast_run_20261005T130920538
2025-09-18,S08,P0381,14,1.854,1.036,2.42,0,Low,2,1,0.95,backtest,demand_forecast_run_20261005T130920538
2025-09-18,S08,P0391,16,3.764,1.813,4.23,0,Low,2,1,0.95,backtest,demand_forecast_run_20261005T130920538
2025-09-18,S08,P0392,7,2.188,1.416,3.3,0,Low,2,1,0.95,backtest,demand_forecast_run_20261005T130920538
2025-09-18,S08,P0408,5,3.268,1.843,4.3,3,Medium,2,1,0.95,backtest,demand_forecast_run_20261005T130920538
2025-09-18,S08,P0409,15,3.504,1.634,3.81,0,Low,2,1,0.95,backtest,demand_forecast_run_20261005T130920538
2025-09-18,S08,P0433,6,1.377,0.518,1.21,0,Low,2,1,0.95,backtest,demand_forecast_run_20261005T130920538
2025-09-18,S08,P0435,9,9.515,2.098,4.9,6,High,2,1,0.95,backtest,demand_forecast_run_20261005T130920538
2025-09-18,S08,P0445,4,2.003,1.202,2.8,1,Medium,2,1,0.95,backtest,demand_forecast_run_20261005T130920538
2025-09-18,S08,P0507,26,15.881,2.631,6.14,0,Low,2,1,0.95,backtest,demand_forecast_run_20261005T130920538
2025-09-18,S08,P0563,13,8.741,2.231,5.21,1,Low,2,1,0.95,backtest,demand_forecast_run_20261005T130920538
2025-09-18,S08,P0579,3,1.705,0.826,1.93,1,Medium,2,1,0.95,backtest,demand_forecast_run_20261005T130920538
2025-09-18,S08,P0589,15,3.256,1.976,4.61,0,Low,2,1,0.95,backtest,demand_forecast_run_20261005T130920538
2025-09-18,S09,P0003,17,3.867,1.499,3.5,0,Low,2,1,0.95,backtest,demand_forecast_run_20261005T130920538
2025-09-18,S09,P0022,12,3.523,1.071,2.5,0,Low,2,1,0.95,backtest,demand_forecast_run_20261005T130920538
2025-09-18,S09,P0032,35,13.603,2.275,5.31,0,Low,2,1,0.95,backtest,demand_forecast_run_20261005T130920538
2025-09-18,S09,P0053,8,0.888,0.621,1.45,0,Low,2,1,0.95,backtest,demand_forecast_run_20261005T130920538
2025-09-18,S09,P0073,7,1.059,0.844,1.97,0,Low,2,1,0.95,backtest,demand_forecast_run_20261005T130920538
2025-09-18,S09,P0170,3,2.653,1.1,2.57,3,Medium,2,1,0.95,backtest,demand_forecast_run_20261005T130920538
2025-09-18,S09,P0206,16,4.732,1.339,3.13,0,Low,2,1,0.95,backtest,demand_forecast_run_20261005T130920538
2025-09-18,S09,P0213,16,4.988,1.641,3.83,0,Low,2,1,0.95,backtest,demand_forecast_run_20261005T130920538
2025-09-18,S09,P0252,6,6.361,1.942,4.53,5,High,2,1,0.95,backtest,demand_forecast_run_20261005T130920538
2025-09-18,S09,P0272,5,1.664,0.567,1.32,0,Low,2,1,0.95,backtest,demand_forecast_run_20261005T130920538
2025-09-18,S09,P0288,12,2.706,1.066,2.49,0,Low,2,1,0.95,backtest,demand_forecast_run_20261005T130920538
2025-09-18,S09,P0316,2,2.366,1.156,2.7,4,High,2,1,0.95,backtest,demand_forecast_run_20261005T130920538
2025-09-18,S09,P0369,6,5.595,1.892,4.42,5,Medium,2,1,0.95,backtest,demand_forecast_run_20261005T130920538
2025-09-18,S09,P0381,6,1.361,0.863,2.01,0,Low,2,1,0.95,backtest,demand_forecast_run_20261005T130920538
2025-09-18,S09,P0391,22,3.909,1.687,3.94,0,Low,2,1,0.95,backtest,demand_forecast_run_20261005T130920538
2025-09-18,S09,P0392,9,1.429,1.182,2.76,0,Low,2,1,0.95,backtest,demand_forecast_run_20261005T130920538
2025-09-18,S09,P0408,7,3.236,1.031,2.41,0,Low,2,1,0.95,backtest,demand_forecast_run_20261005T130920538
2025-09-18,S09,P0409,6,2.744,1.257,2.93,0,Low,2,1,0.95,backtest,demand_forecast_run_20261005T130920538
2025-09-18,S09,P0433,4,0.415,0.315,0.73,0,Low,2,1,0.95,backtest,demand_forecast_run_20261005T130920538
2025-09-18,S09,P0435,25,7.684,2.117,4.94,0,Low,2,1,0.95,backtest,demand_forecast_run_20261005T130920538
2025-09-18,S09,P0445,5,2.414,1.74,4.06,2,Low,2,1,0.95,backtest,demand_forecast_run_20261005T130920538
2025-09-18,S09,P0507,22,12.189,2.671,6.23,0,Low,2,1,0.95,backtest,demand_forecast_run_20261005T130920538
2025-09-18,S09,P0563,19,5.597,1.701,3.97,0,Low,2,1,0.95,backtest,demand_forecast_run_20261005T130920538
2025-09-18,S09,P0579,8,1.756,0.997,2.33,0,Low,2,1,0.95,backtest,demand_forecast_run_20261005T130920538
2025-09-18,S09,P0589,9,4.989,1.834,4.28,1,Low,2,1,0.95,backtest,demand_forecast_run_20261005T130920538
2025-09-18,S10,P0003,7,4.558,1.969,4.59,3,Low,2,1,0.95,backtest,demand_forecast_run_20261005T130920538
2025-09-18,S10,P0022,10,3.208,1.274,2.97,0,Low,2,1,0.95,backtest,demand_forecast_run_20261005T130920538
2025-09-18,S10,P0032,31,10.569,2.233,5.21,0,Low,2,1,0.95,backtest,demand_forecast_run_20261005T130920538
2025-09-18,S10,P0053,5,0.656,0.854,1.99,0,Low,2,1,0.95,backtest,demand_forecast_run_20261005T130920538
2025-09-18,S10,P0073,6,1.204,0.723,1.69,0,Low,2,1,0.95,backtest,demand_forecast_run_20261005T130920538
2025-09-18,S10,P0170,6,1.867,0.911,2.13,0,Low,2,1,0.95,backtest,demand_forecast_run_20261005T130920538
2025-09-18,S10,P0206,12,3.452,1.005,2.34,0,Low,2,1,0.95,backtest,demand_forecast_run_20261005T130920538
2025-09-18,S10,P0213,8,2.889,1.388,3.24,0,Low,2,1,0.95,backtest,demand_forecast_run_20261005T130920538
2025-09-18,S10,P0252,0,5.299,1.61,3.76,10,High,2,1,0.95,backtest,demand_forecast_run_20261005T130920538
2025-09-18,S10,P0272,3,1.07,0.659,1.54,0,Medium,2,1,0.95,backtest,demand_forecast_run_20261005T130920538
2025-09-18,S10,P0288,11,2.277,1.484,3.46,0,Low,2,1,0.95,backtest,demand_forecast_run_20261005T130920538
2025-09-18,S10,P0316,1,1.315,0.6,1.4,2,High,2,1,0.95,backtest,demand_forecast_run_20261005T130920538
2025-09-18,S10,P0369,14,4.896,1.548,3.61,0,Low,2,1,0.95,backtest,demand_forecast_run_20261005T130920538
2025-09-18,S10,P0381,2,2.141,0.92,2.15,3,High,2,1,0.95,backtest,demand_forecast_run_20261005T130920538
2025-09-18,S10,P0391,8,3.114,1.569,3.66,0,Low,2,1,0.95,backtest,demand_forecast_run_20261005T130920538
2025-09-18,S10,P0392,7,0.945,0.559,1.3,0,Low,2,1,0.95,backtest,demand_forecast_run_20261005T130920538
2025-09-18,S10,P0408,0,2.626,0.838,1.96,5,High,2,1,0.95,backtest,demand_forecast_run_20261005T130920538
2025-09-18,S10,P0409,2,3.036,1.247,2.91,4,High,2,1,0.95,backtest,demand_forecast_run_20261005T130920538
2025-09-18,S10,P0433,3,0.807,0.518,1.21,0,Low,2,1,0.95,backtest,demand_forecast_run_20261005T130920538
2025-09-18,S10,P0435,0,6.356,2.558,5.97,13,High,2,1,0.95,backtest,demand_forecast_run_20261005T130920538
2025-09-18,S10,P0445,6,2.344,1.175,2.74,0,Low,2,1,0.95,backtest,demand_forecast_run_20261005T130920538
2025-09-18,S10,P0507,2,11.048,2.426,5.66,15,High,2,1,0.95,backtest,demand_forecast_run_20261005T130920538
2025-09-18,S10,P0563,4,6.021,1.873,4.37,7,High,2,1,0.95,backtest,demand_forecast_run_20261005T130920538
2025-09-18,S10,P0579,5,1.084,0.621,1.45,0,Low,2,1,0.95,backtest,demand_forecast_run_20261005T130920538
2025-09-18,S10,P0589,3,2.805,1.113,2.6,3,Medium,2,1,0.95,backtest,demand_forecast_run_20261005T130920538
2025-09-18,S11,P0003,13,3.501,1.464,3.42,0,Low,2,1,0.95,backtest,demand_forecast_run_20261005T130920538
2025-09-18,S11,P0022,8,4.558,1.953,4.56,2,Low,2,1,0.95,backtest,demand_forecast_run_20261005T130920538
2025-09-18,S11,P0032,39,12.397,3.684,8.6,0,Low,2,1,0.95,backtest,demand_forecast_run_20261005T130920538
2025-09-18,S11,P0053,3,1.457,0.997,2.33,1,Medium,2,1,0.95,backtest,demand_forecast_run_20261005T130920538
2025-09-18,S11,P0073,4,1.385,0.744,1.74,0,Low,2,1,0.95,backtest,demand_forecast_run_20261005T130920538
2025-09-18,S11,P0170,6,2.133,0.97,2.26,0,Low,2,1,0.95,backtest,demand_forecast_run_20261005T130920538
2025-09-18,S11,P0206,5,3.806,1.713,4,3,Medium,2,1,0.95,backtest,demand_forecast_run_20261005T130920538
2025-09-18,S11,P0213,6,4.215,1.474,3.44,2,Medium,2,1,0.95,backtest,demand_forecast_run_20261005T130920538
2025-09-18,S11,P0252,23,7.349,2.396,5.59,0,Low,2,1,0.95,backtest,demand_forecast_run_20261005T130920538
2025-09-18,S11,P0272,1,1.598,0.637,1.49,3,High,2,1,0.95,backtest,demand_forecast_run_20261005T130920538
2025-09-18,S11,P0288,10,3.5,1.83,4.27,0,Low,2,1,0.95,backtest,demand_forecast_run_20261005T130920538
2025-09-18,S11,P0316,10,3.48,1.044,2.44,0,Low,2,1,0.95,backtest,demand_forecast_run_20261005T130920538
2025-09-18,S11,P0369,21,6.922,3.516,8.21,0,Low,2,1,0.95,backtest,demand_forecast_run_20261005T130920538
2025-09-18,S11,P0381,7,3.516,1.416,3.3,0,Low,2,1,0.95,backtest,demand_forecast_run_20261005T130920538
2025-09-18,S11,P0391,15,3.188,1.602,3.74,0,Low,2,1,0.95,backtest,demand_forecast_run_20261005T130920538
2025-09-18,S11,P0392,7,1.484,1.227,2.86,0,Low,2,1,0.95,backtest,demand_forecast_run_20261005T130920538
2025-09-18,S11,P0408,14,3.724,1.686,3.93,0,Low,2,1,0.95,backtest,demand_forecast_run_20261005T130920538
2025-09-18,S11,P0409,0,3.033,1.145,2.67,6,High,2,1,0.95,backtest,demand_forecast_run_20261005T130920538
2025-09-18,S11,P0433,6,0.79,0.6,1.4,0,Low,2,1,0.95,backtest,demand_forecast_run_20261005T130920538
2025-09-18,S11,P0435,20,8.198,2.816,6.57,0,Low,2,1,0.95,backtest,demand_forecast_run_20261005T130920538
2025-09-18,S11,P0445,8,2.564,1.315,3.07,0,Low,2,1,0.95,backtest,demand_forecast_run_20261005T130920538
2025-09-18,S11,P0507,67,12.818,2.742,6.4,0,Low,2,1,0.95,backtest,demand_forecast_run_20261005T130920538
2025-09-18,S11,P0563,11,6.392,2.745,6.41,2,Low,2,1,0.95,backtest,demand_forecast_run_20261005T130920538
2025-09-18,S11,P0579,6,1.643,0.962,2.24,0,Low,2,1,0.95,backtest,demand_forecast_run_20261005T130920538
2025-09-18,S11,P0589,5,3.034,1.12,2.61,1,Medium,2,1,0.95,backtest,demand_forecast_run_20261005T130920538
2025-09-18,S12,P0003,19,3.345,1.297,3.03,0,Low,2,1,0.95,backtest,demand_forecast_run_20261005T130920538
2025-09-18,S12,P0022,12,3.557,1.29,3.01,0,Low,2,1,0.95,backtest,demand_forecast_run_20261005T130920538
2025-09-18,S12,P0032,47,13.317,6.179,14.42,0,Low,2,1,0.95,backtest,demand_forecast_run_20261005T130920538
2025-09-18,S12,P0053,8,1.603,1.329,3.1,0,Low,2,1,0.95,backtest,demand_forecast_run_20261005T130920538
2025-09-18,S12,P0073,2,1.235,0.612,1.43,1,Medium,2,1,0.95,backtest,demand_forecast_run_20261005T130920538
2025-09-18,S12,P0170,10,1.801,1.278,2.98,0,Low,2,1,0.95,backtest,demand_forecast_run_20261005T130920538
2025-09-18,S12,P0206,7,3.858,1.813,4.23,2,Low,2,1,0.95,backtest,demand_forecast_run_20261005T130920538
2025-09-18,S12,P0213,10,2.615,1.499,3.5,0,Low,2,1,0.95,backtest,demand_forecast_run_20261005T130920538
2025-09-18,S12,P0252,8,4.792,1.729,4.03,1,Low,2,1,0.95,backtest,demand_forecast_run_20261005T130920538
2025-09-18,S12,P0272,4,3.018,1.315,3.07,3,Low,2,1,0.95,backtest,demand_forecast_run_20261005T130920538
2025-09-18,S12,P0288,13,2.543,1.213,2.83,0,Low,2,1,0.95,backtest,demand_forecast_run_20261005T130920538
2025-09-18,S12,P0316,6,2.723,1.177,2.75,0,Low,2,1,0.95,backtest,demand_forecast_run_20261005T130920538
2025-09-18,S12,P0369,24,8.154,2.685,6.27,0,Low,2,1,0.95,backtest,demand_forecast_run_20261005T130920538
2025-09-18,S12,P0381,13,2.058,1.138,2.66,0,Low,2,1,0.95,backtest,demand_forecast_run_20261005T130920538
2025-09-18,S12,P0391,10,2.886,1.301,3.04,0,Low,2,1,0.95,backtest,demand_forecast_run_20261005T130920538
2025-09-18,S12,P0392,7,1.052,1.034,2.41,0,Low,2,1,0.95,backtest,demand_forecast_run_20261005T130920538
2025-09-18,S12,P0408,6,1.944,1.162,2.71,0,Low,2,1,0.95,backtest,demand_forecast_run_20261005T130920538
2025-09-18,S12,P0409,11,2.522,1.274,2.97,0,Low,2,1,0.95,backtest,demand_forecast_run_20261005T130920538
2025-09-18,S12,P0433,6,0.714,0.659,1.54,0,Low,2,1,0.95,backtest,demand_forecast_run_20261005T130920538
2025-09-18,S12,P0435,13,6.485,1.806,4.22,0,Low,2,1,0.95,backtest,demand_forecast_run_20261005T130920538
2025-09-18,S12,P0445,9,0.934,0.731,1.71,0,Low,2,1,0.95,backtest,demand_forecast_run_20261005T130920538
2025-09-18,S12,P0507,30,9.064,3.085,7.2,0,Low,2,1,0.95,backtest,demand_forecast_run_20261005T130920538
2025-09-18,S12,P0563,11,4.115,1.274,2.97,0,Low,2,1,0.95,backtest,demand_forecast_run_20261005T130920538
2025-09-18,S12,P0579,4,1.093,0.744,1.74,0,Low,2,1,0.95,backtest,demand_forecast_run_20261005T130920538
2025-09-18,S12,P0589,5,2.196,1.11,2.59,0,Low,2,1,0.95,backtest,demand_forecast_run_20261005T130920538
2025-09-19,S01,P0003,13,3.889,1.456,3.4,0,Low,2,1,0.95,backtest,demand_forecast_run_20261005T130920538
2025-09-19,S01,P0022,18,3.083,1.416,3.3,0,Low,2,1,0.95,backtest,demand_forecast_run_20261005T130920538
2025-09-19,S01,P0032,21,11.041,2.795,6.52,0,Low,2,1,0.95,backtest,demand_forecast_run_20261005T130920538
2025-09-19,S01,P0053,2,1.181,0.87,2.03,2,Medium,2,1,0.95,backtest,demand_forecast_run_20261005T130920538
2025-09-19,S01,P0073,4,1.578,0.923,2.15,0,Low,2,1,0.95,backtest,demand_forecast_run_20261005T130920538
2025-09-19,S01,P0170,6,1.955,0.882,2.06,0,Low,2,1,0.95,backtest,demand_forecast_run_20261005T130920538
2025-09-19,S01,P0206,13,4.809,1.016,2.37,0,Low,2,1,0.95,backtest,demand_forecast_run_20261005T130920538
2025-09-19,S01,P0213,14,2.551,1.02,2.38,0,Low,2,1,0.95,backtest,demand_forecast_run_20261005T130920538
2025-09-19,S01,P0252,16,5.636,2.043,4.77,0,Low,2,1,0.95,backtest,demand_forecast_run_20261005T130920538
2025-09-19,S01,P0272,6,2.029,0.911,2.13,0,Low,2,1,0.95,backtest,demand_forecast_run_20261005T130920538
2025-09-19,S01,P0288,4,1.56,0.832,1.94,0,Medium,2,1,0.95,backtest,demand_forecast_run_20261005T130920538
2025-09-19,S01,P0316,8,0.962,0.418,0.98,0,Low,2,1,0.95,backtest,demand_forecast_run_20261005T130920538
2025-09-19,S01,P0369,26,5.538,1.458,3.4,0,Low,2,1,0.95,backtest,demand_forecast_run_20261005T130920538
2025-09-19,S01,P0381,7,2.142,1.219,2.84,0,Low,2,1,0.95,backtest,demand_forecast_run_20261005T130920538
2025-09-19,S01,P0391,8,4.604,1.792,4.18,1,Low,2,1,0.95,backtest,demand_forecast_run_20261005T130920538
2025-09-19,S01,P0392,4,0.832,0.518,1.21,0,Low,2,1,0.95,backtest,demand_forecast_run_20261005T130920538
2025-09-19,S01,P0408,12,1.87,0.79,1.84,0,Low,2,1,0.95,backtest,demand_forecast_run_20261005T130920538
2025-09-19,S01,P0409,5,1.907,0.983,2.29,0,Low,2,1,0.95,backtest,demand_forecast_run_20261005T130920538
2025-09-19,S01,P0433,0,1.112,0.772,1.8,3,High,2,1,0.95,backtest,demand_forecast_run_20261005T130920538
2025-09-19,S01,P0435,13,6.808,1.697,3.96,0,Low,2,1,0.95,backtest,demand_forecast_run_20261005T130920538
2025-09-19,S01,P0445,11,1.236,0.881,2.06,0,Low,2,1,0.95,backtest,demand_forecast_run_20261005T130920538
2025-09-19,S01,P0507,43,9.982,1.858,4.34,0,Low,2,1,0.95,backtest,demand_forecast_run_20261005T130920538
2025-09-19,S01,P0563,12,4.734,1.427,3.33,0,Low,2,1,0.95,backtest,demand_forecast_run_20261005T130920538
2025-09-19,S01,P0579,10,1.575,1.02,2.38,0,Low,2,1,0.95,backtest,demand_forecast_run_20261005T130920538
2025-09-19,S01,P0589,3,2.666,1.268,2.96,3,Medium,2,1,0.95,backtest,demand_forecast_run_20261005T130920538
2025-09-19,S02,P0003,14,4.484,1.476,3.45,0,Low,2,1,0.95,backtest,demand_forecast_run_20261005T130920538
2025-09-19,S02,P0022,19,4.604,1.597,3.73,0,Low,2,1,0.95,backtest,demand_forecast_run_20261005T130920538
2025-09-19,S02,P0032,29,10.605,1.957,4.57,0,Low,2,1,0.95,backtest,demand_forecast_run_20261005T130920538
2025-09-19,S02,P0053,7,0.796,0.81,1.89,0,Low,2,1,0.95,backtest,demand_forecast_run_20261005T130920538
2025-09-19,S02,P0073,7,1.49,0.838,1.96,0,Low,2,1,0.95,backtest,demand_forecast_run_20261005T130920538
2025-09-19,S02,P0170,0,1.493,0.962,2.25,4,High,2,1,0.95,backtest,demand_forecast_run_20261005T130920538
2025-09-19,S02,P0206,10,5.275,1.329,3.1,0,Low,2,1,0.95,backtest,demand_forecast_run_20261005T130920538
2025-09-19,S02,P0213,6,3,1.374,3.21,1,Low,2,1,0.95,backtest,demand_forecast_run_20261005T130920538
2025-09-19,S02,P0252,7,6.141,1.399,3.26,3,Medium,2,1,0.95,backtest,demand_forecast_run_20261005T130920538
2025-09-19,S02,P0272,9,2.406,1.295,3.02,0,Low,2,1,0.95,backtest,demand_forecast_run_20261005T130920538
2025-09-19,S02,P0288,4,2.619,0.887,2.07,1,Medium,2,1,0.95,backtest,demand_forecast_run_20261005T130920538
2025-09-19,S02,P0316,6,1.612,0.786,1.83,0,Low,2,1,0.95,backtest,demand_forecast_run_20261005T130920538
2025-09-19,S02,P0369,19,5.605,1.765,4.12,0,Low,2,1,0.95,backtest,demand_forecast_run_20261005T130920538
2025-09-19,S02,P0381,10,1.834,1.136,2.65,0,Low,2,1,0.95,backtest,demand_forecast_run_20261005T130920538
2025-09-19,S02,P0391,0,4.775,1.697,3.96,9,High,2,1,0.95,backtest,demand_forecast_run_20261005T130920538
2025-09-19,S02,P0392,5,1.179,1.117,2.61,0,Low,2,1,0.95,backtest,demand_forecast_run_20261005T130920538
2025-09-19,S02,P0408,13,3.08,1.049,2.45,0,Low,2,1,0.95,backtest,demand_forecast_run_20261005T130920538
2025-09-19,S02,P0409,11,3.811,1.343,3.13,0,Low,2,1,0.95,backtest,demand_forecast_run_20261005T130920538
2025-09-19,S02,P0433,6,0.484,0.548,1.28,0,Low,2,1,0.95,backtest,demand_forecast_run_20261005T130920538
2025-09-19,S02,P0435,12,8.107,1.887,4.4,1,Low,2,1,0.95,backtest,demand_forecast_run_20261005T130920538
2025-09-19,S02,P0445,10,1.877,1.23,2.87,0,Low,2,1,0.95,backtest,demand_forecast_run_20261005T130920538
2025-09-19,S02,P0507,42,12.199,1.883,4.39,0,Low,2,1,0.95,backtest,demand_forecast_run_20261005T130920538
2025-09-19,S02,P0563,15,4.011,1.735,4.05,0,Low,2,1,0.95,backtest,demand_forecast_run_20261005T130920538
2025-09-19,S02,P0579,10,1.186,0.962,2.25,0,Low,2,1,0.95,backtest,demand_forecast_run_20261005T130920538
2025-09-19,S02,P0589,11,2.344,1.188,2.77,0,Low,2,1,0.95,backtest,demand_forecast_run_20261005T130920538
2025-09-19,S03,P0003,17,2.264,1.086,2.53,0,Low,2,1,0.95,backtest,demand_forecast_run_20261005T130920538
2025-09-19,S03,P0022,10,2.706,1.458,3.4,0,Low,2,1,0.95,backtest,demand_forecast_run_20261005T130920538
2025-09-19,S03,P0032,25,10.579,2.301,5.37,0,Low,2,1,0.95,backtest,demand_forecast_run_20261005T130920538
2025-09-19,S03,P0053,3,1.282,0.956,2.23,1,Medium,2,1,0.95,backtest,demand_forecast_run_20261005T130920538
2025-09-19,S03,P0073,5,1.334,0.535,1.25,0,Low,2,1,0.95,backtest,demand_forecast_run_20261005T130920538
2025-09-19,S03,P0170,10,3.164,0.995,2.32,0,Low,2,1,0.95,backtest,demand_forecast_run_20261005T130920538
2025-09-19,S03,P0206,9,4.181,1.177,2.75,0,Low,2,1,0.95,backtest,demand_forecast_run_20261005T130920538
2025-09-19,S03,P0213,12,2.709,1.138,2.66,0,Low,2,1,0.95,backtest,demand_forecast_run_20261005T130920538
2025-09-19,S03,P0252,4,5.452,2.188,5.11,7,High,2,1,0.95,backtest,demand_forecast_run_20261005T130920538
2025-09-19,S03,P0272,4,1.167,0.585,1.37,0,Low,2,1,0.95,backtest,demand_forecast_run_20261005T130920538
2025-09-19,S03,P0288,10,1.219,0.659,1.54,0,Low,2,1,0.95,backtest,demand_forecast_run_20261005T130920538
2025-09-19,S03,P0316,11,2.091,1.136,2.65,0,Low,2,1,0.95,backtest,demand_forecast_run_20261005T130920538
2025-09-19,S03,P0369,16,4.56,1.329,3.1,0,Low,2,1,0.95,backtest,demand_forecast_run_20261005T130920538
2025-09-19,S03,P0381,7,1.501,0.612,1.43,0,Low,2,1,0.95,backtest,demand_forecast_run_20261005T130920538
2025-09-19,S03,P0391,21,3.847,2.262,5.28,0,Low,2,1,0.95,backtest,demand_forecast_run_20261005T130920538
2025-09-19,S03,P0392,11,0.943,0.634,1.48,0,Low,2,1,0.95,backtest,demand_forecast_run_20261005T130920538
2025-09-19,S03,P0408,8,1.674,0.793,1.85,0,Low,2,1,0.95,backtest,demand_forecast_run_20261005T130920538
2025-09-19,S03,P0409,13,1.947,0.905,2.11,0,Low,2,1,0.95,backtest,demand_forecast_run_20261005T130920538
2025-09-19,S03,P0433,6,0,0,0,0,Low,2,1,0.95,backtest,demand_forecast_run_20261005T130920538
2025-09-19,S03,P0435,15,5.943,1.257,2.93,0,Low,2,1,0.95,backtest,demand_forecast_run_20261005T130920538
2025-09-19,S03,P0445,7,1.065,0.79,1.84,0,Low,2,1,0.95,backtest,demand_forecast_run_20261005T130920538
2025-09-19,S03,P0507,37,9.938,2.611,6.09,0,Low,2,1,0.95,backtest,demand_forecast_run_20261005T130920538
2025-09-19,S03,P0563,14,4.169,1.1,2.57,0,Low,2,1,0.95,backtest,demand_forecast_run_20261005T130920538
2025-09-19,S03,P0579,0,1.862,1.343,3.13,5,High,2,1,0.95,backtest,demand_forecast_run_20261005T130920538
2025-09-19,S03,P0589,9,3.309,1.496,3.49,0,Low,2,1,0.95,backtest,demand_forecast_run_20261005T130920538
2025-09-19,S04,P0003,5,3.26,1.29,3.01,2,Medium,2,1,0.95,backtest,demand_forecast_run_20261005T130920538
2025-09-19,S04,P0022,7,2.406,1.101,2.57,0,Low,2,1,0.95,backtest,demand_forecast_run_20261005T130920538
2025-09-19,S04,P0032,23,8.75,2.742,6.4,0,Low,2,1,0.95,backtest,demand_forecast_run_20261005T130920538
2025-09-19,S04,P0053,5,0.86,0.737,1.72,0,Low,2,1,0.95,backtest,demand_forecast_run_20261005T130920538
2025-09-19,S04,P0073,5,1.24,0.518,1.21,0,Low,2,1,0.95,backtest,demand_forecast_run_20261005T130920538
2025-09-19,S04,P0170,9,2.469,1.066,2.49,0,Low,2,1,0.95,backtest,demand_forecast_run_20261005T130920538
2025-09-19,S04,P0206,10,4.583,1.536,3.58,0,Low,2,1,0.95,backtest,demand_forecast_run_20261005T130920538
2025-09-19,S04,P0213,10,1.432,0.685,1.6,0,Low,2,1,0.95,backtest,demand_forecast_run_20261005T130920538
2025-09-19,S04,P0252,15,3.631,1.347,3.14,0,Low,2,1,0.95,backtest,demand_forecast_run_20261005T130920538
2025-09-19,S04,P0272,9,2.126,0.836,1.95,0,Low,2,1,0.95,backtest,demand_forecast_run_20261005T130920538
2025-09-19,S04,P0288,6,1.831,0.826,1.93,0,Low,2,1,0.95,backtest,demand_forecast_run_20261005T130920538
2025-09-19,S04,P0316,9,0.891,0.701,1.63,0,Low,2,1,0.95,backtest,demand_forecast_run_20261005T130920538
2025-09-19,S04,P0369,6,3.903,1.295,3.02,1,Medium,2,1,0.95,backtest,demand_forecast_run_20261005T130920538
2025-09-19,S04,P0381,6,1.949,0.916,2.14,0,Low,2,1,0.95,backtest,demand_forecast_run_20261005T130920538
2025-09-19,S04,P0391,14,2.111,1.201,2.8,0,Low,2,1,0.95,backtest,demand_forecast_run_20261005T130920538
2025-09-19,S04,P0392,7,0.876,0.46,1.07,0,Low,2,1,0.95,backtest,demand_forecast_run_20261005T130920538
2025-09-19,S04,P0408,16,1.825,0.854,1.99,0,Low,2,1,0.95,backtest,demand_forecast_run_20261005T130920538
2025-09-19,S04,P0409,8,1.366,0.956,2.23,0,Low,2,1,0.95,backtest,demand_forecast_run_20261005T130920538
2025-09-19,S04,P0433,6,0.263,0.416,0.97,0,Low,2,1,0.95,backtest,demand_forecast_run_20261005T130920538
2025-09-19,S04,P0435,15,4.577,1.812,4.23,0,Low,2,1,0.95,backtest,demand_forecast_run_20261005T130920538
2025-09-19,S04,P0445,1,1.761,0.999,2.33,4,High,2,1,0.95,backtest,demand_forecast_run_20261005T130920538
2025-09-19,S04,P0507,17,8.216,1.795,4.19,0,Low,2,1,0.95,backtest,demand_forecast_run_20261005T130920538
2025-09-19,S04,P0563,6,2.657,0.838,1.96,0,Low,2,1,0.95,backtest,demand_forecast_run_20261005T130920538
2025-09-19,S04,P0579,8,0.884,0.875,2.04,0,Low,2,1,0.95,backtest,demand_forecast_run_20261005T130920538
2025-09-19,S04,P0589,8,2.294,0.945,2.2,0,Low,2,1,0.95,backtest,demand_forecast_run_20261005T130920538
2025-09-19,S05,P0003,8,2.365,1.323,3.09,0,Low,2,1,0.95,backtest,demand_forecast_run_20261005T130920538
2025-09-19,S05,P0022,4,2.821,1.056,2.46,2,Medium,2,1,0.95,backtest,demand_forecast_run_20261005T130920538
2025-09-19,S05,P0032,7,7.386,2.673,6.24,7,High,2,1,0.95,backtest,demand_forecast_run_20261005T130920538
2025-09-19,S05,P0053,8,0.947,0.922,2.15,0,Low,2,1,0.95,backtest,demand_forecast_run_20261005T130920538
2025-09-19,S05,P0073,5,0.498,0.499,1.16,0,Low,2,1,0.95,backtest,demand_forecast_run_20261005T130920538
2025-09-19,S05,P0170,7,1.303,0.69,1.61,0,Low,2,1,0.95,backtest,demand_forecast_run_20261005T130920538
2025-09-19,S05,P0206,3,3.543,1.478,3.45,4,High,2,1,0.95,backtest,demand_forecast_run_20261005T130920538
2025-09-19,S05,P0213,11,1.637,0.994,2.32,0,Low,2,1,0.95,backtest,demand_forecast_run_20261005T130920538
2025-09-19,S05,P0252,5,4.612,1.595,3.72,4,Medium,2,1,0.95,backtest,demand_forecast_run_20261005T130920538
2025-09-19,S05,P0272,6,1.329,0.959,2.24,0,Low,2,1,0.95,backtest,demand_forecast_run_20261005T130920538
2025-09-19,S05,P0288,4,2.039,1.166,2.72,1,Low,2,1,0.95,backtest,demand_forecast_run_20261005T130920538
2025-09-19,S05,P0316,7,1.344,0.916,2.14,0,Low,2,1,0.95,backtest,demand_forecast_run_20261005T130920538
2025-09-19,S05,P0369,13,3.878,1.691,3.95,0,Low,2,1,0.95,backtest,demand_forecast_run_20261005T130920538
2025-09-19,S05,P0381,6,1.163,0.882,2.06,0,Low,2,1,0.95,backtest,demand_forecast_run_20261005T130920538
2025-09-19,S05,P0391,11,2.405,1.335,3.11,0,Low,2,1,0.95,backtest,demand_forecast_run_20261005T130920538
2025-09-19,S05,P0392,3,0.616,0.476,1.11,0,Low,2,1,0.95,backtest,demand_forecast_run_20261005T130920538
2025-09-19,S05,P0408,2,1.46,0.951,2.22,2,Medium,2,1,0.95,backtest,demand_forecast_run_20261005T130920538
2025-09-19,S05,P0409,9,2.111,1.096,2.56,0,Low,2,1,0.95,backtest,demand_forecast_run_20261005T130920538
2025-09-19,S05,P0433,4,0.422,0.315,0.73,0,Low,2,1,0.95,backtest,demand_forecast_run_20261005T130920538
2025-09-19,S05,P0435,12,3.614,1.499,3.5,0,Low,2,1,0.95,backtest,demand_forecast_run_20261005T130920538
2025-09-19,S05,P0445,6,1.228,0.92,2.15,0,Low,2,1,0.95,backtest,demand_forecast_run_20261005T130920538
2025-09-19,S05,P0507,8,7.365,2.486,5.8,6,Medium,2,1,0.95,backtest,demand_forecast_run_20261005T130920538
2025-09-19,S05,P0563,13,2.824,1.833,4.28,0,Low,2,1,0.95,backtest,demand_forecast_run_20261005T130920538
2025-09-19,S05,P0579,2,0.938,0.713,1.66,1,Medium,2,1,0.95,backtest,demand_forecast_run_20261005T130920538
2025-09-19,S05,P0589,5,2.59,1.362,3.18,1,Low,2,1,0.95,backtest,demand_forecast_run_20261005T130920538
2025-09-19,S06,P0003,15,3.683,1.685,3.93,0,Low,2,1,0.95,backtest,demand_forecast_run_20261005T130920538
2025-09-19,S06,P0022,9,2.561,1.319,3.08,0,Low,2,1,0.95,backtest,demand_forecast_run_20261005T130920538
2025-09-19,S06,P0032,41,14.083,2.881,6.72,0,Low,2,1,0.95,backtest,demand_forecast_run_20261005T130920538
2025-09-19,S06,P0053,15,1.779,1.63,3.8,0,Low,2,1,0.95,backtest,demand_forecast_run_20261005T130920538
2025-09-19,S06,P0073,5,2.866,1.067,2.49,1,Low,2,1,0.95,backtest,demand_forecast_run_20261005T130920538
2025-09-19,S06,P0170,7,1.96,1.09,2.54,0,Low,2,1,0.95,backtest,demand_forecast_run_20261005T130920538
2025-09-19,S06,P0206,16,6.882,3.053,7.12,0,Low,2,1,0.95,backtest,demand_forecast_run_20261005T130920538
2025-09-19,S06,P0213,13,3.588,1.414,3.3,0,Low,2,1,0.95,backtest,demand_forecast_run_20261005T130920538
2025-09-19,S06,P0252,24,6.414,1.722,4.02,0,Low,2,1,0.95,backtest,demand_forecast_run_20261005T130920538
2025-09-19,S06,P0272,8,1.954,0.838,1.96,0,Low,2,1,0.95,backtest,demand_forecast_run_20261005T130920538
2025-09-19,S06,P0288,13,2.036,0.836,1.95,0,Low,2,1,0.95,backtest,demand_forecast_run_20261005T130920538
2025-09-19,S06,P0316,12,2.867,1.357,3.17,0,Low,2,1,0.95,backtest,demand_forecast_run_20261005T130920538
2025-09-19,S06,P0369,25,7.225,1.467,3.42,0,Low,2,1,0.95,backtest,demand_forecast_run_20261005T130920538
2025-09-19,S06,P0381,3,3.648,1.678,3.91,5,High,2,1,0.95,backtest,demand_forecast_run_20261005T130920538
2025-09-19,S06,P0391,8,3.825,2.333,5.44,2,Low,2,1,0.95,backtest,demand_forecast_run_20261005T130920538
2025-09-19,S06,P0392,9,2.451,1.062,2.48,0,Low,2,1,0.95,backtest,demand_forecast_run_20261005T130920538
2025-09-19,S06,P0408,14,4.117,0.956,2.23,0,Low,2,1,0.95,backtest,demand_forecast_run_20261005T130920538
2025-09-19,S06,P0409,12,2.883,1.155,2.69,0,Low,2,1,0.95,backtest,demand_forecast_run_20261005T130920538
2025-09-19,S06,P0433,8,1.101,0.612,1.43,0,Low,2,1,0.95,backtest,demand_forecast_run_20261005T130920538
2025-09-19,S06,P0435,12,8.824,1.693,3.95,1,Low,2,1,0.95,backtest,demand_forecast_run_20261005T130920538
2025-09-19,S06,P0445,6,2.278,1.124,2.62,0,Low,2,1,0.95,backtest,demand_forecast_run_20261005T130920538
2025-09-19,S06,P0507,27,12.829,2.855,6.66,0,Low,2,1,0.95,backtest,demand_forecast_run_20261005T130920538
2025-09-19,S06,P0563,18,2.997,0.905,2.11,0,Low,2,1,0.95,backtest,demand_forecast_run_20261005T130920538
2025-09-19,S06,P0579,10,2.677,1.438,3.36,0,Low,2,1,0.95,backtest,demand_forecast_run_20261005T130920538
2025-09-19,S06,P0589,6,2.928,1.133,2.64,0,Medium,2,1,0.95,backtest,demand_forecast_run_20261005T130920538
2025-09-19,S07,P0003,11,2.664,1.1,2.57,0,Low,2,1,0.95,backtest,demand_forecast_run_20261005T130920538
2025-09-19,S07,P0022,13,3.176,1.503,3.51,0,Low,2,1,0.95,backtest,demand_forecast_run_20261005T130920538
2025-09-19,S07,P0032,27,10.22,2.571,6,0,Low,2,1,0.95,backtest,demand_forecast_run_20261005T130920538
2025-09-19,S07,P0053,6,1.086,0.875,2.04,0,Low,2,1,0.95,backtest,demand_forecast_run_20261005T130920538
2025-09-19,S07,P0073,4,0.803,0.713,1.66,0,Low,2,1,0.95,backtest,demand_forecast_run_20261005T130920538
2025-09-19,S07,P0170,7,0.785,0.441,1.03,0,Low,2,1,0.95,backtest,demand_forecast_run_20261005T130920538
2025-09-19,S07,P0206,1,4.681,1.634,3.81,8,High,2,1,0.95,backtest,demand_forecast_run_20261005T130920538
2025-09-19,S07,P0213,6,2.966,1.105,2.58,0,Low,2,1,0.95,backtest,demand_forecast_run_20261005T130920538
2025-09-19,S07,P0252,9,4.223,1.638,3.82,0,Low,2,1,0.95,backtest,demand_forecast_run_20261005T130920538
2025-09-19,S07,P0272,5,1.104,0.737,1.72,0,Low,2,1,0.95,backtest,demand_forecast_run_20261005T130920538
2025-09-19,S07,P0288,6,1.842,1.013,2.36,0,Low,2,1,0.95,backtest,demand_forecast_run_20261005T130920538
2025-09-19,S07,P0316,9,0.759,0.499,1.16,0,Low,2,1,0.95,backtest,demand_forecast_run_20261005T130920538
2025-09-19,S07,P0369,16,4.838,1.571,3.67,0,Low,2,1,0.95,backtest,demand_forecast_run_20261005T130920538
2025-09-19,S07,P0381,3,1.104,0.567,1.32,0,Medium,2,1,0.95,backtest,demand_forecast_run_20261005T130920538
2025-09-19,S07,P0391,5,3.257,2.019,4.71,3,Medium,2,1,0.95,backtest,demand_forecast_run_20261005T130920538
2025-09-19,S07,P0392,9,1.856,0.87,2.03,0,Low,2,1,0.95,backtest,demand_forecast_run_20261005T130920538
2025-09-19,S07,P0408,11,1.87,1.272,2.97,0,Low,2,1,0.95,backtest,demand_forecast_run_20261005T130920538
2025-09-19,S07,P0409,3,2.818,1.297,3.03,3,Medium,2,1,0.95,backtest,demand_forecast_run_20261005T130920538
2025-09-19,S07,P0433,5,0.471,0.568,1.33,0,Low,2,1,0.95,backtest,demand_forecast_run_20261005T130920538
2025-09-19,S07,P0435,22,5.249,2.134,4.98,0,Low,2,1,0.95,backtest,demand_forecast_run_20261005T130920538
2025-09-19,S07,P0445,9,1.178,0.79,1.84,0,Low,2,1,0.95,backtest,demand_forecast_run_20261005T130920538
2025-09-19,S07,P0507,19,7.953,2.644,6.17,0,Low,2,1,0.95,backtest,demand_forecast_run_20261005T130920538
2025-09-19,S07,P0563,10,3.612,1.357,3.17,0,Low,2,1,0.95,backtest,demand_forecast_run_20261005T130920538
2025-09-19,S07,P0579,7,1.585,0.951,2.22,0,Low,2,1,0.95,backtest,demand_forecast_run_20261005T130920538
2025-09-19,S07,P0589,10,2.557,1.079,2.52,0,Low,2,1,0.95,backtest,demand_forecast_run_20261005T130920538
2025-09-19,S08,P0003,14,4.292,1.909,4.46,0,Low,2,1,0.95,backtest,demand_forecast_run_20261005T130920538
2025-09-19,S08,P0022,14,3.039,1.779,4.15,0,Low,2,1,0.95,backtest,demand_forecast_run_20261005T130920538
2025-09-19,S08,P0032,14,13.342,2.583,6.03,6,Medium,2,1,0.95,backtest,demand_forecast_run_20261005T130920538
2025-09-19,S08,P0053,9,1.505,1.371,3.2,0,Low,2,1,0.95,backtest,demand_forecast_run_20261005T130920538
2025-09-19,S08,P0073,12,1.138,0.713,1.66,0,Low,2,1,0.95,backtest,demand_forecast_run_20261005T130920538
2025-09-19,S08,P0170,4,2.187,1.005,2.34,1,Medium,2,1,0.95,backtest,demand_forecast_run_20261005T130920538
2025-09-19,S08,P0206,13,4.972,1.177,2.75,0,Low,2,1,0.95,backtest,demand_forecast_run_20261005T130920538
2025-09-19,S08,P0213,14,2.484,1.779,4.15,0,Low,2,1,0.95,backtest,demand_forecast_run_20261005T130920538
2025-09-19,S08,P0252,28,7.341,1.893,4.42,0,Low,2,1,0.95,backtest,demand_forecast_run_20261005T130920538
2025-09-19,S08,P0272,9,2.562,1.062,2.48,0,Low,2,1,0.95,backtest,demand_forecast_run_20261005T130920538
2025-09-19,S08,P0288,11,2.542,1.049,2.45,0,Low,2,1,0.95,backtest,demand_forecast_run_20261005T130920538
2025-09-19,S08,P0316,15,2.02,0.838,1.96,0,Low,2,1,0.95,backtest,demand_forecast_run_20261005T130920538
2025-09-19,S08,P0369,34,5.668,2.574,6.01,0,Low,2,1,0.95,backtest,demand_forecast_run_20261005T130920538
2025-09-19,S08,P0381,14,1.992,1.036,2.42,0,Low,2,1,0.95,backtest,demand_forecast_run_20261005T130920538
2025-09-19,S08,P0391,9,3.557,1.9,4.43,0,Low,2,1,0.95,backtest,demand_forecast_run_20261005T130920538
2025-09-19,S08,P0392,7,2.072,1.416,3.3,0,Low,2,1,0.95,backtest,demand_forecast_run_20261005T130920538
2025-09-19,S08,P0408,5,3.513,1.843,4.3,3,Medium,2,1,0.95,backtest,demand_forecast_run_20261005T130920538
2025-09-19,S08,P0409,14,3.402,1.615,3.77,0,Low,2,1,0.95,backtest,demand_forecast_run_20261005T130920538
2025-09-19,S08,P0433,6,1.377,0.518,1.21,0,Low,2,1,0.95,backtest,demand_forecast_run_20261005T130920538
2025-09-19,S08,P0435,27,8.897,2.117,4.94,0,Low,2,1,0.95,backtest,demand_forecast_run_20261005T130920538
2025-09-19,S08,P0445,11,1.667,1.201,2.8,0,Low,2,1,0.95,backtest,demand_forecast_run_20261005T130920538
2025-09-19,S08,P0507,18,12.892,2.731,6.37,2,Medium,2,1,0.95,backtest,demand_forecast_run_20261005T130920538
2025-09-19,S08,P0563,13,8.539,2.155,5.03,1,Low,2,1,0.95,backtest,demand_forecast_run_20261005T130920538
2025-09-19,S08,P0579,2,1.701,0.819,1.91,2,Medium,2,1,0.95,backtest,demand_forecast_run_20261005T130920538
2025-09-19,S08,P0589,12,3.079,2.001,4.67,0,Low,2,1,0.95,backtest,demand_forecast_run_20261005T130920538
2025-09-19,S09,P0003,13,4.17,1.578,3.68,0,Low,2,1,0.95,backtest,demand_forecast_run_20261005T130920538
2025-09-19,S09,P0022,6,3.551,1.071,2.5,1,Medium,2,1,0.95,backtest,demand_forecast_run_20261005T130920538
2025-09-19,S09,P0032,28,12.728,2.31,5.39,0,Low,2,1,0.95,backtest,demand_forecast_run_20261005T130920538
2025-09-19,S09,P0053,8,0.779,0.612,1.43,0,Low,2,1,0.95,backtest,demand_forecast_run_20261005T130920538
2025-09-19,S09,P0073,7,1.021,0.844,1.97,0,Low,2,1,0.95,backtest,demand_forecast_run_20261005T130920538
2025-09-19,S09,P0170,12,2.385,1.1,2.57,0,Low,2,1,0.95,backtest,demand_forecast_run_20261005T130920538
2025-09-19,S09,P0206,14,4.493,1.307,3.05,0,Low,2,1,0.95,backtest,demand_forecast_run_20261005T130920538
2025-09-19,S09,P0213,11,5.143,1.771,4.13,0,Low,2,1,0.95,backtest,demand_forecast_run_20261005T130920538
2025-09-19,S09,P0252,25,6.127,1.905,4.45,0,Low,2,1,0.95,backtest,demand_forecast_run_20261005T130920538
2025-09-19,S09,P0272,2,1.459,0.559,1.3,1,Medium,2,1,0.95,backtest,demand_forecast_run_20261005T130920538
2025-09-19,S09,P0288,12,2.589,1.079,2.52,0,Low,2,1,0.95,backtest,demand_forecast_run_20261005T130920538
2025-09-19,S09,P0316,12,2.307,1.156,2.7,0,Low,2,1,0.95,backtest,demand_forecast_run_20261005T130920538
2025-09-19,S09,P0369,2,5.45,1.844,4.3,8,High,2,1,0.95,backtest,demand_forecast_run_20261005T130920538
2025-09-19,S09,P0381,6,1.313,0.863,2.01,0,Low,2,1,0.95,backtest,demand_forecast_run_20261005T130920538
2025-09-19,S09,P0391,19,4.071,1.679,3.92,0,Low,2,1,0.95,backtest,demand_forecast_run_20261005T130920538
2025-09-19,S09,P0392,9,1.398,1.182,2.76,0,Low,2,1,0.95,backtest,demand_forecast_run_20261005T130920538
2025-09-19,S09,P0408,7,3.167,1.031,2.41,0,Low,2,1,0.95,backtest,demand_forecast_run_20261005T130920538
2025-09-19,S09,P0409,3,2.898,1.245,2.91,3,Medium,2,1,0.95,backtest,demand_forecast_run_20261005T130920538
2025-09-19,S09,P0433,4,0.407,0.315,0.73,0,Low,2,1,0.95,backtest,demand_forecast_run_20261005T130920538
2025-09-19,S09,P0435,24,7.552,2.134,4.98,0,Low,2,1,0.95,backtest,demand_forecast_run_20261005T130920538
2025-09-19,S09,P0445,3,2.276,1.75,4.08,4,Medium,2,1,0.95,backtest,demand_forecast_run_20261005T130920538
2025-09-19,S09,P0507,15,10.758,2.747,6.41,3,Medium,2,1,0.95,backtest,demand_forecast_run_20261005T130920538
2025-09-19,S09,P0563,15,5.982,1.753,4.09,0,Low,2,1,0.95,backtest,demand_forecast_run_20261005T130920538
2025-09-19,S09,P0579,8,1.672,0.999,2.33,0,Low,2,1,0.95,backtest,demand_forecast_run_20261005T130920538
2025-09-19,S09,P0589,5,4.646,1.853,4.32,4,Medium,2,1,0.95,backtest,demand_forecast_run_20261005T130920538
2025-09-19,S10,P0003,6,4.664,1.969,4.59,4,Medium,2,1,0.95,backtest,demand_forecast_run_20261005T130920538
2025-09-19,S10,P0022,7,3.225,1.307,3.05,0,Low,2,1,0.95,backtest,demand_forecast_run_20261005T130920538
2025-09-19,S10,P0032,27,10.677,2.223,5.19,0,Low,2,1,0.95,backtest,demand_forecast_run_20261005T130920538
2025-09-19,S10,P0053,4,0.729,0.863,2.01,0,Low,2,1,0.95,backtest,demand_forecast_run_20261005T130920538
2025-09-19,S10,P0073,3,1.229,0.723,1.69,0,Medium,2,1,0.95,backtest,demand_forecast_run_20261005T130920538
2025-09-19,S10,P0170,4,2.013,0.905,2.11,1,Low,2,1,0.95,backtest,demand_forecast_run_20261005T130920538
2025-09-19,S10,P0206,11,3.443,0.995,2.32,0,Low,2,1,0.95,backtest,demand_forecast_run_20261005T130920538
2025-09-19,S10,P0213,6,3.118,1.401,3.27,1,Low,2,1,0.95,backtest,demand_forecast_run_20261005T130920538
2025-09-19,S10,P0252,0,5.378,1.571,3.67,10,High,2,1,0.95,backtest,demand_forecast_run_20261005T130920538
2025-09-19,S10,P0272,3,0.956,0.645,1.51,0,Medium,2,1,0.95,backtest,demand_forecast_run_20261005T130920538
2025-09-19,S10,P0288,7,2.52,1.587,3.7,0,Low,2,1,0.95,backtest,demand_forecast_run_20261005T130920538
2025-09-19,S10,P0316,11,1.408,0.612,1.43,0,Low,2,1,0.95,backtest,demand_forecast_run_20261005T130920538
2025-09-19,S10,P0369,14,5.038,1.531,3.57,0,Low,2,1,0.95,backtest,demand_forecast_run_20261005T130920538
2025-09-19,S10,P0381,2,2.184,0.92,2.15,3,High,2,1,0.95,backtest,demand_forecast_run_20261005T130920538
2025-09-19,S10,P0391,4,3.321,1.644,3.84,4,Medium,2,1,0.95,backtest,demand_forecast_run_20261005T130920538
2025-09-19,S10,P0392,7,0.988,0.559,1.3,0,Low,2,1,0.95,backtest,demand_forecast_run_20261005T130920538
2025-09-19,S10,P0408,11,2.52,0.838,1.96,0,Low,2,1,0.95,backtest,demand_forecast_run_20261005T130920538
2025-09-19,S10,P0409,13,3.242,1.245,2.91,0,Low,2,1,0.95,backtest,demand_forecast_run_20261005T130920538
2025-09-19,S10,P0433,3,0.829,0.518,1.21,0,Low,2,1,0.95,backtest,demand_forecast_run_20261005T130920538
2025-09-19,S10,P0435,0,6.03,2.558,5.97,12,High,2,1,0.95,backtest,demand_forecast_run_20261005T130920538
2025-09-19,S10,P0445,3,2.271,1.239,2.89,3,Medium,2,1,0.95,backtest,demand_forecast_run_20261005T130920538
2025-09-19,S10,P0507,0,9.747,2.45,5.72,16,High,2,1,0.95,backtest,demand_forecast_run_20261005T130920538
2025-09-19,S10,P0563,20,5.734,1.816,4.24,0,Low,2,1,0.95,backtest,demand_forecast_run_20261005T130920538
2025-09-19,S10,P0579,5,0.865,0.535,1.25,0,Low,2,1,0.95,backtest,demand_forecast_run_20261005T130920538
2025-09-19,S10,P0589,3,2.87,1.113,2.6,3,Medium,2,1,0.95,backtest,demand_forecast_run_20261005T130920538
2025-09-19,S11,P0003,13,3.458,1.427,3.33,0,Low,2,1,0.95,backtest,demand_forecast_run_20261005T130920538
2025-09-19,S11,P0022,8,4.507,1.99,4.64,2,Low,2,1,0.95,backtest,demand_forecast_run_20261005T130920538
2025-09-19,S11,P0032,33,13.25,3.672,8.57,0,Low,2,1,0.95,backtest,demand_forecast_run_20261005T130920538
2025-09-19,S11,P0053,2,1.644,0.994,2.32,2,Medium,2,1,0.95,backtest,demand_forecast_run_20261005T130920538
2025-09-19,S11,P0073,1,1.38,0.745,1.74,3,High,2,1,0.95,backtest,demand_forecast_run_20261005T130920538
2025-09-19,S11,P0170,5,1.968,0.945,2.2,0,Low,2,1,0.95,backtest,demand_forecast_run_20261005T130920538
2025-09-19,S11,P0206,2,3.326,1.484,3.46,5,High,2,1,0.95,backtest,demand_forecast_run_20261005T130920538
2025-09-19,S11,P0213,4,4.201,1.471,3.43,4,High,2,1,0.95,backtest,demand_forecast_run_20261005T130920538
2025-09-19,S11,P0252,19,7.206,2.393,5.59,0,Low,2,1,0.95,backtest,demand_forecast_run_20261005T130920538
2025-09-19,S11,P0272,1,1.38,0.638,1.49,2,High,2,1,0.95,backtest,demand_forecast_run_20261005T130920538
2025-09-19,S11,P0288,10,3.504,1.83,4.27,0,Low,2,1,0.95,backtest,demand_forecast_run_20261005T130920538
2025-09-19,S11,P0316,10,3.326,1.044,2.44,0,Low,2,1,0.95,backtest,demand_forecast_run_20261005T130920538
2025-09-19,S11,P0369,16,6.846,3.533,8.24,0,Low,2,1,0.95,backtest,demand_forecast_run_20261005T130920538
2025-09-19,S11,P0381,6,3.056,1.37,3.2,1,Low,2,1,0.95,backtest,demand_forecast_run_20261005T130920538
2025-09-19,S11,P0391,15,3.288,1.618,3.78,0,Low,2,1,0.95,backtest,demand_forecast_run_20261005T130920538
2025-09-19,S11,P0392,6,1.355,1.2,2.8,0,Low,2,1,0.95,backtest,demand_forecast_run_20261005T130920538
2025-09-19,S11,P0408,14,3.485,1.686,3.93,0,Low,2,1,0.95,backtest,demand_forecast_run_20261005T130920538
2025-09-19,S11,P0409,0,2.872,0.967,2.26,6,High,2,1,0.95,backtest,demand_forecast_run_20261005T130920538
2025-09-19,S11,P0433,2,1.059,0.92,2.15,2,Medium,2,1,0.95,backtest,demand_forecast_run_20261005T130920538
2025-09-19,S11,P0435,20,7.468,2.713,6.33,0,Low,2,1,0.95,backtest,demand_forecast_run_20261005T130920538
2025-09-19,S11,P0445,8,2.401,1.325,3.09,0,Low,2,1,0.95,backtest,demand_forecast_run_20261005T130920538
2025-09-19,S11,P0507,56,13.404,2.961,6.91,0,Low,2,1,0.95,backtest,demand_forecast_run_20261005T130920538
2025-09-19,S11,P0563,5,6.112,2.794,6.52,8,High,2,1,0.95,backtest,demand_forecast_run_20261005T130920538
2025-09-19,S11,P0579,6,1.778,0.962,2.24,0,Low,2,1,0.95,backtest,demand_forecast_run_20261005T130920538
2025-09-19,S11,P0589,5,3.202,1.133,2.64,1,Medium,2,1,0.95,backtest,demand_forecast_run_20261005T130920538
2025-09-19,S12,P0003,19,3.381,1.315,3.07,0,Low,2,1,0.95,backtest,demand_forecast_run_20261005T130920538
2025-09-19,S12,P0022,12,3.649,1.283,2.99,0,Low,2,1,0.95,backtest,demand_forecast_run_20261005T130920538
2025-09-19,S12,P0032,44,12.26,6.179,14.42,0,Low,2,1,0.95,backtest,demand_forecast_run_20261005T130920538
2025-09-19,S12,P0053,8,1.64,1.335,3.11,0,Low,2,1,0.95,backtest,demand_forecast_run_20261005T130920538
2025-09-19,S12,P0073,8,1.246,0.612,1.43,0,Low,2,1,0.95,backtest,demand_forecast_run_20261005T130920538
2025-09-19,S12,P0170,10,1.834,1.287,3,0,Low,2,1,0.95,backtest,demand_forecast_run_20261005T130920538
2025-09-19,S12,P0206,3,3.953,1.827,4.26,6,High,2,1,0.95,backtest,demand_forecast_run_20261005T130920538
2025-09-19,S12,P0213,9,2.538,1.29,3.01,0,Low,2,1,0.95,backtest,demand_forecast_run_20261005T130920538
2025-09-19,S12,P0252,4,4.297,1.615,3.77,5,High,2,1,0.95,backtest,demand_forecast_run_20261005T130920538
2025-09-19,S12,P0272,4,2.354,1.031,2.4,1,Low,2,1,0.95,backtest,demand_forecast_run_20261005T130920538
2025-09-19,S12,P0288,12,2.714,1.206,2.81,0,Low,2,1,0.95,backtest,demand_forecast_run_20261005T130920538
2025-09-19,S12,P0316,6,2.564,1.177,2.75,0,Low,2,1,0.95,backtest,demand_forecast_run_20261005T130920538
2025-09-19,S12,P0369,24,7.868,2.704,6.31,0,Low,2,1,0.95,backtest,demand_forecast_run_20261005T130920538
2025-09-19,S12,P0381,12,2.216,1.136,2.65,0,Low,2,1,0.95,backtest,demand_forecast_run_20261005T130920538
2025-09-19,S12,P0391,10,2.936,1.315,3.07,0,Low,2,1,0.95,backtest,demand_forecast_run_20261005T130920538
2025-09-19,S12,P0392,7,0.978,1.034,2.41,0,Low,2,1,0.95,backtest,demand_forecast_run_20261005T130920538
2025-09-19,S12,P0408,6,2.06,1.162,2.71,0,Low,2,1,0.95,backtest,demand_forecast_run_20261005T130920538
2025-09-19,S12,P0409,11,2.51,1.274,2.97,0,Low,2,1,0.95,backtest,demand_forecast_run_20261005T130920538
2025-09-19,S12,P0433,6,0.759,0.659,1.54,0,Low,2,1,0.95,backtest,demand_forecast_run_20261005T130920538
2025-09-19,S12,P0435,11,6.463,1.792,4.18,0,Low,2,1,0.95,backtest,demand_forecast_run_20261005T130920538
2025-09-19,S12,P0445,9,0.847,0.731,1.71,0,Low,2,1,0.95,backtest,demand_forecast_run_20261005T130920538
2025-09-19,S12,P0507,29,7.965,3.118,7.27,0,Low,2,1,0.95,backtest,demand_forecast_run_20261005T130920538
2025-09-19,S12,P0563,11,4.016,1.29,3.01,0,Low,2,1,0.95,backtest,demand_forecast_run_20261005T130920538
2025-09-19,S12,P0579,3,0.92,0.685,1.6,0,Medium,2,1,0.95,backtest,demand_forecast_run_20261005T130920538
2025-09-19,S12,P0589,5,2.29,1.11,2.59,0,Low,2,1,0.95,backtest,demand_forecast_run_20261005T130920538
2025-09-20,S01,P0003,13,4.47,1.475,3.44,0,Low,2,1,0.95,backtest,demand_forecast_run_20261005T130920538
2025-09-20,S01,P0022,15,2.482,1.071,2.5,0,Low,2,1,0.95,backtest,demand_forecast_run_20261005T130920538
2025-09-20,S01,P0032,20,11.443,2.79,6.51,0,Low,2,1,0.95,backtest,demand_forecast_run_20261005T130920538
2025-09-20,S01,P0053,9,1.358,0.87,2.03,0,Low,2,1,0.95,backtest,demand_forecast_run_20261005T130920538
2025-09-20,S01,P0073,4,1.34,0.879,2.05,0,Low,2,1,0.95,backtest,demand_forecast_run_20261005T130920538
2025-09-20,S01,P0170,6,1.919,0.881,2.06,0,Low,2,1,0.95,backtest,demand_forecast_run_20261005T130920538
2025-09-20,S01,P0206,12,3.774,0.943,2.2,0,Low,2,1,0.95,backtest,demand_forecast_run_20261005T130920538
2025-09-20,S01,P0213,13,2.508,1.008,2.35,0,Low,2,1,0.95,backtest,demand_forecast_run_20261005T130920538
2025-09-20,S01,P0252,15,5.696,2.048,4.78,0,Low,2,1,0.95,backtest,demand_forecast_run_20261005T130920538
2025-09-20,S01,P0272,6,2.011,0.911,2.13,0,Low,2,1,0.95,backtest,demand_forecast_run_20261005T130920538
2025-09-20,S01,P0288,11,1.346,0.832,1.94,0,Low,2,1,0.95,backtest,demand_forecast_run_20261005T130920538
2025-09-20,S01,P0316,7,0.944,0.441,1.03,0,Low,2,1,0.95,backtest,demand_forecast_run_20261005T130920538
2025-09-20,S01,P0369,26,6.12,1.474,3.44,0,Low,2,1,0.95,backtest,demand_forecast_run_20261005T130920538
2025-09-20,S01,P0381,7,2.122,1.219,2.84,0,Low,2,1,0.95,backtest,demand_forecast_run_20261005T130920538
2025-09-20,S01,P0391,8,5.159,1.81,4.22,2,Low,2,1,0.95,backtest,demand_forecast_run_20261005T130920538
2025-09-20,S01,P0392,3,0.966,0.535,1.25,0,Medium,2,1,0.95,backtest,demand_forecast_run_20261005T130920538
2025-09-20,S01,P0408,12,1.681,0.79,1.84,0,Low,2,1,0.95,backtest,demand_forecast_run_20261005T130920538
2025-09-20,S01,P0409,0,2.266,1.247,2.91,6,High,2,1,0.95,backtest,demand_forecast_run_20261005T130920538
2025-09-20,S01,P0433,8,1.056,0.772,1.8,0,Low,2,1,0.95,backtest,demand_forecast_run_20261005T130920538
2025-09-20,S01,P0435,10,5.627,1.592,3.71,0,Low,2,1,0.95,backtest,demand_forecast_run_20261005T130920538
2025-09-20,S01,P0445,11,1.141,0.832,1.94,0,Low,2,1,0.95,backtest,demand_forecast_run_20261005T130920538
2025-09-20,S01,P0507,41,10.685,1.887,4.4,0,Low,2,1,0.95,backtest,demand_forecast_run_20261005T130920538
2025-09-20,S01,P0563,11,4.58,1.427,3.33,0,Low,2,1,0.95,backtest,demand_forecast_run_20261005T130920538
2025-09-20,S01,P0579,9,1.619,1.013,2.36,0,Low,2,1,0.95,backtest,demand_forecast_run_20261005T130920538
2025-09-20,S01,P0589,13,3.024,1.278,2.98,0,Low,2,1,0.95,backtest,demand_forecast_run_20261005T130920538
2025-09-20,S02,P0003,12,5.422,1.446,3.37,0,Low,2,1,0.95,backtest,demand_forecast_run_20261005T130920538
2025-09-20,S02,P0022,16,4.685,1.598,3.73,0,Low,2,1,0.95,backtest,demand_forecast_run_20261005T130920538
2025-09-20,S02,P0032,24,10.439,1.917,4.47,0,Low,2,1,0.95,backtest,demand_forecast_run_20261005T130920538
2025-09-20,S02,P0053,7,0.788,0.81,1.89,0,Low,2,1,0.95,backtest,demand_forecast_run_20261005T130920538
2025-09-20,S02,P0073,6,1.316,0.839,1.96,0,Low,2,1,0.95,backtest,demand_forecast_run_20261005T130920538
2025-09-20,S02,P0170,9,1.497,0.962,2.25,0,Low,2,1,0.95,backtest,demand_forecast_run_20261005T130920538
2025-09-20,S02,P0206,10,4.305,1.343,3.13,0,Low,2,1,0.95,backtest,demand_forecast_run_20261005T130920538
2025-09-20,S02,P0213,3,3.006,1.374,3.21,4,High,2,1,0.95,backtest,demand_forecast_run_20261005T130920538
2025-09-20,S02,P0252,19,5.586,1.436,3.35,0,Low,2,1,0.95,backtest,demand_forecast_run_20261005T130920538
2025-09-20,S02,P0272,9,1.974,1.295,3.02,0,Low,2,1,0.95,backtest,demand_forecast_run_20261005T130920538
2025-09-20,S02,P0288,4,2.005,0.863,2.01,1,Medium,2,1,0.95,backtest,demand_forecast_run_20261005T130920538
2025-09-20,S02,P0316,6,1.519,0.79,1.84,0,Low,2,1,0.95,backtest,demand_forecast_run_20261005T130920538
2025-09-20,S02,P0369,18,5.452,1.765,4.12,0,Low,2,1,0.95,backtest,demand_forecast_run_20261005T130920538
2025-09-20,S02,P0381,13,1.504,1.136,2.65,0,Low,2,1,0.95,backtest,demand_forecast_run_20261005T130920538
2025-09-20,S02,P0391,0,4.926,1.75,4.08,10,High,2,1,0.95,backtest,demand_forecast_run_20261005T130920538
2025-09-20,S02,P0392,4,1.176,1.11,2.59,0,Low,2,1,0.95,backtest,demand_forecast_run_20261005T130920538
2025-09-20,S02,P0408,12,2.653,1.041,2.43,0,Low,2,1,0.95,backtest,demand_forecast_run_20261005T130920538
2025-09-20,S02,P0409,10,4.248,1.319,3.08,0,Low,2,1,0.95,backtest,demand_forecast_run_20261005T130920538
2025-09-20,S02,P0433,6,0.462,0.548,1.28,0,Low,2,1,0.95,backtest,demand_forecast_run_20261005T130920538
2025-09-20,S02,P0435,9,6.964,1.89,4.41,3,Low,2,1,0.95,backtest,demand_forecast_run_20261005T130920538
2025-09-20,S02,P0445,10,1.88,1.23,2.87,0,Low,2,1,0.95,backtest,demand_forecast_run_20261005T130920538
2025-09-20,S02,P0507,37,12.573,1.867,4.36,0,Low,2,1,0.95,backtest,demand_forecast_run_20261005T130920538
2025-09-20,S02,P0563,13,3.385,1.74,4.06,0,Low,2,1,0.95,backtest,demand_forecast_run_20261005T130920538
2025-09-20,S02,P0579,10,1.383,0.962,2.25,0,Low,2,1,0.95,backtest,demand_forecast_run_20261005T130920538
2025-09-20,S02,P0589,11,2.593,1.197,2.79,0,Low,2,1,0.95,backtest,demand_forecast_run_20261005T130920538
2025-09-20,S03,P0003,17,2.484,1.086,2.53,0,Low,2,1,0.95,backtest,demand_forecast_run_20261005T130920538
2025-09-20,S03,P0022,8,2.45,1.458,3.4,0,Low,2,1,0.95,backtest,demand_forecast_run_20261005T130920538
2025-09-20,S03,P0032,20,11.177,2.317,5.41,0,Low,2,1,0.95,backtest,demand_forecast_run_20261005T130920538
2025-09-20,S03,P0053,1,1.53,0.989,2.31,3,High,2,1,0.95,backtest,demand_forecast_run_20261005T130920538
2025-09-20,S03,P0073,4,1.136,0.535,1.25,0,Low,2,1,0.95,backtest,demand_forecast_run_20261005T130920538
2025-09-20,S03,P0170,9,3.122,0.995,2.32,0,Low,2,1,0.95,backtest,demand_forecast_run_20261005T130920538
2025-09-20,S03,P0206,8,3.825,1.166,2.72,0,Low,2,1,0.95,backtest,demand_forecast_run_20261005T130920538
2025-09-20,S03,P0213,11,2.745,1.138,2.66,0,Low,2,1,0.95,backtest,demand_forecast_run_20261005T130920538
2025-09-20,S03,P0252,1,5.643,2.195,5.12,10,High,2,1,0.95,backtest,demand_forecast_run_20261005T130920538
2025-09-20,S03,P0272,4,1.278,0.772,1.8,0,Low,2,1,0.95,backtest,demand_forecast_run_20261005T130920538
2025-09-20,S03,P0288,7,1.406,0.832,1.94,0,Low,2,1,0.95,backtest,demand_forecast_run_20261005T130920538
2025-09-20,S03,P0316,9,2.098,1.166,2.72,0,Low,2,1,0.95,backtest,demand_forecast_run_20261005T130920538
2025-09-20,S03,P0369,15,4.464,1.335,3.11,0,Low,2,1,0.95,backtest,demand_forecast_run_20261005T130920538
2025-09-20,S03,P0381,5,1.421,0.621,1.45,0,Low,2,1,0.95,backtest,demand_forecast_run_20261005T130920538
2025-09-20,S03,P0391,17,4.506,2.299,5.36,0,Low,2,1,0.95,backtest,demand_forecast_run_20261005T130920538
2025-09-20,S03,P0392,10,1.007,0.637,1.49,0,Low,2,1,0.95,backtest,demand_forecast_run_20261005T130920538
2025-09-20,S03,P0408,4,1.792,1.026,2.39,1,Medium,2,1,0.95,backtest,demand_forecast_run_20261005T130920538
2025-09-20,S03,P0409,13,1.886,0.905,2.11,0,Low,2,1,0.95,backtest,demand_forecast_run_20261005T130920538
2025-09-20,S03,P0433,6,0,0,0,0,Low,2,1,0.95,backtest,demand_forecast_run_20261005T130920538
2025-09-20,S03,P0435,17,4.985,1.257,2.93,0,Low,2,1,0.95,backtest,demand_forecast_run_20261005T130920538
2025-09-20,S03,P0445,7,1.093,0.79,1.84,0,Low,2,1,0.95,backtest,demand_forecast_run_20261005T130920538
2025-09-20,S03,P0507,32,10.385,2.61,6.09,0,Low,2,1,0.95,backtest,demand_forecast_run_20261005T130920538
2025-09-20,S03,P0563,12,3.836,1.105,2.58,0,Low,2,1,0.95,backtest,demand_forecast_run_20261005T130920538
2025-09-20,S03,P0579,0,1.886,1.335,3.11,5,High,2,1,0.95,backtest,demand_forecast_run_20261005T130920538
2025-09-20,S03,P0589,8,3.535,1.492,3.48,0,Low,2,1,0.95,backtest,demand_forecast_run_20261005T130920538
2025-09-20,S04,P0003,4,3.229,1.145,2.67,2,Medium,2,1,0.95,backtest,demand_forecast_run_20261005T130920538
2025-09-20,S04,P0022,7,2.554,1.11,2.59,0,Low,2,1,0.95,backtest,demand_forecast_run_20261005T130920538
2025-09-20,S04,P0032,20,8.902,2.736,6.38,0,Low,2,1,0.95,backtest,demand_forecast_run_20261005T130920538
2025-09-20,S04,P0053,5,0.968,0.737,1.72,0,Low,2,1,0.95,backtest,demand_forecast_run_20261005T130920538
2025-09-20,S04,P0073,3,1.426,0.612,1.43,0,Low,2,1,0.95,backtest,demand_forecast_run_20261005T130920538
2025-09-20,S04,P0170,8,1.953,1.066,2.49,0,Low,2,1,0.95,backtest,demand_forecast_run_20261005T130920538
2025-09-20,S04,P0206,10,4.052,1.548,3.61,0,Low,2,1,0.95,backtest,demand_forecast_run_20261005T130920538
2025-09-20,S04,P0213,6,1.727,0.962,2.24,0,Low,2,1,0.95,backtest,demand_forecast_run_20261005T130920538
2025-09-20,S04,P0252,13,3.765,1.343,3.13,0,Low,2,1,0.95,backtest,demand_forecast_run_20261005T130920538
2025-09-20,S04,P0272,9,1.901,0.836,1.95,0,Low,2,1,0.95,backtest,demand_forecast_run_20261005T130920538
2025-09-20,S04,P0288,6,1.481,0.832,1.94,0,Low,2,1,0.95,backtest,demand_forecast_run_20261005T130920538
2025-09-20,S04,P0316,9,0.834,0.701,1.63,0,Low,2,1,0.95,backtest,demand_forecast_run_20261005T130920538
2025-09-20,S04,P0369,5,3.886,1.272,2.97,2,Medium,2,1,0.95,backtest,demand_forecast_run_20261005T130920538
2025-09-20,S04,P0381,6,1.743,0.916,2.14,0,Low,2,1,0.95,backtest,demand_forecast_run_20261005T130920538
2025-09-20,S04,P0391,12,2.464,1.217,2.84,0,Low,2,1,0.95,backtest,demand_forecast_run_20261005T130920538
2025-09-20,S04,P0392,6,1.078,0.476,1.11,0,Low,2,1,0.95,backtest,demand_forecast_run_20261005T130920538
2025-09-20,S04,P0408,15,1.731,0.863,2.01,0,Low,2,1,0.95,backtest,demand_forecast_run_20261005T130920538
2025-09-20,S04,P0409,6,1.524,0.983,2.29,0,Low,2,1,0.95,backtest,demand_forecast_run_20261005T130920538
2025-09-20,S04,P0433,6,0.243,0.416,0.97,0,Low,2,1,0.95,backtest,demand_forecast_run_20261005T130920538
2025-09-20,S04,P0435,18,3.572,1.774,4.14,0,Low,2,1,0.95,backtest,demand_forecast_run_20261005T130920538
2025-09-20,S04,P0445,9,1.76,0.999,2.33,0,Low,2,1,0.95,backtest,demand_forecast_run_20261005T130920538
2025-09-20,S04,P0507,14,8.33,1.795,4.19,0,Low,2,1,0.95,backtest,demand_forecast_run_20261005T130920538
2025-09-20,S04,P0563,6,1.901,0.69,1.61,0,Low,2,1,0.95,backtest,demand_forecast_run_20261005T130920538
2025-09-20,S04,P0579,8,0.882,0.875,2.04,0,Low,2,1,0.95,backtest,demand_forecast_run_20261005T130920538
2025-09-20,S04,P0589,8,2.556,0.945,2.2,0,Low,2,1,0.95,backtest,demand_forecast_run_20261005T130920538
2025-09-20,S05,P0003,6,2.419,1.335,3.11,0,Low,2,1,0.95,backtest,demand_forecast_run_20261005T130920538
2025-09-20,S05,P0022,13,2.29,1.067,2.49,0,Low,2,1,0.95,backtest,demand_forecast_run_20261005T130920538
2025-09-20,S05,P0032,38,6.714,2.715,6.33,0,Low,2,1,0.95,backtest,demand_forecast_run_20261005T130920538
2025-09-20,S05,P0053,8,0.771,0.922,2.15,0,Low,2,1,0.95,backtest,demand_forecast_run_20261005T130920538
2025-09-20,S05,P0073,5,0.367,0.476,1.11,0,Low,2,1,0.95,backtest,demand_forecast_run_20261005T130920538
2025-09-20,S05,P0170,7,1.201,0.69,1.61,0,Low,2,1,0.95,backtest,demand_forecast_run_20261005T130920538
2025-09-20,S05,P0206,3,2.848,1.478,3.45,4,Medium,2,1,0.95,backtest,demand_forecast_run_20261005T130920538
2025-09-20,S05,P0213,11,1.497,0.994,2.32,0,Low,2,1,0.95,backtest,demand_forecast_run_20261005T130920538
2025-09-20,S05,P0252,3,4.456,1.562,3.64,6,High,2,1,0.95,backtest,demand_forecast_run_20261005T130920538
2025-09-20,S05,P0272,5,1.1,0.922,2.15,0,Low,2,1,0.95,backtest,demand_forecast_run_20261005T130920538
2025-09-20,S05,P0288,4,1.725,1.166,2.72,1,Low,2,1,0.95,backtest,demand_forecast_run_20261005T130920538
2025-09-20,S05,P0316,6,1.179,0.92,2.15,0,Low,2,1,0.95,backtest,demand_forecast_run_20261005T130920538
2025-09-20,S05,P0369,12,3.623,1.675,3.91,0,Low,2,1,0.95,backtest,demand_forecast_run_20261005T130920538
2025-09-20,S05,P0381,6,1.027,0.882,2.06,0,Low,2,1,0.95,backtest,demand_forecast_run_20261005T130920538
2025-09-20,S05,P0391,8,2.136,1.357,3.17,0,Low,2,1,0.95,backtest,demand_forecast_run_20261005T130920538
2025-09-20,S05,P0392,3,0.618,0.476,1.11,0,Low,2,1,0.95,backtest,demand_forecast_run_20261005T130920538
2025-09-20,S05,P0408,7,1.385,0.956,2.23,0,Low,2,1,0.95,backtest,demand_forecast_run_20261005T130920538
2025-09-20,S05,P0409,9,2.161,1.09,2.54,0,Low,2,1,0.95,backtest,demand_forecast_run_20261005T130920538
2025-09-20,S05,P0433,4,0.371,0.315,0.73,0,Low,2,1,0.95,backtest,demand_forecast_run_20261005T130920538
2025-09-20,S05,P0435,7,3.137,1.574,3.67,0,Low,2,1,0.95,backtest,demand_forecast_run_20261005T130920538
2025-09-20,S05,P0445,5,0.931,0.78,1.82,0,Low,2,1,0.95,backtest,demand_forecast_run_20261005T130920538
2025-09-20,S05,P0507,31,6.517,2.531,5.91,0,Low,2,1,0.95,backtest,demand_forecast_run_20261005T130920538
2025-09-20,S05,P0563,13,2.273,1.812,4.23,0,Low,2,1,0.95,backtest,demand_forecast_run_20261005T130920538
2025-09-20,S05,P0579,2,0.91,0.713,1.66,1,Medium,2,1,0.95,backtest,demand_forecast_run_20261005T130920538
2025-09-20,S05,P0589,5,2.419,1.362,3.18,1,Low,2,1,0.95,backtest,demand_forecast_run_20261005T130920538
2025-09-20,S06,P0003,13,3.709,1.687,3.94,0,Low,2,1,0.95,backtest,demand_forecast_run_20261005T130920538
2025-09-20,S06,P0022,7,2.434,1.319,3.08,0,Low,2,1,0.95,backtest,demand_forecast_run_20261005T130920538
2025-09-20,S06,P0032,33,14.031,2.841,6.63,0,Low,2,1,0.95,backtest,demand_forecast_run_20261005T130920538
2025-09-20,S06,P0053,17,1.709,1.624,3.79,0,Low,2,1,0.95,backtest,demand_forecast_run_20261005T130920538
2025-09-20,S06,P0073,3,2.529,1.067,2.49,3,Medium,2,1,0.95,backtest,demand_forecast_run_20261005T130920538
2025-09-20,S06,P0170,6,1.835,1.084,2.53,0,Low,2,1,0.95,backtest,demand_forecast_run_20261005T130920538
2025-09-20,S06,P0206,11,7.168,3.095,7.22,4,Low,2,1,0.95,backtest,demand_forecast_run_20261005T130920538
2025-09-20,S06,P0213,9,4.167,1.508,3.52,0,Low,2,1,0.95,backtest,demand_forecast_run_20261005T130920538
2025-09-20,S06,P0252,20,5.804,1.704,3.98,0,Low,2,1,0.95,backtest,demand_forecast_run_20261005T130920538
2025-09-20,S06,P0272,8,1.609,0.839,1.96,0,Low,2,1,0.95,backtest,demand_forecast_run_20261005T130920538
2025-09-20,S06,P0288,9,2.046,1.036,2.42,0,Low,2,1,0.95,backtest,demand_forecast_run_20261005T130920538
2025-09-20,S06,P0316,12,2.029,1.071,2.5,0,Low,2,1,0.95,backtest,demand_forecast_run_20261005T130920538
2025-09-20,S06,P0369,22,7.312,1.438,3.36,0,Low,2,1,0.95,backtest,demand_forecast_run_20261005T130920538
2025-09-20,S06,P0381,13,3.334,1.666,3.89,0,Low,2,1,0.95,backtest,demand_forecast_run_20261005T130920538
2025-09-20,S06,P0391,6,3.661,2.315,5.4,4,Medium,2,1,0.95,backtest,demand_forecast_run_20261005T130920538
2025-09-20,S06,P0392,9,2.309,1.062,2.48,0,Low,2,1,0.95,backtest,demand_forecast_run_20261005T130920538
2025-09-20,S06,P0408,14,3.441,0.956,2.23,0,Low,2,1,0.95,backtest,demand_forecast_run_20261005T130920538
2025-09-20,S06,P0409,10,2.723,1.152,2.69,0,Low,2,1,0.95,backtest,demand_forecast_run_20261005T130920538
2025-09-20,S06,P0433,8,1.073,0.612,1.43,0,Low,2,1,0.95,backtest,demand_forecast_run_20261005T130920538
2025-09-20,S06,P0435,11,7.015,1.584,3.7,0,Low,2,1,0.95,backtest,demand_forecast_run_20261005T130920538
2025-09-20,S06,P0445,6,1.972,1.1,2.57,0,Low,2,1,0.95,backtest,demand_forecast_run_20261005T130920538
2025-09-20,S06,P0507,22,12.647,2.859,6.67,0,Low,2,1,0.95,backtest,demand_forecast_run_20261005T130920538
2025-09-20,S06,P0563,16,2.874,0.916,2.14,0,Low,2,1,0.95,backtest,demand_forecast_run_20261005T130920538
2025-09-20,S06,P0579,6,2.723,1.538,3.59,1,Low,2,1,0.95,backtest,demand_forecast_run_20261005T130920538
2025-09-20,S06,P0589,20,2.875,1.133,2.64,0,Low,2,1,0.95,backtest,demand_forecast_run_20261005T130920538
2025-09-20,S07,P0003,10,2.453,1.02,2.38,0,Low,2,1,0.95,backtest,demand_forecast_run_20261005T130920538
2025-09-20,S07,P0022,10,2.778,1.533,3.58,0,Low,2,1,0.95,backtest,demand_forecast_run_20261005T130920538
2025-09-20,S07,P0032,24,10.256,2.568,5.99,0,Low,2,1,0.95,backtest,demand_forecast_run_20261005T130920538
2025-09-20,S07,P0053,5,0.956,0.836,1.95,0,Low,2,1,0.95,backtest,demand_forecast_run_20261005T130920538
2025-09-20,S07,P0073,4,0.557,0.713,1.66,0,Low,2,1,0.95,backtest,demand_forecast_run_20261005T130920538
2025-09-20,S07,P0170,6,0.831,0.46,1.07,0,Low,2,1,0.95,backtest,demand_forecast_run_20261005T130920538
2025-09-20,S07,P0206,0,3.648,1.707,3.98,8,High,2,1,0.95,backtest,demand_forecast_run_20261005T130920538
2025-09-20,S07,P0213,6,2.488,1.052,2.45,0,Low,2,1,0.95,backtest,demand_forecast_run_20261005T130920538
2025-09-20,S07,P0252,6,4.148,1.638,3.82,2,Low,2,1,0.95,backtest,demand_forecast_run_20261005T130920538
2025-09-20,S07,P0272,2,0.974,0.882,2.06,2,Medium,2,1,0.95,backtest,demand_forecast_run_20261005T130920538
2025-09-20,S07,P0288,4,1.773,1.041,2.43,1,Low,2,1,0.95,backtest,demand_forecast_run_20261005T130920538
2025-09-20,S07,P0316,8,0.655,0.518,1.21,0,Low,2,1,0.95,backtest,demand_forecast_run_20261005T130920538
2025-09-20,S07,P0369,8,4.802,1.688,3.94,1,Low,2,1,0.95,backtest,demand_forecast_run_20261005T130920538
2025-09-20,S07,P0381,7,0.904,0.637,1.49,0,Low,2,1,0.95,backtest,demand_forecast_run_20261005T130920538
2025-09-20,S07,P0391,16,3.108,1.995,4.65,0,Low,2,1,0.95,backtest,demand_forecast_run_20261005T130920538
2025-09-20,S07,P0392,9,1.55,0.87,2.03,0,Low,2,1,0.95,backtest,demand_forecast_run_20261005T130920538
2025-09-20,S07,P0408,6,2.31,1.499,3.5,0,Low,2,1,0.95,backtest,demand_forecast_run_20261005T130920538
2025-09-20,S07,P0409,1,2.386,1.287,3,5,High,2,1,0.95,backtest,demand_forecast_run_20261005T130920538
2025-09-20,S07,P0433,2,0.649,0.772,1.8,1,Medium,2,1,0.95,backtest,demand_forecast_run_20261005T130920538
2025-09-20,S07,P0435,18,4.812,2.134,4.98,0,Low,2,1,0.95,backtest,demand_forecast_run_20261005T130920538
2025-09-20,S07,P0445,9,0.898,0.731,1.71,0,Low,2,1,0.95,backtest,demand_forecast_run_20261005T130920538
2025-09-20,S07,P0507,16,7.54,2.582,6.02,0,Low,2,1,0.95,backtest,demand_forecast_run_20261005T130920538
2025-09-20,S07,P0563,5,2.783,1.526,3.56,2,Medium,2,1,0.95,backtest,demand_forecast_run_20261005T130920538
2025-09-20,S07,P0579,7,1.263,0.951,2.22,0,Low,2,1,0.95,backtest,demand_forecast_run_20261005T130920538
2025-09-20,S07,P0589,9,2.347,0.995,2.32,0,Low,2,1,0.95,backtest,demand_forecast_run_20261005T130920538
2025-09-20,S08,P0003,12,3.853,1.906,4.45,0,Low,2,1,0.95,backtest,demand_forecast_run_20261005T130920538
2025-09-20,S08,P0022,13,2.909,1.765,4.12,0,Low,2,1,0.95,backtest,demand_forecast_run_20261005T130920538
2025-09-20,S08,P0032,50,12.354,2.583,6.03,0,Low,2,1,0.95,backtest,demand_forecast_run_20261005T130920538
2025-09-20,S08,P0053,9,1.455,1.371,3.2,0,Low,2,1,0.95,backtest,demand_forecast_run_20261005T130920538
2025-09-20,S08,P0073,12,0.938,0.713,1.66,0,Low,2,1,0.95,backtest,demand_forecast_run_20261005T130920538
2025-09-20,S08,P0170,13,1.986,1.013,2.36,0,Low,2,1,0.95,backtest,demand_forecast_run_20261005T130920538
2025-09-20,S08,P0206,7,4.139,1.471,3.43,1,Medium,2,1,0.95,backtest,demand_forecast_run_20261005T130920538
2025-09-20,S08,P0213,12,2.314,1.771,4.13,0,Low,2,1,0.95,backtest,demand_forecast_run_20261005T130920538
2025-09-20,S08,P0252,27,7.088,1.906,4.45,0,Low,2,1,0.95,backtest,demand_forecast_run_20261005T130920538
2025-09-20,S08,P0272,12,2.11,1.062,2.48,0,Low,2,1,0.95,backtest,demand_forecast_run_20261005T130920538
2025-09-20,S08,P0288,7,1.753,0.956,2.23,0,Low,2,1,0.95,backtest,demand_forecast_run_20261005T130920538
2025-09-20,S08,P0316,13,1.416,0.838,1.96,0,Low,2,1,0.95,backtest,demand_forecast_run_20261005T130920538
2025-09-20,S08,P0369,29,5.128,2.601,6.07,0,Low,2,1,0.95,backtest,demand_forecast_run_20261005T130920538
2025-09-20,S08,P0381,12,1.876,1.069,2.49,0,Low,2,1,0.95,backtest,demand_forecast_run_20261005T130920538
2025-09-20,S08,P0391,8,3.505,1.892,4.42,0,Low,2,1,0.95,backtest,demand_forecast_run_20261005T130920538
2025-09-20,S08,P0392,7,1.968,1.416,3.3,0,Low,2,1,0.95,backtest,demand_forecast_run_20261005T130920538
2025-09-20,S08,P0408,2,2.886,1.83,4.27,6,High,2,1,0.95,backtest,demand_forecast_run_20261005T130920538
2025-09-20,S08,P0409,14,3.124,1.634,3.81,0,Low,2,1,0.95,backtest,demand_forecast_run_20261005T130920538
2025-09-20,S08,P0433,6,1.164,0.518,1.21,0,Low,2,1,0.95,backtest,demand_forecast_run_20261005T130920538
2025-09-20,S08,P0435,19,7.218,2.117,4.94,0,Low,2,1,0.95,backtest,demand_forecast_run_20261005T130920538
2025-09-20,S08,P0445,11,1.579,1.201,2.8,0,Low,2,1,0.95,backtest,demand_forecast_run_20261005T130920538
2025-09-20,S08,P0507,13,12.419,2.672,6.23,6,Medium,2,1,0.95,backtest,demand_forecast_run_20261005T130920538
2025-09-20,S08,P0563,16,7.033,2.155,5.03,0,Low,2,1,0.95,backtest,demand_forecast_run_20261005T130920538
2025-09-20,S08,P0579,9,1.689,0.81,1.89,0,Low,2,1,0.95,backtest,demand_forecast_run_20261005T130920538
2025-09-20,S08,P0589,12,2.706,2.001,4.67,0,Low,2,1,0.95,backtest,demand_forecast_run_20261005T130920538
2025-09-20,S09,P0003,13,3.83,1.588,3.71,0,Low,2,1,0.95,backtest,demand_forecast_run_20261005T130920538
2025-09-20,S09,P0022,14,3.172,1.188,2.77,0,Low,2,1,0.95,backtest,demand_forecast_run_20261005T130920538
2025-09-20,S09,P0032,25,12.596,2.31,5.39,0,Low,2,1,0.95,backtest,demand_forecast_run_20261005T130920538
2025-09-20,S09,P0053,8,0.587,0.518,1.21,0,Low,2,1,0.95,backtest,demand_forecast_run_20261005T130920538
2025-09-20,S09,P0073,7,0.84,0.844,1.97,0,Low,2,1,0.95,backtest,demand_forecast_run_20261005T130920538
2025-09-20,S09,P0170,12,2.146,1.031,2.41,0,Low,2,1,0.95,backtest,demand_forecast_run_20261005T130920538
2025-09-20,S09,P0206,13,3.703,1.307,3.05,0,Low,2,1,0.95,backtest,demand_forecast_run_20261005T130920538
2025-09-20,S09,P0213,11,4.695,1.771,4.13,0,Low,2,1,0.95,backtest,demand_forecast_run_20261005T130920538
2025-09-20,S09,P0252,24,5.888,1.904,4.44,0,Low,2,1,0.95,backtest,demand_forecast_run_20261005T130920538
2025-09-20,S09,P0272,2,1.2,0.559,1.3,1,Medium,2,1,0.95,backtest,demand_forecast_run_20261005T130920538
2025-09-20,S09,P0288,11,2.215,1.066,2.49,0,Low,2,1,0.95,backtest,demand_forecast_run_20261005T130920538
2025-09-20,S09,P0316,11,1.701,1.066,2.49,0,Low,2,1,0.95,backtest,demand_forecast_run_20261005T130920538
2025-09-20,S09,P0369,0,5.826,1.805,4.21,11,High,2,1,0.95,backtest,demand_forecast_run_20261005T130920538
2025-09-20,S09,P0381,5,1.2,0.87,2.03,0,Low,2,1,0.95,backtest,demand_forecast_run_20261005T130920538
2025-09-20,S09,P0391,19,3.943,1.679,3.92,0,Low,2,1,0.95,backtest,demand_forecast_run_20261005T130920538
2025-09-20,S09,P0392,9,1.311,1.182,2.76,0,Low,2,1,0.95,backtest,demand_forecast_run_20261005T130920538
2025-09-20,S09,P0408,6,2.857,1.02,2.38,0,Low,2,1,0.95,backtest,demand_forecast_run_20261005T130920538
2025-09-20,S09,P0409,3,2.507,1.101,2.57,3,Medium,2,1,0.95,backtest,demand_forecast_run_20261005T130920538
2025-09-20,S09,P0433,3,0.499,0.356,0.83,0,Low,2,1,0.95,backtest,demand_forecast_run_20261005T130920538
2025-09-20,S09,P0435,22,6.113,2.134,4.98,0,Low,2,1,0.95,backtest,demand_forecast_run_20261005T130920538
2025-09-20,S09,P0445,2,2.172,1.744,4.07,5,High,2,1,0.95,backtest,demand_forecast_run_20261005T130920538
2025-09-20,S09,P0507,52,10.106,2.736,6.38,0,Low,2,1,0.95,backtest,demand_forecast_run_20261005T130920538
2025-09-20,S09,P0563,14,4.562,1.682,3.93,0,Low,2,1,0.95,backtest,demand_forecast_run_20261005T130920538
2025-09-20,S09,P0579,5,2.051,1.096,2.56,0,Low,2,1,0.95,backtest,demand_forecast_run_20261005T130920538
2025-09-20,S09,P0589,5,4.527,1.853,4.32,4,Medium,2,1,0.95,backtest,demand_forecast_run_20261005T130920538
2025-09-20,S10,P0003,14,4.776,1.99,4.64,0,Low,2,1,0.95,backtest,demand_forecast_run_20261005T130920538
2025-09-20,S10,P0022,5,2.765,1.307,3.05,1,Medium,2,1,0.95,backtest,demand_forecast_run_20261005T130920538
2025-09-20,S10,P0032,23,11.28,2.091,4.88,0,Low,2,1,0.95,backtest,demand_forecast_run_20261005T130920538
2025-09-20,S10,P0053,4,0.74,0.863,2.01,0,Low,2,1,0.95,backtest,demand_forecast_run_20261005T130920538
2025-09-20,S10,P0073,8,0.613,0.499,1.16,0,Low,2,1,0.95,backtest,demand_forecast_run_20261005T130920538
2025-09-20,S10,P0170,8,1.796,0.875,2.04,0,Low,2,1,0.95,backtest,demand_forecast_run_20261005T130920538
2025-09-20,S10,P0206,11,2.617,1.005,2.34,0,Low,2,1,0.95,backtest,demand_forecast_run_20261005T130920538
2025-09-20,S10,P0213,6,2.943,1.401,3.27,1,Low,2,1,0.95,backtest,demand_forecast_run_20261005T130920538
2025-09-20,S10,P0252,0,5.035,1.565,3.65,9,High,2,1,0.95,backtest,demand_forecast_run_20261005T130920538
2025-09-20,S10,P0272,2,0.817,0.659,1.54,1,Medium,2,1,0.95,backtest,demand_forecast_run_20261005T130920538
2025-09-20,S10,P0288,7,1.984,1.598,3.73,0,Low,2,1,0.95,backtest,demand_forecast_run_20261005T130920538
2025-09-20,S10,P0316,9,1.246,0.678,1.58,0,Low,2,1,0.95,backtest,demand_forecast_run_20261005T130920538
2025-09-20,S10,P0369,12,4.776,1.524,3.56,0,Low,2,1,0.95,backtest,demand_forecast_run_20261005T130920538
2025-09-20,S10,P0381,0,2.042,1.117,2.61,5,High,2,1,0.95,backtest,demand_forecast_run_20261005T130920538
2025-09-20,S10,P0391,17,3.126,1.638,3.82,0,Low,2,1,0.95,backtest,demand_forecast_run_20261005T130920538
2025-09-20,S10,P0392,6,1.027,0.567,1.32,0,Low,2,1,0.95,backtest,demand_forecast_run_20261005T130920538
2025-09-20,S10,P0408,9,2.105,0.879,2.05,0,Low,2,1,0.95,backtest,demand_forecast_run_20261005T130920538
2025-09-20,S10,P0409,13,3.152,1.245,2.91,0,Low,2,1,0.95,backtest,demand_forecast_run_20261005T130920538
2025-09-20,S10,P0433,2,0.938,0.535,1.25,1,Medium,2,1,0.95,backtest,demand_forecast_run_20261005T130920538
2025-09-20,S10,P0435,0,4.85,2.527,5.9,11,High,2,1,0.95,backtest,demand_forecast_run_20261005T130920538
2025-09-20,S10,P0445,3,2.352,1.239,2.89,3,Medium,2,1,0.95,backtest,demand_forecast_run_20261005T130920538
2025-09-20,S10,P0507,0,9.7,2.426,5.66,16,High,2,1,0.95,backtest,demand_forecast_run_20261005T130920538
2025-09-20,S10,P0563,20,4.187,1.835,4.28,0,Low,2,1,0.95,backtest,demand_forecast_run_20261005T130920538
2025-09-20,S10,P0579,4,0.946,0.548,1.28,0,Low,2,1,0.95,backtest,demand_forecast_run_20261005T130920538
2025-09-20,S10,P0589,0,2.796,1.113,2.6,6,High,2,1,0.95,backtest,demand_forecast_run_20261005T130920538
2025-09-20,S11,P0003,10,3.467,1.359,3.17,0,Low,2,1,0.95,backtest,demand_forecast_run_20261005T130920538
2025-09-20,S11,P0022,8,4.594,1.982,4.63,2,Low,2,1,0.95,backtest,demand_forecast_run_20261005T130920538
2025-09-20,S11,P0032,30,13.658,3.695,8.62,0,Low,2,1,0.95,backtest,demand_forecast_run_20261005T130920538
2025-09-20,S11,P0053,3,1.547,0.989,2.31,1,Medium,2,1,0.95,backtest,demand_forecast_run_20261005T130920538
2025-09-20,S11,P0073,1,1.085,0.69,1.61,2,High,2,1,0.95,backtest,demand_forecast_run_20261005T130920538
2025-09-20,S11,P0170,5,1.905,0.928,2.17,0,Low,2,1,0.95,backtest,demand_forecast_run_20261005T130920538
2025-09-20,S11,P0206,0,3.494,1.618,3.78,8,High,2,1,0.95,backtest,demand_forecast_run_20261005T130920538
2025-09-20,S11,P0213,3,3.871,1.474,3.44,5,High,2,1,0.95,backtest,demand_forecast_run_20261005T130920538
2025-09-20,S11,P0252,16,6.871,2.349,5.48,0,Low,2,1,0.95,backtest,demand_forecast_run_20261005T130920538
2025-09-20,S11,P0272,12,1.266,0.638,1.49,0,Low,2,1,0.95,backtest,demand_forecast_run_20261005T130920538
2025-09-20,S11,P0288,4,3.18,1.83,4.27,4,Medium,2,1,0.95,backtest,demand_forecast_run_20261005T130920538
2025-09-20,S11,P0316,7,3.289,1.044,2.44,0,Low,2,1,0.95,backtest,demand_forecast_run_20261005T130920538
2025-09-20,S11,P0369,15,6.955,3.533,8.24,1,Low,2,1,0.95,backtest,demand_forecast_run_20261005T130920538
2025-09-20,S11,P0381,6,2.622,1.374,3.21,0,Low,2,1,0.95,backtest,demand_forecast_run_20261005T130920538
2025-09-20,S11,P0391,14,3.009,1.602,3.74,0,Low,2,1,0.95,backtest,demand_forecast_run_20261005T130920538
2025-09-20,S11,P0392,5,1.342,1.197,2.79,0,Low,2,1,0.95,backtest,demand_forecast_run_20261005T130920538
2025-09-20,S11,P0408,11,3.469,1.701,3.97,0,Low,2,1,0.95,backtest,demand_forecast_run_20261005T130920538
2025-09-20,S11,P0409,0,2.884,0.967,2.26,6,High,2,1,0.95,backtest,demand_forecast_run_20261005T130920538
2025-09-20,S11,P0433,1,1.092,0.922,2.15,3,High,2,1,0.95,backtest,demand_forecast_run_20261005T130920538
2025-09-20,S11,P0435,20,6.862,2.707,6.32,0,Low,2,1,0.95,backtest,demand_forecast_run_20261005T130920538
2025-09-20,S11,P0445,7,2.236,1.315,3.07,0,Low,2,1,0.95,backtest,demand_forecast_run_20261005T130920538
2025-09-20,S11,P0507,46,12.34,3.114,7.27,0,Low,2,1,0.95,backtest,demand_forecast_run_20261005T130920538
2025-09-20,S11,P0563,3,5.606,2.794,6.52,10,High,2,1,0.95,backtest,demand_forecast_run_20261005T130920538
2025-09-20,S11,P0579,5,1.923,0.962,2.25,0,Low,2,1,0.95,backtest,demand_forecast_run_20261005T130920538
2025-09-20,S11,P0589,14,3.333,1.133,2.64,0,Low,2,1,0.95,backtest,demand_forecast_run_20261005T130920538
2025-09-20,S12,P0003,17,3.269,1.307,3.05,0,Low,2,1,0.95,backtest,demand_forecast_run_20261005T130920538
2025-09-20,S12,P0022,9,2.926,1.283,2.99,0,Low,2,1,0.95,backtest,demand_forecast_run_20261005T130920538
2025-09-20,S12,P0032,40,11.953,6.093,14.22,0,Low,2,1,0.95,backtest,demand_forecast_run_20261005T130920538
2025-09-20,S12,P0053,7,1.595,1.329,3.1,0,Low,2,1,0.95,backtest,demand_forecast_run_20261005T130920538
2025-09-20,S12,P0073,8,0.925,0.612,1.43,0,Low,2,1,0.95,backtest,demand_forecast_run_20261005T130920538
2025-09-20,S12,P0170,10,1.656,1.287,3,0,Low,2,1,0.95,backtest,demand_forecast_run_20261005T130920538
2025-09-20,S12,P0206,0,3.448,1.934,4.51,8,High,2,1,0.95,backtest,demand_forecast_run_20261005T130920538
2025-09-20,S12,P0213,8,2.619,1.277,2.98,0,Low,2,1,0.95,backtest,demand_forecast_run_20261005T130920538
2025-09-20,S12,P0252,20,4.047,1.615,3.77,0,Low,2,1,0.95,backtest,demand_forecast_run_20261005T130920538
2025-09-20,S12,P0272,3,1.851,1.026,2.39,2,Medium,2,1,0.95,backtest,demand_forecast_run_20261005T130920538
2025-09-20,S12,P0288,10,2.295,1.228,2.87,0,Low,2,1,0.95,backtest,demand_forecast_run_20261005T130920538
2025-09-20,S12,P0316,4,2.052,1.197,2.79,1,Low,2,1,0.95,backtest,demand_forecast_run_20261005T130920538
2025-09-20,S12,P0369,20,7.185,2.728,6.37,0,Low,2,1,0.95,backtest,demand_forecast_run_20261005T130920538
2025-09-20,S12,P0381,9,1.954,1.219,2.84,0,Low,2,1,0.95,backtest,demand_forecast_run_20261005T130920538
2025-09-20,S12,P0391,8,2.871,1.301,3.04,0,Low,2,1,0.95,backtest,demand_forecast_run_20261005T130920538
2025-09-20,S12,P0392,6,0.994,1.036,2.42,0,Low,2,1,0.95,backtest,demand_forecast_run_20261005T130920538
2025-09-20,S12,P0408,6,1.715,1.162,2.71,0,Low,2,1,0.95,backtest,demand_forecast_run_20261005T130920538
2025-09-20,S12,P0409,11,2.166,1.274,2.97,0,Low,2,1,0.95,backtest,demand_forecast_run_20261005T130920538
2025-09-20,S12,P0433,4,0.733,0.659,1.54,0,Low,2,1,0.95,backtest,demand_forecast_run_20261005T130920538
2025-09-20,S12,P0435,7,5.632,1.804,4.21,3,Low,2,1,0.95,backtest,demand_forecast_run_20261005T130920538
2025-09-20,S12,P0445,8,0.942,0.737,1.72,0,Low,2,1,0.95,backtest,demand_forecast_run_20261005T130920538
2025-09-20,S12,P0507,26,8.049,3.118,7.27,0,Low,2,1,0.95,backtest,demand_forecast_run_20261005T130920538
2025-09-20,S12,P0563,6,3.187,1.286,3,1,Medium,2,1,0.95,backtest,demand_forecast_run_20261005T130920538
2025-09-20,S12,P0579,0,1.011,0.839,1.96,3,High,2,1,0.95,backtest,demand_forecast_run_20261005T130920538
2025-09-20,S12,P0589,4,2.179,1.101,2.57,1,Medium,2,1,0.95,backtest,demand_forecast_run_20261005T130920538
2025-09-21,S01,P0003,12,3.969,1.467,3.42,0,Low,2,1,0.95,backtest,demand_forecast_run_20261005T130920538
2025-09-21,S01,P0022,10,2.208,1.297,3.03,0,Low,2,1,0.95,backtest,demand_forecast_run_20261005T130920538
2025-09-21,S01,P0032,49,11.464,3.185,7.43,0,Low,2,1,0.95,backtest,demand_forecast_run_20261005T130920538
2025-09-21,S01,P0053,9,1.194,0.87,2.03,0,Low,2,1,0.95,backtest,demand_forecast_run_20261005T130920538
2025-09-21,S01,P0073,4,0.888,0.879,2.05,0,Low,2,1,0.95,backtest,demand_forecast_run_20261005T130920538
2025-09-21,S01,P0170,6,1.664,0.881,2.06,0,Low,2,1,0.95,backtest,demand_forecast_run_20261005T130920538
2025-09-21,S01,P0206,12,2.772,0.943,2.2,0,Low,2,1,0.95,backtest,demand_forecast_run_20261005T130920538
2025-09-21,S01,P0213,8,2.646,1.155,2.69,0,Low,2,1,0.95,backtest,demand_forecast_run_20261005T130920538
2025-09-21,S01,P0252,13,4.83,2.043,4.77,0,Low,2,1,0.95,backtest,demand_forecast_run_20261005T130920538
2025-09-21,S01,P0272,4,1.406,0.945,2.2,0,Low,2,1,0.95,backtest,demand_forecast_run_20261005T130920538
2025-09-21,S01,P0288,8,1.058,0.962,2.25,0,Low,2,1,0.95,backtest,demand_forecast_run_20261005T130920538
2025-09-21,S01,P0316,7,0.693,0.441,1.03,0,Low,2,1,0.95,backtest,demand_forecast_run_20261005T130920538
2025-09-21,S01,P0369,24,5.473,1.474,3.44,0,Low,2,1,0.95,backtest,demand_forecast_run_20261005T130920538
2025-09-21,S01,P0381,5,1.554,1.236,2.88,0,Low,2,1,0.95,backtest,demand_forecast_run_20261005T130920538
2025-09-21,S01,P0391,5,4.896,1.815,4.24,5,Medium,2,1,0.95,backtest,demand_forecast_run_20261005T130920538
2025-09-21,S01,P0392,5,1.069,0.879,2.05,0,Low,2,1,0.95,backtest,demand_forecast_run_20261005T130920538
2025-09-21,S01,P0408,10,1.462,0.79,1.84,0,Low,2,1,0.95,backtest,demand_forecast_run_20261005T130920538
2025-09-21,S01,P0409,0,1.978,1.247,2.91,5,High,2,1,0.95,backtest,demand_forecast_run_20261005T130920538
2025-09-21,S01,P0433,8,0.82,0.772,1.8,0,Low,2,1,0.95,backtest,demand_forecast_run_20261005T130920538
2025-09-21,S01,P0435,3,4.006,1.853,4.32,6,High,2,1,0.95,backtest,demand_forecast_run_20261005T130920538
2025-09-21,S01,P0445,10,1.108,0.836,1.95,0,Low,2,1,0.95,backtest,demand_forecast_run_20261005T130920538
2025-09-21,S01,P0507,38,9.788,1.75,4.08,0,Low,2,1,0.95,backtest,demand_forecast_run_20261005T130920538
2025-09-21,S01,P0563,6,3.403,1.545,3.6,2,Medium,2,1,0.95,backtest,demand_forecast_run_20261005T130920538
2025-09-21,S01,P0579,9,1.413,1.013,2.36,0,Low,2,1,0.95,backtest,demand_forecast_run_20261005T130920538
2025-09-21,S01,P0589,8,3.368,1.491,3.48,0,Low,2,1,0.95,backtest,demand_forecast_run_20261005T130920538
2025-09-21,S02,P0003,9,4.713,1.446,3.37,0,Low,2,1,0.95,backtest,demand_forecast_run_20261005T130920538
2025-09-21,S02,P0022,14,3.672,1.575,3.68,0,Low,2,1,0.95,backtest,demand_forecast_run_20261005T130920538
2025-09-21,S02,P0032,19,9.532,1.922,4.48,0,Low,2,1,0.95,backtest,demand_forecast_run_20261005T130920538
2025-09-21,S02,P0053,7,0.692,0.799,1.87,0,Low,2,1,0.95,backtest,demand_forecast_run_20261005T130920538
2025-09-21,S02,P0073,6,0.997,0.839,1.96,0,Low,2,1,0.95,backtest,demand_forecast_run_20261005T130920538
2025-09-21,S02,P0170,9,1.19,0.962,2.24,0,Low,2,1,0.95,backtest,demand_forecast_run_20261005T130920538
2025-09-21,S02,P0206,10,3.014,1.362,3.18,0,Low,2,1,0.95,backtest,demand_forecast_run_20261005T130920538
2025-09-21,S02,P0213,0,2.684,1.414,3.3,6,High,2,1,0.95,backtest,demand_forecast_run_20261005T130920538
2025-09-21,S02,P0252,13,4.584,1.649,3.85,0,Low,2,1,0.95,backtest,demand_forecast_run_20261005T130920538
2025-09-21,S02,P0272,9,1.496,1.295,3.02,0,Low,2,1,0.95,backtest,demand_forecast_run_20261005T130920538
2025-09-21,S02,P0288,9,1.577,0.967,2.26,0,Low,2,1,0.95,backtest,demand_forecast_run_20261005T130920538
2025-09-21,S02,P0316,6,1.096,0.79,1.84,0,Low,2,1,0.95,backtest,demand_forecast_run_20261005T130920538
2025-09-21,S02,P0369,17,5.066,1.765,4.12,0,Low,2,1,0.95,backtest,demand_forecast_run_20261005T130920538
2025-09-21,S02,P0381,13,0.997,1.106,2.58,0,Low,2,1,0.95,backtest,demand_forecast_run_20261005T130920538
2025-09-21,S02,P0391,0,4.939,1.75,4.08,10,High,2,1,0.95,backtest,demand_forecast_run_20261005T130920538
2025-09-21,S02,P0392,3,1.077,1.084,2.53,1,Medium,2,1,0.95,backtest,demand_forecast_run_20261005T130920538
2025-09-21,S02,P0408,11,1.886,1.031,2.41,0,Low,2,1,0.95,backtest,demand_forecast_run_20261005T130920538
2025-09-21,S02,P0409,7,3.955,1.345,3.14,1,Low,2,1,0.95,backtest,demand_forecast_run_20261005T130920538
2025-09-21,S02,P0433,5,0.474,0.568,1.33,0,Low,2,1,0.95,backtest,demand_forecast_run_20261005T130920538
2025-09-21,S02,P0435,6,4.882,1.867,4.36,4,Medium,2,1,0.95,backtest,demand_forecast_run_20261005T130920538
2025-09-21,S02,P0445,9,1.772,1.227,2.86,0,Low,2,1,0.95,backtest,demand_forecast_run_20261005T130920538
2025-09-21,S02,P0507,30,11.464,1.961,4.58,0,Low,2,1,0.95,backtest,demand_forecast_run_20261005T130920538
2025-09-21,S02,P0563,12,2.565,1.74,4.06,0,Low,2,1,0.95,backtest,demand_forecast_run_20261005T130920538
2025-09-21,S02,P0579,10,1.258,0.962,2.25,0,Low,2,1,0.95,backtest,demand_forecast_run_20261005T130920538
2025-09-21,S02,P0589,7,2.664,1.331,3.11,0,Low,2,1,0.95,backtest,demand_forecast_run_20261005T130920538
2025-09-21,S03,P0003,8,2.8,1.433,3.34,0,Low,2,1,0.95,backtest,demand_forecast_run_20261005T130920538
2025-09-21,S03,P0022,8,2.165,1.458,3.4,0,Low,2,1,0.95,backtest,demand_forecast_run_20261005T130920538
2025-09-21,S03,P0032,18,11.664,2.229,5.2,0,Low,2,1,0.95,backtest,demand_forecast_run_20261005T130920538
2025-09-21,S03,P0053,13,1.34,0.881,2.06,0,Low,2,1,0.95,backtest,demand_forecast_run_20261005T130920538
2025-09-21,S03,P0073,3,1.06,0.548,1.28,0,Medium,2,1,0.95,backtest,demand_forecast_run_20261005T130920538
2025-09-21,S03,P0170,9,3.193,1.005,2.34,0,Low,2,1,0.95,backtest,demand_forecast_run_20261005T130920538
2025-09-21,S03,P0206,8,2.916,1.184,2.76,0,Low,2,1,0.95,backtest,demand_forecast_run_20261005T130920538
2025-09-21,S03,P0213,11,2.686,1.138,2.66,0,Low,2,1,0.95,backtest,demand_forecast_run_20261005T130920538
2025-09-21,S03,P0252,1,5.285,2.217,5.17,10,High,2,1,0.95,backtest,demand_forecast_run_20261005T130920538
2025-09-21,S03,P0272,4,1.06,0.772,1.8,0,Low,2,1,0.95,backtest,demand_forecast_run_20261005T130920538
2025-09-21,S03,P0288,7,1.079,0.832,1.94,0,Low,2,1,0.95,backtest,demand_forecast_run_20261005T130920538
2025-09-21,S03,P0316,9,1.652,1.166,2.72,0,Low,2,1,0.95,backtest,demand_forecast_run_20261005T130920538
2025-09-21,S03,P0369,14,4.212,1.26,2.94,0,Low,2,1,0.95,backtest,demand_forecast_run_20261005T130920538
2025-09-21,S03,P0381,5,1.178,0.621,1.45,0,Low,2,1,0.95,backtest,demand_forecast_run_20261005T130920538
2025-09-21,S03,P0391,21,4.733,2.299,5.36,0,Low,2,1,0.95,backtest,demand_forecast_run_20261005T130920538
2025-09-21,S03,P0392,10,0.892,0.634,1.48,0,Low,2,1,0.95,backtest,demand_forecast_run_20261005T130920538
2025-09-21,S03,P0408,10,1.663,1.02,2.38,0,Low,2,1,0.95,backtest,demand_forecast_run_20261005T130920538
2025-09-21,S03,P0409,10,1.829,0.97,2.26,0,Low,2,1,0.95,backtest,demand_forecast_run_20261005T130920538
2025-09-21,S03,P0433,4,0,0,0,0,Low,2,1,0.95,backtest,demand_forecast_run_20261005T130920538
2025-09-21,S03,P0435,14,3.924,1.289,3.01,0,Low,2,1,0.95,backtest,demand_forecast_run_20261005T130920538
2025-09-21,S03,P0445,7,1.052,0.79,1.84,0,Low,2,1,0.95,backtest,demand_forecast_run_20261005T130920538
2025-09-21,S03,P0507,32,9.818,2.694,6.29,0,Low,2,1,0.95,backtest,demand_forecast_run_20261005T130920538
2025-09-21,S03,P0563,11,3.18,1.105,2.58,0,Low,2,1,0.95,backtest,demand_forecast_run_20261005T130920538
2025-09-21,S03,P0579,0,1.752,1.335,3.11,5,High,2,1,0.95,backtest,demand_forecast_run_20261005T130920538
2025-09-21,S03,P0589,7,3.238,1.492,3.48,0,Low,2,1,0.95,backtest,demand_forecast_run_20261005T130920538
2025-09-21,S04,P0003,12,3.29,1.29,3.01,0,Low,2,1,0.95,backtest,demand_forecast_run_20261005T130920538
2025-09-21,S04,P0022,5,2.255,1.134,2.65,0,Medium,2,1,0.95,backtest,demand_forecast_run_20261005T130920538
2025-09-21,S04,P0032,19,8.252,2.736,6.38,0,Low,2,1,0.95,backtest,demand_forecast_run_20261005T130920538
2025-09-21,S04,P0053,5,0.845,0.731,1.71,0,Low,2,1,0.95,backtest,demand_forecast_run_20261005T130920538
2025-09-21,S04,P0073,3,1.177,0.612,1.43,0,Low,2,1,0.95,backtest,demand_forecast_run_20261005T130920538
2025-09-21,S04,P0170,7,1.7,1.034,2.41,0,Low,2,1,0.95,backtest,demand_forecast_run_20261005T130920538
2025-09-21,S04,P0206,10,2.49,1.464,3.42,0,Low,2,1,0.95,backtest,demand_forecast_run_20261005T130920538
2025-09-21,S04,P0213,5,1.592,0.959,2.24,0,Low,2,1,0.95,backtest,demand_forecast_run_20261005T130920538
2025-09-21,S04,P0252,12,3.727,1.343,3.13,0,Low,2,1,0.95,backtest,demand_forecast_run_20261005T130920538
2025-09-21,S04,P0272,9,1.569,0.836,1.95,0,Low,2,1,0.95,backtest,demand_forecast_run_20261005T130920538
2025-09-21,S04,P0288,5,1.008,0.79,1.84,0,Low,2,1,0.95,backtest,demand_forecast_run_20261005T130920538
2025-09-21,S04,P0316,8,0.581,0.701,1.63,0,Low,2,1,0.95,backtest,demand_forecast_run_20261005T130920538
2025-09-21,S04,P0369,20,3.682,1.287,3,0,Low,2,1,0.95,backtest,demand_forecast_run_20261005T130920538
2025-09-21,S04,P0381,6,1.177,0.863,2.01,0,Low,2,1,0.95,backtest,demand_forecast_run_20261005T130920538
2025-09-21,S04,P0391,12,2.367,1.217,2.84,0,Low,2,1,0.95,backtest,demand_forecast_run_20261005T130920538
2025-09-21,S04,P0392,5,1,0.488,1.14,0,Low,2,1,0.95,backtest,demand_forecast_run_20261005T130920538
2025-09-21,S04,P0408,14,1.415,0.863,2.01,0,Low,2,1,0.95,backtest,demand_forecast_run_20261005T130920538
2025-09-21,S04,P0409,2,1.638,1.156,2.7,3,Medium,2,1,0.95,backtest,demand_forecast_run_20261005T130920538
2025-09-21,S04,P0433,10,0.206,0.416,0.97,0,Low,2,1,0.95,backtest,demand_forecast_run_20261005T130920538
2025-09-21,S04,P0435,12,2.834,1.969,4.59,0,Low,2,1,0.95,backtest,demand_forecast_run_20261005T130920538
2025-09-21,S04,P0445,8,1.727,0.997,2.33,0,Low,2,1,0.95,backtest,demand_forecast_run_20261005T130920538
2025-09-21,S04,P0507,13,7.557,1.816,4.24,0,Low,2,1,0.95,backtest,demand_forecast_run_20261005T130920538
2025-09-21,S04,P0563,6,1.569,0.69,1.61,0,Low,2,1,0.95,backtest,demand_forecast_run_20261005T130920538
2025-09-21,S04,P0579,8,0.784,0.875,2.04,0,Low,2,1,0.95,backtest,demand_forecast_run_20261005T130920538
2025-09-21,S04,P0589,6,2.437,0.976,2.28,0,Low,2,1,0.95,backtest,demand_forecast_run_20261005T130920538
2025-09-21,S05,P0003,4,2.192,1.335,3.11,2,Medium,2,1,0.95,backtest,demand_forecast_run_20261005T130920538
2025-09-21,S05,P0022,7,2.075,1.145,2.67,0,Low,2,1,0.95,backtest,demand_forecast_run_20261005T130920538
2025-09-21,S05,P0032,37,6.547,2.727,6.36,0,Low,2,1,0.95,backtest,demand_forecast_run_20261005T130920538
2025-09-21,S05,P0053,8,0.677,0.922,2.15,0,Low,2,1,0.95,backtest,demand_forecast_run_20261005T130920538
2025-09-21,S05,P0073,4,0.359,0.499,1.16,0,Low,2,1,0.95,backtest,demand_forecast_run_20261005T130920538
2025-09-21,S05,P0170,7,1.057,0.69,1.61,0,Low,2,1,0.95,backtest,demand_forecast_run_20261005T130920538
2025-09-21,S05,P0206,11,2.348,1.508,3.52,0,Low,2,1,0.95,backtest,demand_forecast_run_20261005T130920538
2025-09-21,S05,P0213,10,1.626,0.989,2.31,0,Low,2,1,0.95,backtest,demand_forecast_run_20261005T130920538
2025-09-21,S05,P0252,18,3.879,1.548,3.61,0,Low,2,1,0.95,backtest,demand_forecast_run_20261005T130920538
2025-09-21,S05,P0272,5,0.899,0.922,2.15,0,Low,2,1,0.95,backtest,demand_forecast_run_20261005T130920538
2025-09-21,S05,P0288,3,1.509,1.166,2.72,2,Medium,2,1,0.95,backtest,demand_forecast_run_20261005T130920538
2025-09-21,S05,P0316,6,0.881,0.92,2.15,0,Low,2,1,0.95,backtest,demand_forecast_run_20261005T130920538
2025-09-21,S05,P0369,10,3.455,1.66,3.87,0,Low,2,1,0.95,backtest,demand_forecast_run_20261005T130920538
2025-09-21,S05,P0381,5,0.899,0.881,2.06,0,Low,2,1,0.95,backtest,demand_forecast_run_20261005T130920538
2025-09-21,S05,P0391,4,2.082,1.425,3.33,2,Medium,2,1,0.95,backtest,demand_forecast_run_20261005T130920538
2025-09-21,S05,P0392,3,0.578,0.476,1.11,0,Low,2,1,0.95,backtest,demand_forecast_run_20261005T130920538
2025-09-21,S05,P0408,7,1.095,0.905,2.11,0,Low,2,1,0.95,backtest,demand_forecast_run_20261005T130920538
2025-09-21,S05,P0409,9,1.777,1.09,2.54,0,Low,2,1,0.95,backtest,demand_forecast_run_20261005T130920538
2025-09-21,S05,P0433,4,0.346,0.315,0.73,0,Low,2,1,0.95,backtest,demand_forecast_run_20261005T130920538
2025-09-21,S05,P0435,20,2.607,1.592,3.71,0,Low,2,1,0.95,backtest,demand_forecast_run_20261005T130920538
2025-09-21,S05,P0445,2,0.648,0.585,1.37,1,Medium,2,1,0.95,backtest,demand_forecast_run_20261005T130920538
2025-09-21,S05,P0507,27,6.115,2.313,5.4,0,Low,2,1,0.95,backtest,demand_forecast_run_20261005T130920538
2025-09-21,S05,P0563,15,1.917,1.799,4.2,0,Low,2,1,0.95,backtest,demand_forecast_run_20261005T130920538
2025-09-21,S05,P0579,8,0.748,0.713,1.66,0,Low,2,1,0.95,backtest,demand_forecast_run_20261005T130920538
2025-09-21,S05,P0589,5,2.192,1.362,3.18,1,Low,2,1,0.95,backtest,demand_forecast_run_20261005T130920538
2025-09-21,S06,P0003,12,3.461,1.687,3.94,0,Low,2,1,0.95,backtest,demand_forecast_run_20261005T130920538
2025-09-21,S06,P0022,5,2.317,1.315,3.07,1,Medium,2,1,0.95,backtest,demand_forecast_run_20261005T130920538
2025-09-21,S06,P0032,30,13.331,2.841,6.63,0,Low,2,1,0.95,backtest,demand_forecast_run_20261005T130920538
2025-09-21,S06,P0053,15,1.799,1.634,3.81,0,Low,2,1,0.95,backtest,demand_forecast_run_20261005T130920538
2025-09-21,S06,P0073,12,2.023,1.067,2.49,0,Low,2,1,0.95,backtest,demand_forecast_run_20261005T130920538
2025-09-21,S06,P0170,6,1.797,1.084,2.53,0,Low,2,1,0.95,backtest,demand_forecast_run_20261005T130920538
2025-09-21,S06,P0206,7,5.609,3.095,7.22,6,Medium,2,1,0.95,backtest,demand_forecast_run_20261005T130920538
2025-09-21,S06,P0213,7,3.823,1.5,3.5,1,Low,2,1,0.95,backtest,demand_forecast_run_20261005T130920538
2025-09-21,S06,P0252,14,5.584,1.691,3.95,0,Low,2,1,0.95,backtest,demand_forecast_run_20261005T130920538
2025-09-21,S06,P0272,7,1.38,0.838,1.96,0,Low,2,1,0.95,backtest,demand_forecast_run_20261005T130920538
2025-09-21,S06,P0288,9,1.514,1.036,2.42,0,Low,2,1,0.95,backtest,demand_forecast_run_20261005T130920538
2025-09-21,S06,P0316,12,1.588,1.071,2.5,0,Low,2,1,0.95,backtest,demand_forecast_run_20261005T130920538
2025-09-21,S06,P0369,14,5.591,1.618,3.78,0,Low,2,1,0.95,backtest,demand_forecast_run_20261005T130920538
2025-09-21,S06,P0381,13,2.667,1.666,3.89,0,Low,2,1,0.95,backtest,demand_forecast_run_20261005T130920538
2025-09-21,S06,P0391,3,3.598,2.329,5.43,7,High,2,1,0.95,backtest,demand_forecast_run_20261005T130920538
2025-09-21,S06,P0392,12,1.964,1.056,2.46,0,Low,2,1,0.95,backtest,demand_forecast_run_20261005T130920538
2025-09-21,S06,P0408,14,3.412,0.956,2.23,0,Low,2,1,0.95,backtest,demand_forecast_run_20261005T130920538
2025-09-21,S06,P0409,9,2.566,1.152,2.69,0,Low,2,1,0.95,backtest,demand_forecast_run_20261005T130920538
2025-09-21,S06,P0433,8,0.847,0.518,1.21,0,Low,2,1,0.95,backtest,demand_forecast_run_20261005T130920538
2025-09-21,S06,P0435,8,5.822,1.595,3.72,2,Medium,2,1,0.95,backtest,demand_forecast_run_20261005T130920538
2025-09-21,S06,P0445,6,1.973,1.1,2.57,0,Low,2,1,0.95,backtest,demand_forecast_run_20261005T130920538
2025-09-21,S06,P0507,20,12.416,2.881,6.72,0,Low,2,1,0.95,backtest,demand_forecast_run_20261005T130920538
2025-09-21,S06,P0563,15,2.299,0.916,2.14,0,Low,2,1,0.95,backtest,demand_forecast_run_20261005T130920538
2025-09-21,S06,P0579,6,2.481,1.551,3.62,1,Low,2,1,0.95,backtest,demand_forecast_run_20261005T130920538
2025-09-21,S06,P0589,17,2.942,1.166,2.72,0,Low,2,1,0.95,backtest,demand_forecast_run_20261005T130920538
2025-09-21,S07,P0003,10,2.293,1.02,2.38,0,Low,2,1,0.95,backtest,demand_forecast_run_20261005T130920538
2025-09-21,S07,P0022,7,2.376,1.533,3.58,0,Low,2,1,0.95,backtest,demand_forecast_run_20261005T130920538
2025-09-21,S07,P0032,19,10.272,2.574,6.01,0,Low,2,1,0.95,backtest,demand_forecast_run_20261005T130920538
2025-09-21,S07,P0053,4,0.962,0.832,1.94,0,Low,2,1,0.95,backtest,demand_forecast_run_20261005T130920538
2025-09-21,S07,P0073,9,0.532,0.723,1.69,0,Low,2,1,0.95,backtest,demand_forecast_run_20261005T130920538
2025-09-21,S07,P0170,4,0.868,0.559,1.3,0,Low,2,1,0.95,backtest,demand_forecast_run_20261005T130920538
2025-09-21,S07,P0206,0,2.662,1.731,4.04,7,High,2,1,0.95,backtest,demand_forecast_run_20261005T130920538
2025-09-21,S07,P0213,5,2.442,1.036,2.42,0,Low,2,1,0.95,backtest,demand_forecast_run_20261005T130920538
2025-09-21,S07,P0252,1,3.283,1.663,3.88,7,High,2,1,0.95,backtest,demand_forecast_run_20261005T130920538
2025-09-21,S07,P0272,9,0.827,0.882,2.06,0,Low,2,1,0.95,backtest,demand_forecast_run_20261005T130920538
2025-09-21,S07,P0288,11,1.152,1.02,2.38,0,Low,2,1,0.95,backtest,demand_forecast_run_20261005T130920538
2025-09-21,S07,P0316,8,0.466,0.518,1.21,0,Low,2,1,0.95,backtest,demand_forecast_run_20261005T130920538
2025-09-21,S07,P0369,4,4.217,1.753,4.09,5,High,2,1,0.95,backtest,demand_forecast_run_20261005T130920538
2025-09-21,S07,P0381,7,0.768,0.637,1.49,0,Low,2,1,0.95,backtest,demand_forecast_run_20261005T130920538
2025-09-21,S07,P0391,16,2.942,1.995,4.65,0,Low,2,1,0.95,backtest,demand_forecast_run_20261005T130920538
2025-09-21,S07,P0392,9,1.331,0.836,1.95,0,Low,2,1,0.95,backtest,demand_forecast_run_20261005T130920538
2025-09-21,S07,P0408,6,1.879,1.499,3.5,0,Low,2,1,0.95,backtest,demand_forecast_run_20261005T130920538
2025-09-21,S07,P0409,1,2.313,1.307,3.05,5,High,2,1,0.95,backtest,demand_forecast_run_20261005T130920538
2025-09-21,S07,P0433,7,0.59,0.772,1.8,0,Low,2,1,0.95,backtest,demand_forecast_run_20261005T130920538
2025-09-21,S07,P0435,13,3.638,2.206,5.15,0,Low,2,1,0.95,backtest,demand_forecast_run_20261005T130920538
2025-09-21,S07,P0445,9,0.82,0.731,1.71,0,Low,2,1,0.95,backtest,demand_forecast_run_20261005T130920538
2025-09-21,S07,P0507,14,6.72,2.638,6.16,0,Low,2,1,0.95,backtest,demand_forecast_run_20261005T130920538
2025-09-21,S07,P0563,15,2.363,1.526,3.56,0,Low,2,1,0.95,backtest,demand_forecast_run_20261005T130920538
2025-09-21,S07,P0579,7,1.261,0.951,2.22,0,Low,2,1,0.95,backtest,demand_forecast_run_20261005T130920538
2025-09-21,S07,P0589,8,2.293,0.983,2.29,0,Low,2,1,0.95,backtest,demand_forecast_run_20261005T130920538
2025-09-21,S08,P0003,10,3.692,1.902,4.44,0,Low,2,1,0.95,backtest,demand_forecast_run_20261005T130920538
2025-09-21,S08,P0022,8,3.156,1.89,4.41,0,Low,2,1,0.95,backtest,demand_forecast_run_20261005T130920538
2025-09-21,S08,P0032,42,11.649,2.673,6.24,0,Low,2,1,0.95,backtest,demand_forecast_run_20261005T130920538
2025-09-21,S08,P0053,9,1.15,1.307,3.05,0,Low,2,1,0.95,backtest,demand_forecast_run_20261005T130920538
2025-09-21,S08,P0073,12,0.599,0.701,1.63,0,Low,2,1,0.95,backtest,demand_forecast_run_20261005T130920538
2025-09-21,S08,P0170,10,1.956,1.09,2.54,0,Low,2,1,0.95,backtest,demand_forecast_run_20261005T130920538
2025-09-21,S08,P0206,5,2.969,1.442,3.36,2,Medium,2,1,0.95,backtest,demand_forecast_run_20261005T130920538
2025-09-21,S08,P0213,10,2.005,1.761,4.11,0,Low,2,1,0.95,backtest,demand_forecast_run_20261005T130920538
2025-09-21,S08,P0252,25,5.576,1.893,4.42,0,Low,2,1,0.95,backtest,demand_forecast_run_20261005T130920538
2025-09-21,S08,P0272,10,1.712,1.084,2.53,0,Low,2,1,0.95,backtest,demand_forecast_run_20261005T130920538
2025-09-21,S08,P0288,3,1.371,1.124,2.62,1,Medium,2,1,0.95,backtest,demand_forecast_run_20261005T130920538
2025-09-21,S08,P0316,12,1.043,0.838,1.96,0,Low,2,1,0.95,backtest,demand_forecast_run_20261005T130920538
2025-09-21,S08,P0369,29,5.11,2.601,6.07,0,Low,2,1,0.95,backtest,demand_forecast_run_20261005T130920538
2025-09-21,S08,P0381,11,1.113,0.838,1.96,0,Low,2,1,0.95,backtest,demand_forecast_run_20261005T130920538
2025-09-21,S08,P0391,5,3.329,1.895,4.42,3,Medium,2,1,0.95,backtest,demand_forecast_run_20261005T130920538
2025-09-21,S08,P0392,11,1.62,1.416,3.3,0,Low,2,1,0.95,backtest,demand_forecast_run_20261005T130920538
2025-09-21,S08,P0408,2,2.258,1.83,4.27,5,High,2,1,0.95,backtest,demand_forecast_run_20261005T130920538
2025-09-21,S08,P0409,12,2.754,1.647,3.84,0,Low,2,1,0.95,backtest,demand_forecast_run_20261005T130920538
2025-09-21,S08,P0433,6,0.71,0.499,1.16,0,Low,2,1,0.95,backtest,demand_forecast_run_20261005T130920538
2025-09-21,S08,P0435,14,5.194,2.168,5.06,0,Low,2,1,0.95,backtest,demand_forecast_run_20261005T130920538
2025-09-21,S08,P0445,8,1.569,1.283,2.99,0,Low,2,1,0.95,backtest,demand_forecast_run_20261005T130920538
2025-09-21,S08,P0507,4,10.636,2.711,6.33,13,High,2,1,0.95,backtest,demand_forecast_run_20261005T130920538
2025-09-21,S08,P0563,15,5.136,2.155,5.03,0,Low,2,1,0.95,backtest,demand_forecast_run_20261005T130920538
2025-09-21,S08,P0579,5,1.573,0.81,1.89,0,Low,2,1,0.95,backtest,demand_forecast_run_20261005T130920538
2025-09-21,S08,P0589,9,2.461,1.957,4.57,0,Low,2,1,0.95,backtest,demand_forecast_run_20261005T130920538
2025-09-21,S09,P0003,12,3.868,1.572,3.67,0,Low,2,1,0.95,backtest,demand_forecast_run_20261005T130920538
2025-09-21,S09,P0022,13,2.828,1.188,2.77,0,Low,2,1,0.95,backtest,demand_forecast_run_20261005T130920538
2025-09-21,S09,P0032,25,11.817,2.44,5.69,0,Low,2,1,0.95,backtest,demand_forecast_run_20261005T130920538
2025-09-21,S09,P0053,8,0.564,0.518,1.21,0,Low,2,1,0.95,backtest,demand_forecast_run_20261005T130920538
2025-09-21,S09,P0073,7,0.657,0.844,1.97,0,Low,2,1,0.95,backtest,demand_forecast_run_20261005T130920538
2025-09-21,S09,P0170,12,2.066,1.031,2.41,0,Low,2,1,0.95,backtest,demand_forecast_run_20261005T130920538
2025-09-21,S09,P0206,10,2.591,1.343,3.13,0,Low,2,1,0.95,backtest,demand_forecast_run_20261005T130920538
2025-09-21,S09,P0213,11,4.294,1.713,4,0,Low,2,1,0.95,backtest,demand_forecast_run_20261005T130920538
2025-09-21,S09,P0252,23,5.195,1.813,4.23,0,Low,2,1,0.95,backtest,demand_forecast_run_20261005T130920538
2025-09-21,S09,P0272,6,0.938,0.559,1.3,0,Low,2,1,0.95,backtest,demand_forecast_run_20261005T130920538
2025-09-21,S09,P0288,8,1.783,1.122,2.62,0,Low,2,1,0.95,backtest,demand_forecast_run_20261005T130920538
2025-09-21,S09,P0316,10,1.196,1.062,2.48,0,Low,2,1,0.95,backtest,demand_forecast_run_20261005T130920538
2025-09-21,S09,P0369,0,5.341,1.795,4.19,10,High,2,1,0.95,backtest,demand_forecast_run_20261005T130920538
2025-09-21,S09,P0381,2,0.938,0.87,2.03,1,Medium,2,1,0.95,backtest,demand_forecast_run_20261005T130920538
2025-09-21,S09,P0391,19,3.545,1.687,3.94,0,Low,2,1,0.95,backtest,demand_forecast_run_20261005T130920538
2025-09-21,S09,P0392,9,1.111,1.182,2.76,0,Low,2,1,0.95,backtest,demand_forecast_run_20261005T130920538
2025-09-21,S09,P0408,6,2.373,1.031,2.41,0,Low,2,1,0.95,backtest,demand_forecast_run_20261005T130920538
2025-09-21,S09,P0409,15,2.269,1.084,2.53,0,Low,2,1,0.95,backtest,demand_forecast_run_20261005T130920538
2025-09-21,S09,P0433,3,0.436,0.356,0.83,0,Low,2,1,0.95,backtest,demand_forecast_run_20261005T130920538
2025-09-21,S09,P0435,20,4.266,2.114,4.93,0,Low,2,1,0.95,backtest,demand_forecast_run_20261005T130920538
2025-09-21,S09,P0445,11,2.1,1.737,4.05,0,Low,2,1,0.95,backtest,demand_forecast_run_20261005T130920538
2025-09-21,S09,P0507,46,9.8,2.708,6.32,0,Low,2,1,0.95,backtest,demand_forecast_run_20261005T130920538
2025-09-21,S09,P0563,14,3.472,1.701,3.97,0,Low,2,1,0.95,backtest,demand_forecast_run_20261005T130920538
2025-09-21,S09,P0579,4,2.042,1.096,2.56,1,Low,2,1,0.95,backtest,demand_forecast_run_20261005T130920538
2025-09-21,S09,P0589,15,4.323,1.85,4.32,0,Low,2,1,0.95,backtest,demand_forecast_run_20261005T130920538
2025-09-21,S10,P0003,14,4.33,1.985,4.63,0,Low,2,1,0.95,backtest,demand_forecast_run_20261005T130920538
2025-09-21,S10,P0022,22,2.479,1.325,3.09,0,Low,2,1,0.95,backtest,demand_forecast_run_20261005T130920538
2025-09-21,S10,P0032,21,11.706,2.091,4.88,0,Low,2,1,0.95,backtest,demand_forecast_run_20261005T130920538
2025-09-21,S10,P0053,2,0.763,0.916,2.14,1,Medium,2,1,0.95,backtest,demand_forecast_run_20261005T130920538
2025-09-21,S10,P0073,8,0.477,0.499,1.16,0,Low,2,1,0.95,backtest,demand_forecast_run_20261005T130920538
2025-09-21,S10,P0170,8,1.604,0.875,2.04,0,Low,2,1,0.95,backtest,demand_forecast_run_20261005T130920538
2025-09-21,S10,P0206,8,2.289,1.079,2.52,0,Low,2,1,0.95,backtest,demand_forecast_run_20261005T130920538
2025-09-21,S10,P0213,6,2.306,1.166,2.72,0,Low,2,1,0.95,backtest,demand_forecast_run_20261005T130920538
2025-09-21,S10,P0252,0,4.604,1.618,3.78,9,High,2,1,0.95,backtest,demand_forecast_run_20261005T130920538
2025-09-21,S10,P0272,0,0.875,0.832,1.94,3,High,2,1,0.95,backtest,demand_forecast_run_20261005T130920538
2025-09-21,S10,P0288,5,1.427,1.499,3.5,0,Low,2,1,0.95,backtest,demand_forecast_run_20261005T130920538
2025-09-21,S10,P0316,9,0.954,0.678,1.58,0,Low,2,1,0.95,backtest,demand_forecast_run_20261005T130920538
2025-09-21,S10,P0369,12,4.35,1.56,3.64,0,Low,2,1,0.95,backtest,demand_forecast_run_20261005T130920538
2025-09-21,S10,P0381,0,1.511,1.124,2.62,5,High,2,1,0.95,backtest,demand_forecast_run_20261005T130920538
2025-09-21,S10,P0391,15,2.775,1.62,3.78,0,Low,2,1,0.95,backtest,demand_forecast_run_20261005T130920538
2025-09-21,S10,P0392,6,0.998,0.567,1.32,0,Low,2,1,0.95,backtest,demand_forecast_run_20261005T130920538
2025-09-21,S10,P0408,2,1.998,0.983,2.29,3,Medium,2,1,0.95,backtest,demand_forecast_run_20261005T130920538
2025-09-21,S10,P0409,13,2.873,1.245,2.91,0,Low,2,1,0.95,backtest,demand_forecast_run_20261005T130920538
2025-09-21,S10,P0433,1,0.865,0.535,1.25,2,Medium,2,1,0.95,backtest,demand_forecast_run_20261005T130920538
2025-09-21,S10,P0435,0,3.768,2.527,5.9,10,High,2,1,0.95,backtest,demand_forecast_run_20261005T130920538
2025-09-21,S10,P0445,10,2.188,1.249,2.91,0,Low,2,1,0.95,backtest,demand_forecast_run_20261005T130920538
2025-09-21,S10,P0507,0,9.419,2.426,5.66,16,High,2,1,0.95,backtest,demand_forecast_run_20261005T130920538
2025-09-21,S10,P0563,19,3.023,1.768,4.13,0,Low,2,1,0.95,backtest,demand_forecast_run_20261005T130920538
2025-09-21,S10,P0579,4,0.862,0.548,1.28,0,Low,2,1,0.95,backtest,demand_forecast_run_20261005T130920538
2025-09-21,S10,P0589,0,2.735,1.113,2.6,6,High,2,1,0.95,backtest,demand_forecast_run_20261005T130920538
2025-09-21,S11,P0003,10,3.276,1.37,3.2,0,Low,2,1,0.95,backtest,demand_forecast_run_20261005T130920538
2025-09-21,S11,P0022,8,3.609,1.964,4.58,1,Low,2,1,0.95,backtest,demand_forecast_run_20261005T130920538
2025-09-21,S11,P0032,27,13.389,3.727,8.7,0,Low,2,1,0.95,backtest,demand_forecast_run_20261005T130920538
2025-09-21,S11,P0053,1,1.485,0.989,2.31,3,High,2,1,0.95,backtest,demand_forecast_run_20261005T130920538
2025-09-21,S11,P0073,1,0.96,0.69,1.61,2,Medium,2,1,0.95,backtest,demand_forecast_run_20261005T130920538
2025-09-21,S11,P0170,5,1.886,0.928,2.17,0,Low,2,1,0.95,backtest,demand_forecast_run_20261005T130920538
2025-09-21,S11,P0206,18,2.966,1.618,3.78,0,Low,2,1,0.95,backtest,demand_forecast_run_20261005T130920538
2025-09-21,S11,P0213,2,3.667,1.401,3.27,5,High,2,1,0.95,backtest,demand_forecast_run_20261005T130920538
2025-09-21,S11,P0252,18,6.537,2.349,5.48,0,Low,2,1,0.95,backtest,demand_forecast_run_20261005T130920538
2025-09-21,S11,P0272,12,0.96,0.573,1.34,0,Low,2,1,0.95,backtest,demand_forecast_run_20261005T130920538
2025-09-21,S11,P0288,4,2.733,1.83,4.27,4,Medium,2,1,0.95,backtest,demand_forecast_run_20261005T130920538
2025-09-21,S11,P0316,6,2.791,1.044,2.44,0,Low,2,1,0.95,backtest,demand_forecast_run_20261005T130920538
2025-09-21,S11,P0369,14,6.639,3.533,8.24,1,Low,2,1,0.95,backtest,demand_forecast_run_20261005T130920538
2025-09-21,S11,P0381,6,2.239,1.388,3.24,0,Low,2,1,0.95,backtest,demand_forecast_run_20261005T130920538
2025-09-21,S11,P0391,13,2.887,1.602,3.74,0,Low,2,1,0.95,backtest,demand_forecast_run_20261005T130920538
2025-09-21,S11,P0392,5,1.292,1.197,2.79,0,Low,2,1,0.95,backtest,demand_forecast_run_20261005T130920538
2025-09-21,S11,P0408,11,2.972,1.686,3.93,0,Low,2,1,0.95,backtest,demand_forecast_run_20261005T130920538
2025-09-21,S11,P0409,0,2.731,0.967,2.26,5,High,2,1,0.95,backtest,demand_forecast_run_20261005T130920538
2025-09-21,S11,P0433,9,1.095,0.922,2.15,0,Low,2,1,0.95,backtest,demand_forecast_run_20261005T130920538
2025-09-21,S11,P0435,14,6.113,2.769,6.46,0,Low,2,1,0.95,backtest,demand_forecast_run_20261005T130920538
2025-09-21,S11,P0445,7,2.257,1.307,3.05,0,Low,2,1,0.95,backtest,demand_forecast_run_20261005T130920538
2025-09-21,S11,P0507,41,13.442,3.131,7.31,0,Low,2,1,0.95,backtest,demand_forecast_run_20261005T130920538
2025-09-21,S11,P0563,24,4.878,2.79,6.51,0,Low,2,1,0.95,backtest,demand_forecast_run_20261005T130920538
2025-09-21,S11,P0579,5,1.43,0.832,1.94,0,Low,2,1,0.95,backtest,demand_forecast_run_20261005T130920538
2025-09-21,S11,P0589,13,3.407,1.12,2.61,0,Low,2,1,0.95,backtest,demand_forecast_run_20261005T130920538
2025-09-21,S12,P0003,17,3.287,1.307,3.05,0,Low,2,1,0.95,backtest,demand_forecast_run_20261005T130920538
2025-09-21,S12,P0022,4,2.843,1.453,3.39,3,Medium,2,1,0.95,backtest,demand_forecast_run_20261005T130920538
2025-09-21,S12,P0032,34,12.138,6.071,14.17,0,Low,2,1,0.95,backtest,demand_forecast_run_20261005T130920538
2025-09-21,S12,P0053,7,1.563,1.329,3.1,0,Low,2,1,0.95,backtest,demand_forecast_run_20261005T130920538
2025-09-21,S12,P0073,8,0.732,0.612,1.43,0,Low,2,1,0.95,backtest,demand_forecast_run_20261005T130920538
2025-09-21,S12,P0170,8,1.405,1.219,2.84,0,Low,2,1,0.95,backtest,demand_forecast_run_20261005T130920538
2025-09-21,S12,P0206,13,2.869,2.088,4.87,0,Low,2,1,0.95,backtest,demand_forecast_run_20261005T130920538
2025-09-21,S12,P0213,8,2.85,1.29,3.01,0,Low,2,1,0.95,backtest,demand_forecast_run_20261005T130920538
2025-09-21,S12,P0252,18,3.731,1.615,3.77,0,Low,2,1,0.95,backtest,demand_forecast_run_20261005T130920538
2025-09-21,S12,P0272,3,1.464,1.026,2.39,1,Medium,2,1,0.95,backtest,demand_forecast_run_20261005T130920538
2025-09-21,S12,P0288,10,1.562,1.228,2.87,0,Low,2,1,0.95,backtest,demand_forecast_run_20261005T130920538
2025-09-21,S12,P0316,3,1.494,1.197,2.79,2,Medium,2,1,0.95,backtest,demand_forecast_run_20261005T130920538
2025-09-21,S12,P0369,20,7.123,2.748,6.41,0,Low,2,1,0.95,backtest,demand_forecast_run_20261005T130920538
2025-09-21,S12,P0381,5,1.79,1.371,3.2,0,Low,2,1,0.95,backtest,demand_forecast_run_20261005T130920538
2025-09-21,S12,P0391,8,2.658,1.315,3.07,0,Low,2,1,0.95,backtest,demand_forecast_run_20261005T130920538
2025-09-21,S12,P0392,4,1.098,1.071,2.5,0,Low,2,1,0.95,backtest,demand_forecast_run_20261005T130920538
2025-09-21,S12,P0408,5,1.69,1.156,2.7,0,Low,2,1,0.95,backtest,demand_forecast_run_20261005T130920538
2025-09-21,S12,P0409,10,2.151,1.257,2.93,0,Low,2,1,0.95,backtest,demand_forecast_run_20261005T130920538
2025-09-21,S12,P0433,3,0.688,0.659,1.54,0,Low,2,1,0.95,backtest,demand_forecast_run_20261005T130920538
2025-09-21,S12,P0435,5,3.763,1.792,4.18,3,Medium,2,1,0.95,backtest,demand_forecast_run_20261005T130920538
2025-09-21,S12,P0445,8,0.954,0.737,1.72,0,Low,2,1,0.95,backtest,demand_forecast_run_20261005T130920538
2025-09-21,S12,P0507,21,8.326,3.132,7.31,0,Low,2,1,0.95,backtest,demand_forecast_run_20261005T130920538
2025-09-21,S12,P0563,6,2.522,1.286,3,0,Medium,2,1,0.95,backtest,demand_forecast_run_20261005T130920538
2025-09-21,S12,P0579,0,0.971,0.839,1.96,3,High,2,1,0.95,backtest,demand_forecast_run_20261005T130920538
2025-09-21,S12,P0589,3,1.992,1.013,2.36,2,Medium,2,1,0.95,backtest,demand_forecast_run_20261005T130920538
2025-09-22,S01,P0003,11,4.112,1.484,3.46,0,Low,2,1,0.95,backtest,demand_forecast_run_20261005T130920538
2025-09-22,S01,P0022,10,2.402,1.297,3.03,0,Low,2,1,0.95,backtest,demand_forecast_run_20261005T130920538
2025-09-22,S01,P0032,34,11.307,3.083,7.2,0,Low,2,1,0.95,backtest,demand_forecast_run_20261005T130920538
2025-09-22,S01,P0053,5,1.355,0.92,2.15,0,Low,2,1,0.95,backtest,demand_forecast_run_20261005T130920538
2025-09-22,S01,P0073,4,0.895,0.879,2.05,0,Low,2,1,0.95,backtest,demand_forecast_run_20261005T130920538
2025-09-22,S01,P0170,4,1.5,0.881,2.06,0,Medium,2,1,0.95,backtest,demand_forecast_run_20261005T130920538
2025-09-22,S01,P0206,10,2.603,0.922,2.15,0,Low,2,1,0.95,backtest,demand_forecast_run_20261005T130920538
2025-09-22,S01,P0213,7,2.548,1.138,2.66,0,Low,2,1,0.95,backtest,demand_forecast_run_20261005T130920538
2025-09-22,S01,P0252,6,4.829,2.043,4.77,4,Medium,2,1,0.95,backtest,demand_forecast_run_20261005T130920538
2025-09-22,S01,P0272,4,1.343,0.951,2.22,0,Low,2,1,0.95,backtest,demand_forecast_run_20261005T130920538
2025-09-22,S01,P0288,8,1.033,0.962,2.25,0,Low,2,1,0.95,backtest,demand_forecast_run_20261005T130920538
2025-09-22,S01,P0316,4,0.771,0.46,1.07,0,Low,2,1,0.95,backtest,demand_forecast_run_20261005T130920538
2025-09-22,S01,P0369,22,5.062,1.467,3.42,0,Low,2,1,0.95,backtest,demand_forecast_run_20261005T130920538
2025-09-22,S01,P0381,5,1.567,1.236,2.88,0,Low,2,1,0.95,backtest,demand_forecast_run_20261005T130920538
2025-09-22,S01,P0391,4,4.742,1.795,4.19,5,High,2,1,0.95,backtest,demand_forecast_run_20261005T130920538
2025-09-22,S01,P0392,5,1.07,0.879,2.05,0,Low,2,1,0.95,backtest,demand_forecast_run_20261005T130920538
2025-09-22,S01,P0408,8,1.472,0.832,1.94,0,Low,2,1,0.95,backtest,demand_forecast_run_20261005T130920538
2025-09-22,S01,P0409,13,2.04,1.247,2.91,0,Low,2,1,0.95,backtest,demand_forecast_run_20261005T130920538
2025-09-22,S01,P0433,6,0.882,0.832,1.94,0,Low,2,1,0.95,backtest,demand_forecast_run_20261005T130920538
2025-09-22,S01,P0435,0,3.91,1.853,4.32,9,High,2,1,0.95,backtest,demand_forecast_run_20261005T130920538
2025-09-22,S01,P0445,9,1.192,0.838,1.96,0,Low,2,1,0.95,backtest,demand_forecast_run_20261005T130920538
2025-09-22,S01,P0507,33,9.631,1.735,4.05,0,Low,2,1,0.95,backtest,demand_forecast_run_20261005T130920538
2025-09-22,S01,P0563,2,3.73,1.572,3.67,6,High,2,1,0.95,backtest,demand_forecast_run_20261005T130920538
2025-09-22,S01,P0579,8,1.457,1.013,2.36,0,Low,2,1,0.95,backtest,demand_forecast_run_20261005T130920538
2025-09-22,S01,P0589,8,2.955,1.278,2.98,0,Low,2,1,0.95,backtest,demand_forecast_run_20261005T130920538
2025-09-22,S02,P0003,7,4.268,1.446,3.37,1,Low,2,1,0.95,backtest,demand_forecast_run_20261005T130920538
2025-09-22,S02,P0022,11,3.65,1.598,3.73,0,Low,2,1,0.95,backtest,demand_forecast_run_20261005T130920538
2025-09-22,S02,P0032,12,9.684,1.867,4.36,3,Medium,2,1,0.95,backtest,demand_forecast_run_20261005T130920538
2025-09-22,S02,P0053,5,0.641,0.799,1.87,0,Low,2,1,0.95,backtest,demand_forecast_run_20261005T130920538
2025-09-22,S02,P0073,6,0.996,0.839,1.96,0,Low,2,1,0.95,backtest,demand_forecast_run_20261005T130920538
2025-09-22,S02,P0170,5,1.526,1.166,2.72,0,Low,2,1,0.95,backtest,demand_forecast_run_20261005T130920538
2025-09-22,S02,P0206,6,3.1,1.371,3.2,1,Medium,2,1,0.95,backtest,demand_forecast_run_20261005T130920538
2025-09-22,S02,P0213,16,2.63,1.427,3.33,0,Low,2,1,0.95,backtest,demand_forecast_run_20261005T130920538
2025-09-22,S02,P0252,12,4.726,1.649,3.85,0,Low,2,1,0.95,backtest,demand_forecast_run_20261005T130920538
2025-09-22,S02,P0272,9,1.494,1.295,3.02,0,Low,2,1,0.95,backtest,demand_forecast_run_20261005T130920538
2025-09-22,S02,P0288,9,1.541,0.967,2.26,0,Low,2,1,0.95,backtest,demand_forecast_run_20261005T130920538
2025-09-22,S02,P0316,6,1.003,0.786,1.83,0,Low,2,1,0.95,backtest,demand_forecast_run_20261005T130920538
2025-09-22,S02,P0369,15,4.824,1.701,3.97,0,Low,2,1,0.95,backtest,demand_forecast_run_20261005T130920538
2025-09-22,S02,P0381,13,0.996,1.106,2.58,0,Low,2,1,0.95,backtest,demand_forecast_run_20261005T130920538
2025-09-22,S02,P0391,4,4.579,1.75,4.08,5,High,2,1,0.95,backtest,demand_forecast_run_20261005T130920538
2025-09-22,S02,P0392,2,1.144,1.056,2.46,2,Medium,2,1,0.95,backtest,demand_forecast_run_20261005T130920538
2025-09-22,S02,P0408,9,1.911,1.031,2.41,0,Low,2,1,0.95,backtest,demand_forecast_run_20261005T130920538
2025-09-22,S02,P0409,6,3.213,1.374,3.21,1,Low,2,1,0.95,backtest,demand_forecast_run_20261005T130920538
2025-09-22,S02,P0433,5,0.451,0.568,1.33,0,Low,2,1,0.95,backtest,demand_forecast_run_20261005T130920538
2025-09-22,S02,P0435,24,4.99,1.814,4.23,0,Low,2,1,0.95,backtest,demand_forecast_run_20261005T130920538
2025-09-22,S02,P0445,8,1.662,1.227,2.86,0,Low,2,1,0.95,backtest,demand_forecast_run_20261005T130920538
2025-09-22,S02,P0507,21,11.44,2.144,5,0,Low,2,1,0.95,backtest,demand_forecast_run_20261005T130920538
2025-09-22,S02,P0563,12,2.561,1.74,4.06,0,Low,2,1,0.95,backtest,demand_forecast_run_20261005T130920538
2025-09-22,S02,P0579,6,1.377,1.162,2.71,0,Low,2,1,0.95,backtest,demand_forecast_run_20261005T130920538
2025-09-22,S02,P0589,7,2.412,1.331,3.11,0,Low,2,1,0.95,backtest,demand_forecast_run_20261005T130920538
2025-09-22,S03,P0003,18,2.78,1.401,3.27,0,Low,2,1,0.95,backtest,demand_forecast_run_20261005T130920538
2025-09-22,S03,P0022,8,1.841,1.261,2.94,0,Low,2,1,0.95,backtest,demand_forecast_run_20261005T130920538
2025-09-22,S03,P0032,48,11.881,2.269,5.29,0,Low,2,1,0.95,backtest,demand_forecast_run_20261005T130920538
2025-09-22,S03,P0053,10,1.586,0.916,2.14,0,Low,2,1,0.95,backtest,demand_forecast_run_20261005T130920538
2025-09-22,S03,P0073,2,1.109,0.559,1.3,1,Medium,2,1,0.95,backtest,demand_forecast_run_20261005T130920538
2025-09-22,S03,P0170,9,3.312,1.005,2.34,0,Low,2,1,0.95,backtest,demand_forecast_run_20261005T130920538
2025-09-22,S03,P0206,8,2.666,1.052,2.45,0,Low,2,1,0.95,backtest,demand_forecast_run_20261005T130920538
2025-09-22,S03,P0213,11,2.576,1.138,2.66,0,Low,2,1,0.95,backtest,demand_forecast_run_20261005T130920538
2025-09-22,S03,P0252,18,5.317,2.217,5.17,0,Low,2,1,0.95,backtest,demand_forecast_run_20261005T130920538
2025-09-22,S03,P0272,4,0.998,0.772,1.8,0,Low,2,1,0.95,backtest,demand_forecast_run_20261005T130920538
2025-09-22,S03,P0288,7,1.086,0.832,1.94,0,Low,2,1,0.95,backtest,demand_forecast_run_20261005T130920538
2025-09-22,S03,P0316,6,1.538,0.922,2.15,0,Low,2,1,0.95,backtest,demand_forecast_run_20261005T130920538
2025-09-22,S03,P0369,10,4.159,1.26,2.94,0,Low,2,1,0.95,backtest,demand_forecast_run_20261005T130920538
2025-09-22,S03,P0381,5,0.998,0.612,1.43,0,Low,2,1,0.95,backtest,demand_forecast_run_20261005T130920538
2025-09-22,S03,P0391,19,4.198,1.988,4.64,0,Low,2,1,0.95,backtest,demand_forecast_run_20261005T130920538
2025-09-22,S03,P0392,9,0.904,0.634,1.48,0,Low,2,1,0.95,backtest,demand_forecast_run_20261005T130920538
2025-09-22,S03,P0408,10,1.753,1.026,2.39,0,Low,2,1,0.95,backtest,demand_forecast_run_20261005T130920538
2025-09-22,S03,P0409,9,1.782,0.97,2.26,0,Low,2,1,0.95,backtest,demand_forecast_run_20261005T130920538
2025-09-22,S03,P0433,4,0,0,0,0,Low,2,1,0.95,backtest,demand_forecast_run_20261005T130920538
2025-09-22,S03,P0435,14,3.851,1.315,3.07,0,Low,2,1,0.95,backtest,demand_forecast_run_20261005T130920538
2025-09-22,S03,P0445,4,0.993,0.731,1.71,0,Low,2,1,0.95,backtest,demand_forecast_run_20261005T130920538
2025-09-22,S03,P0507,27,10.625,2.79,6.51,0,Low,2,1,0.95,backtest,demand_forecast_run_20261005T130920538
2025-09-22,S03,P0563,7,3.106,1.089,2.54,0,Low,2,1,0.95,backtest,demand_forecast_run_20261005T130920538
2025-09-22,S03,P0579,6,1.56,1.323,3.09,0,Low,2,1,0.95,backtest,demand_forecast_run_20261005T130920538
2025-09-22,S03,P0589,4,3.452,1.512,3.53,3,Medium,2,1,0.95,backtest,demand_forecast_run_20261005T130920538
2025-09-22,S04,P0003,10,3.112,1.29,3.01,0,Low,2,1,0.95,backtest,demand_forecast_run_20261005T130920538
2025-09-22,S04,P0022,2,2.304,1.124,2.62,3,High,2,1,0.95,backtest,demand_forecast_run_20261005T130920538
2025-09-22,S04,P0032,16,8.39,2.665,6.22,0,Low,2,1,0.95,backtest,demand_forecast_run_20261005T130920538
2025-09-22,S04,P0053,4,0.783,0.67,1.56,0,Low,2,1,0.95,backtest,demand_forecast_run_20261005T130920538
2025-09-22,S04,P0073,0,1.371,0.79,1.84,4,High,2,1,0.95,backtest,demand_forecast_run_20261005T130920538
2025-09-22,S04,P0170,6,1.672,1.031,2.4,0,Low,2,1,0.95,backtest,demand_forecast_run_20261005T130920538
2025-09-22,S04,P0206,3,2.554,1.624,3.79,4,Medium,2,1,0.95,backtest,demand_forecast_run_20261005T130920538
2025-09-22,S04,P0213,1,1.83,1.156,2.7,4,High,2,1,0.95,backtest,demand_forecast_run_20261005T130920538
2025-09-22,S04,P0252,12,3.46,1.343,3.13,0,Low,2,1,0.95,backtest,demand_forecast_run_20261005T130920538
2025-09-22,S04,P0272,8,1.486,0.838,1.96,0,Low,2,1,0.95,backtest,demand_forecast_run_20261005T130920538
2025-09-22,S04,P0288,1,0.964,0.79,1.84,2,Medium,2,1,0.95,backtest,demand_forecast_run_20261005T130920538
2025-09-22,S04,P0316,8,0.511,0.701,1.63,0,Low,2,1,0.95,backtest,demand_forecast_run_20261005T130920538
2025-09-22,S04,P0369,17,3.655,1.297,3.03,0,Low,2,1,0.95,backtest,demand_forecast_run_20261005T130920538
2025-09-22,S04,P0381,6,1.028,0.863,2.01,0,Low,2,1,0.95,backtest,demand_forecast_run_20261005T130920538
2025-09-22,S04,P0391,9,2.436,1.217,2.84,0,Low,2,1,0.95,backtest,demand_forecast_run_20261005T130920538
2025-09-22,S04,P0392,1,1.17,0.838,1.96,3,High,2,1,0.95,backtest,demand_forecast_run_20261005T130920538
2025-09-22,S04,P0408,14,1.536,0.863,2.01,0,Low,2,1,0.95,backtest,demand_forecast_run_20261005T130920538
2025-09-22,S04,P0409,0,1.45,1.177,2.75,5,High,2,1,0.95,backtest,demand_forecast_run_20261005T130920538
2025-09-22,S04,P0433,9,0.307,0.448,1.05,0,Low,2,1,0.95,backtest,demand_forecast_run_20261005T130920538
2025-09-22,S04,P0435,7,2.772,2.004,4.68,1,Low,2,1,0.95,backtest,demand_forecast_run_20261005T130920538
2025-09-22,S04,P0445,8,1.724,0.997,2.33,0,Low,2,1,0.95,backtest,demand_forecast_run_20261005T130920538
2025-09-22,S04,P0507,9,7.433,1.815,4.24,3,Medium,2,1,0.95,backtest,demand_forecast_run_20261005T130920538
2025-09-22,S04,P0563,14,1.486,0.693,1.62,0,Low,2,1,0.95,backtest,demand_forecast_run_20261005T130920538
2025-09-22,S04,P0579,8,0.604,0.87,2.03,0,Low,2,1,0.95,backtest,demand_forecast_run_20261005T130920538
2025-09-22,S04,P0589,4,2.039,0.905,2.11,1,Medium,2,1,0.95,backtest,demand_forecast_run_20261005T130920538
2025-09-22,S05,P0003,3,2.08,1.335,3.11,3,Medium,2,1,0.95,backtest,demand_forecast_run_20261005T130920538
2025-09-22,S05,P0022,4,2.046,1.134,2.65,1,Medium,2,1,0.95,backtest,demand_forecast_run_20261005T130920538
2025-09-22,S05,P0032,32,6.787,2.701,6.3,0,Low,2,1,0.95,backtest,demand_forecast_run_20261005T130920538
2025-09-22,S05,P0053,7,0.694,0.92,2.15,0,Low,2,1,0.95,backtest,demand_forecast_run_20261005T130920538
2025-09-22,S05,P0073,4,0.249,0.356,0.83,0,Low,2,1,0.95,backtest,demand_forecast_run_20261005T130920538
2025-09-22,S05,P0170,7,1.069,0.69,1.61,0,Low,2,1,0.95,backtest,demand_forecast_run_20261005T130920538
2025-09-22,S05,P0206,8,2.359,1.524,3.56,0,Low,2,1,0.95,backtest,demand_forecast_run_20261005T130920538
2025-09-22,S05,P0213,8,1.682,0.983,2.29,0,Low,2,1,0.95,backtest,demand_forecast_run_20261005T130920538
2025-09-22,S05,P0252,12,3.844,1.541,3.6,0,Low,2,1,0.95,backtest,demand_forecast_run_20261005T130920538
2025-09-22,S05,P0272,5,0.934,0.922,2.15,0,Low,2,1,0.95,backtest,demand_forecast_run_20261005T130920538
2025-09-22,S05,P0288,9,1.601,1.166,2.72,0,Low,2,1,0.95,backtest,demand_forecast_run_20261005T130920538
2025-09-22,S05,P0316,4,0.913,0.92,2.15,0,Low,2,1,0.95,backtest,demand_forecast_run_20261005T130920538
2025-09-22,S05,P0369,7,3.624,1.685,3.93,1,Low,2,1,0.95,backtest,demand_forecast_run_20261005T130920538
2025-09-22,S05,P0381,2,1.121,0.989,2.31,2,Medium,2,1,0.95,backtest,demand_forecast_run_20261005T130920538
2025-09-22,S05,P0391,0,2.43,1.401,3.27,6,High,2,1,0.95,backtest,demand_forecast_run_20261005T130920538
2025-09-22,S05,P0392,3,0.575,0.476,1.11,0,Low,2,1,0.95,backtest,demand_forecast_run_20261005T130920538
2025-09-22,S05,P0408,7,1.035,0.905,2.11,0,Low,2,1,0.95,backtest,demand_forecast_run_20261005T130920538
2025-09-22,S05,P0409,6,1.603,1.09,2.54,0,Low,2,1,0.95,backtest,demand_forecast_run_20261005T130920538
2025-09-22,S05,P0433,4,0.334,0.315,0.73,0,Low,2,1,0.95,backtest,demand_forecast_run_20261005T130920538
2025-09-22,S05,P0435,16,2.766,1.592,3.71,0,Low,2,1,0.95,backtest,demand_forecast_run_20261005T130920538
2025-09-22,S05,P0445,0,0.685,0.585,1.37,3,High,2,1,0.95,backtest,demand_forecast_run_20261005T130920538
2025-09-22,S05,P0507,24,6.362,2.31,5.39,0,Low,2,1,0.95,backtest,demand_forecast_run_20261005T130920538
2025-09-22,S05,P0563,15,1.992,1.799,4.2,0,Low,2,1,0.95,backtest,demand_forecast_run_20261005T130920538
2025-09-22,S05,P0579,6,0.844,0.78,1.82,0,Low,2,1,0.95,backtest,demand_forecast_run_20261005T130920538
2025-09-22,S05,P0589,2,2.26,1.37,3.2,4,High,2,1,0.95,backtest,demand_forecast_run_20261005T130920538
2025-09-22,S06,P0003,6,4.305,1.792,4.18,3,Medium,2,1,0.95,backtest,demand_forecast_run_20261005T130920538
2025-09-22,S06,P0022,18,2.728,1.315,3.07,0,Low,2,1,0.95,backtest,demand_forecast_run_20261005T130920538
2025-09-22,S06,P0032,17,14.039,2.936,6.85,4,Medium,2,1,0.95,backtest,demand_forecast_run_20261005T130920538
2025-09-22,S06,P0053,8,2.082,1.676,3.91,0,Low,2,1,0.95,backtest,demand_forecast_run_20261005T130920538
2025-09-22,S06,P0073,12,2.158,0.983,2.29,0,Low,2,1,0.95,backtest,demand_forecast_run_20261005T130920538
2025-09-22,S06,P0170,4,1.726,1.084,2.53,1,Medium,2,1,0.95,backtest,demand_forecast_run_20261005T130920538
2025-09-22,S06,P0206,4,5.605,3.095,7.22,9,High,2,1,0.95,backtest,demand_forecast_run_20261005T130920538
2025-09-22,S06,P0213,18,4.338,1.481,3.46,0,Low,2,1,0.95,backtest,demand_forecast_run_20261005T130920538
2025-09-22,S06,P0252,4,6.068,1.792,4.18,7,High,2,1,0.95,backtest,demand_forecast_run_20261005T130920538
2025-09-22,S06,P0272,6,1.704,0.838,1.96,0,Low,2,1,0.95,backtest,demand_forecast_run_20261005T130920538
2025-09-22,S06,P0288,9,1.732,1.036,2.42,0,Low,2,1,0.95,backtest,demand_forecast_run_20261005T130920538
2025-09-22,S06,P0316,12,1.586,1.071,2.5,0,Low,2,1,0.95,backtest,demand_forecast_run_20261005T130920538
2025-09-22,S06,P0369,9,6.105,1.621,3.78,1,Medium,2,1,0.95,backtest,demand_forecast_run_20261005T130920538
2025-09-22,S06,P0381,11,3.294,1.666,3.89,0,Low,2,1,0.95,backtest,demand_forecast_run_20261005T130920538
2025-09-22,S06,P0391,21,3.843,2.307,5.38,0,Low,2,1,0.95,backtest,demand_forecast_run_20261005T130920538
2025-09-22,S06,P0392,11,2.128,1.049,2.45,0,Low,2,1,0.95,backtest,demand_forecast_run_20261005T130920538
2025-09-22,S06,P0408,13,3.267,0.97,2.26,0,Low,2,1,0.95,backtest,demand_forecast_run_20261005T130920538
2025-09-22,S06,P0409,11,2.786,1.166,2.72,0,Low,2,1,0.95,backtest,demand_forecast_run_20261005T130920538
2025-09-22,S06,P0433,7,0.859,0.535,1.25,0,Low,2,1,0.95,backtest,demand_forecast_run_20261005T130920538
2025-09-22,S06,P0435,6,6.528,1.602,3.74,5,High,2,1,0.95,backtest,demand_forecast_run_20261005T130920538
2025-09-22,S06,P0445,1,2.308,1.096,2.56,4,High,2,1,0.95,backtest,demand_forecast_run_20261005T130920538
2025-09-22,S06,P0507,13,13.719,2.881,6.72,8,High,2,1,0.95,backtest,demand_forecast_run_20261005T130920538
2025-09-22,S06,P0563,19,2.726,0.932,2.17,0,Low,2,1,0.95,backtest,demand_forecast_run_20261005T130920538
2025-09-22,S06,P0579,4,2.697,1.562,3.64,3,Medium,2,1,0.95,backtest,demand_forecast_run_20261005T130920538
2025-09-22,S06,P0589,10,3.635,1.471,3.43,0,Low,2,1,0.95,backtest,demand_forecast_run_20261005T130920538
2025-09-22,S07,P0003,14,2.418,1.031,2.41,0,Low,2,1,0.95,backtest,demand_forecast_run_20261005T130920538
2025-09-22,S07,P0022,6,2.504,1.538,3.59,1,Low,2,1,0.95,backtest,demand_forecast_run_20261005T130920538
2025-09-22,S07,P0032,17,10.165,2.594,6.05,0,Low,2,1,0.95,backtest,demand_forecast_run_20261005T130920538
2025-09-22,S07,P0053,4,1.025,0.832,1.94,0,Low,2,1,0.95,backtest,demand_forecast_run_20261005T130920538
2025-09-22,S07,P0073,7,0.588,0.723,1.69,0,Low,2,1,0.95,backtest,demand_forecast_run_20261005T130920538
2025-09-22,S07,P0170,2,1.008,0.634,1.48,1,Medium,2,1,0.95,backtest,demand_forecast_run_20261005T130920538
2025-09-22,S07,P0206,3,2.982,1.71,3.99,4,Medium,2,1,0.95,backtest,demand_forecast_run_20261005T130920538
2025-09-22,S07,P0213,5,2.369,1.036,2.42,0,Low,2,1,0.95,backtest,demand_forecast_run_20261005T130920538
2025-09-22,S07,P0252,16,3.32,1.663,3.88,0,Low,2,1,0.95,backtest,demand_forecast_run_20261005T130920538
2025-09-22,S07,P0272,6,1.11,0.994,2.32,0,Low,2,1,0.95,backtest,demand_forecast_run_20261005T130920538
2025-09-22,S07,P0288,10,1.211,1.02,2.38,0,Low,2,1,0.95,backtest,demand_forecast_run_20261005T130920538
2025-09-22,S07,P0316,5,0.509,0.518,1.21,0,Low,2,1,0.95,backtest,demand_forecast_run_20261005T130920538
2025-09-22,S07,P0369,0,4.938,1.812,4.23,10,High,2,1,0.95,backtest,demand_forecast_run_20261005T130920538
2025-09-22,S07,P0381,5,0.783,0.634,1.48,0,Low,2,1,0.95,backtest,demand_forecast_run_20261005T130920538
2025-09-22,S07,P0391,16,2.956,2.012,4.69,0,Low,2,1,0.95,backtest,demand_forecast_run_20261005T130920538
2025-09-22,S07,P0392,9,1.268,0.836,1.95,0,Low,2,1,0.95,backtest,demand_forecast_run_20261005T130920538
2025-09-22,S07,P0408,3,1.83,1.499,3.5,3,Medium,2,1,0.95,backtest,demand_forecast_run_20261005T130920538
2025-09-22,S07,P0409,0,2.185,1.287,3,6,High,2,1,0.95,backtest,demand_forecast_run_20261005T130920538
2025-09-22,S07,P0433,6,0.584,0.772,1.8,0,Low,2,1,0.95,backtest,demand_forecast_run_20261005T130920538
2025-09-22,S07,P0435,10,3.824,2.206,5.15,0,Low,2,1,0.95,backtest,demand_forecast_run_20261005T130920538
2025-09-22,S07,P0445,6,0.824,0.731,1.71,0,Low,2,1,0.95,backtest,demand_forecast_run_20261005T130920538
2025-09-22,S07,P0507,34,6.671,2.657,6.2,0,Low,2,1,0.95,backtest,demand_forecast_run_20261005T130920538
2025-09-22,S07,P0563,13,2.677,1.503,3.51,0,Low,2,1,0.95,backtest,demand_forecast_run_20261005T130920538
2025-09-22,S07,P0579,4,1.221,0.945,2.2,0,Low,2,1,0.95,backtest,demand_forecast_run_20261005T130920538
2025-09-22,S07,P0589,8,2.198,0.897,2.09,0,Low,2,1,0.95,backtest,demand_forecast_run_20261005T130920538
2025-09-22,S08,P0003,5,3.965,1.887,4.4,4,Medium,2,1,0.95,backtest,demand_forecast_run_20261005T130920538
2025-09-22,S08,P0022,18,3.435,1.887,4.4,0,Low,2,1,0.95,backtest,demand_forecast_run_20261005T130920538
2025-09-22,S08,P0032,40,13.179,2.615,6.1,0,Low,2,1,0.95,backtest,demand_forecast_run_20261005T130920538
2025-09-22,S08,P0053,7,1.234,1.311,3.06,0,Low,2,1,0.95,backtest,demand_forecast_run_20261005T130920538
2025-09-22,S08,P0073,11,0.685,0.713,1.66,0,Low,2,1,0.95,backtest,demand_forecast_run_20261005T130920538
2025-09-22,S08,P0170,10,2.139,1.101,2.57,0,Low,2,1,0.95,backtest,demand_forecast_run_20261005T130920538
2025-09-22,S08,P0206,19,3.33,1.423,3.32,0,Low,2,1,0.95,backtest,demand_forecast_run_20261005T130920538
2025-09-22,S08,P0213,10,2.071,1.771,4.13,0,Low,2,1,0.95,backtest,demand_forecast_run_20261005T130920538
2025-09-22,S08,P0252,21,6.065,1.893,4.42,0,Low,2,1,0.95,backtest,demand_forecast_run_20261005T130920538
2025-09-22,S08,P0272,9,1.712,1.084,2.53,0,Low,2,1,0.95,backtest,demand_forecast_run_20261005T130920538
2025-09-22,S08,P0288,3,1.465,1.124,2.62,2,Medium,2,1,0.95,backtest,demand_forecast_run_20261005T130920538
2025-09-22,S08,P0316,6,1.11,0.838,1.96,0,Low,2,1,0.95,backtest,demand_forecast_run_20261005T130920538
2025-09-22,S08,P0369,28,5.82,2.601,6.07,0,Low,2,1,0.95,backtest,demand_forecast_run_20261005T130920538
2025-09-22,S08,P0381,10,1.027,0.836,1.95,0,Low,2,1,0.95,backtest,demand_forecast_run_20261005T130920538
2025-09-22,S08,P0391,4,3.497,1.887,4.4,4,Medium,2,1,0.95,backtest,demand_forecast_run_20261005T130920538
2025-09-22,S08,P0392,11,1.604,1.416,3.3,0,Low,2,1,0.95,backtest,demand_forecast_run_20261005T130920538
2025-09-22,S08,P0408,11,2.423,1.814,4.23,0,Low,2,1,0.95,backtest,demand_forecast_run_20261005T130920538
2025-09-22,S08,P0409,11,2.791,1.647,3.84,0,Low,2,1,0.95,backtest,demand_forecast_run_20261005T130920538
2025-09-22,S08,P0433,9,0.548,0.356,0.83,0,Low,2,1,0.95,backtest,demand_forecast_run_20261005T130920538
2025-09-22,S08,P0435,10,5.55,2.168,5.06,1,Low,2,1,0.95,backtest,demand_forecast_run_20261005T130920538
2025-09-22,S08,P0445,6,1.623,1.286,3,0,Low,2,1,0.95,backtest,demand_forecast_run_20261005T130920538
2025-09-22,S08,P0507,56,11.839,2.645,6.17,0,Low,2,1,0.95,backtest,demand_forecast_run_20261005T130920538
2025-09-22,S08,P0563,13,5.307,2.149,5.02,0,Low,2,1,0.95,backtest,demand_forecast_run_20261005T130920538
2025-09-22,S08,P0579,4,1.674,0.799,1.87,0,Low,2,1,0.95,backtest,demand_forecast_run_20261005T130920538
2025-09-22,S08,P0589,8,2.566,1.945,4.54,0,Low,2,1,0.95,backtest,demand_forecast_run_20261005T130920538
2025-09-22,S09,P0003,10,3.819,1.578,3.68,0,Low,2,1,0.95,backtest,demand_forecast_run_20261005T130920538
2025-09-22,S09,P0022,9,2.924,1.278,2.98,0,Low,2,1,0.95,backtest,demand_forecast_run_20261005T130920538
2025-09-22,S09,P0032,23,11.492,2.487,5.8,0,Low,2,1,0.95,backtest,demand_forecast_run_20261005T130920538
2025-09-22,S09,P0053,8,0.513,0.518,1.21,0,Low,2,1,0.95,backtest,demand_forecast_run_20261005T130920538
2025-09-22,S09,P0073,7,0.31,0.416,0.97,0,Low,2,1,0.95,backtest,demand_forecast_run_20261005T130920538
2025-09-22,S09,P0170,11,1.942,1.031,2.41,0,Low,2,1,0.95,backtest,demand_forecast_run_20261005T130920538
2025-09-22,S09,P0206,10,2.514,1.362,3.18,0,Low,2,1,0.95,backtest,demand_forecast_run_20261005T130920538
2025-09-22,S09,P0213,10,4.439,1.697,3.96,0,Low,2,1,0.95,backtest,demand_forecast_run_20261005T130920538
2025-09-22,S09,P0252,13,5.778,1.969,4.59,0,Low,2,1,0.95,backtest,demand_forecast_run_20261005T130920538
2025-09-22,S09,P0272,6,1.034,0.559,1.3,0,Low,2,1,0.95,backtest,demand_forecast_run_20261005T130920538
2025-09-22,S09,P0288,4,1.992,1.245,2.91,1,Medium,2,1,0.95,backtest,demand_forecast_run_20261005T130920538
2025-09-22,S09,P0316,10,1.223,1.062,2.48,0,Low,2,1,0.95,backtest,demand_forecast_run_20261005T130920538
2025-09-22,S09,P0369,21,5.234,1.804,4.21,0,Low,2,1,0.95,backtest,demand_forecast_run_20261005T130920538
2025-09-22,S09,P0381,9,1.034,0.87,2.03,0,Low,2,1,0.95,backtest,demand_forecast_run_20261005T130920538
2025-09-22,S09,P0391,15,3.374,1.66,3.87,0,Low,2,1,0.95,backtest,demand_forecast_run_20261005T130920538
2025-09-22,S09,P0392,6,1.055,1.182,2.76,0,Low,2,1,0.95,backtest,demand_forecast_run_20261005T130920538
2025-09-22,S09,P0408,4,2.655,1.031,2.41,2,Medium,2,1,0.95,backtest,demand_forecast_run_20261005T130920538
2025-09-22,S09,P0409,14,2.084,1.084,2.53,0,Low,2,1,0.95,backtest,demand_forecast_run_20261005T130920538
2025-09-22,S09,P0433,3,0.431,0.356,0.83,0,Low,2,1,0.95,backtest,demand_forecast_run_20261005T130920538
2025-09-22,S09,P0435,16,4.317,2.056,4.8,0,Low,2,1,0.95,backtest,demand_forecast_run_20261005T130920538
2025-09-22,S09,P0445,11,2.116,1.737,4.05,0,Low,2,1,0.95,backtest,demand_forecast_run_20261005T130920538
2025-09-22,S09,P0507,39,9.346,2.529,5.9,0,Low,2,1,0.95,backtest,demand_forecast_run_20261005T130920538
2025-09-22,S09,P0563,13,3.931,1.682,3.93,0,Low,2,1,0.95,backtest,demand_forecast_run_20261005T130920538
2025-09-22,S09,P0579,4,1.772,1.1,2.57,1,Low,2,1,0.95,backtest,demand_forecast_run_20261005T130920538
2025-09-22,S09,P0589,11,4.146,1.85,4.32,0,Low,2,1,0.95,backtest,demand_forecast_run_20261005T130920538
2025-09-22,S10,P0003,11,4.229,2.001,4.67,0,Low,2,1,0.95,backtest,demand_forecast_run_20261005T130920538
2025-09-22,S10,P0022,15,2.482,1.315,3.07,0,Low,2,1,0.95,backtest,demand_forecast_run_20261005T130920538
2025-09-22,S10,P0032,17,10.821,2.081,4.86,0,Low,2,1,0.95,backtest,demand_forecast_run_20261005T130920538
2025-09-22,S10,P0053,1,0.796,0.92,2.15,2,Medium,2,1,0.95,backtest,demand_forecast_run_20261005T130920538
2025-09-22,S10,P0073,7,0.514,0.499,1.16,0,Low,2,1,0.95,backtest,demand_forecast_run_20261005T130920538
2025-09-22,S10,P0170,8,1.418,0.875,2.04,0,Low,2,1,0.95,backtest,demand_forecast_run_20261005T130920538
2025-09-22,S10,P0206,7,2.464,1.066,2.49,0,Low,2,1,0.95,backtest,demand_forecast_run_20261005T130920538
2025-09-22,S10,P0213,6,2.194,1.166,2.72,0,Low,2,1,0.95,backtest,demand_forecast_run_20261005T130920538
2025-09-22,S10,P0252,11,4.739,1.654,3.86,0,Low,2,1,0.95,backtest,demand_forecast_run_20261005T130920538
2025-09-22,S10,P0272,5,0.857,0.826,1.93,0,Low,2,1,0.95,backtest,demand_forecast_run_20261005T130920538
2025-09-22,S10,P0288,0,1.617,1.503,3.51,6,High,2,1,0.95,backtest,demand_forecast_run_20261005T130920538
2025-09-22,S10,P0316,3,0.986,0.678,1.58,0,Medium,2,1,0.95,backtest,demand_forecast_run_20261005T130920538
2025-09-22,S10,P0369,13,4.093,1.526,3.56,0,Low,2,1,0.95,backtest,demand_forecast_run_20261005T130920538
2025-09-22,S10,P0381,7,1.542,1.129,2.63,0,Low,2,1,0.95,backtest,demand_forecast_run_20261005T130920538
2025-09-22,S10,P0391,12,2.588,1.618,3.78,0,Low,2,1,0.95,backtest,demand_forecast_run_20261005T130920538
2025-09-22,S10,P0392,4,0.796,0.476,1.11,0,Low,2,1,0.95,backtest,demand_forecast_run_20261005T130920538
2025-09-22,S10,P0408,10,2.003,0.976,2.28,0,Low,2,1,0.95,backtest,demand_forecast_run_20261005T130920538
2025-09-22,S10,P0409,13,2.76,1.261,2.94,0,Low,2,1,0.95,backtest,demand_forecast_run_20261005T130920538
2025-09-22,S10,P0433,6,0.774,0.518,1.21,0,Low,2,1,0.95,backtest,demand_forecast_run_20261005T130920538
2025-09-22,S10,P0435,18,3.892,2.554,5.96,0,Low,2,1,0.95,backtest,demand_forecast_run_20261005T130920538
2025-09-22,S10,P0445,9,2.19,1.249,2.91,0,Low,2,1,0.95,backtest,demand_forecast_run_20261005T130920538
2025-09-22,S10,P0507,18,9.142,2.379,5.55,0,Low,2,1,0.95,backtest,demand_forecast_run_20261005T130920538
2025-09-22,S10,P0563,19,3.255,1.768,4.13,0,Low,2,1,0.95,backtest,demand_forecast_run_20261005T130920538
2025-09-22,S10,P0579,4,0.857,0.548,1.28,0,Low,2,1,0.95,backtest,demand_forecast_run_20261005T130920538
2025-09-22,S10,P0589,8,2.628,1.124,2.62,0,Low,2,1,0.95,backtest,demand_forecast_run_20261005T130920538
2025-09-22,S11,P0003,9,3.505,1.37,3.2,0,Low,2,1,0.95,backtest,demand_forecast_run_20261005T130920538
2025-09-22,S11,P0022,3,3.745,2.031,4.74,6,High,2,1,0.95,backtest,demand_forecast_run_20261005T130920538
2025-09-22,S11,P0032,20,13.088,3.749,8.75,2,Medium,2,1,0.95,backtest,demand_forecast_run_20261005T130920538
2025-09-22,S11,P0053,9,1.504,0.989,2.31,0,Low,2,1,0.95,backtest,demand_forecast_run_20261005T130920538
2025-09-22,S11,P0073,9,0.886,0.69,1.61,0,Low,2,1,0.95,backtest,demand_forecast_run_20261005T130920538
2025-09-22,S11,P0170,5,1.787,0.928,2.17,0,Low,2,1,0.95,backtest,demand_forecast_run_20261005T130920538
2025-09-22,S11,P0206,22,2.747,1.627,3.8,0,Low,2,1,0.95,backtest,demand_forecast_run_20261005T130920538
2025-09-22,S11,P0213,14,3.889,1.397,3.26,0,Low,2,1,0.95,backtest,demand_forecast_run_20261005T130920538
2025-09-22,S11,P0252,17,6.302,2.349,5.48,0,Low,2,1,0.95,backtest,demand_forecast_run_20261005T130920538
2025-09-22,S11,P0272,10,1.033,0.638,1.49,0,Low,2,1,0.95,backtest,demand_forecast_run_20261005T130920538
2025-09-22,S11,P0288,13,2.805,1.843,4.3,0,Low,2,1,0.95,backtest,demand_forecast_run_20261005T130920538
2025-09-22,S11,P0316,2,2.575,0.979,2.28,3,High,2,1,0.95,backtest,demand_forecast_run_20261005T130920538
2025-09-22,S11,P0369,13,6.371,3.409,7.95,2,Low,2,1,0.95,backtest,demand_forecast_run_20261005T130920538
2025-09-22,S11,P0381,6,1.771,1.268,2.96,0,Low,2,1,0.95,backtest,demand_forecast_run_20261005T130920538
2025-09-22,S11,P0391,13,2.758,1.611,3.76,0,Low,2,1,0.95,backtest,demand_forecast_run_20261005T130920538
2025-09-22,S11,P0392,5,1.097,1.197,2.79,0,Low,2,1,0.95,backtest,demand_forecast_run_20261005T130920538
2025-09-22,S11,P0408,9,2.806,1.701,3.97,0,Low,2,1,0.95,backtest,demand_forecast_run_20261005T130920538
2025-09-22,S11,P0409,11,2.477,0.976,2.28,0,Low,2,1,0.95,backtest,demand_forecast_run_20261005T130920538
2025-09-22,S11,P0433,6,1.345,0.962,2.24,0,Low,2,1,0.95,backtest,demand_forecast_run_20261005T130920538
2025-09-22,S11,P0435,10,6.467,2.795,6.52,3,Low,2,1,0.95,backtest,demand_forecast_run_20261005T130920538
2025-09-22,S11,P0445,13,2.206,1.325,3.09,0,Low,2,1,0.95,backtest,demand_forecast_run_20261005T130920538
2025-09-22,S11,P0507,58,12.776,3.061,7.14,0,Low,2,1,0.95,backtest,demand_forecast_run_20261005T130920538
2025-09-22,S11,P0563,19,4.65,2.757,6.43,0,Low,2,1,0.95,backtest,demand_forecast_run_20261005T130920538
2025-09-22,S11,P0579,4,1.486,0.836,1.95,0,Low,2,1,0.95,backtest,demand_forecast_run_20261005T130920538
2025-09-22,S11,P0589,14,3.505,1.133,2.64,0,Low,2,1,0.95,backtest,demand_forecast_run_20261005T130920538
2025-09-22,S12,P0003,14,3.39,1.295,3.02,0,Low,2,1,0.95,backtest,demand_forecast_run_20261005T130920538
2025-09-22,S12,P0022,1,3.126,1.453,3.39,6,High,2,1,0.95,backtest,demand_forecast_run_20261005T130920538
2025-09-22,S12,P0032,29,13.234,6.029,14.07,0,Low,2,1,0.95,backtest,demand_forecast_run_20261005T130920538
2025-09-22,S12,P0053,7,1.411,1.329,3.1,0,Low,2,1,0.95,backtest,demand_forecast_run_20261005T130920538
2025-09-22,S12,P0073,9,0.784,0.612,1.43,0,Low,2,1,0.95,backtest,demand_forecast_run_20261005T130920538
2025-09-22,S12,P0170,7,1.421,1.219,2.84,0,Low,2,1,0.95,backtest,demand_forecast_run_20261005T130920538
2025-09-22,S12,P0206,11,2.942,2.061,4.81,0,Low,2,1,0.95,backtest,demand_forecast_run_20261005T130920538
2025-09-22,S12,P0213,8,2.518,1.29,3.01,0,Low,2,1,0.95,backtest,demand_forecast_run_20261005T130920538
2025-09-22,S12,P0252,15,3.625,1.615,3.77,0,Low,2,1,0.95,backtest,demand_forecast_run_20261005T130920538
2025-09-22,S12,P0272,10,1.568,1.026,2.39,0,Low,2,1,0.95,backtest,demand_forecast_run_20261005T130920538
2025-09-22,S12,P0288,10,1.766,1.228,2.87,0,Low,2,1,0.95,backtest,demand_forecast_run_20261005T130920538
2025-09-22,S12,P0316,10,1.471,1.197,2.79,0,Low,2,1,0.95,backtest,demand_forecast_run_20261005T130920538
2025-09-22,S12,P0369,17,7.224,2.748,6.41,0,Low,2,1,0.95,backtest,demand_forecast_run_20261005T130920538
2025-09-22,S12,P0381,10,1.743,1.357,3.17,0,Low,2,1,0.95,backtest,demand_forecast_run_20261005T130920538
2025-09-22,S12,P0391,7,2.469,1.295,3.02,0,Low,2,1,0.95,backtest,demand_forecast_run_20261005T130920538
2025-09-22,S12,P0392,4,1.094,1.071,2.5,0,Low,2,1,0.95,backtest,demand_forecast_run_20261005T130920538
2025-09-22,S12,P0408,5,1.686,1.156,2.7,0,Low,2,1,0.95,backtest,demand_forecast_run_20261005T130920538
2025-09-22,S12,P0409,10,2.085,1.274,2.97,0,Low,2,1,0.95,backtest,demand_forecast_run_20261005T130920538
2025-09-22,S12,P0433,3,0.703,0.659,1.54,0,Low,2,1,0.95,backtest,demand_forecast_run_20261005T130920538
2025-09-22,S12,P0435,4,3.773,1.634,3.81,4,Medium,2,1,0.95,backtest,demand_forecast_run_20261005T130920538
2025-09-22,S12,P0445,7,0.996,0.742,1.73,0,Low,2,1,0.95,backtest,demand_forecast_run_20261005T130920538
2025-09-22,S12,P0507,12,8.048,3.097,7.23,4,Medium,2,1,0.95,backtest,demand_forecast_run_20261005T130920538
2025-09-22,S12,P0563,18,2.701,1.286,3,0,Low,2,1,0.95,backtest,demand_forecast_run_20261005T130920538
2025-09-22,S12,P0579,6,1.042,0.838,1.96,0,Low,2,1,0.95,backtest,demand_forecast_run_20261005T130920538
2025-09-22,S12,P0589,10,2.228,1.09,2.54,0,Low,2,1,0.95,backtest,demand_forecast_run_20261005T130920538
2025-09-23,S01,P0003,10,3.735,1.484,3.46,0,Low,2,1,0.95,backtest,demand_forecast_run_20261005T130920538
2025-09-23,S01,P0022,10,2.1,1.303,3.04,0,Low,2,1,0.95,backtest,demand_forecast_run_20261005T130920538
2025-09-23,S01,P0032,28,10.476,3.092,7.21,0,Low,2,1,0.95,backtest,demand_forecast_run_20261005T130920538
2025-09-23,S01,P0053,5,1.146,0.916,2.14,0,Low,2,1,0.95,backtest,demand_forecast_run_20261005T130920538
2025-09-23,S01,P0073,4,0.878,0.879,2.05,0,Low,2,1,0.95,backtest,demand_forecast_run_20261005T130920538
2025-09-23,S01,P0170,3,1.501,0.882,2.06,1,Medium,2,1,0.95,backtest,demand_forecast_run_20261005T130920538
2025-09-23,S01,P0206,9,2.54,0.903,2.11,0,Low,2,1,0.95,backtest,demand_forecast_run_20261005T130920538
2025-09-23,S01,P0213,7,2.446,1.155,2.69,0,Low,2,1,0.95,backtest,demand_forecast_run_20261005T130920538
2025-09-23,S01,P0252,4,4.432,1.771,4.13,5,High,2,1,0.95,backtest,demand_forecast_run_20261005T130920538
2025-09-23,S01,P0272,4,1.316,0.951,2.22,0,Low,2,1,0.95,backtest,demand_forecast_run_20261005T130920538
2025-09-23,S01,P0288,7,1.155,0.962,2.24,0,Low,2,1,0.95,backtest,demand_forecast_run_20261005T130920538
2025-09-23,S01,P0316,4,0.635,0.441,1.03,0,Low,2,1,0.95,backtest,demand_forecast_run_20261005T130920538
2025-09-23,S01,P0369,17,4.594,1.456,3.4,0,Low,2,1,0.95,backtest,demand_forecast_run_20261005T130920538
2025-09-23,S01,P0381,4,1.316,1.062,2.48,0,Low,2,1,0.95,backtest,demand_forecast_run_20261005T130920538
2025-09-23,S01,P0391,17,4.063,1.792,4.18,0,Low,2,1,0.95,backtest,demand_forecast_run_20261005T130920538
2025-09-23,S01,P0392,5,1.12,0.879,2.05,0,Low,2,1,0.95,backtest,demand_forecast_run_20261005T130920538
2025-09-23,S01,P0408,8,1.49,0.832,1.94,0,Low,2,1,0.95,backtest,demand_forecast_run_20261005T130920538
2025-09-23,S01,P0409,13,1.737,1.245,2.91,0,Low,2,1,0.95,backtest,demand_forecast_run_20261005T130920538
2025-09-23,S01,P0433,6,0.85,0.832,1.94,0,Low,2,1,0.95,backtest,demand_forecast_run_20261005T130920538
2025-09-23,S01,P0435,21,4.08,1.853,4.32,0,Low,2,1,0.95,backtest,demand_forecast_run_20261005T130920538
2025-09-23,S01,P0445,9,1.156,0.838,1.96,0,Low,2,1,0.95,backtest,demand_forecast_run_20261005T130920538
2025-09-23,S01,P0507,26,9.249,1.718,4.01,0,Low,2,1,0.95,backtest,demand_forecast_run_20261005T130920538
2025-09-23,S01,P0563,19,3.584,1.602,3.74,0,Low,2,1,0.95,backtest,demand_forecast_run_20261005T130920538
2025-09-23,S01,P0579,9,1.336,1.013,2.36,0,Low,2,1,0.95,backtest,demand_forecast_run_20261005T130920538
2025-09-23,S01,P0589,4,2.685,1.278,2.98,2,Medium,2,1,0.95,backtest,demand_forecast_run_20261005T130920538
2025-09-23,S02,P0003,3,3.751,1.37,3.2,4,High,2,1,0.95,backtest,demand_forecast_run_20261005T130920538
2025-09-23,S02,P0022,11,3.653,1.62,3.78,0,Low,2,1,0.95,backtest,demand_forecast_run_20261005T130920538
2025-09-23,S02,P0032,49,9.28,1.909,4.46,0,Low,2,1,0.95,backtest,demand_forecast_run_20261005T130920538
2025-09-23,S02,P0053,4,0.704,0.81,1.89,0,Low,2,1,0.95,backtest,demand_forecast_run_20261005T130920538
2025-09-23,S02,P0073,5,0.914,0.793,1.85,0,Low,2,1,0.95,backtest,demand_forecast_run_20261005T130920538
2025-09-23,S02,P0170,7,1.276,1.168,2.73,0,Low,2,1,0.95,backtest,demand_forecast_run_20261005T130920538
2025-09-23,S02,P0206,4,2.867,1.378,3.21,3,Medium,2,1,0.95,backtest,demand_forecast_run_20261005T130920538
2025-09-23,S02,P0213,15,2.62,1.414,3.3,0,Low,2,1,0.95,backtest,demand_forecast_run_20261005T130920538
2025-09-23,S02,P0252,12,4.697,1.679,3.92,0,Low,2,1,0.95,backtest,demand_forecast_run_20261005T130920538
2025-09-23,S02,P0272,9,1.476,1.295,3.02,0,Low,2,1,0.95,backtest,demand_forecast_run_20261005T130920538
2025-09-23,S02,P0288,7,1.692,0.995,2.32,0,Low,2,1,0.95,backtest,demand_forecast_run_20261005T130920538
2025-09-23,S02,P0316,5,0.983,0.79,1.84,0,Low,2,1,0.95,backtest,demand_forecast_run_20261005T130920538
2025-09-23,S02,P0369,15,4.51,1.274,2.97,0,Low,2,1,0.95,backtest,demand_forecast_run_20261005T130920538
2025-09-23,S02,P0381,13,0.844,1.069,2.49,0,Low,2,1,0.95,backtest,demand_forecast_run_20261005T130920538
2025-09-23,S02,P0391,20,4.138,1.701,3.97,0,Low,2,1,0.95,backtest,demand_forecast_run_20261005T130920538
2025-09-23,S02,P0392,8,1.158,1.056,2.46,0,Low,2,1,0.95,backtest,demand_forecast_run_20261005T130920538
2025-09-23,S02,P0408,9,1.981,1.031,2.41,0,Low,2,1,0.95,backtest,demand_forecast_run_20261005T130920538
2025-09-23,S02,P0409,4,3.053,1.347,3.14,3,Medium,2,1,0.95,backtest,demand_forecast_run_20261005T130920538
2025-09-23,S02,P0433,5,0.472,0.568,1.33,0,Low,2,1,0.95,backtest,demand_forecast_run_20261005T130920538
2025-09-23,S02,P0435,24,4.768,1.729,4.03,0,Low,2,1,0.95,backtest,demand_forecast_run_20261005T130920538
2025-09-23,S02,P0445,7,1.647,1.224,2.86,0,Low,2,1,0.95,backtest,demand_forecast_run_20261005T130920538
2025-09-23,S02,P0507,16,10.433,2.017,4.71,0,Low,2,1,0.95,backtest,demand_forecast_run_20261005T130920538
2025-09-23,S02,P0563,11,2.601,1.722,4.02,0,Low,2,1,0.95,backtest,demand_forecast_run_20261005T130920538
2025-09-23,S02,P0579,6,1.266,1.166,2.72,0,Low,2,1,0.95,backtest,demand_forecast_run_20261005T130920538
2025-09-23,S02,P0589,5,2.167,1.331,3.11,1,Low,2,1,0.95,backtest,demand_forecast_run_20261005T130920538
2025-09-23,S03,P0003,15,2.539,1.433,3.34,0,Low,2,1,0.95,backtest,demand_forecast_run_20261005T130920538
2025-09-23,S03,P0022,8,1.71,1.274,2.97,0,Low,2,1,0.95,backtest,demand_forecast_run_20261005T130920538
2025-09-23,S03,P0032,45,11.407,2.252,5.26,0,Low,2,1,0.95,backtest,demand_forecast_run_20261005T130920538
2025-09-23,S03,P0053,10,1.376,0.916,2.14,0,Low,2,1,0.95,backtest,demand_forecast_run_20261005T130920538
2025-09-23,S03,P0073,8,1.006,0.559,1.3,0,Low,2,1,0.95,backtest,demand_forecast_run_20261005T130920538
2025-09-23,S03,P0170,8,3.191,0.995,2.32,0,Low,2,1,0.95,backtest,demand_forecast_run_20261005T130920538
2025-09-23,S03,P0206,5,2.472,1.105,2.58,1,Medium,2,1,0.95,backtest,demand_forecast_run_20261005T130920538
2025-09-23,S03,P0213,11,2.659,1.138,2.66,0,Low,2,1,0.95,backtest,demand_forecast_run_20261005T130920538
2025-09-23,S03,P0252,18,5.064,2.238,5.22,0,Low,2,1,0.95,backtest,demand_forecast_run_20261005T130920538
2025-09-23,S03,P0272,6,1.006,0.78,1.82,0,Low,2,1,0.95,backtest,demand_forecast_run_20261005T130920538
2025-09-23,S03,P0288,7,1.12,0.832,1.94,0,Low,2,1,0.95,backtest,demand_forecast_run_20261005T130920538
2025-09-23,S03,P0316,6,1.374,0.922,2.15,0,Low,2,1,0.95,backtest,demand_forecast_run_20261005T130920538
2025-09-23,S03,P0369,8,4.208,1.26,2.94,0,Medium,2,1,0.95,backtest,demand_forecast_run_20261005T130920538
2025-09-23,S03,P0381,4,1.006,0.621,1.45,0,Low,2,1,0.95,backtest,demand_forecast_run_20261005T130920538
2025-09-23,S03,P0391,19,3.561,2.008,4.69,0,Low,2,1,0.95,backtest,demand_forecast_run_20261005T130920538
2025-09-23,S03,P0392,9,0.916,0.634,1.48,0,Low,2,1,0.95,backtest,demand_forecast_run_20261005T130920538
2025-09-23,S03,P0408,7,1.931,1.09,2.54,0,Low,2,1,0.95,backtest,demand_forecast_run_20261005T130920538
2025-09-23,S03,P0409,7,1.827,0.979,2.28,0,Low,2,1,0.95,backtest,demand_forecast_run_20261005T130920538
2025-09-23,S03,P0433,4,0,0,0,0,Low,2,1,0.95,backtest,demand_forecast_run_20261005T130920538
2025-09-23,S03,P0435,13,3.666,1.213,2.83,0,Low,2,1,0.95,backtest,demand_forecast_run_20261005T130920538
2025-09-23,S03,P0445,4,0.715,0.723,1.69,0,Low,2,1,0.95,backtest,demand_forecast_run_20261005T130920538
2025-09-23,S03,P0507,17,9.21,2.965,6.92,0,Low,2,1,0.95,backtest,demand_forecast_run_20261005T130920538
2025-09-23,S03,P0563,3,3.118,1.227,2.86,3,High,2,1,0.95,backtest,demand_forecast_run_20261005T130920538
2025-09-23,S03,P0579,6,1.405,1.329,3.1,0,Low,2,1,0.95,backtest,demand_forecast_run_20261005T130920538
2025-09-23,S03,P0589,14,2.539,1.325,3.09,0,Low,2,1,0.95,backtest,demand_forecast_run_20261005T130920538
2025-09-23,S04,P0003,10,3.168,1.29,3.01,0,Low,2,1,0.95,backtest,demand_forecast_run_20261005T130920538
2025-09-23,S04,P0022,16,2.129,1.124,2.62,0,Low,2,1,0.95,backtest,demand_forecast_run_20261005T130920538
2025-09-23,S04,P0032,10,8.521,2.683,6.26,5,Medium,2,1,0.95,backtest,demand_forecast_run_20261005T130920538
2025-09-23,S04,P0053,4,0.609,0.659,1.54,0,Low,2,1,0.95,backtest,demand_forecast_run_20261005T130920538
2025-09-23,S04,P0073,0,1.276,0.79,1.84,4,High,2,1,0.95,backtest,demand_forecast_run_20261005T130920538
2025-09-23,S04,P0170,6,1.58,1.031,2.4,0,Low,2,1,0.95,backtest,demand_forecast_run_20261005T130920538
2025-09-23,S04,P0206,1,2.86,1.611,3.76,6,High,2,1,0.95,backtest,demand_forecast_run_20261005T130920538
2025-09-23,S04,P0213,0,1.737,1.15,2.68,5,High,2,1,0.95,backtest,demand_forecast_run_20261005T130920538
2025-09-23,S04,P0252,11,3.272,1.217,2.84,0,Low,2,1,0.95,backtest,demand_forecast_run_20261005T130920538
2025-09-23,S04,P0272,7,1.382,0.838,1.96,0,Low,2,1,0.95,backtest,demand_forecast_run_20261005T130920538
2025-09-23,S04,P0288,0,0.97,0.79,1.84,3,High,2,1,0.95,backtest,demand_forecast_run_20261005T130920538
2025-09-23,S04,P0316,8,0.541,0.701,1.63,0,Low,2,1,0.95,backtest,demand_forecast_run_20261005T130920538
2025-09-23,S04,P0369,11,3.569,1.323,3.09,0,Low,2,1,0.95,backtest,demand_forecast_run_20261005T130920538
2025-09-23,S04,P0381,4,1.17,0.916,2.14,0,Low,2,1,0.95,backtest,demand_forecast_run_20261005T130920538
2025-09-23,S04,P0391,8,2.208,1.201,2.8,0,Low,2,1,0.95,backtest,demand_forecast_run_20261005T130920538
2025-09-23,S04,P0392,1,1.197,0.838,1.96,3,High,2,1,0.95,backtest,demand_forecast_run_20261005T130920538
2025-09-23,S04,P0408,14,1.409,0.799,1.87,0,Low,2,1,0.95,backtest,demand_forecast_run_20261005T130920538
2025-09-23,S04,P0409,10,1.474,1.232,2.87,0,Low,2,1,0.95,backtest,demand_forecast_run_20261005T130920538
2025-09-23,S04,P0433,8,0.308,0.448,1.05,0,Low,2,1,0.95,backtest,demand_forecast_run_20261005T130920538
2025-09-23,S04,P0435,6,2.668,1.989,4.64,2,Medium,2,1,0.95,backtest,demand_forecast_run_20261005T130920538
2025-09-23,S04,P0445,6,1.76,1.026,2.39,0,Low,2,1,0.95,backtest,demand_forecast_run_20261005T130920538
2025-09-23,S04,P0507,37,6.846,1.774,4.14,0,Low,2,1,0.95,backtest,demand_forecast_run_20261005T130920538
2025-09-23,S04,P0563,11,1.382,0.693,1.62,0,Low,2,1,0.95,backtest,demand_forecast_run_20261005T130920538
2025-09-23,S04,P0579,5,0.546,0.87,2.03,0,Low,2,1,0.95,backtest,demand_forecast_run_20261005T130920538
2025-09-23,S04,P0589,4,1.857,0.875,2.04,0,Medium,2,1,0.95,backtest,demand_forecast_run_20261005T130920538
2025-09-23,S05,P0003,10,2.064,1.397,3.26,0,Low,2,1,0.95,backtest,demand_forecast_run_20261005T130920538
2025-09-23,S05,P0022,13,2.118,1.134,2.65,0,Low,2,1,0.95,backtest,demand_forecast_run_20261005T130920538
2025-09-23,S05,P0032,29,7.041,2.657,6.2,0,Low,2,1,0.95,backtest,demand_forecast_run_20261005T130920538
2025-09-23,S05,P0053,7,0.808,0.92,2.15,0,Low,2,1,0.95,backtest,demand_forecast_run_20261005T130920538
2025-09-23,S05,P0073,2,0.376,0.499,1.16,0,Medium,2,1,0.95,backtest,demand_forecast_run_20261005T130920538
2025-09-23,S05,P0170,7,1.024,0.69,1.61,0,Low,2,1,0.95,backtest,demand_forecast_run_20261005T130920538
2025-09-23,S05,P0206,8,2.488,1.524,3.56,0,Low,2,1,0.95,backtest,demand_forecast_run_20261005T130920538
2025-09-23,S05,P0213,8,1.804,0.983,2.29,0,Low,2,1,0.95,backtest,demand_forecast_run_20261005T130920538
2025-09-23,S05,P0252,12,3.72,1.541,3.6,0,Low,2,1,0.95,backtest,demand_forecast_run_20261005T130920538
2025-09-23,S05,P0272,4,1.001,0.92,2.15,0,Low,2,1,0.95,backtest,demand_forecast_run_20261005T130920538
2025-09-23,S05,P0288,9,1.6,1.166,2.72,0,Low,2,1,0.95,backtest,demand_forecast_run_20261005T130920538
2025-09-23,S05,P0316,2,0.963,0.92,2.15,2,Medium,2,1,0.95,backtest,demand_forecast_run_20261005T130920538
2025-09-23,S05,P0369,6,3.82,1.665,3.89,2,Medium,2,1,0.95,backtest,demand_forecast_run_20261005T130920538
2025-09-23,S05,P0381,8,1.126,0.989,2.31,0,Low,2,1,0.95,backtest,demand_forecast_run_20261005T130920538
2025-09-23,S05,P0391,15,2.827,1.401,3.27,0,Low,2,1,0.95,backtest,demand_forecast_run_20261005T130920538
2025-09-23,S05,P0392,3,0.526,0.476,1.11,0,Low,2,1,0.95,backtest,demand_forecast_run_20261005T130920538
2025-09-23,S05,P0408,7,1.054,0.905,2.11,0,Low,2,1,0.95,backtest,demand_forecast_run_20261005T130920538
2025-09-23,S05,P0409,6,1.647,1.09,2.54,0,Low,2,1,0.95,backtest,demand_forecast_run_20261005T130920538
2025-09-23,S05,P0433,4,0.22,0.262,0.61,0,Low,2,1,0.95,backtest,demand_forecast_run_20261005T130920538
2025-09-23,S05,P0435,14,2.908,1.574,3.67,0,Low,2,1,0.95,backtest,demand_forecast_run_20261005T130920538
2025-09-23,S05,P0445,0,0.734,0.585,1.37,3,High,2,1,0.95,backtest,demand_forecast_run_20261005T130920538
2025-09-23,S05,P0507,24,6.819,2.31,5.39,0,Low,2,1,0.95,backtest,demand_forecast_run_20261005T130920538
2025-09-23,S05,P0563,14,2.065,1.786,4.17,0,Low,2,1,0.95,backtest,demand_forecast_run_20261005T130920538
2025-09-23,S05,P0579,6,0.867,0.78,1.82,0,Low,2,1,0.95,backtest,demand_forecast_run_20261005T130920538
2025-09-23,S05,P0589,8,2.312,1.491,3.48,0,Low,2,1,0.95,backtest,demand_forecast_run_20261005T130920538
2025-09-23,S06,P0003,6,4.3,1.792,4.18,3,Medium,2,1,0.95,backtest,demand_forecast_run_20261005T130920538
2025-09-23,S06,P0022,17,2.987,1.297,3.03,0,Low,2,1,0.95,backtest,demand_forecast_run_20261005T130920538
2025-09-23,S06,P0032,54,14.243,2.927,6.83,0,Low,2,1,0.95,backtest,demand_forecast_run_20261005T130920538
2025-09-23,S06,P0053,8,2.046,1.676,3.91,0,Low,2,1,0.95,backtest,demand_forecast_run_20261005T130920538
2025-09-23,S06,P0073,12,2.102,0.983,2.29,0,Low,2,1,0.95,backtest,demand_forecast_run_20261005T130920538
2025-09-23,S06,P0170,17,1.713,1.084,2.53,0,Low,2,1,0.95,backtest,demand_forecast_run_20261005T130920538
2025-09-23,S06,P0206,20,5.687,3.095,7.22,0,Low,2,1,0.95,backtest,demand_forecast_run_20261005T130920538
2025-09-23,S06,P0213,18,4.455,1.481,3.46,0,Low,2,1,0.95,backtest,demand_forecast_run_20261005T130920538
2025-09-23,S06,P0252,25,6.313,1.75,4.08,0,Low,2,1,0.95,backtest,demand_forecast_run_20261005T130920538
2025-09-23,S06,P0272,6,1.66,0.838,1.96,0,Low,2,1,0.95,backtest,demand_forecast_run_20261005T130920538
2025-09-23,S06,P0288,4,1.714,1.036,2.42,1,Medium,2,1,0.95,backtest,demand_forecast_run_20261005T130920538
2025-09-23,S06,P0316,12,1.61,1.071,2.5,0,Low,2,1,0.95,backtest,demand_forecast_run_20261005T130920538
2025-09-23,S06,P0369,8,6.116,1.633,3.81,2,Medium,2,1,0.95,backtest,demand_forecast_run_20261005T130920538
2025-09-23,S06,P0381,11,3.209,1.666,3.89,0,Low,2,1,0.95,backtest,demand_forecast_run_20261005T130920538
2025-09-23,S06,P0391,18,4.013,2.294,5.35,0,Low,2,1,0.95,backtest,demand_forecast_run_20261005T130920538
2025-09-23,S06,P0392,11,2.038,1.026,2.39,0,Low,2,1,0.95,backtest,demand_forecast_run_20261005T130920538
2025-09-23,S06,P0408,13,3.376,0.983,2.29,0,Low,2,1,0.95,backtest,demand_forecast_run_20261005T130920538
2025-09-23,S06,P0409,11,2.797,1.184,2.76,0,Low,2,1,0.95,backtest,demand_forecast_run_20261005T130920538
2025-09-23,S06,P0433,7,0.909,0.535,1.25,0,Low,2,1,0.95,backtest,demand_forecast_run_20261005T130920538
2025-09-23,S06,P0435,24,6.459,1.602,3.74,0,Low,2,1,0.95,backtest,demand_forecast_run_20261005T130920538
2025-09-23,S06,P0445,1,2.316,1.096,2.56,4,High,2,1,0.95,backtest,demand_forecast_run_20261005T130920538
2025-09-23,S06,P0507,54,14.284,2.782,6.49,0,Low,2,1,0.95,backtest,demand_forecast_run_20261005T130920538
2025-09-23,S06,P0563,17,2.766,0.956,2.23,0,Low,2,1,0.95,backtest,demand_forecast_run_20261005T130920538
2025-09-23,S06,P0579,4,2.797,1.562,3.64,3,Medium,2,1,0.95,backtest,demand_forecast_run_20261005T130920538
2025-09-23,S06,P0589,7,3.918,1.478,3.45,1,Low,2,1,0.95,backtest,demand_forecast_run_20261005T130920538
2025-09-23,S07,P0003,14,2.379,1.041,2.43,0,Low,2,1,0.95,backtest,demand_forecast_run_20261005T130920538
2025-09-23,S07,P0022,0,2.579,1.571,3.67,7,High,2,1,0.95,backtest,demand_forecast_run_20261005T130920538
2025-09-23,S07,P0032,12,10.438,2.531,5.91,5,Medium,2,1,0.95,backtest,demand_forecast_run_20261005T130920538
2025-09-23,S07,P0053,4,1.126,0.832,1.94,0,Low,2,1,0.95,backtest,demand_forecast_run_20261005T130920538
2025-09-23,S07,P0073,7,0.665,0.723,1.69,0,Low,2,1,0.95,backtest,demand_forecast_run_20261005T130920538
2025-09-23,S07,P0170,7,1.186,0.694,1.62,0,Low,2,1,0.95,backtest,demand_forecast_run_20261005T130920538
2025-09-23,S07,P0206,3,3.399,1.731,4.04,5,High,2,1,0.95,backtest,demand_forecast_run_20261005T130920538
2025-09-23,S07,P0213,3,2.463,1.036,2.42,2,Medium,2,1,0.95,backtest,demand_forecast_run_20261005T130920538
2025-09-23,S07,P0252,16,3.491,1.697,3.96,0,Low,2,1,0.95,backtest,demand_forecast_run_20261005T130920538
2025-09-23,S07,P0272,6,1.182,0.997,2.33,0,Low,2,1,0.95,backtest,demand_forecast_run_20261005T130920538
2025-09-23,S07,P0288,8,1.459,1.041,2.43,0,Low,2,1,0.95,backtest,demand_forecast_run_20261005T130920538
2025-09-23,S07,P0316,5,0.595,0.518,1.21,0,Low,2,1,0.95,backtest,demand_forecast_run_20261005T130920538
2025-09-23,S07,P0369,0,5.268,1.816,4.24,10,High,2,1,0.95,backtest,demand_forecast_run_20261005T130920538
2025-09-23,S07,P0381,2,0.739,0.559,1.3,1,Medium,2,1,0.95,backtest,demand_forecast_run_20261005T130920538
2025-09-23,S07,P0391,15,3.112,2.038,4.75,0,Low,2,1,0.95,backtest,demand_forecast_run_20261005T130920538
2025-09-23,S07,P0392,9,1.229,0.836,1.95,0,Low,2,1,0.95,backtest,demand_forecast_run_20261005T130920538
2025-09-23,S07,P0408,10,1.767,1.508,3.52,0,Low,2,1,0.95,backtest,demand_forecast_run_20261005T130920538
2025-09-23,S07,P0409,0,2.299,1.297,3.03,6,High,2,1,0.95,backtest,demand_forecast_run_20261005T130920538
2025-09-23,S07,P0433,6,0.604,0.772,1.8,0,Low,2,1,0.95,backtest,demand_forecast_run_20261005T130920538
2025-09-23,S07,P0435,9,4.098,2.217,5.17,1,Low,2,1,0.95,backtest,demand_forecast_run_20261005T130920538
2025-09-23,S07,P0445,6,0.895,0.731,1.71,0,Low,2,1,0.95,backtest,demand_forecast_run_20261005T130920538
2025-09-23,S07,P0507,31,7.43,2.631,6.14,0,Low,2,1,0.95,backtest,demand_forecast_run_20261005T130920538
2025-09-23,S07,P0563,13,3.03,1.503,3.51,0,Low,2,1,0.95,backtest,demand_forecast_run_20261005T130920538
2025-09-23,S07,P0579,3,1.437,0.937,2.19,1,Medium,2,1,0.95,backtest,demand_forecast_run_20261005T130920538
2025-09-23,S07,P0589,7,2.379,0.887,2.07,0,Low,2,1,0.95,backtest,demand_forecast_run_20261005T130920538
2025-09-23,S08,P0003,5,4.368,1.887,4.4,4,Medium,2,1,0.95,backtest,demand_forecast_run_20261005T130920538
2025-09-23,S08,P0022,18,3.434,1.887,4.4,0,Low,2,1,0.95,backtest,demand_forecast_run_20261005T130920538
2025-09-23,S08,P0032,38,13.761,2.578,6.02,0,Low,2,1,0.95,backtest,demand_forecast_run_20261005T130920538
2025-09-23,S08,P0053,7,1.286,1.311,3.06,0,Low,2,1,0.95,backtest,demand_forecast_run_20261005T130920538
2025-09-23,S08,P0073,11,0.746,0.713,1.66,0,Low,2,1,0.95,backtest,demand_forecast_run_20261005T130920538
2025-09-23,S08,P0170,10,2.265,1.101,2.57,0,Low,2,1,0.95,backtest,demand_forecast_run_20261005T130920538
2025-09-23,S08,P0206,19,3.417,1.423,3.32,0,Low,2,1,0.95,backtest,demand_forecast_run_20261005T130920538
2025-09-23,S08,P0213,6,2.329,1.847,4.31,1,Medium,2,1,0.95,backtest,demand_forecast_run_20261005T130920538
2025-09-23,S08,P0252,18,6.33,1.893,4.42,0,Low,2,1,0.95,backtest,demand_forecast_run_20261005T130920538
2025-09-23,S08,P0272,9,1.864,1.084,2.53,0,Low,2,1,0.95,backtest,demand_forecast_run_20261005T130920538
2025-09-23,S08,P0288,11,1.595,1.117,2.61,0,Low,2,1,0.95,backtest,demand_forecast_run_20261005T130920538
2025-09-23,S08,P0316,6,1.139,0.838,1.96,0,Low,2,1,0.95,backtest,demand_forecast_run_20261005T130920538
2025-09-23,S08,P0369,25,5.76,2.583,6.03,0,Low,2,1,0.95,backtest,demand_forecast_run_20261005T130920538
2025-09-23,S08,P0381,10,1.212,0.838,1.96,0,Low,2,1,0.95,backtest,demand_forecast_run_20261005T130920538
2025-09-23,S08,P0391,14,3.787,1.892,4.42,0,Low,2,1,0.95,backtest,demand_forecast_run_20261005T130920538
2025-09-23,S08,P0392,10,1.644,1.416,3.3,0,Low,2,1,0.95,backtest,demand_forecast_run_20261005T130920538
2025-09-23,S08,P0408,11,2.689,1.814,4.23,0,Low,2,1,0.95,backtest,demand_forecast_run_20261005T130920538
2025-09-23,S08,P0409,11,2.676,1.647,3.84,0,Low,2,1,0.95,backtest,demand_forecast_run_20261005T130920538
2025-09-23,S08,P0433,7,0.826,0.499,1.16,0,Low,2,1,0.95,backtest,demand_forecast_run_20261005T130920538
2025-09-23,S08,P0435,9,5.824,2.132,4.97,2,Medium,2,1,0.95,backtest,demand_forecast_run_20261005T130920538
2025-09-23,S08,P0445,6,1.641,1.286,3,0,Low,2,1,0.95,backtest,demand_forecast_run_20261005T130920538
2025-09-23,S08,P0507,54,12.165,2.546,5.94,0,Low,2,1,0.95,backtest,demand_forecast_run_20261005T130920538
2025-09-23,S08,P0563,12,5.78,2.149,5.02,0,Low,2,1,0.95,backtest,demand_forecast_run_20261005T130920538
2025-09-23,S08,P0579,3,1.605,0.799,1.87,1,Medium,2,1,0.95,backtest,demand_forecast_run_20261005T130920538
2025-09-23,S08,P0589,8,2.826,1.945,4.54,0,Low,2,1,0.95,backtest,demand_forecast_run_20261005T130920538
2025-09-23,S09,P0003,9,3.975,1.572,3.67,0,Low,2,1,0.95,backtest,demand_forecast_run_20261005T130920538
2025-09-23,S09,P0022,9,3.192,1.258,2.93,0,Low,2,1,0.95,backtest,demand_forecast_run_20261005T130920538
2025-09-23,S09,P0032,18,12.115,2.493,5.82,0,Low,2,1,0.95,backtest,demand_forecast_run_20261005T130920538
2025-09-23,S09,P0053,8,0.6,0.518,1.21,0,Low,2,1,0.95,backtest,demand_forecast_run_20261005T130920538
2025-09-23,S09,P0073,7,0.329,0.416,0.97,0,Low,2,1,0.95,backtest,demand_forecast_run_20261005T130920538
2025-09-23,S09,P0170,11,2.235,1.031,2.41,0,Low,2,1,0.95,backtest,demand_forecast_run_20261005T130920538
2025-09-23,S09,P0206,8,3.073,1.367,3.19,0,Low,2,1,0.95,backtest,demand_forecast_run_20261005T130920538
2025-09-23,S09,P0213,10,4.861,1.713,4,0,Low,2,1,0.95,backtest,demand_forecast_run_20261005T130920538
2025-09-23,S09,P0252,13,6.336,1.969,4.59,0,Low,2,1,0.95,backtest,demand_forecast_run_20261005T130920538
2025-09-23,S09,P0272,6,1.097,0.559,1.3,0,Low,2,1,0.95,backtest,demand_forecast_run_20261005T130920538
2025-09-23,S09,P0288,12,2.229,1.247,2.91,0,Low,2,1,0.95,backtest,demand_forecast_run_20261005T130920538
2025-09-23,S09,P0316,10,1.456,1.062,2.48,0,Low,2,1,0.95,backtest,demand_forecast_run_20261005T130920538
2025-09-23,S09,P0369,19,5.08,1.795,4.19,0,Low,2,1,0.95,backtest,demand_forecast_run_20261005T130920538
2025-09-23,S09,P0381,9,0.987,0.863,2.01,0,Low,2,1,0.95,backtest,demand_forecast_run_20261005T130920538
2025-09-23,S09,P0391,15,3.773,1.687,3.94,0,Low,2,1,0.95,backtest,demand_forecast_run_20261005T130920538
2025-09-23,S09,P0392,6,1.194,1.182,2.76,0,Low,2,1,0.95,backtest,demand_forecast_run_20261005T130920538
2025-09-23,S09,P0408,4,2.909,1.041,2.43,2,Medium,2,1,0.95,backtest,demand_forecast_run_20261005T130920538
2025-09-23,S09,P0409,11,2.317,1.084,2.53,0,Low,2,1,0.95,backtest,demand_forecast_run_20261005T130920538
2025-09-23,S09,P0433,3,0.45,0.356,0.83,0,Low,2,1,0.95,backtest,demand_forecast_run_20261005T130920538
2025-09-23,S09,P0435,16,5.096,2.088,4.87,0,Low,2,1,0.95,backtest,demand_forecast_run_20261005T130920538
2025-09-23,S09,P0445,11,1.54,0.693,1.62,0,Low,2,1,0.95,backtest,demand_forecast_run_20261005T130920538
2025-09-23,S09,P0507,36,10.779,2.562,5.98,0,Low,2,1,0.95,backtest,demand_forecast_run_20261005T130920538
2025-09-23,S09,P0563,15,4.168,1.682,3.93,0,Low,2,1,0.95,backtest,demand_forecast_run_20261005T130920538
2025-09-23,S09,P0579,4,1.854,1.103,2.57,1,Low,2,1,0.95,backtest,demand_forecast_run_20261005T130920538
2025-09-23,S09,P0589,7,4.326,1.867,4.36,2,Low,2,1,0.95,backtest,demand_forecast_run_20261005T130920538
2025-09-23,S10,P0003,7,4.454,2.063,4.81,3,Low,2,1,0.95,backtest,demand_forecast_run_20261005T130920538
2025-09-23,S10,P0022,15,2.698,1.335,3.11,0,Low,2,1,0.95,backtest,demand_forecast_run_20261005T130920538
2025-09-23,S10,P0032,15,10.774,2.117,4.94,1,Low,2,1,0.95,backtest,demand_forecast_run_20261005T130920538
2025-09-23,S10,P0053,8,0.969,0.92,2.15,0,Low,2,1,0.95,backtest,demand_forecast_run_20261005T130920538
2025-09-23,S10,P0073,7,0.522,0.499,1.16,0,Low,2,1,0.95,backtest,demand_forecast_run_20261005T130920538
2025-09-23,S10,P0170,8,1.321,0.745,1.74,0,Low,2,1,0.95,backtest,demand_forecast_run_20261005T130920538
2025-09-23,S10,P0206,7,2.534,1.066,2.49,0,Low,2,1,0.95,backtest,demand_forecast_run_20261005T130920538
2025-09-23,S10,P0213,5,2.332,1.166,2.72,1,Low,2,1,0.95,backtest,demand_forecast_run_20261005T130920538
2025-09-23,S10,P0252,9,5.186,1.621,3.78,0,Low,2,1,0.95,backtest,demand_forecast_run_20261005T130920538
2025-09-23,S10,P0272,5,0.869,0.826,1.93,0,Low,2,1,0.95,backtest,demand_forecast_run_20261005T130920538
2025-09-23,S10,P0288,0,1.684,1.514,3.53,6,High,2,1,0.95,backtest,demand_forecast_run_20261005T130920538
2025-09-23,S10,P0316,11,1.014,0.678,1.58,0,Low,2,1,0.95,backtest,demand_forecast_run_20261005T130920538
2025-09-23,S10,P0369,10,4.576,1.548,3.61,0,Low,2,1,0.95,backtest,demand_forecast_run_20261005T130920538
2025-09-23,S10,P0381,7,1.565,1.129,2.63,0,Low,2,1,0.95,backtest,demand_forecast_run_20261005T130920538
2025-09-23,S10,P0391,12,2.666,1.362,3.18,0,Low,2,1,0.95,backtest,demand_forecast_run_20261005T130920538
2025-09-23,S10,P0392,4,0.787,0.476,1.11,0,Low,2,1,0.95,backtest,demand_forecast_run_20261005T130920538
2025-09-23,S10,P0408,10,2.141,0.983,2.29,0,Low,2,1,0.95,backtest,demand_forecast_run_20261005T130920538
2025-09-23,S10,P0409,13,2.654,1.133,2.64,0,Low,2,1,0.95,backtest,demand_forecast_run_20261005T130920538
2025-09-23,S10,P0433,6,0.77,0.518,1.21,0,Low,2,1,0.95,backtest,demand_forecast_run_20261005T130920538
2025-09-23,S10,P0435,18,4.146,2.58,6.02,0,Low,2,1,0.95,backtest,demand_forecast_run_20261005T130920538
2025-09-23,S10,P0445,9,2.263,1.249,2.91,0,Low,2,1,0.95,backtest,demand_forecast_run_20261005T130920538
2025-09-23,S10,P0507,14,9.542,2.38,5.55,2,Low,2,1,0.95,backtest,demand_forecast_run_20261005T130920538
2025-09-23,S10,P0563,19,3.304,1.768,4.13,0,Low,2,1,0.95,backtest,demand_forecast_run_20261005T130920538
2025-09-23,S10,P0579,1,0.849,0.535,1.25,2,Medium,2,1,0.95,backtest,demand_forecast_run_20261005T130920538
2025-09-23,S10,P0589,4,2.672,1.208,2.82,2,Medium,2,1,0.95,backtest,demand_forecast_run_20261005T130920538
2025-09-23,S11,P0003,7,3.407,1.374,3.21,0,Low,2,1,0.95,backtest,demand_forecast_run_20261005T130920538
2025-09-23,S11,P0022,18,4.366,2.031,4.74,0,Low,2,1,0.95,backtest,demand_forecast_run_20261005T130920538
2025-09-23,S11,P0032,7,14.44,4.006,9.35,17,High,2,1,0.95,backtest,demand_forecast_run_20261005T130920538
2025-09-23,S11,P0053,6,1.793,1.076,2.51,0,Low,2,1,0.95,backtest,demand_forecast_run_20261005T130920538
2025-09-23,S11,P0073,9,1.038,0.69,1.61,0,Low,2,1,0.95,backtest,demand_forecast_run_20261005T130920538
2025-09-23,S11,P0170,5,1.654,0.826,1.93,0,Low,2,1,0.95,backtest,demand_forecast_run_20261005T130920538
2025-09-23,S11,P0206,22,2.988,1.598,3.73,0,Low,2,1,0.95,backtest,demand_forecast_run_20261005T130920538
2025-09-23,S11,P0213,7,4.451,1.416,3.3,1,Low,2,1,0.95,backtest,demand_forecast_run_20261005T130920538
2025-09-23,S11,P0252,15,6.741,2.299,5.36,0,Low,2,1,0.95,backtest,demand_forecast_run_20261005T130920538
2025-09-23,S11,P0272,10,1.124,0.637,1.49,0,Low,2,1,0.95,backtest,demand_forecast_run_20261005T130920538
2025-09-23,S11,P0288,10,3.148,1.867,4.36,0,Low,2,1,0.95,backtest,demand_forecast_run_20261005T130920538
2025-09-23,S11,P0316,2,2.988,0.999,2.33,4,High,2,1,0.95,backtest,demand_forecast_run_20261005T130920538
2025-09-23,S11,P0369,13,6.86,3.415,7.97,2,Low,2,1,0.95,backtest,demand_forecast_run_20261005T130920538
2025-09-23,S11,P0381,3,2.076,1.268,2.96,3,Medium,2,1,0.95,backtest,demand_forecast_run_20261005T130920538
2025-09-23,S11,P0391,13,2.732,1.627,3.8,0,Low,2,1,0.95,backtest,demand_forecast_run_20261005T130920538
2025-09-23,S11,P0392,4,1.165,1.197,2.79,0,Low,2,1,0.95,backtest,demand_forecast_run_20261005T130920538
2025-09-23,S11,P0408,9,2.857,1.701,3.97,0,Low,2,1,0.95,backtest,demand_forecast_run_20261005T130920538
2025-09-23,S11,P0409,11,2.26,0.983,2.29,0,Low,2,1,0.95,backtest,demand_forecast_run_20261005T130920538
2025-09-23,S11,P0433,5,1.39,0.962,2.24,0,Low,2,1,0.95,backtest,demand_forecast_run_20261005T130920538
2025-09-23,S11,P0435,8,6.892,2.793,6.52,6,Medium,2,1,0.95,backtest,demand_forecast_run_20261005T130920538
2025-09-23,S11,P0445,13,2.043,1.335,3.11,0,Low,2,1,0.95,backtest,demand_forecast_run_20261005T130920538
2025-09-23,S11,P0507,51,12.878,2.982,6.96,0,Low,2,1,0.95,backtest,demand_forecast_run_20261005T130920538
2025-09-23,S11,P0563,16,5.535,2.76,6.44,0,Low,2,1,0.95,backtest,demand_forecast_run_20261005T130920538
2025-09-23,S11,P0579,4,1.428,0.836,1.95,0,Low,2,1,0.95,backtest,demand_forecast_run_20261005T130920538
2025-09-23,S11,P0589,14,3.155,1.133,2.64,0,Low,2,1,0.95,backtest,demand_forecast_run_20261005T130920538
2025-09-23,S12,P0003,14,3.323,1.268,2.96,0,Low,2,1,0.95,backtest,demand_forecast_run_20261005T130920538
2025-09-23,S12,P0022,1,3.312,1.478,3.45,6,High,2,1,0.95,backtest,demand_forecast_run_20261005T130920538
2025-09-23,S12,P0032,27,13.872,5.969,13.93,1,Low,2,1,0.95,backtest,demand_forecast_run_20261005T130920538
2025-09-23,S12,P0053,6,1.618,1.323,3.09,0,Low,2,1,0.95,backtest,demand_forecast_run_20261005T130920538
2025-09-23,S12,P0073,9,0.842,0.612,1.43,0,Low,2,1,0.95,backtest,demand_forecast_run_20261005T130920538
2025-09-23,S12,P0170,7,1.506,1.219,2.84,0,Low,2,1,0.95,backtest,demand_forecast_run_20261005T130920538
2025-09-23,S12,P0206,10,3.276,2.066,4.82,0,Low,2,1,0.95,backtest,demand_forecast_run_20261005T130920538
2025-09-23,S12,P0213,6,2.684,1.305,3.05,0,Low,2,1,0.95,backtest,demand_forecast_run_20261005T130920538
2025-09-23,S12,P0252,15,4.113,1.621,3.78,0,Low,2,1,0.95,backtest,demand_forecast_run_20261005T130920538
2025-09-23,S12,P0272,13,1.777,1.02,2.38,0,Low,2,1,0.95,backtest,demand_forecast_run_20261005T130920538
2025-09-23,S12,P0288,10,1.853,1.228,2.87,0,Low,2,1,0.95,backtest,demand_forecast_run_20261005T130920538
2025-09-23,S12,P0316,10,1.604,1.208,2.82,0,Low,2,1,0.95,backtest,demand_forecast_run_20261005T130920538
2025-09-23,S12,P0369,15,7.392,2.681,6.26,0,Low,2,1,0.95,backtest,demand_forecast_run_20261005T130920538
2025-09-23,S12,P0381,10,1.87,1.357,3.17,0,Low,2,1,0.95,backtest,demand_forecast_run_20261005T130920538
2025-09-23,S12,P0391,6,2.697,1.295,3.02,0,Low,2,1,0.95,backtest,demand_forecast_run_20261005T130920538
2025-09-23,S12,P0392,4,1.081,1.071,2.5,0,Low,2,1,0.95,backtest,demand_forecast_run_20261005T130920538
2025-09-23,S12,P0408,5,1.698,1.156,2.7,0,Low,2,1,0.95,backtest,demand_forecast_run_20261005T130920538
2025-09-23,S12,P0409,9,2.056,1.274,2.97,0,Low,2,1,0.95,backtest,demand_forecast_run_20261005T130920538
2025-09-23,S12,P0433,3,0.713,0.659,1.54,0,Low,2,1,0.95,backtest,demand_forecast_run_20261005T130920538
2025-09-23,S12,P0435,20,3.79,1.663,3.88,0,Low,2,1,0.95,backtest,demand_forecast_run_20261005T130920538
2025-09-23,S12,P0445,7,0.951,0.737,1.72,0,Low,2,1,0.95,backtest,demand_forecast_run_20261005T130920538
2025-09-23,S12,P0507,45,8.561,3.037,7.09,0,Low,2,1,0.95,backtest,demand_forecast_run_20261005T130920538
2025-09-23,S12,P0563,17,2.806,1.274,2.97,0,Low,2,1,0.95,backtest,demand_forecast_run_20261005T130920538
2025-09-23,S12,P0579,6,1.028,0.838,1.96,0,Low,2,1,0.95,backtest,demand_forecast_run_20261005T130920538
2025-09-23,S12,P0589,10,2.285,1.101,2.57,0,Low,2,1,0.95,backtest,demand_forecast_run_20261005T130920538
2025-09-24,S01,P0003,8,3.803,1.56,3.64,0,Low,2,1,0.95,backtest,demand_forecast_run_20261005T130920538
2025-09-24,S01,P0022,10,2.385,1.303,3.04,0,Low,2,1,0.95,backtest,demand_forecast_run_20261005T130920538
2025-09-24,S01,P0032,23,11.117,2.987,6.97,0,Low,2,1,0.95,backtest,demand_forecast_run_20261005T130920538
2025-09-24,S01,P0053,4,1.259,0.92,2.15,0,Low,2,1,0.95,backtest,demand_forecast_run_20261005T130920538
2025-09-24,S01,P0073,4,0.773,0.535,1.25,0,Low,2,1,0.95,backtest,demand_forecast_run_20261005T130920538
2025-09-24,S01,P0170,12,1.447,0.882,2.06,0,Low,2,1,0.95,backtest,demand_forecast_run_20261005T130920538
2025-09-24,S01,P0206,12,3.31,0.903,2.11,0,Low,2,1,0.95,backtest,demand_forecast_run_20261005T130920538
2025-09-24,S01,P0213,6,2.523,1.17,2.73,0,Low,2,1,0.95,backtest,demand_forecast_run_20261005T130920538
2025-09-24,S01,P0252,20,5.068,1.83,4.27,0,Low,2,1,0.95,backtest,demand_forecast_run_20261005T130920538
2025-09-24,S01,P0272,4,1.739,0.951,2.22,0,Low,2,1,0.95,backtest,demand_forecast_run_20261005T130920538
2025-09-24,S01,P0288,4,1.596,0.962,2.24,0,Medium,2,1,0.95,backtest,demand_forecast_run_20261005T130920538
2025-09-24,S01,P0316,4,0.709,0.418,0.98,0,Low,2,1,0.95,backtest,demand_forecast_run_20261005T130920538
2025-09-24,S01,P0369,13,4.777,1.353,3.16,0,Low,2,1,0.95,backtest,demand_forecast_run_20261005T130920538
2025-09-24,S01,P0381,2,1.932,1.084,2.53,3,Medium,2,1,0.95,backtest,demand_forecast_run_20261005T130920538
2025-09-24,S01,P0391,14,4.197,1.814,4.23,0,Low,2,1,0.95,backtest,demand_forecast_run_20261005T130920538
2025-09-24,S01,P0392,5,1.146,0.875,2.04,0,Low,2,1,0.95,backtest,demand_forecast_run_20261005T130920538
2025-09-24,S01,P0408,1,1.946,1.041,2.43,4,High,2,1,0.95,backtest,demand_forecast_run_20261005T130920538
2025-09-24,S01,P0409,12,1.894,1.245,2.91,0,Low,2,1,0.95,backtest,demand_forecast_run_20261005T130920538
2025-09-24,S01,P0433,5,0.952,0.836,1.95,0,Low,2,1,0.95,backtest,demand_forecast_run_20261005T130920538
2025-09-24,S01,P0435,21,5.534,1.88,4.39,0,Low,2,1,0.95,backtest,demand_forecast_run_20261005T130920538
2025-09-24,S01,P0445,9,1.201,0.838,1.96,0,Low,2,1,0.95,backtest,demand_forecast_run_20261005T130920538
2025-09-24,S01,P0507,18,10.07,1.892,4.42,0,Low,2,1,0.95,backtest,demand_forecast_run_20261005T130920538
2025-09-24,S01,P0563,17,4.733,1.602,3.74,0,Low,2,1,0.95,backtest,demand_forecast_run_20261005T130920538
2025-09-24,S01,P0579,9,1.457,1.013,2.36,0,Low,2,1,0.95,backtest,demand_forecast_run_20261005T130920538
2025-09-24,S01,P0589,0,2.852,1.401,3.27,7,High,2,1,0.95,backtest,demand_forecast_run_20261005T130920538
2025-09-24,S02,P0003,20,3.942,1.367,3.19,0,Low,2,1,0.95,backtest,demand_forecast_run_20261005T130920538
2025-09-24,S02,P0022,8,4.063,1.641,3.83,0,Low,2,1,0.95,backtest,demand_forecast_run_20261005T130920538
2025-09-24,S02,P0032,44,10.201,1.912,4.46,0,Low,2,1,0.95,backtest,demand_forecast_run_20261005T130920538
2025-09-24,S02,P0053,3,0.8,0.819,1.91,0,Medium,2,1,0.95,backtest,demand_forecast_run_20261005T130920538
2025-09-24,S02,P0073,5,1.309,0.79,1.84,0,Low,2,1,0.95,backtest,demand_forecast_run_20261005T130920538
2025-09-24,S02,P0170,7,1.394,1.168,2.73,0,Low,2,1,0.95,backtest,demand_forecast_run_20261005T130920538
2025-09-24,S02,P0206,16,4.052,1.378,3.21,0,Low,2,1,0.95,backtest,demand_forecast_run_20261005T130920538
2025-09-24,S02,P0213,14,2.915,1.401,3.27,0,Low,2,1,0.95,backtest,demand_forecast_run_20261005T130920538
2025-09-24,S02,P0252,10,5.487,1.671,3.9,0,Low,2,1,0.95,backtest,demand_forecast_run_20261005T130920538
2025-09-24,S02,P0272,9,2.291,1.295,3.02,0,Low,2,1,0.95,backtest,demand_forecast_run_20261005T130920538
2025-09-24,S02,P0288,7,2.431,0.995,2.32,0,Low,2,1,0.95,backtest,demand_forecast_run_20261005T130920538
2025-09-24,S02,P0316,1,1.505,0.793,1.85,3,High,2,1,0.95,backtest,demand_forecast_run_20261005T130920538
2025-09-24,S02,P0369,14,4.129,0.995,2.32,0,Low,2,1,0.95,backtest,demand_forecast_run_20261005T130920538
2025-09-24,S02,P0381,13,1.2,1.066,2.49,0,Low,2,1,0.95,backtest,demand_forecast_run_20261005T130920538
2025-09-24,S02,P0391,17,4.441,1.686,3.93,0,Low,2,1,0.95,backtest,demand_forecast_run_20261005T130920538
2025-09-24,S02,P0392,8,1.281,1.056,2.46,0,Low,2,1,0.95,backtest,demand_forecast_run_20261005T130920538
2025-09-24,S02,P0408,6,2.039,0.945,2.2,0,Low,2,1,0.95,backtest,demand_forecast_run_20261005T130920538
2025-09-24,S02,P0409,14,3.17,1.347,3.14,0,Low,2,1,0.95,backtest,demand_forecast_run_20261005T130920538
2025-09-24,S02,P0433,5,0.56,0.568,1.33,0,Low,2,1,0.95,backtest,demand_forecast_run_20261005T130920538
2025-09-24,S02,P0435,22,6.409,1.654,3.86,0,Low,2,1,0.95,backtest,demand_forecast_run_20261005T130920538
2025-09-24,S02,P0445,7,1.587,1.224,2.86,0,Low,2,1,0.95,backtest,demand_forecast_run_20261005T130920538
2025-09-24,S02,P0507,39,10.582,2.492,5.82,0,Low,2,1,0.95,backtest,demand_forecast_run_20261005T130920538
2025-09-24,S02,P0563,10,3.492,1.458,3.4,0,Low,2,1,0.95,backtest,demand_forecast_run_20261005T130920538
2025-09-24,S02,P0579,6,1.315,1.166,2.72,0,Low,2,1,0.95,backtest,demand_forecast_run_20261005T130920538
2025-09-24,S02,P0589,3,2.399,1.333,3.11,3,Medium,2,1,0.95,backtest,demand_forecast_run_20261005T130920538
2025-09-24,S03,P0003,15,2.792,1.449,3.38,0,Low,2,1,0.95,backtest,demand_forecast_run_20261005T130920538
2025-09-24,S03,P0022,7,1.971,1.257,2.93,0,Low,2,1,0.95,backtest,demand_forecast_run_20261005T130920538
2025-09-24,S03,P0032,44,11.757,2.278,5.32,0,Low,2,1,0.95,backtest,demand_forecast_run_20261005T130920538
2025-09-24,S03,P0053,9,1.455,0.911,2.13,0,Low,2,1,0.95,backtest,demand_forecast_run_20261005T130920538
2025-09-24,S03,P0073,7,1.11,0.548,1.28,0,Low,2,1,0.95,backtest,demand_forecast_run_20261005T130920538
2025-09-24,S03,P0170,8,3.293,0.995,2.32,0,Low,2,1,0.95,backtest,demand_forecast_run_20261005T130920538
2025-09-24,S03,P0206,0,3.68,1.325,3.09,7,High,2,1,0.95,backtest,demand_forecast_run_20261005T130920538
2025-09-24,S03,P0213,11,2.151,1.152,2.69,0,Low,2,1,0.95,backtest,demand_forecast_run_20261005T130920538
2025-09-24,S03,P0252,18,5.368,2.262,5.28,0,Low,2,1,0.95,backtest,demand_forecast_run_20261005T130920538
2025-09-24,S03,P0272,4,1.48,0.836,1.95,0,Low,2,1,0.95,backtest,demand_forecast_run_20261005T130920538
2025-09-24,S03,P0288,7,1.489,0.832,1.94,0,Low,2,1,0.95,backtest,demand_forecast_run_20261005T130920538
2025-09-24,S03,P0316,6,1.495,0.881,2.06,0,Low,2,1,0.95,backtest,demand_forecast_run_20261005T130920538
2025-09-24,S03,P0369,8,4.446,1.291,3.01,0,Medium,2,1,0.95,backtest,demand_forecast_run_20261005T130920538
2025-09-24,S03,P0381,4,1.234,0.621,1.45,0,Low,2,1,0.95,backtest,demand_forecast_run_20261005T130920538
2025-09-24,S03,P0391,17,3.556,2.008,4.69,0,Low,2,1,0.95,backtest,demand_forecast_run_20261005T130920538
2025-09-24,S03,P0392,9,0.97,0.634,1.48,0,Low,2,1,0.95,backtest,demand_forecast_run_20261005T130920538
2025-09-24,S03,P0408,7,1.917,1.09,2.54,0,Low,2,1,0.95,backtest,demand_forecast_run_20261005T130920538
2025-09-24,S03,P0409,6,1.896,0.956,2.23,0,Low,2,1,0.95,backtest,demand_forecast_run_20261005T130920538
2025-09-24,S03,P0433,4,0,0,0,0,Low,2,1,0.95,backtest,demand_forecast_run_20261005T130920538
2025-09-24,S03,P0435,11,5.01,1.219,2.84,0,Low,2,1,0.95,backtest,demand_forecast_run_20261005T130920538
2025-09-24,S03,P0445,3,0.846,0.731,1.71,0,Medium,2,1,0.95,backtest,demand_forecast_run_20261005T130920538
2025-09-24,S03,P0507,13,9.82,2.965,6.92,4,Medium,2,1,0.95,backtest,demand_forecast_run_20261005T130920538
2025-09-24,S03,P0563,3,3.824,1.227,2.86,4,High,2,1,0.95,backtest,demand_forecast_run_20261005T130920538
2025-09-24,S03,P0579,5,1.592,1.323,3.09,0,Low,2,1,0.95,backtest,demand_forecast_run_20261005T130920538
2025-09-24,S03,P0589,14,2.882,1.325,3.09,0,Low,2,1,0.95,backtest,demand_forecast_run_20261005T130920538
2025-09-24,S04,P0003,1,2.993,1.967,4.59,7,High,2,1,0.95,backtest,demand_forecast_run_20261005T130920538
2025-09-24,S04,P0022,10,2.484,1.261,2.94,0,Low,2,1,0.95,backtest,demand_forecast_run_20261005T130920538
2025-09-24,S04,P0032,38,9.379,2.644,6.17,0,Low,2,1,0.95,backtest,demand_forecast_run_20261005T130920538
2025-09-24,S04,P0053,4,0.622,0.659,1.54,0,Low,2,1,0.95,backtest,demand_forecast_run_20261005T130920538
2025-09-24,S04,P0073,4,1.462,0.786,1.83,0,Low,2,1,0.95,backtest,demand_forecast_run_20261005T130920538
2025-09-24,S04,P0170,6,1.847,1.031,2.4,0,Low,2,1,0.95,backtest,demand_forecast_run_20261005T130920538
2025-09-24,S04,P0206,15,3.708,1.592,3.71,0,Low,2,1,0.95,backtest,demand_forecast_run_20261005T130920538
2025-09-24,S04,P0213,8,1.943,1.166,2.72,0,Low,2,1,0.95,backtest,demand_forecast_run_20261005T130920538
2025-09-24,S04,P0252,10,3.613,1.201,2.8,0,Low,2,1,0.95,backtest,demand_forecast_run_20261005T130920538
2025-09-24,S04,P0272,5,1.993,0.881,2.06,0,Low,2,1,0.95,backtest,demand_forecast_run_20261005T130920538
2025-09-24,S04,P0288,12,1.326,0.79,1.84,0,Low,2,1,0.95,backtest,demand_forecast_run_20261005T130920538
2025-09-24,S04,P0316,6,0.586,0.568,1.33,0,Low,2,1,0.95,backtest,demand_forecast_run_20261005T130920538
2025-09-24,S04,P0369,10,3.94,1.323,3.09,0,Low,2,1,0.95,backtest,demand_forecast_run_20261005T130920538
2025-09-24,S04,P0381,3,1.595,0.92,2.15,1,Medium,2,1,0.95,backtest,demand_forecast_run_20261005T130920538
2025-09-24,S04,P0391,6,2.409,1.197,2.79,0,Low,2,1,0.95,backtest,demand_forecast_run_20261005T130920538
2025-09-24,S04,P0392,6,1.258,0.838,1.96,0,Low,2,1,0.95,backtest,demand_forecast_run_20261005T130920538
2025-09-24,S04,P0408,13,1.656,0.81,1.89,0,Low,2,1,0.95,backtest,demand_forecast_run_20261005T130920538
2025-09-24,S04,P0409,4,1.988,1.541,3.6,2,Medium,2,1,0.95,backtest,demand_forecast_run_20261005T130920538
2025-09-24,S04,P0433,8,0.363,0.448,1.05,0,Low,2,1,0.95,backtest,demand_forecast_run_20261005T130920538
2025-09-24,S04,P0435,16,3.896,2.038,4.75,0,Low,2,1,0.95,backtest,demand_forecast_run_20261005T130920538
2025-09-24,S04,P0445,2,1.851,1.026,2.39,3,Medium,2,1,0.95,backtest,demand_forecast_run_20261005T130920538
2025-09-24,S04,P0507,34,7.403,1.752,4.09,0,Low,2,1,0.95,backtest,demand_forecast_run_20261005T130920538
2025-09-24,S04,P0563,11,1.595,0.69,1.61,0,Low,2,1,0.95,backtest,demand_forecast_run_20261005T130920538
2025-09-24,S04,P0579,5,0.603,0.87,2.03,0,Low,2,1,0.95,backtest,demand_forecast_run_20261005T130920538
2025-09-24,S04,P0589,14,1.339,0.875,2.04,0,Low,2,1,0.95,backtest,demand_forecast_run_20261005T130920538
2025-09-24,S05,P0003,5,2.177,1.401,3.27,1,Low,2,1,0.95,backtest,demand_forecast_run_20261005T130920538
2025-09-24,S05,P0022,12,2.574,1.124,2.62,0,Low,2,1,0.95,backtest,demand_forecast_run_20261005T130920538
2025-09-24,S05,P0032,24,7.532,2.659,6.2,0,Low,2,1,0.95,backtest,demand_forecast_run_20261005T130920538
2025-09-24,S05,P0053,6,0.854,0.922,2.15,0,Low,2,1,0.95,backtest,demand_forecast_run_20261005T130920538
2025-09-24,S05,P0073,8,0.436,0.499,1.16,0,Low,2,1,0.95,backtest,demand_forecast_run_20261005T130920538
2025-09-24,S05,P0170,4,1.262,0.838,1.96,0,Low,2,1,0.95,backtest,demand_forecast_run_20261005T130920538
2025-09-24,S05,P0206,8,3.555,1.524,3.56,0,Low,2,1,0.95,backtest,demand_forecast_run_20261005T130920538
2025-09-24,S05,P0213,8,1.603,0.983,2.29,0,Low,2,1,0.95,backtest,demand_forecast_run_20261005T130920538
2025-09-24,S05,P0252,7,4.029,1.524,3.56,1,Low,2,1,0.95,backtest,demand_forecast_run_20261005T130920538
2025-09-24,S05,P0272,0,1.162,0.92,2.15,4,High,2,1,0.95,backtest,demand_forecast_run_20261005T130920538
2025-09-24,S05,P0288,9,1.92,1.166,2.72,0,Low,2,1,0.95,backtest,demand_forecast_run_20261005T130920538
2025-09-24,S05,P0316,0,1.376,0.92,2.15,4,High,2,1,0.95,backtest,demand_forecast_run_20261005T130920538
2025-09-24,S05,P0369,5,3.854,1.644,3.84,3,Medium,2,1,0.95,backtest,demand_forecast_run_20261005T130920538
2025-09-24,S05,P0381,8,1.307,0.989,2.31,0,Low,2,1,0.95,backtest,demand_forecast_run_20261005T130920538
2025-09-24,S05,P0391,15,2.759,1.401,3.27,0,Low,2,1,0.95,backtest,demand_forecast_run_20261005T130920538
2025-09-24,S05,P0392,3,0.474,0.476,1.11,0,Low,2,1,0.95,backtest,demand_forecast_run_20261005T130920538
2025-09-24,S05,P0408,4,1.051,0.905,2.11,0,Low,2,1,0.95,backtest,demand_forecast_run_20261005T130920538
2025-09-24,S05,P0409,5,1.696,1.084,2.53,0,Low,2,1,0.95,backtest,demand_forecast_run_20261005T130920538
2025-09-24,S05,P0433,4,0.223,0.262,0.61,0,Low,2,1,0.95,backtest,demand_forecast_run_20261005T130920538
2025-09-24,S05,P0435,14,3.492,1.574,3.67,0,Low,2,1,0.95,backtest,demand_forecast_run_20261005T130920538
2025-09-24,S05,P0445,9,0.751,0.585,1.37,0,Low,2,1,0.95,backtest,demand_forecast_run_20261005T130920538
2025-09-24,S05,P0507,22,7.08,2.297,5.36,0,Low,2,1,0.95,backtest,demand_forecast_run_20261005T130920538
2025-09-24,S05,P0563,14,2.324,1.799,4.2,0,Low,2,1,0.95,backtest,demand_forecast_run_20261005T130920538
2025-09-24,S05,P0579,6,0.848,0.78,1.82,0,Low,2,1,0.95,backtest,demand_forecast_run_20261005T130920538
2025-09-24,S05,P0589,8,2.258,1.491,3.48,0,Low,2,1,0.95,backtest,demand_forecast_run_20261005T130920538
2025-09-24,S06,P0003,17,4.264,1.599,3.73,0,Low,2,1,0.95,backtest,demand_forecast_run_20261005T130920538
2025-09-24,S06,P0022,15,3.479,1.278,2.98,0,Low,2,1,0.95,backtest,demand_forecast_run_20261005T130920538
2025-09-24,S06,P0032,43,16.981,3.107,7.25,0,Low,2,1,0.95,backtest,demand_forecast_run_20261005T130920538
2025-09-24,S06,P0053,8,1.76,0.951,2.22,0,Low,2,1,0.95,backtest,demand_forecast_run_20261005T130920538
2025-09-24,S06,P0073,14,2.816,0.983,2.29,0,Low,2,1,0.95,backtest,demand_forecast_run_20261005T130920538
2025-09-24,S06,P0170,13,2.084,1.249,2.91,0,Low,2,1,0.95,backtest,demand_forecast_run_20261005T130920538
2025-09-24,S06,P0206,18,6.91,1.731,4.04,0,Low,2,1,0.95,backtest,demand_forecast_run_20261005T130920538
2025-09-24,S06,P0213,13,4.803,1.56,3.64,0,Low,2,1,0.95,backtest,demand_forecast_run_20261005T130920538
2025-09-24,S06,P0252,21,6.924,1.792,4.18,0,Low,2,1,0.95,backtest,demand_forecast_run_20261005T130920538
2025-09-24,S06,P0272,6,2.223,0.838,1.96,0,Low,2,1,0.95,backtest,demand_forecast_run_20261005T130920538
2025-09-24,S06,P0288,4,2.322,1.036,2.42,1,Medium,2,1,0.95,backtest,demand_forecast_run_20261005T130920538
2025-09-24,S06,P0316,9,2.937,1.166,2.72,0,Low,2,1,0.95,backtest,demand_forecast_run_20261005T130920538
2025-09-24,S06,P0369,31,6.524,1.595,3.72,0,Low,2,1,0.95,backtest,demand_forecast_run_20261005T130920538
2025-09-24,S06,P0381,10,4.446,1.654,3.86,0,Low,2,1,0.95,backtest,demand_forecast_run_20261005T130920538
2025-09-24,S06,P0391,14,4.792,2.188,5.11,0,Low,2,1,0.95,backtest,demand_forecast_run_20261005T130920538
2025-09-24,S06,P0392,11,2.082,1.026,2.39,0,Low,2,1,0.95,backtest,demand_forecast_run_20261005T130920538
2025-09-24,S06,P0408,12,4.031,0.97,2.26,0,Low,2,1,0.95,backtest,demand_forecast_run_20261005T130920538
2025-09-24,S06,P0409,9,2.965,1.184,2.76,0,Low,2,1,0.95,backtest,demand_forecast_run_20261005T130920538
2025-09-24,S06,P0433,7,0.998,0.535,1.25,0,Low,2,1,0.95,backtest,demand_forecast_run_20261005T130920538
2025-09-24,S06,P0435,21,8.752,1.602,3.74,0,Low,2,1,0.95,backtest,demand_forecast_run_20261005T130920538
2025-09-24,S06,P0445,0,2.234,1.096,2.56,5,High,2,1,0.95,backtest,demand_forecast_run_20261005T130920538
2025-09-24,S06,P0507,52,13.651,2.801,6.54,0,Low,2,1,0.95,backtest,demand_forecast_run_20261005T130920538
2025-09-24,S06,P0563,12,4.15,1.018,2.38,0,Low,2,1,0.95,backtest,demand_forecast_run_20261005T130920538
2025-09-24,S06,P0579,12,2.965,1.562,3.64,0,Low,2,1,0.95,backtest,demand_forecast_run_20261005T130920538
2025-09-24,S06,P0589,6,4.061,1.476,3.45,2,Medium,2,1,0.95,backtest,demand_forecast_run_20261005T130920538
2025-09-24,S07,P0003,9,2.951,1.124,2.62,0,Low,2,1,0.95,backtest,demand_forecast_run_20261005T130920538
2025-09-24,S07,P0022,0,2.76,1.571,3.67,7,High,2,1,0.95,backtest,demand_forecast_run_20261005T130920538
2025-09-24,S07,P0032,36,11.064,2.435,5.68,0,Low,2,1,0.95,backtest,demand_forecast_run_20261005T130920538
2025-09-24,S07,P0053,4,1.161,0.832,1.94,0,Low,2,1,0.95,backtest,demand_forecast_run_20261005T130920538
2025-09-24,S07,P0073,6,0.9,0.731,1.71,0,Low,2,1,0.95,backtest,demand_forecast_run_20261005T130920538
2025-09-24,S07,P0170,5,1.379,0.742,1.73,0,Low,2,1,0.95,backtest,demand_forecast_run_20261005T130920538
2025-09-24,S07,P0206,12,4.5,1.773,4.14,0,Low,2,1,0.95,backtest,demand_forecast_run_20261005T130920538
2025-09-24,S07,P0213,3,2.504,1.036,2.42,2,Medium,2,1,0.95,backtest,demand_forecast_run_20261005T130920538
2025-09-24,S07,P0252,16,4.038,1.707,3.98,0,Low,2,1,0.95,backtest,demand_forecast_run_20261005T130920538
2025-09-24,S07,P0272,6,1.44,0.997,2.33,0,Low,2,1,0.95,backtest,demand_forecast_run_20261005T130920538
2025-09-24,S07,P0288,8,1.732,0.951,2.22,0,Low,2,1,0.95,backtest,demand_forecast_run_20261005T130920538
2025-09-24,S07,P0316,5,0.716,0.518,1.21,0,Low,2,1,0.95,backtest,demand_forecast_run_20261005T130920538
2025-09-24,S07,P0369,22,5.608,1.834,4.28,0,Low,2,1,0.95,backtest,demand_forecast_run_20261005T130920538
2025-09-24,S07,P0381,2,0.9,0.559,1.3,1,Medium,2,1,0.95,backtest,demand_forecast_run_20261005T130920538
2025-09-24,S07,P0391,15,3.005,2.044,4.77,0,Low,2,1,0.95,backtest,demand_forecast_run_20261005T130920538
2025-09-24,S07,P0392,9,1.3,0.838,1.96,0,Low,2,1,0.95,backtest,demand_forecast_run_20261005T130920538
2025-09-24,S07,P0408,8,1.999,1.514,3.53,0,Low,2,1,0.95,backtest,demand_forecast_run_20261005T130920538
2025-09-24,S07,P0409,0,2.384,1.297,3.03,6,High,2,1,0.95,backtest,demand_forecast_run_20261005T130920538
2025-09-24,S07,P0433,6,0.629,0.772,1.8,0,Low,2,1,0.95,backtest,demand_forecast_run_20261005T130920538
2025-09-24,S07,P0435,8,5.772,2.189,5.11,3,Low,2,1,0.95,backtest,demand_forecast_run_20261005T130920538
2025-09-24,S07,P0445,5,1.026,0.737,1.72,0,Low,2,1,0.95,backtest,demand_forecast_run_20261005T130920538
2025-09-24,S07,P0507,21,8.023,2.854,6.66,0,Low,2,1,0.95,backtest,demand_forecast_run_20261005T130920538
2025-09-24,S07,P0563,13,3.69,1.503,3.51,0,Low,2,1,0.95,backtest,demand_forecast_run_20261005T130920538
2025-09-24,S07,P0579,9,1.49,0.937,2.19,0,Low,2,1,0.95,backtest,demand_forecast_run_20261005T130920538
2025-09-24,S07,P0589,7,2.566,0.897,2.09,0,Low,2,1,0.95,backtest,demand_forecast_run_20261005T130920538
2025-09-24,S08,P0003,20,5.014,1.892,4.42,0,Low,2,1,0.95,backtest,demand_forecast_run_20261005T130920538
2025-09-24,S08,P0022,17,3.708,1.87,4.36,0,Low,2,1,0.95,backtest,demand_forecast_run_20261005T130920538
2025-09-24,S08,P0032,35,15.898,2.459,5.74,0,Low,2,1,0.95,backtest,demand_forecast_run_20261005T130920538
2025-09-24,S08,P0053,7,1.444,1.311,3.06,0,Low,2,1,0.95,backtest,demand_forecast_run_20261005T130920538
2025-09-24,S08,P0073,11,1.047,0.713,1.66,0,Low,2,1,0.95,backtest,demand_forecast_run_20261005T130920538
2025-09-24,S08,P0170,10,2.402,1.101,2.57,0,Low,2,1,0.95,backtest,demand_forecast_run_20261005T130920538
2025-09-24,S08,P0206,19,4.814,1.423,3.32,0,Low,2,1,0.95,backtest,demand_forecast_run_20261005T130920538
2025-09-24,S08,P0213,17,2.717,1.85,4.32,0,Low,2,1,0.95,backtest,demand_forecast_run_20261005T130920538
2025-09-24,S08,P0252,16,7.162,1.893,4.42,0,Low,2,1,0.95,backtest,demand_forecast_run_20261005T130920538
2025-09-24,S08,P0272,9,2.224,0.994,2.32,0,Low,2,1,0.95,backtest,demand_forecast_run_20261005T130920538
2025-09-24,S08,P0288,11,2.312,1.117,2.61,0,Low,2,1,0.95,backtest,demand_forecast_run_20261005T130920538
2025-09-24,S08,P0316,9,1.604,0.838,1.96,0,Low,2,1,0.95,backtest,demand_forecast_run_20261005T130920538
2025-09-24,S08,P0369,23,6.487,2.545,5.94,0,Low,2,1,0.95,backtest,demand_forecast_run_20261005T130920538
2025-09-24,S08,P0381,9,1.701,0.838,1.96,0,Low,2,1,0.95,backtest,demand_forecast_run_20261005T130920538
2025-09-24,S08,P0391,9,4.332,1.942,4.53,0,Low,2,1,0.95,backtest,demand_forecast_run_20261005T130920538
2025-09-24,S08,P0392,10,1.797,1.404,3.28,0,Low,2,1,0.95,backtest,demand_forecast_run_20261005T130920538
2025-09-24,S08,P0408,9,3.154,1.795,4.19,0,Low,2,1,0.95,backtest,demand_forecast_run_20261005T130920538
2025-09-24,S08,P0409,11,2.979,1.663,3.88,0,Low,2,1,0.95,backtest,demand_forecast_run_20261005T130920538
2025-09-24,S08,P0433,7,0.761,0.476,1.11,0,Low,2,1,0.95,backtest,demand_forecast_run_20261005T130920538
2025-09-24,S08,P0435,27,8.207,2.151,5.02,0,Low,2,1,0.95,backtest,demand_forecast_run_20261005T130920538
2025-09-24,S08,P0445,6,1.635,1.289,3.01,0,Low,2,1,0.95,backtest,demand_forecast_run_20261005T130920538
2025-09-24,S08,P0507,43,13.693,2.807,6.55,0,Low,2,1,0.95,backtest,demand_forecast_run_20261005T130920538
2025-09-24,S08,P0563,10,7.326,2.055,4.79,3,Low,2,1,0.95,backtest,demand_forecast_run_20261005T130920538
2025-09-24,S08,P0579,3,1.664,0.772,1.8,1,Medium,2,1,0.95,backtest,demand_forecast_run_20261005T130920538
2025-09-24,S08,P0589,5,3.217,1.931,4.51,3,Medium,2,1,0.95,backtest,demand_forecast_run_20261005T130920538
2025-09-24,S09,P0003,6,4.303,1.607,3.75,3,Low,2,1,0.95,backtest,demand_forecast_run_20261005T130920538
2025-09-24,S09,P0022,8,3.929,1.258,2.93,0,Low,2,1,0.95,backtest,demand_forecast_run_20261005T130920538
2025-09-24,S09,P0032,12,13.064,2.499,5.83,7,High,2,1,0.95,backtest,demand_forecast_run_20261005T130920538
2025-09-24,S09,P0053,8,0.608,0.518,1.21,0,Low,2,1,0.95,backtest,demand_forecast_run_20261005T130920538
2025-09-24,S09,P0073,6,0.459,0.416,0.97,0,Low,2,1,0.95,backtest,demand_forecast_run_20261005T130920538
2025-09-24,S09,P0170,11,2.399,1.031,2.41,0,Low,2,1,0.95,backtest,demand_forecast_run_20261005T130920538
2025-09-24,S09,P0206,8,3.859,1.188,2.77,0,Low,2,1,0.95,backtest,demand_forecast_run_20261005T130920538
2025-09-24,S09,P0213,8,5.372,1.701,3.97,2,Low,2,1,0.95,backtest,demand_forecast_run_20261005T130920538
2025-09-24,S09,P0252,11,6.645,1.969,4.59,1,Low,2,1,0.95,backtest,demand_forecast_run_20261005T130920538
2025-09-24,S09,P0272,5,1.529,0.559,1.3,0,Low,2,1,0.95,backtest,demand_forecast_run_20261005T130920538
2025-09-24,S09,P0288,11,2.803,1.232,2.87,0,Low,2,1,0.95,backtest,demand_forecast_run_20261005T130920538
2025-09-24,S09,P0316,10,2.105,1.062,2.48,0,Low,2,1,0.95,backtest,demand_forecast_run_20261005T130920538
2025-09-24,S09,P0369,18,5.659,1.804,4.21,0,Low,2,1,0.95,backtest,demand_forecast_run_20261005T130920538
2025-09-24,S09,P0381,9,1.376,0.863,2.01,0,Low,2,1,0.95,backtest,demand_forecast_run_20261005T130920538
2025-09-24,S09,P0391,13,3.994,1.66,3.87,0,Low,2,1,0.95,backtest,demand_forecast_run_20261005T130920538
2025-09-24,S09,P0392,3,1.303,1.182,2.76,2,Medium,2,1,0.95,backtest,demand_forecast_run_20261005T130920538
2025-09-24,S09,P0408,12,3.625,1.056,2.46,0,Low,2,1,0.95,backtest,demand_forecast_run_20261005T130920538
2025-09-24,S09,P0409,10,2.45,1.076,2.51,0,Low,2,1,0.95,backtest,demand_forecast_run_20261005T130920538
2025-09-24,S09,P0433,2,0.562,0.39,0.91,0,Medium,2,1,0.95,backtest,demand_forecast_run_20261005T130920538
2025-09-24,S09,P0435,15,6.126,1.969,4.59,0,Low,2,1,0.95,backtest,demand_forecast_run_20261005T130920538
2025-09-24,S09,P0445,11,1.651,0.694,1.62,0,Low,2,1,0.95,backtest,demand_forecast_run_20261005T130920538
2025-09-24,S09,P0507,35,11.677,2.531,5.91,0,Low,2,1,0.95,backtest,demand_forecast_run_20261005T130920538
2025-09-24,S09,P0563,11,5.963,1.729,4.03,0,Low,2,1,0.95,backtest,demand_forecast_run_20261005T130920538
2025-09-24,S09,P0579,12,1.634,1.072,2.5,0,Low,2,1,0.95,backtest,demand_forecast_run_20261005T130920538
2025-09-24,S09,P0589,4,4.422,1.867,4.36,5,High,2,1,0.95,backtest,demand_forecast_run_20261005T130920538
2025-09-24,S10,P0003,5,4.549,2.046,4.77,5,Medium,2,1,0.95,backtest,demand_forecast_run_20261005T130920538
2025-09-24,S10,P0022,15,2.797,1.353,3.16,0,Low,2,1,0.95,backtest,demand_forecast_run_20261005T130920538
2025-09-24,S10,P0032,41,10.71,2.16,5.04,0,Low,2,1,0.95,backtest,demand_forecast_run_20261005T130920538
2025-09-24,S10,P0053,8,1.082,0.92,2.15,0,Low,2,1,0.95,backtest,demand_forecast_run_20261005T130920538
2025-09-24,S10,P0073,7,0.666,0.499,1.16,0,Low,2,1,0.95,backtest,demand_forecast_run_20261005T130920538
2025-09-24,S10,P0170,6,1.424,0.79,1.84,0,Low,2,1,0.95,backtest,demand_forecast_run_20261005T130920538
2025-09-24,S10,P0206,5,3.553,1.071,2.5,2,Medium,2,1,0.95,backtest,demand_forecast_run_20261005T130920538
2025-09-24,S10,P0213,4,2.553,1.166,2.72,2,Medium,2,1,0.95,backtest,demand_forecast_run_20261005T130920538
2025-09-24,S10,P0252,6,5.575,1.585,3.7,4,Medium,2,1,0.95,backtest,demand_forecast_run_20261005T130920538
2025-09-24,S10,P0272,5,1.11,0.826,1.93,0,Low,2,1,0.95,backtest,demand_forecast_run_20261005T130920538
2025-09-24,S10,P0288,10,2.177,1.514,3.53,0,Low,2,1,0.95,backtest,demand_forecast_run_20261005T130920538
2025-09-24,S10,P0316,11,1.316,0.678,1.58,0,Low,2,1,0.95,backtest,demand_forecast_run_20261005T130920538
2025-09-24,S10,P0369,9,4.902,1.548,3.61,0,Low,2,1,0.95,backtest,demand_forecast_run_20261005T130920538
2025-09-24,S10,P0381,7,1.998,1.129,2.63,0,Low,2,1,0.95,backtest,demand_forecast_run_20261005T130920538
2025-09-24,S10,P0391,10,2.976,1.362,3.18,0,Low,2,1,0.95,backtest,demand_forecast_run_20261005T130920538
2025-09-24,S10,P0392,4,0.818,0.476,1.11,0,Low,2,1,0.95,backtest,demand_forecast_run_20261005T130920538
2025-09-24,S10,P0408,9,2.569,0.983,2.29,0,Low,2,1,0.95,backtest,demand_forecast_run_20261005T130920538
2025-09-24,S10,P0409,10,3.546,1.184,2.76,0,Low,2,1,0.95,backtest,demand_forecast_run_20261005T130920538
2025-09-24,S10,P0433,7,0.82,0.518,1.21,0,Low,2,1,0.95,backtest,demand_forecast_run_20261005T130920538
2025-09-24,S10,P0435,13,5.19,2.587,6.04,0,Low,2,1,0.95,backtest,demand_forecast_run_20261005T130920538
2025-09-24,S10,P0445,8,2.238,1.239,2.89,0,Low,2,1,0.95,backtest,demand_forecast_run_20261005T130920538
2025-09-24,S10,P0507,8,9.325,2.426,5.66,7,High,2,1,0.95,backtest,demand_forecast_run_20261005T130920538
2025-09-24,S10,P0563,19,4.108,1.786,4.17,0,Low,2,1,0.95,backtest,demand_forecast_run_20261005T130920538
2025-09-24,S10,P0579,8,1.364,0.621,1.45,0,Low,2,1,0.95,backtest,demand_forecast_run_20261005T130920538
2025-09-24,S10,P0589,12,2.6,1.208,2.82,0,Low,2,1,0.95,backtest,demand_forecast_run_20261005T130920538
2025-09-24,S11,P0003,6,3.557,1.374,3.21,1,Medium,2,1,0.95,backtest,demand_forecast_run_20261005T130920538
2025-09-24,S11,P0022,17,5.613,2.006,4.68,0,Low,2,1,0.95,backtest,demand_forecast_run_20261005T130920538
2025-09-24,S11,P0032,62,15.341,4.011,9.36,0,Low,2,1,0.95,backtest,demand_forecast_run_20261005T130920538
2025-09-24,S11,P0053,6,1.79,1.076,2.51,0,Low,2,1,0.95,backtest,demand_forecast_run_20261005T130920538
2025-09-24,S11,P0073,9,1.276,0.69,1.61,0,Low,2,1,0.95,backtest,demand_forecast_run_20261005T130920538
2025-09-24,S11,P0170,5,1.802,0.826,1.93,0,Low,2,1,0.95,backtest,demand_forecast_run_20261005T130920538
2025-09-24,S11,P0206,21,3.352,1.585,3.7,0,Low,2,1,0.95,backtest,demand_forecast_run_20261005T130920538
2025-09-24,S11,P0213,7,4.732,1.416,3.3,2,Low,2,1,0.95,backtest,demand_forecast_run_20261005T130920538
2025-09-24,S11,P0252,14,7.138,2.264,5.28,0,Low,2,1,0.95,backtest,demand_forecast_run_20261005T130920538
2025-09-24,S11,P0272,10,1.382,0.637,1.49,0,Low,2,1,0.95,backtest,demand_forecast_run_20261005T130920538
2025-09-24,S11,P0288,6,4.03,1.915,4.47,3,Low,2,1,0.95,backtest,demand_forecast_run_20261005T130920538
2025-09-24,S11,P0316,2,3.129,1.018,2.38,4,High,2,1,0.95,backtest,demand_forecast_run_20261005T130920538
2025-09-24,S11,P0369,13,6.667,3.415,7.97,2,Low,2,1,0.95,backtest,demand_forecast_run_20261005T130920538
2025-09-24,S11,P0381,12,2.552,1.268,2.96,0,Low,2,1,0.95,backtest,demand_forecast_run_20261005T130920538
2025-09-24,S11,P0391,11,2.898,1.618,3.78,0,Low,2,1,0.95,backtest,demand_forecast_run_20261005T130920538
2025-09-24,S11,P0392,3,1.318,1.193,2.78,2,Medium,2,1,0.95,backtest,demand_forecast_run_20261005T130920538
2025-09-24,S11,P0408,9,3.145,1.715,4,0,Low,2,1,0.95,backtest,demand_forecast_run_20261005T130920538
2025-09-24,S11,P0409,11,2.316,0.956,2.23,0,Low,2,1,0.95,backtest,demand_forecast_run_20261005T130920538
2025-09-24,S11,P0433,5,1.545,0.962,2.24,0,Low,2,1,0.95,backtest,demand_forecast_run_20261005T130920538
2025-09-24,S11,P0435,8,7.469,2.813,6.56,7,Medium,2,1,0.95,backtest,demand_forecast_run_20261005T130920538
2025-09-24,S11,P0445,12,2.107,1.325,3.09,0,Low,2,1,0.95,backtest,demand_forecast_run_20261005T130920538
2025-09-24,S11,P0507,47,12.729,2.982,6.96,0,Low,2,1,0.95,backtest,demand_forecast_run_20261005T130920538
2025-09-24,S11,P0563,16,6.487,2.79,6.51,0,Low,2,1,0.95,backtest,demand_forecast_run_20261005T130920538
2025-09-24,S11,P0579,4,1.634,0.836,1.95,0,Low,2,1,0.95,backtest,demand_forecast_run_20261005T130920538
2025-09-24,S11,P0589,11,3.557,1.201,2.8,0,Low,2,1,0.95,backtest,demand_forecast_run_20261005T130920538
2025-09-24,S12,P0003,13,3.452,1.249,2.91,0,Low,2,1,0.95,backtest,demand_forecast_run_20261005T130920538
2025-09-24,S12,P0022,16,3.724,1.478,3.45,0,Low,2,1,0.95,backtest,demand_forecast_run_20261005T130920538
2025-09-24,S12,P0032,27,15.363,6.002,14.01,3,Low,2,1,0.95,backtest,demand_forecast_run_20261005T130920538
2025-09-24,S12,P0053,6,1.644,1.323,3.09,0,Low,2,1,0.95,backtest,demand_forecast_run_20261005T130920538
2025-09-24,S12,P0073,9,0.835,0.518,1.21,0,Low,2,1,0.95,backtest,demand_forecast_run_20261005T130920538
2025-09-24,S12,P0170,7,1.529,1.219,2.84,0,Low,2,1,0.95,backtest,demand_forecast_run_20261005T130920538
2025-09-24,S12,P0206,6,4.062,2.043,4.77,3,Medium,2,1,0.95,backtest,demand_forecast_run_20261005T130920538
2025-09-24,S12,P0213,4,2.958,1.303,3.04,2,Medium,2,1,0.95,backtest,demand_forecast_run_20261005T130920538
2025-09-24,S12,P0252,15,4.124,1.621,3.78,0,Low,2,1,0.95,backtest,demand_forecast_run_20261005T130920538
2025-09-24,S12,P0272,13,2.266,1.02,2.38,0,Low,2,1,0.95,backtest,demand_forecast_run_20261005T130920538
2025-09-24,S12,P0288,9,2.408,1.219,2.84,0,Low,2,1,0.95,backtest,demand_forecast_run_20261005T130920538
2025-09-24,S12,P0316,7,2.112,1.274,2.97,0,Low,2,1,0.95,backtest,demand_forecast_run_20261005T130920538
2025-09-24,S12,P0369,12,7.488,2.663,6.21,2,Low,2,1,0.95,backtest,demand_forecast_run_20261005T130920538
2025-09-24,S12,P0381,7,2.505,1.351,3.15,0,Low,2,1,0.95,backtest,demand_forecast_run_20261005T130920538
2025-09-24,S12,P0391,5,2.662,1.287,3,1,Medium,2,1,0.95,backtest,demand_forecast_run_20261005T130920538
2025-09-24,S12,P0392,3,1.187,1.069,2.49,1,Medium,2,1,0.95,backtest,demand_forecast_run_20261005T130920538
2025-09-24,S12,P0408,0,2.018,1.175,2.74,5,High,2,1,0.95,backtest,demand_forecast_run_20261005T130920538
2025-09-24,S12,P0409,9,2.19,1.274,2.97,0,Low,2,1,0.95,backtest,demand_forecast_run_20261005T130920538
2025-09-24,S12,P0433,3,0.718,0.659,1.54,0,Low,2,1,0.95,backtest,demand_forecast_run_20261005T130920538
2025-09-24,S12,P0435,18,4.606,1.687,3.94,0,Low,2,1,0.95,backtest,demand_forecast_run_20261005T130920538
2025-09-24,S12,P0445,7,0.982,0.737,1.72,0,Low,2,1,0.95,backtest,demand_forecast_run_20261005T130920538
2025-09-24,S12,P0507,45,8.835,3.037,7.09,0,Low,2,1,0.95,backtest,demand_forecast_run_20261005T130920538
2025-09-24,S12,P0563,13,3.697,1.257,2.93,0,Low,2,1,0.95,backtest,demand_forecast_run_20261005T130920538
2025-09-24,S12,P0579,6,1.022,0.839,1.96,0,Low,2,1,0.95,backtest,demand_forecast_run_20261005T130920538
2025-09-24,S12,P0589,8,2.301,1.101,2.57,0,Low,2,1,0.95,backtest,demand_forecast_run_20261005T130920538
2025-09-25,S01,P0003,6,3.867,1.545,3.6,2,Medium,2,1,0.95,backtest,demand_forecast_run_20261005T130920538
2025-09-25,S01,P0022,10,2.445,1.303,3.04,0,Low,2,1,0.95,backtest,demand_forecast_run_20261005T130920538
2025-09-25,S01,P0032,21,11.499,2.987,6.97,0,Low,2,1,0.95,backtest,demand_forecast_run_20261005T130920538
2025-09-25,S01,P0053,0,1.364,0.922,2.15,4,High,2,1,0.95,backtest,demand_forecast_run_20261005T130920538
2025-09-25,S01,P0073,4,0.874,0.535,1.25,0,Low,2,1,0.95,backtest,demand_forecast_run_20261005T130920538
2025-09-25,S01,P0170,12,1.344,0.882,2.06,0,Low,2,1,0.95,backtest,demand_forecast_run_20261005T130920538
2025-09-25,S01,P0206,12,3.409,0.9,2.1,0,Low,2,1,0.95,backtest,demand_forecast_run_20261005T130920538
2025-09-25,S01,P0213,13,2.615,1.17,2.73,0,Low,2,1,0.95,backtest,demand_forecast_run_20261005T130920538
2025-09-25,S01,P0252,18,5.22,1.802,4.21,0,Low,2,1,0.95,backtest,demand_forecast_run_20261005T130920538
2025-09-25,S01,P0272,3,1.966,0.951,2.22,2,Medium,2,1,0.95,backtest,demand_forecast_run_20261005T130920538
2025-09-25,S01,P0288,4,1.895,0.962,2.24,1,Medium,2,1,0.95,backtest,demand_forecast_run_20261005T130920538
2025-09-25,S01,P0316,4,0.787,0.418,0.98,0,Low,2,1,0.95,backtest,demand_forecast_run_20261005T130920538
2025-09-25,S01,P0369,12,4.832,1.353,3.16,0,Low,2,1,0.95,backtest,demand_forecast_run_20261005T130920538
2025-09-25,S01,P0381,2,2.184,1.084,2.53,3,High,2,1,0.95,backtest,demand_forecast_run_20261005T130920538
2025-09-25,S01,P0391,9,4.616,1.933,4.51,1,Low,2,1,0.95,backtest,demand_forecast_run_20261005T130920538
2025-09-25,S01,P0392,5,1.205,0.875,2.04,0,Low,2,1,0.95,backtest,demand_forecast_run_20261005T130920538
2025-09-25,S01,P0408,0,2.207,1.031,2.41,5,High,2,1,0.95,backtest,demand_forecast_run_20261005T130920538
2025-09-25,S01,P0409,12,1.922,1.245,2.91,0,Low,2,1,0.95,backtest,demand_forecast_run_20261005T130920538
2025-09-25,S01,P0433,5,0.982,0.836,1.95,0,Low,2,1,0.95,backtest,demand_forecast_run_20261005T130920538
2025-09-25,S01,P0435,19,6.82,1.844,4.3,0,Low,2,1,0.95,backtest,demand_forecast_run_20261005T130920538
2025-09-25,S01,P0445,9,1.21,0.838,1.96,0,Low,2,1,0.95,backtest,demand_forecast_run_20261005T130920538
2025-09-25,S01,P0507,14,10.422,1.805,4.21,1,Medium,2,1,0.95,backtest,demand_forecast_run_20261005T130920538
2025-09-25,S01,P0563,16,5.461,1.572,3.67,0,Low,2,1,0.95,backtest,demand_forecast_run_20261005T130920538
2025-09-25,S01,P0579,8,1.552,1.005,2.34,0,Low,2,1,0.95,backtest,demand_forecast_run_20261005T130920538
2025-09-25,S01,P0589,11,2.951,1.401,3.27,0,Low,2,1,0.95,backtest,demand_forecast_run_20261005T130920538
2025-09-25,S02,P0003,19,3.505,1.367,3.19,0,Low,2,1,0.95,backtest,demand_forecast_run_20261005T130920538
2025-09-25,S02,P0022,8,4.136,1.578,3.68,0,Low,2,1,0.95,backtest,demand_forecast_run_20261005T130920538
2025-09-25,S02,P0032,40,10.182,1.843,4.3,0,Low,2,1,0.95,backtest,demand_forecast_run_20261005T130920538
2025-09-25,S02,P0053,9,0.847,0.819,1.91,0,Low,2,1,0.95,backtest,demand_forecast_run_20261005T130920538
2025-09-25,S02,P0073,5,1.466,0.79,1.84,0,Low,2,1,0.95,backtest,demand_forecast_run_20261005T130920538
2025-09-25,S02,P0170,7,1.605,1.168,2.73,0,Low,2,1,0.95,backtest,demand_forecast_run_20261005T130920538
2025-09-25,S02,P0206,16,4.922,1.378,3.21,0,Low,2,1,0.95,backtest,demand_forecast_run_20261005T130920538
2025-09-25,S02,P0213,14,3.138,1.414,3.3,0,Low,2,1,0.95,backtest,demand_forecast_run_20261005T130920538
2025-09-25,S02,P0252,7,6.133,1.634,3.81,3,Medium,2,1,0.95,backtest,demand_forecast_run_20261005T130920538
2025-09-25,S02,P0272,9,2.565,1.295,3.02,0,Low,2,1,0.95,backtest,demand_forecast_run_20261005T130920538
2025-09-25,S02,P0288,7,3.124,0.995,2.32,0,Low,2,1,0.95,backtest,demand_forecast_run_20261005T130920538
2025-09-25,S02,P0316,0,1.828,0.793,1.85,4,High,2,1,0.95,backtest,demand_forecast_run_20261005T130920538
2025-09-25,S02,P0369,13,4.282,0.967,2.26,0,Low,2,1,0.95,backtest,demand_forecast_run_20261005T130920538
2025-09-25,S02,P0381,10,1.588,1.17,2.73,0,Low,2,1,0.95,backtest,demand_forecast_run_20261005T130920538
2025-09-25,S02,P0391,15,4.798,1.679,3.92,0,Low,2,1,0.95,backtest,demand_forecast_run_20261005T130920538
2025-09-25,S02,P0392,5,1.502,1.134,2.65,0,Low,2,1,0.95,backtest,demand_forecast_run_20261005T130920538
2025-09-25,S02,P0408,6,2.674,0.951,2.22,0,Low,2,1,0.95,backtest,demand_forecast_run_20261005T130920538
2025-09-25,S02,P0409,14,3.276,1.339,3.13,0,Low,2,1,0.95,backtest,demand_forecast_run_20261005T130920538
2025-09-25,S02,P0433,5,0.647,0.568,1.33,0,Low,2,1,0.95,backtest,demand_forecast_run_20261005T130920538
2025-09-25,S02,P0435,21,8.093,1.666,3.89,0,Low,2,1,0.95,backtest,demand_forecast_run_20261005T130920538
2025-09-25,S02,P0445,3,1.53,1.224,2.86,2,Medium,2,1,0.95,backtest,demand_forecast_run_20261005T130920538
2025-09-25,S02,P0507,36,10.454,2.362,5.51,0,Low,2,1,0.95,backtest,demand_forecast_run_20261005T130920538
2025-09-25,S02,P0563,5,4.275,1.555,3.63,3,Medium,2,1,0.95,backtest,demand_forecast_run_20261005T130920538
2025-09-25,S02,P0579,7,1.466,1.166,2.72,0,Low,2,1,0.95,backtest,demand_forecast_run_20261005T130920538
2025-09-25,S02,P0589,1,2.286,1.331,3.11,5,High,2,1,0.95,backtest,demand_forecast_run_20261005T130920538
2025-09-25,S03,P0003,14,2.792,1.433,3.34,0,Low,2,1,0.95,backtest,demand_forecast_run_20261005T130920538
2025-09-25,S03,P0022,5,2.174,1.208,2.82,0,Medium,2,1,0.95,backtest,demand_forecast_run_20261005T130920538
2025-09-25,S03,P0032,42,10.733,2.278,5.32,0,Low,2,1,0.95,backtest,demand_forecast_run_20261005T130920538
2025-09-25,S03,P0053,9,1.251,0.793,1.85,0,Low,2,1,0.95,backtest,demand_forecast_run_20261005T130920538
2025-09-25,S03,P0073,7,1.219,0.548,1.28,0,Low,2,1,0.95,backtest,demand_forecast_run_20261005T130920538
2025-09-25,S03,P0170,8,3.17,1.005,2.34,0,Low,2,1,0.95,backtest,demand_forecast_run_20261005T130920538
2025-09-25,S03,P0206,0,3.744,1.343,3.13,7,High,2,1,0.95,backtest,demand_forecast_run_20261005T130920538
2025-09-25,S03,P0213,11,2.235,1.152,2.69,0,Low,2,1,0.95,backtest,demand_forecast_run_20261005T130920538
2025-09-25,S03,P0252,17,5.996,2.168,5.06,0,Low,2,1,0.95,backtest,demand_forecast_run_20261005T130920538
2025-09-25,S03,P0272,3,1.625,0.836,1.95,1,Medium,2,1,0.95,backtest,demand_forecast_run_20261005T130920538
2025-09-25,S03,P0288,7,1.739,0.832,1.94,0,Low,2,1,0.95,backtest,demand_forecast_run_20261005T130920538
2025-09-25,S03,P0316,6,1.57,0.881,2.06,0,Low,2,1,0.95,backtest,demand_forecast_run_20261005T130920538
2025-09-25,S03,P0369,8,4.11,1.317,3.07,0,Medium,2,1,0.95,backtest,demand_forecast_run_20261005T130920538
2025-09-25,S03,P0381,4,1.354,0.621,1.45,0,Low,2,1,0.95,backtest,demand_forecast_run_20261005T130920538
2025-09-25,S03,P0391,16,3.753,1.988,4.64,0,Low,2,1,0.95,backtest,demand_forecast_run_20261005T130920538
2025-09-25,S03,P0392,9,0.774,0.559,1.3,0,Low,2,1,0.95,backtest,demand_forecast_run_20261005T130920538
2025-09-25,S03,P0408,7,2.189,1.09,2.54,0,Low,2,1,0.95,backtest,demand_forecast_run_20261005T130920538
2025-09-25,S03,P0409,6,2.071,0.956,2.23,0,Low,2,1,0.95,backtest,demand_forecast_run_20261005T130920538
2025-09-25,S03,P0433,2,0,0,0,0,Medium,2,1,0.95,backtest,demand_forecast_run_20261005T130920538
2025-09-25,S03,P0435,10,5.85,1.219,2.84,0,Low,2,1,0.95,backtest,demand_forecast_run_20261005T130920538
2025-09-25,S03,P0445,10,0.675,0.659,1.54,0,Low,2,1,0.95,backtest,demand_forecast_run_20261005T130920538
2025-09-25,S03,P0507,6,10.297,2.947,6.88,12,High,2,1,0.95,backtest,demand_forecast_run_20261005T130920538
2025-09-25,S03,P0563,19,4.198,1.227,2.86,0,Low,2,1,0.95,backtest,demand_forecast_run_20261005T130920538
2025-09-25,S03,P0579,5,1.74,1.323,3.09,0,Low,2,1,0.95,backtest,demand_forecast_run_20261005T130920538
2025-09-25,S03,P0589,12,2.966,1.315,3.07,0,Low,2,1,0.95,backtest,demand_forecast_run_20261005T130920538
2025-09-25,S04,P0003,16,3.516,1.967,4.59,0,Low,2,1,0.95,backtest,demand_forecast_run_20261005T130920538
2025-09-25,S04,P0022,10,2.497,1.257,2.93,0,Low,2,1,0.95,backtest,demand_forecast_run_20261005T130920538
2025-09-25,S04,P0032,37,9.126,2.644,6.17,0,Low,2,1,0.95,backtest,demand_forecast_run_20261005T130920538
2025-09-25,S04,P0053,4,0.667,0.659,1.54,0,Low,2,1,0.95,backtest,demand_forecast_run_20261005T130920538
2025-09-25,S04,P0073,4,1.911,0.786,1.83,0,Low,2,1,0.95,backtest,demand_forecast_run_20261005T130920538
2025-09-25,S04,P0170,5,1.916,1.026,2.39,0,Low,2,1,0.95,backtest,demand_forecast_run_20261005T130920538
2025-09-25,S04,P0206,15,4.702,1.592,3.71,0,Low,2,1,0.95,backtest,demand_forecast_run_20261005T130920538
2025-09-25,S04,P0213,7,2.08,1.156,2.7,0,Low,2,1,0.95,backtest,demand_forecast_run_20261005T130920538
2025-09-25,S04,P0252,10,3.945,1.201,2.8,0,Low,2,1,0.95,backtest,demand_forecast_run_20261005T130920538
2025-09-25,S04,P0272,5,2.605,0.881,2.06,0,Low,2,1,0.95,backtest,demand_forecast_run_20261005T130920538
2025-09-25,S04,P0288,8,1.932,0.826,1.93,0,Low,2,1,0.95,backtest,demand_forecast_run_20261005T130920538
2025-09-25,S04,P0316,6,0.742,0.568,1.33,0,Low,2,1,0.95,backtest,demand_forecast_run_20261005T130920538
2025-09-25,S04,P0369,7,3.949,1.315,3.07,1,Low,2,1,0.95,backtest,demand_forecast_run_20261005T130920538
2025-09-25,S04,P0381,3,2.084,0.92,2.15,2,Medium,2,1,0.95,backtest,demand_forecast_run_20261005T130920538
2025-09-25,S04,P0391,6,2.25,1.071,2.5,0,Low,2,1,0.95,backtest,demand_forecast_run_20261005T130920538
2025-09-25,S04,P0392,6,1.324,0.838,1.96,0,Low,2,1,0.95,backtest,demand_forecast_run_20261005T130920538
2025-09-25,S04,P0408,12,1.918,0.819,1.91,0,Low,2,1,0.95,backtest,demand_forecast_run_20261005T130920538
2025-09-25,S04,P0409,4,2.068,1.557,3.63,2,Medium,2,1,0.95,backtest,demand_forecast_run_20261005T130920538
2025-09-25,S04,P0433,6,0.373,0.448,1.05,0,Low,2,1,0.95,backtest,demand_forecast_run_20261005T130920538
2025-09-25,S04,P0435,15,5.046,2.038,4.75,0,Low,2,1,0.95,backtest,demand_forecast_run_20261005T130920538
2025-09-25,S04,P0445,9,1.881,1.026,2.39,0,Low,2,1,0.95,backtest,demand_forecast_run_20261005T130920538
2025-09-25,S04,P0507,31,7.837,1.679,3.92,0,Low,2,1,0.95,backtest,demand_forecast_run_20261005T130920538
2025-09-25,S04,P0563,11,2.084,0.69,1.61,0,Low,2,1,0.95,backtest,demand_forecast_run_20261005T130920538
2025-09-25,S04,P0579,5,0.646,0.87,2.03,0,Low,2,1,0.95,backtest,demand_forecast_run_20261005T130920538
2025-09-25,S04,P0589,14,1.48,0.879,2.05,0,Low,2,1,0.95,backtest,demand_forecast_run_20261005T130920538
2025-09-25,S05,P0003,5,1.987,1.397,3.26,1,Low,2,1,0.95,backtest,demand_forecast_run_20261005T130920538
2025-09-25,S05,P0022,12,2.463,1.049,2.45,0,Low,2,1,0.95,backtest,demand_forecast_run_20261005T130920538
2025-09-25,S05,P0032,22,7.593,2.238,5.22,0,Low,2,1,0.95,backtest,demand_forecast_run_20261005T130920538
2025-09-25,S05,P0053,6,0.885,0.922,2.15,0,Low,2,1,0.95,backtest,demand_forecast_run_20261005T130920538
2025-09-25,S05,P0073,8,0.572,0.499,1.16,0,Low,2,1,0.95,backtest,demand_forecast_run_20261005T130920538
2025-09-25,S05,P0170,4,1.262,0.838,1.96,0,Low,2,1,0.95,backtest,demand_forecast_run_20261005T130920538
2025-09-25,S05,P0206,5,4.104,1.548,3.61,3,Low,2,1,0.95,backtest,demand_forecast_run_20261005T130920538
2025-09-25,S05,P0213,7,1.612,0.983,2.29,0,Low,2,1,0.95,backtest,demand_forecast_run_20261005T130920538
2025-09-25,S05,P0252,7,4.442,1.438,3.36,1,Low,2,1,0.95,backtest,demand_forecast_run_20261005T130920538
2025-09-25,S05,P0272,8,1.62,0.916,2.14,0,Low,2,1,0.95,backtest,demand_forecast_run_20261005T130920538
2025-09-25,S05,P0288,9,2.236,1.166,2.72,0,Low,2,1,0.95,backtest,demand_forecast_run_20261005T130920538
2025-09-25,S05,P0316,9,1.449,0.92,2.15,0,Low,2,1,0.95,backtest,demand_forecast_run_20261005T130920538
2025-09-25,S05,P0369,19,3.665,1.492,3.48,0,Low,2,1,0.95,backtest,demand_forecast_run_20261005T130920538
2025-09-25,S05,P0381,7,1.81,0.983,2.29,0,Low,2,1,0.95,backtest,demand_forecast_run_20261005T130920538
2025-09-25,S05,P0391,14,2.86,1.401,3.27,0,Low,2,1,0.95,backtest,demand_forecast_run_20261005T130920538
2025-09-25,S05,P0392,2,0.501,0.476,1.11,0,Medium,2,1,0.95,backtest,demand_forecast_run_20261005T130920538
2025-09-25,S05,P0408,4,1.116,0.905,2.11,0,Low,2,1,0.95,backtest,demand_forecast_run_20261005T130920538
2025-09-25,S05,P0409,5,1.721,1.09,2.54,0,Low,2,1,0.95,backtest,demand_forecast_run_20261005T130920538
2025-09-25,S05,P0433,2,0.419,0.448,1.05,0,Medium,2,1,0.95,backtest,demand_forecast_run_20261005T130920538
2025-09-25,S05,P0435,12,3.964,1.548,3.61,0,Low,2,1,0.95,backtest,demand_forecast_run_20261005T130920538
2025-09-25,S05,P0445,9,0.641,0.568,1.33,0,Low,2,1,0.95,backtest,demand_forecast_run_20261005T130920538
2025-09-25,S05,P0507,15,7.582,2.457,5.73,0,Low,2,1,0.95,backtest,demand_forecast_run_20261005T130920538
2025-09-25,S05,P0563,14,2.954,1.812,4.23,0,Low,2,1,0.95,backtest,demand_forecast_run_20261005T130920538
2025-09-25,S05,P0579,6,0.906,0.78,1.82,0,Low,2,1,0.95,backtest,demand_forecast_run_20261005T130920538
2025-09-25,S05,P0589,7,2.226,1.491,3.48,0,Low,2,1,0.95,backtest,demand_forecast_run_20261005T130920538
2025-09-25,S06,P0003,17,4.162,1.621,3.78,0,Low,2,1,0.95,backtest,demand_forecast_run_20261005T130920538
2025-09-25,S06,P0022,13,3.436,1.287,3,0,Low,2,1,0.95,backtest,demand_forecast_run_20261005T130920538
2025-09-25,S06,P0032,41,14.9,3.035,7.08,0,Low,2,1,0.95,backtest,demand_forecast_run_20261005T130920538
2025-09-25,S06,P0053,6,1.94,0.983,2.29,0,Low,2,1,0.95,backtest,demand_forecast_run_20261005T130920538
2025-09-25,S06,P0073,14,2.848,0.956,2.23,0,Low,2,1,0.95,backtest,demand_forecast_run_20261005T130920538
2025-09-25,S06,P0170,13,2.076,1.249,2.91,0,Low,2,1,0.95,backtest,demand_forecast_run_20261005T130920538
2025-09-25,S06,P0206,18,7.634,1.731,4.04,0,Low,2,1,0.95,backtest,demand_forecast_run_20261005T130920538
2025-09-25,S06,P0213,8,4.815,1.688,3.94,1,Low,2,1,0.95,backtest,demand_forecast_run_20261005T130920538
2025-09-25,S06,P0252,20,6.978,1.786,4.17,0,Low,2,1,0.95,backtest,demand_forecast_run_20261005T130920538
2025-09-25,S06,P0272,6,2.513,0.838,1.96,0,Low,2,1,0.95,backtest,demand_forecast_run_20261005T130920538
2025-09-25,S06,P0288,4,2.218,0.994,2.32,1,Medium,2,1,0.95,backtest,demand_forecast_run_20261005T130920538
2025-09-25,S06,P0316,7,3.626,1.188,2.77,0,Low,2,1,0.95,backtest,demand_forecast_run_20261005T130920538
2025-09-25,S06,P0369,31,6.389,1.627,3.8,0,Low,2,1,0.95,backtest,demand_forecast_run_20261005T130920538
2025-09-25,S06,P0381,6,4.524,1.621,3.78,3,Low,2,1,0.95,backtest,demand_forecast_run_20261005T130920538
2025-09-25,S06,P0391,13,4.187,1.666,3.89,0,Low,2,1,0.95,backtest,demand_forecast_run_20261005T130920538
2025-09-25,S06,P0392,11,2.252,1.026,2.39,0,Low,2,1,0.95,backtest,demand_forecast_run_20261005T130920538
2025-09-25,S06,P0408,12,4.269,0.97,2.26,0,Low,2,1,0.95,backtest,demand_forecast_run_20261005T130920538
2025-09-25,S06,P0409,8,2.829,1.17,2.73,0,Low,2,1,0.95,backtest,demand_forecast_run_20261005T130920538
2025-09-25,S06,P0433,6,1.119,0.535,1.25,0,Low,2,1,0.95,backtest,demand_forecast_run_20261005T130920538
2025-09-25,S06,P0435,20,9.274,1.545,3.6,0,Low,2,1,0.95,backtest,demand_forecast_run_20261005T130920538
2025-09-25,S06,P0445,0,2.079,1.096,2.56,5,High,2,1,0.95,backtest,demand_forecast_run_20261005T130920538
2025-09-25,S06,P0507,49,12.704,2.801,6.54,0,Low,2,1,0.95,backtest,demand_forecast_run_20261005T130920538
2025-09-25,S06,P0563,11,4.859,0.999,2.33,0,Low,2,1,0.95,backtest,demand_forecast_run_20261005T130920538
2025-09-25,S06,P0579,12,2.927,1.562,3.64,0,Low,2,1,0.95,backtest,demand_forecast_run_20261005T130920538
2025-09-25,S06,P0589,19,4.06,1.476,3.45,0,Low,2,1,0.95,backtest,demand_forecast_run_20261005T130920538
2025-09-25,S07,P0003,7,3.225,1.133,2.64,0,Low,2,1,0.95,backtest,demand_forecast_run_20261005T130920538
2025-09-25,S07,P0022,12,3.298,1.557,3.63,0,Low,2,1,0.95,backtest,demand_forecast_run_20261005T130920538
2025-09-25,S07,P0032,34,11.23,2.435,5.68,0,Low,2,1,0.95,backtest,demand_forecast_run_20261005T130920538
2025-09-25,S07,P0053,0,1.138,0.832,1.94,4,High,2,1,0.95,backtest,demand_forecast_run_20261005T130920538
2025-09-25,S07,P0073,6,1.003,0.731,1.71,0,Low,2,1,0.95,backtest,demand_forecast_run_20261005T130920538
2025-09-25,S07,P0170,5,1.466,0.742,1.73,0,Low,2,1,0.95,backtest,demand_forecast_run_20261005T130920538
2025-09-25,S07,P0206,12,5.142,1.773,4.14,0,Low,2,1,0.95,backtest,demand_forecast_run_20261005T130920538
2025-09-25,S07,P0213,1,2.552,1.054,2.46,5,High,2,1,0.95,backtest,demand_forecast_run_20261005T130920538
2025-09-25,S07,P0252,14,4.116,1.679,3.92,0,Low,2,1,0.95,backtest,demand_forecast_run_20261005T130920538
2025-09-25,S07,P0272,6,1.604,0.997,2.33,0,Low,2,1,0.95,backtest,demand_forecast_run_20261005T130920538
2025-09-25,S07,P0288,8,1.841,0.956,2.23,0,Low,2,1,0.95,backtest,demand_forecast_run_20261005T130920538
2025-09-25,S07,P0316,5,0.818,0.518,1.21,0,Low,2,1,0.95,backtest,demand_forecast_run_20261005T130920538
2025-09-25,S07,P0369,20,5.696,1.816,4.24,0,Low,2,1,0.95,backtest,demand_forecast_run_20261005T130920538
2025-09-25,S07,P0381,9,1.003,0.559,1.3,0,Low,2,1,0.95,backtest,demand_forecast_run_20261005T130920538
2025-09-25,S07,P0391,11,3.012,2.079,4.85,0,Low,2,1,0.95,backtest,demand_forecast_run_20261005T130920538
2025-09-25,S07,P0392,9,1.409,0.838,1.96,0,Low,2,1,0.95,backtest,demand_forecast_run_20261005T130920538
2025-09-25,S07,P0408,8,1.974,1.514,3.53,0,Low,2,1,0.95,backtest,demand_forecast_run_20261005T130920538
2025-09-25,S07,P0409,9,2.625,1.323,3.09,0,Low,2,1,0.95,backtest,demand_forecast_run_20261005T130920538
2025-09-25,S07,P0433,5,0.727,0.78,1.82,0,Low,2,1,0.95,backtest,demand_forecast_run_20261005T130920538
2025-09-25,S07,P0435,8,6.281,2.227,5.2,4,Low,2,1,0.95,backtest,demand_forecast_run_20261005T130920538
2025-09-25,S07,P0445,5,1.102,0.737,1.72,0,Low,2,1,0.95,backtest,demand_forecast_run_20261005T130920538
2025-09-25,S07,P0507,21,8.415,2.906,6.78,0,Low,2,1,0.95,backtest,demand_forecast_run_20261005T130920538
2025-09-25,S07,P0563,13,4.111,1.503,3.51,0,Low,2,1,0.95,backtest,demand_forecast_run_20261005T130920538
2025-09-25,S07,P0579,9,1.5,0.937,2.19,0,Low,2,1,0.95,backtest,demand_forecast_run_20261005T130920538
2025-09-25,S07,P0589,7,2.58,0.897,2.09,0,Low,2,1,0.95,backtest,demand_forecast_run_20261005T130920538
2025-09-25,S08,P0003,16,5.059,1.895,4.42,0,Low,2,1,0.95,backtest,demand_forecast_run_20261005T130920538
2025-09-25,S08,P0022,15,3.72,1.517,3.54,0,Low,2,1,0.95,backtest,demand_forecast_run_20261005T130920538
2025-09-25,S08,P0032,23,14.739,2.848,6.65,0,Low,2,1,0.95,backtest,demand_forecast_run_20261005T130920538
2025-09-25,S08,P0053,7,1.53,1.311,3.06,0,Low,2,1,0.95,backtest,demand_forecast_run_20261005T130920538
2025-09-25,S08,P0073,11,1.11,0.713,1.66,0,Low,2,1,0.95,backtest,demand_forecast_run_20261005T130920538
2025-09-25,S08,P0170,9,2.42,1.09,2.54,0,Low,2,1,0.95,backtest,demand_forecast_run_20261005T130920538
2025-09-25,S08,P0206,14,5.743,1.575,3.67,0,Low,2,1,0.95,backtest,demand_forecast_run_20261005T130920538
2025-09-25,S08,P0213,16,2.867,1.85,4.32,0,Low,2,1,0.95,backtest,demand_forecast_run_20261005T130920538
2025-09-25,S08,P0252,13,7.186,1.654,3.86,0,Low,2,1,0.95,backtest,demand_forecast_run_20261005T130920538
2025-09-25,S08,P0272,9,2.359,0.994,2.32,0,Low,2,1,0.95,backtest,demand_forecast_run_20261005T130920538
2025-09-25,S08,P0288,11,2.75,1.117,2.61,0,Low,2,1,0.95,backtest,demand_forecast_run_20261005T130920538
2025-09-25,S08,P0316,9,1.736,0.838,1.96,0,Low,2,1,0.95,backtest,demand_forecast_run_20261005T130920538
2025-09-25,S08,P0369,21,6.443,2.546,5.94,0,Low,2,1,0.95,backtest,demand_forecast_run_20261005T130920538
2025-09-25,S08,P0381,8,1.665,0.79,1.84,0,Low,2,1,0.95,backtest,demand_forecast_run_20261005T130920538
2025-09-25,S08,P0391,7,4.336,1.847,4.31,2,Low,2,1,0.95,backtest,demand_forecast_run_20261005T130920538
2025-09-25,S08,P0392,9,2.01,1.397,3.26,0,Low,2,1,0.95,backtest,demand_forecast_run_20261005T130920538
2025-09-25,S08,P0408,5,3.915,1.792,4.18,4,Low,2,1,0.95,backtest,demand_forecast_run_20261005T130920538
2025-09-25,S08,P0409,11,2.803,1.641,3.83,0,Low,2,1,0.95,backtest,demand_forecast_run_20261005T130920538
2025-09-25,S08,P0433,7,0.81,0.476,1.11,0,Low,2,1,0.95,backtest,demand_forecast_run_20261005T130920538
2025-09-25,S08,P0435,23,9.488,2.063,4.82,0,Low,2,1,0.95,backtest,demand_forecast_run_20261005T130920538
2025-09-25,S08,P0445,6,1.473,1.289,3.01,0,Low,2,1,0.95,backtest,demand_forecast_run_20261005T130920538
2025-09-25,S08,P0507,27,13.259,3.514,8.2,0,Low,2,1,0.95,backtest,demand_forecast_run_20261005T130920538
2025-09-25,S08,P0563,8,7.91,2.045,4.77,5,Medium,2,1,0.95,backtest,demand_forecast_run_20261005T130920538
2025-09-25,S08,P0579,9,1.718,0.772,1.8,0,Low,2,1,0.95,backtest,demand_forecast_run_20261005T130920538
2025-09-25,S08,P0589,3,2.485,1.414,3.3,3,Medium,2,1,0.95,backtest,demand_forecast_run_20261005T130920538
2025-09-25,S09,P0003,5,4.267,1.602,3.74,4,Medium,2,1,0.95,backtest,demand_forecast_run_20261005T130920538
2025-09-25,S09,P0022,6,3.968,1.145,2.67,1,Medium,2,1,0.95,backtest,demand_forecast_run_20261005T130920538
2025-09-25,S09,P0032,50,13.234,2.442,5.7,0,Low,2,1,0.95,backtest,demand_forecast_run_20261005T130920538
2025-09-25,S09,P0053,6,0.776,0.6,1.4,0,Low,2,1,0.95,backtest,demand_forecast_run_20261005T130920538
2025-09-25,S09,P0073,6,0.539,0.416,0.97,0,Low,2,1,0.95,backtest,demand_forecast_run_20261005T130920538
2025-09-25,S09,P0170,10,2.475,0.937,2.19,0,Low,2,1,0.95,backtest,demand_forecast_run_20261005T130920538
2025-09-25,S09,P0206,5,4.633,1.188,2.77,3,Medium,2,1,0.95,backtest,demand_forecast_run_20261005T130920538
2025-09-25,S09,P0213,6,5.516,1.442,3.36,3,Low,2,1,0.95,backtest,demand_forecast_run_20261005T130920538
2025-09-25,S09,P0252,9,7.289,1.873,4.37,3,Low,2,1,0.95,backtest,demand_forecast_run_20261005T130920538
2025-09-25,S09,P0272,6,1.616,0.476,1.11,0,Low,2,1,0.95,backtest,demand_forecast_run_20261005T130920538
2025-09-25,S09,P0288,11,3.422,1.245,2.91,0,Low,2,1,0.95,backtest,demand_forecast_run_20261005T130920538
2025-09-25,S09,P0316,10,2.246,1.034,2.41,0,Low,2,1,0.95,backtest,demand_forecast_run_20261005T130920538
2025-09-25,S09,P0369,12,6.354,1.634,3.81,0,Low,2,1,0.95,backtest,demand_forecast_run_20261005T130920538
2025-09-25,S09,P0381,8,1.796,0.87,2.03,0,Low,2,1,0.95,backtest,demand_forecast_run_20261005T130920538
2025-09-25,S09,P0391,11,4.46,1.66,3.87,0,Low,2,1,0.95,backtest,demand_forecast_run_20261005T130920538
2025-09-25,S09,P0392,10,1.396,1.182,2.76,0,Low,2,1,0.95,backtest,demand_forecast_run_20261005T130920538
2025-09-25,S09,P0408,10,3.796,1.066,2.49,0,Low,2,1,0.95,backtest,demand_forecast_run_20261005T130920538
2025-09-25,S09,P0409,10,2.47,1.076,2.51,0,Low,2,1,0.95,backtest,demand_forecast_run_20261005T130920538
2025-09-25,S09,P0433,2,0.609,0.39,0.91,0,Medium,2,1,0.95,backtest,demand_forecast_run_20261005T130920538
2025-09-25,S09,P0435,13,7.633,1.961,4.58,0,Low,2,1,0.95,backtest,demand_forecast_run_20261005T130920538
2025-09-25,S09,P0445,10,1.62,0.637,1.49,0,Low,2,1,0.95,backtest,demand_forecast_run_20261005T130920538
2025-09-25,S09,P0507,27,12.087,2.365,5.52,0,Low,2,1,0.95,backtest,demand_forecast_run_20261005T130920538
2025-09-25,S09,P0563,9,7.004,1.729,4.03,3,Low,2,1,0.95,backtest,demand_forecast_run_20261005T130920538
2025-09-25,S09,P0579,11,1.764,1.071,2.5,0,Low,2,1,0.95,backtest,demand_forecast_run_20261005T130920538
2025-09-25,S09,P0589,14,3.658,1.12,2.61,0,Low,2,1,0.95,backtest,demand_forecast_run_20261005T130920538
2025-09-25,S10,P0003,1,4.534,2.077,4.85,9,High,2,1,0.95,backtest,demand_forecast_run_20261005T130920538
2025-09-25,S10,P0022,8,3.288,1.718,4.01,0,Low,2,1,0.95,backtest,demand_forecast_run_20261005T130920538
2025-09-25,S10,P0032,29,10.716,2.534,5.91,0,Low,2,1,0.95,backtest,demand_forecast_run_20261005T130920538
2025-09-25,S10,P0053,8,1.181,0.92,2.15,0,Low,2,1,0.95,backtest,demand_forecast_run_20261005T130920538
2025-09-25,S10,P0073,6,0.881,0.518,1.21,0,Low,2,1,0.95,backtest,demand_forecast_run_20261005T130920538
2025-09-25,S10,P0170,4,1.615,0.826,1.93,0,Low,2,1,0.95,backtest,demand_forecast_run_20261005T130920538
2025-09-25,S10,P0206,15,4.21,1.071,2.5,0,Low,2,1,0.95,backtest,demand_forecast_run_20261005T130920538
2025-09-25,S10,P0213,0,2.72,1.303,3.04,6,High,2,1,0.95,backtest,demand_forecast_run_20261005T130920538
2025-09-25,S10,P0252,6,6.054,1.585,3.7,4,High,2,1,0.95,backtest,demand_forecast_run_20261005T130920538
2025-09-25,S10,P0272,3,1.511,0.879,2.05,1,Medium,2,1,0.95,backtest,demand_forecast_run_20261005T130920538
2025-09-25,S10,P0288,10,2.256,1.514,3.53,0,Low,2,1,0.95,backtest,demand_forecast_run_20261005T130920538
2025-09-25,S10,P0316,11,1.559,0.678,1.58,0,Low,2,1,0.95,backtest,demand_forecast_run_20261005T130920538
2025-09-25,S10,P0369,5,5.348,1.607,3.75,5,High,2,1,0.95,backtest,demand_forecast_run_20261005T130920538
2025-09-25,S10,P0381,7,2.266,1.129,2.63,0,Low,2,1,0.95,backtest,demand_forecast_run_20261005T130920538
2025-09-25,S10,P0391,6,3.05,1.133,2.64,0,Low,2,1,0.95,backtest,demand_forecast_run_20261005T130920538
2025-09-25,S10,P0392,4,0.782,0.46,1.07,0,Low,2,1,0.95,backtest,demand_forecast_run_20261005T130920538
2025-09-25,S10,P0408,8,2.679,0.976,2.28,0,Low,2,1,0.95,backtest,demand_forecast_run_20261005T130920538
2025-09-25,S10,P0409,9,3.17,1.17,2.73,0,Low,2,1,0.95,backtest,demand_forecast_run_20261005T130920538
2025-09-25,S10,P0433,6,0.876,0.535,1.25,0,Low,2,1,0.95,backtest,demand_forecast_run_20261005T130920538
2025-09-25,S10,P0435,8,5.727,2.628,6.13,4,Medium,2,1,0.95,backtest,demand_forecast_run_20261005T130920538
2025-09-25,S10,P0445,6,2.237,1.245,2.91,0,Low,2,1,0.95,backtest,demand_forecast_run_20261005T130920538
2025-09-25,S10,P0507,36,9.119,2.455,5.73,0,Low,2,1,0.95,backtest,demand_forecast_run_20261005T130920538
2025-09-25,S10,P0563,17,4.784,1.789,4.17,0,Low,2,1,0.95,backtest,demand_forecast_run_20261005T130920538
2025-09-25,S10,P0579,8,1.056,0.612,1.43,0,Low,2,1,0.95,backtest,demand_forecast_run_20261005T130920538
2025-09-25,S10,P0589,9,2.365,1.208,2.82,0,Low,2,1,0.95,backtest,demand_forecast_run_20261005T130920538
2025-09-25,S11,P0003,17,3.895,1.361,3.18,0,Low,2,1,0.95,backtest,demand_forecast_run_20261005T130920538
2025-09-25,S11,P0022,15,5.891,1.999,4.66,0,Low,2,1,0.95,backtest,demand_forecast_run_20261005T130920538
2025-09-25,S11,P0032,56,15.477,3.95,9.22,0,Low,2,1,0.95,backtest,demand_forecast_run_20261005T130920538
2025-09-25,S11,P0053,6,1.821,1.084,2.53,0,Low,2,1,0.95,backtest,demand_forecast_run_20261005T130920538
2025-09-25,S11,P0073,8,1.647,0.69,1.61,0,Low,2,1,0.95,backtest,demand_forecast_run_20261005T130920538
2025-09-25,S11,P0170,4,1.64,0.819,1.91,0,Medium,2,1,0.95,backtest,demand_forecast_run_20261005T130920538
2025-09-25,S11,P0206,21,3.862,1.585,3.7,0,Low,2,1,0.95,backtest,demand_forecast_run_20261005T130920538
2025-09-25,S11,P0213,6,4.623,1.397,3.26,2,Medium,2,1,0.95,backtest,demand_forecast_run_20261005T130920538
2025-09-25,S11,P0252,13,7.126,2.284,5.33,0,Low,2,1,0.95,backtest,demand_forecast_run_20261005T130920538
2025-09-25,S11,P0272,10,1.647,0.634,1.48,0,Low,2,1,0.95,backtest,demand_forecast_run_20261005T130920538
2025-09-25,S11,P0288,6,4.559,1.933,4.51,4,Low,2,1,0.95,backtest,demand_forecast_run_20261005T130920538
2025-09-25,S11,P0316,2,3.218,0.956,2.23,4,High,2,1,0.95,backtest,demand_forecast_run_20261005T130920538
2025-09-25,S11,P0369,13,6.862,3.415,7.97,2,Low,2,1,0.95,backtest,demand_forecast_run_20261005T130920538
2025-09-25,S11,P0381,12,3.157,1.278,2.98,0,Low,2,1,0.95,backtest,demand_forecast_run_20261005T130920538
2025-09-25,S11,P0391,11,2.732,1.538,3.59,0,Low,2,1,0.95,backtest,demand_forecast_run_20261005T130920538
2025-09-25,S11,P0392,3,1.449,1.193,2.78,2,Medium,2,1,0.95,backtest,demand_forecast_run_20261005T130920538
2025-09-25,S11,P0408,5,3.353,1.782,4.16,3,Medium,2,1,0.95,backtest,demand_forecast_run_20261005T130920538
2025-09-25,S11,P0409,11,2.217,0.922,2.15,0,Low,2,1,0.95,backtest,demand_forecast_run_20261005T130920538
2025-09-25,S11,P0433,5,1.368,0.962,2.24,0,Low,2,1,0.95,backtest,demand_forecast_run_20261005T130920538
2025-09-25,S11,P0435,6,8.433,2.805,6.55,9,High,2,1,0.95,backtest,demand_forecast_run_20261005T130920538
2025-09-25,S11,P0445,12,1.903,1.266,2.95,0,Low,2,1,0.95,backtest,demand_forecast_run_20261005T130920538
2025-09-25,S11,P0507,43,13.048,2.99,6.98,0,Low,2,1,0.95,backtest,demand_forecast_run_20261005T130920538
2025-09-25,S11,P0563,15,7.688,2.694,6.29,0,Low,2,1,0.95,backtest,demand_forecast_run_20261005T130920538
2025-09-25,S11,P0579,15,1.773,0.836,1.95,0,Low,2,1,0.95,backtest,demand_forecast_run_20261005T130920538
2025-09-25,S11,P0589,9,3.895,1.217,2.84,0,Low,2,1,0.95,backtest,demand_forecast_run_20261005T130920538
2025-09-25,S12,P0003,11,3.122,1.258,2.93,0,Low,2,1,0.95,backtest,demand_forecast_run_20261005T130920538
2025-09-25,S12,P0022,13,4.529,1.503,3.51,0,Low,2,1,0.95,backtest,demand_forecast_run_20261005T130920538
2025-09-25,S12,P0032,13,15.447,6.193,14.45,17,High,2,1,0.95,backtest,demand_forecast_run_20261005T130920538
2025-09-25,S12,P0053,4,1.762,1.343,3.13,1,Low,2,1,0.95,backtest,demand_forecast_run_20261005T130920538
2025-09-25,S12,P0073,9,1.018,0.518,1.21,0,Low,2,1,0.95,backtest,demand_forecast_run_20261005T130920538
2025-09-25,S12,P0170,6,1.485,1.219,2.84,0,Low,2,1,0.95,backtest,demand_forecast_run_20261005T130920538
2025-09-25,S12,P0206,4,4.59,2.043,4.77,6,High,2,1,0.95,backtest,demand_forecast_run_20261005T130920538
2025-09-25,S12,P0213,3,3.011,1.286,3,4,High,2,1,0.95,backtest,demand_forecast_run_20261005T130920538
2025-09-25,S12,P0252,13,4.439,1.599,3.73,0,Low,2,1,0.95,backtest,demand_forecast_run_20261005T130920538
2025-09-25,S12,P0272,13,2.763,1.02,2.38,0,Low,2,1,0.95,backtest,demand_forecast_run_20261005T130920538
2025-09-25,S12,P0288,7,3,1.208,2.82,0,Low,2,1,0.95,backtest,demand_forecast_run_20261005T130920538
2025-09-25,S12,P0316,5,2.387,1.274,2.97,1,Low,2,1,0.95,backtest,demand_forecast_run_20261005T130920538
2025-09-25,S12,P0369,12,8.033,2.663,6.21,3,Low,2,1,0.95,backtest,demand_forecast_run_20261005T130920538
2025-09-25,S12,P0381,6,3.199,1.343,3.13,1,Low,2,1,0.95,backtest,demand_forecast_run_20261005T130920538
2025-09-25,S12,P0391,3,2.803,1.295,3.02,3,Medium,2,1,0.95,backtest,demand_forecast_run_20261005T130920538
2025-09-25,S12,P0392,3,1.195,1.069,2.49,1,Medium,2,1,0.95,backtest,demand_forecast_run_20261005T130920538
2025-09-25,S12,P0408,11,2.071,1.096,2.56,0,Low,2,1,0.95,backtest,demand_forecast_run_20261005T130920538
2025-09-25,S12,P0409,6,2.467,1.274,2.97,0,Low,2,1,0.95,backtest,demand_forecast_run_20261005T130920538
2025-09-25,S12,P0433,3,0.636,0.659,1.54,0,Low,2,1,0.95,backtest,demand_forecast_run_20261005T130920538
2025-09-25,S12,P0435,15,5.499,1.687,3.94,0,Low,2,1,0.95,backtest,demand_forecast_run_20261005T130920538
2025-09-25,S12,P0445,5,1.139,0.793,1.85,0,Low,2,1,0.95,backtest,demand_forecast_run_20261005T130920538
2025-09-25,S12,P0507,41,9.022,2.957,6.9,0,Low,2,1,0.95,backtest,demand_forecast_run_20261005T130920538
2025-09-25,S12,P0563,11,4.799,1.249,2.91,0,Low,2,1,0.95,backtest,demand_forecast_run_20261005T130920538
2025-09-25,S12,P0579,6,1.152,0.839,1.96,0,Low,2,1,0.95,backtest,demand_forecast_run_20261005T130920538
2025-09-25,S12,P0589,6,2.112,1.124,2.62,0,Low,2,1,0.95,backtest,demand_forecast_run_20261005T130920538
2025-09-26,S01,P0003,18,3.699,1.565,3.65,0,Low,2,1,0.95,backtest,demand_forecast_run_20261005T130920538
2025-09-26,S01,P0022,9,2.279,1.353,3.16,0,Low,2,1,0.95,backtest,demand_forecast_run_20261005T130920538
2025-09-26,S01,P0032,18,11.022,2.998,7,1,Low,2,1,0.95,backtest,demand_forecast_run_20261005T130920538
2025-09-26,S01,P0053,0,1.267,0.922,2.15,4,High,2,1,0.95,backtest,demand_forecast_run_20261005T130920538
2025-09-26,S01,P0073,6,0.841,0.535,1.25,0,Low,2,1,0.95,backtest,demand_forecast_run_20261005T130920538
2025-09-26,S01,P0170,12,1.172,0.881,2.06,0,Low,2,1,0.95,backtest,demand_forecast_run_20261005T130920538
2025-09-26,S01,P0206,8,3.56,1.052,2.45,0,Low,2,1,0.95,backtest,demand_forecast_run_20261005T130920538
2025-09-26,S01,P0213,11,2.749,1.17,2.73,0,Low,2,1,0.95,backtest,demand_forecast_run_20261005T130920538
2025-09-26,S01,P0252,14,4.944,1.853,4.32,0,Low,2,1,0.95,backtest,demand_forecast_run_20261005T130920538
2025-09-26,S01,P0272,3,1.892,0.951,2.22,2,Medium,2,1,0.95,backtest,demand_forecast_run_20261005T130920538
2025-09-26,S01,P0288,11,1.694,0.962,2.24,0,Low,2,1,0.95,backtest,demand_forecast_run_20261005T130920538
2025-09-26,S01,P0316,2,0.949,0.535,1.25,1,Medium,2,1,0.95,backtest,demand_forecast_run_20261005T130920538
2025-09-26,S01,P0369,30,5,1.436,3.35,0,Low,2,1,0.95,backtest,demand_forecast_run_20261005T130920538
2025-09-26,S01,P0381,9,2.208,1.076,2.51,0,Low,2,1,0.95,backtest,demand_forecast_run_20261005T130920538
2025-09-26,S01,P0391,5,4.678,1.96,4.57,5,Medium,2,1,0.95,backtest,demand_forecast_run_20261005T130920538
2025-09-26,S01,P0392,3,1.234,0.922,2.15,1,Medium,2,1,0.95,backtest,demand_forecast_run_20261005T130920538
2025-09-26,S01,P0408,4,2.28,1.113,2.6,1,Medium,2,1,0.95,backtest,demand_forecast_run_20261005T130920538
2025-09-26,S01,P0409,12,1.918,1.245,2.91,0,Low,2,1,0.95,backtest,demand_forecast_run_20261005T130920538
2025-09-26,S01,P0433,4,0.906,0.838,1.96,0,Low,2,1,0.95,backtest,demand_forecast_run_20261005T130920538
2025-09-26,S01,P0435,16,6.436,1.815,4.24,0,Low,2,1,0.95,backtest,demand_forecast_run_20261005T130920538
2025-09-26,S01,P0445,8,1.248,0.839,1.96,0,Low,2,1,0.95,backtest,demand_forecast_run_20261005T130920538
2025-09-26,S01,P0507,11,9.809,1.804,4.21,4,Medium,2,1,0.95,backtest,demand_forecast_run_20261005T130920538
2025-09-26,S01,P0563,16,5.046,1.607,3.75,0,Low,2,1,0.95,backtest,demand_forecast_run_20261005T130920538
2025-09-26,S01,P0579,5,1.696,1.09,2.54,0,Low,2,1,0.95,backtest,demand_forecast_run_20261005T130920538
2025-09-26,S01,P0589,11,2.899,1.401,3.27,0,Low,2,1,0.95,backtest,demand_forecast_run_20261005T130920538
2025-09-26,S02,P0003,15,3.33,1.436,3.35,0,Low,2,1,0.95,backtest,demand_forecast_run_20261005T130920538
2025-09-26,S02,P0022,12,3.852,1.595,3.72,0,Low,2,1,0.95,backtest,demand_forecast_run_20261005T130920538
2025-09-26,S02,P0032,30,9.527,2.116,4.94,0,Low,2,1,0.95,backtest,demand_forecast_run_20261005T130920538
2025-09-26,S02,P0053,9,0.797,0.819,1.91,0,Low,2,1,0.95,backtest,demand_forecast_run_20261005T130920538
2025-09-26,S02,P0073,5,1.424,0.79,1.84,0,Low,2,1,0.95,backtest,demand_forecast_run_20261005T130920538
2025-09-26,S02,P0170,7,1.517,1.17,2.73,0,Low,2,1,0.95,backtest,demand_forecast_run_20261005T130920538
2025-09-26,S02,P0206,16,4.541,1.397,3.26,0,Low,2,1,0.95,backtest,demand_forecast_run_20261005T130920538
2025-09-26,S02,P0213,12,3.084,1.427,3.33,0,Low,2,1,0.95,backtest,demand_forecast_run_20261005T130920538
2025-09-26,S02,P0252,4,5.561,1.595,3.72,6,High,2,1,0.95,backtest,demand_forecast_run_20261005T130920538
2025-09-26,S02,P0272,9,2.493,1.295,3.02,0,Low,2,1,0.95,backtest,demand_forecast_run_20261005T130920538
2025-09-26,S02,P0288,7,3.002,0.976,2.28,0,Low,2,1,0.95,backtest,demand_forecast_run_20261005T130920538
2025-09-26,S02,P0316,0,1.87,0.793,1.85,4,High,2,1,0.95,backtest,demand_forecast_run_20261005T130920538
2025-09-26,S02,P0369,8,4.211,1.245,2.91,0,Medium,2,1,0.95,backtest,demand_forecast_run_20261005T130920538
2025-09-26,S02,P0381,10,1.543,1.17,2.73,0,Low,2,1,0.95,backtest,demand_forecast_run_20261005T130920538
2025-09-26,S02,P0391,12,4.781,1.654,3.86,0,Low,2,1,0.95,backtest,demand_forecast_run_20261005T130920538
2025-09-26,S02,P0392,5,1.457,1.134,2.65,0,Low,2,1,0.95,backtest,demand_forecast_run_20261005T130920538
2025-09-26,S02,P0408,6,2.446,0.92,2.15,0,Low,2,1,0.95,backtest,demand_forecast_run_20261005T130920538
2025-09-26,S02,P0409,14,3.179,1.339,3.13,0,Low,2,1,0.95,backtest,demand_forecast_run_20261005T130920538
2025-09-26,S02,P0433,4,0.671,0.585,1.37,0,Low,2,1,0.95,backtest,demand_forecast_run_20261005T130920538
2025-09-26,S02,P0435,21,7.956,1.663,3.88,0,Low,2,1,0.95,backtest,demand_forecast_run_20261005T130920538
2025-09-26,S02,P0445,11,1.699,1.224,2.86,0,Low,2,1,0.95,backtest,demand_forecast_run_20261005T130920538
2025-09-26,S02,P0507,35,11.234,2.444,5.7,0,Low,2,1,0.95,backtest,demand_forecast_run_20261005T130920538
2025-09-26,S02,P0563,5,4.155,1.555,3.63,3,Medium,2,1,0.95,backtest,demand_forecast_run_20261005T130920538
2025-09-26,S02,P0579,6,1.422,1.166,2.72,0,Low,2,1,0.95,backtest,demand_forecast_run_20261005T130920538
2025-09-26,S02,P0589,14,2.081,1.331,3.11,0,Low,2,1,0.95,backtest,demand_forecast_run_20261005T130920538
2025-09-26,S03,P0003,13,2.95,1.416,3.3,0,Low,2,1,0.95,backtest,demand_forecast_run_20261005T130920538
2025-09-26,S03,P0022,3,2.216,1.215,2.84,3,Medium,2,1,0.95,backtest,demand_forecast_run_20261005T130920538
2025-09-26,S03,P0032,39,10.882,2.233,5.21,0,Low,2,1,0.95,backtest,demand_forecast_run_20261005T130920538
2025-09-26,S03,P0053,7,1.396,0.836,1.95,0,Low,2,1,0.95,backtest,demand_forecast_run_20261005T130920538
2025-09-26,S03,P0073,6,1.336,0.559,1.3,0,Low,2,1,0.95,backtest,demand_forecast_run_20261005T130920538
2025-09-26,S03,P0170,10,3.534,1.013,2.36,0,Low,2,1,0.95,backtest,demand_forecast_run_20261005T130920538
2025-09-26,S03,P0206,18,3.726,1.343,3.13,0,Low,2,1,0.95,backtest,demand_forecast_run_20261005T130920538
2025-09-26,S03,P0213,10,2.113,1.138,2.66,0,Low,2,1,0.95,backtest,demand_forecast_run_20261005T130920538
2025-09-26,S03,P0252,15,4.532,1.988,4.64,0,Low,2,1,0.95,backtest,demand_forecast_run_20261005T130920538
2025-09-26,S03,P0272,0,1.603,0.836,1.95,4,High,2,1,0.95,backtest,demand_forecast_run_20261005T130920538
2025-09-26,S03,P0288,7,1.621,0.832,1.94,0,Low,2,1,0.95,backtest,demand_forecast_run_20261005T130920538
2025-09-26,S03,P0316,6,1.562,0.881,2.06,0,Low,2,1,0.95,backtest,demand_forecast_run_20261005T130920538
2025-09-26,S03,P0369,27,3.913,1.317,3.07,0,Low,2,1,0.95,backtest,demand_forecast_run_20261005T130920538
2025-09-26,S03,P0381,4,1.336,0.621,1.45,0,Low,2,1,0.95,backtest,demand_forecast_run_20261005T130920538
2025-09-26,S03,P0391,15,3.314,1.704,3.98,0,Low,2,1,0.95,backtest,demand_forecast_run_20261005T130920538
2025-09-26,S03,P0392,8,0.893,0.567,1.32,0,Low,2,1,0.95,backtest,demand_forecast_run_20261005T130920538
2025-09-26,S03,P0408,5,2.27,1.11,2.59,0,Low,2,1,0.95,backtest,demand_forecast_run_20261005T130920538
2025-09-26,S03,P0409,5,2.128,0.94,2.19,0,Low,2,1,0.95,backtest,demand_forecast_run_20261005T130920538
2025-09-26,S03,P0433,2,0,0,0,0,Medium,2,1,0.95,backtest,demand_forecast_run_20261005T130920538
2025-09-26,S03,P0435,9,5.601,1.193,2.78,0,Low,2,1,0.95,backtest,demand_forecast_run_20261005T130920538
2025-09-26,S03,P0445,10,0.676,0.659,1.54,0,Low,2,1,0.95,backtest,demand_forecast_run_20261005T130920538
2025-09-26,S03,P0507,45,10.306,2.947,6.88,0,Low,2,1,0.95,backtest,demand_forecast_run_20261005T130920538
2025-09-26,S03,P0563,19,4.141,1.227,2.86,0,Low,2,1,0.95,backtest,demand_forecast_run_20261005T130920538
2025-09-26,S03,P0579,5,1.228,0.838,1.96,0,Low,2,1,0.95,backtest,demand_forecast_run_20261005T130920538
2025-09-26,S03,P0589,9,3.308,1.335,3.11,0,Low,2,1,0.95,backtest,demand_forecast_run_20261005T130920538
2025-09-26,S04,P0003,15,3.485,1.967,4.59,0,Low,2,1,0.95,backtest,demand_forecast_run_20261005T130920538
2025-09-26,S04,P0022,10,2.045,1.257,2.93,0,Low,2,1,0.95,backtest,demand_forecast_run_20261005T130920538
2025-09-26,S04,P0032,35,8.402,2.617,6.11,0,Low,2,1,0.95,backtest,demand_forecast_run_20261005T130920538
2025-09-26,S04,P0053,3,0.599,0.659,1.54,0,Medium,2,1,0.95,backtest,demand_forecast_run_20261005T130920538
2025-09-26,S04,P0073,3,1.799,0.838,1.96,1,Low,2,1,0.95,backtest,demand_forecast_run_20261005T130920538
2025-09-26,S04,P0170,3,1.83,1.049,2.45,2,Medium,2,1,0.95,backtest,demand_forecast_run_20261005T130920538
2025-09-26,S04,P0206,15,4.081,1.607,3.75,0,Low,2,1,0.95,backtest,demand_forecast_run_20261005T130920538
2025-09-26,S04,P0213,4,1.956,1.156,2.7,1,Medium,2,1,0.95,backtest,demand_forecast_run_20261005T130920538
2025-09-26,S04,P0252,9,3.898,1.186,2.77,0,Low,2,1,0.95,backtest,demand_forecast_run_20261005T130920538
2025-09-26,S04,P0272,5,1.937,0.882,2.06,0,Low,2,1,0.95,backtest,demand_forecast_run_20261005T130920538
2025-09-26,S04,P0288,6,1.893,0.854,1.99,0,Low,2,1,0.95,backtest,demand_forecast_run_20261005T130920538
2025-09-26,S04,P0316,6,0.68,0.568,1.33,0,Low,2,1,0.95,backtest,demand_forecast_run_20261005T130920538
2025-09-26,S04,P0369,20,3.442,1.268,2.96,0,Low,2,1,0.95,backtest,demand_forecast_run_20261005T130920538
2025-09-26,S04,P0381,7,1.799,0.922,2.15,0,Low,2,1,0.95,backtest,demand_forecast_run_20261005T130920538
2025-09-26,S04,P0391,2,2.246,1.215,2.84,4,High,2,1,0.95,backtest,demand_forecast_run_20261005T130920538
2025-09-26,S04,P0392,5,1.276,0.839,1.96,0,Low,2,1,0.95,backtest,demand_forecast_run_20261005T130920538
2025-09-26,S04,P0408,12,1.877,0.819,1.91,0,Low,2,1,0.95,backtest,demand_forecast_run_20261005T130920538
2025-09-26,S04,P0409,3,2.013,1.541,3.6,3,Medium,2,1,0.95,backtest,demand_forecast_run_20261005T130920538
2025-09-26,S04,P0433,6,0.328,0.448,1.05,0,Low,2,1,0.95,backtest,demand_forecast_run_20261005T130920538
2025-09-26,S04,P0435,9,5.015,2.166,5.05,2,Low,2,1,0.95,backtest,demand_forecast_run_20261005T130920538
2025-09-26,S04,P0445,9,1.658,1.026,2.39,0,Low,2,1,0.95,backtest,demand_forecast_run_20261005T130920538
2025-09-26,S04,P0507,25,7.185,1.595,3.72,0,Low,2,1,0.95,backtest,demand_forecast_run_20261005T130920538
2025-09-26,S04,P0563,9,1.937,0.745,1.74,0,Low,2,1,0.95,backtest,demand_forecast_run_20261005T130920538
2025-09-26,S04,P0579,5,0.61,0.87,2.03,0,Low,2,1,0.95,backtest,demand_forecast_run_20261005T130920538
2025-09-26,S04,P0589,17,1.376,0.881,2.06,0,Low,2,1,0.95,backtest,demand_forecast_run_20261005T130920538
2025-09-26,S05,P0003,5,2.015,1.397,3.26,1,Low,2,1,0.95,backtest,demand_forecast_run_20261005T130920538
2025-09-26,S05,P0022,11,2.633,1.041,2.43,0,Low,2,1,0.95,backtest,demand_forecast_run_20261005T130920538
2025-09-26,S05,P0032,21,7.311,2.045,4.77,0,Low,2,1,0.95,backtest,demand_forecast_run_20261005T130920538
2025-09-26,S05,P0053,0,1.051,0.962,2.24,4,High,2,1,0.95,backtest,demand_forecast_run_20261005T130920538
2025-09-26,S05,P0073,7,0.721,0.518,1.21,0,Low,2,1,0.95,backtest,demand_forecast_run_20261005T130920538
2025-09-26,S05,P0170,4,1.361,0.839,1.96,0,Low,2,1,0.95,backtest,demand_forecast_run_20261005T130920538
2025-09-26,S05,P0206,5,3.271,1.565,3.65,2,Low,2,1,0.95,backtest,demand_forecast_run_20261005T130920538
2025-09-26,S05,P0213,6,1.642,0.976,2.28,0,Low,2,1,0.95,backtest,demand_forecast_run_20261005T130920538
2025-09-26,S05,P0252,7,4.045,1.401,3.27,1,Low,2,1,0.95,backtest,demand_forecast_run_20261005T130920538
2025-09-26,S05,P0272,7,1.75,0.916,2.14,0,Low,2,1,0.95,backtest,demand_forecast_run_20261005T130920538
2025-09-26,S05,P0288,4,2.285,1.013,2.36,1,Low,2,1,0.95,backtest,demand_forecast_run_20261005T130920538
2025-09-26,S05,P0316,8,1.289,0.922,2.15,0,Low,2,1,0.95,backtest,demand_forecast_run_20261005T130920538
2025-09-26,S05,P0369,19,3.411,1.492,3.48,0,Low,2,1,0.95,backtest,demand_forecast_run_20261005T130920538
2025-09-26,S05,P0381,7,1.853,0.989,2.31,0,Low,2,1,0.95,backtest,demand_forecast_run_20261005T130920538
2025-09-26,S05,P0391,13,2.803,1.372,3.2,0,Low,2,1,0.95,backtest,demand_forecast_run_20261005T130920538
2025-09-26,S05,P0392,2,0.55,0.476,1.11,0,Medium,2,1,0.95,backtest,demand_forecast_run_20261005T130920538
2025-09-26,S05,P0408,4,1.231,0.905,2.11,0,Low,2,1,0.95,backtest,demand_forecast_run_20261005T130920538
2025-09-26,S05,P0409,4,1.758,1.084,2.53,1,Low,2,1,0.95,backtest,demand_forecast_run_20261005T130920538
2025-09-26,S05,P0433,6,0.389,0.448,1.05,0,Low,2,1,0.95,backtest,demand_forecast_run_20261005T130920538
2025-09-26,S05,P0435,10,4.228,1.467,3.42,0,Low,2,1,0.95,backtest,demand_forecast_run_20261005T130920538
2025-09-26,S05,P0445,9,0.609,0.568,1.33,0,Low,2,1,0.95,backtest,demand_forecast_run_20261005T130920538
2025-09-26,S05,P0507,8,7.005,2.411,5.63,5,Medium,2,1,0.95,backtest,demand_forecast_run_20261005T130920538
2025-09-26,S05,P0563,14,2.882,1.785,4.16,0,Low,2,1,0.95,backtest,demand_forecast_run_20261005T130920538
2025-09-26,S05,P0579,6,0.791,0.772,1.8,0,Low,2,1,0.95,backtest,demand_forecast_run_20261005T130920538
2025-09-26,S05,P0589,7,2.015,1.449,3.38,0,Low,2,1,0.95,backtest,demand_forecast_run_20261005T130920538
2025-09-26,S06,P0003,14,4.578,1.644,3.84,0,Low,2,1,0.95,backtest,demand_forecast_run_20261005T130920538
2025-09-26,S06,P0022,11,3.819,1.287,3,0,Low,2,1,0.95,backtest,demand_forecast_run_20261005T130920538
2025-09-26,S06,P0032,38,14.657,3.037,7.09,0,Low,2,1,0.95,backtest,demand_forecast_run_20261005T130920538
2025-09-26,S06,P0053,6,1.934,0.983,2.29,0,Low,2,1,0.95,backtest,demand_forecast_run_20261005T130920538
2025-09-26,S06,P0073,10,2.757,0.951,2.22,0,Low,2,1,0.95,backtest,demand_forecast_run_20261005T130920538
2025-09-26,S06,P0170,12,2.041,1.239,2.89,0,Low,2,1,0.95,backtest,demand_forecast_run_20261005T130920538
2025-09-26,S06,P0206,15,8.225,1.732,4.04,0,Low,2,1,0.95,backtest,demand_forecast_run_20261005T130920538
2025-09-26,S06,P0213,8,4.525,1.634,3.81,1,Low,2,1,0.95,backtest,demand_forecast_run_20261005T130920538
2025-09-26,S06,P0252,17,6.78,1.762,4.11,0,Low,2,1,0.95,backtest,demand_forecast_run_20261005T130920538
2025-09-26,S06,P0272,2,2.757,1.062,2.48,4,High,2,1,0.95,backtest,demand_forecast_run_20261005T130920538
2025-09-26,S06,P0288,11,2.969,1.106,2.58,0,Low,2,1,0.95,backtest,demand_forecast_run_20261005T130920538
2025-09-26,S06,P0316,7,3.443,1.193,2.78,0,Low,2,1,0.95,backtest,demand_forecast_run_20261005T130920538
2025-09-26,S06,P0369,28,6.333,1.588,3.71,0,Low,2,1,0.95,backtest,demand_forecast_run_20261005T130920538
2025-09-26,S06,P0381,6,3.982,1.631,3.81,2,Low,2,1,0.95,backtest,demand_forecast_run_20261005T130920538
2025-09-26,S06,P0391,8,4.378,1.644,3.84,1,Low,2,1,0.95,backtest,demand_forecast_run_20261005T130920538
2025-09-26,S06,P0392,9,2.204,1.049,2.45,0,Low,2,1,0.95,backtest,demand_forecast_run_20261005T130920538
2025-09-26,S06,P0408,12,3.55,0.957,2.23,0,Low,2,1,0.95,backtest,demand_forecast_run_20261005T130920538
2025-09-26,S06,P0409,7,3.134,1.152,2.69,0,Low,2,1,0.95,backtest,demand_forecast_run_20261005T130920538
2025-09-26,S06,P0433,6,1.06,0.535,1.25,0,Low,2,1,0.95,backtest,demand_forecast_run_20261005T130920538
2025-09-26,S06,P0435,20,9.118,1.551,3.62,0,Low,2,1,0.95,backtest,demand_forecast_run_20261005T130920538
2025-09-26,S06,P0445,0,1.984,1.1,2.57,5,High,2,1,0.95,backtest,demand_forecast_run_20261005T130920538
2025-09-26,S06,P0507,47,12.252,2.757,6.43,0,Low,2,1,0.95,backtest,demand_forecast_run_20261005T130920538
2025-09-26,S06,P0563,10,4.595,0.979,2.28,0,Low,2,1,0.95,backtest,demand_forecast_run_20261005T130920538
2025-09-26,S06,P0579,10,2.925,1.563,3.65,0,Low,2,1,0.95,backtest,demand_forecast_run_20261005T130920538
2025-09-26,S06,P0589,16,4.259,1.476,3.45,0,Low,2,1,0.95,backtest,demand_forecast_run_20261005T130920538
2025-09-26,S07,P0003,6,3.185,1.133,2.64,0,Low,2,1,0.95,backtest,demand_forecast_run_20261005T130920538
2025-09-26,S07,P0022,8,3.183,1.548,3.61,0,Low,2,1,0.95,backtest,demand_forecast_run_20261005T130920538
2025-09-26,S07,P0032,28,10.111,2.319,5.41,0,Low,2,1,0.95,backtest,demand_forecast_run_20261005T130920538
2025-09-26,S07,P0053,0,1.019,0.793,1.85,3,High,2,1,0.95,backtest,demand_forecast_run_20261005T130920538
2025-09-26,S07,P0073,6,0.93,0.731,1.71,0,Low,2,1,0.95,backtest,demand_forecast_run_20261005T130920538
2025-09-26,S07,P0170,5,1.455,0.742,1.73,0,Low,2,1,0.95,backtest,demand_forecast_run_20261005T130920538
2025-09-26,S07,P0206,11,5.247,1.75,4.08,0,Low,2,1,0.95,backtest,demand_forecast_run_20261005T130920538
2025-09-26,S07,P0213,13,2.388,1.054,2.46,0,Low,2,1,0.95,backtest,demand_forecast_run_20261005T130920538
2025-09-26,S07,P0252,11,3.746,1.476,3.45,0,Low,2,1,0.95,backtest,demand_forecast_run_20261005T130920538
2025-09-26,S07,P0272,6,1.302,0.962,2.25,0,Low,2,1,0.95,backtest,demand_forecast_run_20261005T130920538
2025-09-26,S07,P0288,8,1.574,0.959,2.24,0,Low,2,1,0.95,backtest,demand_forecast_run_20261005T130920538
2025-09-26,S07,P0316,5,0.816,0.518,1.21,0,Low,2,1,0.95,backtest,demand_forecast_run_20261005T130920538
2025-09-26,S07,P0369,19,5.016,1.815,4.24,0,Low,2,1,0.95,backtest,demand_forecast_run_20261005T130920538
2025-09-26,S07,P0381,9,0.93,0.559,1.3,0,Low,2,1,0.95,backtest,demand_forecast_run_20261005T130920538
2025-09-26,S07,P0391,9,2.921,2.027,4.73,0,Low,2,1,0.95,backtest,demand_forecast_run_20261005T130920538
2025-09-26,S07,P0392,7,1.495,0.879,2.05,0,Low,2,1,0.95,backtest,demand_forecast_run_20261005T130920538
2025-09-26,S07,P0408,8,1.971,1.514,3.53,0,Low,2,1,0.95,backtest,demand_forecast_run_20261005T130920538
2025-09-26,S07,P0409,9,2.574,1.323,3.09,0,Low,2,1,0.95,backtest,demand_forecast_run_20261005T130920538
2025-09-26,S07,P0433,4,0.79,0.786,1.83,0,Low,2,1,0.95,backtest,demand_forecast_run_20261005T130920538
2025-09-26,S07,P0435,7,5.606,2.236,5.22,4,Medium,2,1,0.95,backtest,demand_forecast_run_20261005T130920538
2025-09-26,S07,P0445,4,1.074,0.742,1.73,0,Low,2,1,0.95,backtest,demand_forecast_run_20261005T130920538
2025-09-26,S07,P0507,20,7.425,2.925,6.82,0,Low,2,1,0.95,backtest,demand_forecast_run_20261005T130920538
2025-09-26,S07,P0563,13,3.626,1.524,3.56,0,Low,2,1,0.95,backtest,demand_forecast_run_20261005T130920538
2025-09-26,S07,P0579,9,1.471,0.937,2.19,0,Low,2,1,0.95,backtest,demand_forecast_run_20261005T130920538
2025-09-26,S07,P0589,6,2.421,0.863,2.01,0,Low,2,1,0.95,backtest,demand_forecast_run_20261005T130920538
2025-09-26,S08,P0003,14,5.093,1.853,4.32,0,Low,2,1,0.95,backtest,demand_forecast_run_20261005T130920538
2025-09-26,S08,P0022,15,3.399,1.517,3.54,0,Low,2,1,0.95,backtest,demand_forecast_run_20261005T130920538
2025-09-26,S08,P0032,19,14.839,2.835,6.62,3,Low,2,1,0.95,backtest,demand_forecast_run_20261005T130920538
2025-09-26,S08,P0053,7,1.492,1.311,3.06,0,Low,2,1,0.95,backtest,demand_forecast_run_20261005T130920538
2025-09-26,S08,P0073,11,1.186,0.713,1.66,0,Low,2,1,0.95,backtest,demand_forecast_run_20261005T130920538
2025-09-26,S08,P0170,6,2.134,1.013,2.36,0,Low,2,1,0.95,backtest,demand_forecast_run_20261005T130920538
2025-09-26,S08,P0206,13,5.531,1.55,3.62,0,Low,2,1,0.95,backtest,demand_forecast_run_20261005T130920538
2025-09-26,S08,P0213,10,2.993,2.026,4.73,0,Low,2,1,0.95,backtest,demand_forecast_run_20261005T130920538
2025-09-26,S08,P0252,32,6.868,1.343,3.13,0,Low,2,1,0.95,backtest,demand_forecast_run_20261005T130920538
2025-09-26,S08,P0272,9,2.372,0.997,2.33,0,Low,2,1,0.95,backtest,demand_forecast_run_20261005T130920538
2025-09-26,S08,P0288,11,2.698,1.124,2.62,0,Low,2,1,0.95,backtest,demand_forecast_run_20261005T130920538
2025-09-26,S08,P0316,8,1.508,0.79,1.84,0,Low,2,1,0.95,backtest,demand_forecast_run_20261005T130920538
2025-09-26,S08,P0369,18,6.047,2.531,5.91,0,Low,2,1,0.95,backtest,demand_forecast_run_20261005T130920538
2025-09-26,S08,P0381,8,1.779,0.79,1.84,0,Low,2,1,0.95,backtest,demand_forecast_run_20261005T130920538
2025-09-26,S08,P0391,7,4.146,1.873,4.37,2,Low,2,1,0.95,backtest,demand_forecast_run_20261005T130920538
2025-09-26,S08,P0392,9,1.981,1.397,3.26,0,Low,2,1,0.95,backtest,demand_forecast_run_20261005T130920538
2025-09-26,S08,P0408,5,3.838,1.792,4.18,4,Low,2,1,0.95,backtest,demand_forecast_run_20261005T130920538
2025-09-26,S08,P0409,10,2.948,1.641,3.83,0,Low,2,1,0.95,backtest,demand_forecast_run_20261005T130920538
2025-09-26,S08,P0433,4,0.753,0.476,1.11,0,Low,2,1,0.95,backtest,demand_forecast_run_20261005T130920538
2025-09-26,S08,P0435,23,9.515,2.114,4.93,0,Low,2,1,0.95,backtest,demand_forecast_run_20261005T130920538
2025-09-26,S08,P0445,6,1.41,1.289,3.01,0,Low,2,1,0.95,backtest,demand_forecast_run_20261005T130920538
2025-09-26,S08,P0507,21,12.781,3.518,8.21,0,Low,2,1,0.95,backtest,demand_forecast_run_20261005T130920538
2025-09-26,S08,P0563,8,8.005,2.071,4.83,5,High,2,1,0.95,backtest,demand_forecast_run_20261005T130920538
2025-09-26,S08,P0579,9,1.712,0.78,1.82,0,Low,2,1,0.95,backtest,demand_forecast_run_20261005T130920538
2025-09-26,S08,P0589,14,2.417,1.414,3.3,0,Low,2,1,0.95,backtest,demand_forecast_run_20261005T130920538
2025-09-26,S09,P0003,2,3.882,1.618,3.78,6,High,2,1,0.95,backtest,demand_forecast_run_20261005T130920538
2025-09-26,S09,P0022,5,3.789,1.133,2.64,2,Medium,2,1,0.95,backtest,demand_forecast_run_20261005T130920538
2025-09-26,S09,P0032,44,12.65,2.47,5.76,0,Low,2,1,0.95,backtest,demand_forecast_run_20261005T130920538
2025-09-26,S09,P0053,3,0.984,0.786,1.83,0,Medium,2,1,0.95,backtest,demand_forecast_run_20261005T130920538
2025-09-26,S09,P0073,6,0.535,0.416,0.97,0,Low,2,1,0.95,backtest,demand_forecast_run_20261005T130920538
2025-09-26,S09,P0170,9,2.116,0.928,2.17,0,Low,2,1,0.95,backtest,demand_forecast_run_20261005T130920538
2025-09-26,S09,P0206,22,4.208,1.188,2.77,0,Low,2,1,0.95,backtest,demand_forecast_run_20261005T130920538
2025-09-26,S09,P0213,4,4.52,1.43,3.34,4,High,2,1,0.95,backtest,demand_forecast_run_20261005T130920538
2025-09-26,S09,P0252,6,7.076,1.853,4.32,6,High,2,1,0.95,backtest,demand_forecast_run_20261005T130920538
2025-09-26,S09,P0272,6,1.606,0.476,1.11,0,Low,2,1,0.95,backtest,demand_forecast_run_20261005T130920538
2025-09-26,S09,P0288,10,3.199,1.232,2.87,0,Low,2,1,0.95,backtest,demand_forecast_run_20261005T130920538
2025-09-26,S09,P0316,10,2.04,1.034,2.41,0,Low,2,1,0.95,backtest,demand_forecast_run_20261005T130920538
2025-09-26,S09,P0369,10,5.792,1.618,3.78,0,Low,2,1,0.95,backtest,demand_forecast_run_20261005T130920538
2025-09-26,S09,P0381,8,1.784,0.87,2.03,0,Low,2,1,0.95,backtest,demand_forecast_run_20261005T130920538
2025-09-26,S09,P0391,9,3.934,1.597,3.73,0,Low,2,1,0.95,backtest,demand_forecast_run_20261005T130920538
2025-09-26,S09,P0392,7,1.417,1.249,2.91,0,Low,2,1,0.95,backtest,demand_forecast_run_20261005T130920538
2025-09-26,S09,P0408,9,3.604,1.066,2.49,0,Low,2,1,0.95,backtest,demand_forecast_run_20261005T130920538
2025-09-26,S09,P0409,9,2.331,1.067,2.49,0,Low,2,1,0.95,backtest,demand_forecast_run_20261005T130920538
2025-09-26,S09,P0433,7,0.521,0.39,0.91,0,Low,2,1,0.95,backtest,demand_forecast_run_20261005T130920538
2025-09-26,S09,P0435,10,7.228,1.926,4.49,2,Low,2,1,0.95,backtest,demand_forecast_run_20261005T130920538
2025-09-26,S09,P0445,5,2.048,1.062,2.48,0,Low,2,1,0.95,backtest,demand_forecast_run_20261005T130920538
2025-09-26,S09,P0507,17,11.832,2.665,6.22,2,Low,2,1,0.95,backtest,demand_forecast_run_20261005T130920538
2025-09-26,S09,P0563,9,6.779,1.747,4.08,2,Low,2,1,0.95,backtest,demand_forecast_run_20261005T130920538
2025-09-26,S09,P0579,11,1.589,1.071,2.5,0,Low,2,1,0.95,backtest,demand_forecast_run_20261005T130920538
2025-09-26,S09,P0589,12,3.653,1.113,2.6,0,Low,2,1,0.95,backtest,demand_forecast_run_20261005T130920538
2025-09-26,S10,P0003,15,4.622,2.077,4.85,0,Low,2,1,0.95,backtest,demand_forecast_run_20261005T130920538
2025-09-26,S10,P0022,6,4.096,1.773,4.14,3,Medium,2,1,0.95,backtest,demand_forecast_run_20261005T130920538
2025-09-26,S10,P0032,25,10.305,2.459,5.74,0,Low,2,1,0.95,backtest,demand_forecast_run_20261005T130920538
2025-09-26,S10,P0053,8,1.146,0.92,2.15,0,Low,2,1,0.95,backtest,demand_forecast_run_20261005T130920538
2025-09-26,S10,P0073,9,0.871,0.518,1.21,0,Low,2,1,0.95,backtest,demand_forecast_run_20261005T130920538
2025-09-26,S10,P0170,0,1.505,1.156,2.7,5,High,2,1,0.95,backtest,demand_forecast_run_20261005T130920538
2025-09-26,S10,P0206,15,3.965,1.066,2.49,0,Low,2,1,0.95,backtest,demand_forecast_run_20261005T130920538
2025-09-26,S10,P0213,13,3.011,1.303,3.04,0,Low,2,1,0.95,backtest,demand_forecast_run_20261005T130920538
2025-09-26,S10,P0252,2,5.396,1.585,3.7,8,High,2,1,0.95,backtest,demand_forecast_run_20261005T130920538
2025-09-26,S10,P0272,2,1.493,0.879,2.05,2,Medium,2,1,0.95,backtest,demand_forecast_run_20261005T130920538
2025-09-26,S10,P0288,10,2.262,1.524,3.56,0,Low,2,1,0.95,backtest,demand_forecast_run_20261005T130920538
2025-09-26,S10,P0316,11,1.586,0.678,1.58,0,Low,2,1,0.95,backtest,demand_forecast_run_20261005T130920538
2025-09-26,S10,P0369,20,4.95,1.618,3.78,0,Low,2,1,0.95,backtest,demand_forecast_run_20261005T130920538
2025-09-26,S10,P0381,7,2.239,1.129,2.63,0,Low,2,1,0.95,backtest,demand_forecast_run_20261005T130920538
2025-09-26,S10,P0391,5,3.057,1.113,2.6,1,Medium,2,1,0.95,backtest,demand_forecast_run_20261005T130920538
2025-09-26,S10,P0392,4,0.735,0.46,1.07,0,Low,2,1,0.95,backtest,demand_forecast_run_20261005T130920538
2025-09-26,S10,P0408,7,2.671,0.945,2.2,0,Low,2,1,0.95,backtest,demand_forecast_run_20261005T130920538
2025-09-26,S10,P0409,6,2.957,1.215,2.84,0,Low,2,1,0.95,backtest,demand_forecast_run_20261005T130920538
2025-09-26,S10,P0433,6,0.868,0.535,1.25,0,Low,2,1,0.95,backtest,demand_forecast_run_20261005T130920538
2025-09-26,S10,P0435,8,5.428,2.563,5.98,4,Medium,2,1,0.95,backtest,demand_forecast_run_20261005T130920538
2025-09-26,S10,P0445,6,2.31,1.245,2.91,0,Low,2,1,0.95,backtest,demand_forecast_run_20261005T130920538
2025-09-26,S10,P0507,29,9.418,2.455,5.73,0,Low,2,1,0.95,backtest,demand_forecast_run_20261005T130920538
2025-09-26,S10,P0563,17,4.479,1.802,4.21,0,Low,2,1,0.95,backtest,demand_forecast_run_20261005T130920538
2025-09-26,S10,P0579,7,0.887,0.612,1.43,0,Low,2,1,0.95,backtest,demand_forecast_run_20261005T130920538
2025-09-26,S10,P0589,9,2.311,1.219,2.84,0,Low,2,1,0.95,backtest,demand_forecast_run_20261005T130920538
2025-09-26,S11,P0003,17,4.162,1.361,3.18,0,Low,2,1,0.95,backtest,demand_forecast_run_20261005T130920538
2025-09-26,S11,P0022,14,5.21,2.006,4.68,0,Low,2,1,0.95,backtest,demand_forecast_run_20261005T130920538
2025-09-26,S11,P0032,51,14.528,3.926,9.16,0,Low,2,1,0.95,backtest,demand_forecast_run_20261005T130920538
2025-09-26,S11,P0053,6,1.817,1.084,2.53,0,Low,2,1,0.95,backtest,demand_forecast_run_20261005T130920538
2025-09-26,S11,P0073,7,1.37,0.629,1.47,0,Low,2,1,0.95,backtest,demand_forecast_run_20261005T130920538
2025-09-26,S11,P0170,0,1.728,0.844,1.97,4,High,2,1,0.95,backtest,demand_forecast_run_20261005T130920538
2025-09-26,S11,P0206,21,3.54,1.585,3.7,0,Low,2,1,0.95,backtest,demand_forecast_run_20261005T130920538
2025-09-26,S11,P0213,6,3.803,1.347,3.14,1,Medium,2,1,0.95,backtest,demand_forecast_run_20261005T130920538
2025-09-26,S11,P0252,10,7,2.236,5.22,3,Low,2,1,0.95,backtest,demand_forecast_run_20261005T130920538
2025-09-26,S11,P0272,8,1.619,0.693,1.62,0,Low,2,1,0.95,backtest,demand_forecast_run_20261005T130920538
2025-09-26,S11,P0288,4,4.255,1.934,4.51,5,High,2,1,0.95,backtest,demand_forecast_run_20261005T130920538
2025-09-26,S11,P0316,0,3.186,0.962,2.24,6,High,2,1,0.95,backtest,demand_forecast_run_20261005T130920538
2025-09-26,S11,P0369,13,6.141,3.436,8.02,2,Low,2,1,0.95,backtest,demand_forecast_run_20261005T130920538
2025-09-26,S11,P0381,10,3.113,1.286,3,0,Low,2,1,0.95,backtest,demand_forecast_run_20261005T130920538
2025-09-26,S11,P0391,11,2.726,1.538,3.59,0,Low,2,1,0.95,backtest,demand_forecast_run_20261005T130920538
2025-09-26,S11,P0392,1,1.31,1.193,2.78,4,High,2,1,0.95,backtest,demand_forecast_run_20261005T130920538
2025-09-26,S11,P0408,3,3.506,1.768,4.13,5,High,2,1,0.95,backtest,demand_forecast_run_20261005T130920538
2025-09-26,S11,P0409,10,2.376,0.92,2.15,0,Low,2,1,0.95,backtest,demand_forecast_run_20261005T130920538
2025-09-26,S11,P0433,5,1.346,0.962,2.24,0,Low,2,1,0.95,backtest,demand_forecast_run_20261005T130920538
2025-09-26,S11,P0435,22,8.199,2.919,6.81,0,Low,2,1,0.95,backtest,demand_forecast_run_20261005T130920538
2025-09-26,S11,P0445,12,2.075,1.266,2.95,0,Low,2,1,0.95,backtest,demand_forecast_run_20261005T130920538
2025-09-26,S11,P0507,37,13.732,2.769,6.46,0,Low,2,1,0.95,backtest,demand_forecast_run_20261005T130920538
2025-09-26,S11,P0563,9,6.974,2.694,6.29,5,Low,2,1,0.95,backtest,demand_forecast_run_20261005T130920538
2025-09-26,S11,P0579,13,1.931,0.881,2.06,0,Low,2,1,0.95,backtest,demand_forecast_run_20261005T130920538
2025-09-26,S11,P0589,7,4.311,1.232,2.87,1,Low,2,1,0.95,backtest,demand_forecast_run_20261005T130920538
2025-09-26,S12,P0003,15,3.022,1.258,2.93,0,Low,2,1,0.95,backtest,demand_forecast_run_20261005T130920538
2025-09-26,S12,P0022,11,4.229,1.501,3.5,0,Low,2,1,0.95,backtest,demand_forecast_run_20261005T130920538
2025-09-26,S12,P0032,7,15.061,6.19,14.45,23,High,2,1,0.95,backtest,demand_forecast_run_20261005T130920538
2025-09-26,S12,P0053,4,1.539,1.278,2.98,1,Low,2,1,0.95,backtest,demand_forecast_run_20261005T130920538
2025-09-26,S12,P0073,8,1.101,0.535,1.25,0,Low,2,1,0.95,backtest,demand_forecast_run_20261005T130920538
2025-09-26,S12,P0170,6,1.449,1.197,2.79,0,Low,2,1,0.95,backtest,demand_forecast_run_20261005T130920538
2025-09-26,S12,P0206,4,3.95,2.043,4.77,5,Medium,2,1,0.95,backtest,demand_forecast_run_20261005T130920538
2025-09-26,S12,P0213,16,2.935,1.286,3,0,Low,2,1,0.95,backtest,demand_forecast_run_20261005T130920538
2025-09-26,S12,P0252,12,4.126,1.598,3.73,0,Low,2,1,0.95,backtest,demand_forecast_run_20261005T130920538
2025-09-26,S12,P0272,13,2.614,1.02,2.38,0,Low,2,1,0.95,backtest,demand_forecast_run_20261005T130920538
2025-09-26,S12,P0288,6,2.891,1.197,2.79,0,Low,2,1,0.95,backtest,demand_forecast_run_20261005T130920538
2025-09-26,S12,P0316,4,2.133,1.261,2.94,2,Low,2,1,0.95,backtest,demand_forecast_run_20261005T130920538
2025-09-26,S12,P0369,12,7.636,2.663,6.21,2,Low,2,1,0.95,backtest,demand_forecast_run_20261005T130920538
2025-09-26,S12,P0381,6,3.026,1.343,3.13,1,Low,2,1,0.95,backtest,demand_forecast_run_20261005T130920538
2025-09-26,S12,P0391,14,2.916,1.301,3.04,0,Low,2,1,0.95,backtest,demand_forecast_run_20261005T130920538
2025-09-26,S12,P0392,9,1.266,1.066,2.49,0,Low,2,1,0.95,backtest,demand_forecast_run_20261005T130920538
2025-09-26,S12,P0408,10,1.87,1.09,2.54,0,Low,2,1,0.95,backtest,demand_forecast_run_20261005T130920538
2025-09-26,S12,P0409,6,2.548,1.274,2.97,0,Low,2,1,0.95,backtest,demand_forecast_run_20261005T130920538
2025-09-26,S12,P0433,3,0.512,0.645,1.51,0,Low,2,1,0.95,backtest,demand_forecast_run_20261005T130920538
2025-09-26,S12,P0435,11,5.435,1.744,4.07,0,Low,2,1,0.95,backtest,demand_forecast_run_20261005T130920538
2025-09-26,S12,P0445,5,1.029,0.79,1.84,0,Low,2,1,0.95,backtest,demand_forecast_run_20261005T130920538
2025-09-26,S12,P0507,38,9.086,2.872,6.7,0,Low,2,1,0.95,backtest,demand_forecast_run_20261005T130920538
2025-09-26,S12,P0563,6,4.677,1.258,2.93,2,Medium,2,1,0.95,backtest,demand_forecast_run_20261005T130920538
2025-09-26,S12,P0579,1,1.104,0.793,1.85,2,High,2,1,0.95,backtest,demand_forecast_run_20261005T130920538
2025-09-26,S12,P0589,5,2.133,1.113,2.6,0,Low,2,1,0.95,backtest,demand_forecast_run_20261005T130920538
2025-09-27,S01,P0003,18,3.739,1.578,3.68,0,Low,2,1,0.95,backtest,demand_forecast_run_20261005T130920538
2025-09-27,S01,P0022,6,2.154,1.389,3.24,0,Low,2,1,0.95,backtest,demand_forecast_run_20261005T130920538
2025-09-27,S01,P0032,18,10.936,2.899,6.77,0,Low,2,1,0.95,backtest,demand_forecast_run_20261005T130920538
2025-09-27,S01,P0053,9,1.364,0.922,2.15,0,Low,2,1,0.95,backtest,demand_forecast_run_20261005T130920538
2025-09-27,S01,P0073,5,0.658,0.535,1.25,0,Low,2,1,0.95,backtest,demand_forecast_run_20261005T130920538
2025-09-27,S01,P0170,12,1.312,0.881,2.06,0,Low,2,1,0.95,backtest,demand_forecast_run_20261005T130920538
2025-09-27,S01,P0206,21,3.12,1.031,2.4,0,Low,2,1,0.95,backtest,demand_forecast_run_20261005T130920538
2025-09-27,S01,P0213,11,3.19,1.17,2.73,0,Low,2,1,0.95,backtest,demand_forecast_run_20261005T130920538
2025-09-27,S01,P0252,14,5.358,1.878,4.38,0,Low,2,1,0.95,backtest,demand_forecast_run_20261005T130920538
2025-09-27,S01,P0272,9,1.399,0.956,2.23,0,Low,2,1,0.95,backtest,demand_forecast_run_20261005T130920538
2025-09-27,S01,P0288,9,1.323,0.997,2.33,0,Low,2,1,0.95,backtest,demand_forecast_run_20261005T130920538
2025-09-27,S01,P0316,10,0.805,0.535,1.25,0,Low,2,1,0.95,backtest,demand_forecast_run_20261005T130920538
2025-09-27,S01,P0369,26,4.828,1.239,2.89,0,Low,2,1,0.95,backtest,demand_forecast_run_20261005T130920538
2025-09-27,S01,P0381,5,2.058,1.227,2.86,0,Low,2,1,0.95,backtest,demand_forecast_run_20261005T130920538
2025-09-27,S01,P0391,5,4.931,1.982,4.63,5,Medium,2,1,0.95,backtest,demand_forecast_run_20261005T130920538
2025-09-27,S01,P0392,10,1.276,0.92,2.15,0,Low,2,1,0.95,backtest,demand_forecast_run_20261005T130920538
2025-09-27,S01,P0408,10,2.156,1.1,2.57,0,Low,2,1,0.95,backtest,demand_forecast_run_20261005T130920538
2025-09-27,S01,P0409,13,2.331,1.232,2.87,0,Low,2,1,0.95,backtest,demand_forecast_run_20261005T130920538
2025-09-27,S01,P0433,4,0.966,0.838,1.96,0,Low,2,1,0.95,backtest,demand_forecast_run_20261005T130920538
2025-09-27,S01,P0435,13,4.88,1.812,4.23,0,Low,2,1,0.95,backtest,demand_forecast_run_20261005T130920538
2025-09-27,S01,P0445,8,1.214,0.839,1.96,0,Low,2,1,0.95,backtest,demand_forecast_run_20261005T130920538
2025-09-27,S01,P0507,43,9.711,1.764,4.12,0,Low,2,1,0.95,backtest,demand_forecast_run_20261005T130920538
2025-09-27,S01,P0563,15,3.704,1.548,3.61,0,Low,2,1,0.95,backtest,demand_forecast_run_20261005T130920538
2025-09-27,S01,P0579,5,1.899,1.101,2.57,0,Low,2,1,0.95,backtest,demand_forecast_run_20261005T130920538
2025-09-27,S01,P0589,10,3.205,1.386,3.23,0,Low,2,1,0.95,backtest,demand_forecast_run_20261005T130920538
2025-09-27,S02,P0003,15,3.521,1.436,3.35,0,Low,2,1,0.95,backtest,demand_forecast_run_20261005T130920538
2025-09-27,S02,P0022,9,3.31,1.611,3.76,0,Low,2,1,0.95,backtest,demand_forecast_run_20261005T130920538
2025-09-27,S02,P0032,25,9.345,2.116,4.94,0,Low,2,1,0.95,backtest,demand_forecast_run_20261005T130920538
2025-09-27,S02,P0053,9,0.871,0.819,1.91,0,Low,2,1,0.95,backtest,demand_forecast_run_20261005T130920538
2025-09-27,S02,P0073,3,1.022,0.838,1.96,0,Medium,2,1,0.95,backtest,demand_forecast_run_20261005T130920538
2025-09-27,S02,P0170,6,1.572,1.17,2.73,0,Low,2,1,0.95,backtest,demand_forecast_run_20261005T130920538
2025-09-27,S02,P0206,16,3.304,1.397,3.26,0,Low,2,1,0.95,backtest,demand_forecast_run_20261005T130920538
2025-09-27,S02,P0213,10,3.329,1.423,3.32,0,Low,2,1,0.95,backtest,demand_forecast_run_20261005T130920538
2025-09-27,S02,P0252,24,5.333,1.602,3.74,0,Low,2,1,0.95,backtest,demand_forecast_run_20261005T130920538
2025-09-27,S02,P0272,9,1.651,1.295,3.02,0,Low,2,1,0.95,backtest,demand_forecast_run_20261005T130920538
2025-09-27,S02,P0288,7,1.924,0.951,2.22,0,Low,2,1,0.95,backtest,demand_forecast_run_20261005T130920538
2025-09-27,S02,P0316,0,1.458,0.793,1.85,4,High,2,1,0.95,backtest,demand_forecast_run_20261005T130920538
2025-09-27,S02,P0369,19,4.632,1.827,4.26,0,Low,2,1,0.95,backtest,demand_forecast_run_20261005T130920538
2025-09-27,S02,P0381,9,1.101,1.171,2.73,0,Low,2,1,0.95,backtest,demand_forecast_run_20261005T130920538
2025-09-27,S02,P0391,11,4.839,1.548,3.61,0,Low,2,1,0.95,backtest,demand_forecast_run_20261005T130920538
2025-09-27,S02,P0392,5,1.351,1.134,2.65,0,Low,2,1,0.95,backtest,demand_forecast_run_20261005T130920538
2025-09-27,S02,P0408,4,2.29,0.951,2.22,1,Medium,2,1,0.95,backtest,demand_forecast_run_20261005T130920538
2025-09-27,S02,P0409,14,3.089,1.362,3.18,0,Low,2,1,0.95,backtest,demand_forecast_run_20261005T130920538
2025-09-27,S02,P0433,4,0.622,0.585,1.37,0,Low,2,1,0.95,backtest,demand_forecast_run_20261005T130920538
2025-09-27,S02,P0435,15,6.092,1.835,4.28,0,Low,2,1,0.95,backtest,demand_forecast_run_20261005T130920538
2025-09-27,S02,P0445,10,1.628,1.219,2.84,0,Low,2,1,0.95,backtest,demand_forecast_run_20261005T130920538
2025-09-27,S02,P0507,32,10.194,2.444,5.7,0,Low,2,1,0.95,backtest,demand_forecast_run_20261005T130920538
2025-09-27,S02,P0563,11,3.302,1.876,4.38,0,Low,2,1,0.95,backtest,demand_forecast_run_20261005T130920538
2025-09-27,S02,P0579,5,1.503,1.162,2.71,0,Low,2,1,0.95,backtest,demand_forecast_run_20261005T130920538
2025-09-27,S02,P0589,11,2.201,1.331,3.11,0,Low,2,1,0.95,backtest,demand_forecast_run_20261005T130920538
2025-09-27,S03,P0003,12,3.094,1.37,3.2,0,Low,2,1,0.95,backtest,demand_forecast_run_20261005T130920538
2025-09-27,S03,P0022,9,2.469,1.217,2.84,0,Low,2,1,0.95,backtest,demand_forecast_run_20261005T130920538
2025-09-27,S03,P0032,35,11.348,2.123,4.95,0,Low,2,1,0.95,backtest,demand_forecast_run_20261005T130920538
2025-09-27,S03,P0053,6,1.601,0.836,1.95,0,Low,2,1,0.95,backtest,demand_forecast_run_20261005T130920538
2025-09-27,S03,P0073,3,1.201,0.559,1.3,0,Medium,2,1,0.95,backtest,demand_forecast_run_20261005T130920538
2025-09-27,S03,P0170,10,4.175,0.989,2.31,0,Low,2,1,0.95,backtest,demand_forecast_run_20261005T130920538
2025-09-27,S03,P0206,18,3.169,1.359,3.17,0,Low,2,1,0.95,backtest,demand_forecast_run_20261005T130920538
2025-09-27,S03,P0213,8,2.221,1.138,2.66,0,Low,2,1,0.95,backtest,demand_forecast_run_20261005T130920538
2025-09-27,S03,P0252,15,4.55,1.331,3.11,0,Low,2,1,0.95,backtest,demand_forecast_run_20261005T130920538
2025-09-27,S03,P0272,0,1.442,0.836,1.95,4,High,2,1,0.95,backtest,demand_forecast_run_20261005T130920538
2025-09-27,S03,P0288,9,1.423,0.832,1.94,0,Low,2,1,0.95,backtest,demand_forecast_run_20261005T130920538
2025-09-27,S03,P0316,4,1.585,0.922,2.15,0,Medium,2,1,0.95,backtest,demand_forecast_run_20261005T130920538
2025-09-27,S03,P0369,27,4.069,1.143,2.67,0,Low,2,1,0.95,backtest,demand_forecast_run_20261005T130920538
2025-09-27,S03,P0381,4,1.081,0.612,1.43,0,Low,2,1,0.95,backtest,demand_forecast_run_20261005T130920538
2025-09-27,S03,P0391,15,3.803,1.704,3.98,0,Low,2,1,0.95,backtest,demand_forecast_run_20261005T130920538
2025-09-27,S03,P0392,8,0.894,0.567,1.32,0,Low,2,1,0.95,backtest,demand_forecast_run_20261005T130920538
2025-09-27,S03,P0408,5,2.254,1.11,2.59,0,Low,2,1,0.95,backtest,demand_forecast_run_20261005T130920538
2025-09-27,S03,P0409,5,2.507,0.94,2.19,0,Low,2,1,0.95,backtest,demand_forecast_run_20261005T130920538
2025-09-27,S03,P0433,3,0,0,0,0,Low,2,1,0.95,backtest,demand_forecast_run_20261005T130920538
2025-09-27,S03,P0435,8,4.916,1.193,2.78,0,Low,2,1,0.95,backtest,demand_forecast_run_20261005T130920538
2025-09-27,S03,P0445,10,0.681,0.659,1.54,0,Low,2,1,0.95,backtest,demand_forecast_run_20261005T130920538
2025-09-27,S03,P0507,43,9.787,2.833,6.61,0,Low,2,1,0.95,backtest,demand_forecast_run_20261005T130920538
2025-09-27,S03,P0563,16,3.484,1.036,2.42,0,Low,2,1,0.95,backtest,demand_forecast_run_20261005T130920538
2025-09-27,S03,P0579,2,1.446,0.838,1.96,2,Medium,2,1,0.95,backtest,demand_forecast_run_20261005T130920538
2025-09-27,S03,P0589,9,3.194,1.145,2.67,0,Low,2,1,0.95,backtest,demand_forecast_run_20261005T130920538
2025-09-27,S04,P0003,14,3.7,1.95,4.55,0,Low,2,1,0.95,backtest,demand_forecast_run_20261005T130920538
2025-09-27,S04,P0022,10,2.274,1.268,2.96,0,Low,2,1,0.95,backtest,demand_forecast_run_20261005T130920538
2025-09-27,S04,P0032,33,8.014,2.289,5.34,0,Low,2,1,0.95,backtest,demand_forecast_run_20261005T130920538
2025-09-27,S04,P0053,2,0.733,0.67,1.56,1,Medium,2,1,0.95,backtest,demand_forecast_run_20261005T130920538
2025-09-27,S04,P0073,2,1.413,0.838,1.96,2,Medium,2,1,0.95,backtest,demand_forecast_run_20261005T130920538
2025-09-27,S04,P0170,11,1.754,1.049,2.45,0,Low,2,1,0.95,backtest,demand_forecast_run_20261005T130920538
2025-09-27,S04,P0206,14,3.027,1.517,3.54,0,Low,2,1,0.95,backtest,demand_forecast_run_20261005T130920538
2025-09-27,S04,P0213,0,1.997,1.145,2.67,5,High,2,1,0.95,backtest,demand_forecast_run_20261005T130920538
2025-09-27,S04,P0252,9,4.117,1.186,2.77,0,Low,2,1,0.95,backtest,demand_forecast_run_20261005T130920538
2025-09-27,S04,P0272,4,1.304,0.742,1.73,0,Low,2,1,0.95,backtest,demand_forecast_run_20261005T130920538
2025-09-27,S04,P0288,5,1.477,0.854,1.99,0,Low,2,1,0.95,backtest,demand_forecast_run_20261005T130920538
2025-09-27,S04,P0316,5,0.642,0.585,1.37,0,Low,2,1,0.95,backtest,demand_forecast_run_20261005T130920538
2025-09-27,S04,P0369,18,3.442,1.268,2.96,0,Low,2,1,0.95,backtest,demand_forecast_run_20261005T130920538
2025-09-27,S04,P0381,7,1.304,0.92,2.15,0,Low,2,1,0.95,backtest,demand_forecast_run_20261005T130920538
2025-09-27,S04,P0391,1,2.443,1.215,2.84,5,High,2,1,0.95,backtest,demand_forecast_run_20261005T130920538
2025-09-27,S04,P0392,5,1.317,0.839,1.96,0,Low,2,1,0.95,backtest,demand_forecast_run_20261005T130920538
2025-09-27,S04,P0408,11,1.598,0.418,0.98,0,Low,2,1,0.95,backtest,demand_forecast_run_20261005T130920538
2025-09-27,S04,P0409,13,2.073,1.541,3.6,0,Low,2,1,0.95,backtest,demand_forecast_run_20261005T130920538
2025-09-27,S04,P0433,2,0.551,0.854,1.99,1,Medium,2,1,0.95,backtest,demand_forecast_run_20261005T130920538
2025-09-27,S04,P0435,6,4.137,2.143,5,4,Medium,2,1,0.95,backtest,demand_forecast_run_20261005T130920538
2025-09-27,S04,P0445,7,1.755,1.049,2.45,0,Low,2,1,0.95,backtest,demand_forecast_run_20261005T130920538
2025-09-27,S04,P0507,22,6.756,1.578,3.68,0,Low,2,1,0.95,backtest,demand_forecast_run_20261005T130920538
2025-09-27,S04,P0563,7,1.522,0.745,1.74,0,Low,2,1,0.95,backtest,demand_forecast_run_20261005T130920538
2025-09-27,S04,P0579,1,0.691,0.916,2.14,2,Medium,2,1,0.95,backtest,demand_forecast_run_20261005T130920538
2025-09-27,S04,P0589,15,1.518,0.92,2.15,0,Low,2,1,0.95,backtest,demand_forecast_run_20261005T130920538
2025-09-27,S05,P0003,8,1.929,1.397,3.26,0,Low,2,1,0.95,backtest,demand_forecast_run_20261005T130920538
2025-09-27,S05,P0022,11,2.167,1.02,2.38,0,Low,2,1,0.95,backtest,demand_forecast_run_20261005T130920538
2025-09-27,S05,P0032,19,6.565,2.045,4.77,0,Low,2,1,0.95,backtest,demand_forecast_run_20261005T130920538
2025-09-27,S05,P0053,2,1,0.962,2.24,2,Medium,2,1,0.95,backtest,demand_forecast_run_20261005T130920538
2025-09-27,S05,P0073,6,0.692,0.518,1.21,0,Low,2,1,0.95,backtest,demand_forecast_run_20261005T130920538
2025-09-27,S05,P0170,4,1.321,0.838,1.96,0,Low,2,1,0.95,backtest,demand_forecast_run_20261005T130920538
2025-09-27,S05,P0206,5,2.896,1.571,3.67,2,Low,2,1,0.95,backtest,demand_forecast_run_20261005T130920538
2025-09-27,S05,P0213,6,1.718,0.976,2.28,0,Low,2,1,0.95,backtest,demand_forecast_run_20261005T130920538
2025-09-27,S05,P0252,6,3.784,1.268,2.96,1,Low,2,1,0.95,backtest,demand_forecast_run_20261005T130920538
2025-09-27,S05,P0272,7,1.582,0.92,2.15,0,Low,2,1,0.95,backtest,demand_forecast_run_20261005T130920538
2025-09-27,S05,P0288,2,2.05,1.031,2.41,3,High,2,1,0.95,backtest,demand_forecast_run_20261005T130920538
2025-09-27,S05,P0316,7,0.934,0.621,1.45,0,Low,2,1,0.95,backtest,demand_forecast_run_20261005T130920538
2025-09-27,S05,P0369,18,3.359,1.397,3.26,0,Low,2,1,0.95,backtest,demand_forecast_run_20261005T130920538
2025-09-27,S05,P0381,7,1.779,0.989,2.31,0,Low,2,1,0.95,backtest,demand_forecast_run_20261005T130920538
2025-09-27,S05,P0391,13,2.399,1.301,3.04,0,Low,2,1,0.95,backtest,demand_forecast_run_20261005T130920538
2025-09-27,S05,P0392,6,0.521,0.476,1.11,0,Low,2,1,0.95,backtest,demand_forecast_run_20261005T130920538
2025-09-27,S05,P0408,4,0.932,0.844,1.97,0,Low,2,1,0.95,backtest,demand_forecast_run_20261005T130920538
2025-09-27,S05,P0409,4,1.704,1.084,2.53,1,Low,2,1,0.95,backtest,demand_forecast_run_20261005T130920538
2025-09-27,S05,P0433,6,0.385,0.448,1.05,0,Low,2,1,0.95,backtest,demand_forecast_run_20261005T130920538
2025-09-27,S05,P0435,7,3.728,1.476,3.45,1,Low,2,1,0.95,backtest,demand_forecast_run_20261005T130920538
2025-09-27,S05,P0445,9,0.543,0.568,1.33,0,Low,2,1,0.95,backtest,demand_forecast_run_20261005T130920538
2025-09-27,S05,P0507,8,6.065,2.455,5.73,4,Medium,2,1,0.95,backtest,demand_forecast_run_20261005T130920538
2025-09-27,S05,P0563,12,2.175,1.166,2.72,0,Low,2,1,0.95,backtest,demand_forecast_run_20261005T130920538
2025-09-27,S05,P0579,6,0.767,0.772,1.8,0,Low,2,1,0.95,backtest,demand_forecast_run_20261005T130920538
2025-09-27,S05,P0589,7,1.929,1.449,3.38,0,Low,2,1,0.95,backtest,demand_forecast_run_20261005T130920538
2025-09-27,S06,P0003,11,4.322,1.618,3.78,0,Low,2,1,0.95,backtest,demand_forecast_run_20261005T130920538
2025-09-27,S06,P0022,7,3.966,1.367,3.19,1,Low,2,1,0.95,backtest,demand_forecast_run_20261005T130920538
2025-09-27,S06,P0032,36,14.489,2.753,6.42,0,Low,2,1,0.95,backtest,demand_forecast_run_20261005T130920538
2025-09-27,S06,P0053,6,1.582,0.983,2.29,0,Low,2,1,0.95,backtest,demand_forecast_run_20261005T130920538
2025-09-27,S06,P0073,3,2.629,1.517,3.54,4,Medium,2,1,0.95,backtest,demand_forecast_run_20261005T130920538
2025-09-27,S06,P0170,12,1.649,1.228,2.87,0,Low,2,1,0.95,backtest,demand_forecast_run_20261005T130920538
2025-09-27,S06,P0206,13,5.818,1.499,3.5,0,Low,2,1,0.95,backtest,demand_forecast_run_20261005T130920538
2025-09-27,S06,P0213,2,4.32,1.856,4.33,7,High,2,1,0.95,backtest,demand_forecast_run_20261005T130920538
2025-09-27,S06,P0252,17,6.366,1.691,3.95,0,Low,2,1,0.95,backtest,demand_forecast_run_20261005T130920538
2025-09-27,S06,P0272,12,1.943,1.066,2.49,0,Low,2,1,0.95,backtest,demand_forecast_run_20261005T130920538
2025-09-27,S06,P0288,10,2.76,1.105,2.58,0,Low,2,1,0.95,backtest,demand_forecast_run_20261005T130920538
2025-09-27,S06,P0316,7,2.536,1.197,2.79,0,Low,2,1,0.95,backtest,demand_forecast_run_20261005T130920538
2025-09-27,S06,P0369,23,5.809,1.688,3.94,0,Low,2,1,0.95,backtest,demand_forecast_run_20261005T130920538
2025-09-27,S06,P0381,3,3.086,1.621,3.78,4,High,2,1,0.95,backtest,demand_forecast_run_20261005T130920538
2025-09-27,S06,P0391,4,3.498,1.599,3.73,4,Medium,2,1,0.95,backtest,demand_forecast_run_20261005T130920538
2025-09-27,S06,P0392,9,1.967,0.956,2.23,0,Low,2,1,0.95,backtest,demand_forecast_run_20261005T130920538
2025-09-27,S06,P0408,12,3.407,0.957,2.23,0,Low,2,1,0.95,backtest,demand_forecast_run_20261005T130920538
2025-09-27,S06,P0409,6,2.668,1.133,2.64,0,Low,2,1,0.95,backtest,demand_forecast_run_20261005T130920538
2025-09-27,S06,P0433,6,1.16,0.535,1.25,0,Low,2,1,0.95,backtest,demand_forecast_run_20261005T130920538
2025-09-27,S06,P0435,20,6.624,1.15,2.68,0,Low,2,1,0.95,backtest,demand_forecast_run_20261005T130920538
2025-09-27,S06,P0445,0,1.802,1.1,2.57,5,High,2,1,0.95,backtest,demand_forecast_run_20261005T130920538
2025-09-27,S06,P0507,43,11.452,2.704,6.31,0,Low,2,1,0.95,backtest,demand_forecast_run_20261005T130920538
2025-09-27,S06,P0563,9,3.315,0.962,2.24,0,Low,2,1,0.95,backtest,demand_forecast_run_20261005T130920538
2025-09-27,S06,P0579,7,2.41,1.563,3.65,0,Low,2,1,0.95,backtest,demand_forecast_run_20261005T130920538
2025-09-27,S06,P0589,16,3.553,1.467,3.42,0,Low,2,1,0.95,backtest,demand_forecast_run_20261005T130920538
2025-09-27,S07,P0003,4,3.206,1.152,2.69,2,Medium,2,1,0.95,backtest,demand_forecast_run_20261005T130920538
2025-09-27,S07,P0022,8,2.882,1.548,3.61,0,Low,2,1,0.95,backtest,demand_forecast_run_20261005T130920538
2025-09-27,S07,P0032,20,8.469,2.435,5.68,0,Low,2,1,0.95,backtest,demand_forecast_run_20261005T130920538
2025-09-27,S07,P0053,3,1.338,1.295,3.02,2,Medium,2,1,0.95,backtest,demand_forecast_run_20261005T130920538
2025-09-27,S07,P0073,4,0.82,0.731,1.71,0,Low,2,1,0.95,backtest,demand_forecast_run_20261005T130920538
2025-09-27,S07,P0170,3,1.346,0.786,1.83,1,Medium,2,1,0.95,backtest,demand_forecast_run_20261005T130920538
2025-09-27,S07,P0206,9,4.1,1.75,4.08,0,Low,2,1,0.95,backtest,demand_forecast_run_20261005T130920538
2025-09-27,S07,P0213,11,2.274,1.071,2.5,0,Low,2,1,0.95,backtest,demand_forecast_run_20261005T130920538
2025-09-27,S07,P0252,10,3.257,1.453,3.39,0,Low,2,1,0.95,backtest,demand_forecast_run_20261005T130920538
2025-09-27,S07,P0272,6,1.148,0.962,2.25,0,Low,2,1,0.95,backtest,demand_forecast_run_20261005T130920538
2025-09-27,S07,P0288,5,1.201,0.959,2.24,0,Low,2,1,0.95,backtest,demand_forecast_run_20261005T130920538
2025-09-27,S07,P0316,5,0.456,0.39,0.91,0,Low,2,1,0.95,backtest,demand_forecast_run_20261005T130920538
2025-09-27,S07,P0369,18,4.696,1.814,4.23,0,Low,2,1,0.95,backtest,demand_forecast_run_20261005T130920538
2025-09-27,S07,P0381,3,1.312,1.2,2.8,2,Medium,2,1,0.95,backtest,demand_forecast_run_20261005T130920538
2025-09-27,S07,P0391,6,2.421,1.929,4.5,1,Low,2,1,0.95,backtest,demand_forecast_run_20261005T130920538
2025-09-27,S07,P0392,7,1.262,0.839,1.96,0,Low,2,1,0.95,backtest,demand_forecast_run_20261005T130920538
2025-09-27,S07,P0408,8,1.809,1.514,3.53,0,Low,2,1,0.95,backtest,demand_forecast_run_20261005T130920538
2025-09-27,S07,P0409,8,2.38,1.301,3.04,0,Low,2,1,0.95,backtest,demand_forecast_run_20261005T130920538
2025-09-27,S07,P0433,9,0.773,0.786,1.83,0,Low,2,1,0.95,backtest,demand_forecast_run_20261005T130920538
2025-09-27,S07,P0435,5,4.355,2.227,5.2,5,Medium,2,1,0.95,backtest,demand_forecast_run_20261005T130920538
2025-09-27,S07,P0445,16,0.94,0.742,1.73,0,Low,2,1,0.95,backtest,demand_forecast_run_20261005T130920538
2025-09-27,S07,P0507,18,6.583,2.906,6.78,0,Low,2,1,0.95,backtest,demand_forecast_run_20261005T130920538
2025-09-27,S07,P0563,6,3.526,1.835,4.28,2,Low,2,1,0.95,backtest,demand_forecast_run_20261005T130920538
2025-09-27,S07,P0579,9,1.19,0.911,2.13,0,Low,2,1,0.95,backtest,demand_forecast_run_20261005T130920538
2025-09-27,S07,P0589,13,2.096,0.832,1.94,0,Low,2,1,0.95,backtest,demand_forecast_run_20261005T130920538
2025-09-27,S08,P0003,14,4.675,1.895,4.42,0,Low,2,1,0.95,backtest,demand_forecast_run_20261005T130920538
2025-09-27,S08,P0022,13,2.787,1.423,3.32,0,Low,2,1,0.95,backtest,demand_forecast_run_20261005T130920538
2025-09-27,S08,P0032,14,13.126,2.822,6.58,6,Medium,2,1,0.95,backtest,demand_forecast_run_20261005T130920538
2025-09-27,S08,P0053,4,1.436,1.311,3.06,1,Low,2,1,0.95,backtest,demand_forecast_run_20261005T130920538
2025-09-27,S08,P0073,11,0.81,0.713,1.66,0,Low,2,1,0.95,backtest,demand_forecast_run_20261005T130920538
2025-09-27,S08,P0170,6,1.872,0.989,2.31,0,Low,2,1,0.95,backtest,demand_forecast_run_20261005T130920538
2025-09-27,S08,P0206,8,4.378,1.615,3.77,1,Low,2,1,0.95,backtest,demand_forecast_run_20261005T130920538
2025-09-27,S08,P0213,8,2.85,2.009,4.69,0,Low,2,1,0.95,backtest,demand_forecast_run_20261005T130920538
2025-09-27,S08,P0252,28,5.867,1.268,2.96,0,Low,2,1,0.95,backtest,demand_forecast_run_20261005T130920538
2025-09-27,S08,P0272,5,1.823,1.026,2.39,0,Low,2,1,0.95,backtest,demand_forecast_run_20261005T130920538
2025-09-27,S08,P0288,9,1.987,1.143,2.67,0,Low,2,1,0.95,backtest,demand_forecast_run_20261005T130920538
2025-09-27,S08,P0316,6,1.332,0.839,1.96,0,Low,2,1,0.95,backtest,demand_forecast_run_20261005T130920538
2025-09-27,S08,P0369,18,5.337,2.572,6,0,Low,2,1,0.95,backtest,demand_forecast_run_20261005T130920538
2025-09-27,S08,P0381,11,1.215,0.79,1.84,0,Low,2,1,0.95,backtest,demand_forecast_run_20261005T130920538
2025-09-27,S08,P0391,18,3.99,1.873,4.37,0,Low,2,1,0.95,backtest,demand_forecast_run_20261005T130920538
2025-09-27,S08,P0392,5,1.667,1.397,3.26,0,Low,2,1,0.95,backtest,demand_forecast_run_20261005T130920538
2025-09-27,S08,P0408,6,3.426,1.599,3.73,2,Low,2,1,0.95,backtest,demand_forecast_run_20261005T130920538
2025-09-27,S08,P0409,7,2.519,1.671,3.9,0,Low,2,1,0.95,backtest,demand_forecast_run_20261005T130920538
2025-09-27,S08,P0433,10,0.719,0.476,1.11,0,Low,2,1,0.95,backtest,demand_forecast_run_20261005T130920538
2025-09-27,S08,P0435,19,6.718,2.081,4.86,0,Low,2,1,0.95,backtest,demand_forecast_run_20261005T130920538
2025-09-27,S08,P0445,6,0.95,1.103,2.57,0,Low,2,1,0.95,backtest,demand_forecast_run_20261005T130920538
2025-09-27,S08,P0507,14,11.957,3.436,8.02,6,Medium,2,1,0.95,backtest,demand_forecast_run_20261005T130920538
2025-09-27,S08,P0563,22,5.773,2.099,4.9,0,Low,2,1,0.95,backtest,demand_forecast_run_20261005T130920538
2025-09-27,S08,P0579,9,1.338,0.786,1.83,0,Low,2,1,0.95,backtest,demand_forecast_run_20261005T130920538
2025-09-27,S08,P0589,14,2.296,1.414,3.3,0,Low,2,1,0.95,backtest,demand_forecast_run_20261005T130920538
2025-09-27,S09,P0003,15,4.053,1.607,3.75,0,Low,2,1,0.95,backtest,demand_forecast_run_20261005T130920538
2025-09-27,S09,P0022,4,3.052,1.133,2.64,2,Medium,2,1,0.95,backtest,demand_forecast_run_20261005T130920538
2025-09-27,S09,P0032,40,11.778,2.276,5.31,0,Low,2,1,0.95,backtest,demand_forecast_run_20261005T130920538
2025-09-27,S09,P0053,3,0.853,0.78,1.82,0,Medium,2,1,0.95,backtest,demand_forecast_run_20261005T130920538
2025-09-27,S09,P0073,2,0.571,0.448,1.05,0,Medium,2,1,0.95,backtest,demand_forecast_run_20261005T130920538
2025-09-27,S09,P0170,7,2.147,0.945,2.2,0,Low,2,1,0.95,backtest,demand_forecast_run_20261005T130920538
2025-09-27,S09,P0206,20,3.592,1.175,2.74,0,Low,2,1,0.95,backtest,demand_forecast_run_20261005T130920538
2025-09-27,S09,P0213,15,4.088,1.43,3.34,0,Low,2,1,0.95,backtest,demand_forecast_run_20261005T130920538
2025-09-27,S09,P0252,17,7.03,1.884,4.4,0,Low,2,1,0.95,backtest,demand_forecast_run_20261005T130920538
2025-09-27,S09,P0272,6,1.284,0.476,1.11,0,Low,2,1,0.95,backtest,demand_forecast_run_20261005T130920538
2025-09-27,S09,P0288,6,3.026,1.305,3.05,1,Low,2,1,0.95,backtest,demand_forecast_run_20261005T130920538
2025-09-27,S09,P0316,10,1.642,1.034,2.41,0,Low,2,1,0.95,backtest,demand_forecast_run_20261005T130920538
2025-09-27,S09,P0369,9,4.868,1.618,3.78,0,Low,2,1,0.95,backtest,demand_forecast_run_20261005T130920538
2025-09-27,S09,P0381,6,1.142,0.6,1.4,0,Low,2,1,0.95,backtest,demand_forecast_run_20261005T130920538
2025-09-27,S09,P0391,9,3.666,1.621,3.78,0,Low,2,1,0.95,backtest,demand_forecast_run_20261005T130920538
2025-09-27,S09,P0392,11,1.355,1.258,2.93,0,Low,2,1,0.95,backtest,demand_forecast_run_20261005T130920538
2025-09-27,S09,P0408,9,3.418,0.995,2.32,0,Low,2,1,0.95,backtest,demand_forecast_run_20261005T130920538
2025-09-27,S09,P0409,7,2.212,1.09,2.54,0,Low,2,1,0.95,backtest,demand_forecast_run_20261005T130920538
2025-09-27,S09,P0433,8,0.547,0.39,0.91,0,Low,2,1,0.95,backtest,demand_forecast_run_20261005T130920538
2025-09-27,S09,P0435,4,6.485,1.84,4.29,7,High,2,1,0.95,backtest,demand_forecast_run_20261005T130920538
2025-09-27,S09,P0445,13,1.955,1.062,2.48,0,Low,2,1,0.95,backtest,demand_forecast_run_20261005T130920538
2025-09-27,S09,P0507,51,10.859,2.645,6.17,0,Low,2,1,0.95,backtest,demand_forecast_run_20261005T130920538
2025-09-27,S09,P0563,9,5.279,1.765,4.12,1,Low,2,1,0.95,backtest,demand_forecast_run_20261005T130920538
2025-09-27,S09,P0579,10,1.539,1.069,2.49,0,Low,2,1,0.95,backtest,demand_forecast_run_20261005T130920538
2025-09-27,S09,P0589,12,3.603,1.113,2.6,0,Low,2,1,0.95,backtest,demand_forecast_run_20261005T130920538
2025-09-27,S10,P0003,15,4.504,2.077,4.85,0,Low,2,1,0.95,backtest,demand_forecast_run_20261005T130920538
2025-09-27,S10,P0022,5,3.29,1.701,3.97,3,Medium,2,1,0.95,backtest,demand_forecast_run_20261005T130920538
2025-09-27,S10,P0032,22,9.892,2.409,5.62,0,Low,2,1,0.95,backtest,demand_forecast_run_20261005T130920538
2025-09-27,S10,P0053,8,1.038,0.87,2.03,0,Low,2,1,0.95,backtest,demand_forecast_run_20261005T130920538
2025-09-27,S10,P0073,9,0.789,0.518,1.21,0,Low,2,1,0.95,backtest,demand_forecast_run_20261005T130920538
2025-09-27,S10,P0170,7,1.409,1.145,2.67,0,Low,2,1,0.95,backtest,demand_forecast_run_20261005T130920538
2025-09-27,S10,P0206,11,3.236,1.152,2.69,0,Low,2,1,0.95,backtest,demand_forecast_run_20261005T130920538
2025-09-27,S10,P0213,13,2.059,1.297,3.03,0,Low,2,1,0.95,backtest,demand_forecast_run_20261005T130920538
2025-09-27,S10,P0252,0,5.192,1.524,3.56,9,High,2,1,0.95,backtest,demand_forecast_run_20261005T130920538
2025-09-27,S10,P0272,2,1.352,0.879,2.05,2,Medium,2,1,0.95,backtest,demand_forecast_run_20261005T130920538
2025-09-27,S10,P0288,10,1.78,1.475,3.44,0,Low,2,1,0.95,backtest,demand_forecast_run_20261005T130920538
2025-09-27,S10,P0316,11,1.12,0.67,1.56,0,Low,2,1,0.95,backtest,demand_forecast_run_20261005T130920538
2025-09-27,S10,P0369,20,4.943,1.652,3.86,0,Low,2,1,0.95,backtest,demand_forecast_run_20261005T130920538
2025-09-27,S10,P0381,6,2.029,1.129,2.63,0,Low,2,1,0.95,backtest,demand_forecast_run_20261005T130920538
2025-09-27,S10,P0391,3,3.217,1.1,2.57,3,High,2,1,0.95,backtest,demand_forecast_run_20261005T130920538
2025-09-27,S10,P0392,4,0.752,0.46,1.07,0,Low,2,1,0.95,backtest,demand_forecast_run_20261005T130920538
2025-09-27,S10,P0408,7,2.471,0.945,2.2,0,Low,2,1,0.95,backtest,demand_forecast_run_20261005T130920538
2025-09-27,S10,P0409,5,2.892,1.215,2.84,1,Medium,2,1,0.95,backtest,demand_forecast_run_20261005T130920538
2025-09-27,S10,P0433,6,0.84,0.535,1.25,0,Low,2,1,0.95,backtest,demand_forecast_run_20261005T130920538
2025-09-27,S10,P0435,23,4.773,2.558,5.97,0,Low,2,1,0.95,backtest,demand_forecast_run_20261005T130920538
2025-09-27,S10,P0445,2,2.088,1.227,2.86,3,High,2,1,0.95,backtest,demand_forecast_run_20261005T130920538
2025-09-27,S10,P0507,27,8.769,2.474,5.77,0,Low,2,1,0.95,backtest,demand_forecast_run_20261005T130920538
2025-09-27,S10,P0563,16,3.381,1.412,3.3,0,Low,2,1,0.95,backtest,demand_forecast_run_20261005T130920538
2025-09-27,S10,P0579,7,0.868,0.612,1.43,0,Low,2,1,0.95,backtest,demand_forecast_run_20261005T130920538
2025-09-27,S10,P0589,9,1.958,1.15,2.68,0,Low,2,1,0.95,backtest,demand_forecast_run_20261005T130920538
2025-09-27,S11,P0003,17,3.964,1.374,3.21,0,Low,2,1,0.95,backtest,demand_forecast_run_20261005T130920538
2025-09-27,S11,P0022,9,4.598,2.091,4.88,1,Low,2,1,0.95,backtest,demand_forecast_run_20261005T130920538
2025-09-27,S11,P0032,44,13.175,3.926,9.16,0,Low,2,1,0.95,backtest,demand_forecast_run_20261005T130920538
2025-09-27,S11,P0053,6,1.57,0.994,2.32,0,Low,2,1,0.95,backtest,demand_forecast_run_20261005T130920538
2025-09-27,S11,P0073,6,1.376,0.629,1.47,0,Low,2,1,0.95,backtest,demand_forecast_run_20261005T130920538
2025-09-27,S11,P0170,0,1.771,0.932,2.17,4,High,2,1,0.95,backtest,demand_forecast_run_20261005T130920538
2025-09-27,S11,P0206,17,3.687,1.679,3.92,0,Low,2,1,0.95,backtest,demand_forecast_run_20261005T130920538
2025-09-27,S11,P0213,5,3.585,1.315,3.07,2,Medium,2,1,0.95,backtest,demand_forecast_run_20261005T130920538
2025-09-27,S11,P0252,6,6.667,2.252,5.26,6,High,2,1,0.95,backtest,demand_forecast_run_20261005T130920538
2025-09-27,S11,P0272,8,1.501,0.69,1.61,0,Low,2,1,0.95,backtest,demand_forecast_run_20261005T130920538
2025-09-27,S11,P0288,14,3.867,1.933,4.51,0,Low,2,1,0.95,backtest,demand_forecast_run_20261005T130920538
2025-09-27,S11,P0316,0,2.905,0.979,2.28,6,High,2,1,0.95,backtest,demand_forecast_run_20261005T130920538
2025-09-27,S11,P0369,10,6.063,3.423,7.99,5,Low,2,1,0.95,backtest,demand_forecast_run_20261005T130920538
2025-09-27,S11,P0381,10,2.753,1.228,2.87,0,Low,2,1,0.95,backtest,demand_forecast_run_20261005T130920538
2025-09-27,S11,P0391,7,3.139,1.618,3.78,0,Medium,2,1,0.95,backtest,demand_forecast_run_20261005T130920538
2025-09-27,S11,P0392,8,1.266,1.213,2.83,0,Low,2,1,0.95,backtest,demand_forecast_run_20261005T130920538
2025-09-27,S11,P0408,15,3.25,1.756,4.1,0,Low,2,1,0.95,backtest,demand_forecast_run_20261005T130920538
2025-09-27,S11,P0409,4,3.053,1.378,3.21,3,Medium,2,1,0.95,backtest,demand_forecast_run_20261005T130920538
2025-09-27,S11,P0433,5,1.36,0.962,2.24,0,Low,2,1,0.95,backtest,demand_forecast_run_20261005T130920538
2025-09-27,S11,P0435,20,7.154,2.805,6.55,0,Low,2,1,0.95,backtest,demand_forecast_run_20261005T130920538
2025-09-27,S11,P0445,11,1.806,0.956,2.23,0,Low,2,1,0.95,backtest,demand_forecast_run_20261005T130920538
2025-09-27,S11,P0507,34,14.659,2.788,6.51,0,Low,2,1,0.95,backtest,demand_forecast_run_20261005T130920538
2025-09-27,S11,P0563,9,5.63,2.061,4.81,2,Low,2,1,0.95,backtest,demand_forecast_run_20261005T130920538
2025-09-27,S11,P0579,13,1.454,0.731,1.71,0,Low,2,1,0.95,backtest,demand_forecast_run_20261005T130920538
2025-09-27,S11,P0589,7,4.258,1.232,2.87,1,Low,2,1,0.95,backtest,demand_forecast_run_20261005T130920538
2025-09-27,S12,P0003,13,3.103,1.295,3.02,0,Low,2,1,0.95,backtest,demand_forecast_run_20261005T130920538
2025-09-27,S12,P0022,10,3.675,1.501,3.5,0,Low,2,1,0.95,backtest,demand_forecast_run_20261005T130920538
2025-09-27,S12,P0032,54,13.562,6.141,14.33,0,Low,2,1,0.95,backtest,demand_forecast_run_20261005T130920538
2025-09-27,S12,P0053,4,1.344,0.962,2.25,0,Low,2,1,0.95,backtest,demand_forecast_run_20261005T130920538
2025-09-27,S12,P0073,8,0.701,0.418,0.98,0,Low,2,1,0.95,backtest,demand_forecast_run_20261005T130920538
2025-09-27,S12,P0170,6,1.37,1.197,2.79,0,Low,2,1,0.95,backtest,demand_forecast_run_20261005T130920538
2025-09-27,S12,P0206,1,3.023,2.043,4.77,7,High,2,1,0.95,backtest,demand_forecast_run_20261005T130920538
2025-09-27,S12,P0213,14,2.841,1.297,3.03,0,Low,2,1,0.95,backtest,demand_forecast_run_20261005T130920538
2025-09-27,S12,P0252,11,3.882,1.521,3.55,0,Low,2,1,0.95,backtest,demand_forecast_run_20261005T130920538
2025-09-27,S12,P0272,13,1.987,0.994,2.32,0,Low,2,1,0.95,backtest,demand_forecast_run_20261005T130920538
2025-09-27,S12,P0288,20,2.338,1.197,2.79,0,Low,2,1,0.95,backtest,demand_forecast_run_20261005T130920538
2025-09-27,S12,P0316,2,1.632,1.261,2.94,3,Medium,2,1,0.95,backtest,demand_forecast_run_20261005T130920538
2025-09-27,S12,P0369,12,7.61,2.485,5.8,2,Low,2,1,0.95,backtest,demand_forecast_run_20261005T130920538
2025-09-27,S12,P0381,4,2.221,1.09,2.54,1,Low,2,1,0.95,backtest,demand_forecast_run_20261005T130920538
2025-09-27,S12,P0391,14,3.167,1.278,2.98,0,Low,2,1,0.95,backtest,demand_forecast_run_20261005T130920538
2025-09-27,S12,P0392,7,1.35,1.096,2.56,0,Low,2,1,0.95,backtest,demand_forecast_run_20261005T130920538
2025-09-27,S12,P0408,9,1.785,1.062,2.48,0,Low,2,1,0.95,backtest,demand_forecast_run_20261005T130920538
2025-09-27,S12,P0409,4,2.461,1.286,3,2,Medium,2,1,0.95,backtest,demand_forecast_run_20261005T130920538
2025-09-27,S12,P0433,3,0.5,0.645,1.51,0,Low,2,1,0.95,backtest,demand_forecast_run_20261005T130920538
2025-09-27,S12,P0435,5,4.77,1.926,4.49,5,Medium,2,1,0.95,backtest,demand_forecast_run_20261005T130920538
2025-09-27,S12,P0445,3,1.06,0.793,1.85,0,Medium,2,1,0.95,backtest,demand_forecast_run_20261005T130920538
2025-09-27,S12,P0507,31,9.054,2.912,6.8,0,Low,2,1,0.95,backtest,demand_forecast_run_20261005T130920538
2025-09-27,S12,P0563,5,3.858,1.249,2.91,2,Medium,2,1,0.95,backtest,demand_forecast_run_20261005T130920538
2025-09-27,S12,P0579,1,1.032,0.793,1.85,2,High,2,1,0.95,backtest,demand_forecast_run_20261005T130920538
2025-09-27,S12,P0589,5,2.128,1.113,2.6,0,Low,2,1,0.95,backtest,demand_forecast_run_20261005T130920538
2025-09-30,S01,P0003,10,3.92,1.595,3.72,0,Low,2,1,0.95,current,demand_forecast_run_20261005T130920538
2025-09-30,S01,P0022,15,2.812,1.274,2.97,0,Low,2,1,0.95,current,demand_forecast_run_20261005T130920538
2025-09-30,S01,P0032,42,10.702,2.81,6.56,0,Low,2,1,0.95,current,demand_forecast_run_20261005T130920538
2025-09-30,S01,P0053,6,1.326,0.922,2.15,0,Low,2,1,0.95,current,demand_forecast_run_20261005T130920538
2025-09-30,S01,P0073,3,0.62,0.548,1.28,0,Medium,2,1,0.95,current,demand_forecast_run_20261005T130920538
2025-09-30,S01,P0170,11,0.918,0.559,1.3,0,Low,2,1,0.95,current,demand_forecast_run_20261005T130920538
2025-09-30,S01,P0206,11,2.892,1.156,2.7,0,Low,2,1,0.95,current,demand_forecast_run_20261005T130920538
2025-09-30,S01,P0213,2,3.516,1.177,2.75,5,High,2,1,0.95,current,demand_forecast_run_20261005T130920538
2025-09-30,S01,P0252,8,4.234,1.732,4.04,1,Low,2,1,0.95,current,demand_forecast_run_20261005T130920538
2025-09-30,S01,P0272,7,0.965,0.962,2.25,0,Low,2,1,0.95,current,demand_forecast_run_20261005T130920538
2025-09-30,S01,P0288,7,0.994,1.031,2.4,0,Low,2,1,0.95,current,demand_forecast_run_20261005T130920538
2025-09-30,S01,P0316,8,0.789,0.548,1.28,0,Low,2,1,0.95,current,demand_forecast_run_20261005T130920538
2025-09-30,S01,P0369,5,4.687,1.397,3.26,3,Medium,2,1,0.95,current,demand_forecast_run_20261005T130920538
2025-09-30,S01,P0381,1,1.792,1.274,2.97,4,High,2,1,0.95,current,demand_forecast_run_20261005T130920538
2025-09-30,S01,P0391,13,4.284,1.667,3.89,0,Low,2,1,0.95,current,demand_forecast_run_20261005T130920538
2025-09-30,S01,P0392,3,1.24,1.26,2.94,2,Medium,2,1,0.95,current,demand_forecast_run_20261005T130920538
2025-09-30,S01,P0408,10,1.636,1.124,2.62,0,Low,2,1,0.95,current,demand_forecast_run_20261005T130920538
2025-09-30,S01,P0409,12,2.033,1.217,2.84,0,Low,2,1,0.95,current,demand_forecast_run_20261005T130920538
2025-09-30,S01,P0433,4,1.001,0.836,1.95,0,Low,2,1,0.95,current,demand_forecast_run_20261005T130920538
2025-09-30,S01,P0435,23,3.391,1.824,4.26,0,Low,2,1,0.95,current,demand_forecast_run_20261005T130920538
2025-09-30,S01,P0445,7,1.314,0.838,1.96,0,Low,2,1,0.95,current,demand_forecast_run_20261005T130920538
2025-09-30,S01,P0507,32,10.516,1.843,4.3,0,Low,2,1,0.95,current,demand_forecast_run_20261005T130920538
2025-09-30,S01,P0563,11,3.239,1.517,3.54,0,Low,2,1,0.95,current,demand_forecast_run_20261005T130920538
2025-09-30,S01,P0579,9,1.815,1.1,2.57,0,Low,2,1,0.95,current,demand_forecast_run_20261005T130920538
2025-09-30,S01,P0589,8,3.344,1.401,3.27,0,Low,2,1,0.95,current,demand_forecast_run_20261005T130920538
2025-09-30,S02,P0003,16,3.9,1.453,3.39,0,Low,2,1,0.95,current,demand_forecast_run_20261005T130920538
2025-09-30,S02,P0022,16,3.628,1.922,4.48,0,Low,2,1,0.95,current,demand_forecast_run_20261005T130920538
2025-09-30,S02,P0032,56,11.789,2.209,5.15,0,Low,2,1,0.95,current,demand_forecast_run_20261005T130920538
2025-09-30,S02,P0053,9,0.646,0.81,1.89,0,Low,2,1,0.95,current,demand_forecast_run_20261005T130920538
2025-09-30,S02,P0073,10,0.922,0.742,1.73,0,Low,2,1,0.95,current,demand_forecast_run_20261005T130920538
2025-09-30,S02,P0170,10,1.122,0.911,2.13,0,Low,2,1,0.95,current,demand_forecast_run_20261005T130920538
2025-09-30,S02,P0206,15,2.853,1.433,3.34,0,Low,2,1,0.95,current,demand_forecast_run_20261005T130920538
2025-09-30,S02,P0213,3,3.396,1.397,3.26,4,High,2,1,0.95,current,demand_forecast_run_20261005T130920538
2025-09-30,S02,P0252,14,4.565,1.649,3.85,0,Low,2,1,0.95,current,demand_forecast_run_20261005T130920538
2025-09-30,S02,P0272,8,1.383,1.224,2.86,0,Low,2,1,0.95,current,demand_forecast_run_20261005T130920538
2025-09-30,S02,P0288,11,1.694,1.013,2.36,0,Low,2,1,0.95,current,demand_forecast_run_20261005T130920538
2025-09-30,S02,P0316,0,1.337,0.793,1.85,4,High,2,1,0.95,current,demand_forecast_run_20261005T130920538
2025-09-30,S02,P0369,13,4.876,1.818,4.24,0,Low,2,1,0.95,current,demand_forecast_run_20261005T130920538
2025-09-30,S02,P0381,7,0.999,1.071,2.5,0,Low,2,1,0.95,current,demand_forecast_run_20261005T130920538
2025-09-30,S02,P0391,20,4.443,1.551,3.62,0,Low,2,1,0.95,current,demand_forecast_run_20261005T130920538
2025-09-30,S02,P0392,8,1.458,1.026,2.39,0,Low,2,1,0.95,current,demand_forecast_run_20261005T130920538
2025-09-30,S02,P0408,7,1.885,1.11,2.59,0,Low,2,1,0.95,current,demand_forecast_run_20261005T130920538
2025-09-30,S02,P0409,10,3.022,1.471,3.43,0,Low,2,1,0.95,current,demand_forecast_run_20261005T130920538
2025-09-30,S02,P0433,8,0.77,0.6,1.4,0,Low,2,1,0.95,current,demand_forecast_run_20261005T130920538
2025-09-30,S02,P0435,22,4.234,1.595,3.72,0,Low,2,1,0.95,current,demand_forecast_run_20261005T130920538
2025-09-30,S02,P0445,8,1.464,1.136,2.65,0,Low,2,1,0.95,current,demand_forecast_run_20261005T130920538
2025-09-30,S02,P0507,15,10.618,2.549,5.95,2,Medium,2,1,0.95,current,demand_forecast_run_20261005T130920538
2025-09-30,S02,P0563,10,2.92,1.909,4.46,0,Low,2,1,0.95,current,demand_forecast_run_20261005T130920538
2025-09-30,S02,P0579,4,1.431,1.162,2.71,1,Low,2,1,0.95,current,demand_forecast_run_20261005T130920538
2025-09-30,S02,P0589,7,2.879,1.343,3.13,0,Low,2,1,0.95,current,demand_forecast_run_20261005T130920538
2025-09-30,S03,P0003,10,4.162,1.315,3.07,0,Low,2,1,0.95,current,demand_forecast_run_20261005T130920538
2025-09-30,S03,P0022,6,3.558,1.773,4.14,2,Low,2,1,0.95,current,demand_forecast_run_20261005T130920538
2025-09-30,S03,P0032,22,12.626,2.235,5.21,0,Low,2,1,0.95,current,demand_forecast_run_20261005T130920538
2025-09-30,S03,P0053,11,1.765,0.945,2.2,0,Low,2,1,0.95,current,demand_forecast_run_20261005T130920538
2025-09-30,S03,P0073,5,1.301,0.637,1.49,0,Low,2,1,0.95,current,demand_forecast_run_20261005T130920538
2025-09-30,S03,P0170,9,2.811,0.959,2.24,0,Low,2,1,0.95,current,demand_forecast_run_20261005T130920538
2025-09-30,S03,P0206,12,2.559,1.442,3.36,0,Low,2,1,0.95,current,demand_forecast_run_20261005T130920538
2025-09-30,S03,P0213,5,1.936,1.138,2.66,0,Low,2,1,0.95,current,demand_forecast_run_20261005T130920538
2025-09-30,S03,P0252,24,3.785,2.242,5.23,0,Low,2,1,0.95,current,demand_forecast_run_20261005T130920538
2025-09-30,S03,P0272,8,1.401,1.036,2.42,0,Low,2,1,0.95,current,demand_forecast_run_20261005T130920538
2025-09-30,S03,P0288,12,1.036,0.832,1.94,0,Low,2,1,0.95,current,demand_forecast_run_20261005T130920538
2025-09-30,S03,P0316,11,1.163,0.922,2.15,0,Low,2,1,0.95,current,demand_forecast_run_20261005T130920538
2025-09-30,S03,P0369,15,4.459,1.317,3.07,0,Low,2,1,0.95,current,demand_forecast_run_20261005T130920538
2025-09-30,S03,P0381,8,0.9,0.612,1.43,0,Low,2,1,0.95,current,demand_forecast_run_20261005T130920538
2025-09-30,S03,P0391,11,2.972,1.58,3.69,0,Low,2,1,0.95,current,demand_forecast_run_20261005T130920538
2025-09-30,S03,P0392,5,0.925,0.629,1.47,0,Low,2,1,0.95,current,demand_forecast_run_20261005T130920538
2025-09-30,S03,P0408,10,1.509,1.166,2.72,0,Low,2,1,0.95,current,demand_forecast_run_20261005T130920538
2025-09-30,S03,P0409,13,2.379,0.956,2.23,0,Low,2,1,0.95,current,demand_forecast_run_20261005T130920538
2025-09-30,S03,P0433,3,0.355,0.567,1.32,0,Low,2,1,0.95,current,demand_forecast_run_20261005T130920538
2025-09-30,S03,P0435,17,3.486,1.278,2.98,0,Low,2,1,0.95,current,demand_forecast_run_20261005T130920538
2025-09-30,S03,P0445,10,0.761,0.659,1.54,0,Low,2,1,0.95,current,demand_forecast_run_20261005T130920538
2025-09-30,S03,P0507,28,10.751,2.742,6.4,0,Low,2,1,0.95,current,demand_forecast_run_20261005T130920538
2025-09-30,S03,P0563,8,2.901,1.105,2.58,0,Low,2,1,0.95,current,demand_forecast_run_20261005T130920538
2025-09-30,S03,P0579,9,1.237,0.793,1.85,0,Low,2,1,0.95,current,demand_forecast_run_20261005T130920538
2025-09-30,S03,P0589,7,3.795,1.066,2.49,0,Low,2,1,0.95,current,demand_forecast_run_20261005T130920538
2025-09-30,S04,P0003,5,3.764,1.95,4.55,4,Medium,2,1,0.95,current,demand_forecast_run_20261005T130920538
2025-09-30,S04,P0022,7,2.438,1.257,2.93,0,Low,2,1,0.95,current,demand_forecast_run_20261005T130920538
2025-09-30,S04,P0032,16,8.681,2.001,4.67,0,Low,2,1,0.95,current,demand_forecast_run_20261005T130920538
2025-09-30,S04,P0053,6,0.655,0.659,1.54,0,Low,2,1,0.95,current,demand_forecast_run_20261005T130920538
2025-09-30,S04,P0073,7,1.151,0.836,1.95,0,Low,2,1,0.95,current,demand_forecast_run_20261005T130920538
2025-09-30,S04,P0170,8,1.852,0.951,2.22,0,Low,2,1,0.95,current,demand_forecast_run_20261005T130920538
2025-09-30,S04,P0206,12,2.407,1.458,3.4,0,Low,2,1,0.95,current,demand_forecast_run_20261005T130920538
2025-09-30,S04,P0213,10,2.411,1.133,2.64,0,Low,2,1,0.95,current,demand_forecast_run_20261005T130920538
2025-09-30,S04,P0252,15,3.547,1.257,2.93,0,Low,2,1,0.95,current,demand_forecast_run_20261005T130920538
2025-09-30,S04,P0272,9,1.342,0.745,1.74,0,Low,2,1,0.95,current,demand_forecast_run_20261005T130920538
2025-09-30,S04,P0288,12,1.095,0.826,1.93,0,Low,2,1,0.95,current,demand_forecast_run_20261005T130920538
2025-09-30,S04,P0316,4,0.526,0.585,1.37,0,Low,2,1,0.95,current,demand_forecast_run_20261005T130920538
2025-09-30,S04,P0369,15,3.75,1.268,2.96,0,Low,2,1,0.95,current,demand_forecast_run_20261005T130920538
2025-09-30,S04,P0381,7,1.151,0.92,2.15,0,Low,2,1,0.95,current,demand_forecast_run_20261005T130920538
2025-09-30,S04,P0391,13,2.291,1.186,2.77,0,Low,2,1,0.95,current,demand_forecast_run_20261005T130920538
2025-09-30,S04,P0392,2,1.526,0.879,2.05,2,Medium,2,1,0.95,current,demand_forecast_run_20261005T130920538
2025-09-30,S04,P0408,5,1.001,0.548,1.28,0,Low,2,1,0.95,current,demand_forecast_run_20261005T130920538
2025-09-30,S04,P0409,10,2.329,1.541,3.6,0,Low,2,1,0.95,current,demand_forecast_run_20261005T130920538
2025-09-30,S04,P0433,6,0.602,0.863,2.01,0,Low,2,1,0.95,current,demand_forecast_run_20261005T130920538
2025-09-30,S04,P0435,20,3.285,2.176,5.08,0,Low,2,1,0.95,current,demand_forecast_run_20261005T130920538
2025-09-30,S04,P0445,6,1.768,1.133,2.64,0,Low,2,1,0.95,current,demand_forecast_run_20261005T130920538
2025-09-30,S04,P0507,37,5.942,2.404,5.61,0,Low,2,1,0.95,current,demand_forecast_run_20261005T130920538
2025-09-30,S04,P0563,2,1.822,0.983,2.29,3,Medium,2,1,0.95,current,demand_forecast_run_20261005T130920538
2025-09-30,S04,P0579,8,0.847,0.959,2.24,0,Low,2,1,0.95,current,demand_forecast_run_20261005T130920538
2025-09-30,S04,P0589,9,1.737,1.026,2.39,0,Low,2,1,0.95,current,demand_forecast_run_20261005T130920538
2025-09-30,S05,P0003,8,1.81,1.397,3.26,0,Low,2,1,0.95,current,demand_forecast_run_20261005T130920538
2025-09-30,S05,P0022,9,1.741,1.049,2.45,0,Low,2,1,0.95,current,demand_forecast_run_20261005T130920538
2025-09-30,S05,P0032,34,5.898,2.198,5.13,0,Low,2,1,0.95,current,demand_forecast_run_20261005T130920538
2025-09-30,S05,P0053,8,0.714,0.962,2.25,0,Low,2,1,0.95,current,demand_forecast_run_20261005T130920538
2025-09-30,S05,P0073,8,0.498,0.535,1.25,0,Low,2,1,0.95,current,demand_forecast_run_20261005T130920538
2025-09-30,S05,P0170,4,0.851,0.78,1.82,0,Low,2,1,0.95,current,demand_forecast_run_20261005T130920538
2025-09-30,S05,P0206,12,2.287,1.565,3.65,0,Low,2,1,0.95,current,demand_forecast_run_20261005T130920538
2025-09-30,S05,P0213,5,1.303,0.693,1.62,0,Low,2,1,0.95,current,demand_forecast_run_20261005T130920538
2025-09-30,S05,P0252,16,2.683,1.489,3.47,0,Low,2,1,0.95,current,demand_forecast_run_20261005T130920538
2025-09-30,S05,P0272,2,1.12,0.951,2.22,2,Medium,2,1,0.95,current,demand_forecast_run_20261005T130920538
2025-09-30,S05,P0288,9,1.515,1.031,2.41,0,Low,2,1,0.95,current,demand_forecast_run_20261005T130920538
2025-09-30,S05,P0316,7,0.693,0.621,1.45,0,Low,2,1,0.95,current,demand_forecast_run_20261005T130920538
2025-09-30,S05,P0369,14,3.021,1.362,3.18,0,Low,2,1,0.95,current,demand_forecast_run_20261005T130920538
2025-09-30,S05,P0381,7,0.996,0.997,2.33,0,Low,2,1,0.95,current,demand_forecast_run_20261005T130920538
2025-09-30,S05,P0391,8,1.837,1.512,3.53,0,Low,2,1,0.95,current,demand_forecast_run_20261005T130920538
2025-09-30,S05,P0392,6,0.397,0.476,1.11,0,Low,2,1,0.95,current,demand_forecast_run_20261005T130920538
2025-09-30,S05,P0408,3,1.112,0.905,2.11,1,Medium,2,1,0.95,current,demand_forecast_run_20261005T130920538
2025-09-30,S05,P0409,10,1.288,0.962,2.24,0,Low,2,1,0.95,current,demand_forecast_run_20261005T130920538
2025-09-30,S05,P0433,4,0.683,0.585,1.37,0,Low,2,1,0.95,current,demand_forecast_run_20261005T130920538
2025-09-30,S05,P0435,20,3.1,1.595,3.72,0,Low,2,1,0.95,current,demand_forecast_run_20261005T130920538
2025-09-30,S05,P0445,6,0.402,0.568,1.33,0,Low,2,1,0.95,current,demand_forecast_run_20261005T130920538
2025-09-30,S05,P0507,27,4.42,2.453,5.72,0,Low,2,1,0.95,current,demand_forecast_run_20261005T130920538
2025-09-30,S05,P0563,4,1.618,1.412,3.3,1,Medium,2,1,0.95,current,demand_forecast_run_20261005T130920538
2025-09-30,S05,P0579,8,0.858,0.826,1.93,0,Low,2,1,0.95,current,demand_forecast_run_20261005T130920538
2025-09-30,S05,P0589,5,1.954,1.453,3.39,1,Low,2,1,0.95,current,demand_forecast_run_20261005T130920538
2025-09-30,S06,P0003,4,4.859,1.634,3.81,5,High,2,1,0.95,current,demand_forecast_run_20261005T130920538
2025-09-30,S06,P0022,14,4.083,1.367,3.19,0,Low,2,1,0.95,current,demand_forecast_run_20261005T130920538
2025-09-30,S06,P0032,19,13.427,2.728,6.37,1,Low,2,1,0.95,current,demand_forecast_run_20261005T130920538
2025-09-30,S06,P0053,4,1.782,0.989,2.31,1,Medium,2,1,0.95,current,demand_forecast_run_20261005T130920538
2025-09-30,S06,P0073,15,2.27,1.571,3.67,0,Low,2,1,0.95,current,demand_forecast_run_20261005T130920538
2025-09-30,S06,P0170,4,2.089,1.206,2.81,1,Medium,2,1,0.95,current,demand_forecast_run_20261005T130920538
2025-09-30,S06,P0206,6,4.36,1.503,3.51,2,Medium,2,1,0.95,current,demand_forecast_run_20261005T130920538
2025-09-30,S06,P0213,14,5.173,1.812,4.23,0,Low,2,1,0.95,current,demand_forecast_run_20261005T130920538
2025-09-30,S06,P0252,9,6.296,1.669,3.9,2,Low,2,1,0.95,current,demand_forecast_run_20261005T130920538
2025-09-30,S06,P0272,11,1.453,1.034,2.41,0,Low,2,1,0.95,current,demand_forecast_run_20261005T130920538
2025-09-30,S06,P0288,10,1.862,1.105,2.58,0,Low,2,1,0.95,current,demand_forecast_run_20261005T130920538
2025-09-30,S06,P0316,3,1.764,1.197,2.79,2,Medium,2,1,0.95,current,demand_forecast_run_20261005T130920538
2025-09-30,S06,P0369,16,6.544,1.58,3.69,0,Low,2,1,0.95,current,demand_forecast_run_20261005T130920538
2025-09-30,S06,P0381,12,2.452,1.621,3.78,0,Low,2,1,0.95,current,demand_forecast_run_20261005T130920538
2025-09-30,S06,P0391,16,4.95,1.912,4.46,0,Low,2,1,0.95,current,demand_forecast_run_20261005T130920538
2025-09-30,S06,P0392,6,2.278,0.945,2.2,0,Low,2,1,0.95,current,demand_forecast_run_20261005T130920538
2025-09-30,S06,P0408,6,2.638,0.983,2.29,0,Low,2,1,0.95,current,demand_forecast_run_20261005T130920538
2025-09-30,S06,P0409,15,3.374,1.113,2.6,0,Low,2,1,0.95,current,demand_forecast_run_20261005T130920538
2025-09-30,S06,P0433,7,1.126,0.548,1.28,0,Low,2,1,0.95,current,demand_forecast_run_20261005T130920538
2025-09-30,S06,P0435,10,4.468,1.357,3.17,0,Low,2,1,0.95,current,demand_forecast_run_20261005T130920538
2025-09-30,S06,P0445,6,1.784,1.166,2.72,0,Low,2,1,0.95,current,demand_forecast_run_20261005T130920538
2025-09-30,S06,P0507,25,11.231,2.42,5.65,0,Low,2,1,0.95,current,demand_forecast_run_20261005T130920538
2025-09-30,S06,P0563,17,2.997,1.124,2.62,0,Low,2,1,0.95,current,demand_forecast_run_20261005T130920538
2025-09-30,S06,P0579,7,2.214,1.236,2.88,0,Low,2,1,0.95,current,demand_forecast_run_20261005T130920538
2025-09-30,S06,P0589,9,4.239,1.856,4.33,0,Low,2,1,0.95,current,demand_forecast_run_20261005T130920538
2025-09-30,S07,P0003,9,3.637,1.484,3.46,0,Low,2,1,0.95,current,demand_forecast_run_20261005T130920538
2025-09-30,S07,P0022,5,2.98,1.407,3.28,2,Low,2,1,0.95,current,demand_forecast_run_20261005T130920538
2025-09-30,S07,P0032,35,10.211,2.398,5.6,0,Low,2,1,0.95,current,demand_forecast_run_20261005T130920538
2025-09-30,S07,P0053,7,1.446,1.315,3.07,0,Low,2,1,0.95,current,demand_forecast_run_20261005T130920538
2025-09-30,S07,P0073,4,0.768,0.731,1.71,0,Low,2,1,0.95,current,demand_forecast_run_20261005T130920538
2025-09-30,S07,P0170,9,1.477,0.826,1.93,0,Low,2,1,0.95,current,demand_forecast_run_20261005T130920538
2025-09-30,S07,P0206,16,3.014,1.42,3.31,0,Low,2,1,0.95,current,demand_forecast_run_20261005T130920538
2025-09-30,S07,P0213,6,2.281,1.227,2.86,0,Low,2,1,0.95,current,demand_forecast_run_20261005T130920538
2025-09-30,S07,P0252,12,2.85,1.503,3.51,0,Low,2,1,0.95,current,demand_forecast_run_20261005T130920538
2025-09-30,S07,P0272,10,1.151,0.962,2.24,0,Low,2,1,0.95,current,demand_forecast_run_20261005T130920538
2025-09-30,S07,P0288,5,0.852,0.838,1.96,0,Low,2,1,0.95,current,demand_forecast_run_20261005T130920538
2025-09-30,S07,P0316,2,0.634,0.659,1.54,1,Medium,2,1,0.95,current,demand_forecast_run_20261005T130920538
2025-09-30,S07,P0369,12,4.892,1.773,4.14,0,Low,2,1,0.95,current,demand_forecast_run_20261005T130920538
2025-09-30,S07,P0381,8,1.075,1.202,2.8,0,Low,2,1,0.95,current,demand_forecast_run_20261005T130920538
2025-09-30,S07,P0391,14,2.629,2.063,4.81,0,Low,2,1,0.95,current,demand_forecast_run_20261005T130920538
2025-09-30,S07,P0392,7,0.885,0.731,1.71,0,Low,2,1,0.95,current,demand_forecast_run_20261005T130920538
2025-09-30,S07,P0408,5,1.813,1.297,3.03,0,Low,2,1,0.95,current,demand_forecast_run_20261005T130920538
2025-09-30,S07,P0409,6,2.635,1.268,2.96,0,Low,2,1,0.95,current,demand_forecast_run_20261005T130920538
2025-09-30,S07,P0433,6,0.885,0.786,1.83,0,Low,2,1,0.95,current,demand_forecast_run_20261005T130920538
2025-09-30,S07,P0435,20,3.54,2.089,4.88,0,Low,2,1,0.95,current,demand_forecast_run_20261005T130920538
2025-09-30,S07,P0445,12,0.872,0.612,1.43,0,Low,2,1,0.95,current,demand_forecast_run_20261005T130920538
2025-09-30,S07,P0507,13,7.174,2.857,6.67,1,Low,2,1,0.95,current,demand_forecast_run_20261005T130920538
2025-09-30,S07,P0563,13,2.994,1.729,4.03,0,Low,2,1,0.95,current,demand_forecast_run_20261005T130920538
2025-09-30,S07,P0579,6,1.4,0.875,2.04,0,Low,2,1,0.95,current,demand_forecast_run_20261005T130920538
2025-09-30,S07,P0589,9,2.046,0.826,1.93,0,Low,2,1,0.95,current,demand_forecast_run_20261005T130920538
2025-09-30,S08,P0003,20,5.627,1.892,4.42,0,Low,2,1,0.95,current,demand_forecast_run_20261005T130920538
2025-09-30,S08,P0022,6,2.92,1.492,3.48,1,Medium,2,1,0.95,current,demand_forecast_run_20261005T130920538
2025-09-30,S08,P0032,46,15.025,2.99,6.98,0,Low,2,1,0.95,current,demand_forecast_run_20261005T130920538
2025-09-30,S08,P0053,6,1.558,1.311,3.06,0,Low,2,1,0.95,current,demand_forecast_run_20261005T130920538
2025-09-30,S08,P0073,10,0.505,0.499,1.16,0,Low,2,1,0.95,current,demand_forecast_run_20261005T130920538
2025-09-30,S08,P0170,6,2.102,0.994,2.32,0,Low,2,1,0.95,current,demand_forecast_run_20261005T130920538
2025-09-30,S08,P0206,20,3.515,1.621,3.78,0,Low,2,1,0.95,current,demand_forecast_run_20261005T130920538
2025-09-30,S08,P0213,14,3.336,1.81,4.22,0,Low,2,1,0.95,current,demand_forecast_run_20261005T130920538
2025-09-30,S08,P0252,29,5.759,1.804,4.21,0,Low,2,1,0.95,current,demand_forecast_run_20261005T130920538
2025-09-30,S08,P0272,11,1.683,1.049,2.45,0,Low,2,1,0.95,current,demand_forecast_run_20261005T130920538
2025-09-30,S08,P0288,8,1.437,0.956,2.23,0,Low,2,1,0.95,current,demand_forecast_run_20261005T130920538
2025-09-30,S08,P0316,9,1.635,1.013,2.36,0,Low,2,1,0.95,current,demand_forecast_run_20261005T130920538
2025-09-30,S08,P0369,31,5.629,2.615,6.1,0,Low,2,1,0.95,current,demand_forecast_run_20261005T130920538
2025-09-30,S08,P0381,9,0.926,0.737,1.72,0,Low,2,1,0.95,current,demand_forecast_run_20261005T130920538
2025-09-30,S08,P0391,17,4.24,1.898,4.43,0,Low,2,1,0.95,current,demand_forecast_run_20261005T130920538
2025-09-30,S08,P0392,10,1.389,0.994,2.32,0,Low,2,1,0.95,current,demand_forecast_run_20261005T130920538
2025-09-30,S08,P0408,6,3.05,1.487,3.47,1,Low,2,1,0.95,current,demand_forecast_run_20261005T130920538
2025-09-30,S08,P0409,0,3.091,1.95,4.55,8,High,2,1,0.95,current,demand_forecast_run_20261005T130920538
2025-09-30,S08,P0433,7,0.64,0.476,1.11,0,Low,2,1,0.95,current,demand_forecast_run_20261005T130920538
2025-09-30,S08,P0435,11,5.578,2.147,5.01,0,Low,2,1,0.95,current,demand_forecast_run_20261005T130920538
2025-09-30,S08,P0445,4,0.778,0.659,1.54,0,Medium,2,1,0.95,current,demand_forecast_run_20261005T130920538
2025-09-30,S08,P0507,43,14.303,3.273,7.64,0,Low,2,1,0.95,current,demand_forecast_run_20261005T130920538
2025-09-30,S08,P0563,17,4.124,1.956,4.56,0,Low,2,1,0.95,current,demand_forecast_run_20261005T130920538
2025-09-30,S08,P0579,8,1.636,0.78,1.82,0,Low,2,1,0.95,current,demand_forecast_run_20261005T130920538
2025-09-30,S08,P0589,16,3.079,1.427,3.33,0,Low,2,1,0.95,current,demand_forecast_run_20261005T130920538
2025-09-30,S09,P0003,15,3.477,1.604,3.74,0,Low,2,1,0.95,current,demand_forecast_run_20261005T130920538
2025-09-30,S09,P0022,12,2.343,1.239,2.89,0,Low,2,1,0.95,current,demand_forecast_run_20261005T130920538
2025-09-30,S09,P0032,50,13.84,3.772,8.8,0,Low,2,1,0.95,current,demand_forecast_run_20261005T130920538
2025-09-30,S09,P0053,10,0.695,0.78,1.82,0,Low,2,1,0.95,current,demand_forecast_run_20261005T130920538
2025-09-30,S09,P0073,10,0.211,0.262,0.61,0,Low,2,1,0.95,current,demand_forecast_run_20261005T130920538
2025-09-30,S09,P0170,4,2.181,0.844,1.97,1,Medium,2,1,0.95,current,demand_forecast_run_20261005T130920538
2025-09-30,S09,P0206,13,2.537,1.228,2.87,0,Low,2,1,0.95,current,demand_forecast_run_20261005T130920538
2025-09-30,S09,P0213,5,3.363,1.644,3.84,3,Medium,2,1,0.95,current,demand_forecast_run_20261005T130920538
2025-09-30,S09,P0252,14,5.707,1.551,3.62,0,Low,2,1,0.95,current,demand_forecast_run_20261005T130920538
2025-09-30,S09,P0272,9,1.053,0.559,1.3,0,Low,2,1,0.95,current,demand_forecast_run_20261005T130920538
2025-09-30,S09,P0288,12,1.903,1.277,2.98,0,Low,2,1,0.95,current,demand_forecast_run_20261005T130920538
2025-09-30,S09,P0316,8,1.119,1.036,2.42,0,Low,2,1,0.95,current,demand_forecast_run_20261005T130920538
2025-09-30,S09,P0369,3,4.867,1.496,3.49,6,High,2,1,0.95,current,demand_forecast_run_20261005T130920538
2025-09-30,S09,P0381,10,0.737,0.518,1.21,0,Low,2,1,0.95,current,demand_forecast_run_20261005T130920538
2025-09-30,S09,P0391,17,2.987,1.621,3.78,0,Low,2,1,0.95,current,demand_forecast_run_20261005T130920538
2025-09-30,S09,P0392,6,1.325,1.197,2.79,0,Low,2,1,0.95,current,demand_forecast_run_20261005T130920538
2025-09-30,S09,P0408,5,2.111,1.02,2.38,0,Low,2,1,0.95,current,demand_forecast_run_20261005T130920538
2025-09-30,S09,P0409,15,2.572,1.145,2.67,0,Low,2,1,0.95,current,demand_forecast_run_20261005T130920538
2025-09-30,S09,P0433,7,0.687,0.418,0.98,0,Low,2,1,0.95,current,demand_forecast_run_20261005T130920538
2025-09-30,S09,P0435,21,3.875,1.875,4.38,0,Low,2,1,0.95,current,demand_forecast_run_20261005T130920538
2025-09-30,S09,P0445,5,1.573,1.15,2.68,0,Low,2,1,0.95,current,demand_forecast_run_20261005T130920538
2025-09-30,S09,P0507,29,8.417,2.816,6.57,0,Low,2,1,0.95,current,demand_forecast_run_20261005T130920538
2025-09-30,S09,P0563,7,3.792,1.802,4.21,2,Low,2,1,0.95,current,demand_forecast_run_20261005T130920538
2025-09-30,S09,P0579,8,1.394,0.962,2.24,0,Low,2,1,0.95,current,demand_forecast_run_20261005T130920538
2025-09-30,S09,P0589,6,3.477,1.208,2.82,1,Low,2,1,0.95,current,demand_forecast_run_20261005T130920538
2025-09-30,S10,P0003,11,4.097,2.052,4.79,0,Low,2,1,0.95,current,demand_forecast_run_20261005T130920538
2025-09-30,S10,P0022,17,3.038,1.718,4.01,0,Low,2,1,0.95,current,demand_forecast_run_20261005T130920538
2025-09-30,S10,P0032,41,10.933,2.499,5.83,0,Low,2,1,0.95,current,demand_forecast_run_20261005T130920538
2025-09-30,S10,P0053,4,1.138,1,2.33,0,Low,2,1,0.95,current,demand_forecast_run_20261005T130920538
2025-09-30,S10,P0073,1,0.988,0.881,2.06,3,Medium,2,1,0.95,current,demand_forecast_run_20261005T130920538
2025-09-30,S10,P0170,7,1.341,1.117,2.61,0,Low,2,1,0.95,current,demand_forecast_run_20261005T130920538
2025-09-30,S10,P0206,8,1.725,1.145,2.67,0,Low,2,1,0.95,current,demand_forecast_run_20261005T130920538
2025-09-30,S10,P0213,12,1.965,1.297,3.03,0,Low,2,1,0.95,current,demand_forecast_run_20261005T130920538
2025-09-30,S10,P0252,0,4.074,1.618,3.78,8,High,2,1,0.95,current,demand_forecast_run_20261005T130920538
2025-09-30,S10,P0272,3,1.14,0.999,2.33,1,Medium,2,1,0.95,current,demand_forecast_run_20261005T130920538
2025-09-30,S10,P0288,8,1.229,1.481,3.46,0,Low,2,1,0.95,current,demand_forecast_run_20261005T130920538
2025-09-30,S10,P0316,10,1.51,2.119,4.94,0,Low,2,1,0.95,current,demand_forecast_run_20261005T130920538
2025-09-30,S10,P0369,14,3.991,1.634,3.81,0,Low,2,1,0.95,current,demand_forecast_run_20261005T130920538
2025-09-30,S10,P0381,3,1.52,1.15,2.68,2,Medium,2,1,0.95,current,demand_forecast_run_20261005T130920538
2025-09-30,S10,P0391,4,3.414,1.753,4.09,4,Medium,2,1,0.95,current,demand_forecast_run_20261005T130920538
2025-09-30,S10,P0392,3,0.655,0.418,0.98,0,Medium,2,1,0.95,current,demand_forecast_run_20261005T130920538
2025-09-30,S10,P0408,11,1.788,0.945,2.2,0,Low,2,1,0.95,current,demand_forecast_run_20261005T130920538
2025-09-30,S10,P0409,17,2.203,1.215,2.84,0,Low,2,1,0.95,current,demand_forecast_run_20261005T130920538
2025-09-30,S10,P0433,6,0.753,0.518,1.21,0,Low,2,1,0.95,current,demand_forecast_run_20261005T130920538
2025-09-30,S10,P0435,16,3.569,2.568,5.99,0,Low,2,1,0.95,current,demand_forecast_run_20261005T130920538
2025-09-30,S10,P0445,10,2.07,1.227,2.86,0,Low,2,1,0.95,current,demand_forecast_run_20261005T130920538
2025-09-30,S10,P0507,13,8.944,2.549,5.95,2,Medium,2,1,0.95,current,demand_forecast_run_20261005T130920538
2025-09-30,S10,P0563,10,1.976,1.359,3.17,0,Low,2,1,0.95,current,demand_forecast_run_20261005T130920538
2025-09-30,S10,P0579,3,0.955,0.922,2.15,1,Medium,2,1,0.95,current,demand_forecast_run_20261005T130920538
2025-09-30,S10,P0589,7,1.622,1.056,2.46,0,Low,2,1,0.95,current,demand_forecast_run_20261005T130920538
2025-09-30,S11,P0003,9,2.71,1.156,2.7,0,Low,2,1,0.95,current,demand_forecast_run_20261005T130920538
2025-09-30,S11,P0022,5,5.106,2.091,4.88,5,High,2,1,0.95,current,demand_forecast_run_20261005T130920538
2025-09-30,S11,P0032,63,14.55,4.117,9.61,0,Low,2,1,0.95,current,demand_forecast_run_20261005T130920538
2025-09-30,S11,P0053,6,1.145,0.742,1.73,0,Low,2,1,0.95,current,demand_forecast_run_20261005T130920538
2025-09-30,S11,P0073,6,0.886,0.548,1.28,0,Low,2,1,0.95,current,demand_forecast_run_20261005T130920538
2025-09-30,S11,P0170,7,2.12,1.105,2.58,0,Low,2,1,0.95,current,demand_forecast_run_20261005T130920538
2025-09-30,S11,P0206,8,3.106,1.892,4.42,0,Low,2,1,0.95,current,demand_forecast_run_20261005T130920538
2025-09-30,S11,P0213,18,3.283,1.335,3.11,0,Low,2,1,0.95,current,demand_forecast_run_20261005T130920538
2025-09-30,S11,P0252,24,6.044,2.275,5.31,0,Low,2,1,0.95,current,demand_forecast_run_20261005T130920538
2025-09-30,S11,P0272,14,1.182,0.69,1.61,0,Low,2,1,0.95,current,demand_forecast_run_20261005T130920538
2025-09-30,S11,P0288,12,2.524,1.952,4.55,0,Low,2,1,0.95,current,demand_forecast_run_20261005T130920538
2025-09-30,S11,P0316,3,1.831,0.945,2.2,2,Medium,2,1,0.95,current,demand_forecast_run_20261005T130920538
2025-09-30,S11,P0369,23,7.661,3.509,8.19,0,Low,2,1,0.95,current,demand_forecast_run_20261005T130920538
2025-09-30,S11,P0381,9,1.871,1.219,2.84,0,Low,2,1,0.95,current,demand_forecast_run_20261005T130920538
2025-09-30,S11,P0391,18,3.245,1.371,3.2,0,Low,2,1,0.95,current,demand_forecast_run_20261005T130920538
2025-09-30,S11,P0392,5,0.974,0.793,1.85,0,Low,2,1,0.95,current,demand_forecast_run_20261005T130920538
2025-09-30,S11,P0408,13,2.536,1.489,3.47,0,Low,2,1,0.95,current,demand_forecast_run_20261005T130920538
2025-09-30,S11,P0409,12,2.576,1.407,3.28,0,Low,2,1,0.95,current,demand_forecast_run_20261005T130920538
2025-09-30,S11,P0433,5,1.286,0.922,2.15,0,Low,2,1,0.95,current,demand_forecast_run_20261005T130920538
2025-09-30,S11,P0435,11,4.291,2.645,6.17,0,Low,2,1,0.95,current,demand_forecast_run_20261005T130920538
2025-09-30,S11,P0445,13,1.73,1.005,2.34,0,Low,2,1,0.95,current,demand_forecast_run_20261005T130920538
2025-09-30,S11,P0507,19,11.948,2.667,6.22,0,Low,2,1,0.95,current,demand_forecast_run_20261005T130920538
2025-09-30,S11,P0563,5,4.136,2.046,4.77,4,Medium,2,1,0.95,current,demand_forecast_run_20261005T130920538
2025-09-30,S11,P0579,5,1.61,1.138,2.66,0,Low,2,1,0.95,current,demand_forecast_run_20261005T130920538
2025-09-30,S11,P0589,14,3.299,1.155,2.69,0,Low,2,1,0.95,current,demand_forecast_run_20261005T130920538
2025-09-30,S12,P0003,5,3.93,1.362,3.18,3,Medium,2,1,0.95,current,demand_forecast_run_20261005T130920538
2025-09-30,S12,P0022,16,3.656,1.66,3.87,0,Low,2,1,0.95,current,demand_forecast_run_20261005T130920538
2025-09-30,S12,P0032,25,16.419,5.985,13.96,6,Low,2,1,0.95,current,demand_forecast_run_20261005T130920538
2025-09-30,S12,P0053,0,1.773,1.156,2.7,5,High,2,1,0.95,current,demand_forecast_run_20261005T130920538
2025-09-30,S12,P0073,8,0.471,0.39,0.91,0,Low,2,1,0.95,current,demand_forecast_run_20261005T130920538
2025-09-30,S12,P0170,10,1.45,1.278,2.98,0,Low,2,1,0.95,current,demand_forecast_run_20261005T130920538
2025-09-30,S12,P0206,9,3.492,2.132,4.97,0,Low,2,1,0.95,current,demand_forecast_run_20261005T130920538
2025-09-30,S12,P0213,12,3.143,1.325,3.09,0,Low,2,1,0.95,current,demand_forecast_run_20261005T130920538
2025-09-30,S12,P0252,21,4.26,1.643,3.83,0,Low,2,1,0.95,current,demand_forecast_run_20261005T130920538
2025-09-30,S12,P0272,13,1.318,0.882,2.06,0,Low,2,1,0.95,current,demand_forecast_run_20261005T130920538
2025-09-30,S12,P0288,14,1.936,1.219,2.84,0,Low,2,1,0.95,current,demand_forecast_run_20261005T130920538
2025-09-30,S12,P0316,9,1.515,1.124,2.62,0,Low,2,1,0.95,current,demand_forecast_run_20261005T130920538
2025-09-30,S12,P0369,8,6.255,2.426,5.66,4,Medium,2,1,0.95,current,demand_forecast_run_20261005T130920538
2025-09-30,S12,P0381,10,2.072,1.101,2.57,0,Low,2,1,0.95,current,demand_forecast_run_20261005T130920538
2025-09-30,S12,P0391,10,2.8,1.245,2.91,0,Low,2,1,0.95,current,demand_forecast_run_20261005T130920538
2025-09-30,S12,P0392,5,1.831,1.062,2.48,0,Low,2,1,0.95,current,demand_forecast_run_20261005T130920538
2025-09-30,S12,P0408,7,1.709,1.034,2.41,0,Low,2,1,0.95,current,demand_forecast_run_20261005T130920538
2025-09-30,S12,P0409,11,3.211,1.286,3,0,Low,2,1,0.95,current,demand_forecast_run_20261005T130920538
2025-09-30,S12,P0433,4,0.619,0.645,1.51,0,Low,2,1,0.95,current,demand_forecast_run_20261005T130920538
2025-09-30,S12,P0435,20,4.462,1.988,4.64,0,Low,2,1,0.95,current,demand_forecast_run_20261005T130920538
2025-09-30,S12,P0445,6,1.359,0.793,1.85,0,Low,2,1,0.95,current,demand_forecast_run_20261005T130920538
2025-09-30,S12,P0507,26,9.152,2.961,6.91,0,Low,2,1,0.95,current,demand_forecast_run_20261005T130920538
2025-09-30,S12,P0563,15,3.013,1.208,2.82,0,Low,2,1,0.95,current,demand_forecast_run_20261005T130920538
2025-09-30,S12,P0579,7,0.932,0.67,1.56,0,Low,2,1,0.95,current,demand_forecast_run_20261005T130920538
2025-09-30,S12,P0589,13,2.124,1.049,2.45,0,Low,2,1,0.95,current,demand_forecast_run_20261005T130920538
