customer_id,first_order_date,last_order_date,orders_completed,total_spend,days_since_last,avg_days_between,status,value_tier,overdue
CUST00001,2025-04-01,2025-08-25,5,659.35,36,36.5,at_risk,Low,false
CUST00002,2025-04-09,2025-08-24,3,2458.80,37,68.5,at_risk,Medium,false
CUST00003,2025-06-15,2025-06-15,1,459.00,107,,lapsed,Low,false
CUST00004,2025-05-07,2025-08-12,2,4022.00,49,97,at_risk,Medium,false
CUST00005,2025-04-20,2025-08-25,8,5610.80,36,18.1,at_risk,High,false
CUST00006,2025-09-09,2025-09-09,1,524.80,21,,cooling,Low,false
CUST00007,2025-05-24,2025-09-22,6,3596.00,8,24.2,active,Medium,false
CUST00008,2025-09-14,2025-09-14,1,748.00,16,,cooling,Low,false
CUST00009,2025-04-02,2025-09-04,16,12610.45,26,10.3,cooling,High,true
CUST00010,2025-04-24,2025-08-07,6,5217.80,54,21,at_risk,Medium,true
CUST00011,2025-04-19,2025-09-28,3,3078.05,2,81,active,Medium,false
CUST00012,2025-04-10,2025-07-22,4,1060.00,70,34.3,lapsed,Low,true
CUST00013,2025-04-01,2025-04-13,2,1286.00,170,12,lapsed,Low,true
CUST00014,,,0,0.00,,,never_ordered,None,false
CUST00015,2025-06-05,2025-09-28,6,2696.00,2,23,active,Medium,false
CUST00016,2025-09-28,2025-09-28,1,1230.00,2,,active,Low,false
CUST00017,2025-06-07,2025-06-07,1,498.00,115,,lapsed,Low,false
CUST00018,2025-06-24,2025-08-23,2,5741.00,38,60,at_risk,High,false
CUST00019,2025-04-09,2025-04-10,2,1472.00,173,1,lapsed,Low,true
CUST00020,2025-04-19,2025-09-20,9,6536.25,10,19.2,active,High,false
CUST00021,2025-04-11,2025-04-11,1,1180.00,172,,lapsed,Low,false
CUST00022,2025-04-12,2025-08-03,6,2188.00,58,22.6,at_risk,Medium,true
CUST00023,2025-04-09,2025-08-25,7,6400.95,36,23,at_risk,High,false
CUST00024,2025-04-18,2025-09-23,3,3563.40,7,79,active,Medium,false
CUST00025,2025-04-28,2025-09-16,12,6562.30,14,12.8,active,High,false
CUST00026,2025-06-20,2025-09-26,4,3773.00,4,32.7,active,Medium,false
CUST00027,2025-09-13,2025-09-13,1,2061.00,17,,cooling,Medium,false
CUST00028,2025-05-29,2025-08-08,3,3170.00,53,35.5,at_risk,Medium,false
CUST00029,2025-06-04,2025-09-19,5,4915.05,11,26.8,active,Medium,false
CUST00030,2025-08-09,2025-08-23,2,4805.40,38,14,at_risk,Medium,true
CUST00031,,,0,0.00,,,never_ordered,None,false
CUST00032,2025-04-12,2025-09-21,7,3974.84,9,27,active,Medium,false
CUST00033,,,0,0.00,,,never_ordered,None,false
CUST00034,2025-04-12,2025-08-21,4,7703.60,40,43.7,at_risk,High,false
CUST00035,2025-05-12,2025-09-05,6,7473.39,25,23.2,cooling,High,false
CUST00036,2025-06-12,2025-09-24,6,5762.00,6,20.8,active,High,false
CUST00037,2025-05-18,2025-09-20,4,3532.90,10,41.7,active,Medium,false
CUST00038,2025-04-13,2025-09-23,11,5490.25,7,16.3,active,High,false
CUST00039,2025-05-28,2025-09-28,9,3527.14,2,15.4,active,Medium,false
CUST00040,2025-04-19,2025-09-28,16,32949.05,2,10.8,active,High,false
CUST00041,,,0,0.00,,,never_ordered,None,false
CUST00042,2025-04-28,2025-09-15,4,5456.00,15,46.7,cooling,High,false
CUST00043,2025-06-27,2025-09-21,6,6830.40,9,17.2,active,High,false
CUST00044,2025-04-28,2025-09-10,7,3029.65,20,22.5,cooling,Medium,false
CUST00045,2025-05-15,2025-07-27,3,1538.00,65,36.5,lapsed,Low,false
CUST00046,,,0,0.00,,,never_ordered,None,false
CUST00047,2025-07-20,2025-09-30,6,6465.00,0,14.4,active,High,false
CUST00048,,,0,0.00,,,never_ordered,None,false
CUST00049,2025-09-20,2025-09-20,1,1417.00,10,,active,Low,false
CUST00050,2025-04-22,2025-08-08,10,3280.10,53,12,at_risk,Medium,true
CUST00051,2025-07-15,2025-09-20,8,11716.40,10,9.6,active,High,false
CUST00052,2025-04-12,2025-09-17,11,9530.05,13,15.8,active,High,false
CUST00053,2025-04-04,2025-09-23,9,3216.00,7,21.5,active,Medium,false
CUST00054,2025-08-05,2025-09-25,4,8731.50,5,17,active,High,false
CUST00055,2025-04-15,2025-08-24,11,6503.95,37,13.1,at_risk,High,true
CUST00056,,,0,0.00,,,never_ordered,None,false
CUST00057,2025-04-04,2025-09-30,17,28417.72,0,11.2,active,High,false
CUST00058,2025-06-15,2025-09-14,4,6904.00,16,30.3,cooling,High,false
CUST00059,2025-07-22,2025-09-21,9,7662.80,9,7.6,active,High,false
CUST00060,2025-04-05,2025-09-14,5,8661.70,16,40.5,cooling,High,false
CUST00061,2025-08-14,2025-08-14,1,1090.00,47,,at_risk,Low,false
CUST00062,2025-08-14,2025-08-14,1,1306.00,47,,at_risk,Low,false
CUST00063,2025-04-01,2025-07-19,6,5709.50,73,21.8,lapsed,High,true
CUST00064,2025-04-29,2025-09-20,10,6840.05,10,16,active,High,false
CUST00065,2025-04-09,2025-09-09,8,3993.80,21,21.9,cooling,Medium,false
CUST00066,,,0,0.00,,,never_ordered,None,false
CUST00067,2025-05-22,2025-09-27,9,15844.65,3,16,active,High,false
CUST00068,2025-09-12,2025-09-30,3,11280.30,0,9,active,High,false
CUST00069,,,0,0.00,,,never_ordered,None,false
CUST00070,2025-04-11,2025-08-17,4,6186.90,44,42.7,at_risk,High,false
CUST00071,2025-05-15,2025-09-01,6,2956.70,29,21.8,cooling,Medium,false
CUST00072,2025-05-16,2025-09-14,10,8061.00,16,13.4,cooling,High,false
CUST00073,2025-05-31,2025-08-31,4,4622.35,30,30.7,cooling,Medium,false
CUST00074,2025-04-04,2025-08-04,7,3936.40,57,20.3,at_risk,Medium,true
CUST00075,2025-06-21,2025-09-09,3,4718.30,21,40,cooling,Medium,false
CUST00076,2025-04-02,2025-09-16,15,15586.50,14,11.9,active,High,false
CUST00077,,,0,0.00,,,never_ordered,None,false
CUST00078,,,0,0.00,,,never_ordered,None,false
CUST00079,2025-04-26,2025-09-06,7,8108.20,24,22.2,cooling,High,false
CUST00080,2025-06-10,2025-06-22,2,3560.00,100,12,lapsed,Medium,true
CUST00081,2025-07-02,2025-08-14,2,387.60,47,43,at_risk,Low,false
CUST00082,2025-07-14,2025-09-25,3,3442.00,5,36.5,active,Medium,false
CUST00083,2025-04-25,2025-09-15,4,10953.10,15,47.7,cooling,High,false
CUST00084,2025-07-15,2025-09-26,7,1949.00,4,12.2,active,Low,false
CUST00085,2025-07-24,2025-09-24,3,3061.00,6,31,active,Medium,false
CUST00086,2025-04-10,2025-09-27,7,11931.15,3,28.3,active,High,false
CUST00087,2025-09-08,2025-09-27,6,5849.80,3,3.8,active,High,false
CUST00088,2025-04-06,2025-09-13,8,14158.30,17,22.9,cooling,High,false
CUST00089,2025-04-10,2025-08-28,4,961.00,33,46.7,at_risk,Low,false
CUST00090,2025-09-21,2025-09-21,1,3806.00,9,,active,Medium,false
CUST00091,2025-06-21,2025-09-28,11,22027.90,2,9.9,active,High,false
CUST00092,2025-05-17,2025-09-25,9,7607.00,5,16.4,active,High,false
CUST00093,2025-05-21,2025-07-29,3,2689.05,63,34.5,lapsed,Medium,false
CUST00094,2025-05-22,2025-08-17,2,248.00,44,87,at_risk,Low,false
CUST00095,2025-04-24,2025-09-17,11,8593.00,13,14.6,active,High,false
CUST00096,,,0,0.00,,,never_ordered,None,false
CUST00097,2025-06-15,2025-06-15,1,1326.00,107,,lapsed,Low,false
CUST00098,2025-09-10,2025-09-20,2,1063.00,10,10,active,Low,false
CUST00099,2025-08-22,2025-08-22,1,1967.00,39,,at_risk,Low,false
CUST00100,2025-04-15,2025-09-26,10,7213.00,4,18.2,active,High,false
CUST00101,2025-06-07,2025-06-07,1,527.00,115,,lapsed,Low,false
CUST00102,2025-06-15,2025-09-03,7,3340.70,27,13.3,cooling,Medium,true
CUST00103,,,0,0.00,,,never_ordered,None,false
CUST00104,2025-04-30,2025-08-26,2,1036.30,35,118,at_risk,Low,false
CUST00105,2025-04-13,2025-06-12,3,2609.00,110,30,lapsed,Medium,true
CUST00106,,,0,0.00,,,never_ordered,None,false
CUST00107,2025-04-12,2025-09-14,4,1068.30,16,51.7,cooling,Low,false
CUST00108,2025-04-04,2025-09-21,10,12727.70,9,18.9,active,High,false
CUST00109,2025-04-12,2025-09-03,2,2459.70,27,144,cooling,Medium,false
CUST00110,2025-04-11,2025-09-22,11,13018.45,8,16.4,active,High,false
CUST00111,2025-04-16,2025-07-27,6,2510.60,65,20.4,lapsed,Medium,true
CUST00112,2025-09-03,2025-09-06,2,6501.80,24,3,cooling,High,true
CUST00113,2025-09-12,2025-09-29,2,1368.00,1,17,active,Low,false
CUST00114,2025-08-03,2025-08-06,2,3248.00,55,3,at_risk,Medium,true
CUST00115,2025-04-20,2025-07-31,4,6333.00,61,34,lapsed,High,false
CUST00116,2025-07-27,2025-09-05,6,5034.05,25,8,cooling,Medium,true
CUST00117,,,0,0.00,,,never_ordered,None,false
CUST00118,2025-04-17,2025-08-21,5,2859.85,40,31.5,at_risk,Medium,false
CUST00119,2025-07-27,2025-08-24,2,411.00,37,28,at_risk,Low,false
CUST00120,,,0,0.00,,,never_ordered,None,false
CUST00121,2025-05-23,2025-07-15,2,1793.95,77,53,lapsed,Low,false
CUST00122,2025-04-03,2025-09-29,16,28074.70,1,11.9,active,High,false
CUST00123,2025-04-19,2025-07-06,9,4906.00,86,9.8,lapsed,Medium,true
CUST00124,,,0,0.00,,,never_ordered,None,false
CUST00125,2025-04-07,2025-09-18,11,19299.60,12,16.4,active,High,false
CUST00126,2025-06-22,2025-06-22,1,1234.00,100,,lapsed,Low,false
CUST00127,,,0,0.00,,,never_ordered,None,false
CUST00128,2025-09-11,2025-09-24,3,511.00,6,6.5,active,Low,false
CUST00129,2025-05-28,2025-09-06,3,1365.20,24,50.5,cooling,Low,false
CUST00130,2025-06-17,2025-08-03,5,2190.00,58,11.8,at_risk,Medium,true
CUST00131,2025-09-20,2025-09-20,1,1410.00,10,,active,Low,false
CUST00132,2025-07-10,2025-07-10,1,948.00,82,,lapsed,Low,false
CUST00133,2025-08-21,2025-08-21,1,386.00,40,,at_risk,Low,false
CUST00134,2025-04-02,2025-08-26,8,4838.21,35,20.9,at_risk,Medium,false
CUST00135,2025-06-19,2025-09-21,4,3747.91,9,31.3,active,Medium,false
CUST00136,2025-07-09,2025-09-19,4,1686.00,11,24,active,Low,false
CUST00137,2025-05-19,2025-08-01,8,5813.10,60,10.6,at_risk,High,true
CUST00138,2025-04-02,2025-09-25,5,1775.00,5,44,active,Low,false
CUST00139,2025-04-02,2025-09-18,23,16458.00,12,7.7,active,High,false
CUST00140,,,0,0.00,,,never_ordered,None,false
CUST00141,2025-04-25,2025-04-25,1,778.00,158,,lapsed,Low,false
CUST00142,2025-04-12,2025-08-20,4,3424.20,41,43.3,at_risk,Medium,false
CUST00143,2025-04-13,2025-09-23,9,3509.20,7,20.4,active,Medium,false
CUST00144,2025-08-10,2025-08-28,2,661.50,33,18,at_risk,Low,false
CUST00145,2025-05-27,2025-08-14,5,8357.50,47,19.8,at_risk,High,true
CUST00146,2025-04-25,2025-08-03,3,691.30,58,50,at_risk,Low,false
CUST00147,,,0,0.00,,,never_ordered,None,false
CUST00148,2025-05-05,2025-09-29,7,2994.80,1,24.5,active,Medium,false
CUST00149,2025-05-16,2025-08-22,4,3119.20,39,32.7,at_risk,Medium,false
CUST00150,2025-05-06,2025-09-28,4,6587.00,2,48.3,active,High,false
CUST00151,2025-04-03,2025-09-27,7,2946.00,3,29.5,active,Medium,false
CUST00152,2025-05-08,2025-08-26,3,2301.00,35,55,at_risk,Medium,false
CUST00153,2025-08-14,2025-09-28,7,9370.90,2,7.5,active,High,false
CUST00154,2025-07-27,2025-09-13,2,3922.00,17,48,cooling,Medium,false
CUST00155,2025-05-28,2025-09-18,9,2991.70,12,14.1,active,Medium,false
CUST00156,2025-05-05,2025-05-13,2,2453.00,140,8,lapsed,Medium,true
CUST00157,2025-04-07,2025-07-30,4,2224.55,62,38,lapsed,Medium,false
CUST00158,2025-04-13,2025-09-24,18,7509.00,6,9.6,active,High,false
CUST00159,2025-04-10,2025-09-06,4,4113.50,24,49.7,cooling,Medium,false
CUST00160,2025-04-05,2025-09-09,12,10477.26,21,14.3,cooling,High,false
CUST00161,2025-09-28,2025-09-30,2,1586.00,0,2,active,Low,false
CUST00162,2025-04-05,2025-09-18,23,16890.84,12,7.5,active,High,false
CUST00163,2025-08-06,2025-08-06,1,299.00,55,,at_risk,Low,false
CUST00164,2025-06-20,2025-09-09,5,3310.00,21,20.2,cooling,Medium,false
CUST00165,,,0,0.00,,,never_ordered,None,false
CUST00166,2025-04-03,2025-09-20,8,18469.00,10,24.3,active,High,false
CUST00167,2025-04-26,2025-09-22,7,11618.80,8,24.8,active,High,false
CUST00168,2025-04-26,2025-08-11,9,7347.40,50,13.4,at_risk,High,true
CUST00169,2025-04-24,2025-09-24,5,1986.70,6,38.2,active,Low,false
CUST00170,2025-04-12,2025-09-20,17,27129.30,10,10.1,active,High,false
CUST00171,2025-07-11,2025-09-25,11,6967.50,5,7.6,active,High,false
CUST00172,,,0,0.00,,,never_ordered,None,false
CUST00173,2025-04-04,2025-08-06,9,20819.00,55,15.5,at_risk,High,true
CUST00174,2025-05-01,2025-07-04,3,2208.00,88,32,lapsed,Medium,true
CUST00175,2025-05-03,2025-09-11,2,3354.70,19,131,cooling,Medium,false
CUST00176,2025-06-22,2025-09-20,4,5899.00,10,30,active,High,false
CUST00177,2025-04-05,2025-09-20,6,12741.60,10,33.6,active,High,false
CUST00178,2025-07-12,2025-08-22,3,1970.70,39,20.5,at_risk,Low,false
CUST00179,2025-07-22,2025-09-24,3,2710.00,6,32,active,Medium,false
CUST00180,2025-04-04,2025-08-20,6,6045.10,41,27.6,at_risk,High,false
CUST00181,2025-04-04,2025-05-28,2,488.60,125,54,lapsed,Low,true
CUST00182,2025-06-06,2025-08-28,5,8284.20,33,20.8,at_risk,High,false
CUST00183,2025-04-01,2025-09-27,32,13400.85,3,5.8,active,High,false
CUST00184,2025-07-18,2025-09-20,5,4941.00,10,16,active,Medium,false
CUST00185,2025-04-18,2025-09-27,5,2296.35,3,40.5,active,Medium,false
CUST00186,2025-05-27,2025-09-12,3,4414.25,18,54,cooling,Medium,false
CUST00187,2025-07-12,2025-08-26,3,2371.96,35,22.5,at_risk,Medium,false
CUST00188,2025-04-01,2025-09-15,12,10036.20,15,15.2,cooling,High,false
CUST00189,2025-06-07,2025-08-06,6,20210.00,55,12,at_risk,High,true
CUST00190,2025-04-18,2025-09-21,9,2842.00,9,19.5,active,Medium,false
CUST00191,,,0,0.00,,,never_ordered,None,false
CUST00192,2025-04-06,2025-06-02,4,5721.75,120,19,lapsed,High,true
CUST00193,2025-04-02,2025-09-19,9,5888.43,11,21.2,active,High,false
CUST00194,2025-04-24,2025-09-25,7,4258.25,5,25.7,active,Medium,false
CUST00195,2025-04-16,2025-08-20,5,1942.00,41,31.5,at_risk,Low,false
CUST00196,2025-04-03,2025-09-05,16,10573.38,25,10.3,cooling,High,true
CUST00197,2025-08-07,2025-08-17,2,443.00,44,10,at_risk,Low,true
CUST00198,,,0,0.00,,,never_ordered,None,false
CUST00199,2025-09-09,2025-09-09,1,1276.00,21,,cooling,Low,false
CUST00200,2025-04-05,2025-09-30,24,19118.20,0,7.7,active,High,false
CUST00201,2025-07-10,2025-09-04,2,710.40,26,56,cooling,Low,false
CUST00202,2025-06-07,2025-06-14,2,1862.00,108,7,lapsed,Low,true
CUST00203,2025-04-01,2025-08-30,4,1517.00,31,50.3,at_risk,Low,false
CUST00204,2025-05-31,2025-05-31,1,348.00,122,,lapsed,Low,false
CUST00205,2025-09-26,2025-09-26,1,953.00,4,,active,Low,false
CUST00206,2025-04-05,2025-09-29,4,1877.00,1,59,active,Low,false
CUST00207,2025-04-11,2025-09-08,6,2969.80,22,30,cooling,Medium,false
CUST00208,2025-04-17,2025-09-20,10,5806.60,10,17.3,active,High,false
CUST00209,2025-06-29,2025-09-28,3,3898.00,2,45.5,active,Medium,false
CUST00210,2025-05-26,2025-08-07,2,1290.50,54,73,at_risk,Low,false
CUST00211,2025-06-04,2025-08-31,3,1658.00,30,44,cooling,Low,false
CUST00212,2025-05-16,2025-09-01,6,3036.00,29,21.6,cooling,Medium,false
CUST00213,2025-05-04,2025-07-04,3,3320.00,88,30.5,lapsed,Medium,true
CUST00214,2025-09-08,2025-09-22,3,4292.60,8,7,active,Medium,false
CUST00215,2025-04-09,2025-09-30,9,2815.18,0,21.8,active,Medium,false
CUST00216,2025-04-19,2025-09-02,10,12087.60,28,15.1,cooling,High,false
CUST00217,2025-09-26,2025-09-26,1,2622.00,4,,active,Medium,false
CUST00218,,,0,0.00,,,never_ordered,None,false
CUST00219,2025-04-06,2025-09-21,9,5800.50,9,21,active,High,false
CUST00220,2025-04-03,2025-09-27,17,24339.10,3,11.1,active,High,false
CUST00221,2025-04-07,2025-09-15,27,10047.65,15,6.2,cooling,High,true
CUST00222,,,0,0.00,,,never_ordered,None,false
CUST00223,2025-05-01,2025-06-22,3,897.00,100,26,lapsed,Low,true
CUST00224,2025-05-25,2025-09-30,9,12140.25,0,16,active,High,false
CUST00225,2025-05-04,2025-09-16,4,2293.00,14,45,active,Medium,false
CUST00226,2025-06-29,2025-09-13,4,2270.20,17,25.3,cooling,Medium,false
CUST00227,2025-05-16,2025-07-25,3,3886.90,67,35,lapsed,Medium,false
CUST00228,,,0,0.00,,,never_ordered,None,false
CUST00229,2025-07-12,2025-09-06,3,4331.40,24,28,cooling,Medium,false
CUST00230,2025-04-09,2025-09-02,8,6217.62,28,20.9,cooling,High,false
CUST00231,,,0,0.00,,,never_ordered,None,false
CUST00232,2025-04-23,2025-09-26,6,3980.40,4,31.2,active,Medium,false
CUST00233,2025-04-30,2025-09-04,7,4878.40,26,21.2,cooling,Medium,false
CUST00234,2025-04-05,2025-08-28,6,6464.00,33,29,at_risk,High,false
CUST00235,2025-04-10,2025-04-10,1,820.20,173,,lapsed,Low,false
CUST00236,2025-09-02,2025-09-02,1,443.30,28,,cooling,Low,false
CUST00237,2025-04-21,2025-06-15,2,2190.00,107,55,lapsed,Medium,false
CUST00238,2025-08-22,2025-09-04,3,648.50,26,6.5,cooling,Low,true
CUST00239,2025-05-19,2025-08-05,5,1520.80,56,19.5,at_risk,Low,true
CUST00240,,,0,0.00,,,never_ordered,None,false
CUST00241,2025-05-11,2025-09-07,5,8155.40,23,29.8,cooling,High,false
CUST00242,2025-06-24,2025-06-24,1,234.00,98,,lapsed,Low,false
CUST00243,2025-07-14,2025-08-04,3,3659.00,57,10.5,at_risk,Medium,true
CUST00244,2025-04-08,2025-09-01,5,4081.10,29,36.5,cooling,Medium,false
CUST00245,2025-08-02,2025-09-09,4,6890.60,21,12.7,cooling,High,false
CUST00246,2025-08-22,2025-09-16,2,1509.50,14,25,active,Low,false
CUST00247,2025-04-05,2025-08-30,9,9777.75,31,18.4,at_risk,High,false
CUST00248,2025-05-08,2025-09-16,8,7586.80,14,18.7,active,High,false
CUST00249,2025-07-02,2025-08-02,2,1843.00,59,31,at_risk,Low,false
CUST00250,2025-09-25,2025-09-25,1,819.00,5,,active,Low,false
CUST00251,2025-04-10,2025-07-22,2,1441.00,70,103,lapsed,Low,false
CUST00252,,,0,0.00,,,never_ordered,None,false
CUST00253,2025-04-28,2025-07-25,6,2675.10,67,17.6,lapsed,Medium,true
CUST00254,2025-06-12,2025-09-28,6,8592.50,2,21.6,active,High,false
CUST00255,2025-04-03,2025-09-07,16,14217.55,23,10.5,cooling,High,true
CUST00256,2025-07-06,2025-09-06,4,1552.27,24,20.7,cooling,Low,false
CUST00257,2025-04-05,2025-09-20,5,4387.00,10,42,active,Medium,false
CUST00258,2025-07-21,2025-09-30,2,403.90,0,71,active,Low,false
CUST00259,2025-04-14,2025-04-14,1,863.00,169,,lapsed,Low,false
CUST00260,2025-04-23,2025-09-19,7,8116.70,11,24.8,active,High,false
CUST00261,2025-08-10,2025-08-30,2,3274.40,31,20,at_risk,Medium,false
CUST00262,2025-04-29,2025-09-12,19,9927.30,18,7.6,cooling,High,true
CUST00263,2025-04-03,2025-09-18,16,24180.51,12,11.2,active,High,false
CUST00264,2025-04-22,2025-09-13,5,4475.00,17,36,cooling,Medium,false
CUST00265,2025-04-12,2025-08-08,7,6508.80,53,19.7,at_risk,High,true
CUST00266,2025-04-03,2025-09-25,11,7704.40,5,17.5,active,High,false
CUST00267,2025-05-04,2025-09-04,2,2478.40,26,123,cooling,Medium,false
CUST00268,2025-08-22,2025-08-22,1,1028.00,39,,at_risk,Low,false
CUST00269,2025-04-20,2025-09-24,8,15404.20,6,22.4,active,High,false
CUST00270,2025-04-08,2025-09-25,4,2312.05,5,56.7,active,Medium,false
CUST00271,2025-04-23,2025-09-28,13,13119.50,2,13.2,active,High,false
CUST00272,2025-05-31,2025-09-21,4,6822.20,9,37.7,active,High,false
CUST00273,2025-07-02,2025-09-21,3,2679.10,9,40.5,active,Medium,false
CUST00274,2025-04-21,2025-09-04,9,2854.80,26,17,cooling,Medium,false
CUST00275,2025-04-11,2025-09-01,8,2545.30,29,20.4,cooling,Medium,false
CUST00276,2025-05-08,2025-06-08,2,1565.60,114,31,lapsed,Low,true
CUST00277,2025-04-18,2025-08-24,3,1930.50,37,64,at_risk,Low,false
CUST00278,2025-05-28,2025-09-15,4,2246.50,15,36.7,cooling,Medium,false
CUST00279,2025-04-11,2025-09-18,8,4669.40,12,22.9,active,Medium,false
CUST00280,2025-04-24,2025-07-21,7,11596.00,71,14.7,lapsed,High,true
CUST00281,2025-04-26,2025-06-07,2,1342.90,115,42,lapsed,Low,true
CUST00282,2025-07-13,2025-08-08,2,1230.00,53,26,at_risk,Low,true
CUST00283,2025-04-29,2025-09-25,7,6677.00,5,24.8,active,High,false
CUST00284,2025-08-25,2025-08-25,1,2555.00,36,,at_risk,Medium,false
CUST00285,2025-08-16,2025-09-23,3,3334.00,7,19,active,Medium,false
CUST00286,2025-05-25,2025-09-28,5,3120.00,2,31.5,active,Medium,false
CUST00287,2025-06-04,2025-09-01,2,895.60,29,89,cooling,Low,false
CUST00288,2025-04-25,2025-07-27,6,1651.00,65,18.6,lapsed,Low,true
CUST00289,2025-09-06,2025-09-26,3,4312.00,4,10,active,Medium,false
CUST00290,2025-05-08,2025-08-21,12,21313.20,40,9.5,at_risk,High,true
CUST00291,2025-04-30,2025-04-30,1,1840.00,153,,lapsed,Low,false
CUST00292,2025-08-25,2025-08-25,1,55.00,36,,at_risk,Low,false
CUST00293,2025-04-27,2025-08-09,4,7531.00,52,34.7,at_risk,High,false
CUST00294,2025-08-23,2025-08-23,1,1496.00,38,,at_risk,Low,false
CUST00295,2025-08-23,2025-09-01,2,3127.30,29,9,cooling,Medium,true
CUST00296,2025-07-28,2025-09-25,4,5525.50,5,19.7,active,High,false
CUST00297,2025-07-26,2025-07-26,1,218.00,66,,lapsed,Low,false
CUST00298,2025-04-11,2025-08-19,9,4060.40,42,16.2,at_risk,Medium,true
CUST00299,2025-06-16,2025-09-17,5,1454.00,13,23.2,active,Low,false
CUST00300,2025-04-07,2025-09-26,2,2323.00,4,172,active,Medium,false
CUST00301,2025-04-10,2025-09-13,11,3653.20,17,15.6,cooling,Medium,false
CUST00302,2025-04-19,2025-07-07,4,5715.50,85,26.3,lapsed,High,true
CUST00303,2025-05-26,2025-08-17,4,1197.40,44,27.7,at_risk,Low,false
CUST00304,2025-07-17,2025-07-17,1,785.00,75,,lapsed,Low,false
CUST00305,2025-04-20,2025-08-28,6,7563.50,33,26,at_risk,High,false
CUST00306,2025-05-13,2025-09-15,4,2096.00,15,41.7,cooling,Medium,false
CUST00307,2025-05-18,2025-06-21,2,3597.00,101,34,lapsed,Medium,true
CUST00308,2025-06-14,2025-08-14,4,2003.80,47,20.3,at_risk,Low,true
CUST00309,2025-07-24,2025-08-31,2,1354.00,30,38,cooling,Low,false
CUST00310,,,0,0.00,,,never_ordered,None,false
CUST00311,2025-04-05,2025-08-09,5,5461.80,52,31.5,at_risk,High,false
CUST00312,2025-04-22,2025-04-22,1,543.00,161,,lapsed,Low,false
CUST00313,2025-09-02,2025-09-28,2,1158.00,2,26,active,Low,false
CUST00314,2025-04-13,2025-07-26,3,5740.65,66,52,lapsed,High,false
CUST00315,2025-05-16,2025-06-22,3,2154.00,100,18.5,lapsed,Medium,true
CUST00316,2025-08-15,2025-09-14,3,2656.00,16,15,cooling,Medium,false
CUST00317,,,0,0.00,,,never_ordered,None,false
CUST00318,2025-08-04,2025-08-04,1,1389.00,57,,at_risk,Low,false
CUST00319,2025-04-08,2025-09-15,19,10615.85,15,8.9,cooling,High,false
CUST00320,2025-04-15,2025-08-08,2,1084.20,53,115,at_risk,Low,false
CUST00321,,,0,0.00,,,never_ordered,None,false
CUST00322,2025-07-16,2025-08-31,2,6729.50,30,46,cooling,High,false
CUST00323,,,0,0.00,,,never_ordered,None,false
CUST00324,2025-08-05,2025-09-26,3,4546.00,4,26,active,Medium,false
CUST00325,2025-05-10,2025-08-22,7,6077.26,39,17.3,at_risk,High,true
CUST00326,2025-06-03,2025-06-23,2,1647.00,99,20,lapsed,Low,true
CUST00327,2025-04-08,2025-08-26,4,2561.00,35,46.7,at_risk,Medium,false
CUST00328,2025-05-09,2025-09-14,7,3855.15,16,21.3,cooling,Medium,false
CUST00329,2025-06-13,2025-09-06,3,935.00,24,42.5,cooling,Low,false
CUST00330,2025-06-15,2025-08-25,2,1239.00,36,71,at_risk,Low,false
CUST00331,2025-04-06,2025-09-12,12,7767.80,18,14.5,cooling,High,false
CUST00332,2025-07-17,2025-09-29,6,12076.50,1,14.8,active,High,false
CUST00333,,,0,0.00,,,never_ordered,None,false
CUST00334,2025-06-01,2025-08-17,5,5014.00,44,19.2,at_risk,Medium,true
CUST00335,2025-08-03,2025-08-14,2,1508.00,47,11,at_risk,Low,true
CUST00336,2025-04-11,2025-09-26,3,1803.40,4,84,active,Low,false
CUST00337,2025-04-06,2025-09-19,15,11335.55,11,11.9,active,High,false
CUST00338,2025-05-02,2025-09-04,9,4408.00,26,15.6,cooling,Medium,false
CUST00339,2025-05-10,2025-05-10,1,29.40,143,,lapsed,Low,false
CUST00340,2025-04-06,2025-09-04,6,1772.20,26,30.2,cooling,Low,false
CUST00341,,,0,0.00,,,never_ordered,None,false
CUST00342,2025-04-17,2025-06-28,3,2574.40,94,36,lapsed,Medium,true
CUST00343,2025-06-15,2025-09-21,6,8539.10,9,19.6,active,High,false
CUST00344,,,0,0.00,,,never_ordered,None,false
CUST00345,2025-09-27,2025-09-27,1,398.00,3,,active,Low,false
CUST00346,2025-06-14,2025-06-14,1,1757.00,108,,lapsed,Low,false
CUST00347,2025-04-27,2025-07-20,2,3729.20,72,84,lapsed,Medium,false
CUST00348,2025-04-09,2025-09-23,8,4468.50,7,23.9,active,Medium,false
CUST00349,2025-04-11,2025-08-22,2,2432.00,39,133,at_risk,Medium,false
CUST00350,2025-04-21,2025-09-23,8,5166.00,7,22.1,active,Medium,false
CUST00351,2025-04-02,2025-09-18,8,3452.45,12,24.1,active,Medium,false
CUST00352,2025-06-17,2025-07-14,3,2225.40,78,13.5,lapsed,Medium,true
CUST00353,2025-04-21,2025-09-09,16,14288.35,21,9.4,cooling,High,true
CUST00354,2025-04-01,2025-07-26,6,5412.60,66,23.2,lapsed,High,true
CUST00355,,,0,0.00,,,never_ordered,None,false
CUST00356,2025-04-03,2025-08-31,4,4378.75,30,50,cooling,Medium,false
CUST00357,2025-05-17,2025-09-22,2,3450.80,8,128,active,Medium,false
CUST00358,2025-04-05,2025-09-28,15,20337.50,2,12.6,active,High,false
CUST00359,2025-04-16,2025-09-18,6,5308.80,12,31,active,Medium,false
CUST00360,2025-06-19,2025-06-19,1,474.00,103,,lapsed,Low,false
CUST00361,2025-07-02,2025-09-21,18,30175.85,9,4.8,active,High,false
CUST00362,2025-04-01,2025-09-22,7,3727.10,8,29,active,Medium,false
CUST00363,2025-06-03,2025-09-30,5,4331.30,0,29.8,active,Medium,false
CUST00364,2025-08-09,2025-09-06,3,4853.40,24,14,cooling,Medium,false
CUST00365,2025-07-27,2025-08-23,3,2721.00,38,13.5,at_risk,Medium,true
CUST00366,2025-08-31,2025-08-31,1,109.50,30,,cooling,Low,false
CUST00367,2025-04-06,2025-09-24,16,6988.30,6,11.4,active,High,false
CUST00368,2025-04-01,2025-09-28,12,5211.80,2,16.4,active,Medium,false
CUST00369,2025-04-20,2025-09-29,16,17440.00,1,10.8,active,High,false
CUST00370,,,0,0.00,,,never_ordered,None,false
CUST00371,2025-04-26,2025-09-21,13,6206.31,9,12.3,active,High,false
CUST00372,2025-04-03,2025-08-04,3,2421.00,57,61.5,at_risk,Medium,false
CUST00373,2025-07-23,2025-09-28,4,746.90,2,22.3,active,Low,false
CUST00374,2025-04-03,2025-09-25,12,8316.50,5,15.9,active,High,false
CUST00375,2025-04-15,2025-09-03,13,7316.40,27,11.8,cooling,High,true
CUST00376,,,0,0.00,,,never_ordered,None,false
CUST00377,2025-05-13,2025-09-17,7,5312.00,13,21.2,active,High,false
CUST00378,,,0,0.00,,,never_ordered,None,false
CUST00379,2025-07-06,2025-07-29,2,4405.00,63,23,lapsed,Medium,true
CUST00380,2025-09-18,2025-09-18,1,479.90,12,,active,Low,false
CUST00381,,,0,0.00,,,never_ordered,None,false
CUST00382,,,0,0.00,,,never_ordered,None,false
CUST00383,2025-04-10,2025-09-25,4,3392.40,5,56,active,Medium,false
CUST00384,2025-04-27,2025-09-15,6,8332.40,15,28.2,cooling,High,false
CUST00385,2025-08-08,2025-09-28,3,7993.00,2,25.5,active,High,false
CUST00386,2025-09-14,2025-09-25,4,2778.20,5,3.7,active,Medium,false
CUST00387,2025-06-01,2025-09-04,3,3279.50,26,47.5,cooling,Medium,false
CUST00388,2025-04-27,2025-06-06,3,2692.55,116,20,lapsed,Medium,true
CUST00389,2025-04-22,2025-08-09,8,2392.80,52,15.6,at_risk,Medium,true
CUST00390,2025-08-16,2025-08-17,2,4641.00,44,1,at_risk,Medium,true
CUST00391,,,0,0.00,,,never_ordered,None,false
CUST00392,2025-05-07,2025-09-28,4,1761.00,2,48,active,Low,false
CUST00393,2025-04-15,2025-05-05,2,753.00,148,20,lapsed,Low,true
CUST00394,2025-04-12,2025-09-27,9,8362.55,3,21,active,High,false
CUST00395,2025-04-02,2025-09-25,35,21630.60,5,5.2,active,High,false
CUST00396,2025-06-27,2025-06-27,1,313.00,95,,lapsed,Low,false
CUST00397,2025-04-17,2025-09-23,28,10085.20,7,5.9,active,High,false
CUST00398,2025-04-14,2025-09-23,17,11771.00,7,10.1,active,High,false
CUST00399,2025-05-27,2025-08-30,2,1363.35,31,95,at_risk,Low,false
CUST00400,2025-04-06,2025-09-15,6,8019.50,15,32.4,cooling,High,false
CUST00401,2025-04-21,2025-09-20,10,8899.50,10,16.9,active,High,false
CUST00402,2025-04-21,2025-09-26,3,4533.90,4,79,active,Medium,false
CUST00403,2025-04-02,2025-09-21,9,3506.40,9,21.5,active,Medium,false
CUST00404,2025-05-04,2025-09-19,8,6098.20,11,19.7,active,High,false
CUST00405,2025-09-29,2025-09-29,1,42.00,1,,active,Low,false
CUST00406,2025-05-01,2025-09-06,3,6372.40,24,64,cooling,High,false
CUST00407,2025-04-25,2025-08-01,3,3659.00,60,49,at_risk,Medium,false
CUST00408,2025-06-10,2025-08-03,4,5024.00,58,18,at_risk,Medium,true
CUST00409,2025-07-18,2025-08-30,2,717.40,31,43,at_risk,Low,false
CUST00410,2025-04-28,2025-09-06,5,8640.00,24,32.8,cooling,High,false
CUST00411,2025-09-08,2025-09-08,1,719.94,22,,cooling,Low,false
CUST00412,,,0,0.00,,,never_ordered,None,false
CUST00413,2025-04-09,2025-08-18,4,4315.41,43,43.7,at_risk,Medium,false
CUST00414,2025-05-26,2025-09-06,4,4652.90,24,34.3,cooling,Medium,false
CUST00415,2025-04-30,2025-07-14,4,2874.80,78,25,lapsed,Medium,true
CUST00416,2025-08-11,2025-08-16,2,1625.75,45,5,at_risk,Low,true
CUST00417,2025-04-26,2025-04-26,1,3121.00,157,,lapsed,Medium,false
CUST00418,2025-04-20,2025-07-02,3,7303.80,90,36.5,lapsed,High,true
CUST00419,2025-04-27,2025-09-18,2,455.00,12,144,active,Low,false
CUST00420,2025-04-26,2025-09-03,3,1232.20,27,65,cooling,Low,false
CUST00421,2025-05-04,2025-05-18,2,2316.05,135,14,lapsed,Medium,true
CUST00422,2025-05-04,2025-08-18,2,156.00,43,106,at_risk,Low,false
CUST00423,2025-04-21,2025-09-27,8,5780.80,3,22.7,active,High,false
CUST00424,2025-09-12,2025-09-12,2,1186.00,18,0,cooling,Low,true
CUST00425,2025-05-05,2025-08-16,3,2090.25,45,51.5,at_risk,Medium,false
CUST00426,,,0,0.00,,,never_ordered,None,false
CUST00427,2025-04-19,2025-09-26,8,4738.00,4,22.9,active,Medium,false
CUST00428,2025-07-31,2025-07-31,1,2515.40,61,,lapsed,Medium,false
CUST00429,2025-05-16,2025-08-26,7,10191.75,35,17,at_risk,High,true
CUST00430,2025-04-22,2025-09-24,4,3116.00,6,51.7,active,Medium,false
CUST00431,2025-06-28,2025-09-30,4,2377.00,0,31.3,active,Medium,false
CUST00432,2025-04-12,2025-08-30,11,11839.16,31,14,at_risk,High,true
CUST00433,2025-05-22,2025-09-16,2,157.00,14,117,active,Low,false
CUST00434,2025-05-04,2025-05-04,1,366.00,149,,lapsed,Low,false
CUST00435,2025-07-19,2025-07-19,1,29841.00,73,,lapsed,High,false
CUST00436,,,0,0.00,,,never_ordered,None,false
CUST00437,2025-08-03,2025-09-28,14,11841.30,2,4.3,active,High,false
CUST00438,,,0,0.00,,,never_ordered,None,false
CUST00439,2025-04-02,2025-05-29,3,1637.00,124,28.5,lapsed,Low,true
CUST00440,2025-08-29,2025-08-29,1,869.20,32,,at_risk,Low,false
CUST00441,2025-08-02,2025-09-20,3,5389.00,10,24.5,active,High,false
CUST00442,2025-04-11,2025-06-05,2,2656.00,117,55,lapsed,Medium,true
CUST00443,2025-05-31,2025-09-02,4,7884.25,28,31.3,cooling,High,false
CUST00444,,,0,0.00,,,never_ordered,None,false
CUST00445,2025-04-22,2025-08-06,4,2491.00,55,35.3,at_risk,Medium,false
CUST00446,2025-04-30,2025-09-23,10,2505.10,7,16.2,active,Medium,false
CUST00447,2025-06-13,2025-08-17,2,1287.80,44,65,at_risk,Low,false
CUST00448,,,0,0.00,,,never_ordered,None,false
CUST00449,2025-04-02,2025-08-28,9,2366.10,33,18.5,at_risk,Medium,false
CUST00450,2025-05-15,2025-07-31,5,1523.45,61,19.2,lapsed,Low,true
CUST00451,2025-05-01,2025-08-16,3,3741.00,45,53.5,at_risk,Medium,false
CUST00452,,,0,0.00,,,never_ordered,None,false
CUST00453,,,0,0.00,,,never_ordered,None,false
CUST00454,2025-04-01,2025-09-14,19,14344.50,16,9.2,cooling,High,false
CUST00455,2025-05-17,2025-09-02,7,2431.20,28,18,cooling,Medium,false
CUST00456,,,0,0.00,,,never_ordered,None,false
CUST00457,2025-04-17,2025-09-02,4,4066.60,28,46,cooling,Medium,false
CUST00458,2025-09-14,2025-09-20,3,4520.00,10,3,active,Medium,true
CUST00459,2025-07-29,2025-08-02,2,1724.00,59,4,at_risk,Low,true
CUST00460,2025-04-24,2025-04-24,1,276.00,159,,lapsed,Low,false
CUST00461,2025-06-02,2025-09-19,4,1210.40,11,36.3,active,Low,false
CUST00462,2025-04-08,2025-09-25,17,11769.52,5,10.6,active,High,false
CUST00463,2025-04-13,2025-09-28,4,695.00,2,56,active,Low,false
CUST00464,,,0,0.00,,,never_ordered,None,false
CUST00465,2025-04-22,2025-09-15,8,6853.50,15,20.9,cooling,High,false
CUST00466,2025-08-12,2025-09-29,3,2867.00,1,24,active,Medium,false
CUST00467,2025-07-24,2025-09-26,7,4605.50,4,10.7,active,Medium,false
CUST00468,2025-05-05,2025-08-09,4,1448.00,52,32,at_risk,Low,false
CUST00469,2025-04-08,2025-08-24,11,7817.90,37,13.8,at_risk,High,true
CUST00470,2025-04-05,2025-08-30,11,8534.73,31,14.7,at_risk,High,true
CUST00471,2025-04-03,2025-07-31,4,1336.80,61,39.7,lapsed,Low,false
CUST00472,2025-06-01,2025-08-30,4,7871.00,31,30,at_risk,High,false
CUST00473,2025-04-25,2025-08-08,4,4374.50,53,35,at_risk,Medium,false
CUST00474,2025-05-03,2025-08-16,4,7085.15,45,35,at_risk,High,false
CUST00475,2025-04-27,2025-09-20,2,3407.94,10,146,active,Medium,false
CUST00476,,,0,0.00,,,never_ordered,None,false
CUST00477,2025-09-02,2025-09-30,2,1531.00,0,28,active,Low,false
CUST00478,2025-04-05,2025-07-11,6,9798.20,81,19.4,lapsed,High,true
CUST00479,2025-07-15,2025-07-20,3,5096.40,72,2.5,lapsed,Medium,true
CUST00480,2025-06-22,2025-07-19,2,1398.80,73,27,lapsed,Low,true
CUST00481,2025-06-29,2025-06-29,1,458.20,93,,lapsed,Low,false
CUST00482,2025-04-29,2025-09-03,6,4413.00,27,25.4,cooling,Medium,false
CUST00483,2025-06-13,2025-06-21,2,532.40,101,8,lapsed,Low,true
CUST00484,2025-04-08,2025-09-25,30,24789.24,5,5.9,active,High,false
CUST00485,2025-04-04,2025-09-04,9,6959.20,26,19.1,cooling,High,false
CUST00486,2025-04-27,2025-09-26,16,15700.00,4,10.1,active,High,false
CUST00487,,,0,0.00,,,never_ordered,None,false
CUST00488,2025-06-03,2025-06-16,2,2109.00,106,13,lapsed,Medium,true
CUST00489,2025-04-24,2025-09-12,4,6114.00,18,47,cooling,High,false
CUST00490,2025-04-02,2025-09-26,4,1914.20,4,59,active,Low,false
CUST00491,,,0,0.00,,,never_ordered,None,false
CUST00492,2025-06-02,2025-09-28,5,2731.50,2,29.5,active,Medium,false
CUST00493,2025-04-28,2025-09-18,7,5941.00,12,23.8,active,High,false
CUST00494,2025-09-27,2025-09-27,1,1335.00,3,,active,Low,false
CUST00495,2025-04-11,2025-06-03,3,4589.70,119,26.5,lapsed,Medium,true
CUST00496,2025-07-10,2025-09-15,6,5415.50,15,13.4,cooling,High,false
CUST00497,2025-05-18,2025-09-26,12,19875.00,4,11.9,active,High,false
CUST00498,2025-04-01,2025-09-10,13,10053.20,20,13.5,cooling,High,false
CUST00499,2025-04-05,2025-09-23,8,3984.00,7,24.4,active,Medium,false
CUST00500,2025-04-02,2025-09-26,10,12873.00,4,19.7,active,High,false
CUST00501,2025-07-04,2025-07-04,1,640.50,88,,lapsed,Low,false
CUST00502,2025-05-22,2025-09-07,7,1747.80,23,18,cooling,Low,false
CUST00503,2025-04-19,2025-07-19,8,4569.00,73,13,lapsed,Medium,true
CUST00504,2025-04-30,2025-08-10,6,9512.50,51,20.4,at_risk,High,true
CUST00505,2025-05-11,2025-09-20,15,12607.75,10,9.4,active,High,false
CUST00506,2025-07-26,2025-09-13,4,6110.00,17,16.3,cooling,High,false
CUST00507,2025-07-31,2025-07-31,1,1283.00,61,,lapsed,Low,false
CUST00508,2025-06-10,2025-08-23,3,1879.84,38,37,at_risk,Low,false
CUST00509,2025-04-04,2025-09-06,5,8105.00,24,38.8,cooling,High,false
CUST00510,,,0,0.00,,,never_ordered,None,false
CUST00511,2025-04-02,2025-08-23,3,5355.30,38,71.5,at_risk,High,false
CUST00512,2025-04-09,2025-08-01,7,2790.25,60,19,at_risk,Medium,true
CUST00513,2025-07-15,2025-09-28,5,4203.00,2,18.8,active,Medium,false
CUST00514,,,0,0.00,,,never_ordered,None,false
CUST00515,2025-04-18,2025-08-29,7,8545.20,32,22.2,at_risk,High,false
CUST00516,2025-04-04,2025-09-26,6,6912.91,4,35,active,High,false
CUST00517,2025-09-29,2025-09-29,1,686.00,1,,active,Low,false
CUST00518,2025-07-20,2025-09-29,3,6842.00,1,35.5,active,High,false
CUST00519,2025-04-24,2025-09-23,16,9407.90,7,10.1,active,High,false
CUST00520,2025-04-14,2025-09-17,5,2055.90,13,39,active,Medium,false
CUST00521,2025-06-10,2025-09-21,5,5295.80,9,25.8,active,Medium,false
CUST00522,,,0,0.00,,,never_ordered,None,false
CUST00523,,,0,0.00,,,never_ordered,None,false
CUST00524,2025-05-12,2025-09-04,8,4275.50,26,16.4,cooling,Medium,false
CUST00525,2025-07-05,2025-08-18,2,3915.25,43,44,at_risk,Medium,false
CUST00526,2025-04-05,2025-09-19,9,5488.55,11,20.9,active,High,false
CUST00527,2025-08-01,2025-09-08,2,4062.00,22,38,cooling,Medium,false
CUST00528,2025-04-04,2025-09-15,5,4113.00,15,41,cooling,Medium,false
CUST00529,2025-08-30,2025-09-25,5,4899.20,5,6.5,active,Medium,false
CUST00530,2025-07-21,2025-07-21,1,762.50,71,,lapsed,Low,false
CUST00531,2025-04-04,2025-08-25,8,3217.20,36,20.4,at_risk,Medium,false
CUST00532,2025-04-06,2025-08-17,12,6871.20,44,12.1,at_risk,High,true
CUST00533,2025-04-10,2025-08-10,6,6954.00,51,24.4,at_risk,High,true
CUST00534,2025-04-27,2025-09-02,11,21228.20,28,12.8,cooling,High,true
CUST00535,2025-06-15,2025-08-31,6,2237.00,30,15.4,cooling,Medium,false
CUST00536,2025-04-18,2025-08-27,8,2379.00,34,18.7,at_risk,Medium,false
CUST00537,2025-06-18,2025-06-18,1,462.00,104,,lapsed,Low,false
CUST00538,2025-06-14,2025-09-29,4,5229.20,1,35.7,active,Medium,false
CUST00539,,,0,0.00,,,never_ordered,None,false
CUST00540,2025-05-09,2025-09-28,7,5891.80,2,23.7,active,High,false
CUST00541,2025-04-16,2025-09-28,17,13591.75,2,10.3,active,High,false
CUST00542,2025-08-18,2025-08-22,2,1564.00,39,4,at_risk,Low,true
CUST00543,2025-05-12,2025-08-23,8,7675.00,38,14.7,at_risk,High,true
CUST00544,2025-09-22,2025-09-22,1,114.00,8,,active,Low,false
CUST00545,2025-04-04,2025-09-29,15,10935.35,1,12.7,active,High,false
CUST00546,2025-04-09,2025-08-30,5,3518.00,31,35.8,at_risk,Medium,false
CUST00547,2025-05-18,2025-09-22,9,8858.23,8,15.9,active,High,false
CUST00548,2025-05-30,2025-09-29,6,6156.10,1,24.4,active,High,false
CUST00549,2025-09-09,2025-09-09,1,511.00,21,,cooling,Low,false
CUST00550,2025-04-27,2025-09-24,18,5864.25,6,8.8,active,High,false
CUST00551,2025-04-09,2025-08-26,4,3993.00,35,46.3,at_risk,Medium,false
CUST00552,2025-04-01,2025-08-06,6,7558.00,55,25.4,at_risk,High,true
CUST00553,2025-08-15,2025-08-15,1,338.00,46,,at_risk,Low,false
CUST00554,2025-04-28,2025-09-28,4,2806.90,2,51,active,Medium,false
CUST00555,,,0,0.00,,,never_ordered,None,false
CUST00556,2025-08-17,2025-08-17,1,851.40,44,,at_risk,Low,false
CUST00557,,,0,0.00,,,never_ordered,None,false
CUST00558,2025-04-14,2025-09-14,5,1762.00,16,38.2,cooling,Low,false
CUST00559,2025-05-10,2025-09-10,3,7209.60,20,61.5,cooling,High,false
CUST00560,2025-04-01,2025-08-21,4,2119.50,40,47.3,at_risk,Medium,false
CUST00561,2025-08-18,2025-09-20,5,3085.80,10,8.2,active,Medium,false
CUST00562,2025-05-02,2025-07-03,4,2451.00,89,20.7,lapsed,Medium,true
CUST00563,2025-04-09,2025-08-14,3,985.20,47,63.5,at_risk,Low,false
CUST00564,2025-04-05,2025-09-21,6,12058.50,9,33.8,active,High,false
CUST00565,2025-04-02,2025-08-19,11,10760.80,42,13.9,at_risk,High,true
CUST00566,2025-06-21,2025-09-27,2,988.00,3,98,active,Low,false
CUST00567,2025-04-03,2025-09-28,13,6764.10,2,14.8,active,High,false
CUST00568,2025-04-05,2025-09-29,8,10512.25,1,25.3,active,High,false
CUST00569,2025-04-26,2025-08-29,8,7177.00,32,17.9,at_risk,High,false
CUST00570,2025-04-17,2025-09-15,10,4373.59,15,16.8,cooling,Medium,false
CUST00571,2025-04-10,2025-09-18,8,6435.10,12,23,active,High,false
CUST00572,2025-04-09,2025-09-04,7,3787.60,26,24.7,cooling,Medium,false
CUST00573,2025-04-19,2025-09-13,4,9013.00,17,49,cooling,High,false
CUST00574,2025-04-22,2025-09-12,5,2831.00,18,35.8,cooling,Medium,false
CUST00575,2025-04-01,2025-09-18,15,8097.70,12,12.1,active,High,false
CUST00576,2025-08-05,2025-09-02,4,654.20,28,9.3,cooling,Low,true
CUST00577,2025-07-04,2025-07-11,2,1553.50,81,7,lapsed,Low,true
CUST00578,2025-05-12,2025-08-05,5,2383.00,56,21.2,at_risk,Medium,true
CUST00579,2025-04-07,2025-09-29,15,12563.55,1,12.5,active,High,false
CUST00580,2025-04-02,2025-09-01,17,7565.00,29,9.5,cooling,High,true
CUST00581,,,0,0.00,,,never_ordered,None,false
CUST00582,2025-05-07,2025-09-13,4,4550.00,17,43,cooling,Medium,false
CUST00583,2025-04-08,2025-08-30,6,12182.70,31,28.8,at_risk,High,false
CUST00584,2025-07-05,2025-08-24,3,5602.70,37,25,at_risk,High,false
CUST00585,,,0,0.00,,,never_ordered,None,false
CUST00586,,,0,0.00,,,never_ordered,None,false
CUST00587,2025-05-01,2025-08-27,3,1881.90,34,59,at_risk,Low,false
CUST00588,2025-07-05,2025-07-05,1,2384.00,87,,lapsed,Medium,false
CUST00589,2025-06-26,2025-07-08,2,2538.50,84,12,lapsed,Medium,true
CUST00590,2025-07-16,2025-07-16,1,532.00,76,,lapsed,Low,false
CUST00591,2025-04-11,2025-08-14,11,4505.00,47,12.5,at_risk,Medium,true
CUST00592,2025-08-09,2025-08-09,1,1633.20,52,,at_risk,Low,false
CUST00593,2025-04-14,2025-08-21,6,3772.70,40,25.8,at_risk,Medium,false
CUST00594,2025-04-01,2025-09-14,11,5160.75,16,16.6,cooling,Medium,false
CUST00595,2025-07-26,2025-07-26,1,458.00,66,,lapsed,Low,false
CUST00596,2025-04-25,2025-09-30,17,8662.50,0,9.9,active,High,false
CUST00597,2025-04-20,2025-08-31,9,16831.60,30,16.6,cooling,High,false
CUST00598,2025-09-27,2025-09-27,1,265.00,3,,active,Low,false
CUST00599,2025-07-31,2025-07-31,1,1830.00,61,,lapsed,Low,false
CUST00600,,,0,0.00,,,never_ordered,None,false
CUST00601,2025-05-22,2025-06-15,5,3561.30,107,6,lapsed,Medium,true
CUST00602,2025-04-16,2025-09-25,15,11650.75,5,11.6,active,High,false
CUST00603,,,0,0.00,,,never_ordered,None,false
CUST00604,2025-04-04,2025-09-03,10,7684.14,27,16.9,cooling,High,false
CUST00605,2025-06-26,2025-08-03,2,940.00,58,38,at_risk,Low,false
CUST00606,2025-06-08,2025-08-21,3,3975.00,40,37,at_risk,Medium,false
CUST00607,2025-07-05,2025-09-26,2,2056.20,4,83,active,Medium,false
CUST00608,2025-04-29,2025-06-26,3,1020.00,96,29,lapsed,Low,true
CUST00609,2025-04-09,2025-06-19,4,175.00,103,23.7,lapsed,Low,true
CUST00610,,,0,0.00,,,never_ordered,None,false
CUST00611,2025-04-09,2025-09-28,4,7273.40,2,57.3,active,High,false
CUST00612,2025-05-28,2025-09-07,3,3747.00,23,51,cooling,Medium,false
CUST00613,2025-05-26,2025-07-03,2,1431.00,89,38,lapsed,Low,true
CUST00614,2025-09-05,2025-09-05,1,1208.00,25,,cooling,Low,false
CUST00615,2025-04-10,2025-09-13,15,13308.50,17,11.1,cooling,High,false
CUST00616,2025-04-03,2025-07-06,2,1046.00,86,94,lapsed,Low,false
CUST00617,2025-07-31,2025-08-29,2,1496.15,32,29,at_risk,Low,false
CUST00618,2025-04-15,2025-09-18,7,4851.95,12,26,active,Medium,false
CUST00619,2025-04-21,2025-09-25,15,12510.15,5,11.2,active,High,false
CUST00620,2025-04-13,2025-08-19,4,3246.55,42,42.7,at_risk,Medium,false
CUST00621,2025-04-14,2025-09-19,5,2817.26,11,39.5,active,Medium,false
CUST00622,2025-04-26,2025-09-08,10,10049.40,22,15,cooling,High,false
CUST00623,2025-04-03,2025-09-24,17,10756.10,6,10.9,active,High,false
CUST00624,2025-08-11,2025-08-23,2,2251.00,38,12,at_risk,Medium,true
CUST00625,,,0,0.00,,,never_ordered,None,false
CUST00626,2025-04-02,2025-09-08,5,8636.80,22,39.8,cooling,High,false
CUST00627,2025-07-14,2025-09-26,4,2044.90,4,24.7,active,Low,false
CUST00628,2025-07-16,2025-07-16,1,1153.00,76,,lapsed,Low,false
CUST00629,2025-04-29,2025-07-27,3,801.05,65,44.5,lapsed,Low,false
CUST00630,2025-08-10,2025-08-10,1,392.00,51,,at_risk,Low,false
CUST00631,2025-04-25,2025-09-10,7,5059.90,20,23,cooling,Medium,false
CUST00632,2025-04-27,2025-09-11,6,1594.00,19,27.4,cooling,Low,false
CUST00633,,,0,0.00,,,never_ordered,None,false
CUST00634,2025-06-23,2025-08-26,6,1269.80,35,12.8,at_risk,Low,true
CUST00635,2025-04-21,2025-08-11,5,2658.20,50,28,at_risk,Medium,false
CUST00636,2025-04-08,2025-09-08,4,1539.00,22,51,cooling,Low,false
CUST00637,2025-07-03,2025-09-12,2,4252.00,18,71,cooling,Medium,false
CUST00638,2025-09-03,2025-09-19,2,2061.00,11,16,active,Medium,false
CUST00639,2025-04-04,2025-09-26,21,10474.50,4,8.8,active,High,false
CUST00640,,,0,0.00,,,never_ordered,None,false
CUST00641,2025-04-11,2025-08-07,8,2433.00,54,16.9,at_risk,Medium,true
CUST00642,2025-06-19,2025-09-26,3,6534.00,4,49.5,active,High,false
CUST00643,2025-05-20,2025-09-09,6,2024.90,21,22.4,cooling,Low,false
CUST00644,,,0,0.00,,,never_ordered,None,false
CUST00645,2025-08-02,2025-08-29,3,4310.60,32,13.5,at_risk,Medium,true
CUST00646,2025-04-11,2025-09-21,11,8213.44,9,16.3,active,High,false
CUST00647,2025-04-11,2025-09-28,10,3210.57,2,18.9,active,Medium,false
CUST00648,2025-07-22,2025-07-22,1,1275.55,70,,lapsed,Low,false
CUST00649,2025-05-04,2025-09-30,4,1722.40,0,49.7,active,Low,false
CUST00650,2025-04-10,2025-09-21,6,1458.00,9,32.8,active,Low,false
CUST00651,2025-05-03,2025-09-06,5,3024.00,24,31.5,cooling,Medium,false
CUST00652,2025-06-15,2025-08-18,8,5406.00,43,9.1,at_risk,High,true
CUST00653,2025-04-22,2025-09-22,15,10182.30,8,10.9,active,High,false
CUST00654,2025-04-07,2025-08-18,2,2646.20,43,133,at_risk,Medium,false
CUST00655,,,0,0.00,,,never_ordered,None,false
CUST00656,2025-05-08,2025-09-19,9,7762.00,11,16.8,active,High,false
CUST00657,2025-04-30,2025-09-25,12,13970.00,5,13.5,active,High,false
CUST00658,2025-04-26,2025-09-28,9,6556.55,2,19.4,active,High,false
CUST00659,2025-06-28,2025-09-11,6,11376.15,19,15,cooling,High,false
CUST00660,2025-08-20,2025-08-20,1,512.00,41,,at_risk,Low,false
CUST00661,2025-08-20,2025-08-20,1,42.00,41,,at_risk,Low,false
CUST00662,,,0,0.00,,,never_ordered,None,false
CUST00663,2025-07-09,2025-07-21,2,3762.00,71,12,lapsed,Medium,true
CUST00664,2025-04-10,2025-09-30,7,1233.94,0,28.8,active,Low,false
CUST00665,2025-04-08,2025-09-22,8,3207.10,8,23.9,active,Medium,false
CUST00666,2025-06-21,2025-06-21,1,617.00,101,,lapsed,Low,false
CUST00667,2025-05-03,2025-09-25,5,5778.00,5,36.2,active,High,false
CUST00668,2025-04-13,2025-09-02,7,5560.25,28,23.7,cooling,High,false
CUST00669,2025-07-01,2025-09-05,5,2188.00,25,16.5,cooling,Medium,false
CUST00670,2025-04-11,2025-08-05,5,3673.40,56,29,at_risk,Medium,false
CUST00671,2025-04-07,2025-07-31,5,3078.00,61,28.8,lapsed,Medium,true
CUST00672,2025-05-31,2025-06-29,4,6164.70,93,9.7,lapsed,High,true
CUST00673,2025-04-18,2025-08-22,6,4296.05,39,25.2,at_risk,Medium,false
CUST00674,2025-09-30,2025-09-30,1,262.00,0,,active,Low,false
CUST00675,2025-05-31,2025-08-31,5,6402.00,30,23,cooling,High,false
CUST00676,2025-05-19,2025-07-14,4,1142.00,78,18.7,lapsed,Low,true
CUST00677,2025-04-20,2025-09-27,17,13381.70,3,10,active,High,false
CUST00678,2025-04-08,2025-09-20,11,8536.40,10,16.5,active,High,false
CUST00679,,,0,0.00,,,never_ordered,None,false
CUST00680,2025-08-28,2025-09-23,4,3178.70,7,8.7,active,Medium,false
CUST00681,2025-09-08,2025-09-08,1,333.00,22,,cooling,Low,false
CUST00682,,,0,0.00,,,never_ordered,None,false
CUST00683,2025-04-09,2025-09-26,16,11343.45,4,11.3,active,High,false
CUST00684,2025-05-14,2025-09-15,8,1933.00,15,17.7,cooling,Low,false
CUST00685,2025-04-03,2025-09-23,5,2963.00,7,43.2,active,Medium,false
CUST00686,2025-06-04,2025-09-21,5,3159.60,9,27.2,active,Medium,false
CUST00687,2025-09-14,2025-09-14,1,303.00,16,,cooling,Low,false
CUST00688,2025-06-07,2025-07-30,2,3203.00,62,53,lapsed,Medium,false
CUST00689,2025-04-11,2025-04-11,1,1648.70,172,,lapsed,Low,false
CUST00690,2025-04-02,2025-09-17,4,1623.28,13,56,active,Low,false
CUST00691,2025-04-18,2025-08-27,7,3532.70,34,21.8,at_risk,Medium,false
CUST00692,2025-05-08,2025-07-26,2,3686.50,66,79,lapsed,Medium,false
CUST00693,2025-07-10,2025-09-13,4,4053.30,17,21.7,cooling,Medium,false
CUST00694,,,0,0.00,,,never_ordered,None,false
CUST00695,2025-08-27,2025-09-11,2,3826.00,19,15,cooling,Medium,false
CUST00696,,,0,0.00,,,never_ordered,None,false
CUST00697,2025-09-07,2025-09-07,1,2188.00,23,,cooling,Medium,false
CUST00698,2025-05-12,2025-09-28,5,4527.00,2,34.8,active,Medium,false
CUST00699,2025-05-22,2025-09-21,2,1648.00,9,122,active,Low,false
CUST00700,2025-04-30,2025-04-30,1,725.00,153,,lapsed,Low,false
CUST00701,2025-05-26,2025-05-26,1,586.00,127,,lapsed,Low,false
CUST00702,2025-06-02,2025-08-28,2,879.00,33,87,at_risk,Low,false
CUST00703,2025-07-29,2025-08-23,2,2027.00,38,25,at_risk,Low,false
CUST00704,,,0,0.00,,,never_ordered,None,false
CUST00705,2025-05-01,2025-05-01,1,192.00,152,,lapsed,Low,false
CUST00706,2025-08-23,2025-08-23,1,922.00,38,,at_risk,Low,false
CUST00707,,,0,0.00,,,never_ordered,None,false
CUST00708,2025-05-01,2025-08-27,11,13541.00,34,11.8,at_risk,High,true
CUST00709,,,0,0.00,,,never_ordered,None,false
CUST00710,2025-07-10,2025-07-10,1,246.00,82,,lapsed,Low,false
CUST00711,2025-04-16,2025-09-21,6,10537.00,9,31.6,active,High,false
CUST00712,2025-04-09,2025-06-27,4,4505.00,95,26.3,lapsed,Medium,true
CUST00713,2025-04-06,2025-09-29,8,6489.20,1,25.1,active,High,false
CUST00714,2025-05-26,2025-09-17,4,3250.00,13,38,active,Medium,false
CUST00715,2025-06-26,2025-09-21,5,7772.60,9,21.8,active,High,false
CUST00716,2025-04-16,2025-09-16,8,5902.00,14,21.9,active,High,false
CUST00717,2025-04-26,2025-09-13,3,2694.80,17,70,cooling,Medium,false
CUST00718,2025-04-09,2025-09-19,3,2997.40,11,81.5,active,Medium,false
CUST00719,2025-04-07,2025-09-23,4,983.00,7,56.3,active,Low,false
CUST00720,2025-09-21,2025-09-21,1,266.00,9,,active,Low,false
CUST00721,2025-04-05,2025-09-24,11,5780.00,6,17.2,active,High,false
CUST00722,2025-04-13,2025-09-26,8,12784.81,4,23.7,active,High,false
CUST00723,2025-08-16,2025-09-12,4,5937.80,18,9,cooling,High,false
CUST00724,2025-04-13,2025-06-12,2,1292.00,110,60,lapsed,Low,false
CUST00725,2025-04-22,2025-07-22,4,6599.50,70,30.3,lapsed,High,true
CUST00726,2025-05-03,2025-09-20,8,7147.08,10,20,active,High,false
CUST00727,2025-05-18,2025-09-14,7,14094.80,16,19.8,cooling,High,false
CUST00728,2025-06-19,2025-09-28,7,3699.00,2,16.8,active,Medium,false
CUST00729,2025-05-14,2025-08-28,2,766.60,33,106,at_risk,Low,false
CUST00730,2025-07-18,2025-07-18,1,2877.00,74,,lapsed,Medium,false
CUST00731,2025-05-09,2025-09-03,6,2270.85,27,23.4,cooling,Medium,false
CUST00732,2025-04-17,2025-04-25,2,293.00,158,8,lapsed,Low,true
CUST00733,2025-04-06,2025-09-26,38,28598.86,4,4.7,active,High,false
CUST00734,,,0,0.00,,,never_ordered,None,false
CUST00735,2025-05-24,2025-07-15,3,1874.00,77,26,lapsed,Low,true
CUST00736,,,0,0.00,,,never_ordered,None,false
CUST00737,2025-09-16,2025-09-16,1,160.90,14,,active,Low,false
CUST00738,2025-08-10,2025-08-10,1,273.75,51,,at_risk,Low,false
CUST00739,2025-06-05,2025-08-19,3,2684.10,42,37.5,at_risk,Medium,false
CUST00740,2025-07-10,2025-07-10,1,751.00,82,,lapsed,Low,false
CUST00741,2025-05-17,2025-09-12,5,9089.35,18,29.5,cooling,High,false
CUST00742,2025-07-16,2025-07-16,1,845.00,76,,lapsed,Low,false
CUST00743,2025-04-06,2025-09-28,18,17430.94,2,10.3,active,High,false
CUST00744,,,0,0.00,,,never_ordered,None,false
CUST00745,2025-05-04,2025-09-20,8,11628.50,10,19.9,active,High,false
CUST00746,2025-04-09,2025-09-20,6,12650.40,10,32.8,active,High,false
CUST00747,2025-07-04,2025-07-04,1,289.00,88,,lapsed,Low,false
CUST00748,2025-04-06,2025-08-05,9,2854.50,56,15.1,at_risk,Medium,true
CUST00749,2025-05-01,2025-05-17,2,1772.00,136,16,lapsed,Low,true
CUST00750,2025-04-06,2025-08-03,8,2212.60,58,17,at_risk,Medium,true
CUST00751,2025-05-12,2025-09-14,2,1293.00,16,125,cooling,Low,false
CUST00752,2025-09-10,2025-09-10,1,996.50,20,,cooling,Low,false
CUST00753,2025-04-13,2025-08-21,10,2425.00,40,14.4,at_risk,Medium,true
CUST00754,2025-07-03,2025-08-20,2,1383.60,41,48,at_risk,Low,false
CUST00755,2025-05-12,2025-08-23,2,985.20,38,103,at_risk,Low,false
CUST00756,,,0,0.00,,,never_ordered,None,false
CUST00757,2025-04-22,2025-06-21,4,4533.20,101,20,lapsed,Medium,true
CUST00758,2025-04-08,2025-08-05,5,2874.00,56,29.8,at_risk,Medium,false
CUST00759,2025-04-10,2025-07-27,5,7761.20,65,27,lapsed,High,true
CUST00760,2025-07-12,2025-09-18,2,182.00,12,68,active,Low,false
CUST00761,,,0,0.00,,,never_ordered,None,false
CUST00762,2025-04-21,2025-08-30,5,4918.40,31,32.8,at_risk,Medium,false
CUST00763,2025-05-16,2025-08-10,5,6476.75,51,21.5,at_risk,High,true
CUST00764,2025-09-01,2025-09-27,2,2284.00,3,26,active,Medium,false
CUST00765,,,0,0.00,,,never_ordered,None,false
CUST00766,2025-08-21,2025-09-15,2,1226.00,15,25,cooling,Low,false
CUST00767,2025-04-04,2025-09-24,13,6115.40,6,14.4,active,High,false
CUST00768,2025-08-22,2025-08-22,1,2528.00,39,,at_risk,Medium,false
CUST00769,2025-04-16,2025-08-01,6,4181.00,60,21.4,at_risk,Medium,true
CUST00770,2025-04-02,2025-09-25,11,8552.00,5,17.6,active,High,false
CUST00771,2025-04-28,2025-09-27,16,12451.05,3,10.1,active,High,false
CUST00772,2025-05-27,2025-09-10,4,4488.55,20,35.3,cooling,Medium,false
CUST00773,2025-08-12,2025-09-24,3,2555.50,6,21.5,active,Medium,false
CUST00774,2025-07-09,2025-09-21,12,8983.35,9,6.7,active,High,false
CUST00775,2025-09-06,2025-09-26,3,2447.00,4,10,active,Medium,false
CUST00776,2025-09-10,2025-09-10,1,384.00,20,,cooling,Low,false
CUST00777,2025-09-05,2025-09-05,1,321.00,25,,cooling,Low,false
CUST00778,2025-05-19,2025-06-30,3,398.00,92,21,lapsed,Low,true
CUST00779,2025-04-05,2025-09-03,7,6652.75,27,25.2,cooling,High,false
CUST00780,2025-04-03,2025-09-16,32,23013.15,14,5.4,active,High,true
CUST00781,2025-06-01,2025-06-01,1,1415.00,121,,lapsed,Low,false
CUST00782,2025-04-08,2025-09-21,15,11174.79,9,11.9,active,High,false
CUST00783,2025-06-16,2025-08-28,5,5121.20,33,18.2,at_risk,Medium,false
CUST00784,2025-06-21,2025-08-04,3,3137.40,57,22,at_risk,Medium,true
CUST00785,2025-04-16,2025-06-27,2,4647.80,95,72,lapsed,Medium,false
CUST00786,2025-04-14,2025-09-30,12,11439.40,0,15.4,active,High,false
CUST00787,2025-04-03,2025-09-10,6,4487.20,20,32,cooling,Medium,false
CUST00788,2025-04-17,2025-04-17,1,932.40,166,,lapsed,Low,false
CUST00789,2025-05-30,2025-05-30,1,478.25,123,,lapsed,Low,false
CUST00790,2025-04-09,2025-09-19,12,4380.30,11,14.8,active,Medium,false
CUST00791,2025-04-28,2025-09-30,3,696.00,0,77.5,active,Low,false
CUST00792,2025-06-24,2025-06-24,1,759.60,98,,lapsed,Low,false
CUST00793,2025-08-01,2025-08-01,1,1622.00,60,,at_risk,Low,false
CUST00794,2025-04-15,2025-09-14,6,5601.80,16,30.4,cooling,High,false
CUST00795,2025-04-30,2025-08-29,8,5008.60,32,17.3,at_risk,Medium,false
CUST00796,2025-04-05,2025-09-28,22,32737.40,2,8.4,active,High,false
CUST00797,2025-04-02,2025-08-03,2,680.00,58,123,at_risk,Low,false
CUST00798,2025-04-09,2025-09-27,7,3611.85,3,28.5,active,Medium,false
CUST00799,2025-06-11,2025-09-09,3,909.60,21,45,cooling,Low,false
CUST00800,2025-09-17,2025-09-17,1,136.30,13,,active,Low,false
CUST00801,2025-05-23,2025-09-26,14,8196.25,4,9.7,active,High,false
CUST00802,2025-04-07,2025-09-27,14,13991.10,3,13.3,active,High,false
CUST00803,2025-04-07,2025-08-23,5,3538.20,38,34.5,at_risk,Medium,false
CUST00804,2025-04-25,2025-08-30,4,2742.00,31,42.3,at_risk,Medium,false
CUST00805,,,0,0.00,,,never_ordered,None,false
CUST00806,2025-09-29,2025-09-29,1,410.00,1,,active,Low,false
CUST00807,2025-04-01,2025-07-16,4,3355.00,76,35.3,lapsed,Medium,true
CUST00808,2025-04-20,2025-04-26,2,1981.84,157,6,lapsed,Low,true
CUST00809,2025-06-08,2025-06-08,1,1420.00,114,,lapsed,Low,false
CUST00810,2025-05-20,2025-08-26,3,2195.00,35,49,at_risk,Medium,false
CUST00811,2025-07-05,2025-07-16,2,2252.00,76,11,lapsed,Medium,true
CUST00812,2025-04-03,2025-09-15,7,4572.20,15,27.5,cooling,Medium,false
CUST00813,2025-07-10,2025-08-22,2,2028.00,39,43,at_risk,Low,false
CUST00814,2025-06-07,2025-07-30,2,598.00,62,53,lapsed,Low,false
CUST00815,2025-06-06,2025-09-24,3,1514.60,6,55,active,Low,false
CUST00816,2025-04-16,2025-09-09,7,14502.45,21,24.3,cooling,High,false
CUST00817,,,0,0.00,,,never_ordered,None,false
CUST00818,2025-08-05,2025-08-05,1,466.00,56,,at_risk,Low,false
CUST00819,2025-04-01,2025-09-06,20,6659.00,24,8.3,cooling,High,true
CUST00820,2025-05-17,2025-09-21,3,2005.60,9,63.5,active,Low,false
CUST00821,,,0,0.00,,,never_ordered,None,false
CUST00822,2025-04-19,2025-08-29,7,3693.00,32,22,at_risk,Medium,false
CUST00823,2025-04-02,2025-09-24,19,5594.40,6,9.7,active,High,false
CUST00824,2025-04-15,2025-09-06,7,9755.00,24,24,cooling,High,false
CUST00825,2025-04-28,2025-09-10,9,7989.00,20,16.9,cooling,High,false
CUST00826,2025-04-12,2025-08-29,9,3815.00,32,17.4,at_risk,Medium,false
CUST00827,2025-04-06,2025-09-26,12,7621.35,4,15.7,active,High,false
CUST00828,2025-07-20,2025-09-08,4,1892.15,22,16.7,cooling,Low,false
CUST00829,2025-04-01,2025-08-28,5,3965.55,33,37.2,at_risk,Medium,false
CUST00830,2025-04-29,2025-09-25,9,5983.47,5,18.6,active,High,false
CUST00831,2025-04-13,2025-09-30,6,3554.00,0,34,active,Medium,false
CUST00832,2025-05-28,2025-09-28,5,1492.45,2,30.8,active,Low,false
CUST00833,2025-04-09,2025-05-31,3,1130.25,122,26,lapsed,Low,true
CUST00834,2025-05-29,2025-09-29,3,347.30,1,61.5,active,Low,false
CUST00835,2025-08-29,2025-09-26,2,880.00,4,28,active,Low,false
CUST00836,2025-04-05,2025-09-25,4,7326.35,5,57.7,active,High,false
CUST00837,2025-07-28,2025-09-11,2,3725.00,19,45,cooling,Medium,false
CUST00838,2025-04-30,2025-09-14,3,2395.00,16,68.5,cooling,Medium,false
CUST00839,2025-06-01,2025-09-10,3,931.00,20,50.5,cooling,Low,false
CUST00840,2025-08-12,2025-08-12,1,735.25,49,,at_risk,Low,false
CUST00841,,,0,0.00,,,never_ordered,None,false
CUST00842,2025-04-23,2025-09-27,9,8640.25,3,19.6,active,High,false
CUST00843,2025-05-02,2025-09-14,10,10003.20,16,15,cooling,High,false
CUST00844,2025-06-03,2025-09-26,4,1700.20,4,38.3,active,Low,false
CUST00845,2025-09-29,2025-09-29,1,129.00,1,,active,Low,false
CUST00846,,,0,0.00,,,never_ordered,None,false
CUST00847,2025-09-11,2025-09-27,4,2325.60,3,5.3,active,Medium,false
CUST00848,2025-04-08,2025-08-20,9,8034.70,41,16.8,at_risk,High,true
CUST00849,2025-04-19,2025-07-11,5,3297.00,81,20.8,lapsed,Medium,true
CUST00850,2025-05-12,2025-09-18,12,7762.00,12,11.7,active,High,false
CUST00851,2025-05-02,2025-07-22,6,4306.35,70,16.2,lapsed,Medium,true
CUST00852,2025-04-13,2025-08-07,4,217.77,54,38.7,at_risk,Low,false
CUST00853,2025-04-10,2025-09-10,13,8165.10,20,12.8,cooling,High,false
CUST00854,2025-04-27,2025-04-27,1,1079.00,156,,lapsed,Low,false
CUST00855,2025-05-08,2025-09-30,2,246.20,0,145,active,Low,false
CUST00856,2025-04-29,2025-08-28,4,838.60,33,40.3,at_risk,Low,false
CUST00857,2025-04-12,2025-09-21,10,27733.90,9,18,active,High,false
CUST00858,2025-04-04,2025-09-26,13,7525.55,4,14.6,active,High,false
CUST00859,2025-06-23,2025-09-02,2,693.00,28,71,cooling,Low,false
CUST00860,2025-08-28,2025-08-28,1,1895.00,33,,at_risk,Low,false
CUST00861,2025-04-02,2025-09-22,14,7749.30,8,13.3,active,High,false
CUST00862,2025-04-18,2025-09-20,31,23286.50,10,5.2,active,High,false
CUST00863,2025-05-03,2025-09-09,5,2664.60,21,32.2,cooling,Medium,false
CUST00864,2025-05-03,2025-08-29,16,12806.50,32,7.9,at_risk,High,true
CUST00865,2025-04-25,2025-04-25,1,36.00,158,,lapsed,Low,false
CUST00866,2025-04-06,2025-06-21,4,5307.70,101,25.3,lapsed,Medium,true
CUST00867,2025-04-20,2025-09-19,6,14529.80,11,30.4,active,High,false
CUST00868,2025-07-27,2025-09-13,3,2408.00,17,24,cooling,Medium,false
CUST00869,2025-07-26,2025-09-27,5,10804.70,3,15.8,active,High,false
CUST00870,2025-05-04,2025-06-25,4,5344.00,97,17.3,lapsed,High,true
CUST00871,,,0,0.00,,,never_ordered,None,false
CUST00872,2025-04-14,2025-09-30,5,9749.40,0,42.2,active,High,false
CUST00873,2025-04-06,2025-08-16,2,1666.40,45,132,at_risk,Low,false
CUST00874,2025-04-12,2025-09-30,9,8122.75,0,21.4,active,High,false
CUST00875,2025-04-09,2025-09-27,7,5523.00,3,28.5,active,High,false
CUST00876,2025-05-09,2025-07-29,4,4838.90,63,27,lapsed,Medium,true
CUST00877,2025-04-17,2025-09-25,7,3061.80,5,26.8,active,Medium,false
CUST00878,2025-04-15,2025-07-21,4,1063.00,71,32.3,lapsed,Low,true
CUST00879,,,0,0.00,,,never_ordered,None,false
CUST00880,2025-04-28,2025-08-10,5,4300.55,51,26,at_risk,Medium,false
CUST00881,2025-04-27,2025-08-16,4,7692.93,45,37,at_risk,High,false
CUST00882,,,0,0.00,,,never_ordered,None,false
CUST00883,2025-07-19,2025-08-21,5,3554.70,40,8.2,at_risk,Medium,true
CUST00884,2025-05-21,2025-05-21,1,773.00,132,,lapsed,Low,false
CUST00885,2025-04-03,2025-08-31,12,15391.00,30,13.6,cooling,High,true
CUST00886,,,0,0.00,,,never_ordered,None,false
CUST00887,2025-04-03,2025-09-22,4,1981.00,8,57.3,active,Low,false
CUST00888,2025-09-13,2025-09-13,1,1302.00,17,,cooling,Low,false
CUST00889,2025-04-24,2025-05-14,2,1141.30,139,20,lapsed,Low,true
CUST00890,2025-05-15,2025-07-18,9,5103.25,74,8,lapsed,Medium,true
CUST00891,2025-04-01,2025-09-29,19,13397.40,1,10.1,active,High,false
CUST00892,,,0,0.00,,,never_ordered,None,false
CUST00893,2025-05-30,2025-08-16,3,1715.50,45,39,at_risk,Low,false
CUST00894,2025-04-23,2025-09-28,14,9455.40,2,12.2,active,High,false
CUST00895,2025-04-27,2025-04-27,1,1173.50,156,,lapsed,Low,false
CUST00896,2025-05-10,2025-09-10,4,6142.00,20,41,cooling,High,false
CUST00897,2025-04-01,2025-09-18,9,12014.85,12,21.2,active,High,false
CUST00898,2025-05-31,2025-09-02,3,2536.00,28,47,cooling,Medium,false
CUST00899,2025-06-15,2025-09-06,2,2301.20,24,83,cooling,Medium,false
CUST00900,2025-05-31,2025-09-20,5,9981.65,10,28,active,High,false
CUST00901,2025-04-19,2025-08-11,5,2305.50,50,28.5,at_risk,Medium,false
CUST00902,2025-04-06,2025-09-02,24,17280.35,28,6.5,cooling,High,true
CUST00903,2025-07-14,2025-07-14,1,2010.00,78,,lapsed,Low,false
CUST00904,2025-05-03,2025-09-30,4,3019.00,0,50,active,Medium,false
CUST00905,2025-04-03,2025-09-27,13,8165.85,3,14.8,active,High,false
CUST00906,2025-05-30,2025-09-02,4,7822.00,28,31.7,cooling,High,false
CUST00907,2025-04-12,2025-08-06,8,9232.65,55,16.6,at_risk,High,true
CUST00908,,,0,0.00,,,never_ordered,None,false
CUST00909,2025-06-11,2025-09-30,9,15878.65,0,13.9,active,High,false
CUST00910,,,0,0.00,,,never_ordered,None,false
CUST00911,2025-04-02,2025-09-02,8,1885.50,28,21.9,cooling,Low,false
CUST00912,2025-05-31,2025-08-09,5,3327.00,52,17.5,at_risk,Medium,true
CUST00913,2025-04-18,2025-07-31,3,1356.40,61,52,lapsed,Low,false
CUST00914,2025-08-17,2025-08-17,1,452.00,44,,at_risk,Low,false
CUST00915,2025-04-02,2025-09-27,12,8269.80,3,16.2,active,High,false
CUST00916,2025-04-14,2025-09-04,2,2032.40,26,143,cooling,Low,false
CUST00917,2025-04-22,2025-09-15,4,1301.80,15,48.7,cooling,Low,false
CUST00918,2025-05-29,2025-09-05,3,2714.50,25,49.5,cooling,Medium,false
CUST00919,2025-06-17,2025-09-16,8,5297.60,14,13,active,Medium,false
CUST00920,2025-04-26,2025-07-05,2,876.60,87,70,lapsed,Low,false
CUST00921,2025-04-23,2025-09-28,9,3008.25,2,19.8,active,Medium,false
CUST00922,2025-05-03,2025-09-27,12,17611.55,3,13.4,active,High,false
CUST00923,2025-04-02,2025-08-29,9,5974.60,32,18.6,at_risk,High,false
CUST00924,2025-08-10,2025-09-19,4,3263.20,11,13.3,active,Medium,false
CUST00925,2025-05-03,2025-09-26,14,12825.40,4,11.2,active,High,false
CUST00926,2025-05-11,2025-09-03,3,6637.00,27,57.5,cooling,High,false
CUST00927,,,0,0.00,,,never_ordered,None,false
CUST00928,2025-05-17,2025-09-01,7,15026.40,29,17.8,cooling,High,false
CUST00929,,,0,0.00,,,never_ordered,None,false
CUST00930,2025-04-03,2025-09-23,6,15433.25,7,34.6,active,High,false
CUST00931,2025-08-08,2025-09-24,6,4489.00,6,9.4,active,Medium,false
CUST00932,2025-05-12,2025-07-23,4,3717.25,69,24,lapsed,Medium,true
CUST00933,2025-06-29,2025-09-18,4,3586.00,12,27,active,Medium,false
CUST00934,2025-04-10,2025-09-17,17,5702.55,13,10,active,High,false
CUST00935,2025-04-30,2025-04-30,1,170.00,153,,lapsed,Low,false
CUST00936,,,0,0.00,,,never_ordered,None,false
CUST00937,2025-04-03,2025-09-26,10,7184.64,4,19.6,active,High,false
CUST00938,2025-04-07,2025-09-30,13,12715.30,0,14.7,active,High,false
CUST00939,2025-04-20,2025-08-02,5,1550.80,59,26,at_risk,Low,true
CUST00940,2025-05-13,2025-09-12,7,4163.16,18,20.3,cooling,Medium,false
CUST00941,2025-04-15,2025-09-02,5,1188.15,28,35,cooling,Low,false
CUST00942,2025-06-08,2025-09-24,8,8233.00,6,15.4,active,High,false
CUST00943,2025-07-25,2025-07-25,1,854.00,67,,lapsed,Low,false
CUST00944,2025-06-08,2025-07-19,4,3164.00,73,13.7,lapsed,Medium,true
CUST00945,2025-04-06,2025-08-26,6,13261.00,35,28.4,at_risk,High,false
CUST00946,2025-07-15,2025-07-15,1,1635.00,77,,lapsed,Low,false
CUST00947,2025-06-04,2025-08-05,4,2237.00,56,20.7,at_risk,Medium,true
CUST00948,2025-04-08,2025-09-16,11,8674.90,14,16.1,active,High,false
CUST00949,2025-05-16,2025-08-31,3,1266.00,30,53.5,cooling,Low,false
CUST00950,2025-04-27,2025-09-18,13,7785.30,12,12,active,High,false
CUST00951,2025-09-17,2025-09-17,1,769.00,13,,active,Low,false
CUST00952,2025-09-26,2025-09-26,1,2317.00,4,,active,Medium,false
CUST00953,2025-07-08,2025-09-23,4,3282.00,7,25.7,active,Medium,false
CUST00954,2025-04-11,2025-08-23,6,10950.20,38,26.8,at_risk,High,false
CUST00955,2025-06-15,2025-07-31,3,1133.40,61,23,lapsed,Low,true
CUST00956,2025-04-24,2025-09-30,5,2619.00,0,39.8,active,Medium,false
CUST00957,2025-04-05,2025-09-19,14,6997.00,11,12.8,active,High,false
CUST00958,2025-04-25,2025-09-14,3,3420.80,16,71,cooling,Medium,false
CUST00959,2025-07-05,2025-07-31,2,3378.00,61,26,lapsed,Medium,true
CUST00960,2025-04-29,2025-04-29,1,1415.00,154,,lapsed,Low,false
CUST00961,2025-05-24,2025-08-04,4,7917.00,57,24,at_risk,High,true
CUST00962,2025-04-05,2025-07-02,2,242.00,90,88,lapsed,Low,false
CUST00963,2025-04-04,2025-09-06,8,2461.40,24,22.1,cooling,Medium,false
CUST00964,2025-06-29,2025-06-29,1,40.00,93,,lapsed,Low,false
CUST00965,2025-07-09,2025-07-09,1,1211.00,83,,lapsed,Low,false
CUST00966,,,0,0.00,,,never_ordered,None,false
CUST00967,,,0,0.00,,,never_ordered,None,false
CUST00968,2025-04-25,2025-09-13,2,1163.00,17,141,cooling,Low,false
CUST00969,2025-05-01,2025-08-28,5,2846.00,33,29.8,at_risk,Medium,false
CUST00970,2025-04-05,2025-09-29,26,16919.60,1,7.1,active,High,false
CUST00971,2025-04-15,2025-09-17,12,11384.60,13,14.1,active,High,false
CUST00972,2025-04-29,2025-09-23,16,16383.15,7,9.8,active,High,false
CUST00973,2025-04-05,2025-08-24,5,1861.75,37,35.2,at_risk,Low,false
CUST00974,2025-05-03,2025-08-17,6,6305.20,44,21.2,at_risk,High,true
CUST00975,2025-08-13,2025-08-13,1,1181.25,48,,at_risk,Low,false
CUST00976,2025-04-10,2025-09-02,13,13396.00,28,12.1,cooling,High,true
CUST00977,2025-04-05,2025-09-22,10,6842.75,8,18.9,active,High,false
CUST00978,2025-05-11,2025-08-19,2,2246.50,42,100,at_risk,Medium,false
CUST00979,2025-07-14,2025-07-14,1,271.00,78,,lapsed,Low,false
CUST00980,2025-06-08,2025-09-04,2,1244.80,26,88,cooling,Low,false
CUST00981,2025-04-07,2025-08-12,5,4018.70,49,31.8,at_risk,Medium,false
CUST00982,2025-04-11,2025-09-13,19,14076.75,17,8.6,cooling,High,false
CUST00983,2025-07-14,2025-09-20,4,2334.60,10,22.7,active,Medium,false
CUST00984,2025-04-06,2025-07-20,7,12756.80,72,17.5,lapsed,High,true
CUST00985,,,0,0.00,,,never_ordered,None,false
CUST00986,,,0,0.00,,,never_ordered,None,false
CUST00987,2025-04-01,2025-08-31,13,5662.00,30,12.7,cooling,High,true
CUST00988,2025-06-01,2025-07-20,3,8175.50,72,24.5,lapsed,High,true
CUST00989,2025-05-01,2025-09-06,11,10155.20,24,12.8,cooling,High,false
CUST00990,2025-05-29,2025-09-19,9,3607.65,11,14.1,active,Medium,false
CUST00991,2025-08-21,2025-08-21,1,23.00,40,,at_risk,Low,false
CUST00992,2025-04-30,2025-09-30,5,2578.50,0,38.2,active,Medium,false
CUST00993,2025-06-16,2025-08-31,2,2655.00,30,76,cooling,Medium,false
CUST00994,2025-05-02,2025-08-24,6,4447.50,37,22.8,at_risk,Medium,false
CUST00995,2025-07-14,2025-09-08,2,1534.54,22,56,cooling,Low,false
CUST00996,2025-07-16,2025-09-22,4,2548.00,8,22.7,active,Medium,false
CUST00997,2025-08-15,2025-09-28,4,1563.00,2,14.7,active,Low,false
CUST00998,2025-04-29,2025-05-10,2,151.00,143,11,lapsed,Low,true
CUST00999,2025-05-01,2025-08-19,4,4262.00,42,36.7,at_risk,Medium,false
CUST01000,2025-09-26,2025-09-26,1,85.00,4,,active,Low,false
CUST01001,2025-05-26,2025-08-17,2,552.00,44,83,at_risk,Low,false
CUST01002,2025-05-07,2025-09-25,10,6035.70,5,15.7,active,High,false
CUST01003,2025-06-19,2025-08-19,4,6537.96,42,20.3,at_risk,High,true
CUST01004,2025-04-01,2025-05-08,4,3734.55,145,12.3,lapsed,Medium,true
CUST01005,2025-06-28,2025-09-22,2,906.00,8,86,active,Low,false
CUST01006,,,0,0.00,,,never_ordered,None,false
CUST01007,,,0,0.00,,,never_ordered,None,false
CUST01008,2025-05-31,2025-09-25,3,860.00,5,58.5,active,Low,false
CUST01009,,,0,0.00,,,never_ordered,None,false
CUST01010,,,0,0.00,,,never_ordered,None,false
CUST01011,2025-09-22,2025-09-22,1,3797.00,8,,active,Medium,false
CUST01012,2025-06-12,2025-06-12,1,788.80,110,,lapsed,Low,false
CUST01013,2025-05-08,2025-07-13,3,770.00,79,33,lapsed,Low,true
CUST01014,2025-04-04,2025-09-25,20,12473.85,5,9.2,active,High,false
CUST01015,,,0,0.00,,,never_ordered,None,false
CUST01016,,,0,0.00,,,never_ordered,None,false
CUST01017,2025-05-02,2025-09-15,10,9096.00,15,15.1,cooling,High,false
CUST01018,2025-05-22,2025-09-14,4,2324.75,16,38.3,cooling,Medium,false
CUST01019,2025-04-01,2025-09-25,8,7396.00,5,25.3,active,High,false
CUST01020,2025-05-03,2025-08-06,8,3270.70,55,13.6,at_risk,Medium,true
CUST01021,2025-04-08,2025-08-18,5,4221.00,43,33,at_risk,Medium,false
CUST01022,2025-06-12,2025-08-15,6,4013.00,46,12.8,at_risk,Medium,true
CUST01023,2025-05-21,2025-05-21,1,59.00,132,,lapsed,Low,false
CUST01024,2025-05-30,2025-09-11,3,1994.05,19,52,cooling,Low,false
CUST01025,2025-05-21,2025-08-24,3,6381.36,37,47.5,at_risk,High,false
CUST01026,,,0,0.00,,,never_ordered,None,false
CUST01027,2025-04-11,2025-08-11,12,17950.40,50,11.1,at_risk,High,true
CUST01028,2025-04-12,2025-09-28,5,5861.20,2,42.2,active,High,false
CUST01029,2025-05-08,2025-05-08,1,2528.00,145,,lapsed,Medium,false
CUST01030,2025-06-10,2025-06-10,1,2979.00,112,,lapsed,Medium,false
CUST01031,2025-08-12,2025-08-12,1,478.50,49,,at_risk,Low,false
CUST01032,2025-06-27,2025-09-07,5,5379.60,23,18,cooling,High,false
CUST01033,2025-04-12,2025-05-25,2,2348.00,128,43,lapsed,Medium,true
CUST01034,2025-05-26,2025-07-13,3,8437.00,79,24,lapsed,High,true
CUST01035,2025-04-13,2025-04-13,1,685.00,170,,lapsed,Low,false
CUST01036,2025-08-31,2025-09-13,2,2706.00,17,13,cooling,Medium,false
CUST01037,2025-04-02,2025-06-08,4,2208.00,114,22.3,lapsed,Medium,true
CUST01038,2025-04-16,2025-09-04,8,6899.49,26,20.1,cooling,High,false
CUST01039,2025-08-11,2025-08-28,2,220.00,33,17,at_risk,Low,false
CUST01040,2025-04-11,2025-09-28,10,3050.15,2,18.9,active,Medium,false
CUST01041,2025-05-15,2025-08-05,3,2247.00,56,41,at_risk,Medium,false
CUST01042,2025-05-02,2025-09-10,7,2888.00,20,21.8,cooling,Medium,false
CUST01043,2025-04-23,2025-07-25,2,1414.00,67,93,lapsed,Low,false
CUST01044,2025-04-13,2025-09-06,8,8378.00,24,20.9,cooling,High,false
CUST01045,2025-06-13,2025-09-20,7,12334.00,10,16.5,active,High,false
CUST01046,2025-07-12,2025-09-28,2,3283.56,2,78,active,Medium,false
CUST01047,2025-04-12,2025-06-29,4,5250.00,93,26,lapsed,Medium,true
CUST01048,2025-04-01,2025-09-27,14,8988.00,3,13.8,active,High,false
CUST01049,2025-04-03,2025-09-06,9,5381.00,24,19.5,cooling,High,false
CUST01050,2025-05-12,2025-09-15,5,2931.30,15,31.5,cooling,Medium,false
CUST01051,,,0,0.00,,,never_ordered,None,false
CUST01052,2025-08-08,2025-08-08,1,85.00,53,,at_risk,Low,false
CUST01053,2025-04-22,2025-09-23,11,6575.90,7,15.4,active,High,false
CUST01054,2025-05-09,2025-06-19,4,790.40,103,13.7,lapsed,Low,true
CUST01055,2025-04-11,2025-09-28,7,6386.40,2,28.3,active,High,false
CUST01056,2025-04-29,2025-09-29,12,7311.80,1,13.9,active,High,false
CUST01057,2025-07-17,2025-08-13,3,3923.20,48,13.5,at_risk,Medium,true
CUST01058,2025-04-12,2025-09-15,5,11106.00,15,39,cooling,High,false
CUST01059,,,0,0.00,,,never_ordered,None,false
CUST01060,2025-06-18,2025-08-31,8,6979.75,30,10.6,cooling,High,true
CUST01061,2025-07-13,2025-09-28,2,1903.00,2,77,active,Low,false
CUST01062,2025-04-09,2025-07-08,7,6426.75,84,15,lapsed,High,true
CUST01063,2025-08-24,2025-08-24,1,1951.20,37,,at_risk,Low,false
CUST01064,2025-04-14,2025-09-07,4,5238.50,23,48.7,cooling,Medium,false
CUST01065,2025-05-06,2025-09-25,6,3402.00,5,28.4,active,Medium,false
CUST01066,2025-08-31,2025-08-31,1,498.00,30,,cooling,Low,false
CUST01067,,,0,0.00,,,never_ordered,None,false
CUST01068,2025-05-18,2025-06-21,2,427.00,101,34,lapsed,Low,true
CUST01069,,,0,0.00,,,never_ordered,None,false
CUST01070,2025-04-19,2025-07-30,3,2496.00,62,51,lapsed,Medium,false
CUST01071,2025-04-02,2025-07-28,3,5978.00,64,58.5,lapsed,High,false
CUST01072,,,0,0.00,,,never_ordered,None,false
CUST01073,2025-05-12,2025-09-30,7,5615.50,0,23.5,active,High,false
CUST01074,2025-06-24,2025-09-24,8,7386.30,6,13.1,active,High,false
CUST01075,,,0,0.00,,,never_ordered,None,false
CUST01076,2025-09-01,2025-09-01,1,662.00,29,,cooling,Low,false
CUST01077,2025-04-17,2025-08-19,3,3841.10,42,62,at_risk,Medium,false
CUST01078,2025-08-24,2025-08-24,1,3418.00,37,,at_risk,Medium,false
CUST01079,,,0,0.00,,,never_ordered,None,false
CUST01080,2025-04-20,2025-09-08,12,17929.71,22,12.8,cooling,High,false
CUST01081,2025-08-18,2025-08-18,1,853.00,43,,at_risk,Low,false
CUST01082,2025-06-01,2025-08-21,4,6396.05,40,27,at_risk,High,false
CUST01083,2025-04-20,2025-09-18,6,2542.00,12,30.2,active,Medium,false
CUST01084,2025-05-09,2025-09-03,11,5879.30,27,11.7,cooling,High,true
CUST01085,2025-05-24,2025-08-31,8,12186.70,30,14.1,cooling,High,true
CUST01086,2025-04-29,2025-09-29,8,3648.95,1,21.9,active,Medium,false
CUST01087,,,0,0.00,,,never_ordered,None,false
CUST01088,2025-04-05,2025-08-28,11,9301.73,33,14.5,at_risk,High,true
CUST01089,2025-09-19,2025-09-19,1,256.00,11,,active,Low,false
CUST01090,2025-06-17,2025-06-30,2,881.00,92,13,lapsed,Low,true
CUST01091,2025-05-06,2025-06-12,3,3396.00,110,18.5,lapsed,Medium,true
CUST01092,2025-05-01,2025-06-10,2,1331.00,112,40,lapsed,Low,true
CUST01093,2025-04-05,2025-06-15,6,12443.25,107,14.2,lapsed,High,true
CUST01094,,,0,0.00,,,never_ordered,None,false
CUST01095,2025-08-09,2025-08-09,1,626.20,52,,at_risk,Low,false
CUST01096,2025-04-25,2025-09-26,7,2600.00,4,25.7,active,Medium,false
CUST01097,2025-04-11,2025-09-28,14,13491.40,2,13.1,active,High,false
CUST01098,2025-06-03,2025-07-03,2,793.20,89,30,lapsed,Low,true
CUST01099,2025-05-09,2025-09-18,5,3291.00,12,33,active,Medium,false
CUST01100,2025-08-29,2025-08-29,1,706.00,32,,at_risk,Low,false
CUST01101,,,0,0.00,,,never_ordered,None,false
CUST01102,2025-04-02,2025-09-02,20,12831.80,28,8.1,cooling,High,true
CUST01103,2025-04-22,2025-09-21,9,8338.25,9,19,active,High,false
CUST01104,2025-04-25,2025-09-28,10,8270.90,2,17.3,active,High,false
CUST01105,,,0,0.00,,,never_ordered,None,false
CUST01106,2025-04-27,2025-09-02,6,2919.70,28,25.6,cooling,Medium,false
CUST01107,2025-04-19,2025-09-27,9,11417.65,3,20.1,active,High,false
CUST01108,2025-04-01,2025-09-02,6,6712.70,28,30.8,cooling,High,false
CUST01109,2025-04-09,2025-09-29,13,5760.05,1,14.4,active,High,false
CUST01110,2025-04-12,2025-07-12,4,7051.00,80,30.3,lapsed,High,true
CUST01111,2025-06-03,2025-09-12,3,1246.90,18,50.5,cooling,Low,false
CUST01112,2025-04-05,2025-08-07,9,5430.60,54,15.5,at_risk,High,true
CUST01113,2025-04-08,2025-09-04,6,2874.00,26,29.8,cooling,Medium,false
CUST01114,2025-06-23,2025-08-04,5,2223.50,57,10.5,at_risk,Medium,true
CUST01115,2025-09-29,2025-09-29,1,790.00,1,,active,Low,false
CUST01116,2025-04-03,2025-09-22,7,3455.00,8,28.7,active,Medium,false
CUST01117,2025-05-22,2025-09-19,9,4921.75,11,15,active,Medium,false
CUST01118,2025-04-17,2025-09-30,21,13596.50,0,8.3,active,High,false
CUST01119,2025-04-26,2025-09-30,7,7385.00,0,26.2,active,High,false
CUST01120,2025-09-27,2025-09-27,1,193.00,3,,active,Low,false
CUST01121,2025-04-10,2025-09-05,5,9777.71,25,37,cooling,High,false
CUST01122,2025-04-10,2025-04-10,1,2669.00,173,,lapsed,Medium,false
CUST01123,2025-08-09,2025-09-25,3,3081.00,5,23.5,active,Medium,false
CUST01124,2025-04-24,2025-09-21,6,3512.40,9,30,active,Medium,false
CUST01125,2025-04-24,2025-09-29,20,17258.05,1,8.3,active,High,false
CUST01126,2025-07-30,2025-09-19,2,2454.00,11,51,active,Medium,false
CUST01127,2025-08-11,2025-08-11,1,48.00,50,,at_risk,Low,false
CUST01128,2025-04-16,2025-08-02,5,8066.21,59,27,at_risk,High,true
CUST01129,2025-04-17,2025-09-05,9,7785.90,25,17.6,cooling,High,false
CUST01130,2025-05-11,2025-07-26,3,2043.00,66,38,lapsed,Low,false
CUST01131,2025-05-30,2025-09-15,8,4274.40,15,15.4,cooling,Medium,false
CUST01132,2025-06-17,2025-08-25,2,2690.20,36,69,at_risk,Medium,false
CUST01133,2025-05-31,2025-08-28,4,1312.65,33,29.7,at_risk,Low,false
CUST01134,,,0,0.00,,,never_ordered,None,false
CUST01135,,,0,0.00,,,never_ordered,None,false
CUST01136,2025-05-06,2025-06-29,2,797.00,93,54,lapsed,Low,false
CUST01137,2025-05-24,2025-05-24,1,488.00,129,,lapsed,Low,false
CUST01138,2025-06-24,2025-06-27,2,839.60,95,3,lapsed,Low,true
CUST01139,2025-04-04,2025-09-28,33,25201.57,2,5.5,active,High,false
CUST01140,2025-09-20,2025-09-24,2,3188.00,6,4,active,Medium,false
CUST01141,2025-06-08,2025-08-27,8,3067.00,34,11.4,at_risk,Medium,true
CUST01142,2025-07-16,2025-07-16,1,319.00,76,,lapsed,Low,false
CUST01143,2025-06-20,2025-09-06,5,2085.70,24,19.5,cooling,Medium,false
CUST01144,,,0,0.00,,,never_ordered,None,false
CUST01145,2025-04-29,2025-06-22,2,4470.00,100,54,lapsed,Medium,false
CUST01146,2025-04-03,2025-09-04,5,7886.20,26,38.5,cooling,High,false
CUST01147,2025-07-10,2025-07-10,1,1167.00,82,,lapsed,Low,false
CUST01148,2025-05-07,2025-09-02,6,6870.50,28,23.6,cooling,High,false
CUST01149,2025-04-01,2025-09-10,9,6418.73,20,20.2,cooling,High,false
CUST01150,2025-04-06,2025-07-08,5,4059.00,84,23.2,lapsed,Medium,true
CUST01151,2025-04-11,2025-04-11,1,363.00,172,,lapsed,Low,false
CUST01152,2025-05-20,2025-07-22,2,1241.00,70,63,lapsed,Low,false
CUST01153,2025-05-05,2025-09-27,10,17424.30,3,16.1,active,High,false
CUST01154,2025-08-17,2025-08-17,1,2220.10,44,,at_risk,Medium,false
CUST01155,2025-09-08,2025-09-08,1,859.00,22,,cooling,Low,false
CUST01156,2025-05-02,2025-09-08,2,2757.15,22,129,cooling,Medium,false
CUST01157,,,0,0.00,,,never_ordered,None,false
CUST01158,2025-05-25,2025-09-04,4,3925.00,26,34,cooling,Medium,false
CUST01159,2025-07-24,2025-09-15,2,2169.90,15,53,cooling,Medium,false
CUST01160,2025-05-19,2025-09-20,4,3823.80,10,41.3,active,Medium,false
CUST01161,2025-05-11,2025-07-10,2,4027.00,82,60,lapsed,Medium,false
CUST01162,2025-04-03,2025-09-15,9,5184.20,15,20.6,cooling,Medium,false
CUST01163,2025-04-04,2025-09-19,5,3355.50,11,42,active,Medium,false
CUST01164,2025-06-02,2025-06-03,2,3860.25,119,1,lapsed,Medium,true
CUST01165,2025-08-23,2025-08-23,1,461.60,38,,at_risk,Low,false
CUST01166,2025-04-03,2025-09-23,18,12608.43,7,10.2,active,High,false
CUST01167,2025-06-12,2025-09-25,7,3430.08,5,17.5,active,Medium,false
CUST01168,2025-08-25,2025-08-25,1,1971.00,36,,at_risk,Low,false
CUST01169,2025-09-06,2025-09-06,1,1895.00,24,,cooling,Low,false
CUST01170,2025-04-13,2025-09-13,7,8657.00,17,25.5,cooling,High,false
CUST01171,2025-04-20,2025-09-20,14,13261.60,10,11.8,active,High,false
CUST01172,2025-05-05,2025-09-10,8,4866.00,20,18.3,cooling,Medium,false
CUST01173,2025-05-12,2025-07-05,3,541.00,87,27,lapsed,Low,true
CUST01174,2025-05-15,2025-08-23,3,1209.00,38,50,at_risk,Low,false
CUST01175,2025-07-04,2025-07-05,2,1606.00,87,1,lapsed,Low,true
CUST01176,2025-04-19,2025-09-20,11,20315.40,10,15.4,active,High,false
CUST01177,2025-04-08,2025-09-17,6,6028.45,13,32.4,active,High,false
CUST01178,2025-07-22,2025-09-08,4,2770.00,22,16,cooling,Medium,false
CUST01179,2025-08-03,2025-08-03,1,1842.00,58,,at_risk,Low,false
CUST01180,2025-04-25,2025-07-09,3,1168.00,83,37.5,lapsed,Low,true
CUST01181,2025-06-09,2025-09-28,5,7868.00,2,27.8,active,High,false
CUST01182,2025-04-01,2025-06-01,3,7431.00,121,30.5,lapsed,High,true
CUST01183,2025-04-16,2025-09-08,10,11440.70,22,16.1,cooling,High,false
CUST01184,2025-04-07,2025-07-18,3,804.50,74,51,lapsed,Low,false
CUST01185,2025-06-12,2025-08-29,2,368.00,32,78,at_risk,Low,false
CUST01186,2025-06-08,2025-09-28,8,9739.55,2,16,active,High,false
CUST01187,2025-04-14,2025-09-05,8,3936.00,25,20.6,cooling,Medium,false
CUST01188,2025-05-04,2025-09-16,4,6204.00,14,45,active,High,false
CUST01189,2025-04-06,2025-09-02,6,4394.00,28,29.8,cooling,Medium,false
CUST01190,2025-05-09,2025-07-21,2,1440.20,71,73,lapsed,Low,false
CUST01191,2025-05-14,2025-08-04,4,7194.00,57,27.3,at_risk,High,true
CUST01192,2025-07-04,2025-07-31,2,1285.60,61,27,lapsed,Low,true
CUST01193,2025-05-08,2025-07-29,4,2708.00,63,27.3,lapsed,Medium,true
CUST01194,2025-06-13,2025-07-16,4,6663.50,76,11,lapsed,High,true
CUST01195,2025-05-20,2025-09-01,4,2626.40,29,34.7,cooling,Medium,false
CUST01196,2025-04-11,2025-09-12,15,22557.00,18,11,cooling,High,false
CUST01197,2025-04-25,2025-09-20,4,5004.75,10,49.3,active,Medium,false
CUST01198,2025-04-06,2025-09-20,4,7950.80,10,55.7,active,High,false
CUST01199,2025-05-14,2025-09-15,5,2645.00,15,31,cooling,Medium,false
CUST01200,2025-04-03,2025-05-23,3,4348.00,130,25,lapsed,Medium,true
CUST01201,2025-05-03,2025-09-14,3,3345.00,16,67,cooling,Medium,false
CUST01202,,,0,0.00,,,never_ordered,None,false
CUST01203,,,0,0.00,,,never_ordered,None,false
CUST01204,2025-04-12,2025-09-29,2,1554.00,1,170,active,Low,false
CUST01205,2025-05-08,2025-05-08,1,468.20,145,,lapsed,Low,false
CUST01206,2025-06-07,2025-08-10,4,2213.85,51,21.3,at_risk,Medium,true
CUST01207,,,0,0.00,,,never_ordered,None,false
CUST01208,2025-04-24,2025-08-07,4,4985.60,54,35,at_risk,Medium,false
CUST01209,2025-04-19,2025-06-10,2,2828.00,112,52,lapsed,Medium,true
CUST01210,,,0,0.00,,,never_ordered,None,false
CUST01211,2025-08-23,2025-09-14,4,5550.80,16,7.3,cooling,High,true
CUST01212,2025-04-02,2025-05-27,2,3718.00,126,55,lapsed,Medium,true
CUST01213,2025-05-18,2025-08-28,4,3178.05,33,34,at_risk,Medium,false
CUST01214,2025-05-15,2025-07-22,2,611.00,70,68,lapsed,Low,false
CUST01215,2025-05-16,2025-08-31,9,4834.65,30,13.4,cooling,Medium,true
CUST01216,2025-04-10,2025-09-30,4,1264.00,0,57.7,active,Low,false
CUST01217,2025-04-06,2025-09-24,3,1903.00,6,85.5,active,Low,false
CUST01218,2025-04-02,2025-08-23,8,5558.00,38,20.4,at_risk,High,false
CUST01219,2025-04-02,2025-07-14,4,3076.20,78,34.3,lapsed,Medium,true
CUST01220,2025-05-03,2025-07-12,3,2790.00,80,35,lapsed,Medium,true
CUST01221,2025-04-16,2025-07-16,12,9518.75,76,8.3,lapsed,High,true
CUST01222,,,0,0.00,,,never_ordered,None,false
CUST01223,2025-04-07,2025-09-29,10,6762.45,1,19.4,active,High,false
CUST01224,,,0,0.00,,,never_ordered,None,false
CUST01225,2025-05-04,2025-09-28,4,3621.00,2,49,active,Medium,false
CUST01226,2025-07-17,2025-09-24,3,4428.00,6,34.5,active,Medium,false
CUST01227,2025-04-24,2025-08-06,4,1914.80,55,34.7,at_risk,Low,false
CUST01228,2025-04-14,2025-07-12,3,3664.80,80,44.5,lapsed,Medium,false
CUST01229,2025-04-17,2025-09-02,4,700.00,28,46,cooling,Low,false
CUST01230,2025-04-02,2025-09-04,7,2439.00,26,25.8,cooling,Medium,false
CUST01231,2025-04-17,2025-08-09,2,2475.80,52,114,at_risk,Medium,false
CUST01232,,,0,0.00,,,never_ordered,None,false
CUST01233,2025-09-01,2025-09-30,3,457.00,0,14.5,active,Low,false
CUST01234,2025-04-05,2025-06-13,2,3611.00,109,69,lapsed,Medium,false
CUST01235,2025-07-04,2025-07-04,1,687.70,88,,lapsed,Low,false
CUST01236,,,0,0.00,,,never_ordered,None,false
CUST01237,,,0,0.00,,,never_ordered,None,false
CUST01238,,,0,0.00,,,never_ordered,None,false
CUST01239,2025-08-29,2025-08-29,1,1216.00,32,,at_risk,Low,false
CUST01240,,,0,0.00,,,never_ordered,None,false
CUST01241,2025-08-10,2025-08-16,2,4159.40,45,6,at_risk,Medium,true
CUST01242,2025-04-01,2025-04-01,1,788.00,182,,lapsed,Low,false
CUST01243,2025-08-03,2025-08-03,1,611.00,58,,at_risk,Low,false
CUST01244,2025-04-02,2025-07-04,9,3870.00,88,11.6,lapsed,Medium,true
CUST01245,2025-04-19,2025-09-14,16,22740.65,16,9.9,cooling,High,false
CUST01246,2025-06-08,2025-09-30,7,10887.10,0,19,active,High,false
CUST01247,,,0,0.00,,,never_ordered,None,false
CUST01248,2025-09-13,2025-09-22,2,540.00,8,9,active,Low,false
CUST01249,2025-09-08,2025-09-26,2,1154.00,4,18,active,Low,false
CUST01250,2025-08-19,2025-08-19,2,1500.70,42,0,at_risk,Low,true
CUST01251,,,0,0.00,,,never_ordered,None,false
CUST01252,2025-08-15,2025-09-11,3,4786.00,19,13.5,cooling,Medium,false
CUST01253,2025-04-09,2025-04-20,2,959.38,163,11,lapsed,Low,true
CUST01254,2025-04-03,2025-09-30,15,13317.00,0,12.9,active,High,false
CUST01255,2025-08-30,2025-09-15,2,1587.00,15,16,cooling,Low,false
CUST01256,2025-06-25,2025-08-27,2,368.00,34,63,at_risk,Low,false
CUST01257,2025-05-05,2025-07-18,3,551.00,74,37,lapsed,Low,false
CUST01258,2025-04-20,2025-09-28,10,3484.00,2,17.9,active,Medium,false
CUST01259,2025-04-03,2025-09-26,16,13789.40,4,11.7,active,High,false
CUST01260,2025-04-30,2025-07-24,2,1811.80,68,85,lapsed,Low,false
CUST01261,2025-04-24,2025-05-15,2,2484.32,138,21,lapsed,Medium,true
CUST01262,2025-05-11,2025-09-19,2,2663.00,11,131,active,Medium,false
CUST01263,2025-04-13,2025-09-26,9,18671.20,4,20.8,active,High,false
CUST01264,,,0,0.00,,,never_ordered,None,false
CUST01265,2025-04-02,2025-09-30,3,948.00,0,90.5,active,Low,false
CUST01266,2025-05-26,2025-09-30,7,1529.00,0,21.2,active,Low,false
CUST01267,2025-05-04,2025-08-25,3,953.00,36,56.5,at_risk,Low,false
CUST01268,,,0,0.00,,,never_ordered,None,false
CUST01269,2025-09-05,2025-09-05,1,1707.00,25,,cooling,Low,false
CUST01270,2025-08-13,2025-09-15,4,2095.40,15,11,cooling,Medium,false
CUST01271,2025-04-14,2025-09-26,11,7691.00,4,16.5,active,High,false
CUST01272,2025-04-14,2025-09-16,7,3030.00,14,25.8,active,Medium,false
CUST01273,2025-09-15,2025-09-15,1,493.00,15,,cooling,Low,false
CUST01274,2025-04-04,2025-09-28,8,8627.80,2,25.3,active,High,false
CUST01275,2025-04-18,2025-05-12,2,4267.87,141,24,lapsed,Medium,true
CUST01276,,,0,0.00,,,never_ordered,None,false
CUST01277,2025-08-30,2025-08-30,1,2044.00,31,,at_risk,Low,false
CUST01278,2025-09-13,2025-09-13,1,44.00,17,,cooling,Low,false
CUST01279,2025-06-11,2025-09-11,2,626.00,19,92,cooling,Low,false
CUST01280,2025-09-06,2025-09-23,4,4756.75,7,5.7,active,Medium,false
CUST01281,,,0,0.00,,,never_ordered,None,false
CUST01282,2025-05-07,2025-08-22,3,982.00,39,53.5,at_risk,Low,false
CUST01283,2025-04-17,2025-09-24,9,12399.60,6,20,active,High,false
CUST01284,2025-07-20,2025-09-11,4,2235.50,19,17.7,cooling,Medium,false
CUST01285,2025-04-18,2025-09-08,18,12225.63,22,8.4,cooling,High,true
CUST01286,2025-04-23,2025-09-26,7,4292.00,4,26,active,Medium,false
CUST01287,2025-09-21,2025-09-21,1,933.00,9,,active,Low,false
CUST01288,2025-04-04,2025-08-30,3,2301.00,31,74,at_risk,Medium,false
CUST01289,2025-09-14,2025-09-14,1,548.60,16,,cooling,Low,false
CUST01290,2025-08-29,2025-08-29,1,439.00,32,,at_risk,Low,false
CUST01291,2025-06-01,2025-07-17,4,2585.00,75,15.3,lapsed,Medium,true
CUST01292,2025-05-01,2025-09-07,3,5514.00,23,64.5,cooling,High,false
CUST01293,2025-04-11,2025-09-30,10,25452.71,0,19.1,active,High,false
CUST01294,2025-04-17,2025-09-18,2,892.00,12,154,active,Low,false
CUST01295,,,0,0.00,,,never_ordered,None,false
CUST01296,2025-05-13,2025-07-10,3,1472.15,82,29,lapsed,Low,true
CUST01297,2025-05-23,2025-08-30,6,4168.00,31,19.8,at_risk,Medium,false
CUST01298,2025-04-22,2025-09-26,5,2750.00,4,39.2,active,Medium,false
CUST01299,2025-06-16,2025-09-26,2,955.65,4,102,active,Low,false
CUST01300,2025-04-18,2025-08-11,3,2327.00,50,57.5,at_risk,Medium,false
CUST01301,2025-07-25,2025-09-21,2,485.00,9,58,active,Low,false
CUST01302,2025-08-09,2025-08-20,2,2401.30,41,11,at_risk,Medium,true
CUST01303,2025-04-01,2025-06-27,3,487.40,95,43.5,lapsed,Low,true
CUST01304,2025-04-15,2025-09-29,18,13139.00,1,9.8,active,High,false
CUST01305,2025-05-09,2025-09-01,7,3950.65,29,19.2,cooling,Medium,false
CUST01306,2025-04-24,2025-07-30,5,2940.00,62,24.2,lapsed,Medium,true
CUST01307,2025-04-14,2025-09-19,16,13992.00,11,10.5,active,High,false
CUST01308,2025-08-18,2025-09-06,5,3254.00,24,4.8,cooling,Medium,true
CUST01309,2025-04-14,2025-04-14,1,73.00,169,,lapsed,Low,false
CUST01310,,,0,0.00,,,never_ordered,None,false
CUST01311,2025-07-23,2025-09-24,2,4627.50,6,63,active,Medium,false
CUST01312,2025-08-16,2025-08-16,1,516.00,45,,at_risk,Low,false
CUST01313,2025-04-11,2025-09-23,21,20421.25,7,8.2,active,High,false
CUST01314,2025-06-19,2025-06-19,1,977.00,103,,lapsed,Low,false
CUST01315,2025-06-13,2025-08-26,6,2253.15,35,14.8,at_risk,Medium,true
CUST01316,2025-05-19,2025-09-24,10,5441.30,6,14.2,active,High,false
CUST01317,2025-09-28,2025-09-30,2,3977.00,0,2,active,Medium,false
CUST01318,2025-04-26,2025-09-13,6,5927.40,17,28,cooling,High,false
CUST01319,2025-07-28,2025-09-19,3,1209.40,11,26.5,active,Low,false
CUST01320,,,0,0.00,,,never_ordered,None,false
CUST01321,2025-07-15,2025-08-08,5,3120.00,53,6,at_risk,Medium,true
CUST01322,2025-06-15,2025-07-13,2,4518.00,79,28,lapsed,Medium,true
CUST01323,2025-07-16,2025-09-07,3,2215.00,23,26.5,cooling,Medium,false
CUST01324,2025-04-29,2025-08-16,6,11506.50,45,21.8,at_risk,High,true
CUST01325,,,0,0.00,,,never_ordered,None,false
CUST01326,2025-04-18,2025-04-18,1,24.00,165,,lapsed,Low,false
CUST01327,2025-09-07,2025-09-25,3,1942.20,5,9,active,Low,false
CUST01328,2025-05-29,2025-07-11,2,575.00,81,43,lapsed,Low,false
CUST01329,,,0,0.00,,,never_ordered,None,false
CUST01330,2025-04-07,2025-06-08,2,4823.40,114,62,lapsed,Medium,false
CUST01331,2025-05-01,2025-05-01,1,190.00,152,,lapsed,Low,false
CUST01332,,,0,0.00,,,never_ordered,None,false
CUST01333,2025-06-07,2025-09-22,4,1582.00,8,35.7,active,Low,false
CUST01334,2025-04-08,2025-09-21,12,11335.80,9,15.1,active,High,false
CUST01335,,,0,0.00,,,never_ordered,None,false
CUST01336,2025-09-24,2025-09-24,1,4399.00,6,,active,Medium,false
CUST01337,2025-09-17,2025-09-17,1,1090.00,13,,active,Low,false
CUST01338,2025-04-12,2025-05-17,3,1437.10,136,17.5,lapsed,Low,true
CUST01339,2025-04-09,2025-09-14,14,25634.35,16,12.2,cooling,High,false
CUST01340,2025-05-23,2025-06-23,2,1409.80,99,31,lapsed,Low,true
CUST01341,2025-05-09,2025-08-13,3,1931.60,48,48,at_risk,Low,false
CUST01342,2025-04-06,2025-09-30,7,6184.00,0,29.5,active,High,false
CUST01343,2025-04-11,2025-09-30,13,10689.40,0,14.3,active,High,false
CUST01344,2025-05-16,2025-06-12,3,4734.00,110,13.5,lapsed,Medium,true
CUST01345,2025-04-06,2025-09-08,9,4802.68,22,19.4,cooling,Medium,false
CUST01346,2025-08-16,2025-09-29,4,3756.00,1,14.7,active,Medium,false
CUST01347,,,0,0.00,,,never_ordered,None,false
CUST01348,2025-04-04,2025-09-24,22,13995.00,6,8.2,active,High,false
CUST01349,2025-06-15,2025-07-10,3,5590.60,82,12.5,lapsed,High,true
CUST01350,2025-05-14,2025-08-10,7,6287.20,51,14.7,at_risk,High,true
CUST01351,2025-05-21,2025-08-07,2,289.00,54,78,at_risk,Low,false
CUST01352,2025-06-15,2025-09-28,3,3159.20,2,52.5,active,Medium,false
CUST01353,2025-09-01,2025-09-07,2,3989.75,23,6,cooling,Medium,true
CUST01354,2025-04-27,2025-08-15,3,2228.50,46,55,at_risk,Medium,false
CUST01355,2025-04-06,2025-07-16,7,1965.00,76,16.8,lapsed,Low,true
CUST01356,2025-04-26,2025-08-13,8,7100.10,48,15.6,at_risk,High,true
CUST01357,2025-05-12,2025-06-25,3,5142.00,97,22,lapsed,Medium,true
CUST01358,2025-05-22,2025-09-18,10,8756.00,12,13.2,active,High,false
CUST01359,2025-09-19,2025-09-25,2,1697.00,5,6,active,Low,false
CUST01360,2025-05-18,2025-09-28,7,11122.10,2,22.2,active,High,false
CUST01361,2025-07-01,2025-09-24,2,379.00,6,85,active,Low,false
CUST01362,2025-04-01,2025-06-23,4,2788.00,99,27.7,lapsed,Medium,true
CUST01363,2025-09-15,2025-09-15,1,853.60,15,,cooling,Low,false
CUST01364,2025-08-10,2025-09-13,7,4244.70,17,5.7,cooling,Medium,true
CUST01365,2025-06-28,2025-06-28,1,509.00,94,,lapsed,Low,false
CUST01366,2025-04-04,2025-08-17,10,9498.60,44,15,at_risk,High,true
CUST01367,2025-04-20,2025-09-01,5,5199.20,29,33.5,cooling,Medium,false
CUST01368,2025-04-05,2025-08-25,4,7060.20,36,47.3,at_risk,High,false
CUST01369,2025-04-20,2025-08-25,3,4267.00,36,63.5,at_risk,Medium,false
CUST01370,2025-08-08,2025-08-08,1,218.00,53,,at_risk,Low,false
CUST01371,2025-05-21,2025-07-31,4,1944.00,61,23.7,lapsed,Low,true
CUST01372,2025-08-20,2025-08-20,1,702.60,41,,at_risk,Low,false
CUST01373,2025-09-26,2025-09-26,1,299.00,4,,active,Low,false
CUST01374,2025-07-28,2025-07-28,1,127.00,64,,lapsed,Low,false
CUST01375,,,0,0.00,,,never_ordered,None,false
CUST01376,2025-04-04,2025-09-21,7,5576.40,9,28.3,active,High,false
CUST01377,2025-09-12,2025-09-12,1,1696.00,18,,cooling,Low,false
CUST01378,2025-04-05,2025-09-26,11,12644.05,4,17.4,active,High,false
CUST01379,2025-07-18,2025-09-23,3,796.00,7,33.5,active,Low,false
CUST01380,2025-05-18,2025-05-18,1,296.00,135,,lapsed,Low,false
CUST01381,2025-09-20,2025-09-20,1,589.00,10,,active,Low,false
CUST01382,2025-04-09,2025-09-04,3,5156.00,26,74,cooling,Medium,false
CUST01383,2025-04-21,2025-09-28,5,4128.40,2,40,active,Medium,false
CUST01384,2025-04-16,2025-09-29,8,5756.70,1,23.7,active,High,false
CUST01385,2025-08-04,2025-08-04,1,304.00,57,,at_risk,Low,false
CUST01386,2025-08-06,2025-09-27,5,1284.30,3,13,active,Low,false
CUST01387,2025-04-15,2025-09-25,18,17150.15,5,9.6,active,High,false
CUST01388,2025-07-09,2025-07-09,1,193.00,83,,lapsed,Low,false
CUST01389,2025-09-21,2025-09-21,1,39.00,9,,active,Low,false
CUST01390,2025-04-27,2025-09-26,6,6655.20,4,30.4,active,High,false
CUST01391,2025-08-29,2025-09-18,3,7895.00,12,10,active,High,false
CUST01392,2025-04-17,2025-09-22,10,13263.50,8,17.6,active,High,false
CUST01393,2025-04-14,2025-09-24,12,9506.65,6,14.8,active,High,false
CUST01394,2025-04-04,2025-09-30,7,14799.80,0,29.8,active,High,false
CUST01395,2025-05-24,2025-09-09,7,5578.40,21,18,cooling,High,false
CUST01396,2025-05-11,2025-09-06,7,4956.50,24,19.7,cooling,Medium,false
CUST01397,2025-08-29,2025-09-14,2,2805.60,16,16,cooling,Medium,false
CUST01398,2025-06-15,2025-08-15,2,587.50,46,61,at_risk,Low,false
CUST01399,2025-04-09,2025-08-11,11,7643.10,50,12.4,at_risk,High,true
CUST01400,2025-04-06,2025-09-15,3,2062.34,15,81,cooling,Medium,false
CUST01401,2025-04-04,2025-09-29,16,10496.30,1,11.9,active,High,false
CUST01402,2025-08-30,2025-09-28,2,3831.00,2,29,active,Medium,false
CUST01403,2025-05-31,2025-06-14,2,1231.00,108,14,lapsed,Low,true
CUST01404,2025-05-13,2025-09-28,9,18086.70,2,17.2,active,High,false
CUST01405,2025-09-09,2025-09-09,1,215.20,21,,cooling,Low,false
CUST01406,,,0,0.00,,,never_ordered,None,false
CUST01407,2025-04-14,2025-09-11,4,4187.00,19,50,cooling,Medium,false
CUST01408,2025-09-14,2025-09-22,5,3796.00,8,2,active,Medium,true
CUST01409,2025-04-02,2025-08-22,10,9007.25,39,15.8,at_risk,High,true
CUST01410,2025-07-31,2025-07-31,1,1877.00,61,,lapsed,Low,false
CUST01411,,,0,0.00,,,never_ordered,None,false
CUST01412,2025-09-24,2025-09-24,1,3081.00,6,,active,Medium,false
CUST01413,2025-07-01,2025-07-01,1,1344.00,91,,lapsed,Low,false
CUST01414,2025-09-25,2025-09-25,1,1153.00,5,,active,Low,false
CUST01415,2025-07-23,2025-09-30,4,3758.00,0,23,active,Medium,false
CUST01416,2025-08-16,2025-08-16,1,2722.00,45,,at_risk,Medium,false
CUST01417,2025-08-15,2025-09-03,2,4419.00,27,19,cooling,Medium,false
CUST01418,2025-05-04,2025-09-28,13,4251.65,2,12.2,active,Medium,false
CUST01419,2025-05-08,2025-08-05,5,2100.60,56,22.2,at_risk,Medium,true
CUST01420,2025-04-10,2025-09-11,7,3346.80,19,25.7,cooling,Medium,false
CUST01421,2025-04-05,2025-08-27,3,7399.40,34,72,at_risk,High,false
CUST01422,2025-04-24,2025-08-27,5,3347.20,34,31.2,at_risk,Medium,false
CUST01423,2025-05-03,2025-09-04,4,5069.00,26,41.3,cooling,Medium,false
CUST01424,2025-04-14,2025-09-03,3,2490.00,27,71,cooling,Medium,false
CUST01425,2025-06-14,2025-08-20,4,5290.75,41,22.3,at_risk,Medium,false
CUST01426,,,0,0.00,,,never_ordered,None,false
CUST01427,2025-07-11,2025-08-26,3,1468.31,35,23,at_risk,Low,false
CUST01428,2025-07-18,2025-09-13,3,7955.00,17,28.5,cooling,High,false
CUST01429,2025-05-14,2025-08-28,10,7633.30,33,11.8,at_risk,High,true
CUST01430,2025-04-04,2025-09-28,22,8854.55,2,8.4,active,High,false
CUST01431,2025-05-18,2025-05-18,1,1411.00,135,,lapsed,Low,false
CUST01432,2025-05-09,2025-07-02,3,1495.00,90,27,lapsed,Low,true
CUST01433,2025-04-03,2025-09-27,23,19266.90,3,8,active,High,false
CUST01434,2025-05-12,2025-09-27,3,5208.30,3,69,active,Medium,false
CUST01435,2025-09-18,2025-09-18,1,75.00,12,,active,Low,false
CUST01436,2025-05-29,2025-07-11,3,1839.50,81,21.5,lapsed,Low,true
CUST01437,2025-04-14,2025-09-02,6,4191.80,28,28.2,cooling,Medium,false
CUST01438,2025-04-07,2025-09-30,25,40968.65,0,7.3,active,High,false
CUST01439,2025-05-09,2025-08-22,2,457.00,39,105,at_risk,Low,false
CUST01440,,,0,0.00,,,never_ordered,None,false
CUST01441,2025-05-29,2025-08-30,6,10512.00,31,18.6,at_risk,High,false
CUST01442,2025-04-19,2025-09-12,13,20546.05,18,12.2,cooling,High,false
CUST01443,,,0,0.00,,,never_ordered,None,false
CUST01444,2025-04-22,2025-08-29,7,5206.85,32,21.5,at_risk,Medium,false
CUST01445,2025-04-25,2025-09-15,2,1761.00,15,143,cooling,Low,false
CUST01446,2025-07-06,2025-09-29,4,4694.10,1,28.3,active,Medium,false
CUST01447,2025-04-14,2025-07-24,2,1823.00,68,101,lapsed,Low,false
CUST01448,2025-07-04,2025-07-04,1,1213.00,88,,lapsed,Low,false
CUST01449,,,0,0.00,,,never_ordered,None,false
CUST01450,2025-04-22,2025-08-07,5,4135.30,54,26.8,at_risk,Medium,true
CUST01451,2025-06-16,2025-08-14,2,635.20,47,59,at_risk,Low,false
CUST01452,2025-04-06,2025-04-06,1,410.80,177,,lapsed,Low,false
CUST01453,2025-04-15,2025-06-30,3,1071.90,92,38,lapsed,Low,true
CUST01454,2025-04-25,2025-09-29,20,35564.70,1,8.3,active,High,false
CUST01455,,,0,0.00,,,never_ordered,None,false
CUST01456,2025-04-05,2025-09-15,13,23705.93,15,13.6,cooling,High,false
CUST01457,2025-04-05,2025-09-05,11,6817.80,25,15.3,cooling,High,false
CUST01458,,,0,0.00,,,never_ordered,None,false
CUST01459,2025-07-25,2025-08-24,2,1013.00,37,30,at_risk,Low,false
CUST01460,2025-06-09,2025-07-23,4,5191.00,69,14.7,lapsed,Medium,true
CUST01461,2025-04-05,2025-08-16,3,3949.00,45,66.5,at_risk,Medium,false
CUST01462,2025-04-03,2025-09-28,11,6808.50,2,17.8,active,High,false
CUST01463,2025-05-27,2025-09-15,6,944.05,15,22.2,cooling,Low,false
CUST01464,2025-07-05,2025-09-12,11,8846.30,18,6.9,cooling,High,true
CUST01465,2025-04-03,2025-09-18,15,10686.75,12,12,active,High,false
CUST01466,2025-04-01,2025-09-18,26,35108.55,12,6.8,active,High,false
CUST01467,2025-04-09,2025-08-20,16,8593.15,41,8.9,at_risk,High,true
CUST01468,2025-04-21,2025-09-26,6,5182.15,4,31.6,active,Medium,false
CUST01469,2025-09-11,2025-09-11,1,1368.00,19,,cooling,Low,false
CUST01470,2025-05-01,2025-05-01,1,417.00,152,,lapsed,Low,false
CUST01471,2025-04-11,2025-09-17,3,1531.80,13,79.5,active,Low,false
CUST01472,2025-04-14,2025-09-24,5,3585.25,6,40.8,active,Medium,false
CUST01473,2025-05-02,2025-09-24,8,17482.59,6,20.7,active,High,false
CUST01474,2025-04-26,2025-07-09,2,923.20,83,74,lapsed,Low,false
CUST01475,,,0,0.00,,,never_ordered,None,false
CUST01476,2025-08-01,2025-08-01,1,908.00,60,,at_risk,Low,false
CUST01477,2025-05-09,2025-07-03,3,1945.20,89,27.5,lapsed,Low,true
CUST01478,2025-04-21,2025-08-02,3,6241.50,59,51.5,at_risk,High,false
CUST01479,2025-07-24,2025-09-14,4,5435.50,16,17.3,cooling,High,false
CUST01480,2025-04-05,2025-08-19,4,3169.00,42,45.3,at_risk,Medium,false
CUST01481,2025-04-13,2025-07-04,4,1620.60,88,27.3,lapsed,Low,true
CUST01482,2025-05-06,2025-06-28,4,2569.00,94,17.7,lapsed,Medium,true
CUST01483,2025-04-20,2025-09-06,7,4320.00,24,23.2,cooling,Medium,false
CUST01484,2025-05-11,2025-08-06,6,13308.20,55,17.4,at_risk,High,true
CUST01485,2025-04-20,2025-04-20,1,1825.00,163,,lapsed,Low,false
CUST01486,2025-04-11,2025-09-30,8,12722.95,0,24.6,active,High,false
CUST01487,2025-04-05,2025-09-22,11,9015.00,8,17,active,High,false
CUST01488,2025-04-04,2025-07-21,4,1386.00,71,36,lapsed,Low,false
CUST01489,2025-04-21,2025-09-12,9,11109.00,18,18,cooling,High,false
CUST01490,,,0,0.00,,,never_ordered,None,false
CUST01491,2025-04-20,2025-08-30,5,10889.00,31,33,at_risk,High,false
CUST01492,2025-05-22,2025-08-15,3,1533.10,46,42.5,at_risk,Low,false
CUST01493,2025-04-30,2025-04-30,1,229.00,153,,lapsed,Low,false
CUST01494,2025-04-06,2025-09-26,28,21512.60,4,6.4,active,High,false
CUST01495,2025-05-17,2025-09-27,6,9188.60,3,26.6,active,High,false
CUST01496,2025-04-12,2025-08-10,7,10620.40,51,20,at_risk,High,true
CUST01497,2025-05-25,2025-08-03,2,446.00,58,70,at_risk,Low,false
CUST01498,2025-04-05,2025-08-30,5,8008.20,31,36.8,at_risk,High,false
CUST01499,2025-06-20,2025-09-14,4,971.40,16,28.7,cooling,Low,false
CUST01500,2025-04-06,2025-09-30,8,4325.20,0,25.3,active,Medium,false
CUST01501,2025-04-22,2025-09-24,6,3744.20,6,31,active,Medium,false
CUST01502,2025-08-07,2025-08-18,2,3905.00,43,11,at_risk,Medium,true
CUST01503,,,0,0.00,,,never_ordered,None,false
CUST01504,2025-04-27,2025-09-08,7,9927.70,22,22.3,cooling,High,false
CUST01505,2025-04-21,2025-09-06,5,2163.80,24,34.5,cooling,Medium,false
CUST01506,2025-04-15,2025-09-23,14,9086.70,7,12.4,active,High,false
CUST01507,2025-04-10,2025-09-11,6,9873.80,19,30.8,cooling,High,false
CUST01508,2025-07-29,2025-07-29,1,94.00,63,,lapsed,Low,false
CUST01509,2025-04-23,2025-08-09,5,9454.70,52,27,at_risk,High,false
CUST01510,2025-04-23,2025-07-03,4,3109.00,89,23.7,lapsed,Medium,true
CUST01511,2025-05-07,2025-09-04,5,3355.00,26,30,cooling,Medium,false
CUST01512,,,0,0.00,,,never_ordered,None,false
CUST01513,2025-04-02,2025-09-21,14,11478.65,9,13.2,active,High,false
CUST01514,2025-04-18,2025-09-18,8,6114.80,12,21.9,active,High,false
CUST01515,2025-05-12,2025-05-12,1,903.00,141,,lapsed,Low,false
CUST01516,2025-05-28,2025-09-10,5,7516.00,20,26.2,cooling,High,false
CUST01517,2025-06-12,2025-09-15,3,4054.00,15,47.5,cooling,Medium,false
CUST01518,,,0,0.00,,,never_ordered,None,false
CUST01519,2025-05-17,2025-08-21,5,9271.10,40,24,at_risk,High,false
CUST01520,2025-08-18,2025-09-08,2,1383.15,22,21,cooling,Low,false
CUST01521,2025-05-27,2025-09-06,5,2289.60,24,25.5,cooling,Medium,false
CUST01522,2025-08-30,2025-08-30,1,42.00,31,,at_risk,Low,false
CUST01523,2025-04-03,2025-09-29,33,27633.40,1,5.6,active,High,false
CUST01524,2025-04-22,2025-07-19,5,10077.89,73,22,lapsed,High,true
CUST01525,2025-05-23,2025-09-20,4,3875.00,10,40,active,Medium,false
CUST01526,,,0,0.00,,,never_ordered,None,false
CUST01527,2025-04-20,2025-09-13,5,3161.00,17,36.5,cooling,Medium,false
CUST01528,2025-04-14,2025-09-30,24,13418.00,0,7.3,active,High,false
CUST01529,2025-04-06,2025-09-25,3,8981.40,5,86,active,High,false
CUST01530,2025-04-13,2025-09-28,7,4723.00,2,28,active,Medium,false
CUST01531,2025-05-09,2025-05-31,2,852.05,122,22,lapsed,Low,true
CUST01532,2025-07-13,2025-09-21,3,1007.00,9,35,active,Low,false
CUST01533,2025-07-20,2025-07-20,1,1168.40,72,,lapsed,Low,false
CUST01534,,,0,0.00,,,never_ordered,None,false
CUST01535,2025-04-20,2025-07-22,8,3657.90,70,13.3,lapsed,Medium,true
CUST01536,2025-06-22,2025-09-26,12,10748.00,4,8.7,active,High,false
CUST01537,2025-06-14,2025-06-28,2,3077.30,94,14,lapsed,Medium,true
CUST01538,2025-05-08,2025-09-30,7,6276.50,0,24.2,active,High,false
CUST01539,2025-06-12,2025-08-10,8,3513.40,51,8.4,at_risk,Medium,true
CUST01540,2025-06-05,2025-09-08,4,1418.00,22,31.7,cooling,Low,false
CUST01541,2025-04-02,2025-09-01,9,5270.70,29,19,cooling,Medium,false
CUST01542,2025-04-17,2025-09-04,5,4167.20,26,35,cooling,Medium,false
CUST01543,2025-09-27,2025-09-27,1,593.00,3,,active,Low,false
CUST01544,2025-04-02,2025-08-28,18,6785.20,33,8.7,at_risk,High,true
CUST01545,2025-04-27,2025-08-10,3,6078.40,51,52.5,at_risk,High,false
CUST01546,2025-08-12,2025-08-12,1,516.00,49,,at_risk,Low,false
CUST01547,2025-04-14,2025-09-29,11,12555.60,1,16.8,active,High,false
CUST01548,,,0,0.00,,,never_ordered,None,false
CUST01549,,,0,0.00,,,never_ordered,None,false
CUST01550,2025-04-08,2025-06-08,2,3373.20,114,61,lapsed,Medium,false
CUST01551,2025-05-02,2025-07-27,4,3157.00,65,28.7,lapsed,Medium,true
CUST01552,2025-04-21,2025-07-08,3,951.00,84,39,lapsed,Low,true
CUST01553,2025-05-28,2025-09-24,5,2350.75,6,29.8,active,Medium,false
CUST01554,2025-04-17,2025-06-20,2,1209.20,102,64,lapsed,Low,false
CUST01555,,,0,0.00,,,never_ordered,None,false
CUST01556,2025-04-21,2025-09-05,4,2379.30,25,45.7,cooling,Medium,false
CUST01557,2025-04-03,2025-09-19,5,7680.00,11,42.2,active,High,false
CUST01558,,,0,0.00,,,never_ordered,None,false
CUST01559,2025-04-23,2025-09-15,3,3126.00,15,72.5,cooling,Medium,false
CUST01560,2025-04-05,2025-09-21,6,2521.60,9,33.8,active,Medium,false
CUST01561,2025-05-09,2025-09-29,10,2946.25,1,15.9,active,Medium,false
CUST01562,2025-04-12,2025-07-20,5,3528.80,72,24.8,lapsed,Medium,true
CUST01563,2025-08-04,2025-08-04,1,469.00,57,,at_risk,Low,false
CUST01564,2025-06-21,2025-08-05,2,2816.00,56,45,at_risk,Medium,false
CUST01565,2025-06-01,2025-08-19,4,7215.00,42,26.3,at_risk,High,false
CUST01566,2025-04-08,2025-08-22,5,1730.00,39,34,at_risk,Low,false
CUST01567,2025-04-22,2025-09-01,5,5307.00,29,33,cooling,Medium,false
CUST01568,2025-04-28,2025-04-28,1,1049.55,155,,lapsed,Low,false
CUST01569,2025-08-16,2025-09-28,2,1434.00,2,43,active,Low,false
CUST01570,2025-06-26,2025-09-04,2,385.30,26,70,cooling,Low,false
CUST01571,2025-04-12,2025-05-11,4,9160.20,142,9.7,lapsed,High,true
CUST01572,2025-04-06,2025-09-24,15,6330.70,6,12.2,active,High,false
CUST01573,2025-04-04,2025-06-23,6,2939.00,99,16,lapsed,Medium,true
CUST01574,2025-04-04,2025-09-28,8,16958.60,2,25.3,active,High,false
CUST01575,2025-04-03,2025-09-08,9,5001.80,22,19.8,cooling,Medium,false
CUST01576,2025-09-06,2025-09-06,1,2051.00,24,,cooling,Medium,false
CUST01577,2025-04-11,2025-04-11,1,147.00,172,,lapsed,Low,false
CUST01578,2025-09-05,2025-09-29,2,1875.00,1,24,active,Low,false
CUST01579,2025-06-09,2025-07-08,3,1175.00,84,14.5,lapsed,Low,true
CUST01580,2025-04-05,2025-06-10,4,4403.95,112,22,lapsed,Medium,true
CUST01581,2025-04-13,2025-08-05,5,6377.90,56,28.5,at_risk,High,false
CUST01582,,,0,0.00,,,never_ordered,None,false
CUST01583,,,0,0.00,,,never_ordered,None,false
CUST01584,2025-07-31,2025-09-22,3,4533.00,8,26.5,active,Medium,false
CUST01585,,,0,0.00,,,never_ordered,None,false
CUST01586,2025-04-05,2025-09-23,14,11479.40,7,13.2,active,High,false
CUST01587,2025-04-04,2025-09-16,14,7681.60,14,12.7,active,High,false
CUST01588,2025-04-04,2025-09-13,12,9035.80,17,14.7,cooling,High,false
CUST01589,2025-07-18,2025-08-31,2,731.00,30,44,cooling,Low,false
CUST01590,2025-04-26,2025-08-08,5,7695.80,53,26,at_risk,High,true
CUST01591,2025-04-02,2025-09-30,13,9500.12,0,15.1,active,High,false
CUST01592,2025-07-15,2025-09-28,4,1938.00,2,25,active,Low,false
CUST01593,2025-06-18,2025-09-07,6,6814.00,23,16.2,cooling,High,false
CUST01594,2025-04-02,2025-08-19,9,2699.00,42,17.4,at_risk,Medium,true
CUST01595,2025-05-10,2025-09-09,8,4784.00,21,17.4,cooling,Medium,false
CUST01596,2025-06-05,2025-09-18,5,2381.60,12,26.2,active,Medium,false
CUST01597,2025-05-06,2025-09-25,5,5137.30,5,35.5,active,Medium,false
CUST01598,,,0,0.00,,,never_ordered,None,false
CUST01599,2025-05-03,2025-09-27,4,1114.55,3,49,active,Low,false
CUST01600,2025-08-04,2025-08-04,1,978.00,57,,at_risk,Low,false
CUST01601,,,0,0.00,,,never_ordered,None,false
CUST01602,,,0,0.00,,,never_ordered,None,false
CUST01603,2025-04-18,2025-05-04,2,2194.60,149,16,lapsed,Medium,true
CUST01604,,,0,0.00,,,never_ordered,None,false
CUST01605,2025-05-28,2025-06-17,2,2529.00,105,20,lapsed,Medium,true
CUST01606,2025-04-14,2025-09-21,7,12546.84,9,26.7,active,High,false
CUST01607,2025-04-04,2025-09-27,3,275.00,3,88,active,Low,false
CUST01608,2025-04-16,2025-08-25,4,4783.35,36,43.7,at_risk,Medium,false
CUST01609,2025-04-16,2025-08-24,9,2419.10,37,16.2,at_risk,Medium,true
CUST01610,2025-06-27,2025-09-07,3,263.60,23,36,cooling,Low,false
CUST01611,,,0,0.00,,,never_ordered,None,false
CUST01612,2025-04-30,2025-09-04,4,3179.18,26,42.3,cooling,Medium,false
CUST01613,2025-04-04,2025-09-25,15,9076.85,5,12.4,active,High,false
CUST01614,2025-07-03,2025-09-09,3,291.40,21,34,cooling,Low,false
CUST01615,2025-04-01,2025-08-04,8,7104.20,57,17.9,at_risk,High,true
CUST01616,2025-05-04,2025-08-19,6,3601.64,42,21.4,at_risk,Medium,false
CUST01617,2025-07-12,2025-08-04,2,1109.00,57,23,at_risk,Low,true
CUST01618,2025-04-08,2025-09-28,6,1200.80,2,34.6,active,Low,false
CUST01619,2025-06-16,2025-06-20,2,388.00,102,4,lapsed,Low,true
CUST01620,2025-05-21,2025-09-21,4,5018.80,9,41,active,Medium,false
CUST01621,,,0,0.00,,,never_ordered,None,false
CUST01622,2025-05-05,2025-07-09,2,3841.00,83,65,lapsed,Medium,false
CUST01623,2025-07-08,2025-08-07,2,614.00,54,30,at_risk,Low,false
CUST01624,2025-05-14,2025-05-14,1,944.00,139,,lapsed,Low,false
CUST01625,2025-06-14,2025-08-11,5,4952.60,50,14.5,at_risk,Medium,true
CUST01626,2025-08-03,2025-08-03,1,847.00,58,,at_risk,Low,false
CUST01627,2025-05-14,2025-09-30,3,1808.00,0,69.5,active,Low,false
CUST01628,2025-04-03,2025-08-15,7,11033.90,46,22.3,at_risk,High,true
CUST01629,2025-05-14,2025-08-05,4,2821.00,56,27.7,at_risk,Medium,true
CUST01630,2025-04-05,2025-08-08,4,1586.00,53,41.7,at_risk,Low,false
CUST01631,2025-06-26,2025-07-21,2,5584.70,71,25,lapsed,High,true
CUST01632,2025-04-04,2025-09-20,10,15466.00,10,18.8,active,High,false
CUST01633,,,0,0.00,,,never_ordered,None,false
CUST01634,,,0,0.00,,,never_ordered,None,false
CUST01635,,,0,0.00,,,never_ordered,None,false
CUST01636,2025-04-07,2025-05-10,4,2460.40,143,11,lapsed,Medium,true
CUST01637,,,0,0.00,,,never_ordered,None,false
CUST01638,2025-04-18,2025-04-18,1,169.00,165,,lapsed,Low,false
CUST01639,2025-07-29,2025-07-29,1,343.00,63,,lapsed,Low,false
CUST01640,,,0,0.00,,,never_ordered,None,false
CUST01641,2025-06-21,2025-09-13,2,671.00,17,84,cooling,Low,false
CUST01642,2025-04-16,2025-09-26,9,6691.20,4,20.4,active,High,false
CUST01643,2025-04-05,2025-08-31,8,12689.24,30,21.1,cooling,High,false
CUST01644,2025-04-05,2025-08-27,10,3490.60,34,16,at_risk,Medium,true
CUST01645,2025-06-10,2025-06-27,2,1023.00,95,17,lapsed,Low,true
CUST01646,2025-07-04,2025-09-07,6,1822.20,23,13,cooling,Low,false
CUST01647,,,0,0.00,,,never_ordered,None,false
CUST01648,2025-04-23,2025-05-27,2,2072.05,126,34,lapsed,Medium,true
CUST01649,2025-07-19,2025-09-14,4,531.40,16,19,cooling,Low,false
CUST01650,2025-08-13,2025-09-17,7,7254.80,13,5.8,active,High,true
CUST01651,2025-06-22,2025-09-23,4,2413.00,7,31,active,Medium,false
CUST01652,2025-05-30,2025-05-30,1,414.00,123,,lapsed,Low,false
CUST01653,2025-07-24,2025-09-24,4,1220.80,6,20.7,active,Low,false
CUST01654,2025-05-27,2025-05-27,1,353.00,126,,lapsed,Low,false
CUST01655,2025-08-31,2025-09-28,3,7544.00,2,14,active,High,false
CUST01656,2025-04-08,2025-09-04,12,6439.40,26,13.5,cooling,High,false
CUST01657,2025-07-04,2025-08-07,3,2698.00,54,17,at_risk,Medium,true
CUST01658,2025-04-15,2025-08-25,3,1368.00,36,66,at_risk,Low,false
CUST01659,2025-05-06,2025-08-26,2,271.40,35,112,at_risk,Low,false
CUST01660,2025-05-09,2025-05-09,1,593.80,144,,lapsed,Low,false
CUST01661,2025-04-20,2025-04-20,1,239.00,163,,lapsed,Low,false
CUST01662,2025-05-09,2025-06-02,6,2540.80,120,4.8,lapsed,Medium,true
CUST01663,2025-06-13,2025-08-28,5,2784.00,33,19,at_risk,Medium,false
CUST01664,2025-04-03,2025-07-10,4,1867.00,82,32.7,lapsed,Low,true
CUST01665,2025-05-10,2025-05-10,1,890.00,143,,lapsed,Low,false
CUST01666,2025-05-06,2025-09-17,2,2663.00,13,134,active,Medium,false
CUST01667,2025-07-11,2025-09-05,5,5554.00,25,14,cooling,High,false
CUST01668,2025-04-14,2025-09-15,9,5207.60,15,19.2,cooling,Medium,false
CUST01669,2025-04-24,2025-09-20,3,763.00,10,74.5,active,Low,false
CUST01670,2025-05-02,2025-09-30,12,5369.25,0,13.7,active,High,false
CUST01671,2025-09-10,2025-09-10,1,699.30,20,,cooling,Low,false
CUST01672,2025-04-26,2025-09-03,2,4011.95,27,130,cooling,Medium,false
CUST01673,2025-07-09,2025-09-20,2,1514.00,10,73,active,Low,false
CUST01674,2025-04-01,2025-09-30,28,21333.70,0,6.7,active,High,false
CUST01675,2025-04-26,2025-09-28,13,10258.65,2,12.9,active,High,false
CUST01676,2025-04-30,2025-09-27,15,12374.35,3,10.7,active,High,false
CUST01677,2025-05-08,2025-09-18,5,1626.18,12,33.2,active,Low,false
CUST01678,2025-05-31,2025-05-31,1,620.00,122,,lapsed,Low,false
CUST01679,2025-07-03,2025-08-05,4,1389.50,56,11,at_risk,Low,true
CUST01680,2025-06-10,2025-09-24,3,4613.50,6,53,active,Medium,false
CUST01681,,,0,0.00,,,never_ordered,None,false
CUST01682,2025-05-25,2025-06-27,3,675.00,95,16.5,lapsed,Low,true
CUST01683,2025-05-11,2025-09-20,5,8102.20,10,33,active,High,false
CUST01684,2025-05-03,2025-07-05,4,6639.00,87,21,lapsed,High,true
CUST01685,2025-04-02,2025-09-18,20,18880.72,12,8.9,active,High,false
CUST01686,2025-09-01,2025-09-01,1,2254.00,29,,cooling,Medium,false
CUST01687,2025-05-22,2025-07-20,4,3074.00,72,19.7,lapsed,Medium,true
CUST01688,2025-06-21,2025-07-01,2,3951.60,91,10,lapsed,Medium,true
CUST01689,,,0,0.00,,,never_ordered,None,false
CUST01690,2025-07-23,2025-07-23,1,702.00,69,,lapsed,Low,false
CUST01691,2025-06-24,2025-09-07,2,742.00,23,75,cooling,Low,false
CUST01692,2025-04-30,2025-08-31,3,2633.90,30,61.5,cooling,Medium,false
CUST01693,2025-05-07,2025-09-26,5,4735.00,4,35.5,active,Medium,false
CUST01694,2025-06-24,2025-08-09,2,1454.00,52,46,at_risk,Low,false
CUST01695,2025-07-30,2025-09-06,2,4521.60,24,38,cooling,Medium,false
CUST01696,2025-04-30,2025-09-23,3,1341.55,7,73,active,Low,false
CUST01697,2025-04-21,2025-09-20,9,9219.65,10,19,active,High,false
CUST01698,2025-04-20,2025-09-13,12,4706.15,17,13.3,cooling,Medium,false
CUST01699,2025-04-19,2025-08-31,13,8362.25,30,11.2,cooling,High,true
CUST01700,2025-04-27,2025-09-30,14,11994.10,0,12,active,High,false
CUST01701,2025-07-25,2025-07-25,1,143.00,67,,lapsed,Low,false
CUST01702,2025-06-14,2025-06-21,2,2258.00,101,7,lapsed,Medium,true
CUST01703,2025-07-22,2025-09-25,5,5934.65,5,16.2,active,High,false
CUST01704,2025-07-19,2025-09-16,8,1219.75,14,8.4,active,Low,false
CUST01705,2025-05-16,2025-09-30,12,9940.40,0,12.5,active,High,false
CUST01706,2025-04-15,2025-09-28,25,15599.25,2,6.9,active,High,false
CUST01707,2025-09-14,2025-09-14,1,199.00,16,,cooling,Low,false
CUST01708,2025-04-29,2025-09-28,14,10589.80,2,11.7,active,High,false
CUST01709,2025-08-03,2025-08-03,1,2234.00,58,,at_risk,Medium,false
CUST01710,2025-08-12,2025-09-04,6,4885.00,26,4.6,cooling,Medium,true
CUST01711,2025-04-09,2025-09-27,13,8974.50,3,14.2,active,High,false
CUST01712,2025-08-20,2025-08-22,2,1149.00,39,2,at_risk,Low,true
CUST01713,2025-04-10,2025-09-05,5,3850.50,25,37,cooling,Medium,false
CUST01714,2025-09-09,2025-09-09,1,1059.30,21,,cooling,Low,false
CUST01715,2025-05-12,2025-09-27,6,1653.25,3,27.6,active,Low,false
CUST01716,2025-04-21,2025-08-27,16,15376.50,34,8.5,at_risk,High,true
CUST01717,2025-04-05,2025-09-08,13,8231.25,22,13,cooling,High,false
CUST01718,,,0,0.00,,,never_ordered,None,false
CUST01719,2025-05-17,2025-08-29,3,3125.25,32,52,at_risk,Medium,false
CUST01720,2025-04-06,2025-09-24,15,12632.80,6,12.2,active,High,false
CUST01721,,,0,0.00,,,never_ordered,None,false
CUST01722,2025-07-19,2025-09-10,4,1639.50,20,17.7,cooling,Low,false
CUST01723,2025-06-20,2025-07-19,3,2800.30,73,14.5,lapsed,Medium,true
CUST01724,,,0,0.00,,,never_ordered,None,false
CUST01725,2025-07-22,2025-09-10,4,6661.60,20,16.7,cooling,High,false
CUST01726,2025-07-19,2025-07-30,2,587.20,62,11,lapsed,Low,true
CUST01727,2025-04-04,2025-08-16,5,7745.60,45,33.5,at_risk,High,false
CUST01728,2025-06-18,2025-08-24,2,2919.50,37,67,at_risk,Medium,false
CUST01729,2025-04-27,2025-09-20,6,1627.00,10,29.2,active,Low,false
CUST01730,2025-08-17,2025-08-30,3,3555.50,31,6.5,at_risk,Medium,true
CUST01731,2025-06-07,2025-08-01,4,4972.25,60,18.3,at_risk,Medium,true
CUST01732,2025-08-29,2025-09-27,4,730.00,3,9.7,active,Low,false
CUST01733,2025-04-22,2025-04-22,1,618.00,161,,lapsed,Low,false
CUST01734,2025-08-31,2025-08-31,1,1551.00,30,,cooling,Low,false
CUST01735,2025-07-12,2025-07-12,1,3077.00,80,,lapsed,Medium,false
CUST01736,2025-04-06,2025-06-12,4,8800.00,110,22.3,lapsed,High,true
CUST01737,,,0,0.00,,,never_ordered,None,false
CUST01738,2025-04-10,2025-09-26,26,22855.75,4,6.8,active,High,false
CUST01739,2025-04-13,2025-08-29,2,1297.25,32,138,at_risk,Low,false
CUST01740,2025-07-25,2025-09-19,3,457.00,11,28,active,Low,false
CUST01741,2025-04-08,2025-08-01,5,2453.50,60,28.8,at_risk,Medium,true
CUST01742,2025-05-18,2025-09-07,3,4033.10,23,56,cooling,Medium,false
CUST01743,2025-04-30,2025-09-06,9,10574.60,24,16.1,cooling,High,false
CUST01744,,,0,0.00,,,never_ordered,None,false
CUST01745,2025-04-08,2025-04-08,1,2053.00,175,,lapsed,Medium,false
CUST01746,2025-09-07,2025-09-17,3,3394.20,13,5,active,Medium,true
CUST01747,2025-04-27,2025-04-27,1,94.00,156,,lapsed,Low,false
CUST01748,2025-05-31,2025-09-30,7,16393.65,0,20.3,active,High,false
CUST01749,2025-05-22,2025-09-28,4,5619.00,2,43,active,High,false
CUST01750,2025-08-24,2025-09-06,2,3656.60,24,13,cooling,Medium,false
CUST01751,2025-04-23,2025-04-23,1,1252.20,160,,lapsed,Low,false
CUST01752,2025-07-10,2025-07-10,1,371.00,82,,lapsed,Low,false
CUST01753,2025-04-10,2025-09-01,10,7769.70,29,16,cooling,High,false
CUST01754,,,0,0.00,,,never_ordered,None,false
CUST01755,2025-04-24,2025-07-27,3,1416.60,65,47,lapsed,Low,false
CUST01756,2025-06-01,2025-09-18,4,6546.60,12,36.3,active,High,false
CUST01757,2025-09-12,2025-09-12,1,1050.00,18,,cooling,Low,false
CUST01758,2025-07-29,2025-07-29,1,1396.00,63,,lapsed,Low,false
CUST01759,2025-04-01,2025-07-27,3,2518.00,65,58.5,lapsed,Medium,false
CUST01760,,,0,0.00,,,never_ordered,None,false
CUST01761,2025-04-15,2025-09-18,30,16408.90,12,5.4,active,High,true
CUST01762,2025-04-02,2025-08-27,2,686.30,34,147,at_risk,Low,false
CUST01763,2025-07-24,2025-07-24,1,2286.00,68,,lapsed,Medium,false
CUST01764,,,0,0.00,,,never_ordered,None,false
CUST01765,2025-08-31,2025-08-31,1,558.75,30,,cooling,Low,false
CUST01766,2025-04-23,2025-09-04,6,3342.20,26,26.8,cooling,Medium,false
CUST01767,2025-08-21,2025-08-21,1,1221.00,40,,at_risk,Low,false
CUST01768,,,0,0.00,,,never_ordered,None,false
CUST01769,2025-04-14,2025-04-14,1,324.00,169,,lapsed,Low,false
CUST01770,2025-09-03,2025-09-03,1,539.00,27,,cooling,Low,false
CUST01771,2025-05-17,2025-09-10,4,3396.00,20,38.7,cooling,Medium,false
CUST01772,,,0,0.00,,,never_ordered,None,false
CUST01773,2025-08-27,2025-09-29,2,890.00,1,33,active,Low,false
CUST01774,2025-06-29,2025-06-29,1,482.00,93,,lapsed,Low,false
CUST01775,2025-08-03,2025-08-03,1,598.50,58,,at_risk,Low,false
CUST01776,2025-04-17,2025-04-17,1,875.00,166,,lapsed,Low,false
CUST01777,2025-05-02,2025-09-18,10,11493.40,12,15.4,active,High,false
CUST01778,2025-04-12,2025-09-19,9,24574.35,11,20,active,High,false
CUST01779,2025-04-16,2025-09-09,4,3617.00,21,48.7,cooling,Medium,false
CUST01780,2025-09-20,2025-09-20,1,1197.00,10,,active,Low,false
CUST01781,,,0,0.00,,,never_ordered,None,false
CUST01782,2025-09-26,2025-09-26,1,1452.00,4,,active,Low,false
CUST01783,,,0,0.00,,,never_ordered,None,false
CUST01784,2025-07-07,2025-08-27,2,1454.30,34,51,at_risk,Low,false
CUST01785,2025-05-02,2025-09-29,6,3939.30,1,30,active,Medium,false
CUST01786,2025-06-07,2025-09-15,3,8066.00,15,50,cooling,High,false
CUST01787,2025-07-21,2025-09-26,3,3588.80,4,33.5,active,Medium,false
CUST01788,,,0,0.00,,,never_ordered,None,false
CUST01789,2025-04-12,2025-08-29,4,4823.65,32,46.3,at_risk,Medium,false
CUST01790,2025-09-28,2025-09-28,1,2905.00,2,,active,Medium,false
CUST01791,2025-06-23,2025-07-20,2,1561.00,72,27,lapsed,Low,true
CUST01792,2025-04-03,2025-09-11,3,2365.10,19,80.5,cooling,Medium,false
CUST01793,2025-04-01,2025-09-27,18,25934.20,3,10.5,active,High,false
CUST01794,2025-04-21,2025-09-13,3,7869.20,17,72.5,cooling,High,false
CUST01795,2025-07-09,2025-09-26,2,1477.00,4,79,active,Low,false
CUST01796,2025-04-17,2025-09-30,7,3390.00,0,27.7,active,Medium,false
CUST01797,2025-04-27,2025-05-24,3,2663.00,129,13.5,lapsed,Medium,true
CUST01798,2025-04-25,2025-09-25,11,9657.80,5,15.3,active,High,false
CUST01799,2025-04-05,2025-09-23,4,4445.45,7,57,active,Medium,false
CUST01800,2025-06-30,2025-09-22,5,3150.00,8,21,active,Medium,false
CUST01801,2025-04-05,2025-09-12,6,2727.30,18,32,cooling,Medium,false
CUST01802,2025-04-18,2025-09-20,3,1232.00,10,77.5,active,Low,false
CUST01803,2025-04-10,2025-09-14,31,21377.35,16,5.2,cooling,High,true
CUST01804,2025-04-14,2025-09-29,24,19240.55,1,7.3,active,High,false
CUST01805,2025-05-31,2025-08-09,2,1498.50,52,70,at_risk,Low,false
CUST01806,2025-04-29,2025-09-04,5,5711.40,26,32,cooling,High,false
CUST01807,2025-05-17,2025-05-17,1,871.00,136,,lapsed,Low,false
CUST01808,,,0,0.00,,,never_ordered,None,false
CUST01809,2025-06-03,2025-09-05,3,852.00,25,47,cooling,Low,false
CUST01810,2025-08-25,2025-09-16,3,350.00,14,11,active,Low,false
CUST01811,2025-04-02,2025-09-28,6,13239.10,2,35.8,active,High,false
CUST01812,,,0,0.00,,,never_ordered,None,false
CUST01813,2025-04-03,2025-06-23,3,1174.20,99,40.5,lapsed,Low,true
CUST01814,2025-07-02,2025-08-07,2,2894.00,54,36,at_risk,Medium,false
CUST01815,2025-04-06,2025-09-30,11,25259.00,0,17.7,active,High,false
CUST01816,2025-04-08,2025-09-26,16,11747.93,4,11.4,active,High,false
CUST01817,2025-07-20,2025-07-31,2,377.00,61,11,lapsed,Low,true
CUST01818,2025-09-12,2025-09-12,1,749.00,18,,cooling,Low,false
CUST01819,2025-05-20,2025-09-26,5,3150.75,4,32.2,active,Medium,false
CUST01820,2025-04-08,2025-09-16,39,16472.05,14,4.2,active,High,true
CUST01821,2025-05-18,2025-08-08,5,3610.00,53,20.5,at_risk,Medium,true
CUST01822,2025-06-07,2025-07-01,2,428.00,91,24,lapsed,Low,true
CUST01823,2025-08-05,2025-08-05,1,4761.00,56,,at_risk,Medium,false
CUST01824,2025-05-28,2025-09-27,8,8304.98,3,17.4,active,High,false
CUST01825,2025-04-24,2025-09-22,7,2848.00,8,25.2,active,Medium,false
CUST01826,,,0,0.00,,,never_ordered,None,false
CUST01827,2025-05-12,2025-07-13,3,3635.00,79,31,lapsed,Medium,true
CUST01828,2025-06-25,2025-08-22,6,4547.90,39,11.6,at_risk,Medium,true
CUST01829,2025-04-01,2025-09-30,12,11455.99,0,16.5,active,High,false
CUST01830,2025-04-10,2025-09-09,13,9626.70,21,12.7,cooling,High,false
CUST01831,2025-05-12,2025-09-27,8,3245.00,3,19.7,active,Medium,false
CUST01832,2025-07-16,2025-09-26,2,2996.00,4,72,active,Medium,false
CUST01833,2025-05-06,2025-09-20,5,1047.40,10,34.2,active,Low,false
CUST01834,2025-04-01,2025-09-29,19,15182.75,1,10.1,active,High,false
CUST01835,,,0,0.00,,,never_ordered,None,false
CUST01836,2025-05-17,2025-09-04,5,6035.80,26,27.5,cooling,High,false
CUST01837,2025-05-19,2025-09-27,7,4747.75,3,21.8,active,Medium,false
CUST01838,2025-04-18,2025-09-08,3,1651.00,22,71.5,cooling,Low,false
CUST01839,2025-04-02,2025-09-22,10,8061.40,8,19.2,active,High,false
CUST01840,2025-04-12,2025-05-15,2,823.00,138,33,lapsed,Low,true
CUST01841,2025-05-18,2025-08-24,9,6143.90,37,12.2,at_risk,High,true
CUST01842,,,0,0.00,,,never_ordered,None,false
CUST01843,2025-04-29,2025-05-29,2,1057.00,124,30,lapsed,Low,true
CUST01844,2025-07-23,2025-09-25,3,760.00,5,32,active,Low,false
CUST01845,2025-06-15,2025-06-15,1,332.00,107,,lapsed,Low,false
CUST01846,2025-04-02,2025-09-26,8,6383.75,4,25.3,active,High,false
CUST01847,2025-09-03,2025-09-03,1,129.00,27,,cooling,Low,false
CUST01848,2025-07-19,2025-07-19,1,1532.00,73,,lapsed,Low,false
CUST01849,2025-08-30,2025-09-09,2,1536.00,21,10,cooling,Low,true
CUST01850,2025-05-31,2025-09-09,6,4288.30,21,20.2,cooling,Medium,false
CUST01851,,,0,0.00,,,never_ordered,None,false
CUST01852,2025-05-03,2025-09-07,5,2126.10,23,31.8,cooling,Medium,false
CUST01853,2025-04-09,2025-08-30,10,8234.45,31,15.9,at_risk,High,false
CUST01854,2025-06-30,2025-09-26,5,2373.80,4,22,active,Medium,false
CUST01855,2025-04-29,2025-09-02,6,4472.60,28,25.2,cooling,Medium,false
CUST01856,2025-04-01,2025-09-06,9,15523.50,24,19.8,cooling,High,false
CUST01857,2025-04-13,2025-09-03,10,1436.50,27,15.9,cooling,Low,false
CUST01858,2025-08-17,2025-08-17,1,1958.00,44,,at_risk,Low,false
CUST01859,2025-09-02,2025-09-02,1,98.00,28,,cooling,Low,false
CUST01860,,,0,0.00,,,never_ordered,None,false
CUST01861,2025-08-23,2025-09-14,2,4380.20,16,22,cooling,Medium,false
CUST01862,2025-07-26,2025-09-16,7,6814.00,14,8.7,active,High,false
CUST01863,,,0,0.00,,,never_ordered,None,false
CUST01864,2025-05-07,2025-09-30,14,19607.00,0,11.2,active,High,false
CUST01865,2025-06-06,2025-09-26,7,5925.60,4,18.7,active,High,false
CUST01866,2025-07-08,2025-09-04,6,3738.86,26,11.6,cooling,Medium,true
CUST01867,2025-04-07,2025-04-22,3,1138.20,161,7.5,lapsed,Low,true
CUST01868,2025-08-18,2025-09-05,2,6237.20,25,18,cooling,High,false
CUST01869,2025-05-21,2025-09-16,9,7473.50,14,14.8,active,High,false
CUST01870,2025-05-10,2025-09-12,4,3657.30,18,41.7,cooling,Medium,false
CUST01871,2025-08-08,2025-09-14,2,1190.00,16,37,cooling,Low,false
CUST01872,2025-07-22,2025-09-07,2,518.00,23,47,cooling,Low,false
CUST01873,2025-04-29,2025-09-25,9,7552.30,5,18.6,active,High,false
CUST01874,2025-05-06,2025-07-25,4,7955.40,67,26.7,lapsed,High,true
CUST01875,,,0,0.00,,,never_ordered,None,false
CUST01876,2025-04-16,2025-07-03,5,3716.60,89,19.5,lapsed,Medium,true
CUST01877,2025-04-01,2025-09-09,13,9565.45,21,13.4,cooling,High,false
CUST01878,2025-05-05,2025-09-24,10,6931.90,6,15.8,active,High,false
CUST01879,2025-04-25,2025-07-16,2,727.00,76,82,lapsed,Low,false
CUST01880,2025-04-23,2025-06-19,2,1756.00,103,57,lapsed,Low,false
CUST01881,2025-06-21,2025-09-21,3,2449.00,9,46,active,Medium,false
CUST01882,2025-04-30,2025-09-20,4,4533.00,10,47.7,active,Medium,false
CUST01883,2025-04-03,2025-09-01,13,14338.40,29,12.6,cooling,High,true
CUST01884,2025-05-05,2025-09-18,8,3759.00,12,19.4,active,Medium,false
CUST01885,2025-05-14,2025-09-26,5,3359.00,4,33.8,active,Medium,false
CUST01886,2025-05-19,2025-09-30,9,5380.63,0,16.8,active,High,false
CUST01887,2025-09-06,2025-09-28,2,1534.60,2,22,active,Low,false
CUST01888,2025-07-02,2025-08-27,3,2299.00,34,28,at_risk,Medium,false
CUST01889,2025-04-01,2025-08-29,9,8705.50,32,18.8,at_risk,High,false
CUST01890,2025-04-05,2025-08-10,3,4052.00,51,63.5,at_risk,Medium,false
CUST01891,2025-04-02,2025-09-29,18,15021.85,1,10.6,active,High,false
CUST01892,2025-05-28,2025-09-27,4,6369.70,3,40.7,active,High,false
CUST01893,,,0,0.00,,,never_ordered,None,false
CUST01894,2025-04-08,2025-04-08,1,940.20,175,,lapsed,Low,false
CUST01895,2025-04-05,2025-09-02,12,7297.70,28,13.6,cooling,High,true
CUST01896,2025-09-08,2025-09-08,1,21.00,22,,cooling,Low,false
CUST01897,2025-08-17,2025-08-19,2,1611.95,42,2,at_risk,Low,true
CUST01898,2025-04-03,2025-09-29,29,23595.99,1,6.4,active,High,false
CUST01899,2025-05-14,2025-07-15,2,1402.00,77,62,lapsed,Low,false
CUST01900,2025-06-04,2025-09-26,5,6427.00,4,28.5,active,High,false
CUST01901,2025-04-01,2025-09-26,2,3475.00,4,178,active,Medium,false
CUST01902,2025-05-03,2025-09-14,6,10567.44,16,26.8,cooling,High,false
CUST01903,2025-09-22,2025-09-29,2,287.00,1,7,active,Low,false
CUST01904,2025-04-11,2025-09-24,19,18710.60,6,9.2,active,High,false
CUST01905,2025-05-30,2025-09-02,2,919.55,28,95,cooling,Low,false
CUST01906,2025-04-13,2025-08-05,4,1489.00,56,38,at_risk,Low,false
CUST01907,2025-04-12,2025-08-16,5,1717.60,45,31.5,at_risk,Low,false
CUST01908,2025-08-19,2025-09-02,2,3290.60,28,14,cooling,Medium,false
CUST01909,2025-07-16,2025-09-06,5,4082.00,24,13,cooling,Medium,false
CUST01910,2025-04-13,2025-09-12,6,5438.40,18,30.4,cooling,High,false
CUST01911,2025-05-15,2025-05-18,2,3158.50,135,3,lapsed,Medium,true
CUST01912,2025-04-04,2025-09-29,14,17609.85,1,13.7,active,High,false
CUST01913,2025-04-04,2025-09-04,5,1854.90,26,38.2,cooling,Low,false
CUST01914,2025-04-02,2025-06-26,4,1502.60,96,28.3,lapsed,Low,true
CUST01915,2025-04-21,2025-07-05,3,5502.90,87,37.5,lapsed,High,true
CUST01916,2025-04-20,2025-09-22,11,5084.00,8,15.5,active,Medium,false
CUST01917,2025-04-10,2025-07-15,3,1459.00,77,48,lapsed,Low,false
CUST01918,,,0,0.00,,,never_ordered,None,false
CUST01919,2025-09-14,2025-09-29,2,599.60,1,15,active,Low,false
CUST01920,2025-05-01,2025-08-21,4,4041.50,40,37.3,at_risk,Medium,false
CUST01921,2025-06-21,2025-09-19,16,12705.50,11,6,active,High,false
CUST01922,2025-04-02,2025-09-09,13,5963.20,21,13.3,cooling,High,false
CUST01923,2025-04-30,2025-09-13,5,1286.80,17,34,cooling,Low,false
CUST01924,,,0,0.00,,,never_ordered,None,false
CUST01925,2025-04-02,2025-05-10,2,794.40,143,38,lapsed,Low,true
CUST01926,2025-04-06,2025-09-15,7,14437.10,15,27,cooling,High,false
CUST01927,2025-09-20,2025-09-26,2,1980.00,4,6,active,Low,false
CUST01928,2025-04-15,2025-09-27,13,19393.00,3,13.8,active,High,false
CUST01929,2025-04-20,2025-08-19,5,5903.00,42,30.2,at_risk,High,false
CUST01930,2025-06-07,2025-07-19,3,1307.00,73,21,lapsed,Low,true
CUST01931,2025-05-19,2025-07-15,3,1027.49,77,28.5,lapsed,Low,true
CUST01932,2025-04-03,2025-09-22,5,6539.00,8,43,active,High,false
CUST01933,2025-04-12,2025-09-30,6,3486.44,0,34.2,active,Medium,false
CUST01934,2025-04-15,2025-09-28,11,9742.75,2,16.6,active,High,false
CUST01935,2025-04-21,2025-09-27,6,6468.00,3,31.8,active,High,false
CUST01936,2025-04-05,2025-09-05,12,13507.70,25,13.9,cooling,High,false
CUST01937,2025-04-11,2025-09-18,15,11416.80,12,11.4,active,High,false
CUST01938,2025-05-31,2025-09-13,5,8716.80,17,26.2,cooling,High,false
CUST01939,2025-06-16,2025-09-05,5,5600.00,25,20.2,cooling,High,false
CUST01940,2025-04-19,2025-09-20,12,19046.36,10,14,active,High,false
CUST01941,2025-06-26,2025-07-31,4,9554.00,61,11.7,lapsed,High,true
CUST01942,2025-05-12,2025-08-13,3,4167.14,48,46.5,at_risk,Medium,false
CUST01943,2025-08-23,2025-08-29,3,1652.00,32,3,at_risk,Low,true
CUST01944,2025-04-03,2025-08-08,4,2678.00,53,42.3,at_risk,Medium,false
CUST01945,2025-04-03,2025-09-26,4,1434.22,4,58.7,active,Low,false
CUST01946,2025-04-07,2025-07-17,5,2662.00,75,25.2,lapsed,Medium,true
CUST01947,2025-05-13,2025-09-30,5,2999.40,0,35,active,Medium,false
CUST01948,2025-04-07,2025-05-08,3,2630.40,145,15.5,lapsed,Medium,true
CUST01949,2025-04-27,2025-09-01,3,1494.00,29,63.5,cooling,Low,false
CUST01950,2025-08-15,2025-08-15,1,456.00,46,,at_risk,Low,false
CUST01951,2025-06-14,2025-06-14,1,1905.40,108,,lapsed,Low,false
CUST01952,2025-08-03,2025-08-03,2,1350.00,58,0,at_risk,Low,true
CUST01953,2025-06-25,2025-09-23,5,3571.75,7,22.5,active,Medium,false
CUST01954,2025-05-10,2025-09-21,6,1786.20,9,26.8,active,Low,false
CUST01955,2025-09-15,2025-09-15,1,582.40,15,,cooling,Low,false
CUST01956,2025-04-15,2025-09-23,14,7663.80,7,12.4,active,High,false
CUST01957,2025-05-11,2025-05-17,2,4744.10,136,6,lapsed,Medium,true
CUST01958,2025-08-10,2025-08-10,1,126.00,51,,at_risk,Low,false
CUST01959,,,0,0.00,,,never_ordered,None,false
CUST01960,2025-04-10,2025-08-26,4,1244.00,35,46,at_risk,Low,false
CUST01961,2025-04-08,2025-09-12,5,7085.00,18,39.2,cooling,High,false
CUST01962,2025-04-14,2025-09-23,10,6881.35,7,18,active,High,false
CUST01963,2025-04-13,2025-09-08,6,8097.40,22,29.6,cooling,High,false
CUST01964,2025-04-12,2025-08-29,5,1637.00,32,34.8,at_risk,Low,false
CUST01965,2025-04-01,2025-09-17,13,9879.30,13,14.1,active,High,false
CUST01966,2025-04-04,2025-09-24,9,6447.68,6,21.6,active,High,false
CUST01967,2025-04-11,2025-08-03,5,2721.40,58,28.5,at_risk,Medium,true
CUST01968,2025-04-27,2025-09-19,2,3311.00,11,145,active,Medium,false
CUST01969,2025-04-08,2025-08-27,9,3794.41,34,17.6,at_risk,Medium,false
CUST01970,2025-06-20,2025-09-28,6,4143.00,2,20,active,Medium,false
CUST01971,2025-04-06,2025-09-25,9,5167.00,5,21.5,active,Medium,false
CUST01972,2025-07-09,2025-09-25,2,1082.00,5,78,active,Low,false
CUST01973,2025-04-01,2025-09-27,24,30342.45,3,7.8,active,High,false
CUST01974,2025-04-06,2025-09-23,8,2334.00,7,24.3,active,Medium,false
CUST01975,2025-06-04,2025-08-13,4,3143.00,48,23.3,at_risk,Medium,true
CUST01976,2025-05-01,2025-09-11,6,5301.70,19,26.6,cooling,Medium,false
CUST01977,2025-09-15,2025-09-15,1,1074.30,15,,cooling,Low,false
CUST01978,2025-04-16,2025-09-24,13,21206.00,6,13.4,active,High,false
CUST01979,2025-04-09,2025-09-16,17,8115.10,14,10,active,High,false
CUST01980,2025-04-02,2025-09-20,2,247.00,10,171,active,Low,false
CUST01981,2025-05-08,2025-06-10,2,1204.00,112,33,lapsed,Low,true
CUST01982,2025-04-26,2025-08-13,4,2839.00,48,36.3,at_risk,Medium,false
CUST01983,,,0,0.00,,,never_ordered,None,false
CUST01984,2025-06-16,2025-06-16,1,56.20,106,,lapsed,Low,false
CUST01985,2025-06-01,2025-09-18,6,12050.10,12,21.8,active,High,false
CUST01986,2025-06-06,2025-09-24,8,6236.00,6,15.7,active,High,false
CUST01987,2025-04-09,2025-09-15,5,5229.00,15,39.8,cooling,Medium,false
CUST01988,2025-09-23,2025-09-23,1,998.00,7,,active,Low,false
CUST01989,,,0,0.00,,,never_ordered,None,false
CUST01990,2025-04-10,2025-08-10,3,2525.20,51,61,at_risk,Medium,false
CUST01991,2025-09-13,2025-09-13,1,386.00,17,,cooling,Low,false
CUST01992,2025-05-16,2025-08-06,6,6483.00,55,16.4,at_risk,High,true
CUST01993,2025-05-16,2025-09-19,4,4245.60,11,42,active,Medium,false
CUST01994,,,0,0.00,,,never_ordered,None,false
CUST01995,2025-05-08,2025-08-18,3,3878.50,43,51,at_risk,Medium,false
CUST01996,2025-04-03,2025-09-16,18,22754.06,14,9.8,active,High,false
CUST01997,2025-04-24,2025-08-09,4,4791.63,52,35.7,at_risk,Medium,false
CUST01998,2025-04-16,2025-05-07,2,4143.40,146,21,lapsed,Medium,true
CUST01999,2025-05-31,2025-09-20,3,5531.00,10,56,active,High,false
CUST02000,2025-04-01,2025-09-25,34,26828.32,5,5.4,active,High,false
CUST02001,2025-05-30,2025-09-08,2,1508.00,22,101,cooling,Low,false
CUST02002,2025-04-04,2025-06-30,5,6427.00,92,21.8,lapsed,High,true
CUST02003,2025-04-18,2025-09-20,3,4710.20,10,77.5,active,Medium,false
CUST02004,2025-04-14,2025-09-27,6,4863.65,3,33.2,active,Medium,false
CUST02005,,,0,0.00,,,never_ordered,None,false
CUST02006,2025-05-20,2025-09-28,8,4546.50,2,18.7,active,Medium,false
CUST02007,2025-07-09,2025-08-12,2,730.00,49,34,at_risk,Low,false
CUST02008,2025-04-10,2025-09-19,5,2802.00,11,40.5,active,Medium,false
CUST02009,2025-06-04,2025-09-15,4,3270.50,15,34.3,cooling,Medium,false
CUST02010,,,0,0.00,,,never_ordered,None,false
CUST02011,2025-04-03,2025-09-04,10,19952.65,26,17.1,cooling,High,false
CUST02012,2025-05-06,2025-09-24,12,6929.00,6,12.8,active,High,false
CUST02013,2025-04-14,2025-08-31,8,6518.85,30,19.9,cooling,High,false
CUST02014,2025-04-10,2025-06-17,5,9495.00,105,17,lapsed,High,true
CUST02015,2025-05-30,2025-09-27,5,3222.00,3,30,active,Medium,false
CUST02016,2025-04-04,2025-09-14,9,6455.50,16,20.4,cooling,High,false
CUST02017,2025-05-29,2025-07-26,2,736.20,66,58,lapsed,Low,false
CUST02018,2025-06-25,2025-08-29,4,1381.00,32,21.7,at_risk,Low,false
CUST02019,,,0,0.00,,,never_ordered,None,false
CUST02020,2025-04-01,2025-09-15,8,2543.20,15,23.9,cooling,Medium,false
CUST02021,,,0,0.00,,,never_ordered,None,false
CUST02022,,,0,0.00,,,never_ordered,None,false
CUST02023,2025-05-30,2025-09-25,8,9364.30,5,16.9,active,High,false
CUST02024,2025-05-03,2025-09-28,3,3269.00,2,74,active,Medium,false
CUST02025,2025-04-02,2025-09-19,17,11890.60,11,10.6,active,High,false
CUST02026,2025-08-04,2025-08-06,2,1836.00,55,2,at_risk,Low,true
CUST02027,2025-04-07,2025-09-27,8,3169.20,3,24.7,active,Medium,false
CUST02028,2025-04-12,2025-09-06,26,17005.55,24,5.9,cooling,High,true
CUST02029,2025-07-04,2025-07-04,1,98.00,88,,lapsed,Low,false
CUST02030,,,0,0.00,,,never_ordered,None,false
CUST02031,2025-04-12,2025-09-26,9,4633.15,4,20.9,active,Medium,false
CUST02032,2025-04-15,2025-09-17,3,2118.00,13,77.5,active,Medium,false
CUST02033,2025-04-23,2025-09-24,9,5220.80,6,19.2,active,Medium,false
CUST02034,,,0,0.00,,,never_ordered,None,false
CUST02035,2025-04-08,2025-09-18,6,5438.10,12,32.6,active,High,false
CUST02036,2025-08-25,2025-09-29,5,2666.00,1,8.8,active,Medium,false
CUST02037,2025-07-26,2025-08-31,2,291.50,30,36,cooling,Low,false
CUST02038,2025-04-05,2025-09-20,7,7190.41,10,28,active,High,false
CUST02039,2025-05-02,2025-09-13,10,4593.80,17,14.9,cooling,Medium,false
CUST02040,2025-09-21,2025-09-21,1,2331.00,9,,active,Medium,false
CUST02041,2025-09-06,2025-09-22,2,2967.00,8,16,active,Medium,false
CUST02042,2025-04-13,2025-09-13,3,5836.00,17,76.5,cooling,High,false
CUST02043,2025-04-03,2025-08-20,4,1481.00,41,46.3,at_risk,Low,false
CUST02044,2025-06-17,2025-07-12,2,2022.80,80,25,lapsed,Low,true
CUST02045,2025-05-01,2025-08-11,4,3070.00,50,34,at_risk,Medium,false
CUST02046,2025-05-22,2025-09-16,2,358.30,14,117,active,Low,false
CUST02047,2025-05-14,2025-07-28,3,3309.80,64,37.5,lapsed,Medium,false
CUST02048,2025-04-01,2025-08-23,5,4018.00,38,36,at_risk,Medium,false
CUST02049,2025-05-15,2025-09-18,6,6255.00,12,25.2,active,High,false
CUST02050,2025-04-17,2025-09-17,9,4205.90,13,19.1,active,Medium,false
CUST02051,2025-05-20,2025-07-15,3,3871.00,77,28,lapsed,Medium,true
CUST02052,2025-04-04,2025-09-24,12,12331.50,6,15.7,active,High,false
CUST02053,2025-08-24,2025-08-24,1,634.00,37,,at_risk,Low,false
CUST02054,2025-08-11,2025-08-26,2,2359.40,35,15,at_risk,Medium,true
CUST02055,2025-04-22,2025-09-18,5,3315.00,12,37.2,active,Medium,false
CUST02056,2025-04-05,2025-09-16,7,3819.45,14,27.3,active,Medium,false
CUST02057,2025-04-28,2025-08-17,8,5957.00,44,15.9,at_risk,High,true
CUST02058,2025-04-06,2025-09-27,15,10997.30,3,12.4,active,High,false
CUST02059,2025-07-22,2025-09-26,5,3966.00,4,16.5,active,Medium,false
CUST02060,2025-04-06,2025-09-29,35,29960.45,1,5.2,active,High,false
CUST02061,2025-05-02,2025-07-24,5,1761.75,68,20.8,lapsed,Low,true
CUST02062,2025-04-07,2025-09-08,5,2647.00,22,38.5,cooling,Medium,false
CUST02063,2025-04-27,2025-04-27,1,1903.00,156,,lapsed,Low,false
CUST02064,2025-04-10,2025-09-29,11,3898.00,1,17.2,active,Medium,false
CUST02065,2025-05-19,2025-09-03,4,3165.00,27,35.7,cooling,Medium,false
CUST02066,2025-04-05,2025-09-01,3,7604.00,29,74.5,cooling,High,false
CUST02067,2025-05-23,2025-08-08,4,9298.25,53,25.7,at_risk,High,true
CUST02068,2025-04-16,2025-09-13,11,19458.90,17,15,cooling,High,false
CUST02069,2025-04-16,2025-09-22,3,5549.00,8,79.5,active,High,false
CUST02070,2025-04-08,2025-09-20,11,8876.46,10,16.5,active,High,false
CUST02071,2025-07-05,2025-08-20,2,1808.50,41,46,at_risk,Low,false
CUST02072,2025-06-21,2025-09-30,11,13909.00,0,10.1,active,High,false
CUST02073,2025-04-30,2025-07-12,2,2667.00,80,73,lapsed,Medium,false
CUST02074,2025-05-09,2025-07-10,6,3116.00,82,12.4,lapsed,Medium,true
CUST02075,2025-05-04,2025-07-20,6,2742.35,72,15.4,lapsed,Medium,true
CUST02076,2025-08-25,2025-09-15,3,1079.75,15,10.5,cooling,Low,false
CUST02077,2025-04-09,2025-07-14,5,1603.60,78,24,lapsed,Low,true
CUST02078,,,0,0.00,,,never_ordered,None,false
CUST02079,2025-07-01,2025-09-20,5,5007.50,10,20.2,active,Medium,false
CUST02080,2025-08-18,2025-09-25,2,1741.00,5,38,active,Low,false
CUST02081,2025-07-10,2025-07-10,1,1572.75,82,,lapsed,Low,false
CUST02082,2025-09-24,2025-09-24,1,799.00,6,,active,Low,false
CUST02083,2025-04-17,2025-08-28,5,864.40,33,33.2,at_risk,Low,false
CUST02084,2025-05-08,2025-09-07,3,1469.70,23,61,cooling,Low,false
CUST02085,2025-04-22,2025-06-28,2,1945.00,94,67,lapsed,Low,false
CUST02086,2025-04-20,2025-09-14,5,3581.60,16,36.8,cooling,Medium,false
CUST02087,2025-04-27,2025-09-16,5,12042.20,14,35.5,active,High,false
CUST02088,2025-04-26,2025-09-28,8,4080.70,2,22.1,active,Medium,false
CUST02089,2025-04-17,2025-09-28,18,10861.82,2,9.6,active,High,false
CUST02090,2025-07-26,2025-08-09,3,5419.40,52,7,at_risk,High,true
CUST02091,2025-04-22,2025-08-21,3,1913.75,40,60.5,at_risk,Low,false
CUST02092,2025-04-17,2025-07-18,4,834.00,74,30.7,lapsed,Low,true
CUST02093,2025-04-17,2025-04-17,1,7754.00,166,,lapsed,High,false
CUST02094,2025-04-12,2025-08-01,3,2675.00,60,55.5,at_risk,Medium,false
CUST02095,2025-04-11,2025-08-08,9,10528.00,53,14.9,at_risk,High,true
CUST02096,2025-08-24,2025-09-23,2,2435.00,7,30,active,Medium,false
CUST02097,2025-05-15,2025-06-27,4,4873.45,95,14.3,lapsed,Medium,true
CUST02098,2025-05-18,2025-09-21,9,4132.90,9,15.8,active,Medium,false
CUST02099,2025-04-22,2025-09-21,4,5907.20,9,50.7,active,High,false
CUST02100,2025-05-18,2025-05-18,1,1199.00,135,,lapsed,Low,false
CUST02101,2025-07-05,2025-07-05,1,872.50,87,,lapsed,Low,false
CUST02102,2025-07-06,2025-08-23,4,3159.90,38,16,at_risk,Medium,true
CUST02103,2025-09-30,2025-09-30,1,1254.00,0,,active,Low,false
CUST02104,2025-04-05,2025-08-15,6,5093.49,46,26.4,at_risk,Medium,false
CUST02105,2025-04-11,2025-06-02,3,2733.00,120,26,lapsed,Medium,true
CUST02106,2025-06-28,2025-07-17,3,4070.00,75,9.5,lapsed,Medium,true
CUST02107,2025-04-11,2025-08-28,8,3196.10,33,19.9,at_risk,Medium,false
CUST02108,2025-05-04,2025-06-02,2,396.00,120,29,lapsed,Low,true
CUST02109,2025-08-18,2025-08-21,3,1696.21,40,1.5,at_risk,Low,true
CUST02110,2025-04-15,2025-04-15,1,964.00,168,,lapsed,Low,false
CUST02111,2025-06-12,2025-06-12,1,348.00,110,,lapsed,Low,false
CUST02112,2025-04-03,2025-09-06,10,11375.65,24,17.3,cooling,High,false
CUST02113,2025-04-04,2025-09-24,23,16822.20,6,7.9,active,High,false
CUST02114,2025-06-19,2025-08-01,3,3811.50,60,21.5,at_risk,Medium,true
CUST02115,2025-04-09,2025-08-07,6,6870.55,54,24,at_risk,High,true
CUST02116,2025-08-24,2025-08-24,1,306.00,37,,at_risk,Low,false
CUST02117,,,0,0.00,,,never_ordered,None,false
CUST02118,2025-04-14,2025-09-09,5,2510.30,21,37,cooling,Medium,false
CUST02119,2025-07-22,2025-08-22,3,5267.85,39,15.5,at_risk,Medium,true
CUST02120,2025-05-23,2025-08-22,6,5220.00,39,18.2,at_risk,Medium,true
CUST02121,2025-07-12,2025-07-29,3,1271.00,63,8.5,lapsed,Low,true
CUST02122,2025-05-29,2025-09-02,7,4770.50,28,16,cooling,Medium,false
CUST02123,2025-04-06,2025-08-31,6,2806.00,30,29.4,cooling,Medium,false
CUST02124,2025-05-01,2025-09-24,2,3012.00,6,146,active,Medium,false
CUST02125,2025-08-12,2025-09-27,9,5711.00,3,5.8,active,High,false
CUST02126,2025-04-08,2025-09-16,21,11212.50,14,8,active,High,false
CUST02127,2025-05-04,2025-05-10,2,1705.55,143,6,lapsed,Low,true
CUST02128,2025-05-16,2025-08-31,5,2389.00,30,26.8,cooling,Medium,false
CUST02129,2025-04-19,2025-09-21,12,17547.20,9,14.1,active,High,false
CUST02130,2025-05-01,2025-08-31,5,15348.75,30,30.5,cooling,High,false
CUST02131,2025-04-23,2025-09-29,8,2859.65,1,22.7,active,Medium,false
CUST02132,2025-05-16,2025-09-25,5,9985.10,5,33,active,High,false
CUST02133,2025-05-08,2025-06-25,3,1309.40,97,24,lapsed,Low,true
CUST02134,2025-09-13,2025-09-13,1,1012.00,17,,cooling,Low,false
CUST02135,2025-04-24,2025-07-10,4,492.80,82,25.7,lapsed,Low,true
CUST02136,2025-04-09,2025-09-18,11,8602.20,12,16.2,active,High,false
CUST02137,2025-05-18,2025-09-05,3,4936.00,25,55,cooling,Medium,false
CUST02138,2025-04-07,2025-06-19,3,2335.00,103,36.5,lapsed,Medium,true
CUST02139,2025-05-15,2025-05-15,1,737.05,138,,lapsed,Low,false
CUST02140,,,0,0.00,,,never_ordered,None,false
CUST02141,2025-05-15,2025-08-07,2,576.00,54,84,at_risk,Low,false
CUST02142,2025-04-17,2025-09-28,6,4581.00,2,32.8,active,Medium,false
CUST02143,2025-07-03,2025-09-13,3,4009.90,17,36,cooling,Medium,false
CUST02144,2025-05-18,2025-08-29,3,5908.60,32,51.5,at_risk,High,false
CUST02145,,,0,0.00,,,never_ordered,None,false
CUST02146,2025-05-19,2025-05-19,1,1073.00,134,,lapsed,Low,false
CUST02147,2025-09-03,2025-09-25,3,758.00,5,11,active,Low,false
CUST02148,2025-04-01,2025-09-17,19,5864.55,13,9.4,active,High,false
CUST02149,2025-04-13,2025-04-13,1,183.00,170,,lapsed,Low,false
CUST02150,2025-06-03,2025-08-30,7,3824.45,31,14.7,at_risk,Medium,true
CUST02151,2025-04-04,2025-09-04,10,12636.30,26,17,cooling,High,false
CUST02152,2025-09-02,2025-09-19,3,2226.00,11,8.5,active,Medium,false
CUST02153,,,0,0.00,,,never_ordered,None,false
CUST02154,2025-04-07,2025-08-13,6,1700.00,48,25.6,at_risk,Low,false
CUST02155,2025-07-02,2025-07-02,1,182.10,90,,lapsed,Low,false
CUST02156,2025-04-20,2025-09-20,6,4675.00,10,30.6,active,Medium,false
CUST02157,2025-09-09,2025-09-25,4,2355.00,5,5.3,active,Medium,false
CUST02158,2025-04-19,2025-09-27,4,8819.50,3,53.7,active,High,false
CUST02159,2025-06-16,2025-09-01,2,2166.00,29,77,cooling,Medium,false
CUST02160,2025-09-28,2025-09-29,2,554.00,1,1,active,Low,false
CUST02161,,,0,0.00,,,never_ordered,None,false
CUST02162,2025-05-26,2025-09-21,5,3969.00,9,29.5,active,Medium,false
CUST02163,2025-04-07,2025-09-27,9,3614.25,3,21.6,active,Medium,false
CUST02164,2025-05-07,2025-09-11,3,6464.25,19,63.5,cooling,High,false
CUST02165,,,0,0.00,,,never_ordered,None,false
CUST02166,2025-07-21,2025-09-16,2,4179.60,14,57,active,Medium,false
CUST02167,2025-04-28,2025-08-02,2,1860.05,59,96,at_risk,Low,false
CUST02168,2025-06-01,2025-08-14,4,2107.15,47,24.7,at_risk,Medium,false
CUST02169,2025-07-07,2025-09-01,3,3968.00,29,28,cooling,Medium,false
CUST02170,,,0,0.00,,,never_ordered,None,false
CUST02171,2025-04-24,2025-07-28,4,8527.50,64,31.7,lapsed,High,true
CUST02172,2025-04-22,2025-07-20,3,1897.90,72,44.5,lapsed,Low,false
CUST02173,2025-05-31,2025-06-27,3,1732.80,95,13.5,lapsed,Low,true
CUST02174,2025-04-25,2025-08-27,8,2815.65,34,17.7,at_risk,Medium,false
CUST02175,2025-04-05,2025-09-25,8,5311.40,5,24.7,active,Medium,false
CUST02176,2025-08-28,2025-09-21,2,904.00,9,24,active,Low,false
CUST02177,2025-08-26,2025-08-26,1,509.00,35,,at_risk,Low,false
CUST02178,2025-04-21,2025-07-18,4,7901.00,74,29.3,lapsed,High,true
CUST02179,2025-09-09,2025-09-09,1,980.00,21,,cooling,Low,false
CUST02180,2025-05-21,2025-09-22,9,2564.50,8,15.5,active,Medium,false
CUST02181,2025-04-14,2025-09-22,14,14768.16,8,12.4,active,High,false
CUST02182,2025-05-08,2025-07-10,6,3211.60,82,12.6,lapsed,Medium,true
CUST02183,2025-04-27,2025-09-28,9,12037.95,2,19.2,active,High,false
CUST02184,2025-06-07,2025-07-09,2,4203.00,83,32,lapsed,Medium,true
CUST02185,2025-04-30,2025-09-28,9,6297.65,2,18.9,active,High,false
CUST02186,2025-07-07,2025-07-07,1,105.50,85,,lapsed,Low,false
CUST02187,2025-04-02,2025-09-06,6,4101.65,24,31.4,cooling,Medium,false
CUST02188,,,0,0.00,,,never_ordered,None,false
CUST02189,2025-05-17,2025-08-16,6,6648.70,45,18.2,at_risk,High,true
CUST02190,2025-06-02,2025-07-04,4,1375.00,88,10.7,lapsed,Low,true
CUST02191,,,0,0.00,,,never_ordered,None,false
CUST02192,2025-04-07,2025-09-20,9,5157.80,10,20.8,active,Medium,false
CUST02193,2025-04-18,2025-08-16,6,2396.15,45,24,at_risk,Medium,false
CUST02194,2025-06-27,2025-09-13,5,1315.65,17,19.5,cooling,Low,false
CUST02195,2025-05-09,2025-08-26,9,3740.00,35,13.6,at_risk,Medium,true
CUST02196,2025-04-28,2025-09-04,4,5036.00,26,43,cooling,Medium,false
CUST02197,,,0,0.00,,,never_ordered,None,false
CUST02198,2025-07-18,2025-09-13,2,4100.00,17,57,cooling,Medium,false
CUST02199,2025-07-05,2025-09-01,5,2675.20,29,14.5,cooling,Medium,false
CUST02200,2025-04-01,2025-07-25,6,6242.75,67,23,lapsed,High,true
CUST02201,2025-09-11,2025-09-11,1,1663.00,19,,cooling,Low,false
CUST02202,2025-08-26,2025-08-27,2,2579.40,34,1,at_risk,Medium,true
CUST02203,2025-07-04,2025-09-25,2,670.00,5,83,active,Low,false
CUST02204,2025-09-16,2025-09-16,1,573.20,14,,active,Low,false
CUST02205,2025-04-06,2025-09-27,8,2373.30,3,24.9,active,Medium,false
CUST02206,2025-06-07,2025-09-21,8,4126.89,9,15.1,active,Medium,false
CUST02207,2025-04-06,2025-04-06,1,901.00,177,,lapsed,Low,false
CUST02208,2025-04-08,2025-09-03,6,4148.50,27,29.6,cooling,Medium,false
CUST02209,2025-05-16,2025-05-16,1,691.00,137,,lapsed,Low,false
CUST02210,2025-04-12,2025-06-26,3,861.60,96,37.5,lapsed,Low,true
CUST02211,2025-05-09,2025-05-09,1,1098.00,144,,lapsed,Low,false
CUST02212,2025-04-06,2025-09-24,13,9337.80,6,14.2,active,High,false
CUST02213,2025-04-04,2025-08-29,5,5524.75,32,36.8,at_risk,High,false
CUST02214,2025-04-28,2025-08-28,8,4684.80,33,17.4,at_risk,Medium,false
CUST02215,2025-05-08,2025-09-12,5,871.00,18,31.8,cooling,Low,false
CUST02216,2025-04-09,2025-09-29,12,12588.00,1,15.7,active,High,false
CUST02217,2025-04-02,2025-06-21,4,4096.60,101,26.7,lapsed,Medium,true
CUST02218,2025-09-11,2025-09-11,1,251.00,19,,cooling,Low,false
CUST02219,2025-05-25,2025-09-18,4,1516.00,12,38.7,active,Low,false
CUST02220,2025-04-20,2025-09-20,7,13714.50,10,25.5,active,High,false
CUST02221,2025-04-27,2025-09-10,9,6404.00,20,17,cooling,High,false
CUST02222,2025-08-28,2025-08-28,1,315.00,33,,at_risk,Low,false
CUST02223,2025-05-08,2025-08-03,4,2563.65,58,29,at_risk,Medium,false
CUST02224,2025-04-11,2025-09-25,18,11661.50,5,9.8,active,High,false
CUST02225,2025-08-20,2025-09-14,3,2149.00,16,12.5,cooling,Medium,false
CUST02226,2025-04-05,2025-09-10,5,1497.00,20,39.5,cooling,Low,false
CUST02227,2025-08-28,2025-09-12,2,2673.00,18,15,cooling,Medium,false
CUST02228,2025-07-06,2025-07-06,1,161.80,86,,lapsed,Low,false
CUST02229,2025-08-15,2025-09-30,7,5798.80,0,7.7,active,High,false
CUST02230,,,0,0.00,,,never_ordered,None,false
CUST02231,2025-06-10,2025-06-20,4,2297.00,102,3.3,lapsed,Medium,true
CUST02232,2025-07-17,2025-08-30,5,3084.40,31,11,at_risk,Medium,true
CUST02233,2025-04-25,2025-08-30,7,14501.65,31,21.2,at_risk,High,false
CUST02234,2025-04-12,2025-09-22,6,15205.40,8,32.6,active,High,false
CUST02235,2025-04-04,2025-09-03,7,2365.05,27,25.3,cooling,Medium,false
CUST02236,2025-06-10,2025-08-21,5,3925.00,40,18,at_risk,Medium,true
CUST02237,2025-08-18,2025-08-18,1,201.00,43,,at_risk,Low,false
CUST02238,2025-04-10,2025-08-30,10,17526.00,31,15.8,at_risk,High,false
CUST02239,2025-04-09,2025-09-16,9,3382.80,14,20,active,Medium,false
CUST02240,2025-06-01,2025-08-02,5,6555.00,59,15.5,at_risk,High,true
CUST02241,2025-04-01,2025-08-24,5,2050.60,37,36.2,at_risk,Medium,false
CUST02242,2025-05-09,2025-09-28,5,3230.00,2,35.5,active,Medium,false
CUST02243,2025-04-20,2025-09-11,9,13487.10,19,18,cooling,High,false
CUST02244,2025-05-30,2025-05-30,1,710.00,123,,lapsed,Low,false
CUST02245,2025-07-12,2025-07-16,2,2413.00,76,4,lapsed,Medium,true
CUST02246,2025-06-28,2025-09-30,4,1246.20,0,31.3,active,Low,false
CUST02247,2025-04-30,2025-08-16,2,2559.50,45,108,at_risk,Medium,false
CUST02248,,,0,0.00,,,never_ordered,None,false
CUST02249,2025-07-25,2025-07-25,1,83.30,67,,lapsed,Low,false
CUST02250,2025-05-29,2025-05-29,1,133.20,124,,lapsed,Low,false
CUST02251,2025-05-11,2025-09-26,8,8901.00,4,19.7,active,High,false
CUST02252,2025-04-02,2025-09-17,9,7812.20,13,21,active,High,false
CUST02253,2025-04-18,2025-09-15,4,1694.00,15,50,cooling,Low,false
CUST02254,,,0,0.00,,,never_ordered,None,false
CUST02255,2025-04-24,2025-04-24,1,851.00,159,,lapsed,Low,false
CUST02256,2025-04-11,2025-09-26,11,6031.90,4,16.8,active,High,false
CUST02257,2025-05-22,2025-08-14,5,4059.20,47,21,at_risk,Medium,true
CUST02258,2025-05-23,2025-09-04,5,3311.20,26,26,cooling,Medium,false
CUST02259,2025-05-13,2025-09-28,3,4385.00,2,69,active,Medium,false
CUST02260,2025-04-23,2025-08-23,5,4107.00,38,30.5,at_risk,Medium,false
CUST02261,2025-05-19,2025-05-19,1,1392.00,134,,lapsed,Low,false
CUST02262,,,0,0.00,,,never_ordered,None,false
CUST02263,2025-05-13,2025-09-01,3,1697.00,29,55.5,cooling,Low,false
CUST02264,2025-06-09,2025-09-19,9,6157.00,11,12.8,active,High,false
CUST02265,2025-06-20,2025-09-11,2,574.00,19,83,cooling,Low,false
CUST02266,2025-05-08,2025-08-08,4,1125.00,53,30.7,at_risk,Low,false
CUST02267,2025-04-02,2025-09-19,6,3234.75,11,34,active,Medium,false
CUST02268,2025-07-08,2025-09-23,4,1837.20,7,25.7,active,Low,false
CUST02269,2025-04-05,2025-07-17,4,5569.00,75,34.3,lapsed,High,true
CUST02270,2025-04-15,2025-09-29,13,12535.56,1,13.9,active,High,false
CUST02271,2025-04-03,2025-09-15,35,33736.30,15,4.9,cooling,High,true
CUST02272,2025-06-05,2025-08-19,3,1745.00,42,37.5,at_risk,Low,false
CUST02273,2025-07-27,2025-09-20,3,1607.65,10,27.5,active,Low,false
CUST02274,2025-04-05,2025-09-20,11,17777.05,10,16.8,active,High,false
CUST02275,,,0,0.00,,,never_ordered,None,false
CUST02276,2025-05-29,2025-09-16,6,956.30,14,22,active,Low,false
CUST02277,2025-04-07,2025-09-28,21,13501.15,2,8.7,active,High,false
CUST02278,2025-06-14,2025-08-30,2,3433.00,31,77,at_risk,Medium,false
CUST02279,2025-04-05,2025-09-13,15,12358.15,17,11.5,cooling,High,false
CUST02280,2025-09-16,2025-09-16,1,989.00,14,,active,Low,false
CUST02281,2025-04-24,2025-09-04,4,1771.80,26,44.3,cooling,Low,false
CUST02282,2025-04-16,2025-08-25,8,11521.00,36,18.7,at_risk,High,false
CUST02283,2025-05-18,2025-09-04,5,11065.00,26,27.2,cooling,High,false
CUST02284,2025-04-20,2025-09-18,10,4698.50,12,16.8,active,Medium,false
CUST02285,2025-05-10,2025-09-20,2,1083.20,10,133,active,Low,false
CUST02286,2025-05-27,2025-09-28,10,18134.70,2,13.8,active,High,false
CUST02287,2025-04-16,2025-08-26,13,6884.22,35,11,at_risk,High,true
CUST02288,2025-04-09,2025-09-08,7,3795.40,22,25.3,cooling,Medium,false
CUST02289,2025-05-15,2025-09-04,6,13731.30,26,22.4,cooling,High,false
CUST02290,2025-04-05,2025-09-26,9,5402.50,4,21.8,active,High,false
CUST02291,2025-05-25,2025-05-25,1,605.00,128,,lapsed,Low,false
CUST02292,,,0,0.00,,,never_ordered,None,false
CUST02293,2025-05-11,2025-09-13,5,9073.20,17,31.2,cooling,High,false
CUST02294,2025-04-11,2025-04-11,1,2215.00,172,,lapsed,Medium,false
CUST02295,,,0,0.00,,,never_ordered,None,false
CUST02296,2025-04-26,2025-09-26,9,9268.35,4,19.1,active,High,false
CUST02297,2025-04-13,2025-08-28,7,4371.10,33,22.8,at_risk,Medium,false
CUST02298,2025-04-08,2025-08-30,8,15285.45,31,20.6,at_risk,High,false
CUST02299,2025-04-06,2025-07-28,4,4476.20,64,37.7,lapsed,Medium,false
CUST02300,2025-04-04,2025-09-04,14,28333.40,26,11.8,cooling,High,true
CUST02301,2025-07-05,2025-09-09,5,1491.00,21,16.5,cooling,Low,false
CUST02302,2025-04-13,2025-06-14,2,1518.00,108,62,lapsed,Low,false
CUST02303,2025-07-13,2025-07-29,3,1501.30,63,8,lapsed,Low,true
CUST02304,2025-04-16,2025-09-13,6,3872.00,17,30,cooling,Medium,false
CUST02305,2025-04-09,2025-09-29,3,420.27,1,86.5,active,Low,false
CUST02306,,,0,0.00,,,never_ordered,None,false
CUST02307,2025-05-30,2025-09-14,4,1838.05,16,35.7,cooling,Low,false
CUST02308,2025-05-16,2025-06-07,3,4589.25,115,11,lapsed,Medium,true
CUST02309,2025-08-17,2025-09-26,3,6965.00,4,20,active,High,false
CUST02310,2025-09-20,2025-09-20,1,1037.00,10,,active,Low,false
CUST02311,2025-09-29,2025-09-29,1,42.00,1,,active,Low,false
CUST02312,2025-09-29,2025-09-29,1,1084.00,1,,active,Low,false
CUST02313,2025-06-28,2025-06-28,1,143.20,94,,lapsed,Low,false
CUST02314,2025-06-09,2025-09-18,8,6674.30,12,14.4,active,High,false
CUST02315,,,0,0.00,,,never_ordered,None,false
CUST02316,2025-04-04,2025-04-24,2,2363.00,159,20,lapsed,Medium,true
CUST02317,2025-04-08,2025-09-27,20,12885.30,3,9.1,active,High,false
CUST02318,2025-09-10,2025-09-24,2,451.00,6,14,active,Low,false
CUST02319,2025-09-01,2025-09-01,1,3523.00,29,,cooling,Medium,false
CUST02320,2025-04-08,2025-09-28,21,33061.00,2,8.6,active,High,false
CUST02321,2025-04-07,2025-08-03,3,2337.00,58,59,at_risk,Medium,false
CUST02322,2025-04-27,2025-04-27,1,507.00,156,,lapsed,Low,false
CUST02323,2025-07-31,2025-07-31,1,1794.00,61,,lapsed,Low,false
CUST02324,2025-07-13,2025-07-13,1,224.00,79,,lapsed,Low,false
CUST02325,2025-05-04,2025-06-07,3,4394.00,115,17,lapsed,Medium,true
CUST02326,,,0,0.00,,,never_ordered,None,false
CUST02327,2025-04-09,2025-09-28,11,3823.00,2,17.2,active,Medium,false
CUST02328,2025-07-18,2025-07-18,1,273.00,74,,lapsed,Low,false
CUST02329,2025-06-03,2025-08-19,3,2669.00,42,38.5,at_risk,Medium,false
CUST02330,,,0,0.00,,,never_ordered,None,false
CUST02331,2025-04-12,2025-08-03,6,2645.15,58,22.6,at_risk,Medium,true
CUST02332,2025-04-10,2025-07-08,5,5251.00,84,22.2,lapsed,Medium,true
CUST02333,2025-06-25,2025-06-25,1,88.00,97,,lapsed,Low,false
CUST02334,2025-04-01,2025-07-19,4,2175.40,73,36.3,lapsed,Medium,true
CUST02335,2025-05-14,2025-08-22,5,7994.30,39,25,at_risk,High,false
CUST02336,2025-04-04,2025-09-27,5,10967.00,3,44,active,High,false
CUST02337,2025-04-14,2025-09-29,15,11647.55,1,12,active,High,false
CUST02338,2025-04-05,2025-08-11,6,8380.40,50,25.6,at_risk,High,false
CUST02339,2025-05-09,2025-07-29,6,8413.45,63,16.2,lapsed,High,true
CUST02340,2025-09-08,2025-09-08,1,338.00,22,,cooling,Low,false
CUST02341,2025-04-06,2025-09-09,6,5889.20,21,31.2,cooling,High,false
CUST02342,2025-04-01,2025-06-03,6,6295.20,119,12.6,lapsed,High,true
CUST02343,2025-06-23,2025-09-26,7,4511.00,4,15.8,active,Medium,false
CUST02344,2025-05-09,2025-05-26,2,123.80,127,17,lapsed,Low,true
CUST02345,2025-04-02,2025-09-16,10,8556.00,14,18.6,active,High,false
CUST02346,2025-06-30,2025-09-04,2,368.00,26,66,cooling,Low,false
CUST02347,2025-06-27,2025-07-20,2,2617.00,72,23,lapsed,Medium,true
CUST02348,2025-04-02,2025-09-05,16,14435.76,25,10.4,cooling,High,true
CUST02349,2025-08-11,2025-08-11,1,196.00,50,,at_risk,Low,false
CUST02350,2025-04-16,2025-06-12,2,1385.70,110,57,lapsed,Low,false
CUST02351,2025-05-06,2025-09-28,11,23198.30,2,14.5,active,High,false
CUST02352,,,0,0.00,,,never_ordered,None,false
CUST02353,2025-08-18,2025-08-18,1,161.50,43,,at_risk,Low,false
CUST02354,2025-07-25,2025-08-16,3,1302.00,45,11,at_risk,Low,true
CUST02355,2025-04-21,2025-09-26,11,12768.40,4,15.8,active,High,false
CUST02356,2025-04-05,2025-06-29,5,6908.00,93,21.2,lapsed,High,true
CUST02357,2025-04-04,2025-06-27,4,9972.40,95,28,lapsed,High,true
CUST02358,2025-04-15,2025-05-24,3,2077.00,129,19.5,lapsed,Medium,true
CUST02359,2025-04-27,2025-09-26,5,10442.79,4,38,active,High,false
CUST02360,2025-06-27,2025-06-27,1,63.00,95,,lapsed,Low,false
CUST02361,2025-04-12,2025-09-24,4,9421.00,6,55,active,High,false
CUST02362,2025-04-19,2025-08-10,8,22144.80,51,16.1,at_risk,High,true
CUST02363,2025-05-14,2025-09-14,8,7764.00,16,17.6,cooling,High,false
CUST02364,2025-06-03,2025-08-12,5,4194.80,49,17.5,at_risk,Medium,true
CUST02365,2025-07-20,2025-07-20,1,242.00,72,,lapsed,Low,false
CUST02366,2025-04-21,2025-08-20,8,8828.30,41,17.3,at_risk,High,true
CUST02367,2025-05-12,2025-09-20,7,6705.00,10,21.8,active,High,false
CUST02368,2025-09-07,2025-09-07,1,2049.00,23,,cooling,Low,false
CUST02369,2025-06-10,2025-09-04,3,1264.85,26,43,cooling,Low,false
CUST02370,2025-04-16,2025-07-10,4,826.10,82,28.3,lapsed,Low,true
CUST02371,2025-04-26,2025-08-02,5,4563.17,59,24.5,at_risk,Medium,true
CUST02372,2025-09-07,2025-09-07,1,1057.00,23,,cooling,Low,false
CUST02373,2025-04-08,2025-09-28,13,12463.00,2,14.4,active,High,false
CUST02374,2025-07-25,2025-09-16,5,2184.30,14,13.2,active,Medium,false
CUST02375,2025-04-01,2025-09-10,16,9147.60,20,10.8,cooling,High,false
CUST02376,2025-04-03,2025-09-13,5,9867.00,17,40.8,cooling,High,false
CUST02377,2025-07-13,2025-09-03,2,3238.00,27,52,cooling,Medium,false
CUST02378,,,0,0.00,,,never_ordered,None,false
CUST02379,2025-04-08,2025-06-17,2,417.20,105,70,lapsed,Low,false
CUST02380,2025-07-25,2025-09-17,2,5783.00,13,54,active,High,false
CUST02381,,,0,0.00,,,never_ordered,None,false
CUST02382,2025-04-26,2025-08-17,5,4133.40,44,28.2,at_risk,Medium,false
CUST02383,2025-04-04,2025-09-30,18,9818.20,0,10.5,active,High,false
CUST02384,2025-06-25,2025-09-27,7,10556.40,3,15.7,active,High,false
CUST02385,,,0,0.00,,,never_ordered,None,false
CUST02386,2025-04-13,2025-08-22,10,6979.55,39,14.6,at_risk,High,true
CUST02387,2025-04-12,2025-08-02,9,20159.05,59,14,at_risk,High,true
CUST02388,2025-04-05,2025-09-28,20,6412.00,2,9.3,active,High,false
CUST02389,,,0,0.00,,,never_ordered,None,false
CUST02390,2025-06-24,2025-09-02,3,2102.20,28,35,cooling,Medium,false
CUST02391,2025-04-17,2025-09-24,6,1341.80,6,32,active,Low,false
CUST02392,2025-05-31,2025-08-03,2,3255.05,58,64,at_risk,Medium,false
CUST02393,2025-04-18,2025-07-15,4,2800.95,77,29.3,lapsed,Medium,true
CUST02394,,,0,0.00,,,never_ordered,None,false
CUST02395,,,0,0.00,,,never_ordered,None,false
CUST02396,2025-04-09,2025-04-09,1,600.00,174,,lapsed,Low,false
CUST02397,2025-04-22,2025-06-22,2,2828.00,100,61,lapsed,Medium,false
CUST02398,,,0,0.00,,,never_ordered,None,false
CUST02399,2025-05-03,2025-08-23,6,4228.45,38,22.4,at_risk,Medium,false
CUST02400,2025-04-21,2025-09-30,10,6649.20,0,18,active,High,false
CUST02401,2025-08-31,2025-08-31,1,224.00,30,,cooling,Low,false
CUST02402,2025-05-17,2025-07-28,7,3735.00,64,12,lapsed,Medium,true
CUST02403,2025-07-05,2025-07-05,1,958.30,87,,lapsed,Low,false
CUST02404,,,0,0.00,,,never_ordered,None,false
CUST02405,2025-06-22,2025-09-04,6,4624.00,26,14.8,cooling,Medium,false
CUST02406,2025-04-12,2025-09-20,13,26457.53,10,13.4,active,High,false
CUST02407,2025-04-14,2025-09-02,3,1930.00,28,70.5,cooling,Low,false
CUST02408,2025-04-10,2025-09-15,6,7208.00,15,31.6,cooling,High,false
CUST02409,2025-04-03,2025-09-30,13,13760.85,0,15,active,High,false
CUST02410,2025-04-16,2025-08-31,6,4206.00,30,27.4,cooling,Medium,false
CUST02411,2025-04-05,2025-09-26,5,2124.00,4,43.5,active,Medium,false
CUST02412,,,0,0.00,,,never_ordered,None,false
CUST02413,2025-04-08,2025-09-26,18,18371.40,4,10.1,active,High,false
CUST02414,2025-05-23,2025-09-29,7,1561.41,1,21.5,active,Low,false
CUST02415,2025-04-13,2025-09-17,4,7647.50,13,52.3,active,High,false
CUST02416,,,0,0.00,,,never_ordered,None,false
CUST02417,2025-05-03,2025-09-22,2,1530.96,8,142,active,Low,false
CUST02418,2025-09-01,2025-09-28,4,2549.75,2,9,active,Medium,false
CUST02419,2025-04-22,2025-04-22,1,1771.00,161,,lapsed,Low,false
CUST02420,,,0,0.00,,,never_ordered,None,false
CUST02421,2025-06-10,2025-09-18,7,7330.60,12,16.7,active,High,false
CUST02422,2025-04-08,2025-05-30,3,2412.00,123,26,lapsed,Medium,true
CUST02423,2025-04-05,2025-08-13,8,7733.80,48,18.6,at_risk,High,true
CUST02424,2025-05-17,2025-09-11,2,567.00,19,117,cooling,Low,false
CUST02425,,,0,0.00,,,never_ordered,None,false
CUST02426,2025-05-13,2025-09-16,5,13087.74,14,31.5,active,High,false
CUST02427,2025-04-01,2025-04-01,1,594.00,182,,lapsed,Low,false
CUST02428,2025-08-26,2025-08-26,1,4105.40,35,,at_risk,Medium,false
CUST02429,2025-04-30,2025-09-19,7,3784.00,11,23.7,active,Medium,false
CUST02430,,,0,0.00,,,never_ordered,None,false
CUST02431,2025-06-21,2025-09-09,4,1771.75,21,26.7,cooling,Low,false
CUST02432,2025-04-08,2025-08-17,13,7801.95,44,10.9,at_risk,High,true
CUST02433,2025-04-24,2025-04-24,1,416.00,159,,lapsed,Low,false
CUST02434,2025-04-12,2025-08-27,10,5953.79,34,15.2,at_risk,High,true
CUST02435,2025-09-27,2025-09-27,1,2522.00,3,,active,Medium,false
CUST02436,2025-05-17,2025-08-28,4,4298.25,33,34.3,at_risk,Medium,false
CUST02437,2025-04-12,2025-07-23,7,10932.55,69,17,lapsed,High,true
CUST02438,2025-05-06,2025-07-15,3,5421.00,77,35,lapsed,High,true
CUST02439,2025-04-10,2025-09-09,10,6289.70,21,16.9,cooling,High,false
CUST02440,,,0,0.00,,,never_ordered,None,false
CUST02441,2025-04-07,2025-09-21,5,8797.55,9,41.8,active,High,false
CUST02442,2025-04-03,2025-09-22,15,11674.50,8,12.3,active,High,false
CUST02443,2025-04-27,2025-06-28,3,3974.50,94,31,lapsed,Medium,true
CUST02444,2025-04-14,2025-09-05,4,774.00,25,48,cooling,Low,false
CUST02445,2025-06-16,2025-07-27,2,1437.20,65,41,lapsed,Low,false
CUST02446,2025-08-19,2025-09-30,2,184.40,0,42,active,Low,false
CUST02447,2025-04-03,2025-04-03,1,2424.00,180,,lapsed,Medium,false
CUST02448,2025-08-23,2025-08-23,1,314.00,38,,at_risk,Low,false
CUST02449,2025-04-11,2025-09-12,6,2973.00,18,30.8,cooling,Medium,false
CUST02450,2025-05-10,2025-09-23,17,10825.90,7,8.5,active,High,false
CUST02451,2025-05-06,2025-05-29,2,2607.20,124,23,lapsed,Medium,true
CUST02452,,,0,0.00,,,never_ordered,None,false
CUST02453,2025-04-08,2025-09-28,32,32815.20,2,5.6,active,High,false
CUST02454,2025-06-15,2025-09-23,3,1722.00,7,50,active,Low,false
CUST02455,2025-07-06,2025-08-09,2,3122.50,52,34,at_risk,Medium,false
CUST02456,2025-05-11,2025-08-11,12,11694.80,50,8.4,at_risk,High,true
CUST02457,2025-04-12,2025-09-26,4,1475.00,4,55.7,active,Low,false
CUST02458,2025-05-21,2025-09-21,5,2318.00,9,30.8,active,Medium,false
CUST02459,,,0,0.00,,,never_ordered,None,false
CUST02460,2025-08-11,2025-08-15,2,1434.25,46,4,at_risk,Low,true
CUST02461,2025-08-30,2025-09-23,2,191.00,7,24,active,Low,false
CUST02462,2025-08-04,2025-08-11,3,487.00,50,3.5,at_risk,Low,true
CUST02463,2025-08-30,2025-08-30,1,1518.00,31,,at_risk,Low,false
CUST02464,2025-07-21,2025-07-21,1,203.00,71,,lapsed,Low,false
CUST02465,2025-05-30,2025-09-19,11,5403.96,11,11.2,active,High,false
CUST02466,2025-05-04,2025-09-08,9,7089.20,22,15.9,cooling,High,false
CUST02467,2025-06-01,2025-08-13,4,3668.10,48,24.3,at_risk,Medium,false
CUST02468,2025-04-04,2025-07-10,4,4343.60,82,32.3,lapsed,Medium,true
CUST02469,2025-06-22,2025-07-21,2,3022.55,71,29,lapsed,Medium,true
CUST02470,2025-06-30,2025-09-10,16,16550.25,20,4.8,cooling,High,true
CUST02471,2025-04-07,2025-07-05,7,8602.75,87,14.8,lapsed,High,true
CUST02472,2025-04-20,2025-09-25,7,10639.40,5,26.3,active,High,false
CUST02473,2025-08-24,2025-08-24,1,1541.00,37,,at_risk,Low,false
CUST02474,,,0,0.00,,,never_ordered,None,false
CUST02475,2025-04-06,2025-08-12,4,4094.50,49,42.7,at_risk,Medium,false
CUST02476,2025-04-10,2025-09-20,11,10354.20,10,16.3,active,High,false
CUST02477,2025-05-13,2025-09-19,10,5836.20,11,14.3,active,High,false
CUST02478,2025-05-03,2025-07-23,7,4655.50,69,13.5,lapsed,Medium,true
CUST02479,2025-04-17,2025-09-10,5,1831.00,20,36.5,cooling,Low,false
CUST02480,2025-04-10,2025-07-23,5,3227.80,69,26,lapsed,Medium,true
CUST02481,2025-04-08,2025-09-07,10,8805.25,23,16.9,cooling,High,false
CUST02482,2025-07-22,2025-08-11,2,3970.80,50,20,at_risk,Medium,true
CUST02483,2025-04-03,2025-09-03,8,2608.65,27,21.9,cooling,Medium,false
CUST02484,2025-09-10,2025-09-10,1,308.00,20,,cooling,Low,false
CUST02485,2025-04-10,2025-08-15,2,2526.00,46,127,at_risk,Medium,false
CUST02486,2025-04-18,2025-09-05,11,9560.05,25,14,cooling,High,false
CUST02487,2025-05-23,2025-05-23,1,792.60,130,,lapsed,Low,false
CUST02488,2025-05-26,2025-09-13,3,4271.00,17,55,cooling,Medium,false
CUST02489,2025-05-12,2025-09-24,4,11023.30,6,45,active,High,false
CUST02490,2025-04-13,2025-07-02,3,4439.00,90,40,lapsed,Medium,true
CUST02491,2025-07-10,2025-08-06,2,3415.00,55,27,at_risk,Medium,true
CUST02492,,,0,0.00,,,never_ordered,None,false
CUST02493,2025-04-04,2025-09-11,10,6141.25,19,17.8,cooling,High,false
CUST02494,2025-04-09,2025-09-20,7,10478.10,10,27.3,active,High,false
CUST02495,2025-04-17,2025-09-13,6,8101.20,17,29.8,cooling,High,false
CUST02496,,,0,0.00,,,never_ordered,None,false
CUST02497,2025-04-09,2025-08-17,3,5104.30,44,65,at_risk,Medium,false
CUST02498,2025-05-28,2025-09-23,15,10311.55,7,8.4,active,High,false
CUST02499,2025-05-13,2025-07-02,4,2488.00,90,16.7,lapsed,Medium,true
CUST02500,2025-05-23,2025-09-02,3,3664.20,28,51,cooling,Medium,false
CUST02501,2025-09-17,2025-09-17,1,1582.00,13,,active,Low,false
CUST02502,2025-04-07,2025-09-14,10,6738.40,16,17.8,cooling,High,false
CUST02503,2025-04-20,2025-08-31,3,1477.50,30,66.5,cooling,Low,false
CUST02504,2025-06-24,2025-08-20,6,1928.00,41,11.4,at_risk,Low,true
CUST02505,2025-05-07,2025-08-19,4,997.50,42,34.7,at_risk,Low,false
CUST02506,2025-07-18,2025-07-18,1,310.90,74,,lapsed,Low,false
CUST02507,2025-05-10,2025-06-06,2,2976.25,116,27,lapsed,Medium,true
CUST02508,2025-05-01,2025-09-17,12,13573.00,13,12.6,active,High,false
CUST02509,2025-04-05,2025-08-18,3,343.00,43,67.5,at_risk,Low,false
CUST02510,2025-04-18,2025-09-22,9,9909.65,8,19.6,active,High,false
CUST02511,2025-04-25,2025-09-30,11,6751.90,0,15.8,active,High,false
CUST02512,2025-07-03,2025-07-18,2,83.90,74,15,lapsed,Low,true
CUST02513,2025-08-19,2025-08-19,1,396.00,42,,at_risk,Low,false
CUST02514,2025-08-22,2025-09-27,6,5801.20,3,7.2,active,High,false
CUST02515,2025-04-20,2025-08-31,9,5385.10,30,16.6,cooling,High,false
CUST02516,,,0,0.00,,,never_ordered,None,false
CUST02517,2025-04-01,2025-06-25,6,3045.00,97,17,lapsed,Medium,true
CUST02518,2025-04-11,2025-07-09,4,2597.00,83,29.7,lapsed,Medium,true
CUST02519,2025-05-10,2025-08-28,7,2580.60,33,18.3,at_risk,Medium,false
CUST02520,2025-07-31,2025-08-18,4,1953.00,43,6,at_risk,Low,true
CUST02521,2025-04-11,2025-09-15,10,6337.00,15,17.4,cooling,High,false
CUST02522,,,0,0.00,,,never_ordered,None,false
CUST02523,2025-08-11,2025-09-17,5,2253.20,13,9.2,active,Medium,false
CUST02524,2025-08-05,2025-09-19,4,6970.00,11,15,active,High,false
CUST02525,,,0,0.00,,,never_ordered,None,false
CUST02526,,,0,0.00,,,never_ordered,None,false
CUST02527,2025-04-04,2025-08-27,10,6583.30,34,16.1,at_risk,High,true
CUST02528,2025-06-06,2025-08-29,2,5890.75,32,84,at_risk,High,false
CUST02529,2025-06-28,2025-09-20,3,1623.00,10,42,active,Low,false
CUST02530,2025-04-19,2025-09-10,11,15371.60,20,14.4,cooling,High,false
CUST02531,2025-04-09,2025-08-12,7,5376.80,49,20.8,at_risk,High,true
CUST02532,,,0,0.00,,,never_ordered,None,false
CUST02533,2025-06-11,2025-07-11,2,304.00,81,30,lapsed,Low,true
CUST02534,2025-04-05,2025-08-29,6,1274.00,32,29.2,at_risk,Low,false
CUST02535,2025-09-19,2025-09-29,2,1560.00,1,10,active,Low,false
CUST02536,2025-04-29,2025-09-15,14,11453.60,15,10.7,cooling,High,false
CUST02537,2025-06-06,2025-09-07,5,9468.60,23,23.2,cooling,High,false
CUST02538,,,0,0.00,,,never_ordered,None,false
CUST02539,2025-04-09,2025-09-29,19,13661.00,1,9.6,active,High,false
CUST02540,2025-04-06,2025-04-06,1,229.20,177,,lapsed,Low,false
CUST02541,2025-05-22,2025-07-15,3,1235.59,77,27,lapsed,Low,true
CUST02542,2025-04-08,2025-08-15,9,6413.00,46,16.1,at_risk,High,true
CUST02543,2025-07-25,2025-08-07,2,2494.00,54,13,at_risk,Medium,true
CUST02544,2025-05-30,2025-09-23,4,1530.80,7,38.7,active,Low,false
CUST02545,2025-04-30,2025-09-30,26,18374.80,0,6.1,active,High,false
CUST02546,2025-05-15,2025-09-28,5,3642.00,2,34,active,Medium,false
CUST02547,2025-06-22,2025-07-28,2,693.00,64,36,lapsed,Low,false
CUST02548,2025-04-21,2025-09-28,4,4928.00,2,53.3,active,Medium,false
CUST02549,2025-06-08,2025-08-16,4,5611.00,45,23,at_risk,High,false
CUST02550,,,0,0.00,,,never_ordered,None,false
CUST02551,2025-04-05,2025-09-21,12,21557.60,9,15.4,active,High,false
CUST02552,2025-04-01,2025-06-10,4,5775.80,112,23.3,lapsed,High,true
CUST02553,,,0,0.00,,,never_ordered,None,false
CUST02554,2025-05-19,2025-09-16,4,1811.80,14,40,active,Low,false
CUST02555,2025-05-01,2025-09-24,3,1288.00,6,73,active,Low,false
CUST02556,2025-06-16,2025-06-16,1,1545.00,106,,lapsed,Low,false
CUST02557,,,0,0.00,,,never_ordered,None,false
CUST02558,2025-04-30,2025-09-06,6,6633.00,24,25.8,cooling,High,false
CUST02559,2025-08-08,2025-09-30,2,2861.00,0,53,active,Medium,false
CUST02560,,,0,0.00,,,never_ordered,None,false
CUST02561,2025-04-22,2025-04-22,1,683.00,161,,lapsed,Low,false
CUST02562,2025-04-19,2025-09-14,8,14732.75,16,21.1,cooling,High,false
CUST02563,,,0,0.00,,,never_ordered,None,false
CUST02564,2025-04-02,2025-08-18,4,4394.00,43,46,at_risk,Medium,false
CUST02565,2025-06-22,2025-09-23,5,4555.00,7,23.2,active,Medium,false
CUST02566,2025-04-06,2025-09-28,21,10170.75,2,8.8,active,High,false
CUST02567,2025-04-05,2025-08-10,4,1366.00,51,42.3,at_risk,Low,false
CUST02568,2025-04-07,2025-09-25,8,4242.60,5,24.4,active,Medium,false
CUST02569,2025-04-27,2025-04-27,1,2789.40,156,,lapsed,Medium,false
CUST02570,2025-05-17,2025-08-23,8,10025.00,38,14,at_risk,High,true
CUST02571,2025-07-12,2025-08-24,2,2661.00,37,43,at_risk,Medium,false
CUST02572,,,0,0.00,,,never_ordered,None,false
CUST02573,2025-05-01,2025-08-30,7,7734.00,31,20.2,at_risk,High,false
CUST02574,2025-04-04,2025-09-06,12,4948.55,24,14.1,cooling,Medium,false
CUST02575,2025-05-12,2025-06-15,3,606.00,107,17,lapsed,Low,true
CUST02576,2025-04-03,2025-09-10,11,6224.55,20,16,cooling,High,false
CUST02577,2025-06-27,2025-06-27,1,458.00,95,,lapsed,Low,false
CUST02578,,,0,0.00,,,never_ordered,None,false
CUST02579,2025-07-11,2025-08-31,3,3791.00,30,25.5,cooling,Medium,false
CUST02580,,,0,0.00,,,never_ordered,None,false
CUST02581,2025-04-03,2025-09-05,19,15349.35,25,8.6,cooling,High,true
CUST02582,2025-04-12,2025-09-19,13,24416.49,11,13.3,active,High,false
CUST02583,2025-05-27,2025-09-21,5,3916.00,9,29.2,active,Medium,false
CUST02584,2025-04-02,2025-09-26,6,5431.00,4,35.4,active,High,false
CUST02585,2025-08-19,2025-09-28,5,4370.00,2,10,active,Medium,false
CUST02586,2025-04-04,2025-08-18,6,4391.00,43,27.2,at_risk,Medium,false
CUST02587,2025-04-18,2025-09-20,11,4541.90,10,15.5,active,Medium,false
CUST02588,2025-04-06,2025-08-18,3,4403.50,43,67,at_risk,Medium,false
CUST02589,2025-04-01,2025-09-25,20,15871.50,5,9.3,active,High,false
CUST02590,2025-04-23,2025-08-27,8,4537.15,34,18,at_risk,Medium,false
CUST02591,2025-04-01,2025-09-09,3,3493.00,21,80.5,cooling,Medium,false
CUST02592,2025-06-01,2025-09-27,8,6050.00,3,16.9,active,High,false
CUST02593,2025-09-20,2025-09-29,2,642.00,1,9,active,Low,false
CUST02594,,,0,0.00,,,never_ordered,None,false
CUST02595,2025-05-25,2025-09-21,2,4646.00,9,119,active,Medium,false
CUST02596,,,0,0.00,,,never_ordered,None,false
CUST02597,2025-09-20,2025-09-20,1,1870.00,10,,active,Low,false
CUST02598,2025-05-31,2025-06-05,2,173.00,117,5,lapsed,Low,true
CUST02599,,,0,0.00,,,never_ordered,None,false
CUST02600,2025-04-14,2025-09-19,3,2068.80,11,79,active,Medium,false
CUST02601,2025-04-12,2025-09-14,10,14981.50,16,17.2,cooling,High,false
CUST02602,2025-09-26,2025-09-28,3,4872.00,2,1,active,Medium,false
CUST02603,2025-06-11,2025-09-12,4,2948.00,18,31,cooling,Medium,false
CUST02604,2025-04-04,2025-09-29,8,3951.44,1,25.4,active,Medium,false
CUST02605,2025-09-22,2025-09-22,1,1386.00,8,,active,Low,false
CUST02606,2025-06-03,2025-09-17,4,4651.00,13,35.3,active,Medium,false
CUST02607,2025-04-20,2025-08-30,6,10322.00,31,26.4,at_risk,High,false
CUST02608,,,0,0.00,,,never_ordered,None,false
CUST02609,2025-04-08,2025-09-20,8,16334.12,10,23.6,active,High,false
CUST02610,,,0,0.00,,,never_ordered,None,false
CUST02611,2025-04-06,2025-09-18,5,4392.40,12,41.2,active,Medium,false
CUST02612,2025-04-13,2025-09-03,8,4144.65,27,20.4,cooling,Medium,false
CUST02613,2025-04-03,2025-09-20,17,10770.75,10,10.6,active,High,false
CUST02614,2025-05-08,2025-07-16,4,1555.80,76,23,lapsed,Low,true
CUST02615,2025-05-08,2025-08-12,6,8743.25,49,19.2,at_risk,High,true
CUST02616,2025-04-04,2025-09-24,10,10466.00,6,19.2,active,High,false
CUST02617,2025-04-28,2025-08-27,7,4974.00,34,20.2,at_risk,Medium,false
CUST02618,2025-04-04,2025-09-19,26,23310.85,11,6.7,active,High,false
CUST02619,2025-06-19,2025-08-30,2,743.65,31,72,at_risk,Low,false
CUST02620,,,0,0.00,,,never_ordered,None,false
CUST02621,2025-04-09,2025-09-15,9,4732.00,15,19.9,cooling,Medium,false
CUST02622,2025-08-27,2025-08-27,1,406.65,34,,at_risk,Low,false
CUST02623,2025-04-08,2025-09-30,13,4574.00,0,14.6,active,Medium,false
CUST02624,2025-05-15,2025-07-31,5,2969.30,61,19.2,lapsed,Medium,true
CUST02625,2025-04-03,2025-09-27,6,1520.66,3,35.4,active,Low,false
CUST02626,2025-04-27,2025-08-02,2,3790.40,59,97,at_risk,Medium,false
CUST02627,2025-08-30,2025-09-16,2,1167.00,14,17,active,Low,false
CUST02628,,,0,0.00,,,never_ordered,None,false
CUST02629,2025-09-01,2025-09-19,3,2079.50,11,9,active,Medium,false
CUST02630,,,0,0.00,,,never_ordered,None,false
CUST02631,2025-06-28,2025-07-11,2,2107.00,81,13,lapsed,Medium,true
CUST02632,2025-04-21,2025-08-11,7,9860.20,50,18.7,at_risk,High,true
CUST02633,2025-04-15,2025-09-24,7,4482.00,6,27,active,Medium,false
CUST02634,2025-07-02,2025-09-19,5,3754.80,11,19.8,active,Medium,false
CUST02635,2025-04-14,2025-08-16,3,4067.65,45,62,at_risk,Medium,false
CUST02636,2025-04-10,2025-09-06,8,12140.40,24,21.3,cooling,High,false
CUST02637,2025-05-01,2025-09-11,4,6085.10,19,44.3,cooling,High,false
CUST02638,2025-06-15,2025-09-24,19,16865.31,6,5.6,active,High,false
CUST02639,2025-04-25,2025-09-17,17,14019.95,13,9.1,active,High,false
CUST02640,2025-05-13,2025-09-06,4,4447.95,24,38.7,cooling,Medium,false
CUST02641,2025-05-09,2025-09-03,5,801.40,27,29.2,cooling,Low,false
CUST02642,2025-04-01,2025-09-30,22,15763.40,0,8.7,active,High,false
CUST02643,2025-05-05,2025-09-21,6,3381.00,9,27.8,active,Medium,false
CUST02644,2025-06-11,2025-06-11,1,267.00,111,,lapsed,Low,false
CUST02645,,,0,0.00,,,never_ordered,None,false
CUST02646,2025-07-29,2025-07-29,1,547.00,63,,lapsed,Low,false
CUST02647,2025-04-03,2025-09-16,30,17688.65,14,5.7,active,High,true
CUST02648,2025-05-23,2025-09-23,12,9253.50,7,11.2,active,High,false
CUST02649,2025-04-13,2025-04-13,1,721.00,170,,lapsed,Low,false
CUST02650,2025-04-12,2025-09-15,3,3887.60,15,78,cooling,Medium,false
CUST02651,,,0,0.00,,,never_ordered,None,false
CUST02652,2025-04-24,2025-09-24,3,794.00,6,76.5,active,Low,false
CUST02653,2025-04-04,2025-09-27,8,15731.20,3,25.1,active,High,false
CUST02654,2025-08-13,2025-09-27,7,7431.75,3,7.5,active,High,false
CUST02655,,,0,0.00,,,never_ordered,None,false
CUST02656,2025-04-30,2025-09-18,10,6808.75,12,15.7,active,High,false
CUST02657,2025-04-06,2025-09-27,16,8798.80,3,11.6,active,High,false
CUST02658,2025-04-01,2025-09-17,7,3556.70,13,28.2,active,Medium,false
CUST02659,2025-05-20,2025-09-03,5,3615.30,27,26.5,cooling,Medium,false
CUST02660,2025-04-13,2025-04-13,1,683.00,170,,lapsed,Low,false
CUST02661,2025-04-27,2025-08-31,3,680.00,30,63,cooling,Low,false
CUST02662,2025-04-14,2025-09-27,13,6162.00,3,13.8,active,High,false
CUST02663,2025-05-08,2025-09-22,9,18642.50,8,17.1,active,High,false
CUST02664,2025-04-20,2025-04-20,1,73.00,163,,lapsed,Low,false
CUST02665,2025-09-13,2025-09-20,2,3123.72,10,7,active,Medium,false
CUST02666,2025-05-06,2025-09-19,4,1891.00,11,45.3,active,Low,false
CUST02667,,,0,0.00,,,never_ordered,None,false
CUST02668,2025-04-09,2025-09-28,4,4742.80,2,57.3,active,Medium,false
CUST02669,2025-08-29,2025-08-29,1,522.00,32,,at_risk,Low,false
CUST02670,2025-04-05,2025-06-01,3,1689.50,121,28.5,lapsed,Low,true
CUST02671,2025-04-06,2025-09-14,5,1692.70,16,40.2,cooling,Low,false
CUST02672,,,0,0.00,,,never_ordered,None,false
CUST02673,2025-05-22,2025-09-23,6,2819.00,7,24.8,active,Medium,false
CUST02674,2025-04-03,2025-09-28,23,8355.85,2,8.1,active,High,false
CUST02675,2025-09-01,2025-09-01,1,900.00,29,,cooling,Low,false
CUST02676,2025-04-02,2025-09-03,7,5075.00,27,25.7,cooling,Medium,false
CUST02677,2025-04-04,2025-07-03,5,2340.30,89,22.5,lapsed,Medium,true
CUST02678,,,0,0.00,,,never_ordered,None,false
CUST02679,2025-09-20,2025-09-20,1,518.00,10,,active,Low,false
CUST02680,2025-05-21,2025-09-02,4,2059.00,28,34.7,cooling,Medium,false
CUST02681,2025-04-18,2025-06-02,3,3743.10,120,22.5,lapsed,Medium,true
CUST02682,2025-05-04,2025-08-05,4,2574.65,56,31,at_risk,Medium,false
CUST02683,2025-04-13,2025-09-04,8,8735.00,26,20.6,cooling,High,false
CUST02684,2025-04-18,2025-08-30,7,4661.60,31,22.3,at_risk,Medium,false
CUST02685,,,0,0.00,,,never_ordered,None,false
CUST02686,2025-09-02,2025-09-02,1,508.00,28,,cooling,Low,false
CUST02687,2025-07-06,2025-08-28,3,3370.38,33,26.5,at_risk,Medium,false
CUST02688,2025-08-06,2025-08-06,1,158.00,55,,at_risk,Low,false
CUST02689,,,0,0.00,,,never_ordered,None,false
CUST02690,2025-04-11,2025-09-21,15,10730.48,9,11.6,active,High,false
CUST02691,2025-06-18,2025-07-11,3,1307.60,81,11.5,lapsed,Low,true
CUST02692,2025-07-29,2025-09-14,3,1476.80,16,23.5,cooling,Low,false
CUST02693,2025-04-16,2025-08-17,8,5311.60,44,17.6,at_risk,Medium,true
CUST02694,2025-04-08,2025-09-12,6,3858.00,18,31.4,cooling,Medium,false
CUST02695,2025-04-16,2025-09-03,10,10965.00,27,15.6,cooling,High,false
CUST02696,2025-04-11,2025-09-22,3,748.00,8,82,active,Low,false
CUST02697,2025-04-11,2025-09-11,8,4856.10,19,21.9,cooling,Medium,false
CUST02698,2025-04-11,2025-08-28,5,4061.40,33,34.8,at_risk,Medium,false
CUST02699,2025-04-26,2025-09-10,9,2166.10,20,17.1,cooling,Medium,false
CUST02700,2025-04-08,2025-09-18,6,15068.20,12,32.6,active,High,false
CUST02701,2025-05-07,2025-09-06,7,2415.00,24,20.3,cooling,Medium,false
CUST02702,2025-05-01,2025-09-13,5,2718.00,17,33.8,cooling,Medium,false
CUST02703,2025-04-10,2025-09-20,4,1681.00,10,54.3,active,Low,false
CUST02704,2025-04-19,2025-09-14,4,4675.30,16,49.3,cooling,Medium,false
CUST02705,2025-05-17,2025-09-28,4,9374.90,2,44.7,active,High,false
CUST02706,2025-04-09,2025-06-23,5,1965.40,99,18.8,lapsed,Low,true
CUST02707,2025-07-09,2025-09-15,3,1431.80,15,34,cooling,Low,false
CUST02708,2025-04-12,2025-09-01,6,9365.00,29,28.4,cooling,High,false
CUST02709,2025-04-25,2025-04-25,1,905.00,158,,lapsed,Low,false
CUST02710,2025-04-25,2025-08-10,2,1113.20,51,107,at_risk,Low,false
CUST02711,2025-06-23,2025-08-02,3,1210.00,59,20,at_risk,Low,true
CUST02712,2025-04-25,2025-09-30,5,1347.00,0,39.5,active,Low,false
CUST02713,2025-05-17,2025-07-22,7,7280.65,70,11,lapsed,High,true
CUST02714,2025-04-12,2025-09-25,12,11770.60,5,15.1,active,High,false
CUST02715,2025-07-20,2025-07-20,1,1586.60,72,,lapsed,Low,false
CUST02716,2025-07-03,2025-07-03,1,663.00,89,,lapsed,Low,false
CUST02717,2025-07-23,2025-08-20,3,2319.75,41,14,at_risk,Medium,true
CUST02718,2025-05-17,2025-08-14,6,2288.28,47,17.8,at_risk,Medium,true
CUST02719,2025-07-16,2025-07-16,1,144.00,76,,lapsed,Low,false
CUST02720,,,0,0.00,,,never_ordered,None,false
CUST02721,2025-04-18,2025-07-22,9,12635.75,70,11.9,lapsed,High,true
CUST02722,2025-04-11,2025-09-28,7,2265.00,2,28.3,active,Medium,false
CUST02723,2025-04-11,2025-09-15,22,12330.47,15,7.5,cooling,High,false
CUST02724,2025-04-04,2025-09-23,15,18016.50,7,12.3,active,High,false
CUST02725,2025-06-10,2025-08-08,5,5083.00,53,14.8,at_risk,Medium,true
CUST02726,2025-05-01,2025-05-01,1,379.00,152,,lapsed,Low,false
CUST02727,2025-05-15,2025-09-04,5,2669.08,26,28,cooling,Medium,false
CUST02728,2025-04-30,2025-09-02,2,1925.00,28,125,cooling,Low,false
CUST02729,2025-05-05,2025-08-24,4,1359.15,37,37,at_risk,Low,false
CUST02730,2025-05-08,2025-08-10,3,5794.00,51,47,at_risk,High,false
CUST02731,2025-04-18,2025-04-18,1,1432.40,165,,lapsed,Low,false
CUST02732,2025-06-03,2025-09-28,6,2477.20,2,23.4,active,Medium,false
CUST02733,2025-04-15,2025-07-02,3,2207.20,90,39,lapsed,Medium,true
CUST02734,2025-09-09,2025-09-30,2,333.90,0,21,active,Low,false
CUST02735,2025-04-04,2025-09-15,13,8311.40,15,13.7,cooling,High,false
CUST02736,2025-04-06,2025-09-24,24,10211.60,6,7.4,active,High,false
CUST02737,2025-04-26,2025-06-14,3,2269.42,108,24.5,lapsed,Medium,true
CUST02738,2025-06-14,2025-09-21,3,636.00,9,49.5,active,Low,false
CUST02739,2025-04-12,2025-08-03,5,7826.40,58,28.2,at_risk,High,true
CUST02740,,,0,0.00,,,never_ordered,None,false
CUST02741,2025-04-04,2025-08-02,2,341.00,59,120,at_risk,Low,false
CUST02742,2025-06-08,2025-06-08,1,1385.45,114,,lapsed,Low,false
CUST02743,2025-07-31,2025-07-31,1,868.00,61,,lapsed,Low,false
CUST02744,2025-04-09,2025-09-23,18,15042.10,7,9.8,active,High,false
CUST02745,2025-07-10,2025-08-23,5,9499.00,38,11,at_risk,High,true
CUST02746,,,0,0.00,,,never_ordered,None,false
CUST02747,2025-05-01,2025-08-25,6,3918.40,36,23.2,at_risk,Medium,false
CUST02748,,,0,0.00,,,never_ordered,None,false
CUST02749,2025-04-17,2025-09-23,15,7260.45,7,11.4,active,High,false
CUST02750,2025-04-09,2025-09-22,5,1047.10,8,41.5,active,Low,false
CUST02751,2025-05-25,2025-09-12,6,13132.85,18,22,cooling,High,false
CUST02752,2025-04-07,2025-08-20,13,13422.30,41,11.2,at_risk,High,true
CUST02753,2025-06-01,2025-09-14,7,5041.50,16,17.5,cooling,Medium,false
CUST02754,2025-05-17,2025-09-20,4,5061.00,10,42,active,Medium,false
CUST02755,,,0,0.00,,,never_ordered,None,false
CUST02756,,,0,0.00,,,never_ordered,None,false
CUST02757,2025-04-05,2025-09-28,5,5589.60,2,44,active,High,false
CUST02758,2025-04-22,2025-09-03,9,15177.60,27,16.8,cooling,High,false
CUST02759,2025-06-26,2025-06-26,1,139.00,96,,lapsed,Low,false
CUST02760,2025-04-17,2025-08-11,5,2779.80,50,29,at_risk,Medium,false
CUST02761,2025-04-19,2025-09-14,10,11838.00,16,16.4,cooling,High,false
CUST02762,2025-05-15,2025-08-21,2,639.00,40,98,at_risk,Low,false
CUST02763,2025-04-13,2025-09-08,7,5433.00,22,24.7,cooling,High,false
CUST02764,2025-09-04,2025-09-04,1,567.00,26,,cooling,Low,false
CUST02765,2025-04-05,2025-09-14,10,12975.00,16,18,cooling,High,false
CUST02766,2025-04-03,2025-09-28,6,1304.50,2,35.6,active,Low,false
CUST02767,2025-07-14,2025-09-29,5,1643.00,1,19.2,active,Low,false
CUST02768,2025-05-13,2025-05-13,1,1335.00,140,,lapsed,Low,false
CUST02769,2025-04-19,2025-07-07,4,957.00,85,26.3,lapsed,Low,true
CUST02770,2025-06-17,2025-09-28,3,1507.00,2,51.5,active,Low,false
CUST02771,2025-05-10,2025-09-13,7,4635.72,17,21,cooling,Medium,false
CUST02772,2025-04-11,2025-09-04,14,15980.30,26,11.2,cooling,High,true
CUST02773,2025-04-01,2025-09-20,7,14087.20,10,28.7,active,High,false
CUST02774,2025-04-20,2025-06-25,4,6781.80,97,22,lapsed,High,true
CUST02775,,,0,0.00,,,never_ordered,None,false
CUST02776,2025-04-23,2025-04-23,1,363.00,160,,lapsed,Low,false
CUST02777,2025-05-29,2025-09-24,6,6877.00,6,23.6,active,High,false
CUST02778,2025-06-07,2025-06-07,2,965.50,115,0,lapsed,Low,true
CUST02779,,,0,0.00,,,never_ordered,None,false
CUST02780,2025-06-06,2025-07-26,3,1820.00,66,25,lapsed,Low,true
CUST02781,2025-04-28,2025-09-13,8,4364.40,17,19.7,cooling,Medium,false
CUST02782,2025-04-19,2025-06-17,4,2938.00,105,19.7,lapsed,Medium,true
CUST02783,2025-07-27,2025-09-08,2,1053.00,22,43,cooling,Low,false
CUST02784,2025-09-22,2025-09-22,1,252.00,8,,active,Low,false
CUST02785,2025-05-18,2025-09-18,6,11204.10,12,24.6,active,High,false
CUST02786,2025-09-04,2025-09-04,1,552.30,26,,cooling,Low,false
CUST02787,2025-04-26,2025-09-13,7,7519.40,17,23.3,cooling,High,false
CUST02788,2025-04-06,2025-09-21,5,1038.09,9,42,active,Low,false
CUST02789,2025-05-13,2025-09-10,5,4732.40,20,30,cooling,Medium,false
CUST02790,2025-04-13,2025-07-16,3,6915.00,76,47,lapsed,High,false
CUST02791,2025-05-04,2025-08-03,2,4655.55,58,91,at_risk,Medium,false
CUST02792,2025-04-25,2025-09-28,8,12635.10,2,22.3,active,High,false
CUST02793,2025-04-21,2025-09-26,24,19500.90,4,6.9,active,High,false
CUST02794,2025-06-17,2025-08-16,6,2169.00,45,12,at_risk,Medium,true
CUST02795,2025-04-19,2025-08-28,2,1218.85,33,131,at_risk,Low,false
CUST02796,2025-05-17,2025-09-19,10,8053.30,11,13.9,active,High,false
CUST02797,2025-04-14,2025-09-23,4,1429.00,7,54,active,Low,false
CUST02798,,,0,0.00,,,never_ordered,None,false
CUST02799,2025-05-14,2025-05-14,1,1615.00,139,,lapsed,Low,false
CUST02800,2025-09-24,2025-09-24,1,1221.00,6,,active,Low,false
CUST02801,2025-08-30,2025-08-30,1,45.00,31,,at_risk,Low,false
CUST02802,2025-04-07,2025-08-29,7,2727.00,32,24,at_risk,Medium,false
CUST02803,2025-09-11,2025-09-26,2,2854.00,4,15,active,Medium,false
CUST02804,2025-04-17,2025-09-03,12,4940.00,27,12.6,cooling,Medium,true
CUST02805,2025-07-23,2025-08-22,4,1544.60,39,10,at_risk,Low,true
CUST02806,2025-05-14,2025-05-14,1,1046.00,139,,lapsed,Low,false
CUST02807,,,0,0.00,,,never_ordered,None,false
CUST02808,2025-05-09,2025-09-20,5,10166.70,10,33.5,active,High,false
CUST02809,2025-04-06,2025-09-30,18,13753.30,0,10.4,active,High,false
CUST02810,2025-04-11,2025-08-06,5,1383.40,55,29.2,at_risk,Low,false
CUST02811,,,0,0.00,,,never_ordered,None,false
CUST02812,2025-05-02,2025-05-02,1,217.55,151,,lapsed,Low,false
CUST02813,2025-04-16,2025-09-13,6,4314.00,17,30,cooling,Medium,false
CUST02814,2025-04-17,2025-08-27,4,7984.85,34,44,at_risk,High,false
CUST02815,2025-05-06,2025-09-18,13,5960.80,12,11.2,active,High,false
CUST02816,2025-05-06,2025-05-06,1,1303.00,147,,lapsed,Low,false
CUST02817,2025-04-27,2025-08-26,8,2610.00,35,17.3,at_risk,Medium,true
CUST02818,2025-05-24,2025-09-25,6,2357.15,5,24.8,active,Medium,false
CUST02819,2025-05-02,2025-06-16,2,1027.00,106,45,lapsed,Low,true
CUST02820,2025-04-24,2025-09-20,8,9268.00,10,21.3,active,High,false
CUST02821,2025-05-14,2025-05-14,1,38.00,139,,lapsed,Low,false
CUST02822,2025-08-21,2025-09-06,2,1984.50,24,16,cooling,Low,false
CUST02823,,,0,0.00,,,never_ordered,None,false
CUST02824,2025-04-17,2025-09-02,2,1692.60,28,138,cooling,Low,false
CUST02825,2025-05-09,2025-06-12,3,3419.60,110,17,lapsed,Medium,true
CUST02826,2025-04-27,2025-09-18,8,2506.00,12,20.6,active,Medium,false
CUST02827,2025-04-08,2025-06-09,2,1127.20,113,62,lapsed,Low,false
CUST02828,2025-05-02,2025-09-13,6,3076.10,17,26.8,cooling,Medium,false
CUST02829,2025-07-09,2025-09-25,2,504.75,5,78,active,Low,false
CUST02830,2025-05-19,2025-09-27,6,10576.20,3,26.2,active,High,false
CUST02831,2025-04-17,2025-07-02,5,2934.45,90,19,lapsed,Medium,true
CUST02832,2025-04-14,2025-09-26,17,11377.00,4,10.3,active,High,false
CUST02833,2025-04-21,2025-09-22,9,6430.80,8,19.2,active,High,false
CUST02834,2025-05-08,2025-09-02,6,3386.00,28,23.4,cooling,Medium,false
CUST02835,2025-07-12,2025-07-12,1,1767.00,80,,lapsed,Low,false
CUST02836,2025-04-06,2025-09-12,13,13016.85,18,13.2,cooling,High,false
CUST02837,,,0,0.00,,,never_ordered,None,false
CUST02838,2025-04-10,2025-09-24,14,14380.45,6,12.8,active,High,false
CUST02839,2025-04-17,2025-09-16,8,4666.40,14,21.7,active,Medium,false
CUST02840,2025-04-30,2025-07-19,3,2134.80,73,40,lapsed,Medium,false
CUST02841,2025-06-03,2025-08-05,6,3447.20,56,12.6,at_risk,Medium,true
CUST02842,2025-04-29,2025-06-13,2,802.00,109,45,lapsed,Low,true
CUST02843,2025-04-20,2025-09-20,7,11219.00,10,25.5,active,High,false
CUST02844,2025-04-04,2025-09-20,14,10958.80,10,13,active,High,false
CUST02845,2025-05-08,2025-09-28,8,2039.95,2,20.4,active,Low,false
CUST02846,2025-04-02,2025-09-13,12,7229.65,17,14.9,cooling,High,false
CUST02847,2025-04-10,2025-09-30,7,2626.60,0,28.8,active,Medium,false
CUST02848,2025-09-07,2025-09-18,2,979.00,12,11,active,Low,false
CUST02849,2025-04-06,2025-06-17,3,1389.00,105,36,lapsed,Low,true
CUST02850,2025-04-14,2025-09-17,8,8967.20,13,22.3,active,High,false
CUST02851,2025-04-08,2025-09-15,2,875.80,15,160,cooling,Low,false
CUST02852,2025-04-11,2025-09-27,9,5176.50,3,21.1,active,Medium,false
CUST02853,2025-08-02,2025-08-02,1,1504.50,59,,at_risk,Low,false
CUST02854,2025-06-02,2025-08-19,3,747.30,42,39,at_risk,Low,false
CUST02855,2025-06-06,2025-09-19,3,975.00,11,52.5,active,Low,false
CUST02856,2025-06-12,2025-08-30,4,6641.20,31,26.3,at_risk,High,false
CUST02857,2025-04-30,2025-09-22,5,5049.53,8,36.2,active,Medium,false
CUST02858,2025-07-16,2025-07-16,1,1036.00,76,,lapsed,Low,false
CUST02859,2025-07-15,2025-08-13,2,1258.00,48,29,at_risk,Low,false
CUST02860,2025-04-08,2025-09-11,12,10137.05,19,14.2,cooling,High,false
CUST02861,2025-07-19,2025-07-19,1,3080.00,73,,lapsed,Medium,false
CUST02862,,,0,0.00,,,never_ordered,None,false
CUST02863,,,0,0.00,,,never_ordered,None,false
CUST02864,,,0,0.00,,,never_ordered,None,false
CUST02865,2025-08-09,2025-08-09,1,2386.80,52,,at_risk,Medium,false
CUST02866,2025-08-23,2025-08-23,1,392.11,38,,at_risk,Low,false
CUST02867,2025-04-02,2025-09-28,7,12518.00,2,29.8,active,High,false
CUST02868,2025-06-17,2025-08-04,2,771.00,57,48,at_risk,Low,false
CUST02869,2025-04-23,2025-09-28,7,2464.00,2,26.3,active,Medium,false
CUST02870,2025-08-24,2025-09-22,2,1765.00,8,29,active,Low,false
CUST02871,2025-04-24,2025-05-31,2,412.00,122,37,lapsed,Low,true
CUST02872,2025-04-18,2025-08-13,4,1873.00,48,39,at_risk,Low,false
CUST02873,,,0,0.00,,,never_ordered,None,false
CUST02874,2025-04-11,2025-07-23,2,988.80,69,103,lapsed,Low,false
CUST02875,2025-06-03,2025-08-16,2,2346.00,45,74,at_risk,Medium,false
CUST02876,2025-05-09,2025-06-23,3,601.20,99,22.5,lapsed,Low,true
CUST02877,2025-04-20,2025-09-29,7,6574.80,1,27,active,High,false
CUST02878,2025-08-23,2025-09-20,5,9210.00,10,7,active,High,false
CUST02879,2025-04-06,2025-09-25,12,10007.80,5,15.6,active,High,false
CUST02880,2025-04-24,2025-04-24,1,2955.40,159,,lapsed,Medium,false
CUST02881,2025-07-27,2025-09-23,3,1391.50,7,29,active,Low,false
CUST02882,2025-04-08,2025-08-18,5,3982.20,43,33,at_risk,Medium,false
CUST02883,,,0,0.00,,,never_ordered,None,false
CUST02884,2025-05-22,2025-09-10,5,2132.98,20,27.8,cooling,Medium,false
CUST02885,2025-06-02,2025-06-02,1,273.00,120,,lapsed,Low,false
CUST02886,2025-04-13,2025-09-16,8,7335.00,14,22.3,active,High,false
CUST02887,2025-04-20,2025-08-28,5,7472.40,33,32.5,at_risk,High,false
CUST02888,2025-04-28,2025-05-13,2,260.00,140,15,lapsed,Low,true
CUST02889,2025-07-28,2025-07-28,1,126.00,64,,lapsed,Low,false
CUST02890,2025-04-07,2025-09-23,8,12198.65,7,24.1,active,High,false
CUST02891,,,0,0.00,,,never_ordered,None,false
CUST02892,2025-05-24,2025-08-31,7,12502.30,30,16.5,cooling,High,false
CUST02893,2025-05-28,2025-09-16,9,5633.40,14,13.9,active,High,false
CUST02894,2025-06-02,2025-09-14,2,1751.45,16,104,cooling,Low,false
CUST02895,,,0,0.00,,,never_ordered,None,false
CUST02896,2025-04-11,2025-06-25,3,1230.00,97,37.5,lapsed,Low,true
CUST02897,2025-06-27,2025-07-12,2,3222.80,80,15,lapsed,Medium,true
CUST02898,2025-05-09,2025-09-07,11,2583.70,23,12.1,cooling,Medium,false
CUST02899,2025-04-19,2025-09-14,3,1187.20,16,74,cooling,Low,false
CUST02900,2025-05-08,2025-08-10,5,2500.45,51,23.5,at_risk,Medium,true
CUST02901,2025-04-25,2025-07-06,3,1186.80,86,36,lapsed,Low,true
CUST02902,2025-04-25,2025-06-30,4,2941.80,92,22,lapsed,Medium,true
CUST02903,2025-04-02,2025-09-20,15,5507.70,10,12.2,active,High,false
CUST02904,2025-04-09,2025-09-28,8,5644.00,2,24.6,active,High,false
CUST02905,2025-04-02,2025-09-13,5,7263.40,17,41,cooling,High,false
CUST02906,2025-06-24,2025-07-21,3,1251.30,71,13.5,lapsed,Low,true
CUST02907,2025-04-10,2025-08-10,6,1597.75,51,24.4,at_risk,Low,true
CUST02908,2025-04-18,2025-09-14,12,7269.60,16,13.5,cooling,High,false
CUST02909,2025-09-17,2025-09-17,1,2889.00,13,,active,Medium,false
CUST02910,2025-09-10,2025-09-10,1,195.00,20,,cooling,Low,false
CUST02911,,,0,0.00,,,never_ordered,None,false
CUST02912,2025-06-16,2025-06-16,1,6763.00,106,,lapsed,High,false
CUST02913,2025-07-12,2025-09-21,5,4864.00,9,17.8,active,Medium,false
CUST02914,2025-04-18,2025-09-24,7,6556.00,6,26.5,active,High,false
CUST02915,2025-07-28,2025-07-28,1,1064.50,64,,lapsed,Low,false
CUST02916,2025-05-04,2025-08-27,4,10482.00,34,38.3,at_risk,High,false
CUST02917,2025-09-26,2025-09-28,2,312.00,2,2,active,Low,false
CUST02918,2025-04-20,2025-04-20,1,2251.40,163,,lapsed,Medium,false
CUST02919,2025-06-28,2025-09-23,3,7562.00,7,43.5,active,High,false
CUST02920,2025-04-08,2025-09-06,6,3659.65,24,30.2,cooling,Medium,false
CUST02921,2025-04-03,2025-09-05,8,5783.00,25,22.1,cooling,High,false
CUST02922,2025-04-03,2025-08-28,9,6285.60,33,18.4,at_risk,High,false
CUST02923,,,0,0.00,,,never_ordered,None,false
CUST02924,2025-04-24,2025-04-26,2,3169.00,157,2,lapsed,Medium,true
CUST02925,2025-04-06,2025-07-24,2,720.00,68,109,lapsed,Low,false
CUST02926,2025-05-05,2025-07-24,2,2056.00,68,80,lapsed,Medium,false
CUST02927,2025-04-05,2025-09-21,30,19551.12,9,5.8,active,High,false
CUST02928,2025-06-07,2025-06-07,1,1009.75,115,,lapsed,Low,false
CUST02929,2025-06-10,2025-07-23,2,2192.00,69,43,lapsed,Medium,false
CUST02930,2025-07-11,2025-09-21,3,1577.00,9,36,active,Low,false
CUST02931,2025-09-15,2025-09-15,1,203.00,15,,cooling,Low,false
CUST02932,2025-04-01,2025-08-28,13,9844.80,33,12.4,at_risk,High,true
CUST02933,2025-04-13,2025-08-15,4,4666.00,46,41.3,at_risk,Medium,false
CUST02934,,,0,0.00,,,never_ordered,None,false
CUST02935,2025-07-17,2025-07-17,1,674.00,75,,lapsed,Low,false
CUST02936,2025-04-04,2025-07-31,7,3587.90,61,19.7,lapsed,Medium,true
CUST02937,2025-06-02,2025-08-05,2,1716.00,56,64,at_risk,Low,false
CUST02938,2025-06-15,2025-08-14,3,3948.00,47,30,at_risk,Medium,false
CUST02939,2025-04-17,2025-07-14,8,5177.00,78,12.6,lapsed,Medium,true
CUST02940,2025-04-12,2025-08-31,7,11748.00,30,23.5,cooling,High,false
CUST02941,2025-04-22,2025-04-22,1,323.00,161,,lapsed,Low,false
CUST02942,2025-04-24,2025-09-29,8,2069.20,1,22.6,active,Medium,false
CUST02943,2025-07-17,2025-09-25,11,10901.90,5,7,active,High,false
CUST02944,2025-04-03,2025-06-24,3,991.00,98,41,lapsed,Low,true
CUST02945,2025-09-05,2025-09-19,4,3239.00,11,4.7,active,Medium,true
CUST02946,2025-05-09,2025-08-15,2,1233.20,46,98,at_risk,Low,false
CUST02947,2025-04-06,2025-09-21,3,1180.00,9,84,active,Low,false
CUST02948,,,0,0.00,,,never_ordered,None,false
CUST02949,2025-07-26,2025-07-26,1,2150.00,66,,lapsed,Medium,false
CUST02950,2025-04-06,2025-08-19,2,1019.50,42,135,at_risk,Low,false
CUST02951,2025-07-08,2025-08-19,3,2424.20,42,21,at_risk,Medium,false
CUST02952,,,0,0.00,,,never_ordered,None,false
CUST02953,2025-06-25,2025-09-25,4,1139.00,5,30.7,active,Low,false
CUST02954,2025-06-05,2025-09-26,3,5637.00,4,56.5,active,High,false
CUST02955,,,0,0.00,,,never_ordered,None,false
CUST02956,2025-04-26,2025-08-17,8,5851.67,44,16.1,at_risk,High,true
CUST02957,2025-04-27,2025-08-28,3,489.00,33,61.5,at_risk,Low,false
CUST02958,2025-06-28,2025-06-28,1,2875.00,94,,lapsed,Medium,false
CUST02959,2025-07-24,2025-07-28,2,189.50,64,4,lapsed,Low,true
CUST02960,2025-04-30,2025-09-08,2,1319.00,22,131,cooling,Low,false
CUST02961,2025-09-26,2025-09-26,1,598.00,4,,active,Low,false
CUST02962,2025-04-01,2025-09-02,2,1782.00,28,154,cooling,Low,false
CUST02963,2025-06-02,2025-06-02,1,299.00,120,,lapsed,Low,false
CUST02964,,,0,0.00,,,never_ordered,None,false
CUST02965,2025-05-22,2025-09-25,5,2368.92,5,31.5,active,Medium,false
CUST02966,2025-04-26,2025-08-14,7,9061.00,47,18.3,at_risk,High,true
CUST02967,2025-05-04,2025-09-28,3,4139.00,2,73.5,active,Medium,false
CUST02968,2025-04-22,2025-09-19,6,5029.75,11,30,active,Medium,false
CUST02969,2025-04-18,2025-08-13,4,7280.00,48,39,at_risk,High,false
CUST02970,2025-04-21,2025-08-05,3,2045.00,56,53,at_risk,Low,false
CUST02971,,,0,0.00,,,never_ordered,None,false
CUST02972,2025-06-01,2025-06-01,1,720.80,121,,lapsed,Low,false
CUST02973,2025-04-02,2025-08-16,7,6597.10,45,22.7,at_risk,High,false
CUST02974,2025-04-17,2025-07-26,6,3468.90,66,20,lapsed,Medium,true
CUST02975,2025-04-02,2025-08-23,17,11572.83,38,8.9,at_risk,High,true
CUST02976,2025-04-01,2025-08-04,8,3819.20,57,17.9,at_risk,Medium,true
CUST02977,,,0,0.00,,,never_ordered,None,false
CUST02978,2025-05-26,2025-09-29,3,1574.00,1,63,active,Low,false
CUST02979,2025-05-05,2025-05-05,1,42.00,148,,lapsed,Low,false
CUST02980,2025-06-01,2025-07-20,2,565.15,72,49,lapsed,Low,false
CUST02981,,,0,0.00,,,never_ordered,None,false
CUST02982,2025-08-03,2025-09-05,5,2430.40,25,8.2,cooling,Medium,true
CUST02983,,,0,0.00,,,never_ordered,None,false
CUST02984,2025-04-05,2025-05-18,2,2276.00,135,43,lapsed,Medium,true
CUST02985,2025-04-08,2025-07-04,6,3623.80,88,17.4,lapsed,Medium,true
CUST02986,2025-04-10,2025-09-30,5,2694.42,0,43.2,active,Medium,false
CUST02987,2025-05-31,2025-08-28,5,7243.50,33,22.2,at_risk,High,false
CUST02988,2025-04-18,2025-09-22,9,9149.30,8,19.6,active,High,false
CUST02989,2025-04-04,2025-09-25,10,6264.15,5,19.3,active,High,false
CUST02990,,,0,0.00,,,never_ordered,None,false
CUST02991,2025-05-03,2025-09-26,9,14929.70,4,18.2,active,High,false
CUST02992,2025-04-09,2025-09-19,15,11720.70,11,11.6,active,High,false
CUST02993,2025-05-24,2025-09-19,5,2734.00,11,29.5,active,Medium,false
CUST02994,2025-04-04,2025-09-27,3,758.00,3,88,active,Low,false
CUST02995,2025-04-01,2025-09-28,7,4022.30,2,30,active,Medium,false
CUST02996,2025-04-19,2025-08-25,6,1527.90,36,25.6,at_risk,Low,false
CUST02997,,,0,0.00,,,never_ordered,None,false
CUST02998,2025-04-06,2025-09-20,8,23116.50,10,23.9,active,High,false
CUST02999,2025-04-29,2025-09-19,9,9483.80,11,17.9,active,High,false
CUST03000,2025-04-09,2025-04-21,2,1033.37,162,12,lapsed,Low,true
CUST03001,2025-05-29,2025-08-20,4,3463.10,41,27.7,at_risk,Medium,false
CUST03002,2025-05-28,2025-07-15,3,1953.00,77,24,lapsed,Low,true
CUST03003,2025-07-30,2025-07-30,1,428.00,62,,lapsed,Low,false
CUST03004,2025-05-20,2025-07-30,4,2375.00,62,23.7,lapsed,Medium,true
CUST03005,2025-04-17,2025-09-24,12,10144.35,6,14.5,active,High,false
CUST03006,2025-04-03,2025-08-28,5,2298.00,33,36.8,at_risk,Medium,false
CUST03007,2025-07-11,2025-09-20,7,6291.65,10,11.8,active,High,false
CUST03008,2025-04-21,2025-09-30,5,9550.20,0,40.5,active,High,false
CUST03009,2025-09-01,2025-09-01,1,1333.30,29,,cooling,Low,false
CUST03010,2025-07-20,2025-09-30,8,14286.30,0,10.3,active,High,false
CUST03011,2025-06-17,2025-06-29,3,1980.40,93,6,lapsed,Low,true
CUST03012,2025-04-02,2025-08-21,8,5751.80,40,20.1,at_risk,High,false
CUST03013,2025-04-18,2025-07-19,13,25239.35,73,7.7,lapsed,High,true
CUST03014,2025-07-30,2025-09-02,3,3546.00,28,17,cooling,Medium,false
CUST03015,2025-05-22,2025-09-11,3,2251.00,19,56,cooling,Medium,false
CUST03016,2025-04-09,2025-09-11,8,6130.60,19,22.1,cooling,High,false
CUST03017,2025-04-20,2025-07-26,2,2423.50,66,97,lapsed,Medium,false
CUST03018,2025-04-27,2025-09-28,7,9856.20,2,25.7,active,High,false
CUST03019,2025-04-06,2025-09-15,10,3731.62,15,18,cooling,Medium,false
CUST03020,2025-04-05,2025-08-26,10,8453.00,35,15.9,at_risk,High,true
CUST03021,2025-05-03,2025-09-21,5,7077.00,9,35.2,active,High,false
CUST03022,2025-07-16,2025-07-16,1,854.00,76,,lapsed,Low,false
CUST03023,2025-07-12,2025-08-16,3,6467.00,45,17.5,at_risk,High,true
CUST03024,2025-06-08,2025-09-24,4,2723.25,6,36,active,Medium,false
CUST03025,2025-09-01,2025-09-01,1,924.90,29,,cooling,Low,false
CUST03026,2025-04-05,2025-09-24,26,14964.20,6,6.9,active,High,false
CUST03027,2025-05-02,2025-09-16,7,3184.70,14,22.8,active,Medium,false
CUST03028,2025-04-03,2025-09-30,4,1963.00,0,60,active,Low,false
CUST03029,2025-06-09,2025-06-09,1,1547.20,113,,lapsed,Low,false
CUST03030,2025-06-12,2025-09-17,4,6581.30,13,32.3,active,High,false
CUST03031,,,0,0.00,,,never_ordered,None,false
CUST03032,2025-04-12,2025-08-30,8,12422.75,31,20,at_risk,High,false
CUST03033,2025-07-16,2025-09-17,2,879.00,13,63,active,Low,false
CUST03034,2025-05-06,2025-07-23,4,3458.00,69,26,lapsed,Medium,true
CUST03035,2025-04-11,2025-09-18,10,21183.15,12,17.8,active,High,false
CUST03036,2025-05-10,2025-08-12,4,1251.00,49,31.3,at_risk,Low,false
CUST03037,2025-05-03,2025-09-21,9,17854.15,9,17.6,active,High,false
CUST03038,2025-04-13,2025-08-17,8,17144.31,44,18,at_risk,High,true
CUST03039,2025-07-13,2025-07-13,1,153.00,79,,lapsed,Low,false
CUST03040,2025-04-29,2025-07-10,3,1011.40,82,36,lapsed,Low,true
CUST03041,2025-08-11,2025-08-11,1,284.40,50,,at_risk,Low,false
CUST03042,,,0,0.00,,,never_ordered,None,false
CUST03043,2025-05-14,2025-09-16,5,3721.00,14,31.2,active,Medium,false
CUST03044,2025-04-10,2025-09-09,8,10722.16,21,21.7,cooling,High,false
CUST03045,,,0,0.00,,,never_ordered,None,false
CUST03046,2025-06-20,2025-09-22,5,6251.10,8,23.5,active,High,false
CUST03047,2025-04-25,2025-08-13,6,4721.00,48,22,at_risk,Medium,true
CUST03048,2025-07-21,2025-07-21,1,1566.00,71,,lapsed,Low,false
CUST03049,2025-04-05,2025-09-23,14,16649.00,7,13.2,active,High,false
CUST03050,2025-06-08,2025-08-16,5,5195.00,45,17.2,at_risk,Medium,true
CUST03051,2025-04-01,2025-09-25,5,4572.00,5,44.2,active,Medium,false
CUST03052,2025-07-06,2025-07-22,2,1447.40,70,16,lapsed,Low,true
CUST03053,2025-04-02,2025-09-21,19,13713.10,9,9.6,active,High,false
CUST03054,,,0,0.00,,,never_ordered,None,false
CUST03055,2025-04-05,2025-09-01,5,5182.00,29,37.2,cooling,Medium,false
CUST03056,2025-07-07,2025-07-07,1,287.00,85,,lapsed,Low,false
CUST03057,2025-04-12,2025-09-17,24,14928.30,13,6.9,active,High,false
CUST03058,2025-05-23,2025-06-01,2,717.15,121,9,lapsed,Low,true
CUST03059,2025-04-04,2025-09-23,11,19052.90,7,17.2,active,High,false
CUST03060,2025-09-16,2025-09-23,3,1393.00,7,3.5,active,Low,false
CUST03061,,,0,0.00,,,never_ordered,None,false
CUST03062,2025-04-04,2025-09-17,5,2180.00,13,41.5,active,Medium,false
CUST03063,2025-04-03,2025-09-06,9,6545.00,24,19.5,cooling,High,false
CUST03064,2025-05-13,2025-09-30,7,6202.30,0,23.3,active,High,false
CUST03065,2025-08-01,2025-08-01,1,355.00,60,,at_risk,Low,false
CUST03066,2025-04-03,2025-06-16,5,1104.10,106,18.5,lapsed,Low,true
CUST03067,2025-07-03,2025-09-13,4,1971.00,17,24,cooling,Low,false
CUST03068,2025-04-24,2025-07-12,3,2870.60,80,39.5,lapsed,Medium,true
CUST03069,2025-04-02,2025-07-24,5,2659.15,68,28.2,lapsed,Medium,true
CUST03070,,,0,0.00,,,never_ordered,None,false
CUST03071,2025-08-03,2025-08-08,2,3992.00,53,5,at_risk,Medium,true
CUST03072,,,0,0.00,,,never_ordered,None,false
CUST03073,2025-09-04,2025-09-04,1,237.00,26,,cooling,Low,false
CUST03074,2025-05-19,2025-05-19,1,495.00,134,,lapsed,Low,false
CUST03075,2025-05-16,2025-08-25,4,1377.40,36,33.7,at_risk,Low,false
CUST03076,2025-05-01,2025-08-15,4,5988.50,46,35.3,at_risk,High,false
CUST03077,2025-04-13,2025-09-30,5,4193.00,0,42.5,active,Medium,false
CUST03078,2025-07-09,2025-09-06,2,3239.40,24,59,cooling,Medium,false
CUST03079,2025-05-03,2025-08-22,8,3936.02,39,15.9,at_risk,Medium,true
CUST03080,2025-04-26,2025-09-13,8,5343.60,17,20,cooling,High,false
CUST03081,2025-08-27,2025-08-27,1,3161.60,34,,at_risk,Medium,false
CUST03082,2025-09-12,2025-09-23,3,2749.00,7,5.5,active,Medium,false
CUST03083,2025-05-20,2025-08-29,4,2014.20,32,33.7,at_risk,Low,false
CUST03084,2025-06-05,2025-07-23,3,1389.20,69,24,lapsed,Low,true
CUST03085,2025-07-21,2025-07-21,1,398.40,71,,lapsed,Low,false
CUST03086,,,0,0.00,,,never_ordered,None,false
CUST03087,2025-04-07,2025-04-07,1,941.00,176,,lapsed,Low,false
CUST03088,2025-07-31,2025-09-25,4,1025.20,5,18.7,active,Low,false
CUST03089,2025-09-15,2025-09-15,1,719.00,15,,cooling,Low,false
CUST03090,2025-05-25,2025-09-21,6,2565.00,9,23.8,active,Medium,false
CUST03091,2025-04-13,2025-09-28,8,17274.85,2,24,active,High,false
CUST03092,2025-05-07,2025-09-19,8,2446.37,11,19.3,active,Medium,false
CUST03093,2025-04-17,2025-09-06,4,5695.20,24,47.3,cooling,High,false
CUST03094,2025-05-18,2025-05-18,1,1443.80,135,,lapsed,Low,false
CUST03095,2025-04-13,2025-08-12,6,3800.10,49,24.2,at_risk,Medium,true
CUST03096,2025-06-06,2025-09-17,2,2643.25,13,103,active,Medium,false
CUST03097,2025-05-23,2025-09-30,13,11770.31,0,10.8,active,High,false
CUST03098,2025-05-18,2025-09-08,5,5945.00,22,28.2,cooling,High,false
CUST03099,2025-04-09,2025-09-05,6,1738.05,25,29.8,cooling,Low,false
CUST03100,2025-08-24,2025-08-24,1,559.00,37,,at_risk,Low,false
CUST03101,2025-05-01,2025-07-09,4,2620.00,83,23,lapsed,Medium,true
CUST03102,2025-04-30,2025-04-30,1,1163.20,153,,lapsed,Low,false
CUST03103,2025-04-01,2025-09-29,3,1315.00,1,90.5,active,Low,false
CUST03104,2025-05-15,2025-09-20,2,1561.00,10,128,active,Low,false
CUST03105,2025-04-29,2025-08-24,5,9699.00,37,29.2,at_risk,High,false
CUST03106,,,0,0.00,,,never_ordered,None,false
CUST03107,2025-04-01,2025-06-25,3,2689.00,97,42.5,lapsed,Medium,true
CUST03108,2025-04-03,2025-09-29,9,3226.40,1,22.4,active,Medium,false
CUST03109,2025-04-17,2025-08-25,7,4868.80,36,21.7,at_risk,Medium,false
CUST03110,2025-09-09,2025-09-30,2,2856.00,0,21,active,Medium,false
CUST03111,2025-08-06,2025-08-20,2,861.00,41,14,at_risk,Low,true
CUST03112,2025-08-18,2025-08-18,1,282.00,43,,at_risk,Low,false
CUST03113,2025-06-17,2025-09-08,7,8874.90,22,13.8,cooling,High,false
CUST03114,,,0,0.00,,,never_ordered,None,false
CUST03115,2025-04-25,2025-09-17,20,15271.90,13,7.6,active,High,false
CUST03116,2025-04-22,2025-08-30,6,14270.70,31,26,at_risk,High,false
CUST03117,2025-04-14,2025-09-18,9,8997.20,12,19.6,active,High,false
CUST03118,2025-04-28,2025-06-10,3,5402.55,112,21.5,lapsed,High,true
CUST03119,2025-08-26,2025-08-26,1,323.00,35,,at_risk,Low,false
CUST03120,2025-04-02,2025-09-11,6,4273.20,19,32.4,cooling,Medium,false
CUST03121,,,0,0.00,,,never_ordered,None,false
CUST03122,2025-04-29,2025-08-23,2,4636.20,38,116,at_risk,Medium,false
CUST03123,2025-06-05,2025-09-23,6,3757.40,7,22,active,Medium,false
CUST03124,2025-04-11,2025-08-24,6,6633.50,37,27,at_risk,High,false
CUST03125,2025-04-03,2025-09-02,13,9796.99,28,12.7,cooling,High,true
CUST03126,2025-05-03,2025-09-29,10,12953.15,1,16.6,active,High,false
CUST03127,2025-05-25,2025-09-27,6,8071.30,3,25,active,High,false
CUST03128,2025-07-15,2025-09-14,2,2227.00,16,61,cooling,Medium,false
CUST03129,2025-04-03,2025-09-05,6,3794.40,25,31,cooling,Medium,false
CUST03130,2025-07-07,2025-08-27,5,2916.50,34,12.8,at_risk,Medium,true
CUST03131,2025-04-08,2025-09-26,6,4278.10,4,34.2,active,Medium,false
CUST03132,2025-07-19,2025-07-19,1,410.00,73,,lapsed,Low,false
CUST03133,2025-04-12,2025-09-05,14,7286.30,25,11.2,cooling,High,true
CUST03134,,,0,0.00,,,never_ordered,None,false
CUST03135,2025-09-15,2025-09-15,1,2171.50,15,,cooling,Medium,false
CUST03136,2025-05-06,2025-05-06,1,1236.00,147,,lapsed,Low,false
CUST03137,2025-04-03,2025-09-28,3,2072.00,2,89,active,Medium,false
CUST03138,,,0,0.00,,,never_ordered,None,false
CUST03139,2025-05-06,2025-09-24,10,13157.95,6,15.7,active,High,false
CUST03140,2025-04-10,2025-08-18,7,5127.50,43,21.7,at_risk,Medium,false
CUST03141,2025-08-16,2025-09-30,2,1313.25,0,45,active,Low,false
CUST03142,2025-06-21,2025-08-06,3,4718.00,55,23,at_risk,Medium,true
CUST03143,2025-07-14,2025-07-14,1,938.00,78,,lapsed,Low,false
CUST03144,2025-04-01,2025-09-28,22,15127.45,2,8.6,active,High,false
CUST03145,2025-09-20,2025-09-20,1,534.00,10,,active,Low,false
CUST03146,2025-05-28,2025-07-18,5,3562.90,74,12.8,lapsed,Medium,true
CUST03147,2025-04-21,2025-09-24,27,19237.00,6,6,active,High,false
CUST03148,2025-05-07,2025-09-24,4,1433.00,6,46.7,active,Low,false
CUST03149,2025-04-13,2025-09-25,13,20809.60,5,13.8,active,High,false
CUST03150,2025-05-28,2025-09-05,5,3696.00,25,25,cooling,Medium,false
CUST03151,2025-06-05,2025-09-19,13,11755.59,11,8.8,active,High,false
CUST03152,2025-04-08,2025-09-10,6,4211.70,20,31,cooling,Medium,false
CUST03153,2025-07-02,2025-09-26,6,9529.10,4,17.2,active,High,false
CUST03154,2025-07-17,2025-09-08,3,789.20,22,26.5,cooling,Low,false
CUST03155,2025-04-03,2025-09-23,8,6704.30,7,24.7,active,High,false
CUST03156,2025-04-09,2025-09-25,3,2438.00,5,84.5,active,Medium,false
CUST03157,2025-05-16,2025-09-17,11,10009.30,13,12.4,active,High,false
CUST03158,2025-04-12,2025-08-02,8,17404.00,59,16,at_risk,High,true
CUST03159,2025-07-17,2025-09-10,2,2406.20,20,55,cooling,Medium,false
CUST03160,2025-05-23,2025-06-26,2,118.60,96,34,lapsed,Low,true
CUST03161,2025-04-15,2025-08-14,7,5417.40,47,20.2,at_risk,High,true
CUST03162,2025-04-10,2025-09-03,9,6252.25,27,18.2,cooling,High,false
CUST03163,2025-08-28,2025-09-24,2,1890.00,6,27,active,Low,false
CUST03164,2025-08-03,2025-09-28,2,376.00,2,56,active,Low,false
CUST03165,2025-05-08,2025-09-12,8,10180.80,18,18.1,cooling,High,false
CUST03166,2025-04-14,2025-08-01,3,3367.00,60,54.5,at_risk,Medium,false
CUST03167,2025-07-09,2025-09-24,7,1995.60,6,12.8,active,Low,false
CUST03168,2025-04-18,2025-07-08,3,2060.20,84,40.5,lapsed,Medium,true
CUST03169,2025-04-09,2025-09-16,6,5749.00,14,32,active,High,false
CUST03170,2025-07-13,2025-07-13,1,913.00,79,,lapsed,Low,false
CUST03171,2025-05-30,2025-09-24,6,5827.77,6,23.4,active,High,false
CUST03172,2025-06-21,2025-08-26,4,3358.00,35,22,at_risk,Medium,false
CUST03173,2025-04-13,2025-04-13,1,613.00,170,,lapsed,Low,false
CUST03174,2025-06-22,2025-09-12,4,7537.00,18,27.3,cooling,High,false
CUST03175,2025-04-05,2025-07-31,8,9228.00,61,16.7,lapsed,High,true
CUST03176,,,0,0.00,,,never_ordered,None,false
CUST03177,2025-04-01,2025-08-21,6,2764.43,40,28.4,at_risk,Medium,false
CUST03178,2025-05-13,2025-09-20,13,13870.84,10,10.8,active,High,false
CUST03179,2025-07-15,2025-07-20,2,2068.00,72,5,lapsed,Medium,true
CUST03180,2025-06-01,2025-09-30,6,5706.80,0,24.2,active,High,false
CUST03181,2025-05-01,2025-05-05,3,2378.55,148,2,lapsed,Medium,true
CUST03182,2025-04-06,2025-08-24,8,13058.20,37,20,at_risk,High,false
CUST03183,,,0,0.00,,,never_ordered,None,false
CUST03184,2025-04-30,2025-09-12,11,16457.25,18,13.5,cooling,High,false
CUST03185,2025-08-26,2025-08-26,1,3289.30,35,,at_risk,Medium,false
CUST03186,2025-05-08,2025-09-21,11,8361.00,9,13.6,active,High,false
CUST03187,2025-06-16,2025-08-16,2,342.50,45,61,at_risk,Low,false
CUST03188,2025-06-03,2025-08-16,3,2781.00,45,37,at_risk,Medium,false
CUST03189,2025-04-20,2025-09-28,5,5929.60,2,40.2,active,High,false
CUST03190,2025-06-05,2025-07-26,4,10095.70,66,17,lapsed,High,true
CUST03191,,,0,0.00,,,never_ordered,None,false
CUST03192,2025-09-25,2025-09-25,1,277.00,5,,active,Low,false
CUST03193,2025-04-09,2025-09-17,8,4902.40,13,23,active,Medium,false
CUST03194,2025-04-21,2025-09-21,8,14300.30,9,21.9,active,High,false
CUST03195,,,0,0.00,,,never_ordered,None,false
CUST03196,2025-09-23,2025-09-23,1,1077.00,7,,active,Low,false
CUST03197,2025-04-01,2025-09-10,6,6482.15,20,32.4,cooling,High,false
CUST03198,2025-04-29,2025-08-30,3,5755.00,31,61.5,at_risk,High,false
CUST03199,,,0,0.00,,,never_ordered,None,false
CUST03200,2025-04-13,2025-06-22,5,12290.00,100,17.5,lapsed,High,true
CUST03201,2025-05-26,2025-09-03,5,1993.30,27,25,cooling,Low,false
CUST03202,2025-05-09,2025-07-11,3,1472.00,81,31.5,lapsed,Low,true
CUST03203,2025-06-24,2025-09-11,3,1073.00,19,39.5,cooling,Low,false
CUST03204,2025-04-03,2025-09-28,20,11015.15,2,9.4,active,High,false
CUST03205,2025-04-19,2025-09-21,8,13479.55,9,22.1,active,High,false
CUST03206,2025-05-10,2025-07-12,4,7488.80,80,21,lapsed,High,true
CUST03207,2025-04-16,2025-09-06,9,9352.00,24,17.9,cooling,High,false
CUST03208,2025-08-29,2025-08-29,1,694.00,32,,at_risk,Low,false
CUST03209,2025-04-11,2025-09-23,4,2153.00,7,55,active,Medium,false
CUST03210,2025-05-18,2025-09-30,6,6234.00,0,27,active,High,false
CUST03211,2025-04-22,2025-09-19,14,14323.00,11,11.5,active,High,false
CUST03212,2025-04-28,2025-09-26,8,4639.00,4,21.6,active,Medium,false
CUST03213,,,0,0.00,,,never_ordered,None,false
CUST03214,2025-09-12,2025-09-12,1,750.00,18,,cooling,Low,false
CUST03215,2025-04-02,2025-09-27,13,5415.40,3,14.8,active,High,false
CUST03216,2025-04-16,2025-09-20,6,11053.60,10,31.4,active,High,false
CUST03217,2025-08-06,2025-08-30,3,901.50,31,12,at_risk,Low,true
CUST03218,2025-04-19,2025-09-19,5,7333.60,11,38.2,active,High,false
CUST03219,2025-04-11,2025-09-09,4,2430.00,21,50.3,cooling,Medium,false
CUST03220,2025-07-25,2025-09-30,2,1132.90,0,67,active,Low,false
CUST03221,2025-05-25,2025-09-12,7,12028.65,18,18.3,cooling,High,false
CUST03222,2025-04-08,2025-08-12,3,628.00,49,63,at_risk,Low,false
CUST03223,2025-07-11,2025-08-30,2,2593.00,31,50,at_risk,Medium,false
CUST03224,,,0,0.00,,,never_ordered,None,false
CUST03225,,,0,0.00,,,never_ordered,None,false
CUST03226,2025-05-10,2025-09-15,9,2574.95,15,16,cooling,Medium,false
CUST03227,2025-05-27,2025-09-29,5,2907.00,1,31.2,active,Medium,false
CUST03228,,,0,0.00,,,never_ordered,None,false
CUST03229,2025-04-25,2025-09-11,4,795.00,19,46.3,cooling,Low,false
CUST03230,2025-04-06,2025-08-10,8,12482.95,51,18,at_risk,High,true
CUST03231,2025-04-26,2025-08-13,7,11395.20,48,18.2,at_risk,High,true
CUST03232,2025-04-28,2025-08-27,7,3059.40,34,20.2,at_risk,Medium,false
CUST03233,2025-05-22,2025-09-14,5,5212.85,16,28.8,cooling,Medium,false
CUST03234,2025-05-03,2025-09-10,3,1089.00,20,65,cooling,Low,false
CUST03235,2025-06-06,2025-08-23,6,5817.00,38,15.6,at_risk,High,true
CUST03236,2025-08-17,2025-08-17,1,1132.00,44,,at_risk,Low,false
CUST03237,2025-04-05,2025-09-21,9,10813.00,9,21.1,active,High,false
CUST03238,2025-07-24,2025-09-28,3,2199.50,2,33,active,Medium,false
CUST03239,2025-07-18,2025-07-18,1,291.00,74,,lapsed,Low,false
CUST03240,2025-05-31,2025-06-22,2,2981.80,100,22,lapsed,Medium,true
CUST03241,2025-05-06,2025-09-09,4,5994.00,21,42,cooling,High,false
CUST03242,,,0,0.00,,,never_ordered,None,false
CUST03243,2025-06-20,2025-09-11,3,1324.00,19,41.5,cooling,Low,false
CUST03244,2025-07-06,2025-08-08,2,2969.89,53,33,at_risk,Medium,false
CUST03245,2025-05-21,2025-08-21,6,4634.60,40,18.4,at_risk,Medium,true
CUST03246,2025-06-14,2025-06-14,1,392.00,108,,lapsed,Low,false
CUST03247,2025-04-04,2025-08-24,7,5278.05,37,23.7,at_risk,Medium,false
CUST03248,2025-04-11,2025-07-07,3,1545.20,85,43.5,lapsed,Low,false
CUST03249,,,0,0.00,,,never_ordered,None,false
CUST03250,2025-04-11,2025-09-16,5,6208.60,14,39.5,active,High,false
CUST03251,2025-08-17,2025-09-17,2,2383.10,13,31,active,Medium,false
CUST03252,2025-08-03,2025-09-23,4,1655.00,7,17,active,Low,false
CUST03253,2025-05-06,2025-07-21,3,1386.80,71,38,lapsed,Low,false
CUST03254,2025-05-12,2025-07-29,5,7003.00,63,19.5,lapsed,High,true
CUST03255,2025-04-03,2025-09-27,8,9987.10,3,25.3,active,High,false
CUST03256,2025-07-16,2025-09-23,4,5625.00,7,23,active,High,false
CUST03257,2025-08-17,2025-09-27,7,7297.25,3,6.8,active,High,false
CUST03258,2025-06-12,2025-06-12,1,843.55,110,,lapsed,Low,false
CUST03259,2025-04-03,2025-09-26,36,29260.52,4,5,active,High,false
CUST03260,2025-08-11,2025-08-11,1,867.00,50,,at_risk,Low,false
CUST03261,2025-05-26,2025-09-26,3,1558.50,4,61.5,active,Low,false
CUST03262,2025-05-18,2025-09-19,3,496.00,11,62,active,Low,false
CUST03263,,,0,0.00,,,never_ordered,None,false
CUST03264,2025-06-25,2025-06-30,2,923.00,92,5,lapsed,Low,true
CUST03265,2025-04-01,2025-09-10,5,10765.00,20,40.5,cooling,High,false
CUST03266,2025-07-13,2025-09-09,3,5503.80,21,29,cooling,High,false
CUST03267,2025-04-19,2025-08-24,4,6862.80,37,42.3,at_risk,High,false
CUST03268,,,0,0.00,,,never_ordered,None,false
CUST03269,2025-04-28,2025-08-22,10,18325.05,39,12.9,at_risk,High,true
CUST03270,2025-08-13,2025-09-27,4,5564.00,3,15,active,High,false
CUST03271,2025-04-03,2025-09-25,19,15556.70,5,9.7,active,High,false
CUST03272,2025-05-08,2025-09-24,14,9249.29,6,10.7,active,High,false
CUST03273,,,0,0.00,,,never_ordered,None,false
CUST03274,2025-04-18,2025-09-24,9,5451.20,6,19.9,active,High,false
CUST03275,2025-04-05,2025-09-25,7,7792.15,5,28.8,active,High,false
CUST03276,2025-04-07,2025-09-13,7,4953.00,17,26.5,cooling,Medium,false
CUST03277,2025-04-11,2025-08-06,12,12792.20,55,10.6,at_risk,High,true
CUST03278,2025-04-01,2025-08-28,4,3103.20,33,49.7,at_risk,Medium,false
CUST03279,,,0,0.00,,,never_ordered,None,false
CUST03280,2025-04-17,2025-09-20,10,3398.00,10,17.3,active,Medium,false
CUST03281,2025-09-27,2025-09-27,1,964.00,3,,active,Low,false
CUST03282,2025-04-05,2025-04-05,1,1444.00,178,,lapsed,Low,false
CUST03283,,,0,0.00,,,never_ordered,None,false
CUST03284,2025-04-10,2025-09-15,10,8459.60,15,17.6,cooling,High,false
CUST03285,2025-06-20,2025-08-21,4,667.00,40,20.7,at_risk,Low,false
CUST03286,2025-05-17,2025-08-31,3,6005.75,30,53,cooling,High,false
CUST03287,2025-07-04,2025-08-13,2,1083.50,48,40,at_risk,Low,false
CUST03288,2025-04-19,2025-09-04,10,9496.30,26,15.3,cooling,High,false
CUST03289,2025-07-31,2025-09-15,3,4533.20,15,23,cooling,Medium,false
CUST03290,2025-05-17,2025-09-27,12,10698.50,3,12.1,active,High,false
CUST03291,2025-05-14,2025-09-28,2,703.00,2,137,active,Low,false
CUST03292,2025-04-15,2025-09-09,3,3156.00,21,73.5,cooling,Medium,false
CUST03293,2025-05-13,2025-08-16,4,496.25,45,31.7,at_risk,Low,false
CUST03294,2025-05-10,2025-09-04,5,6073.00,26,29.2,cooling,High,false
CUST03295,2025-07-10,2025-08-30,4,1948.40,31,17,at_risk,Low,false
CUST03296,2025-04-08,2025-08-30,12,4099.40,31,13.1,at_risk,Medium,true
CUST03297,2025-04-23,2025-09-12,9,4358.15,18,17.8,cooling,Medium,false
CUST03298,2025-04-30,2025-08-19,4,2285.80,42,37,at_risk,Medium,false
CUST03299,2025-06-06,2025-07-04,2,1615.25,88,28,lapsed,Low,true
CUST03300,2025-09-27,2025-09-27,1,2194.00,3,,active,Medium,false
CUST03301,2025-08-14,2025-09-20,4,1505.00,10,12.3,active,Low,false
CUST03302,2025-06-27,2025-06-27,1,522.00,95,,lapsed,Low,false
CUST03303,2025-09-09,2025-09-28,2,1930.60,2,19,active,Low,false
CUST03304,2025-04-06,2025-08-27,8,7011.90,34,20.4,at_risk,High,false
CUST03305,2025-04-14,2025-08-29,2,750.00,32,137,at_risk,Low,false
CUST03306,2025-05-07,2025-09-24,2,3612.09,6,140,active,Medium,false
CUST03307,2025-04-18,2025-07-09,3,1441.00,83,41,lapsed,Low,true
CUST03308,2025-04-26,2025-06-23,4,1422.60,99,19.3,lapsed,Low,true
CUST03309,2025-04-10,2025-09-24,3,1527.60,6,83.5,active,Low,false
CUST03310,2025-04-16,2025-08-31,8,4273.40,30,19.6,cooling,Medium,false
CUST03311,2025-06-07,2025-09-19,9,7388.32,11,13,active,High,false
CUST03312,2025-04-01,2025-08-24,8,8839.75,37,20.7,at_risk,High,false
CUST03313,2025-05-26,2025-06-27,4,4014.00,95,10.7,lapsed,Medium,true
CUST03314,2025-04-16,2025-09-05,11,8995.95,25,14.2,cooling,High,false
CUST03315,,,0,0.00,,,never_ordered,None,false
CUST03316,2025-06-09,2025-06-14,2,2220.00,108,5,lapsed,Medium,true
CUST03317,,,0,0.00,,,never_ordered,None,false
CUST03318,2025-09-28,2025-09-28,1,303.00,2,,active,Low,false
CUST03319,2025-04-22,2025-09-14,9,14017.50,16,18.1,cooling,High,false
CUST03320,2025-05-08,2025-09-27,5,5008.00,3,35.5,active,Medium,false
CUST03321,2025-07-12,2025-09-21,2,4089.00,9,71,active,Medium,false
CUST03322,2025-04-11,2025-09-26,17,24499.45,4,10.5,active,High,false
CUST03323,2025-08-15,2025-09-07,3,5371.00,23,11.5,cooling,High,false
CUST03324,2025-06-06,2025-09-03,3,2009.00,27,44.5,cooling,Low,false
CUST03325,2025-04-02,2025-09-29,15,14820.20,1,12.9,active,High,false
CUST03326,,,0,0.00,,,never_ordered,None,false
CUST03327,2025-04-11,2025-07-31,4,7523.50,61,37,lapsed,High,false
CUST03328,2025-06-11,2025-08-22,5,4382.00,39,18,at_risk,Medium,true
CUST03329,2025-04-18,2025-09-25,10,2018.70,5,17.8,active,Low,false
CUST03330,2025-06-07,2025-06-07,1,936.25,115,,lapsed,Low,false
CUST03331,2025-08-29,2025-08-29,1,1505.00,32,,at_risk,Low,false
CUST03332,2025-06-08,2025-06-08,1,858.00,114,,lapsed,Low,false
CUST03333,2025-04-18,2025-08-24,3,2821.40,37,64,at_risk,Medium,false
CUST03334,2025-08-12,2025-09-24,6,5319.10,6,8.6,active,High,false
CUST03335,2025-04-09,2025-09-05,12,8358.15,25,13.5,cooling,High,false
CUST03336,,,0,0.00,,,never_ordered,None,false
CUST03337,2025-06-01,2025-08-10,3,5000.20,51,35,at_risk,Medium,false
CUST03338,2025-06-14,2025-07-26,2,2611.00,66,42,lapsed,Medium,false
CUST03339,2025-07-14,2025-09-20,2,1147.00,10,68,active,Low,false
CUST03340,2025-04-17,2025-07-31,5,1877.36,61,26.2,lapsed,Low,true
CUST03341,2025-04-08,2025-09-10,9,9016.30,20,19.4,cooling,High,false
CUST03342,2025-06-05,2025-09-15,11,5916.80,15,10.2,cooling,High,false
CUST03343,2025-06-02,2025-06-02,1,796.00,120,,lapsed,Low,false
CUST03344,,,0,0.00,,,never_ordered,None,false
CUST03345,2025-05-01,2025-07-10,4,5656.00,82,23.3,lapsed,High,true
CUST03346,2025-04-18,2025-05-22,3,2861.00,131,17,lapsed,Medium,true
CUST03347,2025-05-18,2025-08-07,4,1955.00,54,27,at_risk,Low,false
CUST03348,2025-04-04,2025-07-13,7,6502.59,79,16.7,lapsed,High,true
CUST03349,2025-06-07,2025-06-07,1,2649.00,115,,lapsed,Medium,false
CUST03350,,,0,0.00,,,never_ordered,None,false
CUST03351,2025-04-15,2025-08-20,7,3749.94,41,21.2,at_risk,Medium,false
CUST03352,2025-04-04,2025-07-17,7,2422.00,75,17.3,lapsed,Medium,true
CUST03353,2025-05-25,2025-09-20,2,2142.00,10,118,active,Medium,false
CUST03354,2025-05-17,2025-08-31,4,3480.80,30,35.3,cooling,Medium,false
CUST03355,,,0,0.00,,,never_ordered,None,false
CUST03356,,,0,0.00,,,never_ordered,None,false
CUST03357,2025-04-03,2025-08-28,4,2930.00,33,49,at_risk,Medium,false
CUST03358,2025-05-07,2025-09-23,7,4078.00,7,23.2,active,Medium,false
CUST03359,2025-07-21,2025-09-23,3,4674.00,7,32,active,Medium,false
CUST03360,2025-04-24,2025-09-07,7,6090.80,23,22.7,cooling,High,false
CUST03361,,,0,0.00,,,never_ordered,None,false
CUST03362,2025-07-14,2025-07-25,3,2331.00,67,5.5,lapsed,Medium,true
CUST03363,2025-04-21,2025-09-12,6,13390.75,18,28.8,cooling,High,false
CUST03364,2025-08-25,2025-09-08,4,4103.00,22,4.7,cooling,Medium,true
CUST03365,2025-04-03,2025-09-06,6,4125.80,24,31.2,cooling,Medium,false
CUST03366,,,0,0.00,,,never_ordered,None,false
CUST03367,2025-04-19,2025-09-27,10,14730.20,3,17.9,active,High,false
CUST03368,2025-05-21,2025-09-18,7,18023.15,12,20,active,High,false
CUST03369,2025-07-21,2025-08-30,4,3678.55,31,13.3,at_risk,Medium,true
CUST03370,,,0,0.00,,,never_ordered,None,false
CUST03371,,,0,0.00,,,never_ordered,None,false
CUST03372,2025-08-31,2025-08-31,1,109.00,30,,cooling,Low,false
CUST03373,2025-05-04,2025-09-29,2,1695.00,1,148,active,Low,false
CUST03374,,,0,0.00,,,never_ordered,None,false
CUST03375,,,0,0.00,,,never_ordered,None,false
CUST03376,2025-04-15,2025-09-26,6,12380.20,4,32.8,active,High,false
CUST03377,,,0,0.00,,,never_ordered,None,false
CUST03378,2025-09-15,2025-09-15,1,1462.00,15,,cooling,Low,false
CUST03379,2025-04-03,2025-09-26,15,6940.80,4,12.6,active,High,false
CUST03380,2025-05-10,2025-09-26,6,2265.90,4,27.8,active,Medium,false
CUST03381,2025-05-12,2025-05-12,1,248.00,141,,lapsed,Low,false
CUST03382,2025-05-29,2025-09-25,3,4858.00,5,59.5,active,Medium,false
CUST03383,2025-04-11,2025-09-17,5,5795.00,13,39.8,active,High,false
CUST03384,2025-04-04,2025-08-09,11,10855.00,52,12.7,at_risk,High,true
CUST03385,2025-04-03,2025-07-30,2,399.00,62,118,lapsed,Low,false
CUST03386,2025-05-08,2025-05-08,1,1580.20,145,,lapsed,Low,false
CUST03387,2025-08-25,2025-08-25,1,440.00,36,,at_risk,Low,false
CUST03388,2025-05-30,2025-09-06,2,521.40,24,99,cooling,Low,false
CUST03389,,,0,0.00,,,never_ordered,None,false
CUST03390,2025-09-07,2025-09-07,1,470.00,23,,cooling,Low,false
CUST03391,,,0,0.00,,,never_ordered,None,false
CUST03392,2025-09-08,2025-09-08,1,1893.65,22,,cooling,Low,false
CUST03393,2025-04-05,2025-09-30,36,30237.90,0,5.1,active,High,false
CUST03394,2025-04-29,2025-08-23,3,2852.30,38,58,at_risk,Medium,false
CUST03395,,,0,0.00,,,never_ordered,None,false
CUST03396,2025-04-21,2025-09-28,6,2054.00,2,32,active,Medium,false
CUST03397,2025-04-05,2025-07-27,12,18348.50,65,10.3,lapsed,High,true
CUST03398,2025-07-06,2025-09-18,2,192.00,12,74,active,Low,false
CUST03399,2025-05-01,2025-09-10,10,5657.50,20,14.7,cooling,High,false
CUST03400,2025-09-14,2025-09-14,1,253.00,16,,cooling,Low,false
CUST03401,2025-04-10,2025-09-14,9,5617.10,16,19.6,cooling,High,false
CUST03402,2025-08-20,2025-08-20,1,1495.00,41,,at_risk,Low,false
CUST03403,,,0,0.00,,,never_ordered,None,false
CUST03404,,,0,0.00,,,never_ordered,None,false
CUST03405,2025-04-22,2025-09-26,10,12994.60,4,17.4,active,High,false
CUST03406,,,0,0.00,,,never_ordered,None,false
CUST03407,2025-06-20,2025-09-20,6,4466.00,10,18.4,active,Medium,false
CUST03408,2025-07-24,2025-09-04,5,3078.00,26,10.5,cooling,Medium,true
CUST03409,2025-09-17,2025-09-17,1,353.30,13,,active,Low,false
CUST03410,,,0,0.00,,,never_ordered,None,false
CUST03411,2025-04-27,2025-09-01,6,5162.60,29,25.4,cooling,Medium,false
CUST03412,2025-05-06,2025-09-27,5,1053.00,3,36,active,Low,false
CUST03413,2025-04-09,2025-09-13,12,9125.70,17,14.3,cooling,High,false
CUST03414,,,0,0.00,,,never_ordered,None,false
CUST03415,2025-04-11,2025-08-31,10,6651.71,30,15.8,cooling,High,false
CUST03416,2025-07-21,2025-07-21,1,753.00,71,,lapsed,Low,false
CUST03417,,,0,0.00,,,never_ordered,None,false
CUST03418,2025-06-02,2025-09-11,4,2826.70,19,33.7,cooling,Medium,false
CUST03419,2025-06-26,2025-06-26,1,618.00,96,,lapsed,Low,false
CUST03420,2025-04-22,2025-09-07,10,7154.00,23,15.3,cooling,High,false
CUST03421,2025-05-13,2025-05-13,1,502.00,140,,lapsed,Low,false
CUST03422,2025-04-20,2025-09-14,7,5638.60,16,24.5,cooling,High,false
CUST03423,2025-08-31,2025-08-31,1,2048.00,30,,cooling,Low,false
CUST03424,2025-05-14,2025-09-08,6,4160.11,22,23.4,cooling,Medium,false
CUST03425,2025-05-31,2025-09-17,2,1118.80,13,109,active,Low,false
CUST03426,2025-04-04,2025-09-24,11,4301.20,6,17.3,active,Medium,false
CUST03427,2025-04-22,2025-08-17,6,10762.50,44,23.4,at_risk,High,false
CUST03428,2025-07-15,2025-08-31,6,3109.50,30,9.4,cooling,Medium,true
CUST03429,,,0,0.00,,,never_ordered,None,false
CUST03430,2025-04-09,2025-09-09,7,4389.00,21,25.5,cooling,Medium,false
CUST03431,2025-08-09,2025-08-09,1,1330.00,52,,at_risk,Low,false
CUST03432,2025-04-12,2025-06-22,2,2882.20,100,71,lapsed,Medium,false
CUST03433,2025-04-03,2025-08-28,9,4838.00,33,18.4,at_risk,Medium,false
CUST03434,2025-07-06,2025-07-06,1,1003.30,86,,lapsed,Low,false
CUST03435,2025-09-28,2025-09-28,1,1778.00,2,,active,Low,false
CUST03436,2025-09-08,2025-09-08,1,1512.00,22,,cooling,Low,false
CUST03437,2025-04-10,2025-09-15,6,3509.07,15,31.6,cooling,Medium,false
CUST03438,2025-05-04,2025-08-12,8,11422.41,49,14.3,at_risk,High,true
CUST03439,2025-07-07,2025-09-06,2,1778.60,24,61,cooling,Low,false
CUST03440,2025-04-01,2025-08-30,10,12167.00,31,16.8,at_risk,High,false
CUST03441,2025-04-11,2025-09-30,9,4344.20,0,21.5,active,Medium,false
CUST03442,2025-04-23,2025-06-13,3,3188.80,109,25.5,lapsed,Medium,true
CUST03443,2025-04-23,2025-08-16,5,9862.20,45,28.8,at_risk,High,false
CUST03444,2025-09-03,2025-09-19,2,2039.80,11,16,active,Low,false
CUST03445,2025-04-10,2025-06-03,2,542.20,119,54,lapsed,Low,true
CUST03446,2025-04-12,2025-09-09,13,8637.95,21,12.5,cooling,High,false
CUST03447,2025-07-15,2025-09-30,2,1050.00,0,77,active,Low,false
CUST03448,2025-04-06,2025-08-13,3,1389.50,48,64.5,at_risk,Low,false
CUST03449,2025-05-21,2025-05-21,1,213.00,132,,lapsed,Low,false
CUST03450,,,0,0.00,,,never_ordered,None,false
CUST03451,2025-04-19,2025-09-27,14,25453.00,3,12.4,active,High,false
CUST03452,2025-08-19,2025-08-28,2,1271.60,33,9,at_risk,Low,true
CUST03453,2025-04-14,2025-09-24,13,12426.10,6,13.6,active,High,false
CUST03454,2025-07-03,2025-07-24,2,699.00,68,21,lapsed,Low,true
CUST03455,2025-05-29,2025-08-31,4,3713.20,30,31.3,cooling,Medium,false
CUST03456,,,0,0.00,,,never_ordered,None,false
CUST03457,2025-04-23,2025-08-15,3,595.25,46,57,at_risk,Low,false
CUST03458,2025-05-31,2025-06-14,3,4101.60,108,7,lapsed,Medium,true
CUST03459,2025-09-24,2025-09-25,2,1506.00,5,1,active,Low,true
CUST03460,2025-04-07,2025-09-05,6,3417.20,25,30.2,cooling,Medium,false
CUST03461,2025-06-24,2025-09-24,7,1816.90,6,15.3,active,Low,false
CUST03462,2025-04-01,2025-09-28,13,13132.85,2,15,active,High,false
CUST03463,2025-04-04,2025-08-27,8,4323.00,34,20.7,at_risk,Medium,false
CUST03464,2025-05-03,2025-09-17,8,6094.70,13,19.6,active,High,false
CUST03465,2025-04-10,2025-09-24,14,5158.00,6,12.8,active,Medium,false
CUST03466,2025-09-23,2025-09-28,2,4654.00,2,5,active,Medium,false
CUST03467,2025-04-20,2025-09-24,7,4572.00,6,26.2,active,Medium,false
CUST03468,,,0,0.00,,,never_ordered,None,false
CUST03469,2025-05-13,2025-09-26,21,15163.56,4,6.8,active,High,false
CUST03470,2025-04-04,2025-09-06,11,3935.85,24,15.5,cooling,Medium,false
CUST03471,,,0,0.00,,,never_ordered,None,false
CUST03472,2025-09-26,2025-09-26,1,28.09,4,,active,Low,false
CUST03473,2025-04-26,2025-09-17,5,2075.30,13,36,active,Medium,false
CUST03474,2025-06-17,2025-09-27,5,7229.00,3,25.5,active,High,false
CUST03475,2025-04-02,2025-08-29,6,5561.00,32,29.8,at_risk,High,false
CUST03476,2025-05-23,2025-06-10,2,3748.00,112,18,lapsed,Medium,true
CUST03477,2025-04-12,2025-08-17,6,3972.40,44,25.4,at_risk,Medium,false
CUST03478,2025-05-30,2025-05-30,1,315.50,123,,lapsed,Low,false
CUST03479,,,0,0.00,,,never_ordered,None,false
CUST03480,2025-07-30,2025-09-23,2,2470.20,7,55,active,Medium,false
CUST03481,,,0,0.00,,,never_ordered,None,false
CUST03482,2025-04-04,2025-09-01,11,11259.90,29,15,cooling,High,false
CUST03483,2025-06-14,2025-08-09,9,20308.30,52,7,at_risk,High,true
CUST03484,2025-08-22,2025-08-22,1,1855.20,39,,at_risk,Low,false
CUST03485,,,0,0.00,,,never_ordered,None,false
CUST03486,2025-05-07,2025-08-15,5,1414.00,46,25,at_risk,Low,false
CUST03487,,,0,0.00,,,never_ordered,None,false
CUST03488,2025-04-19,2025-08-02,4,5341.20,59,35,at_risk,High,false
CUST03489,2025-08-23,2025-08-23,1,1603.00,38,,at_risk,Low,false
CUST03490,2025-04-08,2025-09-28,15,30701.90,2,12.4,active,High,false
CUST03491,2025-04-18,2025-06-01,2,348.00,121,44,lapsed,Low,true
CUST03492,2025-04-09,2025-06-26,2,3511.00,96,78,lapsed,Medium,false
CUST03493,2025-08-24,2025-09-14,3,2216.00,16,10.5,cooling,Medium,false
CUST03494,2025-07-02,2025-09-30,2,1586.00,0,90,active,Low,false
CUST03495,,,0,0.00,,,never_ordered,None,false
CUST03496,2025-06-26,2025-07-01,2,6237.00,91,5,lapsed,High,true
CUST03497,2025-09-01,2025-09-26,2,547.00,4,25,active,Low,false
CUST03498,2025-04-02,2025-09-09,11,15897.60,21,16,cooling,High,false
CUST03499,,,0,0.00,,,never_ordered,None,false
CUST03500,,,0,0.00,,,never_ordered,None,false
CUST03501,2025-05-12,2025-07-28,4,1866.00,64,25.7,lapsed,Low,true
CUST03502,2025-05-27,2025-08-12,5,3258.00,49,19.2,at_risk,Medium,true
CUST03503,2025-06-04,2025-08-14,3,1284.00,47,35.5,at_risk,Low,false
CUST03504,2025-05-26,2025-08-29,2,1807.00,32,95,at_risk,Low,false
CUST03505,2025-04-01,2025-08-19,6,5585.00,42,28,at_risk,High,false
CUST03506,2025-04-18,2025-06-14,3,1425.35,108,28.5,lapsed,Low,true
CUST03507,,,0,0.00,,,never_ordered,None,false
CUST03508,2025-06-06,2025-09-19,9,3863.30,11,13.1,active,Medium,false
CUST03509,2025-04-20,2025-08-13,5,1896.00,48,28.8,at_risk,Low,false
CUST03510,2025-05-24,2025-07-12,4,2212.90,80,16.3,lapsed,Medium,true
CUST03511,,,0,0.00,,,never_ordered,None,false
CUST03512,2025-08-13,2025-09-26,2,4774.00,4,44,active,Medium,false
CUST03513,2025-09-03,2025-09-16,2,1090.00,14,13,active,Low,false
CUST03514,2025-04-10,2025-08-05,3,882.80,56,58.5,at_risk,Low,false
CUST03515,,,0,0.00,,,never_ordered,None,false
CUST03516,2025-05-08,2025-07-16,2,1547.00,76,69,lapsed,Low,false
CUST03517,2025-04-11,2025-09-21,7,30187.65,9,27.2,active,High,false
CUST03518,2025-04-26,2025-09-07,15,24294.65,23,9.6,cooling,High,true
CUST03519,2025-05-13,2025-07-23,5,2600.70,69,17.8,lapsed,Medium,true
CUST03520,2025-04-06,2025-09-10,2,2794.00,20,157,cooling,Medium,false
CUST03521,2025-05-12,2025-09-08,8,5022.00,22,17,cooling,Medium,false
CUST03522,2025-04-29,2025-04-29,1,21.00,154,,lapsed,Low,false
CUST03523,2025-04-12,2025-09-27,5,1223.00,3,42,active,Low,false
CUST03524,2025-04-29,2025-09-22,12,11920.56,8,13.3,active,High,false
CUST03525,2025-04-17,2025-09-25,3,2067.60,5,80.5,active,Medium,false
CUST03526,2025-09-14,2025-09-14,1,1655.30,16,,cooling,Low,false
CUST03527,2025-04-05,2025-09-29,9,16828.00,1,22.1,active,High,false
CUST03528,2025-06-07,2025-09-24,8,2611.20,6,15.6,active,Medium,false
CUST03529,2025-04-04,2025-09-28,17,10685.45,2,11.1,active,High,false
CUST03530,2025-05-06,2025-09-06,5,7496.00,24,30.8,cooling,High,false
CUST03531,2025-04-01,2025-09-25,43,32618.71,5,4.2,active,High,false
CUST03532,2025-04-27,2025-08-23,5,7236.40,38,29.5,at_risk,High,false
CUST03533,2025-04-05,2025-09-12,39,23728.99,18,4.2,cooling,High,true
CUST03534,2025-05-26,2025-09-29,4,5885.00,1,42,active,High,false
CUST03535,2025-04-16,2025-07-11,3,1168.00,81,43,lapsed,Low,false
CUST03536,2025-04-02,2025-08-07,6,2241.00,54,25.4,at_risk,Medium,true
CUST03537,2025-05-19,2025-05-19,1,1109.20,134,,lapsed,Low,false
CUST03538,2025-04-14,2025-09-23,9,6652.60,7,20.2,active,High,false
CUST03539,2025-09-10,2025-09-24,2,2382.00,6,14,active,Medium,false
CUST03540,2025-04-15,2025-09-15,5,3488.20,15,38.2,cooling,Medium,false
CUST03541,2025-07-17,2025-09-22,3,3325.00,8,33.5,active,Medium,false
CUST03542,2025-04-14,2025-09-12,11,3779.80,18,15.1,cooling,Medium,false
CUST03543,2025-04-23,2025-09-13,5,3182.50,17,35.8,cooling,Medium,false
CUST03544,2025-05-27,2025-09-30,3,1925.00,0,63,active,Low,false
CUST03545,2025-07-27,2025-09-04,2,4133.80,26,39,cooling,Medium,false
CUST03546,2025-09-23,2025-09-23,1,867.00,7,,active,Low,false
CUST03547,2025-04-21,2025-04-21,1,255.00,162,,lapsed,Low,false
CUST03548,2025-05-04,2025-07-26,5,8687.65,66,20.8,lapsed,High,true
CUST03549,2025-07-16,2025-07-16,1,769.00,76,,lapsed,Low,false
CUST03550,,,0,0.00,,,never_ordered,None,false
CUST03551,2025-06-19,2025-08-20,3,4105.25,41,31,at_risk,Medium,false
CUST03552,2025-05-02,2025-09-19,4,1420.00,11,46.7,active,Low,false
CUST03553,2025-04-16,2025-09-04,9,4263.22,26,17.6,cooling,Medium,false
CUST03554,2025-04-02,2025-09-29,10,8645.50,1,20,active,High,false
CUST03555,,,0,0.00,,,never_ordered,None,false
CUST03556,,,0,0.00,,,never_ordered,None,false
CUST03557,2025-04-20,2025-09-10,5,2503.00,20,35.8,cooling,Medium,false
CUST03558,2025-06-06,2025-07-16,3,1566.00,76,20,lapsed,Low,true
CUST03559,2025-04-04,2025-07-07,4,4230.00,85,31.3,lapsed,Medium,true
CUST03560,2025-08-31,2025-08-31,1,611.00,30,,cooling,Low,false
CUST03561,2025-04-04,2025-09-14,6,6563.00,16,32.6,cooling,High,false
CUST03562,2025-09-16,2025-09-18,2,3570.40,12,2,active,Medium,true
CUST03563,,,0,0.00,,,never_ordered,None,false
CUST03564,2025-04-22,2025-08-11,4,3887.30,50,37,at_risk,Medium,false
CUST03565,2025-04-24,2025-09-22,12,15355.00,8,13.7,active,High,false
CUST03566,2025-05-09,2025-09-19,7,4140.00,11,22.2,active,Medium,false
CUST03567,2025-04-25,2025-09-27,8,5561.60,3,22.1,active,High,false
CUST03568,2025-04-05,2025-09-01,12,17874.00,29,13.5,cooling,High,true
CUST03569,2025-06-29,2025-09-29,4,3334.00,1,30.7,active,Medium,false
CUST03570,2025-04-05,2025-09-18,11,17869.34,12,16.6,active,High,false
CUST03571,2025-09-10,2025-09-17,2,4804.00,13,7,active,Medium,false
CUST03572,,,0,0.00,,,never_ordered,None,false
CUST03573,2025-04-28,2025-09-29,4,8324.90,1,51.3,active,High,false
CUST03574,2025-04-01,2025-07-25,9,4390.40,67,14.4,lapsed,Medium,true
CUST03575,2025-09-03,2025-09-25,3,2637.00,5,11,active,Medium,false
CUST03576,2025-05-10,2025-09-20,11,5768.00,10,13.3,active,High,false
CUST03577,2025-05-29,2025-08-31,9,18461.90,30,11.8,cooling,High,true
CUST03578,2025-04-01,2025-08-25,9,8573.80,36,18.2,at_risk,High,false
CUST03579,,,0,0.00,,,never_ordered,None,false
CUST03580,,,0,0.00,,,never_ordered,None,false
CUST03581,2025-04-26,2025-09-27,6,3069.40,3,30.8,active,Medium,false
CUST03582,2025-07-06,2025-07-06,1,599.00,86,,lapsed,Low,false
CUST03583,2025-04-10,2025-09-29,6,2656.90,1,34.4,active,Medium,false
CUST03584,2025-05-05,2025-07-13,4,5933.00,79,23,lapsed,High,true
CUST03585,,,0,0.00,,,never_ordered,None,false
CUST03586,,,0,0.00,,,never_ordered,None,false
CUST03587,2025-04-03,2025-09-04,8,13194.60,26,22,cooling,High,false
CUST03588,2025-04-08,2025-09-28,14,10193.10,2,13.3,active,High,false
CUST03589,2025-07-07,2025-09-23,6,11253.00,7,15.6,active,High,false
CUST03590,2025-07-19,2025-07-19,1,906.00,73,,lapsed,Low,false
CUST03591,2025-04-04,2025-07-24,2,1165.00,68,111,lapsed,Low,false
CUST03592,2025-04-08,2025-09-19,3,1836.10,11,82,active,Low,false
CUST03593,2025-04-15,2025-09-06,3,792.20,24,72,cooling,Low,false
CUST03594,2025-04-07,2025-09-30,12,5459.20,0,16,active,High,false
CUST03595,2025-04-26,2025-09-23,5,2113.00,7,37.5,active,Medium,false
CUST03596,2025-07-27,2025-09-21,2,3160.00,9,56,active,Medium,false
CUST03597,2025-06-13,2025-09-17,3,1363.00,13,48,active,Low,false
CUST03598,2025-06-28,2025-06-28,1,1004.00,94,,lapsed,Low,false
CUST03599,2025-04-12,2025-08-29,4,1343.50,32,46.3,at_risk,Low,false
CUST03600,2025-07-04,2025-07-23,4,3605.00,69,6.3,lapsed,Medium,true
CUST03601,2025-07-17,2025-09-18,5,12234.37,12,15.8,active,High,false
CUST03602,2025-07-25,2025-09-25,2,1879.00,5,62,active,Low,false
CUST03603,2025-08-30,2025-09-23,4,960.25,7,8,active,Low,false
CUST03604,2025-09-07,2025-09-07,1,1356.30,23,,cooling,Low,false
CUST03605,2025-07-31,2025-09-08,3,1973.00,22,19.5,cooling,Low,false
CUST03606,2025-05-16,2025-09-07,5,3952.73,23,28.5,cooling,Medium,false
CUST03607,2025-07-15,2025-09-18,4,1469.50,12,21.7,active,Low,false
CUST03608,2025-08-20,2025-09-16,2,1705.00,14,27,active,Low,false
CUST03609,,,0,0.00,,,never_ordered,None,false
CUST03610,2025-04-13,2025-08-29,11,7661.20,32,13.8,at_risk,High,true
CUST03611,2025-09-27,2025-09-27,1,1932.00,3,,active,Low,false
CUST03612,2025-07-28,2025-08-12,2,320.40,49,15,at_risk,Low,true
CUST03613,,,0,0.00,,,never_ordered,None,false
CUST03614,2025-08-07,2025-08-07,1,2037.00,54,,at_risk,Low,false
CUST03615,2025-04-17,2025-04-17,1,32.00,166,,lapsed,Low,false
CUST03616,2025-06-01,2025-06-08,2,5504.60,114,7,lapsed,High,true
CUST03617,2025-04-17,2025-09-21,9,22734.40,9,19.6,active,High,false
CUST03618,2025-04-07,2025-07-22,3,3358.00,70,53,lapsed,Medium,false
CUST03619,2025-04-23,2025-07-20,11,4086.15,72,8.8,lapsed,Medium,true
CUST03620,2025-07-30,2025-09-19,3,4441.50,11,25.5,active,Medium,false
CUST03621,2025-09-15,2025-09-17,2,1081.80,13,2,active,Low,true
CUST03622,2025-05-30,2025-09-02,7,3571.20,28,15.8,cooling,Medium,false
CUST03623,2025-04-21,2025-09-24,11,6881.98,6,15.6,active,High,false
CUST03624,2025-05-27,2025-09-23,7,2549.60,7,19.8,active,Medium,false
CUST03625,2025-08-02,2025-08-02,1,894.97,59,,at_risk,Low,false
CUST03626,2025-06-29,2025-07-25,2,485.00,67,26,lapsed,Low,true
CUST03627,2025-04-13,2025-09-21,5,4152.50,9,40.2,active,Medium,false
CUST03628,2025-09-12,2025-09-13,2,732.00,17,1,cooling,Low,true
CUST03629,2025-07-01,2025-09-05,3,1324.40,25,33,cooling,Low,false
CUST03630,2025-04-26,2025-09-02,12,8921.10,28,11.7,cooling,High,true
CUST03631,,,0,0.00,,,never_ordered,None,false
CUST03632,2025-09-25,2025-09-25,1,248.00,5,,active,Low,false
CUST03633,2025-04-05,2025-09-14,5,4906.55,16,40.5,cooling,Medium,false
CUST03634,2025-04-17,2025-08-20,5,1578.20,41,31.2,at_risk,Low,false
CUST03635,2025-05-19,2025-05-19,1,269.00,134,,lapsed,Low,false
CUST03636,2025-04-04,2025-08-22,13,4281.60,39,11.7,at_risk,Medium,true
CUST03637,2025-07-06,2025-07-06,1,1537.00,86,,lapsed,Low,false
CUST03638,2025-05-10,2025-05-10,1,228.00,143,,lapsed,Low,false
CUST03639,2025-08-03,2025-09-05,5,2466.00,25,8.2,cooling,Medium,true
CUST03640,2025-06-19,2025-09-11,3,1510.00,19,42,cooling,Low,false
CUST03641,2025-04-05,2025-09-13,16,21971.40,17,10.7,cooling,High,false
CUST03642,2025-07-10,2025-07-10,1,24.00,82,,lapsed,Low,false
CUST03643,2025-04-01,2025-09-25,12,6856.00,5,16.1,active,High,false
CUST03644,2025-04-04,2025-08-19,6,9556.00,42,27.4,at_risk,High,false
CUST03645,2025-05-18,2025-08-28,4,5070.73,33,34,at_risk,Medium,false
CUST03646,,,0,0.00,,,never_ordered,None,false
CUST03647,2025-04-19,2025-09-19,4,7124.00,11,51,active,High,false
CUST03648,2025-04-03,2025-09-13,9,4162.70,17,20.4,cooling,Medium,false
CUST03649,2025-04-13,2025-07-10,7,4737.10,82,14.7,lapsed,Medium,true
CUST03650,2025-07-13,2025-07-13,1,512.10,79,,lapsed,Low,false
CUST03651,2025-05-29,2025-09-30,4,7573.55,0,41.3,active,High,false
CUST03652,2025-04-14,2025-04-14,1,1380.00,169,,lapsed,Low,false
CUST03653,2025-04-12,2025-09-20,12,20811.85,10,14.6,active,High,false
CUST03654,2025-05-26,2025-09-23,5,3712.00,7,30,active,Medium,false
CUST03655,2025-04-16,2025-07-07,5,4997.70,85,20.5,lapsed,Medium,true
CUST03656,2025-07-20,2025-09-07,4,3826.00,23,16.3,cooling,Medium,false
CUST03657,2025-04-04,2025-09-25,11,17126.75,5,17.4,active,High,false
CUST03658,2025-06-03,2025-06-03,1,131.00,119,,lapsed,Low,false
CUST03659,2025-08-03,2025-08-03,1,206.00,58,,at_risk,Low,false
CUST03660,2025-04-06,2025-09-28,10,16045.60,2,19.4,active,High,false
CUST03661,2025-04-17,2025-09-12,4,8297.80,18,49.3,cooling,High,false
CUST03662,2025-05-02,2025-09-04,9,4780.25,26,15.6,cooling,Medium,false
CUST03663,,,0,0.00,,,never_ordered,None,false
CUST03664,2025-04-18,2025-09-25,7,3434.00,5,26.7,active,Medium,false
CUST03665,2025-04-07,2025-09-28,13,5759.75,2,14.5,active,High,false
CUST03666,2025-04-08,2025-09-25,6,5718.40,5,34,active,High,false
CUST03667,2025-06-07,2025-06-23,3,10765.00,99,8,lapsed,High,true
CUST03668,2025-05-16,2025-09-28,7,9892.00,2,22.5,active,High,false
CUST03669,2025-06-14,2025-07-12,3,1512.20,80,14,lapsed,Low,true
CUST03670,2025-04-05,2025-04-05,1,333.00,178,,lapsed,Low,false
CUST03671,2025-04-25,2025-09-14,10,4004.00,16,15.8,cooling,Medium,false
CUST03672,2025-04-15,2025-09-12,7,7441.00,18,25,cooling,High,false
CUST03673,,,0,0.00,,,never_ordered,None,false
CUST03674,2025-04-01,2025-08-25,9,18946.05,36,18.2,at_risk,High,false
CUST03675,2025-08-21,2025-09-08,3,1724.50,22,9,cooling,Low,true
CUST03676,2025-05-26,2025-09-17,4,3193.30,13,38,active,Medium,false
CUST03677,2025-04-28,2025-09-11,5,5189.00,19,34,cooling,Medium,false
CUST03678,2025-07-15,2025-09-06,3,1266.40,24,26.5,cooling,Low,false
CUST03679,2025-04-15,2025-09-28,11,4575.80,2,16.6,active,Medium,false
CUST03680,2025-04-03,2025-08-09,4,4032.90,52,42.7,at_risk,Medium,false
CUST03681,2025-04-02,2025-09-29,27,20192.72,1,6.9,active,High,false
CUST03682,2025-04-26,2025-08-06,2,624.00,55,102,at_risk,Low,false
CUST03683,2025-04-07,2025-09-28,8,7059.00,2,24.9,active,High,false
CUST03684,2025-04-07,2025-07-26,2,1533.50,66,110,lapsed,Low,false
CUST03685,2025-09-27,2025-09-27,1,2110.00,3,,active,Medium,false
CUST03686,2025-07-13,2025-09-21,2,2705.00,9,70,active,Medium,false
CUST03687,2025-08-17,2025-09-06,3,1181.75,24,10,cooling,Low,true
CUST03688,2025-04-20,2025-09-28,19,17511.90,2,8.9,active,High,false
CUST03689,2025-09-27,2025-09-27,1,446.00,3,,active,Low,false
CUST03690,2025-04-25,2025-09-28,6,2543.00,2,31.2,active,Medium,false
CUST03691,2025-04-10,2025-07-19,5,1466.45,73,25,lapsed,Low,true
CUST03692,,,0,0.00,,,never_ordered,None,false
CUST03693,2025-06-10,2025-09-24,4,2902.80,6,35.3,active,Medium,false
CUST03694,2025-05-15,2025-07-23,2,1387.10,69,69,lapsed,Low,false
CUST03695,2025-06-14,2025-06-14,1,940.00,108,,lapsed,Low,false
CUST03696,2025-04-01,2025-09-18,22,20665.20,12,8.1,active,High,false
CUST03697,2025-08-15,2025-08-15,1,237.00,46,,at_risk,Low,false
CUST03698,2025-06-20,2025-07-26,5,5526.40,66,9,lapsed,High,true
CUST03699,2025-04-07,2025-06-14,5,3227.00,108,17,lapsed,Medium,true
CUST03700,2025-06-23,2025-08-18,3,1368.80,43,28,at_risk,Low,false
CUST03701,2025-06-27,2025-08-05,3,2685.00,56,19.5,at_risk,Medium,true
CUST03702,2025-04-15,2025-08-22,6,9968.70,39,25.8,at_risk,High,false
CUST03703,2025-04-06,2025-09-11,8,5236.10,19,22.6,cooling,Medium,false
CUST03704,2025-06-21,2025-09-20,6,8737.90,10,18.2,active,High,false
CUST03705,2025-04-25,2025-08-11,5,2783.00,50,27,at_risk,Medium,false
CUST03706,2025-04-07,2025-09-29,9,9248.60,1,21.9,active,High,false
CUST03707,2025-04-18,2025-05-22,2,105.00,131,34,lapsed,Low,true
CUST03708,2025-04-07,2025-09-06,8,3414.80,24,21.7,cooling,Medium,false
CUST03709,2025-07-10,2025-09-24,4,950.50,6,25.3,active,Low,false
CUST03710,2025-04-04,2025-08-24,3,5257.55,37,71,at_risk,Medium,false
CUST03711,2025-05-03,2025-09-12,3,6275.30,18,66,cooling,High,false
CUST03712,2025-04-14,2025-08-01,2,1513.00,60,109,at_risk,Low,false
CUST03713,2025-08-28,2025-09-18,2,3662.00,12,21,active,Medium,false
CUST03714,2025-06-19,2025-07-19,5,2572.00,73,7.5,lapsed,Medium,true
CUST03715,2025-04-15,2025-06-02,3,11316.45,120,24,lapsed,High,true
CUST03716,2025-04-28,2025-06-13,3,487.00,109,23,lapsed,Low,true
CUST03717,2025-04-12,2025-04-28,2,4566.00,155,16,lapsed,Medium,true
CUST03718,,,0,0.00,,,never_ordered,None,false
CUST03719,2025-04-08,2025-08-25,6,5778.00,36,27.8,at_risk,High,false
CUST03720,2025-04-18,2025-09-09,10,4455.60,21,16,cooling,Medium,false
CUST03721,,,0,0.00,,,never_ordered,None,false
CUST03722,2025-04-03,2025-09-08,31,10023.55,22,5.3,cooling,High,true
CUST03723,2025-04-25,2025-07-08,4,4477.10,84,24.7,lapsed,Medium,true
CUST03724,2025-05-05,2025-08-15,3,1463.00,46,51,at_risk,Low,false
CUST03725,,,0,0.00,,,never_ordered,None,false
CUST03726,2025-05-04,2025-06-12,2,4095.00,110,39,lapsed,Medium,true
CUST03727,2025-04-20,2025-09-14,7,7205.18,16,24.5,cooling,High,false
CUST03728,2025-04-14,2025-09-20,7,8632.00,10,26.5,active,High,false
CUST03729,,,0,0.00,,,never_ordered,None,false
CUST03730,2025-05-25,2025-09-11,9,2489.75,19,13.6,cooling,Medium,false
CUST03731,,,0,0.00,,,never_ordered,None,false
CUST03732,2025-04-13,2025-09-13,4,2212.70,17,51,cooling,Medium,false
CUST03733,2025-04-17,2025-09-26,14,10272.90,4,12.5,active,High,false
CUST03734,2025-07-09,2025-09-28,3,5399.80,2,40.5,active,High,false
CUST03735,2025-05-29,2025-09-19,4,3689.25,11,37.7,active,Medium,false
CUST03736,2025-05-21,2025-08-08,5,1814.70,53,19.8,at_risk,Low,true
CUST03737,2025-04-29,2025-09-13,5,1264.20,17,34.2,cooling,Low,false
CUST03738,2025-05-04,2025-09-15,9,7940.40,15,16.8,cooling,High,false
CUST03739,2025-04-25,2025-08-14,7,2001.60,47,18.5,at_risk,Low,true
CUST03740,2025-04-17,2025-09-21,10,2961.08,9,17.4,active,Medium,false
CUST03741,,,0,0.00,,,never_ordered,None,false
CUST03742,2025-04-02,2025-04-28,2,426.00,155,26,lapsed,Low,true
CUST03743,2025-05-01,2025-09-07,3,183.60,23,64.5,cooling,Low,false
CUST03744,,,0,0.00,,,never_ordered,None,false
CUST03745,2025-05-05,2025-09-08,2,1918.90,22,126,cooling,Low,false
CUST03746,2025-04-15,2025-06-15,3,1926.40,107,30.5,lapsed,Low,true
CUST03747,2025-04-02,2025-08-11,15,5271.40,50,9.4,at_risk,Medium,true
CUST03748,2025-06-07,2025-06-17,2,6110.50,105,10,lapsed,High,true
CUST03749,2025-04-12,2025-07-18,6,3164.00,74,19.4,lapsed,Medium,true
CUST03750,2025-04-24,2025-09-28,3,4133.40,2,78.5,active,Medium,false
CUST03751,2025-04-03,2025-09-21,18,13960.00,9,10.1,active,High,false
CUST03752,2025-06-08,2025-08-30,3,3950.00,31,41.5,at_risk,Medium,false
CUST03753,2025-05-20,2025-08-12,5,1596.00,49,21,at_risk,Low,true
CUST03754,2025-06-16,2025-09-14,4,3108.00,16,30,cooling,Medium,false
CUST03755,2025-08-03,2025-08-03,1,152.00,58,,at_risk,Low,false
CUST03756,2025-04-12,2025-08-23,5,1472.30,38,33.2,at_risk,Low,false
CUST03757,2025-04-08,2025-08-06,4,8114.60,55,40,at_risk,High,false
CUST03758,2025-05-02,2025-09-24,7,2664.00,6,24.2,active,Medium,false
CUST03759,2025-06-20,2025-09-18,7,3520.00,12,15,active,Medium,false
CUST03760,2025-05-31,2025-09-24,5,4420.80,6,29,active,Medium,false
CUST03761,2025-04-14,2025-08-13,4,3178.50,48,40.3,at_risk,Medium,false
CUST03762,2025-05-06,2025-08-26,4,667.90,35,37.3,at_risk,Low,false
CUST03763,2025-05-08,2025-08-22,6,3188.75,39,21.2,at_risk,Medium,false
CUST03764,2025-05-31,2025-09-20,6,8314.50,10,22.4,active,High,false
CUST03765,2025-05-05,2025-08-25,10,22220.05,36,12.4,at_risk,High,true
CUST03766,2025-04-10,2025-09-12,8,3043.00,18,22.1,cooling,Medium,false
CUST03767,2025-04-29,2025-09-23,6,3294.00,7,29.4,active,Medium,false
CUST03768,2025-05-13,2025-09-24,16,13994.85,6,8.9,active,High,false
CUST03769,2025-04-02,2025-09-17,15,5969.86,13,12,active,High,false
CUST03770,2025-08-26,2025-08-26,1,967.00,35,,at_risk,Low,false
CUST03771,2025-04-14,2025-08-29,3,1366.20,32,68.5,at_risk,Low,false
CUST03772,2025-04-15,2025-09-21,8,12393.96,9,22.7,active,High,false
CUST03773,2025-06-01,2025-09-28,3,2395.75,2,59.5,active,Medium,false
CUST03774,2025-09-18,2025-09-18,1,1392.00,12,,active,Low,false
CUST03775,2025-08-25,2025-08-25,1,2253.00,36,,at_risk,Medium,false
CUST03776,2025-04-15,2025-08-01,4,2808.20,60,36,at_risk,Medium,false
CUST03777,,,0,0.00,,,never_ordered,None,false
CUST03778,2025-04-10,2025-06-24,3,1946.60,98,37.5,lapsed,Low,true
CUST03779,,,0,0.00,,,never_ordered,None,false
CUST03780,2025-05-02,2025-07-12,5,1083.20,80,17.8,lapsed,Low,true
CUST03781,2025-04-08,2025-07-26,4,2325.75,66,36.3,lapsed,Medium,false
CUST03782,2025-04-02,2025-09-20,13,7222.35,10,14.2,active,High,false
CUST03783,2025-05-03,2025-09-20,8,14707.40,10,20,active,High,false
CUST03784,2025-06-24,2025-08-13,3,3580.50,48,25,at_risk,Medium,false
CUST03785,2025-09-28,2025-09-28,1,158.00,2,,active,Low,false
CUST03786,2025-06-19,2025-08-24,3,2656.00,37,33,at_risk,Medium,false
CUST03787,2025-04-25,2025-09-01,7,11633.20,29,21.5,cooling,High,false
CUST03788,2025-05-08,2025-08-20,3,2591.00,41,52,at_risk,Medium,false
CUST03789,2025-04-14,2025-09-22,18,7412.90,8,9.5,active,High,false
CUST03790,2025-04-29,2025-09-02,2,2007.00,28,126,cooling,Low,false
CUST03791,2025-04-12,2025-09-29,21,10334.85,1,8.5,active,High,false
CUST03792,2025-04-21,2025-09-30,6,2410.40,0,32.4,active,Medium,false
CUST03793,,,0,0.00,,,never_ordered,None,false
CUST03794,2025-04-23,2025-04-23,1,298.20,160,,lapsed,Low,false
CUST03795,2025-04-12,2025-04-14,2,442.10,169,2,lapsed,Low,true
CUST03796,,,0,0.00,,,never_ordered,None,false
CUST03797,2025-04-08,2025-09-26,15,11935.20,4,12.2,active,High,false
CUST03798,2025-05-05,2025-09-06,4,3126.00,24,41.3,cooling,Medium,false
CUST03799,2025-04-06,2025-09-13,8,3588.55,17,22.9,cooling,Medium,false
CUST03800,2025-04-02,2025-09-24,13,15498.19,6,14.6,active,High,false
CUST03801,2025-04-07,2025-09-19,7,3514.20,11,27.5,active,Medium,false
CUST03802,2025-04-04,2025-05-17,3,2779.00,136,21.5,lapsed,Medium,true
CUST03803,2025-04-24,2025-09-25,12,11210.70,5,14,active,High,false
CUST03804,,,0,0.00,,,never_ordered,None,false
CUST03805,2025-04-18,2025-09-28,12,3780.90,2,14.8,active,Medium,false
CUST03806,,,0,0.00,,,never_ordered,None,false
CUST03807,2025-04-30,2025-06-18,3,1070.00,104,24.5,lapsed,Low,true
CUST03808,2025-04-17,2025-07-20,4,2528.80,72,31.3,lapsed,Medium,true
CUST03809,2025-06-25,2025-06-25,1,1653.00,97,,lapsed,Low,false
CUST03810,2025-08-22,2025-08-22,1,852.00,39,,at_risk,Low,false
CUST03811,2025-04-04,2025-08-26,15,12822.60,35,10.3,at_risk,High,true
CUST03812,2025-04-05,2025-09-24,20,12093.45,6,9.1,active,High,false
CUST03813,2025-04-20,2025-06-08,2,3944.00,114,49,lapsed,Medium,true
CUST03814,,,0,0.00,,,never_ordered,None,false
CUST03815,2025-05-06,2025-09-18,5,2804.85,12,33.8,active,Medium,false
CUST03816,2025-06-14,2025-09-11,7,14432.90,19,14.8,cooling,High,false
CUST03817,2025-04-20,2025-09-05,6,2664.35,25,27.6,cooling,Medium,false
CUST03818,2025-06-25,2025-08-30,4,3893.00,31,22,at_risk,Medium,false
CUST03819,2025-04-19,2025-09-27,17,30402.20,3,10.1,active,High,false
CUST03820,2025-04-28,2025-06-15,4,3161.00,107,16,lapsed,Medium,true
CUST03821,2025-04-26,2025-09-23,5,11319.80,7,37.5,active,High,false
CUST03822,2025-07-20,2025-09-10,4,1231.80,20,17.3,cooling,Low,false
CUST03823,2025-04-02,2025-09-11,7,5791.00,19,27,cooling,High,false
CUST03824,2025-04-13,2025-06-04,5,5380.35,118,13,lapsed,High,true
CUST03825,2025-07-23,2025-07-23,1,82.00,69,,lapsed,Low,false
CUST03826,2025-05-05,2025-09-26,4,2164.00,4,48,active,Medium,false
CUST03827,2025-04-04,2025-09-26,7,7978.30,4,29.2,active,High,false
CUST03828,2025-04-08,2025-09-23,14,10693.70,7,12.9,active,High,false
CUST03829,2025-06-04,2025-09-28,6,2574.00,2,23.2,active,Medium,false
CUST03830,,,0,0.00,,,never_ordered,None,false
CUST03831,2025-08-24,2025-09-22,2,2200.80,8,29,active,Medium,false
CUST03832,2025-04-02,2025-09-14,6,5047.80,16,33,cooling,Medium,false
CUST03833,,,0,0.00,,,never_ordered,None,false
CUST03834,2025-04-20,2025-09-05,5,2238.00,25,34.5,cooling,Medium,false
CUST03835,2025-05-10,2025-09-03,2,3852.00,27,116,cooling,Medium,false
CUST03836,2025-09-12,2025-09-13,2,1955.00,17,1,cooling,Low,true
CUST03837,2025-09-16,2025-09-24,2,1379.00,6,8,active,Low,false
CUST03838,2025-04-09,2025-09-12,17,20272.70,18,9.8,cooling,High,false
CUST03839,2025-06-21,2025-09-28,3,2941.60,2,49.5,active,Medium,false
CUST03840,2025-05-27,2025-09-06,4,6107.60,24,34,cooling,High,false
CUST03841,2025-04-09,2025-09-29,15,9834.65,1,12.4,active,High,false
CUST03842,2025-07-28,2025-09-21,5,2218.90,9,13.8,active,Medium,false
CUST03843,2025-06-06,2025-08-18,7,4485.15,43,12.2,at_risk,Medium,true
CUST03844,2025-04-24,2025-09-25,5,2642.00,5,38.5,active,Medium,false
CUST03845,2025-05-11,2025-09-14,4,7376.00,16,42,cooling,High,false
CUST03846,2025-05-24,2025-08-01,2,1192.00,60,69,at_risk,Low,false
CUST03847,2025-09-08,2025-09-28,2,2096.00,2,20,active,Medium,false
CUST03848,2025-05-12,2025-08-23,7,5476.00,38,17.2,at_risk,High,true
CUST03849,2025-08-22,2025-09-25,2,1085.00,5,34,active,Low,false
CUST03850,2025-05-24,2025-05-24,1,200.10,129,,lapsed,Low,false
CUST03851,2025-04-06,2025-08-27,6,3746.00,34,28.6,at_risk,Medium,false
CUST03852,,,0,0.00,,,never_ordered,None,false
CUST03853,2025-08-30,2025-09-27,2,2473.00,3,28,active,Medium,false
CUST03854,2025-04-15,2025-07-05,4,2940.25,87,27,lapsed,Medium,true
CUST03855,,,0,0.00,,,never_ordered,None,false
CUST03856,2025-04-18,2025-08-29,5,3119.00,32,33.2,at_risk,Medium,false
CUST03857,2025-08-25,2025-09-11,2,2280.00,19,17,cooling,Medium,false
CUST03858,2025-07-21,2025-07-21,1,300.00,71,,lapsed,Low,false
CUST03859,2025-07-17,2025-09-26,10,20777.90,4,7.9,active,High,false
CUST03860,2025-08-18,2025-09-11,2,1535.50,19,24,cooling,Low,false
CUST03861,2025-04-02,2025-09-07,14,12478.00,23,12.2,cooling,High,false
CUST03862,2025-04-02,2025-09-27,7,7262.20,3,29.7,active,High,false
CUST03863,2025-04-06,2025-09-25,17,11136.47,5,10.8,active,High,false
CUST03864,2025-09-01,2025-09-01,1,611.00,29,,cooling,Low,false
CUST03865,2025-06-17,2025-06-26,2,816.70,96,9,lapsed,Low,true
CUST03866,2025-05-17,2025-08-04,2,650.00,57,79,at_risk,Low,false
CUST03867,2025-04-05,2025-09-25,9,2169.00,5,21.6,active,Medium,false
CUST03868,,,0,0.00,,,never_ordered,None,false
CUST03869,2025-07-01,2025-07-01,1,463.00,91,,lapsed,Low,false
CUST03870,2025-04-03,2025-09-30,26,21698.60,0,7.2,active,High,false
CUST03871,2025-04-01,2025-09-27,14,9970.30,3,13.8,active,High,false
CUST03872,2025-06-14,2025-06-14,1,1045.00,108,,lapsed,Low,false
CUST03873,2025-05-07,2025-09-29,9,5965.00,1,18.1,active,High,false
CUST03874,2025-06-12,2025-09-10,4,3290.30,20,30,cooling,Medium,false
CUST03875,2025-04-05,2025-09-27,9,12916.20,3,21.9,active,High,false
CUST03876,2025-04-15,2025-08-16,6,5175.25,45,24.6,at_risk,Medium,false
CUST03877,,,0,0.00,,,never_ordered,None,false
CUST03878,2025-04-05,2025-08-11,4,1563.00,50,42.7,at_risk,Low,false
CUST03879,2025-05-18,2025-09-13,3,768.40,17,59,cooling,Low,false
CUST03880,2025-04-02,2025-09-19,8,8022.70,11,24.3,active,High,false
CUST03881,2025-06-28,2025-06-28,1,655.00,94,,lapsed,Low,false
CUST03882,2025-04-11,2025-09-23,11,7482.30,7,16.5,active,High,false
CUST03883,2025-05-03,2025-09-02,2,1464.40,28,122,cooling,Low,false
CUST03884,2025-04-05,2025-08-27,5,10190.20,34,36,at_risk,High,false
CUST03885,2025-04-12,2025-08-02,3,1459.00,59,56,at_risk,Low,false
CUST03886,,,0,0.00,,,never_ordered,None,false
CUST03887,,,0,0.00,,,never_ordered,None,false
CUST03888,2025-04-02,2025-09-16,12,3248.40,14,15.2,active,Medium,false
CUST03889,2025-04-10,2025-05-19,4,2551.10,134,13,lapsed,Medium,true
CUST03890,2025-04-29,2025-09-15,6,3894.40,15,27.8,cooling,Medium,false
CUST03891,2025-05-04,2025-08-02,2,502.50,59,90,at_risk,Low,false
CUST03892,2025-04-05,2025-07-06,3,2588.00,86,46,lapsed,Medium,false
CUST03893,2025-04-04,2025-09-19,8,4540.35,11,24,active,Medium,false
CUST03894,2025-05-06,2025-09-19,8,11906.00,11,19.4,active,High,false
CUST03895,2025-04-01,2025-08-16,8,3052.00,45,19.6,at_risk,Medium,true
CUST03896,,,0,0.00,,,never_ordered,None,false
CUST03897,,,0,0.00,,,never_ordered,None,false
CUST03898,2025-08-21,2025-08-25,2,1734.00,36,4,at_risk,Low,true
CUST03899,2025-04-13,2025-05-17,2,2879.00,136,34,lapsed,Medium,true
CUST03900,2025-04-24,2025-09-15,4,1108.00,15,48,cooling,Low,false
CUST03901,2025-05-12,2025-09-07,4,1802.00,23,39.3,cooling,Low,false
CUST03902,2025-09-29,2025-09-29,1,1463.00,1,,active,Low,false
CUST03903,2025-04-03,2025-09-16,9,2708.00,14,20.8,active,Medium,false
CUST03904,2025-06-20,2025-09-18,6,4421.90,12,18,active,Medium,false
CUST03905,2025-04-30,2025-09-27,4,5554.70,3,50,active,High,false
CUST03906,2025-06-20,2025-09-06,3,1156.40,24,39,cooling,Low,false
CUST03907,2025-04-18,2025-08-29,8,4142.00,32,19,at_risk,Medium,false
CUST03908,2025-04-04,2025-09-08,12,3019.90,22,14.3,cooling,Medium,false
CUST03909,2025-06-07,2025-09-21,4,5748.00,9,35.3,active,High,false
CUST03910,2025-04-22,2025-08-14,9,6537.25,47,14.2,at_risk,High,true
CUST03911,2025-05-07,2025-08-15,5,10501.00,46,25,at_risk,High,false
CUST03912,2025-04-14,2025-09-13,10,4572.00,17,16.9,cooling,Medium,false
CUST03913,,,0,0.00,,,never_ordered,None,false
CUST03914,2025-04-19,2025-08-14,8,12568.56,47,16.7,at_risk,High,true
CUST03915,,,0,0.00,,,never_ordered,None,false
CUST03916,2025-04-22,2025-09-26,4,7037.00,4,52.3,active,High,false
CUST03917,2025-05-23,2025-09-11,5,2295.00,19,27.8,cooling,Medium,false
CUST03918,,,0,0.00,,,never_ordered,None,false
CUST03919,2025-07-24,2025-08-19,2,990.00,42,26,at_risk,Low,false
CUST03920,,,0,0.00,,,never_ordered,None,false
CUST03921,,,0,0.00,,,never_ordered,None,false
CUST03922,2025-05-30,2025-09-30,9,6184.00,0,15.4,active,High,false
CUST03923,2025-04-06,2025-09-02,8,14252.81,28,21.3,cooling,High,false
CUST03924,2025-09-29,2025-09-29,1,781.00,1,,active,Low,false
CUST03925,2025-04-06,2025-08-30,8,7949.95,31,20.9,at_risk,High,false
CUST03926,2025-05-10,2025-06-01,2,1307.00,121,22,lapsed,Low,true
CUST03927,2025-04-27,2025-09-05,4,6448.90,25,43.7,cooling,High,false
CUST03928,2025-05-12,2025-09-21,9,8327.55,9,16.5,active,High,false
CUST03929,2025-04-03,2025-09-05,6,4076.00,25,31,cooling,Medium,false
CUST03930,2025-04-06,2025-09-07,3,6342.60,23,77,cooling,High,false
CUST03931,2025-04-10,2025-08-23,4,909.00,38,45,at_risk,Low,false
CUST03932,2025-09-03,2025-09-03,1,46.00,27,,cooling,Low,false
CUST03933,2025-05-14,2025-06-24,2,2076.20,98,41,lapsed,Medium,true
CUST03934,2025-04-19,2025-08-21,3,5528.00,40,62,at_risk,High,false
CUST03935,,,0,0.00,,,never_ordered,None,false
CUST03936,2025-09-06,2025-09-19,3,1887.00,11,6.5,active,Low,false
CUST03937,2025-05-23,2025-08-30,3,2065.55,31,49.5,at_risk,Medium,false
CUST03938,2025-04-05,2025-08-21,9,19350.50,40,17.2,at_risk,High,true
CUST03939,,,0,0.00,,,never_ordered,None,false
CUST03940,,,0,0.00,,,never_ordered,None,false
CUST03941,2025-04-04,2025-06-21,2,1195.00,101,78,lapsed,Low,false
CUST03942,2025-04-03,2025-09-28,5,6720.08,2,44.5,active,High,false
CUST03943,2025-06-24,2025-09-11,4,2468.00,19,26.3,cooling,Medium,false
CUST03944,2025-05-06,2025-08-25,5,3954.20,36,27.8,at_risk,Medium,false
CUST03945,2025-05-15,2025-09-02,2,622.30,28,110,cooling,Low,false
CUST03946,2025-08-05,2025-09-19,2,662.00,11,45,active,Low,false
CUST03947,2025-05-30,2025-09-10,4,2313.60,20,34.3,cooling,Medium,false
CUST03948,2025-04-10,2025-09-26,13,12041.00,4,14.1,active,High,false
CUST03949,2025-04-10,2025-09-27,15,30562.30,3,12.1,active,High,false
CUST03950,2025-04-19,2025-08-30,16,34326.35,31,8.9,at_risk,High,true
CUST03951,2025-05-10,2025-09-28,3,3492.00,2,70.5,active,Medium,false
CUST03952,2025-04-17,2025-09-28,18,17881.05,2,9.6,active,High,false
CUST03953,2025-08-05,2025-08-05,1,288.00,56,,at_risk,Low,false
CUST03954,2025-05-03,2025-09-19,8,8828.00,11,19.9,active,High,false
CUST03955,2025-04-03,2025-04-17,2,950.00,166,14,lapsed,Low,true
CUST03956,,,0,0.00,,,never_ordered,None,false
CUST03957,2025-05-09,2025-08-04,2,1539.00,57,87,at_risk,Low,false
CUST03958,2025-07-21,2025-09-19,3,1382.00,11,30,active,Low,false
CUST03959,2025-04-11,2025-09-09,14,20346.55,21,11.6,cooling,High,false
CUST03960,2025-04-13,2025-09-12,2,2980.00,18,152,cooling,Medium,false
CUST03961,2025-05-12,2025-09-28,2,478.00,2,139,active,Low,false
CUST03962,,,0,0.00,,,never_ordered,None,false
CUST03963,2025-04-23,2025-09-27,8,9868.10,3,22.4,active,High,false
CUST03964,2025-04-05,2025-09-22,9,7427.05,8,21.2,active,High,false
CUST03965,2025-04-03,2025-09-26,9,5073.10,4,22,active,Medium,false
CUST03966,2025-09-13,2025-09-22,2,13252.00,8,9,active,High,false
CUST03967,2025-04-18,2025-09-21,10,16717.60,9,17.3,active,High,false
CUST03968,2025-05-31,2025-09-24,5,10449.27,6,29,active,High,false
CUST03969,2025-07-18,2025-08-19,2,3002.00,42,32,at_risk,Medium,false
CUST03970,2025-06-19,2025-09-29,6,2689.00,1,20.4,active,Medium,false
CUST03971,2025-04-17,2025-06-03,2,729.00,119,47,lapsed,Low,true
CUST03972,2025-05-01,2025-07-18,6,7406.25,74,15.6,lapsed,High,true
CUST03973,2025-04-08,2025-04-08,1,1373.00,175,,lapsed,Low,false
CUST03974,2025-05-25,2025-09-20,10,10008.50,10,13.1,active,High,false
CUST03975,2025-06-02,2025-09-18,2,1424.15,12,108,active,Low,false
CUST03976,2025-06-27,2025-06-27,1,945.00,95,,lapsed,Low,false
CUST03977,2025-04-13,2025-09-07,8,3339.30,23,21,cooling,Medium,false
CUST03978,2025-04-01,2025-09-27,21,9753.75,3,9,active,High,false
CUST03979,2025-04-20,2025-06-23,3,1304.00,99,32,lapsed,Low,true
CUST03980,2025-04-07,2025-09-24,7,6732.20,6,28.3,active,High,false
CUST03981,2025-04-03,2025-09-23,21,14568.62,7,8.6,active,High,false
CUST03982,2025-09-10,2025-09-17,2,729.00,13,7,active,Low,false
CUST03983,2025-04-03,2025-08-16,6,4834.00,45,27,at_risk,Medium,false
CUST03984,2025-05-03,2025-09-28,5,3498.80,2,37,active,Medium,false
CUST03985,2025-05-03,2025-09-28,17,14520.36,2,9.2,active,High,false
CUST03986,2025-05-06,2025-06-01,2,1100.00,121,26,lapsed,Low,true
CUST03987,2025-04-19,2025-08-21,2,3579.00,40,124,at_risk,Medium,false
CUST03988,2025-04-25,2025-09-09,8,4527.55,21,19.6,cooling,Medium,false
CUST03989,,,0,0.00,,,never_ordered,None,false
CUST03990,2025-07-23,2025-09-29,4,1654.00,1,22.7,active,Low,false
CUST03991,2025-04-16,2025-09-09,14,8979.90,21,11.2,cooling,High,false
CUST03992,2025-09-23,2025-09-23,1,1228.00,7,,active,Low,false
CUST03993,2025-08-15,2025-08-15,1,1775.00,46,,at_risk,Low,false
CUST03994,2025-07-06,2025-08-30,2,3376.50,31,55,at_risk,Medium,false
CUST03995,2025-04-09,2025-09-26,14,12747.25,4,13.1,active,High,false
CUST03996,2025-04-04,2025-09-25,23,16651.53,5,7.9,active,High,false
CUST03997,2025-04-26,2025-08-08,5,2775.40,53,26,at_risk,Medium,true
CUST03998,2025-04-12,2025-07-16,5,1668.25,76,23.8,lapsed,Low,true
CUST03999,,,0,0.00,,,never_ordered,None,false
CUST04000,2025-09-28,2025-09-28,1,604.00,2,,active,Low,false
CUST04001,2025-04-23,2025-06-10,2,3929.20,112,48,lapsed,Medium,true
CUST04002,2025-04-11,2025-08-31,10,15707.20,30,15.8,cooling,High,false
CUST04003,2025-06-13,2025-09-13,7,3004.88,17,15.3,cooling,Medium,false
CUST04004,2025-09-03,2025-09-03,1,1877.00,27,,cooling,Low,false
CUST04005,,,0,0.00,,,never_ordered,None,false
CUST04006,2025-04-30,2025-08-17,6,1447.25,44,21.8,at_risk,Low,true
CUST04007,2025-04-17,2025-09-23,7,2546.90,7,26.5,active,Medium,false
CUST04008,2025-04-03,2025-08-06,9,9481.55,55,15.6,at_risk,High,true
CUST04009,2025-05-18,2025-05-27,2,2242.75,126,9,lapsed,Medium,true
CUST04010,2025-05-29,2025-08-15,3,2221.50,46,39,at_risk,Medium,false
CUST04011,2025-08-10,2025-08-10,1,859.80,51,,at_risk,Low,false
CUST04012,2025-09-23,2025-09-26,2,772.00,4,3,active,Low,false
CUST04013,,,0,0.00,,,never_ordered,None,false
CUST04014,2025-05-13,2025-09-05,2,196.15,25,115,cooling,Low,false
CUST04015,2025-05-12,2025-09-08,5,2299.00,22,29.8,cooling,Medium,false
CUST04016,,,0,0.00,,,never_ordered,None,false
CUST04017,2025-05-22,2025-09-29,10,5682.50,1,14.4,active,High,false
CUST04018,2025-04-04,2025-09-11,7,8264.80,19,26.7,cooling,High,false
CUST04019,2025-05-17,2025-08-22,12,22466.35,39,8.8,at_risk,High,true
CUST04020,2025-04-04,2025-04-23,2,1776.20,160,19,lapsed,Low,true
CUST04021,,,0,0.00,,,never_ordered,None,false
CUST04022,2025-04-02,2025-09-21,5,3648.70,9,43,active,Medium,false
CUST04023,2025-04-08,2025-06-17,7,5745.75,105,11.7,lapsed,High,true
CUST04024,2025-04-13,2025-09-13,8,8662.00,17,21.9,cooling,High,false
CUST04025,2025-04-20,2025-09-28,9,15836.64,2,20.1,active,High,false
CUST04026,2025-05-16,2025-09-22,7,6161.40,8,21.5,active,High,false
CUST04027,2025-08-05,2025-08-13,2,628.00,48,8,at_risk,Low,true
CUST04028,2025-04-07,2025-09-22,13,11322.55,8,14,active,High,false
CUST04029,2025-07-22,2025-09-28,10,5780.30,2,7.6,active,High,false
CUST04030,2025-04-10,2025-09-18,12,7237.60,12,14.6,active,High,false
CUST04031,2025-09-19,2025-09-19,1,994.00,11,,active,Low,false
CUST04032,2025-04-29,2025-09-25,10,10652.85,5,16.6,active,High,false
CUST04033,2025-04-05,2025-07-25,3,2626.00,67,55.5,lapsed,Medium,false
CUST04034,2025-09-22,2025-09-22,1,222.00,8,,active,Low,false
CUST04035,,,0,0.00,,,never_ordered,None,false
CUST04036,2025-04-07,2025-05-25,2,1880.00,128,48,lapsed,Low,true
CUST04037,2025-07-24,2025-09-29,2,747.50,1,67,active,Low,false
CUST04038,2025-04-02,2025-09-21,17,13544.93,9,10.8,active,High,false
CUST04039,,,0,0.00,,,never_ordered,None,false
CUST04040,2025-04-04,2025-07-24,4,5358.00,68,37,lapsed,High,false
CUST04041,2025-04-17,2025-09-06,18,10909.85,24,8.4,cooling,High,true
CUST04042,2025-04-10,2025-07-07,5,5183.00,85,22,lapsed,Medium,true
CUST04043,,,0,0.00,,,never_ordered,None,false
CUST04044,2025-04-27,2025-05-03,2,4844.60,150,6,lapsed,Medium,true
CUST04045,2025-09-12,2025-09-12,2,1778.00,18,0,cooling,Low,true
CUST04046,2025-06-08,2025-09-27,4,8440.20,3,37,active,High,false
CUST04047,2025-05-14,2025-07-12,6,2331.82,80,11.8,lapsed,Medium,true
CUST04048,2025-06-01,2025-08-18,9,3683.70,43,9.8,at_risk,Medium,true
CUST04049,2025-04-09,2025-09-29,13,10809.30,1,14.4,active,High,false
CUST04050,2025-09-12,2025-09-12,1,2085.65,18,,cooling,Medium,false
CUST04051,2025-04-30,2025-09-11,6,1840.20,19,26.8,cooling,Low,false
CUST04052,2025-09-27,2025-09-28,2,4725.00,2,1,active,Medium,false
CUST04053,2025-04-11,2025-09-29,7,4637.75,1,28.5,active,Medium,false
CUST04054,2025-05-13,2025-08-20,8,4560.67,41,14.1,at_risk,Medium,true
CUST04055,2025-08-04,2025-09-11,2,1901.00,19,38,cooling,Low,false
CUST04056,2025-04-09,2025-08-13,3,2101.90,48,63,at_risk,Medium,false
CUST04057,2025-04-18,2025-07-11,6,2542.60,81,16.8,lapsed,Medium,true
CUST04058,2025-05-17,2025-09-21,6,9608.90,9,25.4,active,High,false
CUST04059,2025-05-08,2025-09-24,9,7448.15,6,17.4,active,High,false
CUST04060,2025-06-07,2025-06-13,2,234.20,109,6,lapsed,Low,true
CUST04061,2025-05-23,2025-09-27,5,3325.20,3,31.8,active,Medium,false
CUST04062,2025-07-17,2025-07-17,1,483.00,75,,lapsed,Low,false
CUST04063,2025-07-28,2025-09-18,3,1361.00,12,26,active,Low,false
CUST04064,2025-08-23,2025-08-23,1,2010.00,38,,at_risk,Low,false
CUST04065,2025-04-04,2025-09-23,10,11621.00,7,19.1,active,High,false
CUST04066,2025-04-06,2025-08-16,7,5634.05,45,22,at_risk,High,true
CUST04067,2025-04-12,2025-04-12,1,2719.00,171,,lapsed,Medium,false
CUST04068,2025-04-08,2025-08-27,2,1039.00,34,141,at_risk,Low,false
CUST04069,2025-04-12,2025-09-29,30,22288.60,1,5.9,active,High,false
CUST04070,2025-07-10,2025-08-11,2,2023.60,50,32,at_risk,Low,false
CUST04071,2025-04-28,2025-09-17,26,22337.20,13,5.7,active,High,true
CUST04072,2025-04-22,2025-08-30,13,10435.10,31,10.8,at_risk,High,true
CUST04073,2025-08-14,2025-09-28,2,2993.00,2,45,active,Medium,false
CUST04074,2025-04-18,2025-07-26,4,2286.00,66,33,lapsed,Medium,false
CUST04075,2025-06-10,2025-09-01,5,6949.00,29,20.8,cooling,High,false
CUST04076,2025-04-07,2025-04-07,1,1142.00,176,,lapsed,Low,false
CUST04077,,,0,0.00,,,never_ordered,None,false
CUST04078,2025-04-20,2025-08-12,5,1986.60,49,28.5,at_risk,Low,false
CUST04079,,,0,0.00,,,never_ordered,None,false
CUST04080,2025-04-05,2025-09-15,5,9251.00,15,40.8,cooling,High,false
CUST04081,2025-04-20,2025-08-16,10,4894.70,45,13.1,at_risk,Medium,true
CUST04082,2025-04-02,2025-09-25,9,13962.89,5,22,active,High,false
CUST04083,2025-05-30,2025-07-11,6,2537.80,81,8.4,lapsed,Medium,true
CUST04084,2025-07-18,2025-09-03,2,1924.50,27,47,cooling,Low,false
CUST04085,2025-05-24,2025-09-07,6,3907.40,23,21.2,cooling,Medium,false
CUST04086,2025-07-08,2025-07-08,1,1819.00,84,,lapsed,Low,false
CUST04087,2025-04-14,2025-09-22,13,6668.60,8,13.4,active,High,false
CUST04088,2025-07-12,2025-07-12,1,1481.80,80,,lapsed,Low,false
CUST04089,2025-05-10,2025-07-24,4,1133.40,68,25,lapsed,Low,true
CUST04090,2025-07-24,2025-07-24,1,836.00,68,,lapsed,Low,false
CUST04091,2025-04-11,2025-08-29,10,7368.00,32,15.6,at_risk,High,true
CUST04092,2025-08-27,2025-09-02,2,3398.00,28,6,cooling,Medium,true
CUST04093,2025-08-19,2025-08-19,1,119.00,42,,at_risk,Low,false
CUST04094,2025-05-09,2025-09-10,3,23414.10,20,62,cooling,High,false
CUST04095,2025-04-09,2025-04-09,1,912.00,174,,lapsed,Low,false
CUST04096,2025-04-14,2025-08-07,3,3753.00,54,57.5,at_risk,Medium,false
CUST04097,,,0,0.00,,,never_ordered,None,false
CUST04098,2025-08-23,2025-08-23,1,960.00,38,,at_risk,Low,false
CUST04099,2025-04-26,2025-09-23,5,1419.00,7,37.5,active,Low,false
CUST04100,2025-04-07,2025-09-06,7,4241.00,24,25.3,cooling,Medium,false
CUST04101,2025-04-25,2025-09-19,11,2544.80,11,14.7,active,Medium,false
CUST04102,2025-04-11,2025-06-03,3,2715.00,119,26.5,lapsed,Medium,true
CUST04103,2025-05-09,2025-08-13,5,6076.00,48,24,at_risk,High,false
CUST04104,2025-04-02,2025-04-25,2,835.00,158,23,lapsed,Low,true
CUST04105,2025-04-05,2025-09-16,10,9727.00,14,18.2,active,High,false
CUST04106,2025-07-15,2025-09-19,2,597.00,11,66,active,Low,false
CUST04107,,,0,0.00,,,never_ordered,None,false
CUST04108,,,0,0.00,,,never_ordered,None,false
CUST04109,,,0,0.00,,,never_ordered,None,false
CUST04110,2025-05-11,2025-08-23,6,6978.55,38,20.8,at_risk,High,false
CUST04111,2025-04-05,2025-08-23,5,9062.60,38,35,at_risk,High,false
CUST04112,2025-04-27,2025-09-15,10,6361.80,15,15.7,cooling,High,false
CUST04113,2025-04-18,2025-09-30,24,14529.75,0,7.2,active,High,false
CUST04114,,,0,0.00,,,never_ordered,None,false
CUST04115,2025-04-24,2025-09-01,10,7463.00,29,14.4,cooling,High,true
CUST04116,2025-05-01,2025-07-14,2,1909.00,78,74,lapsed,Low,false
CUST04117,2025-04-13,2025-09-06,10,16542.05,24,16.2,cooling,High,false
CUST04118,2025-04-10,2025-09-12,15,10633.70,18,11.1,cooling,High,false
CUST04119,2025-04-07,2025-06-17,6,11464.55,105,14.2,lapsed,High,true
CUST04120,,,0,0.00,,,never_ordered,None,false
CUST04121,2025-08-26,2025-08-26,1,379.00,35,,at_risk,Low,false
CUST04122,2025-04-26,2025-09-08,5,5748.70,22,33.8,cooling,High,false
CUST04123,2025-04-06,2025-08-24,6,4336.55,37,28,at_risk,Medium,false
CUST04124,2025-04-15,2025-09-18,9,5131.30,12,19.5,active,Medium,false
CUST04125,2025-04-16,2025-09-27,6,6088.00,3,32.8,active,High,false
CUST04126,2025-09-13,2025-09-13,1,905.00,17,,cooling,Low,false
CUST04127,2025-05-21,2025-09-24,4,822.00,6,42,active,Low,false
CUST04128,2025-07-17,2025-07-17,1,1898.00,75,,lapsed,Low,false
CUST04129,2025-05-02,2025-07-23,6,4086.90,69,16.4,lapsed,Medium,true
CUST04130,,,0,0.00,,,never_ordered,None,false
CUST04131,2025-04-17,2025-09-22,15,5452.45,8,11.3,active,High,false
CUST04132,,,0,0.00,,,never_ordered,None,false
CUST04133,2025-05-26,2025-09-26,7,4428.25,4,20.5,active,Medium,false
CUST04134,2025-04-09,2025-08-30,6,9144.40,31,28.6,at_risk,High,false
CUST04135,,,0,0.00,,,never_ordered,None,false
CUST04136,2025-07-05,2025-08-24,4,3731.75,37,16.7,at_risk,Medium,true
CUST04137,2025-04-04,2025-09-21,7,4319.00,9,28.3,active,Medium,false
CUST04138,2025-08-22,2025-08-22,1,2218.00,39,,at_risk,Medium,false
CUST04139,2025-04-04,2025-09-23,13,11510.85,7,14.3,active,High,false
CUST04140,2025-07-08,2025-09-14,2,1553.00,16,68,cooling,Low,false
CUST04141,,,0,0.00,,,never_ordered,None,false
CUST04142,2025-07-16,2025-09-26,7,4802.50,4,12,active,Medium,false
CUST04143,2025-05-20,2025-07-05,4,1629.55,87,15.3,lapsed,Low,true
CUST04144,2025-06-03,2025-09-14,2,2111.00,16,103,cooling,Medium,false
CUST04145,2025-04-15,2025-08-12,8,12251.35,49,17,at_risk,High,true
CUST04146,2025-06-20,2025-09-17,6,5311.10,13,17.8,active,Medium,false
CUST04147,2025-04-06,2025-08-21,10,5666.80,40,15.2,at_risk,High,true
CUST04148,2025-07-05,2025-07-05,1,544.00,87,,lapsed,Low,false
CUST04149,2025-04-01,2025-09-22,22,20396.90,8,8.3,active,High,false
CUST04150,2025-08-31,2025-09-09,2,1106.55,21,9,cooling,Low,true
CUST04151,,,0,0.00,,,never_ordered,None,false
CUST04152,2025-04-18,2025-09-05,8,4191.90,25,20,cooling,Medium,false
CUST04153,2025-04-25,2025-09-24,15,14987.65,6,10.9,active,High,false
CUST04154,2025-04-27,2025-09-14,4,5044.00,16,46.7,cooling,Medium,false
CUST04155,,,0,0.00,,,never_ordered,None,false
CUST04156,2025-09-01,2025-09-01,1,434.00,29,,cooling,Low,false
CUST04157,,,0,0.00,,,never_ordered,None,false
CUST04158,2025-04-19,2025-07-08,4,3632.00,84,26.7,lapsed,Medium,true
CUST04159,2025-04-23,2025-09-08,9,13855.30,22,17.2,cooling,High,false
CUST04160,2025-04-06,2025-08-17,16,10753.00,44,8.9,at_risk,High,true
CUST04161,2025-07-15,2025-07-15,1,38.00,77,,lapsed,Low,false
CUST04162,2025-04-11,2025-09-16,5,841.00,14,39.5,active,Low,false
CUST04163,,,0,0.00,,,never_ordered,None,false
CUST04164,2025-08-01,2025-08-01,1,359.00,60,,at_risk,Low,false
CUST04165,,,0,0.00,,,never_ordered,None,false
CUST04166,,,0,0.00,,,never_ordered,None,false
CUST04167,2025-04-13,2025-09-07,7,9871.50,23,24.5,cooling,High,false
CUST04168,2025-04-07,2025-09-22,28,17800.52,8,6.2,active,High,false
CUST04169,2025-04-11,2025-09-04,9,5786.10,26,18.2,cooling,High,false
CUST04170,2025-07-06,2025-07-20,2,1792.00,72,14,lapsed,Low,true
CUST04171,2025-07-12,2025-07-12,1,1458.00,80,,lapsed,Low,false
CUST04172,2025-04-07,2025-09-29,8,5098.00,1,25,active,Medium,false
CUST04173,2025-06-25,2025-08-27,3,2899.40,34,31.5,at_risk,Medium,false
CUST04174,2025-04-07,2025-07-13,4,1908.00,79,32.3,lapsed,Low,true
CUST04175,2025-04-09,2025-07-19,4,2441.00,73,33.7,lapsed,Medium,true
CUST04176,2025-04-14,2025-09-13,11,6844.00,17,15.2,cooling,High,false
CUST04177,2025-04-12,2025-08-11,7,4163.00,50,20.2,at_risk,Medium,true
CUST04178,,,0,0.00,,,never_ordered,None,false
CUST04179,2025-07-26,2025-09-13,2,631.00,17,49,cooling,Low,false
CUST04180,2025-08-21,2025-09-24,2,276.50,6,34,active,Low,false
CUST04181,2025-08-14,2025-09-28,2,4432.00,2,45,active,Medium,false
CUST04182,2025-04-09,2025-04-09,1,2142.90,174,,lapsed,Medium,false
CUST04183,2025-04-05,2025-09-26,9,6837.00,4,21.8,active,High,false
CUST04184,2025-07-11,2025-07-11,1,816.00,81,,lapsed,Low,false
CUST04185,2025-04-01,2025-08-02,5,6290.80,59,30.8,at_risk,High,false
CUST04186,2025-05-09,2025-06-04,4,1572.00,118,8.7,lapsed,Low,true
CUST04187,2025-05-22,2025-09-18,2,1351.00,12,119,active,Low,false
CUST04188,2025-04-12,2025-09-15,18,3837.10,15,9.2,cooling,Medium,false
CUST04189,2025-04-19,2025-07-13,4,10380.20,79,28.3,lapsed,High,true
CUST04190,2025-05-26,2025-09-05,8,2312.80,25,14.6,cooling,Medium,false
CUST04191,2025-04-18,2025-09-05,11,11216.60,25,14,cooling,High,false
CUST04192,2025-06-27,2025-09-13,5,2833.00,17,19.5,cooling,Medium,false
CUST04193,2025-07-13,2025-07-13,1,114.00,79,,lapsed,Low,false
CUST04194,2025-08-21,2025-09-19,2,871.00,11,29,active,Low,false
CUST04195,2025-05-03,2025-06-01,2,738.65,121,29,lapsed,Low,true
CUST04196,2025-04-20,2025-09-20,6,5483.00,10,30.6,active,High,false
CUST04197,2025-06-08,2025-08-23,2,2536.20,38,76,at_risk,Medium,false
CUST04198,2025-05-01,2025-09-07,11,23154.20,23,12.9,cooling,High,false
CUST04199,,,0,0.00,,,never_ordered,None,false
CUST04200,2025-04-30,2025-08-23,3,4548.16,38,57.5,at_risk,Medium,false
CUST04201,2025-05-09,2025-09-24,5,4734.10,6,34.5,active,Medium,false
CUST04202,2025-04-15,2025-09-21,4,4088.80,9,53,active,Medium,false
CUST04203,2025-04-13,2025-09-21,6,8059.40,9,32.2,active,High,false
CUST04204,2025-04-10,2025-09-15,14,15082.15,15,12.2,cooling,High,false
CUST04205,2025-04-15,2025-09-30,15,6848.20,0,12,active,High,false
CUST04206,2025-04-01,2025-07-07,3,1361.39,85,48.5,lapsed,Low,false
CUST04207,2025-04-06,2025-08-28,10,13650.60,33,16,at_risk,High,true
CUST04208,2025-04-04,2025-09-21,8,7606.00,9,24.3,active,High,false
CUST04209,2025-05-03,2025-09-11,8,5310.45,19,18.7,cooling,Medium,false
CUST04210,2025-08-11,2025-08-11,1,357.00,50,,at_risk,Low,false
CUST04211,2025-04-02,2025-09-25,16,12405.10,5,11.7,active,High,false
CUST04212,2025-08-29,2025-08-29,1,835.00,32,,at_risk,Low,false
CUST04213,2025-04-12,2025-08-10,8,3653.40,51,17.1,at_risk,Medium,true
CUST04214,2025-09-10,2025-09-10,1,127.60,20,,cooling,Low,false
CUST04215,2025-05-07,2025-06-16,3,5286.00,106,20,lapsed,Medium,true
CUST04216,2025-04-29,2025-07-06,2,3982.00,86,68,lapsed,Medium,false
CUST04217,2025-04-15,2025-08-07,10,8455.00,54,12.7,at_risk,High,true
CUST04218,2025-06-01,2025-07-23,2,5937.00,69,52,lapsed,High,false
CUST04219,2025-04-17,2025-09-17,8,1855.49,13,21.9,active,Low,false
CUST04220,2025-05-21,2025-09-13,7,6927.55,17,19.2,cooling,High,false
CUST04221,2025-09-11,2025-09-29,2,3788.00,1,18,active,Medium,false
CUST04222,2025-08-13,2025-08-13,1,1812.20,48,,at_risk,Low,false
CUST04223,2025-04-01,2025-08-07,4,2538.80,54,42.7,at_risk,Medium,false
CUST04224,2025-05-21,2025-06-08,2,435.00,114,18,lapsed,Low,true
CUST04225,2025-05-05,2025-05-10,2,119.00,143,5,lapsed,Low,true
CUST04226,2025-08-12,2025-09-19,4,7502.30,11,12.7,active,High,false
CUST04227,2025-04-01,2025-09-17,6,8228.80,13,33.8,active,High,false
CUST04228,2025-04-27,2025-05-26,2,1025.80,127,29,lapsed,Low,true
CUST04229,2025-06-22,2025-09-26,10,8028.00,4,10.7,active,High,false
CUST04230,2025-04-14,2025-09-30,25,16014.30,0,7,active,High,false
CUST04231,,,0,0.00,,,never_ordered,None,false
CUST04232,2025-04-25,2025-08-23,7,3986.20,38,20,at_risk,Medium,false
CUST04233,2025-05-04,2025-09-22,6,10478.40,8,28.2,active,High,false
CUST04234,,,0,0.00,,,never_ordered,None,false
CUST04235,2025-04-18,2025-06-29,4,2284.65,93,24,lapsed,Medium,true
CUST04236,2025-04-30,2025-04-30,1,1017.00,153,,lapsed,Low,false
CUST04237,2025-09-03,2025-09-03,1,149.00,27,,cooling,Low,false
CUST04238,2025-08-07,2025-08-07,1,2065.00,54,,at_risk,Medium,false
CUST04239,2025-07-15,2025-07-26,2,1121.40,66,11,lapsed,Low,true
CUST04240,2025-08-10,2025-09-28,5,1947.83,2,12.2,active,Low,false
CUST04241,2025-04-11,2025-08-30,16,16616.25,31,9.4,at_risk,High,true
CUST04242,2025-05-09,2025-09-21,5,6795.90,9,33.8,active,High,false
CUST04243,2025-07-07,2025-07-31,2,1437.20,61,24,lapsed,Low,true
CUST04244,2025-04-04,2025-09-23,10,5283.20,7,19.1,active,Medium,false
CUST04245,2025-04-12,2025-09-17,5,8975.00,13,39.5,active,High,false
CUST04246,2025-09-23,2025-09-23,1,1097.00,7,,active,Low,false
CUST04247,2025-07-22,2025-09-28,4,9126.60,2,22.7,active,High,false
CUST04248,2025-04-25,2025-09-23,13,14855.90,7,12.6,active,High,false
CUST04249,2025-04-20,2025-09-28,5,9047.60,2,40.2,active,High,false
CUST04250,,,0,0.00,,,never_ordered,None,false
CUST04251,2025-09-02,2025-09-06,2,1761.60,24,4,cooling,Low,true
CUST04252,2025-04-07,2025-09-13,9,8770.40,17,19.9,cooling,High,false
CUST04253,2025-05-03,2025-09-07,5,3416.00,23,31.8,cooling,Medium,false
CUST04254,2025-04-02,2025-09-27,8,6620.00,3,25.4,active,High,false
CUST04255,2025-04-15,2025-07-06,2,1693.70,86,82,lapsed,Low,false
CUST04256,2025-05-01,2025-09-17,7,2220.00,13,23.2,active,Medium,false
CUST04257,2025-04-06,2025-04-06,1,1097.00,177,,lapsed,Low,false
CUST04258,2025-04-12,2025-08-15,9,8343.50,46,15.6,at_risk,High,true
CUST04259,2025-05-10,2025-09-03,3,703.40,27,58,cooling,Low,false
CUST04260,2025-04-13,2025-09-08,9,15382.45,22,18.5,cooling,High,false
CUST04261,2025-04-03,2025-09-27,14,11036.15,3,13.6,active,High,false
CUST04262,2025-04-30,2025-09-12,13,9501.80,18,11.2,cooling,High,false
CUST04263,2025-06-18,2025-08-30,3,2845.00,31,36.5,at_risk,Medium,false
CUST04264,2025-04-21,2025-09-26,5,1337.70,4,39.5,active,Low,false
CUST04265,2025-05-08,2025-08-18,7,7660.25,43,17,at_risk,High,true
CUST04266,2025-08-17,2025-09-02,2,1891.20,28,16,cooling,Low,false
CUST04267,2025-04-04,2025-08-28,18,5688.10,33,8.6,at_risk,High,true
CUST04268,2025-04-26,2025-09-26,6,6065.00,4,30.6,active,High,false
CUST04269,2025-05-16,2025-08-15,6,4887.15,46,18.2,at_risk,Medium,true
CUST04270,2025-04-23,2025-04-23,1,684.20,160,,lapsed,Low,false
CUST04271,2025-07-11,2025-08-11,2,2585.80,50,31,at_risk,Medium,false
CUST04272,2025-04-10,2025-09-17,13,6556.90,13,13.3,active,High,false
CUST04273,2025-05-23,2025-09-13,3,512.00,17,56.5,cooling,Low,false
CUST04274,2025-09-12,2025-09-12,1,711.00,18,,cooling,Low,false
CUST04275,2025-04-21,2025-09-25,4,3651.00,5,52.3,active,Medium,false
CUST04276,2025-09-21,2025-09-21,1,447.00,9,,active,Low,false
CUST04277,2025-07-09,2025-07-09,1,1560.00,83,,lapsed,Low,false
CUST04278,2025-06-15,2025-09-17,12,36967.20,13,8.5,active,High,false
CUST04279,2025-09-27,2025-09-27,1,680.00,3,,active,Low,false
CUST04280,2025-05-12,2025-09-13,2,2884.00,17,124,cooling,Medium,false
CUST04281,2025-06-03,2025-09-11,5,9585.00,19,25,cooling,High,false
CUST04282,2025-09-05,2025-09-21,2,1539.20,9,16,active,Low,false
CUST04283,2025-05-10,2025-09-29,5,7994.50,1,35.5,active,High,false
CUST04284,,,0,0.00,,,never_ordered,None,false
CUST04285,2025-06-28,2025-09-07,5,6142.10,23,17.8,cooling,High,false
CUST04286,2025-07-28,2025-07-28,1,45.60,64,,lapsed,Low,false
CUST04287,2025-04-27,2025-09-30,14,7318.75,0,12,active,High,false
CUST04288,2025-06-17,2025-09-27,5,12288.20,3,25.5,active,High,false
CUST04289,2025-06-12,2025-09-17,5,1023.00,13,24.2,active,Low,false
CUST04290,2025-07-02,2025-08-25,2,3319.50,36,54,at_risk,Medium,false
CUST04291,2025-04-18,2025-09-27,20,18261.50,3,8.5,active,High,false
CUST04292,2025-06-02,2025-09-12,5,1986.20,18,25.5,cooling,Low,false
CUST04293,2025-04-12,2025-09-28,5,4209.60,2,42.2,active,Medium,false
CUST04294,2025-04-21,2025-05-16,2,2382.00,137,25,lapsed,Medium,true
CUST04295,2025-08-18,2025-08-18,2,714.00,43,0,at_risk,Low,true
CUST04296,,,0,0.00,,,never_ordered,None,false
CUST04297,2025-05-03,2025-09-20,10,12083.57,10,15.6,active,High,false
CUST04298,,,0,0.00,,,never_ordered,None,false
CUST04299,2025-04-06,2025-08-23,3,2700.00,38,69.5,at_risk,Medium,false
CUST04300,,,0,0.00,,,never_ordered,None,false
CUST04301,2025-04-12,2025-09-19,12,20934.80,11,14.5,active,High,false
CUST04302,2025-08-29,2025-09-21,3,3725.00,9,11.5,active,Medium,false
CUST04303,2025-04-06,2025-06-27,6,14742.35,95,16.4,lapsed,High,true
CUST04304,2025-04-11,2025-09-24,8,9305.00,6,23.7,active,High,false
CUST04305,2025-04-05,2025-09-20,8,4754.50,10,24,active,Medium,false
CUST04306,2025-04-22,2025-09-10,5,3543.00,20,35.2,cooling,Medium,false
CUST04307,,,0,0.00,,,never_ordered,None,false
CUST04308,2025-04-06,2025-07-29,4,1513.70,63,38,lapsed,Low,false
CUST04309,2025-05-19,2025-08-22,4,1880.35,39,31.7,at_risk,Low,false
CUST04310,2025-07-12,2025-07-12,1,533.00,80,,lapsed,Low,false
CUST04311,2025-04-10,2025-08-02,9,2845.10,59,14.2,at_risk,Medium,true
CUST04312,2025-05-20,2025-08-25,5,2389.00,36,24.2,at_risk,Medium,false
CUST04313,,,0,0.00,,,never_ordered,None,false
CUST04314,2025-04-11,2025-09-23,8,7400.00,7,23.6,active,High,false
CUST04315,2025-04-13,2025-08-30,8,11272.50,31,19.9,at_risk,High,false
CUST04316,2025-04-26,2025-05-10,2,924.00,143,14,lapsed,Low,true
CUST04317,2025-04-04,2025-08-26,6,6345.00,35,28.8,at_risk,High,false
CUST04318,2025-04-07,2025-09-30,10,7412.70,0,19.6,active,High,false
CUST04319,2025-05-09,2025-09-17,6,7804.80,13,26.2,active,High,false
CUST04320,2025-05-21,2025-08-08,3,2093.00,53,39.5,at_risk,Medium,false
CUST04321,2025-06-19,2025-06-19,1,2265.00,103,,lapsed,Medium,false
CUST04322,,,0,0.00,,,never_ordered,None,false
CUST04323,2025-08-05,2025-08-05,1,119.00,56,,at_risk,Low,false
CUST04324,2025-04-06,2025-07-22,5,1845.00,70,26.8,lapsed,Low,true
CUST04325,2025-08-22,2025-08-31,3,4492.00,30,4.5,cooling,Medium,true
CUST04326,2025-06-11,2025-06-11,1,1894.40,111,,lapsed,Low,false
CUST04327,,,0,0.00,,,never_ordered,None,false
CUST04328,,,0,0.00,,,never_ordered,None,false
CUST04329,2025-06-21,2025-09-27,2,3833.00,3,98,active,Medium,false
CUST04330,2025-06-18,2025-08-29,3,771.00,32,36,at_risk,Low,false
CUST04331,2025-07-14,2025-07-14,1,984.00,78,,lapsed,Low,false
CUST04332,2025-04-12,2025-09-10,7,3807.00,20,25.2,cooling,Medium,false
CUST04333,2025-04-23,2025-05-17,3,5931.40,136,12,lapsed,High,true
CUST04334,2025-07-02,2025-09-11,7,987.85,19,11.8,cooling,Low,false
CUST04335,2025-06-07,2025-09-25,5,1414.00,5,27.5,active,Low,false
CUST04336,2025-07-10,2025-09-14,5,2743.00,16,16.5,cooling,Medium,false
CUST04337,2025-09-20,2025-09-20,1,3034.00,10,,active,Medium,false
CUST04338,2025-04-03,2025-09-27,7,6836.00,3,29.5,active,High,false
CUST04339,2025-06-11,2025-08-17,4,3949.00,44,22.3,at_risk,Medium,false
CUST04340,2025-08-26,2025-08-26,2,2775.65,35,0,at_risk,Medium,true
CUST04341,2025-06-03,2025-08-16,3,2141.25,45,37,at_risk,Medium,false
CUST04342,2025-04-05,2025-09-26,12,6946.55,4,15.8,active,High,false
CUST04343,2025-05-11,2025-09-25,3,4241.55,5,68.5,active,Medium,false
CUST04344,2025-05-01,2025-09-26,7,2918.00,4,24.7,active,Medium,false
CUST04345,2025-05-14,2025-09-17,4,964.00,13,42,active,Low,false
CUST04346,2025-04-03,2025-09-27,18,8280.30,3,10.4,active,High,false
CUST04347,,,0,0.00,,,never_ordered,None,false
CUST04348,2025-05-16,2025-05-16,1,1382.55,137,,lapsed,Low,false
CUST04349,2025-05-15,2025-09-19,7,4794.00,11,21.2,active,Medium,false
CUST04350,2025-05-25,2025-09-24,4,7372.00,6,40.7,active,High,false
CUST04351,2025-04-08,2025-07-23,5,6410.70,69,26.5,lapsed,High,true
CUST04352,2025-04-27,2025-09-14,10,14732.00,16,15.6,cooling,High,false
CUST04353,2025-04-15,2025-09-02,5,3286.80,28,35,cooling,Medium,false
CUST04354,2025-05-18,2025-09-27,7,17358.20,3,22,active,High,false
CUST04355,2025-04-03,2025-08-26,5,6906.50,35,36.2,at_risk,High,false
CUST04356,2025-09-07,2025-09-07,1,2636.00,23,,cooling,Medium,false
CUST04357,2025-05-07,2025-08-24,3,2846.80,37,54.5,at_risk,Medium,false
CUST04358,2025-04-12,2025-09-24,12,5436.00,6,15,active,High,false
CUST04359,2025-05-18,2025-09-11,3,1776.00,19,58,cooling,Low,false
CUST04360,2025-04-14,2025-07-31,5,2365.40,61,27,lapsed,Medium,true
CUST04361,2025-08-03,2025-08-03,1,471.00,58,,at_risk,Low,false
CUST04362,2025-04-02,2025-04-09,2,1139.00,174,7,lapsed,Low,true
CUST04363,,,0,0.00,,,never_ordered,None,false
CUST04364,2025-06-26,2025-06-26,1,139.00,96,,lapsed,Low,false
CUST04365,2025-04-07,2025-09-01,3,1469.20,29,73.5,cooling,Low,false
CUST04366,2025-04-14,2025-09-10,5,10332.40,20,37.2,cooling,High,false
CUST04367,,,0,0.00,,,never_ordered,None,false
CUST04368,,,0,0.00,,,never_ordered,None,false
CUST04369,2025-04-26,2025-08-15,5,627.00,46,27.8,at_risk,Low,false
CUST04370,2025-08-26,2025-09-27,2,160.00,3,32,active,Low,false
CUST04371,2025-06-28,2025-09-29,2,655.20,1,93,active,Low,false
CUST04372,,,0,0.00,,,never_ordered,None,false
CUST04373,2025-04-04,2025-08-16,8,11702.25,45,19.1,at_risk,High,true
CUST04374,2025-07-09,2025-09-03,3,2710.00,27,28,cooling,Medium,false
CUST04375,2025-04-04,2025-09-26,8,6554.00,4,25,active,High,false
CUST04376,2025-09-28,2025-09-29,2,2154.00,1,1,active,Medium,false
CUST04377,2025-04-05,2025-08-26,12,5207.70,35,13,at_risk,Medium,true
CUST04378,2025-04-03,2025-09-28,8,4108.00,2,25.4,active,Medium,false
CUST04379,2025-07-15,2025-09-24,9,8925.10,6,8.9,active,High,false
CUST04380,2025-08-06,2025-08-06,1,823.00,55,,at_risk,Low,false
CUST04381,2025-05-21,2025-08-29,6,7260.05,32,20,at_risk,High,false
CUST04382,2025-09-19,2025-09-30,2,923.00,0,11,active,Low,false
CUST04383,2025-06-15,2025-07-30,3,3066.00,62,22.5,lapsed,Medium,true
CUST04384,2025-06-13,2025-08-26,5,1493.00,35,18.5,at_risk,Low,false
CUST04385,2025-05-03,2025-06-18,2,1697.55,104,46,lapsed,Low,true
CUST04386,2025-04-02,2025-08-31,10,6145.50,30,16.8,cooling,High,false
CUST04387,2025-04-11,2025-09-30,6,2121.00,0,34.4,active,Medium,false
CUST04388,2025-05-04,2025-09-22,5,2927.00,8,35.2,active,Medium,false
CUST04389,2025-05-22,2025-09-29,4,4456.20,1,43.3,active,Medium,false
CUST04390,2025-06-29,2025-08-31,2,2650.20,30,63,cooling,Medium,false
CUST04391,2025-07-10,2025-08-06,2,3103.00,55,27,at_risk,Medium,true
CUST04392,2025-05-04,2025-07-08,2,587.55,84,65,lapsed,Low,false
CUST04393,2025-04-16,2025-09-01,2,3884.42,29,138,cooling,Medium,false
CUST04394,2025-05-03,2025-05-03,1,1411.00,150,,lapsed,Low,false
CUST04395,2025-05-05,2025-09-04,3,2830.99,26,61,cooling,Medium,false
CUST04396,2025-07-01,2025-09-21,3,4107.00,9,41,active,Medium,false
CUST04397,2025-04-05,2025-09-19,10,15707.30,11,18.6,active,High,false
CUST04398,2025-04-11,2025-09-17,8,3159.60,13,22.7,active,Medium,false
CUST04399,2025-05-03,2025-09-25,3,1390.00,5,72.5,active,Low,false
CUST04400,2025-04-12,2025-09-16,6,3877.00,14,31.4,active,Medium,false
CUST04401,2025-04-24,2025-09-09,10,4085.80,21,15.3,cooling,Medium,false
CUST04402,2025-04-05,2025-09-06,14,4702.20,24,11.8,cooling,Medium,true
CUST04403,2025-04-29,2025-08-09,2,767.00,52,102,at_risk,Low,false
CUST04404,,,0,0.00,,,never_ordered,None,false
CUST04405,2025-04-22,2025-08-22,6,3731.20,39,24.4,at_risk,Medium,false
CUST04406,2025-09-22,2025-09-22,1,3089.00,8,,active,Medium,false
CUST04407,2025-05-04,2025-09-02,3,913.00,28,60.5,cooling,Low,false
CUST04408,2025-04-18,2025-09-29,8,4686.90,1,23.4,active,Medium,false
CUST04409,2025-04-04,2025-07-24,2,62.90,68,111,lapsed,Low,false
CUST04410,2025-06-09,2025-07-05,2,5057.20,87,26,lapsed,Medium,true
CUST04411,2025-04-01,2025-07-24,3,4966.20,68,57,lapsed,Medium,false
CUST04412,2025-04-26,2025-07-05,3,1797.00,87,35,lapsed,Low,true
CUST04413,2025-08-21,2025-09-29,5,2864.10,1,9.8,active,Medium,false
CUST04414,2025-06-24,2025-09-12,18,15039.80,18,4.7,cooling,High,true
CUST04415,2025-04-08,2025-09-22,10,7122.80,8,18.6,active,High,false
CUST04416,,,0,0.00,,,never_ordered,None,false
CUST04417,2025-09-11,2025-09-11,1,671.00,19,,cooling,Low,false
CUST04418,2025-04-06,2025-08-14,3,6142.00,47,65,at_risk,High,false
CUST04419,2025-06-22,2025-07-01,2,792.00,91,9,lapsed,Low,true
CUST04420,2025-04-06,2025-09-26,8,2690.05,4,24.7,active,Medium,false
CUST04421,2025-04-01,2025-09-25,3,1868.00,5,88.5,active,Low,false
CUST04422,2025-04-06,2025-05-17,2,1047.00,136,41,lapsed,Low,true
CUST04423,,,0,0.00,,,never_ordered,None,false
CUST04424,2025-05-05,2025-09-14,5,1621.00,16,33,cooling,Low,false
CUST04425,2025-06-08,2025-09-09,3,1464.00,21,46.5,cooling,Low,false
CUST04426,2025-04-11,2025-09-07,19,15338.00,23,8.3,cooling,High,true
CUST04427,2025-05-15,2025-08-23,18,14190.15,38,5.9,at_risk,High,true
CUST04428,2025-06-23,2025-09-24,6,7657.62,6,18.6,active,High,false
CUST04429,2025-04-19,2025-09-25,7,2365.50,5,26.5,active,Medium,false
CUST04430,2025-04-11,2025-09-16,5,3617.70,14,39.5,active,Medium,false
CUST04431,2025-09-21,2025-09-21,1,781.00,9,,active,Low,false
CUST04432,2025-06-21,2025-09-21,3,1018.00,9,46,active,Low,false
CUST04433,,,0,0.00,,,never_ordered,None,false
CUST04434,2025-07-17,2025-07-17,1,449.00,75,,lapsed,Low,false
CUST04435,2025-04-12,2025-07-28,9,11432.00,64,13.4,lapsed,High,true
CUST04436,2025-04-25,2025-09-08,5,7147.20,22,34,cooling,High,false
CUST04437,2025-05-04,2025-08-16,8,7017.49,45,14.9,at_risk,High,true
CUST04438,2025-04-13,2025-09-13,11,7559.10,17,15.3,cooling,High,false
CUST04439,2025-04-19,2025-09-14,5,10343.20,16,37,cooling,High,false
CUST04440,2025-04-19,2025-06-26,4,7408.20,96,22.7,lapsed,High,true
CUST04441,2025-04-06,2025-09-18,4,3118.80,12,55,active,Medium,false
CUST04442,2025-04-16,2025-04-22,3,2187.00,161,3,lapsed,Medium,true
CUST04443,2025-04-25,2025-09-28,3,2322.20,2,78,active,Medium,false
CUST04444,2025-07-28,2025-07-28,1,679.00,64,,lapsed,Low,false
CUST04445,2025-04-12,2025-07-19,2,4399.00,73,98,lapsed,Medium,false
CUST04446,,,0,0.00,,,never_ordered,None,false
CUST04447,2025-06-19,2025-09-17,3,1688.20,13,45,active,Low,false
CUST04448,2025-04-26,2025-09-26,6,6014.45,4,30.6,active,High,false
CUST04449,2025-04-07,2025-07-30,4,1221.00,62,38,lapsed,Low,false
CUST04450,,,0,0.00,,,never_ordered,None,false
CUST04451,2025-06-28,2025-06-28,1,3377.00,94,,lapsed,Medium,false
CUST04452,2025-07-27,2025-07-27,1,1512.00,65,,lapsed,Low,false
CUST04453,2025-06-11,2025-09-22,6,2426.00,8,20.6,active,Medium,false
CUST04454,,,0,0.00,,,never_ordered,None,false
CUST04455,2025-06-06,2025-06-06,1,1492.20,116,,lapsed,Low,false
CUST04456,2025-08-22,2025-08-22,1,910.00,39,,at_risk,Low,false
CUST04457,2025-04-21,2025-09-28,5,1357.25,2,40,active,Low,false
CUST04458,2025-04-04,2025-09-07,10,4491.40,23,17.3,cooling,Medium,false
CUST04459,2025-04-07,2025-07-05,4,2408.00,87,29.7,lapsed,Medium,true
CUST04460,2025-07-24,2025-09-05,2,450.00,25,43,cooling,Low,false
CUST04461,2025-04-10,2025-08-13,5,5252.40,48,31.2,at_risk,Medium,false
CUST04462,2025-06-29,2025-09-16,7,2019.40,14,13.2,active,Low,false
CUST04463,2025-06-15,2025-08-27,2,4660.00,34,73,at_risk,Medium,false
CUST04464,2025-04-09,2025-09-19,5,4531.00,11,40.8,active,Medium,false
CUST04465,2025-06-28,2025-09-17,4,1384.00,13,27,active,Low,false
CUST04466,2025-07-11,2025-07-11,1,1184.00,81,,lapsed,Low,false
CUST04467,2025-04-22,2025-08-24,11,3689.00,37,12.4,at_risk,Medium,true
CUST04468,2025-05-11,2025-09-03,5,1666.60,27,28.8,cooling,Low,false
CUST04469,2025-09-06,2025-09-21,2,1382.20,9,15,active,Low,false
CUST04470,2025-04-01,2025-09-16,24,14519.39,14,7.3,active,High,false
CUST04471,2025-06-18,2025-06-18,1,1011.00,104,,lapsed,Low,false
CUST04472,,,0,0.00,,,never_ordered,None,false
CUST04473,2025-08-10,2025-09-19,2,836.00,11,40,active,Low,false
CUST04474,2025-09-24,2025-09-24,1,490.00,6,,active,Low,false
CUST04475,2025-08-31,2025-09-18,2,1714.00,12,18,active,Low,false
CUST04476,2025-06-18,2025-07-15,4,1102.00,77,9,lapsed,Low,true
CUST04477,2025-04-04,2025-08-24,7,4541.25,37,23.7,at_risk,Medium,false
CUST04478,2025-04-28,2025-04-28,1,1262.00,155,,lapsed,Low,false
CUST04479,2025-04-12,2025-09-14,6,7156.60,16,31,cooling,High,false
CUST04480,2025-04-08,2025-08-12,6,3312.50,49,25.2,at_risk,Medium,false
CUST04481,,,0,0.00,,,never_ordered,None,false
CUST04482,2025-09-03,2025-09-26,2,1913.50,4,23,active,Low,false
CUST04483,2025-04-12,2025-04-29,2,437.00,154,17,lapsed,Low,true
CUST04484,2025-05-29,2025-07-13,2,2104.10,79,45,lapsed,Medium,false
CUST04485,2025-07-26,2025-08-20,2,2965.40,41,25,at_risk,Medium,false
CUST04486,2025-04-26,2025-09-30,9,3734.15,0,19.6,active,Medium,false
CUST04487,2025-04-14,2025-09-07,6,2230.20,23,29.2,cooling,Medium,false
CUST04488,2025-09-18,2025-09-18,1,44.00,12,,active,Low,false
CUST04489,2025-04-02,2025-09-22,6,2448.20,8,34.6,active,Medium,false
CUST04490,2025-04-19,2025-09-15,17,7825.60,15,9.3,cooling,High,false
CUST04491,2025-05-15,2025-09-29,2,1416.00,1,137,active,Low,false
CUST04492,2025-06-08,2025-08-25,4,4414.00,36,26,at_risk,Medium,false
CUST04493,2025-06-19,2025-09-09,6,3350.50,21,16.4,cooling,Medium,false
CUST04494,2025-04-04,2025-09-16,5,1841.00,14,41.2,active,Low,false
CUST04495,2025-06-24,2025-08-15,3,2452.30,46,26,at_risk,Medium,false
CUST04496,2025-04-10,2025-09-29,6,4511.90,1,34.4,active,Medium,false
CUST04497,2025-06-24,2025-06-24,1,3385.00,98,,lapsed,Medium,false
CUST04498,2025-06-15,2025-09-30,5,2951.00,0,26.8,active,Medium,false
CUST04499,2025-05-23,2025-09-23,5,2670.20,7,30.8,active,Medium,false
CUST04500,2025-04-17,2025-09-08,8,5460.30,22,20.6,cooling,High,false
CUST04501,2025-04-01,2025-09-30,8,9396.20,0,26,active,High,false
CUST04502,2025-05-13,2025-07-23,2,379.00,69,71,lapsed,Low,false
CUST04503,2025-04-01,2025-08-07,3,1351.00,54,64,at_risk,Low,false
CUST04504,2025-04-25,2025-07-10,2,2126.00,82,76,lapsed,Medium,false
CUST04505,2025-04-18,2025-09-25,17,17943.00,5,10,active,High,false
CUST04506,2025-04-22,2025-08-05,10,3989.45,56,11.7,at_risk,Medium,true
CUST04507,2025-05-20,2025-09-13,6,12627.85,17,23.2,cooling,High,false
CUST04508,2025-04-17,2025-09-21,6,6580.00,9,31.4,active,High,false
CUST04509,2025-04-02,2025-09-05,7,2904.00,25,26,cooling,Medium,false
CUST04510,2025-04-01,2025-09-19,4,709.40,11,57,active,Low,false
CUST04511,2025-04-06,2025-08-16,12,9257.65,45,12,at_risk,High,true
CUST04512,2025-05-10,2025-09-27,7,11105.50,3,23.3,active,High,false
CUST04513,2025-05-02,2025-07-25,4,3611.00,67,28,lapsed,Medium,true
CUST04514,2025-05-09,2025-08-08,5,2496.50,53,22.8,at_risk,Medium,true
CUST04515,2025-04-23,2025-09-22,9,19133.90,8,19,active,High,false
CUST04516,2025-06-11,2025-08-21,5,2180.00,40,17.8,at_risk,Medium,true
CUST04517,2025-08-23,2025-08-23,1,666.00,38,,at_risk,Low,false
CUST04518,2025-04-11,2025-09-02,4,2995.20,28,48,cooling,Medium,false
CUST04519,2025-04-07,2025-09-21,20,17329.05,9,8.8,active,High,false
CUST04520,2025-08-30,2025-09-06,2,3980.00,24,7,cooling,Medium,true
CUST04521,2025-06-18,2025-09-20,3,6319.60,10,47,active,High,false
CUST04522,2025-07-19,2025-09-20,4,8255.10,10,21,active,High,false
CUST04523,2025-06-25,2025-09-18,8,6177.40,12,12.1,active,High,false
CUST04524,2025-05-11,2025-09-11,5,7615.80,19,30.8,cooling,High,false
CUST04525,2025-05-23,2025-09-08,7,3763.55,22,18,cooling,Medium,false
CUST04526,2025-08-08,2025-09-30,9,5720.15,0,6.6,active,High,false
CUST04527,2025-06-19,2025-09-12,4,4005.15,18,28.3,cooling,Medium,false
CUST04528,2025-04-07,2025-08-26,10,7084.70,35,15.7,at_risk,High,true
CUST04529,2025-04-02,2025-09-29,18,40175.75,1,10.6,active,High,false
CUST04530,2025-04-16,2025-08-24,3,2893.20,37,65,at_risk,Medium,false
CUST04531,,,0,0.00,,,never_ordered,None,false
CUST04532,2025-04-13,2025-04-13,1,1731.00,170,,lapsed,Low,false
CUST04533,2025-06-23,2025-09-04,3,1301.50,26,36.5,cooling,Low,false
CUST04534,2025-06-14,2025-08-30,8,2734.45,31,11,at_risk,Medium,true
CUST04535,2025-04-12,2025-07-29,2,481.60,63,108,lapsed,Low,false
CUST04536,2025-04-07,2025-09-24,25,25987.17,6,7.1,active,High,false
CUST04537,2025-04-12,2025-09-14,13,16284.00,16,12.9,cooling,High,false
CUST04538,2025-05-31,2025-08-03,6,9791.00,58,12.8,at_risk,High,true
CUST04539,2025-04-16,2025-07-30,3,1651.30,62,52.5,lapsed,Low,false
CUST04540,2025-05-26,2025-09-26,10,6634.30,4,13.7,active,High,false
CUST04541,2025-07-28,2025-09-23,6,9464.00,7,11.4,active,High,false
CUST04542,2025-05-03,2025-09-11,3,992.90,19,65.5,cooling,Low,false
CUST04543,2025-05-15,2025-09-05,9,4058.00,25,14.1,cooling,Medium,false
CUST04544,2025-04-05,2025-09-19,16,24029.30,11,11.1,active,High,false
CUST04545,2025-04-18,2025-07-23,4,1280.10,69,32,lapsed,Low,true
CUST04546,2025-05-30,2025-07-28,2,2573.30,64,59,lapsed,Medium,false
CUST04547,2025-06-22,2025-09-24,7,4164.50,6,15.7,active,Medium,false
CUST04548,2025-04-22,2025-09-26,17,18101.50,4,9.8,active,High,false
CUST04549,2025-04-15,2025-09-30,8,5307.50,0,24,active,Medium,false
CUST04550,2025-04-04,2025-05-29,2,4360.30,124,55,lapsed,Medium,true
CUST04551,2025-04-19,2025-09-21,18,29268.75,9,9.1,active,High,false
CUST04552,2025-09-03,2025-09-03,1,458.00,27,,cooling,Low,false
CUST04553,2025-04-16,2025-08-06,4,5804.20,55,37.3,at_risk,High,false
CUST04554,2025-04-06,2025-08-13,9,1322.20,48,16.1,at_risk,Low,true
CUST04555,,,0,0.00,,,never_ordered,None,false
CUST04556,2025-06-19,2025-09-17,2,611.20,13,90,active,Low,false
CUST04557,,,0,0.00,,,never_ordered,None,false
CUST04558,2025-04-17,2025-09-28,11,3902.80,2,16.4,active,Medium,false
CUST04559,2025-05-29,2025-09-25,10,6659.40,5,13.2,active,High,false
CUST04560,2025-05-14,2025-09-28,4,7900.57,2,45.7,active,High,false
CUST04561,2025-04-05,2025-09-19,5,8743.20,11,41.8,active,High,false
CUST04562,2025-04-01,2025-09-30,10,4002.70,0,20.2,active,Medium,false
CUST04563,,,0,0.00,,,never_ordered,None,false
CUST04564,2025-05-18,2025-09-26,10,6928.65,4,14.6,active,High,false
CUST04565,2025-08-01,2025-09-23,2,2955.00,7,53,active,Medium,false
CUST04566,2025-04-01,2025-09-30,14,11772.00,0,14,active,High,false
CUST04567,2025-06-08,2025-09-26,4,3188.00,4,36.7,active,Medium,false
CUST04568,2025-06-29,2025-09-17,5,5272.30,13,20,active,Medium,false
CUST04569,2025-04-11,2025-07-20,5,7540.90,72,25,lapsed,High,true
CUST04570,2025-07-22,2025-09-21,4,4496.00,9,20.3,active,Medium,false
CUST04571,2025-04-05,2025-09-28,18,5503.30,2,10.4,active,High,false
CUST04572,2025-04-09,2025-09-28,4,10378.60,2,57.3,active,High,false
CUST04573,2025-05-03,2025-08-25,8,4409.95,36,16.3,at_risk,Medium,true
CUST04574,2025-07-18,2025-07-18,1,294.00,74,,lapsed,Low,false
CUST04575,2025-07-10,2025-07-10,1,44.00,82,,lapsed,Low,false
CUST04576,2025-04-08,2025-09-30,10,10660.00,0,19.4,active,High,false
CUST04577,2025-05-04,2025-09-30,20,11815.05,0,7.8,active,High,false
CUST04578,2025-04-29,2025-09-11,4,2341.40,19,45,cooling,Medium,false
CUST04579,,,0,0.00,,,never_ordered,None,false
CUST04580,2025-07-16,2025-09-07,2,2189.00,23,53,cooling,Medium,false
CUST04581,,,0,0.00,,,never_ordered,None,false
CUST04582,2025-04-02,2025-08-23,15,20971.00,38,10.2,at_risk,High,true
CUST04583,2025-04-08,2025-09-03,6,7086.60,27,29.6,cooling,High,false
CUST04584,2025-04-01,2025-09-29,7,7229.00,1,30.2,active,High,false
CUST04585,2025-07-26,2025-09-26,5,5313.20,4,15.5,active,High,false
CUST04586,2025-04-11,2025-09-09,7,3453.60,21,25.2,cooling,Medium,false
CUST04587,2025-09-02,2025-09-02,1,1069.51,28,,cooling,Low,false
CUST04588,2025-04-14,2025-06-24,3,3119.00,98,35.5,lapsed,Medium,true
CUST04589,2025-04-26,2025-09-03,2,1668.00,27,130,cooling,Low,false
CUST04590,2025-04-22,2025-09-18,5,2750.20,12,37.2,active,Medium,false
CUST04591,2025-04-05,2025-06-07,3,959.00,115,31.5,lapsed,Low,true
CUST04592,2025-04-06,2025-09-06,4,3493.00,24,51,cooling,Medium,false
CUST04593,2025-04-10,2025-09-27,10,16282.25,3,18.9,active,High,false
CUST04594,2025-06-07,2025-09-21,6,1669.20,9,21.2,active,Low,false
CUST04595,2025-04-21,2025-09-05,4,1056.15,25,45.7,cooling,Low,false
CUST04596,2025-04-23,2025-08-26,7,4219.50,35,20.8,at_risk,Medium,false
CUST04597,2025-04-02,2025-09-16,4,2624.05,14,55.7,active,Medium,false
CUST04598,,,0,0.00,,,never_ordered,None,false
CUST04599,2025-07-14,2025-07-14,1,615.00,78,,lapsed,Low,false
CUST04600,2025-04-26,2025-08-24,4,5694.55,37,40,at_risk,High,false
CUST04601,2025-04-02,2025-08-31,7,3246.42,30,25.2,cooling,Medium,false
CUST04602,2025-05-07,2025-07-30,4,4690.00,62,28,lapsed,Medium,true
CUST04603,2025-04-11,2025-09-16,10,2959.00,14,17.6,active,Medium,false
CUST04604,2025-04-14,2025-08-27,8,5296.20,34,19.3,at_risk,Medium,false
CUST04605,2025-08-26,2025-08-26,1,3742.60,35,,at_risk,Medium,false
CUST04606,2025-06-07,2025-09-23,7,8226.10,7,18,active,High,false
CUST04607,,,0,0.00,,,never_ordered,None,false
CUST04608,2025-09-06,2025-09-06,1,592.00,24,,cooling,Low,false
CUST04609,2025-07-03,2025-08-01,2,552.00,60,29,at_risk,Low,true
CUST04610,2025-06-22,2025-08-02,3,2035.00,59,20.5,at_risk,Low,true
CUST04611,2025-04-06,2025-08-11,8,6246.60,50,18.1,at_risk,High,true
CUST04612,2025-04-16,2025-09-15,12,10584.00,15,13.8,cooling,High,false
CUST04613,2025-05-13,2025-08-31,4,2378.00,30,36.7,cooling,Medium,false
CUST04614,2025-05-31,2025-06-18,2,1689.00,104,18,lapsed,Low,true
CUST04615,2025-07-12,2025-09-15,5,3178.60,15,16.2,cooling,Medium,false
CUST04616,2025-04-01,2025-09-25,19,13422.10,5,9.8,active,High,false
CUST04617,2025-06-10,2025-08-02,3,3725.00,59,26.5,at_risk,Medium,true
CUST04618,2025-05-03,2025-09-21,8,4955.05,9,20.1,active,Medium,false
CUST04619,2025-05-05,2025-06-17,3,5059.00,105,21.5,lapsed,Medium,true
CUST04620,2025-07-11,2025-08-06,3,1394.00,55,13,at_risk,Low,true
CUST04621,,,0,0.00,,,never_ordered,None,false
CUST04622,,,0,0.00,,,never_ordered,None,false
CUST04623,2025-05-23,2025-08-24,6,2443.55,37,18.6,at_risk,Medium,false
CUST04624,2025-09-23,2025-09-23,1,132.00,7,,active,Low,false
CUST04625,2025-04-21,2025-08-12,10,9349.40,49,12.6,at_risk,High,true
CUST04626,2025-08-15,2025-09-29,4,786.20,1,15,active,Low,false
CUST04627,2025-06-28,2025-08-13,2,3109.00,48,46,at_risk,Medium,false
CUST04628,2025-06-05,2025-09-25,6,2036.40,5,22.4,active,Low,false
CUST04629,2025-06-03,2025-06-03,1,2236.00,119,,lapsed,Medium,false
CUST04630,2025-04-05,2025-09-03,5,3374.00,27,37.8,cooling,Medium,false
CUST04631,2025-04-12,2025-08-31,7,12926.60,30,23.5,cooling,High,false
CUST04632,2025-05-05,2025-09-23,6,3520.00,7,28.2,active,Medium,false
CUST04633,2025-04-17,2025-04-17,1,1294.50,166,,lapsed,Low,false
CUST04634,,,0,0.00,,,never_ordered,None,false
CUST04635,2025-05-29,2025-09-06,4,5607.00,24,33.3,cooling,High,false
CUST04636,2025-04-03,2025-09-27,8,6203.00,3,25.3,active,High,false
CUST04637,2025-05-28,2025-05-28,1,1327.00,125,,lapsed,Low,false
CUST04638,2025-04-13,2025-09-11,9,2732.80,19,18.9,cooling,Medium,false
CUST04639,2025-05-05,2025-09-29,7,13742.20,1,24.5,active,High,false
CUST04640,2025-04-06,2025-08-04,4,1506.00,57,40,at_risk,Low,false
CUST04641,2025-04-01,2025-09-24,17,11077.95,6,11,active,High,false
CUST04642,,,0,0.00,,,never_ordered,None,false
CUST04643,2025-04-07,2025-09-17,4,2796.00,13,54.3,active,Medium,false
CUST04644,2025-05-18,2025-09-07,8,7464.20,23,16,cooling,High,false
CUST04645,,,0,0.00,,,never_ordered,None,false
CUST04646,,,0,0.00,,,never_ordered,None,false
CUST04647,2025-04-04,2025-09-11,10,6453.32,19,17.8,cooling,High,false
CUST04648,2025-04-04,2025-08-22,6,4189.96,39,28,at_risk,Medium,false
CUST04649,,,0,0.00,,,never_ordered,None,false
CUST04650,2025-05-30,2025-09-04,6,3374.00,26,19.4,cooling,Medium,false
CUST04651,2025-05-23,2025-09-16,4,5285.50,14,38.7,active,Medium,false
CUST04652,2025-04-06,2025-09-16,3,3226.00,14,81.5,active,Medium,false
CUST04653,2025-04-11,2025-08-23,5,1871.35,38,33.5,at_risk,Low,false
CUST04654,2025-04-26,2025-06-24,2,1895.00,98,59,lapsed,Low,false
CUST04655,2025-08-15,2025-09-14,3,6926.75,16,15,cooling,High,false
CUST04656,2025-05-11,2025-09-22,5,1880.80,8,33.5,active,Low,false
CUST04657,2025-05-20,2025-09-29,4,2927.00,1,44,active,Medium,false
CUST04658,2025-04-27,2025-09-28,10,7742.60,2,17.1,active,High,false
CUST04659,2025-06-04,2025-08-23,5,3868.45,38,20,at_risk,Medium,false
CUST04660,2025-04-10,2025-08-11,5,1480.00,50,30.8,at_risk,Low,false
CUST04661,2025-05-07,2025-05-07,1,43.00,146,,lapsed,Low,false
CUST04662,2025-07-02,2025-07-29,4,2486.60,63,9,lapsed,Medium,true
CUST04663,2025-05-12,2025-05-12,1,326.00,141,,lapsed,Low,false
CUST04664,,,0,0.00,,,never_ordered,None,false
CUST04665,2025-04-19,2025-08-14,14,15883.25,47,9,at_risk,High,true
CUST04666,2025-04-06,2025-09-02,7,8238.15,28,24.8,cooling,High,false
CUST04667,2025-09-20,2025-09-20,1,3459.14,10,,active,Medium,false
CUST04668,2025-07-29,2025-09-03,2,2124.50,27,36,cooling,Medium,false
CUST04669,2025-08-03,2025-08-29,2,845.00,32,26,at_risk,Low,false
CUST04670,2025-08-22,2025-09-02,2,809.30,28,11,cooling,Low,true
CUST04671,2025-05-12,2025-06-24,2,1915.60,98,43,lapsed,Low,true
CUST04672,2025-04-07,2025-07-22,6,3837.80,70,21.2,lapsed,Medium,true
CUST04673,2025-05-03,2025-08-12,3,1659.00,49,50.5,at_risk,Low,false
CUST04674,2025-07-30,2025-09-11,2,2348.00,19,43,cooling,Medium,false
CUST04675,,,0,0.00,,,never_ordered,None,false
CUST04676,2025-05-14,2025-05-14,1,1018.00,139,,lapsed,Low,false
CUST04677,2025-08-18,2025-08-18,1,1183.00,43,,at_risk,Low,false
CUST04678,2025-04-03,2025-09-14,10,6899.40,16,18.2,cooling,High,false
CUST04679,2025-04-18,2025-08-19,7,8380.33,42,20.5,at_risk,High,true
CUST04680,,,0,0.00,,,never_ordered,None,false
CUST04681,2025-09-21,2025-09-21,1,242.00,9,,active,Low,false
CUST04682,2025-04-26,2025-09-18,6,4728.70,12,29,active,Medium,false
CUST04683,2025-05-14,2025-09-18,10,5022.15,12,14.1,active,Medium,false
CUST04684,2025-04-26,2025-08-09,5,1054.00,52,26.2,at_risk,Low,false
CUST04685,,,0,0.00,,,never_ordered,None,false
CUST04686,2025-05-06,2025-08-13,4,2598.75,48,33,at_risk,Medium,false
CUST04687,2025-04-08,2025-09-10,21,10798.95,20,7.8,cooling,High,true
CUST04688,2025-07-13,2025-08-07,2,1242.65,54,25,at_risk,Low,true
CUST04689,2025-04-21,2025-08-20,3,4999.40,41,60.5,at_risk,Medium,false
CUST04690,2025-04-11,2025-04-29,2,543.00,154,18,lapsed,Low,true
CUST04691,2025-04-11,2025-08-26,5,1746.20,35,34.2,at_risk,Low,false
CUST04692,2025-05-16,2025-09-24,6,4049.00,6,26.2,active,Medium,false
CUST04693,2025-04-21,2025-08-22,11,6373.40,39,12.3,at_risk,High,true
CUST04694,,,0,0.00,,,never_ordered,None,false
CUST04695,,,0,0.00,,,never_ordered,None,false
CUST04696,2025-04-26,2025-05-11,2,516.00,142,15,lapsed,Low,true
CUST04697,2025-07-07,2025-07-07,1,2735.00,85,,lapsed,Medium,false
CUST04698,2025-04-01,2025-08-13,25,20788.60,48,5.6,at_risk,High,true
CUST04699,,,0,0.00,,,never_ordered,None,false
CUST04700,,,0,0.00,,,never_ordered,None,false
CUST04701,2025-05-16,2025-09-26,7,8014.30,4,22.2,active,High,false
CUST04702,2025-07-13,2025-08-26,4,5440.60,35,14.7,at_risk,High,true
CUST04703,2025-05-24,2025-09-10,5,6052.35,20,27.2,cooling,High,false
CUST04704,2025-04-14,2025-09-02,6,2987.60,28,28.2,cooling,Medium,false
CUST04705,2025-04-04,2025-08-22,4,3921.20,39,46.7,at_risk,Medium,false
CUST04706,2025-07-29,2025-08-19,2,2289.00,42,21,at_risk,Medium,false
CUST04707,2025-05-05,2025-09-20,5,8570.00,10,34.5,active,High,false
CUST04708,2025-08-01,2025-09-19,2,687.00,11,49,active,Low,false
CUST04709,2025-05-07,2025-08-28,6,5130.14,33,22.6,at_risk,Medium,false
CUST04710,2025-04-17,2025-09-11,6,6320.00,19,29.4,cooling,High,false
CUST04711,2025-05-10,2025-09-28,4,2669.00,2,47,active,Medium,false
CUST04712,2025-04-26,2025-09-07,5,7873.40,23,33.5,cooling,High,false
CUST04713,2025-04-19,2025-08-03,9,7251.65,58,13.2,at_risk,High,true
CUST04714,2025-07-04,2025-07-26,2,3734.00,66,22,lapsed,Medium,true
CUST04715,2025-07-05,2025-07-05,1,2813.00,87,,lapsed,Medium,false
CUST04716,2025-04-24,2025-09-23,11,3441.00,7,15.2,active,Medium,false
CUST04717,2025-04-09,2025-08-03,2,2561.00,58,116,at_risk,Medium,false
CUST04718,2025-04-01,2025-09-13,19,13027.00,17,9.2,cooling,High,false
CUST04719,,,0,0.00,,,never_ordered,None,false
CUST04720,2025-05-07,2025-08-08,3,2440.69,53,46.5,at_risk,Medium,false
CUST04721,,,0,0.00,,,never_ordered,None,false
CUST04722,2025-07-31,2025-07-31,1,708.80,61,,lapsed,Low,false
CUST04723,2025-05-03,2025-09-26,6,9582.60,4,29.2,active,High,false
CUST04724,2025-04-10,2025-09-21,7,3708.00,9,27.3,active,Medium,false
CUST04725,2025-04-19,2025-09-13,4,2967.20,17,49,cooling,Medium,false
CUST04726,2025-04-17,2025-08-17,8,2102.45,44,17.4,at_risk,Medium,true
CUST04727,2025-04-06,2025-08-14,2,494.00,47,130,at_risk,Low,false
CUST04728,2025-07-09,2025-08-16,3,1641.50,45,19,at_risk,Low,true
CUST04729,2025-05-16,2025-08-25,5,5643.00,36,25.2,at_risk,High,false
CUST04730,2025-06-29,2025-07-16,2,708.20,76,17,lapsed,Low,true
CUST04731,2025-04-05,2025-08-07,7,14282.65,54,20.7,at_risk,High,true
CUST04732,2025-06-18,2025-06-18,1,926.00,104,,lapsed,Low,false
CUST04733,2025-04-11,2025-09-14,7,7534.70,16,26,cooling,High,false
CUST04734,2025-06-15,2025-09-11,3,1773.55,19,44,cooling,Low,false
CUST04735,2025-09-20,2025-09-20,1,2065.00,10,,active,Medium,false
CUST04736,,,0,0.00,,,never_ordered,None,false
CUST04737,2025-04-11,2025-09-09,8,8215.00,21,21.6,cooling,High,false
CUST04738,2025-04-15,2025-09-26,9,5180.75,4,20.5,active,Medium,false
CUST04739,2025-08-13,2025-08-25,2,515.00,36,12,at_risk,Low,true
CUST04740,2025-07-08,2025-07-08,1,778.00,84,,lapsed,Low,false
CUST04741,2025-04-12,2025-09-01,14,9693.55,29,10.9,cooling,High,true
CUST04742,2025-04-01,2025-09-07,8,1984.30,23,22.7,cooling,Low,false
CUST04743,2025-04-03,2025-06-29,4,5171.80,93,29,lapsed,Medium,true
CUST04744,2025-04-24,2025-09-26,10,10607.36,4,17.2,active,High,false
CUST04745,,,0,0.00,,,never_ordered,None,false
CUST04746,2025-06-08,2025-09-04,12,4024.05,26,8,cooling,Medium,true
CUST04747,2025-04-21,2025-09-23,6,9017.60,7,31,active,High,false
CUST04748,2025-06-25,2025-06-25,1,718.00,97,,lapsed,Low,false
CUST04749,2025-05-22,2025-09-16,4,3882.00,14,39,active,Medium,false
CUST04750,,,0,0.00,,,never_ordered,None,false
CUST04751,2025-05-23,2025-09-16,7,4274.55,14,19.3,active,Medium,false
CUST04752,2025-04-07,2025-09-30,12,16782.00,0,16,active,High,false
CUST04753,2025-04-07,2025-09-18,22,17059.86,12,7.8,active,High,false
CUST04754,2025-04-20,2025-07-27,6,5250.03,65,19.6,lapsed,Medium,true
CUST04755,2025-04-03,2025-06-09,3,1119.00,113,33.5,lapsed,Low,true
CUST04756,2025-04-19,2025-07-15,3,2594.00,77,43.5,lapsed,Medium,false
CUST04757,2025-04-21,2025-08-13,10,4925.00,48,12.7,at_risk,Medium,true
CUST04758,2025-08-27,2025-08-27,1,445.55,34,,at_risk,Low,false
CUST04759,2025-09-09,2025-09-09,1,2512.50,21,,cooling,Medium,false
CUST04760,2025-08-30,2025-09-21,3,6757.60,9,11,active,High,false
CUST04761,2025-07-31,2025-08-21,2,617.10,40,21,at_risk,Low,false
CUST04762,2025-04-18,2025-09-21,5,4145.00,9,39,active,Medium,false
CUST04763,2025-04-25,2025-07-26,5,2270.40,66,23,lapsed,Medium,true
CUST04764,2025-04-19,2025-09-30,9,6691.50,0,20.5,active,High,false
CUST04765,2025-06-20,2025-09-12,5,3147.00,18,21,cooling,Medium,false
CUST04766,2025-06-30,2025-09-01,4,4846.20,29,21,cooling,Medium,false
CUST04767,2025-04-27,2025-06-11,3,947.00,111,22.5,lapsed,Low,true
CUST04768,,,0,0.00,,,never_ordered,None,false
CUST04769,2025-06-23,2025-09-24,2,1770.00,6,93,active,Low,false
CUST04770,2025-06-14,2025-08-22,5,1925.00,39,17.2,at_risk,Low,true
CUST04771,2025-04-20,2025-08-19,4,842.00,42,40.3,at_risk,Low,false
CUST04772,2025-08-03,2025-09-29,3,3194.90,1,28.5,active,Medium,false
CUST04773,2025-04-22,2025-09-19,7,5166.00,11,25,active,Medium,false
CUST04774,2025-05-04,2025-09-21,6,6076.80,9,28,active,High,false
CUST04775,2025-05-04,2025-09-15,4,2120.00,15,44.7,cooling,Medium,false
CUST04776,2025-05-22,2025-08-30,4,10449.80,31,33.3,at_risk,High,false
CUST04777,,,0,0.00,,,never_ordered,None,false
CUST04778,,,0,0.00,,,never_ordered,None,false
CUST04779,2025-05-05,2025-09-26,5,4604.00,4,36,active,Medium,false
CUST04780,,,0,0.00,,,never_ordered,None,false
CUST04781,2025-04-24,2025-07-22,5,1741.75,70,22.2,lapsed,Low,true
CUST04782,2025-07-18,2025-07-18,1,3138.00,74,,lapsed,Medium,false
CUST04783,2025-04-28,2025-09-23,8,8465.50,7,21.1,active,High,false
CUST04784,,,0,0.00,,,never_ordered,None,false
CUST04785,2025-04-11,2025-09-17,24,8186.00,13,6.9,active,High,false
CUST04786,2025-09-06,2025-09-06,1,2612.00,24,,cooling,Medium,false
CUST04787,,,0,0.00,,,never_ordered,None,false
CUST04788,2025-05-07,2025-09-24,7,4425.50,6,23.3,active,Medium,false
CUST04789,2025-04-24,2025-09-12,8,4529.20,18,20.1,cooling,Medium,false
CUST04790,,,0,0.00,,,never_ordered,None,false
CUST04791,2025-04-17,2025-09-16,9,7094.95,14,19,active,High,false
CUST04792,2025-05-07,2025-09-06,3,851.40,24,61,cooling,Low,false
CUST04793,2025-05-03,2025-08-02,4,6604.00,59,30.3,at_risk,High,false
CUST04794,,,0,0.00,,,never_ordered,None,false
CUST04795,2025-08-14,2025-09-29,4,3163.05,1,15.3,active,Medium,false
CUST04796,2025-05-08,2025-09-30,7,6364.00,0,24.2,active,High,false
CUST04797,2025-05-13,2025-09-29,9,8457.20,1,17.4,active,High,false
CUST04798,,,0,0.00,,,never_ordered,None,false
CUST04799,2025-05-30,2025-05-30,1,269.10,123,,lapsed,Low,false
CUST04800,2025-05-01,2025-06-28,4,2776.60,94,19.3,lapsed,Medium,true
CUST04801,2025-04-03,2025-09-02,7,2438.94,28,25.3,cooling,Medium,false
CUST04802,2025-06-28,2025-09-20,3,846.00,10,42,active,Low,false
CUST04803,2025-04-06,2025-08-20,6,2205.90,41,27.2,at_risk,Medium,false
CUST04804,,,0,0.00,,,never_ordered,None,false
CUST04805,2025-05-17,2025-06-29,2,3103.00,93,43,lapsed,Medium,true
CUST04806,2025-04-16,2025-09-30,18,9329.95,0,9.8,active,High,false
CUST04807,2025-09-16,2025-09-16,1,40.00,14,,active,Low,false
CUST04808,2025-09-15,2025-09-15,1,304.80,15,,cooling,Low,false
CUST04809,2025-07-11,2025-09-06,2,2903.75,24,57,cooling,Medium,false
CUST04810,2025-04-12,2025-09-27,24,46480.10,3,7.3,active,High,false
CUST04811,2025-04-05,2025-09-28,15,8732.20,2,12.6,active,High,false
CUST04812,2025-04-08,2025-09-24,13,8493.40,6,14.1,active,High,false
CUST04813,2025-09-23,2025-09-30,2,1755.00,0,7,active,Low,false
CUST04814,2025-04-09,2025-09-24,15,10257.90,6,12,active,High,false
CUST04815,2025-04-23,2025-09-28,15,9714.70,2,11.3,active,High,false
CUST04816,2025-04-05,2025-05-28,3,1710.50,125,26.5,lapsed,Low,true
CUST04817,2025-09-07,2025-09-07,1,1064.00,23,,cooling,Low,false
CUST04818,2025-04-02,2025-09-27,30,44007.40,3,6.1,active,High,false
CUST04819,2025-06-01,2025-06-05,2,699.75,117,4,lapsed,Low,true
CUST04820,2025-04-26,2025-07-05,4,1086.00,87,23.3,lapsed,Low,true
CUST04821,2025-04-09,2025-04-29,2,3091.00,154,20,lapsed,Medium,true
CUST04822,2025-05-02,2025-09-26,3,5560.00,4,73.5,active,High,false
CUST04823,,,0,0.00,,,never_ordered,None,false
CUST04824,2025-07-31,2025-09-12,3,1691.00,18,21.5,cooling,Low,false
CUST04825,2025-04-12,2025-08-23,19,11580.20,38,7.4,at_risk,High,true
CUST04826,2025-04-11,2025-07-19,4,7515.76,73,33,lapsed,High,true
CUST04827,2025-05-24,2025-09-10,5,2277.50,20,27.2,cooling,Medium,false
CUST04828,2025-04-11,2025-07-29,7,3533.40,63,18.2,lapsed,Medium,true
CUST04829,,,0,0.00,,,never_ordered,None,false
CUST04830,2025-04-23,2025-07-27,9,7824.00,65,11.9,lapsed,High,true
CUST04831,,,0,0.00,,,never_ordered,None,false
CUST04832,2025-04-07,2025-04-07,1,694.20,176,,lapsed,Low,false
CUST04833,2025-04-03,2025-08-31,8,6042.45,30,21.4,cooling,High,false
CUST04834,2025-09-04,2025-09-04,1,546.00,26,,cooling,Low,false
CUST04835,,,0,0.00,,,never_ordered,None,false
CUST04836,2025-04-08,2025-09-30,19,14446.80,0,9.7,active,High,false
CUST04837,2025-04-18,2025-09-22,11,5698.20,8,15.7,active,High,false
CUST04838,2025-04-20,2025-09-30,8,4614.80,0,23.3,active,Medium,false
CUST04839,2025-05-11,2025-09-21,3,1928.00,9,66.5,active,Low,false
CUST04840,,,0,0.00,,,never_ordered,None,false
CUST04841,2025-05-02,2025-08-03,2,712.60,58,93,at_risk,Low,false
CUST04842,2025-05-10,2025-09-07,10,4355.10,23,13.3,cooling,Medium,false
CUST04843,,,0,0.00,,,never_ordered,None,false
CUST04844,2025-07-23,2025-07-23,1,770.00,69,,lapsed,Low,false
CUST04845,2025-07-07,2025-09-16,3,1104.00,14,35.5,active,Low,false
CUST04846,2025-05-10,2025-09-24,7,14561.80,6,22.8,active,High,false
CUST04847,2025-04-20,2025-09-11,5,2218.00,19,36,cooling,Medium,false
CUST04848,2025-04-08,2025-09-24,8,5857.00,6,24.1,active,High,false
CUST04849,2025-05-22,2025-09-18,13,9965.38,12,9.9,active,High,false
CUST04850,2025-05-01,2025-09-23,11,7610.50,7,14.5,active,High,false
CUST04851,,,0,0.00,,,never_ordered,None,false
CUST04852,,,0,0.00,,,never_ordered,None,false
CUST04853,2025-04-29,2025-06-28,2,848.40,94,60,lapsed,Low,false
CUST04854,2025-08-25,2025-09-24,2,2794.00,6,30,active,Medium,false
CUST04855,2025-04-01,2025-09-07,12,7999.60,23,14.5,cooling,High,false
CUST04856,2025-06-01,2025-08-15,3,4926.00,46,37.5,at_risk,Medium,false
CUST04857,2025-04-14,2025-09-11,4,2601.40,19,50,cooling,Medium,false
CUST04858,,,0,0.00,,,never_ordered,None,false
CUST04859,2025-07-07,2025-09-26,8,4602.30,4,11.6,active,Medium,false
CUST04860,2025-04-14,2025-08-21,10,14050.25,40,14.3,at_risk,High,true
CUST04861,2025-04-28,2025-09-18,3,3467.50,12,71.5,active,Medium,false
CUST04862,,,0,0.00,,,never_ordered,None,false
CUST04863,,,0,0.00,,,never_ordered,None,false
CUST04864,,,0,0.00,,,never_ordered,None,false
CUST04865,,,0,0.00,,,never_ordered,None,false
CUST04866,2025-05-01,2025-09-12,8,6788.10,18,19.1,cooling,High,false
CUST04867,2025-09-06,2025-09-06,1,2481.00,24,,cooling,Medium,false
CUST04868,2025-05-15,2025-09-07,4,6223.00,23,38.3,cooling,High,false
CUST04869,2025-08-09,2025-09-13,6,4323.85,17,7,cooling,Medium,true
CUST04870,2025-04-03,2025-09-25,14,7168.40,5,13.5,active,High,false
CUST04871,2025-04-16,2025-06-19,3,3481.00,103,32,lapsed,Medium,true
CUST04872,2025-09-26,2025-09-28,2,1050.00,2,2,active,Low,false
CUST04873,2025-06-28,2025-09-24,4,1461.50,6,29.3,active,Low,false
CUST04874,2025-08-09,2025-08-09,1,1487.00,52,,at_risk,Low,false
CUST04875,2025-04-08,2025-09-25,31,22817.90,5,5.7,active,High,false
CUST04876,2025-04-25,2025-09-20,8,13241.00,10,21.1,active,High,false
CUST04877,2025-04-28,2025-09-29,3,796.80,1,77,active,Low,false
CUST04878,,,0,0.00,,,never_ordered,None,false
CUST04879,2025-07-06,2025-09-05,7,775.90,25,10.2,cooling,Low,true
CUST04880,2025-04-30,2025-07-07,3,8759.00,85,34,lapsed,High,true
CUST04881,2025-05-15,2025-08-12,2,2473.00,49,89,at_risk,Medium,false
CUST04882,2025-04-07,2025-05-05,3,1028.00,148,14,lapsed,Low,true
CUST04883,2025-07-15,2025-09-14,3,2949.00,16,30.5,cooling,Medium,false
CUST04884,2025-08-09,2025-08-29,2,3396.00,32,20,at_risk,Medium,false
CUST04885,2025-08-15,2025-09-01,2,1324.00,29,17,cooling,Low,false
CUST04886,,,0,0.00,,,never_ordered,None,false
CUST04887,2025-04-18,2025-09-22,19,17153.45,8,8.7,active,High,false
CUST04888,2025-05-22,2025-09-27,9,6601.20,3,16,active,High,false
CUST04889,2025-04-07,2025-04-07,1,228.00,176,,lapsed,Low,false
CUST04890,,,0,0.00,,,never_ordered,None,false
CUST04891,2025-04-03,2025-09-26,14,7716.00,4,13.5,active,High,false
CUST04892,2025-06-14,2025-06-14,1,178.00,108,,lapsed,Low,false
CUST04893,2025-04-08,2025-08-31,6,6321.00,30,29,cooling,High,false
CUST04894,,,0,0.00,,,never_ordered,None,false
CUST04895,2025-04-13,2025-09-13,4,1440.20,17,51,cooling,Low,false
CUST04896,2025-05-25,2025-09-23,6,2130.00,7,24.2,active,Medium,false
CUST04897,2025-04-27,2025-07-10,2,2089.00,82,74,lapsed,Medium,false
CUST04898,2025-08-31,2025-08-31,1,2475.50,30,,cooling,Medium,false
CUST04899,2025-05-27,2025-06-10,2,1555.75,112,14,lapsed,Low,true
CUST04900,2025-04-11,2025-04-11,1,1195.00,172,,lapsed,Low,false
CUST04901,2025-04-26,2025-08-23,7,3610.00,38,19.8,at_risk,Medium,false
CUST04902,2025-08-09,2025-09-09,2,421.25,21,31,cooling,Low,false
CUST04903,2025-09-12,2025-09-27,2,1601.00,3,15,active,Low,false
CUST04904,,,0,0.00,,,never_ordered,None,false
CUST04905,2025-05-03,2025-08-22,9,16595.50,39,13.9,at_risk,High,true
CUST04906,2025-05-17,2025-09-24,3,4478.65,6,65,active,Medium,false
CUST04907,2025-07-14,2025-09-09,4,2786.00,21,19,cooling,Medium,false
CUST04908,2025-04-24,2025-09-15,6,10202.60,15,28.8,cooling,High,false
CUST04909,2025-04-12,2025-09-27,25,7098.00,3,7,active,High,false
CUST04910,2025-04-11,2025-09-22,11,20896.35,8,16.4,active,High,false
CUST04911,2025-06-09,2025-06-19,3,2242.75,103,5,lapsed,Medium,true
CUST04912,2025-06-13,2025-07-24,3,2368.00,68,20.5,lapsed,Medium,true
CUST04913,2025-04-06,2025-05-15,4,2303.00,138,13,lapsed,Medium,true
CUST04914,2025-08-06,2025-09-06,2,3088.00,24,31,cooling,Medium,false
CUST04915,2025-05-20,2025-08-03,4,10439.00,58,25,at_risk,High,true
CUST04916,,,0,0.00,,,never_ordered,None,false
CUST04917,2025-05-14,2025-07-11,2,509.00,81,58,lapsed,Low,false
CUST04918,2025-08-25,2025-08-25,1,942.00,36,,at_risk,Low,false
CUST04919,2025-06-03,2025-09-29,3,6002.97,1,59,active,High,false
CUST04920,2025-04-18,2025-09-13,7,8982.40,17,24.7,cooling,High,false
CUST04921,2025-09-08,2025-09-08,1,114.00,22,,cooling,Low,false
CUST04922,2025-09-04,2025-09-04,1,3320.00,26,,cooling,Medium,false
CUST04923,2025-04-06,2025-08-02,6,6745.00,59,23.6,at_risk,High,true
CUST04924,2025-04-26,2025-09-12,7,4236.30,18,23.2,cooling,Medium,false
CUST04925,2025-04-18,2025-07-21,5,2321.85,71,23.5,lapsed,Medium,true
CUST04926,2025-09-02,2025-09-02,1,1191.00,28,,cooling,Low,false
CUST04927,2025-04-06,2025-09-24,6,4033.20,6,34.2,active,Medium,false
CUST04928,2025-04-05,2025-09-16,14,11788.00,14,12.6,active,High,false
CUST04929,2025-04-09,2025-07-28,3,3564.70,64,55,lapsed,Medium,false
CUST04930,2025-05-08,2025-05-08,1,125.00,145,,lapsed,Low,false
CUST04931,2025-04-06,2025-09-02,12,5091.10,28,13.5,cooling,Medium,true
CUST04932,2025-04-06,2025-06-07,9,8506.10,115,7.8,lapsed,High,true
CUST04933,2025-06-04,2025-08-08,2,7457.60,53,65,at_risk,High,false
CUST04934,2025-09-19,2025-09-26,4,2084.00,4,2.3,active,Medium,false
CUST04935,2025-04-06,2025-06-07,2,5704.60,115,62,lapsed,High,false
CUST04936,2025-04-06,2025-09-22,5,9888.10,8,42.2,active,High,false
CUST04937,2025-06-25,2025-09-10,4,2500.25,20,25.7,cooling,Medium,false
CUST04938,2025-04-07,2025-09-28,7,5858.05,2,29,active,High,false
CUST04939,2025-05-17,2025-06-25,2,2161.00,97,39,lapsed,Medium,true
CUST04940,2025-05-04,2025-09-06,3,2311.00,24,62.5,cooling,Medium,false
CUST04941,2025-04-02,2025-04-21,4,1269.20,162,6.3,lapsed,Low,true
CUST04942,2025-05-19,2025-09-21,4,3048.00,9,41.7,active,Medium,false
CUST04943,,,0,0.00,,,never_ordered,None,false
CUST04944,2025-04-22,2025-09-30,14,5042.00,0,12.4,active,Medium,false
CUST04945,2025-04-03,2025-09-28,27,17509.00,2,6.8,active,High,false
CUST04946,2025-04-24,2025-09-02,9,9278.25,28,16.4,cooling,High,false
CUST04947,2025-04-08,2025-08-03,4,4856.81,58,39,at_risk,Medium,false
CUST04948,2025-04-09,2025-09-15,8,7482.00,15,22.7,cooling,High,false
CUST04949,2025-04-06,2025-09-20,12,15251.00,10,15.2,active,High,false
CUST04950,2025-07-19,2025-09-24,13,12692.65,6,5.6,active,High,false
CUST04951,2025-04-16,2025-09-02,15,8013.50,28,9.9,cooling,High,true
CUST04952,2025-05-15,2025-09-21,7,4366.50,9,21.5,active,Medium,false
CUST04953,2025-04-21,2025-09-01,9,5953.00,29,16.6,cooling,High,false
CUST04954,2025-04-03,2025-09-19,10,10720.20,11,18.8,active,High,false
CUST04955,2025-06-28,2025-08-24,2,2071.00,37,57,at_risk,Medium,false
CUST04956,2025-04-24,2025-09-26,11,9976.60,4,15.5,active,High,false
CUST04957,,,0,0.00,,,never_ordered,None,false
CUST04958,2025-05-03,2025-09-05,8,5712.60,25,17.9,cooling,High,false
CUST04959,2025-05-05,2025-09-14,2,789.55,16,132,cooling,Low,false
CUST04960,2025-04-04,2025-09-15,6,6118.10,15,32.8,cooling,High,false
CUST04961,2025-07-27,2025-08-05,3,3577.00,56,4.5,at_risk,Medium,true
CUST04962,2025-04-15,2025-08-21,6,5394.55,40,25.6,at_risk,High,false
CUST04963,2025-05-11,2025-08-18,2,1693.80,43,99,at_risk,Low,false
CUST04964,,,0,0.00,,,never_ordered,None,false
CUST04965,2025-04-12,2025-06-25,2,2624.00,97,74,lapsed,Medium,false
CUST04966,2025-06-21,2025-09-02,3,4890.00,28,36.5,cooling,Medium,false
CUST04967,2025-04-07,2025-06-09,2,1030.00,113,63,lapsed,Low,false
CUST04968,2025-05-21,2025-08-18,6,5180.50,43,17.8,at_risk,Medium,true
CUST04969,2025-04-21,2025-04-21,1,1134.00,162,,lapsed,Low,false
CUST04970,,,0,0.00,,,never_ordered,None,false
CUST04971,2025-04-02,2025-09-28,21,18583.00,2,9,active,High,false
CUST04972,2025-04-20,2025-09-12,8,12244.85,18,20.7,cooling,High,false
CUST04973,2025-08-08,2025-08-10,2,4165.10,51,2,at_risk,Medium,true
CUST04974,2025-05-28,2025-05-28,1,214.00,125,,lapsed,Low,false
CUST04975,2025-05-13,2025-09-01,5,4016.30,29,27.8,cooling,Medium,false
CUST04976,2025-05-10,2025-09-23,4,744.00,7,45.3,active,Low,false
CUST04977,2025-04-21,2025-09-24,5,5657.80,6,39,active,High,false
CUST04978,2025-04-12,2025-07-12,6,2984.35,80,18.2,lapsed,Medium,true
CUST04979,2025-04-09,2025-09-24,7,3553.00,6,28,active,Medium,false
CUST04980,2025-05-13,2025-08-29,4,2037.00,32,36,at_risk,Low,false
CUST04981,2025-09-13,2025-09-13,1,1354.00,17,,cooling,Low,false
CUST04982,2025-08-27,2025-08-27,1,3748.00,34,,at_risk,Medium,false
CUST04983,2025-05-14,2025-08-24,6,10026.50,37,20.4,at_risk,High,false
CUST04984,2025-04-18,2025-07-05,2,3229.10,87,78,lapsed,Medium,false
CUST04985,2025-07-13,2025-07-13,1,832.00,79,,lapsed,Low,false
CUST04986,2025-07-09,2025-08-18,2,719.00,43,40,at_risk,Low,false
CUST04987,2025-04-03,2025-09-09,7,2907.00,21,26.5,cooling,Medium,false
CUST04988,2025-08-24,2025-09-24,2,858.00,6,31,active,Low,false
CUST04989,2025-04-03,2025-09-11,3,8257.00,19,80.5,cooling,High,false
CUST04990,2025-04-01,2025-08-28,8,6996.10,33,21.3,at_risk,High,false
CUST04991,,,0,0.00,,,never_ordered,None,false
CUST04992,2025-04-21,2025-09-18,4,1913.00,12,50,active,Low,false
CUST04993,2025-04-21,2025-08-15,3,1355.75,46,58,at_risk,Low,false
CUST04994,2025-04-18,2025-08-20,3,1750.00,41,62,at_risk,Low,false
CUST04995,2025-06-21,2025-08-22,3,540.30,39,31,at_risk,Low,false
CUST04996,2025-04-19,2025-09-16,5,8768.20,14,37.5,active,High,false
CUST04997,2025-05-03,2025-08-30,7,10531.00,31,19.8,at_risk,High,false
CUST04998,2025-08-08,2025-08-08,1,1232.00,53,,at_risk,Low,false
CUST04999,,,0,0.00,,,never_ordered,None,false
CUST05000,2025-07-06,2025-09-29,16,18669.20,1,5.7,active,High,false
CUST05001,2025-08-19,2025-08-19,1,343.20,42,,at_risk,Low,false
CUST05002,2025-04-12,2025-05-18,2,2668.00,135,36,lapsed,Medium,true
CUST05003,2025-06-26,2025-08-17,3,1506.50,44,26,at_risk,Low,false
CUST05004,2025-07-10,2025-08-23,2,763.00,38,44,at_risk,Low,false
CUST05005,2025-04-03,2025-09-27,7,2705.23,3,29.5,active,Medium,false
CUST05006,2025-07-13,2025-08-08,2,1126.80,53,26,at_risk,Low,true
CUST05007,2025-04-18,2025-06-18,4,1901.00,104,20.3,lapsed,Low,true
CUST05008,2025-09-05,2025-09-05,1,2694.00,25,,cooling,Medium,false
CUST05009,2025-05-01,2025-08-28,5,2318.50,33,29.8,at_risk,Medium,false
CUST05010,2025-04-08,2025-09-27,10,10151.00,3,19.1,active,High,false
CUST05011,,,0,0.00,,,never_ordered,None,false
CUST05012,,,0,0.00,,,never_ordered,None,false
CUST05013,2025-04-12,2025-09-10,16,10473.40,20,10.1,cooling,High,false
CUST05014,2025-04-19,2025-07-24,4,2457.05,68,32,lapsed,Medium,true
CUST05015,2025-04-25,2025-06-28,3,2981.00,94,32,lapsed,Medium,true
CUST05016,2025-04-10,2025-09-29,10,9680.20,1,19.1,active,High,false
CUST05017,2025-09-26,2025-09-26,1,2051.00,4,,active,Medium,false
CUST05018,2025-09-27,2025-09-27,1,406.00,3,,active,Low,false
CUST05019,2025-04-21,2025-08-22,7,1358.00,39,20.5,at_risk,Low,false
CUST05020,2025-05-05,2025-09-04,7,4528.80,26,20.3,cooling,Medium,false
CUST05021,2025-06-23,2025-09-03,5,3847.00,27,18,cooling,Medium,false
CUST05022,2025-04-06,2025-09-28,5,3738.00,2,43.8,active,Medium,false
CUST05023,2025-04-26,2025-09-20,4,5566.00,10,49,active,High,false
CUST05024,,,0,0.00,,,never_ordered,None,false
CUST05025,2025-04-06,2025-07-05,3,5368.00,87,45,lapsed,High,false
CUST05026,,,0,0.00,,,never_ordered,None,false
CUST05027,2025-05-28,2025-09-09,2,2703.78,21,104,cooling,Medium,false
CUST05028,2025-06-18,2025-09-28,9,10052.75,2,12.8,active,High,false
CUST05029,2025-04-27,2025-09-30,23,20603.10,0,7.1,active,High,false
CUST05030,2025-09-08,2025-09-08,1,789.00,22,,cooling,Low,false
CUST05031,2025-06-02,2025-09-30,2,1791.50,0,120,active,Low,false
CUST05032,2025-04-26,2025-08-20,2,2759.20,41,116,at_risk,Medium,false
CUST05033,2025-05-15,2025-09-30,6,5935.95,0,27.6,active,High,false
CUST05034,2025-05-01,2025-05-29,3,1411.20,124,14,lapsed,Low,true
CUST05035,2025-08-17,2025-09-04,3,1061.50,26,9,cooling,Low,true
CUST05036,2025-04-17,2025-06-04,2,1583.20,118,48,lapsed,Low,true
CUST05037,2025-04-28,2025-05-21,3,689.00,132,11.5,lapsed,Low,true
CUST05038,2025-05-11,2025-09-29,2,658.00,1,141,active,Low,false
CUST05039,2025-08-25,2025-09-21,4,3848.30,9,9,active,Medium,false
CUST05040,2025-04-12,2025-05-10,3,3257.80,143,14,lapsed,Medium,true
CUST05041,2025-04-16,2025-09-12,19,14225.10,18,8.3,cooling,High,true
CUST05042,2025-05-12,2025-09-22,5,3722.80,8,33.2,active,Medium,false
CUST05043,,,0,0.00,,,never_ordered,None,false
CUST05044,2025-04-03,2025-08-29,10,7522.00,32,16.4,at_risk,High,false
CUST05045,2025-04-01,2025-08-06,7,7539.55,55,21.2,at_risk,High,true
CUST05046,2025-07-22,2025-09-25,2,2090.40,5,65,active,Medium,false
CUST05047,2025-04-26,2025-09-24,5,4210.70,6,37.8,active,Medium,false
CUST05048,2025-04-11,2025-09-22,6,2418.75,8,32.8,active,Medium,false
CUST05049,,,0,0.00,,,never_ordered,None,false
CUST05050,,,0,0.00,,,never_ordered,None,false
CUST05051,2025-04-03,2025-09-20,24,20400.80,10,7.4,active,High,false
CUST05052,2025-04-07,2025-09-22,6,11781.00,8,33.6,active,High,false
CUST05053,2025-05-18,2025-09-20,17,10862.50,10,7.8,active,High,false
CUST05054,,,0,0.00,,,never_ordered,None,false
CUST05055,,,0,0.00,,,never_ordered,None,false
CUST05056,2025-05-03,2025-09-06,3,5058.50,24,63,cooling,Medium,false
CUST05057,2025-04-04,2025-08-20,8,2238.80,41,19.7,at_risk,Medium,true
CUST05058,2025-04-15,2025-09-02,3,5593.20,28,70,cooling,High,false
CUST05059,2025-08-30,2025-08-30,1,697.00,31,,at_risk,Low,false
CUST05060,2025-05-16,2025-09-30,8,6308.50,0,19.6,active,High,false
CUST05061,2025-04-01,2025-06-28,2,1099.00,94,88,lapsed,Low,false
CUST05062,2025-08-28,2025-09-06,2,3153.60,24,9,cooling,Medium,true
CUST05063,2025-05-17,2025-05-17,1,566.00,136,,lapsed,Low,false
CUST05064,2025-04-23,2025-08-30,7,5116.80,31,21.5,at_risk,Medium,false
CUST05065,2025-07-21,2025-07-21,1,342.00,71,,lapsed,Low,false
CUST05066,2025-07-01,2025-09-16,3,4310.00,14,38.5,active,Medium,false
CUST05067,2025-07-21,2025-09-11,3,607.70,19,26,cooling,Low,false
CUST05068,2025-04-04,2025-04-04,1,4335.00,179,,lapsed,Medium,false
CUST05069,2025-05-01,2025-09-20,7,9487.20,10,23.7,active,High,false
CUST05070,2025-06-25,2025-06-25,1,520.00,97,,lapsed,Low,false
CUST05071,,,0,0.00,,,never_ordered,None,false
CUST05072,2025-08-11,2025-09-19,4,1125.00,11,13,active,Low,false
CUST05073,2025-04-10,2025-09-05,8,4780.85,25,21.1,cooling,Medium,false
CUST05074,,,0,0.00,,,never_ordered,None,false
CUST05075,2025-06-09,2025-09-23,8,9008.00,7,15.1,active,High,false
CUST05076,,,0,0.00,,,never_ordered,None,false
CUST05077,,,0,0.00,,,never_ordered,None,false
CUST05078,,,0,0.00,,,never_ordered,None,false
CUST05079,2025-04-06,2025-08-20,6,5384.50,41,27.2,at_risk,High,false
CUST05080,2025-05-03,2025-08-25,4,8003.80,36,38,at_risk,High,false
CUST05081,2025-06-16,2025-08-14,4,2199.00,47,19.7,at_risk,Medium,true
CUST05082,2025-04-09,2025-08-26,7,4087.05,35,23.2,at_risk,Medium,false
CUST05083,2025-05-08,2025-05-08,1,712.00,145,,lapsed,Low,false
CUST05084,2025-05-30,2025-09-18,3,1859.00,12,55.5,active,Low,false
CUST05085,2025-05-18,2025-05-18,1,979.50,135,,lapsed,Low,false
CUST05086,2025-05-25,2025-09-21,6,14069.60,9,23.8,active,High,false
CUST05087,2025-08-07,2025-08-07,1,1060.00,54,,at_risk,Low,false
CUST05088,2025-04-10,2025-04-10,1,2015.20,173,,lapsed,Low,false
CUST05089,2025-04-08,2025-07-12,3,1642.60,80,47.5,lapsed,Low,false
CUST05090,,,0,0.00,,,never_ordered,None,false
CUST05091,2025-04-09,2025-09-18,9,8973.40,12,20.2,active,High,false
CUST05092,2025-04-14,2025-09-15,8,5099.00,15,22,cooling,Medium,false
CUST05093,2025-05-19,2025-05-19,1,725.00,134,,lapsed,Low,false
CUST05094,2025-05-07,2025-08-12,3,324.20,49,48.5,at_risk,Low,false
CUST05095,2025-06-19,2025-07-07,2,978.10,85,18,lapsed,Low,true
CUST05096,,,0,0.00,,,never_ordered,None,false
CUST05097,2025-05-20,2025-09-13,10,17112.20,17,12.9,cooling,High,false
CUST05098,2025-05-15,2025-09-30,10,12189.20,0,15.3,active,High,false
CUST05099,,,0,0.00,,,never_ordered,None,false
CUST05100,2025-04-06,2025-09-24,4,5702.00,6,57,active,High,false
CUST05101,,,0,0.00,,,never_ordered,None,false
CUST05102,2025-04-14,2025-08-18,6,1678.60,43,25.2,at_risk,Low,false
CUST05103,2025-08-02,2025-08-02,1,1200.50,59,,at_risk,Low,false
CUST05104,2025-04-03,2025-09-29,12,9659.70,1,16.3,active,High,false
CUST05105,2025-06-07,2025-09-27,9,11781.60,3,14,active,High,false
CUST05106,2025-08-23,2025-08-23,1,304.00,38,,at_risk,Low,false
CUST05107,2025-04-13,2025-09-21,18,16022.60,9,9.5,active,High,false
CUST05108,2025-04-05,2025-09-17,21,12419.55,13,8.2,active,High,false
CUST05109,2025-04-17,2025-09-27,8,3992.70,3,23.3,active,Medium,false
CUST05110,2025-04-01,2025-09-22,14,8136.10,8,13.4,active,High,false
CUST05111,2025-05-21,2025-08-19,5,11456.00,42,22.5,at_risk,High,false
CUST05112,2025-04-13,2025-09-24,5,5517.00,6,41,active,High,false
CUST05113,2025-04-01,2025-09-26,13,9687.70,4,14.8,active,High,false
CUST05114,2025-04-06,2025-07-20,3,2980.00,72,52.5,lapsed,Medium,false
CUST05115,2025-06-08,2025-09-23,5,2510.40,7,26.8,active,Medium,false
CUST05116,,,0,0.00,,,never_ordered,None,false
CUST05117,2025-06-06,2025-06-06,1,613.20,116,,lapsed,Low,false
CUST05118,2025-05-19,2025-08-10,3,1782.00,51,41.5,at_risk,Low,false
CUST05119,2025-04-01,2025-09-29,23,15515.90,1,8.2,active,High,false
CUST05120,2025-04-06,2025-08-28,7,10035.55,33,24,at_risk,High,false
CUST05121,2025-04-15,2025-09-12,8,4778.80,18,21.4,cooling,Medium,false
CUST05122,2025-05-25,2025-09-28,2,2729.00,2,126,active,Medium,false
CUST05123,2025-04-13,2025-09-12,17,13383.40,18,9.5,cooling,High,false
CUST05124,2025-04-08,2025-09-21,31,15951.36,9,5.5,active,High,false
CUST05125,2025-07-08,2025-09-08,4,5227.60,22,20.7,cooling,Medium,false
CUST05126,2025-09-03,2025-09-17,2,432.80,13,14,active,Low,false
CUST05127,2025-04-18,2025-09-05,12,8939.00,25,12.7,cooling,High,false
CUST05128,,,0,0.00,,,never_ordered,None,false
CUST05129,2025-04-25,2025-06-27,2,567.10,95,63,lapsed,Low,false
CUST05130,,,0,0.00,,,never_ordered,None,false
CUST05131,2025-08-11,2025-09-30,4,3129.00,0,16.7,active,Medium,false
CUST05132,2025-05-20,2025-06-23,4,797.00,99,11.3,lapsed,Low,true
CUST05133,2025-06-19,2025-08-21,4,1437.00,40,21,at_risk,Low,false
CUST05134,2025-04-01,2025-09-28,14,20440.15,2,13.8,active,High,false
CUST05135,2025-04-04,2025-09-19,10,7087.70,11,18.7,active,High,false
CUST05136,2025-05-08,2025-08-04,6,4189.50,57,17.6,at_risk,Medium,true
CUST05137,2025-04-12,2025-06-14,3,6667.90,108,31.5,lapsed,High,true
CUST05138,2025-05-19,2025-09-18,4,2560.00,12,40.7,active,Medium,false
CUST05139,2025-04-08,2025-09-03,4,1894.00,27,49.3,cooling,Low,false
CUST05140,2025-04-13,2025-04-13,1,552.00,170,,lapsed,Low,false
CUST05141,2025-04-18,2025-04-27,2,1131.00,156,9,lapsed,Low,true
CUST05142,2025-04-04,2025-09-24,6,7065.48,6,34.6,active,High,false
CUST05143,2025-04-26,2025-09-13,9,14848.60,17,17.5,cooling,High,false
CUST05144,2025-07-22,2025-09-26,3,1614.00,4,33,active,Low,false
CUST05145,2025-07-27,2025-07-27,1,326.80,65,,lapsed,Low,false
CUST05146,2025-04-22,2025-09-28,9,5337.25,2,19.9,active,High,false
CUST05147,,,0,0.00,,,never_ordered,None,false
CUST05148,2025-04-14,2025-08-22,5,4737.00,39,32.5,at_risk,Medium,false
CUST05149,2025-05-04,2025-07-19,4,1347.00,73,25.3,lapsed,Low,true
CUST05150,2025-08-16,2025-08-16,1,1000.00,45,,at_risk,Low,false
CUST05151,2025-04-05,2025-04-05,1,1974.00,178,,lapsed,Low,false
CUST05152,2025-04-02,2025-09-14,3,1459.80,16,82.5,cooling,Low,false
CUST05153,2025-04-08,2025-09-19,9,7857.80,11,20.5,active,High,false
CUST05154,2025-05-08,2025-08-08,4,2879.00,53,30.7,at_risk,Medium,false
CUST05155,2025-06-16,2025-09-06,5,3616.50,24,20.5,cooling,Medium,false
CUST05156,2025-04-19,2025-09-13,6,10146.00,17,29.4,cooling,High,false
CUST05157,2025-06-03,2025-08-25,4,2487.80,36,27.7,at_risk,Medium,false
CUST05158,2025-04-13,2025-08-27,8,14698.85,34,19.4,at_risk,High,false
CUST05159,2025-07-21,2025-09-17,5,1585.10,13,14.5,active,Low,false
CUST05160,2025-09-26,2025-09-26,1,3321.00,4,,active,Medium,false
CUST05161,2025-05-25,2025-09-03,5,2780.60,27,25.2,cooling,Medium,false
CUST05162,2025-04-25,2025-08-30,6,2421.70,31,25.4,at_risk,Medium,false
CUST05163,2025-07-21,2025-07-21,1,515.00,71,,lapsed,Low,false
CUST05164,2025-06-11,2025-08-31,2,156.00,30,81,cooling,Low,false
CUST05165,2025-07-18,2025-07-18,1,1124.00,74,,lapsed,Low,false
CUST05166,,,0,0.00,,,never_ordered,None,false
CUST05167,2025-04-05,2025-09-06,7,2932.50,24,25.7,cooling,Medium,false
CUST05168,2025-04-04,2025-08-28,14,3449.00,33,11.2,at_risk,Medium,true
CUST05169,2025-07-21,2025-09-23,2,1287.80,7,64,active,Low,false
CUST05170,2025-04-07,2025-08-20,5,2432.55,41,33.8,at_risk,Medium,false
CUST05171,,,0,0.00,,,never_ordered,None,false
CUST05172,2025-06-26,2025-09-08,5,2191.60,22,18.5,cooling,Medium,false
CUST05173,2025-04-10,2025-08-24,7,13277.00,37,22.7,at_risk,High,false
CUST05174,2025-04-03,2025-09-09,7,5109.90,21,26.5,cooling,Medium,false
CUST05175,2025-04-15,2025-09-24,8,5770.80,6,23.1,active,High,false
CUST05176,2025-08-07,2025-08-10,2,1272.19,51,3,at_risk,Low,true
CUST05177,,,0,0.00,,,never_ordered,None,false
CUST05178,2025-04-30,2025-09-09,3,6000.00,21,66,cooling,High,false
CUST05179,2025-04-04,2025-09-22,11,7551.60,8,17.1,active,High,false
CUST05180,2025-04-28,2025-06-09,2,1300.55,113,42,lapsed,Low,true
CUST05181,2025-05-23,2025-09-20,3,2042.70,10,60,active,Low,false
CUST05182,2025-05-10,2025-08-01,3,6028.00,60,41.5,at_risk,High,false
CUST05183,2025-06-19,2025-08-07,5,2732.00,54,12.2,at_risk,Medium,true
CUST05184,2025-04-12,2025-07-15,3,1001.00,77,47,lapsed,Low,false
CUST05185,2025-05-05,2025-09-09,16,10531.40,21,8.5,cooling,High,true
CUST05186,2025-06-21,2025-09-19,6,14333.80,11,18,active,High,false
CUST05187,2025-04-28,2025-09-25,9,3303.50,5,18.8,active,Medium,false
CUST05188,2025-05-12,2025-09-08,8,2976.20,22,17,cooling,Medium,false
CUST05189,2025-05-07,2025-05-24,2,1426.00,129,17,lapsed,Low,true
CUST05190,2025-09-09,2025-09-09,1,1488.00,21,,cooling,Low,false
CUST05191,2025-05-07,2025-09-25,8,11870.00,5,20.1,active,High,false
CUST05192,2025-04-20,2025-09-27,4,8910.60,3,53.3,active,High,false
CUST05193,2025-04-15,2025-09-26,16,7949.40,4,10.9,active,High,false
CUST05194,2025-04-12,2025-09-20,8,4290.70,10,23,active,Medium,false
CUST05195,2025-04-01,2025-09-23,12,7692.00,7,15.9,active,High,false
CUST05196,2025-06-29,2025-09-23,5,3440.00,7,21.5,active,Medium,false
CUST05197,2025-06-27,2025-08-29,2,824.00,32,63,at_risk,Low,false
CUST05198,2025-05-15,2025-09-20,5,10720.25,10,32,active,High,false
CUST05199,2025-04-21,2025-09-20,8,4019.00,10,21.7,active,Medium,false
CUST05200,,,0,0.00,,,never_ordered,None,false
CUST05201,2025-04-27,2025-09-20,6,5010.20,10,29.2,active,Medium,false
CUST05202,2025-04-26,2025-07-05,4,3724.20,87,23.3,lapsed,Medium,true
CUST05203,2025-04-03,2025-08-28,12,7741.95,33,13.4,at_risk,High,true
CUST05204,2025-04-18,2025-09-20,4,1648.00,10,51.7,active,Low,false
CUST05205,2025-04-12,2025-09-30,18,19913.00,0,10.1,active,High,false
CUST05206,2025-05-24,2025-08-31,5,7654.10,30,24.8,cooling,High,false
CUST05207,2025-04-18,2025-09-04,2,2253.00,26,139,cooling,Medium,false
CUST05208,2025-05-11,2025-09-20,5,3257.40,10,33,active,Medium,false
CUST05209,2025-06-16,2025-09-29,5,5083.00,1,26.2,active,Medium,false
CUST05210,2025-08-09,2025-09-27,2,1992.00,3,49,active,Low,false
CUST05211,2025-08-22,2025-08-22,1,303.00,39,,at_risk,Low,false
CUST05212,2025-04-13,2025-08-07,8,9937.65,54,16.6,at_risk,High,true
CUST05213,2025-08-26,2025-09-12,2,2048.80,18,17,cooling,Low,false
CUST05214,2025-05-30,2025-09-21,2,3942.00,9,114,active,Medium,false
CUST05215,2025-06-05,2025-08-19,3,1488.45,42,37.5,at_risk,Low,false
CUST05216,2025-04-25,2025-04-25,1,291.20,158,,lapsed,Low,false
CUST05217,2025-07-05,2025-07-05,1,2011.25,87,,lapsed,Low,false
CUST05218,2025-04-23,2025-05-22,5,3075.00,131,7.2,lapsed,Medium,true
CUST05219,,,0,0.00,,,never_ordered,None,false
CUST05220,2025-04-11,2025-09-26,15,12427.02,4,12,active,High,false
CUST05221,2025-04-05,2025-07-29,6,8795.00,63,23,lapsed,High,true
CUST05222,2025-07-25,2025-09-07,3,1276.00,23,22,cooling,Low,false
CUST05223,2025-07-29,2025-09-09,2,665.00,21,42,cooling,Low,false
CUST05224,2025-04-04,2025-08-22,4,852.20,39,46.7,at_risk,Low,false
CUST05225,2025-05-02,2025-07-06,2,2884.00,86,65,lapsed,Medium,false
CUST05226,2025-06-18,2025-06-18,1,37.80,104,,lapsed,Low,false
CUST05227,2025-04-09,2025-09-05,4,2070.40,25,49.7,cooling,Medium,false
CUST05228,2025-04-03,2025-08-17,7,10562.05,44,22.7,at_risk,High,false
CUST05229,2025-04-21,2025-08-28,8,7281.00,33,18.4,at_risk,High,false
CUST05230,2025-04-08,2025-08-25,10,5512.25,36,15.4,at_risk,High,true
CUST05231,2025-04-05,2025-09-09,12,6300.00,21,14.3,cooling,High,false
CUST05232,2025-04-10,2025-09-14,9,17198.55,16,19.6,cooling,High,false
CUST05233,2025-04-11,2025-09-30,11,5032.10,0,17.2,active,Medium,false
CUST05234,2025-05-12,2025-08-22,4,3386.25,39,34,at_risk,Medium,false
CUST05235,2025-04-06,2025-04-18,3,1656.60,165,6,lapsed,Low,true
CUST05236,2025-04-12,2025-09-10,14,6845.00,20,11.6,cooling,High,false
CUST05237,2025-04-13,2025-07-31,4,7224.00,61,36.3,lapsed,High,false
CUST05238,2025-05-02,2025-08-12,10,3045.00,49,11.3,at_risk,Medium,true
CUST05239,,,0,0.00,,,never_ordered,None,false
CUST05240,2025-04-07,2025-09-24,20,14965.85,6,8.9,active,High,false
CUST05241,2025-07-13,2025-09-16,5,2424.75,14,16.2,active,Medium,false
CUST05242,2025-05-13,2025-09-28,6,2881.42,2,27.6,active,Medium,false
CUST05243,2025-04-02,2025-09-24,10,5765.00,6,19.4,active,High,false
CUST05244,2025-04-21,2025-08-10,4,6057.20,51,37,at_risk,High,false
CUST05245,2025-04-05,2025-09-26,9,7881.80,4,21.8,active,High,false
CUST05246,2025-04-07,2025-06-17,6,2981.00,105,14.2,lapsed,Medium,true
CUST05247,2025-04-16,2025-09-25,16,5427.30,5,10.8,active,High,false
CUST05248,2025-04-20,2025-09-15,8,6458.20,15,21.1,cooling,High,false
CUST05249,2025-09-16,2025-09-16,1,181.00,14,,active,Low,false
CUST05250,2025-06-10,2025-08-02,2,1837.00,59,53,at_risk,Low,false
CUST05251,2025-06-15,2025-08-28,4,3382.00,33,24.7,at_risk,Medium,false
CUST05252,2025-04-06,2025-06-27,6,8737.85,95,16.4,lapsed,High,true
CUST05253,2025-09-11,2025-09-11,1,1456.30,19,,cooling,Low,false
CUST05254,2025-08-19,2025-09-27,3,1095.60,3,19.5,active,Low,false
CUST05255,2025-07-31,2025-08-02,2,691.00,59,2,at_risk,Low,true
CUST05256,2025-05-15,2025-09-11,6,1670.20,19,23.8,cooling,Low,false
CUST05257,2025-06-05,2025-06-05,1,832.00,117,,lapsed,Low,false
CUST05258,2025-05-25,2025-06-18,2,6657.00,104,24,lapsed,High,true
CUST05259,2025-04-26,2025-08-30,3,4842.20,31,63,at_risk,Medium,false
CUST05260,2025-05-02,2025-08-27,5,1205.25,34,29.2,at_risk,Low,false
CUST05261,2025-04-05,2025-09-11,5,7017.40,19,39.8,cooling,High,false
CUST05262,2025-08-12,2025-09-30,2,1072.00,0,49,active,Low,false
CUST05263,2025-04-19,2025-09-21,7,2343.00,9,25.8,active,Medium,false
CUST05264,2025-04-12,2025-09-08,4,2730.40,22,49.7,cooling,Medium,false
CUST05265,2025-04-09,2025-09-27,3,9733.00,3,85.5,active,High,false
CUST05266,2025-08-07,2025-08-28,2,2528.20,33,21,at_risk,Medium,false
CUST05267,2025-04-05,2025-09-05,9,5577.90,25,19.1,cooling,High,false
CUST05268,2025-04-16,2025-08-12,9,7076.10,49,14.8,at_risk,High,true
CUST05269,2025-07-05,2025-08-20,6,4928.70,41,9.2,at_risk,Medium,true
CUST05270,2025-04-29,2025-09-25,10,8054.00,5,16.6,active,High,false
CUST05271,2025-06-29,2025-07-19,3,235.30,73,10,lapsed,Low,true
CUST05272,2025-07-05,2025-09-07,5,7163.29,23,16,cooling,High,false
CUST05273,,,0,0.00,,,never_ordered,None,false
CUST05274,2025-04-27,2025-08-14,7,9549.00,47,18.2,at_risk,High,true
CUST05275,2025-08-08,2025-08-08,1,3546.00,53,,at_risk,Medium,false
CUST05276,2025-07-10,2025-09-26,2,697.00,4,78,active,Low,false
CUST05277,,,0,0.00,,,never_ordered,None,false
CUST05278,2025-05-07,2025-09-24,5,1219.00,6,35,active,Low,false
CUST05279,2025-09-01,2025-09-22,2,1127.00,8,21,active,Low,false
CUST05280,2025-04-13,2025-09-23,10,7378.50,7,18.1,active,High,false
CUST05281,2025-04-22,2025-07-13,4,6973.00,79,27.3,lapsed,High,true
CUST05282,2025-08-21,2025-09-17,4,4828.85,13,9,active,Medium,false
CUST05283,2025-04-08,2025-08-28,6,11585.35,33,28.4,at_risk,High,false
CUST05284,2025-07-08,2025-09-23,7,3321.50,7,12.8,active,Medium,false
CUST05285,2025-06-02,2025-09-22,9,11667.70,8,14,active,High,false
CUST05286,,,0,0.00,,,never_ordered,None,false
CUST05287,2025-06-21,2025-09-27,6,2387.00,3,19.6,active,Medium,false
CUST05288,2025-04-02,2025-07-22,2,1168.00,70,111,lapsed,Low,false
CUST05289,,,0,0.00,,,never_ordered,None,false
CUST05290,2025-05-17,2025-08-15,4,912.55,46,30,at_risk,Low,false
CUST05291,2025-05-21,2025-08-20,6,2186.00,41,18.2,at_risk,Medium,true
CUST05292,2025-04-22,2025-04-22,1,1827.30,161,,lapsed,Low,false
CUST05293,2025-09-07,2025-09-22,5,3059.00,8,3.8,active,Medium,true
CUST05294,2025-08-27,2025-09-04,3,1017.00,26,4,cooling,Low,true
CUST05295,2025-04-17,2025-04-17,1,305.00,166,,lapsed,Low,false
CUST05296,2025-07-25,2025-09-13,2,1250.00,17,50,cooling,Low,false
CUST05297,2025-05-09,2025-05-09,1,1033.00,144,,lapsed,Low,false
CUST05298,,,0,0.00,,,never_ordered,None,false
CUST05299,2025-06-19,2025-06-19,1,42.00,103,,lapsed,Low,false
CUST05300,2025-05-09,2025-08-14,5,1641.10,47,24.2,at_risk,Low,false
CUST05301,2025-04-26,2025-09-01,5,3765.00,29,32,cooling,Medium,false
CUST05302,2025-04-26,2025-09-25,6,4146.00,5,30.4,active,Medium,false
CUST05303,2025-04-13,2025-09-18,15,8002.83,12,11.3,active,High,false
CUST05304,2025-04-04,2025-09-28,20,19935.40,2,9.3,active,High,false
CUST05305,2025-09-30,2025-09-30,1,63.00,0,,active,Low,false
CUST05306,2025-04-03,2025-09-13,8,4877.40,17,23.3,cooling,Medium,false
CUST05307,2025-04-19,2025-09-11,5,6827.40,19,36.2,cooling,High,false
CUST05308,2025-04-24,2025-09-28,5,7436.00,2,39.2,active,High,false
CUST05309,2025-04-04,2025-09-26,5,5239.55,4,43.8,active,Medium,false
CUST05310,2025-09-27,2025-09-27,1,313.00,3,,active,Low,false
CUST05311,2025-08-02,2025-08-02,1,259.00,59,,at_risk,Low,false
CUST05312,2025-04-09,2025-08-22,7,3157.94,39,22.5,at_risk,Medium,false
CUST05313,2025-07-16,2025-08-18,4,2566.25,43,11,at_risk,Medium,true
CUST05314,2025-05-16,2025-08-13,6,5310.50,48,17.8,at_risk,Medium,true
CUST05315,2025-05-15,2025-09-26,5,7130.25,4,33.5,active,High,false
CUST05316,2025-06-16,2025-09-20,3,615.00,10,48,active,Low,false
CUST05317,2025-09-04,2025-09-22,4,2575.50,8,6,active,Medium,false
CUST05318,,,0,0.00,,,never_ordered,None,false
CUST05319,2025-05-10,2025-08-31,3,6286.00,30,56.5,cooling,High,false
CUST05320,2025-04-30,2025-09-27,12,22556.58,3,13.6,active,High,false
CUST05321,,,0,0.00,,,never_ordered,None,false
CUST05322,2025-06-12,2025-06-12,1,322.00,110,,lapsed,Low,false
CUST05323,2025-04-04,2025-09-28,8,4771.90,2,25.3,active,Medium,false
CUST05324,2025-04-20,2025-09-28,9,13564.50,2,20.1,active,High,false
CUST05325,,,0,0.00,,,never_ordered,None,false
CUST05326,2025-04-01,2025-08-30,6,2088.95,31,30.2,at_risk,Medium,false
CUST05327,2025-04-12,2025-07-27,5,1318.00,65,26.5,lapsed,Low,true
CUST05328,2025-06-08,2025-07-19,2,5191.00,73,41,lapsed,Medium,false
CUST05329,,,0,0.00,,,never_ordered,None,false
CUST05330,2025-07-30,2025-09-28,3,1471.60,2,30,active,Low,false
CUST05331,2025-06-30,2025-09-07,5,7523.60,23,17.2,cooling,High,false
CUST05332,2025-04-12,2025-09-25,13,21377.50,5,13.8,active,High,false
CUST05333,2025-04-25,2025-09-28,4,5540.20,2,52,active,High,false
CUST05334,2025-04-10,2025-09-19,10,6329.55,11,18,active,High,false
CUST05335,2025-04-10,2025-04-17,2,464.00,166,7,lapsed,Low,true
CUST05336,2025-05-16,2025-09-23,10,5650.85,7,14.4,active,High,false
CUST05337,2025-05-06,2025-08-22,8,6109.50,39,15.4,at_risk,High,true
CUST05338,2025-09-20,2025-09-20,2,702.00,10,0,active,Low,true
CUST05339,2025-04-12,2025-09-09,7,12676.20,21,25,cooling,High,false
CUST05340,,,0,0.00,,,never_ordered,None,false
CUST05341,2025-07-03,2025-07-10,2,1458.00,82,7,lapsed,Low,true
CUST05342,2025-09-08,2025-09-08,1,1142.00,22,,cooling,Low,false
CUST05343,2025-04-08,2025-05-08,2,767.00,145,30,lapsed,Low,true
CUST05344,2025-04-15,2025-09-22,7,1586.30,8,26.7,active,Low,false
CUST05345,2025-07-17,2025-07-17,1,510.00,75,,lapsed,Low,false
CUST05346,2025-04-18,2025-08-11,3,908.20,50,57.5,at_risk,Low,false
CUST05347,2025-04-22,2025-09-21,18,16095.00,9,8.9,active,High,false
CUST05348,2025-05-02,2025-08-29,3,886.40,32,59.5,at_risk,Low,false
CUST05349,2025-04-01,2025-09-27,7,13397.00,3,29.8,active,High,false
CUST05350,2025-04-03,2025-09-28,33,29215.28,2,5.6,active,High,false
CUST05351,2025-08-11,2025-08-11,1,363.00,50,,at_risk,Low,false
CUST05352,2025-04-03,2025-09-11,14,5500.60,19,12.4,cooling,High,false
CUST05353,2025-04-02,2025-09-10,9,12265.00,20,20.1,cooling,High,false
CUST05354,2025-05-23,2025-07-16,4,3252.00,76,18,lapsed,Medium,true
CUST05355,2025-04-01,2025-09-28,7,2384.00,2,30,active,Medium,false
CUST05356,2025-06-29,2025-09-28,7,9475.20,2,15.2,active,High,false
CUST05357,2025-04-15,2025-08-06,4,2782.30,55,37.7,at_risk,Medium,false
CUST05358,2025-04-04,2025-04-21,3,1469.49,162,8.5,lapsed,Low,true
CUST05359,2025-04-12,2025-09-18,9,4399.15,12,19.9,active,Medium,false
CUST05360,2025-04-09,2025-08-15,4,4346.00,46,42.7,at_risk,Medium,false
CUST05361,2025-04-27,2025-07-20,2,1426.40,72,84,lapsed,Low,false
CUST05362,2025-07-12,2025-09-21,4,4466.00,9,23.7,active,Medium,false
CUST05363,2025-06-29,2025-08-23,2,891.00,38,55,at_risk,Low,false
CUST05364,2025-05-02,2025-07-26,2,1537.90,66,85,lapsed,Low,false
CUST05365,2025-05-31,2025-07-13,2,1184.00,79,43,lapsed,Low,false
CUST05366,2025-05-15,2025-08-31,7,15506.65,30,18,cooling,High,false
CUST05367,2025-04-03,2025-09-17,10,4282.80,13,18.6,active,Medium,false
CUST05368,,,0,0.00,,,never_ordered,None,false
CUST05369,2025-04-26,2025-09-06,7,12438.00,24,22.2,cooling,High,false
CUST05370,,,0,0.00,,,never_ordered,None,false
CUST05371,,,0,0.00,,,never_ordered,None,false
CUST05372,2025-04-11,2025-09-16,7,2574.22,14,26.3,active,Medium,false
CUST05373,2025-07-25,2025-08-27,2,608.40,34,33,at_risk,Low,false
CUST05374,,,0,0.00,,,never_ordered,None,false
CUST05375,2025-06-24,2025-09-19,2,821.20,11,87,active,Low,false
CUST05376,2025-05-14,2025-09-03,7,4247.00,27,18.7,cooling,Medium,false
CUST05377,2025-04-03,2025-05-18,3,795.00,135,22.5,lapsed,Low,true
CUST05378,2025-07-12,2025-08-21,4,2060.50,40,13.3,at_risk,Medium,true
CUST05379,2025-04-10,2025-09-24,15,10515.00,6,11.9,active,High,false
CUST05380,2025-08-23,2025-08-25,2,1090.00,36,2,at_risk,Low,true
CUST05381,2025-04-11,2025-09-25,10,7182.00,5,18.6,active,High,false
CUST05382,2025-04-17,2025-09-27,15,14523.47,3,11.6,active,High,false
CUST05383,2025-07-25,2025-09-18,2,702.00,12,55,active,Low,false
CUST05384,2025-08-08,2025-09-27,6,3452.10,3,10,active,Medium,false
CUST05385,2025-05-08,2025-08-26,3,924.00,35,55,at_risk,Low,false
CUST05386,2025-05-06,2025-05-06,1,1414.00,147,,lapsed,Low,false
CUST05387,,,0,0.00,,,never_ordered,None,false
CUST05388,2025-05-24,2025-09-29,3,2868.50,1,64,active,Medium,false
CUST05389,2025-05-08,2025-09-26,10,5187.55,4,15.7,active,Medium,false
CUST05390,2025-06-18,2025-09-12,4,1621.00,18,28.7,cooling,Low,false
CUST05391,2025-04-11,2025-09-25,9,3328.07,5,20.9,active,Medium,false
CUST05392,2025-08-11,2025-08-17,2,728.55,44,6,at_risk,Low,true
CUST05393,2025-04-12,2025-09-03,8,2094.45,27,20.6,cooling,Medium,false
CUST05394,2025-05-18,2025-08-27,3,3173.00,34,50.5,at_risk,Medium,false
CUST05395,2025-04-17,2025-09-24,13,13280.75,6,13.3,active,High,false
CUST05396,2025-08-14,2025-09-07,2,442.00,23,24,cooling,Low,false
CUST05397,2025-05-15,2025-06-10,2,2440.00,112,26,lapsed,Medium,true
CUST05398,2025-04-10,2025-08-12,5,723.00,49,31,at_risk,Low,false
CUST05399,2025-04-23,2025-09-28,4,2875.05,2,52.7,active,Medium,false
CUST05400,2025-07-18,2025-09-28,2,1789.00,2,72,active,Low,false
CUST05401,2025-04-02,2025-09-21,6,1873.53,9,34.4,active,Low,false
CUST05402,,,0,0.00,,,never_ordered,None,false
CUST05403,2025-04-06,2025-09-19,22,7028.00,11,7.9,active,High,false
CUST05404,2025-09-27,2025-09-27,1,229.00,3,,active,Low,false
CUST05405,2025-04-27,2025-09-11,4,6923.55,19,45.7,cooling,High,false
CUST05406,2025-04-03,2025-09-14,6,1768.00,16,32.8,cooling,Low,false
CUST05407,2025-04-20,2025-09-19,11,7438.54,11,15.2,active,High,false
CUST05408,2025-04-07,2025-09-29,14,12382.80,1,13.5,active,High,false
CUST05409,2025-04-05,2025-07-22,3,1607.00,70,54,lapsed,Low,false
CUST05410,2025-06-27,2025-09-22,7,2731.00,8,14.5,active,Medium,false
CUST05411,,,0,0.00,,,never_ordered,None,false
CUST05412,2025-06-20,2025-08-14,3,2358.00,47,27.5,at_risk,Medium,false
CUST05413,2025-06-20,2025-06-20,1,286.60,102,,lapsed,Low,false
CUST05414,2025-04-02,2025-08-29,6,1742.00,32,29.8,at_risk,Low,false
CUST05415,,,0,0.00,,,never_ordered,None,false
CUST05416,,,0,0.00,,,never_ordered,None,false
CUST05417,2025-07-31,2025-07-31,1,565.00,61,,lapsed,Low,false
CUST05418,2025-04-06,2025-08-30,11,19637.40,31,14.6,at_risk,High,true
CUST05419,2025-05-07,2025-05-07,1,603.00,146,,lapsed,Low,false
CUST05420,2025-04-20,2025-08-30,8,11093.10,31,18.9,at_risk,High,false
CUST05421,2025-09-20,2025-09-20,1,542.00,10,,active,Low,false
CUST05422,2025-06-26,2025-06-26,1,147.00,96,,lapsed,Low,false
CUST05423,,,0,0.00,,,never_ordered,None,false
CUST05424,2025-04-30,2025-08-14,8,11496.80,47,15.1,at_risk,High,true
CUST05425,2025-04-11,2025-08-25,9,6062.40,36,17,at_risk,High,true
CUST05426,2025-04-21,2025-09-27,10,6197.70,3,17.7,active,High,false
CUST05427,2025-08-04,2025-09-15,4,2663.00,15,14,cooling,Medium,false
CUST05428,2025-04-16,2025-05-06,2,1155.00,147,20,lapsed,Low,true
CUST05429,2025-05-03,2025-06-25,2,2820.00,97,53,lapsed,Medium,false
CUST05430,2025-07-16,2025-07-16,1,133.00,76,,lapsed,Low,false
CUST05431,2025-04-01,2025-09-22,3,1888.00,8,87,active,Low,false
CUST05432,2025-04-12,2025-09-22,9,6936.00,8,20.4,active,High,false
CUST05433,2025-09-22,2025-09-22,1,497.00,8,,active,Low,false
CUST05434,2025-09-02,2025-09-21,2,1896.00,9,19,active,Low,false
CUST05435,2025-08-27,2025-08-27,1,416.00,34,,at_risk,Low,false
CUST05436,,,0,0.00,,,never_ordered,None,false
CUST05437,2025-04-01,2025-09-16,6,1867.20,14,33.6,active,Low,false
CUST05438,2025-04-14,2025-09-25,13,11042.16,5,13.7,active,High,false
CUST05439,2025-04-02,2025-09-24,7,3664.80,6,29.2,active,Medium,false
CUST05440,2025-05-23,2025-08-23,3,4069.15,38,46,at_risk,Medium,false
CUST05441,2025-05-03,2025-08-09,5,8981.40,52,24.5,at_risk,High,true
CUST05442,2025-04-04,2025-09-15,9,5481.10,15,20.5,cooling,High,false
CUST05443,2025-04-04,2025-09-08,3,1090.00,22,78.5,cooling,Low,false
CUST05444,,,0,0.00,,,never_ordered,None,false
CUST05445,2025-04-02,2025-09-22,11,9630.85,8,17.3,active,High,false
CUST05446,2025-05-04,2025-09-30,12,6596.90,0,13.5,active,High,false
CUST05447,,,0,0.00,,,never_ordered,None,false
CUST05448,2025-04-03,2025-09-28,25,44139.40,2,7.4,active,High,false
CUST05449,2025-09-21,2025-09-21,1,961.00,9,,active,Low,false
CUST05450,2025-08-22,2025-09-24,5,8519.80,6,8.2,active,High,false
CUST05451,2025-06-19,2025-07-29,5,4155.30,63,10,lapsed,Medium,true
CUST05452,2025-04-06,2025-09-09,8,4806.40,21,22.3,cooling,Medium,false
CUST05453,,,0,0.00,,,never_ordered,None,false
CUST05454,2025-04-14,2025-09-26,6,4302.00,4,33,active,Medium,false
CUST05455,2025-04-06,2025-09-12,6,1556.00,18,31.8,cooling,Low,false
CUST05456,,,0,0.00,,,never_ordered,None,false
CUST05457,2025-04-05,2025-06-30,2,880.00,92,86,lapsed,Low,false
CUST05458,2025-04-18,2025-06-24,4,1636.20,98,22.3,lapsed,Low,true
CUST05459,,,0,0.00,,,never_ordered,None,false
CUST05460,2025-05-13,2025-09-06,4,3343.70,24,38.7,cooling,Medium,false
CUST05461,2025-04-05,2025-09-22,10,9102.75,8,18.9,active,High,false
CUST05462,2025-04-10,2025-09-18,8,9605.90,12,23,active,High,false
CUST05463,2025-04-27,2025-08-29,3,1931.20,32,62,at_risk,Low,false
CUST05464,2025-08-28,2025-09-24,3,1729.00,6,13.5,active,Low,false
CUST05465,,,0,0.00,,,never_ordered,None,false
CUST05466,2025-09-15,2025-09-15,1,881.30,15,,cooling,Low,false
CUST05467,2025-09-16,2025-09-19,2,1054.90,11,3,active,Low,true
CUST05468,2025-04-24,2025-08-21,5,10674.40,40,29.8,at_risk,High,false
CUST05469,2025-04-23,2025-09-07,5,2177.00,23,34.2,cooling,Medium,false
CUST05470,2025-07-28,2025-08-23,3,2640.00,38,13,at_risk,Medium,true
CUST05471,2025-09-07,2025-09-07,1,1893.00,23,,cooling,Low,false
CUST05472,,,0,0.00,,,never_ordered,None,false
CUST05473,2025-05-27,2025-09-18,5,2238.05,12,28.5,active,Medium,false
CUST05474,2025-08-04,2025-09-16,2,1817.00,14,43,active,Low,false
CUST05475,,,0,0.00,,,never_ordered,None,false
CUST05476,,,0,0.00,,,never_ordered,None,false
CUST05477,2025-04-01,2025-09-24,12,7632.80,6,16,active,High,false
CUST05478,2025-04-19,2025-08-28,3,833.60,33,65.5,at_risk,Low,false
CUST05479,2025-05-24,2025-05-24,1,1097.00,129,,lapsed,Low,false
CUST05480,2025-04-14,2025-09-25,11,10160.40,5,16.4,active,High,false
CUST05481,2025-04-18,2025-04-18,1,527.00,165,,lapsed,Low,false
CUST05482,2025-04-26,2025-09-30,4,1982.00,0,52.3,active,Low,false
CUST05483,2025-04-13,2025-09-07,10,5270.10,23,16.3,cooling,Medium,false
CUST05484,,,0,0.00,,,never_ordered,None,false
CUST05485,2025-04-09,2025-09-14,5,3300.15,16,39.5,cooling,Medium,false
CUST05486,,,0,0.00,,,never_ordered,None,false
CUST05487,2025-04-05,2025-09-15,10,2218.92,15,18.1,cooling,Medium,false
CUST05488,2025-08-29,2025-08-29,1,623.00,32,,at_risk,Low,false
CUST05489,2025-05-20,2025-08-31,7,14534.00,30,17.2,cooling,High,false
CUST05490,2025-05-29,2025-09-24,4,1736.00,6,39.3,active,Low,false
CUST05491,2025-04-18,2025-09-20,3,3585.00,10,77.5,active,Medium,false
CUST05492,,,0,0.00,,,never_ordered,None,false
CUST05493,2025-04-02,2025-06-05,6,7674.55,117,12.8,lapsed,High,true
CUST05494,2025-06-09,2025-07-09,2,2757.00,83,30,lapsed,Medium,true
CUST05495,,,0,0.00,,,never_ordered,None,false
CUST05496,2025-04-21,2025-07-19,4,1511.00,73,29.7,lapsed,Low,true
CUST05497,2025-05-01,2025-09-25,6,4340.75,5,29.4,active,Medium,false
CUST05498,2025-04-03,2025-07-27,11,12919.00,65,11.5,lapsed,High,true
CUST05499,,,0,0.00,,,never_ordered,None,false
CUST05500,2025-04-11,2025-09-09,21,14234.15,21,7.6,cooling,High,true
CUST05501,2025-04-19,2025-09-27,13,10957.40,3,13.4,active,High,false
CUST05502,2025-04-30,2025-09-26,11,5961.60,4,14.9,active,High,false
CUST05503,2025-06-04,2025-09-13,8,3123.20,17,14.4,cooling,Medium,false
CUST05504,2025-05-07,2025-09-05,6,1701.20,25,24.2,cooling,Low,false
CUST05505,2025-08-01,2025-09-15,5,4246.00,15,11.2,cooling,Medium,false
CUST05506,2025-04-12,2025-09-08,10,19973.30,22,16.6,cooling,High,false
CUST05507,2025-09-25,2025-09-25,1,160.00,5,,active,Low,false
CUST05508,2025-08-08,2025-08-08,1,911.90,53,,at_risk,Low,false
CUST05509,,,0,0.00,,,never_ordered,None,false
CUST05510,2025-08-13,2025-08-13,1,355.40,48,,at_risk,Low,false
CUST05511,2025-05-15,2025-08-03,3,6488.00,58,40,at_risk,High,false
CUST05512,2025-04-12,2025-09-22,16,7523.58,8,10.9,active,High,false
CUST05513,2025-04-04,2025-09-04,11,8406.30,26,15.3,cooling,High,false
CUST05514,,,0,0.00,,,never_ordered,None,false
CUST05515,2025-04-21,2025-09-20,8,14605.00,10,21.7,active,High,false
CUST05516,2025-07-28,2025-07-28,1,447.00,64,,lapsed,Low,false
CUST05517,,,0,0.00,,,never_ordered,None,false
CUST05518,2025-08-18,2025-08-18,1,1088.00,43,,at_risk,Low,false
CUST05519,2025-04-24,2025-08-19,6,3951.00,42,23.4,at_risk,Medium,false
CUST05520,2025-06-05,2025-09-20,9,4778.50,10,13.4,active,Medium,false
CUST05521,2025-05-11,2025-09-28,8,4613.70,2,20,active,Medium,false
CUST05522,2025-04-12,2025-09-28,6,5610.35,2,33.8,active,High,false
CUST05523,2025-04-08,2025-08-20,15,10774.90,41,9.6,at_risk,High,true
CUST05524,2025-04-07,2025-08-20,7,7392.60,41,22.5,at_risk,High,false
CUST05525,2025-08-09,2025-09-13,4,2243.94,17,11.7,cooling,Medium,false
CUST05526,2025-04-05,2025-09-22,7,4138.00,8,28.3,active,Medium,false
CUST05527,2025-04-07,2025-09-19,8,8720.00,11,23.6,active,High,false
CUST05528,2025-06-01,2025-09-22,6,6917.00,8,22.6,active,High,false
CUST05529,2025-05-05,2025-07-03,5,3659.50,89,14.8,lapsed,Medium,true
CUST05530,2025-04-20,2025-09-21,10,13710.45,9,17.1,active,High,false
CUST05531,2025-04-18,2025-08-13,8,1944.00,48,16.7,at_risk,Low,true
CUST05532,2025-09-25,2025-09-25,1,3690.00,5,,active,Medium,false
CUST05533,2025-04-02,2025-09-07,11,14262.90,23,15.8,cooling,High,false
CUST05534,2025-04-12,2025-09-30,8,9300.25,0,24.4,active,High,false
CUST05535,2025-04-05,2025-07-11,3,1096.28,81,48.5,lapsed,Low,false
CUST05536,2025-09-21,2025-09-21,1,901.00,9,,active,Low,false
CUST05537,2025-04-17,2025-08-14,8,9114.00,47,17,at_risk,High,true
CUST05538,,,0,0.00,,,never_ordered,None,false
CUST05539,2025-04-09,2025-09-02,4,2472.00,28,48.7,cooling,Medium,false
CUST05540,2025-05-29,2025-09-28,3,6259.00,2,61,active,High,false
CUST05541,2025-09-19,2025-09-19,1,765.00,11,,active,Low,false
CUST05542,2025-04-10,2025-09-14,3,4276.30,16,78.5,cooling,Medium,false
CUST05543,2025-07-19,2025-07-19,1,5336.00,73,,lapsed,High,false
CUST05544,2025-04-05,2025-09-05,9,9375.95,25,19.1,cooling,High,false
CUST05545,2025-05-17,2025-06-10,2,2129.00,112,24,lapsed,Medium,true
CUST05546,,,0,0.00,,,never_ordered,None,false
CUST05547,2025-04-06,2025-09-30,15,6689.90,0,12.6,active,High,false
CUST05548,,,0,0.00,,,never_ordered,None,false
CUST05549,2025-04-01,2025-06-19,2,2087.00,103,79,lapsed,Medium,false
CUST05550,2025-08-05,2025-09-28,3,1209.00,2,27,active,Low,false
CUST05551,2025-04-13,2025-09-25,6,6060.50,5,33,active,High,false
CUST05552,2025-05-21,2025-09-28,6,2238.00,2,26,active,Medium,false
CUST05553,2025-04-16,2025-09-05,11,7248.80,25,14.2,cooling,High,false
CUST05554,2025-04-16,2025-09-12,8,8341.41,18,21.3,cooling,High,false
CUST05555,2025-04-03,2025-09-26,16,16713.00,4,11.7,active,High,false
CUST05556,,,0,0.00,,,never_ordered,None,false
CUST05557,,,0,0.00,,,never_ordered,None,false
CUST05558,2025-09-25,2025-09-25,1,203.00,5,,active,Low,false
CUST05559,2025-05-01,2025-09-26,2,1704.00,4,148,active,Low,false
CUST05560,2025-04-10,2025-08-30,6,3424.21,31,28.4,at_risk,Medium,false
CUST05561,,,0,0.00,,,never_ordered,None,false
CUST05562,2025-07-20,2025-09-12,4,3533.40,18,18,cooling,Medium,false
CUST05563,2025-06-04,2025-08-16,2,2046.30,45,73,at_risk,Low,false
CUST05564,2025-04-14,2025-09-29,7,2600.40,1,28,active,Medium,false
CUST05565,2025-04-26,2025-09-11,4,5643.05,19,46,cooling,High,false
CUST05566,2025-04-02,2025-09-29,9,5501.55,1,22.5,active,High,false
CUST05567,2025-08-24,2025-08-24,1,344.00,37,,at_risk,Low,false
CUST05568,2025-05-25,2025-07-30,3,4022.75,62,33,lapsed,Medium,false
CUST05569,2025-04-12,2025-06-12,7,6037.85,110,10.2,lapsed,High,true
CUST05570,2025-04-04,2025-09-20,13,12323.30,10,14.1,active,High,false
CUST05571,2025-06-01,2025-09-08,4,1292.60,22,33,cooling,Low,false
CUST05572,2025-07-04,2025-09-30,6,3671.00,0,17.6,active,Medium,false
CUST05573,2025-08-19,2025-08-19,1,1989.00,42,,at_risk,Low,false
CUST05574,2025-04-04,2025-09-28,42,27598.82,2,4.3,active,High,false
CUST05575,,,0,0.00,,,never_ordered,None,false
CUST05576,2025-07-22,2025-09-30,4,5702.00,0,23.3,active,High,false
CUST05577,2025-08-21,2025-08-21,1,4369.30,40,,at_risk,Medium,false
CUST05578,2025-04-20,2025-08-08,6,3339.30,53,22,at_risk,Medium,true
CUST05579,2025-04-23,2025-09-15,5,2872.50,15,36.2,cooling,Medium,false
CUST05580,2025-07-17,2025-09-21,3,1794.00,9,33,active,Low,false
CUST05581,2025-04-27,2025-09-30,4,1816.50,0,52,active,Low,false
CUST05582,2025-04-26,2025-09-05,9,6267.30,25,16.5,cooling,High,false
CUST05583,2025-04-07,2025-09-29,9,1865.65,1,21.9,active,Low,false
CUST05584,2025-05-30,2025-08-27,3,499.00,34,44.5,at_risk,Low,false
CUST05585,2025-04-01,2025-05-05,2,3556.00,148,34,lapsed,Medium,true
CUST05586,,,0,0.00,,,never_ordered,None,false
CUST05587,,,0,0.00,,,never_ordered,None,false
CUST05588,2025-09-03,2025-09-03,1,162.00,27,,cooling,Low,false
CUST05589,2025-04-06,2025-09-19,8,9858.80,11,23.7,active,High,false
CUST05590,2025-05-05,2025-09-27,6,11175.05,3,29,active,High,false
CUST05591,2025-05-30,2025-09-14,4,1785.50,16,35.7,cooling,Low,false
CUST05592,2025-04-04,2025-05-21,3,667.00,132,23.5,lapsed,Low,true
CUST05593,2025-04-04,2025-09-28,16,23215.17,2,11.8,active,High,false
CUST05594,2025-05-28,2025-08-21,5,431.00,40,21.2,at_risk,Low,false
CUST05595,2025-04-22,2025-09-30,14,10614.90,0,12.4,active,High,false
CUST05596,2025-05-22,2025-09-27,5,3947.00,3,32,active,Medium,false
CUST05597,2025-05-14,2025-09-30,7,4440.40,0,23.2,active,Medium,false
CUST05598,2025-08-24,2025-08-24,1,328.00,37,,at_risk,Low,false
CUST05599,2025-04-27,2025-09-27,4,2727.00,3,51,active,Medium,false
CUST05600,2025-05-10,2025-09-16,3,1169.00,14,64.5,active,Low,false
CUST05601,2025-04-11,2025-09-30,8,8188.00,0,24.6,active,High,false
CUST05602,,,0,0.00,,,never_ordered,None,false
CUST05603,2025-04-13,2025-07-05,3,4424.55,87,41.5,lapsed,Medium,true
CUST05604,2025-04-12,2025-04-12,1,755.00,171,,lapsed,Low,false
CUST05605,2025-04-04,2025-08-02,2,1024.00,59,120,at_risk,Low,false
CUST05606,2025-09-27,2025-09-27,1,800.00,3,,active,Low,false
CUST05607,2025-05-03,2025-08-22,8,4746.90,39,15.9,at_risk,Medium,true
CUST05608,2025-04-13,2025-09-19,5,2886.00,11,39.8,active,Medium,false
CUST05609,,,0,0.00,,,never_ordered,None,false
CUST05610,2025-04-24,2025-08-11,6,1679.25,50,21.8,at_risk,Low,true
CUST05611,2025-06-02,2025-09-14,5,3119.00,16,26,cooling,Medium,false
CUST05612,,,0,0.00,,,never_ordered,None,false
CUST05613,2025-06-07,2025-09-25,3,3143.00,5,55,active,Medium,false
CUST05614,2025-05-18,2025-08-16,4,6235.00,45,30,at_risk,High,false
CUST05615,2025-07-18,2025-09-19,3,1645.00,11,31.5,active,Low,false
CUST05616,,,0,0.00,,,never_ordered,None,false
CUST05617,2025-06-19,2025-09-30,7,2084.00,0,17.2,active,Medium,false
CUST05618,2025-04-15,2025-09-02,7,5980.40,28,23.3,cooling,High,false
CUST05619,,,0,0.00,,,never_ordered,None,false
CUST05620,2025-04-30,2025-09-01,6,3182.50,29,24.8,cooling,Medium,false
CUST05621,2025-04-02,2025-09-27,8,6734.30,3,25.4,active,High,false
CUST05622,2025-05-14,2025-07-25,8,2760.00,67,10.3,lapsed,Medium,true
CUST05623,2025-05-07,2025-09-26,10,6743.50,4,15.8,active,High,false
CUST05624,2025-06-27,2025-09-18,8,5177.60,12,11.9,active,Medium,false
CUST05625,2025-08-23,2025-09-22,3,3607.00,8,15,active,Medium,false
CUST05626,,,0,0.00,,,never_ordered,None,false
CUST05627,2025-04-23,2025-08-09,8,8852.10,52,15.4,at_risk,High,true
CUST05628,2025-09-22,2025-09-22,1,658.00,8,,active,Low,false
CUST05629,2025-04-10,2025-09-21,13,8511.80,9,13.7,active,High,false
CUST05630,2025-04-26,2025-09-08,2,1948.10,22,135,cooling,Low,false
CUST05631,2025-09-14,2025-09-14,2,3779.40,16,0,cooling,Medium,true
CUST05632,2025-04-05,2025-09-23,6,2861.40,7,34.2,active,Medium,false
CUST05633,,,0,0.00,,,never_ordered,None,false
CUST05634,2025-04-05,2025-09-24,7,6693.00,6,28.7,active,High,false
CUST05635,2025-04-19,2025-08-22,16,11130.40,39,8.3,at_risk,High,true
CUST05636,2025-04-08,2025-09-26,14,8777.40,4,13.2,active,High,false
CUST05637,2025-05-26,2025-08-19,4,1916.75,42,28.3,at_risk,Low,false
CUST05638,2025-04-14,2025-09-06,3,4350.00,24,72.5,cooling,Medium,false
CUST05639,2025-08-24,2025-08-31,2,1213.00,30,7,cooling,Low,true
CUST05640,2025-04-08,2025-09-27,7,2929.00,3,28.7,active,Medium,false
CUST05641,2025-04-04,2025-09-15,9,1863.10,15,20.5,cooling,Low,false
CUST05642,,,0,0.00,,,never_ordered,None,false
CUST05643,2025-04-16,2025-09-26,9,8888.90,4,20.4,active,High,false
CUST05644,,,0,0.00,,,never_ordered,None,false
CUST05645,2025-05-15,2025-07-01,4,2548.60,91,15.7,lapsed,Medium,true
CUST05646,2025-04-06,2025-09-30,9,7009.40,0,22.1,active,High,false
CUST05647,,,0,0.00,,,never_ordered,None,false
CUST05648,2025-05-16,2025-08-03,4,2374.36,58,26.3,at_risk,Medium,true
CUST05649,2025-06-12,2025-06-12,1,1033.00,110,,lapsed,Low,false
CUST05650,2025-04-24,2025-08-14,6,7785.60,47,22.4,at_risk,High,true
CUST05651,2025-04-12,2025-09-29,5,2852.00,1,42.5,active,Medium,false
CUST05652,2025-05-31,2025-09-26,4,2803.00,4,39.3,active,Medium,false
CUST05653,2025-06-24,2025-09-27,4,6306.40,3,31.7,active,High,false
CUST05654,2025-06-25,2025-09-23,11,6127.90,7,9,active,High,false
CUST05655,2025-04-29,2025-07-29,3,883.00,63,45.5,lapsed,Low,false
CUST05656,2025-09-27,2025-09-27,1,1151.00,3,,active,Low,false
CUST05657,2025-06-07,2025-08-02,3,9217.27,59,28,at_risk,High,true
CUST05658,2025-06-06,2025-09-29,3,3629.00,1,57.5,active,Medium,false
CUST05659,2025-04-09,2025-09-30,15,10953.35,0,12.4,active,High,false
CUST05660,2025-04-06,2025-09-25,20,15068.50,5,9.1,active,High,false
CUST05661,2025-09-19,2025-09-26,2,1186.00,4,7,active,Low,false
CUST05662,2025-04-10,2025-09-30,12,4896.60,0,15.7,active,Medium,false
CUST05663,,,0,0.00,,,never_ordered,None,false
CUST05664,2025-08-02,2025-08-02,1,218.00,59,,at_risk,Low,false
CUST05665,2025-04-10,2025-06-25,2,4780.00,97,76,lapsed,Medium,false
CUST05666,2025-06-21,2025-09-29,6,9792.85,1,20,active,High,false
CUST05667,2025-04-02,2025-05-23,2,1217.00,130,51,lapsed,Low,true
CUST05668,2025-06-03,2025-09-16,3,4119.50,14,52.5,active,Medium,false
CUST05669,2025-04-21,2025-09-27,12,22715.70,3,14.5,active,High,false
CUST05670,2025-04-07,2025-09-28,19,32939.90,2,9.7,active,High,false
CUST05671,2025-05-07,2025-09-27,9,17580.90,3,17.9,active,High,false
CUST05672,2025-04-12,2025-09-22,8,5299.30,8,23.3,active,Medium,false
CUST05673,2025-04-27,2025-09-22,4,1481.00,8,49.3,active,Low,false
CUST05674,2025-04-17,2025-09-25,7,7922.80,5,26.8,active,High,false
CUST05675,2025-05-08,2025-08-30,14,9428.40,31,8.8,at_risk,High,true
CUST05676,2025-04-13,2025-08-31,5,7877.00,30,35,cooling,High,false
CUST05677,,,0,0.00,,,never_ordered,None,false
CUST05678,2025-06-22,2025-08-05,2,5485.00,56,44,at_risk,High,false
CUST05679,2025-04-08,2025-09-29,16,10629.45,1,11.6,active,High,false
CUST05680,2025-05-28,2025-09-07,4,6555.00,23,34,cooling,High,false
CUST05681,2025-04-29,2025-08-18,3,1327.80,43,55.5,at_risk,Low,false
CUST05682,,,0,0.00,,,never_ordered,None,false
CUST05683,2025-06-12,2025-09-17,11,12802.20,13,9.7,active,High,false
CUST05684,2025-06-11,2025-08-13,4,566.20,48,21,at_risk,Low,true
CUST05685,2025-06-02,2025-09-15,2,736.00,15,105,cooling,Low,false
CUST05686,2025-09-29,2025-09-29,1,1059.00,1,,active,Low,false
CUST05687,2025-04-13,2025-07-20,4,3983.00,72,32.7,lapsed,Medium,true
CUST05688,2025-04-07,2025-09-21,6,10239.05,9,33.4,active,High,false
CUST05689,2025-04-02,2025-09-20,19,11038.85,10,9.5,active,High,false
CUST05690,2025-04-14,2025-07-22,8,7886.50,70,14.1,lapsed,High,true
CUST05691,2025-09-03,2025-09-03,1,2816.40,27,,cooling,Medium,false
CUST05692,2025-05-01,2025-09-05,4,1124.82,25,42.3,cooling,Low,false
CUST05693,2025-05-09,2025-08-24,6,5541.20,37,21.4,at_risk,High,false
CUST05694,2025-04-04,2025-09-16,10,2517.00,14,18.3,active,Medium,false
CUST05695,2025-04-20,2025-09-25,3,1509.80,5,79,active,Low,false
CUST05696,2025-04-28,2025-09-01,4,3172.90,29,42,cooling,Medium,false
CUST05697,2025-05-01,2025-08-20,5,2904.20,41,27.8,at_risk,Medium,false
CUST05698,2025-04-02,2025-07-04,6,3101.00,88,18.6,lapsed,Medium,true
CUST05699,2025-09-21,2025-09-21,1,949.00,9,,active,Low,false
CUST05700,2025-04-05,2025-09-23,10,16223.60,7,19,active,High,false
CUST05701,,,0,0.00,,,never_ordered,None,false
CUST05702,2025-04-15,2025-09-20,7,16813.25,10,26.3,active,High,false
CUST05703,2025-07-15,2025-09-23,5,7185.30,7,17.5,active,High,false
CUST05704,2025-05-13,2025-09-17,3,3352.00,13,63.5,active,Medium,false
CUST05705,2025-04-28,2025-09-17,7,3904.15,13,23.7,active,Medium,false
CUST05706,2025-05-04,2025-07-21,3,869.85,71,39,lapsed,Low,false
CUST05707,2025-04-23,2025-09-09,13,10190.60,21,11.6,cooling,High,false
CUST05708,2025-05-03,2025-07-19,8,2824.15,73,11,lapsed,Medium,true
CUST05709,2025-04-17,2025-09-07,7,5089.30,23,23.8,cooling,Medium,false
CUST05710,2025-06-06,2025-09-28,6,1884.40,2,22.8,active,Low,false
CUST05711,2025-05-24,2025-09-27,8,2190.40,3,18,active,Medium,false
CUST05712,2025-04-11,2025-04-11,1,1133.00,172,,lapsed,Low,false
CUST05713,2025-04-15,2025-09-23,3,1296.00,7,80.5,active,Low,false
CUST05714,2025-06-01,2025-08-30,4,4432.00,31,30,at_risk,Medium,false
CUST05715,2025-04-12,2025-09-22,9,10474.00,8,20.4,active,High,false
CUST05716,2025-09-27,2025-09-27,1,132.00,3,,active,Low,false
CUST05717,2025-08-13,2025-08-13,1,327.00,48,,at_risk,Low,false
CUST05718,2025-04-20,2025-09-17,27,15247.53,13,5.8,active,High,true
CUST05719,2025-05-01,2025-08-21,6,7415.10,40,22.4,at_risk,High,false
CUST05720,2025-08-26,2025-09-02,2,1011.00,28,7,cooling,Low,true
CUST05721,,,0,0.00,,,never_ordered,None,false
CUST05722,2025-04-04,2025-09-08,9,1803.30,22,19.6,cooling,Low,false
CUST05723,2025-05-17,2025-07-25,3,1668.00,67,34.5,lapsed,Low,false
CUST05724,2025-04-03,2025-08-29,22,19997.15,32,7,at_risk,High,true
CUST05725,2025-04-02,2025-09-07,8,14897.80,23,22.6,cooling,High,false
CUST05726,2025-05-06,2025-05-06,1,29.40,147,,lapsed,Low,false
CUST05727,2025-04-05,2025-08-29,4,2016.00,32,48.7,at_risk,Low,false
CUST05728,2025-04-22,2025-08-20,6,8180.10,41,24,at_risk,High,false
CUST05729,2025-06-29,2025-07-24,2,1372.00,68,25,lapsed,Low,true
CUST05730,2025-05-10,2025-09-06,13,24695.75,24,9.9,cooling,High,true
CUST05731,2025-08-25,2025-08-25,1,2510.30,36,,at_risk,Medium,false
CUST05732,2025-09-18,2025-09-18,1,1441.00,12,,active,Low,false
CUST05733,2025-05-01,2025-05-01,1,578.00,152,,lapsed,Low,false
CUST05734,2025-04-15,2025-08-09,3,1262.00,52,58,at_risk,Low,false
CUST05735,2025-05-09,2025-09-04,6,4433.10,26,23.6,cooling,Medium,false
CUST05736,2025-04-16,2025-06-30,2,1179.00,92,75,lapsed,Low,false
CUST05737,2025-06-18,2025-08-15,2,2227.00,46,58,at_risk,Medium,false
CUST05738,2025-04-10,2025-09-13,5,9670.60,17,39,cooling,High,false
CUST05739,2025-06-20,2025-08-21,3,1784.00,40,31,at_risk,Low,false
CUST05740,2025-05-22,2025-09-07,7,44758.40,23,18,cooling,High,false
CUST05741,2025-05-02,2025-05-02,1,471.80,151,,lapsed,Low,false
CUST05742,2025-06-13,2025-08-02,2,1946.00,59,50,at_risk,Low,false
CUST05743,2025-04-15,2025-08-03,4,2790.00,58,36.7,at_risk,Medium,false
CUST05744,2025-04-19,2025-08-25,5,2111.20,36,32,at_risk,Medium,false
CUST05745,,,0,0.00,,,never_ordered,None,false
CUST05746,2025-04-04,2025-08-12,7,5163.20,49,21.7,at_risk,Medium,true
CUST05747,,,0,0.00,,,never_ordered,None,false
CUST05748,2025-05-07,2025-09-02,4,882.00,28,39.3,cooling,Low,false
CUST05749,2025-05-16,2025-09-29,3,1686.75,1,68,active,Low,false
CUST05750,2025-05-19,2025-09-02,6,7275.00,28,21.2,cooling,High,false
CUST05751,2025-04-30,2025-09-07,8,5192.00,23,18.6,cooling,Medium,false
CUST05752,2025-06-29,2025-09-25,4,14540.20,5,29.3,active,High,false
CUST05753,2025-04-18,2025-09-10,10,11731.00,20,16.1,cooling,High,false
CUST05754,2025-06-05,2025-07-04,2,3024.65,88,29,lapsed,Medium,true
CUST05755,2025-04-28,2025-09-06,5,4189.80,24,32.8,cooling,Medium,false
CUST05756,2025-08-24,2025-08-24,1,747.70,37,,at_risk,Low,false
CUST05757,2025-04-20,2025-09-23,8,3376.03,7,22.3,active,Medium,false
CUST05758,2025-06-20,2025-09-06,4,2137.40,24,26,cooling,Medium,false
CUST05759,2025-04-19,2025-07-04,5,8179.00,88,19,lapsed,High,true
CUST05760,,,0,0.00,,,never_ordered,None,false
CUST05761,2025-09-06,2025-09-06,1,393.00,24,,cooling,Low,false
CUST05762,2025-06-12,2025-08-12,3,1517.00,49,30.5,at_risk,Low,false
CUST05763,2025-09-14,2025-09-14,1,1728.00,16,,cooling,Low,false
CUST05764,2025-04-11,2025-09-10,11,6464.00,20,15.2,cooling,High,false
CUST05765,2025-04-19,2025-09-19,9,11295.20,11,19.1,active,High,false
CUST05766,2025-04-25,2025-07-19,4,1094.06,73,28.3,lapsed,Low,true
CUST05767,2025-07-27,2025-09-21,2,1030.60,9,56,active,Low,false
CUST05768,2025-04-20,2025-09-16,13,10074.00,14,12.4,active,High,false
CUST05769,2025-05-16,2025-09-26,3,4348.00,4,66.5,active,Medium,false
CUST05770,2025-06-18,2025-08-17,3,789.50,44,30,at_risk,Low,false
CUST05771,,,0,0.00,,,never_ordered,None,false
CUST05772,2025-07-07,2025-07-07,1,1254.00,85,,lapsed,Low,false
CUST05773,2025-06-21,2025-08-19,2,2727.00,42,59,at_risk,Medium,false
CUST05774,2025-04-01,2025-07-30,11,15194.85,62,12,lapsed,High,true
CUST05775,2025-07-25,2025-08-16,2,2156.50,45,22,at_risk,Medium,true
CUST05776,2025-04-07,2025-09-30,13,6149.20,0,14.7,active,High,false
CUST05777,2025-04-03,2025-09-13,12,9252.15,17,14.8,cooling,High,false
CUST05778,2025-06-03,2025-08-30,2,998.20,31,88,at_risk,Low,false
CUST05779,,,0,0.00,,,never_ordered,None,false
CUST05780,2025-05-02,2025-07-02,3,1727.10,90,30.5,lapsed,Low,true
CUST05781,2025-05-05,2025-09-06,9,3074.00,24,15.5,cooling,Medium,false
CUST05782,2025-04-04,2025-04-04,1,335.00,179,,lapsed,Low,false
CUST05783,2025-04-03,2025-08-12,8,5653.30,49,18.7,at_risk,High,true
CUST05784,2025-04-05,2025-09-15,6,5631.02,15,32.6,cooling,High,false
CUST05785,2025-04-20,2025-09-25,9,8922.00,5,19.8,active,High,false
CUST05786,2025-05-10,2025-07-04,3,1837.45,88,27.5,lapsed,Low,true
CUST05787,2025-04-24,2025-09-08,8,3341.80,22,19.6,cooling,Medium,false
CUST05788,2025-05-09,2025-08-30,6,2995.38,31,22.6,at_risk,Medium,false
CUST05789,2025-04-02,2025-07-19,5,4286.60,73,27,lapsed,Medium,true
CUST05790,2025-05-02,2025-09-25,19,13972.65,5,8.1,active,High,false
CUST05791,2025-05-07,2025-09-28,8,5978.80,2,20.6,active,High,false
CUST05792,,,0,0.00,,,never_ordered,None,false
CUST05793,,,0,0.00,,,never_ordered,None,false
CUST05794,,,0,0.00,,,never_ordered,None,false
CUST05795,2025-08-06,2025-08-21,2,579.00,40,15,at_risk,Low,true
CUST05796,2025-04-11,2025-09-21,19,31716.10,9,9.1,active,High,false
CUST05797,2025-04-11,2025-08-30,7,3739.00,31,23.5,at_risk,Medium,false
CUST05798,,,0,0.00,,,never_ordered,None,false
CUST05799,2025-05-23,2025-05-23,1,225.00,130,,lapsed,Low,false
CUST05800,2025-04-20,2025-09-11,4,2946.65,19,48,cooling,Medium,false
CUST05801,,,0,0.00,,,never_ordered,None,false
CUST05802,2025-05-13,2025-06-08,4,1629.00,114,8.7,lapsed,Low,true
CUST05803,2025-05-10,2025-05-10,1,1324.40,143,,lapsed,Low,false
CUST05804,2025-04-18,2025-08-10,7,2692.00,51,19,at_risk,Medium,true
CUST05805,2025-05-31,2025-09-21,9,14584.10,9,14.1,active,High,false
CUST05806,2025-09-23,2025-09-23,1,1453.00,7,,active,Low,false
CUST05807,2025-07-19,2025-09-17,2,1829.00,13,60,active,Low,false
CUST05808,2025-04-03,2025-07-29,4,3393.90,63,39,lapsed,Medium,false
CUST05809,2025-04-07,2025-06-21,5,7159.71,101,18.8,lapsed,High,true
CUST05810,2025-05-16,2025-09-28,5,3252.40,2,33.8,active,Medium,false
CUST05811,2025-05-29,2025-07-13,3,7832.00,79,22.5,lapsed,High,true
CUST05812,2025-04-08,2025-09-13,6,7709.96,17,31.6,cooling,High,false
CUST05813,2025-09-14,2025-09-14,1,90.00,16,,cooling,Low,false
CUST05814,2025-04-18,2025-09-01,8,8996.80,29,19.4,cooling,High,false
CUST05815,2025-05-05,2025-09-07,3,5337.00,23,62.5,cooling,High,false
CUST05816,2025-06-23,2025-07-14,2,615.00,78,21,lapsed,Low,true
CUST05817,2025-08-12,2025-09-26,2,372.00,4,45,active,Low,false
CUST05818,2025-08-15,2025-09-17,2,1761.75,13,33,active,Low,false
CUST05819,2025-04-10,2025-09-18,8,5212.50,12,23,active,Medium,false
CUST05820,,,0,0.00,,,never_ordered,None,false
CUST05821,2025-04-05,2025-09-14,8,7484.60,16,23.1,cooling,High,false
CUST05822,2025-04-08,2025-08-31,4,1098.20,30,48.3,cooling,Low,false
CUST05823,2025-07-04,2025-07-04,1,823.00,88,,lapsed,Low,false
CUST05824,2025-04-01,2025-09-23,22,18609.15,7,8.3,active,High,false
CUST05825,2025-04-27,2025-06-10,2,501.75,112,44,lapsed,Low,true
CUST05826,2025-09-12,2025-09-12,1,500.00,18,,cooling,Low,false
CUST05827,2025-04-24,2025-08-11,12,6204.55,50,9.9,at_risk,High,true
CUST05828,2025-04-05,2025-05-31,3,5105.30,122,28,lapsed,Medium,true
CUST05829,2025-06-01,2025-07-12,2,3506.25,80,41,lapsed,Medium,false
CUST05830,2025-05-04,2025-09-24,9,16369.55,6,17.9,active,High,false
CUST05831,2025-04-17,2025-09-15,6,2286.00,15,30.2,cooling,Medium,false
CUST05832,2025-04-12,2025-09-07,5,9258.00,23,37,cooling,High,false
CUST05833,2025-04-04,2025-08-20,8,10937.10,41,19.7,at_risk,High,true
CUST05834,2025-04-12,2025-09-06,10,4304.95,24,16.3,cooling,Medium,false
CUST05835,2025-04-17,2025-07-07,3,2234.80,85,40.5,lapsed,Medium,true
CUST05836,2025-04-01,2025-09-28,7,9331.00,2,30,active,High,false
CUST05837,,,0,0.00,,,never_ordered,None,false
CUST05838,,,0,0.00,,,never_ordered,None,false
CUST05839,2025-06-08,2025-08-22,2,1273.00,39,75,at_risk,Low,false
CUST05840,2025-06-20,2025-09-23,11,5836.90,7,9.5,active,High,false
CUST05841,2025-06-14,2025-09-30,4,3414.00,0,36,active,Medium,false
CUST05842,2025-06-03,2025-09-27,9,2260.75,3,14.5,active,Medium,false
CUST05843,,,0,0.00,,,never_ordered,None,false
CUST05844,2025-08-20,2025-09-09,3,887.00,21,10,cooling,Low,true
CUST05845,2025-06-28,2025-06-28,1,543.00,94,,lapsed,Low,false
CUST05846,2025-04-29,2025-08-16,5,7028.20,45,27.2,at_risk,High,false
CUST05847,2025-07-08,2025-09-03,2,2810.75,27,57,cooling,Medium,false
CUST05848,2025-04-09,2025-07-12,4,1918.30,80,31.3,lapsed,Low,true
CUST05849,,,0,0.00,,,never_ordered,None,false
CUST05850,2025-05-13,2025-09-22,4,2239.00,8,44,active,Medium,false
CUST05851,,,0,0.00,,,never_ordered,None,false
CUST05852,2025-08-01,2025-09-08,2,986.00,22,38,cooling,Low,false
CUST05853,2025-05-25,2025-09-30,3,890.00,0,64,active,Low,false
CUST05854,2025-09-21,2025-09-21,1,467.00,9,,active,Low,false
CUST05855,2025-08-17,2025-08-17,1,1398.50,44,,at_risk,Low,false
CUST05856,2025-04-08,2025-09-28,5,5411.00,2,43.2,active,High,false
CUST05857,2025-07-09,2025-08-21,4,1601.00,40,14.3,at_risk,Low,true
CUST05858,,,0,0.00,,,never_ordered,None,false
CUST05859,2025-05-29,2025-05-29,1,1029.80,124,,lapsed,Low,false
CUST05860,2025-07-27,2025-09-17,3,1120.00,13,26,active,Low,false
CUST05861,2025-06-12,2025-08-03,3,187.00,58,26,at_risk,Low,true
CUST05862,,,0,0.00,,,never_ordered,None,false
CUST05863,2025-04-17,2025-09-20,26,18081.15,10,6.2,active,High,false
CUST05864,2025-08-07,2025-09-03,4,6554.75,27,9,cooling,High,true
CUST05865,2025-04-26,2025-08-12,7,1825.90,49,18,at_risk,Low,true
CUST05866,2025-06-13,2025-09-18,5,4592.80,12,24.2,active,Medium,false
CUST05867,2025-07-20,2025-09-10,8,4492.00,20,7.4,cooling,Medium,true
CUST05868,,,0,0.00,,,never_ordered,None,false
CUST05869,2025-04-22,2025-07-19,4,7456.00,73,29.3,lapsed,High,true
CUST05870,2025-06-14,2025-09-09,4,7032.60,21,29,cooling,High,false
CUST05871,2025-07-17,2025-08-18,4,2515.00,43,10.7,at_risk,Medium,true
CUST05872,2025-04-09,2025-09-21,6,3469.50,9,33,active,Medium,false
CUST05873,2025-04-01,2025-07-18,3,1064.00,74,54,lapsed,Low,false
CUST05874,2025-04-08,2025-09-28,13,9223.20,2,14.4,active,High,false
CUST05875,2025-04-05,2025-08-02,5,4367.40,59,29.8,at_risk,Medium,false
CUST05876,2025-04-14,2025-09-27,12,16093.00,3,15.1,active,High,false
CUST05877,2025-04-05,2025-08-20,17,5921.27,41,8.6,at_risk,High,true
CUST05878,2025-05-29,2025-09-06,3,5509.30,24,50,cooling,High,false
CUST05879,2025-08-09,2025-08-09,1,884.50,52,,at_risk,Low,false
CUST05880,2025-04-06,2025-07-27,5,7961.00,65,28,lapsed,High,true
CUST05881,2025-05-19,2025-09-19,9,10449.98,11,15.4,active,High,false
CUST05882,2025-07-29,2025-07-29,1,449.00,63,,lapsed,Low,false
CUST05883,2025-04-15,2025-09-08,5,1780.00,22,36.5,cooling,Low,false
CUST05884,,,0,0.00,,,never_ordered,None,false
CUST05885,2025-04-01,2025-09-26,10,11978.00,4,19.8,active,High,false
CUST05886,2025-04-09,2025-09-30,20,10659.85,0,9.2,active,High,false
CUST05887,2025-04-07,2025-08-22,12,7694.00,39,12.5,at_risk,High,true
CUST05888,2025-04-21,2025-04-21,1,581.00,162,,lapsed,Low,false
CUST05889,2025-04-20,2025-09-06,5,5305.95,24,34.8,cooling,Medium,false
CUST05890,2025-05-02,2025-09-20,7,1180.20,10,23.5,active,Low,false
CUST05891,2025-04-06,2025-08-31,8,13122.10,30,21,cooling,High,false
CUST05892,,,0,0.00,,,never_ordered,None,false
CUST05893,,,0,0.00,,,never_ordered,None,false
CUST05894,2025-06-05,2025-07-29,3,2101.00,63,27,lapsed,Medium,true
CUST05895,2025-04-07,2025-09-16,7,9780.00,14,27,active,High,false
CUST05896,2025-07-04,2025-09-03,2,1492.00,27,61,cooling,Low,false
CUST05897,2025-05-10,2025-07-24,3,1688.70,68,37.5,lapsed,Low,false
CUST05898,2025-05-15,2025-08-25,9,13497.15,36,12.8,at_risk,High,true
CUST05899,2025-05-18,2025-09-06,3,2694.40,24,55.5,cooling,Medium,false
CUST05900,,,0,0.00,,,never_ordered,None,false
CUST05901,2025-04-08,2025-04-08,1,76.00,175,,lapsed,Low,false
CUST05902,2025-06-11,2025-09-02,6,4607.40,28,16.6,cooling,Medium,false
CUST05903,2025-04-05,2025-09-26,8,14536.40,4,24.9,active,High,false
CUST05904,2025-04-07,2025-08-24,6,4672.00,37,27.8,at_risk,Medium,false
CUST05905,2025-04-08,2025-08-16,6,2924.60,45,26,at_risk,Medium,false
CUST05906,2025-06-09,2025-09-20,10,7803.50,10,11.4,active,High,false
CUST05907,2025-04-05,2025-09-24,10,7107.19,6,19.1,active,High,false
CUST05908,2025-05-04,2025-07-05,3,5538.50,87,31,lapsed,High,true
CUST05909,2025-08-24,2025-09-18,2,3704.00,12,25,active,Medium,false
CUST05910,2025-04-04,2025-07-04,7,4832.00,88,15.2,lapsed,Medium,true
CUST05911,,,0,0.00,,,never_ordered,None,false
CUST05912,2025-07-17,2025-08-08,2,1010.60,53,22,at_risk,Low,true
CUST05913,2025-06-13,2025-09-27,5,3307.60,3,26.5,active,Medium,false
CUST05914,2025-05-11,2025-09-28,5,3995.30,2,35,active,Medium,false
CUST05915,,,0,0.00,,,never_ordered,None,false
CUST05916,2025-04-04,2025-09-24,8,5086.60,6,24.7,active,Medium,false
CUST05917,2025-06-08,2025-06-21,2,1517.00,101,13,lapsed,Low,true
CUST05918,2025-06-28,2025-06-28,1,139.20,94,,lapsed,Low,false
CUST05919,,,0,0.00,,,never_ordered,None,false
CUST05920,2025-04-02,2025-09-20,12,8528.77,10,15.5,active,High,false
CUST05921,2025-07-21,2025-07-28,2,669.00,64,7,lapsed,Low,true
CUST05922,2025-04-23,2025-07-24,6,4753.20,68,18.4,lapsed,Medium,true
CUST05923,2025-08-01,2025-08-23,2,1256.00,38,22,at_risk,Low,false
CUST05924,2025-05-16,2025-09-22,5,3314.40,8,32.2,active,Medium,false
CUST05925,2025-05-11,2025-09-08,6,3726.00,22,24,cooling,Medium,false
CUST05926,2025-07-04,2025-09-30,7,5286.00,0,14.7,active,Medium,false
CUST05927,2025-05-14,2025-07-12,2,897.00,80,59,lapsed,Low,false
CUST05928,2025-05-19,2025-09-14,3,2110.05,16,59,cooling,Medium,false
CUST05929,2025-04-14,2025-07-25,2,1262.00,67,102,lapsed,Low,false
CUST05930,2025-04-08,2025-09-05,14,4934.10,25,11.5,cooling,Medium,true
CUST05931,,,0,0.00,,,never_ordered,None,false
CUST05932,,,0,0.00,,,never_ordered,None,false
CUST05933,2025-09-04,2025-09-04,1,437.20,26,,cooling,Low,false
CUST05934,,,0,0.00,,,never_ordered,None,false
CUST05935,2025-06-01,2025-09-23,7,5767.00,7,19,active,High,false
CUST05936,2025-04-10,2025-07-29,2,2528.20,63,110,lapsed,Medium,false
CUST05937,2025-04-30,2025-09-27,3,221.50,3,75,active,Low,false
CUST05938,2025-05-21,2025-08-22,2,1134.00,39,93,at_risk,Low,false
CUST05939,2025-04-20,2025-09-29,19,10875.10,1,9,active,High,false
CUST05940,2025-04-11,2025-08-29,2,1430.00,32,140,at_risk,Low,false
CUST05941,,,0,0.00,,,never_ordered,None,false
CUST05942,,,0,0.00,,,never_ordered,None,false
CUST05943,2025-04-18,2025-07-12,3,570.00,80,42.5,lapsed,Low,false
CUST05944,2025-08-20,2025-09-06,3,587.40,24,8.5,cooling,Low,true
CUST05945,2025-04-27,2025-05-05,2,2628.00,148,8,lapsed,Medium,true
CUST05946,2025-04-19,2025-09-20,8,6492.30,10,22,active,High,false
CUST05947,2025-06-27,2025-09-02,2,1057.00,28,67,cooling,Low,false
CUST05948,2025-04-14,2025-09-20,10,9581.33,10,17.7,active,High,false
CUST05949,2025-05-24,2025-09-28,6,9527.20,2,25.4,active,High,false
CUST05950,2025-04-28,2025-09-24,12,7211.20,6,13.5,active,High,false
CUST05951,2025-08-17,2025-08-17,1,25.50,44,,at_risk,Low,false
CUST05952,2025-06-15,2025-06-15,1,309.80,107,,lapsed,Low,false
CUST05953,2025-04-05,2025-09-27,12,13580.22,3,15.9,active,High,false
CUST05954,2025-05-28,2025-09-24,5,1899.25,6,29.8,active,Low,false
CUST05955,2025-04-22,2025-09-14,5,3603.00,16,36.2,cooling,Medium,false
CUST05956,2025-06-26,2025-08-28,2,471.40,33,63,at_risk,Low,false
CUST05957,2025-05-25,2025-08-03,3,3473.00,58,35,at_risk,Medium,false
CUST05958,2025-04-05,2025-09-10,5,6615.10,20,39.5,cooling,High,false
CUST05959,2025-04-25,2025-09-23,5,5613.20,7,37.8,active,High,false
CUST05960,2025-06-20,2025-09-24,8,7676.60,6,13.7,active,High,false
CUST05961,2025-06-03,2025-06-03,1,583.00,119,,lapsed,Low,false
CUST05962,2025-04-06,2025-09-08,11,3313.80,22,15.5,cooling,Medium,false
CUST05963,2025-08-12,2025-09-20,2,2786.55,10,39,active,Medium,false
CUST05964,2025-05-03,2025-09-25,22,32280.65,5,6.9,active,High,false
CUST05965,2025-06-11,2025-09-01,3,2523.20,29,41,cooling,Medium,false
CUST05966,2025-04-07,2025-05-13,3,3727.00,140,18,lapsed,Medium,true
CUST05967,2025-05-19,2025-09-15,5,5323.30,15,29.8,cooling,High,false
CUST05968,2025-09-01,2025-09-14,2,1066.20,16,13,cooling,Low,false
CUST05969,2025-04-02,2025-09-18,23,15583.00,12,7.7,active,High,false
CUST05970,2025-06-15,2025-06-15,1,1207.00,107,,lapsed,Low,false
CUST05971,2025-04-12,2025-08-25,7,14042.20,36,22.5,at_risk,High,false
CUST05972,2025-06-18,2025-08-04,2,2951.00,57,47,at_risk,Medium,false
CUST05973,2025-05-21,2025-09-26,9,2765.00,4,16,active,Medium,false
CUST05974,2025-04-03,2025-08-15,3,2064.00,46,67,at_risk,Medium,false
CUST05975,2025-04-25,2025-04-26,2,3820.20,157,1,lapsed,Medium,true
CUST05976,,,0,0.00,,,never_ordered,None,false
CUST05977,2025-04-15,2025-09-05,7,8195.00,25,23.8,cooling,High,false
CUST05978,2025-04-04,2025-04-04,1,3675.00,179,,lapsed,Medium,false
CUST05979,2025-05-10,2025-07-15,4,2581.40,77,22,lapsed,Medium,true
CUST05980,2025-04-19,2025-08-28,6,4557.30,33,26.2,at_risk,Medium,false
CUST05981,2025-04-06,2025-07-11,7,3017.50,81,16,lapsed,Medium,true
CUST05982,2025-05-05,2025-09-16,5,6623.35,14,33.5,active,High,false
CUST05983,,,0,0.00,,,never_ordered,None,false
CUST05984,2025-04-15,2025-09-02,8,4282.60,28,20,cooling,Medium,false
CUST05985,2025-04-19,2025-05-13,2,3633.00,140,24,lapsed,Medium,true
CUST05986,2025-04-12,2025-09-12,17,15352.92,18,9.6,cooling,High,false
CUST05987,2025-07-11,2025-08-05,2,1154.00,56,25,at_risk,Low,true
CUST05988,2025-07-26,2025-08-26,4,864.80,35,10.3,at_risk,Low,true
CUST05989,,,0,0.00,,,never_ordered,None,false
CUST05990,2025-07-27,2025-09-21,12,5939.95,9,5.1,active,High,false
CUST05991,2025-08-25,2025-08-25,1,42.00,36,,at_risk,Low,false
CUST05992,2025-04-04,2025-09-02,3,1754.00,28,75.5,cooling,Low,false
CUST05993,2025-06-02,2025-09-06,7,3696.60,24,16,cooling,Medium,false
CUST05994,2025-04-26,2025-09-29,13,3748.14,1,13,active,Medium,false
CUST05995,2025-04-22,2025-07-24,8,4978.30,68,13.3,lapsed,Medium,true
CUST05996,2025-04-05,2025-09-11,4,5378.00,19,53,cooling,High,false
CUST05997,2025-06-01,2025-09-14,5,2903.00,16,26.2,cooling,Medium,false
CUST05998,2025-04-22,2025-08-27,5,4773.00,34,31.8,at_risk,Medium,false
CUST05999,2025-04-21,2025-07-21,7,13405.25,71,15.2,lapsed,High,true
CUST06000,2025-04-20,2025-09-28,19,11978.10,2,8.9,active,High,false
