store_id,product_id,business_date,category_id,units_sold,expected_units,lost_units,unit_price,lost_revenue,model_version
S01,P0003,2025-05-24,CAT03,3,1.286,0,169.00,0.00,lost_sales_run_20261005T130920538
S01,P0003,2025-05-25,CAT03,0,1.333,1.333,169.00,225.28,lost_sales_run_20261005T130920538
S01,P0003,2025-05-26,CAT03,0,1.385,1.385,169.00,234.06,lost_sales_run_20261005T130920538
S01,P0022,2025-05-26,CAT05,0,1.179,1.179,289.00,340.73,lost_sales_run_20261005T130920538
S01,P0022,2025-05-27,CAT05,0,1.222,1.222,289.00,353.16,lost_sales_run_20261005T130920538
S01,P0022,2025-05-28,CAT05,0,1.269,1.269,289.00,366.74,lost_sales_run_20261005T130920538
S01,P0022,2025-05-29,CAT05,0,1.32,1.32,289.00,381.48,lost_sales_run_20261005T130920538
S01,P0022,2025-05-30,CAT05,0,1.333,1.333,289.00,385.24,lost_sales_run_20261005T130920538
S01,P0022,2025-07-01,CAT05,2,1.143,0,289.00,0.00,lost_sales_run_20261005T130920538
S01,P0022,2025-07-02,CAT05,0,1.148,1.148,289.00,331.77,lost_sales_run_20261005T130920538
S01,P0022,2025-08-19,CAT05,0,1.071,1.071,289.00,309.52,lost_sales_run_20261005T130920538
S01,P0022,2025-08-20,CAT05,1,1,0,289.00,0.00,lost_sales_run_20261005T130920538
S01,P0053,2025-09-25,CAT06,1,0.429,0,114.00,0.00,lost_sales_run_20261005T130920538
S01,P0053,2025-09-26,CAT06,0,0.444,0.444,114.00,50.62,lost_sales_run_20261005T130920538
S01,P0053,2025-09-27,CAT06,0,0.462,0.462,114.00,52.67,lost_sales_run_20261005T130920538
S01,P0073,2025-04-13,CAT13,0,0.833,0.833,299.00,249.07,lost_sales_run_20261005T130920538
S01,P0073,2025-04-14,CAT13,0,0.833,0.833,299.00,249.07,lost_sales_run_20261005T130920538
S01,P0073,2025-07-13,CAT13,0,0.821,0.821,299.00,245.48,lost_sales_run_20261005T130920538
S01,P0073,2025-07-14,CAT13,0,0.815,0.815,299.00,243.68,lost_sales_run_20261005T130920538
S01,P0073,2025-08-20,CAT13,0,0.5,0.5,299.00,149.50,lost_sales_run_20261005T130920538
S01,P0073,2025-08-21,CAT13,0,0.519,0.519,299.00,155.18,lost_sales_run_20261005T130920538
S01,P0170,2025-05-16,CAT17,2,0.857,0,789.00,0.00,lost_sales_run_20261005T130920538
S01,P0170,2025-05-17,CAT17,0,0.852,0.852,789.00,672.23,lost_sales_run_20261005T130920538
S01,P0170,2025-05-18,CAT17,0,0.731,0.731,789.00,576.76,lost_sales_run_20261005T130920538
S01,P0170,2025-05-19,CAT17,1,0.76,0,789.00,0.00,lost_sales_run_20261005T130920538
S01,P0170,2025-05-26,CAT17,0,0.917,0.917,789.00,723.51,lost_sales_run_20261005T130920538
S01,P0170,2025-05-27,CAT17,2,0.957,0,789.00,0.00,lost_sales_run_20261005T130920538
S01,P0206,2025-06-23,CAT15,0,0.929,0.929,294.00,273.13,lost_sales_run_20261005T130920538
S01,P0206,2025-06-24,CAT15,0,0.963,0.963,294.00,283.12,lost_sales_run_20261005T130920538
S01,P0206,2025-09-02,CAT15,3,1.321,0,294.00,0.00,lost_sales_run_20261005T130920538
S01,P0206,2025-09-03,CAT15,0,1.333,1.333,294.00,391.90,lost_sales_run_20261005T130920538
S01,P0206,2025-09-04,CAT15,0,1.269,1.269,294.00,373.09,lost_sales_run_20261005T130920538
S01,P0213,2025-04-18,CAT07,1,0.706,0,21.00,0.00,lost_sales_run_20261005T130920538
S01,P0213,2025-04-19,CAT07,0,0.706,0.706,21.00,14.83,lost_sales_run_20261005T130920538
S01,P0213,2025-04-20,CAT07,2,0.706,0,21.00,0.00,lost_sales_run_20261005T130920538
S01,P0213,2025-04-21,CAT07,0,0.706,0.706,21.00,14.83,lost_sales_run_20261005T130920538
S01,P0252,2025-04-13,CAT18,5,1.167,0,229.00,0.00,lost_sales_run_20261005T130920538
S01,P0252,2025-04-14,CAT18,0,1.167,1.167,229.00,267.24,lost_sales_run_20261005T130920538
S01,P0272,2025-05-31,CAT13,6,0.607,0,273.00,0.00,lost_sales_run_20261005T130920538
S01,P0272,2025-06-01,CAT13,1,0.593,0,273.00,0.00,lost_sales_run_20261005T130920538
S01,P0288,2025-06-02,CAT14,2,0.607,0,469.00,0.00,lost_sales_run_20261005T130920538
S01,P0288,2025-06-03,CAT14,1,0.63,0,469.00,0.00,lost_sales_run_20261005T130920538
S01,P0288,2025-06-04,CAT14,1,0.654,0,469.00,0.00,lost_sales_run_20261005T130920538
S01,P0288,2025-06-05,CAT14,0,0.68,0.68,469.00,318.92,lost_sales_run_20261005T130920538
S01,P0288,2025-06-06,CAT14,0,0.708,0.708,469.00,332.05,lost_sales_run_20261005T130920538
S01,P0288,2025-06-07,CAT14,0,0.739,0.739,469.00,346.59,lost_sales_run_20261005T130920538
S01,P0288,2025-06-08,CAT14,3,0.773,0,469.00,0.00,lost_sales_run_20261005T130920538
S01,P0288,2025-06-09,CAT14,0,0.762,0.762,469.00,357.38,lost_sales_run_20261005T130920538
S01,P0288,2025-07-13,CAT14,4,0.536,0,469.00,0.00,lost_sales_run_20261005T130920538
S01,P0288,2025-07-14,CAT14,0,0.556,0.556,469.00,260.76,lost_sales_run_20261005T130920538
S01,P0316,2025-04-15,CAT15,2,0.357,0,589.00,0.00,lost_sales_run_20261005T130920538
S01,P0316,2025-04-16,CAT15,0,0.357,0.357,589.00,210.27,lost_sales_run_20261005T130920538
S01,P0316,2025-04-17,CAT15,1,0.357,0,589.00,0.00,lost_sales_run_20261005T130920538
S01,P0316,2025-05-11,CAT15,3,0.36,0,589.00,0.00,lost_sales_run_20261005T130920538
S01,P0316,2025-05-12,CAT15,0,0.375,0.375,589.00,220.88,lost_sales_run_20261005T130920538
S01,P0316,2025-08-04,CAT15,1,1.107,0.107,589.00,63.02,lost_sales_run_20261005T130920538
S01,P0316,2025-08-05,CAT15,1,1.148,0.148,589.00,87.17,lost_sales_run_20261005T130920538
S01,P0369,2025-07-13,CAT09,12,2.036,0,44.00,0.00,lost_sales_run_20261005T130920538
S01,P0369,2025-07-14,CAT09,0,2,2,44.00,88.00,lost_sales_run_20261005T130920538
S01,P0369,2025-07-15,CAT09,2,2.038,0.038,44.00,1.67,lost_sales_run_20261005T130920538
S01,P0369,2025-08-10,CAT09,3,2.92,0,44.00,0.00,lost_sales_run_20261005T130920538
S01,P0369,2025-08-11,CAT09,0,2.92,2.92,44.00,128.48,lost_sales_run_20261005T130920538
S01,P0381,2025-04-25,CAT13,1,0.542,0,279.00,0.00,lost_sales_run_20261005T130920538
S01,P0381,2025-04-26,CAT13,0,0.542,0.542,279.00,151.22,lost_sales_run_20261005T130920538
S01,P0381,2025-05-22,CAT13,4,0.269,0,279.00,0.00,lost_sales_run_20261005T130920538
S01,P0381,2025-05-23,CAT13,1,0.28,0,279.00,0.00,lost_sales_run_20261005T130920538
S01,P0381,2025-08-26,CAT13,4,0.429,0,279.00,0.00,lost_sales_run_20261005T130920538
S01,P0381,2025-08-27,CAT13,0,0.333,0.333,279.00,92.91,lost_sales_run_20261005T130920538
S01,P0381,2025-08-28,CAT13,0,0.346,0.346,279.00,96.53,lost_sales_run_20261005T130920538
S01,P0392,2025-05-06,CAT19,1,0.357,0,59.00,0.00,lost_sales_run_20261005T130920538
S01,P0392,2025-05-07,CAT19,0,0.37,0.37,59.00,21.83,lost_sales_run_20261005T130920538
S01,P0392,2025-06-08,CAT19,1,0.286,0,59.00,0.00,lost_sales_run_20261005T130920538
S01,P0392,2025-06-09,CAT19,0,0.296,0.296,59.00,17.46,lost_sales_run_20261005T130920538
S01,P0408,2025-06-10,CAT16,0,0.643,0.643,303.00,194.83,lost_sales_run_20261005T130920538
S01,P0408,2025-06-11,CAT16,0,0.63,0.63,303.00,190.89,lost_sales_run_20261005T130920538
S01,P0408,2025-09-05,CAT16,0,0.464,0.464,303.00,140.59,lost_sales_run_20261005T130920538
S01,P0408,2025-09-06,CAT16,3,0.481,0,303.00,0.00,lost_sales_run_20261005T130920538
S01,P0408,2025-09-07,CAT16,0,0.5,0.5,303.00,151.50,lost_sales_run_20261005T130920538
S01,P0408,2025-09-08,CAT16,1,0.52,0,303.00,0.00,lost_sales_run_20261005T130920538
S01,P0408,2025-09-25,CAT16,1,0.708,0,303.00,0.00,lost_sales_run_20261005T130920538
S01,P0408,2025-09-26,CAT16,3,0.739,0,303.00,0.00,lost_sales_run_20261005T130920538
S01,P0409,2025-09-10,CAT12,2,0.75,0,193.00,0.00,lost_sales_run_20261005T130920538
S01,P0409,2025-09-11,CAT12,0,0.778,0.778,193.00,150.15,lost_sales_run_20261005T130920538
S01,P0409,2025-09-20,CAT12,5,0.808,0,193.00,0.00,lost_sales_run_20261005T130920538
S01,P0409,2025-09-21,CAT12,0,0.84,0.84,193.00,162.12,lost_sales_run_20261005T130920538
S01,P0409,2025-09-22,CAT12,0,0.875,0.875,193.00,168.88,lost_sales_run_20261005T130920538
S01,P0433,2025-04-29,CAT20,1,0.286,0,179.00,0.00,lost_sales_run_20261005T130920538
S01,P0433,2025-04-30,CAT20,0,0.296,0.296,179.00,52.98,lost_sales_run_20261005T130920538
S01,P0433,2025-05-01,CAT20,0,0.308,0.308,179.00,55.13,lost_sales_run_20261005T130920538
S01,P0433,2025-09-19,CAT20,2,0.286,0,179.00,0.00,lost_sales_run_20261005T130920538
S01,P0433,2025-09-20,CAT20,0,0.259,0.259,179.00,46.36,lost_sales_run_20261005T130920538
S01,P0435,2025-04-09,CAT14,3,2.125,0,94.00,0.00,lost_sales_run_20261005T130920538
S01,P0435,2025-04-10,CAT14,2,2.125,0.125,94.00,11.75,lost_sales_run_20261005T130920538
S01,P0435,2025-05-10,CAT14,6,1.179,0,94.00,0.00,lost_sales_run_20261005T130920538
S01,P0435,2025-05-11,CAT14,2,1,0,94.00,0.00,lost_sales_run_20261005T130920538
S01,P0435,2025-05-12,CAT14,1,1.038,0.038,94.00,3.57,lost_sales_run_20261005T130920538
S01,P0435,2025-09-16,CAT14,7,1.536,0,94.00,0.00,lost_sales_run_20261005T130920538
S01,P0435,2025-09-17,CAT14,2,1.519,0,94.00,0.00,lost_sales_run_20261005T130920538
S01,P0435,2025-09-22,CAT14,1,1.692,0.692,94.00,65.05,lost_sales_run_20261005T130920538
S01,P0435,2025-09-23,CAT14,2,1.72,0,94.00,0.00,lost_sales_run_20261005T130920538
S01,P0445,2025-05-25,CAT02,0,0.393,0.393,44.00,17.29,lost_sales_run_20261005T130920538
S01,P0445,2025-05-26,CAT02,0,0.407,0.407,44.00,17.91,lost_sales_run_20261005T130920538
S01,P0445,2025-08-13,CAT02,3,0.429,0,44.00,0.00,lost_sales_run_20261005T130920538
S01,P0445,2025-08-14,CAT02,2,0.444,0,44.00,0.00,lost_sales_run_20261005T130920538
S01,P0445,2025-08-18,CAT02,2,0.692,0,44.00,0.00,lost_sales_run_20261005T130920538
S01,P0445,2025-08-19,CAT02,3,0.72,0,44.00,0.00,lost_sales_run_20261005T130920538
S01,P0445,2025-08-20,CAT02,0,0.75,0.75,44.00,33.00,lost_sales_run_20261005T130920538
S01,P0445,2025-08-31,CAT02,1,0.652,0,44.00,0.00,lost_sales_run_20261005T130920538
S01,P0445,2025-09-01,CAT02,1,0.682,0,44.00,0.00,lost_sales_run_20261005T130920538
S01,P0445,2025-09-02,CAT02,0,0.667,0.667,44.00,29.35,lost_sales_run_20261005T130920538
S01,P0445,2025-09-03,CAT02,1,0.65,0,44.00,0.00,lost_sales_run_20261005T130920538
S01,P0445,2025-09-04,CAT02,3,0.684,0,44.00,0.00,lost_sales_run_20261005T130920538
S01,P0445,2025-09-05,CAT02,1,0.722,0,44.00,0.00,lost_sales_run_20261005T130920538
S01,P0445,2025-09-06,CAT02,0,0.765,0.765,44.00,33.66,lost_sales_run_20261005T130920538
S01,P0445,2025-09-07,CAT02,0,0.75,0.75,44.00,33.00,lost_sales_run_20261005T130920538
S01,P0445,2025-09-08,CAT02,0,0.8,0.8,44.00,35.20,lost_sales_run_20261005T130920538
S01,P0507,2025-05-01,CAT02,4,4.571,0.571,42.00,23.98,lost_sales_run_20261005T130920538
S01,P0507,2025-05-02,CAT02,2,4.593,2.593,42.00,108.91,lost_sales_run_20261005T130920538
S01,P0507,2025-05-03,CAT02,9,4.538,0,42.00,0.00,lost_sales_run_20261005T130920538
S01,P0507,2025-05-04,CAT02,3,4.64,1.64,42.00,68.88,lost_sales_run_20261005T130920538
S01,P0507,2025-05-05,CAT02,7,4.667,0,42.00,0.00,lost_sales_run_20261005T130920538
S01,P0563,2025-04-19,CAT13,6,1.375,0,234.00,0.00,lost_sales_run_20261005T130920538
S01,P0563,2025-04-20,CAT13,1,1.375,0.375,234.00,87.75,lost_sales_run_20261005T130920538
S01,P0563,2025-07-19,CAT13,3,2.214,0,234.00,0.00,lost_sales_run_20261005T130920538
S01,P0563,2025-07-20,CAT13,2,2.185,0.185,234.00,43.29,lost_sales_run_20261005T130920538
S01,P0579,2025-09-05,CAT12,4,0.536,0,288.00,0.00,lost_sales_run_20261005T130920538
S01,P0579,2025-09-06,CAT12,1,0.519,0,288.00,0.00,lost_sales_run_20261005T130920538
S01,P0589,2025-04-29,CAT03,7,0.5,0,89.00,0.00,lost_sales_run_20261005T130920538
S01,P0589,2025-04-30,CAT03,0,0.481,0.481,89.00,42.81,lost_sales_run_20261005T130920538
S01,P0589,2025-05-27,CAT03,2,0.538,0,89.00,0.00,lost_sales_run_20261005T130920538
S01,P0589,2025-05-28,CAT03,0,0.538,0.538,89.00,47.88,lost_sales_run_20261005T130920538
S01,P0589,2025-05-29,CAT03,0,0.538,0.538,89.00,47.88,lost_sales_run_20261005T130920538
S01,P0589,2025-05-30,CAT03,3,0.56,0,89.00,0.00,lost_sales_run_20261005T130920538
S01,P0589,2025-09-24,CAT03,4,0.821,0,89.00,0.00,lost_sales_run_20261005T130920538
S01,P0589,2025-09-25,CAT03,2,0.852,0,89.00,0.00,lost_sales_run_20261005T130920538
S02,P0003,2025-06-29,CAT03,2,1.357,0,169.00,0.00,lost_sales_run_20261005T130920538
S02,P0003,2025-06-30,CAT03,3,1.407,0,169.00,0.00,lost_sales_run_20261005T130920538
S02,P0003,2025-09-10,CAT03,3,1.5,0,169.00,0.00,lost_sales_run_20261005T130920538
S02,P0003,2025-09-11,CAT03,0,1.556,1.556,169.00,262.96,lost_sales_run_20261005T130920538
S02,P0003,2025-09-12,CAT03,4,1.577,0,169.00,0.00,lost_sales_run_20261005T130920538
S02,P0003,2025-09-13,CAT03,0,1.64,1.64,169.00,277.16,lost_sales_run_20261005T130920538
S02,P0003,2025-09-14,CAT03,2,1.708,0,169.00,0.00,lost_sales_run_20261005T130920538
S02,P0003,2025-09-15,CAT03,1,1.696,0.696,169.00,117.62,lost_sales_run_20261005T130920538
S02,P0022,2025-05-27,CAT05,1,1.464,0.464,289.00,134.10,lost_sales_run_20261005T130920538
S02,P0022,2025-05-28,CAT05,0,1.481,1.481,289.00,428.01,lost_sales_run_20261005T130920538
S02,P0022,2025-05-29,CAT05,1,1.538,0.538,289.00,155.48,lost_sales_run_20261005T130920538
S02,P0022,2025-05-30,CAT05,2,1.6,0,289.00,0.00,lost_sales_run_20261005T130920538
S02,P0022,2025-05-31,CAT05,1,1.625,0.625,289.00,180.62,lost_sales_run_20261005T130920538
S02,P0022,2025-06-01,CAT05,2,1.652,0,289.00,0.00,lost_sales_run_20261005T130920538
S02,P0022,2025-06-02,CAT05,0,1.636,1.636,289.00,472.80,lost_sales_run_20261005T130920538
S02,P0022,2025-09-06,CAT05,7,1.214,0,289.00,0.00,lost_sales_run_20261005T130920538
S02,P0022,2025-09-07,CAT05,1,1.259,0.259,289.00,74.85,lost_sales_run_20261005T130920538
S02,P0032,2025-08-14,CAT11,12,4.679,0,85.00,0.00,lost_sales_run_20261005T130920538
S02,P0032,2025-08-15,CAT11,8,4.667,0,85.00,0.00,lost_sales_run_20261005T130920538
S02,P0032,2025-08-16,CAT11,7,4.731,0,85.00,0.00,lost_sales_run_20261005T130920538
S02,P0032,2025-08-17,CAT11,2,4.72,2.72,85.00,231.20,lost_sales_run_20261005T130920538
S02,P0032,2025-08-18,CAT11,2,4.833,2.833,85.00,240.80,lost_sales_run_20261005T130920538
S02,P0032,2025-08-24,CAT11,4,4.261,0.261,85.00,22.18,lost_sales_run_20261005T130920538
S02,P0032,2025-08-25,CAT11,1,4.182,3.182,85.00,270.47,lost_sales_run_20261005T130920538
S02,P0053,2025-04-12,CAT06,1,0.364,0,114.00,0.00,lost_sales_run_20261005T130920538
S02,P0053,2025-04-13,CAT06,0,0.364,0.364,114.00,41.50,lost_sales_run_20261005T130920538
S02,P0053,2025-05-23,CAT06,0,0.357,0.357,114.00,40.70,lost_sales_run_20261005T130920538
S02,P0053,2025-05-24,CAT06,0,0.37,0.37,114.00,42.18,lost_sales_run_20261005T130920538
S02,P0053,2025-05-25,CAT06,0,0.385,0.385,114.00,43.89,lost_sales_run_20261005T130920538
S02,P0053,2025-06-19,CAT06,1,0.4,0,114.00,0.00,lost_sales_run_20261005T130920538
S02,P0053,2025-09-05,CAT06,0,0.393,0.393,114.00,44.80,lost_sales_run_20261005T130920538
S02,P0053,2025-09-06,CAT06,0,0.333,0.333,114.00,37.96,lost_sales_run_20261005T130920538
S02,P0073,2025-04-27,CAT13,4,0.808,0,299.00,0.00,lost_sales_run_20261005T130920538
S02,P0073,2025-04-28,CAT13,0,0.808,0.808,299.00,241.59,lost_sales_run_20261005T130920538
S02,P0073,2025-05-31,CAT13,4,0.25,0,299.00,0.00,lost_sales_run_20261005T130920538
S02,P0073,2025-06-01,CAT13,1,0.222,0,299.00,0.00,lost_sales_run_20261005T130920538
S02,P0073,2025-06-02,CAT13,0,0.231,0.231,299.00,69.07,lost_sales_run_20261005T130920538
S02,P0073,2025-08-03,CAT13,1,0.75,0,299.00,0.00,lost_sales_run_20261005T130920538
S02,P0073,2025-08-04,CAT13,0,0.778,0.778,299.00,232.62,lost_sales_run_20261005T130920538
S02,P0073,2025-08-16,CAT13,0,0.577,0.577,299.00,172.52,lost_sales_run_20261005T130920538
S02,P0073,2025-08-17,CAT13,0,0.6,0.6,299.00,179.40,lost_sales_run_20261005T130920538
S02,P0073,2025-08-18,CAT13,0,0.5,0.5,299.00,149.50,lost_sales_run_20261005T130920538
S02,P0170,2025-06-14,CAT17,4,0.393,0,789.00,0.00,lost_sales_run_20261005T130920538
S02,P0170,2025-06-15,CAT17,3,0.407,0,789.00,0.00,lost_sales_run_20261005T130920538
S02,P0170,2025-07-18,CAT17,2,0.464,0,789.00,0.00,lost_sales_run_20261005T130920538
S02,P0170,2025-07-19,CAT17,0,0.481,0.481,789.00,379.51,lost_sales_run_20261005T130920538
S02,P0170,2025-07-20,CAT17,0,0.5,0.5,789.00,394.50,lost_sales_run_20261005T130920538
S02,P0170,2025-07-21,CAT17,0,0.44,0.44,789.00,347.16,lost_sales_run_20261005T130920538
S02,P0170,2025-07-23,CAT17,1,0.458,0,789.00,0.00,lost_sales_run_20261005T130920538
S02,P0170,2025-07-24,CAT17,0,0.478,0.478,789.00,377.14,lost_sales_run_20261005T130920538
S02,P0170,2025-09-19,CAT17,2,0.429,0,789.00,0.00,lost_sales_run_20261005T130920538
S02,P0170,2025-09-20,CAT17,0,0.444,0.444,789.00,350.32,lost_sales_run_20261005T130920538
S02,P0206,2025-05-15,CAT15,2,1.571,0,294.00,0.00,lost_sales_run_20261005T130920538
S02,P0206,2025-05-16,CAT15,1,1.63,0.63,294.00,185.22,lost_sales_run_20261005T130920538
S02,P0206,2025-05-17,CAT15,0,1.615,1.615,294.00,474.81,lost_sales_run_20261005T130920538
S02,P0206,2025-05-18,CAT15,0,1.52,1.52,294.00,446.88,lost_sales_run_20261005T130920538
S02,P0206,2025-05-19,CAT15,0,1.5,1.5,294.00,441.00,lost_sales_run_20261005T130920538
S02,P0206,2025-09-06,CAT15,5,1.25,0,294.00,0.00,lost_sales_run_20261005T130920538
S02,P0206,2025-09-07,CAT15,4,1.222,0,294.00,0.00,lost_sales_run_20261005T130920538
S02,P0213,2025-08-18,CAT07,1,1.286,0.286,21.00,6.01,lost_sales_run_20261005T130920538
S02,P0213,2025-08-19,CAT07,0,1.222,1.222,21.00,25.66,lost_sales_run_20261005T130920538
S02,P0213,2025-09-21,CAT07,3,0.964,0,21.00,0.00,lost_sales_run_20261005T130920538
S02,P0213,2025-09-22,CAT07,0,0.926,0.926,21.00,19.45,lost_sales_run_20261005T130920538
S02,P0252,2025-06-22,CAT18,1,1.393,0.393,229.00,90.00,lost_sales_run_20261005T130920538
S02,P0252,2025-06-23,CAT18,1,1.444,0.444,229.00,101.68,lost_sales_run_20261005T130920538
S02,P0252,2025-08-18,CAT18,0,1.464,1.464,229.00,335.26,lost_sales_run_20261005T130920538
S02,P0252,2025-08-19,CAT18,0,1.519,1.519,229.00,347.85,lost_sales_run_20261005T130920538
S02,P0252,2025-09-15,CAT18,3,1.615,0,229.00,0.00,lost_sales_run_20261005T130920538
S02,P0272,2025-05-25,CAT13,2,0.536,0,273.00,0.00,lost_sales_run_20261005T130920538
S02,P0272,2025-07-06,CAT13,2,0.393,0,273.00,0.00,lost_sales_run_20261005T130920538
S02,P0272,2025-07-07,CAT13,0,0.407,0.407,273.00,111.11,lost_sales_run_20261005T130920538
S02,P0272,2025-07-08,CAT13,1,0.423,0,273.00,0.00,lost_sales_run_20261005T130920538
S02,P0272,2025-07-09,CAT13,1,0.4,0,273.00,0.00,lost_sales_run_20261005T130920538
S02,P0272,2025-07-10,CAT13,1,0.417,0,273.00,0.00,lost_sales_run_20261005T130920538
S02,P0272,2025-07-11,CAT13,1,0.435,0,273.00,0.00,lost_sales_run_20261005T130920538
S02,P0272,2025-07-12,CAT13,0,0.455,0.455,273.00,124.22,lost_sales_run_20261005T130920538
S02,P0272,2025-07-13,CAT13,0,0.476,0.476,273.00,129.95,lost_sales_run_20261005T130920538
S02,P0272,2025-07-14,CAT13,0,0.5,0.5,273.00,136.50,lost_sales_run_20261005T130920538
S02,P0288,2025-06-01,CAT14,3,0.286,0,469.00,0.00,lost_sales_run_20261005T130920538
S02,P0288,2025-06-02,CAT14,0,0.296,0.296,469.00,138.82,lost_sales_run_20261005T130920538
S02,P0316,2025-04-27,CAT15,5,0.5,0,589.00,0.00,lost_sales_run_20261005T130920538
S02,P0316,2025-04-28,CAT15,0,0.5,0.5,589.00,294.50,lost_sales_run_20261005T130920538
S02,P0316,2025-04-29,CAT15,1,0.5,0,589.00,0.00,lost_sales_run_20261005T130920538
S02,P0316,2025-05-25,CAT15,3,0.32,0,589.00,0.00,lost_sales_run_20261005T130920538
S02,P0316,2025-05-26,CAT15,0,0.32,0.32,589.00,188.48,lost_sales_run_20261005T130920538
S02,P0316,2025-07-29,CAT15,1,0.893,0,589.00,0.00,lost_sales_run_20261005T130920538
S02,P0316,2025-07-30,CAT15,0,0.926,0.926,589.00,545.41,lost_sales_run_20261005T130920538
S02,P0316,2025-07-31,CAT15,0,0.885,0.885,589.00,521.26,lost_sales_run_20261005T130920538
S02,P0316,2025-09-25,CAT15,0,0.464,0.464,589.00,273.30,lost_sales_run_20261005T130920538
S02,P0316,2025-09-26,CAT15,1,0.481,0,589.00,0.00,lost_sales_run_20261005T130920538
S02,P0316,2025-09-27,CAT15,1,0.5,0,589.00,0.00,lost_sales_run_20261005T130920538
S02,P0316,2025-09-28,CAT15,0,0.52,0.52,589.00,306.28,lost_sales_run_20261005T130920538
S02,P0316,2025-09-29,CAT15,0,0.542,0.542,589.00,319.24,lost_sales_run_20261005T130920538
S02,P0316,2025-09-30,CAT15,1,0.565,0,589.00,0.00,lost_sales_run_20261005T130920538
S02,P0369,2025-08-10,CAT09,8,1.786,0,44.00,0.00,lost_sales_run_20261005T130920538
S02,P0369,2025-08-11,CAT09,5,1.815,0,44.00,0.00,lost_sales_run_20261005T130920538
S02,P0381,2025-07-09,CAT13,1,0.607,0,279.00,0.00,lost_sales_run_20261005T130920538
S02,P0381,2025-07-10,CAT13,0,0.63,0.63,279.00,175.77,lost_sales_run_20261005T130920538
S02,P0381,2025-07-11,CAT13,1,0.654,0,279.00,0.00,lost_sales_run_20261005T130920538
S02,P0381,2025-09-17,CAT13,0,0.571,0.571,279.00,159.31,lost_sales_run_20261005T130920538
S02,P0381,2025-09-18,CAT13,0,0.593,0.593,279.00,165.45,lost_sales_run_20261005T130920538
S02,P0391,2025-05-09,CAT06,14,1.036,0,42.00,0.00,lost_sales_run_20261005T130920538
S02,P0391,2025-05-10,CAT06,0,0.889,0.889,42.00,37.34,lost_sales_run_20261005T130920538
S02,P0391,2025-05-11,CAT06,2,0.923,0,42.00,0.00,lost_sales_run_20261005T130920538
S02,P0391,2025-07-29,CAT06,14,1.214,0,42.00,0.00,lost_sales_run_20261005T130920538
S02,P0391,2025-07-30,CAT06,0,1.185,1.185,42.00,49.77,lost_sales_run_20261005T130920538
S02,P0391,2025-07-31,CAT06,0,1.231,1.231,42.00,51.70,lost_sales_run_20261005T130920538
S02,P0391,2025-08-01,CAT06,2,1.28,0,42.00,0.00,lost_sales_run_20261005T130920538
S02,P0391,2025-08-30,CAT06,5,1.429,0,42.00,0.00,lost_sales_run_20261005T130920538
S02,P0391,2025-08-31,CAT06,1,1.481,0.481,42.00,20.20,lost_sales_run_20261005T130920538
S02,P0391,2025-09-01,CAT06,0,1.423,1.423,42.00,59.77,lost_sales_run_20261005T130920538
S02,P0391,2025-09-19,CAT06,5,1.52,0,42.00,0.00,lost_sales_run_20261005T130920538
S02,P0391,2025-09-20,CAT06,4,1.542,0,42.00,0.00,lost_sales_run_20261005T130920538
S02,P0391,2025-09-21,CAT06,1,1.522,0.522,42.00,21.92,lost_sales_run_20261005T130920538
S02,P0391,2025-09-22,CAT06,4,1.545,0,42.00,0.00,lost_sales_run_20261005T130920538
S02,P0392,2025-08-05,CAT19,0,0.5,0.5,59.00,29.50,lost_sales_run_20261005T130920538
S02,P0392,2025-08-06,CAT19,2,0.519,0,59.00,0.00,lost_sales_run_20261005T130920538
S02,P0392,2025-08-07,CAT19,0,0.538,0.538,59.00,31.74,lost_sales_run_20261005T130920538
S02,P0392,2025-08-08,CAT19,0,0.52,0.52,59.00,30.68,lost_sales_run_20261005T130920538
S02,P0392,2025-08-09,CAT19,0,0.542,0.542,59.00,31.98,lost_sales_run_20261005T130920538
S02,P0392,2025-08-25,CAT19,2,0.391,0,59.00,0.00,lost_sales_run_20261005T130920538
S02,P0392,2025-08-26,CAT19,0,0.409,0.409,59.00,24.13,lost_sales_run_20261005T130920538
S02,P0408,2025-04-24,CAT16,2,1.043,0,303.00,0.00,lost_sales_run_20261005T130920538
S02,P0408,2025-04-25,CAT16,0,1.043,1.043,303.00,316.03,lost_sales_run_20261005T130920538
S02,P0408,2025-04-26,CAT16,3,1.043,0,303.00,0.00,lost_sales_run_20261005T130920538
S02,P0408,2025-04-27,CAT16,0,1.043,1.043,303.00,316.03,lost_sales_run_20261005T130920538
S02,P0408,2025-04-28,CAT16,1,1.043,0.043,303.00,13.03,lost_sales_run_20261005T130920538
S02,P0408,2025-06-13,CAT16,12,0.643,0,303.00,0.00,lost_sales_run_20261005T130920538
S02,P0408,2025-06-14,CAT16,3,0.667,0,303.00,0.00,lost_sales_run_20261005T130920538
S02,P0409,2025-07-29,CAT12,6,0.643,0,193.00,0.00,lost_sales_run_20261005T130920538
S02,P0409,2025-07-30,CAT12,0,0.667,0.667,193.00,128.73,lost_sales_run_20261005T130920538
S02,P0409,2025-07-31,CAT12,2,0.692,0,193.00,0.00,lost_sales_run_20261005T130920538
S02,P0409,2025-08-14,CAT12,5,1.04,0,193.00,0.00,lost_sales_run_20261005T130920538
S02,P0409,2025-08-15,CAT12,1,1,0,193.00,0.00,lost_sales_run_20261005T130920538
S02,P0409,2025-08-16,CAT12,0,1,1,193.00,193.00,lost_sales_run_20261005T130920538
S02,P0409,2025-08-17,CAT12,2,1.045,0,193.00,0.00,lost_sales_run_20261005T130920538
S02,P0409,2025-08-18,CAT12,0,1.095,1.095,193.00,211.34,lost_sales_run_20261005T130920538
S02,P0433,2025-05-18,CAT20,0,0.143,0.143,179.00,25.60,lost_sales_run_20261005T130920538
S02,P0433,2025-08-03,CAT20,1,0.429,0,179.00,0.00,lost_sales_run_20261005T130920538
S02,P0433,2025-08-04,CAT20,0,0.444,0.444,179.00,79.48,lost_sales_run_20261005T130920538
S02,P0435,2025-07-14,CAT14,3,2,0,94.00,0.00,lost_sales_run_20261005T130920538
S02,P0435,2025-07-15,CAT14,0,2.074,2.074,94.00,194.96,lost_sales_run_20261005T130920538
S02,P0445,2025-06-18,CAT02,2,0.357,0,44.00,0.00,lost_sales_run_20261005T130920538
S02,P0445,2025-06-19,CAT02,0,0.37,0.37,44.00,16.28,lost_sales_run_20261005T130920538
S02,P0445,2025-06-20,CAT02,1,0.385,0,44.00,0.00,lost_sales_run_20261005T130920538
S02,P0445,2025-06-21,CAT02,0,0.36,0.36,44.00,15.84,lost_sales_run_20261005T130920538
S02,P0445,2025-06-22,CAT02,0,0.375,0.375,44.00,16.50,lost_sales_run_20261005T130920538
S02,P0445,2025-06-23,CAT02,0,0.391,0.391,44.00,17.20,lost_sales_run_20261005T130920538
S02,P0445,2025-07-18,CAT02,5,0.958,0,44.00,0.00,lost_sales_run_20261005T130920538
S02,P0445,2025-07-19,CAT02,0,0.958,0.958,44.00,42.15,lost_sales_run_20261005T130920538
S02,P0507,2025-05-24,CAT02,7,3.893,0,42.00,0.00,lost_sales_run_20261005T130920538
S02,P0507,2025-05-25,CAT02,6,3.852,0,42.00,0.00,lost_sales_run_20261005T130920538
S02,P0507,2025-05-26,CAT02,5,3.885,0,42.00,0.00,lost_sales_run_20261005T130920538
S02,P0563,2025-06-15,CAT13,3,0.893,0,234.00,0.00,lost_sales_run_20261005T130920538
S02,P0563,2025-06-16,CAT13,0,0.926,0.926,234.00,216.68,lost_sales_run_20261005T130920538
S02,P0563,2025-07-06,CAT13,1,1.385,0.385,234.00,90.09,lost_sales_run_20261005T130920538
S02,P0563,2025-07-07,CAT13,2,1.4,0,234.00,0.00,lost_sales_run_20261005T130920538
S02,P0563,2025-07-28,CAT13,0,1.692,1.692,234.00,395.93,lost_sales_run_20261005T130920538
S02,P0563,2025-07-29,CAT13,0,1.68,1.68,234.00,393.12,lost_sales_run_20261005T130920538
S02,P0563,2025-07-30,CAT13,0,1.708,1.708,234.00,399.67,lost_sales_run_20261005T130920538
S02,P0563,2025-07-31,CAT13,0,1.783,1.783,234.00,417.22,lost_sales_run_20261005T130920538
S02,P0563,2025-08-01,CAT13,0,1.864,1.864,234.00,436.18,lost_sales_run_20261005T130920538
S02,P0563,2025-08-02,CAT13,0,1.952,1.952,234.00,456.77,lost_sales_run_20261005T130920538
S02,P0563,2025-08-03,CAT13,1,1.95,0.95,234.00,222.30,lost_sales_run_20261005T130920538
S02,P0563,2025-08-11,CAT13,3,1.571,0,234.00,0.00,lost_sales_run_20261005T130920538
S02,P0563,2025-08-12,CAT13,3,1.65,0,234.00,0.00,lost_sales_run_20261005T130920538
S02,P0579,2025-05-13,CAT12,1,0.321,0,288.00,0.00,lost_sales_run_20261005T130920538
S02,P0579,2025-05-14,CAT12,0,0.333,0.333,288.00,95.90,lost_sales_run_20261005T130920538
S02,P0579,2025-09-09,CAT12,1,0.786,0,288.00,0.00,lost_sales_run_20261005T130920538
S02,P0589,2025-04-08,CAT03,3,0.714,0,89.00,0.00,lost_sales_run_20261005T130920538
S02,P0589,2025-04-09,CAT03,3,0.714,0,89.00,0.00,lost_sales_run_20261005T130920538
S02,P0589,2025-04-10,CAT03,0,0.714,0.714,89.00,63.55,lost_sales_run_20261005T130920538
S02,P0589,2025-04-11,CAT03,0,0.714,0.714,89.00,63.55,lost_sales_run_20261005T130920538
S02,P0589,2025-04-12,CAT03,2,0.714,0,89.00,0.00,lost_sales_run_20261005T130920538
S02,P0589,2025-04-13,CAT03,0,0.714,0.714,89.00,63.55,lost_sales_run_20261005T130920538
S02,P0589,2025-04-14,CAT03,0,0.714,0.714,89.00,63.55,lost_sales_run_20261005T130920538
S02,P0589,2025-04-27,CAT03,3,0.789,0,89.00,0.00,lost_sales_run_20261005T130920538
S02,P0589,2025-04-28,CAT03,0,0.789,0.789,89.00,70.22,lost_sales_run_20261005T130920538
S02,P0589,2025-05-27,CAT03,7,0.75,0,89.00,0.00,lost_sales_run_20261005T130920538
S02,P0589,2025-05-28,CAT03,0,0.778,0.778,89.00,69.24,lost_sales_run_20261005T130920538
S02,P0589,2025-06-15,CAT03,0,0.808,0.808,89.00,71.91,lost_sales_run_20261005T130920538
S02,P0589,2025-06-16,CAT03,1,0.8,0,89.00,0.00,lost_sales_run_20261005T130920538
S02,P0589,2025-06-22,CAT03,4,0.958,0,89.00,0.00,lost_sales_run_20261005T130920538
S02,P0589,2025-06-23,CAT03,0,0.913,0.913,89.00,81.26,lost_sales_run_20261005T130920538
S03,P0003,2025-04-17,CAT03,1,1.5,0.5,169.00,84.50,lost_sales_run_20261005T130920538
S03,P0003,2025-04-18,CAT03,0,1.5,1.5,169.00,253.50,lost_sales_run_20261005T130920538
S03,P0003,2025-04-19,CAT03,0,1.5,1.5,169.00,253.50,lost_sales_run_20261005T130920538
S03,P0003,2025-04-20,CAT03,0,1.5,1.5,169.00,253.50,lost_sales_run_20261005T130920538
S03,P0003,2025-04-21,CAT03,0,1.5,1.5,169.00,253.50,lost_sales_run_20261005T130920538
S03,P0003,2025-04-22,CAT03,0,1.5,1.5,169.00,253.50,lost_sales_run_20261005T130920538
S03,P0003,2025-04-23,CAT03,2,1.5,0,169.00,0.00,lost_sales_run_20261005T130920538
S03,P0003,2025-08-30,CAT03,3,1.107,0,169.00,0.00,lost_sales_run_20261005T130920538
S03,P0003,2025-08-31,CAT03,0,1.074,1.074,169.00,181.51,lost_sales_run_20261005T130920538
S03,P0003,2025-09-01,CAT03,0,1.115,1.115,169.00,188.44,lost_sales_run_20261005T130920538
S03,P0003,2025-09-02,CAT03,0,1.08,1.08,169.00,182.52,lost_sales_run_20261005T130920538
S03,P0003,2025-09-03,CAT03,3,1.083,0,169.00,0.00,lost_sales_run_20261005T130920538
S03,P0003,2025-09-04,CAT03,0,1.043,1.043,169.00,176.27,lost_sales_run_20261005T130920538
S03,P0003,2025-09-05,CAT03,1,0.955,0,169.00,0.00,lost_sales_run_20261005T130920538
S03,P0003,2025-09-06,CAT03,1,0.952,0,169.00,0.00,lost_sales_run_20261005T130920538
S03,P0003,2025-09-07,CAT03,0,1,1,169.00,169.00,lost_sales_run_20261005T130920538
S03,P0022,2025-04-29,CAT05,3,0.679,0,289.00,0.00,lost_sales_run_20261005T130920538
S03,P0022,2025-04-30,CAT05,0,0.667,0.667,289.00,192.76,lost_sales_run_20261005T130920538
S03,P0032,2025-09-14,CAT11,7,3.786,0,85.00,0.00,lost_sales_run_20261005T130920538
S03,P0032,2025-09-15,CAT11,6,3.778,0,85.00,0.00,lost_sales_run_20261005T130920538
S03,P0170,2025-04-19,CAT17,6,0.167,0,789.00,0.00,lost_sales_run_20261005T130920538
S03,P0170,2025-04-20,CAT17,2,0.167,0,789.00,0.00,lost_sales_run_20261005T130920538
S03,P0170,2025-09-02,CAT17,2,0.786,0,789.00,0.00,lost_sales_run_20261005T130920538
S03,P0170,2025-09-03,CAT17,0,0.815,0.815,789.00,643.04,lost_sales_run_20261005T130920538
S03,P0206,2025-04-30,CAT15,2,1.857,0,294.00,0.00,lost_sales_run_20261005T130920538
S03,P0206,2025-05-01,CAT15,0,1.926,1.926,294.00,566.24,lost_sales_run_20261005T130920538
S03,P0206,2025-07-11,CAT15,4,1.214,0,294.00,0.00,lost_sales_run_20261005T130920538
S03,P0206,2025-07-12,CAT15,7,1.259,0,294.00,0.00,lost_sales_run_20261005T130920538
S03,P0206,2025-07-13,CAT15,0,1.269,1.269,294.00,373.09,lost_sales_run_20261005T130920538
S03,P0206,2025-07-14,CAT15,0,1.32,1.32,294.00,388.08,lost_sales_run_20261005T130920538
S03,P0206,2025-07-15,CAT15,0,1.083,1.083,294.00,318.40,lost_sales_run_20261005T130920538
S03,P0206,2025-07-16,CAT15,0,1.13,1.13,294.00,332.22,lost_sales_run_20261005T130920538
S03,P0206,2025-07-17,CAT15,0,1.091,1.091,294.00,320.75,lost_sales_run_20261005T130920538
S03,P0206,2025-07-18,CAT15,0,1.095,1.095,294.00,321.93,lost_sales_run_20261005T130920538
S03,P0206,2025-07-19,CAT15,1,0.95,0,294.00,0.00,lost_sales_run_20261005T130920538
S03,P0206,2025-07-20,CAT15,4,0.895,0,294.00,0.00,lost_sales_run_20261005T130920538
S03,P0206,2025-07-21,CAT15,0,0.889,0.889,294.00,261.37,lost_sales_run_20261005T130920538
S03,P0206,2025-07-22,CAT15,0,0.941,0.941,294.00,276.65,lost_sales_run_20261005T130920538
S03,P0206,2025-07-23,CAT15,0,0.625,0.625,294.00,183.75,lost_sales_run_20261005T130920538
S03,P0206,2025-07-24,CAT15,0,0.667,0.667,294.00,196.10,lost_sales_run_20261005T130920538
S03,P0206,2025-07-25,CAT15,1,0.714,0,294.00,0.00,lost_sales_run_20261005T130920538
S03,P0206,2025-07-26,CAT15,0,0.615,0.615,294.00,180.81,lost_sales_run_20261005T130920538
S03,P0206,2025-07-27,CAT15,4,0.583,0,294.00,0.00,lost_sales_run_20261005T130920538
S03,P0206,2025-07-28,CAT15,1,0.636,0,294.00,0.00,lost_sales_run_20261005T130920538
S03,P0206,2025-09-24,CAT15,5,0.964,0,294.00,0.00,lost_sales_run_20261005T130920538
S03,P0206,2025-09-25,CAT15,0,1,1,294.00,294.00,lost_sales_run_20261005T130920538
S03,P0206,2025-09-26,CAT15,0,1,1,294.00,294.00,lost_sales_run_20261005T130920538
S03,P0213,2025-04-14,CAT07,2,0.769,0,21.00,0.00,lost_sales_run_20261005T130920538
S03,P0213,2025-04-15,CAT07,0,0.769,0.769,21.00,16.15,lost_sales_run_20261005T130920538
S03,P0213,2025-05-16,CAT07,2,0.75,0,21.00,0.00,lost_sales_run_20261005T130920538
S03,P0213,2025-05-17,CAT07,0,0.778,0.778,21.00,16.34,lost_sales_run_20261005T130920538
S03,P0213,2025-08-01,CAT07,3,0.786,0,21.00,0.00,lost_sales_run_20261005T130920538
S03,P0213,2025-08-02,CAT07,0,0.778,0.778,21.00,16.34,lost_sales_run_20261005T130920538
S03,P0252,2025-06-09,CAT18,1,1.607,0.607,229.00,139.00,lost_sales_run_20261005T130920538
S03,P0252,2025-06-10,CAT18,0,1.667,1.667,229.00,381.74,lost_sales_run_20261005T130920538
S03,P0252,2025-06-11,CAT18,1,1.731,0.731,229.00,167.40,lost_sales_run_20261005T130920538
S03,P0252,2025-06-12,CAT18,0,1.76,1.76,229.00,403.04,lost_sales_run_20261005T130920538
S03,P0272,2025-07-14,CAT13,2,0.321,0,273.00,0.00,lost_sales_run_20261005T130920538
S03,P0272,2025-09-26,CAT13,0,0.429,0.429,273.00,117.12,lost_sales_run_20261005T130920538
S03,P0272,2025-09-27,CAT13,0,0.444,0.444,273.00,121.21,lost_sales_run_20261005T130920538
S03,P0272,2025-09-28,CAT13,4,0.462,0,273.00,0.00,lost_sales_run_20261005T130920538
S03,P0272,2025-09-29,CAT13,0,0.48,0.48,273.00,131.04,lost_sales_run_20261005T130920538
S03,P0288,2025-05-03,CAT14,0,0.857,0.857,469.00,401.93,lost_sales_run_20261005T130920538
S03,P0288,2025-05-04,CAT14,0,0.741,0.741,469.00,347.53,lost_sales_run_20261005T130920538
S03,P0288,2025-06-24,CAT14,5,0.5,0,469.00,0.00,lost_sales_run_20261005T130920538
S03,P0288,2025-06-25,CAT14,0,0.519,0.519,469.00,243.41,lost_sales_run_20261005T130920538
S03,P0288,2025-06-26,CAT14,0,0.538,0.538,469.00,252.32,lost_sales_run_20261005T130920538
S03,P0288,2025-08-19,CAT14,4,0.643,0,469.00,0.00,lost_sales_run_20261005T130920538
S03,P0288,2025-08-20,CAT14,0,0.667,0.667,469.00,312.82,lost_sales_run_20261005T130920538
S03,P0316,2025-05-14,CAT15,4,0.679,0,589.00,0.00,lost_sales_run_20261005T130920538
S03,P0316,2025-05-15,CAT15,0,0.667,0.667,589.00,392.86,lost_sales_run_20261005T130920538
S03,P0369,2025-05-20,CAT09,10,1.571,0,44.00,0.00,lost_sales_run_20261005T130920538
S03,P0369,2025-05-21,CAT09,5,1.63,0,44.00,0.00,lost_sales_run_20261005T130920538
S03,P0369,2025-06-08,CAT09,3,1.885,0,44.00,0.00,lost_sales_run_20261005T130920538
S03,P0369,2025-06-09,CAT09,0,1.88,1.88,44.00,82.72,lost_sales_run_20261005T130920538
S03,P0381,2025-07-09,CAT13,0,0.464,0.464,279.00,129.46,lost_sales_run_20261005T130920538
S03,P0381,2025-07-10,CAT13,0,0.481,0.481,279.00,134.20,lost_sales_run_20261005T130920538
S03,P0381,2025-07-28,CAT13,0,0.654,0.654,279.00,182.47,lost_sales_run_20261005T130920538
S03,P0381,2025-07-29,CAT13,1,0.68,0,279.00,0.00,lost_sales_run_20261005T130920538
S03,P0391,2025-04-17,CAT06,1,1.25,0.25,42.00,10.50,lost_sales_run_20261005T130920538
S03,P0391,2025-04-18,CAT06,3,1.25,0,42.00,0.00,lost_sales_run_20261005T130920538
S03,P0391,2025-04-19,CAT06,0,1.25,1.25,42.00,52.50,lost_sales_run_20261005T130920538
S03,P0391,2025-04-20,CAT06,1,1.25,0.25,42.00,10.50,lost_sales_run_20261005T130920538
S03,P0391,2025-04-21,CAT06,0,1.25,1.25,42.00,52.50,lost_sales_run_20261005T130920538
S03,P0392,2025-07-28,CAT19,4,0.286,0,59.00,0.00,lost_sales_run_20261005T130920538
S03,P0392,2025-07-29,CAT19,0,0.296,0.296,59.00,17.46,lost_sales_run_20261005T130920538
S03,P0408,2025-05-05,CAT16,0,0.714,0.714,303.00,216.34,lost_sales_run_20261005T130920538
S03,P0408,2025-05-06,CAT16,0,0.741,0.741,303.00,224.52,lost_sales_run_20261005T130920538
S03,P0408,2025-05-12,CAT16,1,0.731,0,303.00,0.00,lost_sales_run_20261005T130920538
S03,P0408,2025-05-13,CAT16,0,0.76,0.76,303.00,230.28,lost_sales_run_20261005T130920538
S03,P0409,2025-06-09,CAT12,1,0.607,0,193.00,0.00,lost_sales_run_20261005T130920538
S03,P0409,2025-06-10,CAT12,1,0.63,0,193.00,0.00,lost_sales_run_20261005T130920538
S03,P0409,2025-06-20,CAT12,5,1.077,0,193.00,0.00,lost_sales_run_20261005T130920538
S03,P0409,2025-06-21,CAT12,2,1.08,0,193.00,0.00,lost_sales_run_20261005T130920538
S03,P0433,2025-04-18,CAT20,3,0.353,0,179.00,0.00,lost_sales_run_20261005T130920538
S03,P0433,2025-04-19,CAT20,0,0.353,0.353,179.00,63.19,lost_sales_run_20261005T130920538
S03,P0433,2025-04-20,CAT20,0,0.353,0.353,179.00,63.19,lost_sales_run_20261005T130920538
S03,P0433,2025-07-11,CAT20,2,0.393,0,179.00,0.00,lost_sales_run_20261005T130920538
S03,P0433,2025-07-12,CAT20,0,0.407,0.407,179.00,72.85,lost_sales_run_20261005T130920538
S03,P0435,2025-07-20,CAT14,2,1.179,0,94.00,0.00,lost_sales_run_20261005T130920538
S03,P0435,2025-07-21,CAT14,0,1.148,1.148,94.00,107.91,lost_sales_run_20261005T130920538
S03,P0435,2025-07-22,CAT14,2,1.154,0,94.00,0.00,lost_sales_run_20261005T130920538
S03,P0435,2025-07-23,CAT14,0,1.12,1.12,94.00,105.28,lost_sales_run_20261005T130920538
S03,P0435,2025-07-24,CAT14,0,1.167,1.167,94.00,109.70,lost_sales_run_20261005T130920538
S03,P0435,2025-07-25,CAT14,0,1.174,1.174,94.00,110.36,lost_sales_run_20261005T130920538
S03,P0435,2025-07-26,CAT14,4,1.182,0,94.00,0.00,lost_sales_run_20261005T130920538
S03,P0445,2025-06-15,CAT02,2,0.357,0,44.00,0.00,lost_sales_run_20261005T130920538
S03,P0445,2025-06-16,CAT02,0,0.333,0.333,44.00,14.65,lost_sales_run_20261005T130920538
S03,P0445,2025-09-17,CAT02,1,0.357,0,44.00,0.00,lost_sales_run_20261005T130920538
S03,P0445,2025-09-18,CAT02,0,0.333,0.333,44.00,14.65,lost_sales_run_20261005T130920538
S03,P0445,2025-09-19,CAT02,3,0.346,0,44.00,0.00,lost_sales_run_20261005T130920538
S03,P0579,2025-04-14,CAT12,0,0.308,0.308,288.00,88.70,lost_sales_run_20261005T130920538
S03,P0579,2025-04-15,CAT12,0,0.308,0.308,288.00,88.70,lost_sales_run_20261005T130920538
S03,P0579,2025-05-13,CAT12,0,0.222,0.222,288.00,63.94,lost_sales_run_20261005T130920538
S03,P0579,2025-05-14,CAT12,0,0.222,0.222,288.00,63.94,lost_sales_run_20261005T130920538
S03,P0579,2025-05-15,CAT12,0,0.154,0.154,288.00,44.35,lost_sales_run_20261005T130920538
S03,P0579,2025-07-29,CAT12,1,0.607,0,288.00,0.00,lost_sales_run_20261005T130920538
S03,P0579,2025-07-30,CAT12,0,0.556,0.556,288.00,160.13,lost_sales_run_20261005T130920538
S03,P0579,2025-08-23,CAT12,0,0.231,0.231,288.00,66.53,lost_sales_run_20261005T130920538
S03,P0579,2025-08-24,CAT12,0,0.24,0.24,288.00,69.12,lost_sales_run_20261005T130920538
S03,P0579,2025-08-25,CAT12,2,0.125,0,288.00,0.00,lost_sales_run_20261005T130920538
S03,P0579,2025-09-19,CAT12,2,0.72,0,288.00,0.00,lost_sales_run_20261005T130920538
S03,P0579,2025-09-20,CAT12,1,0.75,0,288.00,0.00,lost_sales_run_20261005T130920538
S03,P0579,2025-09-21,CAT12,0,0.75,0.75,288.00,216.00,lost_sales_run_20261005T130920538
S03,P0579,2025-09-22,CAT12,0,0.75,0.75,288.00,216.00,lost_sales_run_20261005T130920538
S03,P0589,2025-08-26,CAT03,5,0.893,0,89.00,0.00,lost_sales_run_20261005T130920538
S03,P0589,2025-08-27,CAT03,0,0.889,0.889,89.00,79.12,lost_sales_run_20261005T130920538
S04,P0003,2025-09-24,CAT03,9,1.036,0,169.00,0.00,lost_sales_run_20261005T130920538
S04,P0022,2025-04-27,CAT05,1,1,0,289.00,0.00,lost_sales_run_20261005T130920538
S04,P0022,2025-04-28,CAT05,0,1,1,289.00,289.00,lost_sales_run_20261005T130920538
S04,P0022,2025-05-24,CAT05,4,0.731,0,289.00,0.00,lost_sales_run_20261005T130920538
S04,P0022,2025-05-25,CAT05,1,0.64,0,289.00,0.00,lost_sales_run_20261005T130920538
S04,P0022,2025-07-02,CAT05,2,0.929,0,289.00,0.00,lost_sales_run_20261005T130920538
S04,P0022,2025-07-03,CAT05,0,0.778,0.778,289.00,224.84,lost_sales_run_20261005T130920538
S04,P0053,2025-04-22,CAT06,0,0.333,0.333,114.00,37.96,lost_sales_run_20261005T130920538
S04,P0053,2025-04-23,CAT06,0,0.333,0.333,114.00,37.96,lost_sales_run_20261005T130920538
S04,P0053,2025-07-20,CAT06,3,0.429,0,114.00,0.00,lost_sales_run_20261005T130920538
S04,P0053,2025-07-21,CAT06,0,0.444,0.444,114.00,50.62,lost_sales_run_20261005T130920538
S04,P0073,2025-06-25,CAT13,0,0.286,0.286,299.00,85.51,lost_sales_run_20261005T130920538
S04,P0073,2025-06-26,CAT13,0,0.296,0.296,299.00,88.50,lost_sales_run_20261005T130920538
S04,P0073,2025-08-21,CAT13,0,0.357,0.357,299.00,106.74,lost_sales_run_20261005T130920538
S04,P0073,2025-08-22,CAT13,0,0.37,0.37,299.00,110.63,lost_sales_run_20261005T130920538
S04,P0073,2025-09-03,CAT13,1,0.346,0,299.00,0.00,lost_sales_run_20261005T130920538
S04,P0073,2025-09-04,CAT13,0,0.36,0.36,299.00,107.64,lost_sales_run_20261005T130920538
S04,P0073,2025-09-22,CAT13,3,0.308,0,299.00,0.00,lost_sales_run_20261005T130920538
S04,P0073,2025-09-23,CAT13,0,0.32,0.32,299.00,95.68,lost_sales_run_20261005T130920538
S04,P0073,2025-09-24,CAT13,0,0.333,0.333,299.00,99.57,lost_sales_run_20261005T130920538
S04,P0170,2025-05-21,CAT17,4,0.5,0,789.00,0.00,lost_sales_run_20261005T130920538
S04,P0170,2025-05-22,CAT17,0,0.519,0.519,789.00,409.49,lost_sales_run_20261005T130920538
S04,P0170,2025-05-23,CAT17,0,0.538,0.538,789.00,424.48,lost_sales_run_20261005T130920538
S04,P0213,2025-08-03,CAT07,2,0.464,0,21.00,0.00,lost_sales_run_20261005T130920538
S04,P0213,2025-08-04,CAT07,1,0.481,0,21.00,0.00,lost_sales_run_20261005T130920538
S04,P0213,2025-09-23,CAT07,1,0.679,0,21.00,0.00,lost_sales_run_20261005T130920538
S04,P0213,2025-09-24,CAT07,2,0.704,0,21.00,0.00,lost_sales_run_20261005T130920538
S04,P0213,2025-09-27,CAT07,1,0.769,0,21.00,0.00,lost_sales_run_20261005T130920538
S04,P0213,2025-09-28,CAT07,0,0.8,0.8,21.00,16.80,lost_sales_run_20261005T130920538
S04,P0213,2025-09-29,CAT07,1,0.833,0,21.00,0.00,lost_sales_run_20261005T130920538
S04,P0252,2025-05-03,CAT18,2,1.429,0,229.00,0.00,lost_sales_run_20261005T130920538
S04,P0252,2025-05-04,CAT18,2,1.444,0,229.00,0.00,lost_sales_run_20261005T130920538
S04,P0272,2025-04-15,CAT13,4,0.357,0,273.00,0.00,lost_sales_run_20261005T130920538
S04,P0272,2025-04-16,CAT13,0,0.357,0.357,273.00,97.46,lost_sales_run_20261005T130920538
S04,P0272,2025-06-02,CAT13,0,0.536,0.536,273.00,146.33,lost_sales_run_20261005T130920538
S04,P0272,2025-06-03,CAT13,0,0.556,0.556,273.00,151.79,lost_sales_run_20261005T130920538
S04,P0288,2025-05-15,CAT14,2,0.536,0,469.00,0.00,lost_sales_run_20261005T130920538
S04,P0288,2025-06-04,CAT14,2,1,0,469.00,0.00,lost_sales_run_20261005T130920538
S04,P0288,2025-06-05,CAT14,0,1.038,1.038,469.00,486.82,lost_sales_run_20261005T130920538
S04,P0288,2025-06-23,CAT14,2,1.308,0,469.00,0.00,lost_sales_run_20261005T130920538
S04,P0288,2025-06-24,CAT14,0,1.2,1.2,469.00,562.80,lost_sales_run_20261005T130920538
S04,P0288,2025-09-06,CAT14,2,0.464,0,469.00,0.00,lost_sales_run_20261005T130920538
S04,P0288,2025-09-07,CAT14,2,0.481,0,469.00,0.00,lost_sales_run_20261005T130920538
S04,P0288,2025-09-08,CAT14,0,0.5,0.5,469.00,234.50,lost_sales_run_20261005T130920538
S04,P0288,2025-09-23,CAT14,1,0.48,0,469.00,0.00,lost_sales_run_20261005T130920538
S04,P0288,2025-09-24,CAT14,0,0.458,0.458,469.00,214.80,lost_sales_run_20261005T130920538
S04,P0316,2025-04-12,CAT15,4,0.182,0,589.00,0.00,lost_sales_run_20261005T130920538
S04,P0316,2025-04-13,CAT15,1,0.182,0,589.00,0.00,lost_sales_run_20261005T130920538
S04,P0316,2025-04-27,CAT15,4,0.458,0,589.00,0.00,lost_sales_run_20261005T130920538
S04,P0316,2025-04-28,CAT15,0,0.458,0.458,589.00,269.76,lost_sales_run_20261005T130920538
S04,P0316,2025-04-29,CAT15,0,0.458,0.458,589.00,269.76,lost_sales_run_20261005T130920538
S04,P0316,2025-04-30,CAT15,0,0.478,0.478,589.00,281.54,lost_sales_run_20261005T130920538
S04,P0316,2025-05-01,CAT15,0,0.5,0.5,589.00,294.50,lost_sales_run_20261005T130920538
S04,P0316,2025-05-02,CAT15,1,0.476,0,589.00,0.00,lost_sales_run_20261005T130920538
S04,P0316,2025-05-03,CAT15,0,0.5,0.5,589.00,294.50,lost_sales_run_20261005T130920538
S04,P0316,2025-05-04,CAT15,3,0.474,0,589.00,0.00,lost_sales_run_20261005T130920538
S04,P0316,2025-05-05,CAT15,0,0.5,0.5,589.00,294.50,lost_sales_run_20261005T130920538
S04,P0316,2025-06-22,CAT15,3,0.321,0,589.00,0.00,lost_sales_run_20261005T130920538
S04,P0316,2025-06-23,CAT15,1,0.333,0,589.00,0.00,lost_sales_run_20261005T130920538
S04,P0369,2025-05-14,CAT09,4,1.571,0,44.00,0.00,lost_sales_run_20261005T130920538
S04,P0369,2025-05-15,CAT09,2,1.593,0,44.00,0.00,lost_sales_run_20261005T130920538
S04,P0369,2025-05-16,CAT09,0,1.462,1.462,44.00,64.33,lost_sales_run_20261005T130920538
S04,P0369,2025-05-17,CAT09,2,1.48,0,44.00,0.00,lost_sales_run_20261005T130920538
S04,P0369,2025-05-18,CAT09,0,1.542,1.542,44.00,67.85,lost_sales_run_20261005T130920538
S04,P0369,2025-05-19,CAT09,2,1.522,0,44.00,0.00,lost_sales_run_20261005T130920538
S04,P0369,2025-08-31,CAT09,2,1.643,0,44.00,0.00,lost_sales_run_20261005T130920538
S04,P0381,2025-04-15,CAT13,2,0.429,0,279.00,0.00,lost_sales_run_20261005T130920538
S04,P0381,2025-04-26,CAT13,0,0.417,0.417,279.00,116.34,lost_sales_run_20261005T130920538
S04,P0381,2025-04-27,CAT13,1,0.417,0,279.00,0.00,lost_sales_run_20261005T130920538
S04,P0381,2025-09-04,CAT13,4,0.464,0,279.00,0.00,lost_sales_run_20261005T130920538
S04,P0381,2025-09-05,CAT13,0,0.333,0.333,279.00,92.91,lost_sales_run_20261005T130920538
S04,P0392,2025-06-16,CAT19,2,0.464,0,59.00,0.00,lost_sales_run_20261005T130920538
S04,P0392,2025-06-17,CAT19,0,0.481,0.481,59.00,28.38,lost_sales_run_20261005T130920538
S04,P0392,2025-07-09,CAT19,0,0.154,0.154,59.00,9.09,lost_sales_run_20261005T130920538
S04,P0392,2025-07-10,CAT19,0,0.16,0.16,59.00,9.44,lost_sales_run_20261005T130920538
S04,P0392,2025-07-11,CAT19,1,0.167,0,59.00,0.00,lost_sales_run_20261005T130920538
S04,P0392,2025-07-12,CAT19,1,0.174,0,59.00,0.00,lost_sales_run_20261005T130920538
S04,P0392,2025-07-13,CAT19,0,0.182,0.182,59.00,10.74,lost_sales_run_20261005T130920538
S04,P0392,2025-07-14,CAT19,0,0.143,0.143,59.00,8.44,lost_sales_run_20261005T130920538
S04,P0409,2025-04-23,CAT12,0,0.909,0.909,193.00,175.44,lost_sales_run_20261005T130920538
S04,P0409,2025-04-24,CAT12,0,0.909,0.909,193.00,175.44,lost_sales_run_20261005T130920538
S04,P0409,2025-05-31,CAT12,3,0.786,0,193.00,0.00,lost_sales_run_20261005T130920538
S04,P0409,2025-06-01,CAT12,3,0.778,0,193.00,0.00,lost_sales_run_20261005T130920538
S04,P0409,2025-06-02,CAT12,1,0.808,0,193.00,0.00,lost_sales_run_20261005T130920538
S04,P0409,2025-09-07,CAT12,2,0.714,0,193.00,0.00,lost_sales_run_20261005T130920538
S04,P0409,2025-09-08,CAT12,0,0.704,0.704,193.00,135.87,lost_sales_run_20261005T130920538
S04,P0409,2025-09-22,CAT12,2,0.808,0,193.00,0.00,lost_sales_run_20261005T130920538
S04,P0409,2025-09-23,CAT12,3,0.8,0,193.00,0.00,lost_sales_run_20261005T130920538
S04,P0433,2025-04-26,CAT20,0,0.16,0.16,179.00,28.64,lost_sales_run_20261005T130920538
S04,P0433,2025-04-27,CAT20,0,0.16,0.16,179.00,28.64,lost_sales_run_20261005T130920538
S04,P0433,2025-05-18,CAT20,2,0.192,0,179.00,0.00,lost_sales_run_20261005T130920538
S04,P0433,2025-05-19,CAT20,0,0.2,0.2,179.00,35.80,lost_sales_run_20261005T130920538
S04,P0433,2025-07-10,CAT20,0,0.25,0.25,179.00,44.75,lost_sales_run_20261005T130920538
S04,P0433,2025-07-11,CAT20,0,0.259,0.259,179.00,46.36,lost_sales_run_20261005T130920538
S04,P0433,2025-07-12,CAT20,0,0.269,0.269,179.00,48.15,lost_sales_run_20261005T130920538
S04,P0433,2025-09-02,CAT20,0,0.179,0.179,179.00,32.04,lost_sales_run_20261005T130920538
S04,P0433,2025-09-03,CAT20,0,0.185,0.185,179.00,33.12,lost_sales_run_20261005T130920538
S04,P0433,2025-09-04,CAT20,0,0.154,0.154,179.00,27.57,lost_sales_run_20261005T130920538
S04,P0435,2025-04-10,CAT14,4,1.222,0,94.00,0.00,lost_sales_run_20261005T130920538
S04,P0435,2025-04-11,CAT14,0,1.222,1.222,94.00,114.87,lost_sales_run_20261005T130920538
S04,P0435,2025-05-13,CAT14,2,1.071,0,94.00,0.00,lost_sales_run_20261005T130920538
S04,P0435,2025-05-14,CAT14,1,0.963,0,94.00,0.00,lost_sales_run_20261005T130920538
S04,P0435,2025-05-31,CAT14,9,1.385,0,94.00,0.00,lost_sales_run_20261005T130920538
S04,P0435,2025-06-01,CAT14,0,1.4,1.4,94.00,131.60,lost_sales_run_20261005T130920538
S04,P0435,2025-06-02,CAT14,0,1.458,1.458,94.00,137.05,lost_sales_run_20261005T130920538
S04,P0435,2025-07-31,CAT14,1,1.107,0.107,94.00,10.06,lost_sales_run_20261005T130920538
S04,P0435,2025-08-01,CAT14,0,1.111,1.111,94.00,104.43,lost_sales_run_20261005T130920538
S04,P0435,2025-08-02,CAT14,3,1.154,0,94.00,0.00,lost_sales_run_20261005T130920538
S04,P0435,2025-09-28,CAT14,6,2,0,94.00,0.00,lost_sales_run_20261005T130920538
S04,P0435,2025-09-29,CAT14,0,1.852,1.852,94.00,174.09,lost_sales_run_20261005T130920538
S04,P0435,2025-09-30,CAT14,0,1.923,1.923,94.00,180.76,lost_sales_run_20261005T130920538
S04,P0445,2025-04-15,CAT02,4,0.643,0,44.00,0.00,lost_sales_run_20261005T130920538
S04,P0445,2025-04-16,CAT02,0,0.643,0.643,44.00,28.29,lost_sales_run_20261005T130920538
S04,P0445,2025-04-17,CAT02,1,0.643,0,44.00,0.00,lost_sales_run_20261005T130920538
S04,P0445,2025-05-26,CAT02,1,0.393,0,44.00,0.00,lost_sales_run_20261005T130920538
S04,P0445,2025-05-27,CAT02,1,0.407,0,44.00,0.00,lost_sales_run_20261005T130920538
S04,P0507,2025-07-16,CAT02,18,2.643,0,42.00,0.00,lost_sales_run_20261005T130920538
S04,P0507,2025-07-17,CAT02,1,2.593,1.593,42.00,66.91,lost_sales_run_20261005T130920538
S04,P0563,2025-05-03,CAT13,5,1.214,0,234.00,0.00,lost_sales_run_20261005T130920538
S04,P0563,2025-05-04,CAT13,0,1.148,1.148,234.00,268.63,lost_sales_run_20261005T130920538
S04,P0563,2025-05-05,CAT13,0,1.077,1.077,234.00,252.02,lost_sales_run_20261005T130920538
S04,P0563,2025-06-04,CAT13,3,1.179,0,234.00,0.00,lost_sales_run_20261005T130920538
S04,P0563,2025-06-05,CAT13,0,1.222,1.222,234.00,285.95,lost_sales_run_20261005T130920538
S04,P0563,2025-07-31,CAT13,7,1,0,234.00,0.00,lost_sales_run_20261005T130920538
S04,P0563,2025-08-01,CAT13,0,1.037,1.037,234.00,242.66,lost_sales_run_20261005T130920538
S04,P0563,2025-08-02,CAT13,3,1,0,234.00,0.00,lost_sales_run_20261005T130920538
S04,P0579,2025-07-01,CAT12,4,0.214,0,288.00,0.00,lost_sales_run_20261005T130920538
S04,P0579,2025-07-02,CAT12,0,0.222,0.222,288.00,63.94,lost_sales_run_20261005T130920538
S04,P0579,2025-09-10,CAT12,4,0.357,0,288.00,0.00,lost_sales_run_20261005T130920538
S04,P0579,2025-09-11,CAT12,0,0.37,0.37,288.00,106.56,lost_sales_run_20261005T130920538
S04,P0579,2025-09-12,CAT12,0,0.385,0.385,288.00,110.88,lost_sales_run_20261005T130920538
S04,P0589,2025-05-09,CAT03,2,0.643,0,89.00,0.00,lost_sales_run_20261005T130920538
S04,P0589,2025-05-10,CAT03,0,0.667,0.667,89.00,59.36,lost_sales_run_20261005T130920538
S04,P0589,2025-05-11,CAT03,0,0.654,0.654,89.00,58.21,lost_sales_run_20261005T130920538
S04,P0589,2025-06-06,CAT03,5,0.88,0,89.00,0.00,lost_sales_run_20261005T130920538
S04,P0589,2025-06-07,CAT03,0,0.88,0.88,89.00,78.32,lost_sales_run_20261005T130920538
S04,P0589,2025-06-08,CAT03,0,0.88,0.88,89.00,78.32,lost_sales_run_20261005T130920538
S04,P0589,2025-07-31,CAT03,5,0.607,0,89.00,0.00,lost_sales_run_20261005T130920538
S04,P0589,2025-08-01,CAT03,3,0.519,0,89.00,0.00,lost_sales_run_20261005T130920538
S04,P0589,2025-08-26,CAT03,2,0.731,0,89.00,0.00,lost_sales_run_20261005T130920538
S04,P0589,2025-08-27,CAT03,0,0.72,0.72,89.00,64.08,lost_sales_run_20261005T130920538
S05,P0003,2025-04-08,CAT03,13,1.286,0,169.00,0.00,lost_sales_run_20261005T130920538
S05,P0003,2025-04-09,CAT03,0,1.286,1.286,169.00,217.33,lost_sales_run_20261005T130920538
S05,P0003,2025-04-10,CAT03,0,1.286,1.286,169.00,217.33,lost_sales_run_20261005T130920538
S05,P0003,2025-05-30,CAT03,2,0.5,0,169.00,0.00,lost_sales_run_20261005T130920538
S05,P0003,2025-05-31,CAT03,0,0.519,0.519,169.00,87.71,lost_sales_run_20261005T130920538
S05,P0003,2025-06-01,CAT03,0,0.538,0.538,169.00,90.92,lost_sales_run_20261005T130920538
S05,P0003,2025-06-02,CAT03,0,0.56,0.56,169.00,94.64,lost_sales_run_20261005T130920538
S05,P0003,2025-06-03,CAT03,1,0.542,0,169.00,0.00,lost_sales_run_20261005T130920538
S05,P0003,2025-06-04,CAT03,1,0.565,0,169.00,0.00,lost_sales_run_20261005T130920538
S05,P0003,2025-06-05,CAT03,2,0.591,0,169.00,0.00,lost_sales_run_20261005T130920538
S05,P0003,2025-06-06,CAT03,1,0.619,0,169.00,0.00,lost_sales_run_20261005T130920538
S05,P0003,2025-06-29,CAT03,3,0.773,0,169.00,0.00,lost_sales_run_20261005T130920538
S05,P0003,2025-06-30,CAT03,0,0.773,0.773,169.00,130.64,lost_sales_run_20261005T130920538
S05,P0003,2025-07-09,CAT03,1,0.962,0,169.00,0.00,lost_sales_run_20261005T130920538
S05,P0003,2025-07-10,CAT03,2,1,0,169.00,0.00,lost_sales_run_20261005T130920538
S05,P0003,2025-07-11,CAT03,0,1.042,1.042,169.00,176.10,lost_sales_run_20261005T130920538
S05,P0003,2025-07-12,CAT03,4,1.087,0,169.00,0.00,lost_sales_run_20261005T130920538
S05,P0003,2025-07-13,CAT03,1,1.045,0.045,169.00,7.60,lost_sales_run_20261005T130920538
S05,P0022,2025-07-24,CAT05,5,1.179,0,289.00,0.00,lost_sales_run_20261005T130920538
S05,P0022,2025-07-25,CAT05,0,1.111,1.111,289.00,321.08,lost_sales_run_20261005T130920538
S05,P0032,2025-04-08,CAT11,19,2.143,0,85.00,0.00,lost_sales_run_20261005T130920538
S05,P0032,2025-04-09,CAT11,1,2.143,1.143,85.00,97.16,lost_sales_run_20261005T130920538
S05,P0032,2025-04-27,CAT11,3,2.542,0,85.00,0.00,lost_sales_run_20261005T130920538
S05,P0032,2025-04-28,CAT11,4,2.542,0,85.00,0.00,lost_sales_run_20261005T130920538
S05,P0053,2025-09-09,CAT06,4,0.286,0,114.00,0.00,lost_sales_run_20261005T130920538
S05,P0053,2025-09-10,CAT06,1,0.296,0,114.00,0.00,lost_sales_run_20261005T130920538
S05,P0053,2025-09-26,CAT06,2,0.308,0,114.00,0.00,lost_sales_run_20261005T130920538
S05,P0053,2025-09-27,CAT06,0,0.32,0.32,114.00,36.48,lost_sales_run_20261005T130920538
S05,P0073,2025-06-17,CAT13,0,0.179,0.179,299.00,53.52,lost_sales_run_20261005T130920538
S05,P0073,2025-06-18,CAT13,0,0.185,0.185,299.00,55.32,lost_sales_run_20261005T130920538
S05,P0073,2025-06-19,CAT13,0,0.192,0.192,299.00,57.41,lost_sales_run_20261005T130920538
S05,P0073,2025-07-02,CAT13,1,0.32,0,299.00,0.00,lost_sales_run_20261005T130920538
S05,P0073,2025-07-03,CAT13,0,0.25,0.25,299.00,74.75,lost_sales_run_20261005T130920538
S05,P0073,2025-08-10,CAT13,0,0.321,0.321,299.00,95.98,lost_sales_run_20261005T130920538
S05,P0170,2025-07-26,CAT17,0,0.5,0.5,789.00,394.50,lost_sales_run_20261005T130920538
S05,P0170,2025-07-27,CAT17,0,0.481,0.481,789.00,379.51,lost_sales_run_20261005T130920538
S05,P0170,2025-07-28,CAT17,0,0.5,0.5,789.00,394.50,lost_sales_run_20261005T130920538
S05,P0206,2025-04-28,CAT15,1,0.667,0,294.00,0.00,lost_sales_run_20261005T130920538
S05,P0206,2025-04-29,CAT15,0,0.667,0.667,294.00,196.10,lost_sales_run_20261005T130920538
S05,P0206,2025-08-16,CAT15,3,0.714,0,294.00,0.00,lost_sales_run_20261005T130920538
S05,P0206,2025-08-17,CAT15,1,0.741,0,294.00,0.00,lost_sales_run_20261005T130920538
S05,P0206,2025-08-18,CAT15,2,0.731,0,294.00,0.00,lost_sales_run_20261005T130920538
S05,P0213,2025-05-25,CAT07,3,0.643,0,21.00,0.00,lost_sales_run_20261005T130920538
S05,P0213,2025-05-26,CAT07,0,0.667,0.667,21.00,14.01,lost_sales_run_20261005T130920538
S05,P0252,2025-06-07,CAT18,2,1.25,0,229.00,0.00,lost_sales_run_20261005T130920538
S05,P0252,2025-06-08,CAT18,2,1.259,0,229.00,0.00,lost_sales_run_20261005T130920538
S05,P0252,2025-06-09,CAT18,0,1.231,1.231,229.00,281.90,lost_sales_run_20261005T130920538
S05,P0252,2025-08-29,CAT18,3,1.107,0,229.00,0.00,lost_sales_run_20261005T130920538
S05,P0252,2025-08-30,CAT18,4,1.111,0,229.00,0.00,lost_sales_run_20261005T130920538
S05,P0272,2025-04-30,CAT13,2,0.179,0,273.00,0.00,lost_sales_run_20261005T130920538
S05,P0272,2025-05-01,CAT13,0,0.185,0.185,273.00,50.50,lost_sales_run_20261005T130920538
S05,P0272,2025-05-02,CAT13,0,0.192,0.192,273.00,52.42,lost_sales_run_20261005T130920538
S05,P0272,2025-06-11,CAT13,4,0.464,0,273.00,0.00,lost_sales_run_20261005T130920538
S05,P0272,2025-06-12,CAT13,0,0.481,0.481,273.00,131.31,lost_sales_run_20261005T130920538
S05,P0272,2025-06-13,CAT13,0,0.462,0.462,273.00,126.13,lost_sales_run_20261005T130920538
S05,P0272,2025-06-14,CAT13,0,0.48,0.48,273.00,131.04,lost_sales_run_20261005T130920538
S05,P0272,2025-06-15,CAT13,0,0.5,0.5,273.00,136.50,lost_sales_run_20261005T130920538
S05,P0272,2025-06-16,CAT13,0,0.435,0.435,273.00,118.76,lost_sales_run_20261005T130920538
S05,P0272,2025-07-01,CAT13,0,0.273,0.273,273.00,74.53,lost_sales_run_20261005T130920538
S05,P0272,2025-07-02,CAT13,1,0.238,0,273.00,0.00,lost_sales_run_20261005T130920538
S05,P0272,2025-07-25,CAT13,6,0.538,0,273.00,0.00,lost_sales_run_20261005T130920538
S05,P0272,2025-07-26,CAT13,0,0.56,0.56,273.00,152.88,lost_sales_run_20261005T130920538
S05,P0272,2025-07-27,CAT13,0,0.583,0.583,273.00,159.16,lost_sales_run_20261005T130920538
S05,P0272,2025-07-28,CAT13,0,0.609,0.609,273.00,166.26,lost_sales_run_20261005T130920538
S05,P0272,2025-09-11,CAT13,3,0.643,0,273.00,0.00,lost_sales_run_20261005T130920538
S05,P0272,2025-09-12,CAT13,0,0.667,0.667,273.00,182.09,lost_sales_run_20261005T130920538
S05,P0272,2025-09-24,CAT13,0,0.5,0.5,273.00,136.50,lost_sales_run_20261005T130920538
S05,P0272,2025-09-25,CAT13,1,0.52,0,273.00,0.00,lost_sales_run_20261005T130920538
S05,P0316,2025-05-10,CAT15,8,0.321,0,589.00,0.00,lost_sales_run_20261005T130920538
S05,P0316,2025-05-11,CAT15,0,0.296,0.296,589.00,174.34,lost_sales_run_20261005T130920538
S05,P0316,2025-08-16,CAT15,1,0.464,0,589.00,0.00,lost_sales_run_20261005T130920538
S05,P0316,2025-08-17,CAT15,0,0.481,0.481,589.00,283.31,lost_sales_run_20261005T130920538
S05,P0316,2025-08-18,CAT15,0,0.423,0.423,589.00,249.15,lost_sales_run_20261005T130920538
S05,P0316,2025-09-24,CAT15,0,0.429,0.429,589.00,252.68,lost_sales_run_20261005T130920538
S05,P0316,2025-09-25,CAT15,0,0.444,0.444,589.00,261.52,lost_sales_run_20261005T130920538
S05,P0369,2025-08-07,CAT09,5,0.75,0,44.00,0.00,lost_sales_run_20261005T130920538
S05,P0369,2025-08-08,CAT09,0,0.778,0.778,44.00,34.23,lost_sales_run_20261005T130920538
S05,P0369,2025-08-15,CAT09,6,1.192,0,44.00,0.00,lost_sales_run_20261005T130920538
S05,P0369,2025-08-16,CAT09,3,1.24,0,44.00,0.00,lost_sales_run_20261005T130920538
S05,P0369,2025-08-20,CAT09,1,1.75,0.75,44.00,33.00,lost_sales_run_20261005T130920538
S05,P0369,2025-08-21,CAT09,1,1.826,0.826,44.00,36.34,lost_sales_run_20261005T130920538
S05,P0391,2025-05-31,CAT06,4,0.75,0,42.00,0.00,lost_sales_run_20261005T130920538
S05,P0391,2025-06-01,CAT06,0,0.741,0.741,42.00,31.12,lost_sales_run_20261005T130920538
S05,P0391,2025-06-02,CAT06,2,0.769,0,42.00,0.00,lost_sales_run_20261005T130920538
S05,P0391,2025-07-24,CAT06,5,0.893,0,42.00,0.00,lost_sales_run_20261005T130920538
S05,P0391,2025-07-25,CAT06,0,0.889,0.889,42.00,37.34,lost_sales_run_20261005T130920538
S05,P0391,2025-09-22,CAT06,2,1.429,0,42.00,0.00,lost_sales_run_20261005T130920538
S05,P0391,2025-09-23,CAT06,0,1.481,1.481,42.00,62.20,lost_sales_run_20261005T130920538
S05,P0392,2025-04-28,CAT19,3,0.185,0,59.00,0.00,lost_sales_run_20261005T130920538
S05,P0392,2025-04-29,CAT19,0,0.185,0.185,59.00,10.92,lost_sales_run_20261005T130920538
S05,P0392,2025-04-30,CAT19,0,0.192,0.192,59.00,11.33,lost_sales_run_20261005T130920538
S05,P0392,2025-05-01,CAT19,0,0.2,0.2,59.00,11.80,lost_sales_run_20261005T130920538
S05,P0392,2025-05-02,CAT19,0,0.208,0.208,59.00,12.27,lost_sales_run_20261005T130920538
S05,P0392,2025-05-03,CAT19,0,0.217,0.217,59.00,12.80,lost_sales_run_20261005T130920538
S05,P0392,2025-05-04,CAT19,0,0.227,0.227,59.00,13.39,lost_sales_run_20261005T130920538
S05,P0392,2025-05-05,CAT19,0,0.238,0.238,59.00,14.04,lost_sales_run_20261005T130920538
S05,P0392,2025-05-10,CAT19,1,0.15,0,59.00,0.00,lost_sales_run_20261005T130920538
S05,P0392,2025-05-11,CAT19,0,0.158,0.158,59.00,9.32,lost_sales_run_20261005T130920538
S05,P0392,2025-05-12,CAT19,1,0.111,0,59.00,0.00,lost_sales_run_20261005T130920538
S05,P0392,2025-05-24,CAT19,2,0.059,0,59.00,0.00,lost_sales_run_20261005T130920538
S05,P0392,2025-05-25,CAT19,0,0.062,0.062,59.00,3.66,lost_sales_run_20261005T130920538
S05,P0392,2025-06-22,CAT19,2,0.259,0,59.00,0.00,lost_sales_run_20261005T130920538
S05,P0392,2025-06-23,CAT19,0,0.259,0.259,59.00,15.28,lost_sales_run_20261005T130920538
S05,P0392,2025-07-01,CAT19,2,0.269,0,59.00,0.00,lost_sales_run_20261005T130920538
S05,P0408,2025-04-21,CAT16,3,0.2,0,303.00,0.00,lost_sales_run_20261005T130920538
S05,P0408,2025-04-22,CAT16,1,0.2,0,303.00,0.00,lost_sales_run_20261005T130920538
S05,P0408,2025-05-22,CAT16,2,0.393,0,303.00,0.00,lost_sales_run_20261005T130920538
S05,P0408,2025-05-23,CAT16,0,0.407,0.407,303.00,123.32,lost_sales_run_20261005T130920538
S05,P0408,2025-07-29,CAT16,0,0.286,0.286,303.00,86.66,lost_sales_run_20261005T130920538
S05,P0408,2025-07-30,CAT16,0,0.296,0.296,303.00,89.69,lost_sales_run_20261005T130920538
S05,P0408,2025-07-31,CAT16,0,0.308,0.308,303.00,93.32,lost_sales_run_20261005T130920538
S05,P0409,2025-04-15,CAT12,1,0.929,0,193.00,0.00,lost_sales_run_20261005T130920538
S05,P0409,2025-04-16,CAT12,3,0.929,0,193.00,0.00,lost_sales_run_20261005T130920538
S05,P0409,2025-04-17,CAT12,2,0.929,0,193.00,0.00,lost_sales_run_20261005T130920538
S05,P0409,2025-04-18,CAT12,2,0.929,0,193.00,0.00,lost_sales_run_20261005T130920538
S05,P0409,2025-04-19,CAT12,0,0.929,0.929,193.00,179.30,lost_sales_run_20261005T130920538
S05,P0409,2025-07-12,CAT12,2,0.607,0,193.00,0.00,lost_sales_run_20261005T130920538
S05,P0409,2025-07-13,CAT12,0,0.444,0.444,193.00,85.69,lost_sales_run_20261005T130920538
S05,P0409,2025-07-14,CAT12,0,0.462,0.462,193.00,89.17,lost_sales_run_20261005T130920538
S05,P0409,2025-08-09,CAT12,2,0.6,0,193.00,0.00,lost_sales_run_20261005T130920538
S05,P0409,2025-08-10,CAT12,0,0.6,0.6,193.00,115.80,lost_sales_run_20261005T130920538
S05,P0409,2025-08-11,CAT12,0,0.6,0.6,193.00,115.80,lost_sales_run_20261005T130920538
S05,P0409,2025-08-15,CAT12,2,0.56,0,193.00,0.00,lost_sales_run_20261005T130920538
S05,P0409,2025-08-16,CAT12,0,0.5,0.5,193.00,96.50,lost_sales_run_20261005T130920538
S05,P0409,2025-08-17,CAT12,0,0.522,0.522,193.00,100.75,lost_sales_run_20261005T130920538
S05,P0409,2025-08-18,CAT12,2,0.409,0,193.00,0.00,lost_sales_run_20261005T130920538
S05,P0433,2025-05-31,CAT20,0,0.071,0.071,179.00,12.71,lost_sales_run_20261005T130920538
S05,P0433,2025-06-01,CAT20,0,0.037,0.037,179.00,6.62,lost_sales_run_20261005T130920538
S05,P0433,2025-06-02,CAT20,2,0.038,0,179.00,0.00,lost_sales_run_20261005T130920538
S05,P0433,2025-07-08,CAT20,0,0.179,0.179,179.00,32.04,lost_sales_run_20261005T130920538
S05,P0433,2025-07-09,CAT20,0,0.185,0.185,179.00,33.12,lost_sales_run_20261005T130920538
S05,P0433,2025-07-10,CAT20,0,0.192,0.192,179.00,34.37,lost_sales_run_20261005T130920538
S05,P0433,2025-07-18,CAT20,0,0.16,0.16,179.00,28.64,lost_sales_run_20261005T130920538
S05,P0433,2025-07-19,CAT20,0,0.167,0.167,179.00,29.89,lost_sales_run_20261005T130920538
S05,P0433,2025-07-20,CAT20,0,0.174,0.174,179.00,31.15,lost_sales_run_20261005T130920538
S05,P0433,2025-08-02,CAT20,0,0.182,0.182,179.00,32.58,lost_sales_run_20261005T130920538
S05,P0433,2025-08-03,CAT20,0,0.19,0.19,179.00,34.01,lost_sales_run_20261005T130920538
S05,P0433,2025-08-04,CAT20,0,0.2,0.2,179.00,35.80,lost_sales_run_20261005T130920538
S05,P0435,2025-04-24,CAT14,4,1.261,0,94.00,0.00,lost_sales_run_20261005T130920538
S05,P0435,2025-04-25,CAT14,2,1.261,0,94.00,0.00,lost_sales_run_20261005T130920538
S05,P0435,2025-05-02,CAT14,6,1.346,0,94.00,0.00,lost_sales_run_20261005T130920538
S05,P0435,2025-05-03,CAT14,0,1.4,1.4,94.00,131.60,lost_sales_run_20261005T130920538
S05,P0435,2025-05-04,CAT14,3,1.333,0,94.00,0.00,lost_sales_run_20261005T130920538
S05,P0435,2025-07-25,CAT14,2,1.286,0,94.00,0.00,lost_sales_run_20261005T130920538
S05,P0435,2025-07-26,CAT14,0,1.333,1.333,94.00,125.30,lost_sales_run_20261005T130920538
S05,P0435,2025-07-27,CAT14,0,1.385,1.385,94.00,130.19,lost_sales_run_20261005T130920538
S05,P0435,2025-07-28,CAT14,2,1.4,0,94.00,0.00,lost_sales_run_20261005T130920538
S05,P0435,2025-08-11,CAT14,19,0.875,0,94.00,0.00,lost_sales_run_20261005T130920538
S05,P0435,2025-08-12,CAT14,2,0.913,0,94.00,0.00,lost_sales_run_20261005T130920538
S05,P0445,2025-04-26,CAT02,1,0.2,0,44.00,0.00,lost_sales_run_20261005T130920538
S05,P0445,2025-04-27,CAT02,1,0.2,0,44.00,0.00,lost_sales_run_20261005T130920538
S05,P0445,2025-07-29,CAT02,1,0.536,0,44.00,0.00,lost_sales_run_20261005T130920538
S05,P0445,2025-09-22,CAT02,0,0.25,0.25,44.00,11.00,lost_sales_run_20261005T130920538
S05,P0445,2025-09-23,CAT02,0,0.259,0.259,44.00,11.40,lost_sales_run_20261005T130920538
S05,P0445,2025-09-24,CAT02,0,0.269,0.269,44.00,11.84,lost_sales_run_20261005T130920538
S05,P0507,2025-04-08,CAT02,18,1.286,0,42.00,0.00,lost_sales_run_20261005T130920538
S05,P0507,2025-06-03,CAT02,1,1.75,0.75,42.00,31.50,lost_sales_run_20261005T130920538
S05,P0507,2025-06-04,CAT02,0,1.815,1.815,42.00,76.23,lost_sales_run_20261005T130920538
S05,P0507,2025-06-05,CAT02,0,1.846,1.846,42.00,77.53,lost_sales_run_20261005T130920538
S05,P0507,2025-06-06,CAT02,0,1.84,1.84,42.00,77.28,lost_sales_run_20261005T130920538
S05,P0507,2025-06-07,CAT02,0,1.792,1.792,42.00,75.26,lost_sales_run_20261005T130920538
S05,P0507,2025-06-08,CAT02,0,1.826,1.826,42.00,76.69,lost_sales_run_20261005T130920538
S05,P0507,2025-06-09,CAT02,3,1.864,0,42.00,0.00,lost_sales_run_20261005T130920538
S05,P0507,2025-07-05,CAT02,4,2.4,0,42.00,0.00,lost_sales_run_20261005T130920538
S05,P0507,2025-07-06,CAT02,1,2.4,1.4,42.00,58.80,lost_sales_run_20261005T130920538
S05,P0507,2025-07-07,CAT02,1,2.4,1.4,42.00,58.80,lost_sales_run_20261005T130920538
S05,P0563,2025-06-14,CAT13,2,1.286,0,234.00,0.00,lost_sales_run_20261005T130920538
S05,P0563,2025-06-15,CAT13,3,1.185,0,234.00,0.00,lost_sales_run_20261005T130920538
S05,P0563,2025-06-16,CAT13,2,1.192,0,234.00,0.00,lost_sales_run_20261005T130920538
S05,P0563,2025-09-16,CAT13,0,1.25,1.25,234.00,292.50,lost_sales_run_20261005T130920538
S05,P0563,2025-09-17,CAT13,2,1.296,0,234.00,0.00,lost_sales_run_20261005T130920538
S05,P0579,2025-05-02,CAT12,0,0.357,0.357,288.00,102.82,lost_sales_run_20261005T130920538
S05,P0579,2025-05-03,CAT12,0,0.37,0.37,288.00,106.56,lost_sales_run_20261005T130920538
S05,P0579,2025-07-07,CAT12,1,0.179,0,288.00,0.00,lost_sales_run_20261005T130920538
S05,P0579,2025-07-08,CAT12,0,0.185,0.185,288.00,53.28,lost_sales_run_20261005T130920538
S05,P0579,2025-07-09,CAT12,0,0.192,0.192,288.00,55.30,lost_sales_run_20261005T130920538
S05,P0579,2025-08-09,CAT12,3,0.357,0,288.00,0.00,lost_sales_run_20261005T130920538
S05,P0579,2025-08-10,CAT12,0,0.333,0.333,288.00,95.90,lost_sales_run_20261005T130920538
S05,P0579,2025-08-11,CAT12,0,0.346,0.346,288.00,99.65,lost_sales_run_20261005T130920538
S05,P0589,2025-05-24,CAT03,1,0.464,0,89.00,0.00,lost_sales_run_20261005T130920538
S05,P0589,2025-05-25,CAT03,1,0.444,0,89.00,0.00,lost_sales_run_20261005T130920538
S05,P0589,2025-06-23,CAT03,2,0.571,0,89.00,0.00,lost_sales_run_20261005T130920538
S05,P0589,2025-06-24,CAT03,3,0.593,0,89.00,0.00,lost_sales_run_20261005T130920538
S05,P0589,2025-07-14,CAT03,5,0.5,0,89.00,0.00,lost_sales_run_20261005T130920538
S05,P0589,2025-07-15,CAT03,0,0.52,0.52,89.00,46.28,lost_sales_run_20261005T130920538
S05,P0589,2025-07-16,CAT03,0,0.5,0.5,89.00,44.50,lost_sales_run_20261005T130920538
S06,P0022,2025-04-17,CAT05,3,1.375,0,289.00,0.00,lost_sales_run_20261005T130920538
S06,P0022,2025-04-18,CAT05,0,1.375,1.375,289.00,397.38,lost_sales_run_20261005T130920538
S06,P0022,2025-07-10,CAT05,3,1.214,0,289.00,0.00,lost_sales_run_20261005T130920538
S06,P0022,2025-07-11,CAT05,0,1.259,1.259,289.00,363.85,lost_sales_run_20261005T130920538
S06,P0022,2025-07-12,CAT05,1,1.115,0.115,289.00,33.24,lost_sales_run_20261005T130920538
S06,P0022,2025-07-13,CAT05,0,1.12,1.12,289.00,323.68,lost_sales_run_20261005T130920538
S06,P0022,2025-07-14,CAT05,3,1.167,0,289.00,0.00,lost_sales_run_20261005T130920538
S06,P0032,2025-07-12,CAT11,2,4.929,2.929,85.00,248.96,lost_sales_run_20261005T130920538
S06,P0032,2025-07-13,CAT11,3,4.963,1.963,85.00,166.86,lost_sales_run_20261005T130920538
S06,P0032,2025-07-14,CAT11,1,5.038,4.038,85.00,343.23,lost_sales_run_20261005T130920538
S06,P0053,2025-04-08,CAT06,3,1.143,0,114.00,0.00,lost_sales_run_20261005T130920538
S06,P0053,2025-04-09,CAT06,0,1.143,1.143,114.00,130.30,lost_sales_run_20261005T130920538
S06,P0073,2025-06-03,CAT13,3,0.607,0,299.00,0.00,lost_sales_run_20261005T130920538
S06,P0073,2025-06-04,CAT13,1,0.593,0,299.00,0.00,lost_sales_run_20261005T130920538
S06,P0073,2025-06-15,CAT13,1,0.423,0,299.00,0.00,lost_sales_run_20261005T130920538
S06,P0073,2025-06-16,CAT13,0,0.4,0.4,299.00,119.60,lost_sales_run_20261005T130920538
S06,P0073,2025-06-17,CAT13,0,0.417,0.417,299.00,124.68,lost_sales_run_20261005T130920538
S06,P0073,2025-06-18,CAT13,0,0.391,0.391,299.00,116.91,lost_sales_run_20261005T130920538
S06,P0073,2025-06-26,CAT13,5,0.364,0,299.00,0.00,lost_sales_run_20261005T130920538
S06,P0073,2025-06-27,CAT13,0,0.381,0.381,299.00,113.92,lost_sales_run_20261005T130920538
S06,P0073,2025-06-28,CAT13,0,0.35,0.35,299.00,104.65,lost_sales_run_20261005T130920538
S06,P0073,2025-09-12,CAT13,3,0.893,0,299.00,0.00,lost_sales_run_20261005T130920538
S06,P0073,2025-09-28,CAT13,3,0.741,0,299.00,0.00,lost_sales_run_20261005T130920538
S06,P0073,2025-09-29,CAT13,0,0.731,0.731,299.00,218.57,lost_sales_run_20261005T130920538
S06,P0170,2025-07-31,CAT17,16,0.714,0,789.00,0.00,lost_sales_run_20261005T130920538
S06,P0170,2025-08-01,CAT17,0,0.741,0.741,789.00,584.65,lost_sales_run_20261005T130920538
S06,P0170,2025-08-02,CAT17,0,0.577,0.577,789.00,455.25,lost_sales_run_20261005T130920538
S06,P0170,2025-09-03,CAT17,3,0.5,0,789.00,0.00,lost_sales_run_20261005T130920538
S06,P0213,2025-05-25,CAT07,2,1.357,0,21.00,0.00,lost_sales_run_20261005T130920538
S06,P0213,2025-05-26,CAT07,2,1.407,0,21.00,0.00,lost_sales_run_20261005T130920538
S06,P0213,2025-07-31,CAT07,2,1.429,0,21.00,0.00,lost_sales_run_20261005T130920538
S06,P0252,2025-06-27,CAT18,2,1.5,0,229.00,0.00,lost_sales_run_20261005T130920538
S06,P0252,2025-06-28,CAT18,1,1.444,0.444,229.00,101.68,lost_sales_run_20261005T130920538
S06,P0252,2025-09-05,CAT18,7,1.857,0,229.00,0.00,lost_sales_run_20261005T130920538
S06,P0252,2025-09-06,CAT18,1,1.889,0.889,229.00,203.58,lost_sales_run_20261005T130920538
S06,P0288,2025-07-17,CAT14,0,1,1,469.00,469.00,lost_sales_run_20261005T130920538
S06,P0288,2025-07-18,CAT14,0,1,1,469.00,469.00,lost_sales_run_20261005T130920538
S06,P0316,2025-05-23,CAT15,1,0.536,0,589.00,0.00,lost_sales_run_20261005T130920538
S06,P0316,2025-05-31,CAT15,5,0.519,0,589.00,0.00,lost_sales_run_20261005T130920538
S06,P0316,2025-06-01,CAT15,0,0.538,0.538,589.00,316.88,lost_sales_run_20261005T130920538
S06,P0316,2025-06-02,CAT15,0,0.56,0.56,589.00,329.84,lost_sales_run_20261005T130920538
S06,P0316,2025-06-03,CAT15,0,0.458,0.458,589.00,269.76,lost_sales_run_20261005T130920538
S06,P0316,2025-06-04,CAT15,1,0.478,0,589.00,0.00,lost_sales_run_20261005T130920538
S06,P0316,2025-06-05,CAT15,0,0.5,0.5,589.00,294.50,lost_sales_run_20261005T130920538
S06,P0316,2025-06-06,CAT15,0,0.524,0.524,589.00,308.64,lost_sales_run_20261005T130920538
S06,P0316,2025-06-07,CAT15,5,0.55,0,589.00,0.00,lost_sales_run_20261005T130920538
S06,P0316,2025-06-08,CAT15,2,0.526,0,589.00,0.00,lost_sales_run_20261005T130920538
S06,P0316,2025-06-09,CAT15,0,0.556,0.556,589.00,327.48,lost_sales_run_20261005T130920538
S06,P0316,2025-06-28,CAT15,1,1,0,589.00,0.00,lost_sales_run_20261005T130920538
S06,P0316,2025-06-29,CAT15,2,1,0,589.00,0.00,lost_sales_run_20261005T130920538
S06,P0316,2025-09-17,CAT15,5,0.643,0,589.00,0.00,lost_sales_run_20261005T130920538
S06,P0316,2025-09-18,CAT15,0,0.667,0.667,589.00,392.86,lost_sales_run_20261005T130920538
S06,P0369,2025-07-08,CAT09,8,3.321,0,44.00,0.00,lost_sales_run_20261005T130920538
S06,P0369,2025-07-09,CAT09,6,3.222,0,44.00,0.00,lost_sales_run_20261005T130920538
S06,P0369,2025-07-10,CAT09,0,2.923,2.923,44.00,128.61,lost_sales_run_20261005T130920538
S06,P0369,2025-07-11,CAT09,0,3,3,44.00,132.00,lost_sales_run_20261005T130920538
S06,P0369,2025-07-12,CAT09,1,3,2,44.00,88.00,lost_sales_run_20261005T130920538
S06,P0369,2025-07-13,CAT09,1,2.957,1.957,44.00,86.11,lost_sales_run_20261005T130920538
S06,P0369,2025-07-14,CAT09,4,2.5,0,44.00,0.00,lost_sales_run_20261005T130920538
S06,P0381,2025-05-31,CAT13,1,0.786,0,279.00,0.00,lost_sales_run_20261005T130920538
S06,P0381,2025-06-01,CAT13,0,0.704,0.704,279.00,196.42,lost_sales_run_20261005T130920538
S06,P0381,2025-07-12,CAT13,2,0.929,0,279.00,0.00,lost_sales_run_20261005T130920538
S06,P0381,2025-07-13,CAT13,1,0.963,0,279.00,0.00,lost_sales_run_20261005T130920538
S06,P0381,2025-07-14,CAT13,0,0.962,0.962,279.00,268.40,lost_sales_run_20261005T130920538
S06,P0392,2025-05-12,CAT19,2,0.714,0,59.00,0.00,lost_sales_run_20261005T130920538
S06,P0392,2025-06-10,CAT19,1,0.679,0,59.00,0.00,lost_sales_run_20261005T130920538
S06,P0392,2025-06-11,CAT19,0,0.704,0.704,59.00,41.54,lost_sales_run_20261005T130920538
S06,P0408,2025-05-23,CAT16,0,1.286,1.286,303.00,389.66,lost_sales_run_20261005T130920538
S06,P0408,2025-05-24,CAT16,2,1.333,0,303.00,0.00,lost_sales_run_20261005T130920538
S06,P0408,2025-05-25,CAT16,2,1.385,0,303.00,0.00,lost_sales_run_20261005T130920538
S06,P0408,2025-05-26,CAT16,0,1.32,1.32,303.00,399.96,lost_sales_run_20261005T130920538
S06,P0408,2025-07-05,CAT16,2,1.25,0,303.00,0.00,lost_sales_run_20261005T130920538
S06,P0408,2025-07-06,CAT16,0,1.259,1.259,303.00,381.48,lost_sales_run_20261005T130920538
S06,P0409,2025-05-05,CAT12,0,0.857,0.857,193.00,165.40,lost_sales_run_20261005T130920538
S06,P0409,2025-05-06,CAT12,0,0.741,0.741,193.00,143.01,lost_sales_run_20261005T130920538
S06,P0409,2025-06-09,CAT12,4,1.214,0,193.00,0.00,lost_sales_run_20261005T130920538
S06,P0409,2025-06-10,CAT12,1,1.222,0.222,193.00,42.85,lost_sales_run_20261005T130920538
S06,P0409,2025-06-11,CAT12,3,1.231,0,193.00,0.00,lost_sales_run_20261005T130920538
S06,P0409,2025-06-12,CAT12,1,1.28,0.28,193.00,54.04,lost_sales_run_20261005T130920538
S06,P0409,2025-06-13,CAT12,4,1.333,0,193.00,0.00,lost_sales_run_20261005T130920538
S06,P0409,2025-06-14,CAT12,0,1.391,1.391,193.00,268.46,lost_sales_run_20261005T130920538
S06,P0409,2025-06-15,CAT12,0,1.455,1.455,193.00,280.82,lost_sales_run_20261005T130920538
S06,P0409,2025-07-29,CAT12,10,0.929,0,193.00,0.00,lost_sales_run_20261005T130920538
S06,P0409,2025-07-30,CAT12,0,0.926,0.926,193.00,178.72,lost_sales_run_20261005T130920538
S06,P0409,2025-07-31,CAT12,0,0.885,0.885,193.00,170.80,lost_sales_run_20261005T130920538
S06,P0409,2025-08-01,CAT12,1,0.84,0,193.00,0.00,lost_sales_run_20261005T130920538
S06,P0409,2025-08-02,CAT12,0,0.833,0.833,193.00,160.77,lost_sales_run_20261005T130920538
S06,P0409,2025-08-03,CAT12,2,0.87,0,193.00,0.00,lost_sales_run_20261005T130920538
S06,P0409,2025-08-04,CAT12,1,0.909,0,193.00,0.00,lost_sales_run_20261005T130920538
S06,P0433,2025-05-12,CAT20,3,0.286,0,179.00,0.00,lost_sales_run_20261005T130920538
S06,P0433,2025-05-13,CAT20,0,0.296,0.296,179.00,52.98,lost_sales_run_20261005T130920538
S06,P0433,2025-05-14,CAT20,0,0.308,0.308,179.00,55.13,lost_sales_run_20261005T130920538
S06,P0435,2025-05-17,CAT14,5,1.5,0,94.00,0.00,lost_sales_run_20261005T130920538
S06,P0435,2025-05-18,CAT14,3,1.556,0,94.00,0.00,lost_sales_run_20261005T130920538
S06,P0435,2025-05-19,CAT14,1,1.615,0.615,94.00,57.81,lost_sales_run_20261005T130920538
S06,P0445,2025-08-11,CAT02,2,1.214,0,44.00,0.00,lost_sales_run_20261005T130920538
S06,P0445,2025-08-12,CAT02,0,1.222,1.222,44.00,53.77,lost_sales_run_20261005T130920538
S06,P0445,2025-09-24,CAT02,1,0.643,0,44.00,0.00,lost_sales_run_20261005T130920538
S06,P0445,2025-09-25,CAT02,0,0.63,0.63,44.00,27.72,lost_sales_run_20261005T130920538
S06,P0445,2025-09-26,CAT02,0,0.654,0.654,44.00,28.78,lost_sales_run_20261005T130920538
S06,P0445,2025-09-27,CAT02,0,0.64,0.64,44.00,28.16,lost_sales_run_20261005T130920538
S06,P0445,2025-09-28,CAT02,0,0.667,0.667,44.00,29.35,lost_sales_run_20261005T130920538
S06,P0445,2025-09-29,CAT02,0,0.652,0.652,44.00,28.69,lost_sales_run_20261005T130920538
S06,P0507,2025-07-16,CAT02,7,5.893,0,42.00,0.00,lost_sales_run_20261005T130920538
S06,P0507,2025-07-17,CAT02,2,5.778,3.778,42.00,158.68,lost_sales_run_20261005T130920538
S06,P0507,2025-08-17,CAT02,5,5.321,0.321,42.00,13.48,lost_sales_run_20261005T130920538
S06,P0507,2025-08-18,CAT02,7,5.185,0,42.00,0.00,lost_sales_run_20261005T130920538
S06,P0563,2025-05-20,CAT13,7,1.036,0,234.00,0.00,lost_sales_run_20261005T130920538
S06,P0579,2025-05-13,CAT12,2,0.607,0,288.00,0.00,lost_sales_run_20261005T130920538
S06,P0579,2025-05-14,CAT12,0,0.63,0.63,288.00,181.44,lost_sales_run_20261005T130920538
S06,P0579,2025-06-12,CAT12,5,0.321,0,288.00,0.00,lost_sales_run_20261005T130920538
S06,P0579,2025-06-13,CAT12,0,0.333,0.333,288.00,95.90,lost_sales_run_20261005T130920538
S06,P0579,2025-06-14,CAT12,0,0.308,0.308,288.00,88.70,lost_sales_run_20261005T130920538
S06,P0579,2025-06-15,CAT12,2,0.32,0,288.00,0.00,lost_sales_run_20261005T130920538
S06,P0579,2025-06-16,CAT12,0,0.292,0.292,288.00,84.10,lost_sales_run_20261005T130920538
S06,P0579,2025-07-25,CAT12,0,0.607,0.607,288.00,174.82,lost_sales_run_20261005T130920538
S06,P0579,2025-07-26,CAT12,0,0.481,0.481,288.00,138.53,lost_sales_run_20261005T130920538
S06,P0579,2025-08-11,CAT12,0,0.885,0.885,288.00,254.88,lost_sales_run_20261005T130920538
S06,P0579,2025-08-12,CAT12,0,0.92,0.92,288.00,264.96,lost_sales_run_20261005T130920538
S06,P0589,2025-05-30,CAT03,0,1.357,1.357,89.00,120.77,lost_sales_run_20261005T130920538
S06,P0589,2025-05-31,CAT03,0,1.407,1.407,89.00,125.22,lost_sales_run_20261005T130920538
S06,P0589,2025-07-29,CAT03,3,1,0,89.00,0.00,lost_sales_run_20261005T130920538
S06,P0589,2025-07-30,CAT03,1,1.037,0.037,89.00,3.29,lost_sales_run_20261005T130920538
S07,P0003,2025-07-27,CAT03,2,0.929,0,169.00,0.00,lost_sales_run_20261005T130920538
S07,P0003,2025-07-28,CAT03,0,0.963,0.963,169.00,162.75,lost_sales_run_20261005T130920538
S07,P0022,2025-09-15,CAT05,0,1.107,1.107,289.00,319.92,lost_sales_run_20261005T130920538
S07,P0022,2025-09-16,CAT05,1,1.074,0.074,289.00,21.39,lost_sales_run_20261005T130920538
S07,P0022,2025-09-23,CAT05,3,1.115,0,289.00,0.00,lost_sales_run_20261005T130920538
S07,P0022,2025-09-24,CAT05,0,1.08,1.08,289.00,312.12,lost_sales_run_20261005T130920538
S07,P0022,2025-09-25,CAT05,1,1.125,0.125,289.00,36.12,lost_sales_run_20261005T130920538
S07,P0053,2025-06-18,CAT06,0,0.357,0.357,114.00,40.70,lost_sales_run_20261005T130920538
S07,P0053,2025-06-19,CAT06,1,0.333,0,114.00,0.00,lost_sales_run_20261005T130920538
S07,P0053,2025-06-20,CAT06,3,0.346,0,114.00,0.00,lost_sales_run_20261005T130920538
S07,P0053,2025-08-22,CAT06,2,0.179,0,114.00,0.00,lost_sales_run_20261005T130920538
S07,P0053,2025-08-23,CAT06,2,0.185,0,114.00,0.00,lost_sales_run_20261005T130920538
S07,P0053,2025-09-25,CAT06,0,0.607,0.607,114.00,69.20,lost_sales_run_20261005T130920538
S07,P0053,2025-09-26,CAT06,0,0.63,0.63,114.00,71.82,lost_sales_run_20261005T130920538
S07,P0053,2025-09-27,CAT06,6,0.577,0,114.00,0.00,lost_sales_run_20261005T130920538
S07,P0073,2025-06-04,CAT13,0,0.321,0.321,299.00,95.98,lost_sales_run_20261005T130920538
S07,P0073,2025-06-05,CAT13,0,0.296,0.296,299.00,88.50,lost_sales_run_20261005T130920538
S07,P0073,2025-06-14,CAT13,6,0.231,0,299.00,0.00,lost_sales_run_20261005T130920538
S07,P0073,2025-06-15,CAT13,0,0.2,0.2,299.00,59.80,lost_sales_run_20261005T130920538
S07,P0073,2025-06-16,CAT13,0,0.208,0.208,299.00,62.19,lost_sales_run_20261005T130920538
S07,P0073,2025-06-26,CAT13,0,0.348,0.348,299.00,104.05,lost_sales_run_20261005T130920538
S07,P0073,2025-06-27,CAT13,0,0.364,0.364,299.00,108.84,lost_sales_run_20261005T130920538
S07,P0073,2025-07-28,CAT13,0,0.321,0.321,299.00,95.98,lost_sales_run_20261005T130920538
S07,P0073,2025-07-29,CAT13,0,0.333,0.333,299.00,99.57,lost_sales_run_20261005T130920538
S07,P0170,2025-08-22,CAT17,3,0.321,0,789.00,0.00,lost_sales_run_20261005T130920538
S07,P0170,2025-08-23,CAT17,0,0.333,0.333,789.00,262.74,lost_sales_run_20261005T130920538
S07,P0170,2025-08-24,CAT17,0,0.346,0.346,789.00,272.99,lost_sales_run_20261005T130920538
S07,P0206,2025-04-26,CAT15,5,1.28,0,294.00,0.00,lost_sales_run_20261005T130920538
S07,P0206,2025-04-27,CAT15,2,1.28,0,294.00,0.00,lost_sales_run_20261005T130920538
S07,P0206,2025-04-28,CAT15,2,1.28,0,294.00,0.00,lost_sales_run_20261005T130920538
S07,P0206,2025-05-31,CAT15,1,0.893,0,294.00,0.00,lost_sales_run_20261005T130920538
S07,P0206,2025-06-29,CAT15,6,0.964,0,294.00,0.00,lost_sales_run_20261005T130920538
S07,P0206,2025-06-30,CAT15,0,1,1,294.00,294.00,lost_sales_run_20261005T130920538
S07,P0206,2025-07-01,CAT15,0,1,1,294.00,294.00,lost_sales_run_20261005T130920538
S07,P0206,2025-07-15,CAT15,10,0.76,0,294.00,0.00,lost_sales_run_20261005T130920538
S07,P0206,2025-07-16,CAT15,1,0.708,0,294.00,0.00,lost_sales_run_20261005T130920538
S07,P0206,2025-07-25,CAT15,5,0.478,0,294.00,0.00,lost_sales_run_20261005T130920538
S07,P0206,2025-07-26,CAT15,0,0.5,0.5,294.00,147.00,lost_sales_run_20261005T130920538
S07,P0206,2025-07-27,CAT15,0,0.429,0.429,294.00,126.13,lost_sales_run_20261005T130920538
S07,P0206,2025-09-20,CAT15,4,1.321,0,294.00,0.00,lost_sales_run_20261005T130920538
S07,P0206,2025-09-21,CAT15,3,1.296,0,294.00,0.00,lost_sales_run_20261005T130920538
S07,P0206,2025-09-22,CAT15,1,1.269,0.269,294.00,79.09,lost_sales_run_20261005T130920538
S07,P0252,2025-05-26,CAT18,2,1.357,0,229.00,0.00,lost_sales_run_20261005T130920538
S07,P0252,2025-08-02,CAT18,1,0.857,0,229.00,0.00,lost_sales_run_20261005T130920538
S07,P0252,2025-08-03,CAT18,1,0.889,0,229.00,0.00,lost_sales_run_20261005T130920538
S07,P0252,2025-08-31,CAT18,3,1.148,0,229.00,0.00,lost_sales_run_20261005T130920538
S07,P0252,2025-09-01,CAT18,2,1.148,0,229.00,0.00,lost_sales_run_20261005T130920538
S07,P0252,2025-09-02,CAT18,2,1,0,229.00,0.00,lost_sales_run_20261005T130920538
S07,P0272,2025-04-14,CAT13,0,0.154,0.154,273.00,42.04,lost_sales_run_20261005T130920538
S07,P0272,2025-04-15,CAT13,0,0.154,0.154,273.00,42.04,lost_sales_run_20261005T130920538
S07,P0272,2025-04-19,CAT13,3,0.5,0,273.00,0.00,lost_sales_run_20261005T130920538
S07,P0272,2025-04-20,CAT13,0,0.5,0.5,273.00,136.50,lost_sales_run_20261005T130920538
S07,P0272,2025-04-21,CAT13,0,0.5,0.5,273.00,136.50,lost_sales_run_20261005T130920538
S07,P0272,2025-05-08,CAT13,0,0.652,0.652,273.00,178.00,lost_sales_run_20261005T130920538
S07,P0272,2025-05-29,CAT13,3,0.593,0,273.00,0.00,lost_sales_run_20261005T130920538
S07,P0288,2025-07-20,CAT14,2,0.821,0,469.00,0.00,lost_sales_run_20261005T130920538
S07,P0288,2025-08-19,CAT14,2,0.571,0,469.00,0.00,lost_sales_run_20261005T130920538
S07,P0288,2025-08-20,CAT14,0,0.519,0.519,469.00,243.41,lost_sales_run_20261005T130920538
S07,P0288,2025-08-21,CAT14,1,0.538,0,469.00,0.00,lost_sales_run_20261005T130920538
S07,P0288,2025-08-22,CAT14,0,0.52,0.52,469.00,243.88,lost_sales_run_20261005T130920538
S07,P0288,2025-08-23,CAT14,1,0.542,0,469.00,0.00,lost_sales_run_20261005T130920538
S07,P0288,2025-08-24,CAT14,2,0.522,0,469.00,0.00,lost_sales_run_20261005T130920538
S07,P0288,2025-08-25,CAT14,0,0.364,0.364,469.00,170.72,lost_sales_run_20261005T130920538
S07,P0316,2025-05-24,CAT15,0,0.643,0.643,589.00,378.73,lost_sales_run_20261005T130920538
S07,P0316,2025-05-25,CAT15,3,0.593,0,589.00,0.00,lost_sales_run_20261005T130920538
S07,P0316,2025-06-24,CAT15,0,0.607,0.607,589.00,357.52,lost_sales_run_20261005T130920538
S07,P0316,2025-06-25,CAT15,1,0.63,0,589.00,0.00,lost_sales_run_20261005T130920538
S07,P0316,2025-06-28,CAT15,2,0.769,0,589.00,0.00,lost_sales_run_20261005T130920538
S07,P0316,2025-06-29,CAT15,0,0.8,0.8,589.00,471.20,lost_sales_run_20261005T130920538
S07,P0316,2025-06-30,CAT15,1,0.75,0,589.00,0.00,lost_sales_run_20261005T130920538
S07,P0316,2025-07-10,CAT15,3,0.87,0,589.00,0.00,lost_sales_run_20261005T130920538
S07,P0316,2025-07-11,CAT15,0,0.909,0.909,589.00,535.40,lost_sales_run_20261005T130920538
S07,P0316,2025-07-12,CAT15,1,0.952,0,589.00,0.00,lost_sales_run_20261005T130920538
S07,P0369,2025-05-09,CAT09,5,1.179,0,44.00,0.00,lost_sales_run_20261005T130920538
S07,P0369,2025-05-10,CAT09,1,1.185,0.185,44.00,8.14,lost_sales_run_20261005T130920538
S07,P0369,2025-05-11,CAT09,1,1.154,0.154,44.00,6.78,lost_sales_run_20261005T130920538
S07,P0369,2025-05-12,CAT09,2,1.04,0,44.00,0.00,lost_sales_run_20261005T130920538
S07,P0369,2025-06-16,CAT09,5,1.571,0,44.00,0.00,lost_sales_run_20261005T130920538
S07,P0369,2025-06-17,CAT09,0,1.63,1.63,44.00,71.72,lost_sales_run_20261005T130920538
S07,P0369,2025-06-18,CAT09,6,1.346,0,44.00,0.00,lost_sales_run_20261005T130920538
S07,P0369,2025-09-22,CAT09,4,1.536,0,44.00,0.00,lost_sales_run_20261005T130920538
S07,P0369,2025-09-23,CAT09,0,1.519,1.519,44.00,66.84,lost_sales_run_20261005T130920538
S07,P0369,2025-09-24,CAT09,0,1.462,1.462,44.00,64.33,lost_sales_run_20261005T130920538
S07,P0381,2025-04-30,CAT13,1,0.393,0,279.00,0.00,lost_sales_run_20261005T130920538
S07,P0381,2025-05-01,CAT13,0,0.407,0.407,279.00,113.55,lost_sales_run_20261005T130920538
S07,P0381,2025-06-01,CAT13,4,0.464,0,279.00,0.00,lost_sales_run_20261005T130920538
S07,P0381,2025-06-02,CAT13,0,0.481,0.481,279.00,134.20,lost_sales_run_20261005T130920538
S07,P0381,2025-06-03,CAT13,2,0.5,0,279.00,0.00,lost_sales_run_20261005T130920538
S07,P0381,2025-06-19,CAT13,3,0.6,0,279.00,0.00,lost_sales_run_20261005T130920538
S07,P0381,2025-06-20,CAT13,1,0.625,0,279.00,0.00,lost_sales_run_20261005T130920538
S07,P0381,2025-08-02,CAT13,2,0.357,0,279.00,0.00,lost_sales_run_20261005T130920538
S07,P0381,2025-08-03,CAT13,0,0.37,0.37,279.00,103.23,lost_sales_run_20261005T130920538
S07,P0391,2025-08-17,CAT06,2,1.179,0,42.00,0.00,lost_sales_run_20261005T130920538
S07,P0391,2025-08-18,CAT06,0,1.111,1.111,42.00,46.66,lost_sales_run_20261005T130920538
S07,P0392,2025-06-16,CAT19,2,0.607,0,59.00,0.00,lost_sales_run_20261005T130920538
S07,P0392,2025-06-17,CAT19,0,0.63,0.63,59.00,37.17,lost_sales_run_20261005T130920538
S07,P0392,2025-08-02,CAT19,0,0.429,0.429,59.00,25.31,lost_sales_run_20261005T130920538
S07,P0392,2025-08-03,CAT19,0,0.444,0.444,59.00,26.20,lost_sales_run_20261005T130920538
S07,P0408,2025-04-24,CAT16,0,0.391,0.391,303.00,118.47,lost_sales_run_20261005T130920538
S07,P0408,2025-04-25,CAT16,0,0.391,0.391,303.00,118.47,lost_sales_run_20261005T130920538
S07,P0408,2025-05-12,CAT16,0,0.423,0.423,303.00,128.17,lost_sales_run_20261005T130920538
S07,P0408,2025-05-13,CAT16,0,0.4,0.4,303.00,121.20,lost_sales_run_20261005T130920538
S07,P0409,2025-06-17,CAT12,1,0.786,0,193.00,0.00,lost_sales_run_20261005T130920538
S07,P0409,2025-06-18,CAT12,0,0.778,0.778,193.00,150.15,lost_sales_run_20261005T130920538
S07,P0409,2025-06-19,CAT12,0,0.808,0.808,193.00,155.94,lost_sales_run_20261005T130920538
S07,P0409,2025-09-22,CAT12,1,1.179,0.179,193.00,34.55,lost_sales_run_20261005T130920538
S07,P0409,2025-09-23,CAT12,0,1.222,1.222,193.00,235.85,lost_sales_run_20261005T130920538
S07,P0409,2025-09-24,CAT12,0,1.192,1.192,193.00,230.06,lost_sales_run_20261005T130920538
S07,P0409,2025-09-25,CAT12,3,1.24,0,193.00,0.00,lost_sales_run_20261005T130920538
S07,P0433,2025-07-07,CAT20,0,0.25,0.25,179.00,44.75,lost_sales_run_20261005T130920538
S07,P0433,2025-07-08,CAT20,0,0.259,0.259,179.00,46.36,lost_sales_run_20261005T130920538
S07,P0433,2025-09-03,CAT20,0,0.107,0.107,179.00,19.15,lost_sales_run_20261005T130920538
S07,P0433,2025-09-04,CAT20,0,0.111,0.111,179.00,19.87,lost_sales_run_20261005T130920538
S07,P0435,2025-05-27,CAT14,4,1.179,0,94.00,0.00,lost_sales_run_20261005T130920538
S07,P0435,2025-05-28,CAT14,2,1.222,0,94.00,0.00,lost_sales_run_20261005T130920538
S07,P0435,2025-06-16,CAT14,4,1.577,0,94.00,0.00,lost_sales_run_20261005T130920538
S07,P0435,2025-06-17,CAT14,2,1.6,0,94.00,0.00,lost_sales_run_20261005T130920538
S07,P0445,2025-06-06,CAT02,0,0.643,0.643,44.00,28.29,lost_sales_run_20261005T130920538
S07,P0445,2025-06-07,CAT02,1,0.593,0,44.00,0.00,lost_sales_run_20261005T130920538
S07,P0445,2025-06-08,CAT02,0,0.538,0.538,44.00,23.67,lost_sales_run_20261005T130920538
S07,P0445,2025-06-09,CAT02,0,0.56,0.56,44.00,24.64,lost_sales_run_20261005T130920538
S07,P0445,2025-07-09,CAT02,1,0.571,0,44.00,0.00,lost_sales_run_20261005T130920538
S07,P0445,2025-07-10,CAT02,0,0.593,0.593,44.00,26.09,lost_sales_run_20261005T130920538
S07,P0445,2025-07-26,CAT02,3,0.577,0,44.00,0.00,lost_sales_run_20261005T130920538
S07,P0445,2025-07-27,CAT02,0,0.6,0.6,44.00,26.40,lost_sales_run_20261005T130920538
S07,P0445,2025-09-14,CAT02,2,0.321,0,44.00,0.00,lost_sales_run_20261005T130920538
S07,P0507,2025-06-16,CAT02,0,2.5,2.5,42.00,105.00,lost_sales_run_20261005T130920538
S07,P0507,2025-06-17,CAT02,0,2.593,2.593,42.00,108.91,lost_sales_run_20261005T130920538
S07,P0507,2025-06-18,CAT02,0,2.654,2.654,42.00,111.47,lost_sales_run_20261005T130920538
S07,P0507,2025-06-19,CAT02,2,2.68,0.68,42.00,28.56,lost_sales_run_20261005T130920538
S07,P0507,2025-06-20,CAT02,1,2.75,1.75,42.00,73.50,lost_sales_run_20261005T130920538
S07,P0507,2025-06-21,CAT02,0,2.696,2.696,42.00,113.23,lost_sales_run_20261005T130920538
S07,P0507,2025-06-22,CAT02,4,2.682,0,42.00,0.00,lost_sales_run_20261005T130920538
S07,P0507,2025-07-19,CAT02,3,2.808,0,42.00,0.00,lost_sales_run_20261005T130920538
S07,P0507,2025-07-20,CAT02,5,2.808,0,42.00,0.00,lost_sales_run_20261005T130920538
S07,P0507,2025-07-21,CAT02,4,2.808,0,42.00,0.00,lost_sales_run_20261005T130920538
S07,P0563,2025-04-27,CAT13,2,0.846,0,234.00,0.00,lost_sales_run_20261005T130920538
S07,P0563,2025-04-28,CAT13,0,0.846,0.846,234.00,197.96,lost_sales_run_20261005T130920538
S07,P0563,2025-04-29,CAT13,0,0.846,0.846,234.00,197.96,lost_sales_run_20261005T130920538
S07,P0563,2025-04-30,CAT13,0,0.88,0.88,234.00,205.92,lost_sales_run_20261005T130920538
S07,P0563,2025-05-01,CAT13,0,0.917,0.917,234.00,214.58,lost_sales_run_20261005T130920538
S07,P0563,2025-05-02,CAT13,0,0.913,0.913,234.00,213.64,lost_sales_run_20261005T130920538
S07,P0563,2025-08-10,CAT13,3,0.821,0,234.00,0.00,lost_sales_run_20261005T130920538
S07,P0563,2025-08-11,CAT13,0,0.852,0.852,234.00,199.37,lost_sales_run_20261005T130920538
S07,P0563,2025-09-01,CAT13,3,0.654,0,234.00,0.00,lost_sales_run_20261005T130920538
S07,P0563,2025-09-02,CAT13,1,0.64,0,234.00,0.00,lost_sales_run_20261005T130920538
S07,P0589,2025-04-12,CAT03,2,0.727,0,89.00,0.00,lost_sales_run_20261005T130920538
S07,P0589,2025-04-13,CAT03,2,0.727,0,89.00,0.00,lost_sales_run_20261005T130920538
S07,P0589,2025-04-14,CAT03,0,0.727,0.727,89.00,64.70,lost_sales_run_20261005T130920538
S07,P0589,2025-05-02,CAT03,0,0.76,0.76,89.00,67.64,lost_sales_run_20261005T130920538
S07,P0589,2025-05-03,CAT03,2,0.792,0,89.00,0.00,lost_sales_run_20261005T130920538
S07,P0589,2025-05-04,CAT03,0,0.739,0.739,89.00,65.77,lost_sales_run_20261005T130920538
S08,P0053,2025-06-04,CAT06,0,0.714,0.714,114.00,81.40,lost_sales_run_20261005T130920538
S08,P0053,2025-06-05,CAT06,1,0.63,0,114.00,0.00,lost_sales_run_20261005T130920538
S08,P0053,2025-07-24,CAT06,4,0.536,0,114.00,0.00,lost_sales_run_20261005T130920538
S08,P0053,2025-07-25,CAT06,1,0.556,0,114.00,0.00,lost_sales_run_20261005T130920538
S08,P0053,2025-09-02,CAT06,4,0.607,0,114.00,0.00,lost_sales_run_20261005T130920538
S08,P0053,2025-09-03,CAT06,0,0.519,0.519,114.00,59.17,lost_sales_run_20261005T130920538
S08,P0073,2025-06-21,CAT13,3,0.357,0,299.00,0.00,lost_sales_run_20261005T130920538
S08,P0073,2025-06-22,CAT13,2,0.333,0,299.00,0.00,lost_sales_run_20261005T130920538
S08,P0073,2025-09-15,CAT13,0,0.321,0.321,299.00,95.98,lost_sales_run_20261005T130920538
S08,P0073,2025-09-16,CAT13,0,0.333,0.333,299.00,99.57,lost_sales_run_20261005T130920538
S08,P0170,2025-05-17,CAT17,3,0.464,0,789.00,0.00,lost_sales_run_20261005T130920538
S08,P0170,2025-05-18,CAT17,2,0.481,0,789.00,0.00,lost_sales_run_20261005T130920538
S08,P0170,2025-06-14,CAT17,2,0.654,0,789.00,0.00,lost_sales_run_20261005T130920538
S08,P0170,2025-06-15,CAT17,1,0.654,0,789.00,0.00,lost_sales_run_20261005T130920538
S08,P0170,2025-08-08,CAT17,1,0.714,0,789.00,0.00,lost_sales_run_20261005T130920538
S08,P0170,2025-08-09,CAT17,0,0.741,0.741,789.00,584.65,lost_sales_run_20261005T130920538
S08,P0170,2025-08-10,CAT17,2,0.769,0,789.00,0.00,lost_sales_run_20261005T130920538
S08,P0170,2025-08-11,CAT17,0,0.8,0.8,789.00,631.20,lost_sales_run_20261005T130920538
S08,P0206,2025-08-22,CAT15,3,2.036,0,294.00,0.00,lost_sales_run_20261005T130920538
S08,P0206,2025-08-23,CAT15,0,2.111,2.111,294.00,620.63,lost_sales_run_20261005T130920538
S08,P0213,2025-05-08,CAT07,2,1.429,0,21.00,0.00,lost_sales_run_20261005T130920538
S08,P0213,2025-05-09,CAT07,0,1.444,1.444,21.00,30.32,lost_sales_run_20261005T130920538
S08,P0213,2025-05-10,CAT07,1,1.308,0.308,21.00,6.47,lost_sales_run_20261005T130920538
S08,P0213,2025-05-11,CAT07,0,1.12,1.12,21.00,23.52,lost_sales_run_20261005T130920538
S08,P0213,2025-05-12,CAT07,0,1.167,1.167,21.00,24.51,lost_sales_run_20261005T130920538
S08,P0213,2025-06-01,CAT07,7,1.957,0,21.00,0.00,lost_sales_run_20261005T130920538
S08,P0213,2025-06-02,CAT07,0,1.909,1.909,21.00,40.09,lost_sales_run_20261005T130920538
S08,P0213,2025-06-03,CAT07,0,1.81,1.81,21.00,38.01,lost_sales_run_20261005T130920538
S08,P0213,2025-06-04,CAT07,1,1.9,0.9,21.00,18.90,lost_sales_run_20261005T130920538
S08,P0213,2025-06-10,CAT07,5,1.875,0,21.00,0.00,lost_sales_run_20261005T130920538
S08,P0213,2025-06-11,CAT07,0,1.87,1.87,21.00,39.27,lost_sales_run_20261005T130920538
S08,P0213,2025-06-12,CAT07,0,1.909,1.909,21.00,40.09,lost_sales_run_20261005T130920538
S08,P0213,2025-06-13,CAT07,1,1.952,0.952,21.00,19.99,lost_sales_run_20261005T130920538
S08,P0213,2025-06-14,CAT07,0,1.8,1.8,21.00,37.80,lost_sales_run_20261005T130920538
S08,P0213,2025-06-15,CAT07,0,1.789,1.789,21.00,37.57,lost_sales_run_20261005T130920538
S08,P0213,2025-06-16,CAT07,2,1.611,0,21.00,0.00,lost_sales_run_20261005T130920538
S08,P0252,2025-06-17,CAT18,4,2.143,0,229.00,0.00,lost_sales_run_20261005T130920538
S08,P0252,2025-06-18,CAT18,7,2.222,0,229.00,0.00,lost_sales_run_20261005T130920538
S08,P0252,2025-08-22,CAT18,5,2.536,0,229.00,0.00,lost_sales_run_20261005T130920538
S08,P0252,2025-08-23,CAT18,2,2.556,0.556,229.00,127.32,lost_sales_run_20261005T130920538
S08,P0252,2025-08-24,CAT18,1,2.5,1.5,229.00,343.50,lost_sales_run_20261005T130920538
S08,P0252,2025-08-25,CAT18,3,2.52,0,229.00,0.00,lost_sales_run_20261005T130920538
S08,P0272,2025-07-05,CAT13,3,0.643,0,273.00,0.00,lost_sales_run_20261005T130920538
S08,P0272,2025-07-06,CAT13,0,0.63,0.63,273.00,171.99,lost_sales_run_20261005T130920538
S08,P0272,2025-09-29,CAT13,1,0.679,0,273.00,0.00,lost_sales_run_20261005T130920538
S08,P0272,2025-09-30,CAT13,0,0.704,0.704,273.00,192.19,lost_sales_run_20261005T130920538
S08,P0288,2025-04-21,CAT14,2,1.2,0,469.00,0.00,lost_sales_run_20261005T130920538
S08,P0288,2025-04-22,CAT14,0,1.2,1.2,469.00,562.80,lost_sales_run_20261005T130920538
S08,P0288,2025-04-23,CAT14,1,1.2,0.2,469.00,93.80,lost_sales_run_20261005T130920538
S08,P0288,2025-07-12,CAT14,2,0.714,0,469.00,0.00,lost_sales_run_20261005T130920538
S08,P0288,2025-07-13,CAT14,0,0.704,0.704,469.00,330.18,lost_sales_run_20261005T130920538
S08,P0288,2025-07-14,CAT14,0,0.731,0.731,469.00,342.84,lost_sales_run_20261005T130920538
S08,P0316,2025-07-14,CAT15,1,1.071,0.071,589.00,41.82,lost_sales_run_20261005T130920538
S08,P0316,2025-07-15,CAT15,0,1.111,1.111,589.00,654.38,lost_sales_run_20261005T130920538
S08,P0316,2025-07-16,CAT15,0,1.154,1.154,589.00,679.71,lost_sales_run_20261005T130920538
S08,P0316,2025-07-17,CAT15,0,1.08,1.08,589.00,636.12,lost_sales_run_20261005T130920538
S08,P0316,2025-07-18,CAT15,0,1.125,1.125,589.00,662.62,lost_sales_run_20261005T130920538
S08,P0316,2025-07-19,CAT15,0,1.174,1.174,589.00,691.49,lost_sales_run_20261005T130920538
S08,P0316,2025-07-20,CAT15,0,1.227,1.227,589.00,722.70,lost_sales_run_20261005T130920538
S08,P0316,2025-07-21,CAT15,0,1.095,1.095,589.00,644.96,lost_sales_run_20261005T130920538
S08,P0369,2025-04-20,CAT09,4,2.474,0,44.00,0.00,lost_sales_run_20261005T130920538
S08,P0369,2025-04-21,CAT09,4,2.474,0,44.00,0.00,lost_sales_run_20261005T130920538
S08,P0391,2025-08-02,CAT06,1,1.536,0.536,42.00,22.51,lost_sales_run_20261005T130920538
S08,P0391,2025-08-03,CAT06,0,1.593,1.593,42.00,66.91,lost_sales_run_20261005T130920538
S08,P0391,2025-08-28,CAT06,5,1.962,0,42.00,0.00,lost_sales_run_20261005T130920538
S08,P0391,2025-08-29,CAT06,1,1.84,0.84,42.00,35.28,lost_sales_run_20261005T130920538
S08,P0392,2025-07-29,CAT19,5,0.679,0,59.00,0.00,lost_sales_run_20261005T130920538
S08,P0392,2025-07-30,CAT19,0,0.704,0.704,59.00,41.54,lost_sales_run_20261005T130920538
S08,P0392,2025-07-31,CAT19,0,0.731,0.731,59.00,43.13,lost_sales_run_20261005T130920538
S08,P0408,2025-06-08,CAT16,3,0.75,0,303.00,0.00,lost_sales_run_20261005T130920538
S08,P0408,2025-06-09,CAT16,1,0.778,0,303.00,0.00,lost_sales_run_20261005T130920538
S08,P0408,2025-06-14,CAT16,1,0.692,0,303.00,0.00,lost_sales_run_20261005T130920538
S08,P0408,2025-06-15,CAT16,0,0.72,0.72,303.00,218.16,lost_sales_run_20261005T130920538
S08,P0408,2025-06-16,CAT16,1,0.75,0,303.00,0.00,lost_sales_run_20261005T130920538
S08,P0408,2025-07-27,CAT16,4,0.643,0,303.00,0.00,lost_sales_run_20261005T130920538
S08,P0408,2025-07-28,CAT16,1,0.667,0,303.00,0.00,lost_sales_run_20261005T130920538
S08,P0408,2025-08-15,CAT16,3,0.846,0,303.00,0.00,lost_sales_run_20261005T130920538
S08,P0408,2025-08-16,CAT16,0,0.8,0.8,303.00,242.40,lost_sales_run_20261005T130920538
S08,P0408,2025-09-09,CAT16,3,0.731,0,303.00,0.00,lost_sales_run_20261005T130920538
S08,P0409,2025-09-29,CAT12,7,1.143,0,193.00,0.00,lost_sales_run_20261005T130920538
S08,P0409,2025-09-30,CAT12,0,1.148,1.148,193.00,221.56,lost_sales_run_20261005T130920538
S08,P0433,2025-06-28,CAT20,2,0.429,0,179.00,0.00,lost_sales_run_20261005T130920538
S08,P0433,2025-06-29,CAT20,0,0.444,0.444,179.00,79.48,lost_sales_run_20261005T130920538
S08,P0433,2025-08-04,CAT20,0,0.321,0.321,179.00,57.46,lost_sales_run_20261005T130920538
S08,P0433,2025-08-05,CAT20,0,0.333,0.333,179.00,59.61,lost_sales_run_20261005T130920538
S08,P0433,2025-08-06,CAT20,0,0.346,0.346,179.00,61.93,lost_sales_run_20261005T130920538
S08,P0433,2025-08-13,CAT20,3,0.36,0,179.00,0.00,lost_sales_run_20261005T130920538
S08,P0433,2025-08-14,CAT20,0,0.292,0.292,179.00,52.27,lost_sales_run_20261005T130920538
S08,P0433,2025-08-15,CAT20,0,0.304,0.304,179.00,54.42,lost_sales_run_20261005T130920538
S08,P0433,2025-08-16,CAT20,1,0.318,0,179.00,0.00,lost_sales_run_20261005T130920538
S08,P0433,2025-08-17,CAT20,0,0.286,0.286,179.00,51.19,lost_sales_run_20261005T130920538
S08,P0433,2025-08-18,CAT20,0,0.3,0.3,179.00,53.70,lost_sales_run_20261005T130920538
S08,P0435,2025-07-27,CAT14,6,2.25,0,94.00,0.00,lost_sales_run_20261005T130920538
S08,P0435,2025-07-28,CAT14,0,2.111,2.111,94.00,198.43,lost_sales_run_20261005T130920538
S08,P0435,2025-08-24,CAT14,3,2.346,0,94.00,0.00,lost_sales_run_20261005T130920538
S08,P0435,2025-08-25,CAT14,2,2.346,0.346,94.00,32.52,lost_sales_run_20261005T130920538
S08,P0445,2025-05-05,CAT02,2,0.571,0,44.00,0.00,lost_sales_run_20261005T130920538
S08,P0445,2025-05-19,CAT02,5,0.37,0,44.00,0.00,lost_sales_run_20261005T130920538
S08,P0445,2025-05-20,CAT02,0,0.385,0.385,44.00,16.94,lost_sales_run_20261005T130920538
S08,P0445,2025-06-13,CAT02,13,0.192,0,44.00,0.00,lost_sales_run_20261005T130920538
S08,P0445,2025-06-14,CAT02,2,0.2,0,44.00,0.00,lost_sales_run_20261005T130920538
S08,P0445,2025-08-16,CAT02,5,0.786,0,44.00,0.00,lost_sales_run_20261005T130920538
S08,P0445,2025-08-17,CAT02,0,0.815,0.815,44.00,35.86,lost_sales_run_20261005T130920538
S08,P0445,2025-08-18,CAT02,0,0.846,0.846,44.00,37.22,lost_sales_run_20261005T130920538
S08,P0507,2025-09-14,CAT02,9,4.143,0,42.00,0.00,lost_sales_run_20261005T130920538
S08,P0507,2025-09-15,CAT02,4,4.037,0.037,42.00,1.55,lost_sales_run_20261005T130920538
S08,P0563,2025-09-01,CAT13,6,1.643,0,234.00,0.00,lost_sales_run_20261005T130920538
S08,P0563,2025-09-02,CAT13,3,1.704,0,234.00,0.00,lost_sales_run_20261005T130920538
S08,P0579,2025-04-26,CAT12,1,0.44,0,288.00,0.00,lost_sales_run_20261005T130920538
S08,P0579,2025-04-27,CAT12,5,0.44,0,288.00,0.00,lost_sales_run_20261005T130920538
S08,P0579,2025-04-28,CAT12,0,0.44,0.44,288.00,126.72,lost_sales_run_20261005T130920538
S08,P0579,2025-05-27,CAT12,2,0.571,0,288.00,0.00,lost_sales_run_20261005T130920538
S08,P0579,2025-05-28,CAT12,0,0.593,0.593,288.00,170.78,lost_sales_run_20261005T130920538
S08,P0579,2025-06-29,CAT12,1,0.714,0,288.00,0.00,lost_sales_run_20261005T130920538
S08,P0579,2025-06-30,CAT12,1,0.704,0,288.00,0.00,lost_sales_run_20261005T130920538
S08,P0579,2025-07-01,CAT12,0,0.731,0.731,288.00,210.53,lost_sales_run_20261005T130920538
S08,P0579,2025-08-09,CAT12,5,0.536,0,288.00,0.00,lost_sales_run_20261005T130920538
S08,P0579,2025-08-10,CAT12,0,0.407,0.407,288.00,117.22,lost_sales_run_20261005T130920538
S08,P0589,2025-04-08,CAT03,2,0.714,0,89.00,0.00,lost_sales_run_20261005T130920538
S08,P0589,2025-04-09,CAT03,0,0.714,0.714,89.00,63.55,lost_sales_run_20261005T130920538
S08,P0589,2025-04-21,CAT03,2,1.5,0,89.00,0.00,lost_sales_run_20261005T130920538
S08,P0589,2025-04-22,CAT03,0,1.5,1.5,89.00,133.50,lost_sales_run_20261005T130920538
S08,P0589,2025-05-02,CAT03,4,1.542,0,89.00,0.00,lost_sales_run_20261005T130920538
S08,P0589,2025-05-03,CAT03,1,1.435,0.435,89.00,38.71,lost_sales_run_20261005T130920538
S08,P0589,2025-06-26,CAT03,4,0.679,0,89.00,0.00,lost_sales_run_20261005T130920538
S08,P0589,2025-06-27,CAT03,0,0.667,0.667,89.00,59.36,lost_sales_run_20261005T130920538
S08,P0589,2025-08-30,CAT03,0,1.321,1.321,89.00,117.57,lost_sales_run_20261005T130920538
S08,P0589,2025-08-31,CAT03,0,1.37,1.37,89.00,121.93,lost_sales_run_20261005T130920538
S08,P0589,2025-09-01,CAT03,0,1.423,1.423,89.00,126.65,lost_sales_run_20261005T130920538
S09,P0003,2025-08-07,CAT03,1,0.893,0,169.00,0.00,lost_sales_run_20261005T130920538
S09,P0003,2025-08-08,CAT03,1,0.778,0,169.00,0.00,lost_sales_run_20261005T130920538
S09,P0003,2025-08-09,CAT03,1,0.808,0,169.00,0.00,lost_sales_run_20261005T130920538
S09,P0003,2025-08-10,CAT03,1,0.8,0,169.00,0.00,lost_sales_run_20261005T130920538
S09,P0003,2025-08-11,CAT03,1,0.792,0,169.00,0.00,lost_sales_run_20261005T130920538
S09,P0003,2025-08-21,CAT03,2,0.826,0,169.00,0.00,lost_sales_run_20261005T130920538
S09,P0003,2025-08-22,CAT03,0,0.864,0.864,169.00,146.02,lost_sales_run_20261005T130920538
S09,P0003,2025-08-23,CAT03,2,0.857,0,169.00,0.00,lost_sales_run_20261005T130920538
S09,P0003,2025-08-24,CAT03,0,0.8,0.8,169.00,135.20,lost_sales_run_20261005T130920538
S09,P0003,2025-08-25,CAT03,1,0.842,0,169.00,0.00,lost_sales_run_20261005T130920538
S09,P0022,2025-04-17,CAT05,6,1.062,0,289.00,0.00,lost_sales_run_20261005T130920538
S09,P0022,2025-04-18,CAT05,0,1.062,1.062,289.00,306.92,lost_sales_run_20261005T130920538
S09,P0022,2025-04-19,CAT05,1,1.062,0.062,289.00,17.92,lost_sales_run_20261005T130920538
S09,P0022,2025-04-20,CAT05,3,1.062,0,289.00,0.00,lost_sales_run_20261005T130920538
S09,P0022,2025-04-21,CAT05,0,1.062,1.062,289.00,306.92,lost_sales_run_20261005T130920538
S09,P0022,2025-07-06,CAT05,7,0.714,0,289.00,0.00,lost_sales_run_20261005T130920538
S09,P0022,2025-07-07,CAT05,2,0.741,0,289.00,0.00,lost_sales_run_20261005T130920538
S09,P0022,2025-07-08,CAT05,0,0.769,0.769,289.00,222.24,lost_sales_run_20261005T130920538
S09,P0022,2025-07-09,CAT05,0,0.76,0.76,289.00,219.64,lost_sales_run_20261005T130920538
S09,P0022,2025-07-10,CAT05,1,0.792,0,289.00,0.00,lost_sales_run_20261005T130920538
S09,P0022,2025-07-11,CAT05,1,0.826,0,289.00,0.00,lost_sales_run_20261005T130920538
S09,P0022,2025-07-12,CAT05,4,0.818,0,289.00,0.00,lost_sales_run_20261005T130920538
S09,P0022,2025-07-13,CAT05,0,0.81,0.81,289.00,234.09,lost_sales_run_20261005T130920538
S09,P0022,2025-07-14,CAT05,0,0.75,0.75,289.00,216.75,lost_sales_run_20261005T130920538
S09,P0022,2025-07-26,CAT05,2,1.158,0,289.00,0.00,lost_sales_run_20261005T130920538
S09,P0022,2025-07-27,CAT05,1,1.222,0.222,289.00,64.16,lost_sales_run_20261005T130920538
S09,P0032,2025-08-29,CAT11,4,4.821,0.821,85.00,69.78,lost_sales_run_20261005T130920538
S09,P0032,2025-08-30,CAT11,9,4.593,0,85.00,0.00,lost_sales_run_20261005T130920538
S09,P0032,2025-08-31,CAT11,3,4.538,1.538,85.00,130.73,lost_sales_run_20261005T130920538
S09,P0032,2025-09-01,CAT11,2,4.64,2.64,85.00,224.40,lost_sales_run_20261005T130920538
S09,P0053,2025-04-25,CAT06,2,0.417,0,114.00,0.00,lost_sales_run_20261005T130920538
S09,P0053,2025-04-26,CAT06,0,0.417,0.417,114.00,47.54,lost_sales_run_20261005T130920538
S09,P0053,2025-04-27,CAT06,0,0.417,0.417,114.00,47.54,lost_sales_run_20261005T130920538
S09,P0053,2025-04-28,CAT06,0,0.417,0.417,114.00,47.54,lost_sales_run_20261005T130920538
S09,P0053,2025-08-20,CAT06,10,0.5,0,114.00,0.00,lost_sales_run_20261005T130920538
S09,P0053,2025-08-21,CAT06,2,0.519,0,114.00,0.00,lost_sales_run_20261005T130920538
S09,P0073,2025-04-13,CAT13,1,0.333,0,299.00,0.00,lost_sales_run_20261005T130920538
S09,P0073,2025-04-14,CAT13,0,0.333,0.333,299.00,99.57,lost_sales_run_20261005T130920538
S09,P0073,2025-05-22,CAT13,7,0.357,0,299.00,0.00,lost_sales_run_20261005T130920538
S09,P0073,2025-05-23,CAT13,0,0.37,0.37,299.00,110.63,lost_sales_run_20261005T130920538
S09,P0073,2025-07-23,CAT13,1,0.571,0,299.00,0.00,lost_sales_run_20261005T130920538
S09,P0073,2025-07-24,CAT13,0,0.593,0.593,299.00,177.31,lost_sales_run_20261005T130920538
S09,P0073,2025-08-06,CAT13,4,0.538,0,299.00,0.00,lost_sales_run_20261005T130920538
S09,P0170,2025-04-25,CAT17,9,0.333,0,789.00,0.00,lost_sales_run_20261005T130920538
S09,P0170,2025-04-26,CAT17,0,0.333,0.333,789.00,262.74,lost_sales_run_20261005T130920538
S09,P0170,2025-04-27,CAT17,1,0.333,0,789.00,0.00,lost_sales_run_20261005T130920538
S09,P0170,2025-04-28,CAT17,0,0.333,0.333,789.00,262.74,lost_sales_run_20261005T130920538
S09,P0206,2025-05-03,CAT15,2,1.571,0,294.00,0.00,lost_sales_run_20261005T130920538
S09,P0206,2025-05-04,CAT15,1,1.593,0.593,294.00,174.34,lost_sales_run_20261005T130920538
S09,P0213,2025-05-22,CAT07,2,0.714,0,21.00,0.00,lost_sales_run_20261005T130920538
S09,P0213,2025-05-23,CAT07,2,0.741,0,21.00,0.00,lost_sales_run_20261005T130920538
S09,P0213,2025-05-24,CAT07,2,0.692,0,21.00,0.00,lost_sales_run_20261005T130920538
S09,P0213,2025-05-25,CAT07,5,0.72,0,21.00,0.00,lost_sales_run_20261005T130920538
S09,P0213,2025-05-26,CAT07,0,0.667,0.667,21.00,14.01,lost_sales_run_20261005T130920538
S09,P0213,2025-09-17,CAT07,0,1.393,1.393,21.00,29.25,lost_sales_run_20261005T130920538
S09,P0213,2025-09-18,CAT07,1,1.222,0.222,21.00,4.66,lost_sales_run_20261005T130920538
S09,P0252,2025-04-27,CAT18,3,1.885,0,229.00,0.00,lost_sales_run_20261005T130920538
S09,P0252,2025-04-28,CAT18,1,1.885,0.885,229.00,202.66,lost_sales_run_20261005T130920538
S09,P0252,2025-05-03,CAT18,5,2.231,0,229.00,0.00,lost_sales_run_20261005T130920538
S09,P0252,2025-05-04,CAT18,2,2.12,0.12,229.00,27.48,lost_sales_run_20261005T130920538
S09,P0252,2025-08-10,CAT18,4,1.929,0,229.00,0.00,lost_sales_run_20261005T130920538
S09,P0252,2025-08-11,CAT18,2,1.815,0,229.00,0.00,lost_sales_run_20261005T130920538
S09,P0272,2025-04-27,CAT13,1,0.615,0,273.00,0.00,lost_sales_run_20261005T130920538
S09,P0272,2025-04-28,CAT13,0,0.615,0.615,273.00,167.90,lost_sales_run_20261005T130920538
S09,P0272,2025-07-05,CAT13,3,0.429,0,273.00,0.00,lost_sales_run_20261005T130920538
S09,P0272,2025-07-06,CAT13,0,0.444,0.444,273.00,121.21,lost_sales_run_20261005T130920538
S09,P0288,2025-06-09,CAT14,0,0.714,0.714,469.00,334.87,lost_sales_run_20261005T130920538
S09,P0288,2025-06-10,CAT14,1,0.704,0,469.00,0.00,lost_sales_run_20261005T130920538
S09,P0316,2025-05-22,CAT15,7,0.786,0,589.00,0.00,lost_sales_run_20261005T130920538
S09,P0316,2025-05-23,CAT15,2,0.815,0,589.00,0.00,lost_sales_run_20261005T130920538
S09,P0316,2025-05-24,CAT15,0,0.808,0.808,589.00,475.91,lost_sales_run_20261005T130920538
S09,P0316,2025-08-04,CAT15,2,0.464,0,589.00,0.00,lost_sales_run_20261005T130920538
S09,P0316,2025-08-05,CAT15,0,0.444,0.444,589.00,261.52,lost_sales_run_20261005T130920538
S09,P0369,2025-05-04,CAT09,5,1.786,0,44.00,0.00,lost_sales_run_20261005T130920538
S09,P0369,2025-05-05,CAT09,3,1.852,0,44.00,0.00,lost_sales_run_20261005T130920538
S09,P0369,2025-09-20,CAT09,2,2.071,0.071,44.00,3.12,lost_sales_run_20261005T130920538
S09,P0369,2025-09-21,CAT09,2,2,0,44.00,0.00,lost_sales_run_20261005T130920538
S09,P0369,2025-09-22,CAT09,1,1.962,0.962,44.00,42.33,lost_sales_run_20261005T130920538
S09,P0381,2025-06-05,CAT13,0,0.607,0.607,279.00,169.35,lost_sales_run_20261005T130920538
S09,P0381,2025-06-06,CAT13,0,0.593,0.593,279.00,165.45,lost_sales_run_20261005T130920538
S09,P0381,2025-06-07,CAT13,0,0.615,0.615,279.00,171.58,lost_sales_run_20261005T130920538
S09,P0381,2025-06-08,CAT13,0,0.64,0.64,279.00,178.56,lost_sales_run_20261005T130920538
S09,P0381,2025-06-09,CAT13,0,0.667,0.667,279.00,186.09,lost_sales_run_20261005T130920538
S09,P0381,2025-08-02,CAT13,1,0.321,0,279.00,0.00,lost_sales_run_20261005T130920538
S09,P0381,2025-08-03,CAT13,0,0.296,0.296,279.00,82.58,lost_sales_run_20261005T130920538
S09,P0381,2025-08-04,CAT13,0,0.269,0.269,279.00,75.05,lost_sales_run_20261005T130920538
S09,P0381,2025-08-10,CAT13,1,0.28,0,279.00,0.00,lost_sales_run_20261005T130920538
S09,P0381,2025-08-11,CAT13,0,0.25,0.25,279.00,69.75,lost_sales_run_20261005T130920538
S09,P0391,2025-08-10,CAT06,7,1.643,0,42.00,0.00,lost_sales_run_20261005T130920538
S09,P0391,2025-08-11,CAT06,2,1.667,0,42.00,0.00,lost_sales_run_20261005T130920538
S09,P0391,2025-08-20,CAT06,8,1.692,0,42.00,0.00,lost_sales_run_20261005T130920538
S09,P0391,2025-08-21,CAT06,0,1.64,1.64,42.00,68.88,lost_sales_run_20261005T130920538
S09,P0392,2025-06-17,CAT19,4,0.679,0,59.00,0.00,lost_sales_run_20261005T130920538
S09,P0392,2025-06-18,CAT19,3,0.704,0,59.00,0.00,lost_sales_run_20261005T130920538
S09,P0392,2025-07-29,CAT19,2,0.5,0,59.00,0.00,lost_sales_run_20261005T130920538
S09,P0392,2025-07-30,CAT19,0,0.519,0.519,59.00,30.62,lost_sales_run_20261005T130920538
S09,P0392,2025-09-09,CAT19,2,0.357,0,59.00,0.00,lost_sales_run_20261005T130920538
S09,P0392,2025-09-10,CAT19,1,0.37,0,59.00,0.00,lost_sales_run_20261005T130920538
S09,P0408,2025-08-13,CAT16,7,0.964,0,303.00,0.00,lost_sales_run_20261005T130920538
S09,P0408,2025-08-14,CAT16,0,0.926,0.926,303.00,280.58,lost_sales_run_20261005T130920538
S09,P0408,2025-08-15,CAT16,0,0.885,0.885,303.00,268.16,lost_sales_run_20261005T130920538
S09,P0408,2025-09-12,CAT16,2,0.704,0,303.00,0.00,lost_sales_run_20261005T130920538
S09,P0408,2025-09-13,CAT16,0,0.704,0.704,303.00,213.31,lost_sales_run_20261005T130920538
S09,P0409,2025-04-28,CAT12,6,0.889,0,193.00,0.00,lost_sales_run_20261005T130920538
S09,P0409,2025-04-29,CAT12,0,0.889,0.889,193.00,171.58,lost_sales_run_20261005T130920538
S09,P0409,2025-04-30,CAT12,1,0.885,0,193.00,0.00,lost_sales_run_20261005T130920538
S09,P0409,2025-05-01,CAT12,5,0.88,0,193.00,0.00,lost_sales_run_20261005T130920538
S09,P0409,2025-05-02,CAT12,1,0.917,0,193.00,0.00,lost_sales_run_20261005T130920538
S09,P0409,2025-05-03,CAT12,2,0.826,0,193.00,0.00,lost_sales_run_20261005T130920538
S09,P0409,2025-05-18,CAT12,7,1.045,0,193.00,0.00,lost_sales_run_20261005T130920538
S09,P0409,2025-05-19,CAT12,0,1,1,193.00,193.00,lost_sales_run_20261005T130920538
S09,P0409,2025-05-20,CAT12,0,0.95,0.95,193.00,183.35,lost_sales_run_20261005T130920538
S09,P0409,2025-06-19,CAT12,3,0.679,0,193.00,0.00,lost_sales_run_20261005T130920538
S09,P0409,2025-06-20,CAT12,0,0.704,0.704,193.00,135.87,lost_sales_run_20261005T130920538
S09,P0409,2025-09-04,CAT12,4,0.821,0,193.00,0.00,lost_sales_run_20261005T130920538
S09,P0409,2025-09-05,CAT12,0,0.852,0.852,193.00,164.44,lost_sales_run_20261005T130920538
S09,P0433,2025-04-20,CAT20,2,0.211,0,179.00,0.00,lost_sales_run_20261005T130920538
S09,P0433,2025-04-21,CAT20,0,0.211,0.211,179.00,37.77,lost_sales_run_20261005T130920538
S09,P0433,2025-05-23,CAT20,3,0.393,0,179.00,0.00,lost_sales_run_20261005T130920538
S09,P0433,2025-05-24,CAT20,0,0.296,0.296,179.00,52.98,lost_sales_run_20261005T130920538
S09,P0433,2025-05-25,CAT20,0,0.308,0.308,179.00,55.13,lost_sales_run_20261005T130920538
S09,P0433,2025-05-26,CAT20,0,0.2,0.2,179.00,35.80,lost_sales_run_20261005T130920538
S09,P0433,2025-05-27,CAT20,3,0.208,0,179.00,0.00,lost_sales_run_20261005T130920538
S09,P0433,2025-05-28,CAT20,0,0.217,0.217,179.00,38.84,lost_sales_run_20261005T130920538
S09,P0433,2025-05-29,CAT20,1,0.227,0,179.00,0.00,lost_sales_run_20261005T130920538
S09,P0433,2025-07-27,CAT20,1,0.5,0,179.00,0.00,lost_sales_run_20261005T130920538
S09,P0433,2025-07-28,CAT20,0,0.519,0.519,179.00,92.90,lost_sales_run_20261005T130920538
S09,P0433,2025-08-29,CAT20,0,0.321,0.321,179.00,57.46,lost_sales_run_20261005T130920538
S09,P0433,2025-08-30,CAT20,0,0.333,0.333,179.00,59.61,lost_sales_run_20261005T130920538
S09,P0433,2025-08-31,CAT20,0,0.346,0.346,179.00,61.93,lost_sales_run_20261005T130920538
S09,P0445,2025-08-26,CAT02,9,0.464,0,44.00,0.00,lost_sales_run_20261005T130920538
S09,P0445,2025-08-27,CAT02,1,0.481,0,44.00,0.00,lost_sales_run_20261005T130920538
S09,P0507,2025-05-23,CAT02,5,5.179,0.179,42.00,7.52,lost_sales_run_20261005T130920538
S09,P0507,2025-05-24,CAT02,3,5.222,2.222,42.00,93.32,lost_sales_run_20261005T130920538
S09,P0507,2025-05-25,CAT02,7,5.231,0,42.00,0.00,lost_sales_run_20261005T130920538
S09,P0507,2025-05-26,CAT02,4,5.44,1.44,42.00,60.48,lost_sales_run_20261005T130920538
S09,P0563,2025-04-08,CAT13,4,1.429,0,234.00,0.00,lost_sales_run_20261005T130920538
S09,P0563,2025-04-09,CAT13,0,1.429,1.429,234.00,334.39,lost_sales_run_20261005T130920538
S09,P0563,2025-04-10,CAT13,1,1.429,0.429,234.00,100.39,lost_sales_run_20261005T130920538
S09,P0563,2025-04-29,CAT13,3,1.32,0,234.00,0.00,lost_sales_run_20261005T130920538
S09,P0563,2025-04-30,CAT13,3,1.375,0,234.00,0.00,lost_sales_run_20261005T130920538
S09,P0579,2025-05-27,CAT12,0,0.5,0.5,288.00,144.00,lost_sales_run_20261005T130920538
S09,P0579,2025-05-28,CAT12,0,0.519,0.519,288.00,149.47,lost_sales_run_20261005T130920538
S09,P0579,2025-07-14,CAT12,3,0.607,0,288.00,0.00,lost_sales_run_20261005T130920538
S09,P0579,2025-07-15,CAT12,0,0.63,0.63,288.00,181.44,lost_sales_run_20261005T130920538
S09,P0579,2025-08-14,CAT12,6,0.571,0,288.00,0.00,lost_sales_run_20261005T130920538
S09,P0579,2025-08-15,CAT12,0,0.519,0.519,288.00,149.47,lost_sales_run_20261005T130920538
S09,P0579,2025-08-16,CAT12,1,0.538,0,288.00,0.00,lost_sales_run_20261005T130920538
S09,P0579,2025-09-05,CAT12,1,0.6,0,288.00,0.00,lost_sales_run_20261005T130920538
S09,P0579,2025-09-06,CAT12,0,0.625,0.625,288.00,180.00,lost_sales_run_20261005T130920538
S09,P0579,2025-09-07,CAT12,0,0.652,0.652,288.00,187.78,lost_sales_run_20261005T130920538
S09,P0579,2025-09-08,CAT12,0,0.636,0.636,288.00,183.17,lost_sales_run_20261005T130920538
S09,P0589,2025-05-16,CAT03,1,0.857,0,89.00,0.00,lost_sales_run_20261005T130920538
S09,P0589,2025-05-17,CAT03,1,0.889,0,89.00,0.00,lost_sales_run_20261005T130920538
S09,P0589,2025-05-18,CAT03,0,0.923,0.923,89.00,82.15,lost_sales_run_20261005T130920538
S09,P0589,2025-05-19,CAT03,0,0.92,0.92,89.00,81.88,lost_sales_run_20261005T130920538
S09,P0589,2025-08-27,CAT03,3,1.036,0,89.00,0.00,lost_sales_run_20261005T130920538
S09,P0589,2025-08-28,CAT03,9,1.074,0,89.00,0.00,lost_sales_run_20261005T130920538
S09,P0589,2025-08-29,CAT03,0,1.077,1.077,89.00,95.85,lost_sales_run_20261005T130920538
S09,P0589,2025-08-30,CAT03,0,1.12,1.12,89.00,99.68,lost_sales_run_20261005T130920538
S09,P0589,2025-08-31,CAT03,3,1.167,0,89.00,0.00,lost_sales_run_20261005T130920538
S09,P0589,2025-09-01,CAT03,1,1.087,0.087,89.00,7.74,lost_sales_run_20261005T130920538
S10,P0003,2025-05-14,CAT03,2,0.786,0,169.00,0.00,lost_sales_run_20261005T130920538
S10,P0003,2025-05-15,CAT03,0,0.778,0.778,169.00,131.48,lost_sales_run_20261005T130920538
S10,P0003,2025-05-16,CAT03,2,0.769,0,169.00,0.00,lost_sales_run_20261005T130920538
S10,P0003,2025-06-24,CAT03,1,0.964,0,169.00,0.00,lost_sales_run_20261005T130920538
S10,P0003,2025-06-25,CAT03,3,0.852,0,169.00,0.00,lost_sales_run_20261005T130920538
S10,P0003,2025-06-26,CAT03,1,0.846,0,169.00,0.00,lost_sales_run_20261005T130920538
S10,P0003,2025-06-27,CAT03,0,0.88,0.88,169.00,148.72,lost_sales_run_20261005T130920538
S10,P0003,2025-06-28,CAT03,0,0.917,0.917,169.00,154.97,lost_sales_run_20261005T130920538
S10,P0003,2025-06-29,CAT03,0,0.87,0.87,169.00,147.03,lost_sales_run_20261005T130920538
S10,P0003,2025-06-30,CAT03,2,0.864,0,169.00,0.00,lost_sales_run_20261005T130920538
S10,P0003,2025-07-03,CAT03,1,1.095,0.095,169.00,16.06,lost_sales_run_20261005T130920538
S10,P0003,2025-07-04,CAT03,5,1.1,0,169.00,0.00,lost_sales_run_20261005T130920538
S10,P0003,2025-07-05,CAT03,1,1.053,0.053,169.00,8.96,lost_sales_run_20261005T130920538
S10,P0003,2025-07-06,CAT03,1,1.111,0.111,169.00,18.76,lost_sales_run_20261005T130920538
S10,P0003,2025-08-16,CAT03,4,1.107,0,169.00,0.00,lost_sales_run_20261005T130920538
S10,P0003,2025-08-17,CAT03,1,1.148,0.148,169.00,25.01,lost_sales_run_20261005T130920538
S10,P0003,2025-09-14,CAT03,3,1.259,0,169.00,0.00,lost_sales_run_20261005T130920538
S10,P0003,2025-09-15,CAT03,3,1.259,0,169.00,0.00,lost_sales_run_20261005T130920538
S10,P0022,2025-05-25,CAT05,2,1.179,0,289.00,0.00,lost_sales_run_20261005T130920538
S10,P0022,2025-06-21,CAT05,0,0.926,0.926,289.00,267.61,lost_sales_run_20261005T130920538
S10,P0022,2025-06-22,CAT05,0,0.923,0.923,289.00,266.75,lost_sales_run_20261005T130920538
S10,P0022,2025-06-23,CAT05,1,0.923,0,289.00,0.00,lost_sales_run_20261005T130920538
S10,P0032,2025-07-27,CAT11,4,4.536,0.536,85.00,45.56,lost_sales_run_20261005T130920538
S10,P0032,2025-07-28,CAT11,6,4.481,0,85.00,0.00,lost_sales_run_20261005T130920538
S10,P0053,2025-05-16,CAT06,4,0.321,0,114.00,0.00,lost_sales_run_20261005T130920538
S10,P0073,2025-05-04,CAT13,1,0.286,0,299.00,0.00,lost_sales_run_20261005T130920538
S10,P0073,2025-05-05,CAT13,0,0.296,0.296,299.00,88.50,lost_sales_run_20261005T130920538
S10,P0170,2025-04-09,CAT17,0,0.5,0.5,789.00,394.50,lost_sales_run_20261005T130920538
S10,P0170,2025-04-10,CAT17,0,0.5,0.5,789.00,394.50,lost_sales_run_20261005T130920538
S10,P0170,2025-04-11,CAT17,0,0.5,0.5,789.00,394.50,lost_sales_run_20261005T130920538
S10,P0170,2025-04-22,CAT17,2,0.444,0,789.00,0.00,lost_sales_run_20261005T130920538
S10,P0170,2025-04-23,CAT17,0,0.444,0.444,789.00,350.32,lost_sales_run_20261005T130920538
S10,P0170,2025-04-24,CAT17,0,0.444,0.444,789.00,350.32,lost_sales_run_20261005T130920538
S10,P0170,2025-04-25,CAT17,0,0.444,0.444,789.00,350.32,lost_sales_run_20261005T130920538
S10,P0170,2025-04-26,CAT17,0,0.444,0.444,789.00,350.32,lost_sales_run_20261005T130920538
S10,P0170,2025-04-27,CAT17,1,0.444,0,789.00,0.00,lost_sales_run_20261005T130920538
S10,P0170,2025-04-28,CAT17,0,0.444,0.444,789.00,350.32,lost_sales_run_20261005T130920538
S10,P0170,2025-06-13,CAT17,1,0.321,0,789.00,0.00,lost_sales_run_20261005T130920538
S10,P0170,2025-06-14,CAT17,0,0.333,0.333,789.00,262.74,lost_sales_run_20261005T130920538
S10,P0170,2025-06-15,CAT17,0,0.346,0.346,789.00,272.99,lost_sales_run_20261005T130920538
S10,P0170,2025-08-07,CAT17,2,0.393,0,789.00,0.00,lost_sales_run_20261005T130920538
S10,P0170,2025-08-08,CAT17,2,0.407,0,789.00,0.00,lost_sales_run_20261005T130920538
S10,P0170,2025-08-09,CAT17,0,0.423,0.423,789.00,333.75,lost_sales_run_20261005T130920538
S10,P0170,2025-08-10,CAT17,0,0.36,0.36,789.00,284.04,lost_sales_run_20261005T130920538
S10,P0170,2025-08-26,CAT17,3,0.333,0,789.00,0.00,lost_sales_run_20261005T130920538
S10,P0170,2025-08-27,CAT17,0,0.348,0.348,789.00,274.57,lost_sales_run_20261005T130920538
S10,P0170,2025-08-28,CAT17,0,0.364,0.364,789.00,287.20,lost_sales_run_20261005T130920538
S10,P0170,2025-09-05,CAT17,1,0.455,0,789.00,0.00,lost_sales_run_20261005T130920538
S10,P0170,2025-09-26,CAT17,5,0.63,0,789.00,0.00,lost_sales_run_20261005T130920538
S10,P0170,2025-09-27,CAT17,1,0.654,0,789.00,0.00,lost_sales_run_20261005T130920538
S10,P0206,2025-08-11,CAT15,2,0.679,0,294.00,0.00,lost_sales_run_20261005T130920538
S10,P0206,2025-08-12,CAT15,0,0.704,0.704,294.00,206.98,lost_sales_run_20261005T130920538
S10,P0213,2025-04-13,CAT07,2,1.583,0,21.00,0.00,lost_sales_run_20261005T130920538
S10,P0213,2025-04-14,CAT07,0,1.583,1.583,21.00,33.24,lost_sales_run_20261005T130920538
S10,P0213,2025-06-19,CAT07,5,1,0,21.00,0.00,lost_sales_run_20261005T130920538
S10,P0213,2025-06-20,CAT07,0,1.037,1.037,21.00,21.78,lost_sales_run_20261005T130920538
S10,P0213,2025-06-21,CAT07,1,1.077,0.077,21.00,1.62,lost_sales_run_20261005T130920538
S10,P0213,2025-09-25,CAT07,4,0.786,0,21.00,0.00,lost_sales_run_20261005T130920538
S10,P0213,2025-09-26,CAT07,0,0.815,0.815,21.00,17.11,lost_sales_run_20261005T130920538
S10,P0252,2025-06-21,CAT18,7,1.607,0,229.00,0.00,lost_sales_run_20261005T130920538
S10,P0252,2025-09-15,CAT18,3,1.821,0,229.00,0.00,lost_sales_run_20261005T130920538
S10,P0252,2025-09-16,CAT18,0,1.889,1.889,229.00,432.58,lost_sales_run_20261005T130920538
S10,P0252,2025-09-17,CAT18,1,1.962,0.962,229.00,220.30,lost_sales_run_20261005T130920538
S10,P0252,2025-09-18,CAT18,1,2.04,1.04,229.00,238.16,lost_sales_run_20261005T130920538
S10,P0252,2025-09-19,CAT18,3,2.125,0,229.00,0.00,lost_sales_run_20261005T130920538
S10,P0252,2025-09-20,CAT18,3,2.217,0,229.00,0.00,lost_sales_run_20261005T130920538
S10,P0252,2025-09-21,CAT18,0,2.273,2.273,229.00,520.52,lost_sales_run_20261005T130920538
S10,P0252,2025-09-22,CAT18,0,2.286,2.286,229.00,523.49,lost_sales_run_20261005T130920538
S10,P0252,2025-09-27,CAT18,4,2.15,0,229.00,0.00,lost_sales_run_20261005T130920538
S10,P0252,2025-09-28,CAT18,5,2,0,229.00,0.00,lost_sales_run_20261005T130920538
S10,P0252,2025-09-29,CAT18,3,2.056,0,229.00,0.00,lost_sales_run_20261005T130920538
S10,P0252,2025-09-30,CAT18,4,1.941,0,229.00,0.00,lost_sales_run_20261005T130920538
S10,P0272,2025-05-31,CAT13,1,0.25,0,273.00,0.00,lost_sales_run_20261005T130920538
S10,P0272,2025-06-01,CAT13,0,0.259,0.259,273.00,70.71,lost_sales_run_20261005T130920538
S10,P0272,2025-07-19,CAT13,3,0.679,0,273.00,0.00,lost_sales_run_20261005T130920538
S10,P0272,2025-07-20,CAT13,0,0.704,0.704,273.00,192.19,lost_sales_run_20261005T130920538
S10,P0272,2025-07-21,CAT13,0,0.731,0.731,273.00,199.56,lost_sales_run_20261005T130920538
S10,P0272,2025-09-21,CAT13,3,0.286,0,273.00,0.00,lost_sales_run_20261005T130920538
S10,P0272,2025-09-22,CAT13,0,0.296,0.296,273.00,80.81,lost_sales_run_20261005T130920538
S10,P0272,2025-09-28,CAT13,3,0.346,0,273.00,0.00,lost_sales_run_20261005T130920538
S10,P0272,2025-09-29,CAT13,0,0.36,0.36,273.00,98.28,lost_sales_run_20261005T130920538
S10,P0288,2025-06-07,CAT14,5,0.536,0,469.00,0.00,lost_sales_run_20261005T130920538
S10,P0288,2025-06-08,CAT14,0,0.519,0.519,469.00,243.41,lost_sales_run_20261005T130920538
S10,P0288,2025-06-09,CAT14,0,0.538,0.538,469.00,252.32,lost_sales_run_20261005T130920538
S10,P0288,2025-09-13,CAT14,0,0.679,0.679,469.00,318.45,lost_sales_run_20261005T130920538
S10,P0288,2025-09-14,CAT14,0,0.704,0.704,469.00,330.18,lost_sales_run_20261005T130920538
S10,P0288,2025-09-15,CAT14,6,0.731,0,469.00,0.00,lost_sales_run_20261005T130920538
S10,P0288,2025-09-22,CAT14,2,0.76,0,469.00,0.00,lost_sales_run_20261005T130920538
S10,P0288,2025-09-23,CAT14,0,0.792,0.792,469.00,371.45,lost_sales_run_20261005T130920538
S10,P0288,2025-09-24,CAT14,1,0.783,0,469.00,0.00,lost_sales_run_20261005T130920538
S10,P0316,2025-04-28,CAT15,2,0.556,0,589.00,0.00,lost_sales_run_20261005T130920538
S10,P0316,2025-04-29,CAT15,0,0.556,0.556,589.00,327.48,lost_sales_run_20261005T130920538
S10,P0316,2025-07-10,CAT15,2,0.786,0,589.00,0.00,lost_sales_run_20261005T130920538
S10,P0316,2025-07-11,CAT15,0,0.704,0.704,589.00,414.66,lost_sales_run_20261005T130920538
S10,P0316,2025-07-12,CAT15,1,0.731,0,589.00,0.00,lost_sales_run_20261005T130920538
S10,P0316,2025-07-13,CAT15,1,0.72,0,589.00,0.00,lost_sales_run_20261005T130920538
S10,P0316,2025-07-14,CAT15,0,0.708,0.708,589.00,417.01,lost_sales_run_20261005T130920538
S10,P0316,2025-09-28,CAT15,11,0.321,0,589.00,0.00,lost_sales_run_20261005T130920538
S10,P0316,2025-09-29,CAT15,0,0.333,0.333,589.00,196.14,lost_sales_run_20261005T130920538
S10,P0316,2025-09-30,CAT15,1,0.346,0,589.00,0.00,lost_sales_run_20261005T130920538
S10,P0381,2025-06-06,CAT13,0,0.214,0.214,279.00,59.71,lost_sales_run_20261005T130920538
S10,P0381,2025-06-07,CAT13,0,0.222,0.222,279.00,61.94,lost_sales_run_20261005T130920538
S10,P0381,2025-06-18,CAT13,4,0.231,0,279.00,0.00,lost_sales_run_20261005T130920538
S10,P0381,2025-06-19,CAT13,0,0.24,0.24,279.00,66.96,lost_sales_run_20261005T130920538
S10,P0381,2025-08-03,CAT13,3,0.571,0,279.00,0.00,lost_sales_run_20261005T130920538
S10,P0381,2025-08-04,CAT13,0,0.593,0.593,279.00,165.45,lost_sales_run_20261005T130920538
S10,P0381,2025-08-17,CAT13,1,0.423,0,279.00,0.00,lost_sales_run_20261005T130920538
S10,P0381,2025-08-18,CAT13,0,0.36,0.36,279.00,100.44,lost_sales_run_20261005T130920538
S10,P0381,2025-09-05,CAT13,4,0.423,0,279.00,0.00,lost_sales_run_20261005T130920538
S10,P0381,2025-09-06,CAT13,0,0.44,0.44,279.00,122.76,lost_sales_run_20261005T130920538
S10,P0381,2025-09-07,CAT13,0,0.417,0.417,279.00,116.34,lost_sales_run_20261005T130920538
S10,P0381,2025-09-20,CAT13,4,0.48,0,279.00,0.00,lost_sales_run_20261005T130920538
S10,P0381,2025-09-21,CAT13,0,0.5,0.5,279.00,139.50,lost_sales_run_20261005T130920538
S10,P0381,2025-09-22,CAT13,0,0.478,0.478,279.00,133.36,lost_sales_run_20261005T130920538
S10,P0391,2025-04-24,CAT06,4,0.783,0,42.00,0.00,lost_sales_run_20261005T130920538
S10,P0391,2025-04-25,CAT06,0,0.783,0.783,42.00,32.89,lost_sales_run_20261005T130920538
S10,P0391,2025-07-26,CAT06,7,1.25,0,42.00,0.00,lost_sales_run_20261005T130920538
S10,P0391,2025-07-27,CAT06,0,1.222,1.222,42.00,51.32,lost_sales_run_20261005T130920538
S10,P0391,2025-07-28,CAT06,1,1.231,0.231,42.00,9.70,lost_sales_run_20261005T130920538
S10,P0391,2025-07-31,CAT06,3,1.28,0,42.00,0.00,lost_sales_run_20261005T130920538
S10,P0391,2025-08-01,CAT06,2,1.167,0,42.00,0.00,lost_sales_run_20261005T130920538
S10,P0391,2025-08-02,CAT06,0,1.217,1.217,42.00,51.11,lost_sales_run_20261005T130920538
S10,P0391,2025-08-03,CAT06,1,1.273,0.273,42.00,11.47,lost_sales_run_20261005T130920538
S10,P0391,2025-08-04,CAT06,0,1.333,1.333,42.00,55.99,lost_sales_run_20261005T130920538
S10,P0391,2025-08-28,CAT06,6,1.913,0,42.00,0.00,lost_sales_run_20261005T130920538
S10,P0391,2025-08-29,CAT06,0,1.913,1.913,42.00,80.35,lost_sales_run_20261005T130920538
S10,P0391,2025-08-30,CAT06,2,1.913,0,42.00,0.00,lost_sales_run_20261005T130920538
S10,P0392,2025-08-28,CAT19,1,0.286,0,59.00,0.00,lost_sales_run_20261005T130920538
S10,P0392,2025-08-29,CAT19,0,0.296,0.296,59.00,17.46,lost_sales_run_20261005T130920538
S10,P0408,2025-06-14,CAT16,3,0.964,0,303.00,0.00,lost_sales_run_20261005T130920538
S10,P0408,2025-06-15,CAT16,1,1,0,303.00,0.00,lost_sales_run_20261005T130920538
S10,P0408,2025-06-16,CAT16,0,1.038,1.038,303.00,314.51,lost_sales_run_20261005T130920538
S10,P0408,2025-07-20,CAT16,1,0.571,0,303.00,0.00,lost_sales_run_20261005T130920538
S10,P0408,2025-07-21,CAT16,0,0.593,0.593,303.00,179.68,lost_sales_run_20261005T130920538
S10,P0408,2025-09-01,CAT16,0,0.571,0.571,303.00,173.01,lost_sales_run_20261005T130920538
S10,P0408,2025-09-02,CAT16,0,0.593,0.593,303.00,179.68,lost_sales_run_20261005T130920538
S10,P0408,2025-09-10,CAT16,1,0.615,0,303.00,0.00,lost_sales_run_20261005T130920538
S10,P0408,2025-09-11,CAT16,2,0.6,0,303.00,0.00,lost_sales_run_20261005T130920538
S10,P0408,2025-09-17,CAT16,2,0.542,0,303.00,0.00,lost_sales_run_20261005T130920538
S10,P0408,2025-09-18,CAT16,0,0.435,0.435,303.00,131.80,lost_sales_run_20261005T130920538
S10,P0408,2025-09-19,CAT16,0,0.455,0.455,303.00,137.86,lost_sales_run_20261005T130920538
S10,P0409,2025-05-26,CAT12,1,0.821,0,193.00,0.00,lost_sales_run_20261005T130920538
S10,P0409,2025-05-27,CAT12,1,0.852,0,193.00,0.00,lost_sales_run_20261005T130920538
S10,P0409,2025-05-28,CAT12,0,0.885,0.885,193.00,170.80,lost_sales_run_20261005T130920538
S10,P0409,2025-05-29,CAT12,0,0.92,0.92,193.00,177.56,lost_sales_run_20261005T130920538
S10,P0409,2025-05-30,CAT12,2,0.958,0,193.00,0.00,lost_sales_run_20261005T130920538
S10,P0409,2025-05-31,CAT12,0,0.957,0.957,193.00,184.70,lost_sales_run_20261005T130920538
S10,P0409,2025-06-01,CAT12,0,0.909,0.909,193.00,175.44,lost_sales_run_20261005T130920538
S10,P0409,2025-06-02,CAT12,0,0.905,0.905,193.00,174.66,lost_sales_run_20261005T130920538
S10,P0409,2025-07-21,CAT12,1,1.286,0.286,193.00,55.20,lost_sales_run_20261005T130920538
S10,P0409,2025-07-22,CAT12,2,1.333,0,193.00,0.00,lost_sales_run_20261005T130920538
S10,P0409,2025-07-23,CAT12,0,1.385,1.385,193.00,267.30,lost_sales_run_20261005T130920538
S10,P0409,2025-07-24,CAT12,0,1.4,1.4,193.00,270.20,lost_sales_run_20261005T130920538
S10,P0409,2025-07-25,CAT12,0,1.375,1.375,193.00,265.38,lost_sales_run_20261005T130920538
S10,P0409,2025-07-26,CAT12,1,1.435,0.435,193.00,83.96,lost_sales_run_20261005T130920538
S10,P0409,2025-07-27,CAT12,0,1.5,1.5,193.00,289.50,lost_sales_run_20261005T130920538
S10,P0409,2025-07-28,CAT12,3,1.476,0,193.00,0.00,lost_sales_run_20261005T130920538
S10,P0433,2025-04-18,CAT20,0,0.471,0.471,179.00,84.31,lost_sales_run_20261005T130920538
S10,P0433,2025-04-19,CAT20,0,0.471,0.471,179.00,84.31,lost_sales_run_20261005T130920538
S10,P0433,2025-05-24,CAT20,2,0.143,0,179.00,0.00,lost_sales_run_20261005T130920538
S10,P0433,2025-05-25,CAT20,0,0.148,0.148,179.00,26.49,lost_sales_run_20261005T130920538
S10,P0433,2025-07-24,CAT20,1,0.286,0,179.00,0.00,lost_sales_run_20261005T130920538
S10,P0433,2025-07-25,CAT20,0,0.296,0.296,179.00,52.98,lost_sales_run_20261005T130920538
S10,P0435,2025-05-17,CAT14,1,1.393,0.393,94.00,36.94,lost_sales_run_20261005T130920538
S10,P0435,2025-05-18,CAT14,0,1.296,1.296,94.00,121.82,lost_sales_run_20261005T130920538
S10,P0435,2025-05-19,CAT14,0,1.346,1.346,94.00,126.52,lost_sales_run_20261005T130920538
S10,P0435,2025-05-20,CAT14,3,1.4,0,94.00,0.00,lost_sales_run_20261005T130920538
S10,P0435,2025-09-13,CAT14,10,1.893,0,94.00,0.00,lost_sales_run_20261005T130920538
S10,P0435,2025-09-14,CAT14,0,1.852,1.852,94.00,174.09,lost_sales_run_20261005T130920538
S10,P0435,2025-09-15,CAT14,6,1.923,0,94.00,0.00,lost_sales_run_20261005T130920538
S10,P0435,2025-09-16,CAT14,2,2,0,94.00,0.00,lost_sales_run_20261005T130920538
S10,P0435,2025-09-17,CAT14,8,2.083,0,94.00,0.00,lost_sales_run_20261005T130920538
S10,P0435,2025-09-18,CAT14,3,1.87,0,94.00,0.00,lost_sales_run_20261005T130920538
S10,P0435,2025-09-19,CAT14,1,1.727,0.727,94.00,68.34,lost_sales_run_20261005T130920538
S10,P0435,2025-09-20,CAT14,4,1.762,0,94.00,0.00,lost_sales_run_20261005T130920538
S10,P0435,2025-09-21,CAT14,1,1.6,0.6,94.00,56.40,lost_sales_run_20261005T130920538
S10,P0435,2025-09-22,CAT14,0,1.632,1.632,94.00,153.41,lost_sales_run_20261005T130920538
S10,P0445,2025-04-10,CAT02,2,0.222,0,44.00,0.00,lost_sales_run_20261005T130920538
S10,P0445,2025-04-11,CAT02,0,0.222,0.222,44.00,9.77,lost_sales_run_20261005T130920538
S10,P0445,2025-04-12,CAT02,0,0.222,0.222,44.00,9.77,lost_sales_run_20261005T130920538
S10,P0445,2025-04-13,CAT02,0,0.222,0.222,44.00,9.77,lost_sales_run_20261005T130920538
S10,P0445,2025-04-14,CAT02,1,0.222,0,44.00,0.00,lost_sales_run_20261005T130920538
S10,P0445,2025-06-08,CAT02,1,0.321,0,44.00,0.00,lost_sales_run_20261005T130920538
S10,P0445,2025-06-09,CAT02,0,0.333,0.333,44.00,14.65,lost_sales_run_20261005T130920538
S10,P0445,2025-09-06,CAT02,2,0.464,0,44.00,0.00,lost_sales_run_20261005T130920538
S10,P0445,2025-09-29,CAT02,0,0.852,0.852,44.00,37.49,lost_sales_run_20261005T130920538
S10,P0445,2025-09-30,CAT02,0,0.885,0.885,44.00,38.94,lost_sales_run_20261005T130920538
S10,P0507,2025-08-11,CAT02,11,3.821,0,42.00,0.00,lost_sales_run_20261005T130920538
S10,P0507,2025-08-12,CAT02,3,3.889,0.889,42.00,37.34,lost_sales_run_20261005T130920538
S10,P0507,2025-08-13,CAT02,7,3.962,0,42.00,0.00,lost_sales_run_20261005T130920538
S10,P0507,2025-08-14,CAT02,2,3.8,1.8,42.00,75.60,lost_sales_run_20261005T130920538
S10,P0507,2025-08-15,CAT02,3,3.833,0.833,42.00,34.99,lost_sales_run_20261005T130920538
S10,P0507,2025-08-17,CAT02,9,3.913,0,42.00,0.00,lost_sales_run_20261005T130920538
S10,P0507,2025-08-18,CAT02,5,3.955,0,42.00,0.00,lost_sales_run_20261005T130920538
S10,P0507,2025-09-19,CAT02,6,3.536,0,42.00,0.00,lost_sales_run_20261005T130920538
S10,P0507,2025-09-20,CAT02,2,3.593,1.593,42.00,66.91,lost_sales_run_20261005T130920538
S10,P0507,2025-09-21,CAT02,2,3.5,1.5,42.00,63.00,lost_sales_run_20261005T130920538
S10,P0507,2025-09-22,CAT02,3,3.56,0.56,42.00,23.52,lost_sales_run_20261005T130920538
S10,P0563,2025-05-23,CAT13,3,0.929,0,234.00,0.00,lost_sales_run_20261005T130920538
S10,P0563,2025-05-24,CAT13,1,0.963,0,234.00,0.00,lost_sales_run_20261005T130920538
S10,P0579,2025-06-16,CAT12,0,0.5,0.5,288.00,144.00,lost_sales_run_20261005T130920538
S10,P0579,2025-06-17,CAT12,0,0.481,0.481,288.00,138.53,lost_sales_run_20261005T130920538
S10,P0579,2025-06-18,CAT12,0,0.5,0.5,288.00,144.00,lost_sales_run_20261005T130920538
S10,P0579,2025-07-27,CAT12,4,0.357,0,288.00,0.00,lost_sales_run_20261005T130920538
S10,P0579,2025-07-28,CAT12,0,0.37,0.37,288.00,106.56,lost_sales_run_20261005T130920538
S10,P0579,2025-09-24,CAT12,2,0.286,0,288.00,0.00,lost_sales_run_20261005T130920538
S10,P0589,2025-05-03,CAT03,2,1.179,0,89.00,0.00,lost_sales_run_20261005T130920538
S10,P0589,2025-05-04,CAT03,1,1.222,0.222,89.00,19.76,lost_sales_run_20261005T130920538
S10,P0589,2025-08-25,CAT03,1,0.857,0,89.00,0.00,lost_sales_run_20261005T130920538
S10,P0589,2025-08-26,CAT03,3,0.778,0,89.00,0.00,lost_sales_run_20261005T130920538
S10,P0589,2025-09-20,CAT03,3,0.769,0,89.00,0.00,lost_sales_run_20261005T130920538
S10,P0589,2025-09-21,CAT03,0,0.68,0.68,89.00,60.52,lost_sales_run_20261005T130920538
S10,P0589,2025-09-22,CAT03,0,0.708,0.708,89.00,63.01,lost_sales_run_20261005T130920538
S11,P0032,2025-04-15,CAT11,11,6.714,0,85.00,0.00,lost_sales_run_20261005T130920538
S11,P0032,2025-04-16,CAT11,9,6.714,0,85.00,0.00,lost_sales_run_20261005T130920538
S11,P0032,2025-04-17,CAT11,0,6.714,6.714,85.00,570.69,lost_sales_run_20261005T130920538
S11,P0032,2025-04-18,CAT11,0,6.714,6.714,85.00,570.69,lost_sales_run_20261005T130920538
S11,P0032,2025-04-19,CAT11,7,6.714,0,85.00,0.00,lost_sales_run_20261005T130920538
S11,P0032,2025-04-20,CAT11,2,6.714,4.714,85.00,400.69,lost_sales_run_20261005T130920538
S11,P0032,2025-04-21,CAT11,5,6.714,1.714,85.00,145.69,lost_sales_run_20261005T130920538
S11,P0032,2025-07-30,CAT11,8,6.179,0,85.00,0.00,lost_sales_run_20261005T130920538
S11,P0032,2025-07-31,CAT11,8,6.222,0,85.00,0.00,lost_sales_run_20261005T130920538
S11,P0032,2025-08-01,CAT11,6,6.346,0.346,85.00,29.41,lost_sales_run_20261005T130920538
S11,P0032,2025-08-02,CAT11,1,6.2,5.2,85.00,442.00,lost_sales_run_20261005T130920538
S11,P0032,2025-08-03,CAT11,3,6.042,3.042,85.00,258.57,lost_sales_run_20261005T130920538
S11,P0053,2025-06-02,CAT06,3,0.786,0,114.00,0.00,lost_sales_run_20261005T130920538
S11,P0053,2025-07-19,CAT06,8,0.5,0,114.00,0.00,lost_sales_run_20261005T130920538
S11,P0053,2025-07-20,CAT06,1,0.519,0,114.00,0.00,lost_sales_run_20261005T130920538
S11,P0053,2025-09-02,CAT06,1,0.536,0,114.00,0.00,lost_sales_run_20261005T130920538
S11,P0053,2025-09-03,CAT06,0,0.556,0.556,114.00,63.38,lost_sales_run_20261005T130920538
S11,P0073,2025-05-10,CAT13,3,0.071,0,299.00,0.00,lost_sales_run_20261005T130920538
S11,P0073,2025-05-11,CAT13,1,0.074,0,299.00,0.00,lost_sales_run_20261005T130920538
S11,P0073,2025-05-12,CAT13,0,0.077,0.077,299.00,23.02,lost_sales_run_20261005T130920538
S11,P0073,2025-06-20,CAT13,1,0.714,0,299.00,0.00,lost_sales_run_20261005T130920538
S11,P0073,2025-06-21,CAT13,0,0.741,0.741,299.00,221.56,lost_sales_run_20261005T130920538
S11,P0073,2025-09-15,CAT13,2,0.536,0,299.00,0.00,lost_sales_run_20261005T130920538
S11,P0073,2025-09-16,CAT13,0,0.556,0.556,299.00,166.24,lost_sales_run_20261005T130920538
S11,P0170,2025-09-26,CAT17,2,0.679,0,789.00,0.00,lost_sales_run_20261005T130920538
S11,P0170,2025-09-27,CAT17,3,0.704,0,789.00,0.00,lost_sales_run_20261005T130920538
S11,P0170,2025-09-28,CAT17,4,0.731,0,789.00,0.00,lost_sales_run_20261005T130920538
S11,P0206,2025-04-16,CAT15,8,2,0,294.00,0.00,lost_sales_run_20261005T130920538
S11,P0206,2025-04-17,CAT15,0,2,2,294.00,588.00,lost_sales_run_20261005T130920538
S11,P0206,2025-04-18,CAT15,0,2,2,294.00,588.00,lost_sales_run_20261005T130920538
S11,P0206,2025-07-29,CAT15,10,1.571,0,294.00,0.00,lost_sales_run_20261005T130920538
S11,P0206,2025-07-30,CAT15,0,1.593,1.593,294.00,468.34,lost_sales_run_20261005T130920538
S11,P0206,2025-07-31,CAT15,1,1.615,0.615,294.00,180.81,lost_sales_run_20261005T130920538
S11,P0206,2025-08-22,CAT15,6,1.72,0,294.00,0.00,lost_sales_run_20261005T130920538
S11,P0206,2025-08-23,CAT15,3,1.708,0,294.00,0.00,lost_sales_run_20261005T130920538
S11,P0206,2025-08-24,CAT15,0,1.609,1.609,294.00,473.05,lost_sales_run_20261005T130920538
S11,P0206,2025-08-25,CAT15,2,1.5,0,294.00,0.00,lost_sales_run_20261005T130920538
S11,P0206,2025-09-11,CAT15,0,1.042,1.042,294.00,306.35,lost_sales_run_20261005T130920538
S11,P0206,2025-09-12,CAT15,1,0.913,0,294.00,0.00,lost_sales_run_20261005T130920538
S11,P0206,2025-09-13,CAT15,3,0.955,0,294.00,0.00,lost_sales_run_20261005T130920538
S11,P0206,2025-09-14,CAT15,0,1,1,294.00,294.00,lost_sales_run_20261005T130920538
S11,P0206,2025-09-15,CAT15,0,1.05,1.05,294.00,308.70,lost_sales_run_20261005T130920538
S11,P0206,2025-09-20,CAT15,5,1.15,0,294.00,0.00,lost_sales_run_20261005T130920538
S11,P0206,2025-09-21,CAT15,0,1.15,1.15,294.00,338.10,lost_sales_run_20261005T130920538
S11,P0213,2025-04-20,CAT07,4,1.526,0,21.00,0.00,lost_sales_run_20261005T130920538
S11,P0213,2025-04-21,CAT07,0,1.526,1.526,21.00,32.05,lost_sales_run_20261005T130920538
S11,P0213,2025-08-24,CAT07,4,1.321,0,21.00,0.00,lost_sales_run_20261005T130920538
S11,P0213,2025-08-25,CAT07,0,1.259,1.259,21.00,26.44,lost_sales_run_20261005T130920538
S11,P0213,2025-09-06,CAT07,3,1.423,0,21.00,0.00,lost_sales_run_20261005T130920538
S11,P0213,2025-09-07,CAT07,0,1.48,1.48,21.00,31.08,lost_sales_run_20261005T130920538
S11,P0213,2025-09-08,CAT07,1,1.5,0.5,21.00,10.50,lost_sales_run_20261005T130920538
S11,P0252,2025-04-11,CAT18,2,2,0,229.00,0.00,lost_sales_run_20261005T130920538
S11,P0252,2025-04-12,CAT18,0,2,2,229.00,458.00,lost_sales_run_20261005T130920538
S11,P0252,2025-04-13,CAT18,0,2,2,229.00,458.00,lost_sales_run_20261005T130920538
S11,P0252,2025-04-14,CAT18,0,2,2,229.00,458.00,lost_sales_run_20261005T130920538
S11,P0252,2025-04-15,CAT18,0,2,2,229.00,458.00,lost_sales_run_20261005T130920538
S11,P0252,2025-04-16,CAT18,4,2,0,229.00,0.00,lost_sales_run_20261005T130920538
S11,P0272,2025-04-11,CAT13,0,0.9,0.9,273.00,245.70,lost_sales_run_20261005T130920538
S11,P0272,2025-04-12,CAT13,0,0.9,0.9,273.00,245.70,lost_sales_run_20261005T130920538
S11,P0272,2025-07-11,CAT13,1,0.393,0,273.00,0.00,lost_sales_run_20261005T130920538
S11,P0272,2025-07-12,CAT13,0,0.407,0.407,273.00,111.11,lost_sales_run_20261005T130920538
S11,P0272,2025-07-13,CAT13,1,0.423,0,273.00,0.00,lost_sales_run_20261005T130920538
S11,P0288,2025-07-19,CAT14,11,0.5,0,469.00,0.00,lost_sales_run_20261005T130920538
S11,P0288,2025-07-20,CAT14,0,0.481,0.481,469.00,225.59,lost_sales_run_20261005T130920538
S11,P0316,2025-07-10,CAT15,0,0.714,0.714,589.00,420.55,lost_sales_run_20261005T130920538
S11,P0316,2025-07-11,CAT15,2,0.741,0,589.00,0.00,lost_sales_run_20261005T130920538
S11,P0316,2025-09-06,CAT15,2,1.107,0,589.00,0.00,lost_sales_run_20261005T130920538
S11,P0316,2025-09-07,CAT15,0,1.111,1.111,589.00,654.38,lost_sales_run_20261005T130920538
S11,P0316,2025-09-08,CAT15,0,1,1,589.00,589.00,lost_sales_run_20261005T130920538
S11,P0316,2025-09-26,CAT15,2,0.92,0,589.00,0.00,lost_sales_run_20261005T130920538
S11,P0316,2025-09-27,CAT15,0,0.958,0.958,589.00,564.26,lost_sales_run_20261005T130920538
S11,P0316,2025-09-28,CAT15,1,0.957,0,589.00,0.00,lost_sales_run_20261005T130920538
S11,P0316,2025-09-29,CAT15,0,0.909,0.909,589.00,535.40,lost_sales_run_20261005T130920538
S11,P0369,2025-04-13,CAT09,1,2.417,1.417,44.00,62.35,lost_sales_run_20261005T130920538
S11,P0369,2025-04-14,CAT09,4,2.417,0,44.00,0.00,lost_sales_run_20261005T130920538
S11,P0369,2025-09-14,CAT09,2,3.071,1.071,44.00,47.12,lost_sales_run_20261005T130920538
S11,P0369,2025-09-15,CAT09,0,3.111,3.111,44.00,136.88,lost_sales_run_20261005T130920538
S11,P0381,2025-04-19,CAT13,1,0.556,0,279.00,0.00,lost_sales_run_20261005T130920538
S11,P0381,2025-04-20,CAT13,1,0.556,0,279.00,0.00,lost_sales_run_20261005T130920538
S11,P0381,2025-04-21,CAT13,0,0.556,0.556,279.00,155.12,lost_sales_run_20261005T130920538
S11,P0381,2025-05-31,CAT13,3,0.714,0,279.00,0.00,lost_sales_run_20261005T130920538
S11,P0381,2025-06-01,CAT13,3,0.63,0,279.00,0.00,lost_sales_run_20261005T130920538
S11,P0391,2025-06-01,CAT06,3,1.143,0,42.00,0.00,lost_sales_run_20261005T130920538
S11,P0391,2025-06-02,CAT06,4,1.148,0,42.00,0.00,lost_sales_run_20261005T130920538
S11,P0391,2025-07-29,CAT06,8,1.929,0,42.00,0.00,lost_sales_run_20261005T130920538
S11,P0391,2025-07-30,CAT06,0,1.926,1.926,42.00,80.89,lost_sales_run_20261005T130920538
S11,P0391,2025-07-31,CAT06,0,2,2,42.00,84.00,lost_sales_run_20261005T130920538
S11,P0391,2025-08-17,CAT06,4,2.16,0,42.00,0.00,lost_sales_run_20261005T130920538
S11,P0391,2025-08-18,CAT06,1,2.125,1.125,42.00,47.25,lost_sales_run_20261005T130920538
S11,P0391,2025-09-09,CAT06,2,1.308,0,42.00,0.00,lost_sales_run_20261005T130920538
S11,P0391,2025-09-10,CAT06,2,1.16,0,42.00,0.00,lost_sales_run_20261005T130920538
S11,P0391,2025-09-11,CAT06,2,1.125,0,42.00,0.00,lost_sales_run_20261005T130920538
S11,P0391,2025-09-12,CAT06,0,1.174,1.174,42.00,49.31,lost_sales_run_20261005T130920538
S11,P0391,2025-09-13,CAT06,0,1.227,1.227,42.00,51.53,lost_sales_run_20261005T130920538
S11,P0391,2025-09-14,CAT06,2,1.286,0,42.00,0.00,lost_sales_run_20261005T130920538
S11,P0392,2025-06-07,CAT19,1,0.429,0,59.00,0.00,lost_sales_run_20261005T130920538
S11,P0392,2025-06-08,CAT19,3,0.444,0,59.00,0.00,lost_sales_run_20261005T130920538
S11,P0392,2025-09-01,CAT19,5,0.429,0,59.00,0.00,lost_sales_run_20261005T130920538
S11,P0392,2025-09-02,CAT19,3,0.444,0,59.00,0.00,lost_sales_run_20261005T130920538
S11,P0408,2025-05-25,CAT16,1,0.857,0,303.00,0.00,lost_sales_run_20261005T130920538
S11,P0408,2025-05-26,CAT16,3,0.889,0,303.00,0.00,lost_sales_run_20261005T130920538
S11,P0408,2025-05-30,CAT16,1,0.962,0,303.00,0.00,lost_sales_run_20261005T130920538
S11,P0408,2025-05-31,CAT16,0,0.92,0.92,303.00,278.76,lost_sales_run_20261005T130920538
S11,P0408,2025-07-21,CAT16,4,0.929,0,303.00,0.00,lost_sales_run_20261005T130920538
S11,P0408,2025-07-22,CAT16,0,0.852,0.852,303.00,258.16,lost_sales_run_20261005T130920538
S11,P0408,2025-09-02,CAT16,1,0.964,0,303.00,0.00,lost_sales_run_20261005T130920538
S11,P0408,2025-09-03,CAT16,0,1,1,303.00,303.00,lost_sales_run_20261005T130920538
S11,P0409,2025-04-16,CAT12,0,1,1,193.00,193.00,lost_sales_run_20261005T130920538
S11,P0409,2025-04-17,CAT12,2,1,0,193.00,0.00,lost_sales_run_20261005T130920538
S11,P0409,2025-04-18,CAT12,0,1,1,193.00,193.00,lost_sales_run_20261005T130920538
S11,P0409,2025-04-19,CAT12,3,1,0,193.00,0.00,lost_sales_run_20261005T130920538
S11,P0409,2025-04-20,CAT12,5,1,0,193.00,0.00,lost_sales_run_20261005T130920538
S11,P0409,2025-04-21,CAT12,2,1,0,193.00,0.00,lost_sales_run_20261005T130920538
S11,P0409,2025-09-17,CAT12,2,0.857,0,193.00,0.00,lost_sales_run_20261005T130920538
S11,P0409,2025-09-18,CAT12,1,0.852,0,193.00,0.00,lost_sales_run_20261005T130920538
S11,P0409,2025-09-19,CAT12,1,0.808,0,193.00,0.00,lost_sales_run_20261005T130920538
S11,P0409,2025-09-20,CAT12,0,0.68,0.68,193.00,131.24,lost_sales_run_20261005T130920538
S11,P0409,2025-09-21,CAT12,1,0.708,0,193.00,0.00,lost_sales_run_20261005T130920538
S11,P0409,2025-09-22,CAT12,0,0.696,0.696,193.00,134.33,lost_sales_run_20261005T130920538
S11,P0433,2025-05-06,CAT20,7,0.429,0,179.00,0.00,lost_sales_run_20261005T130920538
S11,P0433,2025-05-07,CAT20,0,0.444,0.444,179.00,79.48,lost_sales_run_20261005T130920538
S11,P0435,2025-05-25,CAT14,2,1.714,0,94.00,0.00,lost_sales_run_20261005T130920538
S11,P0435,2025-05-26,CAT14,8,1.778,0,94.00,0.00,lost_sales_run_20261005T130920538
S11,P0435,2025-06-08,CAT14,3,2.769,0,94.00,0.00,lost_sales_run_20261005T130920538
S11,P0435,2025-06-09,CAT14,1,2.84,1.84,94.00,172.96,lost_sales_run_20261005T130920538
S11,P0435,2025-06-24,CAT14,5,2.731,0,94.00,0.00,lost_sales_run_20261005T130920538
S11,P0435,2025-06-25,CAT14,3,2.64,0,94.00,0.00,lost_sales_run_20261005T130920538
S11,P0435,2025-06-26,CAT14,5,2.75,0,94.00,0.00,lost_sales_run_20261005T130920538
S11,P0435,2025-06-27,CAT14,1,2.826,1.826,94.00,171.64,lost_sales_run_20261005T130920538
S11,P0435,2025-06-28,CAT14,4,2.909,0,94.00,0.00,lost_sales_run_20261005T130920538
S11,P0435,2025-06-29,CAT14,2,2.667,0.667,94.00,62.70,lost_sales_run_20261005T130920538
S11,P0435,2025-06-30,CAT14,2,2.55,0.55,94.00,51.70,lost_sales_run_20261005T130920538
S11,P0435,2025-07-01,CAT14,3,2.632,0,94.00,0.00,lost_sales_run_20261005T130920538
S11,P0435,2025-07-02,CAT14,0,2.667,2.667,94.00,250.70,lost_sales_run_20261005T130920538
S11,P0435,2025-07-03,CAT14,9,2.706,0,94.00,0.00,lost_sales_run_20261005T130920538
S11,P0435,2025-07-04,CAT14,2,2.688,0.688,94.00,64.67,lost_sales_run_20261005T130920538
S11,P0435,2025-07-05,CAT14,2,2.067,0.067,94.00,6.30,lost_sales_run_20261005T130920538
S11,P0435,2025-07-06,CAT14,1,1.786,0.786,94.00,73.88,lost_sales_run_20261005T130920538
S11,P0435,2025-07-07,CAT14,3,1.786,0,94.00,0.00,lost_sales_run_20261005T130920538
S11,P0435,2025-08-23,CAT14,2,2.107,0.107,94.00,10.06,lost_sales_run_20261005T130920538
S11,P0435,2025-08-24,CAT14,3,2.037,0,94.00,0.00,lost_sales_run_20261005T130920538
S11,P0435,2025-09-13,CAT14,10,2.923,0,94.00,0.00,lost_sales_run_20261005T130920538
S11,P0435,2025-09-14,CAT14,7,2.92,0,94.00,0.00,lost_sales_run_20261005T130920538
S11,P0445,2025-04-12,CAT02,3,0.909,0,44.00,0.00,lost_sales_run_20261005T130920538
S11,P0445,2025-04-13,CAT02,1,0.909,0,44.00,0.00,lost_sales_run_20261005T130920538
S11,P0445,2025-06-10,CAT02,1,0.571,0,44.00,0.00,lost_sales_run_20261005T130920538
S11,P0445,2025-06-11,CAT02,0,0.593,0.593,44.00,26.09,lost_sales_run_20261005T130920538
S11,P0445,2025-06-12,CAT02,0,0.538,0.538,44.00,23.67,lost_sales_run_20261005T130920538
S11,P0445,2025-07-12,CAT02,3,0.75,0,44.00,0.00,lost_sales_run_20261005T130920538
S11,P0445,2025-07-13,CAT02,3,0.704,0,44.00,0.00,lost_sales_run_20261005T130920538
S11,P0563,2025-04-09,CAT13,4,3,0,234.00,0.00,lost_sales_run_20261005T130920538
S11,P0563,2025-04-10,CAT13,2,3,1,234.00,234.00,lost_sales_run_20261005T130920538
S11,P0563,2025-07-19,CAT13,8,1.714,0,234.00,0.00,lost_sales_run_20261005T130920538
S11,P0563,2025-07-20,CAT13,0,1.556,1.556,234.00,364.10,lost_sales_run_20261005T130920538
S11,P0563,2025-07-21,CAT13,2,1.615,0,234.00,0.00,lost_sales_run_20261005T130920538
S11,P0563,2025-08-30,CAT13,11,1.464,0,234.00,0.00,lost_sales_run_20261005T130920538
S11,P0563,2025-08-31,CAT13,0,1.519,1.519,234.00,355.45,lost_sales_run_20261005T130920538
S11,P0579,2025-05-17,CAT12,0,0.607,0.607,288.00,174.82,lost_sales_run_20261005T130920538
S11,P0579,2025-05-18,CAT12,1,0.593,0,288.00,0.00,lost_sales_run_20261005T130920538
S11,P0579,2025-06-05,CAT12,0,0.577,0.577,288.00,166.18,lost_sales_run_20261005T130920538
S11,P0579,2025-06-06,CAT12,1,0.6,0,288.00,0.00,lost_sales_run_20261005T130920538
S11,P0579,2025-06-24,CAT12,2,0.769,0,288.00,0.00,lost_sales_run_20261005T130920538
S11,P0579,2025-06-25,CAT12,0,0.8,0.8,288.00,230.40,lost_sales_run_20261005T130920538
S11,P0579,2025-09-14,CAT12,0,0.536,0.536,288.00,154.37,lost_sales_run_20261005T130920538
S11,P0579,2025-09-15,CAT12,0,0.556,0.556,288.00,160.13,lost_sales_run_20261005T130920538
S12,P0003,2025-07-11,CAT03,2,1.393,0,169.00,0.00,lost_sales_run_20261005T130920538
S12,P0003,2025-07-12,CAT03,0,1.444,1.444,169.00,244.04,lost_sales_run_20261005T130920538
S12,P0003,2025-07-31,CAT03,2,1.192,0,169.00,0.00,lost_sales_run_20261005T130920538
S12,P0003,2025-08-04,CAT03,1,1.2,0.2,169.00,33.80,lost_sales_run_20261005T130920538
S12,P0003,2025-08-05,CAT03,1,1.125,0.125,169.00,21.12,lost_sales_run_20261005T130920538
S12,P0003,2025-08-06,CAT03,6,1.174,0,169.00,0.00,lost_sales_run_20261005T130920538
S12,P0003,2025-08-07,CAT03,0,1.182,1.182,169.00,199.76,lost_sales_run_20261005T130920538
S12,P0022,2025-09-13,CAT05,4,1.321,0,289.00,0.00,lost_sales_run_20261005T130920538
S12,P0022,2025-09-14,CAT05,4,1.333,0,289.00,0.00,lost_sales_run_20261005T130920538
S12,P0022,2025-09-15,CAT05,2,1.385,0,289.00,0.00,lost_sales_run_20261005T130920538
S12,P0032,2025-06-19,CAT11,5,4.071,0,85.00,0.00,lost_sales_run_20261005T130920538
S12,P0032,2025-06-20,CAT11,0,4.148,4.148,85.00,352.58,lost_sales_run_20261005T130920538
S12,P0032,2025-06-21,CAT11,11,4.192,0,85.00,0.00,lost_sales_run_20261005T130920538
S12,P0032,2025-06-22,CAT11,6,4.32,0,85.00,0.00,lost_sales_run_20261005T130920538
S12,P0032,2025-06-23,CAT11,9,4.333,0,85.00,0.00,lost_sales_run_20261005T130920538
S12,P0053,2025-08-22,CAT06,1,0.179,0,114.00,0.00,lost_sales_run_20261005T130920538
S12,P0053,2025-08-23,CAT06,0,0.148,0.148,114.00,16.87,lost_sales_run_20261005T130920538
S12,P0053,2025-08-30,CAT06,5,0.308,0,114.00,0.00,lost_sales_run_20261005T130920538
S12,P0053,2025-08-31,CAT06,0,0.32,0.32,114.00,36.48,lost_sales_run_20261005T130920538
S12,P0053,2025-09-01,CAT06,0,0.333,0.333,114.00,37.96,lost_sales_run_20261005T130920538
S12,P0053,2025-09-29,CAT06,4,0.556,0,114.00,0.00,lost_sales_run_20261005T130920538
S12,P0053,2025-09-30,CAT06,0,0.556,0.556,114.00,63.38,lost_sales_run_20261005T130920538
S12,P0073,2025-05-19,CAT13,0,0.25,0.25,299.00,74.75,lost_sales_run_20261005T130920538
S12,P0073,2025-05-20,CAT13,0,0.259,0.259,299.00,77.44,lost_sales_run_20261005T130920538
S12,P0073,2025-06-09,CAT13,0,0.385,0.385,299.00,115.12,lost_sales_run_20261005T130920538
S12,P0073,2025-06-10,CAT13,0,0.4,0.4,299.00,119.60,lost_sales_run_20261005T130920538
S12,P0073,2025-06-11,CAT13,0,0.417,0.417,299.00,124.68,lost_sales_run_20261005T130920538
S12,P0073,2025-06-12,CAT13,0,0.435,0.435,299.00,130.06,lost_sales_run_20261005T130920538
S12,P0073,2025-06-13,CAT13,0,0.364,0.364,299.00,108.84,lost_sales_run_20261005T130920538
S12,P0073,2025-06-14,CAT13,0,0.381,0.381,299.00,113.92,lost_sales_run_20261005T130920538
S12,P0073,2025-07-27,CAT13,0,0.464,0.464,299.00,138.74,lost_sales_run_20261005T130920538
S12,P0073,2025-07-28,CAT13,1,0.481,0,299.00,0.00,lost_sales_run_20261005T130920538
S12,P0170,2025-06-04,CAT17,3,0.429,0,789.00,0.00,lost_sales_run_20261005T130920538
S12,P0170,2025-06-05,CAT17,4,0.37,0,789.00,0.00,lost_sales_run_20261005T130920538
S12,P0170,2025-09-15,CAT17,5,0.75,0,789.00,0.00,lost_sales_run_20261005T130920538
S12,P0170,2025-09-16,CAT17,0,0.778,0.778,789.00,613.84,lost_sales_run_20261005T130920538
S12,P0206,2025-05-11,CAT15,1,1.679,0.679,294.00,199.63,lost_sales_run_20261005T130920538
S12,P0206,2025-05-12,CAT15,0,1.593,1.593,294.00,468.34,lost_sales_run_20261005T130920538
S12,P0206,2025-05-13,CAT15,0,1.654,1.654,294.00,486.28,lost_sales_run_20261005T130920538
S12,P0206,2025-05-14,CAT15,0,1.68,1.68,294.00,493.92,lost_sales_run_20261005T130920538
S12,P0206,2025-05-15,CAT15,2,1.625,0,294.00,0.00,lost_sales_run_20261005T130920538
S12,P0206,2025-09-07,CAT15,7,1.25,0,294.00,0.00,lost_sales_run_20261005T130920538
S12,P0206,2025-09-08,CAT15,0,1.185,1.185,294.00,348.39,lost_sales_run_20261005T130920538
S12,P0206,2025-09-20,CAT15,5,1.154,0,294.00,0.00,lost_sales_run_20261005T130920538
S12,P0206,2025-09-21,CAT15,6,1.2,0,294.00,0.00,lost_sales_run_20261005T130920538
S12,P0206,2025-09-28,CAT15,6,1.333,0,294.00,0.00,lost_sales_run_20261005T130920538
S12,P0206,2025-09-29,CAT15,1,1.391,0.391,294.00,114.95,lost_sales_run_20261005T130920538
S12,P0213,2025-06-26,CAT07,1,1.429,0.429,21.00,9.01,lost_sales_run_20261005T130920538
S12,P0213,2025-06-27,CAT07,0,1.407,1.407,21.00,29.55,lost_sales_run_20261005T130920538
S12,P0252,2025-09-08,CAT18,2,1.714,0,229.00,0.00,lost_sales_run_20261005T130920538
S12,P0272,2025-06-07,CAT13,6,0.607,0,273.00,0.00,lost_sales_run_20261005T130920538
S12,P0272,2025-06-08,CAT13,1,0.63,0,273.00,0.00,lost_sales_run_20261005T130920538
S12,P0272,2025-08-02,CAT13,3,0.643,0,273.00,0.00,lost_sales_run_20261005T130920538
S12,P0272,2025-08-03,CAT13,0,0.667,0.667,273.00,182.09,lost_sales_run_20261005T130920538
S12,P0288,2025-07-27,CAT14,1,0.786,0,469.00,0.00,lost_sales_run_20261005T130920538
S12,P0288,2025-07-28,CAT14,1,0.778,0,469.00,0.00,lost_sales_run_20261005T130920538
S12,P0316,2025-06-13,CAT15,4,0.643,0,589.00,0.00,lost_sales_run_20261005T130920538
S12,P0316,2025-06-14,CAT15,1,0.667,0,589.00,0.00,lost_sales_run_20261005T130920538
S12,P0369,2025-08-16,CAT09,10,2.071,0,44.00,0.00,lost_sales_run_20261005T130920538
S12,P0369,2025-08-17,CAT09,1,2,1,44.00,44.00,lost_sales_run_20261005T130920538
S12,P0381,2025-05-10,CAT13,4,0.536,0,279.00,0.00,lost_sales_run_20261005T130920538
S12,P0381,2025-05-11,CAT13,0,0.556,0.556,279.00,155.12,lost_sales_run_20261005T130920538
S12,P0381,2025-05-12,CAT13,1,0.538,0,279.00,0.00,lost_sales_run_20261005T130920538
S12,P0381,2025-05-24,CAT13,1,0.64,0,279.00,0.00,lost_sales_run_20261005T130920538
S12,P0381,2025-05-25,CAT13,0,0.667,0.667,279.00,186.09,lost_sales_run_20261005T130920538
S12,P0381,2025-05-26,CAT13,0,0.609,0.609,279.00,169.91,lost_sales_run_20261005T130920538
S12,P0381,2025-06-01,CAT13,2,0.545,0,279.00,0.00,lost_sales_run_20261005T130920538
S12,P0381,2025-06-02,CAT13,1,0.476,0,279.00,0.00,lost_sales_run_20261005T130920538
S12,P0381,2025-06-29,CAT13,2,0.423,0,279.00,0.00,lost_sales_run_20261005T130920538
S12,P0381,2025-06-30,CAT13,0,0.423,0.423,279.00,118.02,lost_sales_run_20261005T130920538
S12,P0381,2025-08-03,CAT13,5,0.5,0,279.00,0.00,lost_sales_run_20261005T130920538
S12,P0381,2025-08-04,CAT13,0,0.407,0.407,279.00,113.55,lost_sales_run_20261005T130920538
S12,P0381,2025-09-29,CAT13,1,0.714,0,279.00,0.00,lost_sales_run_20261005T130920538
S12,P0381,2025-09-30,CAT13,2,0.704,0,279.00,0.00,lost_sales_run_20261005T130920538
S12,P0391,2025-06-19,CAT06,2,0.714,0,42.00,0.00,lost_sales_run_20261005T130920538
S12,P0391,2025-06-20,CAT06,0,0.741,0.741,42.00,31.12,lost_sales_run_20261005T130920538
S12,P0391,2025-07-25,CAT06,3,1.429,0,42.00,0.00,lost_sales_run_20261005T130920538
S12,P0391,2025-07-26,CAT06,1,1.37,0.37,42.00,15.54,lost_sales_run_20261005T130920538
S12,P0391,2025-07-27,CAT06,0,1.385,1.385,42.00,58.17,lost_sales_run_20261005T130920538
S12,P0391,2025-07-28,CAT06,1,1.44,0.44,42.00,18.48,lost_sales_run_20261005T130920538
S12,P0392,2025-04-12,CAT19,5,0.455,0,59.00,0.00,lost_sales_run_20261005T130920538
S12,P0392,2025-04-13,CAT19,0,0.455,0.455,59.00,26.85,lost_sales_run_20261005T130920538
S12,P0392,2025-04-14,CAT19,0,0.455,0.455,59.00,26.85,lost_sales_run_20261005T130920538
S12,P0392,2025-05-13,CAT19,4,0.286,0,59.00,0.00,lost_sales_run_20261005T130920538
S12,P0392,2025-05-14,CAT19,0,0.296,0.296,59.00,17.46,lost_sales_run_20261005T130920538
S12,P0392,2025-05-15,CAT19,0,0.231,0.231,59.00,13.63,lost_sales_run_20261005T130920538
S12,P0392,2025-05-16,CAT19,0,0.24,0.24,59.00,14.16,lost_sales_run_20261005T130920538
S12,P0392,2025-05-17,CAT19,0,0.25,0.25,59.00,14.75,lost_sales_run_20261005T130920538
S12,P0392,2025-05-18,CAT19,1,0.261,0,59.00,0.00,lost_sales_run_20261005T130920538
S12,P0392,2025-05-19,CAT19,1,0.227,0,59.00,0.00,lost_sales_run_20261005T130920538
S12,P0392,2025-07-02,CAT19,5,0.536,0,59.00,0.00,lost_sales_run_20261005T130920538
S12,P0392,2025-07-03,CAT19,0,0.481,0.481,59.00,28.38,lost_sales_run_20261005T130920538
S12,P0392,2025-07-04,CAT19,0,0.5,0.5,59.00,29.50,lost_sales_run_20261005T130920538
S12,P0392,2025-07-05,CAT19,0,0.52,0.52,59.00,30.68,lost_sales_run_20261005T130920538
S12,P0392,2025-07-06,CAT19,0,0.5,0.5,59.00,29.50,lost_sales_run_20261005T130920538
S12,P0392,2025-07-07,CAT19,0,0.478,0.478,59.00,28.20,lost_sales_run_20261005T130920538
S12,P0392,2025-08-18,CAT19,4,0.357,0,59.00,0.00,lost_sales_run_20261005T130920538
S12,P0392,2025-08-19,CAT19,1,0.37,0,59.00,0.00,lost_sales_run_20261005T130920538
S12,P0408,2025-08-28,CAT16,3,0.179,0,303.00,0.00,lost_sales_run_20261005T130920538
S12,P0408,2025-08-29,CAT16,0,0.185,0.185,303.00,56.06,lost_sales_run_20261005T130920538
S12,P0408,2025-09-24,CAT16,2,0.615,0,303.00,0.00,lost_sales_run_20261005T130920538
S12,P0408,2025-09-25,CAT16,0,0.64,0.64,303.00,193.92,lost_sales_run_20261005T130920538
S12,P0409,2025-04-16,CAT12,5,0.8,0,193.00,0.00,lost_sales_run_20261005T130920538
S12,P0409,2025-04-17,CAT12,0,0.8,0.8,193.00,154.40,lost_sales_run_20261005T130920538
S12,P0409,2025-04-18,CAT12,3,0.8,0,193.00,0.00,lost_sales_run_20261005T130920538
S12,P0409,2025-04-19,CAT12,2,0.8,0,193.00,0.00,lost_sales_run_20261005T130920538
S12,P0409,2025-04-20,CAT12,1,0.8,0,193.00,0.00,lost_sales_run_20261005T130920538
S12,P0409,2025-04-21,CAT12,0,0.8,0.8,193.00,154.40,lost_sales_run_20261005T130920538
S12,P0409,2025-05-24,CAT12,5,0.536,0,193.00,0.00,lost_sales_run_20261005T130920538
S12,P0409,2025-05-25,CAT12,1,0.519,0,193.00,0.00,lost_sales_run_20261005T130920538
S12,P0409,2025-05-26,CAT12,2,0.538,0,193.00,0.00,lost_sales_run_20261005T130920538
S12,P0409,2025-05-27,CAT12,0,0.56,0.56,193.00,108.08,lost_sales_run_20261005T130920538
S12,P0409,2025-05-28,CAT12,0,0.5,0.5,193.00,96.50,lost_sales_run_20261005T130920538
S12,P0409,2025-05-29,CAT12,0,0.522,0.522,193.00,100.75,lost_sales_run_20261005T130920538
S12,P0409,2025-05-30,CAT12,0,0.545,0.545,193.00,105.18,lost_sales_run_20261005T130920538
S12,P0409,2025-05-31,CAT12,0,0.571,0.571,193.00,110.20,lost_sales_run_20261005T130920538
S12,P0409,2025-06-01,CAT12,1,0.6,0,193.00,0.00,lost_sales_run_20261005T130920538
S12,P0409,2025-06-02,CAT12,0,0.632,0.632,193.00,121.98,lost_sales_run_20261005T130920538
S12,P0409,2025-08-28,CAT12,3,0.679,0,193.00,0.00,lost_sales_run_20261005T130920538
S12,P0409,2025-08-29,CAT12,0,0.704,0.704,193.00,135.87,lost_sales_run_20261005T130920538
S12,P0433,2025-05-21,CAT20,3,0.071,0,179.00,0.00,lost_sales_run_20261005T130920538
S12,P0433,2025-05-22,CAT20,0,0.074,0.074,179.00,13.25,lost_sales_run_20261005T130920538
S12,P0435,2025-06-22,CAT14,7,1.25,0,94.00,0.00,lost_sales_run_20261005T130920538
S12,P0435,2025-06-23,CAT14,0,1.222,1.222,94.00,114.87,lost_sales_run_20261005T130920538
S12,P0445,2025-06-17,CAT02,3,0.393,0,44.00,0.00,lost_sales_run_20261005T130920538
S12,P0445,2025-06-18,CAT02,1,0.407,0,44.00,0.00,lost_sales_run_20261005T130920538
S12,P0445,2025-06-19,CAT02,0,0.385,0.385,44.00,16.94,lost_sales_run_20261005T130920538
S12,P0445,2025-06-20,CAT02,0,0.4,0.4,44.00,17.60,lost_sales_run_20261005T130920538
S12,P0445,2025-06-22,CAT02,3,0.375,0,44.00,0.00,lost_sales_run_20261005T130920538
S12,P0445,2025-06-23,CAT02,4,0.348,0,44.00,0.00,lost_sales_run_20261005T130920538
S12,P0507,2025-06-06,CAT02,4,3.464,0,42.00,0.00,lost_sales_run_20261005T130920538
S12,P0507,2025-06-07,CAT02,5,3.259,0,42.00,0.00,lost_sales_run_20261005T130920538
S12,P0507,2025-06-08,CAT02,2,3.346,1.346,42.00,56.53,lost_sales_run_20261005T130920538
S12,P0507,2025-06-09,CAT02,0,3.28,3.28,42.00,137.76,lost_sales_run_20261005T130920538
S12,P0507,2025-07-21,CAT02,6,3.786,0,42.00,0.00,lost_sales_run_20261005T130920538
S12,P0507,2025-07-22,CAT02,0,3.741,3.741,42.00,157.12,lost_sales_run_20261005T130920538
S12,P0507,2025-07-23,CAT02,0,3.769,3.769,42.00,158.30,lost_sales_run_20261005T130920538
S12,P0507,2025-07-24,CAT02,0,3.56,3.56,42.00,149.52,lost_sales_run_20261005T130920538
S12,P0507,2025-07-25,CAT02,7,3.625,0,42.00,0.00,lost_sales_run_20261005T130920538
S12,P0507,2025-08-25,CAT02,0,3.964,3.964,42.00,166.49,lost_sales_run_20261005T130920538
S12,P0507,2025-08-26,CAT02,0,3.741,3.741,42.00,157.12,lost_sales_run_20261005T130920538
S12,P0507,2025-08-27,CAT02,0,3.731,3.731,42.00,156.70,lost_sales_run_20261005T130920538
S12,P0507,2025-08-28,CAT02,0,3.76,3.76,42.00,157.92,lost_sales_run_20261005T130920538
S12,P0507,2025-08-29,CAT02,0,3.833,3.833,42.00,160.99,lost_sales_run_20261005T130920538
S12,P0507,2025-08-30,CAT02,2,4,2,42.00,84.00,lost_sales_run_20261005T130920538
S12,P0507,2025-09-08,CAT02,6,4.227,0,42.00,0.00,lost_sales_run_20261005T130920538
S12,P0507,2025-09-09,CAT02,6,4.381,0,42.00,0.00,lost_sales_run_20261005T130920538
S12,P0563,2025-05-11,CAT13,4,0.893,0,234.00,0.00,lost_sales_run_20261005T130920538
S12,P0563,2025-05-12,CAT13,0,0.778,0.778,234.00,182.05,lost_sales_run_20261005T130920538
S12,P0563,2025-07-17,CAT13,4,1.036,0,234.00,0.00,lost_sales_run_20261005T130920538
S12,P0563,2025-07-18,CAT13,0,1.037,1.037,234.00,242.66,lost_sales_run_20261005T130920538
S12,P0563,2025-07-19,CAT13,0,1,1,234.00,234.00,lost_sales_run_20261005T130920538
S12,P0563,2025-07-20,CAT13,2,1.04,0,234.00,0.00,lost_sales_run_20261005T130920538
S12,P0563,2025-07-21,CAT13,1,0.958,0,234.00,0.00,lost_sales_run_20261005T130920538
S12,P0563,2025-09-10,CAT13,1,1.179,0.179,234.00,41.89,lost_sales_run_20261005T130920538
S12,P0563,2025-09-11,CAT13,0,1.222,1.222,234.00,285.95,lost_sales_run_20261005T130920538
S12,P0579,2025-05-12,CAT12,0,0.571,0.571,288.00,164.45,lost_sales_run_20261005T130920538
S12,P0579,2025-05-13,CAT12,0,0.593,0.593,288.00,170.78,lost_sales_run_20261005T130920538
S12,P0579,2025-07-22,CAT12,6,0.429,0,288.00,0.00,lost_sales_run_20261005T130920538
S12,P0579,2025-09-20,CAT12,3,0.393,0,288.00,0.00,lost_sales_run_20261005T130920538
S12,P0579,2025-09-21,CAT12,0,0.407,0.407,288.00,117.22,lost_sales_run_20261005T130920538
S12,P0579,2025-09-22,CAT12,1,0.423,0,288.00,0.00,lost_sales_run_20261005T130920538
S12,P0589,2025-05-01,CAT03,13,0.786,0,89.00,0.00,lost_sales_run_20261005T130920538
S12,P0589,2025-05-02,CAT03,0,0.704,0.704,89.00,62.66,lost_sales_run_20261005T130920538
S12,P0589,2025-05-03,CAT03,0,0.731,0.731,89.00,65.06,lost_sales_run_20261005T130920538
S12,P0589,2025-06-24,CAT03,2,0.893,0,89.00,0.00,lost_sales_run_20261005T130920538
S12,P0589,2025-06-25,CAT03,1,0.889,0,89.00,0.00,lost_sales_run_20261005T130920538
S12,P0589,2025-06-26,CAT03,1,0.885,0,89.00,0.00,lost_sales_run_20261005T130920538
S12,P0589,2025-06-27,CAT03,1,0.92,0,89.00,0.00,lost_sales_run_20261005T130920538
S12,P0589,2025-06-28,CAT03,0,0.958,0.958,89.00,85.26,lost_sales_run_20261005T130920538
S12,P0589,2025-06-29,CAT03,0,1,1,89.00,89.00,lost_sales_run_20261005T130920538
S12,P0589,2025-06-30,CAT03,1,1.045,0.045,89.00,4.00,lost_sales_run_20261005T130920538
S12,P0589,2025-07-01,CAT03,2,1.048,0,89.00,0.00,lost_sales_run_20261005T130920538
S12,P0589,2025-07-02,CAT03,3,1.1,0,89.00,0.00,lost_sales_run_20261005T130920538
S12,P0589,2025-07-03,CAT03,0,1.105,1.105,89.00,98.34,lost_sales_run_20261005T130920538
S12,P0589,2025-07-04,CAT03,1,0.944,0,89.00,0.00,lost_sales_run_20261005T130920538
S12,P0589,2025-07-05,CAT03,0,1,1,89.00,89.00,lost_sales_run_20261005T130920538
S12,P0589,2025-07-06,CAT03,0,1.062,1.062,89.00,94.52,lost_sales_run_20261005T130920538
S12,P0589,2025-07-07,CAT03,1,1.133,0.133,89.00,11.84,lost_sales_run_20261005T130920538
S12,P0589,2025-07-13,CAT03,6,0.929,0,89.00,0.00,lost_sales_run_20261005T130920538
S12,P0589,2025-07-14,CAT03,0,0.769,0.769,89.00,68.44,lost_sales_run_20261005T130920538
