store_id,business_date,deliveries,delivered,failed,cancelled_in_transit,avg_delivery_minutes,p50_delivery_minutes,p90_delivery_minutes,on_time_rate,active_partners
S01,2025-04-01,9,9,0,0,13.51,11.1,23.9,0.6667,6
S01,2025-04-02,12,12,0,0,17.41,15.0,27.6,0.5,7
S01,2025-04-03,11,11,0,0,17.46,17.5,20.6,0.3636,6
S01,2025-04-04,19,19,0,0,13.91,13.1,18.3,0.5789,6
S01,2025-04-05,18,18,0,0,15.81,14.2,24.5,0.5,8
S01,2025-04-06,17,17,0,0,14.92,14.6,22.2,0.5294,8
S01,2025-04-07,10,10,0,0,15.21,15.8,21.5,0.4,5
S01,2025-04-08,20,20,0,0,14.29,13.5,21.4,0.55,9
S01,2025-04-09,10,10,0,0,14.8,14.3,17.6,0.5,5
S01,2025-04-10,15,15,0,0,15.12,15.9,20.3,0.4667,9
S01,2025-04-11,13,13,0,0,15.09,13.9,22.8,0.5385,7
S01,2025-04-12,19,18,1,0,15.63,14.2,27.7,0.6667,7
S01,2025-04-13,10,10,0,0,16.3,13.0,24.1,0.5,7
S01,2025-04-14,7,7,0,0,13.81,14.0,19.3,0.5714,5
S01,2025-04-15,18,18,0,0,13.01,12.6,18.2,0.6667,8
S01,2025-04-16,12,12,0,0,14.42,14.1,18.6,0.6667,5
S01,2025-04-17,12,12,0,0,13.78,10.8,22.6,0.75,7
S01,2025-04-18,14,14,0,0,15.13,13.5,21.0,0.6429,6
S01,2025-04-19,13,13,0,0,14.28,13.8,20.4,0.6154,7
S01,2025-04-20,10,10,0,0,14.11,12.9,19.1,0.6,6
S01,2025-04-21,9,9,0,0,17.57,17.0,32.3,0.4444,6
S01,2025-04-22,14,14,0,0,16.43,14.4,22.6,0.5714,7
S01,2025-04-23,14,14,0,0,13.04,13.0,18.5,0.6429,5
S01,2025-04-24,23,23,0,0,14.27,12.7,26.3,0.6957,7
S01,2025-04-25,16,16,0,0,14.67,13.0,21.5,0.5625,7
S01,2025-04-26,12,12,0,0,13.5,14.2,16.3,0.6667,7
S01,2025-04-27,5,5,0,0,16.64,15.6,26.8,0.4,4
S01,2025-04-28,11,11,0,0,15.41,13.2,22.5,0.5455,7
S01,2025-04-29,14,14,0,0,15.79,13.7,21.9,0.5,8
S01,2025-04-30,11,11,0,0,16.77,15.2,26.5,0.4545,8
S01,2025-05-01,18,18,0,0,14.48,14.1,23.0,0.5556,6
S01,2025-05-02,8,8,0,0,15.83,15.3,19.8,0.375,5
S01,2025-05-03,20,20,0,0,13.38,12.9,17.6,0.65,7
S01,2025-05-04,15,14,0,1,13.71,12.1,20.3,0.5714,8
S01,2025-05-05,20,20,0,0,16.21,14.8,22.3,0.5,9
S01,2025-05-06,16,16,0,0,14.65,14.4,20.7,0.5,6
S01,2025-05-07,9,9,0,0,13.81,13.6,17.4,0.6667,5
S01,2025-05-08,14,14,0,0,13.87,13.4,18.4,0.5714,5
S01,2025-05-09,8,8,0,0,16.38,14.5,36.2,0.625,6
S01,2025-05-10,18,18,0,0,16.33,13.8,22.8,0.6111,7
S01,2025-05-11,15,15,0,0,14.46,13.2,21.4,0.7333,9
S01,2025-05-12,15,15,0,0,12.65,13.0,18.3,0.7333,7
S01,2025-05-13,12,12,0,0,13.17,10.3,18.9,0.6667,7
S01,2025-05-14,11,11,0,0,15.88,17.6,21.3,0.3636,6
S01,2025-05-15,17,17,0,0,15.78,15.5,25.2,0.4706,8
S01,2025-05-16,16,16,0,0,13.61,13.3,17.0,0.8125,8
S01,2025-05-17,13,13,0,0,14.9,13.3,22.3,0.6923,6
S01,2025-05-18,10,10,0,0,13.94,14.1,17.4,0.6,7
S01,2025-05-19,17,17,0,0,15.26,13.9,21.8,0.5294,8
S01,2025-05-20,18,18,0,0,13.69,13.1,21.0,0.6667,7
S01,2025-05-21,8,7,0,1,17.76,15.8,30.7,0.4286,6
S01,2025-05-22,16,15,1,0,15.32,12.7,28.4,0.6,7
S01,2025-05-23,18,17,1,0,16.34,16.1,25.0,0.4118,8
S01,2025-05-24,19,19,0,0,15.46,14.3,24.5,0.5789,8
S01,2025-05-25,8,8,0,0,14.27,15.5,18.8,0.375,7
S01,2025-05-26,8,8,0,0,14.59,13.7,19.0,0.625,6
S01,2025-05-27,9,9,0,0,14.21,14.0,18.0,0.7778,6
S01,2025-05-28,14,14,0,0,13.92,13.5,20.9,0.6429,6
S01,2025-05-29,13,12,1,0,15.73,13.0,24.5,0.75,8
S01,2025-05-30,20,20,0,0,15.29,15.3,20.9,0.4,8
S01,2025-05-31,20,20,0,0,14.52,13.5,20.5,0.6,9
S01,2025-06-01,15,15,0,0,15.81,13.2,22.5,0.5333,5
S01,2025-06-02,12,12,0,0,14.82,12.8,20.8,0.5833,7
S01,2025-06-03,16,16,0,0,14.06,12.9,18.4,0.75,6
S01,2025-06-04,16,16,0,0,14.18,13.9,19.6,0.5625,8
S01,2025-06-05,10,10,0,0,13.53,11.3,20.8,0.7,7
S01,2025-06-06,19,19,0,0,17.12,17.3,26.1,0.4211,8
S01,2025-06-07,12,12,0,0,14.43,12.9,20.6,0.6667,6
S01,2025-06-08,17,15,0,2,16.25,18.4,23.1,0.4667,7
S01,2025-06-09,6,5,1,0,15.8,18.1,24.0,0.4,4
S01,2025-06-10,15,15,0,0,15.93,15.5,22.3,0.4667,7
S01,2025-06-11,4,4,0,0,21.1,20.3,24.2,0.0,4
S01,2025-06-12,15,15,0,0,13.3,12.6,18.1,0.6667,8
S01,2025-06-13,12,12,0,0,14.32,11.8,21.1,0.5833,7
S01,2025-06-14,13,13,0,0,15.43,15.4,20.3,0.4615,6
S01,2025-06-15,15,15,0,0,14.49,12.2,21.4,0.6,6
S01,2025-06-16,9,9,0,0,20.09,21.3,31.0,0.2222,4
S01,2025-06-17,14,14,0,0,15.43,14.8,21.2,0.5,7
S01,2025-06-18,17,17,0,0,14.92,12.7,19.7,0.5882,7
S01,2025-06-19,13,13,0,0,17.24,18.3,24.2,0.3077,7
S01,2025-06-20,9,9,0,0,14.54,14.7,22.1,0.6667,4
S01,2025-06-21,24,21,2,1,21.03,18.1,28.3,0.1905,7
S01,2025-06-22,19,19,0,0,18.77,15.4,31.9,0.4737,8
S01,2025-06-23,7,7,0,0,16.7,15.8,27.9,0.4286,6
S01,2025-06-24,16,16,0,0,19.95,17.0,28.0,0.1875,7
S01,2025-06-25,14,14,0,0,13.56,12.4,21.6,0.7143,7
S01,2025-06-26,16,16,0,0,11.55,10.8,16.8,0.6875,8
S01,2025-06-27,13,13,0,0,16.05,17.3,20.8,0.3846,6
S01,2025-06-28,18,18,0,0,15.78,14.2,23.2,0.5556,7
S01,2025-06-29,17,17,0,0,14.59,13.6,22.2,0.5294,7
S01,2025-06-30,17,17,0,0,14.89,12.7,22.0,0.6471,7
S01,2025-07-01,17,17,0,0,16.7,16.6,24.8,0.3529,7
S01,2025-07-02,13,13,0,0,15.04,15.2,20.4,0.4615,8
S01,2025-07-03,13,13,0,0,14.17,12.6,21.0,0.5385,6
S01,2025-07-04,9,9,0,0,19.9,20.8,25.0,0.2222,6
S01,2025-07-05,22,22,0,0,12.58,12.8,17.9,0.7273,9
S01,2025-07-06,16,16,0,0,18.14,18.8,27.8,0.375,8
S01,2025-07-07,14,14,0,0,15.96,14.9,20.0,0.5,7
S01,2025-07-08,8,8,0,0,15.33,13.5,19.4,0.5,6
S01,2025-07-09,12,12,0,0,14.78,11.5,22.2,0.5833,7
S01,2025-07-10,12,12,0,0,19.58,20.6,31.9,0.3333,7
S01,2025-07-11,9,9,0,0,11.5,11.3,17.4,0.7778,5
S01,2025-07-12,23,23,0,0,15.36,14.9,22.5,0.5652,8
S01,2025-07-13,20,20,0,0,17.56,14.9,23.1,0.55,7
S01,2025-07-14,11,11,0,0,19.04,18.2,30.1,0.4545,7
S01,2025-07-15,17,17,0,0,15.76,13.4,22.3,0.5294,8
S01,2025-07-16,9,9,0,0,18.5,18.1,25.0,0.3333,7
S01,2025-07-17,11,11,0,0,13.84,13.9,21.6,0.6364,8
S01,2025-07-18,13,12,1,0,17.94,16.6,25.3,0.25,6
S01,2025-07-19,22,22,0,0,14.87,14.3,24.5,0.5455,9
S01,2025-07-20,13,13,0,0,16.31,17.4,21.3,0.4615,7
S01,2025-07-21,17,17,0,0,16.18,15.5,22.8,0.4118,8
S01,2025-07-22,10,9,1,0,12.24,11.3,16.6,0.7778,6
S01,2025-07-23,15,15,0,0,14.88,14.2,24.3,0.5333,7
S01,2025-07-24,10,10,0,0,17.5,15.5,24.6,0.4,7
S01,2025-07-25,18,18,0,0,16.43,17.5,21.7,0.2778,7
S01,2025-07-26,16,16,0,0,12.54,12.2,16.5,0.8125,9
S01,2025-07-27,15,15,0,0,13.67,14.0,17.6,0.6,6
S01,2025-07-28,19,19,0,0,15.5,14.5,23.9,0.5789,8
S01,2025-07-29,17,17,0,0,16.79,16.5,23.5,0.4706,9
S01,2025-07-30,8,8,0,0,18.0,16.1,28.9,0.25,5
S01,2025-07-31,16,16,0,0,18.64,15.2,33.1,0.375,7
S01,2025-08-01,14,14,0,0,16.23,13.7,23.8,0.5,7
S01,2025-08-02,17,17,0,0,14.76,13.4,23.2,0.5294,8
S01,2025-08-03,17,17,0,0,19.17,17.8,26.6,0.4118,7
S01,2025-08-04,12,12,0,0,16.28,14.7,23.0,0.5833,7
S01,2025-08-05,15,15,0,0,15.91,13.1,20.8,0.5333,7
S01,2025-08-06,12,12,0,0,16.47,15.8,24.4,0.3333,7
S01,2025-08-07,9,9,0,0,14.86,12.8,29.5,0.5556,5
S01,2025-08-08,13,12,1,0,18.29,16.0,26.8,0.4167,5
S01,2025-08-09,17,17,0,0,14.71,13.2,25.7,0.5882,8
S01,2025-08-10,14,13,1,0,15.04,15.4,21.6,0.4615,7
S01,2025-08-11,18,17,1,0,17.67,17.9,25.7,0.2941,7
S01,2025-08-12,11,11,0,0,13.52,11.9,20.7,0.8182,6
S01,2025-08-13,11,11,0,0,17.74,17.1,25.2,0.4545,6
S01,2025-08-14,17,17,0,0,19.84,18.0,33.5,0.3529,8
S01,2025-08-15,12,12,0,0,18.22,17.4,27.0,0.4167,7
S01,2025-08-16,17,17,0,0,15.91,14.8,23.6,0.5294,8
S01,2025-08-17,17,17,0,0,15.3,13.7,21.8,0.5882,7
S01,2025-08-18,14,14,0,0,11.84,11.5,15.2,0.8571,6
S01,2025-08-19,19,17,1,1,21.18,19.6,34.5,0.2941,8
S01,2025-08-20,10,10,0,0,13.86,12.5,19.4,0.6,6
S01,2025-08-21,11,11,0,0,14.96,14.1,20.5,0.5455,5
S01,2025-08-22,13,13,0,0,15.98,16.8,23.3,0.3846,6
S01,2025-08-23,15,15,0,0,16.19,18.0,20.4,0.3333,7
S01,2025-08-24,7,7,0,0,17.87,16.7,29.9,0.1429,4
S01,2025-08-25,11,11,0,0,16.67,16.9,22.7,0.4545,7
S01,2025-08-26,12,12,0,0,17.19,14.5,25.3,0.5833,7
S01,2025-08-27,11,11,0,0,14.8,15.2,21.9,0.4545,6
S01,2025-08-28,7,7,0,0,12.44,13.6,21.6,0.7143,5
S01,2025-08-29,11,10,1,0,13.72,13.0,18.6,0.6,7
S01,2025-08-30,15,15,0,0,16.2,15.8,24.3,0.4,6
S01,2025-08-31,18,18,0,0,16.59,15.7,23.2,0.3889,8
S01,2025-09-01,14,14,0,0,17.14,17.5,22.6,0.3571,7
S01,2025-09-02,9,9,0,0,15.76,13.7,28.3,0.5556,6
S01,2025-09-03,16,16,0,0,15.21,12.8,25.9,0.5625,8
S01,2025-09-04,12,11,0,1,15.79,15.5,20.8,0.4545,7
S01,2025-09-05,17,17,0,0,14.56,13.9,27.1,0.5882,6
S01,2025-09-06,19,18,0,1,16.68,15.2,32.9,0.4444,8
S01,2025-09-07,16,16,0,0,14.35,14.2,18.2,0.5625,6
S01,2025-09-08,9,9,0,0,13.14,13.0,18.4,0.7778,7
S01,2025-09-09,8,7,0,1,14.51,14.9,19.0,0.5714,6
S01,2025-09-10,18,17,0,1,21.27,19.5,32.8,0.2353,7
S01,2025-09-11,14,14,0,0,24.49,24.8,30.7,0.0,7
S01,2025-09-12,11,11,0,0,16.72,15.6,24.7,0.4545,6
S01,2025-09-13,18,17,1,0,15.13,14.8,20.8,0.5294,9
S01,2025-09-14,16,15,0,1,19.2,17.7,29.8,0.2667,8
S01,2025-09-15,15,15,0,0,17.86,16.0,22.9,0.4,5
S01,2025-09-16,15,15,0,0,13.23,12.0,19.1,0.6667,6
S01,2025-09-17,12,12,0,0,12.61,12.3,17.0,0.6667,7
S01,2025-09-18,10,10,0,0,15.76,15.4,20.9,0.4,5
S01,2025-09-19,10,10,0,0,15.62,15.6,19.0,0.4,5
S01,2025-09-20,12,12,0,0,14.54,13.0,23.2,0.6667,6
S01,2025-09-21,27,26,0,1,16.37,15.0,26.3,0.5,8
S01,2025-09-22,18,18,0,0,15.83,14.1,24.7,0.5,8
S01,2025-09-23,17,17,0,0,18.07,20.2,24.4,0.2941,8
S01,2025-09-24,17,17,0,0,13.66,13.3,18.8,0.7059,7
S01,2025-09-25,18,17,1,0,16.42,16.1,24.5,0.4706,8
S01,2025-09-26,22,19,0,3,16.16,14.7,26.5,0.5263,10
S01,2025-09-27,9,9,0,0,17.61,17.0,32.9,0.3333,4
S01,2025-09-28,14,14,0,0,17.49,15.3,25.5,0.4286,7
S01,2025-09-29,19,19,0,0,13.67,13.0,18.9,0.6316,8
S01,2025-09-30,17,17,0,0,18.95,18.8,30.2,0.4118,7
S02,2025-04-01,14,14,0,0,15.64,15.8,21.6,0.4286,7
S02,2025-04-02,11,10,0,1,13.74,12.7,17.2,0.6,5
S02,2025-04-03,13,13,0,0,12.87,12.4,18.9,0.7692,7
S02,2025-04-04,11,11,0,0,14.7,14.5,17.0,0.6364,6
S02,2025-04-05,12,12,0,0,11.92,9.5,15.3,0.8333,5
S02,2025-04-06,10,10,0,0,13.9,12.1,19.5,0.6,7
S02,2025-04-07,12,12,0,0,17.61,14.6,27.0,0.5,7
S02,2025-04-08,9,9,0,0,15.26,15.9,21.6,0.3333,4
S02,2025-04-09,9,9,0,0,12.18,10.4,20.2,0.6667,7
S02,2025-04-10,18,18,0,0,15.02,13.4,31.5,0.6667,8
S02,2025-04-11,19,19,0,0,14.05,13.3,22.5,0.6842,8
S02,2025-04-12,6,6,0,0,14.33,13.0,21.3,0.5,5
S02,2025-04-13,14,14,0,0,16.21,14.8,23.8,0.5,6
S02,2025-04-14,9,9,0,0,15.42,14.2,29.1,0.6667,6
S02,2025-04-15,11,11,0,0,14.86,14.6,22.9,0.6364,7
S02,2025-04-16,12,12,0,0,18.65,17.4,26.7,0.3333,8
S02,2025-04-17,12,12,0,0,13.35,12.3,18.3,0.6667,7
S02,2025-04-18,16,16,0,0,15.66,13.3,25.2,0.5625,7
S02,2025-04-19,20,20,0,0,15.39,14.3,22.0,0.5,7
S02,2025-04-20,15,15,0,0,17.99,16.7,25.3,0.4667,6
S02,2025-04-21,11,11,0,0,15.05,13.7,20.6,0.5455,7
S02,2025-04-22,6,6,0,0,16.35,14.8,21.3,0.5,5
S02,2025-04-23,7,7,0,0,14.81,13.6,23.8,0.5714,4
S02,2025-04-24,8,7,1,0,14.49,14.3,22.9,0.5714,7
S02,2025-04-25,9,9,0,0,16.29,14.3,31.3,0.5556,4
S02,2025-04-26,19,19,0,0,16.04,16.1,23.1,0.4211,7
S02,2025-04-27,18,18,0,0,14.79,13.7,24.3,0.6111,7
S02,2025-04-28,13,12,0,1,14.88,11.7,23.2,0.5,7
S02,2025-04-29,14,14,0,0,16.04,14.9,21.0,0.5,6
S02,2025-04-30,14,14,0,0,13.94,14.7,18.8,0.5,8
S02,2025-05-01,12,12,0,0,13.26,13.4,17.6,0.75,6
S02,2025-05-02,14,14,0,0,15.61,14.6,24.0,0.5,7
S02,2025-05-03,11,11,0,0,13.84,11.7,21.0,0.7273,5
S02,2025-05-04,19,19,0,0,14.36,12.8,23.3,0.6316,7
S02,2025-05-05,13,13,0,0,15.53,17.0,21.3,0.3846,6
S02,2025-05-06,9,8,0,1,14.51,15.3,20.2,0.375,7
S02,2025-05-07,9,9,0,0,13.48,15.4,16.3,0.3333,5
S02,2025-05-08,15,15,0,0,16.28,15.6,19.5,0.4667,7
S02,2025-05-09,20,20,0,0,15.43,14.9,20.8,0.5,6
S02,2025-05-10,20,20,0,0,14.42,11.4,23.1,0.65,7
S02,2025-05-11,12,12,0,0,16.01,15.5,22.0,0.4167,8
S02,2025-05-12,8,8,0,0,12.11,11.8,16.2,0.875,4
S02,2025-05-13,14,14,0,0,11.71,11.9,15.0,0.9286,8
S02,2025-05-14,10,10,0,0,13.94,12.9,19.4,0.7,7
S02,2025-05-15,15,14,0,1,15.36,14.0,19.1,0.5714,8
S02,2025-05-16,10,10,0,0,13.34,13.9,16.5,0.5,6
S02,2025-05-17,21,21,0,0,13.75,12.7,17.9,0.6667,8
S02,2025-05-18,12,11,0,1,15.25,16.4,18.3,0.4545,5
S02,2025-05-19,12,12,0,0,12.7,12.0,15.8,0.8333,7
S02,2025-05-20,15,15,0,0,13.87,13.8,18.8,0.6,7
S02,2025-05-21,7,7,0,0,20.09,22.5,24.8,0.1429,3
S02,2025-05-22,11,11,0,0,14.82,14.8,23.4,0.6364,5
S02,2025-05-23,11,11,0,0,17.57,16.5,25.0,0.4545,7
S02,2025-05-24,17,17,0,0,14.46,13.3,26.2,0.7647,8
S02,2025-05-25,19,19,0,0,13.87,12.5,21.4,0.5789,8
S02,2025-05-26,8,8,0,0,13.5,11.6,18.5,0.5,5
S02,2025-05-27,13,13,0,0,14.05,14.1,17.8,0.5385,5
S02,2025-05-28,15,15,0,0,15.7,14.5,20.0,0.5333,6
S02,2025-05-29,12,12,0,0,15.68,15.1,20.3,0.4167,5
S02,2025-05-30,19,19,0,0,16.58,15.1,25.5,0.4737,7
S02,2025-05-31,16,16,0,0,16.46,16.6,20.4,0.375,6
S02,2025-06-01,19,19,0,0,15.68,16.1,22.0,0.3684,8
S02,2025-06-02,18,18,0,0,15.91,11.5,23.8,0.6111,7
S02,2025-06-03,12,12,0,0,14.53,11.5,23.5,0.6667,8
S02,2025-06-04,17,17,0,0,14.75,14.2,21.2,0.6471,7
S02,2025-06-05,15,15,0,0,13.22,13.1,16.6,0.6667,8
S02,2025-06-06,11,11,0,0,17.56,13.7,25.9,0.5455,6
S02,2025-06-07,19,19,0,0,14.54,13.7,20.5,0.5789,8
S02,2025-06-08,15,14,0,1,17.54,14.4,26.7,0.5,8
S02,2025-06-09,11,11,0,0,17.54,17.4,26.7,0.3636,7
S02,2025-06-10,16,16,0,0,14.15,12.6,20.8,0.625,8
S02,2025-06-11,8,8,0,0,12.41,12.0,18.4,0.875,5
S02,2025-06-12,11,11,0,0,15.79,16.4,21.2,0.2727,6
S02,2025-06-13,15,15,0,0,13.07,12.9,17.0,0.6667,8
S02,2025-06-14,11,11,0,0,13.87,12.4,21.5,0.7273,7
S02,2025-06-15,17,17,0,0,13.56,13.3,19.9,0.6471,7
S02,2025-06-16,14,14,0,0,14.53,11.9,23.8,0.6429,6
S02,2025-06-17,13,13,0,0,13.74,13.7,16.1,0.7692,7
S02,2025-06-18,17,16,1,0,15.14,15.1,20.7,0.4375,8
S02,2025-06-19,14,14,0,0,16.4,13.4,29.0,0.5714,7
S02,2025-06-20,14,14,0,0,13.55,13.1,17.9,0.6429,5
S02,2025-06-21,16,16,0,0,20.18,17.4,30.7,0.3125,8
S02,2025-06-22,7,7,0,0,18.46,19.2,29.7,0.2857,6
S02,2025-06-23,12,12,0,0,15.37,12.2,23.0,0.5833,7
S02,2025-06-24,12,12,0,0,18.25,16.9,23.5,0.3333,7
S02,2025-06-25,12,11,0,1,15.45,14.9,22.0,0.5455,7
S02,2025-06-26,17,17,0,0,15.22,14.5,21.8,0.5882,7
S02,2025-06-27,13,13,0,0,20.22,19.7,29.4,0.3077,7
S02,2025-06-28,17,15,1,1,13.85,12.9,19.7,0.7333,8
S02,2025-06-29,16,16,0,0,14.71,12.5,27.3,0.6875,8
S02,2025-06-30,10,9,0,1,18.36,17.3,26.2,0.4444,5
S02,2025-07-01,14,14,0,0,13.97,11.9,19.7,0.5714,7
S02,2025-07-02,10,10,0,0,13.83,10.5,17.8,0.6,6
S02,2025-07-03,19,18,0,1,15.98,14.0,31.3,0.6111,7
S02,2025-07-04,19,19,0,0,18.04,17.1,26.8,0.2105,7
S02,2025-07-05,21,21,0,0,15.61,15.7,20.4,0.4286,7
S02,2025-07-06,20,20,0,0,13.62,13.5,17.8,0.55,8
S02,2025-07-07,9,9,0,0,17.79,15.5,28.1,0.4444,6
S02,2025-07-08,9,8,0,1,17.83,17.7,26.7,0.375,7
S02,2025-07-09,13,13,0,0,14.78,13.1,21.3,0.6154,7
S02,2025-07-10,17,17,0,0,21.06,20.2,26.8,0.1765,8
S02,2025-07-11,16,15,1,0,16.87,16.6,23.7,0.4667,7
S02,2025-07-12,11,11,0,0,15.06,14.7,17.8,0.6364,7
S02,2025-07-13,17,17,0,0,13.81,11.8,24.4,0.7059,9
S02,2025-07-14,15,15,0,0,16.7,17.8,21.7,0.4,6
S02,2025-07-15,15,15,0,0,16.63,15.4,25.8,0.4667,7
S02,2025-07-16,14,14,0,0,18.01,16.5,26.4,0.3571,7
S02,2025-07-17,23,23,0,0,13.34,11.7,18.9,0.6522,8
S02,2025-07-18,14,14,0,0,15.03,13.2,24.4,0.5714,7
S02,2025-07-19,14,13,0,1,15.9,14.7,21.5,0.5385,6
S02,2025-07-20,18,18,0,0,15.9,15.3,23.4,0.3889,7
S02,2025-07-21,15,15,0,0,17.47,16.7,26.0,0.4,6
S02,2025-07-22,10,10,0,0,14.11,12.6,17.5,0.6,6
S02,2025-07-23,14,13,0,1,16.31,15.7,22.6,0.3846,8
S02,2025-07-24,14,14,0,0,18.22,16.2,34.0,0.4286,8
S02,2025-07-25,16,16,0,0,18.41,18.9,26.8,0.3125,7
S02,2025-07-26,20,20,0,0,14.27,13.0,19.5,0.65,9
S02,2025-07-27,12,12,0,0,15.67,12.2,25.1,0.5833,7
S02,2025-07-28,14,13,0,1,13.04,12.9,17.4,0.7692,7
S02,2025-07-29,15,15,0,0,16.36,16.9,26.2,0.4,6
S02,2025-07-30,11,11,0,0,14.14,13.9,18.2,0.6364,7
S02,2025-07-31,15,14,1,0,18.56,17.7,29.5,0.2857,7
S02,2025-08-01,13,13,0,0,16.01,14.5,24.6,0.5385,7
S02,2025-08-02,16,15,0,1,21.19,21.0,25.8,0.1333,8
S02,2025-08-03,28,28,0,0,20.53,18.4,32.8,0.25,9
S02,2025-08-04,7,7,0,0,15.61,16.0,20.7,0.4286,4
S02,2025-08-05,10,10,0,0,16.6,14.2,21.3,0.6,6
S02,2025-08-06,13,12,1,0,14.96,13.9,22.5,0.6667,7
S02,2025-08-07,10,10,0,0,12.0,10.5,17.4,0.8,6
S02,2025-08-08,12,12,0,0,14.9,14.1,20.1,0.5,7
S02,2025-08-09,11,11,0,0,17.51,17.9,24.0,0.3636,6
S02,2025-08-10,20,20,0,0,20.79,17.3,31.5,0.35,8
S02,2025-08-11,19,19,0,0,16.33,15.4,26.1,0.4737,8
S02,2025-08-12,22,22,0,0,14.98,13.6,18.9,0.5909,8
S02,2025-08-13,15,15,0,0,19.64,17.7,33.8,0.4,8
S02,2025-08-14,16,16,0,0,26.45,20.4,43.7,0.0625,7
S02,2025-08-15,16,16,0,0,13.94,13.5,17.6,0.5625,7
S02,2025-08-16,19,19,0,0,14.63,14.1,25.8,0.6316,8
S02,2025-08-17,20,20,0,0,16.06,14.0,21.0,0.5,7
S02,2025-08-18,7,7,0,0,13.86,13.1,17.2,0.7143,4
S02,2025-08-19,10,8,1,1,25.25,23.7,37.0,0.0,6
S02,2025-08-20,14,13,1,0,15.92,14.7,27.0,0.5385,6
S02,2025-08-21,10,10,0,0,14.63,13.3,24.0,0.6,5
S02,2025-08-22,16,16,0,0,16.71,14.0,32.5,0.5625,9
S02,2025-08-23,15,14,0,1,14.8,14.1,21.7,0.5714,7
S02,2025-08-24,17,17,0,0,15.36,14.0,22.2,0.5294,8
S02,2025-08-25,12,12,0,0,18.61,18.6,25.3,0.3333,6
S02,2025-08-26,18,18,0,0,16.79,14.1,27.6,0.5556,7
S02,2025-08-27,19,19,0,0,16.37,15.4,22.7,0.4211,9
S02,2025-08-28,8,8,0,0,13.94,12.9,16.6,0.5,5
S02,2025-08-29,13,13,0,0,14.36,12.6,22.1,0.6923,8
S02,2025-08-30,12,11,0,1,17.01,14.9,23.8,0.5455,7
S02,2025-08-31,17,17,0,0,14.51,13.3,22.7,0.6471,8
S02,2025-09-01,18,18,0,0,17.8,14.8,29.2,0.5,8
S02,2025-09-02,9,9,0,0,16.28,16.2,24.0,0.4444,6
S02,2025-09-03,10,10,0,0,13.85,13.2,17.3,0.6,7
S02,2025-09-04,13,13,0,0,16.28,13.0,27.9,0.6154,6
S02,2025-09-05,18,18,0,0,17.84,16.4,27.7,0.4444,7
S02,2025-09-06,26,26,0,0,13.65,12.1,22.2,0.6538,10
S02,2025-09-07,13,13,0,0,15.32,14.4,23.7,0.5385,5
S02,2025-09-08,14,14,0,0,14.51,13.6,19.1,0.5,7
S02,2025-09-09,18,18,0,0,19.57,18.6,28.7,0.2222,8
S02,2025-09-10,10,10,0,0,23.67,21.9,33.0,0.1,6
S02,2025-09-11,11,11,0,0,25.39,26.6,32.2,0.0909,7
S02,2025-09-12,6,6,0,0,13.3,11.1,19.4,0.6667,6
S02,2025-09-13,13,13,0,0,11.78,11.6,17.2,0.8462,6
S02,2025-09-14,13,11,2,0,23.34,22.6,27.3,0.0,6
S02,2025-09-15,12,12,0,0,20.52,19.1,28.2,0.25,6
S02,2025-09-16,19,19,0,0,15.74,15.4,24.3,0.4737,7
S02,2025-09-17,12,12,0,0,15.2,14.2,23.0,0.5833,7
S02,2025-09-18,15,15,0,0,13.54,12.7,20.6,0.6667,6
S02,2025-09-19,17,17,0,0,17.12,16.1,28.2,0.4706,8
S02,2025-09-20,19,19,0,0,15.11,14.5,22.9,0.5263,8
S02,2025-09-21,19,19,0,0,19.37,17.6,38.2,0.3158,8
S02,2025-09-22,14,14,0,0,18.29,14.7,28.6,0.5,6
S02,2025-09-23,19,19,0,0,17.8,16.0,25.3,0.4211,9
S02,2025-09-24,19,19,0,0,14.12,14.0,20.0,0.5789,8
S02,2025-09-25,8,8,0,0,16.33,15.9,20.9,0.375,6
S02,2025-09-26,17,17,0,0,16.45,15.0,26.3,0.5294,7
S02,2025-09-27,19,19,0,0,14.09,13.8,18.1,0.7368,7
S02,2025-09-28,19,19,0,0,13.99,13.1,22.4,0.6316,7
S02,2025-09-29,13,13,0,0,15.01,15.1,23.2,0.4615,5
S02,2025-09-30,14,12,1,1,18.44,16.4,22.6,0.4167,8
S03,2025-04-01,10,10,0,0,15.16,13.7,18.6,0.5,5
S03,2025-04-02,6,6,0,0,10.83,9.8,14.2,1.0,4
S03,2025-04-03,13,13,0,0,15.41,15.6,20.3,0.3077,7
S03,2025-04-04,12,12,0,0,14.42,13.7,18.9,0.5,5
S03,2025-04-05,18,18,0,0,14.99,12.7,23.9,0.7222,7
S03,2025-04-06,16,16,0,0,13.61,13.1,19.6,0.6875,7
S03,2025-04-07,8,8,0,0,12.76,11.5,18.9,0.75,6
S03,2025-04-08,14,14,0,0,11.89,11.1,14.6,0.9286,6
S03,2025-04-09,12,12,0,0,14.58,13.2,18.9,0.75,7
S03,2025-04-10,15,15,0,0,12.95,11.1,21.3,0.7333,8
S03,2025-04-11,8,8,0,0,17.03,14.2,28.5,0.5,4
S03,2025-04-12,16,16,0,0,15.21,15.4,21.7,0.4375,8
S03,2025-04-13,16,16,0,0,14.08,12.2,21.5,0.625,7
S03,2025-04-14,14,14,0,0,15.32,15.0,20.7,0.5,8
S03,2025-04-15,18,18,0,0,16.01,14.1,22.5,0.5556,7
S03,2025-04-16,7,7,0,0,14.87,13.1,22.8,0.5714,3
S03,2025-04-17,17,17,0,0,14.66,14.3,18.8,0.5882,7
S03,2025-04-18,16,15,1,0,12.58,11.9,15.6,0.7333,6
S03,2025-04-19,16,15,0,1,16.33,15.3,27.9,0.4,7
S03,2025-04-20,16,16,0,0,15.69,14.3,25.7,0.5625,8
S03,2025-04-21,12,12,0,0,13.33,12.2,22.4,0.75,6
S03,2025-04-22,13,13,0,0,17.18,17.5,20.1,0.2308,5
S03,2025-04-23,10,10,0,0,13.26,11.8,17.1,0.7,6
S03,2025-04-24,15,15,0,0,15.13,14.2,20.7,0.6,7
S03,2025-04-25,12,12,0,0,16.53,15.0,23.7,0.5,7
S03,2025-04-26,24,23,1,0,14.19,14.1,18.9,0.5652,7
S03,2025-04-27,17,16,0,1,14.65,14.3,23.2,0.625,7
S03,2025-04-28,12,12,0,0,16.08,14.6,25.4,0.5,8
S03,2025-04-29,14,14,0,0,16.82,18.2,21.4,0.2143,7
S03,2025-04-30,14,12,0,2,13.67,10.8,20.9,0.5,6
S03,2025-05-01,18,18,0,0,15.01,15.5,24.2,0.3889,7
S03,2025-05-02,17,17,0,0,14.69,15.3,19.1,0.4706,7
S03,2025-05-03,13,13,0,0,14.02,13.8,17.4,0.6154,7
S03,2025-05-04,9,9,0,0,13.13,13.9,18.1,0.6667,5
S03,2025-05-05,14,13,0,1,14.95,14.0,21.0,0.6154,7
S03,2025-05-06,13,13,0,0,17.52,17.1,23.3,0.2308,6
S03,2025-05-07,6,6,0,0,11.75,10.8,18.4,0.8333,5
S03,2025-05-08,18,16,2,0,15.41,13.8,26.8,0.5625,7
S03,2025-05-09,14,14,0,0,14.49,13.7,17.9,0.5,5
S03,2025-05-10,14,14,0,0,14.34,15.2,17.5,0.3571,7
S03,2025-05-11,13,12,0,1,16.5,17.0,20.9,0.25,7
S03,2025-05-12,16,15,0,1,16.11,15.6,23.4,0.4,6
S03,2025-05-13,12,12,0,0,16.55,14.0,24.8,0.5833,6
S03,2025-05-14,17,17,0,0,14.35,14.7,23.8,0.5294,8
S03,2025-05-15,18,18,0,0,15.82,14.9,24.1,0.5556,7
S03,2025-05-16,12,12,0,0,16.85,14.0,22.8,0.5,6
S03,2025-05-17,11,11,0,0,13.59,12.5,21.2,0.6364,6
S03,2025-05-18,13,13,0,0,15.78,16.1,23.9,0.4615,7
S03,2025-05-19,11,11,0,0,15.35,15.7,21.0,0.4545,7
S03,2025-05-20,14,14,0,0,13.36,13.0,16.5,0.7857,7
S03,2025-05-21,14,14,0,0,15.66,13.9,30.2,0.6429,6
S03,2025-05-22,17,16,0,1,15.14,12.7,23.9,0.5625,7
S03,2025-05-23,14,14,0,0,15.03,12.5,24.1,0.6429,8
S03,2025-05-24,6,6,0,0,13.07,12.6,19.9,0.6667,3
S03,2025-05-25,16,16,0,0,15.86,16.8,21.8,0.4375,8
S03,2025-05-26,13,13,0,0,14.72,13.6,17.3,0.7692,7
S03,2025-05-27,18,17,0,1,17.04,16.2,24.9,0.4118,8
S03,2025-05-28,12,11,1,0,15.35,15.8,20.3,0.4545,7
S03,2025-05-29,18,18,0,0,14.42,13.5,22.8,0.7778,7
S03,2025-05-30,17,17,0,0,15.29,14.3,24.8,0.5882,7
S03,2025-05-31,14,14,0,0,14.33,11.3,22.4,0.6429,7
S03,2025-06-01,9,8,0,1,19.2,14.7,30.9,0.5,6
S03,2025-06-02,11,10,0,1,15.92,15.0,21.3,0.5,8
S03,2025-06-03,13,13,0,0,17.65,16.8,25.9,0.3846,7
S03,2025-06-04,7,7,0,0,12.31,11.6,17.1,0.8571,7
S03,2025-06-05,18,18,0,0,13.49,12.9,20.0,0.6667,8
S03,2025-06-06,29,29,0,0,14.98,14.9,23.0,0.5172,9
S03,2025-06-07,18,18,0,0,14.97,14.4,23.3,0.5556,9
S03,2025-06-08,19,19,0,0,16.7,16.8,24.9,0.4211,8
S03,2025-06-09,8,8,0,0,14.79,15.2,18.4,0.375,6
S03,2025-06-10,14,14,0,0,17.7,16.5,27.9,0.3571,7
S03,2025-06-11,13,13,0,0,16.78,14.8,22.8,0.5385,8
S03,2025-06-12,13,13,0,0,13.21,12.1,19.4,0.6923,5
S03,2025-06-13,16,15,0,1,14.24,14.1,18.8,0.6667,7
S03,2025-06-14,18,18,0,0,17.39,15.4,25.9,0.3889,9
S03,2025-06-15,20,20,0,0,13.79,13.4,18.9,0.6,9
S03,2025-06-16,19,19,0,0,14.95,14.2,21.9,0.6316,8
S03,2025-06-17,8,8,0,0,13.36,12.0,17.9,0.625,5
S03,2025-06-18,11,11,0,0,15.24,14.3,23.5,0.5455,6
S03,2025-06-19,13,13,0,0,13.21,11.6,21.1,0.6154,7
S03,2025-06-20,17,17,0,0,17.35,13.3,36.0,0.5294,8
S03,2025-06-21,23,22,0,1,19.19,17.3,26.2,0.3182,9
S03,2025-06-22,18,16,0,2,22.67,20.2,32.8,0.125,7
S03,2025-06-23,19,19,0,0,16.37,15.9,25.3,0.4211,9
S03,2025-06-24,15,14,0,1,16.2,16.4,22.8,0.3571,7
S03,2025-06-25,11,11,0,0,16.16,17.9,21.8,0.4545,7
S03,2025-06-26,9,9,0,0,15.52,13.8,29.3,0.7778,5
S03,2025-06-27,15,15,0,0,21.25,21.5,27.1,0.1333,7
S03,2025-06-28,15,15,0,0,13.9,14.5,18.2,0.6,7
S03,2025-06-29,10,10,0,0,13.44,12.2,17.4,0.8,6
S03,2025-06-30,10,10,0,0,16.78,15.2,23.2,0.4,7
S03,2025-07-01,11,11,0,0,17.1,19.2,22.3,0.4545,6
S03,2025-07-02,13,13,0,0,13.82,12.5,17.1,0.6154,8
S03,2025-07-03,11,11,0,0,14.92,13.6,21.8,0.7273,6
S03,2025-07-04,16,16,0,0,17.95,15.4,29.5,0.4375,8
S03,2025-07-05,14,14,0,0,16.26,15.5,19.8,0.4286,8
S03,2025-07-06,10,10,0,0,12.9,12.6,18.2,0.7,6
S03,2025-07-07,14,14,0,0,16.72,15.3,25.1,0.3571,7
S03,2025-07-08,16,16,0,0,15.97,14.3,19.9,0.5,7
S03,2025-07-09,15,15,0,0,15.39,14.8,20.4,0.5333,8
S03,2025-07-10,15,15,0,0,23.53,21.4,31.8,0.0,7
S03,2025-07-11,17,16,0,1,14.9,14.4,20.1,0.5625,7
S03,2025-07-12,22,21,0,1,14.57,14.9,21.6,0.5714,8
S03,2025-07-13,11,11,0,0,16.18,15.4,21.8,0.4545,8
S03,2025-07-14,17,17,0,0,17.09,16.4,27.4,0.3529,8
S03,2025-07-15,7,7,0,0,12.09,12.7,14.8,1.0,4
S03,2025-07-16,8,8,0,0,17.37,17.4,21.2,0.25,6
S03,2025-07-17,10,10,0,0,14.49,12.3,19.1,0.6,7
S03,2025-07-18,15,15,0,0,12.92,11.9,18.3,0.8,8
S03,2025-07-19,13,11,1,1,18.75,19.2,27.6,0.4545,7
S03,2025-07-20,10,10,0,0,16.0,15.3,21.7,0.4,6
S03,2025-07-21,15,15,0,0,16.87,16.6,21.7,0.4667,8
S03,2025-07-22,17,17,0,0,15.81,15.3,24.9,0.4706,8
S03,2025-07-23,18,18,0,0,16.71,14.2,26.9,0.5,7
S03,2025-07-24,10,10,0,0,15.83,12.6,20.2,0.7,5
S03,2025-07-25,14,14,0,0,15.11,15.5,19.0,0.4286,6
S03,2025-07-26,7,7,0,0,17.61,17.6,25.8,0.4286,5
S03,2025-07-27,19,19,0,0,14.26,12.7,26.0,0.7368,7
S03,2025-07-28,13,13,0,0,12.45,12.3,16.9,0.8462,6
S03,2025-07-29,21,21,0,0,17.38,18.7,21.7,0.3333,8
S03,2025-07-30,13,13,0,0,16.26,17.2,23.1,0.4615,5
S03,2025-07-31,14,14,0,0,19.51,16.9,29.5,0.3571,6
S03,2025-08-01,12,12,0,0,16.56,14.0,22.7,0.5,7
S03,2025-08-02,21,21,0,0,18.5,17.6,26.9,0.2857,8
S03,2025-08-03,16,16,0,0,21.84,18.6,35.6,0.4375,8
S03,2025-08-04,14,14,0,0,13.11,11.0,23.1,0.7143,6
S03,2025-08-05,7,7,0,0,17.5,15.1,34.4,0.4286,5
S03,2025-08-06,21,21,0,0,15.4,16.0,21.9,0.4762,7
S03,2025-08-07,8,8,0,0,14.3,14.1,22.1,0.625,4
S03,2025-08-08,19,18,0,1,15.71,13.9,19.4,0.6111,7
S03,2025-08-09,7,7,0,0,15.53,13.7,24.2,0.5714,5
S03,2025-08-10,20,20,0,0,18.24,17.4,23.2,0.3,7
S03,2025-08-11,18,18,0,0,13.94,12.6,21.7,0.6667,6
S03,2025-08-12,19,19,0,0,16.78,14.2,30.4,0.5789,6
S03,2025-08-13,15,14,1,0,16.43,14.4,25.6,0.5714,6
S03,2025-08-14,17,16,1,0,20.23,19.6,28.9,0.3125,7
S03,2025-08-15,13,13,0,0,16.78,14.4,26.3,0.5385,7
S03,2025-08-16,9,9,0,0,13.24,12.6,17.5,0.7778,6
S03,2025-08-17,11,11,0,0,14.08,13.6,17.2,0.7273,5
S03,2025-08-18,14,13,0,1,15.35,13.0,31.7,0.6923,8
S03,2025-08-19,15,15,0,0,23.85,22.0,30.1,0.1333,6
S03,2025-08-20,16,16,0,0,13.92,13.5,17.9,0.625,7
S03,2025-08-21,10,10,0,0,15.23,12.7,19.5,0.7,5
S03,2025-08-22,16,16,0,0,15.49,13.8,24.5,0.5625,7
S03,2025-08-23,21,20,1,0,15.43,15.0,22.0,0.5,8
S03,2025-08-24,8,7,0,1,16.09,15.5,23.5,0.4286,5
S03,2025-08-25,19,18,1,0,17.93,18.1,27.4,0.3333,7
S03,2025-08-26,9,9,0,0,17.42,18.0,24.0,0.2222,5
S03,2025-08-27,13,13,0,0,14.35,12.7,21.4,0.7692,6
S03,2025-08-28,12,12,0,0,15.63,15.3,20.6,0.4167,6
S03,2025-08-29,11,11,0,0,14.57,13.2,21.8,0.5455,5
S03,2025-08-30,28,28,0,0,13.89,13.0,22.6,0.7857,9
S03,2025-08-31,19,19,0,0,15.49,15.1,22.5,0.4737,9
S03,2025-09-01,9,9,0,0,14.08,13.6,18.4,0.5556,6
S03,2025-09-02,17,17,0,0,14.85,14.7,24.5,0.6471,8
S03,2025-09-03,11,11,0,0,15.34,16.1,21.5,0.4545,5
S03,2025-09-04,18,18,0,0,15.63,14.4,23.3,0.5556,6
S03,2025-09-05,13,13,0,0,17.15,14.8,25.3,0.5385,6
S03,2025-09-06,15,15,0,0,15.08,14.0,23.0,0.6,7
S03,2025-09-07,17,17,0,0,17.57,16.5,28.0,0.4706,9
S03,2025-09-08,14,14,0,0,13.89,13.9,17.3,0.5714,7
S03,2025-09-09,13,13,0,0,20.12,19.7,34.3,0.3077,5
S03,2025-09-10,14,14,0,0,19.98,20.0,28.5,0.1429,7
S03,2025-09-11,18,18,0,0,22.67,19.8,36.0,0.1111,7
S03,2025-09-12,13,13,0,0,13.85,13.5,20.6,0.6923,5
S03,2025-09-13,15,15,0,0,15.71,15.6,24.7,0.4667,8
S03,2025-09-14,20,20,0,0,21.76,19.5,30.6,0.1,9
S03,2025-09-15,12,12,0,0,17.05,14.3,24.1,0.5,7
S03,2025-09-16,8,8,0,0,13.79,12.9,20.5,0.75,5
S03,2025-09-17,13,13,0,0,14.88,12.0,22.8,0.5385,7
S03,2025-09-18,11,11,0,0,15.96,14.3,24.9,0.5455,5
S03,2025-09-19,12,12,0,0,16.85,15.2,25.3,0.4167,7
S03,2025-09-20,20,20,0,0,13.67,12.7,20.2,0.65,8
S03,2025-09-21,13,12,0,1,19.12,15.6,27.6,0.3333,6
S03,2025-09-22,10,10,0,0,10.99,10.3,14.8,1.0,6
S03,2025-09-23,10,10,0,0,15.78,16.1,18.5,0.4,7
S03,2025-09-24,14,14,0,0,14.81,13.2,19.5,0.5714,7
S03,2025-09-25,15,15,0,0,14.69,12.6,24.7,0.6,7
S03,2025-09-26,17,15,1,1,15.62,14.1,23.1,0.5333,8
S03,2025-09-27,11,11,0,0,13.69,12.3,18.6,0.7273,7
S03,2025-09-28,21,21,0,0,16.96,15.6,21.7,0.4286,8
S03,2025-09-29,7,6,0,1,20.4,17.5,31.1,0.1667,7
S03,2025-09-30,17,14,1,2,21.31,21.6,29.2,0.2857,7
S04,2025-04-01,3,3,0,0,14.2,15.0,17.7,0.6667,2
S04,2025-04-02,7,7,0,0,14.51,15.1,17.5,0.4286,6
S04,2025-04-03,13,13,0,0,14.44,13.4,19.8,0.5385,7
S04,2025-04-04,7,7,0,0,16.74,19.0,20.6,0.2857,5
S04,2025-04-05,12,11,0,1,16.49,15.2,22.0,0.4545,8
S04,2025-04-06,17,16,1,0,13.26,12.1,20.5,0.6875,9
S04,2025-04-07,6,6,0,0,15.5,15.0,23.9,0.5,5
S04,2025-04-08,6,6,0,0,14.6,14.5,20.0,0.5,5
S04,2025-04-09,12,12,0,0,13.78,13.8,22.8,0.75,7
S04,2025-04-10,11,10,0,1,13.91,11.1,20.5,0.6,6
S04,2025-04-11,13,13,0,0,15.95,16.4,21.1,0.3846,7
S04,2025-04-12,14,14,0,0,13.94,13.6,16.6,0.6429,7
S04,2025-04-13,11,11,0,0,13.85,13.0,18.0,0.6364,7
S04,2025-04-14,17,17,0,0,14.65,14.3,23.6,0.7059,9
S04,2025-04-15,11,11,0,0,13.49,12.3,20.6,0.8182,8
S04,2025-04-16,15,15,0,0,16.38,15.8,25.5,0.3333,7
S04,2025-04-17,14,14,0,0,16.0,15.1,23.6,0.4286,7
S04,2025-04-18,18,18,0,0,15.07,13.7,24.9,0.5556,9
S04,2025-04-19,8,8,0,0,16.8,15.9,23.1,0.375,7
S04,2025-04-20,18,18,0,0,14.44,13.5,25.9,0.6667,8
S04,2025-04-21,12,12,0,0,16.47,15.4,24.1,0.4167,6
S04,2025-04-22,9,9,0,0,16.22,14.9,30.4,0.5556,7
S04,2025-04-23,6,6,0,0,14.4,13.8,18.3,0.5,5
S04,2025-04-24,12,12,0,0,15.17,13.4,26.6,0.5833,8
S04,2025-04-25,12,12,0,0,13.52,12.1,19.6,0.5833,7
S04,2025-04-26,8,8,0,0,13.24,10.6,28.5,0.75,5
S04,2025-04-27,11,11,0,0,14.51,12.8,24.9,0.7273,7
S04,2025-04-28,11,11,0,0,13.54,12.5,20.0,0.7273,7
S04,2025-04-29,10,10,0,0,14.89,12.9,18.5,0.5,8
S04,2025-04-30,7,7,0,0,13.5,13.1,16.5,0.7143,4
S04,2025-05-01,10,10,0,0,14.79,13.8,20.3,0.6,8
S04,2025-05-02,18,18,0,0,17.31,16.0,25.1,0.3889,7
S04,2025-05-03,13,12,0,1,15.23,15.7,18.5,0.4167,7
S04,2025-05-04,11,11,0,0,15.41,14.3,23.2,0.5455,6
S04,2025-05-05,8,8,0,0,16.19,12.1,28.1,0.5,6
S04,2025-05-06,8,7,0,1,17.71,16.3,27.4,0.1429,6
S04,2025-05-07,10,9,1,0,16.01,13.7,34.2,0.6667,5
S04,2025-05-08,8,8,0,0,17.3,15.6,32.2,0.25,5
S04,2025-05-09,14,14,0,0,15.75,14.6,25.7,0.5,8
S04,2025-05-10,8,8,0,0,15.67,15.7,25.0,0.375,6
S04,2025-05-11,8,8,0,0,13.28,11.8,19.8,0.75,5
S04,2025-05-12,9,9,0,0,15.96,17.8,23.8,0.3333,7
S04,2025-05-13,5,4,0,1,15.38,11.9,24.0,0.75,4
S04,2025-05-14,13,13,0,0,16.12,15.0,26.0,0.5385,8
S04,2025-05-15,8,7,1,0,13.21,12.0,26.6,0.8571,6
S04,2025-05-16,10,10,0,0,19.06,16.8,24.8,0.4,7
S04,2025-05-17,15,15,0,0,12.15,10.5,19.1,0.7333,7
S04,2025-05-18,14,14,0,0,12.29,11.7,17.6,0.7857,8
S04,2025-05-19,9,8,0,1,15.86,14.7,28.8,0.625,7
S04,2025-05-20,13,13,0,0,15.32,13.9,25.8,0.6923,9
S04,2025-05-21,13,13,0,0,14.08,12.5,21.0,0.5385,8
S04,2025-05-22,14,14,0,0,13.02,12.9,18.2,0.7857,7
S04,2025-05-23,16,16,0,0,15.92,15.7,22.1,0.375,7
S04,2025-05-24,12,12,0,0,14.38,13.3,19.3,0.5833,8
S04,2025-05-25,13,13,0,0,15.95,15.2,24.2,0.4615,7
S04,2025-05-26,11,11,0,0,14.82,13.5,23.3,0.7273,7
S04,2025-05-27,10,9,1,0,12.8,11.9,16.4,0.6667,5
S04,2025-05-28,6,6,0,0,12.23,13.4,16.1,0.8333,5
S04,2025-05-29,8,8,0,0,15.55,14.7,25.9,0.5,3
S04,2025-05-30,16,15,1,0,17.47,16.9,26.5,0.4,8
S04,2025-05-31,17,17,0,0,17.16,15.1,23.6,0.4706,7
S04,2025-06-01,16,16,0,0,13.88,14.0,16.9,0.5625,8
S04,2025-06-02,13,12,1,0,15.87,13.8,24.3,0.5833,8
S04,2025-06-03,14,14,0,0,14.74,13.6,21.5,0.5,7
S04,2025-06-04,6,6,0,0,15.43,15.6,22.2,0.3333,4
S04,2025-06-05,8,8,0,0,14.73,14.4,19.8,0.625,6
S04,2025-06-06,6,6,0,0,11.85,11.4,16.5,0.8333,5
S04,2025-06-07,11,11,0,0,15.31,13.7,20.4,0.5455,8
S04,2025-06-08,16,16,0,0,17.69,18.1,29.4,0.375,8
S04,2025-06-09,6,6,0,0,11.78,9.5,19.1,0.8333,5
S04,2025-06-10,16,16,0,0,14.19,13.5,22.7,0.5625,8
S04,2025-06-11,8,8,0,0,14.27,13.7,21.9,0.75,5
S04,2025-06-12,10,10,0,0,19.83,19.3,24.0,0.2,5
S04,2025-06-13,16,15,0,1,15.33,13.8,22.6,0.6,8
S04,2025-06-14,17,17,0,0,12.85,11.1,23.1,0.7059,6
S04,2025-06-15,13,13,0,0,15.78,14.5,21.8,0.5385,9
S04,2025-06-16,9,9,0,0,13.99,14.6,20.0,0.6667,6
S04,2025-06-17,13,13,0,0,17.7,15.6,29.9,0.3077,9
S04,2025-06-18,9,9,0,0,13.08,13.0,18.3,0.7778,6
S04,2025-06-19,8,8,0,0,15.51,14.1,25.0,0.625,7
S04,2025-06-20,13,13,0,0,15.25,13.1,20.8,0.6154,7
S04,2025-06-21,14,13,1,0,23.48,25.2,32.1,0.1538,8
S04,2025-06-22,16,16,0,0,21.53,20.2,28.8,0.1875,10
S04,2025-06-23,10,10,0,0,14.19,12.6,20.8,0.6,7
S04,2025-06-24,11,11,0,0,18.98,19.7,22.1,0.1818,6
S04,2025-06-25,11,11,0,0,15.41,15.4,23.1,0.4545,6
S04,2025-06-26,10,10,0,0,14.07,13.5,19.4,0.7,5
S04,2025-06-27,10,10,0,0,19.6,16.8,27.0,0.3,7
S04,2025-06-28,10,10,0,0,16.85,16.7,25.8,0.3,5
S04,2025-06-29,8,8,0,0,15.79,14.7,25.7,0.5,7
S04,2025-06-30,10,10,0,0,13.72,12.3,17.5,0.7,6
S04,2025-07-01,11,11,0,0,14.27,12.5,20.6,0.7273,6
S04,2025-07-02,11,11,0,0,14.25,14.3,23.4,0.6364,5
S04,2025-07-03,10,10,0,0,14.73,12.8,19.8,0.8,6
S04,2025-07-04,13,12,1,0,16.38,15.3,24.8,0.4167,7
S04,2025-07-05,13,13,0,0,14.86,12.8,21.8,0.5385,9
S04,2025-07-06,11,11,0,0,16.29,15.4,21.7,0.4545,7
S04,2025-07-07,9,9,0,0,15.89,15.1,24.3,0.4444,7
S04,2025-07-08,4,4,0,0,18.78,15.8,25.4,0.25,3
S04,2025-07-09,6,6,0,0,26.53,26.5,41.8,0.0,4
S04,2025-07-10,9,9,0,0,22.33,19.0,37.3,0.2222,6
S04,2025-07-11,12,12,0,0,16.32,14.6,22.7,0.5,8
S04,2025-07-12,12,12,0,0,18.87,14.7,31.7,0.5,9
S04,2025-07-13,11,11,0,0,16.57,14.5,22.4,0.6364,6
S04,2025-07-14,8,8,0,0,14.92,13.7,22.9,0.625,5
S04,2025-07-15,13,13,0,0,18.13,17.8,27.2,0.3077,7
S04,2025-07-16,13,13,0,0,18.61,16.4,25.4,0.2308,8
S04,2025-07-17,12,12,0,0,16.89,15.2,25.8,0.4167,6
S04,2025-07-18,8,7,0,1,16.1,16.4,20.3,0.2857,6
S04,2025-07-19,7,7,0,0,11.04,10.4,14.7,1.0,6
S04,2025-07-20,9,9,0,0,11.98,12.7,18.5,0.8889,6
S04,2025-07-21,6,6,0,0,16.82,17.8,21.7,0.3333,3
S04,2025-07-22,13,13,0,0,13.41,13.8,18.1,0.7692,7
S04,2025-07-23,5,5,0,0,13.3,13.4,16.0,0.8,5
S04,2025-07-24,14,14,0,0,16.95,15.7,25.4,0.4286,9
S04,2025-07-25,12,11,0,1,16.14,11.9,24.4,0.5455,5
S04,2025-07-26,4,4,0,0,23.55,22.5,33.2,0.25,4
S04,2025-07-27,11,11,0,0,15.95,13.1,29.5,0.6364,6
S04,2025-07-28,6,6,0,0,12.43,11.7,17.5,0.8333,4
S04,2025-07-29,11,11,0,0,18.6,17.8,22.4,0.3636,5
S04,2025-07-30,9,9,0,0,17.57,17.7,33.3,0.4444,7
S04,2025-07-31,15,15,0,0,15.13,14.7,19.6,0.5333,9
S04,2025-08-01,15,15,0,0,18.21,18.2,24.4,0.2,6
S04,2025-08-02,7,5,0,2,15.78,15.3,28.1,0.4,5
S04,2025-08-03,17,16,0,1,20.86,17.5,35.0,0.125,9
S04,2025-08-04,7,7,0,0,18.39,17.3,27.6,0.1429,7
S04,2025-08-05,19,19,0,0,14.49,15.3,19.3,0.4737,8
S04,2025-08-06,4,4,0,0,17.18,17.8,21.2,0.25,3
S04,2025-08-07,11,11,0,0,16.28,16.7,21.0,0.3636,9
S04,2025-08-08,13,12,0,1,14.85,12.9,22.2,0.5833,9
S04,2025-08-09,9,9,0,0,13.77,12.4,19.1,0.6667,6
S04,2025-08-10,11,11,0,0,20.12,18.4,23.9,0.1818,7
S04,2025-08-11,15,15,0,0,15.17,16.1,20.2,0.4,8
S04,2025-08-12,6,6,0,0,17.12,18.4,20.3,0.3333,6
S04,2025-08-13,10,10,0,0,16.98,17.2,24.3,0.4,6
S04,2025-08-14,9,9,0,0,26.28,28.1,34.4,0.1111,7
S04,2025-08-15,16,15,1,0,17.1,16.2,28.9,0.4,9
S04,2025-08-16,11,11,0,0,15.31,14.9,18.5,0.5455,7
S04,2025-08-17,11,11,0,0,14.05,13.1,18.5,0.5455,6
S04,2025-08-18,16,16,0,0,13.66,14.8,17.3,0.5625,8
S04,2025-08-19,7,7,0,0,22.61,21.4,29.7,0.0,6
S04,2025-08-20,14,14,0,0,15.69,15.2,19.8,0.4286,9
S04,2025-08-21,12,12,0,0,16.78,15.2,22.8,0.3333,6
S04,2025-08-22,13,13,0,0,12.21,12.3,17.8,0.7692,8
S04,2025-08-23,16,16,0,0,16.79,15.9,24.2,0.4375,9
S04,2025-08-24,12,12,0,0,15.42,14.4,23.1,0.5,7
S04,2025-08-25,9,9,0,0,16.88,16.0,28.9,0.3333,7
S04,2025-08-26,10,10,0,0,15.86,12.1,25.8,0.6,6
S04,2025-08-27,7,7,0,0,12.86,12.2,20.5,0.7143,4
S04,2025-08-28,10,10,0,0,13.76,12.4,17.6,0.7,8
S04,2025-08-29,8,8,0,0,13.1,12.3,17.3,0.625,6
S04,2025-08-30,16,16,0,0,15.81,15.1,19.2,0.4375,9
S04,2025-08-31,13,13,0,0,15.77,15.7,22.8,0.3846,6
S04,2025-09-01,11,11,0,0,15.57,13.8,19.8,0.5455,7
S04,2025-09-02,7,7,0,0,13.16,11.5,18.6,0.7143,6
S04,2025-09-03,15,14,1,0,13.02,11.5,17.1,0.8571,8
S04,2025-09-04,13,13,0,0,17.29,18.9,21.4,0.3077,6
S04,2025-09-05,11,11,0,0,14.89,14.1,20.5,0.6364,7
S04,2025-09-06,15,15,0,0,15.02,13.1,22.4,0.8,8
S04,2025-09-07,13,13,0,0,14.78,14.1,21.9,0.5385,8
S04,2025-09-08,13,13,0,0,15.15,16.1,23.2,0.4615,8
S04,2025-09-09,13,12,0,1,16.49,16.0,23.6,0.3333,6
S04,2025-09-10,12,12,0,0,23.78,22.8,28.5,0.0833,7
S04,2025-09-11,12,12,0,0,23.39,21.4,34.0,0.0833,6
S04,2025-09-12,13,13,0,0,15.18,13.2,23.5,0.5385,7
S04,2025-09-13,10,10,0,0,12.92,12.7,17.3,0.8,6
S04,2025-09-14,9,9,0,0,21.66,20.0,38.1,0.1111,5
S04,2025-09-15,10,10,0,0,19.93,18.8,24.1,0.0,7
S04,2025-09-16,9,9,0,0,15.66,14.5,23.8,0.5556,7
S04,2025-09-17,7,7,0,0,14.06,11.4,25.1,0.7143,6
S04,2025-09-18,4,4,0,0,14.95,11.6,24.4,0.5,4
S04,2025-09-19,12,12,0,0,12.42,11.3,19.1,0.75,7
S04,2025-09-20,13,13,0,0,14.53,14.5,19.9,0.5385,10
S04,2025-09-21,14,14,0,0,16.01,13.3,23.2,0.5714,8
S04,2025-09-22,21,20,0,1,16.26,13.7,27.0,0.55,8
S04,2025-09-23,13,13,0,0,19.32,18.5,29.8,0.3846,7
S04,2025-09-24,16,16,0,0,14.34,13.7,19.7,0.5625,8
S04,2025-09-25,5,5,0,0,14.22,13.8,20.5,0.6,4
S04,2025-09-26,14,14,0,0,17.04,15.5,25.9,0.4286,10
S04,2025-09-27,14,14,0,0,14.66,12.8,24.4,0.5714,7
S04,2025-09-28,20,20,0,0,16.15,16.7,23.2,0.4,10
S04,2025-09-29,7,7,0,0,13.4,13.6,18.0,0.5714,6
S04,2025-09-30,12,12,0,0,23.47,21.7,31.2,0.25,9
S05,2025-04-01,7,7,0,0,14.64,16.6,28.1,0.4286,6
S05,2025-04-02,9,9,0,0,15.87,16.5,24.0,0.4444,7
S05,2025-04-03,6,5,0,1,12.9,10.1,18.8,0.6,6
S05,2025-04-04,7,7,0,0,12.54,12.7,18.1,0.8571,6
S05,2025-04-05,12,12,0,0,13.52,11.7,22.1,0.6667,8
S05,2025-04-06,5,5,0,0,16.32,12.4,25.4,0.6,4
S05,2025-04-07,6,6,0,0,14.53,13.2,24.5,0.6667,3
S05,2025-04-08,17,17,0,0,14.99,14.0,24.2,0.6471,9
S05,2025-04-09,10,10,0,0,17.69,15.3,29.1,0.4,8
S05,2025-04-10,5,5,0,0,13.6,13.4,19.8,0.8,4
S05,2025-04-11,5,5,0,0,16.94,16.9,23.6,0.4,4
S05,2025-04-12,8,7,1,0,18.89,17.1,39.2,0.4286,5
S05,2025-04-13,8,8,0,0,13.72,13.8,19.9,0.5,7
S05,2025-04-14,10,10,0,0,18.31,16.7,27.6,0.3,7
S05,2025-04-15,7,7,0,0,15.13,13.8,25.1,0.7143,5
S05,2025-04-16,10,10,0,0,18.37,16.3,25.2,0.2,7
S05,2025-04-17,6,6,0,0,15.77,15.2,18.4,0.3333,5
S05,2025-04-18,12,12,0,0,14.22,16.0,19.6,0.4167,9
S05,2025-04-19,7,7,0,0,12.43,12.4,16.5,0.7143,6
S05,2025-04-20,11,11,0,0,15.69,14.8,24.3,0.6364,8
S05,2025-04-21,10,10,0,0,14.99,14.0,18.6,0.7,6
S05,2025-04-22,13,13,0,0,15.25,15.3,19.9,0.4615,8
S05,2025-04-23,8,8,0,0,21.21,17.2,31.6,0.0,6
S05,2025-04-24,6,6,0,0,13.95,13.8,19.3,0.6667,5
S05,2025-04-25,10,10,0,0,15.9,14.5,20.3,0.5,6
S05,2025-04-26,11,11,0,0,15.85,15.4,19.7,0.4545,8
S05,2025-04-27,6,6,0,0,15.6,16.3,23.4,0.3333,5
S05,2025-04-28,11,11,0,0,12.97,13.1,17.1,0.6364,7
S05,2025-04-29,8,8,0,0,13.23,14.4,17.9,0.625,6
S05,2025-04-30,10,10,0,0,14.8,14.2,19.8,0.5,8
S05,2025-05-01,6,6,0,0,11.25,10.0,20.7,0.8333,5
S05,2025-05-02,10,10,0,0,14.33,14.6,17.2,0.6,6
S05,2025-05-03,10,9,0,1,14.33,12.4,28.1,0.7778,6
S05,2025-05-04,13,12,1,0,15.03,13.8,21.4,0.5833,6
S05,2025-05-05,10,10,0,0,14.47,14.7,19.9,0.6,6
S05,2025-05-06,5,5,0,0,10.62,10.7,13.8,1.0,4
S05,2025-05-07,4,4,0,0,18.95,18.9,25.7,0.25,3
S05,2025-05-08,6,5,0,1,18.18,19.1,21.9,0.2,5
S05,2025-05-09,7,7,0,0,14.96,15.9,19.6,0.4286,5
S05,2025-05-10,9,8,0,1,16.33,14.6,25.4,0.5,6
S05,2025-05-11,10,10,0,0,13.99,14.3,14.7,0.9,7
S05,2025-05-12,6,6,0,0,13.52,10.5,24.2,0.8333,3
S05,2025-05-13,8,8,0,0,12.34,12.1,15.9,0.875,6
S05,2025-05-14,3,3,0,0,17.93,18.6,29.1,0.3333,3
S05,2025-05-15,7,7,0,0,15.57,13.9,24.2,0.5714,4
S05,2025-05-16,9,9,0,0,14.84,12.1,32.8,0.5556,8
S05,2025-05-17,10,10,0,0,14.79,13.0,20.1,0.7,8
S05,2025-05-18,12,12,0,0,14.81,14.0,20.3,0.5833,7
S05,2025-05-19,9,9,0,0,15.19,14.5,25.5,0.5556,7
S05,2025-05-20,9,9,0,0,12.87,11.0,20.1,0.6667,5
S05,2025-05-21,11,11,0,0,16.42,15.8,24.4,0.4545,8
S05,2025-05-22,8,8,0,0,14.56,11.3,23.3,0.5,6
S05,2025-05-23,3,3,0,0,16.77,15.3,20.9,0.3333,2
S05,2025-05-24,12,12,0,0,15.94,15.3,23.5,0.4167,8
S05,2025-05-25,8,8,0,0,14.1,13.0,20.2,0.5,5
S05,2025-05-26,7,7,0,0,14.9,13.1,21.2,0.7143,5
S05,2025-05-27,15,15,0,0,14.61,12.9,24.5,0.6,8
S05,2025-05-28,9,9,0,0,16.63,16.2,31.1,0.4444,7
S05,2025-05-29,9,9,0,0,17.02,15.0,33.0,0.5556,5
S05,2025-05-30,7,7,0,0,17.21,14.1,26.1,0.5714,6
S05,2025-05-31,5,5,0,0,13.46,11.8,20.7,0.8,3
S05,2025-06-01,7,7,0,0,16.06,18.5,22.5,0.4286,6
S05,2025-06-02,13,13,0,0,22.45,19.4,31.8,0.0769,6
S05,2025-06-03,9,8,0,1,13.8,13.4,18.0,0.625,5
S05,2025-06-04,9,9,0,0,13.67,12.6,17.4,0.7778,7
S05,2025-06-05,12,12,0,0,28.01,27.5,45.6,0.0833,8
S05,2025-06-06,12,12,0,0,16.5,14.4,22.4,0.5,7
S05,2025-06-07,7,7,0,0,21.67,19.6,45.4,0.2857,5
S05,2025-06-08,9,8,1,0,22.51,20.3,36.8,0.375,5
S05,2025-06-09,9,9,0,0,13.79,14.1,18.7,0.6667,7
S05,2025-06-10,11,11,0,0,21.01,15.4,42.7,0.4545,7
S05,2025-06-11,7,7,0,0,27.11,25.9,54.4,0.1429,5
S05,2025-06-12,7,6,1,0,15.22,15.0,21.4,0.5,5
S05,2025-06-13,4,4,0,0,8.4,8.1,10.9,1.0,4
S05,2025-06-14,11,10,1,0,14.2,10.9,23.1,0.6,8
S05,2025-06-15,7,7,0,0,14.84,13.3,22.5,0.7143,6
S05,2025-06-16,11,11,0,0,16.65,16.5,21.0,0.4545,6
S05,2025-06-17,12,12,0,0,28.06,26.7,33.1,0.0833,8
S05,2025-06-18,7,7,0,0,21.39,20.6,32.7,0.2857,4
S05,2025-06-19,10,10,0,0,13.63,12.8,20.6,0.8,5
S05,2025-06-20,11,10,0,1,13.93,13.5,17.0,0.6,7
S05,2025-06-21,13,13,0,0,19.49,20.1,24.9,0.0769,7
S05,2025-06-22,13,13,0,0,13.31,14.1,16.0,0.6923,8
S05,2025-06-23,8,8,0,0,19.48,18.2,29.6,0.125,6
S05,2025-06-24,7,7,0,0,16.13,15.6,26.5,0.4286,5
S05,2025-06-25,12,12,0,0,16.54,14.3,23.1,0.5,6
S05,2025-06-26,12,12,0,0,27.6,26.9,38.5,0.0833,8
S05,2025-06-27,9,9,0,0,13.9,14.0,21.5,0.5556,5
S05,2025-06-28,12,12,0,0,16.25,11.6,29.1,0.5833,7
S05,2025-06-29,15,15,0,0,20.39,19.3,32.3,0.2,7
S05,2025-06-30,4,4,0,0,14.18,11.4,18.9,0.5,4
S05,2025-07-01,4,4,0,0,20.6,16.1,38.0,0.25,3
S05,2025-07-02,11,11,0,0,34.26,37.0,45.6,0.0,6
S05,2025-07-03,7,7,0,0,15.73,15.5,23.3,0.2857,5
S05,2025-07-04,9,9,0,0,19.86,17.6,42.0,0.4444,7
S05,2025-07-05,14,13,0,1,21.3,18.0,29.5,0.3077,7
S05,2025-07-06,10,10,0,0,14.29,14.3,17.3,0.6,6
S05,2025-07-07,7,7,0,0,14.03,13.7,20.7,0.7143,4
S05,2025-07-08,8,8,0,0,27.98,24.4,59.2,0.125,4
S05,2025-07-09,8,7,0,1,22.93,23.1,31.3,0.1429,5
S05,2025-07-10,12,12,0,0,14.02,13.4,19.1,0.75,7
S05,2025-07-11,12,11,0,1,17.49,17.1,21.9,0.2727,7
S05,2025-07-12,17,16,0,1,23.12,21.9,33.5,0.125,9
S05,2025-07-13,9,9,0,0,15.5,14.9,24.9,0.5556,7
S05,2025-07-14,7,7,0,0,16.0,12.0,33.5,0.7143,5
S05,2025-07-15,8,7,0,1,26.36,25.0,42.5,0.0,5
S05,2025-07-16,8,8,0,0,15.75,15.0,27.1,0.5,6
S05,2025-07-17,7,7,0,0,12.97,12.5,17.0,0.5714,5
S05,2025-07-18,10,9,0,1,23.1,24.5,31.5,0.2222,6
S05,2025-07-19,12,12,0,0,38.77,33.2,60.4,0.0,8
S05,2025-07-20,17,17,0,0,14.74,14.1,23.7,0.5882,9
S05,2025-07-21,12,12,0,0,17.62,18.0,25.2,0.3333,7
S05,2025-07-22,8,7,0,1,14.93,14.7,27.6,0.5714,6
S05,2025-07-23,10,10,0,0,17.54,19.3,23.1,0.4,7
S05,2025-07-24,15,13,1,1,26.75,27.9,40.9,0.0769,9
S05,2025-07-25,10,10,0,0,17.05,16.9,22.7,0.3,5
S05,2025-07-26,6,6,0,0,14.2,12.3,23.2,0.8333,4
S05,2025-07-27,13,12,0,1,16.21,16.0,21.7,0.3333,8
S05,2025-07-28,9,9,0,0,15.31,15.5,20.4,0.3333,6
S05,2025-07-29,10,10,0,0,18.5,16.5,25.7,0.4,9
S05,2025-07-30,11,11,0,0,15.05,12.9,20.6,0.7273,7
S05,2025-07-31,5,5,0,0,26.9,26.6,34.4,0.0,2
S05,2025-08-01,7,7,0,0,14.16,14.5,18.4,0.5714,5
S05,2025-08-02,7,7,0,0,15.47,15.5,22.5,0.4286,5
S05,2025-08-03,11,10,0,1,13.45,12.7,17.7,0.6,8
S05,2025-08-04,9,9,0,0,17.17,14.0,31.6,0.5556,7
S05,2025-08-05,4,4,0,0,15.13,15.5,17.2,0.25,3
S05,2025-08-06,7,6,0,1,17.38,16.0,25.3,0.3333,6
S05,2025-08-07,17,17,0,0,17.1,15.1,32.5,0.4706,7
S05,2025-08-08,13,13,0,0,25.84,27.5,34.5,0.0769,6
S05,2025-08-09,13,13,0,0,14.91,13.3,21.6,0.5385,9
S05,2025-08-10,9,9,0,0,14.26,13.3,21.2,0.5556,6
S05,2025-08-11,9,8,0,1,13.62,12.7,21.4,0.75,7
S05,2025-08-12,12,12,0,0,14.36,11.2,19.3,0.6667,6
S05,2025-08-13,13,13,0,0,15.08,15.3,21.5,0.4615,7
S05,2025-08-14,7,7,0,0,13.1,11.3,20.1,0.7143,6
S05,2025-08-15,19,19,0,0,29.98,28.2,45.0,0.0,8
S05,2025-08-16,14,13,0,1,17.93,16.2,27.5,0.3077,7
S05,2025-08-17,9,9,0,0,16.22,15.0,25.4,0.5556,5
S05,2025-08-18,11,11,0,0,18.82,17.2,28.8,0.4545,5
S05,2025-08-19,12,12,0,0,13.76,11.8,19.5,0.6667,9
S05,2025-08-20,11,11,0,0,17.37,17.6,25.1,0.4545,8
S05,2025-08-21,10,10,0,0,14.75,14.7,19.1,0.5,8
S05,2025-08-22,8,8,0,0,16.79,13.6,27.1,0.625,7
S05,2025-08-23,9,9,0,0,12.62,14.6,18.3,0.5556,7
S05,2025-08-24,13,12,1,0,13.78,12.3,18.4,0.5,8
S05,2025-08-25,5,5,0,0,19.82,20.4,27.2,0.2,4
S05,2025-08-26,5,5,0,0,20.68,15.8,33.8,0.0,5
S05,2025-08-27,3,3,0,0,13.7,14.8,15.6,0.6667,3
S05,2025-08-28,11,11,0,0,16.66,16.8,21.6,0.1818,8
S05,2025-08-29,15,15,0,0,26.43,24.2,35.2,0.0667,8
S05,2025-08-30,13,13,0,0,28.34,30.5,33.9,0.0,6
S05,2025-08-31,8,8,0,0,20.16,18.2,32.3,0.25,5
S05,2025-09-01,9,9,0,0,11.36,10.0,16.9,0.5556,6
S05,2025-09-02,7,7,0,0,35.36,37.2,55.5,0.0,6
S05,2025-09-03,4,4,0,0,18.73,14.6,27.9,0.5,4
S05,2025-09-04,12,12,0,0,14.06,14.2,19.2,0.6667,6
S05,2025-09-05,11,11,0,0,14.94,13.9,19.8,0.6364,9
S05,2025-09-06,15,15,0,0,13.71,13.8,19.5,0.6,8
S05,2025-09-07,10,10,0,0,17.37,16.7,20.9,0.2,7
S05,2025-09-08,7,7,0,0,20.24,22.3,25.7,0.1429,6
S05,2025-09-09,7,7,0,0,14.13,14.3,17.8,0.5714,7
S05,2025-09-10,11,11,0,0,14.65,14.3,18.6,0.5455,8
S05,2025-09-11,11,11,0,0,27.07,23.7,39.2,0.0,8
S05,2025-09-12,5,5,0,0,12.72,12.9,17.3,0.6,5
S05,2025-09-13,12,12,0,0,20.05,18.4,28.0,0.3333,8
S05,2025-09-14,12,12,0,0,17.55,14.2,26.3,0.5,6
S05,2025-09-15,12,12,0,0,15.51,13.9,25.3,0.6667,8
S05,2025-09-16,6,6,0,0,13.0,11.1,22.9,0.8333,4
S05,2025-09-17,7,7,0,0,16.46,16.0,27.6,0.4286,5
S05,2025-09-18,10,10,0,0,13.52,14.1,18.4,0.7,5
S05,2025-09-19,17,17,0,0,18.27,15.9,28.6,0.3529,8
S05,2025-09-20,17,17,0,0,15.78,15.3,23.2,0.4706,8
S05,2025-09-21,14,13,0,1,16.86,17.2,22.1,0.3846,7
S05,2025-09-22,9,9,0,0,13.68,14.6,21.2,0.5556,6
S05,2025-09-23,9,8,0,1,14.23,13.8,19.0,0.5,4
S05,2025-09-24,15,15,0,0,15.09,14.6,21.7,0.5333,6
S05,2025-09-25,9,9,0,0,18.32,20.3,25.8,0.3333,6
S05,2025-09-26,8,8,0,0,14.65,12.3,23.6,0.625,4
S05,2025-09-27,8,8,0,0,25.08,19.1,42.1,0.125,5
S05,2025-09-28,13,13,0,0,18.57,18.0,27.8,0.3077,7
S05,2025-09-29,9,8,1,0,12.79,12.3,26.4,0.875,6
S05,2025-09-30,3,3,0,0,13.27,12.8,21.2,0.6667,3
S06,2025-04-01,8,8,0,0,15.84,14.3,24.6,0.5,4
S06,2025-04-02,13,13,0,0,13.06,11.9,18.7,0.7692,8
S06,2025-04-03,14,14,0,0,13.75,13.2,19.4,0.7857,8
S06,2025-04-04,23,23,0,0,14.9,13.7,20.6,0.6087,10
S06,2025-04-05,23,23,0,0,14.61,14.2,19.3,0.5652,8
S06,2025-04-06,15,14,0,1,14.47,11.7,20.6,0.6429,6
S06,2025-04-07,11,11,0,0,14.51,15.5,21.6,0.4545,6
S06,2025-04-08,18,18,0,0,16.46,15.2,24.6,0.4444,7
S06,2025-04-09,11,11,0,0,14.44,14.3,16.7,0.5455,5
S06,2025-04-10,18,18,0,0,15.74,14.6,24.4,0.5,8
S06,2025-04-11,18,18,0,0,16.64,14.2,28.4,0.5556,8
S06,2025-04-12,18,17,0,1,14.58,14.9,20.8,0.5294,10
S06,2025-04-13,9,9,0,0,13.9,14.1,20.3,0.5556,5
S06,2025-04-14,19,17,0,2,14.15,12.9,22.1,0.7647,8
S06,2025-04-15,14,14,0,0,16.01,14.7,22.5,0.5,9
S06,2025-04-16,15,15,0,0,15.87,17.4,20.0,0.3333,6
S06,2025-04-17,19,19,0,0,13.49,12.3,19.9,0.6842,8
S06,2025-04-18,20,19,0,1,17.48,16.5,25.1,0.4211,8
S06,2025-04-19,13,13,0,0,13.28,14.5,17.7,0.6154,9
S06,2025-04-20,13,13,0,0,13.53,13.7,19.9,0.6923,6
S06,2025-04-21,16,16,0,0,15.1,15.7,19.4,0.375,5
S06,2025-04-22,11,10,0,1,14.91,11.3,22.1,0.6,6
S06,2025-04-23,17,17,0,0,14.12,13.5,20.7,0.6471,8
S06,2025-04-24,17,17,0,0,14.39,14.0,23.1,0.6471,8
S06,2025-04-25,13,13,0,0,15.41,15.8,21.5,0.4615,7
S06,2025-04-26,25,25,0,0,14.14,13.4,18.5,0.76,9
S06,2025-04-27,23,23,0,0,15.77,14.8,25.3,0.5217,9
S06,2025-04-28,15,15,0,0,15.15,13.4,22.3,0.6667,8
S06,2025-04-29,13,12,0,1,13.23,12.8,18.8,0.5,8
S06,2025-04-30,16,16,0,0,15.42,15.1,21.0,0.4375,7
S06,2025-05-01,13,13,0,0,13.9,13.2,17.3,0.6923,7
S06,2025-05-02,11,11,0,0,12.39,11.8,18.2,0.8182,7
S06,2025-05-03,31,31,0,0,14.38,12.5,21.0,0.6452,10
S06,2025-05-04,16,16,0,0,16.69,15.5,24.5,0.4375,7
S06,2025-05-05,11,11,0,0,14.5,14.2,20.2,0.5455,6
S06,2025-05-06,11,11,0,0,14.44,11.9,20.8,0.7273,6
S06,2025-05-07,17,16,1,0,17.18,16.2,25.1,0.4375,8
S06,2025-05-08,15,13,1,1,14.55,15.5,21.0,0.4615,8
S06,2025-05-09,11,11,0,0,14.75,13.9,21.9,0.7273,6
S06,2025-05-10,14,14,0,0,14.41,14.6,18.7,0.5714,7
S06,2025-05-11,18,17,1,0,14.75,13.2,20.8,0.5294,8
S06,2025-05-12,26,25,0,1,14.54,13.2,20.2,0.56,9
S06,2025-05-13,16,15,1,0,14.63,13.3,20.5,0.6,6
S06,2025-05-14,14,13,1,0,13.53,11.9,17.4,0.5385,8
S06,2025-05-15,15,15,0,0,15.75,15.0,21.4,0.5333,8
S06,2025-05-16,24,24,0,0,15.65,14.9,23.0,0.5833,9
S06,2025-05-17,17,17,0,0,11.63,11.4,16.4,0.7647,8
S06,2025-05-18,24,24,0,0,16.43,14.5,25.6,0.5833,8
S06,2025-05-19,11,11,0,0,13.77,12.8,20.2,0.6364,6
S06,2025-05-20,15,15,0,0,16.88,16.8,23.5,0.4667,5
S06,2025-05-21,16,16,0,0,16.98,15.4,23.7,0.4375,9
S06,2025-05-22,17,17,0,0,15.28,14.5,20.9,0.5882,7
S06,2025-05-23,21,21,0,0,14.45,14.1,19.4,0.5238,9
S06,2025-05-24,26,25,1,0,15.16,16.7,20.2,0.4,8
S06,2025-05-25,25,24,0,1,14.2,13.5,18.7,0.625,9
S06,2025-05-26,22,22,0,0,15.86,13.7,23.0,0.6364,8
S06,2025-05-27,14,14,0,0,13.21,12.2,19.2,0.7143,9
S06,2025-05-28,21,20,1,0,15.65,15.1,24.0,0.45,9
S06,2025-05-29,14,13,0,1,14.12,11.5,22.2,0.5385,8
S06,2025-05-30,17,17,0,0,16.35,16.3,23.4,0.2941,9
S06,2025-05-31,19,19,0,0,14.13,12.5,26.2,0.6842,7
S06,2025-06-01,18,18,0,0,15.22,15.0,22.9,0.5,9
S06,2025-06-02,15,14,1,0,19.79,17.9,26.8,0.2857,8
S06,2025-06-03,20,20,0,0,13.41,11.4,18.8,0.7,9
S06,2025-06-04,15,15,0,0,14.47,12.8,19.0,0.6667,8
S06,2025-06-05,17,14,1,2,27.1,23.2,35.4,0.0714,7
S06,2025-06-06,26,26,0,0,15.45,14.1,25.3,0.5385,10
S06,2025-06-07,32,29,2,1,20.73,19.1,34.0,0.2069,10
S06,2025-06-08,22,21,1,0,23.5,23.2,27.8,0.1429,8
S06,2025-06-09,16,13,3,0,15.08,12.9,20.3,0.5385,8
S06,2025-06-10,16,16,0,0,16.53,14.6,23.2,0.5,9
S06,2025-06-11,15,15,0,0,23.34,21.3,31.4,0.0667,8
S06,2025-06-12,19,19,0,0,14.99,12.5,27.9,0.6316,10
S06,2025-06-13,18,18,0,0,15.36,14.9,20.7,0.5,8
S06,2025-06-14,23,23,0,0,13.83,13.5,18.2,0.6522,8
S06,2025-06-15,21,21,0,0,16.07,15.0,21.2,0.5238,9
S06,2025-06-16,19,18,1,0,17.16,14.6,25.4,0.5,7
S06,2025-06-17,19,17,1,1,20.52,21.3,29.1,0.2353,8
S06,2025-06-18,23,21,0,2,22.06,22.0,30.5,0.1905,7
S06,2025-06-19,22,22,0,0,13.21,13.0,18.4,0.7273,9
S06,2025-06-20,25,25,0,0,13.34,12.7,19.2,0.68,9
S06,2025-06-21,16,16,0,0,20.87,17.9,32.0,0.125,8
S06,2025-06-22,15,15,0,0,15.46,14.4,22.1,0.6,7
S06,2025-06-23,15,15,0,0,15.72,14.4,24.9,0.5333,8
S06,2025-06-24,12,12,0,0,11.46,10.6,16.6,0.8333,7
S06,2025-06-25,14,13,1,0,15.02,16.0,22.9,0.4615,7
S06,2025-06-26,18,17,1,0,27.24,25.7,37.7,0.1176,9
S06,2025-06-27,25,25,0,0,15.77,13.6,23.8,0.56,7
S06,2025-06-28,25,25,0,0,14.93,13.2,22.7,0.68,8
S06,2025-06-29,25,25,0,0,20.12,18.6,31.4,0.28,9
S06,2025-06-30,12,12,0,0,13.63,12.0,21.0,0.75,6
S06,2025-07-01,17,17,0,0,15.94,13.9,24.3,0.5882,8
S06,2025-07-02,26,26,0,0,37.07,34.7,49.9,0.0,8
S06,2025-07-03,20,19,0,1,18.56,19.1,32.7,0.3684,7
S06,2025-07-04,22,21,1,0,19.79,17.0,26.7,0.1429,8
S06,2025-07-05,23,21,1,1,21.46,19.7,29.5,0.2857,9
S06,2025-07-06,21,21,0,0,14.92,14.4,19.3,0.5238,8
S06,2025-07-07,14,14,0,0,12.64,13.2,20.7,0.7857,9
S06,2025-07-08,20,20,0,0,23.67,21.1,33.4,0.1,8
S06,2025-07-09,27,27,0,0,24.43,22.5,32.5,0.1481,8
S06,2025-07-10,10,9,0,1,13.94,10.6,35.5,0.7778,9
S06,2025-07-11,16,16,0,0,19.99,18.0,31.0,0.375,8
S06,2025-07-12,22,22,0,0,24.6,21.9,38.0,0.1364,10
S06,2025-07-13,16,15,1,0,15.76,14.3,24.6,0.5333,8
S06,2025-07-14,14,14,0,0,13.55,12.2,22.2,0.7143,8
S06,2025-07-15,24,21,2,1,27.95,25.3,37.3,0.0476,9
S06,2025-07-16,18,17,0,1,22.45,19.9,27.1,0.0588,8
S06,2025-07-17,14,14,0,0,14.47,14.0,17.9,0.5,8
S06,2025-07-18,19,18,0,1,22.44,20.1,29.7,0.2222,10
S06,2025-07-19,29,29,0,0,36.24,33.0,50.6,0.0,9
S06,2025-07-20,20,20,0,0,14.47,13.9,20.5,0.65,8
S06,2025-07-21,18,18,0,0,15.73,13.4,25.9,0.5556,7
S06,2025-07-22,14,14,0,0,16.33,15.9,21.8,0.3571,8
S06,2025-07-23,18,17,0,1,18.02,17.6,26.3,0.4118,9
S06,2025-07-24,21,20,0,1,24.41,23.2,30.9,0.0,8
S06,2025-07-25,15,15,0,0,15.71,15.0,20.0,0.6,7
S06,2025-07-26,20,20,0,0,16.13,14.6,23.4,0.5,8
S06,2025-07-27,13,13,0,0,17.19,17.4,27.4,0.3846,6
S06,2025-07-28,13,13,0,0,13.49,11.6,19.6,0.6923,7
S06,2025-07-29,21,21,0,0,18.53,14.9,29.7,0.5238,10
S06,2025-07-30,15,15,0,0,15.9,14.4,23.9,0.6,8
S06,2025-07-31,27,23,2,2,26.65,25.7,38.1,0.0435,8
S06,2025-08-01,12,12,0,0,17.53,13.5,24.6,0.5,7
S06,2025-08-02,12,12,0,0,18.16,15.9,32.2,0.4167,8
S06,2025-08-03,20,20,0,0,15.57,14.8,19.7,0.55,9
S06,2025-08-04,11,11,0,0,16.11,14.9,21.4,0.5455,6
S06,2025-08-05,19,18,1,0,16.01,16.3,24.9,0.3889,9
S06,2025-08-06,13,13,0,0,12.21,12.2,18.3,0.8462,6
S06,2025-08-07,19,18,0,1,14.77,13.6,20.4,0.5,9
S06,2025-08-08,18,18,0,0,24.02,24.7,32.6,0.1111,8
S06,2025-08-09,11,11,0,0,17.11,17.4,20.9,0.2727,7
S06,2025-08-10,20,19,0,1,15.09,14.6,23.4,0.5789,9
S06,2025-08-11,18,18,0,0,15.52,14.7,22.6,0.5,9
S06,2025-08-12,12,12,0,0,13.6,12.2,16.5,0.75,7
S06,2025-08-13,16,16,0,0,15.52,13.4,22.7,0.625,8
S06,2025-08-14,11,11,0,0,16.16,14.7,21.5,0.5455,8
S06,2025-08-15,29,29,0,0,26.3,24.9,36.7,0.069,11
S06,2025-08-16,19,18,0,1,14.06,13.3,19.8,0.6667,8
S06,2025-08-17,20,19,0,1,16.82,15.2,21.9,0.4737,8
S06,2025-08-18,20,19,0,1,16.26,13.5,28.0,0.5263,8
S06,2025-08-19,16,16,0,0,15.99,13.3,30.7,0.5625,9
S06,2025-08-20,14,14,0,0,18.69,15.3,27.4,0.4286,6
S06,2025-08-21,33,33,0,0,13.46,13.1,20.8,0.6667,8
S06,2025-08-22,21,21,0,0,19.64,17.5,30.9,0.2857,8
S06,2025-08-23,14,14,0,0,12.96,12.6,18.4,0.7857,6
S06,2025-08-24,13,12,0,1,15.38,13.6,22.0,0.5833,8
S06,2025-08-25,19,19,0,0,18.99,18.2,27.4,0.2632,9
S06,2025-08-26,16,16,0,0,18.59,15.9,32.2,0.4375,8
S06,2025-08-27,19,19,0,0,16.36,14.1,28.0,0.5263,10
S06,2025-08-28,19,19,0,0,13.86,14.4,20.0,0.6316,6
S06,2025-08-29,28,26,1,1,24.45,20.7,43.8,0.1538,8
S06,2025-08-30,24,24,0,0,36.05,31.9,53.6,0.0,8
S06,2025-08-31,10,10,0,0,20.97,19.6,28.6,0.2,7
S06,2025-09-01,12,12,0,0,14.36,11.1,25.0,0.75,8
S06,2025-09-02,31,29,0,2,32.66,30.2,48.6,0.0345,10
S06,2025-09-03,19,18,1,0,17.89,15.1,30.0,0.4444,9
S06,2025-09-04,18,18,0,0,14.17,13.5,20.2,0.6667,9
S06,2025-09-05,16,16,0,0,16.96,13.9,25.0,0.5,8
S06,2025-09-06,14,13,1,0,17.87,15.7,29.7,0.3846,7
S06,2025-09-07,12,11,1,0,15.85,15.8,22.6,0.4545,6
S06,2025-09-08,14,14,0,0,19.6,19.3,27.6,0.3571,8
S06,2025-09-09,14,14,0,0,13.91,14.1,18.0,0.5714,6
S06,2025-09-10,7,7,0,0,14.14,13.6,18.8,0.5714,5
S06,2025-09-11,20,20,0,0,27.02,24.2,34.6,0.0,9
S06,2025-09-12,17,17,0,0,15.38,15.4,22.8,0.4706,8
S06,2025-09-13,15,15,0,0,22.51,20.0,34.2,0.2,8
S06,2025-09-14,19,19,0,0,17.15,16.0,28.8,0.4737,7
S06,2025-09-15,19,17,0,2,15.59,15.2,22.1,0.4118,10
S06,2025-09-16,10,10,0,0,12.75,11.9,18.6,0.8,4
S06,2025-09-17,24,24,0,0,14.65,11.9,25.1,0.625,10
S06,2025-09-18,19,18,0,1,14.85,12.9,26.1,0.6667,8
S06,2025-09-19,23,23,0,0,16.22,16.2,22.1,0.4348,9
S06,2025-09-20,15,14,0,1,16.36,15.0,21.4,0.5,7
S06,2025-09-21,21,20,1,0,22.04,20.6,29.3,0.15,8
S06,2025-09-22,19,19,0,0,15.47,15.2,21.3,0.4737,7
S06,2025-09-23,14,13,0,1,15.22,13.7,23.0,0.6923,7
S06,2025-09-24,23,23,0,0,14.86,13.5,20.5,0.6087,7
S06,2025-09-25,15,15,0,0,20.81,19.0,28.6,0.2,9
S06,2025-09-26,16,16,0,0,14.66,12.9,24.5,0.625,7
S06,2025-09-27,19,19,0,0,23.69,21.7,39.0,0.1579,9
S06,2025-09-28,21,20,0,1,19.09,16.7,29.1,0.3,9
S06,2025-09-29,13,13,0,0,13.65,13.9,19.0,0.6923,9
S06,2025-09-30,16,16,0,0,13.5,12.7,19.0,0.6875,9
S07,2025-04-01,9,9,0,0,15.27,14.2,26.5,0.5556,7
S07,2025-04-02,6,6,0,0,17.35,15.4,25.3,0.3333,6
S07,2025-04-03,14,13,1,0,15.93,15.8,20.3,0.3846,6
S07,2025-04-04,12,12,0,0,14.52,13.9,20.0,0.5833,6
S07,2025-04-05,11,11,0,0,14.58,13.1,21.3,0.6364,6
S07,2025-04-06,7,7,0,0,15.01,15.8,23.8,0.4286,6
S07,2025-04-07,7,7,0,0,13.77,14.2,19.6,0.7143,4
S07,2025-04-08,9,9,0,0,15.59,16.4,22.3,0.4444,5
S07,2025-04-09,8,8,0,0,15.44,13.8,28.2,0.625,6
S07,2025-04-10,10,10,0,0,11.93,9.8,15.2,0.8,7
S07,2025-04-11,7,7,0,0,19.17,16.7,25.3,0.0,5
S07,2025-04-12,17,17,0,0,16.35,17.4,23.2,0.3529,9
S07,2025-04-13,14,14,0,0,15.88,14.3,22.8,0.5,8
S07,2025-04-14,6,6,0,0,17.3,16.8,26.2,0.3333,4
S07,2025-04-15,8,8,0,0,14.59,15.3,19.4,0.375,7
S07,2025-04-16,9,9,0,0,14.18,14.1,27.9,0.7778,7
S07,2025-04-17,14,14,0,0,13.59,12.0,20.2,0.5714,8
S07,2025-04-18,10,10,0,0,19.07,14.7,33.8,0.5,6
S07,2025-04-19,11,11,0,0,16.47,14.1,26.7,0.5455,7
S07,2025-04-20,7,7,0,0,14.04,11.9,20.5,0.7143,6
S07,2025-04-21,11,11,0,0,15.25,11.1,23.0,0.5455,7
S07,2025-04-22,13,13,0,0,16.02,14.7,21.5,0.5385,7
S07,2025-04-23,6,6,0,0,16.68,10.8,30.9,0.5,4
S07,2025-04-24,7,7,0,0,11.53,10.9,20.0,0.8571,5
S07,2025-04-25,10,10,0,0,16.49,15.6,20.5,0.4,5
S07,2025-04-26,12,12,0,0,15.13,14.1,22.6,0.5833,8
S07,2025-04-27,7,7,0,0,15.1,15.3,18.1,0.4286,5
S07,2025-04-28,7,7,0,0,13.44,12.9,20.5,0.7143,7
S07,2025-04-29,10,10,0,0,17.83,15.4,25.8,0.4,8
S07,2025-04-30,10,10,0,0,11.89,12.0,17.1,0.8,6
S07,2025-05-01,13,13,0,0,15.39,15.2,17.8,0.4615,7
S07,2025-05-02,6,6,0,0,14.27,13.6,21.2,0.6667,6
S07,2025-05-03,17,17,0,0,15.83,16.0,23.6,0.3529,9
S07,2025-05-04,8,8,0,0,13.09,12.9,18.0,0.75,5
S07,2025-05-05,10,10,0,0,16.62,15.3,22.9,0.4,5
S07,2025-05-06,12,12,0,0,15.65,14.9,21.1,0.5,8
S07,2025-05-07,9,9,0,0,16.49,15.2,29.7,0.4444,5
S07,2025-05-08,7,7,0,0,17.71,17.5,34.5,0.2857,6
S07,2025-05-09,11,11,0,0,15.63,14.4,19.6,0.6364,7
S07,2025-05-10,9,9,0,0,16.44,16.6,26.9,0.3333,5
S07,2025-05-11,12,12,0,0,13.51,12.1,22.0,0.75,6
S07,2025-05-12,8,8,0,0,14.89,14.7,19.0,0.5,5
S07,2025-05-13,8,8,0,0,13.78,14.2,17.9,0.5,6
S07,2025-05-14,9,9,0,0,12.98,10.6,29.6,0.6667,7
S07,2025-05-15,14,14,0,0,12.65,11.0,25.0,0.7857,6
S07,2025-05-16,10,10,0,0,13.45,11.8,17.5,0.6,5
S07,2025-05-17,22,20,2,0,16.41,14.0,24.9,0.55,9
S07,2025-05-18,8,7,1,0,12.77,11.8,23.1,0.5714,6
S07,2025-05-19,5,5,0,0,12.42,14.2,15.2,0.8,4
S07,2025-05-20,12,10,0,2,13.92,14.2,16.1,0.7,7
S07,2025-05-21,8,8,0,0,13.35,11.9,20.0,0.625,5
S07,2025-05-22,17,17,0,0,12.29,12.6,17.0,0.6471,6
S07,2025-05-23,8,8,0,0,19.61,16.3,28.7,0.375,5
S07,2025-05-24,11,11,0,0,15.46,13.0,22.5,0.5455,8
S07,2025-05-25,15,15,0,0,13.65,12.6,21.4,0.7333,8
S07,2025-05-26,8,8,0,0,14.44,12.4,20.9,0.75,6
S07,2025-05-27,10,10,0,0,13.24,12.6,15.7,0.8,7
S07,2025-05-28,11,11,0,0,17.69,19.1,23.6,0.3636,5
S07,2025-05-29,16,15,0,1,15.64,14.7,28.1,0.5333,7
S07,2025-05-30,9,9,0,0,16.72,18.9,23.3,0.3333,8
S07,2025-05-31,11,10,1,0,13.96,12.9,15.8,0.7,7
S07,2025-06-01,18,17,1,0,14.78,14.9,23.0,0.5294,8
S07,2025-06-02,13,13,0,0,20.64,20.6,25.8,0.3077,5
S07,2025-06-03,8,8,0,0,15.89,13.7,26.7,0.5,4
S07,2025-06-04,7,7,0,0,17.9,14.8,28.6,0.5714,5
S07,2025-06-05,9,9,0,0,24.7,23.1,45.1,0.1111,5
S07,2025-06-06,7,7,0,0,13.71,13.7,20.2,0.7143,5
S07,2025-06-07,23,23,0,0,19.58,18.3,24.0,0.3478,8
S07,2025-06-08,16,16,0,0,21.06,19.1,34.8,0.25,9
S07,2025-06-09,5,5,0,0,12.58,9.5,22.9,0.8,3
S07,2025-06-10,9,9,0,0,17.37,15.1,26.2,0.4444,6
S07,2025-06-11,14,14,0,0,26.39,21.2,37.7,0.0714,8
S07,2025-06-12,4,4,0,0,16.18,14.8,26.2,0.5,4
S07,2025-06-13,6,6,0,0,13.8,13.7,20.9,0.6667,4
S07,2025-06-14,17,17,0,0,13.91,13.7,18.5,0.5882,8
S07,2025-06-15,10,10,0,0,15.72,13.3,20.6,0.6,8
S07,2025-06-16,13,13,0,0,16.96,15.2,22.7,0.4615,8
S07,2025-06-17,10,10,0,0,26.44,23.0,41.2,0.2,5
S07,2025-06-18,12,12,0,0,20.63,16.7,35.7,0.25,6
S07,2025-06-19,12,10,1,1,17.95,15.9,25.9,0.4,7
S07,2025-06-20,14,14,0,0,13.89,12.8,19.2,0.6429,7
S07,2025-06-21,15,15,0,0,22.9,19.7,45.1,0.4,7
S07,2025-06-22,7,7,0,0,18.29,15.6,32.4,0.2857,5
S07,2025-06-23,16,16,0,0,17.33,16.1,25.1,0.375,8
S07,2025-06-24,7,6,0,1,14.82,13.1,20.9,0.5,5
S07,2025-06-25,11,11,0,0,13.06,13.5,16.3,0.7273,6
S07,2025-06-26,13,12,0,1,25.97,23.4,35.3,0.0,8
S07,2025-06-27,15,15,0,0,13.21,12.9,20.9,0.7333,9
S07,2025-06-28,12,12,0,0,12.01,12.2,14.4,1.0,5
S07,2025-06-29,11,10,0,1,23.46,20.7,32.5,0.1,6
S07,2025-06-30,8,8,0,0,16.0,13.4,24.0,0.5,5
S07,2025-07-01,6,6,0,0,16.23,10.5,32.2,0.6667,4
S07,2025-07-02,13,13,0,0,36.37,35.8,51.8,0.0,7
S07,2025-07-03,13,13,0,0,16.96,16.5,20.8,0.2308,7
S07,2025-07-04,9,8,0,1,20.81,20.6,27.2,0.25,6
S07,2025-07-05,16,16,0,0,16.6,16.8,21.8,0.375,9
S07,2025-07-06,11,11,0,0,15.05,14.7,19.2,0.5455,6
S07,2025-07-07,7,7,0,0,11.97,12.6,19.1,0.8571,6
S07,2025-07-08,11,10,0,1,30.67,28.3,46.5,0.0,6
S07,2025-07-09,14,14,0,0,21.62,19.1,28.5,0.1429,7
S07,2025-07-10,13,13,0,0,15.04,15.2,18.8,0.4615,8
S07,2025-07-11,7,7,0,0,19.17,20.8,24.4,0.2857,4
S07,2025-07-12,9,9,0,0,23.3,21.9,33.9,0.1111,7
S07,2025-07-13,10,10,0,0,13.52,12.9,19.0,0.6,6
S07,2025-07-14,8,8,0,0,15.03,14.7,23.4,0.625,6
S07,2025-07-15,10,10,0,0,23.05,20.8,31.4,0.1,8
S07,2025-07-16,7,7,0,0,20.2,19.5,30.6,0.1429,5
S07,2025-07-17,11,11,0,0,15.82,15.5,19.9,0.4545,6
S07,2025-07-18,12,12,0,0,22.97,20.5,31.6,0.0833,7
S07,2025-07-19,18,16,0,2,39.31,35.0,54.1,0.0,8
S07,2025-07-20,13,13,0,0,15.78,14.7,20.9,0.5385,8
S07,2025-07-21,11,11,0,0,18.79,16.0,22.8,0.4545,6
S07,2025-07-22,9,9,0,0,14.82,16.0,22.1,0.3333,5
S07,2025-07-23,16,15,0,1,21.18,22.5,28.5,0.2667,8
S07,2025-07-24,11,11,0,0,25.05,23.2,36.8,0.1818,7
S07,2025-07-25,17,17,0,0,16.55,14.5,28.1,0.5294,9
S07,2025-07-26,11,11,0,0,16.56,12.9,27.7,0.5455,6
S07,2025-07-27,13,13,0,0,16.12,16.8,23.6,0.3846,6
S07,2025-07-28,5,5,0,0,11.2,10.9,14.2,1.0,4
S07,2025-07-29,9,8,0,1,16.3,16.2,23.8,0.375,5
S07,2025-07-30,13,13,0,0,14.44,13.9,18.3,0.6154,8
S07,2025-07-31,14,14,0,0,31.71,28.4,43.3,0.0,7
S07,2025-08-01,12,12,0,0,15.03,15.2,19.7,0.4167,6
S07,2025-08-02,15,14,0,1,18.2,14.3,27.8,0.5,7
S07,2025-08-03,18,18,0,0,14.49,14.1,21.7,0.5,7
S07,2025-08-04,11,11,0,0,15.95,15.1,18.7,0.4545,7
S07,2025-08-05,9,9,0,0,17.84,16.5,29.1,0.3333,6
S07,2025-08-06,6,6,0,0,13.38,12.6,20.8,0.8333,5
S07,2025-08-07,10,10,0,0,14.79,13.2,20.9,0.7,6
S07,2025-08-08,14,14,0,0,27.21,24.4,36.1,0.0,8
S07,2025-08-09,9,8,0,1,15.29,13.3,23.5,0.5,6
S07,2025-08-10,13,13,0,0,15.13,15.5,20.6,0.4615,8
S07,2025-08-11,9,7,1,1,12.0,12.4,20.8,0.8571,7
S07,2025-08-12,12,12,0,0,13.25,11.8,20.6,0.8333,9
S07,2025-08-13,10,10,0,0,17.54,15.8,19.7,0.2,7
S07,2025-08-14,9,8,0,1,14.44,13.9,22.4,0.625,6
S07,2025-08-15,15,14,0,1,24.36,19.8,44.4,0.2857,7
S07,2025-08-16,11,11,0,0,13.44,13.4,21.8,0.7273,6
S07,2025-08-17,9,9,0,0,14.02,13.3,21.8,0.7778,5
S07,2025-08-18,11,11,0,0,17.37,14.3,24.5,0.5455,6
S07,2025-08-19,4,4,0,0,15.25,14.5,18.9,0.5,4
S07,2025-08-20,6,6,0,0,20.35,19.1,32.3,0.3333,6
S07,2025-08-21,14,13,0,1,15.54,14.8,21.2,0.5385,8
S07,2025-08-22,14,14,0,0,15.24,14.6,23.0,0.5714,5
S07,2025-08-23,14,14,0,0,14.78,14.5,20.2,0.5,9
S07,2025-08-24,9,9,0,0,13.79,13.5,18.6,0.6667,5
S07,2025-08-25,8,8,0,0,22.56,23.3,26.5,0.0,6
S07,2025-08-26,8,8,0,0,16.58,12.6,26.9,0.5,6
S07,2025-08-27,14,14,0,0,15.46,12.4,23.5,0.7143,6
S07,2025-08-28,6,6,0,0,13.65,13.8,18.7,0.6667,3
S07,2025-08-29,14,13,0,1,25.64,24.2,36.0,0.2308,7
S07,2025-08-30,16,15,0,1,31.03,31.4,39.2,0.0,6
S07,2025-08-31,15,15,0,0,20.95,15.9,33.9,0.1333,7
S07,2025-09-01,12,11,0,1,16.77,14.8,24.5,0.5455,6
S07,2025-09-02,15,15,0,0,38.88,33.8,51.5,0.0,6
S07,2025-09-03,12,12,0,0,15.81,14.3,20.0,0.5,7
S07,2025-09-04,14,14,0,0,17.01,17.3,23.6,0.3571,8
S07,2025-09-05,8,8,0,0,12.46,11.3,18.6,0.75,6
S07,2025-09-06,14,14,0,0,14.93,14.3,18.6,0.5714,4
S07,2025-09-07,17,17,0,0,19.56,17.8,32.0,0.2941,8
S07,2025-09-08,6,6,0,0,20.97,19.4,25.1,0.0,4
S07,2025-09-09,11,11,0,0,14.23,13.9,19.6,0.6364,6
S07,2025-09-10,11,11,0,0,15.07,12.7,21.9,0.5455,7
S07,2025-09-11,11,11,0,0,25.49,21.2,32.4,0.0,8
S07,2025-09-12,13,13,0,0,17.28,13.2,26.2,0.5385,7
S07,2025-09-13,14,13,1,0,24.32,22.0,36.6,0.1538,6
S07,2025-09-14,16,16,0,0,14.88,13.5,21.2,0.5625,7
S07,2025-09-15,11,11,0,0,16.38,15.8,26.0,0.4545,7
S07,2025-09-16,12,12,0,0,16.15,15.1,21.0,0.4167,9
S07,2025-09-17,11,11,0,0,13.92,13.8,17.4,0.8182,8
S07,2025-09-18,14,14,0,0,14.38,13.3,19.3,0.6429,8
S07,2025-09-19,11,11,0,0,15.45,14.9,19.6,0.6364,8
S07,2025-09-20,24,24,0,0,14.91,13.7,20.1,0.5833,8
S07,2025-09-21,15,13,0,2,21.38,21.1,31.4,0.1538,8
S07,2025-09-22,5,5,0,0,15.18,14.9,19.8,0.6,3
S07,2025-09-23,13,13,0,0,15.11,13.4,23.4,0.6154,7
S07,2025-09-24,14,14,0,0,13.3,12.6,17.6,0.6429,8
S07,2025-09-25,12,12,0,0,18.13,17.4,24.4,0.25,7
S07,2025-09-26,14,14,0,0,15.49,14.4,22.1,0.5714,8
S07,2025-09-27,13,12,1,0,21.21,19.6,28.4,0.0,7
S07,2025-09-28,22,22,0,0,15.86,15.7,21.1,0.4091,9
S07,2025-09-29,7,5,0,2,10.38,11.0,12.2,1.0,6
S07,2025-09-30,11,11,0,0,16.89,16.4,22.4,0.2727,9
S08,2025-04-01,17,17,0,0,14.08,12.4,22.7,0.7647,7
S08,2025-04-02,13,13,0,0,12.94,13.3,16.2,0.6923,8
S08,2025-04-03,21,20,1,0,15.0,13.6,22.8,0.6,10
S08,2025-04-04,18,18,0,0,13.61,13.4,19.9,0.7222,9
S08,2025-04-05,18,18,0,0,15.61,14.3,23.3,0.6111,8
S08,2025-04-06,14,14,0,0,12.79,10.5,21.5,0.7143,7
S08,2025-04-07,15,15,0,0,15.4,14.9,20.4,0.5333,8
S08,2025-04-08,16,16,0,0,12.93,11.5,19.7,0.875,8
S08,2025-04-09,17,17,0,0,16.14,16.2,23.9,0.4706,8
S08,2025-04-10,19,19,0,0,13.35,13.2,19.8,0.6842,10
S08,2025-04-11,24,24,0,0,15.73,15.4,22.2,0.4583,8
S08,2025-04-12,22,20,2,0,13.88,11.8,20.5,0.7,8
S08,2025-04-13,15,14,0,1,17.18,14.2,28.0,0.5,8
S08,2025-04-14,17,15,1,1,15.59,14.6,18.5,0.5333,9
S08,2025-04-15,13,13,0,0,15.9,14.8,21.4,0.5385,8
S08,2025-04-16,7,7,0,0,17.47,17.4,23.9,0.1429,5
S08,2025-04-17,21,20,1,0,14.9,15.3,19.3,0.45,8
S08,2025-04-18,17,17,0,0,16.17,16.0,22.0,0.4118,8
S08,2025-04-19,14,14,0,0,12.26,11.9,16.2,0.7857,6
S08,2025-04-20,16,16,0,0,17.09,15.6,22.3,0.4375,5
S08,2025-04-21,22,21,0,1,14.35,13.5,23.9,0.5714,9
S08,2025-04-22,17,17,0,0,15.86,15.2,25.7,0.4706,9
S08,2025-04-23,14,13,0,1,15.97,18.0,19.7,0.3846,8
S08,2025-04-24,17,17,0,0,13.85,15.0,17.4,0.5294,7
S08,2025-04-25,14,14,0,0,14.61,14.6,22.2,0.5714,9
S08,2025-04-26,8,8,0,0,13.45,12.0,18.9,0.5,7
S08,2025-04-27,19,19,0,0,14.64,13.9,20.5,0.5263,9
S08,2025-04-28,15,15,0,0,15.78,15.4,23.4,0.4,9
S08,2025-04-29,12,12,0,0,14.23,13.1,19.8,0.5,9
S08,2025-04-30,20,20,0,0,14.31,13.3,17.7,0.75,10
S08,2025-05-01,14,14,0,0,15.15,13.9,25.5,0.6429,8
S08,2025-05-02,20,19,1,0,16.05,16.0,23.0,0.3684,9
S08,2025-05-03,20,20,0,0,15.07,13.0,20.6,0.65,9
S08,2025-05-04,18,18,0,0,15.16,14.3,21.0,0.5556,10
S08,2025-05-05,22,22,0,0,12.72,11.9,18.3,0.7273,9
S08,2025-05-06,11,11,0,0,11.44,11.3,15.5,0.8182,7
S08,2025-05-07,18,18,0,0,16.42,17.1,24.0,0.4444,7
S08,2025-05-08,16,15,0,1,16.3,16.4,24.7,0.4667,8
S08,2025-05-09,16,16,0,0,14.24,13.4,18.1,0.75,5
S08,2025-05-10,22,22,0,0,13.34,12.5,19.9,0.6364,9
S08,2025-05-11,13,13,0,0,14.28,14.6,18.4,0.5385,7
S08,2025-05-12,14,14,0,0,15.41,15.8,20.0,0.3571,8
S08,2025-05-13,13,13,0,0,14.22,13.5,19.5,0.6154,6
S08,2025-05-14,21,21,0,0,16.17,15.8,23.1,0.4762,8
S08,2025-05-15,15,15,0,0,14.61,14.2,21.7,0.5333,9
S08,2025-05-16,19,18,0,1,14.74,14.5,18.8,0.5,8
S08,2025-05-17,19,18,0,1,15.54,15.3,20.5,0.4444,8
S08,2025-05-18,22,21,0,1,13.71,12.5,21.4,0.7143,9
S08,2025-05-19,14,14,0,0,15.96,15.7,22.3,0.3571,8
S08,2025-05-20,10,10,0,0,15.74,14.2,23.2,0.6,6
S08,2025-05-21,14,13,1,0,13.78,14.1,22.2,0.6154,8
S08,2025-05-22,20,20,0,0,15.78,13.6,24.3,0.5,9
S08,2025-05-23,21,20,0,1,15.54,13.0,23.5,0.6,9
S08,2025-05-24,23,23,0,0,16.04,15.6,20.8,0.4348,9
S08,2025-05-25,17,17,0,0,13.34,12.5,22.0,0.7059,9
S08,2025-05-26,17,17,0,0,12.91,12.8,19.4,0.5294,7
S08,2025-05-27,8,8,0,0,14.61,14.1,24.7,0.5,5
S08,2025-05-28,20,20,0,0,14.9,14.6,22.9,0.65,10
S08,2025-05-29,15,15,0,0,17.07,15.1,31.9,0.4667,7
S08,2025-05-30,19,19,0,0,14.02,14.3,20.4,0.5789,7
S08,2025-05-31,13,12,0,1,13.96,11.8,19.1,0.6667,7
S08,2025-06-01,23,23,0,0,15.06,14.4,21.4,0.5217,8
S08,2025-06-02,17,17,0,0,27.22,26.5,41.0,0.0588,8
S08,2025-06-03,14,14,0,0,15.1,13.8,25.0,0.7143,8
S08,2025-06-04,9,8,0,1,13.86,13.5,21.0,0.625,5
S08,2025-06-05,17,17,0,0,25.28,24.0,36.3,0.1176,9
S08,2025-06-06,16,15,0,1,14.26,13.5,19.1,0.6667,7
S08,2025-06-07,13,12,1,0,16.32,14.7,18.9,0.5,8
S08,2025-06-08,20,19,1,0,18.63,17.7,26.6,0.2632,9
S08,2025-06-09,16,16,0,0,17.16,16.8,25.4,0.3125,9
S08,2025-06-10,18,18,0,0,17.39,16.0,23.7,0.3333,11
S08,2025-06-11,12,12,0,0,17.45,16.2,22.3,0.1667,8
S08,2025-06-12,8,8,0,0,14.6,12.6,23.0,0.75,5
S08,2025-06-13,22,22,0,0,14.04,13.2,19.8,0.7273,9
S08,2025-06-14,20,20,0,0,14.25,13.3,21.5,0.65,10
S08,2025-06-15,26,26,0,0,13.27,12.4,23.0,0.6923,10
S08,2025-06-16,9,8,0,1,12.4,10.9,17.4,0.625,5
S08,2025-06-17,18,18,0,0,25.13,21.6,39.6,0.2222,9
S08,2025-06-18,17,17,0,0,19.22,16.4,29.2,0.4118,8
S08,2025-06-19,11,11,0,0,15.65,15.5,18.7,0.4545,8
S08,2025-06-20,17,17,0,0,14.51,13.6,20.2,0.5882,10
S08,2025-06-21,24,23,1,0,21.63,17.7,31.5,0.1739,9
S08,2025-06-22,18,18,0,0,13.68,11.3,23.1,0.6111,8
S08,2025-06-23,19,19,0,0,15.74,14.8,27.0,0.5263,7
S08,2025-06-24,17,17,0,0,15.2,15.2,22.8,0.4706,8
S08,2025-06-25,18,18,0,0,15.51,13.6,26.9,0.5556,9
S08,2025-06-26,27,26,1,0,23.26,19.7,33.7,0.1538,10
S08,2025-06-27,22,22,0,0,15.56,15.0,22.0,0.5,10
S08,2025-06-28,13,13,0,0,17.68,18.5,22.6,0.3077,7
S08,2025-06-29,21,21,0,0,20.69,20.8,30.6,0.1905,10
S08,2025-06-30,15,15,0,0,17.01,15.0,26.0,0.5333,8
S08,2025-07-01,8,8,0,0,14.3,12.6,25.5,0.75,6
S08,2025-07-02,24,23,0,1,38.5,34.5,55.1,0.0,9
S08,2025-07-03,20,20,0,0,20.14,18.6,26.6,0.2,9
S08,2025-07-04,23,22,0,1,21.77,19.7,29.8,0.1818,8
S08,2025-07-05,21,17,1,3,19.96,20.5,28.2,0.1765,8
S08,2025-07-06,17,17,0,0,16.88,15.3,28.9,0.4706,9
S08,2025-07-07,19,19,0,0,14.01,13.8,19.8,0.6842,9
S08,2025-07-08,13,12,0,1,27.25,23.4,49.1,0.0833,8
S08,2025-07-09,17,17,0,0,20.68,20.8,25.7,0.0,9
S08,2025-07-10,16,15,0,1,16.18,16.2,21.5,0.3333,8
S08,2025-07-11,23,22,0,1,18.34,16.8,27.1,0.4091,9
S08,2025-07-12,25,24,1,0,26.65,26.8,34.2,0.0417,10
S08,2025-07-13,18,18,0,0,13.55,11.1,27.3,0.7778,9
S08,2025-07-14,16,16,0,0,15.79,15.0,23.2,0.5,9
S08,2025-07-15,11,11,0,0,28.05,26.5,39.7,0.0,9
S08,2025-07-16,18,18,0,0,19.39,17.9,30.6,0.2778,9
S08,2025-07-17,10,10,0,0,14.68,13.3,20.2,0.7,6
S08,2025-07-18,27,27,0,0,22.55,20.5,39.5,0.2222,10
S08,2025-07-19,21,21,0,0,45.15,46.0,54.4,0.0,9
S08,2025-07-20,16,16,0,0,16.72,16.1,22.0,0.3125,8
S08,2025-07-21,9,9,0,0,20.2,17.7,31.6,0.4444,5
S08,2025-07-22,23,23,0,0,14.17,14.0,18.1,0.5652,9
S08,2025-07-23,18,17,0,1,19.63,19.4,25.7,0.1765,9
S08,2025-07-24,20,19,0,1,26.84,25.7,49.3,0.0526,8
S08,2025-07-25,21,21,0,0,16.43,15.8,21.9,0.4762,8
S08,2025-07-26,27,27,0,0,15.09,14.5,21.7,0.5926,10
S08,2025-07-27,14,14,0,0,16.17,13.1,22.9,0.5714,9
S08,2025-07-28,13,13,0,0,15.05,15.5,21.2,0.4615,6
S08,2025-07-29,22,22,0,0,18.26,13.6,30.4,0.5455,9
S08,2025-07-30,14,14,0,0,14.65,13.4,20.8,0.5714,7
S08,2025-07-31,21,19,2,0,30.48,28.1,47.1,0.0526,8
S08,2025-08-01,13,13,0,0,16.08,13.8,26.0,0.6154,6
S08,2025-08-02,19,19,0,0,14.6,14.5,20.2,0.5789,9
S08,2025-08-03,17,15,0,2,15.91,14.8,19.3,0.5333,6
S08,2025-08-04,25,25,0,0,15.01,14.4,21.3,0.52,8
S08,2025-08-05,14,14,0,0,17.57,15.4,27.9,0.3571,7
S08,2025-08-06,17,17,0,0,14.19,12.9,22.6,0.6471,9
S08,2025-08-07,12,12,0,0,16.24,13.5,21.8,0.5833,7
S08,2025-08-08,23,21,1,1,25.1,24.6,36.0,0.0476,10
S08,2025-08-09,12,12,0,0,17.2,15.3,24.7,0.4167,8
S08,2025-08-10,17,17,0,0,12.8,12.5,15.9,0.8235,7
S08,2025-08-11,10,10,0,0,16.51,16.9,23.1,0.4,4
S08,2025-08-12,14,14,0,0,12.45,12.1,15.8,0.7857,7
S08,2025-08-13,11,11,0,0,19.12,17.9,28.6,0.3636,7
S08,2025-08-14,14,14,0,0,11.16,11.0,14.3,0.9286,7
S08,2025-08-15,24,23,1,0,27.07,28.8,34.0,0.087,10
S08,2025-08-16,31,31,0,0,15.89,14.6,23.3,0.5161,10
S08,2025-08-17,14,13,0,1,13.23,13.1,17.2,0.7692,9
S08,2025-08-18,14,14,0,0,15.14,13.8,21.8,0.5,9
S08,2025-08-19,14,13,0,1,13.83,13.4,19.9,0.6923,10
S08,2025-08-20,16,15,0,1,15.55,14.9,20.3,0.5333,9
S08,2025-08-21,18,18,0,0,13.1,12.0,20.1,0.7222,9
S08,2025-08-22,21,20,0,1,15.74,14.8,24.2,0.5,9
S08,2025-08-23,17,17,0,0,12.25,11.4,17.8,0.8235,6
S08,2025-08-24,18,17,0,1,14.24,13.9,24.0,0.5882,9
S08,2025-08-25,16,16,0,0,20.19,17.3,35.7,0.1875,8
S08,2025-08-26,8,8,0,0,16.78,14.6,30.1,0.5,6
S08,2025-08-27,15,15,0,0,16.47,13.4,31.4,0.6667,9
S08,2025-08-28,23,23,0,0,14.66,14.0,21.3,0.6087,8
S08,2025-08-29,24,22,1,1,27.21,23.1,42.5,0.0455,8
S08,2025-08-30,37,37,0,0,33.92,34.1,49.9,0.0541,9
S08,2025-08-31,21,18,0,3,21.44,21.5,27.3,0.1111,8
S08,2025-09-01,13,13,0,0,19.13,18.2,27.0,0.2308,8
S08,2025-09-02,28,28,0,0,33.15,30.1,57.1,0.0357,10
S08,2025-09-03,19,19,0,0,17.54,15.4,28.6,0.4211,11
S08,2025-09-04,21,21,0,0,14.98,14.4,19.6,0.5238,10
S08,2025-09-05,15,15,0,0,15.32,15.8,22.9,0.4667,7
S08,2025-09-06,21,21,0,0,18.38,19.0,22.1,0.2381,8
S08,2025-09-07,19,19,0,0,15.69,14.6,25.4,0.5263,10
S08,2025-09-08,20,19,1,0,17.36,15.7,22.8,0.3684,11
S08,2025-09-09,12,12,0,0,16.22,15.3,20.9,0.4167,6
S08,2025-09-10,16,16,0,0,16.34,16.4,23.1,0.375,9
S08,2025-09-11,27,27,0,0,27.16,25.9,40.6,0.1111,9
S08,2025-09-12,15,15,0,0,14.42,14.8,21.6,0.5333,9
S08,2025-09-13,21,20,0,1,19.04,18.4,27.7,0.25,9
S08,2025-09-14,26,26,0,0,19.77,17.9,32.3,0.3462,11
S08,2025-09-15,15,15,0,0,18.57,16.6,27.7,0.2667,7
S08,2025-09-16,21,21,0,0,18.18,15.5,29.9,0.381,7
S08,2025-09-17,13,12,1,0,16.98,16.5,23.5,0.25,8
S08,2025-09-18,17,17,0,0,14.44,12.0,23.0,0.5882,9
S08,2025-09-19,17,17,0,0,17.61,17.0,26.2,0.3529,7
S08,2025-09-20,25,25,0,0,14.52,14.3,20.8,0.56,10
S08,2025-09-21,31,29,0,2,20.79,20.2,29.1,0.2414,10
S08,2025-09-22,16,16,0,0,15.89,14.5,21.6,0.5,7
S08,2025-09-23,15,15,0,0,14.22,14.2,18.0,0.5333,8
S08,2025-09-24,22,22,0,0,14.32,11.9,22.0,0.6364,10
S08,2025-09-25,26,25,1,0,19.65,18.3,30.0,0.2,9
S08,2025-09-26,20,19,1,0,14.87,13.1,24.0,0.5263,8
S08,2025-09-27,23,23,0,0,21.3,19.6,28.9,0.1739,8
S08,2025-09-28,26,25,0,1,19.36,20.2,26.8,0.36,9
S08,2025-09-29,19,19,0,0,13.03,13.0,16.6,0.7895,9
S08,2025-09-30,11,11,0,0,15.12,15.9,18.5,0.4545,6
S09,2025-04-01,19,19,0,0,16.8,16.5,26.3,0.4737,6
S09,2025-04-02,13,13,0,0,15.54,15.2,21.4,0.4615,8
S09,2025-04-03,9,9,0,0,15.68,14.8,20.3,0.5556,6
S09,2025-04-04,21,21,0,0,16.14,14.0,24.8,0.5714,8
S09,2025-04-05,15,15,0,0,14.72,14.1,17.4,0.5333,9
S09,2025-04-06,12,12,0,0,15.71,14.2,24.0,0.5833,8
S09,2025-04-07,19,19,0,0,14.12,14.8,22.5,0.5263,9
S09,2025-04-08,11,11,0,0,12.33,12.2,17.2,0.7273,6
S09,2025-04-09,15,14,0,1,18.36,17.1,24.6,0.1429,8
S09,2025-04-10,20,20,0,0,15.33,15.5,22.8,0.4,11
S09,2025-04-11,19,19,0,0,15.39,15.2,20.6,0.4737,8
S09,2025-04-12,23,23,0,0,17.5,16.9,26.6,0.4783,9
S09,2025-04-13,15,15,0,0,13.76,12.8,18.7,0.7333,8
S09,2025-04-14,9,9,0,0,13.47,15.8,20.8,0.4444,8
S09,2025-04-15,13,13,0,0,14.32,12.7,24.2,0.7692,8
S09,2025-04-16,15,15,0,0,15.97,14.8,22.7,0.6,7
S09,2025-04-17,17,15,1,1,15.27,14.1,21.0,0.5333,9
S09,2025-04-18,7,6,0,1,16.75,14.2,24.0,0.5,5
S09,2025-04-19,18,18,0,0,16.53,13.1,27.9,0.5556,9
S09,2025-04-20,21,21,0,0,13.68,13.1,19.8,0.7143,8
S09,2025-04-21,19,19,0,0,14.06,13.7,18.4,0.5263,9
S09,2025-04-22,13,13,0,0,15.38,14.7,19.6,0.5385,7
S09,2025-04-23,13,13,0,0,15.65,12.2,26.2,0.5385,8
S09,2025-04-24,13,13,0,0,15.66,14.4,25.2,0.5385,8
S09,2025-04-25,19,17,0,2,15.09,14.2,24.8,0.5882,8
S09,2025-04-26,22,22,0,0,16.2,13.9,21.2,0.5909,9
S09,2025-04-27,15,15,0,0,14.41,14.6,18.5,0.5333,8
S09,2025-04-28,13,13,0,0,17.08,16.3,29.3,0.3846,5
S09,2025-04-29,25,25,0,0,16.3,16.9,23.1,0.4,9
S09,2025-04-30,22,22,0,0,14.5,13.0,22.3,0.6364,7
S09,2025-05-01,14,14,0,0,14.31,12.2,24.8,0.6429,7
S09,2025-05-02,13,12,1,0,16.24,13.5,24.3,0.5,8
S09,2025-05-03,27,27,0,0,15.37,14.1,22.1,0.5926,12
S09,2025-05-04,14,14,0,0,13.68,12.2,21.1,0.6429,8
S09,2025-05-05,7,7,0,0,14.51,12.2,23.6,0.7143,5
S09,2025-05-06,13,13,0,0,13.63,13.4,20.6,0.6923,9
S09,2025-05-07,15,15,0,0,16.55,17.0,22.8,0.4,8
S09,2025-05-08,16,16,0,0,16.37,15.7,22.5,0.4375,9
S09,2025-05-09,14,13,1,0,19.85,19.1,26.6,0.2308,6
S09,2025-05-10,20,19,0,1,16.78,15.4,24.2,0.4737,9
S09,2025-05-11,16,16,0,0,17.26,13.4,28.7,0.5625,9
S09,2025-05-12,17,17,0,0,13.77,13.5,18.6,0.6471,8
S09,2025-05-13,11,11,0,0,15.3,15.3,18.9,0.4545,5
S09,2025-05-14,15,15,0,0,14.23,14.6,18.3,0.6667,8
S09,2025-05-15,17,16,0,1,14.37,12.6,21.5,0.6875,8
S09,2025-05-16,16,16,0,0,16.22,17.6,22.2,0.4375,5
S09,2025-05-17,22,21,1,0,15.16,15.1,22.1,0.4762,9
S09,2025-05-18,23,23,0,0,14.2,14.4,20.0,0.6087,8
S09,2025-05-19,9,9,0,0,17.39,15.1,26.6,0.2222,5
S09,2025-05-20,11,11,0,0,16.83,16.3,19.1,0.4545,8
S09,2025-05-21,15,15,0,0,14.81,13.0,29.3,0.7333,9
S09,2025-05-22,11,11,0,0,14.34,12.9,21.2,0.7273,6
S09,2025-05-23,25,25,0,0,15.94,14.6,24.2,0.52,9
S09,2025-05-24,23,22,1,0,16.65,15.4,25.8,0.3636,9
S09,2025-05-25,20,20,0,0,15.33,14.5,20.7,0.55,9
S09,2025-05-26,14,14,0,0,15.29,13.3,23.1,0.5,7
S09,2025-05-27,18,18,0,0,14.94,14.1,25.6,0.5,8
S09,2025-05-28,9,9,0,0,13.52,13.3,18.3,0.6667,4
S09,2025-05-29,7,7,0,0,14.93,13.0,22.3,0.5714,6
S09,2025-05-30,11,11,0,0,13.98,13.5,21.3,0.5455,7
S09,2025-05-31,16,16,0,0,14.63,14.1,20.0,0.6875,7
S09,2025-06-01,15,15,0,0,14.78,15.5,19.9,0.4667,9
S09,2025-06-02,12,12,0,0,17.6,17.1,22.9,0.3333,7
S09,2025-06-03,15,15,0,0,14.13,14.0,17.5,0.7333,8
S09,2025-06-04,11,11,0,0,17.05,14.4,24.4,0.6364,8
S09,2025-06-05,17,17,0,0,14.94,14.7,21.4,0.5294,7
S09,2025-06-06,13,12,0,1,13.48,13.4,18.1,0.6667,6
S09,2025-06-07,18,18,0,0,16.22,15.8,24.3,0.4444,8
S09,2025-06-08,17,16,0,1,17.79,17.6,24.8,0.375,8
S09,2025-06-09,17,17,0,0,14.42,13.1,21.5,0.6471,9
S09,2025-06-10,11,11,0,0,14.08,12.4,22.2,0.7273,8
S09,2025-06-11,15,15,0,0,20.51,18.1,29.1,0.2667,6
S09,2025-06-12,15,15,0,0,16.15,15.2,27.0,0.4667,8
S09,2025-06-13,15,15,0,0,18.19,17.0,27.9,0.3333,8
S09,2025-06-14,20,20,0,0,16.83,15.8,25.0,0.45,7
S09,2025-06-15,18,17,0,1,14.66,14.0,22.1,0.7059,8
S09,2025-06-16,15,14,1,0,16.5,16.4,23.7,0.4286,8
S09,2025-06-17,13,13,0,0,19.36,18.9,29.6,0.3077,6
S09,2025-06-18,21,21,0,0,16.1,15.2,23.5,0.4762,8
S09,2025-06-19,11,11,0,0,19.49,20.3,25.0,0.0909,7
S09,2025-06-20,12,12,0,0,13.75,11.3,21.5,0.75,7
S09,2025-06-21,12,12,0,0,14.39,14.4,18.5,0.5,7
S09,2025-06-22,21,21,0,0,16.43,15.7,23.3,0.3333,9
S09,2025-06-23,20,18,1,1,18.8,16.9,26.1,0.2778,8
S09,2025-06-24,13,13,0,0,14.78,12.4,23.0,0.6154,7
S09,2025-06-25,16,15,1,0,19.91,19.4,31.1,0.4,6
S09,2025-06-26,9,9,0,0,15.21,12.6,26.8,0.5556,8
S09,2025-06-27,15,15,0,0,16.47,16.3,24.1,0.4667,7
S09,2025-06-28,22,22,0,0,14.14,12.7,20.2,0.7273,9
S09,2025-06-29,12,12,0,0,12.88,12.2,17.2,0.5833,7
S09,2025-06-30,10,10,0,0,20.28,18.1,27.1,0.2,6
S09,2025-07-01,8,8,0,0,16.56,16.9,21.9,0.25,7
S09,2025-07-02,13,12,0,1,14.69,13.4,22.3,0.75,8
S09,2025-07-03,17,17,0,0,16.63,16.2,24.1,0.4706,10
S09,2025-07-04,16,16,0,0,14.54,12.6,21.9,0.5625,9
S09,2025-07-05,20,19,1,0,14.26,13.4,23.4,0.6316,7
S09,2025-07-06,22,22,0,0,14.78,13.9,19.9,0.5455,9
S09,2025-07-07,17,17,0,0,16.88,17.5,21.4,0.2941,7
S09,2025-07-08,10,10,0,0,13.61,12.5,18.1,0.7,6
S09,2025-07-09,14,14,0,0,14.23,13.9,21.6,0.5714,7
S09,2025-07-10,16,16,0,0,14.78,12.4,24.6,0.625,8
S09,2025-07-11,10,10,0,0,17.07,15.0,25.4,0.5,6
S09,2025-07-12,24,24,0,0,14.63,14.8,23.3,0.5,9
S09,2025-07-13,19,19,0,0,17.05,16.1,25.8,0.4737,6
S09,2025-07-14,18,18,0,0,14.12,11.6,22.1,0.5556,9
S09,2025-07-15,11,11,0,0,14.05,11.7,22.8,0.6364,6
S09,2025-07-16,13,13,0,0,11.51,10.6,15.9,0.8462,8
S09,2025-07-17,12,12,0,0,14.57,13.7,22.7,0.6667,8
S09,2025-07-18,18,18,0,0,15.82,12.7,28.0,0.6111,7
S09,2025-07-19,19,19,0,0,16.25,15.9,23.0,0.4737,10
S09,2025-07-20,18,18,0,0,13.55,13.5,17.1,0.8333,9
S09,2025-07-21,10,10,0,0,15.13,14.2,16.8,0.6,6
S09,2025-07-22,12,12,0,0,14.81,15.1,18.9,0.4167,7
S09,2025-07-23,11,11,0,0,15.97,17.1,20.5,0.4545,8
S09,2025-07-24,13,13,0,0,13.95,13.8,19.2,0.6154,7
S09,2025-07-25,15,15,0,0,14.19,13.8,22.8,0.6,6
S09,2025-07-26,17,17,0,0,13.44,11.2,22.1,0.7059,9
S09,2025-07-27,16,16,0,0,21.55,20.5,32.5,0.125,8
S09,2025-07-28,15,15,0,0,14.01,13.8,17.4,0.6667,9
S09,2025-07-29,15,15,0,0,17.03,14.5,26.1,0.5333,5
S09,2025-07-30,12,12,0,0,17.77,15.3,23.5,0.4167,7
S09,2025-07-31,21,21,0,0,14.64,13.5,19.5,0.5714,9
S09,2025-08-01,10,10,0,0,16.91,15.3,19.7,0.4,6
S09,2025-08-02,17,17,0,0,13.64,12.6,18.5,0.5882,7
S09,2025-08-03,19,19,0,0,14.95,14.4,23.3,0.5789,9
S09,2025-08-04,14,14,0,0,14.11,12.7,19.7,0.6429,8
S09,2025-08-05,9,9,0,0,13.98,13.5,22.2,0.5556,6
S09,2025-08-06,15,15,0,0,12.48,13.0,15.6,0.8,9
S09,2025-08-07,15,15,0,0,13.15,12.4,20.3,0.7333,7
S09,2025-08-08,19,19,0,0,14.33,13.6,22.0,0.5789,9
S09,2025-08-09,19,17,1,1,19.72,19.1,29.8,0.2941,9
S09,2025-08-10,19,18,1,0,17.94,17.5,27.9,0.3333,8
S09,2025-08-11,9,9,0,0,15.23,14.8,22.2,0.5556,7
S09,2025-08-12,13,13,0,0,19.55,18.7,26.5,0.2308,6
S09,2025-08-13,15,15,0,0,14.15,15.1,18.9,0.4667,7
S09,2025-08-14,20,20,0,0,18.29,16.4,26.1,0.45,9
S09,2025-08-15,15,15,0,0,16.89,14.7,26.6,0.5333,6
S09,2025-08-16,12,12,0,0,15.33,14.6,21.9,0.5,7
S09,2025-08-17,22,22,0,0,15.01,13.9,22.3,0.5909,10
S09,2025-08-18,11,11,0,0,14.96,16.0,19.6,0.3636,7
S09,2025-08-19,9,9,0,0,15.04,13.3,18.8,0.5556,6
S09,2025-08-20,13,13,0,0,17.71,17.5,23.2,0.3077,7
S09,2025-08-21,14,13,1,0,13.74,14.1,19.1,0.6923,8
S09,2025-08-22,21,21,0,0,15.84,16.2,20.3,0.381,9
S09,2025-08-23,21,21,0,0,16.3,16.4,21.8,0.4286,9
S09,2025-08-24,17,17,0,0,13.6,12.9,19.2,0.7059,8
S09,2025-08-25,19,18,1,0,16.34,14.3,22.7,0.5556,10
S09,2025-08-26,15,15,0,0,17.31,17.2,23.7,0.4,8
S09,2025-08-27,17,17,0,0,19.19,18.3,30.5,0.3529,10
S09,2025-08-28,25,24,0,1,19.29,19.0,28.6,0.2083,8
S09,2025-08-29,13,13,0,0,18.07,15.4,27.5,0.3846,7
S09,2025-08-30,18,18,0,0,15.01,12.9,23.7,0.5556,8
S09,2025-08-31,17,17,0,0,17.85,16.9,27.7,0.4118,7
S09,2025-09-01,18,18,0,0,18.17,18.4,26.7,0.2778,10
S09,2025-09-02,17,17,0,0,17.7,17.0,30.4,0.3529,9
S09,2025-09-03,10,10,0,0,15.87,13.2,23.5,0.6,5
S09,2025-09-04,20,20,0,0,14.36,12.9,22.4,0.65,8
S09,2025-09-05,17,17,0,0,22.57,22.0,32.1,0.1176,7
S09,2025-09-06,21,20,1,0,19.56,19.7,26.5,0.1,9
S09,2025-09-07,17,16,1,0,12.68,12.6,19.3,0.75,7
S09,2025-09-08,14,14,0,0,19.12,17.9,26.4,0.2143,7
S09,2025-09-09,8,8,0,0,15.78,13.6,25.8,0.625,5
S09,2025-09-10,14,14,0,0,13.96,14.5,21.2,0.7143,9
S09,2025-09-11,13,13,0,0,15.63,15.0,27.3,0.5385,7
S09,2025-09-12,14,14,0,0,14.81,12.6,21.8,0.5714,9
S09,2025-09-13,15,15,0,0,12.35,12.1,13.9,0.9333,8
S09,2025-09-14,8,8,0,0,13.41,12.7,18.5,0.75,6
S09,2025-09-15,17,17,0,0,14.5,14.0,21.1,0.6471,8
S09,2025-09-16,14,14,0,0,13.06,11.7,17.1,0.7143,7
S09,2025-09-17,11,11,0,0,15.43,14.4,20.1,0.6364,8
S09,2025-09-18,22,21,0,1,12.57,11.7,19.8,0.7619,8
S09,2025-09-19,19,19,0,0,16.91,16.5,26.6,0.3684,9
S09,2025-09-20,16,16,0,0,18.26,16.6,30.9,0.375,8
S09,2025-09-21,10,10,0,0,14.59,12.9,20.0,0.5,5
S09,2025-09-22,14,14,0,0,14.01,12.3,18.6,0.7857,7
S09,2025-09-23,5,5,0,0,18.8,16.9,26.2,0.2,5
S09,2025-09-24,22,22,0,0,14.58,14.8,17.1,0.5,9
S09,2025-09-25,19,19,0,0,14.93,14.4,19.4,0.5263,8
S09,2025-09-26,20,20,0,0,15.04,13.7,19.2,0.55,9
S09,2025-09-27,17,16,1,0,14.9,13.5,24.8,0.5625,9
S09,2025-09-28,29,29,0,0,19.21,19.5,28.0,0.3793,10
S09,2025-09-29,15,14,1,0,17.11,13.5,25.7,0.5,6
S09,2025-09-30,21,21,0,0,13.08,11.8,19.4,0.8571,8
S10,2025-04-01,12,12,0,0,12.62,12.2,15.3,0.8333,5
S10,2025-04-02,13,13,0,0,13.75,12.9,19.0,0.6154,5
S10,2025-04-03,12,12,0,0,14.45,14.9,18.4,0.5,6
S10,2025-04-04,17,17,0,0,14.98,14.5,21.4,0.6471,6
S10,2025-04-05,13,13,0,0,14.98,13.4,23.1,0.6923,6
S10,2025-04-06,11,11,0,0,17.87,17.7,24.5,0.3636,6
S10,2025-04-07,7,7,0,0,15.49,15.7,20.6,0.4286,5
S10,2025-04-08,14,14,0,0,14.9,14.4,17.4,0.5,6
S10,2025-04-09,13,13,0,0,16.15,15.5,23.6,0.4615,6
S10,2025-04-10,9,9,0,0,15.23,14.3,26.4,0.6667,4
S10,2025-04-11,16,16,0,0,11.83,11.9,16.4,0.8125,7
S10,2025-04-12,16,14,0,2,13.87,12.4,19.1,0.6429,7
S10,2025-04-13,12,12,0,0,14.31,11.3,19.2,0.5833,6
S10,2025-04-14,17,17,0,0,13.35,11.8,20.4,0.7059,8
S10,2025-04-15,11,11,0,0,15.37,12.7,24.5,0.5455,7
S10,2025-04-16,17,17,0,0,14.09,12.8,18.7,0.7059,5
S10,2025-04-17,13,13,0,0,18.13,17.6,25.3,0.3846,6
S10,2025-04-18,15,15,0,0,14.74,13.3,21.4,0.6667,6
S10,2025-04-19,14,14,0,0,14.26,13.9,18.4,0.6429,6
S10,2025-04-20,16,16,0,0,16.63,17.2,22.0,0.4375,6
S10,2025-04-21,14,14,0,0,12.09,12.5,16.0,0.7857,7
S10,2025-04-22,12,12,0,0,14.7,14.3,20.4,0.5833,5
S10,2025-04-23,14,14,0,0,14.41,11.0,22.4,0.5,7
S10,2025-04-24,15,15,0,0,14.27,12.6,23.4,0.7333,5
S10,2025-04-25,8,8,0,0,14.41,15.0,21.7,0.5,6
S10,2025-04-26,13,13,0,0,17.77,16.5,25.2,0.4615,7
S10,2025-04-27,8,8,0,0,12.55,12.1,18.2,0.875,5
S10,2025-04-28,7,7,0,0,13.59,11.6,23.0,0.7143,5
S10,2025-04-29,10,10,0,0,13.52,11.6,21.8,0.8,3
S10,2025-04-30,13,13,0,0,15.44,13.2,28.5,0.6154,6
S10,2025-05-01,9,9,0,0,14.52,14.0,20.5,0.5556,4
S10,2025-05-02,12,12,0,0,13.63,10.4,18.1,0.5833,6
S10,2025-05-03,12,12,0,0,14.52,13.2,18.4,0.6667,7
S10,2025-05-04,14,14,0,0,13.24,12.3,21.0,0.7857,6
S10,2025-05-05,5,5,0,0,13.42,12.1,23.4,0.6,4
S10,2025-05-06,14,14,0,0,12.91,13.2,18.2,0.7143,8
S10,2025-05-07,4,4,0,0,12.48,10.8,15.6,0.75,3
S10,2025-05-08,14,14,0,0,14.64,12.6,21.0,0.5714,7
S10,2025-05-09,12,12,0,0,16.86,13.7,22.0,0.5,5
S10,2025-05-10,15,13,1,1,16.11,15.0,25.0,0.5385,7
S10,2025-05-11,10,10,0,0,14.4,14.2,20.8,0.6,6
S10,2025-05-12,17,16,1,0,16.36,13.2,23.3,0.5625,8
S10,2025-05-13,13,13,0,0,13.41,13.1,16.4,0.6923,6
S10,2025-05-14,12,12,0,0,15.27,13.3,21.6,0.5833,6
S10,2025-05-15,19,19,0,0,13.45,12.9,26.2,0.6842,6
S10,2025-05-16,11,11,0,0,17.34,14.9,25.2,0.5455,6
S10,2025-05-17,11,10,1,0,17.17,13.9,28.5,0.5,6
S10,2025-05-18,16,16,0,0,15.31,13.7,21.4,0.625,7
S10,2025-05-19,13,13,0,0,13.12,12.2,21.1,0.7692,5
S10,2025-05-20,13,13,0,0,17.29,17.0,28.5,0.4615,6
S10,2025-05-21,18,18,0,0,15.17,15.3,17.4,0.4444,7
S10,2025-05-22,7,7,0,0,15.54,15.1,24.8,0.4286,5
S10,2025-05-23,18,17,0,1,13.98,12.2,21.6,0.7647,6
S10,2025-05-24,15,15,0,0,13.79,12.0,24.4,0.6667,7
S10,2025-05-25,15,15,0,0,13.75,13.3,18.3,0.6,8
S10,2025-05-26,8,8,0,0,16.41,16.5,22.5,0.375,4
S10,2025-05-27,12,12,0,0,13.27,13.0,18.1,0.6667,4
S10,2025-05-28,7,7,0,0,16.61,15.7,20.1,0.1429,5
S10,2025-05-29,7,7,0,0,12.09,11.5,18.1,0.8571,4
S10,2025-05-30,17,17,0,0,15.61,13.4,24.1,0.5294,7
S10,2025-05-31,12,12,0,0,13.87,12.7,21.7,0.6667,5
S10,2025-06-01,17,17,0,0,14.15,13.8,18.7,0.5882,7
S10,2025-06-02,14,13,1,0,16.12,14.3,25.4,0.5385,5
S10,2025-06-03,14,14,0,0,18.62,16.5,30.8,0.3571,6
S10,2025-06-04,12,12,0,0,13.45,11.8,17.6,0.6667,6
S10,2025-06-05,11,11,0,0,17.49,15.8,30.6,0.4545,5
S10,2025-06-06,8,8,0,0,13.85,13.9,19.0,0.75,5
S10,2025-06-07,12,12,0,0,14.89,13.2,21.2,0.6667,6
S10,2025-06-08,11,11,0,0,19.45,19.9,27.1,0.3636,5
S10,2025-06-09,14,14,0,0,13.08,11.8,15.6,0.7857,7
S10,2025-06-10,12,12,0,0,17.83,17.0,25.9,0.3333,6
S10,2025-06-11,7,7,0,0,21.87,20.5,39.9,0.2857,5
S10,2025-06-12,15,15,0,0,16.15,15.7,20.3,0.4667,6
S10,2025-06-13,12,12,0,0,16.01,16.6,18.6,0.25,6
S10,2025-06-14,17,17,0,0,14.44,13.4,21.0,0.5882,7
S10,2025-06-15,16,16,0,0,15.58,14.7,22.7,0.5,6
S10,2025-06-16,8,8,0,0,15.41,15.8,27.7,0.375,5
S10,2025-06-17,9,9,0,0,15.71,12.6,27.7,0.6667,5
S10,2025-06-18,15,15,0,0,16.35,15.7,24.2,0.4667,6
S10,2025-06-19,14,14,0,0,20.19,18.1,29.8,0.2143,6
S10,2025-06-20,17,17,0,0,16.19,13.9,26.0,0.5294,7
S10,2025-06-21,23,22,0,1,14.02,13.4,19.1,0.5455,8
S10,2025-06-22,11,11,0,0,16.78,16.1,18.9,0.4545,5
S10,2025-06-23,8,8,0,0,22.19,19.7,37.5,0.25,6
S10,2025-06-24,9,9,0,0,20.4,19.2,32.2,0.3333,6
S10,2025-06-25,9,9,0,0,23.8,20.6,39.5,0.0,4
S10,2025-06-26,12,12,0,0,15.86,14.9,19.3,0.5,7
S10,2025-06-27,11,11,0,0,17.02,15.0,26.3,0.5455,5
S10,2025-06-28,8,7,1,0,13.36,13.2,19.0,0.7143,6
S10,2025-06-29,10,10,0,0,15.75,13.4,21.1,0.5,6
S10,2025-06-30,19,19,0,0,15.74,14.7,21.5,0.5263,6
S10,2025-07-01,13,13,0,0,18.98,19.7,27.4,0.3846,5
S10,2025-07-02,9,9,0,0,13.3,12.4,21.2,0.5556,5
S10,2025-07-03,17,17,0,0,18.4,18.8,25.5,0.2353,6
S10,2025-07-04,16,14,1,1,13.32,13.0,20.4,0.7857,7
S10,2025-07-05,17,16,1,0,13.59,12.3,21.7,0.6875,7
S10,2025-07-06,8,7,1,0,14.66,15.6,21.6,0.4286,4
S10,2025-07-07,13,13,0,0,20.15,19.5,27.1,0.1538,6
S10,2025-07-08,12,12,0,0,18.41,15.7,26.7,0.25,7
S10,2025-07-09,13,12,0,1,13.67,10.4,21.1,0.6667,6
S10,2025-07-10,14,14,0,0,14.59,14.1,20.3,0.6429,6
S10,2025-07-11,10,10,0,0,16.58,17.4,20.6,0.4,5
S10,2025-07-12,12,12,0,0,17.45,18.0,22.4,0.25,7
S10,2025-07-13,10,10,0,0,16.55,12.1,21.6,0.5,6
S10,2025-07-14,13,12,1,0,15.57,13.4,19.5,0.6667,6
S10,2025-07-15,7,6,1,0,12.37,10.7,17.0,0.6667,4
S10,2025-07-16,14,14,0,0,16.66,15.5,21.5,0.4286,6
S10,2025-07-17,9,9,0,0,13.82,13.4,24.2,0.5556,6
S10,2025-07-18,12,12,0,0,20.13,18.0,28.5,0.3333,7
S10,2025-07-19,16,16,0,0,13.29,12.6,17.9,0.75,7
S10,2025-07-20,11,11,0,0,17.35,14.4,26.7,0.5455,5
S10,2025-07-21,14,14,0,0,17.9,16.7,27.7,0.2857,7
S10,2025-07-22,16,16,0,0,13.27,11.6,21.4,0.75,7
S10,2025-07-23,8,8,0,0,19.66,18.6,30.1,0.125,4
S10,2025-07-24,10,10,0,0,14.07,12.3,19.4,0.6,7
S10,2025-07-25,14,13,1,0,16.54,13.6,22.9,0.5385,8
S10,2025-07-26,24,24,0,0,16.25,14.1,26.5,0.5833,7
S10,2025-07-27,17,17,0,0,21.09,19.1,28.1,0.2941,7
S10,2025-07-28,21,21,0,0,14.92,14.3,21.6,0.5714,6
S10,2025-07-29,14,13,1,0,17.78,17.3,24.6,0.4615,6
S10,2025-07-30,8,8,0,0,18.96,15.1,33.1,0.375,7
S10,2025-07-31,5,5,0,0,21.92,16.0,35.0,0.4,4
S10,2025-08-01,10,10,0,0,13.17,11.7,18.3,0.7,4
S10,2025-08-02,6,6,0,0,12.9,12.0,18.4,0.6667,5
S10,2025-08-03,10,10,0,0,13.19,13.9,16.5,0.6,6
S10,2025-08-04,10,10,0,0,16.98,15.3,20.0,0.4,6
S10,2025-08-05,12,12,0,0,13.77,14.8,17.4,0.5,7
S10,2025-08-06,7,7,0,0,12.94,13.0,18.7,0.7143,5
S10,2025-08-07,15,14,0,1,15.26,14.7,19.5,0.5,6
S10,2025-08-08,12,12,0,0,14.83,13.8,18.6,0.6667,7
S10,2025-08-09,22,21,0,1,17.76,18.0,23.6,0.3333,7
S10,2025-08-10,26,26,0,0,18.83,17.3,26.5,0.3077,7
S10,2025-08-11,17,16,1,0,12.75,12.4,17.9,0.6875,7
S10,2025-08-12,18,18,0,0,18.28,17.7,27.0,0.2778,7
S10,2025-08-13,10,10,0,0,14.33,11.8,18.8,0.6,5
S10,2025-08-14,14,13,0,1,14.58,13.1,23.2,0.8462,7
S10,2025-08-15,13,13,0,0,15.65,15.4,21.7,0.4615,7
S10,2025-08-16,20,20,0,0,14.41,12.3,24.8,0.65,7
S10,2025-08-17,13,13,0,0,17.88,15.9,23.5,0.3846,7
S10,2025-08-18,13,13,0,0,17.38,16.1,25.5,0.3077,6
S10,2025-08-19,8,8,0,0,22.09,14.6,39.6,0.5,6
S10,2025-08-20,20,20,0,0,14.26,13.5,18.4,0.7,6
S10,2025-08-21,10,10,0,0,14.07,13.6,20.5,0.6,5
S10,2025-08-22,13,12,1,0,15.42,14.0,22.7,0.5833,6
S10,2025-08-23,19,18,1,0,19.12,16.3,30.5,0.3889,7
S10,2025-08-24,18,18,0,0,15.46,14.3,21.9,0.5556,7
S10,2025-08-25,13,13,0,0,16.32,14.0,24.2,0.5385,8
S10,2025-08-26,14,14,0,0,13.69,13.0,18.3,0.7857,5
S10,2025-08-27,15,15,0,0,22.43,18.4,36.5,0.3333,5
S10,2025-08-28,18,18,0,0,21.18,17.9,33.9,0.2222,8
S10,2025-08-29,16,15,0,1,15.41,16.0,21.6,0.4,7
S10,2025-08-30,15,14,0,1,15.14,13.4,24.6,0.7143,6
S10,2025-08-31,14,13,0,1,19.28,15.7,27.4,0.0,6
S10,2025-09-01,13,13,0,0,15.47,15.3,19.6,0.4615,7
S10,2025-09-02,8,8,0,0,16.9,15.0,25.7,0.5,4
S10,2025-09-03,10,10,0,0,14.75,14.7,20.8,0.5,6
S10,2025-09-04,10,10,0,0,16.37,13.4,23.1,0.5,6
S10,2025-09-05,13,12,0,1,18.9,19.2,24.2,0.1667,6
S10,2025-09-06,24,24,0,0,25.34,24.4,36.0,0.0417,7
S10,2025-09-07,7,7,0,0,16.39,16.2,26.9,0.4286,5
S10,2025-09-08,15,15,0,0,17.09,18.1,24.3,0.4,6
S10,2025-09-09,9,8,0,1,12.63,12.1,15.6,0.875,5
S10,2025-09-10,11,11,0,0,13.14,12.8,18.1,0.8182,5
S10,2025-09-11,12,12,0,0,19.97,20.0,29.4,0.1667,6
S10,2025-09-12,13,13,0,0,16.99,15.5,23.3,0.3846,6
S10,2025-09-13,17,17,0,0,13.55,13.9,21.3,0.7647,7
S10,2025-09-14,13,13,0,0,19.08,16.4,26.1,0.3077,6
S10,2025-09-15,21,21,0,0,17.42,16.7,23.2,0.4286,7
S10,2025-09-16,10,9,1,0,14.43,13.7,26.3,0.6667,4
S10,2025-09-17,13,13,0,0,14.58,14.7,18.5,0.6923,7
S10,2025-09-18,14,13,1,0,14.94,13.7,23.6,0.6923,7
S10,2025-09-19,18,18,0,0,15.34,13.7,22.0,0.5556,6
S10,2025-09-20,13,13,0,0,18.32,20.1,24.1,0.3077,6
S10,2025-09-21,8,8,0,0,12.71,11.5,18.8,0.75,5
S10,2025-09-22,11,11,0,0,17.23,16.0,22.5,0.3636,6
S10,2025-09-23,8,8,0,0,12.25,9.8,22.7,0.75,5
S10,2025-09-24,15,15,0,0,12.29,11.4,19.0,0.8,7
S10,2025-09-25,15,15,0,0,15.44,14.2,21.8,0.5333,6
S10,2025-09-26,15,15,0,0,14.99,13.6,28.1,0.6667,6
S10,2025-09-27,11,11,0,0,13.02,13.3,15.8,0.6364,6
S10,2025-09-28,16,16,0,0,14.61,12.9,24.6,0.625,7
S10,2025-09-29,12,11,0,1,18.75,15.6,22.4,0.4545,6
S10,2025-09-30,10,10,0,0,17.1,11.7,32.2,0.7,6
S11,2025-04-01,12,12,0,0,17.4,15.3,24.9,0.4167,6
S11,2025-04-02,20,19,1,0,17.01,16.0,23.5,0.4737,7
S11,2025-04-03,15,14,1,0,15.44,15.2,20.5,0.4286,6
S11,2025-04-04,16,16,0,0,13.68,12.3,21.5,0.6875,7
S11,2025-04-05,23,23,0,0,14.62,13.9,21.6,0.6957,7
S11,2025-04-06,23,23,0,0,16.49,15.3,23.9,0.4783,8
S11,2025-04-07,14,14,0,0,13.23,11.8,18.0,0.6429,7
S11,2025-04-08,14,14,0,0,15.01,11.4,25.1,0.6429,6
S11,2025-04-09,22,22,0,0,14.81,14.0,22.7,0.5909,7
S11,2025-04-10,15,15,0,0,14.25,12.6,19.4,0.5333,7
S11,2025-04-11,19,19,0,0,15.0,14.0,21.3,0.5263,6
S11,2025-04-12,25,24,1,0,14.44,13.1,20.5,0.5833,8
S11,2025-04-13,13,12,0,1,13.99,11.8,19.8,0.75,5
S11,2025-04-14,17,17,0,0,16.91,16.0,26.2,0.4118,6
S11,2025-04-15,15,15,0,0,13.13,12.7,18.6,0.6667,6
S11,2025-04-16,13,13,0,0,12.05,11.8,16.0,0.7692,7
S11,2025-04-17,13,13,0,0,14.35,13.3,19.4,0.6154,7
S11,2025-04-18,11,11,0,0,13.81,14.6,19.0,0.5455,5
S11,2025-04-19,21,21,0,0,16.66,17.2,21.2,0.4286,9
S11,2025-04-20,20,20,0,0,14.13,14.8,20.2,0.55,7
S11,2025-04-21,12,12,0,0,15.07,13.0,22.1,0.6667,6
S11,2025-04-22,11,11,0,0,14.81,15.5,18.2,0.3636,8
S11,2025-04-23,17,16,0,1,14.41,13.7,22.3,0.8125,7
S11,2025-04-24,14,14,0,0,15.88,15.0,20.9,0.5,6
S11,2025-04-25,15,15,0,0,16.42,16.4,22.3,0.4,5
S11,2025-04-26,12,12,0,0,14.75,14.9,19.5,0.5,6
S11,2025-04-27,15,15,0,0,14.89,15.0,19.1,0.5333,6
S11,2025-04-28,11,11,0,0,14.95,14.9,18.1,0.5455,7
S11,2025-04-29,9,9,0,0,14.97,13.4,26.1,0.6667,5
S11,2025-04-30,17,17,0,0,13.6,13.2,23.2,0.6471,6
S11,2025-05-01,19,19,0,0,14.76,13.8,22.4,0.5263,7
S11,2025-05-02,15,15,0,0,15.45,15.0,24.3,0.6,6
S11,2025-05-03,27,27,0,0,13.05,12.7,19.6,0.7407,7
S11,2025-05-04,13,13,0,0,14.88,13.8,24.8,0.6923,6
S11,2025-05-05,12,11,0,1,12.42,11.2,18.1,0.7273,5
S11,2025-05-06,12,12,0,0,15.38,14.1,21.8,0.5,5
S11,2025-05-07,11,11,0,0,14.68,14.6,21.7,0.5455,7
S11,2025-05-08,20,20,0,0,15.33,15.2,19.2,0.45,7
S11,2025-05-09,17,17,0,0,16.13,15.8,20.9,0.4118,7
S11,2025-05-10,23,23,0,0,14.57,12.9,21.2,0.6957,7
S11,2025-05-11,16,16,0,0,15.84,13.5,23.0,0.5625,7
S11,2025-05-12,12,12,0,0,16.62,14.5,26.1,0.5,7
S11,2025-05-13,15,13,0,2,18.7,18.0,25.0,0.2308,5
S11,2025-05-14,16,15,0,1,17.57,17.5,24.6,0.3333,6
S11,2025-05-15,25,25,0,0,13.63,12.5,20.8,0.68,7
S11,2025-05-16,20,20,0,0,15.37,15.7,19.6,0.4,8
S11,2025-05-17,20,20,0,0,15.24,15.9,19.0,0.4,7
S11,2025-05-18,24,24,0,0,16.72,16.7,23.7,0.4167,8
S11,2025-05-19,15,15,0,0,13.61,13.8,16.9,0.7333,5
S11,2025-05-20,21,21,0,0,15.24,14.5,23.7,0.6667,7
S11,2025-05-21,11,10,1,0,15.52,13.7,20.5,0.5,5
S11,2025-05-22,9,9,0,0,16.57,15.2,26.0,0.4444,5
S11,2025-05-23,18,17,0,1,16.16,15.5,23.4,0.4118,7
S11,2025-05-24,24,23,1,0,13.57,12.2,16.8,0.6522,7
S11,2025-05-25,16,16,0,0,15.31,13.4,22.4,0.5,6
S11,2025-05-26,27,27,0,0,13.8,13.7,18.8,0.6667,8
S11,2025-05-27,13,12,0,1,13.89,13.8,17.7,0.6667,7
S11,2025-05-28,16,16,0,0,13.75,13.2,25.9,0.75,7
S11,2025-05-29,18,18,0,0,13.38,13.0,19.5,0.7222,6
S11,2025-05-30,18,18,0,0,14.01,13.1,20.7,0.6667,7
S11,2025-05-31,18,18,0,0,13.4,12.1,20.4,0.5556,7
S11,2025-06-01,28,28,0,0,13.6,12.1,21.9,0.7143,7
S11,2025-06-02,11,11,0,0,18.94,17.8,28.2,0.2727,6
S11,2025-06-03,14,14,0,0,14.05,13.5,18.0,0.6429,6
S11,2025-06-04,10,10,0,0,14.31,13.6,19.4,0.7,5
S11,2025-06-05,19,19,0,0,14.61,13.9,21.5,0.5789,7
S11,2025-06-06,24,23,0,1,14.89,13.9,19.8,0.6087,8
S11,2025-06-07,21,21,0,0,15.69,15.5,21.7,0.4286,7
S11,2025-06-08,25,24,0,1,19.77,19.3,26.3,0.2917,7
S11,2025-06-09,15,15,0,0,17.99,14.7,28.0,0.5333,6
S11,2025-06-10,16,16,0,0,14.5,13.4,21.6,0.625,7
S11,2025-06-11,16,16,0,0,17.59,14.5,26.6,0.5,6
S11,2025-06-12,16,16,0,0,15.89,14.4,25.7,0.5,7
S11,2025-06-13,19,19,0,0,16.53,15.7,24.1,0.3684,8
S11,2025-06-14,17,16,0,1,13.15,11.5,19.7,0.6875,6
S11,2025-06-15,18,18,0,0,16.24,14.4,24.4,0.5556,6
S11,2025-06-16,17,17,0,0,18.55,17.6,28.8,0.3529,7
S11,2025-06-17,15,15,0,0,15.25,14.1,20.3,0.5333,7
S11,2025-06-18,12,12,0,0,15.48,14.8,22.1,0.5,5
S11,2025-06-19,20,20,0,0,18.8,17.0,25.8,0.4,7
S11,2025-06-20,13,12,1,0,13.03,13.1,16.9,0.6667,7
S11,2025-06-21,17,17,0,0,16.8,17.6,24.6,0.4706,6
S11,2025-06-22,17,16,1,0,21.59,20.5,34.4,0.25,8
S11,2025-06-23,14,14,0,0,16.24,14.9,26.0,0.5,7
S11,2025-06-24,18,18,0,0,15.83,12.5,25.2,0.6111,7
S11,2025-06-25,19,19,0,0,18.72,16.1,33.8,0.4737,7
S11,2025-06-26,17,16,0,1,15.6,14.3,22.4,0.5,7
S11,2025-06-27,20,20,0,0,16.49,14.8,20.0,0.5,7
S11,2025-06-28,21,21,0,0,15.8,14.0,22.2,0.5238,7
S11,2025-06-29,10,10,0,0,12.49,10.5,18.8,0.7,4
S11,2025-06-30,18,18,0,0,17.68,15.6,28.7,0.4444,6
S11,2025-07-01,22,21,1,0,16.35,15.3,20.2,0.4286,7
S11,2025-07-02,15,15,0,0,13.88,14.1,18.7,0.5333,7
S11,2025-07-03,20,20,0,0,17.03,16.3,26.4,0.4,8
S11,2025-07-04,21,21,0,0,15.69,16.3,22.0,0.4762,9
S11,2025-07-05,11,11,0,0,15.09,15.5,17.8,0.4545,6
S11,2025-07-06,19,18,0,1,16.32,14.9,29.7,0.5556,7
S11,2025-07-07,13,13,0,0,16.87,17.4,22.2,0.3077,5
S11,2025-07-08,13,13,0,0,15.58,16.4,20.0,0.3846,7
S11,2025-07-09,21,21,0,0,13.39,12.3,20.8,0.619,7
S11,2025-07-10,20,19,0,1,14.95,14.4,23.3,0.5789,6
S11,2025-07-11,13,13,0,0,15.59,14.2,22.9,0.5385,7
S11,2025-07-12,18,18,0,0,14.36,12.1,25.3,0.6111,7
S11,2025-07-13,20,20,0,0,14.3,12.2,22.2,0.6,7
S11,2025-07-14,18,18,0,0,12.88,11.7,17.4,0.6667,8
S11,2025-07-15,22,22,0,0,15.9,15.1,23.3,0.4545,7
S11,2025-07-16,26,26,0,0,16.05,13.3,26.5,0.5769,7
S11,2025-07-17,14,14,0,0,16.09,13.3,25.8,0.5714,6
S11,2025-07-18,20,20,0,0,19.77,16.0,34.5,0.35,7
S11,2025-07-19,21,21,0,0,20.81,18.5,31.8,0.2381,6
S11,2025-07-20,26,25,0,1,13.82,13.1,22.2,0.68,7
S11,2025-07-21,24,24,0,0,15.69,14.1,25.2,0.5833,7
S11,2025-07-22,16,15,0,1,15.59,15.0,21.0,0.5333,7
S11,2025-07-23,16,16,0,0,15.45,14.7,20.9,0.5,7
S11,2025-07-24,20,19,0,1,13.87,12.6,21.9,0.6316,7
S11,2025-07-25,15,14,1,0,13.92,12.2,19.7,0.6429,5
S11,2025-07-26,25,25,0,0,13.72,13.3,19.2,0.68,8
S11,2025-07-27,18,18,0,0,22.15,21.6,29.1,0.1111,7
S11,2025-07-28,21,21,0,0,16.7,16.5,23.0,0.3333,7
S11,2025-07-29,19,19,0,0,15.9,15.0,22.0,0.5263,7
S11,2025-07-30,25,25,0,0,19.88,18.8,31.3,0.4,5
S11,2025-07-31,24,24,0,0,17.15,16.0,23.8,0.4167,7
S11,2025-08-01,18,18,0,0,16.02,13.5,24.2,0.6667,6
S11,2025-08-02,17,17,0,0,13.66,13.4,18.1,0.7059,7
S11,2025-08-03,21,21,0,0,13.43,12.0,21.7,0.7143,7
S11,2025-08-04,23,22,0,1,12.93,13.3,16.9,0.7727,6
S11,2025-08-05,14,14,0,0,14.0,13.6,19.8,0.5714,6
S11,2025-08-06,13,12,0,1,17.88,17.4,26.5,0.4167,7
S11,2025-08-07,23,21,1,1,14.96,15.5,22.4,0.4762,6
S11,2025-08-08,23,23,0,0,15.92,14.0,26.0,0.5217,6
S11,2025-08-09,17,16,0,1,16.01,14.6,26.9,0.5,5
S11,2025-08-10,20,19,1,0,17.24,18.1,22.9,0.2632,7
S11,2025-08-11,17,17,0,0,18.4,16.4,27.4,0.4706,7
S11,2025-08-12,29,29,0,0,19.23,17.2,29.0,0.3103,8
S11,2025-08-13,21,20,0,1,14.06,14.1,18.8,0.6,7
S11,2025-08-14,13,13,0,0,13.94,11.9,19.5,0.6154,7
S11,2025-08-15,19,17,1,1,14.12,14.0,19.2,0.5882,7
S11,2025-08-16,18,18,0,0,15.22,14.1,21.3,0.5556,7
S11,2025-08-17,17,17,0,0,15.68,13.3,29.0,0.5882,7
S11,2025-08-18,17,17,0,0,15.38,15.2,20.4,0.4706,7
S11,2025-08-19,19,19,0,0,17.12,16.2,26.5,0.4211,6
S11,2025-08-20,17,17,0,0,14.11,14.5,19.7,0.6471,7
S11,2025-08-21,19,18,1,0,13.73,11.9,20.9,0.6667,6
S11,2025-08-22,25,25,0,0,15.01,14.7,21.6,0.52,6
S11,2025-08-23,26,26,0,0,15.52,14.7,19.7,0.5385,7
S11,2025-08-24,23,23,0,0,12.87,11.6,18.1,0.8261,7
S11,2025-08-25,18,18,0,0,17.46,16.3,29.2,0.4444,7
S11,2025-08-26,19,19,0,0,15.89,15.1,23.6,0.4737,8
S11,2025-08-27,13,12,0,1,16.46,15.8,23.7,0.3333,7
S11,2025-08-28,16,16,0,0,17.54,15.9,24.5,0.1875,7
S11,2025-08-29,24,24,0,0,14.16,13.9,18.7,0.5417,7
S11,2025-08-30,29,29,0,0,16.79,16.0,25.6,0.4828,8
S11,2025-08-31,24,23,0,1,13.88,12.8,18.1,0.6087,7
S11,2025-09-01,15,14,0,1,14.44,13.9,22.6,0.7143,6
S11,2025-09-02,17,17,0,0,14.15,14.3,17.8,0.5882,7
S11,2025-09-03,21,21,0,0,16.3,15.9,22.3,0.4286,7
S11,2025-09-04,14,14,0,0,13.84,12.7,16.4,0.7143,6
S11,2025-09-05,15,15,0,0,24.27,18.5,46.5,0.2,6
S11,2025-09-06,19,19,0,0,23.01,20.7,34.6,0.1579,6
S11,2025-09-07,23,22,0,1,14.67,13.9,20.0,0.5909,7
S11,2025-09-08,16,16,0,0,18.96,18.1,27.6,0.3125,6
S11,2025-09-09,22,22,0,0,14.38,13.6,20.4,0.5909,7
S11,2025-09-10,9,9,0,0,15.69,15.2,25.8,0.4444,5
S11,2025-09-11,24,24,0,0,16.52,15.3,25.1,0.4583,7
S11,2025-09-12,18,17,1,0,17.66,16.2,27.3,0.2941,9
S11,2025-09-13,30,30,0,0,15.43,13.5,22.3,0.5333,7
S11,2025-09-14,27,27,0,0,17.55,15.3,27.7,0.4444,7
S11,2025-09-15,20,20,0,0,17.04,14.7,34.1,0.5,7
S11,2025-09-16,20,19,0,1,12.13,11.1,19.8,0.7895,8
S11,2025-09-17,14,14,0,0,15.87,16.4,19.0,0.4286,6
S11,2025-09-18,19,19,0,0,16.33,15.4,24.6,0.4737,8
S11,2025-09-19,20,20,0,0,15.74,15.6,22.6,0.45,8
S11,2025-09-20,17,17,0,0,14.69,15.0,24.2,0.5882,5
S11,2025-09-21,13,12,0,1,13.69,11.8,20.8,0.75,6
S11,2025-09-22,13,13,0,0,16.77,16.8,21.0,0.4615,6
S11,2025-09-23,26,26,0,0,13.63,12.6,19.7,0.6154,8
S11,2025-09-24,13,13,0,0,14.45,12.3,24.2,0.6923,6
S11,2025-09-25,19,19,0,0,12.99,13.1,19.9,0.6842,7
S11,2025-09-26,21,21,0,0,15.38,15.0,19.8,0.5238,7
S11,2025-09-27,17,15,0,2,18.47,20.0,24.9,0.3333,7
S11,2025-09-28,26,26,0,0,18.83,17.4,30.4,0.3077,6
S11,2025-09-29,12,12,0,0,13.85,14.2,15.9,0.5833,5
S11,2025-09-30,18,17,1,0,15.55,14.8,23.5,0.5882,9
S12,2025-04-01,8,8,0,0,10.94,10.5,16.8,0.875,6
S12,2025-04-02,12,12,0,0,12.32,10.8,17.4,0.8333,6
S12,2025-04-03,15,15,0,0,15.56,14.5,20.9,0.5333,7
S12,2025-04-04,13,13,0,0,16.18,13.8,23.9,0.5385,7
S12,2025-04-05,14,14,0,0,17.7,17.1,25.5,0.3571,7
S12,2025-04-06,17,17,0,0,13.48,11.6,23.0,0.7647,7
S12,2025-04-07,8,8,0,0,13.18,10.8,18.3,0.5,5
S12,2025-04-08,14,14,0,0,13.09,10.0,18.8,0.7143,8
S12,2025-04-09,7,7,0,0,18.46,17.9,32.1,0.4286,5
S12,2025-04-10,9,8,0,1,15.08,15.5,20.6,0.375,8
S12,2025-04-11,16,16,0,0,15.61,14.6,23.5,0.5,9
S12,2025-04-12,20,20,0,0,17.19,15.1,25.3,0.45,8
S12,2025-04-13,15,15,0,0,15.47,13.7,28.4,0.6,7
S12,2025-04-14,12,12,0,0,15.08,14.4,21.0,0.6667,6
S12,2025-04-15,6,6,0,0,13.8,13.5,20.5,0.6667,5
S12,2025-04-16,16,16,0,0,14.39,12.1,20.9,0.5625,8
S12,2025-04-17,9,9,0,0,16.19,14.0,32.8,0.6667,6
S12,2025-04-18,12,11,0,1,15.22,15.0,20.5,0.5455,4
S12,2025-04-19,16,16,0,0,15.05,14.2,20.4,0.5625,6
S12,2025-04-20,12,12,0,0,14.84,12.2,19.6,0.5833,7
S12,2025-04-21,8,8,0,0,15.0,14.2,20.8,0.5,4
S12,2025-04-22,9,9,0,0,15.19,14.8,26.7,0.5556,6
S12,2025-04-23,13,13,0,0,14.2,14.6,17.7,0.6154,5
S12,2025-04-24,9,9,0,0,14.2,14.5,20.8,0.6667,6
S12,2025-04-25,15,15,0,0,13.71,12.7,21.5,0.7333,8
S12,2025-04-26,12,12,0,0,17.82,17.1,24.1,0.25,5
S12,2025-04-27,12,12,0,0,17.08,15.0,26.9,0.5,7
S12,2025-04-28,6,6,0,0,16.6,15.1,22.2,0.3333,3
S12,2025-04-29,17,17,0,0,17.99,18.2,25.9,0.3529,8
S12,2025-04-30,10,10,0,0,16.29,15.3,21.9,0.3,4
S12,2025-05-01,13,13,0,0,14.98,12.7,27.0,0.6154,7
S12,2025-05-02,14,13,0,1,16.02,16.3,20.7,0.3077,8
S12,2025-05-03,15,15,0,0,13.29,13.3,18.7,0.6,7
S12,2025-05-04,14,14,0,0,15.24,11.8,27.0,0.6429,8
S12,2025-05-05,14,14,0,0,13.25,11.3,20.8,0.6429,5
S12,2025-05-06,18,17,0,1,15.66,13.6,23.8,0.5882,7
S12,2025-05-07,17,17,0,0,15.2,13.7,22.0,0.5882,8
S12,2025-05-08,10,10,0,0,15.79,15.6,18.3,0.2,6
S12,2025-05-09,19,19,0,0,16.7,15.5,23.5,0.4211,8
S12,2025-05-10,7,7,0,0,10.7,10.1,13.5,1.0,4
S12,2025-05-11,14,13,1,0,15.4,15.5,18.6,0.3846,6
S12,2025-05-12,14,14,0,0,16.49,13.9,25.8,0.5,7
S12,2025-05-13,16,16,0,0,15.29,14.7,25.1,0.5,6
S12,2025-05-14,11,11,0,0,15.08,14.7,22.4,0.5455,7
S12,2025-05-15,15,15,0,0,16.09,11.7,27.8,0.6,8
S12,2025-05-16,20,20,0,0,12.22,13.1,16.6,0.8,7
S12,2025-05-17,23,22,0,1,13.58,12.2,20.3,0.7273,7
S12,2025-05-18,9,9,0,0,13.76,13.9,18.4,0.6667,5
S12,2025-05-19,6,5,0,1,16.98,21.0,24.4,0.4,5
S12,2025-05-20,10,10,0,0,17.74,17.2,22.6,0.4,5
S12,2025-05-21,19,19,0,0,13.59,12.0,18.2,0.7368,7
S12,2025-05-22,11,11,0,0,18.53,17.6,31.0,0.4545,7
S12,2025-05-23,15,15,0,0,16.05,15.9,19.9,0.3333,8
S12,2025-05-24,14,14,0,0,15.2,14.8,18.6,0.5,7
S12,2025-05-25,13,13,0,0,12.97,13.1,18.4,0.6923,6
S12,2025-05-26,15,15,0,0,16.18,16.1,23.7,0.4,8
S12,2025-05-27,9,9,0,0,14.69,16.3,18.4,0.4444,5
S12,2025-05-28,9,9,0,0,14.72,14.5,23.6,0.7778,7
S12,2025-05-29,13,13,0,0,13.95,13.9,18.8,0.6154,6
S12,2025-05-30,14,14,0,0,14.66,13.9,23.5,0.7143,7
S12,2025-05-31,12,12,0,0,15.8,14.9,21.4,0.5,7
S12,2025-06-01,19,19,0,0,15.43,14.1,22.3,0.5789,7
S12,2025-06-02,9,9,0,0,18.91,17.8,29.0,0.2222,6
S12,2025-06-03,14,14,0,0,14.12,12.9,22.9,0.5714,7
S12,2025-06-04,23,23,0,0,16.3,16.4,23.4,0.4783,8
S12,2025-06-05,9,9,0,0,17.09,15.3,27.5,0.3333,6
S12,2025-06-06,15,15,0,0,15.13,12.8,21.6,0.6667,8
S12,2025-06-07,20,20,0,0,15.24,15.7,19.1,0.45,7
S12,2025-06-08,10,10,0,0,16.26,13.5,22.2,0.7,8
S12,2025-06-09,10,10,0,0,14.28,16.0,17.0,0.4,7
S12,2025-06-10,16,15,1,0,12.29,11.4,19.3,0.8,8
S12,2025-06-11,22,22,0,0,17.7,17.1,21.9,0.4545,7
S12,2025-06-12,17,17,0,0,17.56,17.7,25.3,0.3529,7
S12,2025-06-13,16,16,0,0,14.49,14.6,19.7,0.5,9
S12,2025-06-14,11,11,0,0,11.52,11.9,16.1,0.8182,6
S12,2025-06-15,19,19,0,0,16.12,13.1,29.0,0.5789,7
S12,2025-06-16,13,13,0,0,17.78,16.9,29.8,0.4615,6
S12,2025-06-17,17,17,0,0,13.58,13.5,18.5,0.6471,8
S12,2025-06-18,8,8,0,0,10.88,10.8,13.7,1.0,6
S12,2025-06-19,14,14,0,0,18.07,15.9,25.0,0.4286,7
S12,2025-06-20,12,12,0,0,13.54,13.1,17.8,0.6667,6
S12,2025-06-21,14,14,0,0,16.09,14.5,28.9,0.6429,6
S12,2025-06-22,19,18,0,1,18.04,15.5,29.8,0.4444,7
S12,2025-06-23,11,11,0,0,19.05,17.0,29.0,0.3636,5
S12,2025-06-24,13,13,0,0,14.41,13.9,20.2,0.6154,7
S12,2025-06-25,17,17,0,0,17.69,16.2,24.9,0.4118,8
S12,2025-06-26,13,13,0,0,14.09,14.0,22.6,0.6154,7
S12,2025-06-27,16,16,0,0,14.71,14.2,21.6,0.5625,7
S12,2025-06-28,20,20,0,0,14.65,13.7,20.1,0.65,8
S12,2025-06-29,11,11,0,0,13.97,13.7,16.9,0.7273,5
S12,2025-06-30,15,15,0,0,16.28,15.5,21.7,0.4667,9
S12,2025-07-01,17,17,0,0,14.19,12.7,22.0,0.5882,7
S12,2025-07-02,18,18,0,0,13.97,12.2,22.5,0.6667,8
S12,2025-07-03,8,8,0,0,18.29,14.8,31.1,0.5,4
S12,2025-07-04,15,15,0,0,17.21,15.7,26.0,0.4,6
S12,2025-07-05,12,12,0,0,16.53,14.4,19.7,0.6667,5
S12,2025-07-06,14,14,0,0,15.67,14.3,22.7,0.6429,7
S12,2025-07-07,13,13,0,0,21.05,19.6,26.9,0.0769,6
S12,2025-07-08,13,13,0,0,16.24,17.2,20.2,0.3846,8
S12,2025-07-09,13,11,0,2,15.55,14.1,24.5,0.5455,6
S12,2025-07-10,14,14,0,0,16.44,14.8,23.3,0.5,7
S12,2025-07-11,15,15,0,0,16.13,16.6,20.9,0.4,7
S12,2025-07-12,17,16,0,1,14.5,14.7,19.4,0.5625,7
S12,2025-07-13,18,18,0,0,16.06,15.7,23.2,0.4444,8
S12,2025-07-14,19,19,0,0,15.24,14.4,25.7,0.5789,9
S12,2025-07-15,9,9,0,0,13.88,11.2,26.1,0.7778,7
S12,2025-07-16,8,8,0,0,13.96,13.9,21.0,0.625,4
S12,2025-07-17,21,20,0,1,12.43,11.5,17.7,0.65,8
S12,2025-07-18,10,10,0,0,21.46,19.2,30.7,0.3,7
S12,2025-07-19,12,12,0,0,16.72,14.9,25.3,0.5,7
S12,2025-07-20,12,10,0,2,13.87,12.3,21.5,0.6,6
S12,2025-07-21,14,14,0,0,16.72,15.2,22.5,0.4286,6
S12,2025-07-22,17,17,0,0,15.15,13.0,29.2,0.5294,7
S12,2025-07-23,13,13,0,0,16.58,16.6,19.0,0.3077,7
S12,2025-07-24,8,8,0,0,15.6,13.2,33.6,0.625,5
S12,2025-07-25,13,12,0,1,13.24,10.9,21.3,0.6667,7
S12,2025-07-26,9,9,0,0,19.82,17.0,27.0,0.2222,6
S12,2025-07-27,23,23,0,0,19.01,18.2,28.7,0.2174,8
S12,2025-07-28,16,16,0,0,12.34,13.3,14.7,0.9375,8
S12,2025-07-29,6,6,0,0,14.4,13.0,20.4,0.6667,5
S12,2025-07-30,17,16,0,1,21.03,18.1,31.9,0.1875,6
S12,2025-07-31,7,7,0,0,16.67,15.2,25.5,0.4286,6
S12,2025-08-01,5,5,0,0,16.58,16.2,24.4,0.4,4
S12,2025-08-02,19,19,0,0,14.81,13.6,21.6,0.6316,8
S12,2025-08-03,14,13,1,0,15.03,13.5,22.8,0.5385,8
S12,2025-08-04,11,10,0,1,17.37,14.7,29.2,0.5,7
S12,2025-08-05,7,7,0,0,12.3,10.7,23.2,0.8571,6
S12,2025-08-06,17,16,1,0,14.72,13.6,21.0,0.625,7
S12,2025-08-07,5,5,0,0,13.76,14.0,15.7,0.8,4
S12,2025-08-08,10,10,0,0,19.64,18.8,25.8,0.3,6
S12,2025-08-09,14,14,0,0,17.71,16.4,24.4,0.3571,7
S12,2025-08-10,15,13,1,1,16.64,16.8,24.0,0.4615,7
S12,2025-08-11,11,11,0,0,14.09,13.8,21.7,0.5455,5
S12,2025-08-12,15,13,1,1,18.55,18.9,24.7,0.2308,7
S12,2025-08-13,6,6,0,0,12.47,11.7,15.9,0.6667,5
S12,2025-08-14,25,24,0,1,17.74,16.5,23.2,0.4167,7
S12,2025-08-15,19,19,0,0,14.23,12.1,23.3,0.7368,8
S12,2025-08-16,14,14,0,0,17.66,14.4,26.1,0.5,6
S12,2025-08-17,17,17,0,0,18.26,19.0,25.4,0.3529,8
S12,2025-08-18,13,13,0,0,15.88,16.0,21.7,0.3846,6
S12,2025-08-19,15,15,0,0,15.01,12.4,26.3,0.6667,6
S12,2025-08-20,13,13,0,0,14.08,13.4,17.4,0.6154,7
S12,2025-08-21,14,14,0,0,13.81,12.3,18.6,0.6429,6
S12,2025-08-22,14,14,0,0,14.25,14.2,18.0,0.5714,8
S12,2025-08-23,13,13,0,0,15.17,14.0,20.5,0.5385,6
S12,2025-08-24,12,12,0,0,14.96,11.7,21.5,0.5,7
S12,2025-08-25,9,9,0,0,17.44,16.7,24.9,0.3333,7
S12,2025-08-26,11,11,0,0,14.42,13.4,17.5,0.5455,7
S12,2025-08-27,8,8,0,0,16.09,16.0,20.8,0.25,6
S12,2025-08-28,18,18,0,0,19.4,16.2,36.6,0.3889,8
S12,2025-08-29,16,15,0,1,15.68,13.3,26.3,0.5333,8
S12,2025-08-30,20,20,0,0,15.15,13.9,20.1,0.5,6
S12,2025-08-31,12,12,0,0,15.33,15.9,19.2,0.4167,6
S12,2025-09-01,15,15,0,0,15.24,16.6,20.3,0.4,7
S12,2025-09-02,15,13,2,0,18.59,18.0,33.0,0.3846,8
S12,2025-09-03,14,14,0,0,16.09,15.5,20.3,0.2857,8
S12,2025-09-04,21,18,2,1,15.21,14.7,24.8,0.5,9
S12,2025-09-05,20,19,0,1,18.73,19.4,28.1,0.3158,8
S12,2025-09-06,19,19,0,0,19.91,17.9,30.2,0.2632,7
S12,2025-09-07,18,18,0,0,17.32,16.2,24.1,0.3333,8
S12,2025-09-08,14,14,0,0,15.85,15.0,21.1,0.5,7
S12,2025-09-09,17,17,0,0,16.36,15.5,23.2,0.4706,8
S12,2025-09-10,18,18,0,0,14.77,13.8,20.9,0.6667,7
S12,2025-09-11,12,12,0,0,14.52,14.2,20.8,0.5833,6
S12,2025-09-12,21,21,0,0,17.4,16.7,24.4,0.4286,8
S12,2025-09-13,20,18,1,1,15.16,12.2,29.2,0.6111,7
S12,2025-09-14,18,18,0,0,15.2,14.3,21.7,0.6111,9
S12,2025-09-15,10,10,0,0,16.67,14.4,19.0,0.5,6
S12,2025-09-16,12,12,0,0,16.1,13.5,23.9,0.6667,7
S12,2025-09-17,15,15,0,0,17.31,15.8,29.7,0.4667,7
S12,2025-09-18,3,3,0,0,17.87,18.3,18.9,0.0,3
S12,2025-09-19,9,9,0,0,16.54,16.2,26.2,0.4444,6
S12,2025-09-20,24,23,1,0,15.43,15.9,18.5,0.4348,8
S12,2025-09-21,13,12,0,1,13.77,12.9,18.7,0.6667,8
S12,2025-09-22,12,12,0,0,15.77,13.6,22.4,0.5,6
S12,2025-09-23,6,6,0,0,15.77,14.8,19.7,0.5,5
S12,2025-09-24,11,11,0,0,16.49,16.4,24.1,0.3636,6
S12,2025-09-25,17,17,0,0,14.87,14.8,20.7,0.6471,8
S12,2025-09-26,19,19,0,0,15.23,14.7,23.8,0.5789,8
S12,2025-09-27,19,19,0,0,12.68,12.2,16.8,0.6842,6
S12,2025-09-28,16,16,0,0,16.61,14.9,28.4,0.5,6
S12,2025-09-29,11,10,0,1,13.7,12.4,17.3,0.8,6
S12,2025-09-30,13,13,0,0,14.6,14.1,19.1,0.6154,6
