as_of_date,store_id,product_id,category_id,closing_stock,reorder_level,days_of_inventory,forecast_demand_3d,forecast_upper_3d,days_of_cover,risk_tier,reason_codes,run_type,model_version
2025-08-31,S01,P0003,CAT03,11,6,11,3.398,5.89,9.71,Low,,backtest,demand_forecast_run_20261005T130920538
2025-08-31,S01,P0022,CAT05,11,5,9.06,2.472,4.472,13.35,Low,,backtest,demand_forecast_run_20261005T130920538
2025-08-31,S01,P0032,CAT11,35,14,8.03,11.767,19.781,8.92,Low,,backtest,demand_forecast_run_20261005T130920538
2025-08-31,S01,P0053,CAT06,3,3,6,2.162,3.745,4.16,Medium,BELOW_REORDER,backtest,demand_forecast_run_20261005T130920538
2025-08-31,S01,P0073,CAT13,11,3,22,1.198,2.451,27.56,Low,,backtest,demand_forecast_run_20261005T130920538
2025-08-31,S01,P0170,CAT17,15,4,70.09,1.041,2.477,43.21,Low,,backtest,demand_forecast_run_20261005T130920538
2025-08-31,S01,P0206,CAT15,7,6,6.54,3.109,6.116,6.76,Low,,backtest,demand_forecast_run_20261005T130920538
2025-08-31,S01,P0213,CAT07,6,5,5.25,2.811,4.892,6.4,Low,,backtest,demand_forecast_run_20261005T130920538
2025-08-31,S01,P0252,CAT18,10,7,5,5.128,12.404,5.85,Low,,backtest,demand_forecast_run_20261005T130920538
2025-08-31,S01,P0272,CAT13,3,3,4.67,1.357,2.777,6.63,Medium,BELOW_REORDER,backtest,demand_forecast_run_20261005T130920538
2025-08-31,S01,P0288,CAT14,4,4,13.99,2.299,4.846,5.22,Medium,BELOW_REORDER,backtest,demand_forecast_run_20261005T130920538
2025-08-31,S01,P0316,CAT15,6,3,13.99,0.797,1.568,22.58,Low,,backtest,demand_forecast_run_20261005T130920538
2025-08-31,S01,P0369,CAT09,8,8,5.9,5.548,11.528,4.33,Medium,BELOW_REORDER,backtest,demand_forecast_run_20261005T130920538
2025-08-31,S01,P0381,CAT13,8,3,16,1.038,2.124,23.12,Low,,backtest,demand_forecast_run_20261005T130920538
2025-08-31,S01,P0391,CAT06,6,5,4.67,5.82,10.083,3.09,Low,,backtest,demand_forecast_run_20261005T130920538
2025-08-31,S01,P0392,CAT19,7,3,19.61,2.964,6.18,7.09,Low,,backtest,demand_forecast_run_20261005T130920538
2025-08-31,S01,P0408,CAT16,5,4,8.76,1.701,4.379,8.82,Low,,backtest,demand_forecast_run_20261005T130920538
2025-08-31,S01,P0409,CAT12,8,4,16,3.053,5.62,7.86,Low,,backtest,demand_forecast_run_20261005T130920538
2025-08-31,S01,P0433,CAT20,7,3,24.48,0.852,2.005,24.64,Low,,backtest,demand_forecast_run_20261005T130920538
2025-08-31,S01,P0435,CAT14,14,7,8.91,4.471,9.423,9.39,Low,,backtest,demand_forecast_run_20261005T130920538
2025-08-31,S01,P0445,CAT02,0,4,0,3.003,5.528,0,High,ZERO_STOCK|DEMAND_EXCEEDS_STOCK|BELOW_REORDER|LOW_DAYS_COVER,backtest,demand_forecast_run_20261005T130920538
2025-08-31,S01,P0507,CAT02,21,14,5.88,9.817,18.072,6.42,Low,,backtest,demand_forecast_run_20261005T130920538
2025-08-31,S01,P0563,CAT13,11,6,11.84,2.236,4.575,14.76,Low,,backtest,demand_forecast_run_20261005T130920538
2025-08-31,S01,P0579,CAT12,7,3,48.95,2.137,3.934,9.83,Low,,backtest,demand_forecast_run_20261005T130920538
2025-08-31,S01,P0589,CAT03,5,4,5,3.156,5.469,4.75,Low,,backtest,demand_forecast_run_20261005T130920538
2025-08-31,S02,P0003,CAT03,5,6,2.5,3.726,7.084,4.03,Medium,BELOW_REORDER|LOW_DAYS_COVER,backtest,demand_forecast_run_20261005T130920538
2025-08-31,S02,P0022,CAT05,16,6,12.44,2.843,4.868,16.88,Low,,backtest,demand_forecast_run_20261005T130920538
2025-08-31,S02,P0032,CAT11,45,17,10.68,10.8,19.308,12.5,Low,,backtest,demand_forecast_run_20261005T130920538
2025-08-31,S02,P0053,CAT06,5,3,70.42,1.131,2.192,13.26,Low,,backtest,demand_forecast_run_20261005T130920538
2025-08-31,S02,P0073,CAT13,9,3,25.21,0.795,1.451,33.98,Low,,backtest,demand_forecast_run_20261005T130920538
2025-08-31,S02,P0170,CAT17,3,3,6.99,1.107,2.667,8.13,Medium,BELOW_REORDER,backtest,demand_forecast_run_20261005T130920538
2025-08-31,S02,P0206,CAT15,11,6,19.26,3.06,5.968,10.79,Low,,backtest,demand_forecast_run_20261005T130920538
2025-08-31,S02,P0213,CAT07,11,5,9.62,3.854,7.571,8.56,Low,,backtest,demand_forecast_run_20261005T130920538
2025-08-31,S02,P0252,CAT18,19,7,12.09,4.046,10.471,14.09,Low,,backtest,demand_forecast_run_20261005T130920538
2025-08-31,S02,P0272,CAT13,3,3,14.02,0.795,1.451,11.33,Medium,BELOW_REORDER,backtest,demand_forecast_run_20261005T130920538
2025-08-31,S02,P0288,CAT14,6,4,6,1.807,3.771,9.96,Low,,backtest,demand_forecast_run_20261005T130920538
2025-08-31,S02,P0316,CAT15,4,3,18.69,0.886,1.728,13.55,Low,,backtest,demand_forecast_run_20261005T130920538
2025-08-31,S02,P0369,CAT09,26,8,14.56,4.276,10.417,18.24,Low,,backtest,demand_forecast_run_20261005T130920538
2025-08-31,S02,P0381,CAT13,3,3,4.67,1.236,2.258,7.28,Medium,BELOW_REORDER,backtest,demand_forecast_run_20261005T130920538
2025-08-31,S02,P0391,CAT06,0,7,0,5.404,10.475,0,High,ZERO_STOCK|DEMAND_EXCEEDS_STOCK|BELOW_REORDER|LOW_DAYS_COVER,backtest,demand_forecast_run_20261005T130920538
2025-08-31,S02,P0392,CAT19,9,3,31.47,0.981,2.05,27.52,Low,,backtest,demand_forecast_run_20261005T130920538
2025-08-31,S02,P0408,CAT16,6,4,7,2.911,7.598,6.18,Low,,backtest,demand_forecast_run_20261005T130920538
2025-08-31,S02,P0409,CAT12,15,5,12.36,4.134,9.391,10.89,Low,,backtest,demand_forecast_run_20261005T130920538
2025-08-31,S02,P0433,CAT20,13,3,45.45,0.47,1.163,83.05,Low,,backtest,demand_forecast_run_20261005T130920538
2025-08-31,S02,P0435,CAT14,12,8,4.2,4.983,10.403,7.22,Low,,backtest,demand_forecast_run_20261005T130920538
2025-08-31,S02,P0445,CAT02,4,4,18.69,1.439,2.654,8.34,Medium,BELOW_REORDER,backtest,demand_forecast_run_20261005T130920538
2025-08-31,S02,P0507,CAT02,44,15,12.08,11.509,21.228,11.47,Low,,backtest,demand_forecast_run_20261005T130920538
2025-08-31,S02,P0563,CAT13,15,6,16.15,3.355,6.128,13.41,Low,,backtest,demand_forecast_run_20261005T130920538
2025-08-31,S02,P0579,CAT12,8,3,22.41,1.772,4.025,13.55,Low,,backtest,demand_forecast_run_20261005T130920538
2025-08-31,S02,P0589,CAT03,2,4,3.11,1.686,3.204,3.56,Medium,BELOW_REORDER,backtest,demand_forecast_run_20261005T130920538
2025-08-31,S03,P0003,CAT03,0,6,0,3.447,6.305,0,High,ZERO_STOCK|DEMAND_EXCEEDS_STOCK|BELOW_REORDER|LOW_DAYS_COVER,backtest,demand_forecast_run_20261005T130920538
2025-08-31,S03,P0022,CAT05,9,5,8.4,1.754,3.547,15.39,Low,,backtest,demand_forecast_run_20261005T130920538
2025-08-31,S03,P0032,CAT11,18,15,4.67,11.296,21.35,4.78,Low,,backtest,demand_forecast_run_20261005T130920538
2025-08-31,S03,P0053,CAT06,8,4,9.33,3.1,6.385,7.74,Low,,backtest,demand_forecast_run_20261005T130920538
2025-08-31,S03,P0073,CAT13,6,3,41.96,0.314,0.736,57.31,Low,,backtest,demand_forecast_run_20261005T130920538
2025-08-31,S03,P0170,CAT17,5,4,8.76,1.674,4.6,8.96,Low,,backtest,demand_forecast_run_20261005T130920538
2025-08-31,S03,P0206,CAT15,6,6,4.42,3.001,7.322,6,Medium,BELOW_REORDER,backtest,demand_forecast_run_20261005T130920538
2025-08-31,S03,P0213,CAT07,8,4,14.01,2.93,5.918,8.19,Low,,backtest,demand_forecast_run_20261005T130920538
2025-08-31,S03,P0252,CAT18,16,8,7,4.194,10.016,11.45,Low,,backtest,demand_forecast_run_20261005T130920538
2025-08-31,S03,P0272,CAT13,9,3,20.98,0.942,2.208,28.66,Low,,backtest,demand_forecast_run_20261005T130920538
2025-08-31,S03,P0288,CAT14,5,3,11.66,1.686,3.53,8.9,Low,,backtest,demand_forecast_run_20261005T130920538
2025-08-31,S03,P0316,CAT15,9,4,9.69,1.186,2.895,22.76,Low,,backtest,demand_forecast_run_20261005T130920538
2025-08-31,S03,P0369,CAT09,17,8,8.81,4.669,11.124,10.92,Low,,backtest,demand_forecast_run_20261005T130920538
2025-08-31,S03,P0381,CAT13,9,3,31.47,1.152,2.699,23.45,Low,,backtest,demand_forecast_run_20261005T130920538
2025-08-31,S03,P0391,CAT06,8,6,4.48,5.051,10.406,4.75,Low,,backtest,demand_forecast_run_20261005T130920538
2025-08-31,S03,P0392,CAT19,4,3,13.99,2.318,3.9,5.18,Low,,backtest,demand_forecast_run_20261005T130920538
2025-08-31,S03,P0408,CAT16,4,4,13.99,1.107,2.828,10.84,Medium,BELOW_REORDER,backtest,demand_forecast_run_20261005T130920538
2025-08-31,S03,P0409,CAT12,10,4,12.72,2.884,5.877,10.4,Low,,backtest,demand_forecast_run_20261005T130920538
2025-08-31,S03,P0433,CAT20,4,2,18.69,0.536,1.393,22.41,Low,,backtest,demand_forecast_run_20261005T130920538
2025-08-31,S03,P0435,CAT14,5,7,2.8,5.187,10.861,2.89,High,DEMAND_EXCEEDS_STOCK|BELOW_REORDER|LOW_DAYS_COVER,backtest,demand_forecast_run_20261005T130920538
2025-08-31,S03,P0445,CAT02,12,3,21.02,1.631,3.052,22.08,Low,,backtest,demand_forecast_run_20261005T130920538
2025-08-31,S03,P0507,CAT02,17,14,4.49,12.637,23.65,4.04,Low,,backtest,demand_forecast_run_20261005T130920538
2025-08-31,S03,P0563,CAT13,10,6,9.34,4.083,9.57,7.35,Low,,backtest,demand_forecast_run_20261005T130920538
2025-08-31,S03,P0579,CAT12,8,3,10.18,2.083,4.244,11.52,Low,,backtest,demand_forecast_run_20261005T130920538
2025-08-31,S03,P0589,CAT03,9,5,9,2.909,5.32,9.28,Low,,backtest,demand_forecast_run_20261005T130920538
2025-08-31,S04,P0003,CAT03,4,5,3.73,3.569,6.012,3.36,Medium,BELOW_REORDER,backtest,demand_forecast_run_20261005T130920538
2025-08-31,S04,P0022,CAT05,12,5,18.66,2.031,4.025,17.72,Low,,backtest,demand_forecast_run_20261005T130920538
2025-08-31,S04,P0032,CAT11,37,12,12.33,7.647,15.664,14.52,Low,,backtest,demand_forecast_run_20261005T130920538
2025-08-31,S04,P0053,CAT06,8,3,14.01,1.738,3.587,13.81,Low,,backtest,demand_forecast_run_20261005T130920538
2025-08-31,S04,P0073,CAT13,6,2,20.98,0.798,1.837,22.56,Low,,backtest,demand_forecast_run_20261005T130920538
2025-08-31,S04,P0170,CAT17,6,3,10.51,1.334,3.748,13.5,Low,,backtest,demand_forecast_run_20261005T130920538
2025-08-31,S04,P0206,CAT15,10,5,8.75,2.111,5.72,14.21,Low,,backtest,demand_forecast_run_20261005T130920538
2025-08-31,S04,P0213,CAT07,7,4,14,1.693,3.184,12.4,Low,,backtest,demand_forecast_run_20261005T130920538
2025-08-31,S04,P0252,CAT18,20,6,17.5,2.305,6.312,26.03,Low,,backtest,demand_forecast_run_20261005T130920538
2025-08-31,S04,P0272,CAT13,8,3,18.65,1.196,2.756,20.06,Low,,backtest,demand_forecast_run_20261005T130920538
2025-08-31,S04,P0288,CAT14,8,4,14.01,1.156,2.532,20.76,Low,,backtest,demand_forecast_run_20261005T130920538
2025-08-31,S04,P0316,CAT15,5,3,17.48,0.469,1.271,31.97,Low,,backtest,demand_forecast_run_20261005T130920538
2025-08-31,S04,P0369,CAT09,18,6,10.96,3.71,8.6,14.56,Low,,backtest,demand_forecast_run_20261005T130920538
2025-08-31,S04,P0381,CAT13,5,3,23.36,1.196,2.756,12.54,Low,,backtest,demand_forecast_run_20261005T130920538
2025-08-31,S04,P0391,CAT06,12,5,8.4,3.584,7.399,10.05,Low,,backtest,demand_forecast_run_20261005T130920538
2025-08-31,S04,P0392,CAT19,8,3,55.94,0.7,1.388,34.31,Low,,backtest,demand_forecast_run_20261005T130920538
2025-08-31,S04,P0408,CAT16,11,3,13.99,1.019,3.538,32.38,Low,,backtest,demand_forecast_run_20261005T130920538
2025-08-31,S04,P0409,CAT12,10,4,20,2.595,5.442,11.56,Low,,backtest,demand_forecast_run_20261005T130920538
2025-08-31,S04,P0433,CAT20,5,2,70.42,0.6,1.543,25.01,Low,,backtest,demand_forecast_run_20261005T130920538
2025-08-31,S04,P0435,CAT14,12,6,7,4.047,8.862,8.9,Low,,backtest,demand_forecast_run_20261005T130920538
2025-08-31,S04,P0445,CAT02,9,3,62.94,0.626,1.306,43.15,Low,,backtest,demand_forecast_run_20261005T130920538
2025-08-31,S04,P0507,CAT02,26,11,9.1,9.178,19.153,8.5,Low,,backtest,demand_forecast_run_20261005T130920538
2025-08-31,S04,P0563,CAT13,8,5,12.44,1.994,4.593,12.04,Low,,backtest,demand_forecast_run_20261005T130920538
2025-08-31,S04,P0579,CAT12,6,3,13.99,1.557,3.266,11.56,Low,,backtest,demand_forecast_run_20261005T130920538
2025-08-31,S04,P0589,CAT03,9,4,12.61,2.119,3.57,12.74,Low,,backtest,demand_forecast_run_20261005T130920538
2025-08-31,S05,P0003,CAT03,7,4,14,1.886,3.962,11.13,Low,,backtest,demand_forecast_run_20261005T130920538
2025-08-31,S05,P0022,CAT05,3,4,3,1.792,4.411,5.02,Medium,BELOW_REORDER,backtest,demand_forecast_run_20261005T130920538
2025-08-31,S05,P0032,CAT11,32,11,9.96,6.913,16.42,13.89,Low,,backtest,demand_forecast_run_20261005T130920538
2025-08-31,S05,P0053,CAT06,7,3,48.95,0.686,1.529,30.61,Low,,backtest,demand_forecast_run_20261005T130920538
2025-08-31,S05,P0073,CAT13,5,2,11.66,0.524,1.439,28.64,Low,,backtest,demand_forecast_run_20261005T130920538
2025-08-31,S05,P0170,CAT17,2,3,3.5,1.118,3.206,5.37,Medium,BELOW_REORDER,backtest,demand_forecast_run_20261005T130920538
2025-08-31,S05,P0206,CAT15,1,4,1.17,1.352,4.925,2.22,High,DEMAND_EXCEEDS_STOCK|BELOW_REORDER|LOW_DAYS_COVER,backtest,demand_forecast_run_20261005T130920538
2025-08-31,S05,P0213,CAT07,5,4,14.01,1.713,4.13,8.76,Low,,backtest,demand_forecast_run_20261005T130920538
2025-08-31,S05,P0252,CAT18,10,5,5.83,2.903,8.136,10.34,Low,,backtest,demand_forecast_run_20261005T130920538
2025-08-31,S05,P0272,CAT13,6,3,9.33,1.272,3.495,14.15,Low,,backtest,demand_forecast_run_20261005T130920538
2025-08-31,S05,P0288,CAT14,12,3,27.97,1.274,2.757,28.25,Low,,backtest,demand_forecast_run_20261005T130920538
2025-08-31,S05,P0316,CAT15,9,3,15.76,1.117,4.068,24.17,Low,,backtest,demand_forecast_run_20261005T130920538
2025-08-31,S05,P0369,CAT09,6,6,3.23,3.705,10.012,4.86,Medium,BELOW_REORDER,backtest,demand_forecast_run_20261005T130920538
2025-08-31,S05,P0381,CAT13,9,3,62.94,0.374,1.028,72.15,Low,,backtest,demand_forecast_run_20261005T130920538
2025-08-31,S05,P0391,CAT06,5,5,4.37,4.63,10.319,3.24,Medium,BELOW_REORDER,backtest,demand_forecast_run_20261005T130920538
2025-08-31,S05,P0392,CAT19,4,2,,0.473,1.328,25.36,Low,,backtest,demand_forecast_run_20261005T130920538
2025-08-31,S05,P0408,CAT16,3,3,10.49,1.337,4.548,6.73,Medium,BELOW_REORDER,backtest,demand_forecast_run_20261005T130920538
2025-08-31,S05,P0409,CAT12,6,3,10.51,1.598,4.04,11.26,Low,,backtest,demand_forecast_run_20261005T130920538
2025-08-31,S05,P0433,CAT20,5,2,23.36,0.478,1.624,31.36,Low,,backtest,demand_forecast_run_20261005T130920538
2025-08-31,S05,P0435,CAT14,10,6,7,4.824,10.438,6.22,Low,,backtest,demand_forecast_run_20261005T130920538
2025-08-31,S05,P0445,CAT02,8,3,10.18,1.439,3.493,16.67,Low,,backtest,demand_forecast_run_20261005T130920538
2025-08-31,S05,P0507,CAT02,20,9,8.23,6.397,15.525,9.38,Low,,backtest,demand_forecast_run_20261005T130920538
2025-08-31,S05,P0563,CAT13,16,5,9.74,2.32,6.374,20.69,Low,,backtest,demand_forecast_run_20261005T130920538
2025-08-31,S05,P0579,CAT12,7,3,98.59,1.106,2.797,18.98,Low,,backtest,demand_forecast_run_20261005T130920538
2025-08-31,S05,P0589,CAT03,7,4,16.32,2.441,5.127,8.6,Low,,backtest,demand_forecast_run_20261005T130920538
2025-08-31,S06,P0003,CAT03,3,6,2.62,3.185,5.066,2.83,High,DEMAND_EXCEEDS_STOCK|BELOW_REORDER|LOW_DAYS_COVER,backtest,demand_forecast_run_20261005T130920538
2025-08-31,S06,P0022,CAT05,11,6,17.11,1.946,3.623,16.95,Low,,backtest,demand_forecast_run_20261005T130920538
2025-08-31,S06,P0032,CAT11,42,18,7.64,14.223,21.858,8.86,Low,,backtest,demand_forecast_run_20261005T130920538
2025-08-31,S06,P0053,CAT06,10,4,8.75,2.507,5.655,11.97,Low,,backtest,demand_forecast_run_20261005T130920538
2025-08-31,S06,P0073,CAT13,6,4,4.67,2.381,4.412,7.56,Low,,backtest,demand_forecast_run_20261005T130920538
2025-08-31,S06,P0170,CAT17,7,4,16.32,1.234,2.479,17.02,Low,,backtest,demand_forecast_run_20261005T130920538
2025-08-31,S06,P0206,CAT15,15,7,5,4.184,8.218,10.76,Low,,backtest,demand_forecast_run_20261005T130920538
2025-08-31,S06,P0213,CAT07,13,6,10.11,5.139,9.379,7.59,Low,,backtest,demand_forecast_run_20261005T130920538
2025-08-31,S06,P0252,CAT18,1,8,0.54,5.703,11.86,0.53,High,DEMAND_EXCEEDS_STOCK|BELOW_REORDER|LOW_DAYS_COVER,backtest,demand_forecast_run_20261005T130920538
2025-08-31,S06,P0272,CAT13,10,4,15.55,1.76,3.261,17.05,Low,,backtest,demand_forecast_run_20261005T130920538
2025-08-31,S06,P0288,CAT14,9,4,14,2.246,4.059,12.02,Low,,backtest,demand_forecast_run_20261005T130920538
2025-08-31,S06,P0316,CAT15,6,4,6.46,1.957,3.844,9.2,Low,,backtest,demand_forecast_run_20261005T130920538
2025-08-31,S06,P0369,CAT09,24,10,8.4,6.811,13.249,10.57,Low,,backtest,demand_forecast_run_20261005T130920538
2025-08-31,S06,P0381,CAT13,8,4,12.44,1.656,3.069,14.49,Low,,backtest,demand_forecast_run_20261005T130920538
2025-08-31,S06,P0391,CAT06,19,7,9.5,4.271,9.635,13.35,Low,,backtest,demand_forecast_run_20261005T130920538
2025-08-31,S06,P0392,CAT19,7,3,16.32,2.037,3.695,10.31,Low,,backtest,demand_forecast_run_20261005T130920538
2025-08-31,S06,P0408,CAT16,8,5,16,1.93,5.001,12.43,Low,,backtest,demand_forecast_run_20261005T130920538
2025-08-31,S06,P0409,CAT12,15,5,26.27,2.241,4.574,20.08,Low,,backtest,demand_forecast_run_20261005T130920538
2025-08-31,S06,P0433,CAT20,8,3,55.94,0.955,2.284,25.14,Low,,backtest,demand_forecast_run_20261005T130920538
2025-08-31,S06,P0435,CAT14,10,9,3.26,7.422,13.412,4.04,Low,,backtest,demand_forecast_run_20261005T130920538
2025-08-31,S06,P0445,CAT02,11,4,11.84,2.826,4.308,11.68,Low,,backtest,demand_forecast_run_20261005T130920538
2025-08-31,S06,P0507,CAT02,33,17,7.7,18.708,28.516,5.29,Low,,backtest,demand_forecast_run_20261005T130920538
2025-08-31,S06,P0563,CAT13,16,6,12.44,3.52,6.522,13.64,Low,,backtest,demand_forecast_run_20261005T130920538
2025-08-31,S06,P0579,CAT12,12,4,15.27,4.202,8.577,8.57,Low,,backtest,demand_forecast_run_20261005T130920538
2025-08-31,S06,P0589,CAT03,6,6,6,3.39,5.393,5.31,Medium,BELOW_REORDER,backtest,demand_forecast_run_20261005T130920538
2025-08-31,S07,P0003,CAT03,14,5,11.53,2.447,3.953,17.16,Low,,backtest,demand_forecast_run_20261005T130920538
2025-08-31,S07,P0022,CAT05,4,4,3.73,2.782,5.827,4.31,Medium,BELOW_REORDER,backtest,demand_forecast_run_20261005T130920538
2025-08-31,S07,P0032,CAT11,37,12,9.42,9.1,16.834,12.2,Low,,backtest,demand_forecast_run_20261005T130920538
2025-08-31,S07,P0053,CAT06,4,3,8,1.162,2.992,10.33,Low,,backtest,demand_forecast_run_20261005T130920538
2025-08-31,S07,P0073,CAT13,4,3,18.69,0.405,0.961,29.62,Low,,backtest,demand_forecast_run_20261005T130920538
2025-08-31,S07,P0170,CAT17,8,3,14.01,0.97,2.865,24.75,Low,,backtest,demand_forecast_run_20261005T130920538
2025-08-31,S07,P0206,CAT15,5,5,4.12,1.93,5.122,7.77,Medium,BELOW_REORDER,backtest,demand_forecast_run_20261005T130920538
2025-08-31,S07,P0213,CAT07,2,4,2.54,2.466,4.883,2.43,High,DEMAND_EXCEEDS_STOCK|BELOW_REORDER|LOW_DAYS_COVER,backtest,demand_forecast_run_20261005T130920538
2025-08-31,S07,P0252,CAT18,0,5,0,3.25,9.426,0,High,ZERO_STOCK|DEMAND_EXCEEDS_STOCK|BELOW_REORDER|LOW_DAYS_COVER,backtest,demand_forecast_run_20261005T130920538
2025-08-31,S07,P0272,CAT13,10,3,46.73,0.81,1.921,37.03,Low,,backtest,demand_forecast_run_20261005T130920538
2025-08-31,S07,P0288,CAT14,6,3,6,1.746,3.511,10.31,Low,,backtest,demand_forecast_run_20261005T130920538
2025-08-31,S07,P0316,CAT15,11,3,76.92,0.422,1.12,78.16,Low,,backtest,demand_forecast_run_20261005T130920538
2025-08-31,S07,P0369,CAT09,12,7,7.64,3.26,8.727,11.04,Low,,backtest,demand_forecast_run_20261005T130920538
2025-08-31,S07,P0381,CAT13,6,3,20.98,0.709,1.681,25.39,Low,,backtest,demand_forecast_run_20261005T130920538
2025-08-31,S07,P0391,CAT06,6,5,3.82,4.067,10.471,4.43,Low,,backtest,demand_forecast_run_20261005T130920538
2025-08-31,S07,P0392,CAT19,1,3,1.4,2.528,6.467,1.19,High,DEMAND_EXCEEDS_STOCK|BELOW_REORDER|LOW_DAYS_COVER,backtest,demand_forecast_run_20261005T130920538
2025-08-31,S07,P0408,CAT16,3,3,4.67,1.386,5.006,6.49,Medium,BELOW_REORDER,backtest,demand_forecast_run_20261005T130920538
2025-08-31,S07,P0409,CAT12,9,4,12.61,2.866,7.22,9.42,Low,,backtest,demand_forecast_run_20261005T130920538
2025-08-31,S07,P0433,CAT20,4,2,27.97,0.296,0.942,40.54,Low,,backtest,demand_forecast_run_20261005T130920538
2025-08-31,S07,P0435,CAT14,12,7,8.4,4.19,8.427,8.59,Low,,backtest,demand_forecast_run_20261005T130920538
2025-08-31,S07,P0445,CAT02,3,3,10.49,0.837,1.643,10.75,Medium,BELOW_REORDER,backtest,demand_forecast_run_20261005T130920538
2025-08-31,S07,P0507,CAT02,28,11,12.25,6.487,12.733,12.95,Low,,backtest,demand_forecast_run_20261005T130920538
2025-08-31,S07,P0563,CAT13,3,5,3.23,2.025,4.804,4.44,Medium,BELOW_REORDER,backtest,demand_forecast_run_20261005T130920538
2025-08-31,S07,P0579,CAT12,3,3,8.4,1.075,2.707,8.37,Medium,BELOW_REORDER,backtest,demand_forecast_run_20261005T130920538
2025-08-31,S07,P0589,CAT03,6,4,6,2.084,3.368,8.64,Low,,backtest,demand_forecast_run_20261005T130920538
2025-08-31,S08,P0003,CAT03,19,7,12.67,3.824,7.198,14.91,Low,,backtest,demand_forecast_run_20261005T130920538
2025-08-31,S08,P0022,CAT05,9,6,5.25,4.127,6.948,6.54,Low,,backtest,demand_forecast_run_20261005T130920538
2025-08-31,S08,P0032,CAT11,15,18,3.13,13.619,25.085,3.3,Medium,BELOW_REORDER,backtest,demand_forecast_run_20261005T130920538
2025-08-31,S08,P0053,CAT06,6,3,9.33,1.453,3.143,12.39,Low,,backtest,demand_forecast_run_20261005T130920538
2025-08-31,S08,P0073,CAT13,4,3,11.2,1.02,2.254,11.77,Low,,backtest,demand_forecast_run_20261005T130920538
2025-08-31,S08,P0170,CAT17,3,4,4.67,1.885,3.448,4.77,Medium,BELOW_REORDER,backtest,demand_forecast_run_20261005T130920538
2025-08-31,S08,P0206,CAT15,10,7,5.83,4.707,9.863,6.37,Low,,backtest,demand_forecast_run_20261005T130920538
2025-08-31,S08,P0213,CAT07,20,6,23.34,2.049,4.302,29.28,Low,,backtest,demand_forecast_run_20261005T130920538
2025-08-31,S08,P0252,CAT18,3,9,0.93,6.557,14.169,1.37,High,DEMAND_EXCEEDS_STOCK|BELOW_REORDER|LOW_DAYS_COVER,backtest,demand_forecast_run_20261005T130920538
2025-08-31,S08,P0272,CAT13,9,4,11.45,1.412,3.121,19.12,Low,,backtest,demand_forecast_run_20261005T130920538
2025-08-31,S08,P0288,CAT14,8,4,7.47,2.659,4.639,9.03,Low,,backtest,demand_forecast_run_20261005T130920538
2025-08-31,S08,P0316,CAT15,10,4,28.01,0.73,1.53,41.07,Low,,backtest,demand_forecast_run_20261005T130920538
2025-08-31,S08,P0369,CAT09,32,10,14.45,6.184,14.27,15.52,Low,,backtest,demand_forecast_run_20261005T130920538
2025-08-31,S08,P0381,CAT13,10,4,14.01,1.961,4.334,15.3,Low,,backtest,demand_forecast_run_20261005T130920538
2025-08-31,S08,P0391,CAT06,14,6,7,4.7,10.169,8.94,Low,,backtest,demand_forecast_run_20261005T130920538
2025-08-31,S08,P0392,CAT19,2,4,2,2.343,4.487,2.56,High,DEMAND_EXCEEDS_STOCK|BELOW_REORDER|LOW_DAYS_COVER,backtest,demand_forecast_run_20261005T130920538
2025-08-31,S08,P0408,CAT16,7,4,12.26,1.525,3.955,13.77,Low,,backtest,demand_forecast_run_20261005T130920538
2025-08-31,S08,P0409,CAT12,12,5,12.92,3.723,7.168,9.67,Low,,backtest,demand_forecast_run_20261005T130920538
2025-08-31,S08,P0433,CAT20,3,2,10.49,1.115,2.656,8.07,Low,,backtest,demand_forecast_run_20261005T130920538
2025-08-31,S08,P0435,CAT14,14,9,5.03,7.534,13.144,5.58,Low,,backtest,demand_forecast_run_20261005T130920538
2025-08-31,S08,P0445,CAT02,4,4,4.67,2.235,4.122,5.37,Medium,BELOW_REORDER,backtest,demand_forecast_run_20261005T130920538
2025-08-31,S08,P0507,CAT02,31,18,8.86,13.024,24.012,7.14,Low,,backtest,demand_forecast_run_20261005T130920538
2025-08-31,S08,P0563,CAT13,8,8,4.15,3.608,7.976,6.65,Medium,BELOW_REORDER,backtest,demand_forecast_run_20261005T130920538
2025-08-31,S08,P0579,CAT12,9,3,14,2.59,4.987,10.43,Low,,backtest,demand_forecast_run_20261005T130920538
2025-08-31,S08,P0589,CAT03,0,5,0,3.01,5.666,0,High,ZERO_STOCK|DEMAND_EXCEEDS_STOCK|BELOW_REORDER|LOW_DAYS_COVER,backtest,demand_forecast_run_20261005T130920538
2025-08-31,S09,P0003,CAT03,13,5,13.99,2.141,4.659,18.21,Low,,backtest,demand_forecast_run_20261005T130920538
2025-08-31,S09,P0022,CAT05,18,6,16.81,3.562,7.028,15.16,Low,,backtest,demand_forecast_run_20261005T130920538
2025-08-31,S09,P0032,CAT11,0,17,0,7.807,19.388,0,High,ZERO_STOCK|DEMAND_EXCEEDS_STOCK|BELOW_REORDER|LOW_DAYS_COVER,backtest,demand_forecast_run_20261005T130920538
2025-08-31,S09,P0053,CAT06,10,3,8.24,2.059,4.432,14.57,Low,,backtest,demand_forecast_run_20261005T130920538
2025-08-31,S09,P0073,CAT13,3,3,6.99,1.171,2.998,7.68,Medium,BELOW_REORDER,backtest,demand_forecast_run_20261005T130920538
2025-08-31,S09,P0170,CAT17,8,4,12.44,1.12,2.807,21.44,Low,,backtest,demand_forecast_run_20261005T130920538
2025-08-31,S09,P0206,CAT15,10,6,5.83,2.716,7.527,11.05,Low,,backtest,demand_forecast_run_20261005T130920538
2025-08-31,S09,P0213,CAT07,4,5,2.33,4.075,8.091,2.95,High,DEMAND_EXCEEDS_STOCK|BELOW_REORDER|LOW_DAYS_COVER,backtest,demand_forecast_run_20261005T130920538
2025-08-31,S09,P0252,CAT18,11,7,6.7,3.551,8.748,9.29,Low,,backtest,demand_forecast_run_20261005T130920538
2025-08-31,S09,P0272,CAT13,8,3,22.41,0.546,1.399,43.92,Low,,backtest,demand_forecast_run_20261005T130920538
2025-08-31,S09,P0288,CAT14,8,4,10.18,1.349,3.329,17.79,Low,,backtest,demand_forecast_run_20261005T130920538
2025-08-31,S09,P0316,CAT15,11,4,25.64,0.959,2.657,34.42,Low,,backtest,demand_forecast_run_20261005T130920538
2025-08-31,S09,P0369,CAT09,12,8,5.09,4.196,10.953,8.58,Low,,backtest,demand_forecast_run_20261005T130920538
2025-08-31,S09,P0381,CAT13,7,3,14,0.781,1.998,26.9,Low,,backtest,demand_forecast_run_20261005T130920538
2025-08-31,S09,P0391,CAT06,3,7,1.75,5.148,11.081,1.75,High,DEMAND_EXCEEDS_STOCK|BELOW_REORDER|LOW_DAYS_COVER,backtest,demand_forecast_run_20261005T130920538
2025-08-31,S09,P0392,CAT19,11,3,154.93,0.474,0.911,69.69,Low,,backtest,demand_forecast_run_20261005T130920538
2025-08-31,S09,P0408,CAT16,5,4,5.83,2.464,6.21,6.09,Low,,backtest,demand_forecast_run_20261005T130920538
2025-08-31,S09,P0409,CAT12,11,5,11.84,2.112,4.222,15.62,Low,,backtest,demand_forecast_run_20261005T130920538
2025-08-31,S09,P0433,CAT20,7,2,,0.655,1.574,32.06,Low,,backtest,demand_forecast_run_20261005T130920538
2025-08-31,S09,P0435,CAT14,17,9,5.54,5.476,13.513,9.31,Low,,backtest,demand_forecast_run_20261005T130920538
2025-08-31,S09,P0445,CAT02,10,4,10.76,2.063,4.416,14.54,Low,,backtest,demand_forecast_run_20261005T130920538
2025-08-31,S09,P0507,CAT02,40,16,8.36,10.97,23.488,10.94,Low,,backtest,demand_forecast_run_20261005T130920538
2025-08-31,S09,P0563,CAT13,12,6,9.33,2.967,7.594,12.13,Low,,backtest,demand_forecast_run_20261005T130920538
2025-08-31,S09,P0579,CAT12,5,3,7,2.347,4.692,6.39,Low,,backtest,demand_forecast_run_20261005T130920538
2025-08-31,S09,P0589,CAT03,0,5,0,3.172,6.902,0,High,ZERO_STOCK|DEMAND_EXCEEDS_STOCK|BELOW_REORDER|LOW_DAYS_COVER,backtest,demand_forecast_run_20261005T130920538
2025-08-31,S10,P0003,CAT03,6,5,7.63,3.548,5.553,5.07,Low,,backtest,demand_forecast_run_20261005T130920538
2025-08-31,S10,P0022,CAT05,6,5,6.46,3.096,4.895,5.81,Low,,backtest,demand_forecast_run_20261005T130920538
2025-08-31,S10,P0032,CAT11,34,14,7.56,11.757,19.79,8.68,Low,,backtest,demand_forecast_run_20261005T130920538
2025-08-31,S10,P0053,CAT06,3,3,14.02,0.585,1.16,15.39,Medium,BELOW_REORDER,backtest,demand_forecast_run_20261005T130920538
2025-08-31,S10,P0073,CAT13,3,3,8.4,0.904,1.748,9.96,Medium,BELOW_REORDER,backtest,demand_forecast_run_20261005T130920538
2025-08-31,S10,P0170,CAT17,6,3,12,1.331,3.207,13.52,Low,,backtest,demand_forecast_run_20261005T130920538
2025-08-31,S10,P0206,CAT15,3,5,3.82,2.495,5.719,3.61,Medium,BELOW_REORDER,backtest,demand_forecast_run_20261005T130920538
2025-08-31,S10,P0213,CAT07,6,4,6.46,4.665,7.853,3.86,Low,,backtest,demand_forecast_run_20261005T130920538
2025-08-31,S10,P0252,CAT18,4,7,2.67,3.594,8.529,3.34,Medium,BELOW_REORDER|LOW_DAYS_COVER,backtest,demand_forecast_run_20261005T130920538
2025-08-31,S10,P0272,CAT13,9,3,31.47,0.803,1.554,33.62,Low,,backtest,demand_forecast_run_20261005T130920538
2025-08-31,S10,P0288,CAT14,10,4,10,2.38,4.191,12.61,Low,,backtest,demand_forecast_run_20261005T130920538
2025-08-31,S10,P0316,CAT15,12,4,56.07,0.868,1.989,41.48,Low,,backtest,demand_forecast_run_20261005T130920538
2025-08-31,S10,P0369,CAT09,19,7,9.5,4.074,9.366,13.99,Low,,backtest,demand_forecast_run_20261005T130920538
2025-08-31,S10,P0381,CAT13,2,3,6.99,1.004,1.942,5.98,Medium,BELOW_REORDER,backtest,demand_forecast_run_20261005T130920538
2025-08-31,S10,P0391,CAT06,13,5,5.87,4.427,8.783,8.81,Low,,backtest,demand_forecast_run_20261005T130920538
2025-08-31,S10,P0392,CAT19,7,3,14,1.133,2.276,18.53,Low,,backtest,demand_forecast_run_20261005T130920538
2025-08-31,S10,P0408,CAT16,3,4,3.82,1.197,3.076,7.52,Medium,BELOW_REORDER,backtest,demand_forecast_run_20261005T130920538
2025-08-31,S10,P0409,CAT12,10,5,12.72,4.366,9.698,6.87,Low,,backtest,demand_forecast_run_20261005T130920538
2025-08-31,S10,P0433,CAT20,8,2,27.97,0.549,1.378,43.72,Low,,backtest,demand_forecast_run_20261005T130920538
2025-08-31,S10,P0435,CAT14,10,7,4,6.12,10.777,4.9,Low,,backtest,demand_forecast_run_20261005T130920538
2025-08-31,S10,P0445,CAT02,4,3,13.99,0.931,1.467,12.89,Low,,backtest,demand_forecast_run_20261005T130920538
2025-08-31,S10,P0507,CAT02,8,13,2.15,13.496,21.273,1.78,High,DEMAND_EXCEEDS_STOCK|BELOW_REORDER|LOW_DAYS_COVER,backtest,demand_forecast_run_20261005T130920538
2025-08-31,S10,P0563,CAT13,4,6,2.24,4.518,8.74,2.66,High,DEMAND_EXCEEDS_STOCK|BELOW_REORDER|LOW_DAYS_COVER,backtest,demand_forecast_run_20261005T130920538
2025-08-31,S10,P0579,CAT12,10,3,20,2.088,4.638,14.37,Low,,backtest,demand_forecast_run_20261005T130920538
2025-08-31,S10,P0589,CAT03,5,4,5.38,3.426,5.361,4.38,Low,,backtest,demand_forecast_run_20261005T130920538
2025-08-31,S11,P0003,CAT03,8,6,6.22,5.374,7.712,4.47,Low,,backtest,demand_forecast_run_20261005T130920538
2025-08-31,S11,P0022,CAT05,5,6,2.69,3.685,7.083,4.07,Medium,BELOW_REORDER|LOW_DAYS_COVER,backtest,demand_forecast_run_20261005T130920538
2025-08-31,S11,P0032,CAT11,24,20,3.95,15.571,23.934,4.62,Low,,backtest,demand_forecast_run_20261005T130920538
2025-08-31,S11,P0053,CAT06,8,4,16,1.639,2.781,14.64,Low,,backtest,demand_forecast_run_20261005T130920538
2025-08-31,S11,P0073,CAT13,3,3,3.82,1.031,2.042,8.73,Medium,BELOW_REORDER,backtest,demand_forecast_run_20261005T130920538
2025-08-31,S11,P0170,CAT17,10,4,12.72,1.89,3.891,15.87,Low,,backtest,demand_forecast_run_20261005T130920538
2025-08-31,S11,P0206,CAT15,20,7,14,2.982,4.896,20.12,Low,,backtest,demand_forecast_run_20261005T130920538
2025-08-31,S11,P0213,CAT07,12,6,7.3,4.488,7.304,8.02,Low,,backtest,demand_forecast_run_20261005T130920538
2025-08-31,S11,P0252,CAT18,23,9,12.39,7.186,13.946,9.6,Low,,backtest,demand_forecast_run_20261005T130920538
2025-08-31,S11,P0272,CAT13,10,4,12.72,2.222,4.398,13.5,Low,,backtest,demand_forecast_run_20261005T130920538
2025-08-31,S11,P0288,CAT14,4,5,3.11,2.737,4.924,4.38,Medium,BELOW_REORDER,backtest,demand_forecast_run_20261005T130920538
2025-08-31,S11,P0316,CAT15,10,4,8.75,1.964,3.224,15.28,Low,,backtest,demand_forecast_run_20261005T130920538
2025-08-31,S11,P0369,CAT09,20,9,7.37,6.239,11.994,9.62,Low,,backtest,demand_forecast_run_20261005T130920538
2025-08-31,S11,P0381,CAT13,6,4,4.94,1.984,3.927,9.07,Low,,backtest,demand_forecast_run_20261005T130920538
2025-08-31,S11,P0391,CAT06,1,7,0.93,7.002,11.882,0.43,High,DEMAND_EXCEEDS_STOCK|BELOW_REORDER|LOW_DAYS_COVER,backtest,demand_forecast_run_20261005T130920538
2025-08-31,S11,P0392,CAT19,5,3,23.36,1.471,2.448,10.2,Low,,backtest,demand_forecast_run_20261005T130920538
2025-08-31,S11,P0408,CAT16,9,5,10.5,2.353,5.3,11.47,Low,,backtest,demand_forecast_run_20261005T130920538
2025-08-31,S11,P0409,CAT12,12,5,10.5,3.489,6.209,10.32,Low,,backtest,demand_forecast_run_20261005T130920538
2025-08-31,S11,P0433,CAT20,9,3,126.76,0.241,0.517,111.85,Low,,backtest,demand_forecast_run_20261005T130920538
2025-08-31,S11,P0435,CAT14,14,9,3.44,6.757,12.156,6.22,Low,,backtest,demand_forecast_run_20261005T130920538
2025-08-31,S11,P0445,CAT02,12,5,8.4,4.569,6.909,7.88,Low,,backtest,demand_forecast_run_20261005T130920538
2025-08-31,S11,P0507,CAT02,55,18,12.22,17.287,26.142,9.54,Low,,backtest,demand_forecast_run_20261005T130920538
2025-08-31,S11,P0563,CAT13,19,7,7.19,4.126,8.167,13.81,Low,,backtest,demand_forecast_run_20261005T130920538
2025-08-31,S11,P0579,CAT12,11,3,17.11,1.938,3.449,17.03,Low,,backtest,demand_forecast_run_20261005T130920538
2025-08-31,S11,P0589,CAT03,14,5,21.77,2.756,3.955,15.24,Low,,backtest,demand_forecast_run_20261005T130920538
2025-08-31,S12,P0003,CAT03,14,6,19.61,3.335,6.404,12.59,Low,,backtest,demand_forecast_run_20261005T130920538
2025-08-31,S12,P0022,CAT05,12,5,7.64,3.148,5.171,11.43,Low,,backtest,demand_forecast_run_20261005T130920538
2025-08-31,S12,P0032,CAT11,34,15,9.52,10.793,19.393,9.45,Low,,backtest,demand_forecast_run_20261005T130920538
2025-08-31,S12,P0053,CAT06,0,3,0,1.676,3.837,0,High,ZERO_STOCK|DEMAND_EXCEEDS_STOCK|BELOW_REORDER|LOW_DAYS_COVER,backtest,demand_forecast_run_20261005T130920538
2025-08-31,S12,P0073,CAT13,4,3,9.32,0.526,1.081,22.82,Low,,backtest,demand_forecast_run_20261005T130920538
2025-08-31,S12,P0170,CAT17,10,3,12.72,1.208,3.336,24.83,Low,,backtest,demand_forecast_run_20261005T130920538
2025-08-31,S12,P0206,CAT15,19,6,29.55,1.597,3.913,35.7,Low,,backtest,demand_forecast_run_20261005T130920538
2025-08-31,S12,P0213,CAT07,14,5,16.34,3.376,6.257,12.44,Low,,backtest,demand_forecast_run_20261005T130920538
2025-08-31,S12,P0252,CAT18,28,7,14.52,3.742,10.035,22.45,Low,,backtest,demand_forecast_run_20261005T130920538
2025-08-31,S12,P0272,CAT13,5,3,10,1.139,2.343,13.16,Low,,backtest,demand_forecast_run_20261005T130920538
2025-08-31,S12,P0288,CAT14,10,4,69.93,1.331,2.698,22.54,Low,,backtest,demand_forecast_run_20261005T130920538
2025-08-31,S12,P0316,CAT15,2,3,1.87,1.301,3.189,4.61,Medium,BELOW_REORDER|LOW_DAYS_COVER,backtest,demand_forecast_run_20261005T130920538
2025-08-31,S12,P0369,CAT09,17,8,9.92,4.836,11.369,10.55,Low,,backtest,demand_forecast_run_20261005T130920538
2025-08-31,S12,P0381,CAT13,5,3,8.76,1.052,2.162,14.26,Low,,backtest,demand_forecast_run_20261005T130920538
2025-08-31,S12,P0391,CAT06,8,5,6.59,2.993,6.852,8.02,Low,,backtest,demand_forecast_run_20261005T130920538
2025-08-31,S12,P0392,CAT19,8,3,16,1.245,2.877,19.28,Low,,backtest,demand_forecast_run_20261005T130920538
2025-08-31,S12,P0408,CAT16,4,4,8,1.263,3.411,9.5,Medium,BELOW_REORDER,backtest,demand_forecast_run_20261005T130920538
2025-08-31,S12,P0409,CAT12,11,4,15.41,2.704,6.447,12.2,Low,,backtest,demand_forecast_run_20261005T130920538
2025-08-31,S12,P0433,CAT20,3,2,20.98,0.402,1.128,22.36,Low,,backtest,demand_forecast_run_20261005T130920538
2025-08-31,S12,P0435,CAT14,3,6,2.1,5.767,11.692,1.56,High,DEMAND_EXCEEDS_STOCK|BELOW_REORDER|LOW_DAYS_COVER,backtest,demand_forecast_run_20261005T130920538
2025-08-31,S12,P0445,CAT02,6,3,12,1.437,2.458,12.53,Low,,backtest,demand_forecast_run_20261005T130920538
2025-08-31,S12,P0507,CAT02,43,14,18.81,11.627,19.884,11.09,Low,,backtest,demand_forecast_run_20261005T130920538
2025-08-31,S12,P0563,CAT13,9,6,15.76,2.191,4.505,12.32,Low,,backtest,demand_forecast_run_20261005T130920538
2025-08-31,S12,P0579,CAT12,9,3,18,1.352,3.223,19.97,Low,,backtest,demand_forecast_run_20261005T130920538
2025-08-31,S12,P0589,CAT03,3,4,4.67,2.474,4.751,3.64,Medium,BELOW_REORDER,backtest,demand_forecast_run_20261005T130920538
2025-09-01,S01,P0003,CAT03,6,6,5.6,3.24,5.446,5.56,Medium,BELOW_REORDER,backtest,demand_forecast_run_20261005T130920538
2025-09-01,S01,P0022,CAT05,7,5,5.44,2.731,4.898,7.69,Low,,backtest,demand_forecast_run_20261005T130920538
2025-09-01,S01,P0032,CAT11,26,14,5.87,10.749,19.954,7.26,Low,,backtest,demand_forecast_run_20261005T130920538
2025-09-01,S01,P0053,CAT06,3,3,6,1.862,3.505,4.83,Medium,BELOW_REORDER,backtest,demand_forecast_run_20261005T130920538
2025-09-01,S01,P0073,CAT13,7,3,12.26,1.218,2.58,17.25,Low,,backtest,demand_forecast_run_20261005T130920538
2025-09-01,S01,P0170,CAT17,10,4,20,1.394,3.334,21.52,Low,,backtest,demand_forecast_run_20261005T130920538
2025-09-01,S01,P0206,CAT15,7,6,6.54,2.869,6.009,7.32,Low,,backtest,demand_forecast_run_20261005T130920538
2025-09-01,S01,P0213,CAT07,5,5,4.37,2.376,4.514,6.31,Medium,BELOW_REORDER,backtest,demand_forecast_run_20261005T130920538
2025-09-01,S01,P0252,CAT18,4,7,1.7,4.852,12.842,2.47,High,DEMAND_EXCEEDS_STOCK|BELOW_REORDER|LOW_DAYS_COVER,backtest,demand_forecast_run_20261005T130920538
2025-09-01,S01,P0272,CAT13,8,3,14.01,1.37,2.902,17.52,Low,,backtest,demand_forecast_run_20261005T130920538
2025-09-01,S01,P0288,CAT14,11,4,38.46,2.494,5.331,13.23,Low,,backtest,demand_forecast_run_20261005T130920538
2025-09-01,S01,P0316,CAT15,6,3,13.99,0.698,1.462,25.79,Low,,backtest,demand_forecast_run_20261005T130920538
2025-09-01,S01,P0369,CAT09,27,8,19.9,5.737,11.818,14.12,Low,,backtest,demand_forecast_run_20261005T130920538
2025-09-01,S01,P0381,CAT13,7,3,12.26,1.065,2.257,19.71,Low,,backtest,demand_forecast_run_20261005T130920538
2025-09-01,S01,P0391,CAT06,2,5,1.47,5.754,10.833,1.04,High,DEMAND_EXCEEDS_STOCK|BELOW_REORDER|LOW_DAYS_COVER,backtest,demand_forecast_run_20261005T130920538
2025-09-01,S01,P0392,CAT19,7,3,19.61,2.737,5.402,7.67,Low,,backtest,demand_forecast_run_20261005T130920538
2025-09-01,S01,P0408,CAT16,3,4,4.67,1.55,4.443,5.81,Medium,BELOW_REORDER,backtest,demand_forecast_run_20261005T130920538
2025-09-01,S01,P0409,CAT12,5,4,14.01,2.784,5.388,5.39,Low,,backtest,demand_forecast_run_20261005T130920538
2025-09-01,S01,P0433,CAT20,6,3,16.81,0.776,1.813,23.19,Low,,backtest,demand_forecast_run_20261005T130920538
2025-09-01,S01,P0435,CAT14,11,7,6.7,4.988,10.662,6.62,Low,,backtest,demand_forecast_run_20261005T130920538
2025-09-01,S01,P0445,CAT02,0,4,0,3.288,5.7,0,High,ZERO_STOCK|DEMAND_EXCEEDS_STOCK|BELOW_REORDER|LOW_DAYS_COVER,backtest,demand_forecast_run_20261005T130920538
2025-09-01,S01,P0507,CAT02,10,14,2.69,10.874,18.854,2.76,High,DEMAND_EXCEEDS_STOCK|BELOW_REORDER|LOW_DAYS_COVER,backtest,demand_forecast_run_20261005T130920538
2025-09-01,S01,P0563,CAT13,11,6,11.84,2.131,4.514,15.49,Low,,backtest,demand_forecast_run_20261005T130920538
2025-09-01,S01,P0579,CAT12,7,3,48.95,1.949,3.772,10.77,Low,,backtest,demand_forecast_run_20261005T130920538
2025-09-01,S01,P0589,CAT03,12,4,11.2,2.808,4.72,12.82,Low,,backtest,demand_forecast_run_20261005T130920538
2025-09-01,S02,P0003,CAT03,16,6,7.47,3.773,7.245,12.72,Low,,backtest,demand_forecast_run_20261005T130920538
2025-09-01,S02,P0022,CAT05,13,6,9.58,2.745,4.747,14.21,Low,,backtest,demand_forecast_run_20261005T130920538
2025-09-01,S02,P0032,CAT11,25,17,5.64,9.534,18.096,7.87,Low,,backtest,demand_forecast_run_20261005T130920538
2025-09-01,S02,P0053,CAT06,4,3,27.97,1.231,2.392,9.75,Low,,backtest,demand_forecast_run_20261005T130920538
2025-09-01,S02,P0073,CAT13,9,3,25.21,0.821,1.608,32.9,Low,,backtest,demand_forecast_run_20261005T130920538
2025-09-01,S02,P0170,CAT17,3,3,4.2,1.207,3.13,7.45,Medium,BELOW_REORDER,backtest,demand_forecast_run_20261005T130920538
2025-09-01,S02,P0206,CAT15,10,6,15.55,3.002,5.878,9.99,Low,,backtest,demand_forecast_run_20261005T130920538
2025-09-01,S02,P0213,CAT07,10,5,9.34,3.309,7.047,9.07,Low,,backtest,demand_forecast_run_20261005T130920538
2025-09-01,S02,P0252,CAT18,10,7,6.09,3.984,10.713,7.53,Low,,backtest,demand_forecast_run_20261005T130920538
2025-09-01,S02,P0272,CAT13,14,3,65.42,0.821,1.608,51.18,Low,,backtest,demand_forecast_run_20261005T130920538
2025-09-01,S02,P0288,CAT14,4,4,5.09,2.346,4.538,5.12,Medium,BELOW_REORDER,backtest,demand_forecast_run_20261005T130920538
2025-09-01,S02,P0316,CAT15,4,3,18.69,0.943,1.847,12.72,Low,,backtest,demand_forecast_run_20261005T130920538
2025-09-01,S02,P0369,CAT09,17,8,9.52,4.443,10.571,11.48,Low,,backtest,demand_forecast_run_20261005T130920538
2025-09-01,S02,P0381,CAT13,3,3,4.67,1.185,2.323,7.59,Medium,BELOW_REORDER,backtest,demand_forecast_run_20261005T130920538
2025-09-01,S02,P0391,CAT06,15,7,8.4,5.171,10.048,8.7,Low,,backtest,demand_forecast_run_20261005T130920538
2025-09-01,S02,P0392,CAT19,5,3,10,1.078,2.282,13.91,Low,,backtest,demand_forecast_run_20261005T130920538
2025-09-01,S02,P0408,CAT16,4,4,4.31,2.986,7.648,4.02,Medium,BELOW_REORDER,backtest,demand_forecast_run_20261005T130920538
2025-09-01,S02,P0409,CAT12,13,5,9.58,4.23,9.774,9.22,Low,,backtest,demand_forecast_run_20261005T130920538
2025-09-01,S02,P0433,CAT20,8,3,27.97,0.431,1.106,55.7,Low,,backtest,demand_forecast_run_20261005T130920538
2025-09-01,S02,P0435,CAT14,10,8,3.41,6.391,12.361,4.69,Low,,backtest,demand_forecast_run_20261005T130920538
2025-09-01,S02,P0445,CAT02,12,4,56.07,1.235,2.192,29.16,Low,,backtest,demand_forecast_run_20261005T130920538
2025-09-01,S02,P0507,CAT02,34,15,9.52,13.089,23.234,7.79,Low,,backtest,demand_forecast_run_20261005T130920538
2025-09-01,S02,P0563,CAT13,14,6,14,3.556,6.968,11.81,Low,,backtest,demand_forecast_run_20261005T130920538
2025-09-01,S02,P0579,CAT12,8,3,22.41,1.715,3.963,14,Low,,backtest,demand_forecast_run_20261005T130920538
2025-09-01,S02,P0589,CAT03,11,4,15.41,1.677,3.22,19.68,Low,,backtest,demand_forecast_run_20261005T130920538
2025-09-01,S03,P0003,CAT03,0,6,0,3.1,5.521,0,High,ZERO_STOCK|DEMAND_EXCEEDS_STOCK|BELOW_REORDER|LOW_DAYS_COVER,backtest,demand_forecast_run_20261005T130920538
2025-09-01,S03,P0022,CAT05,9,5,8.4,1.654,3.331,16.32,Low,,backtest,demand_forecast_run_20261005T130920538
2025-09-01,S03,P0032,CAT11,12,15,3.5,11.34,21.627,3.17,Medium,BELOW_REORDER,backtest,demand_forecast_run_20261005T130920538
2025-09-01,S03,P0053,CAT06,8,4,9.33,2.899,6.132,8.28,Low,,backtest,demand_forecast_run_20261005T130920538
2025-09-01,S03,P0073,CAT13,4,3,27.97,0.321,0.755,37.36,Low,,backtest,demand_forecast_run_20261005T130920538
2025-09-01,S03,P0170,CAT17,5,4,8.76,1.583,4.458,9.48,Low,,backtest,demand_forecast_run_20261005T130920538
2025-09-01,S03,P0206,CAT15,6,6,5.25,3.209,7.472,5.61,Medium,BELOW_REORDER,backtest,demand_forecast_run_20261005T130920538
2025-09-01,S03,P0213,CAT07,8,4,14.01,2.332,5.13,10.29,Low,,backtest,demand_forecast_run_20261005T130920538
2025-09-01,S03,P0252,CAT18,15,8,6.78,4.091,9.775,11,Low,,backtest,demand_forecast_run_20261005T130920538
2025-09-01,S03,P0272,CAT13,9,3,31.47,0.964,2.265,28.01,Low,,backtest,demand_forecast_run_20261005T130920538
2025-09-01,S03,P0288,CAT14,4,3,9.32,1.572,3.338,7.63,Low,,backtest,demand_forecast_run_20261005T130920538
2025-09-01,S03,P0316,CAT15,6,4,7.63,1.364,3.175,13.2,Low,,backtest,demand_forecast_run_20261005T130920538
2025-09-01,S03,P0369,CAT09,10,8,5.18,4.632,11.137,6.48,Low,,backtest,demand_forecast_run_20261005T130920538
2025-09-01,S03,P0381,CAT13,9,3,25.21,1.071,2.517,25.21,Low,,backtest,demand_forecast_run_20261005T130920538
2025-09-01,S03,P0391,CAT06,5,6,2.69,4.939,10.448,3.04,Medium,BELOW_REORDER|LOW_DAYS_COVER,backtest,demand_forecast_run_20261005T130920538
2025-09-01,S03,P0392,CAT19,3,3,8.4,2.204,3.844,4.08,Medium,BELOW_REORDER,backtest,demand_forecast_run_20261005T130920538
2025-09-01,S03,P0408,CAT16,2,4,4.66,1.27,3.411,4.72,Medium,BELOW_REORDER,backtest,demand_forecast_run_20261005T130920538
2025-09-01,S03,P0409,CAT12,4,4,5.09,3.072,6.399,3.91,Medium,BELOW_REORDER,backtest,demand_forecast_run_20261005T130920538
2025-09-01,S03,P0433,CAT20,4,2,27.97,0.543,1.054,22.09,Low,,backtest,demand_forecast_run_20261005T130920538
2025-09-01,S03,P0435,CAT14,12,7,7,5.717,12.139,6.3,Low,,backtest,demand_forecast_run_20261005T130920538
2025-09-01,S03,P0445,CAT02,10,3,20,1.833,3.34,16.36,Low,,backtest,demand_forecast_run_20261005T130920538
2025-09-01,S03,P0507,CAT02,14,14,3.92,14.055,25.609,2.99,High,DEMAND_EXCEEDS_STOCK|BELOW_REORDER,backtest,demand_forecast_run_20261005T130920538
2025-09-01,S03,P0563,CAT13,7,6,5.77,4.069,9.563,5.16,Low,,backtest,demand_forecast_run_20261005T130920538
2025-09-01,S03,P0579,CAT12,7,3,8.91,2.102,4.378,9.99,Low,,backtest,demand_forecast_run_20261005T130920538
2025-09-01,S03,P0589,CAT03,6,5,4.94,3.1,5.521,5.81,Low,,backtest,demand_forecast_run_20261005T130920538
2025-09-01,S04,P0003,CAT03,15,5,13.12,3.418,5.841,13.16,Low,,backtest,demand_forecast_run_20261005T130920538
2025-09-01,S04,P0022,CAT05,11,5,19.26,2.093,4.126,15.77,Low,,backtest,demand_forecast_run_20261005T130920538
2025-09-01,S04,P0032,CAT11,28,12,10.59,7.829,17.042,10.73,Low,,backtest,demand_forecast_run_20261005T130920538
2025-09-01,S04,P0053,CAT06,8,3,14.01,1.691,3.407,14.19,Low,,backtest,demand_forecast_run_20261005T130920538
2025-09-01,S04,P0073,CAT13,4,2,13.99,0.824,1.828,14.56,Low,,backtest,demand_forecast_run_20261005T130920538
2025-09-01,S04,P0170,CAT17,6,3,12,1.223,3.688,14.72,Low,,backtest,demand_forecast_run_20261005T130920538
2025-09-01,S04,P0206,CAT15,9,5,7.87,2.121,5.611,12.73,Low,,backtest,demand_forecast_run_20261005T130920538
2025-09-01,S04,P0213,CAT07,7,4,19.61,1.38,2.649,15.22,Low,,backtest,demand_forecast_run_20261005T130920538
2025-09-01,S04,P0252,CAT18,19,6,20.45,2.371,6.367,24.04,Low,,backtest,demand_forecast_run_20261005T130920538
2025-09-01,S04,P0272,CAT13,6,3,13.99,1.236,2.742,14.56,Low,,backtest,demand_forecast_run_20261005T130920538
2025-09-01,S04,P0288,CAT14,5,4,7,1.393,3.036,10.77,Low,,backtest,demand_forecast_run_20261005T130920538
2025-09-01,S04,P0316,CAT15,5,3,17.48,0.514,1.36,29.17,Low,,backtest,demand_forecast_run_20261005T130920538
2025-09-01,S04,P0369,CAT09,18,6,12,3.36,8.519,16.07,Low,,backtest,demand_forecast_run_20261005T130920538
2025-09-01,S04,P0381,CAT13,5,3,23.36,1.236,2.742,12.13,Low,,backtest,demand_forecast_run_20261005T130920538
2025-09-01,S04,P0391,CAT06,10,5,8.24,3.593,7.241,8.35,Low,,backtest,demand_forecast_run_20261005T130920538
2025-09-01,S04,P0392,CAT19,8,3,112.68,0.619,1.422,38.78,Low,,backtest,demand_forecast_run_20261005T130920538
2025-09-01,S04,P0408,CAT16,8,3,14.01,1.068,3.749,22.46,Low,,backtest,demand_forecast_run_20261005T130920538
2025-09-01,S04,P0409,CAT12,9,4,31.47,2.094,4.662,12.89,Low,,backtest,demand_forecast_run_20261005T130920538
2025-09-01,S04,P0433,CAT20,5,2,,0.604,1.644,24.82,Low,,backtest,demand_forecast_run_20261005T130920538
2025-09-01,S04,P0435,CAT14,14,6,8.17,4.459,9.715,9.42,Low,,backtest,demand_forecast_run_20261005T130920538
2025-09-01,S04,P0445,CAT02,9,3,62.94,0.603,1.183,44.75,Low,,backtest,demand_forecast_run_20261005T130920538
2025-09-01,S04,P0507,CAT02,23,11,8.05,10.98,21.531,6.28,Low,,backtest,demand_forecast_run_20261005T130920538
2025-09-01,S04,P0563,CAT13,7,5,14,2.061,4.569,10.19,Low,,backtest,demand_forecast_run_20261005T130920538
2025-09-01,S04,P0579,CAT12,6,3,13.99,1.256,2.797,14.33,Low,,backtest,demand_forecast_run_20261005T130920538
2025-09-01,S04,P0589,CAT03,6,4,6.46,2.35,4.016,7.66,Low,,backtest,demand_forecast_run_20261005T130920538
2025-09-01,S05,P0003,CAT03,7,4,14,2.202,4.184,9.54,Low,,backtest,demand_forecast_run_20261005T130920538
2025-09-01,S05,P0022,CAT05,12,4,11.2,2.524,5.094,14.26,Low,,backtest,demand_forecast_run_20261005T130920538
2025-09-01,S05,P0032,CAT11,31,11,11.73,8.36,16.697,11.12,Low,,backtest,demand_forecast_run_20261005T130920538
2025-09-01,S05,P0053,CAT06,6,3,28.04,0.849,1.869,21.2,Low,,backtest,demand_forecast_run_20261005T130920538
2025-09-01,S05,P0073,CAT13,5,2,11.66,0.588,1.447,25.53,Low,,backtest,demand_forecast_run_20261005T130920538
2025-09-01,S05,P0170,CAT17,9,3,18,1.017,2.798,26.54,Low,,backtest,demand_forecast_run_20261005T130920538
2025-09-01,S05,P0206,CAT15,13,4,18.21,1.584,4.714,24.62,Low,,backtest,demand_forecast_run_20261005T130920538
2025-09-01,S05,P0213,CAT07,7,4,10.89,2.217,4.577,9.47,Low,,backtest,demand_forecast_run_20261005T130920538
2025-09-01,S05,P0252,CAT18,10,5,7,3.027,8.103,9.91,Low,,backtest,demand_forecast_run_20261005T130920538
2025-09-01,S05,P0272,CAT13,9,3,14,1.427,3.514,18.92,Low,,backtest,demand_forecast_run_20261005T130920538
2025-09-01,S05,P0288,CAT14,12,3,27.97,1.268,2.574,28.4,Low,,backtest,demand_forecast_run_20261005T130920538
2025-09-01,S05,P0316,CAT15,7,3,12.26,1.309,3.894,16.05,Low,,backtest,demand_forecast_run_20261005T130920538
2025-09-01,S05,P0369,CAT09,6,6,4.42,3.827,9.499,4.7,Medium,BELOW_REORDER,backtest,demand_forecast_run_20261005T130920538
2025-09-01,S05,P0381,CAT13,7,3,32.71,0.42,1.034,50.04,Low,,backtest,demand_forecast_run_20261005T130920538
2025-09-01,S05,P0391,CAT06,4,5,3.29,4.755,10.468,2.52,High,DEMAND_EXCEEDS_STOCK|BELOW_REORDER,backtest,demand_forecast_run_20261005T130920538
2025-09-01,S05,P0392,CAT19,4,2,,0.493,1.352,24.35,Low,,backtest,demand_forecast_run_20261005T130920538
2025-09-01,S05,P0408,CAT16,8,3,27.97,1.192,3.95,20.13,Low,,backtest,demand_forecast_run_20261005T130920538
2025-09-01,S05,P0409,CAT12,5,3,10,1.853,4.328,8.09,Low,,backtest,demand_forecast_run_20261005T130920538
2025-09-01,S05,P0433,CAT20,5,2,34.97,0.482,1.554,31.13,Low,,backtest,demand_forecast_run_20261005T130920538
2025-09-01,S05,P0435,CAT14,10,6,7.37,5.598,11.369,5.36,Low,,backtest,demand_forecast_run_20261005T130920538
2025-09-01,S05,P0445,CAT02,8,3,12.44,1.788,3.739,13.42,Low,,backtest,demand_forecast_run_20261005T130920538
2025-09-01,S05,P0507,CAT02,16,9,6.79,7.948,16.618,6.04,Low,,backtest,demand_forecast_run_20261005T130920538
2025-09-01,S05,P0563,CAT13,16,5,11.2,2.602,6.409,18.45,Low,,backtest,demand_forecast_run_20261005T130920538
2025-09-01,S05,P0579,CAT12,6,3,41.96,1.324,3.092,13.6,Low,,backtest,demand_forecast_run_20261005T130920538
2025-09-01,S05,P0589,CAT03,7,4,16.32,2.719,5.168,7.72,Low,,backtest,demand_forecast_run_20261005T130920538
2025-09-01,S06,P0003,CAT03,20,6,17.5,3.285,5.064,18.26,Low,,backtest,demand_forecast_run_20261005T130920538
2025-09-01,S06,P0022,CAT05,11,6,19.26,2.036,3.709,16.21,Low,,backtest,demand_forecast_run_20261005T130920538
2025-09-01,S06,P0032,CAT11,36,18,6.38,14.083,23.097,7.67,Low,,backtest,demand_forecast_run_20261005T130920538
2025-09-01,S06,P0053,CAT06,8,4,6.22,2.721,5.921,8.82,Low,,backtest,demand_forecast_run_20261005T130920538
2025-09-01,S06,P0073,CAT13,6,4,4.67,2.295,4.446,7.84,Low,,backtest,demand_forecast_run_20261005T130920538
2025-09-01,S06,P0170,CAT17,2,4,3.5,1.32,2.879,4.54,Medium,BELOW_REORDER,backtest,demand_forecast_run_20261005T130920538
2025-09-01,S06,P0206,CAT15,14,7,5.3,3.857,7.916,10.89,Low,,backtest,demand_forecast_run_20261005T130920538
2025-09-01,S06,P0213,CAT07,10,6,10.76,4.891,9.134,6.13,Low,,backtest,demand_forecast_run_20261005T130920538
2025-09-01,S06,P0252,CAT18,14,8,7.54,5.156,11.832,8.15,Low,,backtest,demand_forecast_run_20261005T130920538
2025-09-01,S06,P0272,CAT13,10,4,28.01,1.596,3.093,18.79,Low,,backtest,demand_forecast_run_20261005T130920538
2025-09-01,S06,P0288,CAT14,7,4,10.89,2.577,4.38,8.15,Low,,backtest,demand_forecast_run_20261005T130920538
2025-09-01,S06,P0316,CAT15,12,4,14,1.864,3.826,19.31,Low,,backtest,demand_forecast_run_20261005T130920538
2025-09-01,S06,P0369,CAT09,14,10,4.67,6.712,13.711,6.26,Low,,backtest,demand_forecast_run_20261005T130920538
2025-09-01,S06,P0381,CAT13,6,4,9.33,1.596,3.093,11.27,Low,,backtest,demand_forecast_run_20261005T130920538
2025-09-01,S06,P0391,CAT06,19,7,9.17,4.409,9.596,12.93,Low,,backtest,demand_forecast_run_20261005T130920538
2025-09-01,S06,P0392,CAT19,7,3,16.32,2.069,3.767,10.15,Low,,backtest,demand_forecast_run_20261005T130920538
2025-09-01,S06,P0408,CAT16,8,5,22.41,2.157,5.316,11.13,Low,,backtest,demand_forecast_run_20261005T130920538
2025-09-01,S06,P0409,CAT12,13,5,22.77,2.369,4.368,16.46,Low,,backtest,demand_forecast_run_20261005T130920538
2025-09-01,S06,P0433,CAT20,8,3,55.94,0.944,2.277,25.43,Low,,backtest,demand_forecast_run_20261005T130920538
2025-09-01,S06,P0435,CAT14,27,9,9,8.069,13.711,10.04,Low,,backtest,demand_forecast_run_20261005T130920538
2025-09-01,S06,P0445,CAT02,11,4,11.84,2.974,4.616,11.1,Low,,backtest,demand_forecast_run_20261005T130920538
2025-09-01,S06,P0507,CAT02,23,17,5.65,19.403,30.115,3.56,Low,,backtest,demand_forecast_run_20261005T130920538
2025-09-01,S06,P0563,CAT13,9,6,7.87,3.392,6.572,7.96,Low,,backtest,demand_forecast_run_20261005T130920538
2025-09-01,S06,P0579,CAT12,11,4,17.11,4.739,8.736,6.96,Low,,backtest,demand_forecast_run_20261005T130920538
2025-09-01,S06,P0589,CAT03,3,6,2.8,3.603,5.554,2.5,High,DEMAND_EXCEEDS_STOCK|BELOW_REORDER|LOW_DAYS_COVER,backtest,demand_forecast_run_20261005T130920538
2025-09-01,S07,P0003,CAT03,16,5,14,2.564,4.115,18.72,Low,,backtest,demand_forecast_run_20261005T130920538
2025-09-01,S07,P0022,CAT05,3,4,3.23,2.857,5.658,3.15,Medium,BELOW_REORDER,backtest,demand_forecast_run_20261005T130920538
2025-09-01,S07,P0032,CAT11,33,12,8.4,9.671,17.217,10.24,Low,,backtest,demand_forecast_run_20261005T130920538
2025-09-01,S07,P0053,CAT06,4,3,8,1.205,2.914,9.96,Low,,backtest,demand_forecast_run_20261005T130920538
2025-09-01,S07,P0073,CAT13,4,3,18.69,0.42,0.986,28.59,Low,,backtest,demand_forecast_run_20261005T130920538
2025-09-01,S07,P0170,CAT17,7,3,10.89,1.004,2.986,20.92,Low,,backtest,demand_forecast_run_20261005T130920538
2025-09-01,S07,P0206,CAT15,7,5,5.16,2.242,6.32,9.36,Low,,backtest,demand_forecast_run_20261005T130920538
2025-09-01,S07,P0213,CAT07,12,4,16.81,2.112,4.53,17.04,Low,,backtest,demand_forecast_run_20261005T130920538
2025-09-01,S07,P0252,CAT18,0,5,0,3.32,8.842,0,High,ZERO_STOCK|DEMAND_EXCEEDS_STOCK|BELOW_REORDER|LOW_DAYS_COVER,backtest,demand_forecast_run_20261005T130920538
2025-09-01,S07,P0272,CAT13,9,3,42.06,0.84,1.972,32.16,Low,,backtest,demand_forecast_run_20261005T130920538
2025-09-01,S07,P0288,CAT14,6,3,6,2.078,4.1,8.66,Low,,backtest,demand_forecast_run_20261005T130920538
2025-09-01,S07,P0316,CAT15,8,3,55.94,0.396,1.115,60.65,Low,,backtest,demand_forecast_run_20261005T130920538
2025-09-01,S07,P0369,CAT09,12,7,7.64,3.147,8.269,11.44,Low,,backtest,demand_forecast_run_20261005T130920538
2025-09-01,S07,P0381,CAT13,2,3,5.6,0.84,1.972,7.15,Medium,BELOW_REORDER,backtest,demand_forecast_run_20261005T130920538
2025-09-01,S07,P0391,CAT06,6,5,3.82,3.978,9.615,4.53,Low,,backtest,demand_forecast_run_20261005T130920538
2025-09-01,S07,P0392,CAT19,9,3,12.61,2.668,6.299,10.12,Low,,backtest,demand_forecast_run_20261005T130920538
2025-09-01,S07,P0408,CAT16,3,3,4.67,1.404,5.043,6.41,Medium,BELOW_REORDER,backtest,demand_forecast_run_20261005T130920538
2025-09-01,S07,P0409,CAT12,7,4,8.91,3.16,7.542,6.65,Low,,backtest,demand_forecast_run_20261005T130920538
2025-09-01,S07,P0433,CAT20,3,2,20.98,0.291,0.877,30.95,Low,,backtest,demand_forecast_run_20261005T130920538
2025-09-01,S07,P0435,CAT14,11,7,7.7,4.882,9.636,6.76,Low,,backtest,demand_forecast_run_20261005T130920538
2025-09-01,S07,P0445,CAT02,10,3,34.97,0.885,1.714,33.91,Low,,backtest,demand_forecast_run_20261005T130920538
2025-09-01,S07,P0507,CAT02,24,11,10.84,6.856,13.285,10.5,Low,,backtest,demand_forecast_run_20261005T130920538
2025-09-01,S07,P0563,CAT13,0,5,0,2.309,5.424,0,High,ZERO_STOCK|DEMAND_EXCEEDS_STOCK|BELOW_REORDER|LOW_DAYS_COVER,backtest,demand_forecast_run_20261005T130920538
2025-09-01,S07,P0579,CAT12,9,3,25.21,1.264,3.017,21.36,Low,,backtest,demand_forecast_run_20261005T130920538
2025-09-01,S07,P0589,CAT03,6,4,6,2.268,3.64,7.94,Low,,backtest,demand_forecast_run_20261005T130920538
2025-09-01,S08,P0003,CAT03,14,7,10.32,3.921,7.843,10.71,Low,,backtest,demand_forecast_run_20261005T130920538
2025-09-01,S08,P0022,CAT05,7,6,4.46,4.323,7.406,4.86,Low,,backtest,demand_forecast_run_20261005T130920538
2025-09-01,S08,P0032,CAT11,57,18,13.3,13.573,26.111,12.6,Low,,backtest,demand_forecast_run_20261005T130920538
2025-09-01,S08,P0053,CAT06,4,3,6.22,1.382,3.145,8.68,Low,,backtest,demand_forecast_run_20261005T130920538
2025-09-01,S08,P0073,CAT13,3,3,8.4,0.896,2.157,10.05,Medium,BELOW_REORDER,backtest,demand_forecast_run_20261005T130920538
2025-09-01,S08,P0170,CAT17,12,4,18.66,1.86,3.717,19.35,Low,,backtest,demand_forecast_run_20261005T130920538
2025-09-01,S08,P0206,CAT15,4,7,2.24,4.576,10.342,2.62,High,DEMAND_EXCEEDS_STOCK|BELOW_REORDER|LOW_DAYS_COVER,backtest,demand_forecast_run_20261005T130920538
2025-09-01,S08,P0213,CAT07,19,6,22.17,1.942,4.216,29.35,Low,,backtest,demand_forecast_run_20261005T130920538
2025-09-01,S08,P0252,CAT18,26,9,7.58,6.546,14.476,11.92,Low,,backtest,demand_forecast_run_20261005T130920538
2025-09-01,S08,P0272,CAT13,8,4,10.18,1.344,3.236,17.86,Low,,backtest,demand_forecast_run_20261005T130920538
2025-09-01,S08,P0288,CAT14,6,4,5.6,3.137,5.749,5.74,Low,,backtest,demand_forecast_run_20261005T130920538
2025-09-01,S08,P0316,CAT15,4,4,11.2,0.686,1.551,17.48,Medium,BELOW_REORDER,backtest,demand_forecast_run_20261005T130920538
2025-09-01,S08,P0369,CAT09,29,10,13.53,6.126,14.532,14.2,Low,,backtest,demand_forecast_run_20261005T130920538
2025-09-01,S08,P0381,CAT13,7,4,9.8,1.792,4.314,11.72,Low,,backtest,demand_forecast_run_20261005T130920538
2025-09-01,S08,P0391,CAT06,11,6,5.5,4.391,9.99,7.52,Low,,backtest,demand_forecast_run_20261005T130920538
2025-09-01,S08,P0392,CAT19,2,4,2,2.049,4.066,2.93,High,DEMAND_EXCEEDS_STOCK|BELOW_REORDER|LOW_DAYS_COVER,backtest,demand_forecast_run_20261005T130920538
2025-09-01,S08,P0408,CAT16,12,4,18.66,1.473,4.088,24.43,Low,,backtest,demand_forecast_run_20261005T130920538
2025-09-01,S08,P0409,CAT12,10,5,10,3.713,7.515,8.08,Low,,backtest,demand_forecast_run_20261005T130920538
2025-09-01,S08,P0433,CAT20,7,2,24.48,1.247,3.001,16.84,Low,,backtest,demand_forecast_run_20261005T130920538
2025-09-01,S08,P0435,CAT14,8,9,2.67,8.031,14.716,2.99,High,DEMAND_EXCEEDS_STOCK|BELOW_REORDER|LOW_DAYS_COVER,backtest,demand_forecast_run_20261005T130920538
2025-09-01,S08,P0445,CAT02,2,4,2.33,2.817,4.803,2.13,High,DEMAND_EXCEEDS_STOCK|BELOW_REORDER|LOW_DAYS_COVER,backtest,demand_forecast_run_20261005T130920538
2025-09-01,S08,P0507,CAT02,29,18,8.12,15.431,26.313,5.64,Low,,backtest,demand_forecast_run_20261005T130920538
2025-09-01,S08,P0563,CAT13,0,8,0,3.882,9.347,0,High,ZERO_STOCK|DEMAND_EXCEEDS_STOCK|BELOW_REORDER|LOW_DAYS_COVER,backtest,demand_forecast_run_20261005T130920538
2025-09-01,S08,P0579,CAT12,9,3,14,2.363,4.782,11.43,Low,,backtest,demand_forecast_run_20261005T130920538
2025-09-01,S08,P0589,CAT03,12,5,7.3,3.004,6.007,11.99,Low,,backtest,demand_forecast_run_20261005T130920538
2025-09-01,S09,P0003,CAT03,10,5,8.75,2.345,5.47,12.8,Low,,backtest,demand_forecast_run_20261005T130920538
2025-09-01,S09,P0022,CAT05,14,6,13.07,3.562,7.157,11.79,Low,,backtest,demand_forecast_run_20261005T130920538
2025-09-01,S09,P0032,CAT11,22,17,5.81,8.06,18.973,8.19,Low,,backtest,demand_forecast_run_20261005T130920538
2025-09-01,S09,P0053,CAT06,9,3,7,2.067,4.471,13.06,Low,,backtest,demand_forecast_run_20261005T130920538
2025-09-01,S09,P0073,CAT13,3,3,6.99,1.223,3.039,7.36,Medium,BELOW_REORDER,backtest,demand_forecast_run_20261005T130920538
2025-09-01,S09,P0170,CAT17,6,4,8.4,1.071,2.856,16.81,Low,,backtest,demand_forecast_run_20261005T130920538
2025-09-01,S09,P0206,CAT15,8,6,5.09,2.879,7.242,8.34,Low,,backtest,demand_forecast_run_20261005T130920538
2025-09-01,S09,P0213,CAT07,4,5,2.43,3.695,7.799,3.25,Medium,BELOW_REORDER|LOW_DAYS_COVER,backtest,demand_forecast_run_20261005T130920538
2025-09-01,S09,P0252,CAT18,16,7,7.47,3.687,9.418,13.02,Low,,backtest,demand_forecast_run_20261005T130920538
2025-09-01,S09,P0272,CAT13,5,3,14.01,0.57,1.418,26.29,Low,,backtest,demand_forecast_run_20261005T130920538
2025-09-01,S09,P0288,CAT14,8,4,10.18,1.548,3.244,15.5,Low,,backtest,demand_forecast_run_20261005T130920538
2025-09-01,S09,P0316,CAT15,11,4,25.64,0.869,2.186,37.97,Low,,backtest,demand_forecast_run_20261005T130920538
2025-09-01,S09,P0369,CAT09,11,8,4.67,4.131,10.88,7.99,Low,,backtest,demand_forecast_run_20261005T130920538
2025-09-01,S09,P0381,CAT13,7,3,14,0.815,2.026,25.76,Low,,backtest,demand_forecast_run_20261005T130920538
2025-09-01,S09,P0391,CAT06,22,7,12.84,4.942,10.692,13.36,Low,,backtest,demand_forecast_run_20261005T130920538
2025-09-01,S09,P0392,CAT19,10,3,34.97,0.678,1.314,44.28,Low,,backtest,demand_forecast_run_20261005T130920538
2025-09-01,S09,P0408,CAT16,15,4,17.5,2.634,6.754,17.08,Low,,backtest,demand_forecast_run_20261005T130920538
2025-09-01,S09,P0409,CAT12,6,5,7,2.166,4.661,8.31,Low,,backtest,demand_forecast_run_20261005T130920538
2025-09-01,S09,P0433,CAT20,7,2,,0.676,1.613,31.04,Low,,backtest,demand_forecast_run_20261005T130920538
2025-09-01,S09,P0435,CAT14,12,9,3.65,6.678,13.988,5.39,Low,,backtest,demand_forecast_run_20261005T130920538
2025-09-01,S09,P0445,CAT02,10,4,10.76,2.61,4.65,11.49,Low,,backtest,demand_forecast_run_20261005T130920538
2025-09-01,S09,P0507,CAT02,37,16,7.73,14.171,25.241,7.83,Low,,backtest,demand_forecast_run_20261005T130920538
2025-09-01,S09,P0563,CAT13,9,6,7.41,3.098,7.699,8.72,Low,,backtest,demand_forecast_run_20261005T130920538
2025-09-01,S09,P0579,CAT12,5,3,7,2.166,4.661,6.92,Low,,backtest,demand_forecast_run_20261005T130920538
2025-09-01,S09,P0589,CAT03,11,5,5.5,3.204,7.476,10.3,Low,,backtest,demand_forecast_run_20261005T130920538
2025-09-01,S10,P0003,CAT03,3,5,5.25,3.724,5.673,2.42,High,DEMAND_EXCEEDS_STOCK|BELOW_REORDER,backtest,demand_forecast_run_20261005T130920538
2025-09-01,S10,P0022,CAT05,6,5,6.46,2.941,4.986,6.12,Low,,backtest,demand_forecast_run_20261005T130920538
2025-09-01,S10,P0032,CAT11,27,14,6.87,11.55,20.076,7.01,Low,,backtest,demand_forecast_run_20261005T130920538
2025-09-01,S10,P0053,CAT06,8,3,37.38,0.548,1.228,43.79,Low,,backtest,demand_forecast_run_20261005T130920538
2025-09-01,S10,P0073,CAT13,8,3,22.41,0.924,1.807,25.98,Low,,backtest,demand_forecast_run_20261005T130920538
2025-09-01,S10,P0170,CAT17,6,3,12,1.324,3.274,13.6,Low,,backtest,demand_forecast_run_20261005T130920538
2025-09-01,S10,P0206,CAT15,14,5,16.34,2.484,5.768,16.91,Low,,backtest,demand_forecast_run_20261005T130920538
2025-09-01,S10,P0213,CAT07,13,4,13.99,3.877,7.127,10.06,Low,,backtest,demand_forecast_run_20261005T130920538
2025-09-01,S10,P0252,CAT18,19,7,10.64,3.567,8.966,15.98,Low,,backtest,demand_forecast_run_20261005T130920538
2025-09-01,S10,P0272,CAT13,9,3,42.06,0.821,1.606,32.89,Low,,backtest,demand_forecast_run_20261005T130920538
2025-09-01,S10,P0288,CAT14,8,4,7,2.766,5.013,8.68,Low,,backtest,demand_forecast_run_20261005T130920538
2025-09-01,S10,P0316,CAT15,12,4,56.07,0.864,2.006,41.66,Low,,backtest,demand_forecast_run_20261005T130920538
2025-09-01,S10,P0369,CAT09,11,7,5.5,3.96,9.568,8.33,Low,,backtest,demand_forecast_run_20261005T130920538
2025-09-01,S10,P0381,CAT13,7,3,19.61,1.129,2.208,18.6,Low,,backtest,demand_forecast_run_20261005T130920538
2025-09-01,S10,P0391,CAT06,12,5,6.22,4.15,9.297,8.68,Low,,backtest,demand_forecast_run_20261005T130920538
2025-09-01,S10,P0392,CAT19,6,3,13.99,1.218,2.501,14.78,Low,,backtest,demand_forecast_run_20261005T130920538
2025-09-01,S10,P0408,CAT16,0,4,0,1.148,3.16,0,High,ZERO_STOCK|DEMAND_EXCEEDS_STOCK|BELOW_REORDER|LOW_DAYS_COVER,backtest,demand_forecast_run_20261005T130920538
2025-09-01,S10,P0409,CAT12,10,5,14.01,4.033,9.354,7.44,Low,,backtest,demand_forecast_run_20261005T130920538
2025-09-01,S10,P0433,CAT20,5,2,17.48,0.688,1.671,21.82,Low,,backtest,demand_forecast_run_20261005T130920538
2025-09-01,S10,P0435,CAT14,1,7,0.37,6.375,11.553,0.47,High,DEMAND_EXCEEDS_STOCK|BELOW_REORDER|LOW_DAYS_COVER,backtest,demand_forecast_run_20261005T130920538
2025-09-01,S10,P0445,CAT02,3,3,10.49,1.047,1.643,8.6,Medium,BELOW_REORDER,backtest,demand_forecast_run_20261005T130920538
2025-09-01,S10,P0507,CAT02,39,13,10.71,15.049,23.613,7.77,Low,,backtest,demand_forecast_run_20261005T130920538
2025-09-01,S10,P0563,CAT13,18,6,10.5,4.311,8.432,12.53,Low,,backtest,demand_forecast_run_20261005T130920538
2025-09-01,S10,P0579,CAT12,10,3,20,2.113,4.9,14.2,Low,,backtest,demand_forecast_run_20261005T130920538
2025-09-01,S10,P0589,CAT03,13,4,13.99,3.059,4.66,12.75,Low,,backtest,demand_forecast_run_20261005T130920538
2025-09-01,S11,P0003,CAT03,8,6,6.59,4.969,7.77,4.83,Low,,backtest,demand_forecast_run_20261005T130920538
2025-09-01,S11,P0022,CAT05,18,6,9.33,3.424,6.773,15.77,Low,,backtest,demand_forecast_run_20261005T130920538
2025-09-01,S11,P0032,CAT11,18,20,3.07,15.006,24.4,3.6,Medium,BELOW_REORDER,backtest,demand_forecast_run_20261005T130920538
2025-09-01,S11,P0053,CAT06,1,4,1.27,1.856,3.472,1.62,High,DEMAND_EXCEEDS_STOCK|BELOW_REORDER|LOW_DAYS_COVER,backtest,demand_forecast_run_20261005T130920538
2025-09-01,S11,P0073,CAT13,9,3,11.45,1.169,2.317,23.09,Low,,backtest,demand_forecast_run_20261005T130920538
2025-09-01,S11,P0170,CAT17,9,4,15.76,1.913,4.194,14.11,Low,,backtest,demand_forecast_run_20261005T130920538
2025-09-01,S11,P0206,CAT15,13,7,8.67,3.028,4.962,12.88,Low,,backtest,demand_forecast_run_20261005T130920538
2025-09-01,S11,P0213,CAT07,10,6,5.83,4.016,6.782,7.47,Low,,backtest,demand_forecast_run_20261005T130920538
2025-09-01,S11,P0252,CAT18,19,9,9.85,6.812,14.629,8.37,Low,,backtest,demand_forecast_run_20261005T130920538
2025-09-01,S11,P0272,CAT13,9,4,12.61,2.339,4.634,11.55,Low,,backtest,demand_forecast_run_20261005T130920538
2025-09-01,S11,P0288,CAT14,14,5,10.32,2.929,5.074,14.34,Low,,backtest,demand_forecast_run_20261005T130920538
2025-09-01,S11,P0316,CAT15,8,4,6.59,2.195,3.598,10.93,Low,,backtest,demand_forecast_run_20261005T130920538
2025-09-01,S11,P0369,CAT09,19,9,7.19,6.301,12.41,9.05,Low,,backtest,demand_forecast_run_20261005T130920538
2025-09-01,S11,P0381,CAT13,4,4,3.11,2.159,4.278,5.56,Medium,BELOW_REORDER,backtest,demand_forecast_run_20261005T130920538
2025-09-01,S11,P0391,CAT06,1,7,1,5.319,9.955,0.56,High,DEMAND_EXCEEDS_STOCK|BELOW_REORDER|LOW_DAYS_COVER,backtest,demand_forecast_run_20261005T130920538
2025-09-01,S11,P0392,CAT19,0,3,0,1.692,3.227,0,High,ZERO_STOCK|DEMAND_EXCEEDS_STOCK|BELOW_REORDER|LOW_DAYS_COVER,backtest,demand_forecast_run_20261005T130920538
2025-09-01,S11,P0408,CAT16,1,5,1,2.349,5.695,1.28,High,DEMAND_EXCEEDS_STOCK|BELOW_REORDER|LOW_DAYS_COVER,backtest,demand_forecast_run_20261005T130920538
2025-09-01,S11,P0409,CAT12,9,5,7.87,3.181,6.087,8.49,Low,,backtest,demand_forecast_run_20261005T130920538
2025-09-01,S11,P0433,CAT20,13,3,183.1,0.243,0.538,160.49,Low,,backtest,demand_forecast_run_20261005T130920538
2025-09-01,S11,P0435,CAT14,8,9,1.84,7.558,13.094,3.18,Medium,BELOW_REORDER|LOW_DAYS_COVER,backtest,demand_forecast_run_20261005T130920538
2025-09-01,S11,P0445,CAT02,9,5,6,4.295,6.666,6.29,Low,,backtest,demand_forecast_run_20261005T130920538
2025-09-01,S11,P0507,CAT02,53,18,12.58,17.96,27.876,8.85,Low,,backtest,demand_forecast_run_20261005T130920538
2025-09-01,S11,P0563,CAT13,17,7,6.26,4.677,9.268,10.9,Low,,backtest,demand_forecast_run_20261005T130920538
2025-09-01,S11,P0579,CAT12,10,3,15.55,1.767,3.382,16.97,Low,,backtest,demand_forecast_run_20261005T130920538
2025-09-01,S11,P0589,CAT03,10,5,11.67,3.138,4.907,9.56,Low,,backtest,demand_forecast_run_20261005T130920538
2025-09-01,S12,P0003,CAT03,11,6,11.84,3.667,6.967,9,Low,,backtest,demand_forecast_run_20261005T130920538
2025-09-01,S12,P0022,CAT05,9,5,6,3.282,5.09,8.23,Low,,backtest,demand_forecast_run_20261005T130920538
2025-09-01,S12,P0032,CAT11,23,15,6.57,10.454,18.774,6.6,Low,,backtest,demand_forecast_run_20261005T130920538
2025-09-01,S12,P0053,CAT06,7,3,8.91,1.587,3.592,13.23,Low,,backtest,demand_forecast_run_20261005T130920538
2025-09-01,S12,P0073,CAT13,4,3,9.32,0.52,1.04,23.1,Low,,backtest,demand_forecast_run_20261005T130920538
2025-09-01,S12,P0170,CAT17,9,3,10.5,1.232,3.469,21.91,Low,,backtest,demand_forecast_run_20261005T130920538
2025-09-01,S12,P0206,CAT15,15,6,17.5,1.724,4.409,26.1,Low,,backtest,demand_forecast_run_20261005T130920538
2025-09-01,S12,P0213,CAT07,13,5,13.99,2.712,5.878,14.38,Low,,backtest,demand_forecast_run_20261005T130920538
2025-09-01,S12,P0252,CAT18,21,7,11.31,3.802,10.033,16.57,Low,,backtest,demand_forecast_run_20261005T130920538
2025-09-01,S12,P0272,CAT13,5,3,10,1.039,2.08,14.44,Low,,backtest,demand_forecast_run_20261005T130920538
2025-09-01,S12,P0288,CAT14,9,4,42.06,1.523,2.954,17.73,Low,,backtest,demand_forecast_run_20261005T130920538
2025-09-01,S12,P0316,CAT15,2,3,2.33,1.223,3.129,4.9,Medium,BELOW_REORDER|LOW_DAYS_COVER,backtest,demand_forecast_run_20261005T130920538
2025-09-01,S12,P0369,CAT09,17,8,10.82,4.917,11.352,10.37,Low,,backtest,demand_forecast_run_20261005T130920538
2025-09-01,S12,P0381,CAT13,4,3,6.22,1.126,2.254,10.66,Low,,backtest,demand_forecast_run_20261005T130920538
2025-09-01,S12,P0391,CAT06,7,5,6.12,2.948,6.671,7.12,Low,,backtest,demand_forecast_run_20261005T130920538
2025-09-01,S12,P0392,CAT19,6,3,16.81,1.181,3.109,15.24,Low,,backtest,demand_forecast_run_20261005T130920538
2025-09-01,S12,P0408,CAT16,4,4,8,1.168,3.278,10.28,Medium,BELOW_REORDER,backtest,demand_forecast_run_20261005T130920538
2025-09-01,S12,P0409,CAT12,11,4,15.41,2.469,6.083,13.37,Low,,backtest,demand_forecast_run_20261005T130920538
2025-09-01,S12,P0433,CAT20,3,2,20.98,0.405,1.178,22.22,Low,,backtest,demand_forecast_run_20261005T130920538
2025-09-01,S12,P0435,CAT14,19,6,12.67,6.6,12.801,8.64,Low,,backtest,demand_forecast_run_20261005T130920538
2025-09-01,S12,P0445,CAT02,6,3,12,1.545,2.629,11.65,Low,,backtest,demand_forecast_run_20261005T130920538
2025-09-01,S12,P0507,CAT02,42,14,21.77,12.362,21.029,10.19,Low,,backtest,demand_forecast_run_20261005T130920538
2025-09-01,S12,P0563,CAT13,6,6,7.63,2.424,4.854,7.43,Medium,BELOW_REORDER,backtest,demand_forecast_run_20261005T130920538
2025-09-01,S12,P0579,CAT12,7,3,10.89,1.358,3.346,15.46,Low,,backtest,demand_forecast_run_20261005T130920538
2025-09-01,S12,P0589,CAT03,12,4,18.66,2.445,4.645,14.73,Low,,backtest,demand_forecast_run_20261005T130920538
2025-09-02,S01,P0003,CAT03,17,6,15.87,3.569,6.175,14.29,Low,,backtest,demand_forecast_run_20261005T130920538
2025-09-02,S01,P0022,CAT05,7,5,5.44,2.889,4.862,7.27,Low,,backtest,demand_forecast_run_20261005T130920538
2025-09-02,S01,P0032,CAT11,21,14,5.44,11.748,20.728,5.36,Low,,backtest,demand_forecast_run_20261005T130920538
2025-09-02,S01,P0053,CAT06,3,3,10.49,2.104,3.894,4.28,Medium,BELOW_REORDER,backtest,demand_forecast_run_20261005T130920538
2025-09-02,S01,P0073,CAT13,7,3,12.26,1.132,2.394,18.56,Low,,backtest,demand_forecast_run_20261005T130920538
2025-09-02,S01,P0170,CAT17,10,4,20,1.494,3.666,20.07,Low,,backtest,demand_forecast_run_20261005T130920538
2025-09-02,S01,P0206,CAT15,0,6,0,2.878,5.934,0,High,ZERO_STOCK|DEMAND_EXCEEDS_STOCK|BELOW_REORDER|LOW_DAYS_COVER,backtest,demand_forecast_run_20261005T130920538
2025-09-02,S01,P0213,CAT07,5,5,5.38,2.183,4.267,6.87,Medium,BELOW_REORDER,backtest,demand_forecast_run_20261005T130920538
2025-09-02,S01,P0252,CAT18,24,7,10.5,5.092,13.538,14.14,Low,,backtest,demand_forecast_run_20261005T130920538
2025-09-02,S01,P0272,CAT13,7,3,14,1.536,3.249,13.67,Low,,backtest,demand_forecast_run_20261005T130920538
2025-09-02,S01,P0288,CAT14,15,4,70.09,2.506,5.161,17.96,Low,,backtest,demand_forecast_run_20261005T130920538
2025-09-02,S01,P0316,CAT15,6,3,28.04,0.59,1.217,30.49,Low,,backtest,demand_forecast_run_20261005T130920538
2025-09-02,S01,P0369,CAT09,25,8,17.49,5.971,12.602,12.56,Low,,backtest,demand_forecast_run_20261005T130920538
2025-09-02,S01,P0381,CAT13,7,3,14,1.132,2.394,18.56,Low,,backtest,demand_forecast_run_20261005T130920538
2025-09-02,S01,P0391,CAT06,2,5,1.56,6.502,12.034,0.92,High,DEMAND_EXCEEDS_STOCK|BELOW_REORDER|LOW_DAYS_COVER,backtest,demand_forecast_run_20261005T130920538
2025-09-02,S01,P0392,CAT19,3,3,8.4,3.061,6.223,2.94,High,DEMAND_EXCEEDS_STOCK|BELOW_REORDER,backtest,demand_forecast_run_20261005T130920538
2025-09-02,S01,P0408,CAT16,3,4,4.67,1.554,4.574,5.79,Medium,BELOW_REORDER,backtest,demand_forecast_run_20261005T130920538
2025-09-02,S01,P0409,CAT12,5,4,17.48,3.14,5.978,4.78,Low,,backtest,demand_forecast_run_20261005T130920538
2025-09-02,S01,P0433,CAT20,6,3,41.96,0.782,2.039,23.02,Low,,backtest,demand_forecast_run_20261005T130920538
2025-09-02,S01,P0435,CAT14,11,7,7.33,4.733,9.749,6.97,Low,,backtest,demand_forecast_run_20261005T130920538
2025-09-02,S01,P0445,CAT02,0,4,0,2.972,5.111,0,High,ZERO_STOCK|DEMAND_EXCEEDS_STOCK|BELOW_REORDER|LOW_DAYS_COVER,backtest,demand_forecast_run_20261005T130920538
2025-09-02,S01,P0507,CAT02,41,14,11.04,10.7,18.399,11.5,Low,,backtest,demand_forecast_run_20261005T130920538
2025-09-02,S01,P0563,CAT13,10,6,12.72,2.263,4.788,13.25,Low,,backtest,demand_forecast_run_20261005T130920538
2025-09-02,S01,P0579,CAT12,7,3,48.95,1.983,3.776,10.59,Low,,backtest,demand_forecast_run_20261005T130920538
2025-09-02,S01,P0589,CAT03,12,4,18.66,2.993,5.179,12.03,Low,,backtest,demand_forecast_run_20261005T130920538
2025-09-02,S02,P0003,CAT03,16,6,8.29,4.071,7.7,11.79,Low,,backtest,demand_forecast_run_20261005T130920538
2025-09-02,S02,P0022,CAT05,12,6,8.4,2.819,5.102,12.77,Low,,backtest,demand_forecast_run_20261005T130920538
2025-09-02,S02,P0032,CAT11,17,17,3.72,9.445,17.02,5.4,Medium,BELOW_REORDER,backtest,demand_forecast_run_20261005T130920538
2025-09-02,S02,P0053,CAT06,4,3,27.97,1.29,2.559,9.3,Low,,backtest,demand_forecast_run_20261005T130920538
2025-09-02,S02,P0073,CAT13,6,3,10.51,1.027,2.227,17.53,Low,,backtest,demand_forecast_run_20261005T130920538
2025-09-02,S02,P0170,CAT17,9,3,12.61,1.23,3.105,21.95,Low,,backtest,demand_forecast_run_20261005T130920538
2025-09-02,S02,P0206,CAT15,9,6,12.61,3.263,6.129,8.28,Low,,backtest,demand_forecast_run_20261005T130920538
2025-09-02,S02,P0213,CAT07,10,5,9.34,3.424,7.328,8.76,Low,,backtest,demand_forecast_run_20261005T130920538
2025-09-02,S02,P0252,CAT18,9,7,5.25,4.43,11.411,6.1,Low,,backtest,demand_forecast_run_20261005T130920538
2025-09-02,S02,P0272,CAT13,14,3,65.42,0.77,1.67,54.52,Low,,backtest,demand_forecast_run_20261005T130920538
2025-09-02,S02,P0288,CAT14,12,4,15.27,2.213,4.625,16.27,Low,,backtest,demand_forecast_run_20261005T130920538
2025-09-02,S02,P0316,CAT15,3,3,10.49,1.119,2.101,8.05,Medium,BELOW_REORDER,backtest,demand_forecast_run_20261005T130920538
2025-09-02,S02,P0369,CAT09,16,8,9.74,4.876,11.228,9.84,Low,,backtest,demand_forecast_run_20261005T130920538
2025-09-02,S02,P0381,CAT13,10,3,15.55,1.113,2.412,26.96,Low,,backtest,demand_forecast_run_20261005T130920538
2025-09-02,S02,P0391,CAT06,15,7,8.4,5.419,10.747,8.3,Low,,backtest,demand_forecast_run_20261005T130920538
2025-09-02,S02,P0392,CAT19,3,3,4.67,1.292,2.676,6.97,Medium,BELOW_REORDER,backtest,demand_forecast_run_20261005T130920538
2025-09-02,S02,P0408,CAT16,13,4,16.54,2.894,7.727,13.48,Low,,backtest,demand_forecast_run_20261005T130920538
2025-09-02,S02,P0409,CAT12,12,5,8.4,5.098,10.944,7.06,Low,,backtest,demand_forecast_run_20261005T130920538
2025-09-02,S02,P0433,CAT20,8,3,27.97,0.45,1.14,53.33,Low,,backtest,demand_forecast_run_20261005T130920538
2025-09-02,S02,P0435,CAT14,8,8,2.67,6.181,12.918,3.88,Medium,BELOW_REORDER|LOW_DAYS_COVER,backtest,demand_forecast_run_20261005T130920538
2025-09-02,S02,P0445,CAT02,15,4,70.09,1.106,1.943,40.67,Low,,backtest,demand_forecast_run_20261005T130920538
2025-09-02,S02,P0507,CAT02,27,15,6.87,12.282,21.561,6.6,Low,,backtest,demand_forecast_run_20261005T130920538
2025-09-02,S02,P0563,CAT13,12,6,10.5,3.509,7.609,10.26,Low,,backtest,demand_forecast_run_20261005T130920538
2025-09-02,S02,P0579,CAT12,8,3,22.41,2.013,4.32,11.93,Low,,backtest,demand_forecast_run_20261005T130920538
2025-09-02,S02,P0589,CAT03,11,4,15.41,1.85,3.5,17.83,Low,,backtest,demand_forecast_run_20261005T130920538
2025-09-02,S03,P0003,CAT03,0,6,0,3.02,5.674,0,High,ZERO_STOCK|DEMAND_EXCEEDS_STOCK|BELOW_REORDER|LOW_DAYS_COVER,backtest,demand_forecast_run_20261005T130920538
2025-09-02,S03,P0022,CAT05,7,5,5.77,1.747,3.165,12.02,Low,,backtest,demand_forecast_run_20261005T130920538
2025-09-02,S03,P0032,CAT11,49,15,15.59,11.489,21.602,12.8,Low,,backtest,demand_forecast_run_20261005T130920538
2025-09-02,S03,P0053,CAT06,8,4,11.2,2.751,5.887,8.72,Low,,backtest,demand_forecast_run_20261005T130920538
2025-09-02,S03,P0073,CAT13,4,3,27.97,0.315,0.744,38.06,Low,,backtest,demand_forecast_run_20261005T130920538
2025-09-02,S03,P0170,CAT17,0,4,0,1.86,4.998,0,High,ZERO_STOCK|DEMAND_EXCEEDS_STOCK|BELOW_REORDER|LOW_DAYS_COVER,backtest,demand_forecast_run_20261005T130920538
2025-09-02,S03,P0206,CAT15,18,6,16.81,3.28,7.808,16.46,Low,,backtest,demand_forecast_run_20261005T130920538
2025-09-02,S03,P0213,CAT07,7,4,10.89,2.266,5.218,9.27,Low,,backtest,demand_forecast_run_20261005T130920538
2025-09-02,S03,P0252,CAT18,11,8,4.97,3.986,10.19,8.28,Low,,backtest,demand_forecast_run_20261005T130920538
2025-09-02,S03,P0272,CAT13,7,3,16.32,1.156,2.727,18.17,Low,,backtest,demand_forecast_run_20261005T130920538
2025-09-02,S03,P0288,CAT14,3,3,14.02,1.458,3.141,6.17,Medium,BELOW_REORDER,backtest,demand_forecast_run_20261005T130920538
2025-09-02,S03,P0316,CAT15,6,4,7.63,1.394,3.318,12.91,Low,,backtest,demand_forecast_run_20261005T130920538
2025-09-02,S03,P0369,CAT09,6,8,2.9,4.574,11.287,3.94,Medium,BELOW_REORDER|LOW_DAYS_COVER,backtest,demand_forecast_run_20261005T130920538
2025-09-02,S03,P0381,CAT13,9,3,31.47,1.051,2.479,25.69,Low,,backtest,demand_forecast_run_20261005T130920538
2025-09-02,S03,P0391,CAT06,15,6,7.24,5.196,11.12,8.66,Low,,backtest,demand_forecast_run_20261005T130920538
2025-09-02,S03,P0392,CAT19,10,3,23.31,1.897,4.169,15.81,Low,,backtest,demand_forecast_run_20261005T130920538
2025-09-02,S03,P0408,CAT16,2,4,4.66,1.327,3.632,4.52,Medium,BELOW_REORDER,backtest,demand_forecast_run_20261005T130920538
2025-09-02,S03,P0409,CAT12,4,4,5.09,3.385,6.841,3.54,Medium,BELOW_REORDER,backtest,demand_forecast_run_20261005T130920538
2025-09-02,S03,P0433,CAT20,2,2,13.99,0.508,0.966,11.8,Medium,BELOW_REORDER,backtest,demand_forecast_run_20261005T130920538
2025-09-02,S03,P0435,CAT14,9,7,5.25,5.104,10.994,5.29,Low,,backtest,demand_forecast_run_20261005T130920538
2025-09-02,S03,P0445,CAT02,10,3,20,1.5,2.986,20,Low,,backtest,demand_forecast_run_20261005T130920538
2025-09-02,S03,P0507,CAT02,42,14,10.89,12.376,24.639,10.18,Low,,backtest,demand_forecast_run_20261005T130920538
2025-09-02,S03,P0563,CAT13,5,6,3.68,4.099,9.669,3.66,Medium,BELOW_REORDER,backtest,demand_forecast_run_20261005T130920538
2025-09-02,S03,P0579,CAT12,7,3,8.91,2.316,4.68,9.07,Low,,backtest,demand_forecast_run_20261005T130920538
2025-09-02,S03,P0589,CAT03,6,5,4.94,3.125,5.869,5.76,Low,,backtest,demand_forecast_run_20261005T130920538
2025-09-02,S04,P0003,CAT03,15,5,14.01,3.378,5.738,13.32,Low,,backtest,demand_forecast_run_20261005T130920538
2025-09-02,S04,P0022,CAT05,11,5,19.26,2.235,3.739,14.77,Low,,backtest,demand_forecast_run_20261005T130920538
2025-09-02,S04,P0032,CAT11,26,12,9.58,8.217,17.949,9.49,Low,,backtest,demand_forecast_run_20261005T130920538
2025-09-02,S04,P0053,CAT06,8,3,14.01,1.743,3.684,13.77,Low,,backtest,demand_forecast_run_20261005T130920538
2025-09-02,S04,P0073,CAT13,1,2,2.8,1.061,2.208,2.83,High,DEMAND_EXCEEDS_STOCK|BELOW_REORDER|LOW_DAYS_COVER,backtest,demand_forecast_run_20261005T130920538
2025-09-02,S04,P0170,CAT17,6,3,12,1.221,3.599,14.74,Low,,backtest,demand_forecast_run_20261005T130920538
2025-09-02,S04,P0206,CAT15,10,5,9.34,2.393,5.915,12.54,Low,,backtest,demand_forecast_run_20261005T130920538
2025-09-02,S04,P0213,CAT07,7,4,19.61,1.183,2.604,17.76,Low,,backtest,demand_forecast_run_20261005T130920538
2025-09-02,S04,P0252,CAT18,16,6,14,2.654,6.897,18.08,Low,,backtest,demand_forecast_run_20261005T130920538
2025-09-02,S04,P0272,CAT13,6,3,13.99,1.414,2.944,12.73,Low,,backtest,demand_forecast_run_20261005T130920538
2025-09-02,S04,P0288,CAT14,5,4,7.78,1.389,3.021,10.8,Low,,backtest,demand_forecast_run_20261005T130920538
2025-09-02,S04,P0316,CAT15,5,3,17.48,0.58,1.434,25.86,Low,,backtest,demand_forecast_run_20261005T130920538
2025-09-02,S04,P0369,CAT09,18,6,12.6,3.514,8.486,15.37,Low,,backtest,demand_forecast_run_20261005T130920538
2025-09-02,S04,P0381,CAT13,5,3,23.36,1.414,2.944,10.6,Low,,backtest,demand_forecast_run_20261005T130920538
2025-09-02,S04,P0391,CAT06,10,5,9.34,3.485,7.369,8.61,Low,,backtest,demand_forecast_run_20261005T130920538
2025-09-02,S04,P0392,CAT19,7,3,48.95,0.844,1.872,24.87,Low,,backtest,demand_forecast_run_20261005T130920538
2025-09-02,S04,P0408,CAT16,3,3,6,1.151,4.314,7.82,Medium,BELOW_REORDER,backtest,demand_forecast_run_20261005T130920538
2025-09-02,S04,P0409,CAT12,9,4,31.47,2.347,5.211,11.5,Low,,backtest,demand_forecast_run_20261005T130920538
2025-09-02,S04,P0433,CAT20,0,2,,0.694,1.777,0,High,ZERO_STOCK|DEMAND_EXCEEDS_STOCK|BELOW_REORDER,backtest,demand_forecast_run_20261005T130920538
2025-09-02,S04,P0435,CAT14,12,6,7,4.445,9.667,8.1,Low,,backtest,demand_forecast_run_20261005T130920538
2025-09-02,S04,P0445,CAT02,9,3,62.94,0.615,1.221,43.93,Low,,backtest,demand_forecast_run_20261005T130920538
2025-09-02,S04,P0507,CAT02,22,11,8.32,10.572,21.004,6.24,Low,,backtest,demand_forecast_run_20261005T130920538
2025-09-02,S04,P0563,CAT13,7,5,14,2.358,4.907,8.91,Low,,backtest,demand_forecast_run_20261005T130920538
2025-09-02,S04,P0579,CAT12,6,3,28.04,1.095,2.432,16.43,Low,,backtest,demand_forecast_run_20261005T130920538
2025-09-02,S04,P0589,CAT03,6,4,6.46,2.468,4.193,7.29,Low,,backtest,demand_forecast_run_20261005T130920538
2025-09-02,S05,P0003,CAT03,7,4,14,2.444,4.43,8.59,Low,,backtest,demand_forecast_run_20261005T130920538
2025-09-02,S05,P0022,CAT05,12,4,11.2,2.474,5.16,14.55,Low,,backtest,demand_forecast_run_20261005T130920538
2025-09-02,S05,P0032,CAT11,30,11,11.35,7.419,15.055,12.13,Low,,backtest,demand_forecast_run_20261005T130920538
2025-09-02,S05,P0053,CAT06,6,3,28.04,0.745,1.635,24.17,Low,,backtest,demand_forecast_run_20261005T130920538
2025-09-02,S05,P0073,CAT13,5,2,11.66,0.54,1.497,27.76,Low,,backtest,demand_forecast_run_20261005T130920538
2025-09-02,S05,P0170,CAT17,8,3,14.01,0.885,2.563,27.13,Low,,backtest,demand_forecast_run_20261005T130920538
2025-09-02,S05,P0206,CAT15,8,4,10.18,1.588,4.447,15.12,Low,,backtest,demand_forecast_run_20261005T130920538
2025-09-02,S05,P0213,CAT07,6,4,8.4,1.772,3.93,10.16,Low,,backtest,demand_forecast_run_20261005T130920538
2025-09-02,S05,P0252,CAT18,9,5,6.63,2.651,7.28,10.19,Low,,backtest,demand_forecast_run_20261005T130920538
2025-09-02,S05,P0272,CAT13,9,3,18,1.235,3.423,21.86,Low,,backtest,demand_forecast_run_20261005T130920538
2025-09-02,S05,P0288,CAT14,12,3,27.97,1.066,2.33,33.78,Low,,backtest,demand_forecast_run_20261005T130920538
2025-09-02,S05,P0316,CAT15,7,3,14,1.257,3.52,16.71,Low,,backtest,demand_forecast_run_20261005T130920538
2025-09-02,S05,P0369,CAT09,18,6,19.38,3.977,9.331,13.58,Low,,backtest,demand_forecast_run_20261005T130920538
2025-09-02,S05,P0381,CAT13,7,3,32.71,0.386,1.07,54.42,Low,,backtest,demand_forecast_run_20261005T130920538
2025-09-02,S05,P0391,CAT06,13,5,10.11,4.467,9.808,8.73,Low,,backtest,demand_forecast_run_20261005T130920538
2025-09-02,S05,P0392,CAT19,4,2,,0.55,1.332,21.84,Low,,backtest,demand_forecast_run_20261005T130920538
2025-09-02,S05,P0408,CAT16,8,3,27.97,1.012,3.529,23.71,Low,,backtest,demand_forecast_run_20261005T130920538
2025-09-02,S05,P0409,CAT12,3,3,5.25,1.969,5.05,4.57,Medium,BELOW_REORDER,backtest,demand_forecast_run_20261005T130920538
2025-09-02,S05,P0433,CAT20,5,2,34.97,0.463,1.416,32.37,Low,,backtest,demand_forecast_run_20261005T130920538
2025-09-02,S05,P0435,CAT14,10,6,8.24,4.619,10.095,6.5,Low,,backtest,demand_forecast_run_20261005T130920538
2025-09-02,S05,P0445,CAT02,8,3,16,1.692,3.438,14.19,Low,,backtest,demand_forecast_run_20261005T130920538
2025-09-02,S05,P0507,CAT02,13,9,5.52,7.801,15.855,5,Low,,backtest,demand_forecast_run_20261005T130920538
2025-09-02,S05,P0563,CAT13,13,5,9.1,2.393,6.631,16.3,Low,,backtest,demand_forecast_run_20261005T130920538
2025-09-02,S05,P0579,CAT12,6,3,41.96,1.108,2.84,16.25,Low,,backtest,demand_forecast_run_20261005T130920538
2025-09-02,S05,P0589,CAT03,7,4,19.61,2.732,4.951,7.69,Low,,backtest,demand_forecast_run_20261005T130920538
2025-09-02,S06,P0003,CAT03,19,6,16.62,2.701,4.548,21.1,Low,,backtest,demand_forecast_run_20261005T130920538
2025-09-02,S06,P0022,CAT05,9,6,18,1.817,3.594,14.86,Low,,backtest,demand_forecast_run_20261005T130920538
2025-09-02,S06,P0032,CAT11,30,18,5.18,13.168,23.677,6.83,Low,,backtest,demand_forecast_run_20261005T130920538
2025-09-02,S06,P0053,CAT06,6,4,4.67,2.483,5.505,7.25,Low,,backtest,demand_forecast_run_20261005T130920538
2025-09-02,S06,P0073,CAT13,6,4,4.94,1.943,4.146,9.26,Low,,backtest,demand_forecast_run_20261005T130920538
2025-09-02,S06,P0170,CAT17,1,4,2,1.32,2.996,2.27,High,DEMAND_EXCEEDS_STOCK|BELOW_REORDER|LOW_DAYS_COVER,backtest,demand_forecast_run_20261005T130920538
2025-09-02,S06,P0206,CAT15,14,7,6.32,3.702,7.62,11.34,Low,,backtest,demand_forecast_run_20261005T130920538
2025-09-02,S06,P0213,CAT07,10,6,12.72,3.971,7.994,7.55,Low,,backtest,demand_forecast_run_20261005T130920538
2025-09-02,S06,P0252,CAT18,11,8,5.7,4.728,11.435,6.98,Low,,backtest,demand_forecast_run_20261005T130920538
2025-09-02,S06,P0272,CAT13,8,4,16,1.521,3.245,15.78,Low,,backtest,demand_forecast_run_20261005T130920538
2025-09-02,S06,P0288,CAT14,7,4,12.26,2.102,3.805,9.99,Low,,backtest,demand_forecast_run_20261005T130920538
2025-09-02,S06,P0316,CAT15,11,4,12.84,1.728,3.556,19.1,Low,,backtest,demand_forecast_run_20261005T130920538
2025-09-02,S06,P0369,CAT09,13,10,4.44,6.54,13.666,5.96,Low,,backtest,demand_forecast_run_20261005T130920538
2025-09-02,S06,P0381,CAT13,6,4,9.33,1.352,2.884,13.32,Low,,backtest,demand_forecast_run_20261005T130920538
2025-09-02,S06,P0391,CAT06,18,7,8.69,4.414,9.786,12.23,Low,,backtest,demand_forecast_run_20261005T130920538
2025-09-02,S06,P0392,CAT19,7,3,16.32,1.981,3.703,10.6,Low,,backtest,demand_forecast_run_20261005T130920538
2025-09-02,S06,P0408,CAT16,7,5,16.32,2.226,5.396,9.43,Low,,backtest,demand_forecast_run_20261005T130920538
2025-09-02,S06,P0409,CAT12,13,5,22.77,2.004,3.864,19.46,Low,,backtest,demand_forecast_run_20261005T130920538
2025-09-02,S06,P0433,CAT20,7,3,32.71,0.882,2.231,23.81,Low,,backtest,demand_forecast_run_20261005T130920538
2025-09-02,S06,P0435,CAT14,24,9,8.4,7.168,12.97,10.05,Low,,backtest,demand_forecast_run_20261005T130920538
2025-09-02,S06,P0445,CAT02,9,4,9.69,2.609,4.1,10.35,Low,,backtest,demand_forecast_run_20261005T130920538
2025-09-02,S06,P0507,CAT02,12,17,2.75,16.334,25.673,2.2,High,DEMAND_EXCEEDS_STOCK|BELOW_REORDER|LOW_DAYS_COVER,backtest,demand_forecast_run_20261005T130920538
2025-09-02,S06,P0563,CAT13,8,6,6.59,2.957,6.31,8.12,Low,,backtest,demand_forecast_run_20261005T130920538
2025-09-02,S06,P0579,CAT12,5,4,4.67,4.438,8.557,3.38,Low,,backtest,demand_forecast_run_20261005T130920538
2025-09-02,S06,P0589,CAT03,18,6,15.75,3.167,5.332,17.05,Low,,backtest,demand_forecast_run_20261005T130920538
2025-09-02,S07,P0003,CAT03,14,5,14,2.374,4.192,17.69,Low,,backtest,demand_forecast_run_20261005T130920538
2025-09-02,S07,P0022,CAT05,13,4,13.99,2.964,5.7,13.16,Low,,backtest,demand_forecast_run_20261005T130920538
2025-09-02,S07,P0032,CAT11,27,12,6.52,8.954,17.531,9.05,Low,,backtest,demand_forecast_run_20261005T130920538
2025-09-02,S07,P0053,CAT06,4,3,8,1.186,2.952,10.12,Low,,backtest,demand_forecast_run_20261005T130920538
2025-09-02,S07,P0073,CAT13,4,3,18.69,0.409,0.995,29.35,Low,,backtest,demand_forecast_run_20261005T130920538
2025-09-02,S07,P0170,CAT17,7,3,10.89,0.96,2.974,21.88,Low,,backtest,demand_forecast_run_20261005T130920538
2025-09-02,S07,P0206,CAT15,5,5,3.89,2.341,6.701,6.41,Medium,BELOW_REORDER,backtest,demand_forecast_run_20261005T130920538
2025-09-02,S07,P0213,CAT07,15,4,19.08,1.842,4.148,24.43,Low,,backtest,demand_forecast_run_20261005T130920538
2025-09-02,S07,P0252,CAT18,13,5,6.5,3.37,8.716,11.57,Low,,backtest,demand_forecast_run_20261005T130920538
2025-09-02,S07,P0272,CAT13,9,3,42.06,0.818,1.99,33.02,Low,,backtest,demand_forecast_run_20261005T130920538
2025-09-02,S07,P0288,CAT14,6,3,7,1.84,3.67,9.78,Low,,backtest,demand_forecast_run_20261005T130920538
2025-09-02,S07,P0316,CAT15,8,3,55.94,0.39,1.117,61.51,Low,,backtest,demand_forecast_run_20261005T130920538
2025-09-02,S07,P0369,CAT09,11,7,6.7,3.463,8.534,9.53,Low,,backtest,demand_forecast_run_20261005T130920538
2025-09-02,S07,P0381,CAT13,8,3,18.65,0.92,2.239,26.09,Low,,backtest,demand_forecast_run_20261005T130920538
2025-09-02,S07,P0391,CAT06,2,5,1.22,3.914,9.743,1.53,High,DEMAND_EXCEEDS_STOCK|BELOW_REORDER|LOW_DAYS_COVER,backtest,demand_forecast_run_20261005T130920538
2025-09-02,S07,P0392,CAT19,7,3,8.17,2.692,6.578,7.8,Low,,backtest,demand_forecast_run_20261005T130920538
2025-09-02,S07,P0408,CAT16,10,3,15.55,1.324,4.73,22.66,Low,,backtest,demand_forecast_run_20261005T130920538
2025-09-02,S07,P0409,CAT12,6,4,7,3.204,7.577,5.62,Low,,backtest,demand_forecast_run_20261005T130920538
2025-09-02,S07,P0433,CAT20,3,2,,0.294,0.82,30.58,Low,,backtest,demand_forecast_run_20261005T130920538
2025-09-02,S07,P0435,CAT14,7,7,4.08,4.417,8.808,4.75,Medium,BELOW_REORDER,backtest,demand_forecast_run_20261005T130920538
2025-09-02,S07,P0445,CAT02,8,3,18.65,0.916,1.773,26.2,Low,,backtest,demand_forecast_run_20261005T130920538
2025-09-02,S07,P0507,CAT02,16,11,6.05,6.321,12.235,7.59,Low,,backtest,demand_forecast_run_20261005T130920538
2025-09-02,S07,P0563,CAT13,14,5,11.53,2.147,5.224,19.57,Low,,backtest,demand_forecast_run_20261005T130920538
2025-09-02,S07,P0579,CAT12,9,3,25.21,1.202,2.841,22.47,Low,,backtest,demand_forecast_run_20261005T130920538
2025-09-02,S07,P0589,CAT03,5,4,4.67,2.279,4.024,6.58,Low,,backtest,demand_forecast_run_20261005T130920538
2025-09-02,S08,P0003,CAT03,13,7,10.11,3.971,7.897,9.82,Low,,backtest,demand_forecast_run_20261005T130920538
2025-09-02,S08,P0022,CAT05,7,6,4.67,3.95,7.449,5.32,Low,,backtest,demand_forecast_run_20261005T130920538
2025-09-02,S08,P0032,CAT11,51,18,12.1,13.149,24.792,11.64,Low,,backtest,demand_forecast_run_20261005T130920538
2025-09-02,S08,P0053,CAT06,0,3,0,1.336,3.378,0,High,ZERO_STOCK|DEMAND_EXCEEDS_STOCK|BELOW_REORDER|LOW_DAYS_COVER,backtest,demand_forecast_run_20261005T130920538
2025-09-02,S08,P0073,CAT13,3,3,8.4,0.876,2.098,10.28,Medium,BELOW_REORDER,backtest,demand_forecast_run_20261005T130920538
2025-09-02,S08,P0170,CAT17,12,4,18.66,1.646,3.709,21.88,Low,,backtest,demand_forecast_run_20261005T130920538
2025-09-02,S08,P0206,CAT15,3,7,1.75,4.615,10.11,1.95,High,DEMAND_EXCEEDS_STOCK|BELOW_REORDER|LOW_DAYS_COVER,backtest,demand_forecast_run_20261005T130920538
2025-09-02,S08,P0213,CAT07,13,6,10.71,1.924,3.84,20.28,Low,,backtest,demand_forecast_run_20261005T130920538
2025-09-02,S08,P0252,CAT18,21,9,6.68,5.797,14.31,10.87,Low,,backtest,demand_forecast_run_20261005T130920538
2025-09-02,S08,P0272,CAT13,8,4,14.01,1.314,3.148,18.27,Low,,backtest,demand_forecast_run_20261005T130920538
2025-09-02,S08,P0288,CAT14,2,4,1.65,2.712,5.342,2.21,High,DEMAND_EXCEEDS_STOCK|BELOW_REORDER|LOW_DAYS_COVER,backtest,demand_forecast_run_20261005T130920538
2025-09-02,S08,P0316,CAT15,3,4,6.99,0.782,1.714,11.51,Medium,BELOW_REORDER,backtest,demand_forecast_run_20261005T130920538
2025-09-02,S08,P0369,CAT09,28,10,13.07,6.485,14.437,12.95,Low,,backtest,demand_forecast_run_20261005T130920538
2025-09-02,S08,P0381,CAT13,6,4,9.33,1.752,4.197,10.28,Low,,backtest,demand_forecast_run_20261005T130920538
2025-09-02,S08,P0391,CAT06,10,6,5.6,4.007,10.134,7.49,Low,,backtest,demand_forecast_run_20261005T130920538
2025-09-02,S08,P0392,CAT19,10,4,9.34,1.873,4,16.02,Low,,backtest,demand_forecast_run_20261005T130920538
2025-09-02,S08,P0408,CAT16,7,4,7.53,1.432,4.073,14.67,Low,,backtest,demand_forecast_run_20261005T130920538
2025-09-02,S08,P0409,CAT12,6,5,4.67,3.91,8.282,4.6,Low,,backtest,demand_forecast_run_20261005T130920538
2025-09-02,S08,P0433,CAT20,7,2,24.48,1.136,2.724,18.48,Low,,backtest,demand_forecast_run_20261005T130920538
2025-09-02,S08,P0435,CAT14,25,9,7.95,6.199,12.21,12.1,Low,,backtest,demand_forecast_run_20261005T130920538
2025-09-02,S08,P0445,CAT02,11,4,11.84,2.131,4.398,15.49,Low,,backtest,demand_forecast_run_20261005T130920538
2025-09-02,S08,P0507,CAT02,18,18,4.27,12.165,25.105,4.44,Medium,BELOW_REORDER,backtest,demand_forecast_run_20261005T130920538
2025-09-02,S08,P0563,CAT13,22,8,9.33,4.014,9.618,16.44,Low,,backtest,demand_forecast_run_20261005T130920538
2025-09-02,S08,P0579,CAT12,9,3,15.76,2.19,4.638,12.33,Low,,backtest,demand_forecast_run_20261005T130920538
2025-09-02,S08,P0589,CAT03,11,5,9.06,2.978,5.923,11.08,Low,,backtest,demand_forecast_run_20261005T130920538
2025-09-02,S09,P0003,CAT03,10,5,9.34,2.992,5.578,10.03,Low,,backtest,demand_forecast_run_20261005T130920538
2025-09-02,S09,P0022,CAT05,12,6,9.88,4.17,7.454,8.63,Low,,backtest,demand_forecast_run_20261005T130920538
2025-09-02,S09,P0032,CAT11,16,17,3.8,10.372,20.81,4.63,Medium,BELOW_REORDER,backtest,demand_forecast_run_20261005T130920538
2025-09-02,S09,P0053,CAT06,9,3,7,2.397,4.607,11.26,Low,,backtest,demand_forecast_run_20261005T130920538
2025-09-02,S09,P0073,CAT13,10,3,23.31,1.345,2.987,22.3,Low,,backtest,demand_forecast_run_20261005T130920538
2025-09-02,S09,P0170,CAT17,6,4,8.4,1.244,3.102,14.47,Low,,backtest,demand_forecast_run_20261005T130920538
2025-09-02,S09,P0206,CAT15,18,6,10.96,3.37,7.371,16.02,Low,,backtest,demand_forecast_run_20261005T130920538
2025-09-02,S09,P0213,CAT07,17,5,10.35,3.795,7.834,13.44,Low,,backtest,demand_forecast_run_20261005T130920538
2025-09-02,S09,P0252,CAT18,11,7,4.4,4.522,10.132,7.3,Low,,backtest,demand_forecast_run_20261005T130920538
2025-09-02,S09,P0272,CAT13,5,3,14.01,0.628,1.394,23.9,Low,,backtest,demand_forecast_run_20261005T130920538
2025-09-02,S09,P0288,CAT14,6,4,6.46,1.621,3.473,11.11,Low,,backtest,demand_forecast_run_20261005T130920538
2025-09-02,S09,P0316,CAT15,10,4,20,1.102,2.41,27.23,Low,,backtest,demand_forecast_run_20261005T130920538
2025-09-02,S09,P0369,CAT09,5,8,1.84,5.036,12.004,2.98,High,DEMAND_EXCEEDS_STOCK|BELOW_REORDER|LOW_DAYS_COVER,backtest,demand_forecast_run_20261005T130920538
2025-09-02,S09,P0381,CAT13,7,3,14,0.897,1.992,23.42,Low,,backtest,demand_forecast_run_20261005T130920538
2025-09-02,S09,P0391,CAT06,21,7,11.76,5.836,11.218,10.79,Low,,backtest,demand_forecast_run_20261005T130920538
2025-09-02,S09,P0392,CAT19,10,3,34.97,0.8,1.574,37.51,Low,,backtest,demand_forecast_run_20261005T130920538
2025-09-02,S09,P0408,CAT16,15,4,17.5,2.621,6.372,17.17,Low,,backtest,demand_forecast_run_20261005T130920538
2025-09-02,S09,P0409,CAT12,6,5,7,2.388,4.91,7.54,Low,,backtest,demand_forecast_run_20261005T130920538
2025-09-02,S09,P0433,CAT20,7,2,,0.59,1.374,35.61,Low,,backtest,demand_forecast_run_20261005T130920538
2025-09-02,S09,P0435,CAT14,10,9,3.26,6.393,13.699,4.69,Low,,backtest,demand_forecast_run_20261005T130920538
2025-09-02,S09,P0445,CAT02,9,4,9,2.593,4.603,10.41,Low,,backtest,demand_forecast_run_20261005T130920538
2025-09-02,S09,P0507,CAT02,32,16,6.79,13.788,24.481,6.96,Low,,backtest,demand_forecast_run_20261005T130920538
2025-09-02,S09,P0563,CAT13,8,6,6.59,3.497,7.767,6.86,Low,,backtest,demand_forecast_run_20261005T130920538
2025-09-02,S09,P0579,CAT12,5,3,7,2.388,4.91,6.28,Low,,backtest,demand_forecast_run_20261005T130920538
2025-09-02,S09,P0589,CAT03,10,5,5.18,4.333,8.078,6.92,Low,,backtest,demand_forecast_run_20261005T130920538
2025-09-02,S10,P0003,CAT03,16,5,28.02,3.743,5.62,12.83,Low,,backtest,demand_forecast_run_20261005T130920538
2025-09-02,S10,P0022,CAT05,6,5,6.46,3.02,5.187,5.96,Low,,backtest,demand_forecast_run_20261005T130920538
2025-09-02,S10,P0032,CAT11,23,14,5.46,11.939,21.567,5.78,Low,,backtest,demand_forecast_run_20261005T130920538
2025-09-02,S10,P0053,CAT06,8,3,37.38,0.663,1.236,36.18,Low,,backtest,demand_forecast_run_20261005T130920538
2025-09-02,S10,P0073,CAT13,8,3,22.41,0.974,1.832,24.63,Low,,backtest,demand_forecast_run_20261005T130920538
2025-09-02,S10,P0170,CAT17,4,3,6.22,1.48,3.8,8.11,Low,,backtest,demand_forecast_run_20261005T130920538
2025-09-02,S10,P0206,CAT15,14,5,17.81,2.75,6.203,15.28,Low,,backtest,demand_forecast_run_20261005T130920538
2025-09-02,S10,P0213,CAT07,13,4,13.99,3.328,6.631,11.72,Low,,backtest,demand_forecast_run_20261005T130920538
2025-09-02,S10,P0252,CAT18,18,7,9.69,3.876,9.55,13.93,Low,,backtest,demand_forecast_run_20261005T130920538
2025-09-02,S10,P0272,CAT13,9,3,42.06,0.866,1.628,31.17,Low,,backtest,demand_forecast_run_20261005T130920538
2025-09-02,S10,P0288,CAT14,8,4,7.47,2.424,4.657,9.9,Low,,backtest,demand_forecast_run_20261005T130920538
2025-09-02,S10,P0316,CAT15,12,4,56.07,0.956,2.157,37.65,Low,,backtest,demand_forecast_run_20261005T130920538
2025-09-02,S10,P0369,CAT09,7,7,3.5,4.189,10.378,5.01,Medium,BELOW_REORDER,backtest,demand_forecast_run_20261005T130920538
2025-09-02,S10,P0381,CAT13,7,3,19.61,1.191,2.239,17.63,Low,,backtest,demand_forecast_run_20261005T130920538
2025-09-02,S10,P0391,CAT06,12,5,6.22,5.023,9.359,7.17,Low,,backtest,demand_forecast_run_20261005T130920538
2025-09-02,S10,P0392,CAT19,5,3,10,1.41,3.042,10.64,Low,,backtest,demand_forecast_run_20261005T130920538
2025-09-02,S10,P0408,CAT16,11,4,13.99,1.202,3.304,27.46,Low,,backtest,demand_forecast_run_20261005T130920538
2025-09-02,S10,P0409,CAT12,9,5,11.45,4.451,10.267,6.07,Low,,backtest,demand_forecast_run_20261005T130920538
2025-09-02,S10,P0433,CAT20,5,2,17.48,0.709,1.721,21.17,Low,,backtest,demand_forecast_run_20261005T130920538
2025-09-02,S10,P0435,CAT14,23,7,8.47,5.84,11.219,11.81,Low,,backtest,demand_forecast_run_20261005T130920538
2025-09-02,S10,P0445,CAT02,10,3,34.97,0.974,1.558,30.79,Low,,backtest,demand_forecast_run_20261005T130920538
2025-09-02,S10,P0507,CAT02,32,13,8.78,13.884,22.195,6.91,Low,,backtest,demand_forecast_run_20261005T130920538
2025-09-02,S10,P0563,CAT13,15,6,8.08,4.873,9.159,9.24,Low,,backtest,demand_forecast_run_20261005T130920538
2025-09-02,S10,P0579,CAT12,10,3,20,2.023,4.667,14.83,Low,,backtest,demand_forecast_run_20261005T130920538
2025-09-02,S10,P0589,CAT03,10,4,8.75,3.443,5.17,8.71,Low,,backtest,demand_forecast_run_20261005T130920538
2025-09-02,S11,P0003,CAT03,7,6,5.44,5.425,8.13,3.87,Low,,backtest,demand_forecast_run_20261005T130920538
2025-09-02,S11,P0022,CAT05,18,6,9.69,4.656,6.502,11.6,Low,,backtest,demand_forecast_run_20261005T130920538
2025-09-02,S11,P0032,CAT11,17,20,3.26,15.737,24.584,3.24,Medium,BELOW_REORDER,backtest,demand_forecast_run_20261005T130920538
2025-09-02,S11,P0053,CAT06,0,4,0,2.067,3.714,0,High,ZERO_STOCK|DEMAND_EXCEEDS_STOCK|BELOW_REORDER|LOW_DAYS_COVER,backtest,demand_forecast_run_20261005T130920538
2025-09-02,S11,P0073,CAT13,9,3,11.45,1.247,2.302,21.66,Low,,backtest,demand_forecast_run_20261005T130920538
2025-09-02,S11,P0170,CAT17,8,4,12.44,2.231,4.482,10.76,Low,,backtest,demand_forecast_run_20261005T130920538
2025-09-02,S11,P0206,CAT15,13,7,9.58,3.323,5.382,11.73,Low,,backtest,demand_forecast_run_20261005T130920538
2025-09-02,S11,P0213,CAT07,5,6,2.8,3.766,6.499,3.98,Medium,BELOW_REORDER|LOW_DAYS_COVER,backtest,demand_forecast_run_20261005T130920538
2025-09-02,S11,P0252,CAT18,15,9,7,7.378,15.59,6.1,Low,,backtest,demand_forecast_run_20261005T130920538
2025-09-02,S11,P0272,CAT13,10,4,15.55,2.493,4.603,12.03,Low,,backtest,demand_forecast_run_20261005T130920538
2025-09-02,S11,P0288,CAT14,14,5,11.53,2.695,4.812,15.59,Low,,backtest,demand_forecast_run_20261005T130920538
2025-09-02,S11,P0316,CAT15,6,4,4.42,2.576,4.171,6.99,Low,,backtest,demand_forecast_run_20261005T130920538
2025-09-02,S11,P0369,CAT09,17,9,6.43,6.426,12.584,7.94,Low,,backtest,demand_forecast_run_20261005T130920538
2025-09-02,S11,P0381,CAT13,12,4,8.4,2.493,4.603,14.44,Low,,backtest,demand_forecast_run_20261005T130920538
2025-09-02,S11,P0391,CAT06,17,7,11.9,6.329,11.373,8.06,Low,,backtest,demand_forecast_run_20261005T130920538
2025-09-02,S11,P0392,CAT19,6,3,7.63,2.17,3.897,8.3,Low,,backtest,demand_forecast_run_20261005T130920538
2025-09-02,S11,P0408,CAT16,0,5,0,2.607,6.202,0,High,ZERO_STOCK|DEMAND_EXCEEDS_STOCK|BELOW_REORDER|LOW_DAYS_COVER,backtest,demand_forecast_run_20261005T130920538
2025-09-02,S11,P0409,CAT12,4,5,3.5,3.78,7.106,3.17,Medium,BELOW_REORDER,backtest,demand_forecast_run_20261005T130920538
2025-09-02,S11,P0433,CAT20,11,3,51.4,0.421,0.931,78.46,Low,,backtest,demand_forecast_run_20261005T130920538
2025-09-02,S11,P0435,CAT14,29,9,7,6.954,12.418,12.51,Low,,backtest,demand_forecast_run_20261005T130920538
2025-09-02,S11,P0445,CAT02,9,5,7.41,3.795,5.984,7.11,Low,,backtest,demand_forecast_run_20261005T130920538
2025-09-02,S11,P0507,CAT02,48,18,11.2,16.603,26.178,8.67,Low,,backtest,demand_forecast_run_20261005T130920538
2025-09-02,S11,P0563,CAT13,13,7,4.33,5.37,9.915,7.26,Low,,backtest,demand_forecast_run_20261005T130920538
2025-09-02,S11,P0579,CAT12,10,3,15.55,2.025,3.807,14.82,Low,,backtest,demand_forecast_run_20261005T130920538
2025-09-02,S11,P0589,CAT03,10,5,11.67,3.338,5.003,8.99,Low,,backtest,demand_forecast_run_20261005T130920538
2025-09-02,S12,P0003,CAT03,11,6,11.84,3.662,6.883,9.01,Low,,backtest,demand_forecast_run_20261005T130920538
2025-09-02,S12,P0022,CAT05,9,5,7.41,3.56,5.692,7.58,Low,,backtest,demand_forecast_run_20261005T130920538
2025-09-02,S12,P0032,CAT11,20,15,5.96,10.86,19.578,5.53,Low,,backtest,demand_forecast_run_20261005T130920538
2025-09-02,S12,P0053,CAT06,7,3,8.91,1.591,3.886,13.2,Low,,backtest,demand_forecast_run_20261005T130920538
2025-09-02,S12,P0073,CAT13,4,3,9.32,0.556,1.182,21.59,Low,,backtest,demand_forecast_run_20261005T130920538
2025-09-02,S12,P0170,CAT17,9,3,10.5,1.38,3.995,19.57,Low,,backtest,demand_forecast_run_20261005T130920538
2025-09-02,S12,P0206,CAT15,15,6,19.08,1.962,4.916,22.94,Low,,backtest,demand_forecast_run_20261005T130920538
2025-09-02,S12,P0213,CAT07,13,5,15.17,2.388,5.749,16.33,Low,,backtest,demand_forecast_run_20261005T130920538
2025-09-02,S12,P0252,CAT18,20,7,10.37,4.144,10.881,14.48,Low,,backtest,demand_forecast_run_20261005T130920538
2025-09-02,S12,P0272,CAT13,2,3,2.8,1.39,2.954,4.32,Medium,BELOW_REORDER|LOW_DAYS_COVER,backtest,demand_forecast_run_20261005T130920538
2025-09-02,S12,P0288,CAT14,8,4,37.38,1.168,2.489,20.55,Low,,backtest,demand_forecast_run_20261005T130920538
2025-09-02,S12,P0316,CAT15,9,3,9.69,1.455,3.647,18.55,Low,,backtest,demand_forecast_run_20261005T130920538
2025-09-02,S12,P0369,CAT09,17,8,10.82,5.444,12.411,9.37,Low,,backtest,demand_forecast_run_20261005T130920538
2025-09-02,S12,P0381,CAT13,2,3,3.11,1.204,2.56,4.98,Medium,BELOW_REORDER,backtest,demand_forecast_run_20261005T130920538
2025-09-02,S12,P0391,CAT06,4,5,2.95,3.295,8.049,3.64,Medium,BELOW_REORDER|LOW_DAYS_COVER,backtest,demand_forecast_run_20261005T130920538
2025-09-02,S12,P0392,CAT19,6,3,20.98,1.252,3.282,14.38,Low,,backtest,demand_forecast_run_20261005T130920538
2025-09-02,S12,P0408,CAT16,11,4,22,1.268,3.471,26.02,Low,,backtest,demand_forecast_run_20261005T130920538
2025-09-02,S12,P0409,CAT12,10,4,17.51,2.664,6.28,11.26,Low,,backtest,demand_forecast_run_20261005T130920538
2025-09-02,S12,P0433,CAT20,2,2,9.35,0.567,1.634,10.58,Medium,BELOW_REORDER,backtest,demand_forecast_run_20261005T130920538
2025-09-02,S12,P0435,CAT14,19,6,13.3,5.693,12.135,10.01,Low,,backtest,demand_forecast_run_20261005T130920538
2025-09-02,S12,P0445,CAT02,6,3,28.04,1.304,2.363,13.8,Low,,backtest,demand_forecast_run_20261005T130920538
2025-09-02,S12,P0507,CAT02,34,14,15.87,11.263,20.409,9.06,Low,,backtest,demand_forecast_run_20261005T130920538
2025-09-02,S12,P0563,CAT13,4,6,4.67,2.686,5.712,4.47,Medium,BELOW_REORDER,backtest,demand_forecast_run_20261005T130920538
2025-09-02,S12,P0579,CAT12,5,3,7.78,1.649,3.888,9.1,Low,,backtest,demand_forecast_run_20261005T130920538
2025-09-02,S12,P0589,CAT03,11,4,15.41,2.517,4.732,13.11,Low,,backtest,demand_forecast_run_20261005T130920538
2025-09-03,S01,P0003,CAT03,12,6,8.4,3.981,6.773,9.04,Low,,backtest,demand_forecast_run_20261005T130920538
2025-09-03,S01,P0022,CAT05,6,5,4.67,3.342,5.177,5.39,Low,,backtest,demand_forecast_run_20261005T130920538
2025-09-03,S01,P0032,CAT11,18,14,4.5,11.277,18.73,4.79,Low,,backtest,demand_forecast_run_20261005T130920538
2025-09-03,S01,P0053,CAT06,9,3,31.47,2.124,3.974,12.71,Low,,backtest,demand_forecast_run_20261005T130920538
2025-09-03,S01,P0073,CAT13,5,3,7,1.592,3.081,9.42,Low,,backtest,demand_forecast_run_20261005T130920538
2025-09-03,S01,P0170,CAT17,8,4,14.01,1.767,4.427,13.58,Low,,backtest,demand_forecast_run_20261005T130920538
2025-09-03,S01,P0206,CAT15,0,6,0,3.468,6.948,0,High,ZERO_STOCK|DEMAND_EXCEEDS_STOCK|BELOW_REORDER|LOW_DAYS_COVER,backtest,demand_forecast_run_20261005T130920538
2025-09-03,S01,P0213,CAT07,16,5,20.36,2.176,4.642,22.06,Low,,backtest,demand_forecast_run_20261005T130920538
2025-09-03,S01,P0252,CAT18,24,7,10.84,5.87,14.433,12.26,Low,,backtest,demand_forecast_run_20261005T130920538
2025-09-03,S01,P0272,CAT13,7,3,14,2.016,3.903,10.41,Low,,backtest,demand_forecast_run_20261005T130920538
2025-09-03,S01,P0288,CAT14,15,4,104.9,2.786,5.271,16.15,Low,,backtest,demand_forecast_run_20261005T130920538
2025-09-03,S01,P0316,CAT15,6,3,28.04,0.771,1.544,23.36,Low,,backtest,demand_forecast_run_20261005T130920538
2025-09-03,S01,P0369,CAT09,23,8,15.33,6.147,12.678,11.22,Low,,backtest,demand_forecast_run_20261005T130920538
2025-09-03,S01,P0381,CAT13,7,3,14,1.486,2.876,14.13,Low,,backtest,demand_forecast_run_20261005T130920538
2025-09-03,S01,P0391,CAT06,16,5,11.79,7.221,13.513,6.65,Low,,backtest,demand_forecast_run_20261005T130920538
2025-09-03,S01,P0392,CAT19,11,3,30.81,3.519,6.578,9.38,Low,,backtest,demand_forecast_run_20261005T130920538
2025-09-03,S01,P0408,CAT16,2,4,3.5,1.818,4.877,3.3,Medium,BELOW_REORDER,backtest,demand_forecast_run_20261005T130920538
2025-09-03,S01,P0409,CAT12,3,4,6.99,3.232,5.997,2.78,High,DEMAND_EXCEEDS_STOCK|BELOW_REORDER,backtest,demand_forecast_run_20261005T130920538
2025-09-03,S01,P0433,CAT20,6,3,41.96,0.783,2.063,22.98,Low,,backtest,demand_forecast_run_20261005T130920538
2025-09-03,S01,P0435,CAT14,10,7,7,5.262,9.956,5.7,Low,,backtest,demand_forecast_run_20261005T130920538
2025-09-03,S01,P0445,CAT02,2,4,4,2.864,5.066,2.09,High,DEMAND_EXCEEDS_STOCK|BELOW_REORDER,backtest,demand_forecast_run_20261005T130920538
2025-09-03,S01,P0507,CAT02,40,14,11.43,9.915,17.536,12.1,Low,,backtest,demand_forecast_run_20261005T130920538
2025-09-03,S01,P0563,CAT13,6,6,7,3.078,5.957,5.85,Medium,BELOW_REORDER,backtest,demand_forecast_run_20261005T130920538
2025-09-03,S01,P0579,CAT12,4,3,11.2,2.552,4.735,4.7,Low,,backtest,demand_forecast_run_20261005T130920538
2025-09-03,S01,P0589,CAT03,12,4,18.66,2.654,4.515,13.57,Low,,backtest,demand_forecast_run_20261005T130920538
2025-09-03,S02,P0003,CAT03,16,6,8.62,4.313,7.754,11.13,Low,,backtest,demand_forecast_run_20261005T130920538
2025-09-03,S02,P0022,CAT05,12,6,8.4,3.739,6.1,9.63,Low,,backtest,demand_forecast_run_20261005T130920538
2025-09-03,S02,P0032,CAT11,14,17,3.06,9.809,17.396,4.28,Medium,BELOW_REORDER,backtest,demand_forecast_run_20261005T130920538
2025-09-03,S02,P0053,CAT06,3,3,14.02,1.476,2.936,6.1,Medium,BELOW_REORDER,backtest,demand_forecast_run_20261005T130920538
2025-09-03,S02,P0073,CAT13,6,3,12,1.409,2.643,12.77,Low,,backtest,demand_forecast_run_20261005T130920538
2025-09-03,S02,P0170,CAT17,5,3,5.83,1.491,3.648,10.06,Low,,backtest,demand_forecast_run_20261005T130920538
2025-09-03,S02,P0206,CAT15,9,6,12.61,4.53,7.974,5.96,Low,,backtest,demand_forecast_run_20261005T130920538
2025-09-03,S02,P0213,CAT07,9,5,7.87,3.064,6.856,8.81,Low,,backtest,demand_forecast_run_20261005T130920538
2025-09-03,S02,P0252,CAT18,6,7,4,5.108,12.021,3.52,Medium,BELOW_REORDER,backtest,demand_forecast_run_20261005T130920538
2025-09-03,S02,P0272,CAT13,13,3,45.45,1.174,2.202,33.21,Low,,backtest,demand_forecast_run_20261005T130920538
2025-09-03,S02,P0288,CAT14,12,4,15.27,2.576,4.342,13.97,Low,,backtest,demand_forecast_run_20261005T130920538
2025-09-03,S02,P0316,CAT15,3,3,20.98,1.424,2.506,6.32,Medium,BELOW_REORDER,backtest,demand_forecast_run_20261005T130920538
2025-09-03,S02,P0369,CAT09,13,8,7.28,4.886,11.386,7.98,Low,,backtest,demand_forecast_run_20261005T130920538
2025-09-03,S02,P0381,CAT13,10,3,15.55,1.527,2.863,19.65,Low,,backtest,demand_forecast_run_20261005T130920538
2025-09-03,S02,P0391,CAT06,12,7,6.72,5.904,11.744,6.1,Low,,backtest,demand_forecast_run_20261005T130920538
2025-09-03,S02,P0392,CAT19,9,3,14,1.271,2.531,21.24,Low,,backtest,demand_forecast_run_20261005T130920538
2025-09-03,S02,P0408,CAT16,13,4,18.21,3.329,7.942,11.71,Low,,backtest,demand_forecast_run_20261005T130920538
2025-09-03,S02,P0409,CAT12,11,5,7.7,5.568,11.86,5.93,Low,,backtest,demand_forecast_run_20261005T130920538
2025-09-03,S02,P0433,CAT20,8,3,,0.459,1.193,52.29,Low,,backtest,demand_forecast_run_20261005T130920538
2025-09-03,S02,P0435,CAT14,23,8,7.85,7.36,12.407,9.37,Low,,backtest,demand_forecast_run_20261005T130920538
2025-09-03,S02,P0445,CAT02,14,4,48.95,1.138,2.04,36.9,Low,,backtest,demand_forecast_run_20261005T130920538
2025-09-03,S02,P0507,CAT02,23,15,5.75,11.898,21.324,5.8,Low,,backtest,demand_forecast_run_20261005T130920538
2025-09-03,S02,P0563,CAT13,12,6,12,4.698,8.81,7.66,Low,,backtest,demand_forecast_run_20261005T130920538
2025-09-03,S02,P0579,CAT12,7,3,24.48,2.284,4.866,9.19,Low,,backtest,demand_forecast_run_20261005T130920538
2025-09-03,S02,P0589,CAT03,9,4,10.5,2.106,3.786,12.82,Low,,backtest,demand_forecast_run_20261005T130920538
2025-09-03,S03,P0003,CAT03,0,6,0,3.26,6.109,0,High,ZERO_STOCK|DEMAND_EXCEEDS_STOCK|BELOW_REORDER|LOW_DAYS_COVER,backtest,demand_forecast_run_20261005T130920538
2025-09-03,S03,P0022,CAT05,7,5,6.54,1.973,3.302,10.64,Low,,backtest,demand_forecast_run_20261005T130920538
2025-09-03,S03,P0032,CAT11,45,15,14.32,11.212,21.004,12.04,Low,,backtest,demand_forecast_run_20261005T130920538
2025-09-03,S03,P0053,CAT06,8,4,12.44,3.306,6.871,7.26,Low,,backtest,demand_forecast_run_20261005T130920538
2025-09-03,S03,P0073,CAT13,4,3,27.97,0.431,0.87,27.82,Low,,backtest,demand_forecast_run_20261005T130920538
2025-09-03,S03,P0170,CAT17,11,4,17.11,1.926,4.863,17.14,Low,,backtest,demand_forecast_run_20261005T130920538
2025-09-03,S03,P0206,CAT15,16,6,14,4.251,9.12,11.29,Low,,backtest,demand_forecast_run_20261005T130920538
2025-09-03,S03,P0213,CAT07,7,4,10.89,1.897,4.653,11.07,Low,,backtest,demand_forecast_run_20261005T130920538
2025-09-03,S03,P0252,CAT18,10,8,4.37,4.251,10.505,7.06,Low,,backtest,demand_forecast_run_20261005T130920538
2025-09-03,S03,P0272,CAT13,7,3,19.61,1.581,3.19,13.28,Low,,backtest,demand_forecast_run_20261005T130920538
2025-09-03,S03,P0288,CAT14,10,3,46.73,1.435,3.026,20.91,Low,,backtest,demand_forecast_run_20261005T130920538
2025-09-03,S03,P0316,CAT15,6,4,7.63,1.7,3.648,10.59,Low,,backtest,demand_forecast_run_20261005T130920538
2025-09-03,S03,P0369,CAT09,23,8,10.06,4.762,10.705,14.49,Low,,backtest,demand_forecast_run_20261005T130920538
2025-09-03,S03,P0381,CAT13,9,3,31.47,1.15,2.32,23.48,Low,,backtest,demand_forecast_run_20261005T130920538
2025-09-03,S03,P0391,CAT06,15,6,7.24,6.121,12.724,7.35,Low,,backtest,demand_forecast_run_20261005T130920538
2025-09-03,S03,P0392,CAT19,10,3,23.31,2.015,4.495,14.89,Low,,backtest,demand_forecast_run_20261005T130920538
2025-09-03,S03,P0408,CAT16,11,4,25.64,1.454,3.829,22.69,Low,,backtest,demand_forecast_run_20261005T130920538
2025-09-03,S03,P0409,CAT12,13,4,20.22,3.354,7.012,11.63,Low,,backtest,demand_forecast_run_20261005T130920538
2025-09-03,S03,P0433,CAT20,2,2,13.99,0.565,1.168,10.62,Medium,BELOW_REORDER,backtest,demand_forecast_run_20261005T130920538
2025-09-03,S03,P0435,CAT14,7,7,3.77,5.478,11.555,3.83,Medium,BELOW_REORDER,backtest,demand_forecast_run_20261005T130920538
2025-09-03,S03,P0445,CAT02,10,3,23.31,1.205,2.429,24.9,Low,,backtest,demand_forecast_run_20261005T130920538
2025-09-03,S03,P0507,CAT02,35,14,9.42,11.171,22.522,9.4,Low,,backtest,demand_forecast_run_20261005T130920538
2025-09-03,S03,P0563,CAT13,18,6,14,5.319,10.731,10.15,Low,,backtest,demand_forecast_run_20261005T130920538
2025-09-03,S03,P0579,CAT12,5,3,6.36,2.422,5.064,6.19,Low,,backtest,demand_forecast_run_20261005T130920538
2025-09-03,S03,P0589,CAT03,6,5,4.94,3.152,5.906,5.71,Low,,backtest,demand_forecast_run_20261005T130920538
2025-09-03,S04,P0003,CAT03,12,5,11.2,3.476,6.104,10.36,Low,,backtest,demand_forecast_run_20261005T130920538
2025-09-03,S04,P0022,CAT05,10,5,15.55,2.312,4.109,12.97,Low,,backtest,demand_forecast_run_20261005T130920538
2025-09-03,S04,P0032,CAT11,24,12,9.6,8.996,18.337,8,Low,,backtest,demand_forecast_run_20261005T130920538
2025-09-03,S04,P0053,CAT06,8,3,16,1.661,3.563,14.45,Low,,backtest,demand_forecast_run_20261005T130920538
2025-09-03,S04,P0073,CAT13,0,2,0,1.488,2.89,0,High,ZERO_STOCK|DEMAND_EXCEEDS_STOCK|BELOW_REORDER|LOW_DAYS_COVER,backtest,demand_forecast_run_20261005T130920538
2025-09-03,S04,P0170,CAT17,4,3,6.22,1.479,4.008,8.11,Low,,backtest,demand_forecast_run_20261005T130920538
2025-09-03,S04,P0206,CAT15,4,5,2.95,3.385,7.49,3.55,Medium,BELOW_REORDER|LOW_DAYS_COVER,backtest,demand_forecast_run_20261005T130920538
2025-09-03,S04,P0213,CAT07,6,4,41.96,0.997,2.346,18.05,Low,,backtest,demand_forecast_run_20261005T130920538
2025-09-03,S04,P0252,CAT18,16,6,22.41,2.9,7.144,16.55,Low,,backtest,demand_forecast_run_20261005T130920538
2025-09-03,S04,P0272,CAT13,6,3,16.81,1.785,3.468,10.08,Low,,backtest,demand_forecast_run_20261005T130920538
2025-09-03,S04,P0288,CAT14,5,4,7.78,1.601,3.411,9.37,Low,,backtest,demand_forecast_run_20261005T130920538
2025-09-03,S04,P0316,CAT15,5,3,17.48,0.732,1.62,20.5,Low,,backtest,demand_forecast_run_20261005T130920538
2025-09-03,S04,P0369,CAT09,14,6,8.52,3.739,9.434,11.23,Low,,backtest,demand_forecast_run_20261005T130920538
2025-09-03,S04,P0381,CAT13,4,3,13.99,1.934,3.757,6.21,Low,,backtest,demand_forecast_run_20261005T130920538
2025-09-03,S04,P0391,CAT06,8,5,7,3.766,8.077,6.37,Low,,backtest,demand_forecast_run_20261005T130920538
2025-09-03,S04,P0392,CAT19,6,3,28.04,1.072,2.333,16.78,Low,,backtest,demand_forecast_run_20261005T130920538
2025-09-03,S04,P0408,CAT16,3,3,6,1.327,4.394,6.78,Medium,BELOW_REORDER,backtest,demand_forecast_run_20261005T130920538
2025-09-03,S04,P0409,CAT12,6,4,12,2.98,6.365,6.04,Low,,backtest,demand_forecast_run_20261005T130920538
2025-09-03,S04,P0433,CAT20,0,2,,0.6,1.554,0,High,ZERO_STOCK|DEMAND_EXCEEDS_STOCK|BELOW_REORDER,backtest,demand_forecast_run_20261005T130920538
2025-09-03,S04,P0435,CAT14,11,6,6.16,5.231,11.142,6.31,Low,,backtest,demand_forecast_run_20261005T130920538
2025-09-03,S04,P0445,CAT02,8,3,37.38,0.719,1.407,33.38,Low,,backtest,demand_forecast_run_20261005T130920538
2025-09-03,S04,P0507,CAT02,19,11,8.31,10.666,20.869,5.34,Low,,backtest,demand_forecast_run_20261005T130920538
2025-09-03,S04,P0563,CAT13,6,5,12,3.124,6.068,5.76,Low,,backtest,demand_forecast_run_20261005T130920538
2025-09-03,S04,P0579,CAT12,6,3,28.04,1.052,2.246,17.12,Low,,backtest,demand_forecast_run_20261005T130920538
2025-09-03,S04,P0589,CAT03,17,4,18.3,2.446,4.295,20.85,Low,,backtest,demand_forecast_run_20261005T130920538
2025-09-03,S05,P0003,CAT03,4,4,11.2,2.354,4.107,5.1,Medium,BELOW_REORDER,backtest,demand_forecast_run_20261005T130920538
2025-09-03,S05,P0022,CAT05,15,4,19.08,2.959,5.463,15.21,Low,,backtest,demand_forecast_run_20261005T130920538
2025-09-03,S05,P0032,CAT11,30,11,12.35,7.754,15.653,11.61,Low,,backtest,demand_forecast_run_20261005T130920538
2025-09-03,S05,P0053,CAT06,6,3,28.04,0.699,1.44,25.75,Low,,backtest,demand_forecast_run_20261005T130920538
2025-09-03,S05,P0073,CAT13,5,2,11.66,0.601,1.651,24.97,Low,,backtest,demand_forecast_run_20261005T130920538
2025-09-03,S05,P0170,CAT17,8,3,16,0.908,2.502,26.44,Low,,backtest,demand_forecast_run_20261005T130920538
2025-09-03,S05,P0206,CAT15,8,4,18.65,1.941,4.892,12.37,Low,,backtest,demand_forecast_run_20261005T130920538
2025-09-03,S05,P0213,CAT07,6,4,8.4,1.694,4.034,10.63,Low,,backtest,demand_forecast_run_20261005T130920538
2025-09-03,S05,P0252,CAT18,9,5,7,2.961,7.412,9.12,Low,,backtest,demand_forecast_run_20261005T130920538
2025-09-03,S05,P0272,CAT13,7,3,10.89,1.545,4.245,13.59,Low,,backtest,demand_forecast_run_20261005T130920538
2025-09-03,S05,P0288,CAT14,12,3,27.97,0.994,2.542,36.21,Low,,backtest,demand_forecast_run_20261005T130920538
2025-09-03,S05,P0316,CAT15,11,3,38.46,1.536,3.873,21.48,Low,,backtest,demand_forecast_run_20261005T130920538
2025-09-03,S05,P0369,CAT09,18,6,21,4.001,9.386,13.5,Low,,backtest,demand_forecast_run_20261005T130920538
2025-09-03,S05,P0381,CAT13,7,3,32.71,0.429,1.179,48.93,Low,,backtest,demand_forecast_run_20261005T130920538
2025-09-03,S05,P0391,CAT06,13,5,11.37,5.068,10.443,7.7,Low,,backtest,demand_forecast_run_20261005T130920538
2025-09-03,S05,P0392,CAT19,4,2,,0.586,1.353,20.48,Low,,backtest,demand_forecast_run_20261005T130920538
2025-09-03,S05,P0408,CAT16,8,3,27.97,1.155,3.605,20.78,Low,,backtest,demand_forecast_run_20261005T130920538
2025-09-03,S05,P0409,CAT12,3,3,5.25,2.086,5.43,4.31,Medium,BELOW_REORDER,backtest,demand_forecast_run_20261005T130920538
2025-09-03,S05,P0433,CAT20,2,2,13.99,0.525,1.602,11.43,Medium,BELOW_REORDER,backtest,demand_forecast_run_20261005T130920538
2025-09-03,S05,P0435,CAT14,9,6,7,4.39,11.228,6.15,Low,,backtest,demand_forecast_run_20261005T130920538
2025-09-03,S05,P0445,CAT02,8,3,16,1.616,3.392,14.85,Low,,backtest,demand_forecast_run_20261005T130920538
2025-09-03,S05,P0507,CAT02,11,9,4.53,7.001,14.697,4.71,Low,,backtest,demand_forecast_run_20261005T130920538
2025-09-03,S05,P0563,CAT13,13,5,9.58,2.66,7.311,14.66,Low,,backtest,demand_forecast_run_20261005T130920538
2025-09-03,S05,P0579,CAT12,4,3,13.99,1.434,3.733,8.37,Low,,backtest,demand_forecast_run_20261005T130920538
2025-09-03,S05,P0589,CAT03,2,4,2.8,3.323,5.798,1.81,High,DEMAND_EXCEEDS_STOCK|BELOW_REORDER|LOW_DAYS_COVER,backtest,demand_forecast_run_20261005T130920538
2025-09-03,S06,P0003,CAT03,18,6,14.83,2.686,4.651,20.1,Low,,backtest,demand_forecast_run_20261005T130920538
2025-09-03,S06,P0022,CAT05,6,6,9.33,2.191,4.144,8.22,Medium,BELOW_REORDER,backtest,demand_forecast_run_20261005T130920538
2025-09-03,S06,P0032,CAT11,24,18,3.95,13.44,24.397,5.36,Low,,backtest,demand_forecast_run_20261005T130920538
2025-09-03,S06,P0053,CAT06,6,4,6,2.801,5.428,6.43,Low,,backtest,demand_forecast_run_20261005T130920538
2025-09-03,S06,P0073,CAT13,5,4,4.37,2.395,4.855,6.26,Low,,backtest,demand_forecast_run_20261005T130920538
2025-09-03,S06,P0170,CAT17,1,4,1.56,1.789,3.409,1.68,High,DEMAND_EXCEEDS_STOCK|BELOW_REORDER|LOW_DAYS_COVER,backtest,demand_forecast_run_20261005T130920538
2025-09-03,S06,P0206,CAT15,13,7,5.69,4.751,9.112,8.21,Low,,backtest,demand_forecast_run_20261005T130920538
2025-09-03,S06,P0213,CAT07,6,6,6,4.283,8.614,4.2,Medium,BELOW_REORDER,backtest,demand_forecast_run_20261005T130920538
2025-09-03,S06,P0252,CAT18,10,8,5.18,4.912,11.444,6.11,Low,,backtest,demand_forecast_run_20261005T130920538
2025-09-03,S06,P0272,CAT13,8,4,16,1.796,3.641,13.36,Low,,backtest,demand_forecast_run_20261005T130920538
2025-09-03,S06,P0288,CAT14,4,4,5.09,2.377,4.329,5.05,Medium,BELOW_REORDER,backtest,demand_forecast_run_20261005T130920538
2025-09-03,S06,P0316,CAT15,11,4,12.84,2.138,4.1,15.43,Low,,backtest,demand_forecast_run_20261005T130920538
2025-09-03,S06,P0369,CAT09,13,10,4.55,7.25,14.223,5.38,Low,,backtest,demand_forecast_run_20261005T130920538
2025-09-03,S06,P0381,CAT13,6,4,9.33,1.597,3.236,11.27,Low,,backtest,demand_forecast_run_20261005T130920538
2025-09-03,S06,P0391,CAT06,17,7,7.93,5.082,9.851,10.03,Low,,backtest,demand_forecast_run_20261005T130920538
2025-09-03,S06,P0392,CAT19,6,3,12,2.493,4.254,7.22,Low,,backtest,demand_forecast_run_20261005T130920538
2025-09-03,S06,P0408,CAT16,5,5,10,2.51,5.917,5.98,Medium,BELOW_REORDER,backtest,demand_forecast_run_20261005T130920538
2025-09-03,S06,P0409,CAT12,12,5,18.66,2.384,4.541,15.1,Low,,backtest,demand_forecast_run_20261005T130920538
2025-09-03,S06,P0433,CAT20,7,3,32.71,1.121,2.527,18.74,Low,,backtest,demand_forecast_run_20261005T130920538
2025-09-03,S06,P0435,CAT14,22,9,7.7,7.227,13.161,9.13,Low,,backtest,demand_forecast_run_20261005T130920538
2025-09-03,S06,P0445,CAT02,4,4,3.5,2.512,4.206,4.78,Medium,BELOW_REORDER,backtest,demand_forecast_run_20261005T130920538
2025-09-03,S06,P0507,CAT02,57,17,13.53,12.557,21.028,13.62,Low,,backtest,demand_forecast_run_20261005T130920538
2025-09-03,S06,P0563,CAT13,8,6,7,3.393,6.877,7.07,Low,,backtest,demand_forecast_run_20261005T130920538
2025-09-03,S06,P0579,CAT12,4,4,3.5,5.086,9.688,2.36,High,DEMAND_EXCEEDS_STOCK|BELOW_REORDER,backtest,demand_forecast_run_20261005T130920538
2025-09-03,S06,P0589,CAT03,16,6,14,3.224,5.582,14.89,Low,,backtest,demand_forecast_run_20261005T130920538
2025-09-03,S07,P0003,CAT03,14,5,17.81,2.329,4.385,18.03,Low,,backtest,demand_forecast_run_20261005T130920538
2025-09-03,S07,P0022,CAT05,10,4,8.75,3.514,6.647,8.54,Low,,backtest,demand_forecast_run_20261005T130920538
2025-09-03,S07,P0032,CAT11,19,12,4.29,9.83,19.096,5.8,Low,,backtest,demand_forecast_run_20261005T130920538
2025-09-03,S07,P0053,CAT06,2,3,3.5,1.362,3.406,4.4,Medium,BELOW_REORDER,backtest,demand_forecast_run_20261005T130920538
2025-09-03,S07,P0073,CAT13,4,3,18.69,0.503,1.169,23.84,Low,,backtest,demand_forecast_run_20261005T130920538
2025-09-03,S07,P0170,CAT17,7,3,10.89,1.116,3.177,18.81,Low,,backtest,demand_forecast_run_20261005T130920538
2025-09-03,S07,P0206,CAT15,16,5,12.44,3.077,7.447,15.6,Low,,backtest,demand_forecast_run_20261005T130920538
2025-09-03,S07,P0213,CAT07,15,4,19.08,1.505,3.817,29.9,Low,,backtest,demand_forecast_run_20261005T130920538
2025-09-03,S07,P0252,CAT18,11,5,5.13,3.385,9.277,9.75,Low,,backtest,demand_forecast_run_20261005T130920538
2025-09-03,S07,P0272,CAT13,9,3,42.06,1.007,2.338,26.82,Low,,backtest,demand_forecast_run_20261005T130920538
2025-09-03,S07,P0288,CAT14,6,3,7,1.838,3.764,9.79,Low,,backtest,demand_forecast_run_20261005T130920538
2025-09-03,S07,P0316,CAT15,8,3,55.94,0.513,1.241,46.79,Low,,backtest,demand_forecast_run_20261005T130920538
2025-09-03,S07,P0369,CAT09,11,7,6.7,3.492,8.834,9.45,Low,,backtest,demand_forecast_run_20261005T130920538
2025-09-03,S07,P0381,CAT13,8,3,18.65,1.133,2.63,21.19,Low,,backtest,demand_forecast_run_20261005T130920538
2025-09-03,S07,P0391,CAT06,19,5,11.56,3.963,9.907,14.38,Low,,backtest,demand_forecast_run_20261005T130920538
2025-09-03,S07,P0392,CAT19,6,3,7,2.759,7.168,6.52,Low,,backtest,demand_forecast_run_20261005T130920538
2025-09-03,S07,P0408,CAT16,10,3,23.31,1.425,4.817,21.05,Low,,backtest,demand_forecast_run_20261005T130920538
2025-09-03,S07,P0409,CAT12,6,4,7,2.9,7.711,6.21,Low,,backtest,demand_forecast_run_20261005T130920538
2025-09-03,S07,P0433,CAT20,0,2,,0.329,0.888,0,High,ZERO_STOCK|DEMAND_EXCEEDS_STOCK|BELOW_REORDER,backtest,demand_forecast_run_20261005T130920538
2025-09-03,S07,P0435,CAT14,3,7,1.5,4.778,9.787,1.88,High,DEMAND_EXCEEDS_STOCK|BELOW_REORDER|LOW_DAYS_COVER,backtest,demand_forecast_run_20261005T130920538
2025-09-03,S07,P0445,CAT02,6,3,10.51,1.053,2.094,17.1,Low,,backtest,demand_forecast_run_20261005T130920538
2025-09-03,S07,P0507,CAT02,6,11,1.95,6.58,13.085,2.74,High,DEMAND_EXCEEDS_STOCK|BELOW_REORDER|LOW_DAYS_COVER,backtest,demand_forecast_run_20261005T130920538
2025-09-03,S07,P0563,CAT13,13,5,10.11,2.769,6.428,14.09,Low,,backtest,demand_forecast_run_20261005T130920538
2025-09-03,S07,P0579,CAT12,7,3,14,1.547,4.112,13.58,Low,,backtest,demand_forecast_run_20261005T130920538
2025-09-03,S07,P0589,CAT03,4,4,4,2.329,4.385,5.15,Medium,BELOW_REORDER,backtest,demand_forecast_run_20261005T130920538
2025-09-03,S08,P0003,CAT03,11,7,8.55,4.245,7.692,7.77,Low,,backtest,demand_forecast_run_20261005T130920538
2025-09-03,S08,P0022,CAT05,7,6,5.16,4.318,7.393,4.86,Low,,backtest,demand_forecast_run_20261005T130920538
2025-09-03,S08,P0032,CAT11,47,18,11.96,13.502,23.942,10.44,Low,,backtest,demand_forecast_run_20261005T130920538
2025-09-03,S08,P0053,CAT06,10,3,15.55,1.567,3.473,19.14,Low,,backtest,demand_forecast_run_20261005T130920538
2025-09-03,S08,P0073,CAT13,3,3,8.4,1.19,2.472,7.56,Medium,BELOW_REORDER,backtest,demand_forecast_run_20261005T130920538
2025-09-03,S08,P0170,CAT17,12,4,18.66,1.443,3.28,24.95,Low,,backtest,demand_forecast_run_20261005T130920538
2025-09-03,S08,P0206,CAT15,20,7,13.33,5.669,11.318,10.58,Low,,backtest,demand_forecast_run_20261005T130920538
2025-09-03,S08,P0213,CAT07,13,6,9.58,1.888,3.813,20.65,Low,,backtest,demand_forecast_run_20261005T130920538
2025-09-03,S08,P0252,CAT18,20,9,6.51,6.284,14.826,9.55,Low,,backtest,demand_forecast_run_20261005T130920538
2025-09-03,S08,P0272,CAT13,7,4,10.89,1.884,3.913,11.14,Low,,backtest,demand_forecast_run_20261005T130920538
2025-09-03,S08,P0288,CAT14,2,4,1.75,2.878,5.707,2.08,High,DEMAND_EXCEEDS_STOCK|BELOW_REORDER|LOW_DAYS_COVER,backtest,demand_forecast_run_20261005T130920538
2025-09-03,S08,P0316,CAT15,10,4,17.51,1.173,2.342,25.58,Low,,backtest,demand_forecast_run_20261005T130920538
2025-09-03,S08,P0369,CAT09,17,10,5.95,5.834,12.492,8.74,Low,,backtest,demand_forecast_run_20261005T130920538
2025-09-03,S08,P0381,CAT13,6,4,9.33,2.38,4.943,7.56,Low,,backtest,demand_forecast_run_20261005T130920538
2025-09-03,S08,P0391,CAT06,10,6,5.6,4.44,9.839,6.76,Low,,backtest,demand_forecast_run_20261005T130920538
2025-09-03,S08,P0392,CAT19,8,4,7,2.092,4.544,11.48,Low,,backtest,demand_forecast_run_20261005T130920538
2025-09-03,S08,P0408,CAT16,7,4,7.53,1.74,4.598,12.07,Low,,backtest,demand_forecast_run_20261005T130920538
2025-09-03,S08,P0409,CAT12,5,5,3.68,4.189,8.871,3.58,Medium,BELOW_REORDER,backtest,demand_forecast_run_20261005T130920538
2025-09-03,S08,P0433,CAT20,7,2,24.48,1.174,2.864,17.88,Low,,backtest,demand_forecast_run_20261005T130920538
2025-09-03,S08,P0435,CAT14,25,9,7.95,6.476,12.841,11.58,Low,,backtest,demand_forecast_run_20261005T130920538
2025-09-03,S08,P0445,CAT02,10,4,10.76,2.208,4.076,13.59,Low,,backtest,demand_forecast_run_20261005T130920538
2025-09-03,S08,P0507,CAT02,61,18,17.08,12.187,22.501,15.02,Low,,backtest,demand_forecast_run_20261005T130920538
2025-09-03,S08,P0563,CAT13,22,8,9.33,5.157,10.71,12.8,Low,,backtest,demand_forecast_run_20261005T130920538
2025-09-03,S08,P0579,CAT12,9,3,15.76,2.346,4.968,11.51,Low,,backtest,demand_forecast_run_20261005T130920538
2025-09-03,S08,P0589,CAT03,11,5,9.06,3.057,5.538,10.8,Low,,backtest,demand_forecast_run_20261005T130920538
2025-09-03,S09,P0003,CAT03,10,5,9.34,3.416,5.89,8.78,Low,,backtest,demand_forecast_run_20261005T130920538
2025-09-03,S09,P0022,CAT05,12,6,9.88,4.786,8.366,7.52,Low,,backtest,demand_forecast_run_20261005T130920538
2025-09-03,S09,P0032,CAT11,14,17,3.32,12.34,22.044,3.4,Medium,BELOW_REORDER,backtest,demand_forecast_run_20261005T130920538
2025-09-03,S09,P0053,CAT06,9,3,15.76,2.998,4.95,9.01,Low,,backtest,demand_forecast_run_20261005T130920538
2025-09-03,S09,P0073,CAT13,10,3,23.31,1.674,3.101,17.93,Low,,backtest,demand_forecast_run_20261005T130920538
2025-09-03,S09,P0170,CAT17,6,4,8.4,1.449,3.259,12.43,Low,,backtest,demand_forecast_run_20261005T130920538
2025-09-03,S09,P0206,CAT15,18,6,10.96,5.374,9.057,10.05,Low,,backtest,demand_forecast_run_20261005T130920538
2025-09-03,S09,P0213,CAT07,14,5,9.8,4.078,8.763,10.3,Low,,backtest,demand_forecast_run_20261005T130920538
2025-09-03,S09,P0252,CAT18,9,7,3.41,5.773,11.253,4.68,Low,,backtest,demand_forecast_run_20261005T130920538
2025-09-03,S09,P0272,CAT13,5,3,14.01,0.913,1.691,16.43,Low,,backtest,demand_forecast_run_20261005T130920538
2025-09-03,S09,P0288,CAT14,6,4,6.46,2.145,3.973,8.39,Low,,backtest,demand_forecast_run_20261005T130920538
2025-09-03,S09,P0316,CAT15,10,4,20,1.757,2.961,17.07,Low,,backtest,demand_forecast_run_20261005T130920538
2025-09-03,S09,P0369,CAT09,3,8,1.05,6.032,13.122,1.49,High,DEMAND_EXCEEDS_STOCK|BELOW_REORDER|LOW_DAYS_COVER,backtest,demand_forecast_run_20261005T130920538
2025-09-03,S09,P0381,CAT13,7,3,14,1.369,2.537,15.34,Low,,backtest,demand_forecast_run_20261005T130920538
2025-09-03,S09,P0391,CAT06,19,7,15.65,7.3,12.052,7.81,Low,,backtest,demand_forecast_run_20261005T130920538
2025-09-03,S09,P0392,CAT19,8,3,18.65,1.201,2.228,19.98,Low,,backtest,demand_forecast_run_20261005T130920538
2025-09-03,S09,P0408,CAT16,14,4,19.61,3.29,6.944,12.77,Low,,backtest,demand_forecast_run_20261005T130920538
2025-09-03,S09,P0409,CAT12,3,5,2.8,3.848,7.031,2.34,High,DEMAND_EXCEEDS_STOCK|BELOW_REORDER|LOW_DAYS_COVER,backtest,demand_forecast_run_20261005T130920538
2025-09-03,S09,P0433,CAT20,7,2,,0.518,1.089,40.56,Low,,backtest,demand_forecast_run_20261005T130920538
2025-09-03,S09,P0435,CAT14,10,9,3.41,8.459,15.673,3.55,Low,,backtest,demand_forecast_run_20261005T130920538
2025-09-03,S09,P0445,CAT02,9,4,9,2.443,4.308,11.05,Low,,backtest,demand_forecast_run_20261005T130920538
2025-09-03,S09,P0507,CAT02,25,16,5.3,13.658,24.084,5.49,Low,,backtest,demand_forecast_run_20261005T130920538
2025-09-03,S09,P0563,CAT13,7,6,5.44,5.629,10.43,3.73,Low,,backtest,demand_forecast_run_20261005T130920538
2025-09-03,S09,P0579,CAT12,5,3,7,3.178,5.808,4.72,Low,,backtest,demand_forecast_run_20261005T130920538
2025-09-03,S09,P0589,CAT03,10,5,5.18,5.313,9.162,5.65,Low,,backtest,demand_forecast_run_20261005T130920538
2025-09-03,S10,P0003,CAT03,14,5,24.52,3.458,5.633,12.14,Low,,backtest,demand_forecast_run_20261005T130920538
2025-09-03,S10,P0022,CAT05,5,5,5,3.793,5.845,3.95,Medium,BELOW_REORDER,backtest,demand_forecast_run_20261005T130920538
2025-09-03,S10,P0032,CAT11,18,14,4.5,12.004,22.222,4.5,Low,,backtest,demand_forecast_run_20261005T130920538
2025-09-03,S10,P0053,CAT06,7,3,32.71,0.818,1.534,25.66,Low,,backtest,demand_forecast_run_20261005T130920538
2025-09-03,S10,P0073,CAT13,8,3,27.97,1.214,2.244,19.77,Low,,backtest,demand_forecast_run_20261005T130920538
2025-09-03,S10,P0170,CAT17,2,3,2.54,1.716,4.309,3.5,Medium,BELOW_REORDER|LOW_DAYS_COVER,backtest,demand_forecast_run_20261005T130920538
2025-09-03,S10,P0206,CAT15,14,5,17.81,4.132,7.858,10.16,Low,,backtest,demand_forecast_run_20261005T130920538
2025-09-03,S10,P0213,CAT07,13,4,13.99,2.953,6.176,13.21,Low,,backtest,demand_forecast_run_20261005T130920538
2025-09-03,S10,P0252,CAT18,17,7,8.81,4.236,10.032,12.04,Low,,backtest,demand_forecast_run_20261005T130920538
2025-09-03,S10,P0272,CAT13,9,3,42.06,1.079,1.994,25.01,Low,,backtest,demand_forecast_run_20261005T130920538
2025-09-03,S10,P0288,CAT14,8,4,8,2.438,4.678,9.84,Low,,backtest,demand_forecast_run_20261005T130920538
2025-09-03,S10,P0316,CAT15,12,4,83.92,1.437,2.733,25.05,Low,,backtest,demand_forecast_run_20261005T130920538
2025-09-03,S10,P0369,CAT09,3,7,1.36,4.839,11.73,1.86,High,DEMAND_EXCEEDS_STOCK|BELOW_REORDER|LOW_DAYS_COVER,backtest,demand_forecast_run_20261005T130920538
2025-09-03,S10,P0381,CAT13,5,3,14.01,1.484,2.742,10.11,Low,,backtest,demand_forecast_run_20261005T130920538
2025-09-03,S10,P0391,CAT06,10,5,5.6,5.422,10.162,5.53,Low,,backtest,demand_forecast_run_20261005T130920538
2025-09-03,S10,P0392,CAT19,4,3,9.32,1.608,3.373,7.46,Low,,backtest,demand_forecast_run_20261005T130920538
2025-09-03,S10,P0408,CAT16,11,4,19.26,1.321,3.537,24.98,Low,,backtest,demand_forecast_run_20261005T130920538
2025-09-03,S10,P0409,CAT12,8,5,9.33,5.196,11.221,4.62,Low,,backtest,demand_forecast_run_20261005T130920538
2025-09-03,S10,P0433,CAT20,5,2,34.97,0.792,1.916,18.95,Low,,backtest,demand_forecast_run_20261005T130920538
2025-09-03,S10,P0435,CAT14,19,7,7.6,6.316,12.12,9.02,Low,,backtest,demand_forecast_run_20261005T130920538
2025-09-03,S10,P0445,CAT02,8,3,27.97,0.82,1.319,29.25,Low,,backtest,demand_forecast_run_20261005T130920538
2025-09-03,S10,P0507,CAT02,31,13,9.04,13.478,21.674,6.9,Low,,backtest,demand_forecast_run_20261005T130920538
2025-09-03,S10,P0563,CAT13,14,6,7.54,6.206,11.467,6.77,Low,,backtest,demand_forecast_run_20261005T130920538
2025-09-03,S10,P0579,CAT12,10,3,28.01,2.259,4.879,13.28,Low,,backtest,demand_forecast_run_20261005T130920538
2025-09-03,S10,P0589,CAT03,10,4,9.34,3.458,5.633,8.67,Low,,backtest,demand_forecast_run_20261005T130920538
2025-09-03,S11,P0003,CAT03,7,6,5.44,5.739,8.335,3.66,Low,,backtest,demand_forecast_run_20261005T130920538
2025-09-03,S11,P0022,CAT05,15,6,8.75,5.557,7.326,8.1,Low,,backtest,demand_forecast_run_20261005T130920538
2025-09-03,S11,P0032,CAT11,60,20,11.2,15.765,24.84,11.42,Low,,backtest,demand_forecast_run_20261005T130920538
2025-09-03,S11,P0053,CAT06,11,4,12.84,2.616,4.327,12.62,Low,,backtest,demand_forecast_run_20261005T130920538
2025-09-03,S11,P0073,CAT13,9,3,11.45,1.548,2.379,17.44,Low,,backtest,demand_forecast_run_20261005T130920538
2025-09-03,S11,P0170,CAT17,5,4,7.78,2.328,4.642,6.44,Low,,backtest,demand_forecast_run_20261005T130920538
2025-09-03,S11,P0206,CAT15,13,7,11.37,4.348,6.058,8.97,Low,,backtest,demand_forecast_run_20261005T130920538
2025-09-03,S11,P0213,CAT07,5,6,2.8,3.447,6.144,4.35,Medium,BELOW_REORDER|LOW_DAYS_COVER,backtest,demand_forecast_run_20261005T130920538
2025-09-03,S11,P0252,CAT18,12,9,5.25,8.213,16.186,4.38,Low,,backtest,demand_forecast_run_20261005T130920538
2025-09-03,S11,P0272,CAT13,8,4,10.18,3.613,5.55,6.64,Low,,backtest,demand_forecast_run_20261005T130920538
2025-09-03,S11,P0288,CAT14,14,5,11.53,3.469,5.61,12.11,Low,,backtest,demand_forecast_run_20261005T130920538
2025-09-03,S11,P0316,CAT15,5,4,3.5,3.568,4.971,4.2,Low,,backtest,demand_forecast_run_20261005T130920538
2025-09-03,S11,P0369,CAT09,16,9,6.59,7.293,13.469,6.58,Low,,backtest,demand_forecast_run_20261005T130920538
2025-09-03,S11,P0381,CAT13,12,4,8.4,3.355,5.154,10.73,Low,,backtest,demand_forecast_run_20261005T130920538
2025-09-03,S11,P0391,CAT06,16,7,11.2,8.01,13.25,5.99,Low,,backtest,demand_forecast_run_20261005T130920538
2025-09-03,S11,P0392,CAT19,4,3,4.31,2.685,4.604,4.47,Low,,backtest,demand_forecast_run_20261005T130920538
2025-09-03,S11,P0408,CAT16,15,5,14.01,3.433,6.774,13.11,Low,,backtest,demand_forecast_run_20261005T130920538
2025-09-03,S11,P0409,CAT12,16,5,14.94,4.368,8.022,10.99,Low,,backtest,demand_forecast_run_20261005T130920538
2025-09-03,S11,P0433,CAT20,11,3,51.4,0.49,1.017,67.35,Low,,backtest,demand_forecast_run_20261005T130920538
2025-09-03,S11,P0435,CAT14,28,9,7.4,8.952,14.477,9.38,Low,,backtest,demand_forecast_run_20261005T130920538
2025-09-03,S11,P0445,CAT02,9,5,9,3.542,5.669,7.62,Low,,backtest,demand_forecast_run_20261005T130920538
2025-09-03,S11,P0507,CAT02,43,18,10.38,15.276,24.448,8.44,Low,,backtest,demand_forecast_run_20261005T130920538
2025-09-03,S11,P0563,CAT13,13,7,4.79,7.225,11.1,5.4,Low,,backtest,demand_forecast_run_20261005T130920538
2025-09-03,S11,P0579,CAT12,9,3,12.61,2.34,4.297,11.54,Low,,backtest,demand_forecast_run_20261005T130920538
2025-09-03,S11,P0589,CAT03,9,5,10.5,3.667,5.325,7.36,Low,,backtest,demand_forecast_run_20261005T130920538
2025-09-03,S12,P0003,CAT03,6,6,6,3.757,6.576,4.79,Medium,BELOW_REORDER,backtest,demand_forecast_run_20261005T130920538
2025-09-03,S12,P0022,CAT05,8,5,6.22,4.791,7.003,5.01,Low,,backtest,demand_forecast_run_20261005T130920538
2025-09-03,S12,P0032,CAT11,16,15,5.74,11.975,20.071,4.01,Low,,backtest,demand_forecast_run_20261005T130920538
2025-09-03,S12,P0053,CAT06,7,3,8.91,2.011,4.314,10.44,Low,,backtest,demand_forecast_run_20261005T130920538
2025-09-03,S12,P0073,CAT13,4,3,9.32,0.836,1.534,14.36,Low,,backtest,demand_forecast_run_20261005T130920538
2025-09-03,S12,P0170,CAT17,8,3,11.2,1.571,4.343,15.28,Low,,backtest,demand_forecast_run_20261005T130920538
2025-09-03,S12,P0206,CAT15,15,6,19.08,3.046,5.987,14.78,Low,,backtest,demand_forecast_run_20261005T130920538
2025-09-03,S12,P0213,CAT07,10,5,10.76,2.573,6.608,11.66,Low,,backtest,demand_forecast_run_20261005T130920538
2025-09-03,S12,P0252,CAT18,19,7,9.5,4.613,11.378,12.36,Low,,backtest,demand_forecast_run_20261005T130920538
2025-09-03,S12,P0272,CAT13,9,3,11.45,2.228,4.09,12.12,Low,,backtest,demand_forecast_run_20261005T130920538
2025-09-03,S12,P0288,CAT14,8,4,37.38,1.187,2.538,20.21,Low,,backtest,demand_forecast_run_20261005T130920538
2025-09-03,S12,P0316,CAT15,9,3,9.69,2.31,4.542,11.69,Low,,backtest,demand_forecast_run_20261005T130920538
2025-09-03,S12,P0369,CAT09,16,8,10.18,5.951,12.519,8.07,Low,,backtest,demand_forecast_run_20261005T130920538
2025-09-03,S12,P0381,CAT13,1,3,1.4,1.95,3.579,1.54,High,DEMAND_EXCEEDS_STOCK|BELOW_REORDER|LOW_DAYS_COVER,backtest,demand_forecast_run_20261005T130920538
2025-09-03,S12,P0391,CAT06,4,5,3.11,4.166,8.935,2.88,High,DEMAND_EXCEEDS_STOCK|BELOW_REORDER,backtest,demand_forecast_run_20261005T130920538
2025-09-03,S12,P0392,CAT19,6,3,20.98,1.563,3.967,11.52,Low,,backtest,demand_forecast_run_20261005T130920538
2025-09-03,S12,P0408,CAT16,11,4,22,1.367,3.356,24.14,Low,,backtest,demand_forecast_run_20261005T130920538
2025-09-03,S12,P0409,CAT12,7,4,9.8,2.904,6.908,7.23,Low,,backtest,demand_forecast_run_20261005T130920538
2025-09-03,S12,P0433,CAT20,2,2,9.35,0.652,1.803,9.21,Medium,BELOW_REORDER,backtest,demand_forecast_run_20261005T130920538
2025-09-03,S12,P0435,CAT14,15,6,8.75,6.615,14.14,6.8,Low,,backtest,demand_forecast_run_20261005T130920538
2025-09-03,S12,P0445,CAT02,6,3,28.04,1.271,2.298,14.16,Low,,backtest,demand_forecast_run_20261005T130920538
2025-09-03,S12,P0507,CAT02,31,14,16.07,11.09,20.05,8.39,Low,,backtest,demand_forecast_run_20261005T130920538
2025-09-03,S12,P0563,CAT13,4,6,4.67,3.9,7.158,3.08,Medium,BELOW_REORDER,backtest,demand_forecast_run_20261005T130920538
2025-09-03,S12,P0579,CAT12,5,3,7.78,1.742,4.145,8.61,Low,,backtest,demand_forecast_run_20261005T130920538
2025-09-03,S12,P0589,CAT03,11,4,15.41,2.684,4.697,12.3,Low,,backtest,demand_forecast_run_20261005T130920538
2025-09-04,S01,P0003,CAT03,12,6,8.4,4.048,6.794,8.89,Low,,backtest,demand_forecast_run_20261005T130920538
2025-09-04,S01,P0022,CAT05,6,5,4.67,3.508,5.534,5.13,Low,,backtest,demand_forecast_run_20261005T130920538
2025-09-04,S01,P0032,CAT11,48,14,12,11.066,18.648,13.01,Low,,backtest,demand_forecast_run_20261005T130920538
2025-09-04,S01,P0053,CAT06,9,3,31.47,2.139,4.199,12.62,Low,,backtest,demand_forecast_run_20261005T130920538
2025-09-04,S01,P0073,CAT13,5,3,7,1.833,3.327,8.18,Low,,backtest,demand_forecast_run_20261005T130920538
2025-09-04,S01,P0170,CAT17,8,4,14.01,1.751,4.488,13.71,Low,,backtest,demand_forecast_run_20261005T130920538
2025-09-04,S01,P0206,CAT15,18,6,19.38,4.112,8.108,13.13,Low,,backtest,demand_forecast_run_20261005T130920538
2025-09-04,S01,P0213,CAT07,16,5,28.02,2.14,4.679,22.43,Low,,backtest,demand_forecast_run_20261005T130920538
2025-09-04,S01,P0252,CAT18,23,7,10.06,6.121,14.604,11.27,Low,,backtest,demand_forecast_run_20261005T130920538
2025-09-04,S01,P0272,CAT13,5,3,10,2.322,4.214,6.46,Low,,backtest,demand_forecast_run_20261005T130920538
2025-09-04,S01,P0288,CAT14,16,4,111.89,2.786,5.092,17.23,Low,,backtest,demand_forecast_run_20261005T130920538
2025-09-04,S01,P0316,CAT15,6,3,28.04,0.914,1.802,19.7,Low,,backtest,demand_forecast_run_20261005T130920538
2025-09-04,S01,P0369,CAT09,23,8,17.88,6.455,12.714,10.69,Low,,backtest,demand_forecast_run_20261005T130920538
2025-09-04,S01,P0381,CAT13,7,3,14,1.589,2.883,13.22,Low,,backtest,demand_forecast_run_20261005T130920538
2025-09-04,S01,P0391,CAT06,13,5,8.67,7.701,15.118,5.06,Low,,backtest,demand_forecast_run_20261005T130920538
2025-09-04,S01,P0392,CAT19,11,3,30.81,4.014,7.122,8.22,Low,,backtest,demand_forecast_run_20261005T130920538
2025-09-04,S01,P0408,CAT16,2,4,4,2.027,5.279,2.96,High,DEMAND_EXCEEDS_STOCK|BELOW_REORDER,backtest,demand_forecast_run_20261005T130920538
2025-09-04,S01,P0409,CAT12,9,4,14,3.763,7.398,7.17,Low,,backtest,demand_forecast_run_20261005T130920538
2025-09-04,S01,P0433,CAT20,6,3,41.96,1.028,2.378,17.51,Low,,backtest,demand_forecast_run_20261005T130920538
2025-09-04,S01,P0435,CAT14,10,7,7,5.262,9.619,5.7,Low,,backtest,demand_forecast_run_20261005T130920538
2025-09-04,S01,P0445,CAT02,0,4,0,2.841,5.319,0,High,ZERO_STOCK|DEMAND_EXCEEDS_STOCK|BELOW_REORDER|LOW_DAYS_COVER,backtest,demand_forecast_run_20261005T130920538
2025-09-04,S01,P0507,CAT02,39,14,12.41,8.718,16.324,13.42,Low,,backtest,demand_forecast_run_20261005T130920538
2025-09-04,S01,P0563,CAT13,4,6,4.67,3.544,6.432,3.39,Medium,BELOW_REORDER,backtest,demand_forecast_run_20261005T130920538
2025-09-04,S01,P0579,CAT12,4,3,11.2,2.566,5.044,4.68,Low,,backtest,demand_forecast_run_20261005T130920538
2025-09-04,S01,P0589,CAT03,10,4,12.72,3.096,5.196,9.69,Low,,backtest,demand_forecast_run_20261005T130920538
2025-09-04,S02,P0003,CAT03,16,6,9.33,4.273,7.769,11.23,Low,,backtest,demand_forecast_run_20261005T130920538
2025-09-04,S02,P0022,CAT05,8,6,4.87,4.231,6.944,5.67,Low,,backtest,demand_forecast_run_20261005T130920538
2025-09-04,S02,P0032,CAT11,9,17,2.07,9.848,17.672,2.74,High,DEMAND_EXCEEDS_STOCK|BELOW_REORDER|LOW_DAYS_COVER,backtest,demand_forecast_run_20261005T130920538
2025-09-04,S02,P0053,CAT06,3,3,14.02,1.586,3.077,5.67,Medium,BELOW_REORDER,backtest,demand_forecast_run_20261005T130920538
2025-09-04,S02,P0073,CAT13,6,3,12,1.62,3.071,11.11,Low,,backtest,demand_forecast_run_20261005T130920538
2025-09-04,S02,P0170,CAT17,5,3,5.83,1.442,3.368,10.4,Low,,backtest,demand_forecast_run_20261005T130920538
2025-09-04,S02,P0206,CAT15,6,6,6.46,5.651,9.907,3.19,Medium,BELOW_REORDER,backtest,demand_forecast_run_20261005T130920538
2025-09-04,S02,P0213,CAT07,9,5,8.4,2.796,5.92,9.66,Low,,backtest,demand_forecast_run_20261005T130920538
2025-09-04,S02,P0252,CAT18,23,7,14,5.671,12.671,12.17,Low,,backtest,demand_forecast_run_20261005T130920538
2025-09-04,S02,P0272,CAT13,13,3,45.45,1.35,2.559,28.89,Low,,backtest,demand_forecast_run_20261005T130920538
2025-09-04,S02,P0288,CAT14,12,4,15.27,2.883,5.401,12.49,Low,,backtest,demand_forecast_run_20261005T130920538
2025-09-04,S02,P0316,CAT15,10,3,69.93,1.68,2.945,17.86,Low,,backtest,demand_forecast_run_20261005T130920538
2025-09-04,S02,P0369,CAT09,13,8,7.28,5.303,11.216,7.35,Low,,backtest,demand_forecast_run_20261005T130920538
2025-09-04,S02,P0381,CAT13,10,3,15.55,1.755,3.327,17.09,Low,,backtest,demand_forecast_run_20261005T130920538
2025-09-04,S02,P0391,CAT06,11,7,6.7,6.488,12.589,5.09,Low,,backtest,demand_forecast_run_20261005T130920538
2025-09-04,S02,P0392,CAT19,9,3,14,1.482,2.964,18.22,Low,,backtest,demand_forecast_run_20261005T130920538
2025-09-04,S02,P0408,CAT16,13,4,18.21,4.29,8.434,9.09,Low,,backtest,demand_forecast_run_20261005T130920538
2025-09-04,S02,P0409,CAT12,9,5,5.73,5.998,12.427,4.5,Low,,backtest,demand_forecast_run_20261005T130920538
2025-09-04,S02,P0433,CAT20,8,3,,0.484,1.193,49.62,Low,,backtest,demand_forecast_run_20261005T130920538
2025-09-04,S02,P0435,CAT14,22,8,7.51,8.237,15.432,8.01,Low,,backtest,demand_forecast_run_20261005T130920538
2025-09-04,S02,P0445,CAT02,14,4,48.95,1.023,1.918,41.07,Low,,backtest,demand_forecast_run_20261005T130920538
2025-09-04,S02,P0507,CAT02,16,15,3.93,11.25,21.095,4.27,Low,,backtest,demand_forecast_run_20261005T130920538
2025-09-04,S02,P0563,CAT13,12,6,12,5.265,9.982,6.84,Low,,backtest,demand_forecast_run_20261005T130920538
2025-09-04,S02,P0579,CAT12,9,3,31.47,2.461,5.098,10.97,Low,,backtest,demand_forecast_run_20261005T130920538
2025-09-04,S02,P0589,CAT03,8,4,8.61,2.087,3.794,11.5,Low,,backtest,demand_forecast_run_20261005T130920538
2025-09-04,S03,P0003,CAT03,0,6,0,3.197,6.151,0,High,ZERO_STOCK|DEMAND_EXCEEDS_STOCK|BELOW_REORDER|LOW_DAYS_COVER,backtest,demand_forecast_run_20261005T130920538
2025-09-04,S03,P0022,CAT05,7,5,6.54,2.126,3.617,9.88,Low,,backtest,demand_forecast_run_20261005T130920538
2025-09-04,S03,P0032,CAT11,40,15,12.73,10.492,19.671,11.44,Low,,backtest,demand_forecast_run_20261005T130920538
2025-09-04,S03,P0053,CAT06,8,4,12.44,3.647,7.034,6.58,Low,,backtest,demand_forecast_run_20261005T130920538
2025-09-04,S03,P0073,CAT13,4,3,27.97,0.459,0.885,26.17,Low,,backtest,demand_forecast_run_20261005T130920538
2025-09-04,S03,P0170,CAT17,8,4,9.33,1.956,5.033,12.27,Low,,backtest,demand_forecast_run_20261005T130920538
2025-09-04,S03,P0206,CAT15,16,6,14,4.855,9.618,9.89,Low,,backtest,demand_forecast_run_20261005T130920538
2025-09-04,S03,P0213,CAT07,5,4,6.36,2.159,4.974,6.95,Low,,backtest,demand_forecast_run_20261005T130920538
2025-09-04,S03,P0252,CAT18,8,8,3.29,4.481,10.706,5.36,Medium,BELOW_REORDER,backtest,demand_forecast_run_20261005T130920538
2025-09-04,S03,P0272,CAT13,5,3,10,1.987,3.833,7.55,Low,,backtest,demand_forecast_run_20261005T130920538
2025-09-04,S03,P0288,CAT14,9,3,31.47,1.586,3.123,17.03,Low,,backtest,demand_forecast_run_20261005T130920538
2025-09-04,S03,P0316,CAT15,6,4,9.33,1.942,3.847,9.27,Low,,backtest,demand_forecast_run_20261005T130920538
2025-09-04,S03,P0369,CAT09,23,8,10.39,5.044,10.34,13.68,Low,,backtest,demand_forecast_run_20261005T130920538
2025-09-04,S03,P0381,CAT13,7,3,32.71,1.223,2.359,17.18,Low,,backtest,demand_forecast_run_20261005T130920538
2025-09-04,S03,P0391,CAT06,13,6,6.28,6.619,12.766,5.89,Low,,backtest,demand_forecast_run_20261005T130920538
2025-09-04,S03,P0392,CAT19,10,3,23.31,2.35,4.973,12.76,Low,,backtest,demand_forecast_run_20261005T130920538
2025-09-04,S03,P0408,CAT16,11,4,25.64,1.374,3.123,24.02,Low,,backtest,demand_forecast_run_20261005T130920538
2025-09-04,S03,P0409,CAT12,11,4,15.41,3.052,6.739,10.81,Low,,backtest,demand_forecast_run_20261005T130920538
2025-09-04,S03,P0433,CAT20,2,2,13.99,0.657,1.398,9.14,Medium,BELOW_REORDER,backtest,demand_forecast_run_20261005T130920538
2025-09-04,S03,P0435,CAT14,21,7,12.25,5.682,11.191,11.09,Low,,backtest,demand_forecast_run_20261005T130920538
2025-09-04,S03,P0445,CAT02,9,3,18,1.05,2.115,25.72,Low,,backtest,demand_forecast_run_20261005T130920538
2025-09-04,S03,P0507,CAT02,29,14,7.81,9.361,18.855,9.29,Low,,backtest,demand_forecast_run_20261005T130920538
2025-09-04,S03,P0563,CAT13,18,6,14.83,5.655,10.91,9.55,Low,,backtest,demand_forecast_run_20261005T130920538
2025-09-04,S03,P0579,CAT12,5,3,6.36,1.984,4.38,7.56,Low,,backtest,demand_forecast_run_20261005T130920538
2025-09-04,S03,P0589,CAT03,4,5,2.95,3.434,6.606,3.49,Medium,BELOW_REORDER|LOW_DAYS_COVER,backtest,demand_forecast_run_20261005T130920538
2025-09-04,S04,P0003,CAT03,11,5,11,3.438,6.25,9.6,Low,,backtest,demand_forecast_run_20261005T130920538
2025-09-04,S04,P0022,CAT05,9,5,14,2.433,4.28,11.1,Low,,backtest,demand_forecast_run_20261005T130920538
2025-09-04,S04,P0032,CAT11,24,12,9.33,8.914,18.141,8.08,Low,,backtest,demand_forecast_run_20261005T130920538
2025-09-04,S04,P0053,CAT06,8,3,18.65,1.709,3.523,14.04,Low,,backtest,demand_forecast_run_20261005T130920538
2025-09-04,S04,P0073,CAT13,7,2,24.48,1.812,3.393,11.59,Low,,backtest,demand_forecast_run_20261005T130920538
2025-09-04,S04,P0170,CAT17,3,3,4.2,1.62,4.055,5.55,Medium,BELOW_REORDER,backtest,demand_forecast_run_20261005T130920538
2025-09-04,S04,P0206,CAT15,3,5,2.1,4.115,8.33,2.19,High,DEMAND_EXCEEDS_STOCK|BELOW_REORDER|LOW_DAYS_COVER,backtest,demand_forecast_run_20261005T130920538
2025-09-04,S04,P0213,CAT07,6,4,41.96,1.087,2.716,16.56,Low,,backtest,demand_forecast_run_20261005T130920538
2025-09-04,S04,P0252,CAT18,14,6,16.34,3.029,7.39,13.87,Low,,backtest,demand_forecast_run_20261005T130920538
2025-09-04,S04,P0272,CAT13,6,3,16.81,1.994,3.732,9.03,Low,,backtest,demand_forecast_run_20261005T130920538
2025-09-04,S04,P0288,CAT14,4,4,5.6,1.811,3.618,6.62,Medium,BELOW_REORDER,backtest,demand_forecast_run_20261005T130920538
2025-09-04,S04,P0316,CAT15,3,3,8.4,1.083,2.192,8.31,Medium,BELOW_REORDER,backtest,demand_forecast_run_20261005T130920538
2025-09-04,S04,P0369,CAT09,13,6,9.1,4.003,9.607,9.74,Low,,backtest,demand_forecast_run_20261005T130920538
2025-09-04,S04,P0381,CAT13,0,3,0,2.356,4.411,0,High,ZERO_STOCK|DEMAND_EXCEEDS_STOCK|BELOW_REORDER|LOW_DAYS_COVER,backtest,demand_forecast_run_20261005T130920538
2025-09-04,S04,P0391,CAT06,7,5,6.12,4.151,8.557,5.06,Low,,backtest,demand_forecast_run_20261005T130920538
2025-09-04,S04,P0392,CAT19,5,3,17.48,0.978,1.959,15.33,Low,,backtest,demand_forecast_run_20261005T130920538
2025-09-04,S04,P0408,CAT16,2,3,4,1.58,4.263,3.8,Medium,BELOW_REORDER,backtest,demand_forecast_run_20261005T130920538
2025-09-04,S04,P0409,CAT12,6,4,13.99,3.088,6.758,5.83,Low,,backtest,demand_forecast_run_20261005T130920538
2025-09-04,S04,P0433,CAT20,6,2,,0.753,1.654,23.91,Low,,backtest,demand_forecast_run_20261005T130920538
2025-09-04,S04,P0435,CAT14,8,6,4,6.159,12.302,3.9,Low,,backtest,demand_forecast_run_20261005T130920538
2025-09-04,S04,P0445,CAT02,5,3,11.66,0.898,1.896,16.71,Low,,backtest,demand_forecast_run_20261005T130920538
2025-09-04,S04,P0507,CAT02,12,11,4.8,8.975,18.959,4.01,Low,,backtest,demand_forecast_run_20261005T130920538
2025-09-04,S04,P0563,CAT13,6,5,16.81,3.444,6.447,5.23,Low,,backtest,demand_forecast_run_20261005T130920538
2025-09-04,S04,P0579,CAT12,6,3,28.04,1.158,2.534,15.55,Low,,backtest,demand_forecast_run_20261005T130920538
2025-09-04,S04,P0589,CAT03,17,4,18.3,2.333,4.241,21.86,Low,,backtest,demand_forecast_run_20261005T130920538
2025-09-04,S05,P0003,CAT03,1,4,2,2.506,5.176,1.2,High,DEMAND_EXCEEDS_STOCK|BELOW_REORDER|LOW_DAYS_COVER,backtest,demand_forecast_run_20261005T130920538
2025-09-04,S05,P0022,CAT05,15,4,19.08,2.665,5.075,16.89,Low,,backtest,demand_forecast_run_20261005T130920538
2025-09-04,S05,P0032,CAT11,25,11,9.21,7.376,15.921,10.17,Low,,backtest,demand_forecast_run_20261005T130920538
2025-09-04,S05,P0053,CAT06,5,3,23.36,0.819,1.867,18.32,Low,,backtest,demand_forecast_run_20261005T130920538
2025-09-04,S05,P0073,CAT13,5,2,11.66,0.72,1.8,20.82,Low,,backtest,demand_forecast_run_20261005T130920538
2025-09-04,S05,P0170,CAT17,8,3,16,0.879,2.387,27.32,Low,,backtest,demand_forecast_run_20261005T130920538
2025-09-04,S05,P0206,CAT15,8,4,22.41,1.883,4.22,12.75,Low,,backtest,demand_forecast_run_20261005T130920538
2025-09-04,S05,P0213,CAT07,6,4,10.51,1.739,4.354,10.35,Low,,backtest,demand_forecast_run_20261005T130920538
2025-09-04,S05,P0252,CAT18,9,5,7.41,3.169,7.401,8.52,Low,,backtest,demand_forecast_run_20261005T130920538
2025-09-04,S05,P0272,CAT13,7,3,12.26,1.853,4.628,11.33,Low,,backtest,demand_forecast_run_20261005T130920538
2025-09-04,S05,P0288,CAT14,12,3,33.61,0.984,2.453,36.59,Low,,backtest,demand_forecast_run_20261005T130920538
2025-09-04,S05,P0316,CAT15,11,3,38.46,1.704,3.818,19.37,Low,,backtest,demand_forecast_run_20261005T130920538
2025-09-04,S05,P0369,CAT09,16,6,17.22,3.645,8.701,13.17,Low,,backtest,demand_forecast_run_20261005T130920538
2025-09-04,S05,P0381,CAT13,10,3,46.73,0.515,1.286,58.3,Low,,backtest,demand_forecast_run_20261005T130920538
2025-09-04,S05,P0391,CAT06,14,5,15.07,4.585,10.457,9.16,Low,,backtest,demand_forecast_run_20261005T130920538
2025-09-04,S05,P0392,CAT19,4,2,,0.568,1.353,21.11,Low,,backtest,demand_forecast_run_20261005T130920538
2025-09-04,S05,P0408,CAT16,8,3,27.97,1.106,3.202,21.69,Low,,backtest,demand_forecast_run_20261005T130920538
2025-09-04,S05,P0409,CAT12,3,3,5.25,2.047,5.232,4.4,Medium,BELOW_REORDER,backtest,demand_forecast_run_20261005T130920538
2025-09-04,S05,P0433,CAT20,2,2,13.99,0.546,1.627,11,Medium,BELOW_REORDER,backtest,demand_forecast_run_20261005T130920538
2025-09-04,S05,P0435,CAT14,6,6,4.2,4.592,11.447,3.92,Medium,BELOW_REORDER,backtest,demand_forecast_run_20261005T130920538
2025-09-04,S05,P0445,CAT02,8,3,16,1.246,2.87,19.26,Low,,backtest,demand_forecast_run_20261005T130920538
2025-09-04,S05,P0507,CAT02,3,9,1.11,5.608,12.914,1.6,High,DEMAND_EXCEEDS_STOCK|BELOW_REORDER|LOW_DAYS_COVER,backtest,demand_forecast_run_20261005T130920538
2025-09-04,S05,P0563,CAT13,10,5,6.37,2.882,7.199,10.41,Low,,backtest,demand_forecast_run_20261005T130920538
2025-09-04,S05,P0579,CAT12,4,3,13.99,1.501,3.837,7.99,Low,,backtest,demand_forecast_run_20261005T130920538
2025-09-04,S05,P0589,CAT03,1,4,1.27,2.756,5.693,1.09,High,DEMAND_EXCEEDS_STOCK|BELOW_REORDER|LOW_DAYS_COVER,backtest,demand_forecast_run_20261005T130920538
2025-09-04,S06,P0003,CAT03,15,6,11.66,2.524,4.644,17.83,Low,,backtest,demand_forecast_run_20261005T130920538
2025-09-04,S06,P0022,CAT05,17,6,23.81,2.384,4.492,21.39,Low,,backtest,demand_forecast_run_20261005T130920538
2025-09-04,S06,P0032,CAT11,17,18,2.94,11.946,25.039,4.27,Medium,BELOW_REORDER|LOW_DAYS_COVER,backtest,demand_forecast_run_20261005T130920538
2025-09-04,S06,P0053,CAT06,5,4,5.38,3.301,6.127,4.54,Low,,backtest,demand_forecast_run_20261005T130920538
2025-09-04,S06,P0073,CAT13,5,4,5,2.72,5.499,5.51,Low,,backtest,demand_forecast_run_20261005T130920538
2025-09-04,S06,P0170,CAT17,13,4,20.22,1.821,3.284,21.42,Low,,backtest,demand_forecast_run_20261005T130920538
2025-09-04,S06,P0206,CAT15,8,7,3.29,5.558,10.195,4.32,Low,,backtest,demand_forecast_run_20261005T130920538
2025-09-04,S06,P0213,CAT07,18,6,14.83,4.385,8.804,12.32,Low,,backtest,demand_forecast_run_20261005T130920538
2025-09-04,S06,P0252,CAT18,8,8,3.86,5.411,11.939,4.44,Medium,BELOW_REORDER,backtest,demand_forecast_run_20261005T130920538
2025-09-04,S06,P0272,CAT13,8,4,18.65,2.04,4.125,11.76,Low,,backtest,demand_forecast_run_20261005T130920538
2025-09-04,S06,P0288,CAT14,13,4,18.21,2.274,4.325,17.15,Low,,backtest,demand_forecast_run_20261005T130920538
2025-09-04,S06,P0316,CAT15,10,4,14.01,2.062,3.782,14.55,Low,,backtest,demand_forecast_run_20261005T130920538
2025-09-04,S06,P0369,CAT09,11,10,4.53,7.25,13.798,4.55,Low,,backtest,demand_forecast_run_20261005T130920538
2025-09-04,S06,P0381,CAT13,6,4,16.81,1.814,3.666,9.93,Low,,backtest,demand_forecast_run_20261005T130920538
2025-09-04,S06,P0391,CAT06,17,7,8.5,5.306,9.847,9.61,Low,,backtest,demand_forecast_run_20261005T130920538
2025-09-04,S06,P0392,CAT19,6,3,12,2.784,4.5,6.47,Low,,backtest,demand_forecast_run_20261005T130920538
2025-09-04,S06,P0408,CAT16,5,5,10,2.612,5.888,5.74,Medium,BELOW_REORDER,backtest,demand_forecast_run_20261005T130920538
2025-09-04,S06,P0409,CAT12,8,5,9.33,2.957,5.614,8.12,Low,,backtest,demand_forecast_run_20261005T130920538
2025-09-04,S06,P0433,CAT20,7,3,32.71,1.143,2.688,18.38,Low,,backtest,demand_forecast_run_20261005T130920538
2025-09-04,S06,P0435,CAT14,22,9,8.56,6.82,12.976,9.68,Low,,backtest,demand_forecast_run_20261005T130920538
2025-09-04,S06,P0445,CAT02,12,4,12,2.167,3.826,16.61,Low,,backtest,demand_forecast_run_20261005T130920538
2025-09-04,S06,P0507,CAT02,52,17,12.77,10.758,18.991,14.5,Low,,backtest,demand_forecast_run_20261005T130920538
2025-09-04,S06,P0563,CAT13,5,6,4.37,4.08,8.249,3.68,Medium,BELOW_REORDER,backtest,demand_forecast_run_20261005T130920538
2025-09-04,S06,P0579,CAT12,12,4,11.2,4.825,9.16,7.46,Low,,backtest,demand_forecast_run_20261005T130920538
2025-09-04,S06,P0589,CAT03,14,6,11.53,2.768,5.093,15.17,Low,,backtest,demand_forecast_run_20261005T130920538
2025-09-04,S07,P0003,CAT03,12,5,14,2.705,5.056,13.31,Low,,backtest,demand_forecast_run_20261005T130920538
2025-09-04,S07,P0022,CAT05,10,4,9.34,3.588,6.75,8.36,Low,,backtest,demand_forecast_run_20261005T130920538
2025-09-04,S07,P0032,CAT11,48,12,11.02,9.81,19.702,14.68,Low,,backtest,demand_forecast_run_20261005T130920538
2025-09-04,S07,P0053,CAT06,8,3,12.44,1.568,4.028,15.3,Low,,backtest,demand_forecast_run_20261005T130920538
2025-09-04,S07,P0073,CAT13,4,3,18.69,0.528,1.255,22.71,Low,,backtest,demand_forecast_run_20261005T130920538
2025-09-04,S07,P0170,CAT17,6,3,16.81,1.077,3.02,16.71,Low,,backtest,demand_forecast_run_20261005T130920538
2025-09-04,S07,P0206,CAT15,16,5,12.44,3.804,8.099,12.62,Low,,backtest,demand_forecast_run_20261005T130920538
2025-09-04,S07,P0213,CAT07,14,4,17.81,1.553,3.975,27.05,Low,,backtest,demand_forecast_run_20261005T130920538
2025-09-04,S07,P0252,CAT18,11,5,5.31,3.875,9.704,8.52,Low,,backtest,demand_forecast_run_20261005T130920538
2025-09-04,S07,P0272,CAT13,9,3,42.06,0.925,2.197,29.2,Low,,backtest,demand_forecast_run_20261005T130920538
2025-09-04,S07,P0288,CAT14,6,3,7.63,1.92,3.997,9.38,Low,,backtest,demand_forecast_run_20261005T130920538
2025-09-04,S07,P0316,CAT15,8,3,55.94,0.634,1.35,37.85,Low,,backtest,demand_forecast_run_20261005T130920538
2025-09-04,S07,P0369,CAT09,11,7,8.11,3.978,9.02,8.3,Low,,backtest,demand_forecast_run_20261005T130920538
2025-09-04,S07,P0381,CAT13,8,3,18.65,1.189,2.824,20.19,Low,,backtest,demand_forecast_run_20261005T130920538
2025-09-04,S07,P0391,CAT06,19,5,11.56,4.182,10.742,13.63,Low,,backtest,demand_forecast_run_20261005T130920538
2025-09-04,S07,P0392,CAT19,6,3,7.63,2.877,6.853,6.26,Low,,backtest,demand_forecast_run_20261005T130920538
2025-09-04,S07,P0408,CAT16,7,3,10.89,1.615,4.397,13,Low,,backtest,demand_forecast_run_20261005T130920538
2025-09-04,S07,P0409,CAT12,4,4,4,3.004,8.863,3.99,Medium,BELOW_REORDER,backtest,demand_forecast_run_20261005T130920538
2025-09-04,S07,P0433,CAT20,6,2,,0.299,0.873,60.12,Low,,backtest,demand_forecast_run_20261005T130920538
2025-09-04,S07,P0435,CAT14,22,7,11.4,4.992,10.393,13.22,Low,,backtest,demand_forecast_run_20261005T130920538
2025-09-04,S07,P0445,CAT02,6,3,10.51,0.972,1.991,18.51,Low,,backtest,demand_forecast_run_20261005T130920538
2025-09-04,S07,P0507,CAT02,5,11,1.59,6.078,12.444,2.47,High,DEMAND_EXCEEDS_STOCK|BELOW_REORDER|LOW_DAYS_COVER,backtest,demand_forecast_run_20261005T130920538
2025-09-04,S07,P0563,CAT13,12,5,9.33,3.039,7.217,11.85,Low,,backtest,demand_forecast_run_20261005T130920538
2025-09-04,S07,P0579,CAT12,7,3,16.32,1.414,4.171,14.85,Low,,backtest,demand_forecast_run_20261005T130920538
2025-09-04,S07,P0589,CAT03,1,4,0.93,2.204,4.12,1.36,High,DEMAND_EXCEEDS_STOCK|BELOW_REORDER|LOW_DAYS_COVER,backtest,demand_forecast_run_20261005T130920538
2025-09-04,S08,P0003,CAT03,11,7,10.27,3.784,7.02,8.72,Low,,backtest,demand_forecast_run_20261005T130920538
2025-09-04,S08,P0022,CAT05,7,6,5.77,4.394,7.583,4.78,Low,,backtest,demand_forecast_run_20261005T130920538
2025-09-04,S08,P0032,CAT11,40,18,10,13.061,22.737,9.19,Low,,backtest,demand_forecast_run_20261005T130920538
2025-09-04,S08,P0053,CAT06,10,3,17.51,1.912,3.787,15.69,Low,,backtest,demand_forecast_run_20261005T130920538
2025-09-04,S08,P0073,CAT13,3,3,8.4,1.293,2.541,6.96,Medium,BELOW_REORDER,backtest,demand_forecast_run_20261005T130920538
2025-09-04,S08,P0170,CAT17,8,4,12.44,1.713,3.757,14.01,Low,,backtest,demand_forecast_run_20261005T130920538
2025-09-04,S08,P0206,CAT15,19,7,15.65,6.636,12.398,8.59,Low,,backtest,demand_forecast_run_20261005T130920538
2025-09-04,S08,P0213,CAT07,11,6,8.11,2.121,4.432,15.56,Low,,backtest,demand_forecast_run_20261005T130920538
2025-09-04,S08,P0252,CAT18,14,9,4.56,6.565,15.936,6.4,Low,,backtest,demand_forecast_run_20261005T130920538
2025-09-04,S08,P0272,CAT13,7,4,10.89,2.047,4.024,10.26,Low,,backtest,demand_forecast_run_20261005T130920538
2025-09-04,S08,P0288,CAT14,12,4,12.92,2.778,5.953,12.96,Low,,backtest,demand_forecast_run_20261005T130920538
2025-09-04,S08,P0316,CAT15,9,4,14,1.462,2.732,18.47,Low,,backtest,demand_forecast_run_20261005T130920538
2025-09-04,S08,P0369,CAT09,13,10,4.33,5.554,10.607,7.02,Low,,backtest,demand_forecast_run_20261005T130920538
2025-09-04,S08,P0381,CAT13,6,4,9.33,2.585,5.083,6.96,Low,,backtest,demand_forecast_run_20261005T130920538
2025-09-04,S08,P0391,CAT06,9,6,4.85,5.311,10.521,5.08,Low,,backtest,demand_forecast_run_20261005T130920538
2025-09-04,S08,P0392,CAT19,8,4,7.47,2.448,4.982,9.8,Low,,backtest,demand_forecast_run_20261005T130920538
2025-09-04,S08,P0408,CAT16,7,4,8.17,2.386,5.182,8.8,Low,,backtest,demand_forecast_run_20261005T130920538
2025-09-04,S08,P0409,CAT12,4,5,3.11,4.586,9.658,2.62,High,DEMAND_EXCEEDS_STOCK|BELOW_REORDER,backtest,demand_forecast_run_20261005T130920538
2025-09-04,S08,P0433,CAT20,6,2,16.81,1.265,3.065,14.23,Low,,backtest,demand_forecast_run_20261005T130920538
2025-09-04,S08,P0435,CAT14,24,9,8.84,6.252,13.395,11.52,Low,,backtest,demand_forecast_run_20261005T130920538
2025-09-04,S08,P0445,CAT02,6,4,6.46,1.778,3.152,10.12,Low,,backtest,demand_forecast_run_20261005T130920538
2025-09-04,S08,P0507,CAT02,53,18,14,10.741,19.043,14.8,Low,,backtest,demand_forecast_run_20261005T130920538
2025-09-04,S08,P0563,CAT13,18,8,6.81,6.033,11.859,8.95,Low,,backtest,demand_forecast_run_20261005T130920538
2025-09-04,S08,P0579,CAT12,9,3,18,2.568,5.408,10.51,Low,,backtest,demand_forecast_run_20261005T130920538
2025-09-04,S08,P0589,CAT03,9,5,7,2.8,5.195,9.64,Low,,backtest,demand_forecast_run_20261005T130920538
2025-09-04,S09,P0003,CAT03,7,5,6.12,3.693,6.354,5.69,Low,,backtest,demand_forecast_run_20261005T130920538
2025-09-04,S09,P0022,CAT05,12,6,9.88,5.656,8.899,6.36,Low,,backtest,demand_forecast_run_20261005T130920538
2025-09-04,S09,P0032,CAT11,58,17,13.53,12.916,22.12,13.47,Low,,backtest,demand_forecast_run_20261005T130920538
2025-09-04,S09,P0053,CAT06,7,3,12.26,3.006,5.421,6.99,Low,,backtest,demand_forecast_run_20261005T130920538
2025-09-04,S09,P0073,CAT13,10,3,23.31,2.063,3.653,14.54,Low,,backtest,demand_forecast_run_20261005T130920538
2025-09-04,S09,P0170,CAT17,11,4,13.99,1.596,3.368,20.68,Low,,backtest,demand_forecast_run_20261005T130920538
2025-09-04,S09,P0206,CAT15,16,6,8.96,6.307,10.594,7.61,Low,,backtest,demand_forecast_run_20261005T130920538
2025-09-04,S09,P0213,CAT07,12,5,7.64,4.378,9.161,8.22,Low,,backtest,demand_forecast_run_20261005T130920538
2025-09-04,S09,P0252,CAT18,8,7,2.95,6.347,12.119,3.78,Medium,LOW_DAYS_COVER,backtest,demand_forecast_run_20261005T130920538
2025-09-04,S09,P0272,CAT13,5,3,14.01,1.125,1.993,13.33,Low,,backtest,demand_forecast_run_20261005T130920538
2025-09-04,S09,P0288,CAT14,4,4,3.73,2.375,4.605,5.05,Medium,BELOW_REORDER,backtest,demand_forecast_run_20261005T130920538
2025-09-04,S09,P0316,CAT15,7,4,14,1.986,3.335,10.58,Low,,backtest,demand_forecast_run_20261005T130920538
2025-09-04,S09,P0369,CAT09,24,8,8.19,6.417,13.021,11.22,Low,,backtest,demand_forecast_run_20261005T130920538
2025-09-04,S09,P0381,CAT13,5,3,10,1.688,2.989,8.89,Low,,backtest,demand_forecast_run_20261005T130920538
2025-09-04,S09,P0391,CAT06,13,7,7.91,7.094,12.794,5.5,Low,,backtest,demand_forecast_run_20261005T130920538
2025-09-04,S09,P0392,CAT19,7,3,14,1.372,2.253,15.3,Low,,backtest,demand_forecast_run_20261005T130920538
2025-09-04,S09,P0408,CAT16,11,4,13.99,3.479,6.794,9.49,Low,,backtest,demand_forecast_run_20261005T130920538
2025-09-04,S09,P0409,CAT12,0,5,0,4.228,7.831,0,High,ZERO_STOCK|DEMAND_EXCEEDS_STOCK|BELOW_REORDER|LOW_DAYS_COVER,backtest,demand_forecast_run_20261005T130920538
2025-09-04,S09,P0433,CAT20,7,2,,0.536,1.113,39.18,Low,,backtest,demand_forecast_run_20261005T130920538
2025-09-04,S09,P0435,CAT14,8,9,2.73,8.75,16.964,2.74,High,DEMAND_EXCEEDS_STOCK|BELOW_REORDER|LOW_DAYS_COVER,backtest,demand_forecast_run_20261005T130920538
2025-09-04,S09,P0445,CAT02,9,4,9,2.176,3.854,12.41,Low,,backtest,demand_forecast_run_20261005T130920538
2025-09-04,S09,P0507,CAT02,23,16,4.95,12.536,22.204,5.5,Low,,backtest,demand_forecast_run_20261005T130920538
2025-09-04,S09,P0563,CAT13,7,6,6.12,6.751,11.956,3.11,Low,,backtest,demand_forecast_run_20261005T130920538
2025-09-04,S09,P0579,CAT12,1,3,1.08,3.445,6.381,0.87,High,DEMAND_EXCEEDS_STOCK|BELOW_REORDER|LOW_DAYS_COVER,backtest,demand_forecast_run_20261005T130920538
2025-09-04,S09,P0589,CAT03,10,5,5.83,5.222,8.984,5.75,Low,,backtest,demand_forecast_run_20261005T130920538
2025-09-04,S10,P0003,CAT03,13,5,20.22,3.702,6.041,10.54,Low,,backtest,demand_forecast_run_20261005T130920538
2025-09-04,S10,P0022,CAT05,5,5,5,3.887,6.034,3.86,Medium,BELOW_REORDER,backtest,demand_forecast_run_20261005T130920538
2025-09-04,S10,P0032,CAT11,16,14,4.31,11.615,20.629,4.13,Low,,backtest,demand_forecast_run_20261005T130920538
2025-09-04,S10,P0053,CAT06,7,3,32.71,0.886,1.684,23.69,Low,,backtest,demand_forecast_run_20261005T130920538
2025-09-04,S10,P0073,CAT13,7,3,24.48,1.55,2.724,13.55,Low,,backtest,demand_forecast_run_20261005T130920538
2025-09-04,S10,P0170,CAT17,1,3,1.17,1.798,4.332,1.67,High,DEMAND_EXCEEDS_STOCK|BELOW_REORDER|LOW_DAYS_COVER,backtest,demand_forecast_run_20261005T130920538
2025-09-04,S10,P0206,CAT15,14,5,21.77,4.82,9.06,8.71,Low,,backtest,demand_forecast_run_20261005T130920538
2025-09-04,S10,P0213,CAT07,13,4,13.99,2.639,5.682,14.78,Low,,backtest,demand_forecast_run_20261005T130920538
2025-09-04,S10,P0252,CAT18,12,7,5.79,4.346,10.249,8.28,Low,,backtest,demand_forecast_run_20261005T130920538
2025-09-04,S10,P0272,CAT13,9,3,62.94,1.24,2.18,21.77,Low,,backtest,demand_forecast_run_20261005T130920538
2025-09-04,S10,P0288,CAT14,8,4,8,2.261,4.597,10.61,Low,,backtest,demand_forecast_run_20261005T130920538
2025-09-04,S10,P0316,CAT15,12,4,83.92,1.676,3.151,21.47,Low,,backtest,demand_forecast_run_20261005T130920538
2025-09-04,S10,P0369,CAT09,2,7,0.97,5.041,11.506,1.19,High,DEMAND_EXCEEDS_STOCK|BELOW_REORDER|LOW_DAYS_COVER,backtest,demand_forecast_run_20261005T130920538
2025-09-04,S10,P0381,CAT13,4,3,11.2,1.86,3.269,6.45,Low,,backtest,demand_forecast_run_20261005T130920538
2025-09-04,S10,P0391,CAT06,9,5,4.85,5.761,10.944,4.69,Low,,backtest,demand_forecast_run_20261005T130920538
2025-09-04,S10,P0392,CAT19,4,3,9.32,1.699,3.511,7.06,Low,,backtest,demand_forecast_run_20261005T130920538
2025-09-04,S10,P0408,CAT16,7,4,10.89,1.557,3.888,13.49,Low,,backtest,demand_forecast_run_20261005T130920538
2025-09-04,S10,P0409,CAT12,8,5,9.33,4.871,10.139,4.93,Low,,backtest,demand_forecast_run_20261005T130920538
2025-09-04,S10,P0433,CAT20,5,2,34.97,0.832,1.926,18.03,Low,,backtest,demand_forecast_run_20261005T130920538
2025-09-04,S10,P0435,CAT14,19,7,8.87,5.756,11.702,9.9,Low,,backtest,demand_forecast_run_20261005T130920538
2025-09-04,S10,P0445,CAT02,4,3,7.01,1.097,1.962,10.94,Low,,backtest,demand_forecast_run_20261005T130920538
2025-09-04,S10,P0507,CAT02,30,13,9.77,10.973,19.62,8.2,Low,,backtest,demand_forecast_run_20261005T130920538
2025-09-04,S10,P0563,CAT13,12,6,6.46,6.821,11.988,5.28,Low,,backtest,demand_forecast_run_20261005T130920538
2025-09-04,S10,P0579,CAT12,10,3,28.01,2.435,5.07,12.32,Low,,backtest,demand_forecast_run_20261005T130920538
2025-09-04,S10,P0589,CAT03,10,4,9.34,3.393,5.538,8.84,Low,,backtest,demand_forecast_run_20261005T130920538
2025-09-04,S11,P0003,CAT03,6,6,4.94,5.056,7.329,3.56,Medium,BELOW_REORDER,backtest,demand_forecast_run_20261005T130920538
2025-09-04,S11,P0022,CAT05,15,6,9.13,6.708,8.631,6.71,Low,,backtest,demand_forecast_run_20261005T130920538
2025-09-04,S11,P0032,CAT11,56,20,10.89,15.655,24.247,10.73,Low,,backtest,demand_forecast_run_20261005T130920538
2025-09-04,S11,P0053,CAT06,10,4,14.01,2.731,4.699,10.99,Low,,backtest,demand_forecast_run_20261005T130920538
2025-09-04,S11,P0073,CAT13,9,3,18,1.46,2.488,18.5,Low,,backtest,demand_forecast_run_20261005T130920538
2025-09-04,S11,P0170,CAT17,4,4,5.6,2.45,4.801,4.9,Medium,BELOW_REORDER,backtest,demand_forecast_run_20261005T130920538
2025-09-04,S11,P0206,CAT15,13,7,11.37,4.967,7.241,7.85,Low,,backtest,demand_forecast_run_20261005T130920538
2025-09-04,S11,P0213,CAT07,4,6,2.24,3.595,6.698,3.34,Medium,BELOW_REORDER|LOW_DAYS_COVER,backtest,demand_forecast_run_20261005T130920538
2025-09-04,S11,P0252,CAT18,12,9,5.42,8.48,16.43,4.25,Low,,backtest,demand_forecast_run_20261005T130920538
2025-09-04,S11,P0272,CAT13,8,4,10.18,2.798,4.768,8.58,Low,,backtest,demand_forecast_run_20261005T130920538
2025-09-04,S11,P0288,CAT14,14,5,12.25,2.673,4.394,15.71,Low,,backtest,demand_forecast_run_20261005T130920538
2025-09-04,S11,P0316,CAT15,5,4,3.5,4.296,6.263,3.49,Low,,backtest,demand_forecast_run_20261005T130920538
2025-09-04,S11,P0369,CAT09,14,9,5.45,6.897,13.551,6.09,Low,,backtest,demand_forecast_run_20261005T130920538
2025-09-04,S11,P0381,CAT13,11,4,8.11,3.162,5.39,10.44,Low,,backtest,demand_forecast_run_20261005T130920538
2025-09-04,S11,P0391,CAT06,15,7,12.36,7.871,13.544,5.72,Low,,backtest,demand_forecast_run_20261005T130920538
2025-09-04,S11,P0392,CAT19,4,3,4.67,2.838,4.655,4.23,Low,,backtest,demand_forecast_run_20261005T130920538
2025-09-04,S11,P0408,CAT16,14,5,12.25,3.513,6.946,11.96,Low,,backtest,demand_forecast_run_20261005T130920538
2025-09-04,S11,P0409,CAT12,16,5,17.22,4.235,7.586,11.33,Low,,backtest,demand_forecast_run_20261005T130920538
2025-09-04,S11,P0433,CAT20,11,3,51.4,0.635,1.345,51.98,Low,,backtest,demand_forecast_run_20261005T130920538
2025-09-04,S11,P0435,CAT14,26,9,7,9.414,15.475,8.29,Low,,backtest,demand_forecast_run_20261005T130920538
2025-09-04,S11,P0445,CAT02,7,5,6.12,3.052,5.153,6.88,Low,,backtest,demand_forecast_run_20261005T130920538
2025-09-04,S11,P0507,CAT02,40,18,10.18,12.949,21.86,9.27,Low,,backtest,demand_forecast_run_20261005T130920538
2025-09-04,S11,P0563,CAT13,13,7,4.79,6.568,11.195,5.94,Low,,backtest,demand_forecast_run_20261005T130920538
2025-09-04,S11,P0579,CAT12,9,3,15.76,2.541,4.552,10.63,Low,,backtest,demand_forecast_run_20261005T130920538
2025-09-04,S11,P0589,CAT03,5,5,5,3.95,5.726,3.8,Medium,BELOW_REORDER,backtest,demand_forecast_run_20261005T130920538
2025-09-04,S12,P0003,CAT03,14,6,11.53,4.266,7.31,9.85,Low,,backtest,demand_forecast_run_20261005T130920538
2025-09-04,S12,P0022,CAT05,5,5,3.89,5.19,7.596,2.89,High,DEMAND_EXCEEDS_STOCK|BELOW_REORDER,backtest,demand_forecast_run_20261005T130920538
2025-09-04,S12,P0032,CAT11,8,15,2.61,12.563,20.467,1.91,High,DEMAND_EXCEEDS_STOCK|BELOW_REORDER|LOW_DAYS_COVER,backtest,demand_forecast_run_20261005T130920538
2025-09-04,S12,P0053,CAT06,2,3,2.33,2.296,4.82,2.61,High,DEMAND_EXCEEDS_STOCK|BELOW_REORDER|LOW_DAYS_COVER,backtest,demand_forecast_run_20261005T130920538
2025-09-04,S12,P0073,CAT13,4,3,11.2,0.932,1.638,12.87,Low,,backtest,demand_forecast_run_20261005T130920538
2025-09-04,S12,P0170,CAT17,8,3,11.2,1.481,4.159,16.21,Low,,backtest,demand_forecast_run_20261005T130920538
2025-09-04,S12,P0206,CAT15,11,6,10.27,3.77,7.087,8.75,Low,,backtest,demand_forecast_run_20261005T130920538
2025-09-04,S12,P0213,CAT07,3,5,2.47,2.928,7.695,3.07,Medium,BELOW_REORDER|LOW_DAYS_COVER,backtest,demand_forecast_run_20261005T130920538
2025-09-04,S12,P0252,CAT18,13,7,5.87,5.092,12.316,7.66,Low,,backtest,demand_forecast_run_20261005T130920538
2025-09-04,S12,P0272,CAT13,9,3,11.45,2.486,4.369,10.86,Low,,backtest,demand_forecast_run_20261005T130920538
2025-09-04,S12,P0288,CAT14,8,4,37.38,1.193,2.588,20.12,Low,,backtest,demand_forecast_run_20261005T130920538
2025-09-04,S12,P0316,CAT15,9,3,9.69,2.514,4.725,10.74,Low,,backtest,demand_forecast_run_20261005T130920538
2025-09-04,S12,P0369,CAT09,16,8,9.74,6.095,12.406,7.88,Low,,backtest,demand_forecast_run_20261005T130920538
2025-09-04,S12,P0381,CAT13,9,3,11.45,2.33,4.096,11.59,Low,,backtest,demand_forecast_run_20261005T130920538
2025-09-04,S12,P0391,CAT06,1,5,0.67,4.448,9.339,0.67,High,DEMAND_EXCEEDS_STOCK|BELOW_REORDER|LOW_DAYS_COVER,backtest,demand_forecast_run_20261005T130920538
2025-09-04,S12,P0392,CAT19,4,3,11.2,1.72,4.431,6.98,Low,,backtest,demand_forecast_run_20261005T130920538
2025-09-04,S12,P0408,CAT16,8,4,11.2,1.785,4.084,13.45,Low,,backtest,demand_forecast_run_20261005T130920538
2025-09-04,S12,P0409,CAT12,4,4,5.09,3.065,7.45,3.92,Medium,BELOW_REORDER,backtest,demand_forecast_run_20261005T130920538
2025-09-04,S12,P0433,CAT20,6,2,28.04,0.688,1.878,26.16,Low,,backtest,demand_forecast_run_20261005T130920538
2025-09-04,S12,P0435,CAT14,14,6,7.84,6.818,14.788,6.16,Low,,backtest,demand_forecast_run_20261005T130920538
2025-09-04,S12,P0445,CAT02,3,3,10.49,1.249,2.304,7.2,Medium,BELOW_REORDER,backtest,demand_forecast_run_20261005T130920538
2025-09-04,S12,P0507,CAT02,25,14,12.07,10.098,18.621,7.43,Low,,backtest,demand_forecast_run_20261005T130920538
2025-09-04,S12,P0563,CAT13,14,6,14,4.971,8.738,8.45,Low,,backtest,demand_forecast_run_20261005T130920538
2025-09-04,S12,P0579,CAT12,5,3,7.78,1.751,4.257,8.57,Low,,backtest,demand_forecast_run_20261005T130920538
2025-09-04,S12,P0589,CAT03,7,4,8.91,2.799,4.797,7.5,Low,,backtest,demand_forecast_run_20261005T130920538
2025-09-05,S01,P0003,CAT03,11,6,7.33,3.631,6.41,9.09,Low,,backtest,demand_forecast_run_20261005T130920538
2025-09-05,S01,P0022,CAT05,6,5,4.67,3.103,4.886,5.8,Low,,backtest,demand_forecast_run_20261005T130920538
2025-09-05,S01,P0032,CAT11,41,14,9.41,10.628,17.325,11.57,Low,,backtest,demand_forecast_run_20261005T130920538
2025-09-05,S01,P0053,CAT06,9,3,31.47,1.976,3.716,13.66,Low,,backtest,demand_forecast_run_20261005T130920538
2025-09-05,S01,P0073,CAT13,5,3,7,1.61,2.95,9.32,Low,,backtest,demand_forecast_run_20261005T130920538
2025-09-05,S01,P0170,CAT17,7,4,10.89,1.837,4.327,11.43,Low,,backtest,demand_forecast_run_20261005T130920538
2025-09-05,S01,P0206,CAT15,16,6,16,3.928,7.869,12.22,Low,,backtest,demand_forecast_run_20261005T130920538
2025-09-05,S01,P0213,CAT07,15,5,30,2.005,4.654,22.44,Low,,backtest,demand_forecast_run_20261005T130920538
2025-09-05,S01,P0252,CAT18,20,7,8.49,5.922,14.005,10.13,Low,,backtest,demand_forecast_run_20261005T130920538
2025-09-05,S01,P0272,CAT13,2,3,2.8,2.254,4.13,2.66,High,DEMAND_EXCEEDS_STOCK|BELOW_REORDER|LOW_DAYS_COVER,backtest,demand_forecast_run_20261005T130920538
2025-09-05,S01,P0288,CAT14,16,4,111.89,2.934,5.232,16.36,Low,,backtest,demand_forecast_run_20261005T130920538
2025-09-05,S01,P0316,CAT15,6,3,28.04,0.849,1.701,21.19,Low,,backtest,demand_forecast_run_20261005T130920538
2025-09-05,S01,P0369,CAT09,20,8,13.33,5.837,12.027,10.28,Low,,backtest,demand_forecast_run_20261005T130920538
2025-09-05,S01,P0381,CAT13,5,3,6.36,1.825,3.343,8.22,Low,,backtest,demand_forecast_run_20261005T130920538
2025-09-05,S01,P0391,CAT06,12,5,7.64,7.312,13.749,4.92,Low,,backtest,demand_forecast_run_20261005T130920538
2025-09-05,S01,P0392,CAT19,11,3,30.81,3.596,6.333,9.18,Low,,backtest,demand_forecast_run_20261005T130920538
2025-09-05,S01,P0408,CAT16,0,4,0,2.163,5.733,0,High,ZERO_STOCK|DEMAND_EXCEEDS_STOCK|BELOW_REORDER|LOW_DAYS_COVER,backtest,demand_forecast_run_20261005T130920538
2025-09-05,S01,P0409,CAT12,8,4,12.44,3.082,5.64,7.79,Low,,backtest,demand_forecast_run_20261005T130920538
2025-09-05,S01,P0433,CAT20,6,3,84.51,0.916,2.355,19.66,Low,,backtest,demand_forecast_run_20261005T130920538
2025-09-05,S01,P0435,CAT14,8,7,6.22,5.867,10.465,4.09,Low,,backtest,demand_forecast_run_20261005T130920538
2025-09-05,S01,P0445,CAT02,0,4,0,2.683,5.262,0,High,ZERO_STOCK|DEMAND_EXCEEDS_STOCK|BELOW_REORDER|LOW_DAYS_COVER,backtest,demand_forecast_run_20261005T130920538
2025-09-05,S01,P0507,CAT02,35,14,10.89,8.318,16.311,12.62,Low,,backtest,demand_forecast_run_20261005T130920538
2025-09-05,S01,P0563,CAT13,17,6,17,3.328,6.096,15.32,Low,,backtest,demand_forecast_run_20261005T130920538
2025-09-05,S01,P0579,CAT12,0,3,0,2.412,4.414,0,High,ZERO_STOCK|DEMAND_EXCEEDS_STOCK|BELOW_REORDER|LOW_DAYS_COVER,backtest,demand_forecast_run_20261005T130920538
2025-09-05,S01,P0589,CAT03,7,4,7,2.801,4.944,7.5,Low,,backtest,demand_forecast_run_20261005T130920538
2025-09-05,S02,P0003,CAT03,12,6,7,3.784,7.552,9.51,Low,,backtest,demand_forecast_run_20261005T130920538
2025-09-05,S02,P0022,CAT05,7,6,4.26,3.683,6.665,5.7,Low,,backtest,demand_forecast_run_20261005T130920538
2025-09-05,S02,P0032,CAT11,48,17,9.74,9.765,16.185,14.75,Low,,backtest,demand_forecast_run_20261005T130920538
2025-09-05,S02,P0053,CAT06,0,3,0,1.212,2.308,0,High,ZERO_STOCK|DEMAND_EXCEEDS_STOCK|BELOW_REORDER|LOW_DAYS_COVER,backtest,demand_forecast_run_20261005T130920538
2025-09-05,S02,P0073,CAT13,6,3,12,1.54,2.971,11.69,Low,,backtest,demand_forecast_run_20261005T130920538
2025-09-05,S02,P0170,CAT17,5,3,5.83,1.318,3.258,11.38,Low,,backtest,demand_forecast_run_20261005T130920538
2025-09-05,S02,P0206,CAT15,4,6,3.73,5.201,9.433,2.31,High,DEMAND_EXCEEDS_STOCK|BELOW_REORDER,backtest,demand_forecast_run_20261005T130920538
2025-09-05,S02,P0213,CAT07,8,5,8,2.776,6.194,8.65,Low,,backtest,demand_forecast_run_20261005T130920538
2025-09-05,S02,P0252,CAT18,23,7,16.1,5.401,12.351,12.78,Low,,backtest,demand_forecast_run_20261005T130920538
2025-09-05,S02,P0272,CAT13,10,3,34.97,1.283,2.476,23.38,Low,,backtest,demand_forecast_run_20261005T130920538
2025-09-05,S02,P0288,CAT14,12,4,16.81,2.967,5.646,12.14,Low,,backtest,demand_forecast_run_20261005T130920538
2025-09-05,S02,P0316,CAT15,10,3,69.93,1.337,2.426,22.43,Low,,backtest,demand_forecast_run_20261005T130920538
2025-09-05,S02,P0369,CAT09,12,8,6.46,4.917,11.104,7.32,Low,,backtest,demand_forecast_run_20261005T130920538
2025-09-05,S02,P0381,CAT13,6,3,6.46,2.182,4.209,8.25,Low,,backtest,demand_forecast_run_20261005T130920538
2025-09-05,S02,P0391,CAT06,9,7,5.25,6.331,12.053,4.26,Low,,backtest,demand_forecast_run_20261005T130920538
2025-09-05,S02,P0392,CAT19,9,3,14,1.291,2.621,20.92,Low,,backtest,demand_forecast_run_20261005T130920538
2025-09-05,S02,P0408,CAT16,13,4,20.22,3.652,7.761,10.68,Low,,backtest,demand_forecast_run_20261005T130920538
2025-09-05,S02,P0409,CAT12,6,5,3.36,5.922,10.741,3.04,Low,,backtest,demand_forecast_run_20261005T130920538
2025-09-05,S02,P0433,CAT20,8,3,,0.378,0.946,63.46,Low,,backtest,demand_forecast_run_20261005T130920538
2025-09-05,S02,P0435,CAT14,23,8,8.26,8.582,16.334,8.04,Low,,backtest,demand_forecast_run_20261005T130920538
2025-09-05,S02,P0445,CAT02,10,4,17.51,1.302,2.492,23.04,Low,,backtest,demand_forecast_run_20261005T130920538
2025-09-05,S02,P0507,CAT02,13,15,3.19,10.679,20.436,3.65,Medium,BELOW_REORDER,backtest,demand_forecast_run_20261005T130920538
2025-09-05,S02,P0563,CAT13,9,6,7.41,5.133,9.903,5.26,Low,,backtest,demand_forecast_run_20261005T130920538
2025-09-05,S02,P0579,CAT12,8,3,22.41,2.581,4.682,9.3,Low,,backtest,demand_forecast_run_20261005T130920538
2025-09-05,S02,P0589,CAT03,8,4,10.18,1.766,3.524,13.59,Low,,backtest,demand_forecast_run_20261005T130920538
2025-09-05,S03,P0003,CAT03,0,6,0,3.052,6.091,0,High,ZERO_STOCK|DEMAND_EXCEEDS_STOCK|BELOW_REORDER|LOW_DAYS_COVER,backtest,demand_forecast_run_20261005T130920538
2025-09-05,S03,P0022,CAT05,7,5,6.54,2.057,3.543,10.21,Low,,backtest,demand_forecast_run_20261005T130920538
2025-09-05,S03,P0032,CAT11,38,15,11.56,9.97,18.314,11.43,Low,,backtest,demand_forecast_run_20261005T130920538
2025-09-05,S03,P0053,CAT06,8,4,12.44,2.96,5.613,8.11,Low,,backtest,demand_forecast_run_20261005T130920538
2025-09-05,S03,P0073,CAT13,4,3,27.97,0.479,0.884,25.04,Low,,backtest,demand_forecast_run_20261005T130920538
2025-09-05,S03,P0170,CAT17,4,4,4.67,2.19,4.738,5.48,Medium,BELOW_REORDER,backtest,demand_forecast_run_20261005T130920538
2025-09-05,S03,P0206,CAT15,15,6,13.12,4.76,9.405,9.45,Low,,backtest,demand_forecast_run_20261005T130920538
2025-09-05,S03,P0213,CAT07,4,4,4.67,2.149,4.964,5.58,Medium,BELOW_REORDER,backtest,demand_forecast_run_20261005T130920538
2025-09-05,S03,P0252,CAT18,25,8,10.29,4.526,10.748,16.57,Low,,backtest,demand_forecast_run_20261005T130920538
2025-09-05,S03,P0272,CAT13,5,3,14.01,2.076,3.828,7.22,Low,,backtest,demand_forecast_run_20261005T130920538
2025-09-05,S03,P0288,CAT14,9,3,62.94,1.647,3.025,16.39,Low,,backtest,demand_forecast_run_20261005T130920538
2025-09-05,S03,P0316,CAT15,6,4,10.51,2.004,3.96,8.98,Low,,backtest,demand_forecast_run_20261005T130920538
2025-09-05,S03,P0369,CAT09,22,8,11.4,4.451,9.452,14.83,Low,,backtest,demand_forecast_run_20261005T130920538
2025-09-05,S03,P0381,CAT13,7,3,32.71,1.278,2.356,16.43,Low,,backtest,demand_forecast_run_20261005T130920538
2025-09-05,S03,P0391,CAT06,8,6,3.29,6.434,12.202,3.73,Low,,backtest,demand_forecast_run_20261005T130920538
2025-09-05,S03,P0392,CAT19,9,3,18,2.232,4.54,12.1,Low,,backtest,demand_forecast_run_20261005T130920538
2025-09-05,S03,P0408,CAT16,11,4,25.64,1.285,2.883,25.67,Low,,backtest,demand_forecast_run_20261005T130920538
2025-09-05,S03,P0409,CAT12,9,4,10.5,2.998,6.232,9.01,Low,,backtest,demand_forecast_run_20261005T130920538
2025-09-05,S03,P0433,CAT20,2,2,,0.539,1.22,11.13,Medium,BELOW_REORDER,backtest,demand_forecast_run_20261005T130920538
2025-09-05,S03,P0435,CAT14,21,7,14,6.439,11.826,9.78,Low,,backtest,demand_forecast_run_20261005T130920538
2025-09-05,S03,P0445,CAT02,9,3,20.98,1.055,2.055,25.58,Low,,backtest,demand_forecast_run_20261005T130920538
2025-09-05,S03,P0507,CAT02,22,14,5.5,9.674,18.835,6.82,Low,,backtest,demand_forecast_run_20261005T130920538
2025-09-05,S03,P0563,CAT13,18,6,18,5.75,10.602,9.39,Low,,backtest,demand_forecast_run_20261005T130920538
2025-09-05,S03,P0579,CAT12,5,3,6.36,1.949,4.051,7.7,Low,,backtest,demand_forecast_run_20261005T130920538
2025-09-05,S03,P0589,CAT03,2,5,1.33,3.504,6.994,1.71,High,DEMAND_EXCEEDS_STOCK|BELOW_REORDER|LOW_DAYS_COVER,backtest,demand_forecast_run_20261005T130920538
2025-09-05,S04,P0003,CAT03,10,5,11.67,2.835,6.002,10.58,Low,,backtest,demand_forecast_run_20261005T130920538
2025-09-05,S04,P0022,CAT05,7,5,9.8,2.558,4.228,8.21,Low,,backtest,demand_forecast_run_20261005T130920538
2025-09-05,S04,P0032,CAT11,22,12,8.56,8.076,17.863,8.17,Low,,backtest,demand_forecast_run_20261005T130920538
2025-09-05,S04,P0053,CAT06,8,3,18.65,1.59,3.226,15.1,Low,,backtest,demand_forecast_run_20261005T130920538
2025-09-05,S04,P0073,CAT13,7,2,24.48,1.565,3.204,13.42,Low,,backtest,demand_forecast_run_20261005T130920538
2025-09-05,S04,P0170,CAT17,3,3,4.67,1.518,3.934,5.93,Medium,BELOW_REORDER,backtest,demand_forecast_run_20261005T130920538
2025-09-05,S04,P0206,CAT15,18,5,12.6,4.001,8.082,13.5,Low,,backtest,demand_forecast_run_20261005T130920538
2025-09-05,S04,P0213,CAT07,6,4,41.96,1.035,2.689,17.39,Low,,backtest,demand_forecast_run_20261005T130920538
2025-09-05,S04,P0252,CAT18,14,6,16.34,2.779,6.513,15.11,Low,,backtest,demand_forecast_run_20261005T130920538
2025-09-05,S04,P0272,CAT13,4,3,8,1.878,3.845,6.39,Low,,backtest,demand_forecast_run_20261005T130920538
2025-09-05,S04,P0288,CAT14,1,4,1.4,1.696,3.371,1.77,High,DEMAND_EXCEEDS_STOCK|BELOW_REORDER|LOW_DAYS_COVER,backtest,demand_forecast_run_20261005T130920538
2025-09-05,S04,P0316,CAT15,3,3,8.4,0.757,1.529,11.89,Medium,BELOW_REORDER,backtest,demand_forecast_run_20261005T130920538
2025-09-05,S04,P0369,CAT09,12,6,8.4,3.7,8.93,9.73,Low,,backtest,demand_forecast_run_20261005T130920538
2025-09-05,S04,P0381,CAT13,1,3,1.75,1.878,3.845,1.6,High,DEMAND_EXCEEDS_STOCK|BELOW_REORDER|LOW_DAYS_COVER,backtest,demand_forecast_run_20261005T130920538
2025-09-05,S04,P0391,CAT06,6,5,5.25,3.974,8.064,4.53,Low,,backtest,demand_forecast_run_20261005T130920538
2025-09-05,S04,P0392,CAT19,2,3,5.6,1.034,2.04,5.8,Medium,BELOW_REORDER,backtest,demand_forecast_run_20261005T130920538
2025-09-05,S04,P0408,CAT16,2,3,4,1.625,4.198,3.69,Medium,BELOW_REORDER,backtest,demand_forecast_run_20261005T130920538
2025-09-05,S04,P0409,CAT12,5,4,11.66,2.499,5.77,6,Low,,backtest,demand_forecast_run_20261005T130920538
2025-09-05,S04,P0433,CAT20,6,2,,0.505,1.405,35.66,Low,,backtest,demand_forecast_run_20261005T130920538
2025-09-05,S04,P0435,CAT14,8,6,4.31,6.133,12.188,3.91,Low,,backtest,demand_forecast_run_20261005T130920538
2025-09-05,S04,P0445,CAT02,5,3,14.01,0.806,1.929,18.61,Low,,backtest,demand_forecast_run_20261005T130920538
2025-09-05,S04,P0507,CAT02,10,11,4.52,7.612,18.219,3.94,Medium,BELOW_REORDER,backtest,demand_forecast_run_20261005T130920538
2025-09-05,S04,P0563,CAT13,6,5,16.81,2.816,5.767,6.39,Low,,backtest,demand_forecast_run_20261005T130920538
2025-09-05,S04,P0579,CAT12,5,3,17.48,1.029,2.376,14.57,Low,,backtest,demand_forecast_run_20261005T130920538
2025-09-05,S04,P0589,CAT03,16,4,18.67,1.995,4.223,24.06,Low,,backtest,demand_forecast_run_20261005T130920538
2025-09-05,S05,P0003,CAT03,13,4,30.3,2.286,4.415,17.06,Low,,backtest,demand_forecast_run_20261005T130920538
2025-09-05,S05,P0022,CAT05,18,4,21,2.662,5.334,20.29,Low,,backtest,demand_forecast_run_20261005T130920538
2025-09-05,S05,P0032,CAT11,24,11,9.08,7.033,14.849,10.24,Low,,backtest,demand_forecast_run_20261005T130920538
2025-09-05,S05,P0053,CAT06,3,3,14.02,0.65,1.637,13.84,Medium,BELOW_REORDER,backtest,demand_forecast_run_20261005T130920538
2025-09-05,S05,P0073,CAT13,4,2,11.2,0.756,1.946,15.87,Low,,backtest,demand_forecast_run_20261005T130920538
2025-09-05,S05,P0170,CAT17,8,3,22.41,1.06,2.419,22.64,Low,,backtest,demand_forecast_run_20261005T130920538
2025-09-05,S05,P0206,CAT15,7,4,16.32,2.001,4.32,10.49,Low,,backtest,demand_forecast_run_20261005T130920538
2025-09-05,S05,P0213,CAT07,5,4,7.78,1.841,4.557,8.15,Low,,backtest,demand_forecast_run_20261005T130920538
2025-09-05,S05,P0252,CAT18,7,5,5.44,3.237,6.945,6.49,Low,,backtest,demand_forecast_run_20261005T130920538
2025-09-05,S05,P0272,CAT13,7,3,16.32,1.701,4.377,12.34,Low,,backtest,demand_forecast_run_20261005T130920538
2025-09-05,S05,P0288,CAT14,12,3,33.61,1.172,2.575,30.71,Low,,backtest,demand_forecast_run_20261005T130920538
2025-09-05,S05,P0316,CAT15,11,3,38.46,1.728,3.731,19.09,Low,,backtest,demand_forecast_run_20261005T130920538
2025-09-05,S05,P0369,CAT09,11,6,8.55,3.601,9.256,9.16,Low,,backtest,demand_forecast_run_20261005T130920538
2025-09-05,S05,P0381,CAT13,10,3,46.73,0.472,1.216,63.49,Low,,backtest,demand_forecast_run_20261005T130920538
2025-09-05,S05,P0391,CAT06,11,5,9.62,4.031,10.15,8.19,Low,,backtest,demand_forecast_run_20261005T130920538
2025-09-05,S05,P0392,CAT19,4,2,,0.568,1.115,21.11,Low,,backtest,demand_forecast_run_20261005T130920538
2025-09-05,S05,P0408,CAT16,8,3,27.97,1.01,2.684,23.77,Low,,backtest,demand_forecast_run_20261005T130920538
2025-09-05,S05,P0409,CAT12,6,3,7.63,2.212,5.97,8.14,Low,,backtest,demand_forecast_run_20261005T130920538
2025-09-05,S05,P0433,CAT20,6,2,84.51,0.573,1.362,31.43,Low,,backtest,demand_forecast_run_20261005T130920538
2025-09-05,S05,P0435,CAT14,19,6,14.77,5.47,12.018,10.42,Low,,backtest,demand_forecast_run_20261005T130920538
2025-09-05,S05,P0445,CAT02,4,3,8,1.032,2.388,11.63,Low,,backtest,demand_forecast_run_20261005T130920538
2025-09-05,S05,P0507,CAT02,3,9,1.14,5.823,13.477,1.55,High,DEMAND_EXCEEDS_STOCK|BELOW_REORDER|LOW_DAYS_COVER,backtest,demand_forecast_run_20261005T130920538
2025-09-05,S05,P0563,CAT13,10,5,7,2.646,6.809,11.34,Low,,backtest,demand_forecast_run_20261005T130920538
2025-09-05,S05,P0579,CAT12,4,3,13.99,1.048,2.828,11.45,Low,,backtest,demand_forecast_run_20261005T130920538
2025-09-05,S05,P0589,CAT03,13,4,16.54,2.689,5.194,14.5,Low,,backtest,demand_forecast_run_20261005T130920538
2025-09-05,S06,P0003,CAT03,19,6,13.3,2.711,4.916,21.03,Low,,backtest,demand_forecast_run_20261005T130920538
2025-09-05,S06,P0022,CAT05,12,6,11.2,2.63,5.144,13.69,Low,,backtest,demand_forecast_run_20261005T130920538
2025-09-05,S06,P0032,CAT11,61,18,10.68,12.66,23.024,14.45,Low,,backtest,demand_forecast_run_20261005T130920538
2025-09-05,S06,P0053,CAT06,5,4,5.38,2.583,4.924,5.81,Low,,backtest,demand_forecast_run_20261005T130920538
2025-09-05,S06,P0073,CAT13,5,4,6.36,2.826,5.504,5.31,Low,,backtest,demand_forecast_run_20261005T130920538
2025-09-05,S06,P0170,CAT17,13,4,20.22,1.792,3.308,21.76,Low,,backtest,demand_forecast_run_20261005T130920538
2025-09-05,S06,P0206,CAT15,6,7,2.62,5.502,10.136,3.27,Medium,BELOW_REORDER|LOW_DAYS_COVER,backtest,demand_forecast_run_20261005T130920538
2025-09-05,S06,P0213,CAT07,18,6,14.83,4.297,8.519,12.57,Low,,backtest,demand_forecast_run_20261005T130920538
2025-09-05,S06,P0252,CAT18,0,8,0,5.895,12.492,0,High,ZERO_STOCK|DEMAND_EXCEEDS_STOCK|BELOW_REORDER|LOW_DAYS_COVER,backtest,demand_forecast_run_20261005T130920538
2025-09-05,S06,P0272,CAT13,4,4,11.2,2.12,4.128,5.66,Medium,BELOW_REORDER,backtest,demand_forecast_run_20261005T130920538
2025-09-05,S06,P0288,CAT14,12,4,16.81,2.509,4.421,14.35,Low,,backtest,demand_forecast_run_20261005T130920538
2025-09-05,S06,P0316,CAT15,9,4,11.45,2.201,4.054,12.27,Low,,backtest,demand_forecast_run_20261005T130920538
2025-09-05,S06,P0369,CAT09,9,10,4.5,7.028,13.442,3.84,Medium,BELOW_REORDER,backtest,demand_forecast_run_20261005T130920538
2025-09-05,S06,P0381,CAT13,6,4,16.81,1.884,3.669,9.55,Low,,backtest,demand_forecast_run_20261005T130920538
2025-09-05,S06,P0391,CAT06,9,7,4.35,5.166,9.848,5.23,Low,,backtest,demand_forecast_run_20261005T130920538
2025-09-05,S06,P0392,CAT19,4,3,7.01,2.821,4.369,4.25,Low,,backtest,demand_forecast_run_20261005T130920538
2025-09-05,S06,P0408,CAT16,13,5,20.22,2.224,5.423,17.53,Low,,backtest,demand_forecast_run_20261005T130920538
2025-09-05,S06,P0409,CAT12,6,5,6.46,2.778,5.442,6.48,Low,,backtest,demand_forecast_run_20261005T130920538
2025-09-05,S06,P0433,CAT20,6,3,20.98,1.232,2.798,14.61,Low,,backtest,demand_forecast_run_20261005T130920538
2025-09-05,S06,P0435,CAT14,20,9,8,7.841,13.817,7.65,Low,,backtest,demand_forecast_run_20261005T130920538
2025-09-05,S06,P0445,CAT02,10,4,10,2.576,4.211,11.64,Low,,backtest,demand_forecast_run_20261005T130920538
2025-09-05,S06,P0507,CAT02,51,17,15.19,11.336,18.527,13.5,Low,,backtest,demand_forecast_run_20261005T130920538
2025-09-05,S06,P0563,CAT13,5,6,7,3.768,7.339,3.98,Medium,BELOW_REORDER,backtest,demand_forecast_run_20261005T130920538
2025-09-05,S06,P0579,CAT12,12,4,11.2,4.101,8.034,8.78,Low,,backtest,demand_forecast_run_20261005T130920538
2025-09-05,S06,P0589,CAT03,14,6,14,2.88,5.224,14.58,Low,,backtest,demand_forecast_run_20261005T130920538
2025-09-05,S07,P0003,CAT03,10,5,11.67,2.668,4.92,11.25,Low,,backtest,demand_forecast_run_20261005T130920538
2025-09-05,S07,P0022,CAT05,10,4,11.67,3.199,6.126,9.38,Low,,backtest,demand_forecast_run_20261005T130920538
2025-09-05,S07,P0032,CAT11,48,12,11.79,9.233,18.025,15.6,Low,,backtest,demand_forecast_run_20261005T130920538
2025-09-05,S07,P0053,CAT06,8,3,16,1.428,3.479,16.81,Low,,backtest,demand_forecast_run_20261005T130920538
2025-09-05,S07,P0073,CAT13,4,3,56.34,0.55,1.19,21.8,Low,,backtest,demand_forecast_run_20261005T130920538
2025-09-05,S07,P0170,CAT17,6,3,41.96,1.079,2.911,16.68,Low,,backtest,demand_forecast_run_20261005T130920538
2025-09-05,S07,P0206,CAT15,11,5,8.11,3.614,7.5,9.13,Low,,backtest,demand_forecast_run_20261005T130920538
2025-09-05,S07,P0213,CAT07,14,4,17.81,1.642,3.898,25.58,Low,,backtest,demand_forecast_run_20261005T130920538
2025-09-05,S07,P0252,CAT18,7,5,3.5,3.478,9.258,6.04,Low,,backtest,demand_forecast_run_20261005T130920538
2025-09-05,S07,P0272,CAT13,9,3,42.06,0.963,2.082,28.03,Low,,backtest,demand_forecast_run_20261005T130920538
2025-09-05,S07,P0288,CAT14,5,3,5.83,2.107,4.165,7.12,Low,,backtest,demand_forecast_run_20261005T130920538
2025-09-05,S07,P0316,CAT15,8,3,55.94,0.583,1.21,41.18,Low,,backtest,demand_forecast_run_20261005T130920538
2025-09-05,S07,P0369,CAT09,10,7,7.78,3.615,7.955,8.3,Low,,backtest,demand_forecast_run_20261005T130920538
2025-09-05,S07,P0381,CAT13,8,3,18.65,1.101,2.38,21.8,Low,,backtest,demand_forecast_run_20261005T130920538
2025-09-05,S07,P0391,CAT06,19,5,11.56,3.807,9.276,14.97,Low,,backtest,demand_forecast_run_20261005T130920538
2025-09-05,S07,P0392,CAT19,6,3,8.4,3.041,6.421,5.92,Low,,backtest,demand_forecast_run_20261005T130920538
2025-09-05,S07,P0408,CAT16,7,3,10.89,1.64,4.427,12.8,Low,,backtest,demand_forecast_run_20261005T130920538
2025-09-05,S07,P0409,CAT12,3,4,3.5,2.95,7.744,3.05,Medium,BELOW_REORDER,backtest,demand_forecast_run_20261005T130920538
2025-09-05,S07,P0433,CAT20,3,2,,0.196,0.557,45.97,Low,,backtest,demand_forecast_run_20261005T130920538
2025-09-05,S07,P0435,CAT14,22,7,11.4,5.323,10.521,12.4,Low,,backtest,demand_forecast_run_20261005T130920538
2025-09-05,S07,P0445,CAT02,6,3,10.51,0.91,1.88,19.79,Low,,backtest,demand_forecast_run_20261005T130920538
2025-09-05,S07,P0507,CAT02,35,11,12.25,5.706,11.791,18.4,Low,,backtest,demand_forecast_run_20261005T130920538
2025-09-05,S07,P0563,CAT13,12,5,9.33,3.165,6.841,11.38,Low,,backtest,demand_forecast_run_20261005T130920538
2025-09-05,S07,P0579,CAT12,7,3,16.32,1.475,3.872,14.23,Low,,backtest,demand_forecast_run_20261005T130920538
2025-09-05,S07,P0589,CAT03,1,4,1,2.174,4.009,1.38,High,DEMAND_EXCEEDS_STOCK|BELOW_REORDER|LOW_DAYS_COVER,backtest,demand_forecast_run_20261005T130920538
2025-09-05,S08,P0003,CAT03,3,7,1.91,4.258,7.213,2.11,High,DEMAND_EXCEEDS_STOCK|BELOW_REORDER|LOW_DAYS_COVER,backtest,demand_forecast_run_20261005T130920538
2025-09-05,S08,P0022,CAT05,6,6,5.6,4.355,7.563,4.13,Medium,BELOW_REORDER,backtest,demand_forecast_run_20261005T130920538
2025-09-05,S08,P0032,CAT11,37,18,10.36,12.18,21.582,9.11,Low,,backtest,demand_forecast_run_20261005T130920538
2025-09-05,S08,P0053,CAT06,10,3,17.51,1.899,3.431,15.8,Low,,backtest,demand_forecast_run_20261005T130920538
2025-09-05,S08,P0073,CAT13,3,3,10.49,1.217,2.409,7.39,Medium,BELOW_REORDER,backtest,demand_forecast_run_20261005T130920538
2025-09-05,S08,P0170,CAT17,8,4,12.44,1.754,3.804,13.69,Low,,backtest,demand_forecast_run_20261005T130920538
2025-09-05,S08,P0206,CAT15,19,7,19,6.79,12.732,8.39,Low,,backtest,demand_forecast_run_20261005T130920538
2025-09-05,S08,P0213,CAT07,11,6,8.11,2.074,4.553,15.91,Low,,backtest,demand_forecast_run_20261005T130920538
2025-09-05,S08,P0252,CAT18,10,9,3.33,6.965,15.962,4.31,Low,,backtest,demand_forecast_run_20261005T130920538
2025-09-05,S08,P0272,CAT13,7,4,16.32,1.927,3.814,10.9,Low,,backtest,demand_forecast_run_20261005T130920538
2025-09-05,S08,P0288,CAT14,12,4,15.27,3.124,6.045,11.52,Low,,backtest,demand_forecast_run_20261005T130920538
2025-09-05,S08,P0316,CAT15,9,4,14,1.43,2.681,18.89,Low,,backtest,demand_forecast_run_20261005T130920538
2025-09-05,S08,P0369,CAT09,11,10,3.95,5.385,10.373,6.13,Low,,backtest,demand_forecast_run_20261005T130920538
2025-09-05,S08,P0381,CAT13,6,4,9.33,2.333,4.616,7.72,Low,,backtest,demand_forecast_run_20261005T130920538
2025-09-05,S08,P0391,CAT06,8,6,4.67,5.341,9.648,4.49,Low,,backtest,demand_forecast_run_20261005T130920538
2025-09-05,S08,P0392,CAT19,8,4,7.47,2.407,4.788,9.97,Low,,backtest,demand_forecast_run_20261005T130920538
2025-09-05,S08,P0408,CAT16,7,4,8.17,2.12,4.853,9.91,Low,,backtest,demand_forecast_run_20261005T130920538
2025-09-05,S08,P0409,CAT12,13,5,10.11,3.667,7.626,10.64,Low,,backtest,demand_forecast_run_20261005T130920538
2025-09-05,S08,P0433,CAT20,6,2,16.81,1.275,2.958,14.12,Low,,backtest,demand_forecast_run_20261005T130920538
2025-09-05,S08,P0435,CAT14,22,9,8.32,7.521,14.554,8.78,Low,,backtest,demand_forecast_run_20261005T130920538
2025-09-05,S08,P0445,CAT02,6,4,6.46,1.566,2.829,11.5,Low,,backtest,demand_forecast_run_20261005T130920538
2025-09-05,S08,P0507,CAT02,49,18,12.7,10.176,18.386,14.45,Low,,backtest,demand_forecast_run_20261005T130920538
2025-09-05,S08,P0563,CAT13,15,8,6.18,5.984,11.842,7.52,Low,,backtest,demand_forecast_run_20261005T130920538
2025-09-05,S08,P0579,CAT12,9,3,18,2.232,4.642,12.1,Low,,backtest,demand_forecast_run_20261005T130920538
2025-09-05,S08,P0589,CAT03,9,5,7.87,2.615,4.429,10.33,Low,,backtest,demand_forecast_run_20261005T130920538
2025-09-05,S09,P0003,CAT03,7,5,6.12,3.162,5.765,6.64,Low,,backtest,demand_forecast_run_20261005T130920538
2025-09-05,S09,P0022,CAT05,12,6,9.88,4.921,8.475,7.32,Low,,backtest,demand_forecast_run_20261005T130920538
2025-09-05,S09,P0032,CAT11,51,17,11.71,11.975,22.209,12.78,Low,,backtest,demand_forecast_run_20261005T130920538
2025-09-05,S09,P0053,CAT06,7,3,14,3.03,5.461,6.93,Low,,backtest,demand_forecast_run_20261005T130920538
2025-09-05,S09,P0073,CAT13,8,3,18.65,1.883,3.502,12.75,Low,,backtest,demand_forecast_run_20261005T130920538
2025-09-05,S09,P0170,CAT17,10,4,11.67,1.539,3.303,19.49,Low,,backtest,demand_forecast_run_20261005T130920538
2025-09-05,S09,P0206,CAT15,16,6,10.18,5.809,10.215,8.26,Low,,backtest,demand_forecast_run_20261005T130920538
2025-09-05,S09,P0213,CAT07,10,5,5.83,4.483,9.848,6.69,Low,,backtest,demand_forecast_run_20261005T130920538
2025-09-05,S09,P0252,CAT18,24,7,8.84,5.933,11.273,12.14,Low,,backtest,demand_forecast_run_20261005T130920538
2025-09-05,S09,P0272,CAT13,5,3,17.48,1.027,1.91,14.61,Low,,backtest,demand_forecast_run_20261005T130920538
2025-09-05,S09,P0288,CAT14,4,4,4,2.416,4.571,4.97,Medium,BELOW_REORDER,backtest,demand_forecast_run_20261005T130920538
2025-09-05,S09,P0316,CAT15,7,4,14,1.899,3.34,11.06,Low,,backtest,demand_forecast_run_20261005T130920538
2025-09-05,S09,P0369,CAT09,19,8,6.49,5.937,12.553,9.6,Low,,backtest,demand_forecast_run_20261005T130920538
2025-09-05,S09,P0381,CAT13,2,3,4,1.54,2.866,3.9,Medium,BELOW_REORDER,backtest,demand_forecast_run_20261005T130920538
2025-09-05,S09,P0391,CAT06,12,7,7,6.665,12.015,5.4,Low,,backtest,demand_forecast_run_20261005T130920538
2025-09-05,S09,P0392,CAT19,7,3,14,1.25,1.99,16.8,Low,,backtest,demand_forecast_run_20261005T130920538
2025-09-05,S09,P0408,CAT16,11,4,13.99,3.308,6.707,9.98,Low,,backtest,demand_forecast_run_20261005T130920538
2025-09-05,S09,P0409,CAT12,15,5,12.36,3.39,6.684,13.27,Low,,backtest,demand_forecast_run_20261005T130920538
2025-09-05,S09,P0433,CAT20,6,2,84.51,0.579,1.206,31.07,Low,,backtest,demand_forecast_run_20261005T130920538
2025-09-05,S09,P0435,CAT14,6,9,2.05,8.646,16.359,2.08,High,DEMAND_EXCEEDS_STOCK|BELOW_REORDER|LOW_DAYS_COVER,backtest,demand_forecast_run_20261005T130920538
2025-09-05,S09,P0445,CAT02,8,4,7.47,1.98,3.554,12.12,Low,,backtest,demand_forecast_run_20261005T130920538
2025-09-05,S09,P0507,CAT02,19,16,4.09,12.076,21.68,4.72,Low,,backtest,demand_forecast_run_20261005T130920538
2025-09-05,S09,P0563,CAT13,7,6,6.12,6.162,11.463,3.41,Low,,backtest,demand_forecast_run_20261005T130920538
2025-09-05,S09,P0579,CAT12,0,3,0,2.999,5.913,0,High,ZERO_STOCK|DEMAND_EXCEEDS_STOCK|BELOW_REORDER|LOW_DAYS_COVER,backtest,demand_forecast_run_20261005T130920538
2025-09-05,S09,P0589,CAT03,8,5,4.48,4.518,8.236,5.31,Low,,backtest,demand_forecast_run_20261005T130920538
2025-09-05,S10,P0003,CAT03,13,5,22.77,3.231,5.571,12.07,Low,,backtest,demand_forecast_run_20261005T130920538
2025-09-05,S10,P0022,CAT05,17,5,17,3.256,5.51,15.66,Low,,backtest,demand_forecast_run_20261005T130920538
2025-09-05,S10,P0032,CAT11,8,14,2.04,11.106,20.61,2.16,High,DEMAND_EXCEEDS_STOCK|BELOW_REORDER|LOW_DAYS_COVER,backtest,demand_forecast_run_20261005T130920538
2025-09-05,S10,P0053,CAT06,7,3,32.71,0.884,1.612,23.74,Low,,backtest,demand_forecast_run_20261005T130920538
2025-09-05,S10,P0073,CAT13,4,3,11.2,1.42,2.686,8.45,Low,,backtest,demand_forecast_run_20261005T130920538
2025-09-05,S10,P0170,CAT17,9,3,9.69,1.659,3.85,16.27,Low,,backtest,demand_forecast_run_20261005T130920538
2025-09-05,S10,P0206,CAT15,13,5,18.21,4.437,8.625,8.79,Low,,backtest,demand_forecast_run_20261005T130920538
2025-09-05,S10,P0213,CAT07,9,4,7.87,2.887,5.918,9.35,Low,,backtest,demand_forecast_run_20261005T130920538
2025-09-05,S10,P0252,CAT18,12,7,5.79,3.914,9.412,9.2,Low,,backtest,demand_forecast_run_20261005T130920538
2025-09-05,S10,P0272,CAT13,9,3,126.76,1.033,1.953,26.14,Low,,backtest,demand_forecast_run_20261005T130920538
2025-09-05,S10,P0288,CAT14,8,4,8,2.398,4.608,10.01,Low,,backtest,demand_forecast_run_20261005T130920538
2025-09-05,S10,P0316,CAT15,8,4,27.97,1.849,3.594,12.98,Low,,backtest,demand_forecast_run_20261005T130920538
2025-09-05,S10,P0369,CAT09,18,7,8.4,4.99,11.347,10.82,Low,,backtest,demand_forecast_run_20261005T130920538
2025-09-05,S10,P0381,CAT13,0,3,0,2.066,3.906,0,High,ZERO_STOCK|DEMAND_EXCEEDS_STOCK|BELOW_REORDER|LOW_DAYS_COVER,backtest,demand_forecast_run_20261005T130920538
2025-09-05,S10,P0391,CAT06,8,5,4.31,5.748,10.48,4.18,Low,,backtest,demand_forecast_run_20261005T130920538
2025-09-05,S10,P0392,CAT19,4,3,9.32,1.734,3.116,6.92,Low,,backtest,demand_forecast_run_20261005T130920538
2025-09-05,S10,P0408,CAT16,7,4,10.89,1.506,3.583,13.95,Low,,backtest,demand_forecast_run_20261005T130920538
2025-09-05,S10,P0409,CAT12,7,5,7.53,3.7,8.172,5.68,Low,,backtest,demand_forecast_run_20261005T130920538
2025-09-05,S10,P0433,CAT20,5,2,34.97,0.813,1.868,18.45,Low,,backtest,demand_forecast_run_20261005T130920538
2025-09-05,S10,P0435,CAT14,17,7,7.68,6.321,12.148,8.07,Low,,backtest,demand_forecast_run_20261005T130920538
2025-09-05,S10,P0445,CAT02,2,3,2.8,1.263,2.239,4.75,Medium,BELOW_REORDER|LOW_DAYS_COVER,backtest,demand_forecast_run_20261005T130920538
2025-09-05,S10,P0507,CAT02,29,13,9.67,10.59,18.772,8.22,Low,,backtest,demand_forecast_run_20261005T130920538
2025-09-05,S10,P0563,CAT13,12,6,7.64,5.68,10.742,6.34,Low,,backtest,demand_forecast_run_20261005T130920538
2025-09-05,S10,P0579,CAT12,9,3,31.47,2.035,4.494,13.27,Low,,backtest,demand_forecast_run_20261005T130920538
2025-09-05,S10,P0589,CAT03,10,4,9.34,2.962,5.107,10.13,Low,,backtest,demand_forecast_run_20261005T130920538
2025-09-05,S11,P0003,CAT03,17,6,15.87,4.988,7.252,10.22,Low,,backtest,demand_forecast_run_20261005T130920538
2025-09-05,S11,P0022,CAT05,14,6,8.91,6.495,8.5,6.47,Low,,backtest,demand_forecast_run_20261005T130920538
2025-09-05,S11,P0032,CAT11,54,20,11.28,14.141,23.087,11.46,Low,,backtest,demand_forecast_run_20261005T130920538
2025-09-05,S11,P0053,CAT06,9,4,11.45,2.416,4.65,11.17,Low,,backtest,demand_forecast_run_20261005T130920538
2025-09-05,S11,P0073,CAT13,9,3,18,1.312,2.24,20.58,Low,,backtest,demand_forecast_run_20261005T130920538
2025-09-05,S11,P0170,CAT17,3,4,5.25,2.242,4.54,4.01,Medium,BELOW_REORDER,backtest,demand_forecast_run_20261005T130920538
2025-09-05,S11,P0206,CAT15,13,7,18.21,4.742,7.233,8.22,Low,,backtest,demand_forecast_run_20261005T130920538
2025-09-05,S11,P0213,CAT07,3,6,1.68,3.448,6.841,2.61,High,DEMAND_EXCEEDS_STOCK|BELOW_REORDER|LOW_DAYS_COVER,backtest,demand_forecast_run_20261005T130920538
2025-09-05,S11,P0252,CAT18,11,9,4.97,7.835,15.885,4.21,Low,,backtest,demand_forecast_run_20261005T130920538
2025-09-05,S11,P0272,CAT13,6,4,8.4,2.077,3.547,8.67,Low,,backtest,demand_forecast_run_20261005T130920538
2025-09-05,S11,P0288,CAT14,14,5,12.25,2.722,4.383,15.43,Low,,backtest,demand_forecast_run_20261005T130920538
2025-09-05,S11,P0316,CAT15,5,4,3.5,4.324,6.595,3.47,Low,,backtest,demand_forecast_run_20261005T130920538
2025-09-05,S11,P0369,CAT09,9,9,3.41,6.439,13.18,4.19,Medium,BELOW_REORDER,backtest,demand_forecast_run_20261005T130920538
2025-09-05,S11,P0381,CAT13,7,4,4.9,3.28,5.601,6.4,Low,,backtest,demand_forecast_run_20261005T130920538
2025-09-05,S11,P0391,CAT06,13,7,10.11,6.578,12.658,5.93,Low,,backtest,demand_forecast_run_20261005T130920538
2025-09-05,S11,P0392,CAT19,2,3,2.33,2.89,4.887,2.08,High,DEMAND_EXCEEDS_STOCK|BELOW_REORDER|LOW_DAYS_COVER,backtest,demand_forecast_run_20261005T130920538
2025-09-05,S11,P0408,CAT16,14,5,12.25,3.888,6.678,10.8,Low,,backtest,demand_forecast_run_20261005T130920538
2025-09-05,S11,P0409,CAT12,16,5,24.88,3.914,7.046,12.27,Low,,backtest,demand_forecast_run_20261005T130920538
2025-09-05,S11,P0433,CAT20,11,3,51.4,0.699,1.434,47.24,Low,,backtest,demand_forecast_run_20261005T130920538
2025-09-05,S11,P0435,CAT14,23,9,6.85,9.821,15.818,7.03,Low,,backtest,demand_forecast_run_20261005T130920538
2025-09-05,S11,P0445,CAT02,7,5,6.54,2.958,5.039,7.1,Low,,backtest,demand_forecast_run_20261005T130920538
2025-09-05,S11,P0507,CAT02,36,18,8.84,12.727,21.683,8.49,Low,,backtest,demand_forecast_run_20261005T130920538
2025-09-05,S11,P0563,CAT13,13,7,5.2,5.794,9.895,6.73,Low,,backtest,demand_forecast_run_20261005T130920538
2025-09-05,S11,P0579,CAT12,9,3,15.76,2.348,4.228,11.5,Low,,backtest,demand_forecast_run_20261005T130920538
2025-09-05,S11,P0589,CAT03,13,5,12.14,3.93,5.713,9.92,Low,,backtest,demand_forecast_run_20261005T130920538
2025-09-05,S12,P0003,CAT03,12,6,10.5,3.777,6.315,9.53,Low,,backtest,demand_forecast_run_20261005T130920538
2025-09-05,S12,P0022,CAT05,5,5,4.67,4.852,6.902,3.09,Medium,BELOW_REORDER,backtest,demand_forecast_run_20261005T130920538
2025-09-05,S12,P0032,CAT11,48,15,16,12.05,19.622,11.95,Low,,backtest,demand_forecast_run_20261005T130920538
2025-09-05,S12,P0053,CAT06,7,3,7.53,2.437,5.023,8.62,Low,,backtest,demand_forecast_run_20261005T130920538
2025-09-05,S12,P0073,CAT13,3,3,6.99,0.998,1.709,9.01,Medium,BELOW_REORDER,backtest,demand_forecast_run_20261005T130920538
2025-09-05,S12,P0170,CAT17,6,3,8.4,1.283,3.295,14.03,Low,,backtest,demand_forecast_run_20261005T130920538
2025-09-05,S12,P0206,CAT15,10,6,8.75,3.638,7.143,8.25,Low,,backtest,demand_forecast_run_20261005T130920538
2025-09-05,S12,P0213,CAT07,16,5,18.67,2.494,6.399,19.24,Low,,backtest,demand_forecast_run_20261005T130920538
2025-09-05,S12,P0252,CAT18,11,7,5.5,5.166,12.266,6.39,Low,,backtest,demand_forecast_run_20261005T130920538
2025-09-05,S12,P0272,CAT13,8,3,16,2.425,4.15,9.9,Low,,backtest,demand_forecast_run_20261005T130920538
2025-09-05,S12,P0288,CAT14,6,4,16.81,1.468,3.061,12.26,Low,,backtest,demand_forecast_run_20261005T130920538
2025-09-05,S12,P0316,CAT15,8,3,8,2.461,4.832,9.75,Low,,backtest,demand_forecast_run_20261005T130920538
2025-09-05,S12,P0369,CAT09,14,8,8.17,5.592,11.404,7.51,Low,,backtest,demand_forecast_run_20261005T130920538
2025-09-05,S12,P0381,CAT13,9,3,11.45,2.14,3.661,12.62,Low,,backtest,demand_forecast_run_20261005T130920538
2025-09-05,S12,P0391,CAT06,16,5,11.79,4.061,8.371,11.82,Low,,backtest,demand_forecast_run_20261005T130920538
2025-09-05,S12,P0392,CAT19,4,3,11.2,1.635,3.846,7.34,Low,,backtest,demand_forecast_run_20261005T130920538
2025-09-05,S12,P0408,CAT16,8,4,11.2,1.722,4.05,13.94,Low,,backtest,demand_forecast_run_20261005T130920538
2025-09-05,S12,P0409,CAT12,2,4,2.15,2.551,6.289,2.35,High,DEMAND_EXCEEDS_STOCK|BELOW_REORDER|LOW_DAYS_COVER,backtest,demand_forecast_run_20261005T130920538
2025-09-05,S12,P0433,CAT20,6,2,28.04,0.622,1.709,28.92,Low,,backtest,demand_forecast_run_20261005T130920538
2025-09-05,S12,P0435,CAT14,13,6,7.91,7.159,14.922,5.45,Low,,backtest,demand_forecast_run_20261005T130920538
2025-09-05,S12,P0445,CAT02,3,3,10.49,1.134,2.013,7.93,Medium,BELOW_REORDER,backtest,demand_forecast_run_20261005T130920538
2025-09-05,S12,P0507,CAT02,25,14,14,9.694,17.206,7.74,Low,,backtest,demand_forecast_run_20261005T130920538
2025-09-05,S12,P0563,CAT13,12,6,11.2,4.85,8.299,7.42,Low,,backtest,demand_forecast_run_20261005T130920538
2025-09-05,S12,P0579,CAT12,5,3,10,1.458,3.594,10.29,Low,,backtest,demand_forecast_run_20261005T130920538
2025-09-05,S12,P0589,CAT03,3,4,2.8,2.95,4.934,3.05,Medium,BELOW_REORDER|LOW_DAYS_COVER,backtest,demand_forecast_run_20261005T130920538
2025-09-06,S01,P0003,CAT03,11,6,7.7,3.578,6.607,9.22,Low,,backtest,demand_forecast_run_20261005T130920538
2025-09-06,S01,P0022,CAT05,5,5,5.38,2.83,4.936,5.3,Medium,BELOW_REORDER,backtest,demand_forecast_run_20261005T130920538
2025-09-06,S01,P0032,CAT11,41,14,10.63,10.548,18.182,11.66,Low,,backtest,demand_forecast_run_20261005T130920538
2025-09-06,S01,P0053,CAT06,9,3,31.47,1.842,3.383,14.66,Low,,backtest,demand_forecast_run_20261005T130920538
2025-09-06,S01,P0073,CAT13,4,3,6.22,1.278,2.684,9.39,Low,,backtest,demand_forecast_run_20261005T130920538
2025-09-06,S01,P0170,CAT17,7,4,12.26,1.891,4.213,11.11,Low,,backtest,demand_forecast_run_20261005T130920538
2025-09-06,S01,P0206,CAT15,15,6,17.5,3.348,6.977,13.44,Low,,backtest,demand_forecast_run_20261005T130920538
2025-09-06,S01,P0213,CAT07,12,5,16.81,2.102,4.802,17.13,Low,,backtest,demand_forecast_run_20261005T130920538
2025-09-06,S01,P0252,CAT18,19,7,8.31,5.488,13.454,10.39,Low,,backtest,demand_forecast_run_20261005T130920538
2025-09-06,S01,P0272,CAT13,6,3,6.46,1.758,3.69,10.24,Low,,backtest,demand_forecast_run_20261005T130920538
2025-09-06,S01,P0288,CAT14,15,4,70.09,2.676,5.158,16.81,Low,,backtest,demand_forecast_run_20261005T130920538
2025-09-06,S01,P0316,CAT15,6,3,28.04,0.765,1.595,23.52,Low,,backtest,demand_forecast_run_20261005T130920538
2025-09-06,S01,P0369,CAT09,16,8,9.33,5.304,10.68,9.05,Low,,backtest,demand_forecast_run_20261005T130920538
2025-09-06,S01,P0381,CAT13,4,3,4.67,1.438,3.019,8.34,Low,,backtest,demand_forecast_run_20261005T130920538
2025-09-06,S01,P0391,CAT06,7,5,3.77,7.183,13.196,2.92,High,DEMAND_EXCEEDS_STOCK,backtest,demand_forecast_run_20261005T130920538
2025-09-06,S01,P0392,CAT19,10,3,28.01,3,5.667,10,Low,,backtest,demand_forecast_run_20261005T130920538
2025-09-06,S01,P0408,CAT16,0,4,0,2.381,6.372,0,High,ZERO_STOCK|DEMAND_EXCEEDS_STOCK|BELOW_REORDER|LOW_DAYS_COVER,backtest,demand_forecast_run_20261005T130920538
2025-09-06,S01,P0409,CAT12,6,4,7.63,2.33,4.934,7.72,Low,,backtest,demand_forecast_run_20261005T130920538
2025-09-06,S01,P0433,CAT20,2,3,28.17,1.05,2.542,5.71,Medium,BELOW_REORDER,backtest,demand_forecast_run_20261005T130920538
2025-09-06,S01,P0435,CAT14,4,7,3.29,5.65,10.89,2.12,High,DEMAND_EXCEEDS_STOCK|BELOW_REORDER,backtest,demand_forecast_run_20261005T130920538
2025-09-06,S01,P0445,CAT02,0,4,0,2.474,4.857,0,High,ZERO_STOCK|DEMAND_EXCEEDS_STOCK|BELOW_REORDER|LOW_DAYS_COVER,backtest,demand_forecast_run_20261005T130920538
2025-09-06,S01,P0507,CAT02,31,14,9.65,8.105,15.909,11.47,Low,,backtest,demand_forecast_run_20261005T130920538
2025-09-06,S01,P0563,CAT13,14,6,13.07,2.637,5.535,15.93,Low,,backtest,demand_forecast_run_20261005T130920538
2025-09-06,S01,P0579,CAT12,8,3,11.2,1.52,3.218,15.79,Low,,backtest,demand_forecast_run_20261005T130920538
2025-09-06,S01,P0589,CAT03,7,4,7.53,2.736,5.053,7.68,Low,,backtest,demand_forecast_run_20261005T130920538
2025-09-06,S02,P0003,CAT03,11,6,6.16,3.977,7.305,8.3,Low,,backtest,demand_forecast_run_20261005T130920538
2025-09-06,S02,P0022,CAT05,0,6,0,3.325,7.138,0,High,ZERO_STOCK|DEMAND_EXCEEDS_STOCK|BELOW_REORDER|LOW_DAYS_COVER,backtest,demand_forecast_run_20261005T130920538
2025-09-06,S02,P0032,CAT11,44,17,8.68,9.428,17.434,14,Low,,backtest,demand_forecast_run_20261005T130920538
2025-09-06,S02,P0053,CAT06,9,3,42.06,1.234,2.108,21.88,Low,,backtest,demand_forecast_run_20261005T130920538
2025-09-06,S02,P0073,CAT13,6,3,12,1.085,2.31,16.59,Low,,backtest,demand_forecast_run_20261005T130920538
2025-09-06,S02,P0170,CAT17,5,3,5.83,1.136,2.936,13.2,Low,,backtest,demand_forecast_run_20261005T130920538
2025-09-06,S02,P0206,CAT15,0,6,0,3.333,6.076,0,High,ZERO_STOCK|DEMAND_EXCEEDS_STOCK|BELOW_REORDER|LOW_DAYS_COVER,backtest,demand_forecast_run_20261005T130920538
2025-09-06,S02,P0213,CAT07,5,5,5,2.742,6.17,5.47,Medium,BELOW_REORDER,backtest,demand_forecast_run_20261005T130920538
2025-09-06,S02,P0252,CAT18,20,7,12.17,4.844,11.487,12.39,Low,,backtest,demand_forecast_run_20261005T130920538
2025-09-06,S02,P0272,CAT13,5,3,7.78,1.357,2.887,11.06,Low,,backtest,demand_forecast_run_20261005T130920538
2025-09-06,S02,P0288,CAT14,12,4,21.02,2.503,4.193,14.38,Low,,backtest,demand_forecast_run_20261005T130920538
2025-09-06,S02,P0316,CAT15,7,3,19.61,1.052,1.919,19.95,Low,,backtest,demand_forecast_run_20261005T130920538
2025-09-06,S02,P0369,CAT09,11,8,5.92,4.777,10.829,6.91,Low,,backtest,demand_forecast_run_20261005T130920538
2025-09-06,S02,P0381,CAT13,3,3,2.62,1.809,3.85,4.98,Medium,BELOW_REORDER|LOW_DAYS_COVER,backtest,demand_forecast_run_20261005T130920538
2025-09-06,S02,P0391,CAT06,6,7,3.82,6.308,10.775,2.85,High,DEMAND_EXCEEDS_STOCK|BELOW_REORDER,backtest,demand_forecast_run_20261005T130920538
2025-09-06,S02,P0392,CAT19,9,3,14,1.091,2.306,24.74,Low,,backtest,demand_forecast_run_20261005T130920538
2025-09-06,S02,P0408,CAT16,13,4,20.22,3.262,7.029,11.96,Low,,backtest,demand_forecast_run_20261005T130920538
2025-09-06,S02,P0409,CAT12,3,5,1.68,3.886,8.979,2.32,High,DEMAND_EXCEEDS_STOCK|BELOW_REORDER|LOW_DAYS_COVER,backtest,demand_forecast_run_20261005T130920538
2025-09-06,S02,P0433,CAT20,8,3,,0.315,0.785,76.26,Low,,backtest,demand_forecast_run_20261005T130920538
2025-09-06,S02,P0435,CAT14,19,8,6.49,8.412,14.087,6.78,Low,,backtest,demand_forecast_run_20261005T130920538
2025-09-06,S02,P0445,CAT02,10,4,17.51,1.284,2.465,23.36,Low,,backtest,demand_forecast_run_20261005T130920538
2025-09-06,S02,P0507,CAT02,7,15,1.61,10.615,20.376,1.98,High,DEMAND_EXCEEDS_STOCK|BELOW_REORDER|LOW_DAYS_COVER,backtest,demand_forecast_run_20261005T130920538
2025-09-06,S02,P0563,CAT13,3,6,1.91,3.618,7.699,2.49,High,DEMAND_EXCEEDS_STOCK|BELOW_REORDER|LOW_DAYS_COVER,backtest,demand_forecast_run_20261005T130920538
2025-09-06,S02,P0579,CAT12,4,3,6.22,1.943,4.49,6.18,Low,,backtest,demand_forecast_run_20261005T130920538
2025-09-06,S02,P0589,CAT03,8,4,11.2,1.85,3.398,12.97,Low,,backtest,demand_forecast_run_20261005T130920538
2025-09-06,S03,P0003,CAT03,0,6,0,3.173,6.453,0,High,ZERO_STOCK|DEMAND_EXCEEDS_STOCK|BELOW_REORDER|LOW_DAYS_COVER,backtest,demand_forecast_run_20261005T130920538
2025-09-06,S03,P0022,CAT05,5,5,4.67,2.048,3.693,7.32,Medium,BELOW_REORDER,backtest,demand_forecast_run_20261005T130920538
2025-09-06,S03,P0032,CAT11,30,15,8.4,10.773,20.15,8.35,Low,,backtest,demand_forecast_run_20261005T130920538
2025-09-06,S03,P0053,CAT06,8,4,14.01,2.84,5.487,8.45,Low,,backtest,demand_forecast_run_20261005T130920538
2025-09-06,S03,P0073,CAT13,4,3,56.34,0.398,0.839,30.13,Low,,backtest,demand_forecast_run_20261005T130920538
2025-09-06,S03,P0170,CAT17,11,4,13.99,1.895,4.077,17.41,Low,,backtest,demand_forecast_run_20261005T130920538
2025-09-06,S03,P0206,CAT15,13,6,11.37,3.652,7.806,10.68,Low,,backtest,demand_forecast_run_20261005T130920538
2025-09-06,S03,P0213,CAT07,4,4,5.09,2.163,4.949,5.55,Medium,BELOW_REORDER,backtest,demand_forecast_run_20261005T130920538
2025-09-06,S03,P0252,CAT18,22,8,8.56,4.346,11.17,15.19,Low,,backtest,demand_forecast_run_20261005T130920538
2025-09-06,S03,P0272,CAT13,5,3,17.48,1.726,3.635,8.69,Low,,backtest,demand_forecast_run_20261005T130920538
2025-09-06,S03,P0288,CAT14,8,3,37.38,1.7,3.279,14.12,Low,,backtest,demand_forecast_run_20261005T130920538
2025-09-06,S03,P0316,CAT15,4,4,6.22,1.73,3.698,6.94,Medium,BELOW_REORDER,backtest,demand_forecast_run_20261005T130920538
2025-09-06,S03,P0369,CAT09,22,8,12.32,4.27,9.504,15.45,Low,,backtest,demand_forecast_run_20261005T130920538
2025-09-06,S03,P0381,CAT13,6,3,20.98,1.195,2.517,15.07,Low,,backtest,demand_forecast_run_20261005T130920538
2025-09-06,S03,P0391,CAT06,6,6,2.47,6.421,12.406,2.8,High,DEMAND_EXCEEDS_STOCK|BELOW_REORDER|LOW_DAYS_COVER,backtest,demand_forecast_run_20261005T130920538
2025-09-06,S03,P0392,CAT19,9,3,18,1.896,3.939,14.24,Low,,backtest,demand_forecast_run_20261005T130920538
2025-09-06,S03,P0408,CAT16,11,4,25.64,1.126,2.606,29.29,Low,,backtest,demand_forecast_run_20261005T130920538
2025-09-06,S03,P0409,CAT12,6,4,7,2.764,5.135,6.51,Low,,backtest,demand_forecast_run_20261005T130920538
2025-09-06,S03,P0433,CAT20,2,2,,0.588,1.297,10.21,Medium,BELOW_REORDER,backtest,demand_forecast_run_20261005T130920538
2025-09-06,S03,P0435,CAT14,21,7,15.48,6.092,11.75,10.34,Low,,backtest,demand_forecast_run_20261005T130920538
2025-09-06,S03,P0445,CAT02,9,3,20.98,1.053,2.11,25.64,Low,,backtest,demand_forecast_run_20261005T130920538
2025-09-06,S03,P0507,CAT02,18,14,4.42,9.916,19.867,5.45,Low,,backtest,demand_forecast_run_20261005T130920538
2025-09-06,S03,P0563,CAT13,18,6,18,4.779,10.067,11.3,Low,,backtest,demand_forecast_run_20261005T130920538
2025-09-06,S03,P0579,CAT12,5,3,6.36,1.797,3.338,8.35,Low,,backtest,demand_forecast_run_20261005T130920538
2025-09-06,S03,P0589,CAT03,13,5,8.67,3.739,7.605,10.43,Low,,backtest,demand_forecast_run_20261005T130920538
2025-09-06,S04,P0003,CAT03,7,5,8.91,2.63,5.615,7.99,Low,,backtest,demand_forecast_run_20261005T130920538
2025-09-06,S04,P0022,CAT05,7,5,10.89,1.903,3.714,11.04,Low,,backtest,demand_forecast_run_20261005T130920538
2025-09-06,S04,P0032,CAT11,17,12,5.95,7.929,16.71,6.43,Low,,backtest,demand_forecast_run_20261005T130920538
2025-09-06,S04,P0053,CAT06,8,3,18.65,1.27,2.821,18.9,Low,,backtest,demand_forecast_run_20261005T130920538
2025-09-06,S04,P0073,CAT13,7,2,24.48,0.827,1.897,25.38,Low,,backtest,demand_forecast_run_20261005T130920538
2025-09-06,S04,P0170,CAT17,8,3,12.44,1.704,4.491,14.09,Low,,backtest,demand_forecast_run_20261005T130920538
2025-09-06,S04,P0206,CAT15,14,5,8.91,2.92,7.198,14.39,Low,,backtest,demand_forecast_run_20261005T130920538
2025-09-06,S04,P0213,CAT07,6,4,41.96,0.966,2.326,18.63,Low,,backtest,demand_forecast_run_20261005T130920538
2025-09-06,S04,P0252,CAT18,12,6,12,2.654,6.32,13.56,Low,,backtest,demand_forecast_run_20261005T130920538
2025-09-06,S04,P0272,CAT13,2,3,3.11,1.655,3.793,3.63,Medium,BELOW_REORDER,backtest,demand_forecast_run_20261005T130920538
2025-09-06,S04,P0288,CAT14,0,4,0,1.678,3.44,0,High,ZERO_STOCK|DEMAND_EXCEEDS_STOCK|BELOW_REORDER|LOW_DAYS_COVER,backtest,demand_forecast_run_20261005T130920538
2025-09-06,S04,P0316,CAT15,9,3,25.21,0.524,1.292,51.53,Low,,backtest,demand_forecast_run_20261005T130920538
2025-09-06,S04,P0369,CAT09,7,6,4.08,3.549,8.781,5.92,Low,,backtest,demand_forecast_run_20261005T130920538
2025-09-06,S04,P0381,CAT13,6,3,8.4,1.655,3.793,10.88,Low,,backtest,demand_forecast_run_20261005T130920538
2025-09-06,S04,P0391,CAT06,13,5,9.58,3.447,7.656,11.32,Low,,backtest,demand_forecast_run_20261005T130920538
2025-09-06,S04,P0392,CAT19,2,3,5.6,0.986,1.953,6.08,Medium,BELOW_REORDER,backtest,demand_forecast_run_20261005T130920538
2025-09-06,S04,P0408,CAT16,2,3,4,1.508,3.99,3.98,Medium,BELOW_REORDER,backtest,demand_forecast_run_20261005T130920538
2025-09-06,S04,P0409,CAT12,2,4,3.11,1.887,4.689,3.18,Medium,BELOW_REORDER,backtest,demand_forecast_run_20261005T130920538
2025-09-06,S04,P0433,CAT20,6,2,,0.253,0.701,71.17,Low,,backtest,demand_forecast_run_20261005T130920538
2025-09-06,S04,P0435,CAT14,4,6,2.15,5.368,11.009,2.24,High,DEMAND_EXCEEDS_STOCK|BELOW_REORDER|LOW_DAYS_COVER,backtest,demand_forecast_run_20261005T130920538
2025-09-06,S04,P0445,CAT02,3,3,6,0.795,1.973,11.32,Medium,BELOW_REORDER,backtest,demand_forecast_run_20261005T130920538
2025-09-06,S04,P0507,CAT02,8,11,3.61,6.838,16.965,3.51,Medium,BELOW_REORDER,backtest,demand_forecast_run_20261005T130920538
2025-09-06,S04,P0563,CAT13,6,5,41.96,1.773,4.064,10.15,Low,,backtest,demand_forecast_run_20261005T130920538
2025-09-06,S04,P0579,CAT12,2,3,5.6,0.755,1.876,7.95,Medium,BELOW_REORDER,backtest,demand_forecast_run_20261005T130920538
2025-09-06,S04,P0589,CAT03,16,4,18.67,1.85,3.951,25.94,Low,,backtest,demand_forecast_run_20261005T130920538
2025-09-06,S05,P0003,CAT03,10,4,15.55,2.57,5.173,11.67,Low,,backtest,demand_forecast_run_20261005T130920538
2025-09-06,S05,P0022,CAT05,14,4,13.07,2.467,5.146,17.03,Low,,backtest,demand_forecast_run_20261005T130920538
2025-09-06,S05,P0032,CAT11,19,11,6.82,7.141,14.067,7.98,Low,,backtest,demand_forecast_run_20261005T130920538
2025-09-06,S05,P0053,CAT06,6,3,16.81,0.757,1.939,23.78,Low,,backtest,demand_forecast_run_20261005T130920538
2025-09-06,S05,P0073,CAT13,4,2,13.99,0.614,1.555,19.53,Low,,backtest,demand_forecast_run_20261005T130920538
2025-09-06,S05,P0170,CAT17,7,3,16.32,1.112,2.458,18.88,Low,,backtest,demand_forecast_run_20261005T130920538
2025-09-06,S05,P0206,CAT15,7,4,16.32,1.702,3.871,12.33,Low,,backtest,demand_forecast_run_20261005T130920538
2025-09-06,S05,P0213,CAT07,5,4,7.78,1.694,4.041,8.85,Low,,backtest,demand_forecast_run_20261005T130920538
2025-09-06,S05,P0252,CAT18,2,5,1.4,3.593,7.407,1.67,High,DEMAND_EXCEEDS_STOCK|BELOW_REORDER|LOW_DAYS_COVER,backtest,demand_forecast_run_20261005T130920538
2025-09-06,S05,P0272,CAT13,7,3,24.48,1.306,3.304,16.08,Low,,backtest,demand_forecast_run_20261005T130920538
2025-09-06,S05,P0288,CAT14,8,3,18.65,1.295,2.385,18.54,Low,,backtest,demand_forecast_run_20261005T130920538
2025-09-06,S05,P0316,CAT15,10,3,28.01,1.459,3.318,20.56,Low,,backtest,demand_forecast_run_20261005T130920538
2025-09-06,S05,P0369,CAT09,10,6,7.37,3.209,8.687,9.35,Low,,backtest,demand_forecast_run_20261005T130920538
2025-09-06,S05,P0381,CAT13,11,3,25.64,0.614,1.555,53.7,Low,,backtest,demand_forecast_run_20261005T130920538
2025-09-06,S05,P0391,CAT06,10,5,8.24,3.352,8.586,8.95,Low,,backtest,demand_forecast_run_20261005T130920538
2025-09-06,S05,P0392,CAT19,3,2,42.25,0.439,0.966,20.51,Low,,backtest,demand_forecast_run_20261005T130920538
2025-09-06,S05,P0408,CAT16,8,3,27.97,0.823,2.083,29.18,Low,,backtest,demand_forecast_run_20261005T130920538
2025-09-06,S05,P0409,CAT12,6,3,7.63,1.773,4.953,10.15,Low,,backtest,demand_forecast_run_20261005T130920538
2025-09-06,S05,P0433,CAT20,6,2,84.51,0.652,1.414,27.62,Low,,backtest,demand_forecast_run_20261005T130920538
2025-09-06,S05,P0435,CAT14,16,6,13.18,5.719,10.535,8.39,Low,,backtest,demand_forecast_run_20261005T130920538
2025-09-06,S05,P0445,CAT02,4,3,13.99,1.027,2.306,11.69,Low,,backtest,demand_forecast_run_20261005T130920538
2025-09-06,S05,P0507,CAT02,27,9,9.95,5.867,13.178,13.81,Low,,backtest,demand_forecast_run_20261005T130920538
2025-09-06,S05,P0563,CAT13,6,5,4,2.458,6.22,7.32,Low,,backtest,demand_forecast_run_20261005T130920538
2025-09-06,S05,P0579,CAT12,10,3,34.97,0.626,1.748,47.95,Low,,backtest,demand_forecast_run_20261005T130920538
2025-09-06,S05,P0589,CAT03,13,4,16.54,2.442,4.914,15.97,Low,,backtest,demand_forecast_run_20261005T130920538
2025-09-06,S06,P0003,CAT03,19,6,14,2.776,4.734,20.54,Low,,backtest,demand_forecast_run_20261005T130920538
2025-09-06,S06,P0022,CAT05,10,6,8.24,2.62,4.772,11.45,Low,,backtest,demand_forecast_run_20261005T130920538
2025-09-06,S06,P0032,CAT11,58,18,9.9,12.687,22.405,13.71,Low,,backtest,demand_forecast_run_20261005T130920538
2025-09-06,S06,P0053,CAT06,3,4,2.8,2.709,5.256,3.32,Medium,BELOW_REORDER|LOW_DAYS_COVER,backtest,demand_forecast_run_20261005T130920538
2025-09-06,S06,P0073,CAT13,5,4,7.78,2.287,4.606,6.56,Low,,backtest,demand_forecast_run_20261005T130920538
2025-09-06,S06,P0170,CAT17,12,4,18.66,1.512,2.962,23.81,Low,,backtest,demand_forecast_run_20261005T130920538
2025-09-06,S06,P0206,CAT15,5,7,2.12,4.626,8.885,3.24,Medium,BELOW_REORDER|LOW_DAYS_COVER,backtest,demand_forecast_run_20261005T130920538
2025-09-06,S06,P0213,CAT07,18,6,14.83,4.1,8.205,13.17,Low,,backtest,demand_forecast_run_20261005T130920538
2025-09-06,S06,P0252,CAT18,24,8,11.2,5.363,11.935,13.43,Low,,backtest,demand_forecast_run_20261005T130920538
2025-09-06,S06,P0272,CAT13,12,4,33.61,1.811,3.647,19.88,Low,,backtest,demand_forecast_run_20261005T130920538
2025-09-06,S06,P0288,CAT14,12,4,21.02,2.249,4.06,16,Low,,backtest,demand_forecast_run_20261005T130920538
2025-09-06,S06,P0316,CAT15,9,4,20.98,1.595,3.064,16.93,Low,,backtest,demand_forecast_run_20261005T130920538
2025-09-06,S06,P0369,CAT09,29,10,12.69,5.957,12.809,14.61,Low,,backtest,demand_forecast_run_20261005T130920538
2025-09-06,S06,P0381,CAT13,2,4,3.11,1.906,3.839,3.15,Medium,BELOW_REORDER,backtest,demand_forecast_run_20261005T130920538
2025-09-06,S06,P0391,CAT06,9,7,4.35,4.585,8.895,5.89,Low,,backtest,demand_forecast_run_20261005T130920538
2025-09-06,S06,P0392,CAT19,4,3,7.01,2.334,3.836,5.14,Low,,backtest,demand_forecast_run_20261005T130920538
2025-09-06,S06,P0408,CAT16,10,5,11.67,2.325,5.554,12.9,Low,,backtest,demand_forecast_run_20261005T130920538
2025-09-06,S06,P0409,CAT12,5,5,5,2.38,4.985,6.3,Medium,BELOW_REORDER,backtest,demand_forecast_run_20261005T130920538
2025-09-06,S06,P0433,CAT20,5,3,14.01,1.207,2.758,12.43,Low,,backtest,demand_forecast_run_20261005T130920538
2025-09-06,S06,P0435,CAT14,16,9,6.59,7.53,13.592,6.37,Low,,backtest,demand_forecast_run_20261005T130920538
2025-09-06,S06,P0445,CAT02,10,4,11.67,2.512,4.154,11.94,Low,,backtest,demand_forecast_run_20261005T130920538
2025-09-06,S06,P0507,CAT02,49,17,14.91,11.051,18.279,13.3,Low,,backtest,demand_forecast_run_20261005T130920538
2025-09-06,S06,P0563,CAT13,20,6,23.34,3.145,6.334,19.08,Low,,backtest,demand_forecast_run_20261005T130920538
2025-09-06,S06,P0579,CAT12,12,4,11.2,3.245,6.798,11.09,Low,,backtest,demand_forecast_run_20261005T130920538
2025-09-06,S06,P0589,CAT03,11,6,10.27,2.862,4.882,11.53,Low,,backtest,demand_forecast_run_20261005T130920538
2025-09-06,S07,P0003,CAT03,5,5,7.78,2.178,4.263,6.89,Medium,BELOW_REORDER,backtest,demand_forecast_run_20261005T130920538
2025-09-06,S07,P0022,CAT05,7,4,6.54,2.931,6.192,7.16,Low,,backtest,demand_forecast_run_20261005T130920538
2025-09-06,S07,P0032,CAT11,48,12,12.68,7.754,16.315,18.57,Low,,backtest,demand_forecast_run_20261005T130920538
2025-09-06,S07,P0053,CAT06,8,3,22.41,1.26,2.955,19.04,Low,,backtest,demand_forecast_run_20261005T130920538
2025-09-06,S07,P0073,CAT13,1,3,14.08,0.394,0.908,7.61,Medium,BELOW_REORDER,backtest,demand_forecast_run_20261005T130920538
2025-09-06,S07,P0170,CAT17,6,3,41.96,1.083,2.904,16.61,Low,,backtest,demand_forecast_run_20261005T130920538
2025-09-06,S07,P0206,CAT15,11,5,9.06,2.614,5.909,12.63,Low,,backtest,demand_forecast_run_20261005T130920538
2025-09-06,S07,P0213,CAT07,12,4,16.81,1.622,3.857,22.2,Low,,backtest,demand_forecast_run_20261005T130920538
2025-09-06,S07,P0252,CAT18,6,5,3.23,3.291,9.115,5.47,Low,,backtest,demand_forecast_run_20261005T130920538
2025-09-06,S07,P0272,CAT13,9,3,42.06,0.592,1.361,45.65,Low,,backtest,demand_forecast_run_20261005T130920538
2025-09-06,S07,P0288,CAT14,5,3,6.36,1.861,3.819,8.06,Low,,backtest,demand_forecast_run_20261005T130920538
2025-09-06,S07,P0316,CAT15,7,3,32.71,0.541,1.223,38.83,Low,,backtest,demand_forecast_run_20261005T130920538
2025-09-06,S07,P0369,CAT09,4,7,2.67,3.94,8.501,3.05,Medium,BELOW_REORDER|LOW_DAYS_COVER,backtest,demand_forecast_run_20261005T130920538
2025-09-06,S07,P0381,CAT13,8,3,18.65,0.789,1.815,30.43,Low,,backtest,demand_forecast_run_20261005T130920538
2025-09-06,S07,P0391,CAT06,16,5,8,3.886,9.112,12.35,Low,,backtest,demand_forecast_run_20261005T130920538
2025-09-06,S07,P0392,CAT19,6,3,8.4,2.714,5.922,6.63,Low,,backtest,demand_forecast_run_20261005T130920538
2025-09-06,S07,P0408,CAT16,7,3,10.89,1.482,4.305,14.17,Low,,backtest,demand_forecast_run_20261005T130920538
2025-09-06,S07,P0409,CAT12,9,4,8.4,2.817,7.063,9.59,Low,,backtest,demand_forecast_run_20261005T130920538
2025-09-06,S07,P0433,CAT20,2,2,28.17,0.268,0.756,22.42,Medium,BELOW_REORDER,backtest,demand_forecast_run_20261005T130920538
2025-09-06,S07,P0435,CAT14,19,7,10.23,4.898,10.05,11.64,Low,,backtest,demand_forecast_run_20261005T130920538
2025-09-06,S07,P0445,CAT02,6,3,13.99,0.782,1.751,23.02,Low,,backtest,demand_forecast_run_20261005T130920538
2025-09-06,S07,P0507,CAT02,30,11,9.33,5.118,11.461,17.58,Low,,backtest,demand_forecast_run_20261005T130920538
2025-09-06,S07,P0563,CAT13,9,5,6.3,2.563,5.899,10.53,Low,,backtest,demand_forecast_run_20261005T130920538
2025-09-06,S07,P0579,CAT12,9,3,15.76,1.483,3.718,18.21,Low,,backtest,demand_forecast_run_20261005T130920538
2025-09-06,S07,P0589,CAT03,8,4,8,2.094,4.099,11.46,Low,,backtest,demand_forecast_run_20261005T130920538
2025-09-06,S08,P0003,CAT03,26,7,17.33,3.895,6.233,20.03,Low,,backtest,demand_forecast_run_20261005T130920538
2025-09-06,S08,P0022,CAT05,17,6,14,3.597,6.607,14.18,Low,,backtest,demand_forecast_run_20261005T130920538
2025-09-06,S08,P0032,CAT11,29,18,7.81,11.397,20.994,7.63,Low,,backtest,demand_forecast_run_20261005T130920538
2025-09-06,S08,P0053,CAT06,10,3,17.51,1.605,3.107,18.69,Low,,backtest,demand_forecast_run_20261005T130920538
2025-09-06,S08,P0073,CAT13,3,3,10.49,0.831,1.837,10.84,Medium,BELOW_REORDER,backtest,demand_forecast_run_20261005T130920538
2025-09-06,S08,P0170,CAT17,8,4,14.01,1.641,3.644,14.63,Low,,backtest,demand_forecast_run_20261005T130920538
2025-09-06,S08,P0206,CAT15,17,7,14.87,5.736,11.68,8.89,Low,,backtest,demand_forecast_run_20261005T130920538
2025-09-06,S08,P0213,CAT07,11,6,8.11,1.814,4.197,18.19,Low,,backtest,demand_forecast_run_20261005T130920538
2025-09-06,S08,P0252,CAT18,8,9,2.67,6.769,15.603,3.55,Medium,BELOW_REORDER|LOW_DAYS_COVER,backtest,demand_forecast_run_20261005T130920538
2025-09-06,S08,P0272,CAT13,3,4,4.2,1.592,3.521,5.65,Medium,BELOW_REORDER,backtest,demand_forecast_run_20261005T130920538
2025-09-06,S08,P0288,CAT14,11,4,17.11,3.166,6.007,10.42,Low,,backtest,demand_forecast_run_20261005T130920538
2025-09-06,S08,P0316,CAT15,9,4,18,1.147,2.336,23.54,Low,,backtest,demand_forecast_run_20261005T130920538
2025-09-06,S08,P0369,CAT09,35,10,13.61,5.137,10.158,20.44,Low,,backtest,demand_forecast_run_20261005T130920538
2025-09-06,S08,P0381,CAT13,4,4,6.22,1.315,2.909,9.12,Medium,BELOW_REORDER,backtest,demand_forecast_run_20261005T130920538
2025-09-06,S08,P0391,CAT06,2,6,0.97,5.116,9.905,1.17,High,DEMAND_EXCEEDS_STOCK|BELOW_REORDER|LOW_DAYS_COVER,backtest,demand_forecast_run_20261005T130920538
2025-09-06,S08,P0392,CAT19,6,4,4.94,2.182,4.385,8.25,Low,,backtest,demand_forecast_run_20261005T130920538
2025-09-06,S08,P0408,CAT16,7,4,8.17,1.909,4.505,11,Low,,backtest,demand_forecast_run_20261005T130920538
2025-09-06,S08,P0409,CAT12,12,5,9.33,2.882,6.794,12.49,Low,,backtest,demand_forecast_run_20261005T130920538
2025-09-06,S08,P0433,CAT20,5,2,14.01,1.203,2.779,12.47,Low,,backtest,demand_forecast_run_20261005T130920538
2025-09-06,S08,P0435,CAT14,18,9,7.64,7.974,15.129,6.77,Low,,backtest,demand_forecast_run_20261005T130920538
2025-09-06,S08,P0445,CAT02,5,4,5.38,1.487,2.952,10.09,Low,,backtest,demand_forecast_run_20261005T130920538
2025-09-06,S08,P0507,CAT02,45,18,11.05,9.465,18.786,14.26,Low,,backtest,demand_forecast_run_20261005T130920538
2025-09-06,S08,P0563,CAT13,9,8,3.23,4.361,9.645,6.19,Low,,backtest,demand_forecast_run_20261005T130920538
2025-09-06,S08,P0579,CAT12,9,3,18,1.128,2.659,23.94,Low,,backtest,demand_forecast_run_20261005T130920538
2025-09-06,S08,P0589,CAT03,9,5,7.87,2.392,3.827,11.29,Low,,backtest,demand_forecast_run_20261005T130920538
2025-09-06,S09,P0003,CAT03,1,5,0.7,3.337,6.085,0.9,High,DEMAND_EXCEEDS_STOCK|BELOW_REORDER|LOW_DAYS_COVER,backtest,demand_forecast_run_20261005T130920538
2025-09-06,S09,P0022,CAT05,10,6,7.37,3.966,6.685,7.56,Low,,backtest,demand_forecast_run_20261005T130920538
2025-09-06,S09,P0032,CAT11,46,17,10.22,10.74,20.224,12.85,Low,,backtest,demand_forecast_run_20261005T130920538
2025-09-06,S09,P0053,CAT06,7,3,19.61,2.425,4.903,8.66,Low,,backtest,demand_forecast_run_20261005T130920538
2025-09-06,S09,P0073,CAT13,8,3,18.65,1.008,2.05,23.82,Low,,backtest,demand_forecast_run_20261005T130920538
2025-09-06,S09,P0170,CAT17,8,4,10.18,1.458,3.462,16.46,Low,,backtest,demand_forecast_run_20261005T130920538
2025-09-06,S09,P0206,CAT15,15,6,9.55,3.986,7.75,11.29,Low,,backtest,demand_forecast_run_20261005T130920538
2025-09-06,S09,P0213,CAT07,10,5,5.83,3.923,8.557,7.65,Low,,backtest,demand_forecast_run_20261005T130920538
2025-09-06,S09,P0252,CAT18,22,7,8.32,4.613,10.354,14.31,Low,,backtest,demand_forecast_run_20261005T130920538
2025-09-06,S09,P0272,CAT13,4,3,11.2,0.784,1.594,15.31,Low,,backtest,demand_forecast_run_20261005T130920538
2025-09-06,S09,P0288,CAT14,3,4,2.8,1.832,3.584,4.91,Medium,BELOW_REORDER|LOW_DAYS_COVER,backtest,demand_forecast_run_20261005T130920538
2025-09-06,S09,P0316,CAT15,8,4,27.97,1.3,2.527,18.46,Low,,backtest,demand_forecast_run_20261005T130920538
2025-09-06,S09,P0369,CAT09,19,8,7.19,4.818,10.947,11.83,Low,,backtest,demand_forecast_run_20261005T130920538
2025-09-06,S09,P0381,CAT13,1,3,1.75,1.12,2.278,2.68,High,DEMAND_EXCEEDS_STOCK|BELOW_REORDER|LOW_DAYS_COVER,backtest,demand_forecast_run_20261005T130920538
2025-09-06,S09,P0391,CAT06,8,7,4.15,5.238,10.59,4.58,Low,,backtest,demand_forecast_run_20261005T130920538
2025-09-06,S09,P0392,CAT19,6,3,10.51,1.092,1.874,16.48,Low,,backtest,demand_forecast_run_20261005T130920538
2025-09-06,S09,P0408,CAT16,11,4,13.99,2.909,6.262,11.34,Low,,backtest,demand_forecast_run_20261005T130920538
2025-09-06,S09,P0409,CAT12,15,5,16.15,2.4,5.615,18.75,Low,,backtest,demand_forecast_run_20261005T130920538
2025-09-06,S09,P0433,CAT20,6,2,84.51,0.43,0.952,41.89,Low,,backtest,demand_forecast_run_20261005T130920538
2025-09-06,S09,P0435,CAT14,25,9,8.54,7.226,14.136,10.38,Low,,backtest,demand_forecast_run_20261005T130920538
2025-09-06,S09,P0445,CAT02,7,4,6.12,1.848,3.503,11.36,Low,,backtest,demand_forecast_run_20261005T130920538
2025-09-06,S09,P0507,CAT02,13,16,2.64,10.736,20.353,3.63,Medium,BELOW_REORDER|LOW_DAYS_COVER,backtest,demand_forecast_run_20261005T130920538
2025-09-06,S09,P0563,CAT13,2,6,1.65,4.366,8.883,1.37,High,DEMAND_EXCEEDS_STOCK|BELOW_REORDER|LOW_DAYS_COVER,backtest,demand_forecast_run_20261005T130920538
2025-09-06,S09,P0579,CAT12,0,3,0,2.123,4.967,0,High,ZERO_STOCK|DEMAND_EXCEEDS_STOCK|BELOW_REORDER|LOW_DAYS_COVER,backtest,demand_forecast_run_20261005T130920538
2025-09-06,S09,P0589,CAT03,7,5,3.77,4.146,7.56,5.06,Low,,backtest,demand_forecast_run_20261005T130920538
2025-09-06,S10,P0003,CAT03,6,5,6,3.788,6.505,4.75,Low,,backtest,demand_forecast_run_20261005T130920538
2025-09-06,S10,P0022,CAT05,17,5,19.84,2.682,4.545,19.01,Low,,backtest,demand_forecast_run_20261005T130920538
2025-09-06,S10,P0032,CAT11,8,14,1.93,10.039,18.448,2.39,High,DEMAND_EXCEEDS_STOCK|BELOW_REORDER|LOW_DAYS_COVER,backtest,demand_forecast_run_20261005T130920538
2025-09-06,S10,P0053,CAT06,1,3,2,0.914,1.728,3.28,Medium,BELOW_REORDER|LOW_DAYS_COVER,backtest,demand_forecast_run_20261005T130920538
2025-09-06,S10,P0073,CAT13,4,3,27.97,1.11,2.474,10.81,Low,,backtest,demand_forecast_run_20261005T130920538
2025-09-06,S10,P0170,CAT17,9,3,11.45,1.485,3.581,18.18,Low,,backtest,demand_forecast_run_20261005T130920538
2025-09-06,S10,P0206,CAT15,10,5,11.67,3.066,6.784,9.78,Low,,backtest,demand_forecast_run_20261005T130920538
2025-09-06,S10,P0213,CAT07,8,4,7.47,2.513,5.513,9.55,Low,,backtest,demand_forecast_run_20261005T130920538
2025-09-06,S10,P0252,CAT18,12,7,6,3.437,8.741,10.47,Low,,backtest,demand_forecast_run_20261005T130920538
2025-09-06,S10,P0272,CAT13,9,3,126.76,0.505,1.124,53.5,Low,,backtest,demand_forecast_run_20261005T130920538
2025-09-06,S10,P0288,CAT14,8,4,8.61,2.113,4.14,11.36,Low,,backtest,demand_forecast_run_20261005T130920538
2025-09-06,S10,P0316,CAT15,8,4,37.38,1.2,2.654,20,Low,,backtest,demand_forecast_run_20261005T130920538
2025-09-06,S10,P0369,CAT09,17,7,7.93,4.677,10.879,10.9,Low,,backtest,demand_forecast_run_20261005T130920538
2025-09-06,S10,P0381,CAT13,0,3,0,1.514,3.373,0,High,ZERO_STOCK|DEMAND_EXCEEDS_STOCK|BELOW_REORDER|LOW_DAYS_COVER,backtest,demand_forecast_run_20261005T130920538
2025-09-06,S10,P0391,CAT06,6,5,3.36,4.568,8.641,3.94,Low,,backtest,demand_forecast_run_20261005T130920538
2025-09-06,S10,P0392,CAT19,4,3,9.32,1.414,2.665,8.49,Low,,backtest,demand_forecast_run_20261005T130920538
2025-09-06,S10,P0408,CAT16,5,4,7.78,1.571,3.715,9.55,Low,,backtest,demand_forecast_run_20261005T130920538
2025-09-06,S10,P0409,CAT12,3,5,2.47,2.772,6.458,3.25,Medium,BELOW_REORDER|LOW_DAYS_COVER,backtest,demand_forecast_run_20261005T130920538
2025-09-06,S10,P0433,CAT20,5,2,34.97,0.728,1.642,20.6,Low,,backtest,demand_forecast_run_20261005T130920538
2025-09-06,S10,P0435,CAT14,15,7,7.5,6.022,11.798,7.47,Low,,backtest,demand_forecast_run_20261005T130920538
2025-09-06,S10,P0445,CAT02,6,3,7,1.24,2.314,14.52,Low,,backtest,demand_forecast_run_20261005T130920538
2025-09-06,S10,P0507,CAT02,21,13,6.68,9.256,17.276,6.81,Low,,backtest,demand_forecast_run_20261005T130920538
2025-09-06,S10,P0563,CAT13,11,6,7,4.239,9.445,7.78,Low,,backtest,demand_forecast_run_20261005T130920538
2025-09-06,S10,P0579,CAT12,7,3,16.32,1.502,3.498,13.99,Low,,backtest,demand_forecast_run_20261005T130920538
2025-09-06,S10,P0589,CAT03,10,4,11.67,2.688,4.617,11.16,Low,,backtest,demand_forecast_run_20261005T130920538
2025-09-06,S11,P0003,CAT03,17,6,21.63,4.445,6.862,11.47,Low,,backtest,demand_forecast_run_20261005T130920538
2025-09-06,S11,P0022,CAT05,10,6,6.37,5.749,8.111,5.22,Low,,backtest,demand_forecast_run_20261005T130920538
2025-09-06,S11,P0032,CAT11,51,20,11.16,12.467,21.741,12.27,Low,,backtest,demand_forecast_run_20261005T130920538
2025-09-06,S11,P0053,CAT06,8,4,9.33,2.289,4.211,10.49,Low,,backtest,demand_forecast_run_20261005T130920538
2025-09-06,S11,P0073,CAT13,8,3,18.65,1.059,1.945,22.65,Low,,backtest,demand_forecast_run_20261005T130920538
2025-09-06,S11,P0170,CAT17,11,4,19.26,2.343,4.55,14.08,Low,,backtest,demand_forecast_run_20261005T130920538
2025-09-06,S11,P0206,CAT15,9,7,11.45,3.278,6.024,8.24,Low,,backtest,demand_forecast_run_20261005T130920538
2025-09-06,S11,P0213,CAT07,0,6,0,3.364,6.888,0,High,ZERO_STOCK|DEMAND_EXCEEDS_STOCK|BELOW_REORDER|LOW_DAYS_COVER,backtest,demand_forecast_run_20261005T130920538
2025-09-06,S11,P0252,CAT18,5,9,2.19,7.225,15.328,2.08,High,DEMAND_EXCEEDS_STOCK|BELOW_REORDER|LOW_DAYS_COVER,backtest,demand_forecast_run_20261005T130920538
2025-09-06,S11,P0272,CAT13,9,4,11.45,1.63,2.992,16.57,Low,,backtest,demand_forecast_run_20261005T130920538
2025-09-06,S11,P0288,CAT14,7,5,5.77,2.54,4.565,8.27,Low,,backtest,demand_forecast_run_20261005T130920538
2025-09-06,S11,P0316,CAT15,0,4,0,2.997,5.508,0,High,ZERO_STOCK|DEMAND_EXCEEDS_STOCK|BELOW_REORDER|LOW_DAYS_COVER,backtest,demand_forecast_run_20261005T130920538
2025-09-06,S11,P0369,CAT09,8,9,2.95,6.1,12.702,3.93,Medium,BELOW_REORDER|LOW_DAYS_COVER,backtest,demand_forecast_run_20261005T130920538
2025-09-06,S11,P0381,CAT13,7,4,5.44,2.363,4.339,8.89,Low,,backtest,demand_forecast_run_20261005T130920538
2025-09-06,S11,P0391,CAT06,10,7,6.67,5.541,10.194,5.41,Low,,backtest,demand_forecast_run_20261005T130920538
2025-09-06,S11,P0392,CAT19,2,3,2.33,2.271,4.009,2.64,High,DEMAND_EXCEEDS_STOCK|BELOW_REORDER|LOW_DAYS_COVER,backtest,demand_forecast_run_20261005T130920538
2025-09-06,S11,P0408,CAT16,12,5,9.33,3.294,6.228,10.93,Low,,backtest,demand_forecast_run_20261005T130920538
2025-09-06,S11,P0409,CAT12,12,5,12.92,3.082,6.442,11.68,Low,,backtest,demand_forecast_run_20261005T130920538
2025-09-06,S11,P0433,CAT20,11,3,51.4,0.603,1.206,54.75,Low,,backtest,demand_forecast_run_20261005T130920538
2025-09-06,S11,P0435,CAT14,22,9,6.7,7.028,12.63,9.39,Low,,backtest,demand_forecast_run_20261005T130920538
2025-09-06,S11,P0445,CAT02,7,5,6.54,2.396,4.305,8.77,Low,,backtest,demand_forecast_run_20261005T130920538
2025-09-06,S11,P0507,CAT02,30,18,7.37,11.813,21.227,7.62,Low,,backtest,demand_forecast_run_20261005T130920538
2025-09-06,S11,P0563,CAT13,13,7,5.52,4.319,7.93,9.03,Low,,backtest,demand_forecast_run_20261005T130920538
2025-09-06,S11,P0579,CAT12,9,3,15.76,1.712,3.579,15.77,Low,,backtest,demand_forecast_run_20261005T130920538
2025-09-06,S11,P0589,CAT03,10,5,8.75,3.585,5.534,8.37,Low,,backtest,demand_forecast_run_20261005T130920538
2025-09-06,S12,P0003,CAT03,12,6,10.5,3.163,5.651,11.38,Low,,backtest,demand_forecast_run_20261005T130920538
2025-09-06,S12,P0022,CAT05,16,5,16,2.996,4.938,16.02,Low,,backtest,demand_forecast_run_20261005T130920538
2025-09-06,S12,P0032,CAT11,41,15,11.71,10.707,18.542,11.49,Low,,backtest,demand_forecast_run_20261005T130920538
2025-09-06,S12,P0053,CAT06,7,3,7.53,2.011,4.704,10.44,Low,,backtest,demand_forecast_run_20261005T130920538
2025-09-06,S12,P0073,CAT13,3,3,6.99,0.746,1.441,12.07,Medium,BELOW_REORDER,backtest,demand_forecast_run_20261005T130920538
2025-09-06,S12,P0170,CAT17,3,3,3.23,1.297,3.281,6.94,Medium,BELOW_REORDER,backtest,demand_forecast_run_20261005T130920538
2025-09-06,S12,P0206,CAT15,7,6,5.16,2.824,6.01,7.44,Low,,backtest,demand_forecast_run_20261005T130920538
2025-09-06,S12,P0213,CAT07,14,5,14,2.242,5.489,18.73,Low,,backtest,demand_forecast_run_20261005T130920538
2025-09-06,S12,P0252,CAT18,9,7,4.5,4.278,11.176,6.31,Low,,backtest,demand_forecast_run_20261005T130920538
2025-09-06,S12,P0272,CAT13,5,3,7,2.13,4.116,7.04,Low,,backtest,demand_forecast_run_20261005T130920538
2025-09-06,S12,P0288,CAT14,3,4,6,1.548,3.362,5.82,Medium,BELOW_REORDER,backtest,demand_forecast_run_20261005T130920538
2025-09-06,S12,P0316,CAT15,5,3,4.37,1.936,4.121,7.75,Low,,backtest,demand_forecast_run_20261005T130920538
2025-09-06,S12,P0369,CAT09,9,8,4.5,4.9,11.348,5.51,Low,,backtest,demand_forecast_run_20261005T130920538
2025-09-06,S12,P0381,CAT13,9,3,11.45,1.598,3.087,16.9,Low,,backtest,demand_forecast_run_20261005T130920538
2025-09-06,S12,P0391,CAT06,15,5,10.5,3.464,8.102,12.99,Low,,backtest,demand_forecast_run_20261005T130920538
2025-09-06,S12,P0392,CAT19,9,3,15.76,1.665,3.878,16.21,Low,,backtest,demand_forecast_run_20261005T130920538
2025-09-06,S12,P0408,CAT16,8,4,11.2,1.447,3.749,16.58,Low,,backtest,demand_forecast_run_20261005T130920538
2025-09-06,S12,P0409,CAT12,9,4,7.87,2.126,5.468,12.7,Low,,backtest,demand_forecast_run_20261005T130920538
2025-09-06,S12,P0433,CAT20,6,2,28.04,0.654,1.708,27.52,Low,,backtest,demand_forecast_run_20261005T130920538
2025-09-06,S12,P0435,CAT14,12,6,7,5.726,12.437,6.29,Low,,backtest,demand_forecast_run_20261005T130920538
2025-09-06,S12,P0445,CAT02,2,3,5.6,1.052,2.074,5.7,Medium,BELOW_REORDER,backtest,demand_forecast_run_20261005T130920538
2025-09-06,S12,P0507,CAT02,21,14,11.31,8.328,16.422,7.56,Low,,backtest,demand_forecast_run_20261005T130920538
2025-09-06,S12,P0563,CAT13,10,6,8.24,3.302,6.38,9.09,Low,,backtest,demand_forecast_run_20261005T130920538
2025-09-06,S12,P0579,CAT12,4,3,7.01,1.151,2.962,10.42,Low,,backtest,demand_forecast_run_20261005T130920538
2025-09-06,S12,P0589,CAT03,12,4,10.5,2.741,4.897,13.13,Low,,backtest,demand_forecast_run_20261005T130920538
2025-09-07,S01,P0003,CAT03,11,6,8.55,3.462,6.062,9.53,Low,,backtest,demand_forecast_run_20261005T130920538
2025-09-07,S01,P0022,CAT05,14,5,13.07,2.745,4.744,15.3,Low,,backtest,demand_forecast_run_20261005T130920538
2025-09-07,S01,P0032,CAT11,32,14,8.62,10.21,17.918,9.4,Low,,backtest,demand_forecast_run_20261005T130920538
2025-09-07,S01,P0053,CAT06,9,3,31.47,1.864,3.245,14.48,Low,,backtest,demand_forecast_run_20261005T130920538
2025-09-07,S01,P0073,CAT13,4,3,6.22,1.131,2.176,10.61,Low,,backtest,demand_forecast_run_20261005T130920538
2025-09-07,S01,P0170,CAT17,6,4,9.33,2.028,4.401,8.87,Low,,backtest,demand_forecast_run_20261005T130920538
2025-09-07,S01,P0206,CAT15,14,6,15.07,2.712,5.681,15.48,Low,,backtest,demand_forecast_run_20261005T130920538
2025-09-07,S01,P0213,CAT07,10,5,11.67,2.198,4.848,13.65,Low,,backtest,demand_forecast_run_20261005T130920538
2025-09-07,S01,P0252,CAT18,17,7,7.21,5.64,13.988,9.04,Low,,backtest,demand_forecast_run_20261005T130920538
2025-09-07,S01,P0272,CAT13,2,3,2.33,1.432,2.756,4.19,Medium,BELOW_REORDER|LOW_DAYS_COVER,backtest,demand_forecast_run_20261005T130920538
2025-09-07,S01,P0288,CAT14,11,4,22,2.732,5.446,12.08,Low,,backtest,demand_forecast_run_20261005T130920538
2025-09-07,S01,P0316,CAT15,4,3,18.69,0.7,1.466,17.14,Low,,backtest,demand_forecast_run_20261005T130920538
2025-09-07,S01,P0369,CAT09,16,8,10.18,5.598,11.185,8.57,Low,,backtest,demand_forecast_run_20261005T130920538
2025-09-07,S01,P0381,CAT13,12,3,12.92,1.282,2.466,28.09,Low,,backtest,demand_forecast_run_20261005T130920538
2025-09-07,S01,P0391,CAT06,2,5,0.9,7.457,12.982,0.8,High,DEMAND_EXCEEDS_STOCK|BELOW_REORDER|LOW_DAYS_COVER,backtest,demand_forecast_run_20261005T130920538
2025-09-07,S01,P0392,CAT19,9,3,20.98,2.519,4.62,10.72,Low,,backtest,demand_forecast_run_20261005T130920538
2025-09-07,S01,P0408,CAT16,0,4,0,2.038,5.612,0,High,ZERO_STOCK|DEMAND_EXCEEDS_STOCK|BELOW_REORDER|LOW_DAYS_COVER,backtest,demand_forecast_run_20261005T130920538
2025-09-07,S01,P0409,CAT12,6,4,7.63,1.749,4.198,10.29,Low,,backtest,demand_forecast_run_20261005T130920538
2025-09-07,S01,P0433,CAT20,8,3,112.68,0.945,2.264,25.39,Low,,backtest,demand_forecast_run_20261005T130920538
2025-09-07,S01,P0435,CAT14,4,7,3.29,4.594,9.159,2.61,High,DEMAND_EXCEEDS_STOCK|BELOW_REORDER,backtest,demand_forecast_run_20261005T130920538
2025-09-07,S01,P0445,CAT02,0,4,0,2.632,4.813,0,High,ZERO_STOCK|DEMAND_EXCEEDS_STOCK|BELOW_REORDER|LOW_DAYS_COVER,backtest,demand_forecast_run_20261005T130920538
2025-09-07,S01,P0507,CAT02,26,14,7.28,8.713,15.931,8.95,Low,,backtest,demand_forecast_run_20261005T130920538
2025-09-07,S01,P0563,CAT13,9,6,6.3,2.638,5.077,10.23,Low,,backtest,demand_forecast_run_20261005T130920538
2025-09-07,S01,P0579,CAT12,6,3,7,1.352,3.244,13.32,Low,,backtest,demand_forecast_run_20261005T130920538
2025-09-07,S01,P0589,CAT03,7,4,7.53,2.648,4.636,7.93,Low,,backtest,demand_forecast_run_20261005T130920538
2025-09-07,S02,P0003,CAT03,11,6,7,3.942,7.374,8.37,Low,,backtest,demand_forecast_run_20261005T130920538
2025-09-07,S02,P0022,CAT05,18,6,9,2.853,6.343,18.93,Low,,backtest,demand_forecast_run_20261005T130920538
2025-09-07,S02,P0032,CAT11,39,17,7.58,9.497,19.863,12.32,Low,,backtest,demand_forecast_run_20261005T130920538
2025-09-07,S02,P0053,CAT06,9,3,62.94,0.969,1.72,27.88,Low,,backtest,demand_forecast_run_20261005T130920538
2025-09-07,S02,P0073,CAT13,6,3,12,0.923,1.835,19.5,Low,,backtest,demand_forecast_run_20261005T130920538
2025-09-07,S02,P0170,CAT17,5,3,6.36,1.216,3.119,12.33,Low,,backtest,demand_forecast_run_20261005T130920538
2025-09-07,S02,P0206,CAT15,12,6,8,2.417,5.227,14.9,Low,,backtest,demand_forecast_run_20261005T130920538
2025-09-07,S02,P0213,CAT07,3,5,3,2.724,6.174,3.3,Medium,BELOW_REORDER,backtest,demand_forecast_run_20261005T130920538
2025-09-07,S02,P0252,CAT18,20,7,13.33,4.209,10.502,14.25,Low,,backtest,demand_forecast_run_20261005T130920538
2025-09-07,S02,P0272,CAT13,4,3,5.6,1.343,2.669,8.94,Low,,backtest,demand_forecast_run_20261005T130920538
2025-09-07,S02,P0288,CAT14,10,4,15.55,1.987,3.794,15.1,Low,,backtest,demand_forecast_run_20261005T130920538
2025-09-07,S02,P0316,CAT15,5,3,10,0.766,1.657,19.58,Low,,backtest,demand_forecast_run_20261005T130920538
2025-09-07,S02,P0369,CAT09,7,8,3.38,4.892,11.385,4.29,Medium,BELOW_REORDER,backtest,demand_forecast_run_20261005T130920538
2025-09-07,S02,P0381,CAT13,8,3,8,1.511,3.002,15.89,Low,,backtest,demand_forecast_run_20261005T130920538
2025-09-07,S02,P0391,CAT06,20,7,12.17,6.365,11.3,9.43,Low,,backtest,demand_forecast_run_20261005T130920538
2025-09-07,S02,P0392,CAT19,5,3,6.36,1.258,2.713,11.93,Low,,backtest,demand_forecast_run_20261005T130920538
2025-09-07,S02,P0408,CAT16,10,4,11.67,2.444,6.27,12.27,Low,,backtest,demand_forecast_run_20261005T130920538
2025-09-07,S02,P0409,CAT12,1,5,0.56,3.089,7.742,0.97,High,DEMAND_EXCEEDS_STOCK|BELOW_REORDER|LOW_DAYS_COVER,backtest,demand_forecast_run_20261005T130920538
2025-09-07,S02,P0433,CAT20,8,3,,0.294,0.762,81.72,Low,,backtest,demand_forecast_run_20261005T130920538
2025-09-07,S02,P0435,CAT14,13,8,4.33,6.648,12.696,5.87,Low,,backtest,demand_forecast_run_20261005T130920538
2025-09-07,S02,P0445,CAT02,10,4,17.51,1.305,2.46,22.99,Low,,backtest,demand_forecast_run_20261005T130920538
2025-09-07,S02,P0507,CAT02,51,15,11.9,10.996,20.732,13.91,Low,,backtest,demand_forecast_run_20261005T130920538
2025-09-07,S02,P0563,CAT13,17,6,10.82,3.441,6.838,14.82,Low,,backtest,demand_forecast_run_20261005T130920538
2025-09-07,S02,P0579,CAT12,1,3,1.17,1.691,4.239,1.77,High,DEMAND_EXCEEDS_STOCK|BELOW_REORDER|LOW_DAYS_COVER,backtest,demand_forecast_run_20261005T130920538
2025-09-07,S02,P0589,CAT03,5,4,7,1.877,3.511,7.99,Low,,backtest,demand_forecast_run_20261005T130920538
2025-09-07,S03,P0003,CAT03,6,6,7,3.081,6.884,5.84,Medium,BELOW_REORDER,backtest,demand_forecast_run_20261005T130920538
2025-09-07,S03,P0022,CAT05,5,5,4.67,1.915,3.251,7.83,Medium,BELOW_REORDER,backtest,demand_forecast_run_20261005T130920538
2025-09-07,S03,P0032,CAT11,24,15,6,11.064,21.629,6.51,Low,,backtest,demand_forecast_run_20261005T130920538
2025-09-07,S03,P0053,CAT06,8,4,22.41,2.783,5.569,8.62,Low,,backtest,demand_forecast_run_20261005T130920538
2025-09-07,S03,P0073,CAT13,4,3,56.34,0.343,0.716,35.01,Low,,backtest,demand_forecast_run_20261005T130920538
2025-09-07,S03,P0170,CAT17,6,4,7,2.16,4.552,8.33,Low,,backtest,demand_forecast_run_20261005T130920538
2025-09-07,S03,P0206,CAT15,11,6,9.06,3.104,7.536,10.63,Low,,backtest,demand_forecast_run_20261005T130920538
2025-09-07,S03,P0213,CAT07,13,4,16.54,2.163,5.085,18.03,Low,,backtest,demand_forecast_run_20261005T130920538
2025-09-07,S03,P0252,CAT18,19,8,7,4.573,11.231,12.46,Low,,backtest,demand_forecast_run_20261005T130920538
2025-09-07,S03,P0272,CAT13,1,3,2.8,1.6,3.339,1.88,High,DEMAND_EXCEEDS_STOCK|BELOW_REORDER|LOW_DAYS_COVER,backtest,demand_forecast_run_20261005T130920538
2025-09-07,S03,P0288,CAT14,8,3,37.38,1.95,3.651,12.31,Low,,backtest,demand_forecast_run_20261005T130920538
2025-09-07,S03,P0316,CAT15,3,4,4.2,1.552,3.768,5.8,Medium,BELOW_REORDER,backtest,demand_forecast_run_20261005T130920538
2025-09-07,S03,P0369,CAT09,20,8,12.17,4.236,10.223,14.16,Low,,backtest,demand_forecast_run_20261005T130920538
2025-09-07,S03,P0381,CAT13,8,3,22.41,1.143,2.385,21,Low,,backtest,demand_forecast_run_20261005T130920538
2025-09-07,S03,P0391,CAT06,19,6,7.19,6.413,12.833,8.89,Low,,backtest,demand_forecast_run_20261005T130920538
2025-09-07,S03,P0392,CAT19,8,3,16,1.663,3.576,14.43,Low,,backtest,demand_forecast_run_20261005T130920538
2025-09-07,S03,P0408,CAT16,11,4,25.64,0.923,2.463,35.76,Low,,backtest,demand_forecast_run_20261005T130920538
2025-09-07,S03,P0409,CAT12,5,4,6.36,2.026,4.554,7.4,Low,,backtest,demand_forecast_run_20261005T130920538
2025-09-07,S03,P0433,CAT20,2,2,,0.532,1.243,11.28,Medium,BELOW_REORDER,backtest,demand_forecast_run_20261005T130920538
2025-09-07,S03,P0435,CAT14,19,7,14,6.174,11.563,9.23,Low,,backtest,demand_forecast_run_20261005T130920538
2025-09-07,S03,P0445,CAT02,9,3,20.98,1.115,2.271,24.22,Low,,backtest,demand_forecast_run_20261005T130920538
2025-09-07,S03,P0507,CAT02,12,14,2.75,10.589,21.578,3.4,Medium,BELOW_REORDER|LOW_DAYS_COVER,backtest,demand_forecast_run_20261005T130920538
2025-09-07,S03,P0563,CAT13,17,6,17,3.885,8.11,13.13,Low,,backtest,demand_forecast_run_20261005T130920538
2025-09-07,S03,P0579,CAT12,5,3,6.36,1.158,2.602,12.95,Low,,backtest,demand_forecast_run_20261005T130920538
2025-09-07,S03,P0589,CAT03,13,5,9.1,3.411,7.622,11.43,Low,,backtest,demand_forecast_run_20261005T130920538
2025-09-07,S04,P0003,CAT03,7,5,9.8,2.747,5.844,7.64,Low,,backtest,demand_forecast_run_20261005T130920538
2025-09-07,S04,P0022,CAT05,3,5,3.5,1.974,3.722,4.56,Medium,BELOW_REORDER,backtest,demand_forecast_run_20261005T130920538
2025-09-07,S04,P0032,CAT11,43,12,13.38,7.191,15.046,17.94,Low,,backtest,demand_forecast_run_20261005T130920538
2025-09-07,S04,P0053,CAT06,8,3,22.41,1.219,2.692,19.68,Low,,backtest,demand_forecast_run_20261005T130920538
2025-09-07,S04,P0073,CAT13,7,2,24.48,0.558,1.385,37.61,Low,,backtest,demand_forecast_run_20261005T130920538
2025-09-07,S04,P0170,CAT17,8,3,16,1.759,4.884,13.65,Low,,backtest,demand_forecast_run_20261005T130920538
2025-09-07,S04,P0206,CAT15,11,5,7.33,2.305,6.571,14.32,Low,,backtest,demand_forecast_run_20261005T130920538
2025-09-07,S04,P0213,CAT07,14,4,97.9,0.942,2.154,44.58,Low,,backtest,demand_forecast_run_20261005T130920538
2025-09-07,S04,P0252,CAT18,11,6,11,2.452,5.978,13.46,Low,,backtest,demand_forecast_run_20261005T130920538
2025-09-07,S04,P0272,CAT13,9,3,14,1.303,3.231,20.72,Low,,backtest,demand_forecast_run_20261005T130920538
2025-09-07,S04,P0288,CAT14,0,4,0,1.408,3.118,0,High,ZERO_STOCK|DEMAND_EXCEEDS_STOCK|BELOW_REORDER|LOW_DAYS_COVER,backtest,demand_forecast_run_20261005T130920538
2025-09-07,S04,P0316,CAT15,9,3,25.21,0.364,1.038,74.18,Low,,backtest,demand_forecast_run_20261005T130920538
2025-09-07,S04,P0369,CAT09,5,6,2.92,3.461,8.839,4.33,Medium,BELOW_REORDER|LOW_DAYS_COVER,backtest,demand_forecast_run_20261005T130920538
2025-09-07,S04,P0381,CAT13,7,3,12.26,1.303,3.231,16.12,Low,,backtest,demand_forecast_run_20261005T130920538
2025-09-07,S04,P0391,CAT06,11,5,7.33,3.484,7.69,9.47,Low,,backtest,demand_forecast_run_20261005T130920538
2025-09-07,S04,P0392,CAT19,9,3,25.21,0.847,1.858,31.86,Low,,backtest,demand_forecast_run_20261005T130920538
2025-09-07,S04,P0408,CAT16,9,3,20.98,1.4,4.071,19.29,Low,,backtest,demand_forecast_run_20261005T130920538
2025-09-07,S04,P0409,CAT12,0,4,0,1.386,4.05,0,High,ZERO_STOCK|DEMAND_EXCEEDS_STOCK|BELOW_REORDER|LOW_DAYS_COVER,backtest,demand_forecast_run_20261005T130920538
2025-09-07,S04,P0433,CAT20,5,2,70.42,0.328,0.906,45.76,Low,,backtest,demand_forecast_run_20261005T130920538
2025-09-07,S04,P0435,CAT14,2,6,1.08,4.058,8.988,1.48,High,DEMAND_EXCEEDS_STOCK|BELOW_REORDER|LOW_DAYS_COVER,backtest,demand_forecast_run_20261005T130920538
2025-09-07,S04,P0445,CAT02,2,3,3.5,0.836,2.183,7.18,Medium,BELOW_REORDER,backtest,demand_forecast_run_20261005T130920538
2025-09-07,S04,P0507,CAT02,6,11,2.71,6.383,16.671,2.82,High,DEMAND_EXCEEDS_STOCK|BELOW_REORDER|LOW_DAYS_COVER,backtest,demand_forecast_run_20261005T130920538
2025-09-07,S04,P0563,CAT13,5,5,23.36,1.396,3.462,10.75,Medium,BELOW_REORDER,backtest,demand_forecast_run_20261005T130920538
2025-09-07,S04,P0579,CAT12,10,3,28.01,0.528,1.543,56.84,Low,,backtest,demand_forecast_run_20261005T130920538
2025-09-07,S04,P0589,CAT03,16,4,20.36,1.933,4.112,24.83,Low,,backtest,demand_forecast_run_20261005T130920538
2025-09-07,S05,P0003,CAT03,10,4,15.55,2.645,4.997,11.34,Low,,backtest,demand_forecast_run_20261005T130920538
2025-09-07,S05,P0022,CAT05,14,4,14,2.388,5.267,17.59,Low,,backtest,demand_forecast_run_20261005T130920538
2025-09-07,S05,P0032,CAT11,19,11,7.19,7.192,14.613,7.93,Low,,backtest,demand_forecast_run_20261005T130920538
2025-09-07,S05,P0053,CAT06,6,3,16.81,0.736,1.723,24.45,Low,,backtest,demand_forecast_run_20261005T130920538
2025-09-07,S05,P0073,CAT13,4,2,13.99,0.51,1.229,23.51,Low,,backtest,demand_forecast_run_20261005T130920538
2025-09-07,S05,P0170,CAT17,6,3,12,1.221,2.752,14.74,Low,,backtest,demand_forecast_run_20261005T130920538
2025-09-07,S05,P0206,CAT15,15,4,19.08,1.587,4.406,28.35,Low,,backtest,demand_forecast_run_20261005T130920538
2025-09-07,S05,P0213,CAT07,2,4,2.33,1.472,3.923,4.08,Medium,BELOW_REORDER|LOW_DAYS_COVER,backtest,demand_forecast_run_20261005T130920538
2025-09-07,S05,P0252,CAT18,18,5,12.6,3.688,8.036,14.64,Low,,backtest,demand_forecast_run_20261005T130920538
2025-09-07,S05,P0272,CAT13,4,3,8,1.148,2.764,10.45,Low,,backtest,demand_forecast_run_20261005T130920538
2025-09-07,S05,P0288,CAT14,4,3,6.22,1.56,2.868,7.69,Low,,backtest,demand_forecast_run_20261005T130920538
2025-09-07,S05,P0316,CAT15,9,3,20.98,1.16,3.22,23.28,Low,,backtest,demand_forecast_run_20261005T130920538
2025-09-07,S05,P0369,CAT09,6,6,4.42,3.03,8.428,5.94,Medium,BELOW_REORDER,backtest,demand_forecast_run_20261005T130920538
2025-09-07,S05,P0381,CAT13,11,3,25.64,0.51,1.229,64.64,Low,,backtest,demand_forecast_run_20261005T130920538
2025-09-07,S05,P0391,CAT06,10,5,8.24,3.261,7.629,9.2,Low,,backtest,demand_forecast_run_20261005T130920538
2025-09-07,S05,P0392,CAT19,3,2,42.25,0.469,0.891,19.19,Low,,backtest,demand_forecast_run_20261005T130920538
2025-09-07,S05,P0408,CAT16,8,3,55.94,0.731,2.027,32.83,Low,,backtest,demand_forecast_run_20261005T130920538
2025-09-07,S05,P0409,CAT12,4,3,4.31,1.648,4.415,7.28,Low,,backtest,demand_forecast_run_20261005T130920538
2025-09-07,S05,P0433,CAT20,6,2,84.51,0.347,0.856,51.84,Low,,backtest,demand_forecast_run_20261005T130920538
2025-09-07,S05,P0435,CAT14,13,6,11.37,5.266,9.681,7.41,Low,,backtest,demand_forecast_run_20261005T130920538
2025-09-07,S05,P0445,CAT02,7,3,98.59,1.064,2.509,19.73,Low,,backtest,demand_forecast_run_20261005T130920538
2025-09-07,S05,P0507,CAT02,24,9,10.84,5.855,13.802,12.3,Low,,backtest,demand_forecast_run_20261005T130920538
2025-09-07,S05,P0563,CAT13,4,5,2.43,2.169,5.222,5.53,Medium,BELOW_REORDER|LOW_DAYS_COVER,backtest,demand_forecast_run_20261005T130920538
2025-09-07,S05,P0579,CAT12,10,3,34.97,0.52,1.394,57.66,Low,,backtest,demand_forecast_run_20261005T130920538
2025-09-07,S05,P0589,CAT03,13,4,16.54,2.513,4.747,15.52,Low,,backtest,demand_forecast_run_20261005T130920538
2025-09-07,S06,P0003,CAT03,19,6,14.77,2.788,4.666,20.45,Low,,backtest,demand_forecast_run_20261005T130920538
2025-09-07,S06,P0022,CAT05,10,6,8.24,2.445,4.302,12.27,Low,,backtest,demand_forecast_run_20261005T130920538
2025-09-07,S06,P0032,CAT11,56,18,9.68,13.586,22.075,12.37,Low,,backtest,demand_forecast_run_20261005T130920538
2025-09-07,S06,P0053,CAT06,2,4,1.75,2.458,4.811,2.44,High,DEMAND_EXCEEDS_STOCK|BELOW_REORDER|LOW_DAYS_COVER,backtest,demand_forecast_run_20261005T130920538
2025-09-07,S06,P0073,CAT13,4,4,5.6,1.928,3.879,6.22,Medium,BELOW_REORDER,backtest,demand_forecast_run_20261005T130920538
2025-09-07,S06,P0170,CAT17,12,4,18.66,1.6,2.969,22.5,Low,,backtest,demand_forecast_run_20261005T130920538
2025-09-07,S06,P0206,CAT15,5,7,2.33,4.05,8.063,3.7,Medium,BELOW_REORDER|LOW_DAYS_COVER,backtest,demand_forecast_run_20261005T130920538
2025-09-07,S06,P0213,CAT07,16,6,11.79,4.232,8.68,11.34,Low,,backtest,demand_forecast_run_20261005T130920538
2025-09-07,S06,P0252,CAT18,24,8,11.2,5.09,11.699,14.15,Low,,backtest,demand_forecast_run_20261005T130920538
2025-09-07,S06,P0272,CAT13,12,4,33.61,1.509,3.036,23.86,Low,,backtest,demand_forecast_run_20261005T130920538
2025-09-07,S06,P0288,CAT14,12,4,24,2.249,3.774,16.01,Low,,backtest,demand_forecast_run_20261005T130920538
2025-09-07,S06,P0316,CAT15,11,4,25.64,1.327,2.642,24.88,Low,,backtest,demand_forecast_run_20261005T130920538
2025-09-07,S06,P0369,CAT09,27,10,11.46,6.206,13.318,13.05,Low,,backtest,demand_forecast_run_20261005T130920538
2025-09-07,S06,P0381,CAT13,15,4,23.33,1.593,3.205,28.25,Low,,backtest,demand_forecast_run_20261005T130920538
2025-09-07,S06,P0391,CAT06,8,7,4,4.065,7.957,5.9,Low,,backtest,demand_forecast_run_20261005T130920538
2025-09-07,S06,P0392,CAT19,4,3,7.01,1.711,2.907,7.01,Low,,backtest,demand_forecast_run_20261005T130920538
2025-09-07,S06,P0408,CAT16,9,5,9.69,1.906,5.113,14.17,Low,,backtest,demand_forecast_run_20261005T130920538
2025-09-07,S06,P0409,CAT12,15,5,15,2.157,4.724,20.86,Low,,backtest,demand_forecast_run_20261005T130920538
2025-09-07,S06,P0433,CAT20,5,3,23.36,1.302,2.7,11.52,Low,,backtest,demand_forecast_run_20261005T130920538
2025-09-07,S06,P0435,CAT14,16,9,6.79,7.462,12.523,6.43,Low,,backtest,demand_forecast_run_20261005T130920538
2025-09-07,S06,P0445,CAT02,10,4,11.67,2.43,4.298,12.35,Low,,backtest,demand_forecast_run_20261005T130920538
2025-09-07,S06,P0507,CAT02,45,17,13.69,11.249,19.898,12,Low,,backtest,demand_forecast_run_20261005T130920538
2025-09-07,S06,P0563,CAT13,20,6,25.45,2.682,5.397,22.37,Low,,backtest,demand_forecast_run_20261005T130920538
2025-09-07,S06,P0579,CAT12,9,4,9,2.353,5.153,11.47,Low,,backtest,demand_forecast_run_20261005T130920538
2025-09-07,S06,P0589,CAT03,11,6,10.27,2.88,4.822,11.46,Low,,backtest,demand_forecast_run_20261005T130920538
2025-09-07,S07,P0003,CAT03,11,5,11.84,2.311,4.465,14.28,Low,,backtest,demand_forecast_run_20261005T130920538
2025-09-07,S07,P0022,CAT05,4,4,3.11,2.522,5.434,4.76,Medium,BELOW_REORDER,backtest,demand_forecast_run_20261005T130920538
2025-09-07,S07,P0032,CAT11,44,12,11.2,8.658,18.916,15.25,Low,,backtest,demand_forecast_run_20261005T130920538
2025-09-07,S07,P0053,CAT06,8,3,22.41,1.075,2.328,22.32,Low,,backtest,demand_forecast_run_20261005T130920538
2025-09-07,S07,P0073,CAT13,1,3,14.08,0.321,0.81,9.36,Medium,BELOW_REORDER,backtest,demand_forecast_run_20261005T130920538
2025-09-07,S07,P0170,CAT17,6,3,41.96,0.964,2.583,18.68,Low,,backtest,demand_forecast_run_20261005T130920538
2025-09-07,S07,P0206,CAT15,10,5,8.75,1.93,4.836,15.54,Low,,backtest,demand_forecast_run_20261005T130920538
2025-09-07,S07,P0213,CAT07,8,4,8,1.842,4.147,13.03,Low,,backtest,demand_forecast_run_20261005T130920538
2025-09-07,S07,P0252,CAT18,2,5,0.93,3.112,8.642,1.93,High,DEMAND_EXCEEDS_STOCK|BELOW_REORDER|LOW_DAYS_COVER,backtest,demand_forecast_run_20261005T130920538
2025-09-07,S07,P0272,CAT13,6,3,13.99,0.721,1.823,24.95,Low,,backtest,demand_forecast_run_20261005T130920538
2025-09-07,S07,P0288,CAT14,3,3,3.82,1.972,3.919,4.56,Medium,BELOW_REORDER,backtest,demand_forecast_run_20261005T130920538
2025-09-07,S07,P0316,CAT15,7,3,32.71,0.371,0.93,56.59,Low,,backtest,demand_forecast_run_20261005T130920538
2025-09-07,S07,P0369,CAT09,3,7,2.1,4.123,8.965,2.18,High,DEMAND_EXCEEDS_STOCK|BELOW_REORDER|LOW_DAYS_COVER,backtest,demand_forecast_run_20261005T130920538
2025-09-07,S07,P0381,CAT13,8,3,18.65,0.641,1.62,37.42,Low,,backtest,demand_forecast_run_20261005T130920538
2025-09-07,S07,P0391,CAT06,11,5,4.67,4.008,8.676,8.23,Low,,backtest,demand_forecast_run_20261005T130920538
2025-09-07,S07,P0392,CAT19,5,3,7.78,2.47,5.5,6.07,Low,,backtest,demand_forecast_run_20261005T130920538
2025-09-07,S07,P0408,CAT16,6,3,8.4,1.254,4.067,14.35,Low,,backtest,demand_forecast_run_20261005T130920538
2025-09-07,S07,P0409,CAT12,6,4,4.94,1.98,4.732,9.09,Low,,backtest,demand_forecast_run_20261005T130920538
2025-09-07,S07,P0433,CAT20,2,2,28.17,0.244,0.716,24.55,Medium,BELOW_REORDER,backtest,demand_forecast_run_20261005T130920538
2025-09-07,S07,P0435,CAT14,18,7,10.5,4.413,8.771,12.24,Low,,backtest,demand_forecast_run_20261005T130920538
2025-09-07,S07,P0445,CAT02,5,3,10,1.018,2.272,14.74,Low,,backtest,demand_forecast_run_20261005T130920538
2025-09-07,S07,P0507,CAT02,29,11,9.23,5.937,13.252,14.65,Low,,backtest,demand_forecast_run_20261005T130920538
2025-09-07,S07,P0563,CAT13,9,5,6.63,1.844,4.658,14.65,Low,,backtest,demand_forecast_run_20261005T130920538
2025-09-07,S07,P0579,CAT12,6,3,7.63,1.17,2.796,15.39,Low,,backtest,demand_forecast_run_20261005T130920538
2025-09-07,S07,P0589,CAT03,7,4,6.54,1.926,3.721,10.9,Low,,backtest,demand_forecast_run_20261005T130920538
2025-09-07,S08,P0003,CAT03,24,7,15.28,3.845,6.716,18.72,Low,,backtest,demand_forecast_run_20261005T130920538
2025-09-07,S08,P0022,CAT05,17,6,14,3.138,5.626,16.25,Low,,backtest,demand_forecast_run_20261005T130920538
2025-09-07,S08,P0032,CAT11,25,18,6.48,11.337,21.466,6.62,Low,,backtest,demand_forecast_run_20261005T130920538
2025-09-07,S08,P0053,CAT06,8,3,16,1.642,3.091,14.61,Low,,backtest,demand_forecast_run_20261005T130920538
2025-09-07,S08,P0073,CAT13,3,3,14.02,0.73,1.601,12.33,Medium,BELOW_REORDER,backtest,demand_forecast_run_20261005T130920538
2025-09-07,S08,P0170,CAT17,8,4,14.01,1.188,2.814,20.21,Low,,backtest,demand_forecast_run_20261005T130920538
2025-09-07,S08,P0206,CAT15,14,7,12.25,3.609,8.604,11.64,Low,,backtest,demand_forecast_run_20261005T130920538
2025-09-07,S08,P0213,CAT07,9,6,6,1.754,4.225,15.39,Low,,backtest,demand_forecast_run_20261005T130920538
2025-09-07,S08,P0252,CAT18,31,9,10.58,6.387,15.212,14.56,Low,,backtest,demand_forecast_run_20261005T130920538
2025-09-07,S08,P0272,CAT13,11,4,15.41,1.277,2.802,25.83,Low,,backtest,demand_forecast_run_20261005T130920538
2025-09-07,S08,P0288,CAT14,8,4,12.44,2.992,5.469,8.02,Low,,backtest,demand_forecast_run_20261005T130920538
2025-09-07,S08,P0316,CAT15,6,4,13.99,0.735,1.753,24.48,Low,,backtest,demand_forecast_run_20261005T130920538
2025-09-07,S08,P0369,CAT09,31,10,10.85,4.491,9.099,20.71,Low,,backtest,demand_forecast_run_20261005T130920538
2025-09-07,S08,P0381,CAT13,10,4,17.51,1.277,2.802,23.49,Low,,backtest,demand_forecast_run_20261005T130920538
2025-09-07,S08,P0391,CAT06,20,6,9.33,4.836,9.102,12.41,Low,,backtest,demand_forecast_run_20261005T130920538
2025-09-07,S08,P0392,CAT19,5,4,3.89,1.954,4,7.67,Low,,backtest,demand_forecast_run_20261005T130920538
2025-09-07,S08,P0408,CAT16,4,4,3.73,1.425,4.137,8.42,Medium,BELOW_REORDER,backtest,demand_forecast_run_20261005T130920538
2025-09-07,S08,P0409,CAT12,8,5,6.59,2.332,5.658,10.29,Low,,backtest,demand_forecast_run_20261005T130920538
2025-09-07,S08,P0433,CAT20,4,2,13.99,1.192,2.808,10.07,Low,,backtest,demand_forecast_run_20261005T130920538
2025-09-07,S08,P0435,CAT14,12,9,4.67,7.223,13.2,4.98,Low,,backtest,demand_forecast_run_20261005T130920538
2025-09-07,S08,P0445,CAT02,5,4,5.38,1.462,3.096,10.26,Low,,backtest,demand_forecast_run_20261005T130920538
2025-09-07,S08,P0507,CAT02,39,18,9.1,9.37,19.842,12.49,Low,,backtest,demand_forecast_run_20261005T130920538
2025-09-07,S08,P0563,CAT13,3,8,0.95,4.014,8.807,2.24,High,DEMAND_EXCEEDS_STOCK|BELOW_REORDER|LOW_DAYS_COVER,backtest,demand_forecast_run_20261005T130920538
2025-09-07,S08,P0579,CAT12,8,3,16,0.972,2.358,24.7,Low,,backtest,demand_forecast_run_20261005T130920538
2025-09-07,S08,P0589,CAT03,4,5,3.29,2.652,4.632,4.53,Medium,BELOW_REORDER,backtest,demand_forecast_run_20261005T130920538
2025-09-07,S09,P0003,CAT03,1,5,0.7,3.114,5.989,0.96,High,DEMAND_EXCEEDS_STOCK|BELOW_REORDER|LOW_DAYS_COVER,backtest,demand_forecast_run_20261005T130920538
2025-09-07,S09,P0022,CAT05,10,6,7.78,3.254,5.545,9.22,Low,,backtest,demand_forecast_run_20261005T130920538
2025-09-07,S09,P0032,CAT11,38,17,7.82,10.148,19.754,11.23,Low,,backtest,demand_forecast_run_20261005T130920538
2025-09-07,S09,P0053,CAT06,7,3,19.61,2.387,4.856,8.8,Low,,backtest,demand_forecast_run_20261005T130920538
2025-09-07,S09,P0073,CAT13,8,3,18.65,0.735,1.611,32.66,Low,,backtest,demand_forecast_run_20261005T130920538
2025-09-07,S09,P0170,CAT17,7,4,8.17,1.458,3.584,14.41,Low,,backtest,demand_forecast_run_20261005T130920538
2025-09-07,S09,P0206,CAT15,14,6,8.91,2.917,6.714,14.4,Low,,backtest,demand_forecast_run_20261005T130920538
2025-09-07,S09,P0213,CAT07,8,5,5.09,3.622,8.09,6.63,Low,,backtest,demand_forecast_run_20261005T130920538
2025-09-07,S09,P0252,CAT18,21,7,8.91,4.082,9.649,15.43,Low,,backtest,demand_forecast_run_20261005T130920538
2025-09-07,S09,P0272,CAT13,4,3,11.2,0.572,1.253,21,Low,,backtest,demand_forecast_run_20261005T130920538
2025-09-07,S09,P0288,CAT14,11,4,9.62,1.907,3.62,17.3,Low,,backtest,demand_forecast_run_20261005T130920538
2025-09-07,S09,P0316,CAT15,6,4,20.98,0.869,2,20.72,Low,,backtest,demand_forecast_run_20261005T130920538
2025-09-07,S09,P0369,CAT09,19,8,7.82,4.31,10.548,13.22,Low,,backtest,demand_forecast_run_20261005T130920538
2025-09-07,S09,P0381,CAT13,1,3,1.75,0.735,1.611,4.08,Medium,BELOW_REORDER|LOW_DAYS_COVER,backtest,demand_forecast_run_20261005T130920538
2025-09-07,S09,P0391,CAT06,6,7,3.23,4.678,9.517,3.85,Medium,BELOW_REORDER,backtest,demand_forecast_run_20261005T130920538
2025-09-07,S09,P0392,CAT19,6,3,10.51,0.926,1.647,19.44,Low,,backtest,demand_forecast_run_20261005T130920538
2025-09-07,S09,P0408,CAT16,11,4,15.41,2.421,6.325,13.63,Low,,backtest,demand_forecast_run_20261005T130920538
2025-09-07,S09,P0409,CAT12,12,5,12.92,1.876,4.918,19.18,Low,,backtest,demand_forecast_run_20261005T130920538
2025-09-07,S09,P0433,CAT20,6,2,84.51,0.424,0.955,42.41,Low,,backtest,demand_forecast_run_20261005T130920538
2025-09-07,S09,P0435,CAT14,24,9,8.84,7.026,13.337,10.25,Low,,backtest,demand_forecast_run_20261005T130920538
2025-09-07,S09,P0445,CAT02,15,4,12.36,1.701,3.319,26.46,Low,,backtest,demand_forecast_run_20261005T130920538
2025-09-07,S09,P0507,CAT02,10,16,1.97,9.95,19.417,3.01,Medium,BELOW_REORDER|LOW_DAYS_COVER,backtest,demand_forecast_run_20261005T130920538
2025-09-07,S09,P0563,CAT13,1,6,0.82,3.266,7.16,0.92,High,DEMAND_EXCEEDS_STOCK|BELOW_REORDER|LOW_DAYS_COVER,backtest,demand_forecast_run_20261005T130920538
2025-09-07,S09,P0579,CAT12,0,3,0,1.474,3.864,0,High,ZERO_STOCK|DEMAND_EXCEEDS_STOCK|BELOW_REORDER|LOW_DAYS_COVER,backtest,demand_forecast_run_20261005T130920538
2025-09-07,S09,P0589,CAT03,3,5,1.56,4.282,8.235,2.1,High,DEMAND_EXCEEDS_STOCK|BELOW_REORDER|LOW_DAYS_COVER,backtest,demand_forecast_run_20261005T130920538
2025-09-07,S10,P0003,CAT03,6,5,7.63,3.595,6.071,5.01,Low,,backtest,demand_forecast_run_20261005T130920538
2025-09-07,S10,P0022,CAT05,13,5,12.14,2.45,4.21,15.92,Low,,backtest,demand_forecast_run_20261005T130920538
2025-09-07,S10,P0032,CAT11,5,14,1.19,10.216,18.172,1.47,High,DEMAND_EXCEEDS_STOCK|BELOW_REORDER|LOW_DAYS_COVER,backtest,demand_forecast_run_20261005T130920538
2025-09-07,S10,P0053,CAT06,8,3,16,0.878,1.613,27.33,Low,,backtest,demand_forecast_run_20261005T130920538
2025-09-07,S10,P0073,CAT13,4,3,27.97,0.924,2.138,12.99,Low,,backtest,demand_forecast_run_20261005T130920538
2025-09-07,S10,P0170,CAT17,9,3,11.45,1.584,3.869,17.05,Low,,backtest,demand_forecast_run_20261005T130920538
2025-09-07,S10,P0206,CAT15,8,5,8,2.337,5.634,10.27,Low,,backtest,demand_forecast_run_20261005T130920538
2025-09-07,S10,P0213,CAT07,8,4,11.2,2.619,5.634,9.16,Low,,backtest,demand_forecast_run_20261005T130920538
2025-09-07,S10,P0252,CAT18,9,7,4.35,3.296,8.661,8.19,Low,,backtest,demand_forecast_run_20261005T130920538
2025-09-07,S10,P0272,CAT13,8,3,55.94,0.554,1.283,43.31,Low,,backtest,demand_forecast_run_20261005T130920538
2025-09-07,S10,P0288,CAT14,8,4,12.44,1.984,3.693,12.09,Low,,backtest,demand_forecast_run_20261005T130920538
2025-09-07,S10,P0316,CAT15,8,4,37.38,0.956,2.305,25.1,Low,,backtest,demand_forecast_run_20261005T130920538
2025-09-07,S10,P0369,CAT09,14,7,7,4.551,11.26,9.23,Low,,backtest,demand_forecast_run_20261005T130920538
2025-09-07,S10,P0381,CAT13,9,3,15.76,1.293,2.993,20.88,Low,,backtest,demand_forecast_run_20261005T130920538
2025-09-07,S10,P0391,CAT06,6,5,3.36,4.682,8.604,3.84,Low,,backtest,demand_forecast_run_20261005T130920538
2025-09-07,S10,P0392,CAT19,4,3,9.32,1.376,2.757,8.72,Low,,backtest,demand_forecast_run_20261005T130920538
2025-09-07,S10,P0408,CAT16,5,4,7.78,1.454,3.721,10.31,Low,,backtest,demand_forecast_run_20261005T130920538
2025-09-07,S10,P0409,CAT12,15,5,11.66,2.275,5.204,19.78,Low,,backtest,demand_forecast_run_20261005T130920538
2025-09-07,S10,P0433,CAT20,5,2,34.97,0.679,1.63,22.1,Low,,backtest,demand_forecast_run_20261005T130920538
2025-09-07,S10,P0435,CAT14,15,7,7.78,5.953,11.078,7.56,Low,,backtest,demand_forecast_run_20261005T130920538
2025-09-07,S10,P0445,CAT02,6,3,7.63,1.326,2.198,13.58,Low,,backtest,demand_forecast_run_20261005T130920538
2025-09-07,S10,P0507,CAT02,21,13,7,10.226,16.955,6.16,Low,,backtest,demand_forecast_run_20261005T130920538
2025-09-07,S10,P0563,CAT13,11,6,8.55,3.694,8.552,8.93,Low,,backtest,demand_forecast_run_20261005T130920538
2025-09-07,S10,P0579,CAT12,7,3,16.32,1.286,2.941,16.33,Low,,backtest,demand_forecast_run_20261005T130920538
2025-09-07,S10,P0589,CAT03,10,4,11.67,2.277,3.845,13.17,Low,,backtest,demand_forecast_run_20261005T130920538
2025-09-07,S11,P0003,CAT03,16,6,20.36,4.169,6.356,11.51,Low,,backtest,demand_forecast_run_20261005T130920538
2025-09-07,S11,P0022,CAT05,8,6,5.6,4.793,7.666,5.01,Low,,backtest,demand_forecast_run_20261005T130920538
2025-09-07,S11,P0032,CAT11,46,20,10.39,12.815,22.503,10.77,Low,,backtest,demand_forecast_run_20261005T130920538
2025-09-07,S11,P0053,CAT06,8,4,9.33,2.331,4.118,10.3,Low,,backtest,demand_forecast_run_20261005T130920538
2025-09-07,S11,P0073,CAT13,8,3,18.65,0.895,1.703,26.83,Low,,backtest,demand_forecast_run_20261005T130920538
2025-09-07,S11,P0170,CAT17,10,4,17.51,2.395,4.388,12.53,Low,,backtest,demand_forecast_run_20261005T130920538
2025-09-07,S11,P0206,CAT15,4,7,3.5,3.421,6.26,3.51,Medium,BELOW_REORDER,backtest,demand_forecast_run_20261005T130920538
2025-09-07,S11,P0213,CAT07,0,6,0,3.523,6.894,0,High,ZERO_STOCK|DEMAND_EXCEEDS_STOCK|BELOW_REORDER|LOW_DAYS_COVER,backtest,demand_forecast_run_20261005T130920538
2025-09-07,S11,P0252,CAT18,25,9,10,7.225,14.991,10.38,Low,,backtest,demand_forecast_run_20261005T130920538
2025-09-07,S11,P0272,CAT13,9,4,14,1.267,2.412,21.31,Low,,backtest,demand_forecast_run_20261005T130920538
2025-09-07,S11,P0288,CAT14,7,5,5.77,2.733,4.283,7.68,Low,,backtest,demand_forecast_run_20261005T130920538
2025-09-07,S11,P0316,CAT15,0,4,0,2.395,4.382,0,High,ZERO_STOCK|DEMAND_EXCEEDS_STOCK|BELOW_REORDER|LOW_DAYS_COVER,backtest,demand_forecast_run_20261005T130920538
2025-09-07,S11,P0369,CAT09,4,9,1.37,6.235,12.836,1.92,High,DEMAND_EXCEEDS_STOCK|BELOW_REORDER|LOW_DAYS_COVER,backtest,demand_forecast_run_20261005T130920538
2025-09-07,S11,P0381,CAT13,6,4,4.67,2.236,4.257,8.05,Low,,backtest,demand_forecast_run_20261005T130920538
2025-09-07,S11,P0391,CAT06,10,7,7,5.03,8.885,5.96,Low,,backtest,demand_forecast_run_20261005T130920538
2025-09-07,S11,P0392,CAT19,12,3,12.92,2.008,3.517,17.93,Low,,backtest,demand_forecast_run_20261005T130920538
2025-09-07,S11,P0408,CAT16,8,5,5.9,3.166,6.387,7.58,Low,,backtest,demand_forecast_run_20261005T130920538
2025-09-07,S11,P0409,CAT12,12,5,14,2.874,5.465,12.53,Low,,backtest,demand_forecast_run_20261005T130920538
2025-09-07,S11,P0433,CAT20,11,3,51.4,0.615,1.072,53.61,Low,,backtest,demand_forecast_run_20261005T130920538
2025-09-07,S11,P0435,CAT14,18,9,5.36,7.836,12.279,6.89,Low,,backtest,demand_forecast_run_20261005T130920538
2025-09-07,S11,P0445,CAT02,7,5,7.53,2.689,4.391,7.81,Low,,backtest,demand_forecast_run_20261005T130920538
2025-09-07,S11,P0507,CAT02,25,18,6.03,13.165,21.501,5.7,Low,,backtest,demand_forecast_run_20261005T130920538
2025-09-07,S11,P0563,CAT13,3,7,1.05,4.696,8.941,1.92,High,DEMAND_EXCEEDS_STOCK|BELOW_REORDER|LOW_DAYS_COVER,backtest,demand_forecast_run_20261005T130920538
2025-09-07,S11,P0579,CAT12,9,3,25.21,1.597,3.036,16.91,Low,,backtest,demand_forecast_run_20261005T130920538
2025-09-07,S11,P0589,CAT03,6,5,4.2,3.778,5.76,4.76,Low,,backtest,demand_forecast_run_20261005T130920538
2025-09-07,S12,P0003,CAT03,9,6,6.63,3.128,5.523,8.63,Low,,backtest,demand_forecast_run_20261005T130920538
2025-09-07,S12,P0022,CAT05,14,5,13.07,2.827,4.279,14.86,Low,,backtest,demand_forecast_run_20261005T130920538
2025-09-07,S12,P0032,CAT11,34,15,9.33,10.299,19.198,9.9,Low,,backtest,demand_forecast_run_20261005T130920538
2025-09-07,S12,P0053,CAT06,7,3,7.53,2.086,4.433,10.07,Low,,backtest,demand_forecast_run_20261005T130920538
2025-09-07,S12,P0073,CAT13,11,3,25.64,0.618,1.317,53.41,Low,,backtest,demand_forecast_run_20261005T130920538
2025-09-07,S12,P0170,CAT17,9,3,11.45,1.23,3.102,21.95,Low,,backtest,demand_forecast_run_20261005T130920538
2025-09-07,S12,P0206,CAT15,0,6,0,2.495,5.806,0,High,ZERO_STOCK|DEMAND_EXCEEDS_STOCK|BELOW_REORDER|LOW_DAYS_COVER,backtest,demand_forecast_run_20261005T130920538
2025-09-07,S12,P0213,CAT07,13,5,13,2.221,5.223,17.56,Low,,backtest,demand_forecast_run_20261005T130920538
2025-09-07,S12,P0252,CAT18,4,7,1.81,4.291,11.214,2.8,High,DEMAND_EXCEEDS_STOCK|BELOW_REORDER|LOW_DAYS_COVER,backtest,demand_forecast_run_20261005T130920538
2025-09-07,S12,P0272,CAT13,5,3,7,1.765,3.764,8.5,Low,,backtest,demand_forecast_run_20261005T130920538
2025-09-07,S12,P0288,CAT14,6,4,12,1.431,2.903,12.58,Low,,backtest,demand_forecast_run_20261005T130920538
2025-09-07,S12,P0316,CAT15,2,3,1.87,1.472,3.424,4.08,Medium,BELOW_REORDER|LOW_DAYS_COVER,backtest,demand_forecast_run_20261005T130920538
2025-09-07,S12,P0369,CAT09,7,8,3.5,4.539,10.76,4.63,Medium,BELOW_REORDER,backtest,demand_forecast_run_20261005T130920538
2025-09-07,S12,P0381,CAT13,8,3,10.18,1.412,3.011,16.99,Low,,backtest,demand_forecast_run_20261005T130920538
2025-09-07,S12,P0391,CAT06,14,5,10.32,3.477,7.388,12.08,Low,,backtest,demand_forecast_run_20261005T130920538
2025-09-07,S12,P0392,CAT19,8,3,14.01,1.417,3.275,16.93,Low,,backtest,demand_forecast_run_20261005T130920538
2025-09-07,S12,P0408,CAT16,6,4,7,1.358,3.688,13.26,Low,,backtest,demand_forecast_run_20261005T130920538
2025-09-07,S12,P0409,CAT12,9,4,7.87,1.801,4.804,14.99,Low,,backtest,demand_forecast_run_20261005T130920538
2025-09-07,S12,P0433,CAT20,5,2,23.36,0.764,1.733,19.65,Low,,backtest,demand_forecast_run_20261005T130920538
2025-09-07,S12,P0435,CAT14,11,6,7,5.295,10.74,6.23,Low,,backtest,demand_forecast_run_20261005T130920538
2025-09-07,S12,P0445,CAT02,9,3,25.21,1.108,2.12,24.36,Low,,backtest,demand_forecast_run_20261005T130920538
2025-09-07,S12,P0507,CAT02,16,14,8,8.774,16.786,5.47,Low,,backtest,demand_forecast_run_20261005T130920538
2025-09-07,S12,P0563,CAT13,8,6,5.9,2.736,5.834,8.77,Low,,backtest,demand_forecast_run_20261005T130920538
2025-09-07,S12,P0579,CAT12,4,3,7.01,0.976,2.602,12.3,Low,,backtest,demand_forecast_run_20261005T130920538
2025-09-07,S12,P0589,CAT03,12,4,12.92,2.542,4.487,14.16,Low,,backtest,demand_forecast_run_20261005T130920538
2025-09-08,S01,P0003,CAT03,11,6,9.06,3.682,6.138,8.96,Low,,backtest,demand_forecast_run_20261005T130920538
2025-09-08,S01,P0022,CAT05,14,5,13.07,2.776,4.972,15.13,Low,,backtest,demand_forecast_run_20261005T130920538
2025-09-08,S01,P0032,CAT11,27,14,6.87,10.513,18.516,7.7,Low,,backtest,demand_forecast_run_20261005T130920538
2025-09-08,S01,P0053,CAT06,9,3,31.47,1.474,2.575,18.31,Low,,backtest,demand_forecast_run_20261005T130920538
2025-09-08,S01,P0073,CAT13,3,3,4.67,1.267,2.46,7.1,Medium,BELOW_REORDER,backtest,demand_forecast_run_20261005T130920538
2025-09-08,S01,P0170,CAT17,5,4,7,1.881,4.51,7.97,Low,,backtest,demand_forecast_run_20261005T130920538
2025-09-08,S01,P0206,CAT15,17,6,19.84,2.744,5.884,18.59,Low,,backtest,demand_forecast_run_20261005T130920538
2025-09-08,S01,P0213,CAT07,9,5,9.69,2.324,5.173,11.62,Low,,backtest,demand_forecast_run_20261005T130920538
2025-09-08,S01,P0252,CAT18,14,7,6.32,5.97,13.765,7.03,Low,,backtest,demand_forecast_run_20261005T130920538
2025-09-08,S01,P0272,CAT13,9,3,11.45,1.605,3.116,16.82,Low,,backtest,demand_forecast_run_20261005T130920538
2025-09-08,S01,P0288,CAT14,11,4,22,2.493,5.128,13.24,Low,,backtest,demand_forecast_run_20261005T130920538
2025-09-08,S01,P0316,CAT15,3,3,14.02,0.686,1.471,13.12,Medium,BELOW_REORDER,backtest,demand_forecast_run_20261005T130920538
2025-09-08,S01,P0369,CAT09,15,8,9.13,6.086,11.981,7.39,Low,,backtest,demand_forecast_run_20261005T130920538
2025-09-08,S01,P0381,CAT13,9,3,9.69,1.436,2.788,18.8,Low,,backtest,demand_forecast_run_20261005T130920538
2025-09-08,S01,P0391,CAT06,17,5,7.68,7.003,12.231,7.28,Low,,backtest,demand_forecast_run_20261005T130920538
2025-09-08,S01,P0392,CAT19,7,3,16.32,2.034,3.995,10.33,Low,,backtest,demand_forecast_run_20261005T130920538
2025-09-08,S01,P0408,CAT16,10,4,17.51,2.035,5.471,14.74,Low,,backtest,demand_forecast_run_20261005T130920538
2025-09-08,S01,P0409,CAT12,5,4,5.83,1.704,3.894,8.8,Low,,backtest,demand_forecast_run_20261005T130920538
2025-09-08,S01,P0433,CAT20,8,3,112.68,0.969,2.131,24.77,Low,,backtest,demand_forecast_run_20261005T130920538
2025-09-08,S01,P0435,CAT14,19,7,13.3,5.248,10.796,10.86,Low,,backtest,demand_forecast_run_20261005T130920538
2025-09-08,S01,P0445,CAT02,6,4,12,2.657,4.875,6.77,Low,,backtest,demand_forecast_run_20261005T130920538
2025-09-08,S01,P0507,CAT02,17,14,4.86,9.071,16.641,5.62,Low,,backtest,demand_forecast_run_20261005T130920538
2025-09-08,S01,P0563,CAT13,8,6,5.6,2.703,5.247,8.88,Low,,backtest,demand_forecast_run_20261005T130920538
2025-09-08,S01,P0579,CAT12,6,3,7,1.448,3.31,12.43,Low,,backtest,demand_forecast_run_20261005T130920538
2025-09-08,S01,P0589,CAT03,7,4,12.26,2.901,4.836,7.24,Low,,backtest,demand_forecast_run_20261005T130920538
2025-09-08,S02,P0003,CAT03,5,6,3.33,4.171,7.634,3.6,Medium,BELOW_REORDER,backtest,demand_forecast_run_20261005T130920538
2025-09-08,S02,P0022,CAT05,13,6,6.28,3.466,6.679,11.25,Low,,backtest,demand_forecast_run_20261005T130920538
2025-09-08,S02,P0032,CAT11,32,17,6.05,10.182,22.25,9.43,Low,,backtest,demand_forecast_run_20261005T130920538
2025-09-08,S02,P0053,CAT06,9,3,62.94,0.894,1.398,30.19,Low,,backtest,demand_forecast_run_20261005T130920538
2025-09-08,S02,P0073,CAT13,5,3,8.76,1.005,1.98,14.93,Low,,backtest,demand_forecast_run_20261005T130920538
2025-09-08,S02,P0170,CAT17,5,3,6.36,1.251,3.239,11.99,Low,,backtest,demand_forecast_run_20261005T130920538
2025-09-08,S02,P0206,CAT15,15,6,10.5,2.974,5.813,15.13,Low,,backtest,demand_forecast_run_20261005T130920538
2025-09-08,S02,P0213,CAT07,3,5,3.23,2.711,6.225,3.32,Medium,BELOW_REORDER,backtest,demand_forecast_run_20261005T130920538
2025-09-08,S02,P0252,CAT18,12,7,7,4.462,11.3,8.07,Low,,backtest,demand_forecast_run_20261005T130920538
2025-09-08,S02,P0272,CAT13,3,3,3.82,1.553,3.06,5.8,Medium,BELOW_REORDER,backtest,demand_forecast_run_20261005T130920538
2025-09-08,S02,P0288,CAT14,7,4,8.91,2.293,4.496,9.16,Low,,backtest,demand_forecast_run_20261005T130920538
2025-09-08,S02,P0316,CAT15,5,3,11.66,0.967,1.889,15.52,Low,,backtest,demand_forecast_run_20261005T130920538
2025-09-08,S02,P0369,CAT09,25,8,14,4.928,11.426,15.22,Low,,backtest,demand_forecast_run_20261005T130920538
2025-09-08,S02,P0381,CAT13,7,3,7,1.644,3.24,12.77,Low,,backtest,demand_forecast_run_20261005T130920538
2025-09-08,S02,P0391,CAT06,18,7,12.6,7.006,10.954,7.71,Low,,backtest,demand_forecast_run_20261005T130920538
2025-09-08,S02,P0392,CAT19,6,3,9.33,1.128,2.447,15.96,Low,,backtest,demand_forecast_run_20261005T130920538
2025-09-08,S02,P0408,CAT16,10,4,11.67,2.349,6.232,12.77,Low,,backtest,demand_forecast_run_20261005T130920538
2025-09-08,S02,P0409,CAT12,16,5,9.74,3.157,7.949,15.2,Low,,backtest,demand_forecast_run_20261005T130920538
2025-09-08,S02,P0433,CAT20,8,3,,0.267,0.734,89.89,Low,,backtest,demand_forecast_run_20261005T130920538
2025-09-08,S02,P0435,CAT14,10,8,3.18,6.708,13.155,4.47,Low,,backtest,demand_forecast_run_20261005T130920538
2025-09-08,S02,P0445,CAT02,6,4,7,1.715,3.272,10.5,Low,,backtest,demand_forecast_run_20261005T130920538
2025-09-08,S02,P0507,CAT02,39,15,8.81,11.052,21.083,10.59,Low,,backtest,demand_forecast_run_20261005T130920538
2025-09-08,S02,P0563,CAT13,13,6,7,3.837,7.56,10.17,Low,,backtest,demand_forecast_run_20261005T130920538
2025-09-08,S02,P0579,CAT12,1,3,1.17,1.694,4.265,1.77,High,DEMAND_EXCEEDS_STOCK|BELOW_REORDER|LOW_DAYS_COVER,backtest,demand_forecast_run_20261005T130920538
2025-09-08,S02,P0589,CAT03,4,4,5.6,1.94,3.551,6.18,Medium,BELOW_REORDER,backtest,demand_forecast_run_20261005T130920538
2025-09-08,S03,P0003,CAT03,17,6,23.81,3.182,6.955,16.03,Low,,backtest,demand_forecast_run_20261005T130920538
2025-09-08,S03,P0022,CAT05,15,5,21.01,1.987,3.46,22.65,Low,,backtest,demand_forecast_run_20261005T130920538
2025-09-08,S03,P0032,CAT11,20,15,5.19,11.016,22.037,5.45,Low,,backtest,demand_forecast_run_20261005T130920538
2025-09-08,S03,P0053,CAT06,8,4,22.41,2.541,5.206,9.45,Low,,backtest,demand_forecast_run_20261005T130920538
2025-09-08,S03,P0073,CAT13,4,3,56.34,0.371,0.766,32.32,Low,,backtest,demand_forecast_run_20261005T130920538
2025-09-08,S03,P0170,CAT17,6,4,7,2.245,4.772,8.02,Low,,backtest,demand_forecast_run_20261005T130920538
2025-09-08,S03,P0206,CAT15,9,6,9.69,3.016,7.191,8.95,Low,,backtest,demand_forecast_run_20261005T130920538
2025-09-08,S03,P0213,CAT07,11,4,13.99,2.038,4.637,16.2,Low,,backtest,demand_forecast_run_20261005T130920538
2025-09-08,S03,P0252,CAT18,19,8,7,4.915,11.468,11.6,Low,,backtest,demand_forecast_run_20261005T130920538
2025-09-08,S03,P0272,CAT13,1,3,2.8,1.733,3.573,1.73,High,DEMAND_EXCEEDS_STOCK|BELOW_REORDER|LOW_DAYS_COVER,backtest,demand_forecast_run_20261005T130920538
2025-09-08,S03,P0288,CAT14,6,3,20.98,2.168,4.175,8.3,Low,,backtest,demand_forecast_run_20261005T130920538
2025-09-08,S03,P0316,CAT15,11,4,30.81,1.597,3.807,20.67,Low,,backtest,demand_forecast_run_20261005T130920538
2025-09-08,S03,P0369,CAT09,19,8,11.56,4.484,10.614,12.71,Low,,backtest,demand_forecast_run_20261005T130920538
2025-09-08,S03,P0381,CAT13,6,3,20.98,0.866,1.786,20.77,Low,,backtest,demand_forecast_run_20261005T130920538
2025-09-08,S03,P0391,CAT06,12,6,5.6,5.775,11.832,6.23,Low,,backtest,demand_forecast_run_20261005T130920538
2025-09-08,S03,P0392,CAT19,7,3,14,1.306,2.897,16.08,Low,,backtest,demand_forecast_run_20261005T130920538
2025-09-08,S03,P0408,CAT16,11,4,30.81,0.926,2.388,35.66,Low,,backtest,demand_forecast_run_20261005T130920538
2025-09-08,S03,P0409,CAT12,5,4,7,2.273,5.011,6.6,Low,,backtest,demand_forecast_run_20261005T130920538
2025-09-08,S03,P0433,CAT20,6,2,,0.456,1.022,39.43,Low,,backtest,demand_forecast_run_20261005T130920538
2025-09-08,S03,P0435,CAT14,17,7,12.53,6.172,11.882,8.26,Low,,backtest,demand_forecast_run_20261005T130920538
2025-09-08,S03,P0445,CAT02,8,3,27.97,1.115,2.406,21.52,Low,,backtest,demand_forecast_run_20261005T130920538
2025-09-08,S03,P0507,CAT02,42,14,9.64,10.317,22.256,12.21,Low,,backtest,demand_forecast_run_20261005T130920538
2025-09-08,S03,P0563,CAT13,17,6,17,3.961,8.166,12.88,Low,,backtest,demand_forecast_run_20261005T130920538
2025-09-08,S03,P0579,CAT12,5,3,7.78,1.191,2.625,12.6,Low,,backtest,demand_forecast_run_20261005T130920538
2025-09-08,S03,P0589,CAT03,12,5,8.4,3.512,7.674,10.25,Low,,backtest,demand_forecast_run_20261005T130920538
2025-09-08,S04,P0003,CAT03,7,5,9.8,2.78,5.356,7.55,Low,,backtest,demand_forecast_run_20261005T130920538
2025-09-08,S04,P0022,CAT05,15,5,17.5,2.071,3.923,21.73,Low,,backtest,demand_forecast_run_20261005T130920538
2025-09-08,S04,P0032,CAT11,28,12,7.54,8.106,16.388,10.36,Low,,backtest,demand_forecast_run_20261005T130920538
2025-09-08,S04,P0053,CAT06,7,3,24.48,1.189,2.838,17.66,Low,,backtest,demand_forecast_run_20261005T130920538
2025-09-08,S04,P0073,CAT13,5,2,17.48,0.602,1.466,24.9,Low,,backtest,demand_forecast_run_20261005T130920538
2025-09-08,S04,P0170,CAT17,7,3,12.26,2.109,5.852,9.96,Low,,backtest,demand_forecast_run_20261005T130920538
2025-09-08,S04,P0206,CAT15,6,5,4,2.354,6.546,7.65,Low,,backtest,demand_forecast_run_20261005T130920538
2025-09-08,S04,P0213,CAT07,10,4,69.93,0.991,2.302,30.28,Low,,backtest,demand_forecast_run_20261005T130920538
2025-09-08,S04,P0252,CAT18,11,6,11,2.381,5.805,13.86,Low,,backtest,demand_forecast_run_20261005T130920538
2025-09-08,S04,P0272,CAT13,9,3,14,1.405,3.422,19.21,Low,,backtest,demand_forecast_run_20261005T130920538
2025-09-08,S04,P0288,CAT14,5,4,6.36,1.395,3.165,10.75,Low,,backtest,demand_forecast_run_20261005T130920538
2025-09-08,S04,P0316,CAT15,6,3,13.99,0.471,1.309,38.23,Low,,backtest,demand_forecast_run_20261005T130920538
2025-09-08,S04,P0369,CAT09,4,6,2.43,3.542,9.198,3.39,Medium,BELOW_REORDER|LOW_DAYS_COVER,backtest,demand_forecast_run_20261005T130920538
2025-09-08,S04,P0381,CAT13,7,3,12.26,1.405,3.422,14.94,Low,,backtest,demand_forecast_run_20261005T130920538
2025-09-08,S04,P0391,CAT06,9,5,6.3,3.012,7.19,8.97,Low,,backtest,demand_forecast_run_20261005T130920538
2025-09-08,S04,P0392,CAT19,9,3,31.47,0.7,1.768,38.54,Low,,backtest,demand_forecast_run_20261005T130920538
2025-09-08,S04,P0408,CAT16,9,3,20.98,1.408,3.96,19.18,Low,,backtest,demand_forecast_run_20261005T130920538
2025-09-08,S04,P0409,CAT12,13,4,18.21,1.288,3.863,30.28,Low,,backtest,demand_forecast_run_20261005T130920538
2025-09-08,S04,P0433,CAT20,5,2,70.42,0.316,0.889,47.48,Low,,backtest,demand_forecast_run_20261005T130920538
2025-09-08,S04,P0435,CAT14,20,6,12.17,4.02,9.121,14.92,Low,,backtest,demand_forecast_run_20261005T130920538
2025-09-08,S04,P0445,CAT02,9,3,15.76,0.901,2.364,29.97,Low,,backtest,demand_forecast_run_20261005T130920538
2025-09-08,S04,P0507,CAT02,32,11,15.45,6.552,17.191,14.65,Low,,backtest,demand_forecast_run_20261005T130920538
2025-09-08,S04,P0563,CAT13,3,5,8.4,1.606,3.91,5.6,Medium,BELOW_REORDER,backtest,demand_forecast_run_20261005T130920538
2025-09-08,S04,P0579,CAT12,4,3,9.32,0.644,1.932,18.63,Low,,backtest,demand_forecast_run_20261005T130920538
2025-09-08,S04,P0589,CAT03,6,4,8.4,2.138,4.12,8.42,Low,,backtest,demand_forecast_run_20261005T130920538
2025-09-08,S05,P0003,CAT03,10,4,15.55,3.029,5.259,9.9,Low,,backtest,demand_forecast_run_20261005T130920538
2025-09-08,S05,P0022,CAT05,14,4,16.34,3.111,5.865,13.5,Low,,backtest,demand_forecast_run_20261005T130920538
2025-09-08,S05,P0032,CAT11,15,11,5.68,9.402,16.43,4.79,Low,,backtest,demand_forecast_run_20261005T130920538
2025-09-08,S05,P0053,CAT06,4,3,9.32,0.72,1.923,16.66,Low,,backtest,demand_forecast_run_20261005T130920538
2025-09-08,S05,P0073,CAT13,3,2,20.98,0.584,1.17,15.41,Low,,backtest,demand_forecast_run_20261005T130920538
2025-09-08,S05,P0170,CAT17,5,3,8.76,1.221,2.952,12.29,Low,,backtest,demand_forecast_run_20261005T130920538
2025-09-08,S05,P0206,CAT15,11,4,13.99,1.726,4.558,19.12,Low,,backtest,demand_forecast_run_20261005T130920538
2025-09-08,S05,P0213,CAT07,11,4,11.84,1.738,3.948,18.99,Low,,backtest,demand_forecast_run_20261005T130920538
2025-09-08,S05,P0252,CAT18,16,5,11.2,4.416,8.821,10.87,Low,,backtest,demand_forecast_run_20261005T130920538
2025-09-08,S05,P0272,CAT13,4,3,8,1.502,3.008,7.99,Low,,backtest,demand_forecast_run_20261005T130920538
2025-09-08,S05,P0288,CAT14,4,3,6.22,2.168,3.902,5.53,Low,,backtest,demand_forecast_run_20261005T130920538
2025-09-08,S05,P0316,CAT15,9,3,20.98,1.311,3.464,20.59,Low,,backtest,demand_forecast_run_20261005T130920538
2025-09-08,S05,P0369,CAT09,6,6,4.94,3.328,8.302,5.41,Medium,BELOW_REORDER,backtest,demand_forecast_run_20261005T130920538
2025-09-08,S05,P0381,CAT13,11,3,25.64,0.501,1.003,65.92,Low,,backtest,demand_forecast_run_20261005T130920538
2025-09-08,S05,P0391,CAT06,10,5,8.24,2.792,7.453,10.75,Low,,backtest,demand_forecast_run_20261005T130920538
2025-09-08,S05,P0392,CAT19,3,2,42.25,0.406,0.859,22.14,Low,,backtest,demand_forecast_run_20261005T130920538
2025-09-08,S05,P0408,CAT16,8,3,55.94,0.565,1.658,42.47,Low,,backtest,demand_forecast_run_20261005T130920538
2025-09-08,S05,P0409,CAT12,8,3,8.61,1.798,4.628,13.35,Low,,backtest,demand_forecast_run_20261005T130920538
2025-09-08,S05,P0433,CAT20,6,2,84.51,0.388,0.949,46.44,Low,,backtest,demand_forecast_run_20261005T130920538
2025-09-08,S05,P0435,CAT14,11,6,9.06,4.879,8.779,6.76,Low,,backtest,demand_forecast_run_20261005T130920538
2025-09-08,S05,P0445,CAT02,9,3,126.76,1.318,2.733,20.49,Low,,backtest,demand_forecast_run_20261005T130920538
2025-09-08,S05,P0507,CAT02,22,9,10.27,7.342,15.224,8.99,Low,,backtest,demand_forecast_run_20261005T130920538
2025-09-08,S05,P0563,CAT13,10,5,6.09,2.836,5.682,10.58,Low,,backtest,demand_forecast_run_20261005T130920538
2025-09-08,S05,P0579,CAT12,7,3,24.48,0.568,1.462,36.97,Low,,backtest,demand_forecast_run_20261005T130920538
2025-09-08,S05,P0589,CAT03,9,4,9,3.332,5.785,8.1,Low,,backtest,demand_forecast_run_20261005T130920538
2025-09-08,S06,P0003,CAT03,16,6,11.79,2.463,4.554,19.49,Low,,backtest,demand_forecast_run_20261005T130920538
2025-09-08,S06,P0022,CAT05,10,6,8.24,2.306,4.019,13.01,Low,,backtest,demand_forecast_run_20261005T130920538
2025-09-08,S06,P0032,CAT11,46,18,8.15,13.739,22.808,10.04,Low,,backtest,demand_forecast_run_20261005T130920538
2025-09-08,S06,P0053,CAT06,8,4,5.9,1.997,4.657,12.02,Low,,backtest,demand_forecast_run_20261005T130920538
2025-09-08,S06,P0073,CAT13,3,4,6,1.989,3.964,4.53,Medium,BELOW_REORDER,backtest,demand_forecast_run_20261005T130920538
2025-09-08,S06,P0170,CAT17,8,4,8.61,1.567,3.544,15.32,Low,,backtest,demand_forecast_run_20261005T130920538
2025-09-08,S06,P0206,CAT15,22,7,10.27,3.963,8.346,16.66,Low,,backtest,demand_forecast_run_20261005T130920538
2025-09-08,S06,P0213,CAT07,10,6,6.67,3.896,8.126,7.7,Low,,backtest,demand_forecast_run_20261005T130920538
2025-09-08,S06,P0252,CAT18,22,8,9.94,5.203,12.574,12.68,Low,,backtest,demand_forecast_run_20261005T130920538
2025-09-08,S06,P0272,CAT13,11,4,30.81,1.556,3.102,21.2,Low,,backtest,demand_forecast_run_20261005T130920538
2025-09-08,S06,P0288,CAT14,12,4,24,2.288,3.867,15.74,Low,,backtest,demand_forecast_run_20261005T130920538
2025-09-08,S06,P0316,CAT15,11,4,25.64,1.298,2.734,25.42,Low,,backtest,demand_forecast_run_20261005T130920538
2025-09-08,S06,P0369,CAT09,23,10,10.39,5.939,13.193,11.62,Low,,backtest,demand_forecast_run_20261005T130920538
2025-09-08,S06,P0381,CAT13,15,4,23.33,1.643,3.275,27.39,Low,,backtest,demand_forecast_run_20261005T130920538
2025-09-08,S06,P0391,CAT06,20,7,8.75,3.03,7.066,19.8,Low,,backtest,demand_forecast_run_20261005T130920538
2025-09-08,S06,P0392,CAT19,4,3,5.6,1.597,3.177,7.51,Low,,backtest,demand_forecast_run_20261005T130920538
2025-09-08,S06,P0408,CAT16,7,5,7.53,2.049,5.481,10.25,Low,,backtest,demand_forecast_run_20261005T130920538
2025-09-08,S06,P0409,CAT12,11,5,9.06,2.205,4.873,14.97,Low,,backtest,demand_forecast_run_20261005T130920538
2025-09-08,S06,P0433,CAT20,5,3,23.36,1.133,2.806,13.24,Low,,backtest,demand_forecast_run_20261005T130920538
2025-09-08,S06,P0435,CAT14,12,9,5.09,7.695,13.007,4.68,Low,,backtest,demand_forecast_run_20261005T130920538
2025-09-08,S06,P0445,CAT02,9,4,9.69,2.578,4.624,10.47,Low,,backtest,demand_forecast_run_20261005T130920538
2025-09-08,S06,P0507,CAT02,42,17,13.36,11.502,20.631,10.95,Low,,backtest,demand_forecast_run_20261005T130920538
2025-09-08,S06,P0563,CAT13,15,6,21.01,2.68,5.343,16.79,Low,,backtest,demand_forecast_run_20261005T130920538
2025-09-08,S06,P0579,CAT12,9,4,9.69,2.117,4.678,12.75,Low,,backtest,demand_forecast_run_20261005T130920538
2025-09-08,S06,P0589,CAT03,6,6,5.6,2.633,4.868,6.84,Medium,BELOW_REORDER,backtest,demand_forecast_run_20261005T130920538
2025-09-08,S07,P0003,CAT03,10,5,10.76,2.518,4.685,11.91,Low,,backtest,demand_forecast_run_20261005T130920538
2025-09-08,S07,P0022,CAT05,4,4,3.5,2.725,5.417,4.4,Medium,BELOW_REORDER,backtest,demand_forecast_run_20261005T130920538
2025-09-08,S07,P0032,CAT11,32,12,8.62,10.185,20.804,9.43,Low,,backtest,demand_forecast_run_20261005T130920538
2025-09-08,S07,P0053,CAT06,6,3,12,1.095,2.503,16.44,Low,,backtest,demand_forecast_run_20261005T130920538
2025-09-08,S07,P0073,CAT13,8,3,112.68,0.338,0.797,71.01,Low,,backtest,demand_forecast_run_20261005T130920538
2025-09-08,S07,P0170,CAT17,4,3,27.97,0.97,2.59,12.37,Low,,backtest,demand_forecast_run_20261005T130920538
2025-09-08,S07,P0206,CAT15,10,5,8.75,1.997,4.979,15.02,Low,,backtest,demand_forecast_run_20261005T130920538
2025-09-08,S07,P0213,CAT07,8,4,8,1.903,4.31,12.61,Low,,backtest,demand_forecast_run_20261005T130920538
2025-09-08,S07,P0252,CAT18,13,5,6.07,2.871,8.368,13.59,Low,,backtest,demand_forecast_run_20261005T130920538
2025-09-08,S07,P0272,CAT13,6,3,13.99,0.76,1.793,23.67,Low,,backtest,demand_forecast_run_20261005T130920538
2025-09-08,S07,P0288,CAT14,9,3,10.5,2.079,4.201,12.99,Low,,backtest,demand_forecast_run_20261005T130920538
2025-09-08,S07,P0316,CAT15,6,3,20.98,0.461,1.149,39.06,Low,,backtest,demand_forecast_run_20261005T130920538
2025-09-08,S07,P0369,CAT09,22,7,17.11,4.807,8.858,13.73,Low,,backtest,demand_forecast_run_20261005T130920538
2025-09-08,S07,P0381,CAT13,8,3,22.41,0.676,1.594,35.51,Low,,backtest,demand_forecast_run_20261005T130920538
2025-09-08,S07,P0391,CAT06,8,5,3.73,3.286,7.509,7.3,Low,,backtest,demand_forecast_run_20261005T130920538
2025-09-08,S07,P0392,CAT19,3,3,3.82,2.145,5.353,4.2,Medium,BELOW_REORDER,backtest,demand_forecast_run_20261005T130920538
2025-09-08,S07,P0408,CAT16,6,3,8.4,1.234,4.257,14.58,Low,,backtest,demand_forecast_run_20261005T130920538
2025-09-08,S07,P0409,CAT12,6,4,4.94,1.862,4.887,9.66,Low,,backtest,demand_forecast_run_20261005T130920538
2025-09-08,S07,P0433,CAT20,6,2,84.51,0.243,0.735,73.98,Low,,backtest,demand_forecast_run_20261005T130920538
2025-09-08,S07,P0435,CAT14,15,7,8.75,4.347,8.783,10.35,Low,,backtest,demand_forecast_run_20261005T130920538
2025-09-08,S07,P0445,CAT02,5,3,10,0.987,2.124,15.2,Low,,backtest,demand_forecast_run_20261005T130920538
2025-09-08,S07,P0507,CAT02,25,11,7.61,6.548,14.097,11.45,Low,,backtest,demand_forecast_run_20261005T130920538
2025-09-08,S07,P0563,CAT13,6,5,4,2.112,4.98,8.52,Low,,backtest,demand_forecast_run_20261005T130920538
2025-09-08,S07,P0579,CAT12,4,3,4.31,1.27,3.332,9.45,Low,,backtest,demand_forecast_run_20261005T130920538
2025-09-08,S07,P0589,CAT03,7,4,8.17,2.031,3.778,10.34,Low,,backtest,demand_forecast_run_20261005T130920538
2025-09-08,S08,P0003,CAT03,20,7,12.17,3.442,5.99,17.43,Low,,backtest,demand_forecast_run_20261005T130920538
2025-09-08,S08,P0022,CAT05,16,6,14.94,3.287,6.121,14.6,Low,,backtest,demand_forecast_run_20261005T130920538
2025-09-08,S08,P0032,CAT11,21,18,5.34,10.981,21.451,5.74,Low,,backtest,demand_forecast_run_20261005T130920538
2025-09-08,S08,P0053,CAT06,8,3,18.65,1.421,2.936,16.89,Low,,backtest,demand_forecast_run_20261005T130920538
2025-09-08,S08,P0073,CAT13,9,3,42.06,0.799,1.546,33.79,Low,,backtest,demand_forecast_run_20261005T130920538
2025-09-08,S08,P0170,CAT17,8,4,16,1.234,2.863,19.46,Low,,backtest,demand_forecast_run_20261005T130920538
2025-09-08,S08,P0206,CAT15,14,7,12.25,3.918,9.308,10.72,Low,,backtest,demand_forecast_run_20261005T130920538
2025-09-08,S08,P0213,CAT07,8,6,5.9,1.668,4.229,14.39,Low,,backtest,demand_forecast_run_20261005T130920538
2025-09-08,S08,P0252,CAT18,28,9,10.05,6.11,15.064,13.75,Low,,backtest,demand_forecast_run_20261005T130920538
2025-09-08,S08,P0272,CAT13,9,4,10.5,1.531,2.964,17.63,Low,,backtest,demand_forecast_run_20261005T130920538
2025-09-08,S08,P0288,CAT14,6,4,8.4,2.911,5.613,6.18,Low,,backtest,demand_forecast_run_20261005T130920538
2025-09-08,S08,P0316,CAT15,6,4,13.99,0.813,1.932,22.13,Low,,backtest,demand_forecast_run_20261005T130920538
2025-09-08,S08,P0369,CAT09,27,10,8.79,4.417,9.508,18.34,Low,,backtest,demand_forecast_run_20261005T130920538
2025-09-08,S08,P0381,CAT13,9,4,15.76,1.465,2.835,18.43,Low,,backtest,demand_forecast_run_20261005T130920538
2025-09-08,S08,P0391,CAT06,16,6,8,4.027,8.317,11.92,Low,,backtest,demand_forecast_run_20261005T130920538
2025-09-08,S08,P0392,CAT19,12,4,9.33,1.695,3.799,21.24,Low,,backtest,demand_forecast_run_20261005T130920538
2025-09-08,S08,P0408,CAT16,3,4,2.62,1.462,4.457,6.16,Medium,BELOW_REORDER|LOW_DAYS_COVER,backtest,demand_forecast_run_20261005T130920538
2025-09-08,S08,P0409,CAT12,5,5,3.68,2.468,6.029,6.08,Medium,BELOW_REORDER,backtest,demand_forecast_run_20261005T130920538
2025-09-08,S08,P0433,CAT20,4,2,27.97,1.142,2.949,10.51,Low,,backtest,demand_forecast_run_20261005T130920538
2025-09-08,S08,P0435,CAT14,5,9,1.79,7.797,15.035,1.92,High,DEMAND_EXCEEDS_STOCK|BELOW_REORDER|LOW_DAYS_COVER,backtest,demand_forecast_run_20261005T130920538
2025-09-08,S08,P0445,CAT02,5,4,5.83,1.592,3.409,9.42,Low,,backtest,demand_forecast_run_20261005T130920538
2025-09-08,S08,P0507,CAT02,28,18,6.03,9.482,20.298,8.86,Low,,backtest,demand_forecast_run_20261005T130920538
2025-09-08,S08,P0563,CAT13,19,8,5.43,4.727,9.149,12.06,Low,,backtest,demand_forecast_run_20261005T130920538
2025-09-08,S08,P0579,CAT12,7,3,14,0.914,2.233,22.97,Low,,backtest,demand_forecast_run_20261005T130920538
2025-09-08,S08,P0589,CAT03,15,5,12.36,2.725,4.742,16.52,Low,,backtest,demand_forecast_run_20261005T130920538
2025-09-08,S09,P0003,CAT03,17,5,12.53,2.914,5.767,17.5,Low,,backtest,demand_forecast_run_20261005T130920538
2025-09-08,S09,P0022,CAT05,7,6,5.16,2.908,5.078,7.22,Low,,backtest,demand_forecast_run_20261005T130920538
2025-09-08,S09,P0032,CAT11,31,17,6.68,10.317,19.757,9.01,Low,,backtest,demand_forecast_run_20261005T130920538
2025-09-08,S09,P0053,CAT06,5,3,11.66,2.021,4.49,7.42,Low,,backtest,demand_forecast_run_20261005T130920538
2025-09-08,S09,P0073,CAT13,7,3,32.71,0.795,1.829,26.43,Low,,backtest,demand_forecast_run_20261005T130920538
2025-09-08,S09,P0170,CAT17,4,4,3.73,1.558,3.91,7.7,Medium,BELOW_REORDER,backtest,demand_forecast_run_20261005T130920538
2025-09-08,S09,P0206,CAT15,8,6,4.67,2.892,6.699,8.3,Low,,backtest,demand_forecast_run_20261005T130920538
2025-09-08,S09,P0213,CAT07,10,5,6.37,3.513,7.875,8.54,Low,,backtest,demand_forecast_run_20261005T130920538
2025-09-08,S09,P0252,CAT18,18,7,8.13,3.87,9.296,13.95,Low,,backtest,demand_forecast_run_20261005T130920538
2025-09-08,S09,P0272,CAT13,3,3,6.99,0.636,1.463,14.16,Medium,BELOW_REORDER,backtest,demand_forecast_run_20261005T130920538
2025-09-08,S09,P0288,CAT14,8,4,6.59,2.029,4.066,11.83,Low,,backtest,demand_forecast_run_20261005T130920538
2025-09-08,S09,P0316,CAT15,4,4,9.32,0.85,1.97,14.11,Medium,BELOW_REORDER,backtest,demand_forecast_run_20261005T130920538
2025-09-08,S09,P0369,CAT09,20,8,8.75,4.169,10.217,14.39,Low,,backtest,demand_forecast_run_20261005T130920538
2025-09-08,S09,P0381,CAT13,7,3,12.26,0.715,1.646,29.36,Low,,backtest,demand_forecast_run_20261005T130920538
2025-09-08,S09,P0391,CAT06,19,7,9.17,3.887,8.635,14.66,Low,,backtest,demand_forecast_run_20261005T130920538
2025-09-08,S09,P0392,CAT19,5,3,7.78,0.774,1.653,19.39,Low,,backtest,demand_forecast_run_20261005T130920538
2025-09-08,S09,P0408,CAT16,8,4,10.18,2.503,6.468,9.59,Low,,backtest,demand_forecast_run_20261005T130920538
2025-09-08,S09,P0409,CAT12,12,5,14,1.842,4.877,19.54,Low,,backtest,demand_forecast_run_20261005T130920538
2025-09-08,S09,P0433,CAT20,8,2,112.68,0.402,0.904,59.66,Low,,backtest,demand_forecast_run_20261005T130920538
2025-09-08,S09,P0435,CAT14,16,9,5.6,7.102,14.233,6.76,Low,,backtest,demand_forecast_run_20261005T130920538
2025-09-08,S09,P0445,CAT02,15,4,12.36,1.615,3.388,27.87,Low,,backtest,demand_forecast_run_20261005T130920538
2025-09-08,S09,P0507,CAT02,49,16,10.55,9.609,20.16,15.3,Low,,backtest,demand_forecast_run_20261005T130920538
2025-09-08,S09,P0563,CAT13,20,6,16.47,3.099,7.133,19.36,Low,,backtest,demand_forecast_run_20261005T130920538
2025-09-08,S09,P0579,CAT12,4,3,5.09,1.448,3.832,8.29,Low,,backtest,demand_forecast_run_20261005T130920538
2025-09-08,S09,P0589,CAT03,3,5,1.75,4.042,7.999,2.23,High,DEMAND_EXCEEDS_STOCK|BELOW_REORDER|LOW_DAYS_COVER,backtest,demand_forecast_run_20261005T130920538
2025-09-08,S10,P0003,CAT03,5,5,6.36,3.567,6.263,4.21,Medium,BELOW_REORDER,backtest,demand_forecast_run_20261005T130920538
2025-09-08,S10,P0022,CAT05,12,5,11.2,2.249,4.067,16.01,Low,,backtest,demand_forecast_run_20261005T130920538
2025-09-08,S10,P0032,CAT11,31,14,6.68,10.178,19.133,9.14,Low,,backtest,demand_forecast_run_20261005T130920538
2025-09-08,S10,P0053,CAT06,8,3,16,0.716,1.416,33.54,Low,,backtest,demand_forecast_run_20261005T130920538
2025-09-08,S10,P0073,CAT13,4,3,27.97,0.87,1.873,13.8,Low,,backtest,demand_forecast_run_20261005T130920538
2025-09-08,S10,P0170,CAT17,9,3,11.45,1.313,3.554,20.57,Low,,backtest,demand_forecast_run_20261005T130920538
2025-09-08,S10,P0206,CAT15,7,5,7,2.303,5.539,9.12,Low,,backtest,demand_forecast_run_20261005T130920538
2025-09-08,S10,P0213,CAT07,7,4,8.91,2.685,5.752,7.82,Low,,backtest,demand_forecast_run_20261005T130920538
2025-09-08,S10,P0252,CAT18,22,7,10.62,3.319,8.711,19.88,Low,,backtest,demand_forecast_run_20261005T130920538
2025-09-08,S10,P0272,CAT13,8,3,112.68,0.58,1.249,41.39,Low,,backtest,demand_forecast_run_20261005T130920538
2025-09-08,S10,P0288,CAT14,8,4,12.44,1.879,3.426,12.77,Low,,backtest,demand_forecast_run_20261005T130920538
2025-09-08,S10,P0316,CAT15,8,4,37.38,0.921,2.216,26.05,Low,,backtest,demand_forecast_run_20261005T130920538
2025-09-08,S10,P0369,CAT09,11,7,6.16,4.186,10.493,7.88,Low,,backtest,demand_forecast_run_20261005T130920538
2025-09-08,S10,P0381,CAT13,9,3,18,1.353,2.913,19.96,Low,,backtest,demand_forecast_run_20261005T130920538
2025-09-08,S10,P0391,CAT06,15,5,8.75,3.816,7.554,11.79,Low,,backtest,demand_forecast_run_20261005T130920538
2025-09-08,S10,P0392,CAT19,3,3,8.4,1.341,2.863,6.71,Medium,BELOW_REORDER,backtest,demand_forecast_run_20261005T130920538
2025-09-08,S10,P0408,CAT16,5,4,7.78,1.28,3.486,11.72,Low,,backtest,demand_forecast_run_20261005T130920538
2025-09-08,S10,P0409,CAT12,14,5,11.53,2.379,5.447,17.65,Low,,backtest,demand_forecast_run_20261005T130920538
2025-09-08,S10,P0433,CAT20,5,2,70.42,0.579,1.5,25.91,Low,,backtest,demand_forecast_run_20261005T130920538
2025-09-08,S10,P0435,CAT14,13,7,6.74,6.108,11.136,6.39,Low,,backtest,demand_forecast_run_20261005T130920538
2025-09-08,S10,P0445,CAT02,4,3,4.67,1.391,2.44,8.63,Low,,backtest,demand_forecast_run_20261005T130920538
2025-09-08,S10,P0507,CAT02,10,13,3.33,9.552,16.756,3.14,Medium,BELOW_REORDER,backtest,demand_forecast_run_20261005T130920538
2025-09-08,S10,P0563,CAT13,11,6,8.55,3.866,8.324,8.54,Low,,backtest,demand_forecast_run_20261005T130920538
2025-09-08,S10,P0579,CAT12,7,3,16.32,1.138,2.605,18.46,Low,,backtest,demand_forecast_run_20261005T130920538
2025-09-08,S10,P0589,CAT03,8,4,8.61,2.378,4.175,10.09,Low,,backtest,demand_forecast_run_20261005T130920538
2025-09-08,S11,P0003,CAT03,13,6,13.99,4.092,6.78,9.53,Low,,backtest,demand_forecast_run_20261005T130920538
2025-09-08,S11,P0022,CAT05,7,6,4.67,4.714,7.431,4.45,Low,,backtest,demand_forecast_run_20261005T130920538
2025-09-08,S11,P0032,CAT11,36,20,8,13.617,23.659,7.93,Low,,backtest,demand_forecast_run_20261005T130920538
2025-09-08,S11,P0053,CAT06,8,4,9.33,1.767,3.37,13.58,Low,,backtest,demand_forecast_run_20261005T130920538
2025-09-08,S11,P0073,CAT13,8,3,18.65,0.964,1.712,24.91,Low,,backtest,demand_forecast_run_20261005T130920538
2025-09-08,S11,P0170,CAT17,10,4,17.51,2.131,4.32,14.08,Low,,backtest,demand_forecast_run_20261005T130920538
2025-09-08,S11,P0206,CAT15,4,7,4,3.67,6.363,3.27,Medium,BELOW_REORDER,backtest,demand_forecast_run_20261005T130920538
2025-09-08,S11,P0213,CAT07,12,6,7.3,3.493,6.688,10.31,Low,,backtest,demand_forecast_run_20261005T130920538
2025-09-08,S11,P0252,CAT18,22,9,8.32,6.739,14.794,9.79,Low,,backtest,demand_forecast_run_20261005T130920538
2025-09-08,S11,P0272,CAT13,9,4,14,1.285,2.283,21.01,Low,,backtest,demand_forecast_run_20261005T130920538
2025-09-08,S11,P0288,CAT14,7,5,6.54,2.832,4.323,7.42,Low,,backtest,demand_forecast_run_20261005T130920538
2025-09-08,S11,P0316,CAT15,13,4,12.14,2.704,4.689,14.42,Low,,backtest,demand_forecast_run_20261005T130920538
2025-09-08,S11,P0369,CAT09,28,9,11.2,5.838,12.802,14.39,Low,,backtest,demand_forecast_run_20261005T130920538
2025-09-08,S11,P0381,CAT13,6,4,6,2.409,4.281,7.47,Low,,backtest,demand_forecast_run_20261005T130920538
2025-09-08,S11,P0391,CAT06,4,7,3.11,4.307,8.214,2.79,High,DEMAND_EXCEEDS_STOCK|BELOW_REORDER,backtest,demand_forecast_run_20261005T130920538
2025-09-08,S11,P0392,CAT19,9,3,9.69,1.751,3.201,15.42,Low,,backtest,demand_forecast_run_20261005T130920538
2025-09-08,S11,P0408,CAT16,6,5,4.67,2.492,5.801,7.22,Low,,backtest,demand_forecast_run_20261005T130920538
2025-09-08,S11,P0409,CAT12,12,5,15.27,2.517,5.169,14.3,Low,,backtest,demand_forecast_run_20261005T130920538
2025-09-08,S11,P0433,CAT20,11,3,51.4,0.556,1.019,59.36,Low,,backtest,demand_forecast_run_20261005T130920538
2025-09-08,S11,P0435,CAT14,14,9,4.36,7.929,12.103,5.3,Low,,backtest,demand_forecast_run_20261005T130920538
2025-09-08,S11,P0445,CAT02,6,5,6.46,2.582,4.455,6.97,Low,,backtest,demand_forecast_run_20261005T130920538
2025-09-08,S11,P0507,CAT02,17,18,3.9,12.551,21.659,4.06,Medium,BELOW_REORDER,backtest,demand_forecast_run_20261005T130920538
2025-09-08,S11,P0563,CAT13,22,7,7.51,4.818,8.562,13.7,Low,,backtest,demand_forecast_run_20261005T130920538
2025-09-08,S11,P0579,CAT12,3,3,5.25,1.549,3.181,5.81,Medium,BELOW_REORDER,backtest,demand_forecast_run_20261005T130920538
2025-09-08,S11,P0589,CAT03,2,5,1.47,3.49,5.782,1.72,High,DEMAND_EXCEEDS_STOCK|BELOW_REORDER|LOW_DAYS_COVER,backtest,demand_forecast_run_20261005T130920538
2025-09-08,S12,P0003,CAT03,8,6,5.9,3.046,5.902,7.88,Low,,backtest,demand_forecast_run_20261005T130920538
2025-09-08,S12,P0022,CAT05,8,5,6.59,2.9,5.082,8.28,Low,,backtest,demand_forecast_run_20261005T130920538
2025-09-08,S12,P0032,CAT11,22,15,5.7,10.466,19.824,6.31,Low,,backtest,demand_forecast_run_20261005T130920538
2025-09-08,S12,P0053,CAT06,3,3,2.47,1.971,4.393,4.57,Medium,BELOW_REORDER|LOW_DAYS_COVER,backtest,demand_forecast_run_20261005T130920538
2025-09-08,S12,P0073,CAT13,9,3,20.98,0.618,1.315,43.68,Low,,backtest,demand_forecast_run_20261005T130920538
2025-09-08,S12,P0170,CAT17,6,3,6.46,1.325,3.546,13.58,Low,,backtest,demand_forecast_run_20261005T130920538
2025-09-08,S12,P0206,CAT15,19,6,10.23,2.637,5.929,21.62,Low,,backtest,demand_forecast_run_20261005T130920538
2025-09-08,S12,P0213,CAT07,10,5,8.24,2.325,5.219,12.9,Low,,backtest,demand_forecast_run_20261005T130920538
2025-09-08,S12,P0252,CAT18,3,7,1.36,4.307,11.011,2.09,High,DEMAND_EXCEEDS_STOCK|BELOW_REORDER|LOW_DAYS_COVER,backtest,demand_forecast_run_20261005T130920538
2025-09-08,S12,P0272,CAT13,4,3,5.09,1.854,3.945,6.47,Low,,backtest,demand_forecast_run_20261005T130920538
2025-09-08,S12,P0288,CAT14,12,4,24,1.383,2.708,26.04,Low,,backtest,demand_forecast_run_20261005T130920538
2025-09-08,S12,P0316,CAT15,10,3,9.34,1.555,3.496,19.29,Low,,backtest,demand_forecast_run_20261005T130920538
2025-09-08,S12,P0369,CAT09,7,8,3.77,4.566,10.758,4.6,Medium,BELOW_REORDER,backtest,demand_forecast_run_20261005T130920538
2025-09-08,S12,P0381,CAT13,8,3,12.44,1.413,3.006,16.99,Low,,backtest,demand_forecast_run_20261005T130920538
2025-09-08,S12,P0391,CAT06,10,5,6.09,3.046,6.788,9.85,Low,,backtest,demand_forecast_run_20261005T130920538
2025-09-08,S12,P0392,CAT19,2,3,2.33,1.475,3.434,4.07,Medium,BELOW_REORDER|LOW_DAYS_COVER,backtest,demand_forecast_run_20261005T130920538
2025-09-08,S12,P0408,CAT16,6,4,7,1.35,3.698,13.33,Low,,backtest,demand_forecast_run_20261005T130920538
2025-09-08,S12,P0409,CAT12,9,4,8.4,1.79,4.727,15.09,Low,,backtest,demand_forecast_run_20261005T130920538
2025-09-08,S12,P0433,CAT20,5,2,23.36,0.742,1.815,20.23,Low,,backtest,demand_forecast_run_20261005T130920538
2025-09-08,S12,P0435,CAT14,6,6,4.94,5.254,10.29,3.43,Medium,BELOW_REORDER,backtest,demand_forecast_run_20261005T130920538
2025-09-08,S12,P0445,CAT02,9,3,25.21,1.009,2.082,26.77,Low,,backtest,demand_forecast_run_20261005T130920538
2025-09-08,S12,P0507,CAT02,0,14,0,8.406,17.351,0,High,ZERO_STOCK|DEMAND_EXCEEDS_STOCK|BELOW_REORDER|LOW_DAYS_COVER,backtest,demand_forecast_run_20261005T130920538
2025-09-08,S12,P0563,CAT13,8,6,5.9,2.737,5.823,8.77,Low,,backtest,demand_forecast_run_20261005T130920538
2025-09-08,S12,P0579,CAT12,9,3,15.76,0.969,2.56,27.86,Low,,backtest,demand_forecast_run_20261005T130920538
2025-09-08,S12,P0589,CAT03,11,4,11.84,2.555,4.95,12.92,Low,,backtest,demand_forecast_run_20261005T130920538
2025-09-09,S01,P0003,CAT03,11,6,9.62,3.523,6.259,9.37,Low,,backtest,demand_forecast_run_20261005T130920538
2025-09-09,S01,P0022,CAT05,12,5,11.2,3.084,5.066,11.67,Low,,backtest,demand_forecast_run_20261005T130920538
2025-09-09,S01,P0032,CAT11,21,14,5.07,10.977,19.835,5.74,Low,,backtest,demand_forecast_run_20261005T130920538
2025-09-09,S01,P0053,CAT06,8,3,27.97,1.395,2.644,17.21,Low,,backtest,demand_forecast_run_20261005T130920538
2025-09-09,S01,P0073,CAT13,9,3,14,1.306,2.702,20.67,Low,,backtest,demand_forecast_run_20261005T130920538
2025-09-09,S01,P0170,CAT17,5,4,7,1.826,4.522,8.22,Low,,backtest,demand_forecast_run_20261005T130920538
2025-09-09,S01,P0206,CAT15,17,6,19.84,2.872,6.02,17.76,Low,,backtest,demand_forecast_run_20261005T130920538
2025-09-09,S01,P0213,CAT07,11,5,11.84,2.419,5.285,13.64,Low,,backtest,demand_forecast_run_20261005T130920538
2025-09-09,S01,P0252,CAT18,13,7,7.28,5.951,13.386,6.55,Low,,backtest,demand_forecast_run_20261005T130920538
2025-09-09,S01,P0272,CAT13,9,3,11.45,1.654,3.422,16.32,Low,,backtest,demand_forecast_run_20261005T130920538
2025-09-09,S01,P0288,CAT14,11,4,22,2.533,5.186,13.03,Low,,backtest,demand_forecast_run_20261005T130920538
2025-09-09,S01,P0316,CAT15,10,3,69.93,0.718,1.505,41.78,Low,,backtest,demand_forecast_run_20261005T130920538
2025-09-09,S01,P0369,CAT09,15,8,9.13,5.97,11.854,7.54,Low,,backtest,demand_forecast_run_20261005T130920538
2025-09-09,S01,P0381,CAT13,9,3,14,1.48,3.062,18.24,Low,,backtest,demand_forecast_run_20261005T130920538
2025-09-09,S01,P0391,CAT06,16,5,7.73,6.043,11.459,7.94,Low,,backtest,demand_forecast_run_20261005T130920538
2025-09-09,S01,P0392,CAT19,7,3,16.32,1.716,3.457,12.24,Low,,backtest,demand_forecast_run_20261005T130920538
2025-09-09,S01,P0408,CAT16,10,4,17.51,2.138,5.531,14.03,Low,,backtest,demand_forecast_run_20261005T130920538
2025-09-09,S01,P0409,CAT12,2,4,2.15,1.836,4.053,3.27,Medium,BELOW_REORDER|LOW_DAYS_COVER,backtest,demand_forecast_run_20261005T130920538
2025-09-09,S01,P0433,CAT20,8,3,112.68,0.937,2.395,25.62,Low,,backtest,demand_forecast_run_20261005T130920538
2025-09-09,S01,P0435,CAT14,18,7,13.26,5.333,10.918,10.13,Low,,backtest,demand_forecast_run_20261005T130920538
2025-09-09,S01,P0445,CAT02,6,4,12,2.553,4.57,7.05,Low,,backtest,demand_forecast_run_20261005T130920538
2025-09-09,S01,P0507,CAT02,14,14,4.26,9.549,17.095,4.4,Medium,BELOW_REORDER,backtest,demand_forecast_run_20261005T130920538
2025-09-09,S01,P0563,CAT13,7,6,4.9,2.786,5.764,7.54,Low,,backtest,demand_forecast_run_20261005T130920538
2025-09-09,S01,P0579,CAT12,6,3,7,1.486,3.281,12.11,Low,,backtest,demand_forecast_run_20261005T130920538
2025-09-09,S01,P0589,CAT03,7,4,12.26,2.669,4.742,7.87,Low,,backtest,demand_forecast_run_20261005T130920538
2025-09-09,S02,P0003,CAT03,3,6,2.33,3.805,7.724,2.37,High,DEMAND_EXCEEDS_STOCK|BELOW_REORDER|LOW_DAYS_COVER,backtest,demand_forecast_run_20261005T130920538
2025-09-09,S02,P0022,CAT05,11,6,5.13,3.766,7.031,8.76,Low,,backtest,demand_forecast_run_20261005T130920538
2025-09-09,S02,P0032,CAT11,29,17,5.72,10.362,22.54,8.4,Low,,backtest,demand_forecast_run_20261005T130920538
2025-09-09,S02,P0053,CAT06,9,3,62.94,0.463,0.865,58.29,Low,,backtest,demand_forecast_run_20261005T130920538
2025-09-09,S02,P0073,CAT13,3,3,5.25,1.244,2.644,7.23,Medium,BELOW_REORDER,backtest,demand_forecast_run_20261005T130920538
2025-09-09,S02,P0170,CAT17,5,3,7,1.212,3.333,12.38,Low,,backtest,demand_forecast_run_20261005T130920538
2025-09-09,S02,P0206,CAT15,13,6,8.67,3.207,6.047,12.16,Low,,backtest,demand_forecast_run_20261005T130920538
2025-09-09,S02,P0213,CAT07,14,5,15.07,2.805,6.321,14.97,Low,,backtest,demand_forecast_run_20261005T130920538
2025-09-09,S02,P0252,CAT18,8,7,4.15,4.543,11.752,5.28,Low,,backtest,demand_forecast_run_20261005T130920538
2025-09-09,S02,P0272,CAT13,3,3,3.82,1.244,2.644,7.23,Medium,BELOW_REORDER,backtest,demand_forecast_run_20261005T130920538
2025-09-09,S02,P0288,CAT14,3,4,3.82,2.591,4.881,3.47,Medium,BELOW_REORDER,backtest,demand_forecast_run_20261005T130920538
2025-09-09,S02,P0316,CAT15,5,3,11.66,0.962,1.814,15.59,Low,,backtest,demand_forecast_run_20261005T130920538
2025-09-09,S02,P0369,CAT09,25,8,19.44,4.906,11.62,15.29,Low,,backtest,demand_forecast_run_20261005T130920538
2025-09-09,S02,P0381,CAT13,7,3,8.17,1.627,3.458,12.91,Low,,backtest,demand_forecast_run_20261005T130920538
2025-09-09,S02,P0391,CAT06,13,7,8.67,5.905,11.034,6.6,Low,,backtest,demand_forecast_run_20261005T130920538
2025-09-09,S02,P0392,CAT19,5,3,7,1.015,2.485,14.78,Low,,backtest,demand_forecast_run_20261005T130920538
2025-09-09,S02,P0408,CAT16,10,4,11.67,2.526,6.554,11.88,Low,,backtest,demand_forecast_run_20261005T130920538
2025-09-09,S02,P0409,CAT12,13,5,7.91,3.085,8.119,12.64,Low,,backtest,demand_forecast_run_20261005T130920538
2025-09-09,S02,P0433,CAT20,6,3,41.96,0.408,1.168,44.14,Low,,backtest,demand_forecast_run_20261005T130920538
2025-09-09,S02,P0435,CAT14,9,8,3.23,7.218,13.597,3.74,Low,,backtest,demand_forecast_run_20261005T130920538
2025-09-09,S02,P0445,CAT02,4,4,4,1.795,3.579,6.69,Medium,BELOW_REORDER,backtest,demand_forecast_run_20261005T130920538
2025-09-09,S02,P0507,CAT02,35,15,8.45,10.581,21.099,9.92,Low,,backtest,demand_forecast_run_20261005T130920538
2025-09-09,S02,P0563,CAT13,12,6,6.22,3.828,8.135,9.4,Low,,backtest,demand_forecast_run_20261005T130920538
2025-09-09,S02,P0579,CAT12,9,3,10.5,1.616,4.253,16.7,Low,,backtest,demand_forecast_run_20261005T130920538
2025-09-09,S02,P0589,CAT03,11,4,12.84,1.903,3.862,17.34,Low,,backtest,demand_forecast_run_20261005T130920538
2025-09-09,S03,P0003,CAT03,16,6,20.36,3.343,7.052,14.36,Low,,backtest,demand_forecast_run_20261005T130920538
2025-09-09,S03,P0022,CAT05,10,5,10,2.167,3.926,13.84,Low,,backtest,demand_forecast_run_20261005T130920538
2025-09-09,S03,P0032,CAT11,16,15,4.23,11.273,22.918,4.26,Low,,backtest,demand_forecast_run_20261005T130920538
2025-09-09,S03,P0053,CAT06,6,4,12,2.222,4.492,8.1,Low,,backtest,demand_forecast_run_20261005T130920538
2025-09-09,S03,P0073,CAT13,4,3,56.34,0.378,0.808,31.7,Low,,backtest,demand_forecast_run_20261005T130920538
2025-09-09,S03,P0170,CAT17,3,4,3.5,2.322,4.857,3.88,Medium,BELOW_REORDER,backtest,demand_forecast_run_20261005T130920538
2025-09-09,S03,P0206,CAT15,7,6,7.53,2.99,7.245,7.02,Low,,backtest,demand_forecast_run_20261005T130920538
2025-09-09,S03,P0213,CAT07,11,4,13.99,2.067,4.749,15.97,Low,,backtest,demand_forecast_run_20261005T130920538
2025-09-09,S03,P0252,CAT18,18,8,6.63,4.703,11.421,11.48,Low,,backtest,demand_forecast_run_20261005T130920538
2025-09-09,S03,P0272,CAT13,9,3,25.21,1.388,2.963,19.45,Low,,backtest,demand_forecast_run_20261005T130920538
2025-09-09,S03,P0288,CAT14,6,3,20.98,2.376,4.354,7.58,Low,,backtest,demand_forecast_run_20261005T130920538
2025-09-09,S03,P0316,CAT15,11,4,30.81,1.583,3.835,20.85,Low,,backtest,demand_forecast_run_20261005T130920538
2025-09-09,S03,P0369,CAT09,18,8,11.46,4.84,11.236,11.16,Low,,backtest,demand_forecast_run_20261005T130920538
2025-09-09,S03,P0381,CAT13,6,3,20.98,0.883,1.886,20.38,Low,,backtest,demand_forecast_run_20261005T130920538
2025-09-09,S03,P0391,CAT06,7,6,2.88,4.908,9.92,4.28,Medium,LOW_DAYS_COVER,backtest,demand_forecast_run_20261005T130920538
2025-09-09,S03,P0392,CAT19,7,3,14,0.945,2.228,22.22,Low,,backtest,demand_forecast_run_20261005T130920538
2025-09-09,S03,P0408,CAT16,11,4,51.4,0.964,2.414,34.23,Low,,backtest,demand_forecast_run_20261005T130920538
2025-09-09,S03,P0409,CAT12,5,4,7,2.322,4.958,6.46,Low,,backtest,demand_forecast_run_20261005T130920538
2025-09-09,S03,P0433,CAT20,6,2,,0.347,0.84,51.84,Low,,backtest,demand_forecast_run_20261005T130920538
2025-09-09,S03,P0435,CAT14,17,7,15.87,6.762,12.391,7.54,Low,,backtest,demand_forecast_run_20261005T130920538
2025-09-09,S03,P0445,CAT02,8,3,37.38,1.082,2.242,22.19,Low,,backtest,demand_forecast_run_20261005T130920538
2025-09-09,S03,P0507,CAT02,39,14,8.67,10.522,21.807,11.12,Low,,backtest,demand_forecast_run_20261005T130920538
2025-09-09,S03,P0563,CAT13,17,6,18.3,4.037,8.62,12.63,Low,,backtest,demand_forecast_run_20261005T130920538
2025-09-09,S03,P0579,CAT12,5,3,8.76,1.277,2.727,11.74,Low,,backtest,demand_forecast_run_20261005T130920538
2025-09-09,S03,P0589,CAT03,10,5,8.24,3.455,7.287,8.68,Low,,backtest,demand_forecast_run_20261005T130920538
2025-09-09,S04,P0003,CAT03,6,5,7.63,2.901,5.794,6.2,Low,,backtest,demand_forecast_run_20261005T130920538
2025-09-09,S04,P0022,CAT05,15,5,17.5,1.789,3.463,25.15,Low,,backtest,demand_forecast_run_20261005T130920538
2025-09-09,S04,P0032,CAT11,27,12,7.56,8.644,17.207,9.37,Low,,backtest,demand_forecast_run_20261005T130920538
2025-09-09,S04,P0053,CAT06,8,3,37.38,1.006,2.42,23.86,Low,,backtest,demand_forecast_run_20261005T130920538
2025-09-09,S04,P0073,CAT13,3,2,6.99,0.818,1.882,11.01,Low,,backtest,demand_forecast_run_20261005T130920538
2025-09-09,S04,P0170,CAT17,7,3,12.26,2.089,5.753,10.05,Low,,backtest,demand_forecast_run_20261005T130920538
2025-09-09,S04,P0206,CAT15,4,5,2.43,2.675,6.921,4.49,Medium,BELOW_REORDER|LOW_DAYS_COVER,backtest,demand_forecast_run_20261005T130920538
2025-09-09,S04,P0213,CAT07,10,4,69.93,1.005,2.427,29.85,Low,,backtest,demand_forecast_run_20261005T130920538
2025-09-09,S04,P0252,CAT18,10,6,12.72,2.346,5.971,12.79,Low,,backtest,demand_forecast_run_20261005T130920538
2025-09-09,S04,P0272,CAT13,4,3,5.6,1.635,3.765,7.34,Low,,backtest,demand_forecast_run_20261005T130920538
2025-09-09,S04,P0288,CAT14,5,4,7,1.856,3.538,8.08,Low,,backtest,demand_forecast_run_20261005T130920538
2025-09-09,S04,P0316,CAT15,6,3,13.99,0.506,1.309,35.57,Low,,backtest,demand_forecast_run_20261005T130920538
2025-09-09,S04,P0369,CAT09,3,6,1.75,3.794,9.828,2.37,High,DEMAND_EXCEEDS_STOCK|BELOW_REORDER|LOW_DAYS_COVER,backtest,demand_forecast_run_20261005T130920538
2025-09-09,S04,P0381,CAT13,7,3,12.26,1.43,3.294,14.68,Low,,backtest,demand_forecast_run_20261005T130920538
2025-09-09,S04,P0391,CAT06,8,5,5.33,2.802,6.742,8.56,Low,,backtest,demand_forecast_run_20261005T130920538
2025-09-09,S04,P0392,CAT19,9,3,31.47,0.648,1.556,41.7,Low,,backtest,demand_forecast_run_20261005T130920538
2025-09-09,S04,P0408,CAT16,8,3,22.41,1.61,4.188,14.91,Low,,backtest,demand_forecast_run_20261005T130920538
2025-09-09,S04,P0409,CAT12,12,4,15.27,1.441,3.987,24.98,Low,,backtest,demand_forecast_run_20261005T130920538
2025-09-09,S04,P0433,CAT20,5,2,70.42,0.297,0.884,50.57,Low,,backtest,demand_forecast_run_20261005T130920538
2025-09-09,S04,P0435,CAT14,14,6,7.54,6.005,11.447,6.99,Low,,backtest,demand_forecast_run_20261005T130920538
2025-09-09,S04,P0445,CAT02,9,3,15.76,0.964,2.397,28.01,Low,,backtest,demand_forecast_run_20261005T130920538
2025-09-09,S04,P0507,CAT02,26,11,10.4,7.098,17.648,10.99,Low,,backtest,demand_forecast_run_20261005T130920538
2025-09-09,S04,P0563,CAT13,2,5,4.66,1.737,4,3.45,Medium,BELOW_REORDER,backtest,demand_forecast_run_20261005T130920538
2025-09-09,S04,P0579,CAT12,4,3,9.32,0.686,1.898,17.49,Low,,backtest,demand_forecast_run_20261005T130920538
2025-09-09,S04,P0589,CAT03,6,4,10.51,2.009,4.011,8.96,Low,,backtest,demand_forecast_run_20261005T130920538
2025-09-09,S05,P0003,CAT03,10,4,17.51,3.009,5.107,9.97,Low,,backtest,demand_forecast_run_20261005T130920538
2025-09-09,S05,P0022,CAT05,14,4,16.34,3.744,6.645,11.22,Low,,backtest,demand_forecast_run_20261005T130920538
2025-09-09,S05,P0032,CAT11,15,11,6.56,10.067,16.788,4.47,Low,,backtest,demand_forecast_run_20261005T130920538
2025-09-09,S05,P0053,CAT06,0,3,0,0.946,2.494,0,High,ZERO_STOCK|DEMAND_EXCEEDS_STOCK|BELOW_REORDER|LOW_DAYS_COVER,backtest,demand_forecast_run_20261005T130920538
2025-09-09,S05,P0073,CAT13,2,2,13.99,0.603,1.223,9.94,Medium,BELOW_REORDER,backtest,demand_forecast_run_20261005T130920538
2025-09-09,S05,P0170,CAT17,5,3,8.76,1.384,3.328,10.84,Low,,backtest,demand_forecast_run_20261005T130920538
2025-09-09,S05,P0206,CAT15,11,4,13.99,1.883,4.895,17.53,Low,,backtest,demand_forecast_run_20261005T130920538
2025-09-09,S05,P0213,CAT07,14,4,14,1.778,4.159,23.62,Low,,backtest,demand_forecast_run_20261005T130920538
2025-09-09,S05,P0252,CAT18,16,5,11.2,4.348,9.088,11.04,Low,,backtest,demand_forecast_run_20261005T130920538
2025-09-09,S05,P0272,CAT13,4,3,8,1.552,3.144,7.73,Low,,backtest,demand_forecast_run_20261005T130920538
2025-09-09,S05,P0288,CAT14,7,3,8.17,2.441,4.683,8.6,Low,,backtest,demand_forecast_run_20261005T130920538
2025-09-09,S05,P0316,CAT15,9,3,20.98,1.205,3.133,22.4,Low,,backtest,demand_forecast_run_20261005T130920538
2025-09-09,S05,P0369,CAT09,2,6,1.33,3.286,8.773,1.83,High,DEMAND_EXCEEDS_STOCK|BELOW_REORDER|LOW_DAYS_COVER,backtest,demand_forecast_run_20261005T130920538
2025-09-09,S05,P0381,CAT13,10,3,20,0.603,1.223,49.71,Low,,backtest,demand_forecast_run_20261005T130920538
2025-09-09,S05,P0391,CAT06,8,5,5.9,2.366,6.234,10.14,Low,,backtest,demand_forecast_run_20261005T130920538
2025-09-09,S05,P0392,CAT19,3,2,42.25,0.439,0.899,20.49,Low,,backtest,demand_forecast_run_20261005T130920538
2025-09-09,S05,P0408,CAT16,8,3,55.94,0.538,1.738,44.64,Low,,backtest,demand_forecast_run_20261005T130920538
2025-09-09,S05,P0409,CAT12,10,3,9.34,2.04,5.253,14.71,Low,,backtest,demand_forecast_run_20261005T130920538
2025-09-09,S05,P0433,CAT20,6,2,,0.401,0.997,44.93,Low,,backtest,demand_forecast_run_20261005T130920538
2025-09-09,S05,P0435,CAT14,9,6,6.63,4.625,8.873,5.84,Low,,backtest,demand_forecast_run_20261005T130920538
2025-09-09,S05,P0445,CAT02,9,3,126.76,1.478,2.818,18.27,Low,,backtest,demand_forecast_run_20261005T130920538
2025-09-09,S05,P0507,CAT02,22,9,10.27,8.022,15.3,8.23,Low,,backtest,demand_forecast_run_20261005T130920538
2025-09-09,S05,P0563,CAT13,10,5,6.09,2.845,5.764,10.55,Low,,backtest,demand_forecast_run_20261005T130920538
2025-09-09,S05,P0579,CAT12,7,3,24.48,0.583,1.501,36.03,Low,,backtest,demand_forecast_run_20261005T130920538
2025-09-09,S05,P0589,CAT03,9,4,9.69,3.511,5.958,7.69,Low,,backtest,demand_forecast_run_20261005T130920538
2025-09-09,S06,P0003,CAT03,14,6,9.33,2.787,4.905,15.07,Low,,backtest,demand_forecast_run_20261005T130920538
2025-09-09,S06,P0022,CAT05,10,6,8.24,2.189,3.738,13.7,Low,,backtest,demand_forecast_run_20261005T130920538
2025-09-09,S06,P0032,CAT11,41,18,7.18,14.174,24.505,8.68,Low,,backtest,demand_forecast_run_20261005T130920538
2025-09-09,S06,P0053,CAT06,8,4,5.9,1.808,4.216,13.27,Low,,backtest,demand_forecast_run_20261005T130920538
2025-09-09,S06,P0073,CAT13,6,4,8.4,2.292,4.484,7.85,Low,,backtest,demand_forecast_run_20261005T130920538
2025-09-09,S06,P0170,CAT17,8,4,8.61,1.846,3.692,13,Low,,backtest,demand_forecast_run_20261005T130920538
2025-09-09,S06,P0206,CAT15,21,7,10.5,4.61,8.437,13.67,Low,,backtest,demand_forecast_run_20261005T130920538
2025-09-09,S06,P0213,CAT07,10,6,6.67,4.1,8.26,7.32,Low,,backtest,demand_forecast_run_20261005T130920538
2025-09-09,S06,P0252,CAT18,22,8,11.4,5.587,12.914,11.81,Low,,backtest,demand_forecast_run_20261005T130920538
2025-09-09,S06,P0272,CAT13,10,4,23.31,1.322,2.587,22.68,Low,,backtest,demand_forecast_run_20261005T130920538
2025-09-09,S06,P0288,CAT14,9,4,25.21,2.361,3.912,11.43,Low,,backtest,demand_forecast_run_20261005T130920538
2025-09-09,S06,P0316,CAT15,11,4,25.64,1.592,2.915,20.72,Low,,backtest,demand_forecast_run_20261005T130920538
2025-09-09,S06,P0369,CAT09,22,10,10.27,6.58,14.041,10.03,Low,,backtest,demand_forecast_run_20261005T130920538
2025-09-09,S06,P0381,CAT13,12,4,14,1.675,3.277,21.49,Low,,backtest,demand_forecast_run_20261005T130920538
2025-09-09,S06,P0391,CAT06,15,7,5.68,3.055,7.123,14.73,Low,,backtest,demand_forecast_run_20261005T130920538
2025-09-09,S06,P0392,CAT19,2,3,3.11,1.578,2.966,3.8,Medium,BELOW_REORDER,backtest,demand_forecast_run_20261005T130920538
2025-09-09,S06,P0408,CAT16,7,5,8.17,2.062,5.534,10.18,Low,,backtest,demand_forecast_run_20261005T130920538
2025-09-09,S06,P0409,CAT12,10,5,8.24,2.353,5.286,12.75,Low,,backtest,demand_forecast_run_20261005T130920538
2025-09-09,S06,P0433,CAT20,5,3,23.36,1.079,2.49,13.9,Low,,backtest,demand_forecast_run_20261005T130920538
2025-09-09,S06,P0435,CAT14,10,9,4.37,7.943,13.159,3.78,Low,,backtest,demand_forecast_run_20261005T130920538
2025-09-09,S06,P0445,CAT02,9,4,9.69,2.718,5.107,9.93,Low,,backtest,demand_forecast_run_20261005T130920538
2025-09-09,S06,P0507,CAT02,39,17,11.62,12.021,22.589,9.73,Low,,backtest,demand_forecast_run_20261005T130920538
2025-09-09,S06,P0563,CAT13,15,6,23.33,2.557,5.001,17.6,Low,,backtest,demand_forecast_run_20261005T130920538
2025-09-09,S06,P0579,CAT12,8,4,8,2.262,5.083,10.61,Low,,backtest,demand_forecast_run_20261005T130920538
2025-09-09,S06,P0589,CAT03,18,6,15.75,2.877,5.063,18.77,Low,,backtest,demand_forecast_run_20261005T130920538
2025-09-09,S07,P0003,CAT03,9,5,9.69,2.702,5.014,9.99,Low,,backtest,demand_forecast_run_20261005T130920538
2025-09-09,S07,P0022,CAT05,14,4,14,3.096,5.77,13.57,Low,,backtest,demand_forecast_run_20261005T130920538
2025-09-09,S07,P0032,CAT11,29,12,7.38,10.841,20.645,8.02,Low,,backtest,demand_forecast_run_20261005T130920538
2025-09-09,S07,P0053,CAT06,5,3,8.76,1.041,2.511,14.41,Low,,backtest,demand_forecast_run_20261005T130920538
2025-09-09,S07,P0073,CAT13,8,3,112.68,0.37,0.819,64.83,Low,,backtest,demand_forecast_run_20261005T130920538
2025-09-09,S07,P0170,CAT17,3,3,14.02,1.053,2.839,8.55,Medium,BELOW_REORDER,backtest,demand_forecast_run_20261005T130920538
2025-09-09,S07,P0206,CAT15,10,5,9.34,2.084,5.256,14.4,Low,,backtest,demand_forecast_run_20261005T130920538
2025-09-09,S07,P0213,CAT07,6,4,5.25,2.127,4.847,8.46,Low,,backtest,demand_forecast_run_20261005T130920538
2025-09-09,S07,P0252,CAT18,13,5,6.5,2.89,8.747,13.49,Low,,backtest,demand_forecast_run_20261005T130920538
2025-09-09,S07,P0272,CAT13,6,3,16.81,0.648,1.434,27.78,Low,,backtest,demand_forecast_run_20261005T130920538
2025-09-09,S07,P0288,CAT14,9,3,10.5,2.296,4.68,11.76,Low,,backtest,demand_forecast_run_20261005T130920538
2025-09-09,S07,P0316,CAT15,6,3,20.98,0.5,1.261,35.99,Low,,backtest,demand_forecast_run_20261005T130920538
2025-09-09,S07,P0369,CAT09,20,7,16.47,4.609,9.314,13.02,Low,,backtest,demand_forecast_run_20261005T130920538
2025-09-09,S07,P0381,CAT13,8,3,37.38,0.74,1.639,32.41,Low,,backtest,demand_forecast_run_20261005T130920538
2025-09-09,S07,P0391,CAT06,8,5,4,2.899,6.996,8.28,Low,,backtest,demand_forecast_run_20261005T130920538
2025-09-09,S07,P0392,CAT19,1,3,1.08,1.966,5.309,1.53,High,DEMAND_EXCEEDS_STOCK|BELOW_REORDER|LOW_DAYS_COVER,backtest,demand_forecast_run_20261005T130920538
2025-09-09,S07,P0408,CAT16,8,3,11.2,1.23,4.377,19.52,Low,,backtest,demand_forecast_run_20261005T130920538
2025-09-09,S07,P0409,CAT12,5,4,4.37,1.986,5.363,7.55,Low,,backtest,demand_forecast_run_20261005T130920538
2025-09-09,S07,P0433,CAT20,6,2,84.51,0.252,0.763,71.57,Low,,backtest,demand_forecast_run_20261005T130920538
2025-09-09,S07,P0435,CAT14,11,7,6.16,4.591,9.359,7.19,Low,,backtest,demand_forecast_run_20261005T130920538
2025-09-09,S07,P0445,CAT02,5,3,10,1.084,2.19,13.84,Low,,backtest,demand_forecast_run_20261005T130920538
2025-09-09,S07,P0507,CAT02,23,11,6.85,7.192,14.531,9.59,Low,,backtest,demand_forecast_run_20261005T130920538
2025-09-09,S07,P0563,CAT13,6,5,4,2.314,5.121,7.78,Low,,backtest,demand_forecast_run_20261005T130920538
2025-09-09,S07,P0579,CAT12,4,3,4.31,1.208,3.264,9.93,Low,,backtest,demand_forecast_run_20261005T130920538
2025-09-09,S07,P0589,CAT03,7,4,8.17,2.179,4.043,9.64,Low,,backtest,demand_forecast_run_20261005T130920538
2025-09-09,S08,P0003,CAT03,20,7,12.17,3.693,5.766,16.25,Low,,backtest,demand_forecast_run_20261005T130920538
2025-09-09,S08,P0022,CAT05,14,6,11.53,3.938,6.86,10.67,Low,,backtest,demand_forecast_run_20261005T130920538
2025-09-09,S08,P0032,CAT11,20,18,5.09,12.72,22.985,4.72,Low,,backtest,demand_forecast_run_20261005T130920538
2025-09-09,S08,P0053,CAT06,8,3,18.65,1.305,2.68,18.4,Low,,backtest,demand_forecast_run_20261005T130920538
2025-09-09,S08,P0073,CAT13,9,3,42.06,0.93,1.844,29.05,Low,,backtest,demand_forecast_run_20261005T130920538
2025-09-09,S08,P0170,CAT17,5,4,7,1.649,3.668,9.1,Low,,backtest,demand_forecast_run_20261005T130920538
2025-09-09,S08,P0206,CAT15,14,7,12.25,4.25,8.604,9.88,Low,,backtest,demand_forecast_run_20261005T130920538
2025-09-09,S08,P0213,CAT07,8,6,6.22,2.014,4.439,11.92,Low,,backtest,demand_forecast_run_20261005T130920538
2025-09-09,S08,P0252,CAT18,28,9,10.05,6.419,15.095,13.09,Low,,backtest,demand_forecast_run_20261005T130920538
2025-09-09,S08,P0272,CAT13,9,4,10.5,1.549,3.074,17.43,Low,,backtest,demand_forecast_run_20261005T130920538
2025-09-09,S08,P0288,CAT14,6,4,8.4,3.193,5.792,5.64,Low,,backtest,demand_forecast_run_20261005T130920538
2025-09-09,S08,P0316,CAT15,5,4,10,0.962,1.948,15.59,Low,,backtest,demand_forecast_run_20261005T130920538
2025-09-09,S08,P0369,CAT09,27,10,9,5.156,10.303,15.71,Low,,backtest,demand_forecast_run_20261005T130920538
2025-09-09,S08,P0381,CAT13,9,4,15.76,1.704,3.381,15.84,Low,,backtest,demand_forecast_run_20261005T130920538
2025-09-09,S08,P0391,CAT06,11,6,4.81,4.059,8.34,8.13,Low,,backtest,demand_forecast_run_20261005T130920538
2025-09-09,S08,P0392,CAT19,11,4,8.11,1.852,4.029,17.82,Low,,backtest,demand_forecast_run_20261005T130920538
2025-09-09,S08,P0408,CAT16,10,4,7.37,1.655,5.185,18.12,Low,,backtest,demand_forecast_run_20261005T130920538
2025-09-09,S08,P0409,CAT12,5,5,3.68,2.638,6.026,5.69,Medium,BELOW_REORDER,backtest,demand_forecast_run_20261005T130920538
2025-09-09,S08,P0433,CAT20,3,2,14.02,1.066,2.664,8.44,Low,,backtest,demand_forecast_run_20261005T130920538
2025-09-09,S08,P0435,CAT14,5,9,1.79,8.554,15.515,1.75,High,DEMAND_EXCEEDS_STOCK|BELOW_REORDER|LOW_DAYS_COVER,backtest,demand_forecast_run_20261005T130920538
2025-09-09,S08,P0445,CAT02,5,4,5.83,1.9,3.633,7.9,Low,,backtest,demand_forecast_run_20261005T130920538
2025-09-09,S08,P0507,CAT02,27,18,5.73,11.054,21.138,7.33,Low,,backtest,demand_forecast_run_20261005T130920538
2025-09-09,S08,P0563,CAT13,19,8,5.54,5.267,10.451,10.82,Low,,backtest,demand_forecast_run_20261005T130920538
2025-09-09,S08,P0579,CAT12,6,3,12,1.075,2.455,16.75,Low,,backtest,demand_forecast_run_20261005T130920538
2025-09-09,S08,P0589,CAT03,15,5,12.36,2.81,4.387,16.01,Low,,backtest,demand_forecast_run_20261005T130920538
2025-09-09,S09,P0003,CAT03,17,5,14,2.867,5.514,17.79,Low,,backtest,demand_forecast_run_20261005T130920538
2025-09-09,S09,P0022,CAT05,6,6,4.94,3.034,5.165,5.93,Medium,BELOW_REORDER,backtest,demand_forecast_run_20261005T130920538
2025-09-09,S09,P0032,CAT11,29,17,6.44,11.078,22.186,7.85,Low,,backtest,demand_forecast_run_20261005T130920538
2025-09-09,S09,P0053,CAT06,7,3,16.32,1.833,3.992,11.46,Low,,backtest,demand_forecast_run_20261005T130920538
2025-09-09,S09,P0073,CAT13,5,3,23.36,0.854,1.771,17.57,Low,,backtest,demand_forecast_run_20261005T130920538
2025-09-09,S09,P0170,CAT17,3,4,2.62,1.789,4.234,5.03,Medium,BELOW_REORDER|LOW_DAYS_COVER,backtest,demand_forecast_run_20261005T130920538
2025-09-09,S09,P0206,CAT15,7,6,4.08,3.177,6.92,6.61,Low,,backtest,demand_forecast_run_20261005T130920538
2025-09-09,S09,P0213,CAT07,9,5,5.73,3.99,8.32,6.77,Low,,backtest,demand_forecast_run_20261005T130920538
2025-09-09,S09,P0252,CAT18,18,7,8.13,4.493,9.627,12.02,Low,,backtest,demand_forecast_run_20261005T130920538
2025-09-09,S09,P0272,CAT13,3,3,6.99,0.683,1.417,13.18,Medium,BELOW_REORDER,backtest,demand_forecast_run_20261005T130920538
2025-09-09,S09,P0288,CAT14,8,4,7.47,2.246,3.675,10.69,Low,,backtest,demand_forecast_run_20261005T130920538
2025-09-09,S09,P0316,CAT15,12,4,27.97,0.917,1.996,39.28,Low,,backtest,demand_forecast_run_20261005T130920538
2025-09-09,S09,P0369,CAT09,20,8,9.03,4.348,10.56,13.8,Low,,backtest,demand_forecast_run_20261005T130920538
2025-09-09,S09,P0381,CAT13,7,3,14,0.768,1.594,27.33,Low,,backtest,demand_forecast_run_20261005T130920538
2025-09-09,S09,P0391,CAT06,18,7,9,3.595,7.83,15.02,Low,,backtest,demand_forecast_run_20261005T130920538
2025-09-09,S09,P0392,CAT19,0,3,0,0.869,1.847,0,High,ZERO_STOCK|DEMAND_EXCEEDS_STOCK|BELOW_REORDER|LOW_DAYS_COVER,backtest,demand_forecast_run_20261005T130920538
2025-09-09,S09,P0408,CAT16,8,4,11.2,2.965,6.473,8.1,Low,,backtest,demand_forecast_run_20261005T130920538
2025-09-09,S09,P0409,CAT12,11,5,11.84,2.014,5.08,16.39,Low,,backtest,demand_forecast_run_20261005T130920538
2025-09-09,S09,P0433,CAT20,7,2,48.95,0.537,1.137,39.14,Low,,backtest,demand_forecast_run_20261005T130920538
2025-09-09,S09,P0435,CAT14,15,9,5.25,7.914,12.95,5.69,Low,,backtest,demand_forecast_run_20261005T130920538
2025-09-09,S09,P0445,CAT02,15,4,26.27,1.537,3.206,29.27,Low,,backtest,demand_forecast_run_20261005T130920538
2025-09-09,S09,P0507,CAT02,49,16,10.89,9.548,19.914,15.4,Low,,backtest,demand_forecast_run_20261005T130920538
2025-09-09,S09,P0563,CAT13,20,6,16.47,3.244,6.729,18.5,Low,,backtest,demand_forecast_run_20261005T130920538
2025-09-09,S09,P0579,CAT12,4,3,5.6,1.527,3.854,7.86,Low,,backtest,demand_forecast_run_20261005T130920538
2025-09-09,S09,P0589,CAT03,13,5,7.28,4.3,8.27,9.07,Low,,backtest,demand_forecast_run_20261005T130920538
2025-09-09,S10,P0003,CAT03,4,5,5.09,3.56,6.589,3.37,Medium,BELOW_REORDER,backtest,demand_forecast_run_20261005T130920538
2025-09-09,S10,P0022,CAT05,12,5,12,2.241,3.744,16.06,Low,,backtest,demand_forecast_run_20261005T130920538
2025-09-09,S10,P0032,CAT11,28,14,6.13,9.714,19.062,8.65,Low,,backtest,demand_forecast_run_20261005T130920538
2025-09-09,S10,P0053,CAT06,8,3,16,0.511,1.154,46.99,Low,,backtest,demand_forecast_run_20261005T130920538
2025-09-09,S10,P0073,CAT13,4,3,27.97,0.864,1.952,13.89,Low,,backtest,demand_forecast_run_20261005T130920538
2025-09-09,S10,P0170,CAT17,8,3,12.44,1.431,4.026,16.77,Low,,backtest,demand_forecast_run_20261005T130920538
2025-09-09,S10,P0206,CAT15,7,5,7,2.237,5.629,9.39,Low,,backtest,demand_forecast_run_20261005T130920538
2025-09-09,S10,P0213,CAT07,3,4,3,2.874,6.822,3.13,Medium,BELOW_REORDER,backtest,demand_forecast_run_20261005T130920538
2025-09-09,S10,P0252,CAT18,19,7,9.17,3.401,9.001,16.76,Low,,backtest,demand_forecast_run_20261005T130920538
2025-09-09,S10,P0272,CAT13,8,3,112.68,0.576,1.301,41.67,Low,,backtest,demand_forecast_run_20261005T130920538
2025-09-09,S10,P0288,CAT14,8,4,14.01,1.738,3.337,13.81,Low,,backtest,demand_forecast_run_20261005T130920538
2025-09-09,S10,P0316,CAT15,8,4,37.38,0.895,2.252,26.82,Low,,backtest,demand_forecast_run_20261005T130920538
2025-09-09,S10,P0369,CAT09,11,7,6.7,4.133,10.327,7.98,Low,,backtest,demand_forecast_run_20261005T130920538
2025-09-09,S10,P0381,CAT13,7,3,10.89,1.536,3.47,13.67,Low,,backtest,demand_forecast_run_20261005T130920538
2025-09-09,S10,P0391,CAT06,12,5,9.33,3,6.781,12,Low,,backtest,demand_forecast_run_20261005T130920538
2025-09-09,S10,P0392,CAT19,3,3,8.4,1.111,2.612,8.1,Medium,BELOW_REORDER,backtest,demand_forecast_run_20261005T130920538
2025-09-09,S10,P0408,CAT16,5,4,8.76,1.206,3.488,12.43,Low,,backtest,demand_forecast_run_20261005T130920538
2025-09-09,S10,P0409,CAT12,14,5,15.07,2.196,5.355,19.13,Low,,backtest,demand_forecast_run_20261005T130920538
2025-09-09,S10,P0433,CAT20,5,2,70.42,0.553,1.52,27.12,Low,,backtest,demand_forecast_run_20261005T130920538
2025-09-09,S10,P0435,CAT14,12,7,6.22,5.756,11.053,6.25,Low,,backtest,demand_forecast_run_20261005T130920538
2025-09-09,S10,P0445,CAT02,4,3,4.67,1.279,2.368,9.38,Low,,backtest,demand_forecast_run_20261005T130920538
2025-09-09,S10,P0507,CAT02,9,13,3.15,9.226,17.08,2.93,High,DEMAND_EXCEEDS_STOCK|BELOW_REORDER,backtest,demand_forecast_run_20261005T130920538
2025-09-09,S10,P0563,CAT13,10,6,7.37,3.744,8.458,8.01,Low,,backtest,demand_forecast_run_20261005T130920538
2025-09-09,S10,P0579,CAT12,7,3,19.61,1.15,2.805,18.26,Low,,backtest,demand_forecast_run_20261005T130920538
2025-09-09,S10,P0589,CAT03,6,4,7,2.611,4.832,6.89,Low,,backtest,demand_forecast_run_20261005T130920538
2025-09-09,S11,P0003,CAT03,10,6,10,4.063,6.628,7.38,Low,,backtest,demand_forecast_run_20261005T130920538
2025-09-09,S11,P0022,CAT05,7,6,4.9,4.558,6.807,4.61,Low,,backtest,demand_forecast_run_20261005T130920538
2025-09-09,S11,P0032,CAT11,27,20,5.4,14.49,24.009,5.59,Low,,backtest,demand_forecast_run_20261005T130920538
2025-09-09,S11,P0053,CAT06,8,4,9.33,1.662,3.317,14.44,Low,,backtest,demand_forecast_run_20261005T130920538
2025-09-09,S11,P0073,CAT13,7,3,14,1.089,1.94,19.29,Low,,backtest,demand_forecast_run_20261005T130920538
2025-09-09,S11,P0170,CAT17,9,4,20.98,2.29,4.448,11.79,Low,,backtest,demand_forecast_run_20261005T130920538
2025-09-09,S11,P0206,CAT15,3,7,3.5,3.23,5.87,2.79,High,DEMAND_EXCEEDS_STOCK|BELOW_REORDER,backtest,demand_forecast_run_20261005T130920538
2025-09-09,S11,P0213,CAT07,7,6,3.63,3.827,7.372,5.49,Low,,backtest,demand_forecast_run_20261005T130920538
2025-09-09,S11,P0252,CAT18,22,9,8.32,6.928,15.322,9.53,Low,,backtest,demand_forecast_run_20261005T130920538
2025-09-09,S11,P0272,CAT13,9,4,15.76,1.34,2.388,20.15,Low,,backtest,demand_forecast_run_20261005T130920538
2025-09-09,S11,P0288,CAT14,9,5,8.4,3.397,5.008,7.95,Low,,backtest,demand_forecast_run_20261005T130920538
2025-09-09,S11,P0316,CAT15,11,4,9.62,2.602,4.729,12.68,Low,,backtest,demand_forecast_run_20261005T130920538
2025-09-09,S11,P0369,CAT09,26,9,11.37,6.417,13.54,12.15,Low,,backtest,demand_forecast_run_20261005T130920538
2025-09-09,S11,P0381,CAT13,3,4,2.47,2.68,4.775,3.36,Medium,BELOW_REORDER|LOW_DAYS_COVER,backtest,demand_forecast_run_20261005T130920538
2025-09-09,S11,P0391,CAT06,0,7,0,3.74,7.463,0,High,ZERO_STOCK|DEMAND_EXCEEDS_STOCK|BELOW_REORDER|LOW_DAYS_COVER,backtest,demand_forecast_run_20261005T130920538
2025-09-09,S11,P0392,CAT19,9,3,9.69,1.673,3.137,16.14,Low,,backtest,demand_forecast_run_20261005T130920538
2025-09-09,S11,P0408,CAT16,3,5,2,2.505,6.226,3.59,Medium,BELOW_REORDER|LOW_DAYS_COVER,backtest,demand_forecast_run_20261005T130920538
2025-09-09,S11,P0409,CAT12,12,5,16.81,2.768,5.389,13.01,Low,,backtest,demand_forecast_run_20261005T130920538
2025-09-09,S11,P0433,CAT20,11,3,76.92,0.462,0.86,71.51,Low,,backtest,demand_forecast_run_20261005T130920538
2025-09-09,S11,P0435,CAT14,13,9,4.33,8.916,13.146,4.37,Low,,backtest,demand_forecast_run_20261005T130920538
2025-09-09,S11,P0445,CAT02,5,5,5.38,2.366,4.472,6.34,Medium,BELOW_REORDER,backtest,demand_forecast_run_20261005T130920538
2025-09-09,S11,P0507,CAT02,5,18,0.97,11.259,21.282,1.33,High,DEMAND_EXCEEDS_STOCK|BELOW_REORDER|LOW_DAYS_COVER,backtest,demand_forecast_run_20261005T130920538
2025-09-09,S11,P0563,CAT13,21,7,7.35,4.858,8.655,12.97,Low,,backtest,demand_forecast_run_20261005T130920538
2025-09-09,S11,P0579,CAT12,3,3,5.25,1.772,3.449,5.08,Medium,BELOW_REORDER,backtest,demand_forecast_run_20261005T130920538
2025-09-09,S11,P0589,CAT03,13,5,8.67,3.585,5.848,10.88,Low,,backtest,demand_forecast_run_20261005T130920538
2025-09-09,S12,P0003,CAT03,6,6,4.94,2.952,5.931,6.1,Medium,BELOW_REORDER,backtest,demand_forecast_run_20261005T130920538
2025-09-09,S12,P0022,CAT05,8,5,7.47,2.805,5.432,8.56,Low,,backtest,demand_forecast_run_20261005T130920538
2025-09-09,S12,P0032,CAT11,16,15,3.73,10.223,19.905,4.7,Low,,backtest,demand_forecast_run_20261005T130920538
2025-09-09,S12,P0053,CAT06,2,3,1.56,1.73,4.329,3.47,Medium,BELOW_REORDER|LOW_DAYS_COVER,backtest,demand_forecast_run_20261005T130920538
2025-09-09,S12,P0073,CAT13,9,3,20.98,0.601,1.334,44.93,Low,,backtest,demand_forecast_run_20261005T130920538
2025-09-09,S12,P0170,CAT17,6,3,6.46,1.326,3.895,13.57,Low,,backtest,demand_forecast_run_20261005T130920538
2025-09-09,S12,P0206,CAT15,20,6,11.67,2.475,5.939,24.25,Low,,backtest,demand_forecast_run_20261005T130920538
2025-09-09,S12,P0213,CAT07,9,5,7.41,2.202,5.551,12.26,Low,,backtest,demand_forecast_run_20261005T130920538
2025-09-09,S12,P0252,CAT18,20,7,9.66,4.075,11.935,14.72,Low,,backtest,demand_forecast_run_20261005T130920538
2025-09-09,S12,P0272,CAT13,4,3,5.09,1.803,4.004,6.66,Low,,backtest,demand_forecast_run_20261005T130920538
2025-09-09,S12,P0288,CAT14,11,4,19.26,1.499,2.991,22.02,Low,,backtest,demand_forecast_run_20261005T130920538
2025-09-09,S12,P0316,CAT15,10,3,10,1.538,3.692,19.5,Low,,backtest,demand_forecast_run_20261005T130920538
2025-09-09,S12,P0369,CAT09,25,8,16.67,4.524,11.189,16.58,Low,,backtest,demand_forecast_run_20261005T130920538
2025-09-09,S12,P0381,CAT13,8,3,12.44,1.202,2.669,19.97,Low,,backtest,demand_forecast_run_20261005T130920538
2025-09-09,S12,P0391,CAT06,10,5,6.37,2.482,6.21,12.09,Low,,backtest,demand_forecast_run_20261005T130920538
2025-09-09,S12,P0392,CAT19,10,3,11.67,1.236,3.118,24.28,Low,,backtest,demand_forecast_run_20261005T130920538
2025-09-09,S12,P0408,CAT16,6,4,7,1.22,3.605,14.76,Low,,backtest,demand_forecast_run_20261005T130920538
2025-09-09,S12,P0409,CAT12,4,4,2.95,1.785,4.95,6.72,Medium,BELOW_REORDER|LOW_DAYS_COVER,backtest,demand_forecast_run_20261005T130920538
2025-09-09,S12,P0433,CAT20,4,2,13.99,0.766,2.038,15.67,Low,,backtest,demand_forecast_run_20261005T130920538
2025-09-09,S12,P0435,CAT14,14,6,9.33,5.859,11.692,7.17,Low,,backtest,demand_forecast_run_20261005T130920538
2025-09-09,S12,P0445,CAT02,9,3,31.47,0.888,1.83,30.4,Low,,backtest,demand_forecast_run_20261005T130920538
2025-09-09,S12,P0507,CAT02,41,14,14.35,8.398,17.298,14.65,Low,,backtest,demand_forecast_run_20261005T130920538
2025-09-09,S12,P0563,CAT13,4,6,2.8,2.833,6.291,4.24,Medium,BELOW_REORDER|LOW_DAYS_COVER,backtest,demand_forecast_run_20261005T130920538
2025-09-09,S12,P0579,CAT12,9,3,15.76,0.829,2.298,32.58,Low,,backtest,demand_forecast_run_20261005T130920538
2025-09-09,S12,P0589,CAT03,9,4,9,2.476,4.974,10.9,Low,,backtest,demand_forecast_run_20261005T130920538
2025-09-10,S01,P0003,CAT03,9,6,7,3.597,6.456,7.51,Low,,backtest,demand_forecast_run_20261005T130920538
2025-09-10,S01,P0022,CAT05,11,5,9.62,3.338,5.611,9.89,Low,,backtest,demand_forecast_run_20261005T130920538
2025-09-10,S01,P0032,CAT11,19,14,4.43,11.467,20.663,4.97,Low,,backtest,demand_forecast_run_20261005T130920538
2025-09-10,S01,P0053,CAT06,8,3,27.97,1.09,2.484,22.03,Low,,backtest,demand_forecast_run_20261005T130920538
2025-09-10,S01,P0073,CAT13,7,3,19.61,1.57,3.26,13.37,Low,,backtest,demand_forecast_run_20261005T130920538
2025-09-10,S01,P0170,CAT17,5,4,7,1.787,4.419,8.4,Low,,backtest,demand_forecast_run_20261005T130920538
2025-09-10,S01,P0206,CAT15,17,6,19.84,3.392,6.852,15.04,Low,,backtest,demand_forecast_run_20261005T130920538
2025-09-10,S01,P0213,CAT07,9,5,9,2.666,6.059,10.13,Low,,backtest,demand_forecast_run_20261005T130920538
2025-09-10,S01,P0252,CAT18,6,7,3,5.716,14.18,3.15,Medium,BELOW_REORDER,backtest,demand_forecast_run_20261005T130920538
2025-09-10,S01,P0272,CAT13,8,3,10.18,1.989,4.13,12.07,Low,,backtest,demand_forecast_run_20261005T130920538
2025-09-10,S01,P0288,CAT14,11,4,22,2.472,4.756,13.35,Low,,backtest,demand_forecast_run_20261005T130920538
2025-09-10,S01,P0316,CAT15,10,3,140.85,0.905,1.827,33.16,Low,,backtest,demand_forecast_run_20261005T130920538
2025-09-10,S01,P0369,CAT09,15,8,11.05,5.559,11.57,8.1,Low,,backtest,demand_forecast_run_20261005T130920538
2025-09-10,S01,P0381,CAT13,9,3,14,1.78,3.695,15.17,Low,,backtest,demand_forecast_run_20261005T130920538
2025-09-10,S01,P0391,CAT06,12,5,5.79,4.722,10.762,7.62,Low,,backtest,demand_forecast_run_20261005T130920538
2025-09-10,S01,P0392,CAT19,7,3,19.61,1.218,2.817,17.24,Low,,backtest,demand_forecast_run_20261005T130920538
2025-09-10,S01,P0408,CAT16,9,4,14,2.436,6.158,11.09,Low,,backtest,demand_forecast_run_20261005T130920538
2025-09-10,S01,P0409,CAT12,0,4,0,1.996,4.233,0,High,ZERO_STOCK|DEMAND_EXCEEDS_STOCK|BELOW_REORDER|LOW_DAYS_COVER,backtest,demand_forecast_run_20261005T130920538
2025-09-10,S01,P0433,CAT20,7,3,48.95,0.933,2.561,22.5,Low,,backtest,demand_forecast_run_20261005T130920538
2025-09-10,S01,P0435,CAT14,18,7,14,5.817,11.19,9.28,Low,,backtest,demand_forecast_run_20261005T130920538
2025-09-10,S01,P0445,CAT02,6,4,10.51,2.328,4.382,7.73,Low,,backtest,demand_forecast_run_20261005T130920538
2025-09-10,S01,P0507,CAT02,11,14,3.35,9.682,18.227,3.41,Medium,BELOW_REORDER,backtest,demand_forecast_run_20261005T130920538
2025-09-10,S01,P0563,CAT13,6,6,4,3.454,7.173,5.21,Medium,BELOW_REORDER,backtest,demand_forecast_run_20261005T130920538
2025-09-10,S01,P0579,CAT12,5,3,5.38,1.562,3.313,9.61,Low,,backtest,demand_forecast_run_20261005T130920538
2025-09-10,S01,P0589,CAT03,4,4,6.22,2.672,4.796,4.49,Medium,BELOW_REORDER,backtest,demand_forecast_run_20261005T130920538
2025-09-10,S02,P0003,CAT03,0,6,0,4.142,8.111,0,High,ZERO_STOCK|DEMAND_EXCEEDS_STOCK|BELOW_REORDER|LOW_DAYS_COVER,backtest,demand_forecast_run_20261005T130920538
2025-09-10,S02,P0022,CAT05,9,6,4.2,4.201,7.132,6.43,Low,,backtest,demand_forecast_run_20261005T130920538
2025-09-10,S02,P0032,CAT11,29,17,6.06,10.894,21.429,7.99,Low,,backtest,demand_forecast_run_20261005T130920538
2025-09-10,S02,P0053,CAT06,9,3,62.94,0.341,0.799,79.23,Low,,backtest,demand_forecast_run_20261005T130920538
2025-09-10,S02,P0073,CAT13,3,3,6,1.208,2.198,7.45,Medium,BELOW_REORDER,backtest,demand_forecast_run_20261005T130920538
2025-09-10,S02,P0170,CAT17,5,3,7,1.455,3.581,10.31,Low,,backtest,demand_forecast_run_20261005T130920538
2025-09-10,S02,P0206,CAT15,13,6,9.1,4.34,6.752,8.99,Low,,backtest,demand_forecast_run_20261005T130920538
2025-09-10,S02,P0213,CAT07,14,5,15.07,2.987,6.664,14.06,Low,,backtest,demand_forecast_run_20261005T130920538
2025-09-10,S02,P0252,CAT18,8,7,4.31,5.072,11.885,4.73,Low,,backtest,demand_forecast_run_20261005T130920538
2025-09-10,S02,P0272,CAT13,8,3,8.61,1.648,2.996,14.56,Low,,backtest,demand_forecast_run_20261005T130920538
2025-09-10,S02,P0288,CAT14,3,4,3.82,3.072,5.426,2.93,High,DEMAND_EXCEEDS_STOCK|BELOW_REORDER,backtest,demand_forecast_run_20261005T130920538
2025-09-10,S02,P0316,CAT15,2,3,4.66,1.335,2.078,4.49,Medium,BELOW_REORDER,backtest,demand_forecast_run_20261005T130920538
2025-09-10,S02,P0369,CAT09,25,8,26.91,5.031,10.69,14.91,Low,,backtest,demand_forecast_run_20261005T130920538
2025-09-10,S02,P0381,CAT13,7,3,8.91,1.868,3.396,11.24,Low,,backtest,demand_forecast_run_20261005T130920538
2025-09-10,S02,P0391,CAT06,12,7,7.64,4.43,10.385,8.13,Low,,backtest,demand_forecast_run_20261005T130920538
2025-09-10,S02,P0392,CAT19,5,3,7,0.958,2.38,15.65,Low,,backtest,demand_forecast_run_20261005T130920538
2025-09-10,S02,P0408,CAT16,9,4,12.61,3.229,7.624,8.36,Low,,backtest,demand_forecast_run_20261005T130920538
2025-09-10,S02,P0409,CAT12,12,5,7.64,3.322,8.339,10.84,Low,,backtest,demand_forecast_run_20261005T130920538
2025-09-10,S02,P0433,CAT20,4,3,13.99,0.609,1.617,19.71,Low,,backtest,demand_forecast_run_20261005T130920538
2025-09-10,S02,P0435,CAT14,6,8,2.27,8.448,14.92,2.13,High,DEMAND_EXCEEDS_STOCK|BELOW_REORDER|LOW_DAYS_COVER,backtest,demand_forecast_run_20261005T130920538
2025-09-10,S02,P0445,CAT02,12,4,12,1.713,3.244,21.01,Low,,backtest,demand_forecast_run_20261005T130920538
2025-09-10,S02,P0507,CAT02,28,15,6.76,10.946,20.726,7.67,Low,,backtest,demand_forecast_run_20261005T130920538
2025-09-10,S02,P0563,CAT13,12,6,8,4.394,7.991,8.19,Low,,backtest,demand_forecast_run_20261005T130920538
2025-09-10,S02,P0579,CAT12,9,3,10.5,1.623,4.073,16.64,Low,,backtest,demand_forecast_run_20261005T130920538
2025-09-10,S02,P0589,CAT03,8,4,7.47,1.841,3.605,13.04,Low,,backtest,demand_forecast_run_20261005T130920538
2025-09-10,S03,P0003,CAT03,14,6,16.34,3.534,6.969,11.88,Low,,backtest,demand_forecast_run_20261005T130920538
2025-09-10,S03,P0022,CAT05,13,5,15.17,2.286,3.828,17.06,Low,,backtest,demand_forecast_run_20261005T130920538
2025-09-10,S03,P0032,CAT11,15,15,4.29,11.014,21.956,4.09,Medium,BELOW_REORDER,backtest,demand_forecast_run_20261005T130920538
2025-09-10,S03,P0053,CAT06,6,4,12,1.544,3.539,11.66,Low,,backtest,demand_forecast_run_20261005T130920538
2025-09-10,S03,P0073,CAT13,1,3,,0.45,0.927,6.67,Medium,BELOW_REORDER,backtest,demand_forecast_run_20261005T130920538
2025-09-10,S03,P0170,CAT17,11,4,12.84,2.281,4.652,14.47,Low,,backtest,demand_forecast_run_20261005T130920538
2025-09-10,S03,P0206,CAT15,7,6,7.53,3.963,8.06,5.3,Low,,backtest,demand_forecast_run_20261005T130920538
2025-09-10,S03,P0213,CAT07,11,4,15.41,1.888,4.388,17.47,Low,,backtest,demand_forecast_run_20261005T130920538
2025-09-10,S03,P0252,CAT18,18,8,7,4.714,11.382,11.46,Low,,backtest,demand_forecast_run_20261005T130920538
2025-09-10,S03,P0272,CAT13,9,3,25.21,1.65,3.398,16.36,Low,,backtest,demand_forecast_run_20261005T130920538
2025-09-10,S03,P0288,CAT14,6,3,20.98,2.414,4.306,7.46,Low,,backtest,demand_forecast_run_20261005T130920538
2025-09-10,S03,P0316,CAT15,11,4,51.4,1.865,3.793,17.7,Low,,backtest,demand_forecast_run_20261005T130920538
2025-09-10,S03,P0369,CAT09,15,8,9.13,4.908,11.056,9.17,Low,,backtest,demand_forecast_run_20261005T130920538
2025-09-10,S03,P0381,CAT13,6,3,20.98,1.05,2.162,17.14,Low,,backtest,demand_forecast_run_20261005T130920538
2025-09-10,S03,P0391,CAT06,6,6,2.55,3.971,9.099,4.53,Medium,BELOW_REORDER|LOW_DAYS_COVER,backtest,demand_forecast_run_20261005T130920538
2025-09-10,S03,P0392,CAT19,6,3,10.51,0.86,2.116,20.93,Low,,backtest,demand_forecast_run_20261005T130920538
2025-09-10,S03,P0408,CAT16,11,4,51.4,0.946,2.205,34.9,Low,,backtest,demand_forecast_run_20261005T130920538
2025-09-10,S03,P0409,CAT12,5,4,8.76,2.072,4.676,7.24,Low,,backtest,demand_forecast_run_20261005T130920538
2025-09-10,S03,P0433,CAT20,6,2,,0.384,0.903,46.83,Low,,backtest,demand_forecast_run_20261005T130920538
2025-09-10,S03,P0435,CAT14,17,7,17,6.871,12.255,7.42,Low,,backtest,demand_forecast_run_20261005T130920538
2025-09-10,S03,P0445,CAT02,8,3,37.38,1.122,2.243,21.39,Low,,backtest,demand_forecast_run_20261005T130920538
2025-09-10,S03,P0507,CAT02,37,14,8.49,10.712,21.41,10.36,Low,,backtest,demand_forecast_run_20261005T130920538
2025-09-10,S03,P0563,CAT13,17,6,18.3,3.901,8.032,13.07,Low,,backtest,demand_forecast_run_20261005T130920538
2025-09-10,S03,P0579,CAT12,1,3,1.4,1.418,3.199,2.12,High,DEMAND_EXCEEDS_STOCK|BELOW_REORDER|LOW_DAYS_COVER,backtest,demand_forecast_run_20261005T130920538
2025-09-10,S03,P0589,CAT03,9,5,7,3.42,6.744,7.89,Low,,backtest,demand_forecast_run_20261005T130920538
2025-09-10,S04,P0003,CAT03,15,5,16.15,2.998,6.132,15.01,Low,,backtest,demand_forecast_run_20261005T130920538
2025-09-10,S04,P0022,CAT05,15,5,17.5,1.799,3.471,25.01,Low,,backtest,demand_forecast_run_20261005T130920538
2025-09-10,S04,P0032,CAT11,23,12,5.96,8.963,18.086,7.7,Low,,backtest,demand_forecast_run_20261005T130920538
2025-09-10,S04,P0053,CAT06,12,3,56.07,0.793,2.087,45.4,Low,,backtest,demand_forecast_run_20261005T130920538
2025-09-10,S04,P0073,CAT13,2,2,4.66,1.129,2.397,5.31,Medium,BELOW_REORDER,backtest,demand_forecast_run_20261005T130920538
2025-09-10,S04,P0170,CAT17,7,3,12.26,2.289,5.911,9.17,Low,,backtest,demand_forecast_run_20261005T130920538
2025-09-10,S04,P0206,CAT15,3,5,1.75,3.601,8.513,2.5,High,DEMAND_EXCEEDS_STOCK|BELOW_REORDER|LOW_DAYS_COVER,backtest,demand_forecast_run_20261005T130920538
2025-09-10,S04,P0213,CAT07,8,4,27.97,1.267,3.042,18.95,Low,,backtest,demand_forecast_run_20261005T130920538
2025-09-10,S04,P0252,CAT18,9,6,10.5,2.52,6.532,10.71,Low,,backtest,demand_forecast_run_20261005T130920538
2025-09-10,S04,P0272,CAT13,4,3,5.6,2.007,4.262,5.98,Low,,backtest,demand_forecast_run_20261005T130920538
2025-09-10,S04,P0288,CAT14,5,4,7,1.89,3.681,7.94,Low,,backtest,demand_forecast_run_20261005T130920538
2025-09-10,S04,P0316,CAT15,6,3,28.04,0.663,1.568,27.14,Low,,backtest,demand_forecast_run_20261005T130920538
2025-09-10,S04,P0369,CAT09,19,6,11.56,4.026,10.289,14.16,Low,,backtest,demand_forecast_run_20261005T130920538
2025-09-10,S04,P0381,CAT13,7,3,12.26,1.756,3.729,11.96,Low,,backtest,demand_forecast_run_20261005T130920538
2025-09-10,S04,P0391,CAT06,5,5,2.92,2.379,6.26,6.31,Medium,BELOW_REORDER|LOW_DAYS_COVER,backtest,demand_forecast_run_20261005T130920538
2025-09-10,S04,P0392,CAT19,9,3,31.47,0.575,1.39,46.92,Low,,backtest,demand_forecast_run_20261005T130920538
2025-09-10,S04,P0408,CAT16,8,3,22.41,1.713,4.425,14.01,Low,,backtest,demand_forecast_run_20261005T130920538
2025-09-10,S04,P0409,CAT12,12,4,12.92,1.405,4.068,25.62,Low,,backtest,demand_forecast_run_20261005T130920538
2025-09-10,S04,P0433,CAT20,5,2,70.42,0.329,0.956,45.58,Low,,backtest,demand_forecast_run_20261005T130920538
2025-09-10,S04,P0435,CAT14,10,6,5.39,6.496,12.654,4.62,Low,,backtest,demand_forecast_run_20261005T130920538
2025-09-10,S04,P0445,CAT02,9,3,18,0.991,2.291,27.24,Low,,backtest,demand_forecast_run_20261005T130920538
2025-09-10,S04,P0507,CAT02,21,11,7.54,7.478,17.283,8.42,Low,,backtest,demand_forecast_run_20261005T130920538
2025-09-10,S04,P0563,CAT13,14,5,32.63,2.258,4.794,18.6,Low,,backtest,demand_forecast_run_20261005T130920538
2025-09-10,S04,P0579,CAT12,0,3,0,0.894,2.589,0,High,ZERO_STOCK|DEMAND_EXCEEDS_STOCK|BELOW_REORDER|LOW_DAYS_COVER,backtest,demand_forecast_run_20261005T130920538
2025-09-10,S04,P0589,CAT03,4,4,5.6,1.82,3.723,6.59,Medium,BELOW_REORDER,backtest,demand_forecast_run_20261005T130920538
2025-09-10,S05,P0003,CAT03,10,4,17.51,2.874,5.17,10.44,Low,,backtest,demand_forecast_run_20261005T130920538
2025-09-10,S05,P0022,CAT05,12,4,12,4.342,7.44,8.29,Low,,backtest,demand_forecast_run_20261005T130920538
2025-09-10,S05,P0032,CAT11,14,11,5.94,10.529,17.585,3.99,Low,,backtest,demand_forecast_run_20261005T130920538
2025-09-10,S05,P0053,CAT06,7,3,8.91,0.974,2.67,21.57,Low,,backtest,demand_forecast_run_20261005T130920538
2025-09-10,S05,P0073,CAT13,6,2,41.96,0.686,1.474,26.24,Low,,backtest,demand_forecast_run_20261005T130920538
2025-09-10,S05,P0170,CAT17,3,3,4.2,1.469,3.76,6.12,Medium,BELOW_REORDER,backtest,demand_forecast_run_20261005T130920538
2025-09-10,S05,P0206,CAT15,11,4,13.99,2.111,5.36,15.63,Low,,backtest,demand_forecast_run_20261005T130920538
2025-09-10,S05,P0213,CAT07,13,4,12.14,1.968,4.933,19.82,Low,,backtest,demand_forecast_run_20261005T130920538
2025-09-10,S05,P0252,CAT18,16,5,11.2,5.131,9.558,9.35,Low,,backtest,demand_forecast_run_20261005T130920538
2025-09-10,S05,P0272,CAT13,3,3,5.25,1.764,3.79,5.1,Medium,BELOW_REORDER,backtest,demand_forecast_run_20261005T130920538
2025-09-10,S05,P0288,CAT14,6,3,6.46,2.491,4.891,7.23,Low,,backtest,demand_forecast_run_20261005T130920538
2025-09-10,S05,P0316,CAT15,7,3,12.26,1.52,3.86,13.81,Low,,backtest,demand_forecast_run_20261005T130920538
2025-09-10,S05,P0369,CAT09,17,6,10.82,3.31,9.699,15.41,Low,,backtest,demand_forecast_run_20261005T130920538
2025-09-10,S05,P0381,CAT13,10,3,20,0.686,1.474,43.73,Low,,backtest,demand_forecast_run_20261005T130920538
2025-09-10,S05,P0391,CAT06,5,5,3.18,2.098,5.751,7.15,Medium,BELOW_REORDER,backtest,demand_forecast_run_20261005T130920538
2025-09-10,S05,P0392,CAT19,2,2,13.99,0.513,1.196,11.69,Medium,BELOW_REORDER,backtest,demand_forecast_run_20261005T130920538
2025-09-10,S05,P0408,CAT16,8,3,55.94,0.594,1.868,40.39,Low,,backtest,demand_forecast_run_20261005T130920538
2025-09-10,S05,P0409,CAT12,10,3,9.34,2.241,5.6,13.39,Low,,backtest,demand_forecast_run_20261005T130920538
2025-09-10,S05,P0433,CAT20,6,2,,0.491,1.206,36.64,Low,,backtest,demand_forecast_run_20261005T130920538
2025-09-10,S05,P0435,CAT14,6,6,3.82,5.114,10.039,3.52,Medium,BELOW_REORDER,backtest,demand_forecast_run_20261005T130920538
2025-09-10,S05,P0445,CAT02,9,3,126.76,1.407,2.782,19.19,Low,,backtest,demand_forecast_run_20261005T130920538
2025-09-10,S05,P0507,CAT02,18,9,7.64,8.008,15.835,6.74,Low,,backtest,demand_forecast_run_20261005T130920538
2025-09-10,S05,P0563,CAT13,10,5,6.37,3.234,6.949,9.28,Low,,backtest,demand_forecast_run_20261005T130920538
2025-09-10,S05,P0579,CAT12,7,3,24.48,0.64,1.6,32.8,Low,,backtest,demand_forecast_run_20261005T130920538
2025-09-10,S05,P0589,CAT03,6,4,6.46,3.234,5.817,5.57,Low,,backtest,demand_forecast_run_20261005T130920538
2025-09-10,S06,P0003,CAT03,12,6,9.88,3.186,5.38,11.3,Low,,backtest,demand_forecast_run_20261005T130920538
2025-09-10,S06,P0022,CAT05,9,6,7,2.43,3.949,11.11,Low,,backtest,demand_forecast_run_20261005T130920538
2025-09-10,S06,P0032,CAT11,38,18,7,13.658,24.437,8.35,Low,,backtest,demand_forecast_run_20261005T130920538
2025-09-10,S06,P0053,CAT06,8,4,10.18,1.859,4.028,12.91,Low,,backtest,demand_forecast_run_20261005T130920538
2025-09-10,S06,P0073,CAT13,6,4,8.4,3.086,5.475,5.83,Low,,backtest,demand_forecast_run_20261005T130920538
2025-09-10,S06,P0170,CAT17,8,4,9.33,2.065,3.945,11.62,Low,,backtest,demand_forecast_run_20261005T130920538
2025-09-10,S06,P0206,CAT15,20,7,20,6.019,10.342,9.97,Low,,backtest,demand_forecast_run_20261005T130920538
2025-09-10,S06,P0213,CAT07,9,6,7,4.974,9.207,5.43,Low,,backtest,demand_forecast_run_20261005T130920538
2025-09-10,S06,P0252,CAT18,20,8,10,6.117,13.532,9.81,Low,,backtest,demand_forecast_run_20261005T130920538
2025-09-10,S06,P0272,CAT13,7,4,10.89,2.136,3.79,9.83,Low,,backtest,demand_forecast_run_20261005T130920538
2025-09-10,S06,P0288,CAT14,9,4,25.21,2.352,3.89,11.48,Low,,backtest,demand_forecast_run_20261005T130920538
2025-09-10,S06,P0316,CAT15,11,4,30.81,2.08,3.573,15.87,Low,,backtest,demand_forecast_run_20261005T130920538
2025-09-10,S06,P0369,CAT09,21,10,10.89,7.971,15.194,7.9,Low,,backtest,demand_forecast_run_20261005T130920538
2025-09-10,S06,P0381,CAT13,11,4,12.84,2.255,4.001,14.63,Low,,backtest,demand_forecast_run_20261005T130920538
2025-09-10,S06,P0391,CAT06,15,7,6.78,3.187,6.905,14.12,Low,,backtest,demand_forecast_run_20261005T130920538
2025-09-10,S06,P0392,CAT19,7,3,7.53,1.675,3.738,12.53,Low,,backtest,demand_forecast_run_20261005T130920538
2025-09-10,S06,P0408,CAT16,5,5,5,2.43,6.126,6.17,Medium,BELOW_REORDER,backtest,demand_forecast_run_20261005T130920538
2025-09-10,S06,P0409,CAT12,10,5,8.24,2.417,5.261,12.41,Low,,backtest,demand_forecast_run_20261005T130920538
2025-09-10,S06,P0433,CAT20,5,3,23.36,1.197,2.738,12.53,Low,,backtest,demand_forecast_run_20261005T130920538
2025-09-10,S06,P0435,CAT14,9,9,4.2,8.349,13.81,3.23,Medium,BELOW_REORDER,backtest,demand_forecast_run_20261005T130920538
2025-09-10,S06,P0445,CAT02,9,4,10.5,2.942,5.02,9.18,Low,,backtest,demand_forecast_run_20261005T130920538
2025-09-10,S06,P0507,CAT02,37,17,11.26,13.299,22.693,8.35,Low,,backtest,demand_forecast_run_20261005T130920538
2025-09-10,S06,P0563,CAT13,14,6,19.61,3.442,6.106,12.2,Low,,backtest,demand_forecast_run_20261005T130920538
2025-09-10,S06,P0579,CAT12,7,4,6.54,2.514,5.471,8.35,Low,,backtest,demand_forecast_run_20261005T130920538
2025-09-10,S06,P0589,CAT03,18,6,18,2.8,4.728,19.29,Low,,backtest,demand_forecast_run_20261005T130920538
2025-09-10,S07,P0003,CAT03,9,5,10.5,2.928,5.586,9.22,Low,,backtest,demand_forecast_run_20261005T130920538
2025-09-10,S07,P0022,CAT05,12,4,10.5,3.494,6.289,10.3,Low,,backtest,demand_forecast_run_20261005T130920538
2025-09-10,S07,P0032,CAT11,27,12,7.56,11.716,21.148,6.91,Low,,backtest,demand_forecast_run_20261005T130920538
2025-09-10,S07,P0053,CAT06,5,3,8.76,0.815,1.972,18.41,Low,,backtest,demand_forecast_run_20261005T130920538
2025-09-10,S07,P0073,CAT13,8,3,112.68,0.471,1.013,50.91,Low,,backtest,demand_forecast_run_20261005T130920538
2025-09-10,S07,P0170,CAT17,9,3,42.06,1.007,2.629,26.82,Low,,backtest,demand_forecast_run_20261005T130920538
2025-09-10,S07,P0206,CAT15,10,5,9.34,2.836,6.354,10.58,Low,,backtest,demand_forecast_run_20261005T130920538
2025-09-10,S07,P0213,CAT07,5,4,4.67,2.278,5.508,6.59,Low,,backtest,demand_forecast_run_20261005T130920538
2025-09-10,S07,P0252,CAT18,13,5,7.28,3.463,9.306,11.26,Low,,backtest,demand_forecast_run_20261005T130920538
2025-09-10,S07,P0272,CAT13,6,3,16.81,0.825,1.772,21.82,Low,,backtest,demand_forecast_run_20261005T130920538
2025-09-10,S07,P0288,CAT14,9,3,14,2.356,4.733,11.46,Low,,backtest,demand_forecast_run_20261005T130920538
2025-09-10,S07,P0316,CAT15,6,3,20.98,0.709,1.588,25.38,Low,,backtest,demand_forecast_run_20261005T130920538
2025-09-10,S07,P0369,CAT09,20,7,18.67,4.794,9.259,12.52,Low,,backtest,demand_forecast_run_20261005T130920538
2025-09-10,S07,P0381,CAT13,8,3,37.38,0.943,2.025,25.46,Low,,backtest,demand_forecast_run_20261005T130920538
2025-09-10,S07,P0391,CAT06,1,5,0.44,3.123,7.559,0.96,High,DEMAND_EXCEEDS_STOCK|BELOW_REORDER|LOW_DAYS_COVER,backtest,demand_forecast_run_20261005T130920538
2025-09-10,S07,P0392,CAT19,10,3,11.67,1.859,4.782,16.14,Low,,backtest,demand_forecast_run_20261005T130920538
2025-09-10,S07,P0408,CAT16,8,3,11.2,1.363,4.481,17.61,Low,,backtest,demand_forecast_run_20261005T130920538
2025-09-10,S07,P0409,CAT12,1,4,0.7,2.151,5.996,1.39,High,DEMAND_EXCEEDS_STOCK|BELOW_REORDER|LOW_DAYS_COVER,backtest,demand_forecast_run_20261005T130920538
2025-09-10,S07,P0433,CAT20,6,2,84.51,0.254,0.788,70.84,Low,,backtest,demand_forecast_run_20261005T130920538
2025-09-10,S07,P0435,CAT14,8,7,4,5.048,10.142,4.75,Low,,backtest,demand_forecast_run_20261005T130920538
2025-09-10,S07,P0445,CAT02,5,3,10,1.164,2.279,12.89,Low,,backtest,demand_forecast_run_20261005T130920538
2025-09-10,S07,P0507,CAT02,23,11,8.05,7.618,14.917,9.06,Low,,backtest,demand_forecast_run_20261005T130920538
2025-09-10,S07,P0563,CAT13,13,5,7.58,3.3,7.089,11.82,Low,,backtest,demand_forecast_run_20261005T130920538
2025-09-10,S07,P0579,CAT12,4,3,4.31,1.116,3.109,10.76,Low,,backtest,demand_forecast_run_20261005T130920538
2025-09-10,S07,P0589,CAT03,7,4,8.91,2.361,4.505,8.89,Low,,backtest,demand_forecast_run_20261005T130920538
2025-09-10,S08,P0003,CAT03,18,7,10.5,4.113,6.854,13.13,Low,,backtest,demand_forecast_run_20261005T130920538
2025-09-10,S08,P0022,CAT05,12,6,8.84,4.879,7.772,7.38,Low,,backtest,demand_forecast_run_20261005T130920538
2025-09-10,S08,P0032,CAT11,18,18,4.42,14.155,23.018,3.81,Medium,BELOW_REORDER,backtest,demand_forecast_run_20261005T130920538
2025-09-10,S08,P0053,CAT06,3,3,3.82,1.474,3.092,6.1,Medium,BELOW_REORDER,backtest,demand_forecast_run_20261005T130920538
2025-09-10,S08,P0073,CAT13,7,3,19.61,1.446,2.481,14.52,Low,,backtest,demand_forecast_run_20261005T130920538
2025-09-10,S08,P0170,CAT17,5,4,7,1.805,3.926,8.31,Low,,backtest,demand_forecast_run_20261005T130920538
2025-09-10,S08,P0206,CAT15,14,7,12.25,5.972,9.76,7.03,Low,,backtest,demand_forecast_run_20261005T130920538
2025-09-10,S08,P0213,CAT07,8,6,6.59,2.174,4.711,11.04,Low,,backtest,demand_forecast_run_20261005T130920538
2025-09-10,S08,P0252,CAT18,26,9,9.33,7.115,15.721,10.96,Low,,backtest,demand_forecast_run_20261005T130920538
2025-09-10,S08,P0272,CAT13,9,4,14,2.066,3.544,13.07,Low,,backtest,demand_forecast_run_20261005T130920538
2025-09-10,S08,P0288,CAT14,5,4,6.36,3.783,6.662,3.96,Low,,backtest,demand_forecast_run_20261005T130920538
2025-09-10,S08,P0316,CAT15,5,4,10,1.405,2.296,10.67,Low,,backtest,demand_forecast_run_20261005T130920538
2025-09-10,S08,P0369,CAT09,26,10,9.58,5.689,11.913,13.71,Low,,backtest,demand_forecast_run_20261005T130920538
2025-09-10,S08,P0381,CAT13,9,4,15.76,2.273,3.899,11.88,Low,,backtest,demand_forecast_run_20261005T130920538
2025-09-10,S08,P0391,CAT06,10,6,4.83,3.82,8.011,7.85,Low,,backtest,demand_forecast_run_20261005T130920538
2025-09-10,S08,P0392,CAT19,11,4,9.06,1.917,4.253,17.22,Low,,backtest,demand_forecast_run_20261005T130920538
2025-09-10,S08,P0408,CAT16,7,4,4.46,1.991,6.032,10.55,Low,,backtest,demand_forecast_run_20261005T130920538
2025-09-10,S08,P0409,CAT12,14,5,8.17,3.323,6.902,12.64,Low,,backtest,demand_forecast_run_20261005T130920538
2025-09-10,S08,P0433,CAT20,2,2,13.99,0.939,2.198,6.39,Medium,BELOW_REORDER,backtest,demand_forecast_run_20261005T130920538
2025-09-10,S08,P0435,CAT14,29,9,11.28,9.654,17.001,9.01,Low,,backtest,demand_forecast_run_20261005T130920538
2025-09-10,S08,P0445,CAT02,5,4,6.36,2.227,3.826,6.73,Low,,backtest,demand_forecast_run_20261005T130920538
2025-09-10,S08,P0507,CAT02,24,18,5.09,12.856,22.083,5.6,Low,,backtest,demand_forecast_run_20261005T130920538
2025-09-10,S08,P0563,CAT13,19,8,6.33,7.026,12.051,8.11,Low,,backtest,demand_forecast_run_20261005T130920538
2025-09-10,S08,P0579,CAT12,6,3,16.81,1.108,2.301,16.25,Low,,backtest,demand_forecast_run_20261005T130920538
2025-09-10,S08,P0589,CAT03,14,5,10.89,3.219,5.364,13.05,Low,,backtest,demand_forecast_run_20261005T130920538
2025-09-10,S09,P0003,CAT03,16,5,13.18,3.112,5.712,15.43,Low,,backtest,demand_forecast_run_20261005T130920538
2025-09-10,S09,P0022,CAT05,18,6,15.75,3.617,5.796,14.93,Low,,backtest,demand_forecast_run_20261005T130920538
2025-09-10,S09,P0032,CAT11,29,17,6.88,11.505,21.693,7.56,Low,,backtest,demand_forecast_run_20261005T130920538
2025-09-10,S09,P0053,CAT06,7,3,16.32,1.623,3.696,12.94,Low,,backtest,demand_forecast_run_20261005T130920538
2025-09-10,S09,P0073,CAT13,5,3,23.36,1.268,2.319,11.83,Low,,backtest,demand_forecast_run_20261005T130920538
2025-09-10,S09,P0170,CAT17,12,4,10.5,2.075,4.547,17.35,Low,,backtest,demand_forecast_run_20261005T130920538
2025-09-10,S09,P0206,CAT15,7,6,5.16,4.245,8.172,4.95,Low,,backtest,demand_forecast_run_20261005T130920538
2025-09-10,S09,P0213,CAT07,9,5,5.73,4.304,8.813,6.27,Low,,backtest,demand_forecast_run_20261005T130920538
2025-09-10,S09,P0252,CAT18,18,7,8.69,5.074,10.281,10.64,Low,,backtest,demand_forecast_run_20261005T130920538
2025-09-10,S09,P0272,CAT13,8,3,18.65,1.141,2.088,21.03,Low,,backtest,demand_forecast_run_20261005T130920538
2025-09-10,S09,P0288,CAT14,7,4,7,2.528,4.418,8.31,Low,,backtest,demand_forecast_run_20261005T130920538
2025-09-10,S09,P0316,CAT15,12,4,27.97,1.213,2.335,29.68,Low,,backtest,demand_forecast_run_20261005T130920538
2025-09-10,S09,P0369,CAT09,20,8,9.66,4.703,10.76,12.76,Low,,backtest,demand_forecast_run_20261005T130920538
2025-09-10,S09,P0381,CAT13,6,3,10.51,1.268,2.319,14.2,Low,,backtest,demand_forecast_run_20261005T130920538
2025-09-10,S09,P0391,CAT06,15,7,6.78,3.309,7.534,13.6,Low,,backtest,demand_forecast_run_20261005T130920538
2025-09-10,S09,P0392,CAT19,9,3,10.5,0.937,1.931,28.82,Low,,backtest,demand_forecast_run_20261005T130920538
2025-09-10,S09,P0408,CAT16,6,4,7,2.662,5.857,6.76,Low,,backtest,demand_forecast_run_20261005T130920538
2025-09-10,S09,P0409,CAT12,11,5,11.84,2.36,5.352,13.99,Low,,backtest,demand_forecast_run_20261005T130920538
2025-09-10,S09,P0433,CAT20,7,2,48.95,0.463,1.088,45.38,Low,,backtest,demand_forecast_run_20261005T130920538
2025-09-10,S09,P0435,CAT14,12,9,4.54,8.732,15.262,4.12,Low,,backtest,demand_forecast_run_20261005T130920538
2025-09-10,S09,P0445,CAT02,15,4,30,1.546,2.907,29.11,Low,,backtest,demand_forecast_run_20261005T130920538
2025-09-10,S09,P0507,CAT02,49,16,12.25,10.368,19.494,14.18,Low,,backtest,demand_forecast_run_20261005T130920538
2025-09-10,S09,P0563,CAT13,19,6,17.74,4.564,8.35,12.49,Low,,backtest,demand_forecast_run_20261005T130920538
2025-09-10,S09,P0579,CAT12,4,3,7.01,1.79,4.06,6.7,Low,,backtest,demand_forecast_run_20261005T130920538
2025-09-10,S09,P0589,CAT03,12,5,7.3,4.563,8.378,7.89,Low,,backtest,demand_forecast_run_20261005T130920538
2025-09-10,S10,P0003,CAT03,14,5,15.07,3.43,6.589,12.25,Low,,backtest,demand_forecast_run_20261005T130920538
2025-09-10,S10,P0022,CAT05,12,5,12.92,2.404,4.107,14.97,Low,,backtest,demand_forecast_run_20261005T130920538
2025-09-10,S10,P0032,CAT11,25,14,5.74,10.033,19.801,7.48,Low,,backtest,demand_forecast_run_20261005T130920538
2025-09-10,S10,P0053,CAT06,8,3,16,0.466,1.052,51.45,Low,,backtest,demand_forecast_run_20261005T130920538
2025-09-10,S10,P0073,CAT13,4,3,27.97,1.065,2.36,11.27,Low,,backtest,demand_forecast_run_20261005T130920538
2025-09-10,S10,P0170,CAT17,8,3,12.44,1.444,4.153,16.62,Low,,backtest,demand_forecast_run_20261005T130920538
2025-09-10,S10,P0206,CAT15,6,5,5.6,3.192,7.118,5.64,Low,,backtest,demand_forecast_run_20261005T130920538
2025-09-10,S10,P0213,CAT07,3,4,3.23,2.85,6.952,3.16,Medium,BELOW_REORDER,backtest,demand_forecast_run_20261005T130920538
2025-09-10,S10,P0252,CAT18,17,7,8.81,3.699,9.319,13.79,Low,,backtest,demand_forecast_run_20261005T130920538
2025-09-10,S10,P0272,CAT13,8,3,112.68,0.71,1.574,33.81,Low,,backtest,demand_forecast_run_20261005T130920538
2025-09-10,S10,P0288,CAT14,8,4,16,1.752,3.528,13.7,Low,,backtest,demand_forecast_run_20261005T130920538
2025-09-10,S10,P0316,CAT15,8,4,37.38,1.216,2.712,19.74,Low,,backtest,demand_forecast_run_20261005T130920538
2025-09-10,S10,P0369,CAT09,7,7,3.77,4.555,11.033,4.61,Medium,BELOW_REORDER,backtest,demand_forecast_run_20261005T130920538
2025-09-10,S10,P0381,CAT13,7,3,10.89,1.893,4.196,11.1,Low,,backtest,demand_forecast_run_20261005T130920538
2025-09-10,S10,P0391,CAT06,14,5,11.53,2.741,6.184,15.32,Low,,backtest,demand_forecast_run_20261005T130920538
2025-09-10,S10,P0392,CAT19,3,3,8.4,0.892,2.233,10.09,Medium,BELOW_REORDER,backtest,demand_forecast_run_20261005T130920538
2025-09-10,S10,P0408,CAT16,0,4,0,1.359,3.818,0,High,ZERO_STOCK|DEMAND_EXCEEDS_STOCK|BELOW_REORDER|LOW_DAYS_COVER,backtest,demand_forecast_run_20261005T130920538
2025-09-10,S10,P0409,CAT12,14,5,17.81,2.343,5.534,17.93,Low,,backtest,demand_forecast_run_20261005T130920538
2025-09-10,S10,P0433,CAT20,4,2,27.97,0.666,1.822,18.03,Low,,backtest,demand_forecast_run_20261005T130920538
2025-09-10,S10,P0435,CAT14,10,7,5.39,5.804,11.687,5.17,Low,,backtest,demand_forecast_run_20261005T130920538
2025-09-10,S10,P0445,CAT02,4,3,4.67,1.231,2.426,9.75,Low,,backtest,demand_forecast_run_20261005T130920538
2025-09-10,S10,P0507,CAT02,41,13,14,9.278,18.29,13.26,Low,,backtest,demand_forecast_run_20261005T130920538
2025-09-10,S10,P0563,CAT13,10,6,7.78,4.613,10.228,6.5,Low,,backtest,demand_forecast_run_20261005T130920538
2025-09-10,S10,P0579,CAT12,7,3,19.61,1.227,2.899,17.11,Low,,backtest,demand_forecast_run_20261005T130920538
2025-09-10,S10,P0589,CAT03,6,4,7.63,2.515,4.832,7.16,Low,,backtest,demand_forecast_run_20261005T130920538
2025-09-10,S11,P0003,CAT03,9,6,9.69,4.458,7.349,6.06,Low,,backtest,demand_forecast_run_20261005T130920538
2025-09-10,S11,P0022,CAT05,7,6,4.9,5.269,7.413,3.99,Low,,backtest,demand_forecast_run_20261005T130920538
2025-09-10,S11,P0032,CAT11,24,20,4.87,16.322,25.016,4.41,Low,,backtest,demand_forecast_run_20261005T130920538
2025-09-10,S11,P0053,CAT06,8,4,9.33,1.403,3.172,17.1,Low,,backtest,demand_forecast_run_20261005T130920538
2025-09-10,S11,P0073,CAT13,7,3,14,1.292,2.183,16.25,Low,,backtest,demand_forecast_run_20261005T130920538
2025-09-10,S11,P0170,CAT17,7,4,12.26,2.116,4.546,9.92,Low,,backtest,demand_forecast_run_20261005T130920538
2025-09-10,S11,P0206,CAT15,2,7,2.15,4.331,7.233,1.39,High,DEMAND_EXCEEDS_STOCK|BELOW_REORDER|LOW_DAYS_COVER,backtest,demand_forecast_run_20261005T130920538
2025-09-10,S11,P0213,CAT07,5,6,2.41,4.106,8.067,3.65,Medium,BELOW_REORDER|LOW_DAYS_COVER,backtest,demand_forecast_run_20261005T130920538
2025-09-10,S11,P0252,CAT18,20,9,7.18,7.344,15.867,8.17,Low,,backtest,demand_forecast_run_20261005T130920538
2025-09-10,S11,P0272,CAT13,9,4,15.76,1.59,2.687,16.98,Low,,backtest,demand_forecast_run_20261005T130920538
2025-09-10,S11,P0288,CAT14,8,5,7,3.742,5.7,6.41,Low,,backtest,demand_forecast_run_20261005T130920538
2025-09-10,S11,P0316,CAT15,11,4,10.27,3.128,5.224,10.55,Low,,backtest,demand_forecast_run_20261005T130920538
2025-09-10,S11,P0369,CAT09,23,9,9.2,7.211,14.915,9.57,Low,,backtest,demand_forecast_run_20261005T130920538
2025-09-10,S11,P0381,CAT13,12,4,9.88,3.082,5.206,11.68,Low,,backtest,demand_forecast_run_20261005T130920538
2025-09-10,S11,P0391,CAT06,0,7,0,3.157,7.136,0,High,ZERO_STOCK|DEMAND_EXCEEDS_STOCK|BELOW_REORDER|LOW_DAYS_COVER,backtest,demand_forecast_run_20261005T130920538
2025-09-10,S11,P0392,CAT19,9,3,9.69,1.7,3.209,15.88,Low,,backtest,demand_forecast_run_20261005T130920538
2025-09-10,S11,P0408,CAT16,1,5,0.64,2.817,6.845,1.06,High,DEMAND_EXCEEDS_STOCK|BELOW_REORDER|LOW_DAYS_COVER,backtest,demand_forecast_run_20261005T130920538
2025-09-10,S11,P0409,CAT12,11,5,17.11,2.741,5.492,12.04,Low,,backtest,demand_forecast_run_20261005T130920538
2025-09-10,S11,P0433,CAT20,10,3,46.73,0.566,1.096,53.03,Low,,backtest,demand_forecast_run_20261005T130920538
2025-09-10,S11,P0435,CAT14,11,9,3.95,9.823,14.963,3.36,Low,,backtest,demand_forecast_run_20261005T130920538
2025-09-10,S11,P0445,CAT02,5,5,5.38,2.591,4.081,5.79,Medium,BELOW_REORDER,backtest,demand_forecast_run_20261005T130920538
2025-09-10,S11,P0507,CAT02,61,18,12.56,12.031,18.949,15.21,Low,,backtest,demand_forecast_run_20261005T130920538
2025-09-10,S11,P0563,CAT13,20,7,7.37,5.766,9.74,10.41,Low,,backtest,demand_forecast_run_20261005T130920538
2025-09-10,S11,P0579,CAT12,2,3,3.11,1.942,3.89,3.09,Medium,BELOW_REORDER,backtest,demand_forecast_run_20261005T130920538
2025-09-10,S11,P0589,CAT03,13,5,9.1,3.541,5.836,11.02,Low,,backtest,demand_forecast_run_20261005T130920538
2025-09-10,S12,P0003,CAT03,6,6,4.94,2.817,5.526,6.39,Medium,BELOW_REORDER,backtest,demand_forecast_run_20261005T130920538
2025-09-10,S12,P0022,CAT05,5,5,3.89,3.251,6.406,4.61,Medium,BELOW_REORDER,backtest,demand_forecast_run_20261005T130920538
2025-09-10,S12,P0032,CAT11,18,15,4.13,10.729,20.156,5.03,Low,,backtest,demand_forecast_run_20261005T130920538
2025-09-10,S12,P0053,CAT06,9,3,7,1.488,3.795,18.15,Low,,backtest,demand_forecast_run_20261005T130920538
2025-09-10,S12,P0073,CAT13,8,3,22.41,0.884,1.741,27.15,Low,,backtest,demand_forecast_run_20261005T130920538
2025-09-10,S12,P0170,CAT17,6,3,6.46,1.388,4.042,12.97,Low,,backtest,demand_forecast_run_20261005T130920538
2025-09-10,S12,P0206,CAT15,20,6,11.67,3.147,6.926,19.07,Low,,backtest,demand_forecast_run_20261005T130920538
2025-09-10,S12,P0213,CAT07,9,5,7.41,2.226,5.972,12.13,Low,,backtest,demand_forecast_run_20261005T130920538
2025-09-10,S12,P0252,CAT18,20,7,9.66,3.71,11.134,16.17,Low,,backtest,demand_forecast_run_20261005T130920538
2025-09-10,S12,P0272,CAT13,3,3,3.5,2.431,4.789,3.7,Medium,BELOW_REORDER,backtest,demand_forecast_run_20261005T130920538
2025-09-10,S12,P0288,CAT14,9,4,12.61,1.816,3.657,14.87,Low,,backtest,demand_forecast_run_20261005T130920538
2025-09-10,S12,P0316,CAT15,10,3,10.76,2.011,4.425,14.92,Low,,backtest,demand_forecast_run_20261005T130920538
2025-09-10,S12,P0369,CAT09,25,8,16.67,4.78,11.752,15.69,Low,,backtest,demand_forecast_run_20261005T130920538
2025-09-10,S12,P0381,CAT13,8,3,12.44,1.547,3.048,15.51,Low,,backtest,demand_forecast_run_20261005T130920538
2025-09-10,S12,P0391,CAT06,6,5,3.5,2.394,6.105,7.52,Low,,backtest,demand_forecast_run_20261005T130920538
2025-09-10,S12,P0392,CAT19,10,3,11.67,1.131,3.031,26.53,Low,,backtest,demand_forecast_run_20261005T130920538
2025-09-10,S12,P0408,CAT16,4,4,4.31,1.313,3.815,9.14,Medium,BELOW_REORDER,backtest,demand_forecast_run_20261005T130920538
2025-09-10,S12,P0409,CAT12,11,4,7.33,2.063,5.676,16,Low,,backtest,demand_forecast_run_20261005T130920538
2025-09-10,S12,P0433,CAT20,1,2,2,0.92,2.612,3.26,Medium,BELOW_REORDER|LOW_DAYS_COVER,backtest,demand_forecast_run_20261005T130920538
2025-09-10,S12,P0435,CAT14,12,6,7.64,6.286,12.658,5.73,Low,,backtest,demand_forecast_run_20261005T130920538
2025-09-10,S12,P0445,CAT02,9,3,31.47,0.846,1.684,31.9,Low,,backtest,demand_forecast_run_20261005T130920538
2025-09-10,S12,P0507,CAT02,37,14,11.77,8.802,17.509,12.61,Low,,backtest,demand_forecast_run_20261005T130920538
2025-09-10,S12,P0563,CAT13,0,6,0,3.758,7.401,0,High,ZERO_STOCK|DEMAND_EXCEEDS_STOCK|BELOW_REORDER|LOW_DAYS_COVER,backtest,demand_forecast_run_20261005T130920538
2025-09-10,S12,P0579,CAT12,8,3,16,0.894,2.46,26.85,Low,,backtest,demand_forecast_run_20261005T130920538
2025-09-10,S12,P0589,CAT03,9,4,9,2.616,5.131,10.32,Low,,backtest,demand_forecast_run_20261005T130920538
2025-09-11,S01,P0003,CAT03,9,6,7,3.747,6.259,7.21,Low,,backtest,demand_forecast_run_20261005T130920538
2025-09-11,S01,P0022,CAT05,8,5,5.9,4.174,6.463,5.75,Low,,backtest,demand_forecast_run_20261005T130920538
2025-09-11,S01,P0032,CAT11,18,14,4.27,11.937,20.396,4.52,Low,,backtest,demand_forecast_run_20261005T130920538
2025-09-11,S01,P0053,CAT06,6,3,13.99,1.391,3.166,12.94,Low,,backtest,demand_forecast_run_20261005T130920538
2025-09-11,S01,P0073,CAT13,6,3,13.99,1.826,3.534,9.86,Low,,backtest,demand_forecast_run_20261005T130920538
2025-09-11,S01,P0170,CAT17,4,4,5.09,1.908,4.949,6.29,Medium,BELOW_REORDER,backtest,demand_forecast_run_20261005T130920538
2025-09-11,S01,P0206,CAT15,16,6,20.36,4.575,8.527,10.49,Low,,backtest,demand_forecast_run_20261005T130920538
2025-09-11,S01,P0213,CAT07,9,5,7.87,3.062,7.211,8.82,Low,,backtest,demand_forecast_run_20261005T130920538
2025-09-11,S01,P0252,CAT18,22,7,11,7.022,14.992,9.4,Low,,backtest,demand_forecast_run_20261005T130920538
2025-09-11,S01,P0272,CAT13,8,3,11.2,2.168,4.197,11.07,Low,,backtest,demand_forecast_run_20261005T130920538
2025-09-11,S01,P0288,CAT14,10,4,17.51,2.998,5.215,10.01,Low,,backtest,demand_forecast_run_20261005T130920538
2025-09-11,S01,P0316,CAT15,9,3,62.94,1.22,2.274,22.13,Low,,backtest,demand_forecast_run_20261005T130920538
2025-09-11,S01,P0369,CAT09,15,8,11.66,5.931,12.377,7.59,Low,,backtest,demand_forecast_run_20261005T130920538
2025-09-11,S01,P0381,CAT13,6,3,7,2.282,4.418,7.89,Low,,backtest,demand_forecast_run_20261005T130920538
2025-09-11,S01,P0391,CAT06,12,5,6,4.931,11.224,7.3,Low,,backtest,demand_forecast_run_20261005T130920538
2025-09-11,S01,P0392,CAT19,7,3,19.61,1.067,2.464,19.69,Low,,backtest,demand_forecast_run_20261005T130920538
2025-09-11,S01,P0408,CAT16,7,4,8.91,1.983,5.375,10.59,Low,,backtest,demand_forecast_run_20261005T130920538
2025-09-11,S01,P0409,CAT12,13,4,13,1.928,4.107,20.23,Low,,backtest,demand_forecast_run_20261005T130920538
2025-09-11,S01,P0433,CAT20,7,3,48.95,0.787,2.296,26.69,Low,,backtest,demand_forecast_run_20261005T130920538
2025-09-11,S01,P0435,CAT14,15,7,10,6.828,11.879,6.59,Low,,backtest,demand_forecast_run_20261005T130920538
2025-09-11,S01,P0445,CAT02,6,4,10.51,2.536,4.527,7.1,Low,,backtest,demand_forecast_run_20261005T130920538
2025-09-11,S01,P0507,CAT02,42,14,12.25,11.137,19.881,11.31,Low,,backtest,demand_forecast_run_20261005T130920538
2025-09-11,S01,P0563,CAT13,13,6,7.58,4.108,7.952,9.49,Low,,backtest,demand_forecast_run_20261005T130920538
2025-09-11,S01,P0579,CAT12,4,3,4,1.744,3.716,6.88,Low,,backtest,demand_forecast_run_20261005T130920538
2025-09-11,S01,P0589,CAT03,15,4,21.01,2.725,4.552,16.51,Low,,backtest,demand_forecast_run_20261005T130920538
2025-09-11,S02,P0003,CAT03,0,6,0,4.415,8.56,0,High,ZERO_STOCK|DEMAND_EXCEEDS_STOCK|BELOW_REORDER|LOW_DAYS_COVER,backtest,demand_forecast_run_20261005T130920538
2025-09-11,S02,P0022,CAT05,9,6,4.85,4.698,7.774,5.75,Low,,backtest,demand_forecast_run_20261005T130920538
2025-09-11,S02,P0032,CAT11,25,17,5.47,11.589,20.975,6.47,Low,,backtest,demand_forecast_run_20261005T130920538
2025-09-11,S02,P0053,CAT06,5,3,11.66,0.666,1.524,22.53,Low,,backtest,demand_forecast_run_20261005T130920538
2025-09-11,S02,P0073,CAT13,8,3,12.44,1.548,2.988,15.51,Low,,backtest,demand_forecast_run_20261005T130920538
2025-09-11,S02,P0170,CAT17,5,3,7,1.688,3.962,8.88,Low,,backtest,demand_forecast_run_20261005T130920538
2025-09-11,S02,P0206,CAT15,9,6,6,6.476,9.555,4.17,Low,,backtest,demand_forecast_run_20261005T130920538
2025-09-11,S02,P0213,CAT07,14,5,16.34,3.232,7.006,13,Low,,backtest,demand_forecast_run_20261005T130920538
2025-09-11,S02,P0252,CAT18,6,7,3.5,6.2,12.272,2.9,High,DEMAND_EXCEEDS_STOCK|BELOW_REORDER,backtest,demand_forecast_run_20261005T130920538
2025-09-11,S02,P0272,CAT13,5,3,4.37,2.143,4.137,7,Low,,backtest,demand_forecast_run_20261005T130920538
2025-09-11,S02,P0288,CAT14,11,4,12.84,3.906,6.611,8.45,Low,,backtest,demand_forecast_run_20261005T130920538
2025-09-11,S02,P0316,CAT15,9,3,18,1.827,2.695,14.78,Low,,backtest,demand_forecast_run_20261005T130920538
2025-09-11,S02,P0369,CAT09,24,8,28,5.344,10.601,13.47,Low,,backtest,demand_forecast_run_20261005T130920538
2025-09-11,S02,P0381,CAT13,7,3,9.8,2.024,3.907,10.38,Low,,backtest,demand_forecast_run_20261005T130920538
2025-09-11,S02,P0391,CAT06,10,7,6.09,4.494,10.289,6.68,Low,,backtest,demand_forecast_run_20261005T130920538
2025-09-11,S02,P0392,CAT19,5,3,7,1.114,2.454,13.47,Low,,backtest,demand_forecast_run_20261005T130920538
2025-09-11,S02,P0408,CAT16,7,4,8.91,4.203,9.116,5,Low,,backtest,demand_forecast_run_20261005T130920538
2025-09-11,S02,P0409,CAT12,12,5,8.84,3.598,8.285,10.01,Low,,backtest,demand_forecast_run_20261005T130920538
2025-09-11,S02,P0433,CAT20,3,3,8.4,0.697,1.885,12.92,Medium,BELOW_REORDER,backtest,demand_forecast_run_20261005T130920538
2025-09-11,S02,P0435,CAT14,23,8,8.7,10.237,17.325,6.74,Low,,backtest,demand_forecast_run_20261005T130920538
2025-09-11,S02,P0445,CAT02,12,4,12,2.208,3.878,16.3,Low,,backtest,demand_forecast_run_20261005T130920538
2025-09-11,S02,P0507,CAT02,26,15,6.07,13.864,24.344,5.63,Low,,backtest,demand_forecast_run_20261005T130920538
2025-09-11,S02,P0563,CAT13,9,6,6.3,4.405,8.504,6.13,Low,,backtest,demand_forecast_run_20261005T130920538
2025-09-11,S02,P0579,CAT12,9,3,10.5,1.704,3.924,15.84,Low,,backtest,demand_forecast_run_20261005T130920538
2025-09-11,S02,P0589,CAT03,8,4,7.47,2.007,3.891,11.96,Low,,backtest,demand_forecast_run_20261005T130920538
2025-09-11,S03,P0003,CAT03,12,6,12,3.445,6.568,10.45,Low,,backtest,demand_forecast_run_20261005T130920538
2025-09-11,S03,P0022,CAT05,12,5,16.81,2.532,3.86,14.22,Low,,backtest,demand_forecast_run_20261005T130920538
2025-09-11,S03,P0032,CAT11,9,15,2.38,11.15,21.315,2.42,High,DEMAND_EXCEEDS_STOCK|BELOW_REORDER|LOW_DAYS_COVER,backtest,demand_forecast_run_20261005T130920538
2025-09-11,S03,P0053,CAT06,4,4,9.32,1.572,3.318,7.63,Medium,BELOW_REORDER,backtest,demand_forecast_run_20261005T130920538
2025-09-11,S03,P0073,CAT13,1,3,,0.525,0.978,5.71,Medium,BELOW_REORDER,backtest,demand_forecast_run_20261005T130920538
2025-09-11,S03,P0170,CAT17,9,4,9.69,2.556,4.897,10.56,Low,,backtest,demand_forecast_run_20261005T130920538
2025-09-11,S03,P0206,CAT15,6,6,6.46,4.985,8.942,3.61,Medium,BELOW_REORDER,backtest,demand_forecast_run_20261005T130920538
2025-09-11,S03,P0213,CAT07,10,4,12.72,1.833,4.206,16.37,Low,,backtest,demand_forecast_run_20261005T130920538
2025-09-11,S03,P0252,CAT18,18,8,8.13,4.677,10.385,11.55,Low,,backtest,demand_forecast_run_20261005T130920538
2025-09-11,S03,P0272,CAT13,9,3,25.21,1.926,3.586,14.02,Low,,backtest,demand_forecast_run_20261005T130920538
2025-09-11,S03,P0288,CAT14,6,3,20.98,2.41,4.096,7.47,Low,,backtest,demand_forecast_run_20261005T130920538
2025-09-11,S03,P0316,CAT15,10,4,46.73,2.346,4.208,12.79,Low,,backtest,demand_forecast_run_20261005T130920538
2025-09-11,S03,P0369,CAT09,15,8,10,4.932,10.44,9.12,Low,,backtest,demand_forecast_run_20261005T130920538
2025-09-11,S03,P0381,CAT13,6,3,20.98,1.226,2.282,14.69,Low,,backtest,demand_forecast_run_20261005T130920538
2025-09-11,S03,P0391,CAT06,6,6,2.55,4.22,8.906,4.27,Medium,BELOW_REORDER|LOW_DAYS_COVER,backtest,demand_forecast_run_20261005T130920538
2025-09-11,S03,P0392,CAT19,13,3,30.3,0.899,2.086,43.39,Low,,backtest,demand_forecast_run_20261005T130920538
2025-09-11,S03,P0408,CAT16,7,4,19.61,1.261,2.964,16.65,Low,,backtest,demand_forecast_run_20261005T130920538
2025-09-11,S03,P0409,CAT12,3,4,4.2,2.392,4.556,3.76,Medium,BELOW_REORDER,backtest,demand_forecast_run_20261005T130920538
2025-09-11,S03,P0433,CAT20,6,2,,0.432,0.893,41.71,Low,,backtest,demand_forecast_run_20261005T130920538
2025-09-11,S03,P0435,CAT14,15,7,14.01,7.229,12.287,6.22,Low,,backtest,demand_forecast_run_20261005T130920538
2025-09-11,S03,P0445,CAT02,7,3,48.95,1.453,2.534,14.45,Low,,backtest,demand_forecast_run_20261005T130920538
2025-09-11,S03,P0507,CAT02,34,14,7.56,12.592,21.964,8.1,Low,,backtest,demand_forecast_run_20261005T130920538
2025-09-11,S03,P0563,CAT13,16,6,18.67,4.552,8.477,10.55,Low,,backtest,demand_forecast_run_20261005T130920538
2025-09-11,S03,P0579,CAT12,7,3,8.17,1.794,3.417,11.71,Low,,backtest,demand_forecast_run_20261005T130920538
2025-09-11,S03,P0589,CAT03,7,5,4.9,3.132,5.971,6.7,Low,,backtest,demand_forecast_run_20261005T130920538
2025-09-11,S04,P0003,CAT03,14,5,14,3.105,6.358,13.53,Low,,backtest,demand_forecast_run_20261005T130920538
2025-09-11,S04,P0022,CAT05,14,5,17.81,2.138,4.025,19.65,Low,,backtest,demand_forecast_run_20261005T130920538
2025-09-11,S04,P0032,CAT11,17,12,4.03,9.331,18.648,5.47,Low,,backtest,demand_forecast_run_20261005T130920538
2025-09-11,S04,P0053,CAT06,12,3,56.07,0.74,1.997,48.62,Low,,backtest,demand_forecast_run_20261005T130920538
2025-09-11,S04,P0073,CAT13,2,2,4.66,1.341,2.882,4.47,Medium,BELOW_REORDER,backtest,demand_forecast_run_20261005T130920538
2025-09-11,S04,P0170,CAT17,5,3,7,2.502,6.363,6,Low,,backtest,demand_forecast_run_20261005T130920538
2025-09-11,S04,P0206,CAT15,16,5,9.33,4.5,9.791,10.67,Low,,backtest,demand_forecast_run_20261005T130920538
2025-09-11,S04,P0213,CAT07,6,4,13.99,1.488,3.921,12.09,Low,,backtest,demand_forecast_run_20261005T130920538
2025-09-11,S04,P0252,CAT18,8,6,8.61,2.881,7.122,8.33,Low,,backtest,demand_forecast_run_20261005T130920538
2025-09-11,S04,P0272,CAT13,4,3,5.6,2.384,5.123,5.03,Low,,backtest,demand_forecast_run_20261005T130920538
2025-09-11,S04,P0288,CAT14,3,4,4.2,2.123,3.907,4.24,Medium,BELOW_REORDER,backtest,demand_forecast_run_20261005T130920538
2025-09-11,S04,P0316,CAT15,6,3,28.04,0.875,1.904,20.57,Low,,backtest,demand_forecast_run_20261005T130920538
2025-09-11,S04,P0369,CAT09,19,6,12.67,4.348,10.44,13.11,Low,,backtest,demand_forecast_run_20261005T130920538
2025-09-11,S04,P0381,CAT13,7,3,12.26,1.788,3.842,11.74,Low,,backtest,demand_forecast_run_20261005T130920538
2025-09-11,S04,P0391,CAT06,5,5,3.5,2.392,6.451,6.27,Medium,BELOW_REORDER,backtest,demand_forecast_run_20261005T130920538
2025-09-11,S04,P0392,CAT19,9,3,31.47,0.668,1.496,40.43,Low,,backtest,demand_forecast_run_20261005T130920538
2025-09-11,S04,P0408,CAT16,8,3,22.41,2.137,5.2,11.23,Low,,backtest,demand_forecast_run_20261005T130920538
2025-09-11,S04,P0409,CAT12,12,4,14,1.584,4.201,22.72,Low,,backtest,demand_forecast_run_20261005T130920538
2025-09-11,S04,P0433,CAT20,5,2,70.42,0.354,1.019,42.37,Low,,backtest,demand_forecast_run_20261005T130920538
2025-09-11,S04,P0435,CAT14,10,6,5.6,7.164,13.186,4.19,Low,,backtest,demand_forecast_run_20261005T130920538
2025-09-11,S04,P0445,CAT02,7,3,12.26,1.217,2.46,17.25,Low,,backtest,demand_forecast_run_20261005T130920538
2025-09-11,S04,P0507,CAT02,16,11,5.46,9.074,18.336,5.29,Low,,backtest,demand_forecast_run_20261005T130920538
2025-09-11,S04,P0563,CAT13,14,5,32.63,2.682,5.763,15.66,Low,,backtest,demand_forecast_run_20261005T130920538
2025-09-11,S04,P0579,CAT12,0,3,0,1.008,2.673,0,High,ZERO_STOCK|DEMAND_EXCEEDS_STOCK|BELOW_REORDER|LOW_DAYS_COVER,backtest,demand_forecast_run_20261005T130920538
2025-09-11,S04,P0589,CAT03,4,4,6.22,1.82,3.727,6.59,Medium,BELOW_REORDER,backtest,demand_forecast_run_20261005T130920538
2025-09-11,S05,P0003,CAT03,7,4,10.89,2.522,5.608,8.33,Low,,backtest,demand_forecast_run_20261005T130920538
2025-09-11,S05,P0022,CAT05,10,4,10.76,4.172,8.2,7.19,Low,,backtest,demand_forecast_run_20261005T130920538
2025-09-11,S05,P0032,CAT11,10,11,5.18,8.25,16.648,3.64,Medium,BELOW_REORDER,backtest,demand_forecast_run_20261005T130920538
2025-09-11,S05,P0053,CAT06,7,3,8.91,0.743,2.346,28.28,Low,,backtest,demand_forecast_run_20261005T130920538
2025-09-11,S05,P0073,CAT13,5,2,23.36,0.717,1.694,20.91,Low,,backtest,demand_forecast_run_20261005T130920538
2025-09-11,S05,P0170,CAT17,8,3,9.33,1.414,3.737,16.97,Low,,backtest,demand_forecast_run_20261005T130920538
2025-09-11,S05,P0206,CAT15,8,4,8,2.236,5.982,10.74,Low,,backtest,demand_forecast_run_20261005T130920538
2025-09-11,S05,P0213,CAT07,13,4,13,1.63,4.63,23.92,Low,,backtest,demand_forecast_run_20261005T130920538
2025-09-11,S05,P0252,CAT18,16,5,14,4.194,8.898,11.44,Low,,backtest,demand_forecast_run_20261005T130920538
2025-09-11,S05,P0272,CAT13,0,3,0,1.883,4.448,0,High,ZERO_STOCK|DEMAND_EXCEEDS_STOCK|BELOW_REORDER|LOW_DAYS_COVER,backtest,demand_forecast_run_20261005T130920538
2025-09-11,S05,P0288,CAT14,5,3,5,2.099,4.954,7.15,Low,,backtest,demand_forecast_run_20261005T130920538
2025-09-11,S05,P0316,CAT15,7,3,12.26,1.437,3.846,14.61,Low,,backtest,demand_forecast_run_20261005T130920538
2025-09-11,S05,P0369,CAT09,17,6,14,3.095,8.958,16.48,Low,,backtest,demand_forecast_run_20261005T130920538
2025-09-11,S05,P0381,CAT13,8,3,14.01,0.717,1.694,33.46,Low,,backtest,demand_forecast_run_20261005T130920538
2025-09-11,S05,P0391,CAT06,2,5,1.17,1.771,5.595,3.39,Medium,BELOW_REORDER|LOW_DAYS_COVER,backtest,demand_forecast_run_20261005T130920538
2025-09-11,S05,P0392,CAT19,2,2,13.99,0.426,1.132,14.1,Medium,BELOW_REORDER,backtest,demand_forecast_run_20261005T130920538
2025-09-11,S05,P0408,CAT16,8,3,55.94,0.541,1.861,44.38,Low,,backtest,demand_forecast_run_20261005T130920538
2025-09-11,S05,P0409,CAT12,10,3,10,1.804,5.493,16.63,Low,,backtest,demand_forecast_run_20261005T130920538
2025-09-11,S05,P0433,CAT20,6,2,,0.441,1.072,40.8,Low,,backtest,demand_forecast_run_20261005T130920538
2025-09-11,S05,P0435,CAT14,2,6,1.22,4.75,11.212,1.26,High,DEMAND_EXCEEDS_STOCK|BELOW_REORDER|LOW_DAYS_COVER,backtest,demand_forecast_run_20261005T130920538
2025-09-11,S05,P0445,CAT02,7,3,48.95,1.515,3.158,13.86,Low,,backtest,demand_forecast_run_20261005T130920538
2025-09-11,S05,P0507,CAT02,16,9,6.79,7.375,15.371,6.51,Low,,backtest,demand_forecast_run_20261005T130920538
2025-09-11,S05,P0563,CAT13,8,5,4.87,3.138,7.412,7.65,Low,,backtest,demand_forecast_run_20261005T130920538
2025-09-11,S05,P0579,CAT12,7,3,24.48,0.515,1.569,40.75,Low,,backtest,demand_forecast_run_20261005T130920538
2025-09-11,S05,P0589,CAT03,5,4,5.38,2.522,5.608,5.95,Low,,backtest,demand_forecast_run_20261005T130920538
2025-09-11,S06,P0003,CAT03,11,6,9.06,3.009,5.376,10.97,Low,,backtest,demand_forecast_run_20261005T130920538
2025-09-11,S06,P0022,CAT05,9,6,7.41,2.683,4.129,10.06,Low,,backtest,demand_forecast_run_20261005T130920538
2025-09-11,S06,P0032,CAT11,33,18,6.51,13.725,24.174,7.21,Low,,backtest,demand_forecast_run_20261005T130920538
2025-09-11,S06,P0053,CAT06,8,4,11.2,1.852,4.12,12.96,Low,,backtest,demand_forecast_run_20261005T130920538
2025-09-11,S06,P0073,CAT13,6,4,10.51,3.319,5.561,5.42,Low,,backtest,demand_forecast_run_20261005T130920538
2025-09-11,S06,P0170,CAT17,8,4,9.33,1.762,3.767,13.62,Low,,backtest,demand_forecast_run_20261005T130920538
2025-09-11,S06,P0206,CAT15,18,7,15.75,6.938,11.545,7.78,Low,,backtest,demand_forecast_run_20261005T130920538
2025-09-11,S06,P0213,CAT07,8,6,5.9,4.983,9.616,4.82,Low,,backtest,demand_forecast_run_20261005T130920538
2025-09-11,S06,P0252,CAT18,20,8,11.2,6.615,13.637,9.07,Low,,backtest,demand_forecast_run_20261005T130920538
2025-09-11,S06,P0272,CAT13,6,4,8.4,2.523,4.226,7.13,Low,,backtest,demand_forecast_run_20261005T130920538
2025-09-11,S06,P0288,CAT14,9,4,42.06,2.266,3.841,11.91,Low,,backtest,demand_forecast_run_20261005T130920538
2025-09-11,S06,P0316,CAT15,11,4,30.81,2.312,3.848,14.27,Low,,backtest,demand_forecast_run_20261005T130920538
2025-09-11,S06,P0369,CAT09,19,10,9.85,8.002,15.342,7.12,Low,,backtest,demand_forecast_run_20261005T130920538
2025-09-11,S06,P0381,CAT13,7,4,9.8,2.656,4.448,7.91,Low,,backtest,demand_forecast_run_20261005T130920538
2025-09-11,S06,P0391,CAT06,14,7,8.52,3.292,7.325,12.76,Low,,backtest,demand_forecast_run_20261005T130920538
2025-09-11,S06,P0392,CAT19,7,3,7.53,1.818,3.751,11.55,Low,,backtest,demand_forecast_run_20261005T130920538
2025-09-11,S06,P0408,CAT16,4,5,3.73,2.697,6.193,4.45,Medium,BELOW_REORDER,backtest,demand_forecast_run_20261005T130920538
2025-09-11,S06,P0409,CAT12,10,5,9.34,2.492,5.406,12.04,Low,,backtest,demand_forecast_run_20261005T130920538
2025-09-11,S06,P0433,CAT20,5,3,23.36,1.256,2.699,11.95,Low,,backtest,demand_forecast_run_20261005T130920538
2025-09-11,S06,P0435,CAT14,8,9,4.15,7.932,13.445,3.03,Medium,BELOW_REORDER,backtest,demand_forecast_run_20261005T130920538
2025-09-11,S06,P0445,CAT02,9,4,10.5,3.101,5.194,8.71,Low,,backtest,demand_forecast_run_20261005T130920538
2025-09-11,S06,P0507,CAT02,30,17,8.4,14.639,24.517,6.15,Low,,backtest,demand_forecast_run_20261005T130920538
2025-09-11,S06,P0563,CAT13,14,6,19.61,3.718,6.228,11.3,Low,,backtest,demand_forecast_run_20261005T130920538
2025-09-11,S06,P0579,CAT12,15,4,14.01,2.392,5.19,18.81,Low,,backtest,demand_forecast_run_20261005T130920538
2025-09-11,S06,P0589,CAT03,16,6,14,2.655,4.743,18.08,Low,,backtest,demand_forecast_run_20261005T130920538
2025-09-11,S07,P0003,CAT03,9,5,10.5,2.998,6.018,9.01,Low,,backtest,demand_forecast_run_20261005T130920538
2025-09-11,S07,P0022,CAT05,12,4,10.5,3.84,7.364,9.38,Low,,backtest,demand_forecast_run_20261005T130920538
2025-09-11,S07,P0032,CAT11,26,12,7.43,10.986,20.638,7.1,Low,,backtest,demand_forecast_run_20261005T130920538
2025-09-11,S07,P0053,CAT06,5,3,8.76,0.818,2.035,18.34,Low,,backtest,demand_forecast_run_20261005T130920538
2025-09-11,S07,P0073,CAT13,6,3,28.04,0.777,1.625,23.16,Low,,backtest,demand_forecast_run_20261005T130920538
2025-09-11,S07,P0170,CAT17,9,3,42.06,1.018,2.504,26.52,Low,,backtest,demand_forecast_run_20261005T130920538
2025-09-11,S07,P0206,CAT15,5,5,4.12,3.281,7.209,4.57,Medium,BELOW_REORDER,backtest,demand_forecast_run_20261005T130920538
2025-09-11,S07,P0213,CAT07,2,4,1.65,2.505,6.352,2.4,High,DEMAND_EXCEEDS_STOCK|BELOW_REORDER|LOW_DAYS_COVER,backtest,demand_forecast_run_20261005T130920538
2025-09-11,S07,P0252,CAT18,8,5,3.73,3.691,9.784,6.5,Low,,backtest,demand_forecast_run_20261005T130920538
2025-09-11,S07,P0272,CAT13,6,3,16.81,0.777,1.625,23.16,Low,,backtest,demand_forecast_run_20261005T130920538
2025-09-11,S07,P0288,CAT14,5,3,8.76,2.407,5.016,6.23,Low,,backtest,demand_forecast_run_20261005T130920538
2025-09-11,S07,P0316,CAT15,5,3,14.01,0.919,2.018,16.33,Low,,backtest,demand_forecast_run_20261005T130920538
2025-09-11,S07,P0369,CAT09,20,7,18.67,4.541,8.503,13.21,Low,,backtest,demand_forecast_run_20261005T130920538
2025-09-11,S07,P0381,CAT13,7,3,24.48,0.907,1.896,23.16,Low,,backtest,demand_forecast_run_20261005T130920538
2025-09-11,S07,P0391,CAT06,17,5,8.21,3.067,7.63,16.63,Low,,backtest,demand_forecast_run_20261005T130920538
2025-09-11,S07,P0392,CAT19,10,3,11.67,1.887,4.477,15.9,Low,,backtest,demand_forecast_run_20261005T130920538
2025-09-11,S07,P0408,CAT16,8,3,11.2,1.483,4.558,16.18,Low,,backtest,demand_forecast_run_20261005T130920538
2025-09-11,S07,P0409,CAT12,12,4,8.4,2.352,6.132,15.31,Low,,backtest,demand_forecast_run_20261005T130920538
2025-09-11,S07,P0433,CAT20,6,2,84.51,0.262,0.757,68.81,Low,,backtest,demand_forecast_run_20261005T130920538
2025-09-11,S07,P0435,CAT14,3,7,1.36,5.617,11.705,1.6,High,DEMAND_EXCEEDS_STOCK|BELOW_REORDER|LOW_DAYS_COVER,backtest,demand_forecast_run_20261005T130920538
2025-09-11,S07,P0445,CAT02,6,3,12,1.258,2.353,14.31,Low,,backtest,demand_forecast_run_20261005T130920538
2025-09-11,S07,P0507,CAT02,21,11,7.35,8.232,15.401,7.65,Low,,backtest,demand_forecast_run_20261005T130920538
2025-09-11,S07,P0563,CAT13,11,5,5.92,3.756,7.853,8.79,Low,,backtest,demand_forecast_run_20261005T130920538
2025-09-11,S07,P0579,CAT12,4,3,4.31,1.22,3.179,9.84,Low,,backtest,demand_forecast_run_20261005T130920538
2025-09-11,S07,P0589,CAT03,7,4,8.91,2.321,4.659,9.05,Low,,backtest,demand_forecast_run_20261005T130920538
2025-09-11,S08,P0003,CAT03,14,7,7,4.331,7.098,9.7,Low,,backtest,demand_forecast_run_20261005T130920538
2025-09-11,S08,P0022,CAT05,12,6,14,5.369,7.801,6.7,Low,,backtest,demand_forecast_run_20261005T130920538
2025-09-11,S08,P0032,CAT11,55,18,13.51,14.478,22.79,11.4,Low,,backtest,demand_forecast_run_20261005T130920538
2025-09-11,S08,P0053,CAT06,2,3,2.33,1.451,3.31,4.14,Medium,BELOW_REORDER|LOW_DAYS_COVER,backtest,demand_forecast_run_20261005T130920538
2025-09-11,S08,P0073,CAT13,6,3,16.81,1.622,2.62,11.1,Low,,backtest,demand_forecast_run_20261005T130920538
2025-09-11,S08,P0170,CAT17,5,4,7,1.814,3.894,8.27,Low,,backtest,demand_forecast_run_20261005T130920538
2025-09-11,S08,P0206,CAT15,11,7,8.55,6.91,11.539,4.78,Low,,backtest,demand_forecast_run_20261005T130920538
2025-09-11,S08,P0213,CAT07,1,6,0.61,2.618,5.316,1.15,High,DEMAND_EXCEEDS_STOCK|BELOW_REORDER|LOW_DAYS_COVER,backtest,demand_forecast_run_20261005T130920538
2025-09-11,S08,P0252,CAT18,23,9,9.2,7.55,16.137,9.14,Low,,backtest,demand_forecast_run_20261005T130920538
2025-09-11,S08,P0272,CAT13,8,4,11.2,2.317,3.742,10.36,Low,,backtest,demand_forecast_run_20261005T130920538
2025-09-11,S08,P0288,CAT14,5,4,6.36,3.598,6.405,4.17,Low,,backtest,demand_forecast_run_20261005T130920538
2025-09-11,S08,P0316,CAT15,5,4,10,1.626,2.715,9.23,Low,,backtest,demand_forecast_run_20261005T130920538
2025-09-11,S08,P0369,CAT09,25,10,9.72,6.042,12.257,12.41,Low,,backtest,demand_forecast_run_20261005T130920538
2025-09-11,S08,P0381,CAT13,8,4,16,2.664,4.304,9.01,Low,,backtest,demand_forecast_run_20261005T130920538
2025-09-11,S08,P0391,CAT06,7,6,3.63,3.825,8.726,5.49,Low,,backtest,demand_forecast_run_20261005T130920538
2025-09-11,S08,P0392,CAT19,11,4,9.06,2.09,4.242,15.79,Low,,backtest,demand_forecast_run_20261005T130920538
2025-09-11,S08,P0408,CAT16,5,4,2.92,2.446,6.101,6.13,Medium,LOW_DAYS_COVER,backtest,demand_forecast_run_20261005T130920538
2025-09-11,S08,P0409,CAT12,14,5,9.33,3.543,7.322,11.86,Low,,backtest,demand_forecast_run_20261005T130920538
2025-09-11,S08,P0433,CAT20,2,2,13.99,0.956,2.113,6.27,Medium,BELOW_REORDER,backtest,demand_forecast_run_20261005T130920538
2025-09-11,S08,P0435,CAT14,28,9,12.65,9.594,17.081,8.76,Low,,backtest,demand_forecast_run_20261005T130920538
2025-09-11,S08,P0445,CAT02,5,4,6.36,2.513,3.918,5.97,Low,,backtest,demand_forecast_run_20261005T130920538
2025-09-11,S08,P0507,CAT02,18,18,3.82,15.556,24.252,3.47,Medium,BELOW_REORDER,backtest,demand_forecast_run_20261005T130920538
2025-09-11,S08,P0563,CAT13,18,8,6,7.993,12.911,6.76,Low,,backtest,demand_forecast_run_20261005T130920538
2025-09-11,S08,P0579,CAT12,6,3,20.98,1.181,2.441,15.24,Low,,backtest,demand_forecast_run_20261005T130920538
2025-09-11,S08,P0589,CAT03,10,5,10.76,3.205,5.252,9.36,Low,,backtest,demand_forecast_run_20261005T130920538
2025-09-11,S09,P0003,CAT03,16,5,14.94,3.092,5.171,15.52,Low,,backtest,demand_forecast_run_20261005T130920538
2025-09-11,S09,P0022,CAT05,16,6,16,3.96,6.319,12.12,Low,,backtest,demand_forecast_run_20261005T130920538
2025-09-11,S09,P0032,CAT11,22,17,5.22,12.362,20.346,5.34,Low,,backtest,demand_forecast_run_20261005T130920538
2025-09-11,S09,P0053,CAT06,7,3,19.61,1.466,3.025,14.33,Low,,backtest,demand_forecast_run_20261005T130920538
2025-09-11,S09,P0073,CAT13,5,3,23.36,1.579,2.589,9.5,Low,,backtest,demand_forecast_run_20261005T130920538
2025-09-11,S09,P0170,CAT17,11,4,11.84,2.155,4.725,15.31,Low,,backtest,demand_forecast_run_20261005T130920538
2025-09-11,S09,P0206,CAT15,5,6,4.37,5.507,9.053,2.72,High,DEMAND_EXCEEDS_STOCK|BELOW_REORDER,backtest,demand_forecast_run_20261005T130920538
2025-09-11,S09,P0213,CAT07,9,5,7.87,4.859,9.383,5.56,Low,,backtest,demand_forecast_run_20261005T130920538
2025-09-11,S09,P0252,CAT18,17,7,9.52,5.238,10.867,9.74,Low,,backtest,demand_forecast_run_20261005T130920538
2025-09-11,S09,P0272,CAT13,8,3,27.97,1.404,2.302,17.1,Low,,backtest,demand_forecast_run_20261005T130920538
2025-09-11,S09,P0288,CAT14,7,4,7.53,2.811,4.79,7.47,Low,,backtest,demand_forecast_run_20261005T130920538
2025-09-11,S09,P0316,CAT15,12,4,41.96,1.627,2.675,22.13,Low,,backtest,demand_forecast_run_20261005T130920538
2025-09-11,S09,P0369,CAT09,20,8,12.17,5.24,10.84,11.45,Low,,backtest,demand_forecast_run_20261005T130920538
2025-09-11,S09,P0381,CAT13,6,3,10.51,1.754,2.877,10.26,Low,,backtest,demand_forecast_run_20261005T130920538
2025-09-11,S09,P0391,CAT06,11,7,4.67,3.665,7.562,9.01,Low,,backtest,demand_forecast_run_20261005T130920538
2025-09-11,S09,P0392,CAT19,9,3,10.5,1.037,1.953,26.04,Low,,backtest,demand_forecast_run_20261005T130920538
2025-09-11,S09,P0408,CAT16,6,4,7,2.886,6.152,6.24,Low,,backtest,demand_forecast_run_20261005T130920538
2025-09-11,S09,P0409,CAT12,9,5,8.4,2.806,5.999,9.62,Low,,backtest,demand_forecast_run_20261005T130920538
2025-09-11,S09,P0433,CAT20,7,2,48.95,0.289,0.629,72.66,Low,,backtest,demand_forecast_run_20261005T130920538
2025-09-11,S09,P0435,CAT14,11,9,4.4,9.456,16.112,3.49,Low,,backtest,demand_forecast_run_20261005T130920538
2025-09-11,S09,P0445,CAT02,12,4,33.61,1.912,3.303,18.83,Low,,backtest,demand_forecast_run_20261005T130920538
2025-09-11,S09,P0507,CAT02,48,16,14.3,12.259,21.177,11.75,Low,,backtest,demand_forecast_run_20261005T130920538
2025-09-11,S09,P0563,CAT13,19,6,20.45,6.316,10.358,9.03,Low,,backtest,demand_forecast_run_20261005T130920538
2025-09-11,S09,P0579,CAT12,4,3,7.01,1.496,3.199,8.02,Low,,backtest,demand_forecast_run_20261005T130920538
2025-09-11,S09,P0589,CAT03,15,5,14.01,5.154,8.619,8.73,Low,,backtest,demand_forecast_run_20261005T130920538
2025-09-11,S10,P0003,CAT03,13,5,13,3.623,6.872,10.76,Low,,backtest,demand_forecast_run_20261005T130920538
2025-09-11,S10,P0022,CAT05,12,5,16.81,2.633,4.409,13.67,Low,,backtest,demand_forecast_run_20261005T130920538
2025-09-11,S10,P0032,CAT11,22,14,5.5,9.666,18.485,6.83,Low,,backtest,demand_forecast_run_20261005T130920538
2025-09-11,S10,P0053,CAT06,8,3,16,0.453,1.024,52.99,Low,,backtest,demand_forecast_run_20261005T130920538
2025-09-11,S10,P0073,CAT13,4,3,27.97,1.24,2.637,9.68,Low,,backtest,demand_forecast_run_20261005T130920538
2025-09-11,S10,P0170,CAT17,8,3,12.44,1.491,4.184,16.1,Low,,backtest,demand_forecast_run_20261005T130920538
2025-09-11,S10,P0206,CAT15,6,5,5.6,3.751,7.922,4.8,Low,,backtest,demand_forecast_run_20261005T130920538
2025-09-11,S10,P0213,CAT07,11,4,10.27,2.787,7.196,11.84,Low,,backtest,demand_forecast_run_20261005T130920538
2025-09-11,S10,P0252,CAT18,9,7,3.94,3.804,9.663,7.1,Low,,backtest,demand_forecast_run_20261005T130920538
2025-09-11,S10,P0272,CAT13,8,3,112.68,0.689,1.465,34.83,Low,,backtest,demand_forecast_run_20261005T130920538
2025-09-11,S10,P0288,CAT14,8,4,16,1.682,3.555,14.27,Low,,backtest,demand_forecast_run_20261005T130920538
2025-09-11,S10,P0316,CAT15,8,4,37.38,1.5,3.169,16,Low,,backtest,demand_forecast_run_20261005T130920538
2025-09-11,S10,P0369,CAT09,2,7,0.93,4.66,10.869,1.29,High,DEMAND_EXCEEDS_STOCK|BELOW_REORDER|LOW_DAYS_COVER,backtest,demand_forecast_run_20261005T130920538
2025-09-11,S10,P0381,CAT13,8,3,12.44,2.205,4.688,10.89,Low,,backtest,demand_forecast_run_20261005T130920538
2025-09-11,S10,P0391,CAT06,13,5,15.17,2.66,6.018,14.66,Low,,backtest,demand_forecast_run_20261005T130920538
2025-09-11,S10,P0392,CAT19,7,3,19.61,0.95,2.248,22.11,Low,,backtest,demand_forecast_run_20261005T130920538
2025-09-11,S10,P0408,CAT16,5,4,7,1.547,4.188,9.7,Low,,backtest,demand_forecast_run_20261005T130920538
2025-09-11,S10,P0409,CAT12,11,5,11,2.439,6.027,13.53,Low,,backtest,demand_forecast_run_20261005T130920538
2025-09-11,S10,P0433,CAT20,3,2,14.02,0.829,2.27,10.85,Low,,backtest,demand_forecast_run_20261005T130920538
2025-09-11,S10,P0435,CAT14,10,7,5.6,5.571,11.775,5.39,Low,,backtest,demand_forecast_run_20261005T130920538
2025-09-11,S10,P0445,CAT02,4,3,4.67,1.323,2.659,9.07,Low,,backtest,demand_forecast_run_20261005T130920538
2025-09-11,S10,P0507,CAT02,41,13,14,9.873,19.842,12.46,Low,,backtest,demand_forecast_run_20261005T130920538
2025-09-11,S10,P0563,CAT13,10,6,8.24,5.374,11.427,5.58,Low,,backtest,demand_forecast_run_20261005T130920538
2025-09-11,S10,P0579,CAT12,6,3,16.81,1.219,3.013,14.76,Low,,backtest,demand_forecast_run_20261005T130920538
2025-09-11,S10,P0589,CAT03,7,4,8.91,2.571,4.877,8.17,Low,,backtest,demand_forecast_run_20261005T130920538
2025-09-11,S11,P0003,CAT03,9,6,9.69,4.143,6.624,6.52,Low,,backtest,demand_forecast_run_20261005T130920538
2025-09-11,S11,P0022,CAT05,4,6,2.55,5.54,7.94,2.17,High,DEMAND_EXCEEDS_STOCK|BELOW_REORDER|LOW_DAYS_COVER,backtest,demand_forecast_run_20261005T130920538
2025-09-11,S11,P0032,CAT11,20,20,4.38,15.918,24.099,3.77,Medium,BELOW_REORDER,backtest,demand_forecast_run_20261005T130920538
2025-09-11,S11,P0053,CAT06,8,4,10.18,1.378,2.98,17.42,Low,,backtest,demand_forecast_run_20261005T130920538
2025-09-11,S11,P0073,CAT13,7,3,14,1.37,2.275,15.33,Low,,backtest,demand_forecast_run_20261005T130920538
2025-09-11,S11,P0170,CAT17,5,4,7,2.35,4.812,6.38,Low,,backtest,demand_forecast_run_20261005T130920538
2025-09-11,S11,P0206,CAT15,0,7,0,4.432,6.931,0,High,ZERO_STOCK|DEMAND_EXCEEDS_STOCK|BELOW_REORDER|LOW_DAYS_COVER,backtest,demand_forecast_run_20261005T130920538
2025-09-11,S11,P0213,CAT07,4,6,2.07,3.553,6.882,3.38,Medium,BELOW_REORDER|LOW_DAYS_COVER,backtest,demand_forecast_run_20261005T130920538
2025-09-11,S11,P0252,CAT18,18,9,6.63,7.355,14.839,7.34,Low,,backtest,demand_forecast_run_20261005T130920538
2025-09-11,S11,P0272,CAT13,9,4,18,1.686,2.8,16.02,Low,,backtest,demand_forecast_run_20261005T130920538
2025-09-11,S11,P0288,CAT14,5,5,3.89,3.504,5.673,4.28,Medium,BELOW_REORDER,backtest,demand_forecast_run_20261005T130920538
2025-09-11,S11,P0316,CAT15,11,4,12.84,3.462,5.415,9.53,Low,,backtest,demand_forecast_run_20261005T130920538
2025-09-11,S11,P0369,CAT09,20,9,7.37,7.418,14.997,8.09,Low,,backtest,demand_forecast_run_20261005T130920538
2025-09-11,S11,P0381,CAT13,12,4,10.5,3.161,5.25,11.39,Low,,backtest,demand_forecast_run_20261005T130920538
2025-09-11,S11,P0391,CAT06,0,7,0,3.49,7.548,0,High,ZERO_STOCK|DEMAND_EXCEEDS_STOCK|BELOW_REORDER|LOW_DAYS_COVER,backtest,demand_forecast_run_20261005T130920538
2025-09-11,S11,P0392,CAT19,9,3,9.69,1.888,3.44,14.3,Low,,backtest,demand_forecast_run_20261005T130920538
2025-09-11,S11,P0408,CAT16,14,5,8.91,3.313,7.011,12.68,Low,,backtest,demand_forecast_run_20261005T130920538
2025-09-11,S11,P0409,CAT12,11,5,22,2.687,5.43,12.28,Low,,backtest,demand_forecast_run_20261005T130920538
2025-09-11,S11,P0433,CAT20,9,3,31.47,0.704,1.347,38.37,Low,,backtest,demand_forecast_run_20261005T130920538
2025-09-11,S11,P0435,CAT14,11,9,4.4,8.812,14.268,3.74,Low,,backtest,demand_forecast_run_20261005T130920538
2025-09-11,S11,P0445,CAT02,15,5,21.01,2.697,4.218,16.69,Low,,backtest,demand_forecast_run_20261005T130920538
2025-09-11,S11,P0507,CAT02,56,18,11.53,13.184,20.619,12.74,Low,,backtest,demand_forecast_run_20261005T130920538
2025-09-11,S11,P0563,CAT13,19,7,8.06,6.216,10.325,9.17,Low,,backtest,demand_forecast_run_20261005T130920538
2025-09-11,S11,P0579,CAT12,1,3,1.4,1.68,3.394,1.79,High,DEMAND_EXCEEDS_STOCK|BELOW_REORDER|LOW_DAYS_COVER,backtest,demand_forecast_run_20261005T130920538
2025-09-11,S11,P0589,CAT03,10,5,7.37,3.608,5.769,8.31,Low,,backtest,demand_forecast_run_20261005T130920538
2025-09-11,S12,P0003,CAT03,14,6,9.8,2.929,5.563,14.34,Low,,backtest,demand_forecast_run_20261005T130920538
2025-09-11,S12,P0022,CAT05,1,5,0.82,3.324,5.959,0.9,High,DEMAND_EXCEEDS_STOCK|BELOW_REORDER|LOW_DAYS_COVER,backtest,demand_forecast_run_20261005T130920538
2025-09-11,S12,P0032,CAT11,35,15,6.62,12.759,22.672,8.23,Low,,backtest,demand_forecast_run_20261005T130920538
2025-09-11,S12,P0053,CAT06,9,3,7.41,1.5,3.722,18,Low,,backtest,demand_forecast_run_20261005T130920538
2025-09-11,S12,P0073,CAT13,8,3,22.41,1.098,1.945,21.87,Low,,backtest,demand_forecast_run_20261005T130920538
2025-09-11,S12,P0170,CAT17,6,3,7,1.51,4.084,11.92,Low,,backtest,demand_forecast_run_20261005T130920538
2025-09-11,S12,P0206,CAT15,17,6,10.82,3.497,7.052,14.58,Low,,backtest,demand_forecast_run_20261005T130920538
2025-09-11,S12,P0213,CAT07,8,5,6.59,2.526,6.324,9.5,Low,,backtest,demand_forecast_run_20261005T130920538
2025-09-11,S12,P0252,CAT18,19,7,9.85,4.224,10.594,13.49,Low,,backtest,demand_forecast_run_20261005T130920538
2025-09-11,S12,P0272,CAT13,3,3,3.5,2.469,4.375,3.64,Medium,BELOW_REORDER,backtest,demand_forecast_run_20261005T130920538
2025-09-11,S12,P0288,CAT14,9,4,12.61,1.94,3.768,13.91,Low,,backtest,demand_forecast_run_20261005T130920538
2025-09-11,S12,P0316,CAT15,13,3,15.17,2.404,4.848,16.22,Low,,backtest,demand_forecast_run_20261005T130920538
2025-09-11,S12,P0369,CAT09,13,8,5.52,6.607,14.915,5.9,Low,,backtest,demand_forecast_run_20261005T130920538
2025-09-11,S12,P0381,CAT13,8,3,12.44,1.921,3.403,12.5,Low,,backtest,demand_forecast_run_20261005T130920538
2025-09-11,S12,P0391,CAT06,6,5,3.65,2.643,6.557,6.81,Low,,backtest,demand_forecast_run_20261005T130920538
2025-09-11,S12,P0392,CAT19,10,3,11.67,1.319,3.306,22.75,Low,,backtest,demand_forecast_run_20261005T130920538
2025-09-11,S12,P0408,CAT16,11,4,15.41,1.425,4.117,23.15,Low,,backtest,demand_forecast_run_20261005T130920538
2025-09-11,S12,P0409,CAT12,10,4,7.37,2.273,5.828,13.2,Low,,backtest,demand_forecast_run_20261005T130920538
2025-09-11,S12,P0433,CAT20,1,2,2,0.891,2.515,3.37,Medium,BELOW_REORDER|LOW_DAYS_COVER,backtest,demand_forecast_run_20261005T130920538
2025-09-11,S12,P0435,CAT14,6,6,3,7.6,14.757,2.37,High,DEMAND_EXCEEDS_STOCK|BELOW_REORDER,backtest,demand_forecast_run_20261005T130920538
2025-09-11,S12,P0445,CAT02,9,3,31.47,1.037,1.95,26.03,Low,,backtest,demand_forecast_run_20261005T130920538
2025-09-11,S12,P0507,CAT02,23,14,5.55,11.305,21.25,6.1,Low,,backtest,demand_forecast_run_20261005T130920538
2025-09-11,S12,P0563,CAT13,18,6,12,4.664,8.265,11.58,Low,,backtest,demand_forecast_run_20261005T130920538
2025-09-11,S12,P0579,CAT12,7,3,12.26,0.953,2.444,22.03,Low,,backtest,demand_forecast_run_20261005T130920538
2025-09-11,S12,P0589,CAT03,9,4,9.69,2.323,4.412,11.62,Low,,backtest,demand_forecast_run_20261005T130920538
2025-09-12,S01,P0003,CAT03,7,6,5.16,3.46,5.844,6.07,Low,,backtest,demand_forecast_run_20261005T130920538
2025-09-12,S01,P0022,CAT05,8,5,6.22,4.013,6.158,5.98,Low,,backtest,demand_forecast_run_20261005T130920538
2025-09-12,S01,P0032,CAT11,12,14,2.75,12.188,20.515,2.95,High,DEMAND_EXCEEDS_STOCK|BELOW_REORDER|LOW_DAYS_COVER,backtest,demand_forecast_run_20261005T130920538
2025-09-12,S01,P0053,CAT06,6,3,13.99,1.537,3.377,11.71,Low,,backtest,demand_forecast_run_20261005T130920538
2025-09-12,S01,P0073,CAT13,6,3,13.99,1.867,3.594,9.64,Low,,backtest,demand_forecast_run_20261005T130920538
2025-09-12,S01,P0170,CAT17,4,4,5.6,1.912,4.643,6.28,Medium,BELOW_REORDER,backtest,demand_forecast_run_20261005T130920538
2025-09-12,S01,P0206,CAT15,14,6,15.07,4.542,8.526,9.25,Low,,backtest,demand_forecast_run_20261005T130920538
2025-09-12,S01,P0213,CAT07,9,5,7.87,3.13,6.951,8.63,Low,,backtest,demand_forecast_run_20261005T130920538
2025-09-12,S01,P0252,CAT18,22,7,11.85,7.303,15.449,9.04,Low,,backtest,demand_forecast_run_20261005T130920538
2025-09-12,S01,P0272,CAT13,8,3,11.2,2.1,4.043,11.43,Low,,backtest,demand_forecast_run_20261005T130920538
2025-09-12,S01,P0288,CAT14,10,4,17.51,2.576,4.552,11.65,Low,,backtest,demand_forecast_run_20261005T130920538
2025-09-12,S01,P0316,CAT15,9,3,62.94,1.253,2.352,21.55,Low,,backtest,demand_forecast_run_20261005T130920538
2025-09-12,S01,P0369,CAT09,15,8,11.66,6.068,11.917,7.42,Low,,backtest,demand_forecast_run_20261005T130920538
2025-09-12,S01,P0381,CAT13,6,3,7,2.334,4.492,7.71,Low,,backtest,demand_forecast_run_20261005T130920538
2025-09-12,S01,P0391,CAT06,13,5,6.5,5.31,11.666,7.34,Low,,backtest,demand_forecast_run_20261005T130920538
2025-09-12,S01,P0392,CAT19,7,3,19.61,1.189,2.482,17.66,Low,,backtest,demand_forecast_run_20261005T130920538
2025-09-12,S01,P0408,CAT16,6,4,7.63,2.064,5.737,8.72,Low,,backtest,demand_forecast_run_20261005T130920538
2025-09-12,S01,P0409,CAT12,13,4,13,1.859,3.937,20.98,Low,,backtest,demand_forecast_run_20261005T130920538
2025-09-12,S01,P0433,CAT20,7,3,48.95,0.895,2.372,23.47,Low,,backtest,demand_forecast_run_20261005T130920538
2025-09-12,S01,P0435,CAT14,13,7,7.91,6.154,10.874,6.34,Low,,backtest,demand_forecast_run_20261005T130920538
2025-09-12,S01,P0445,CAT02,6,4,10.51,2.958,4.742,6.09,Low,,backtest,demand_forecast_run_20261005T130920538
2025-09-12,S01,P0507,CAT02,37,14,10.79,12.988,20.825,8.55,Low,,backtest,demand_forecast_run_20261005T130920538
2025-09-12,S01,P0563,CAT13,11,6,6.42,3.851,7.412,8.57,Low,,backtest,demand_forecast_run_20261005T130920538
2025-09-12,S01,P0579,CAT12,4,3,4.31,1.682,3.562,7.13,Low,,backtest,demand_forecast_run_20261005T130920538
2025-09-12,S01,P0589,CAT03,13,4,15.17,2.811,4.749,13.87,Low,,backtest,demand_forecast_run_20261005T130920538
2025-09-12,S02,P0003,CAT03,0,6,0,4.446,8.848,0,High,ZERO_STOCK|DEMAND_EXCEEDS_STOCK|BELOW_REORDER|LOW_DAYS_COVER,backtest,demand_forecast_run_20261005T130920538
2025-09-12,S02,P0022,CAT05,9,6,5.04,5.011,7.999,5.39,Low,,backtest,demand_forecast_run_20261005T130920538
2025-09-12,S02,P0032,CAT11,22,17,5.05,11.614,20.021,5.68,Low,,backtest,demand_forecast_run_20261005T130920538
2025-09-12,S02,P0053,CAT06,5,3,11.66,0.818,1.708,18.34,Low,,backtest,demand_forecast_run_20261005T130920538
2025-09-12,S02,P0073,CAT13,5,3,7.78,1.505,3.034,9.97,Low,,backtest,demand_forecast_run_20261005T130920538
2025-09-12,S02,P0170,CAT17,5,3,7.78,1.693,3.896,8.86,Low,,backtest,demand_forecast_run_20261005T130920538
2025-09-12,S02,P0206,CAT15,2,6,1.17,6.315,9.842,0.95,High,DEMAND_EXCEEDS_STOCK|BELOW_REORDER|LOW_DAYS_COVER,backtest,demand_forecast_run_20261005T130920538
2025-09-12,S02,P0213,CAT07,14,5,17.81,3.17,6.664,13.25,Low,,backtest,demand_forecast_run_20261005T130920538
2025-09-12,S02,P0252,CAT18,3,7,2.1,6.145,12.065,1.46,High,DEMAND_EXCEEDS_STOCK|BELOW_REORDER|LOW_DAYS_COVER,backtest,demand_forecast_run_20261005T130920538
2025-09-12,S02,P0272,CAT13,5,3,4.37,1.968,3.967,7.62,Low,,backtest,demand_forecast_run_20261005T130920538
2025-09-12,S02,P0288,CAT14,11,4,15.41,3.177,5.432,10.39,Low,,backtest,demand_forecast_run_20261005T130920538
2025-09-12,S02,P0316,CAT15,9,3,18,1.579,2.46,17.1,Low,,backtest,demand_forecast_run_20261005T130920538
2025-09-12,S02,P0369,CAT09,24,8,28,5.717,11.167,12.59,Low,,backtest,demand_forecast_run_20261005T130920538
2025-09-12,S02,P0381,CAT13,7,3,9.8,1.968,3.967,10.67,Low,,backtest,demand_forecast_run_20261005T130920538
2025-09-12,S02,P0391,CAT06,9,7,5.25,5.111,10.674,5.28,Low,,backtest,demand_forecast_run_20261005T130920538
2025-09-12,S02,P0392,CAT19,5,3,7,1.057,2.399,14.19,Low,,backtest,demand_forecast_run_20261005T130920538
2025-09-12,S02,P0408,CAT16,7,4,10.89,4.256,9.239,4.93,Low,,backtest,demand_forecast_run_20261005T130920538
2025-09-12,S02,P0409,CAT12,12,5,8.84,3.777,8.045,9.53,Low,,backtest,demand_forecast_run_20261005T130920538
2025-09-12,S02,P0433,CAT20,3,3,8.4,0.657,1.878,13.69,Medium,BELOW_REORDER,backtest,demand_forecast_run_20261005T130920538
2025-09-12,S02,P0435,CAT14,23,8,9.76,8.92,15.25,7.73,Low,,backtest,demand_forecast_run_20261005T130920538
2025-09-12,S02,P0445,CAT02,12,4,12,2.524,4.144,14.26,Low,,backtest,demand_forecast_run_20261005T130920538
2025-09-12,S02,P0507,CAT02,24,15,5.9,15.704,25.782,4.58,Low,,backtest,demand_forecast_run_20261005T130920538
2025-09-12,S02,P0563,CAT13,9,6,6.3,4.052,8.168,6.66,Low,,backtest,demand_forecast_run_20261005T130920538
2025-09-12,S02,P0579,CAT12,8,3,9.33,1.94,4.131,12.37,Low,,backtest,demand_forecast_run_20261005T130920538
2025-09-12,S02,P0589,CAT03,7,4,6.12,1.945,3.871,10.8,Low,,backtest,demand_forecast_run_20261005T130920538
2025-09-12,S03,P0003,CAT03,11,6,10.27,3.208,6.08,10.29,Low,,backtest,demand_forecast_run_20261005T130920538
2025-09-12,S03,P0022,CAT05,10,5,11.67,2.539,3.936,11.82,Low,,backtest,demand_forecast_run_20261005T130920538
2025-09-12,S03,P0032,CAT11,6,15,1.53,10.649,19.622,1.69,High,DEMAND_EXCEEDS_STOCK|BELOW_REORDER|LOW_DAYS_COVER,backtest,demand_forecast_run_20261005T130920538
2025-09-12,S03,P0053,CAT06,3,4,6.99,1.704,3.563,5.28,Medium,BELOW_REORDER,backtest,demand_forecast_run_20261005T130920538
2025-09-12,S03,P0073,CAT13,4,3,56.34,0.49,0.858,24.5,Low,,backtest,demand_forecast_run_20261005T130920538
2025-09-12,S03,P0170,CAT17,9,4,10.5,2.758,4.91,9.79,Low,,backtest,demand_forecast_run_20261005T130920538
2025-09-12,S03,P0206,CAT15,21,6,22.6,4.639,8.49,13.58,Low,,backtest,demand_forecast_run_20261005T130920538
2025-09-12,S03,P0213,CAT07,14,4,17.81,1.741,4.07,24.12,Low,,backtest,demand_forecast_run_20261005T130920538
2025-09-12,S03,P0252,CAT18,14,8,6.76,5.218,10.758,8.05,Low,,backtest,demand_forecast_run_20261005T130920538
2025-09-12,S03,P0272,CAT13,9,3,25.21,1.796,3.147,15.04,Low,,backtest,demand_forecast_run_20261005T130920538
2025-09-12,S03,P0288,CAT14,5,3,14.01,1.836,3.548,8.17,Low,,backtest,demand_forecast_run_20261005T130920538
2025-09-12,S03,P0316,CAT15,8,4,22.41,2.456,4.495,9.77,Low,,backtest,demand_forecast_run_20261005T130920538
2025-09-12,S03,P0369,CAT09,13,8,8.27,4.752,10.102,8.21,Low,,backtest,demand_forecast_run_20261005T130920538
2025-09-12,S03,P0381,CAT13,4,3,9.32,1.469,2.575,8.17,Low,,backtest,demand_forecast_run_20261005T130920538
2025-09-12,S03,P0391,CAT06,20,6,10.77,4.345,9.085,13.81,Low,,backtest,demand_forecast_run_20261005T130920538
2025-09-12,S03,P0392,CAT19,7,3,12.26,0.963,2.348,21.8,Low,,backtest,demand_forecast_run_20261005T130920538
2025-09-12,S03,P0408,CAT16,5,4,10,1.532,3.492,9.79,Low,,backtest,demand_forecast_run_20261005T130920538
2025-09-12,S03,P0409,CAT12,3,4,4.2,2.293,4.502,3.92,Medium,BELOW_REORDER,backtest,demand_forecast_run_20261005T130920538
2025-09-12,S03,P0433,CAT20,6,2,,0.409,0.871,43.97,Low,,backtest,demand_forecast_run_20261005T130920538
2025-09-12,S03,P0435,CAT14,10,7,7,5.77,11.15,5.2,Low,,backtest,demand_forecast_run_20261005T130920538
2025-09-12,S03,P0445,CAT02,7,3,48.95,1.468,2.383,14.31,Low,,backtest,demand_forecast_run_20261005T130920538
2025-09-12,S03,P0507,CAT02,30,14,6.46,15.705,25.502,5.73,Low,,backtest,demand_forecast_run_20261005T130920538
2025-09-12,S03,P0563,CAT13,14,6,14,4.571,8.01,9.19,Low,,backtest,demand_forecast_run_20261005T130920538
2025-09-12,S03,P0579,CAT12,7,3,16.32,1.72,3.377,12.21,Low,,backtest,demand_forecast_run_20261005T130920538
2025-09-12,S03,P0589,CAT03,7,5,4.9,3.101,5.877,6.77,Low,,backtest,demand_forecast_run_20261005T130920538
2025-09-12,S04,P0003,CAT03,9,5,7,3.634,7.272,7.43,Low,,backtest,demand_forecast_run_20261005T130920538
2025-09-12,S04,P0022,CAT05,13,5,15.17,2.287,4.21,17.05,Low,,backtest,demand_forecast_run_20261005T130920538
2025-09-12,S04,P0032,CAT11,11,12,2.41,8.456,17.034,3.9,Medium,BELOW_REORDER|LOW_DAYS_COVER,backtest,demand_forecast_run_20261005T130920538
2025-09-12,S04,P0053,CAT06,9,3,25.21,0.968,2.39,27.88,Low,,backtest,demand_forecast_run_20261005T130920538
2025-09-12,S04,P0073,CAT13,7,2,16.32,1.308,2.818,16.06,Low,,backtest,demand_forecast_run_20261005T130920538
2025-09-12,S04,P0170,CAT17,1,3,1,2.869,6.996,1.05,High,DEMAND_EXCEEDS_STOCK|BELOW_REORDER|LOW_DAYS_COVER,backtest,demand_forecast_run_20261005T130920538
2025-09-12,S04,P0206,CAT15,16,5,10.18,4.199,9.364,11.43,Low,,backtest,demand_forecast_run_20261005T130920538
2025-09-12,S04,P0213,CAT07,6,4,13.99,1.637,4.004,11,Low,,backtest,demand_forecast_run_20261005T130920538
2025-09-12,S04,P0252,CAT18,7,6,8.17,3.092,7.407,6.79,Low,,backtest,demand_forecast_run_20261005T130920538
2025-09-12,S04,P0272,CAT13,3,3,4.2,2.325,5.01,3.87,Medium,BELOW_REORDER,backtest,demand_forecast_run_20261005T130920538
2025-09-12,S04,P0288,CAT14,10,4,11.67,2.063,3.747,14.54,Low,,backtest,demand_forecast_run_20261005T130920538
2025-09-12,S04,P0316,CAT15,6,3,28.04,0.864,1.928,20.82,Low,,backtest,demand_forecast_run_20261005T130920538
2025-09-12,S04,P0369,CAT09,15,6,9.55,4.614,10.617,9.75,Low,,backtest,demand_forecast_run_20261005T130920538
2025-09-12,S04,P0381,CAT13,6,3,9.33,1.889,4.07,9.53,Low,,backtest,demand_forecast_run_20261005T130920538
2025-09-12,S04,P0391,CAT06,5,5,3.68,2.582,6.372,5.81,Medium,BELOW_REORDER,backtest,demand_forecast_run_20261005T130920538
2025-09-12,S04,P0392,CAT19,5,3,14.01,0.856,1.814,17.52,Low,,backtest,demand_forecast_run_20261005T130920538
2025-09-12,S04,P0408,CAT16,8,3,22.41,2.239,5.688,10.72,Low,,backtest,demand_forecast_run_20261005T130920538
2025-09-12,S04,P0409,CAT12,12,4,14,1.451,3.646,24.81,Low,,backtest,demand_forecast_run_20261005T130920538
2025-09-12,S04,P0433,CAT20,5,2,70.42,0.261,0.69,57.56,Low,,backtest,demand_forecast_run_20261005T130920538
2025-09-12,S04,P0435,CAT14,6,6,3.23,6.074,11.032,2.96,High,DEMAND_EXCEEDS_STOCK|BELOW_REORDER,backtest,demand_forecast_run_20261005T130920538
2025-09-12,S04,P0445,CAT02,7,3,12.26,1.288,2.274,16.3,Low,,backtest,demand_forecast_run_20261005T130920538
2025-09-12,S04,P0507,CAT02,13,11,4.14,10.692,18.869,3.65,Low,,backtest,demand_forecast_run_20261005T130920538
2025-09-12,S04,P0563,CAT13,12,5,21.02,2.615,5.636,13.76,Low,,backtest,demand_forecast_run_20261005T130920538
2025-09-12,S04,P0579,CAT12,8,3,11.2,1.069,2.686,22.44,Low,,backtest,demand_forecast_run_20261005T130920538
2025-09-12,S04,P0589,CAT03,13,4,20.22,1.924,3.85,20.27,Low,,backtest,demand_forecast_run_20261005T130920538
2025-09-12,S05,P0003,CAT03,7,4,10.89,2.587,5.686,8.12,Low,,backtest,demand_forecast_run_20261005T130920538
2025-09-12,S05,P0022,CAT05,10,4,10.76,3.808,7.227,7.88,Low,,backtest,demand_forecast_run_20261005T130920538
2025-09-12,S05,P0032,CAT11,10,11,7,8.175,16.308,3.67,Medium,BELOW_REORDER,backtest,demand_forecast_run_20261005T130920538
2025-09-12,S05,P0053,CAT06,7,3,8.91,0.786,2.277,26.7,Low,,backtest,demand_forecast_run_20261005T130920538
2025-09-12,S05,P0073,CAT13,2,2,9.35,0.701,1.691,8.56,Medium,BELOW_REORDER,backtest,demand_forecast_run_20261005T130920538
2025-09-12,S05,P0170,CAT17,8,3,10.18,1.515,3.58,15.84,Low,,backtest,demand_forecast_run_20261005T130920538
2025-09-12,S05,P0206,CAT15,5,4,4.37,2.706,6.531,5.54,Low,,backtest,demand_forecast_run_20261005T130920538
2025-09-12,S05,P0213,CAT07,13,4,13,1.591,4.432,24.51,Low,,backtest,demand_forecast_run_20261005T130920538
2025-09-12,S05,P0252,CAT18,16,5,17.22,4.022,8.843,11.93,Low,,backtest,demand_forecast_run_20261005T130920538
2025-09-12,S05,P0272,CAT13,9,3,12.61,1.84,4.44,14.67,Low,,backtest,demand_forecast_run_20261005T130920538
2025-09-12,S05,P0288,CAT14,4,3,5.09,1.975,4.333,6.08,Low,,backtest,demand_forecast_run_20261005T130920538
2025-09-12,S05,P0316,CAT15,7,3,12.26,1.172,2.83,17.91,Low,,backtest,demand_forecast_run_20261005T130920538
2025-09-12,S05,P0369,CAT09,17,6,14,2.941,8.343,17.34,Low,,backtest,demand_forecast_run_20261005T130920538
2025-09-12,S05,P0381,CAT13,8,3,16,0.701,1.691,34.24,Low,,backtest,demand_forecast_run_20261005T130920538
2025-09-12,S05,P0391,CAT06,2,5,1.33,1.875,5.43,3.2,Medium,BELOW_REORDER|LOW_DAYS_COVER,backtest,demand_forecast_run_20261005T130920538
2025-09-12,S05,P0392,CAT19,6,2,41.96,0.226,0.583,79.82,Low,,backtest,demand_forecast_run_20261005T130920538
2025-09-12,S05,P0408,CAT16,8,3,55.94,0.58,1.826,41.37,Low,,backtest,demand_forecast_run_20261005T130920538
2025-09-12,S05,P0409,CAT12,14,3,14,1.919,5.398,21.89,Low,,backtest,demand_forecast_run_20261005T130920538
2025-09-12,S05,P0433,CAT20,6,2,,0.462,1.125,38.98,Low,,backtest,demand_forecast_run_20261005T130920538
2025-09-12,S05,P0435,CAT14,20,6,14.74,4.498,9.869,13.34,Low,,backtest,demand_forecast_run_20261005T130920538
2025-09-12,S05,P0445,CAT02,7,3,48.95,1.851,3.652,11.34,Low,,backtest,demand_forecast_run_20261005T130920538
2025-09-12,S05,P0507,CAT02,16,9,8,7.775,15.34,6.17,Low,,backtest,demand_forecast_run_20261005T130920538
2025-09-12,S05,P0563,CAT13,8,5,5.6,2.98,7.188,8.06,Low,,backtest,demand_forecast_run_20261005T130920538
2025-09-12,S05,P0579,CAT12,7,3,32.71,0.606,1.704,34.66,Low,,backtest,demand_forecast_run_20261005T130920538
2025-09-12,S05,P0589,CAT03,4,4,5.09,2.444,5.37,4.91,Medium,BELOW_REORDER,backtest,demand_forecast_run_20261005T130920538
2025-09-12,S06,P0003,CAT03,7,6,4.9,3.004,5.392,6.99,Low,,backtest,demand_forecast_run_20261005T130920538
2025-09-12,S06,P0022,CAT05,8,6,7,2.7,4.212,8.89,Low,,backtest,demand_forecast_run_20261005T130920538
2025-09-12,S06,P0032,CAT11,30,18,6.27,14.922,23.928,6.03,Low,,backtest,demand_forecast_run_20261005T130920538
2025-09-12,S06,P0053,CAT06,8,4,11.2,1.748,3.914,13.73,Low,,backtest,demand_forecast_run_20261005T130920538
2025-09-12,S06,P0073,CAT13,3,4,3.82,3.354,6.087,2.68,High,DEMAND_EXCEEDS_STOCK|BELOW_REORDER,backtest,demand_forecast_run_20261005T130920538
2025-09-12,S06,P0170,CAT17,4,4,4,1.624,3.496,7.39,Medium,BELOW_REORDER,backtest,demand_forecast_run_20261005T130920538
2025-09-12,S06,P0206,CAT15,16,7,12.44,7.722,12.223,6.22,Low,,backtest,demand_forecast_run_20261005T130920538
2025-09-12,S06,P0213,CAT07,6,6,4.94,5.023,9.801,3.58,Medium,BELOW_REORDER,backtest,demand_forecast_run_20261005T130920538
2025-09-12,S06,P0252,CAT18,17,8,8.5,6.319,13.744,8.07,Low,,backtest,demand_forecast_run_20261005T130920538
2025-09-12,S06,P0272,CAT13,6,4,9.33,2.036,3.696,8.84,Low,,backtest,demand_forecast_run_20261005T130920538
2025-09-12,S06,P0288,CAT14,9,4,42.06,1.945,3.434,13.88,Low,,backtest,demand_forecast_run_20261005T130920538
2025-09-12,S06,P0316,CAT15,11,4,38.46,2.263,3.582,14.58,Low,,backtest,demand_forecast_run_20261005T130920538
2025-09-12,S06,P0369,CAT09,19,10,11.56,7.492,14.348,7.61,Low,,backtest,demand_forecast_run_20261005T130920538
2025-09-12,S06,P0381,CAT13,6,4,8.4,2.396,4.348,7.51,Low,,backtest,demand_forecast_run_20261005T130920538
2025-09-12,S06,P0391,CAT06,12,7,6.72,3.362,7.526,10.71,Low,,backtest,demand_forecast_run_20261005T130920538
2025-09-12,S06,P0392,CAT19,7,3,7.53,2.047,3.992,10.26,Low,,backtest,demand_forecast_run_20261005T130920538
2025-09-12,S06,P0408,CAT16,9,5,7.87,3.238,7.366,8.34,Low,,backtest,demand_forecast_run_20261005T130920538
2025-09-12,S06,P0409,CAT12,9,5,7.87,2.408,5.17,11.21,Low,,backtest,demand_forecast_run_20261005T130920538
2025-09-12,S06,P0433,CAT20,5,3,23.36,0.925,1.921,16.21,Low,,backtest,demand_forecast_run_20261005T130920538
2025-09-12,S06,P0435,CAT14,27,9,14.54,7.67,13.547,10.56,Low,,backtest,demand_forecast_run_20261005T130920538
2025-09-12,S06,P0445,CAT02,9,4,11.45,3.414,5.52,7.91,Low,,backtest,demand_forecast_run_20261005T130920538
2025-09-12,S06,P0507,CAT02,23,17,6.44,16.218,26.22,4.25,Low,,backtest,demand_forecast_run_20261005T130920538
2025-09-12,S06,P0563,CAT13,14,6,19.61,3.234,5.87,12.99,Low,,backtest,demand_forecast_run_20261005T130920538
2025-09-12,S06,P0579,CAT12,13,4,12.14,2.504,5.376,15.57,Low,,backtest,demand_forecast_run_20261005T130920538
2025-09-12,S06,P0589,CAT03,12,6,8.4,2.832,5.084,12.71,Low,,backtest,demand_forecast_run_20261005T130920538
2025-09-12,S07,P0003,CAT03,8,5,9.33,2.916,5.969,8.23,Low,,backtest,demand_forecast_run_20261005T130920538
2025-09-12,S07,P0022,CAT05,12,4,10.5,3.353,6.442,10.74,Low,,backtest,demand_forecast_run_20261005T130920538
2025-09-12,S07,P0032,CAT11,17,12,4.76,10.166,18.658,5.02,Low,,backtest,demand_forecast_run_20261005T130920538
2025-09-12,S07,P0053,CAT06,5,3,11.66,0.763,1.961,19.66,Low,,backtest,demand_forecast_run_20261005T130920538
2025-09-12,S07,P0073,CAT13,5,3,17.48,0.784,1.797,19.14,Low,,backtest,demand_forecast_run_20261005T130920538
2025-09-12,S07,P0170,CAT17,8,3,27.97,1.077,2.674,22.29,Low,,backtest,demand_forecast_run_20261005T130920538
2025-09-12,S07,P0206,CAT15,4,5,3.11,3.472,7.351,3.46,Medium,BELOW_REORDER,backtest,demand_forecast_run_20261005T130920538
2025-09-12,S07,P0213,CAT07,11,4,8.11,2.616,6.108,12.61,Low,,backtest,demand_forecast_run_20261005T130920538
2025-09-12,S07,P0252,CAT18,7,5,3.92,3.644,9.651,5.76,Low,,backtest,demand_forecast_run_20261005T130920538
2025-09-12,S07,P0272,CAT13,5,3,17.48,0.784,1.797,19.14,Low,,backtest,demand_forecast_run_20261005T130920538
2025-09-12,S07,P0288,CAT14,1,3,1.75,2.084,4.512,1.44,High,DEMAND_EXCEEDS_STOCK|BELOW_REORDER|LOW_DAYS_COVER,backtest,demand_forecast_run_20261005T130920538
2025-09-12,S07,P0316,CAT15,5,3,14.01,0.668,1.414,22.47,Low,,backtest,demand_forecast_run_20261005T130920538
2025-09-12,S07,P0369,CAT09,16,7,13.18,3.997,8.285,12.01,Low,,backtest,demand_forecast_run_20261005T130920538
2025-09-12,S07,P0381,CAT13,6,3,16.81,0.896,2.053,20.09,Low,,backtest,demand_forecast_run_20261005T130920538
2025-09-12,S07,P0391,CAT06,14,5,7,2.861,7.355,14.68,Low,,backtest,demand_forecast_run_20261005T130920538
2025-09-12,S07,P0392,CAT19,10,3,12.72,1.855,4.202,16.17,Low,,backtest,demand_forecast_run_20261005T130920538
2025-09-12,S07,P0408,CAT16,7,3,8.91,1.449,4.74,14.49,Low,,backtest,demand_forecast_run_20261005T130920538
2025-09-12,S07,P0409,CAT12,9,4,5.48,2.346,6.271,11.51,Low,,backtest,demand_forecast_run_20261005T130920538
2025-09-12,S07,P0433,CAT20,6,2,84.51,0.24,0.704,75.09,Low,,backtest,demand_forecast_run_20261005T130920538
2025-09-12,S07,P0435,CAT14,21,7,10.14,4.451,9.638,14.15,Low,,backtest,demand_forecast_run_20261005T130920538
2025-09-12,S07,P0445,CAT02,4,3,8,1.136,2.057,10.57,Low,,backtest,demand_forecast_run_20261005T130920538
2025-09-12,S07,P0507,CAT02,21,11,7.74,8.454,15.312,7.45,Low,,backtest,demand_forecast_run_20261005T130920538
2025-09-12,S07,P0563,CAT13,10,5,5.6,3.359,7.7,8.93,Low,,backtest,demand_forecast_run_20261005T130920538
2025-09-12,S07,P0579,CAT12,2,3,1.87,1.251,3.344,4.8,Medium,BELOW_REORDER|LOW_DAYS_COVER,backtest,demand_forecast_run_20261005T130920538
2025-09-12,S07,P0589,CAT03,7,4,10.89,2.164,4.428,9.71,Low,,backtest,demand_forecast_run_20261005T130920538
2025-09-12,S08,P0003,CAT03,14,7,7,3.674,6.521,11.43,Low,,backtest,demand_forecast_run_20261005T130920538
2025-09-12,S08,P0022,CAT05,12,6,14,5.323,7.435,6.76,Low,,backtest,demand_forecast_run_20261005T130920538
2025-09-12,S08,P0032,CAT11,51,18,12.75,13.573,22.787,11.27,Low,,backtest,demand_forecast_run_20261005T130920538
2025-09-12,S08,P0053,CAT06,9,3,9.69,1.472,3.254,18.35,Low,,backtest,demand_forecast_run_20261005T130920538
2025-09-12,S08,P0073,CAT13,6,3,16.81,1.471,2.449,12.23,Low,,backtest,demand_forecast_run_20261005T130920538
2025-09-12,S08,P0170,CAT17,15,4,26.27,2.074,4.185,21.69,Low,,backtest,demand_forecast_run_20261005T130920538
2025-09-12,S08,P0206,CAT15,9,7,6.3,6.842,11.425,3.95,Low,,backtest,demand_forecast_run_20261005T130920538
2025-09-12,S08,P0213,CAT07,18,6,10.96,2.529,5.316,21.35,Low,,backtest,demand_forecast_run_20261005T130920538
2025-09-12,S08,P0252,CAT18,23,9,11.5,6.748,14.962,10.23,Low,,backtest,demand_forecast_run_20261005T130920538
2025-09-12,S08,P0272,CAT13,8,4,12.44,2.264,3.767,10.6,Low,,backtest,demand_forecast_run_20261005T130920538
2025-09-12,S08,P0288,CAT14,5,4,7,2.992,5.656,5.01,Low,,backtest,demand_forecast_run_20261005T130920538
2025-09-12,S08,P0316,CAT15,10,4,28.01,1.642,2.742,18.27,Low,,backtest,demand_forecast_run_20261005T130920538
2025-09-12,S08,P0369,CAT09,19,10,7,5.697,11.949,10,Low,,backtest,demand_forecast_run_20261005T130920538
2025-09-12,S08,P0381,CAT13,8,4,16,2.603,4.332,9.22,Low,,backtest,demand_forecast_run_20261005T130920538
2025-09-12,S08,P0391,CAT06,7,6,3.77,3.679,8.136,5.71,Low,,backtest,demand_forecast_run_20261005T130920538
2025-09-12,S08,P0392,CAT19,11,4,9.06,2.025,4.055,16.3,Low,,backtest,demand_forecast_run_20261005T130920538
2025-09-12,S08,P0408,CAT16,5,4,2.92,2.425,5.924,6.19,Medium,LOW_DAYS_COVER,backtest,demand_forecast_run_20261005T130920538
2025-09-12,S08,P0409,CAT12,14,5,9.8,3.256,6.898,12.9,Low,,backtest,demand_forecast_run_20261005T130920538
2025-09-12,S08,P0433,CAT20,7,2,48.95,1.067,2.284,19.69,Low,,backtest,demand_forecast_run_20261005T130920538
2025-09-12,S08,P0435,CAT14,24,9,10.18,8.312,15.713,8.66,Low,,backtest,demand_forecast_run_20261005T130920538
2025-09-12,S08,P0445,CAT02,5,4,6.36,2.458,3.899,6.1,Low,,backtest,demand_forecast_run_20261005T130920538
2025-09-12,S08,P0507,CAT02,16,18,3.56,15.392,24.422,3.12,Medium,BELOW_REORDER,backtest,demand_forecast_run_20261005T130920538
2025-09-12,S08,P0563,CAT13,18,8,6.46,7.696,12.808,7.02,Low,,backtest,demand_forecast_run_20261005T130920538
2025-09-12,S08,P0579,CAT12,4,3,11.2,1.283,2.718,9.35,Low,,backtest,demand_forecast_run_20261005T130920538
2025-09-12,S08,P0589,CAT03,6,5,5.25,3.275,5.812,5.5,Low,,backtest,demand_forecast_run_20261005T130920538
2025-09-12,S09,P0003,CAT03,16,5,16,2.989,4.938,16.06,Low,,backtest,demand_forecast_run_20261005T130920538
2025-09-12,S09,P0022,CAT05,14,6,14,4.036,6.543,10.41,Low,,backtest,demand_forecast_run_20261005T130920538
2025-09-12,S09,P0032,CAT11,19,17,4.59,12.426,19.775,4.59,Low,,backtest,demand_forecast_run_20261005T130920538
2025-09-12,S09,P0053,CAT06,7,3,19.61,1.43,3.062,14.68,Low,,backtest,demand_forecast_run_20261005T130920538
2025-09-12,S09,P0073,CAT13,4,3,18.69,1.477,2.53,8.12,Low,,backtest,demand_forecast_run_20261005T130920538
2025-09-12,S09,P0170,CAT17,9,4,8.4,2.325,5.316,11.61,Low,,backtest,demand_forecast_run_20261005T130920538
2025-09-12,S09,P0206,CAT15,17,6,13.22,5.684,9.506,8.97,Low,,backtest,demand_forecast_run_20261005T130920538
2025-09-12,S09,P0213,CAT07,6,5,4.42,4.661,9.679,3.86,Low,,backtest,demand_forecast_run_20261005T130920538
2025-09-12,S09,P0252,CAT18,13,7,6.28,5.057,11.036,7.71,Low,,backtest,demand_forecast_run_20261005T130920538
2025-09-12,S09,P0272,CAT13,8,3,27.97,1.313,2.249,18.28,Low,,backtest,demand_forecast_run_20261005T130920538
2025-09-12,S09,P0288,CAT14,7,4,7.53,2.34,4.446,8.97,Low,,backtest,demand_forecast_run_20261005T130920538
2025-09-12,S09,P0316,CAT15,12,4,41.96,1.516,2.535,23.75,Low,,backtest,demand_forecast_run_20261005T130920538
2025-09-12,S09,P0369,CAT09,17,8,10.35,4.834,10.58,10.55,Low,,backtest,demand_forecast_run_20261005T130920538
2025-09-12,S09,P0381,CAT13,6,3,10.51,1.641,2.812,10.97,Low,,backtest,demand_forecast_run_20261005T130920538
2025-09-12,S09,P0391,CAT06,11,7,5.31,3.511,7.517,9.4,Low,,backtest,demand_forecast_run_20261005T130920538
2025-09-12,S09,P0392,CAT19,9,3,10.5,0.934,1.875,28.92,Low,,backtest,demand_forecast_run_20261005T130920538
2025-09-12,S09,P0408,CAT16,0,4,0,2.779,6.438,0,High,ZERO_STOCK|DEMAND_EXCEEDS_STOCK|BELOW_REORDER|LOW_DAYS_COVER,backtest,demand_forecast_run_20261005T130920538
2025-09-12,S09,P0409,CAT12,9,5,8.4,2.457,5.596,10.99,Low,,backtest,demand_forecast_run_20261005T130920538
2025-09-12,S09,P0433,CAT20,7,2,48.95,0.231,0.581,90.75,Low,,backtest,demand_forecast_run_20261005T130920538
2025-09-12,S09,P0435,CAT14,6,9,2.1,7.977,15.155,2.26,High,DEMAND_EXCEEDS_STOCK|BELOW_REORDER|LOW_DAYS_COVER,backtest,demand_forecast_run_20261005T130920538
2025-09-12,S09,P0445,CAT02,12,4,33.61,2.146,3.489,16.78,Low,,backtest,demand_forecast_run_20261005T130920538
2025-09-12,S09,P0507,CAT02,47,16,14.62,13.504,21.96,10.44,Low,,backtest,demand_forecast_run_20261005T130920538
2025-09-12,S09,P0563,CAT13,16,6,14.94,6.401,10.966,7.5,Low,,backtest,demand_forecast_run_20261005T130920538
2025-09-12,S09,P0579,CAT12,3,3,4.67,1.492,3.398,6.03,Medium,BELOW_REORDER,backtest,demand_forecast_run_20261005T130920538
2025-09-12,S09,P0589,CAT03,13,5,10.71,5.289,8.737,7.37,Low,,backtest,demand_forecast_run_20261005T130920538
2025-09-12,S10,P0003,CAT03,5,5,3.33,4.294,7.543,3.49,Medium,BELOW_REORDER,backtest,demand_forecast_run_20261005T130920538
2025-09-12,S10,P0022,CAT05,12,5,16.81,2.625,4.064,13.71,Low,,backtest,demand_forecast_run_20261005T130920538
2025-09-12,S10,P0032,CAT11,18,14,4.27,9.914,18.404,5.45,Low,,backtest,demand_forecast_run_20261005T130920538
2025-09-12,S10,P0053,CAT06,8,3,16,0.499,1.089,48.08,Low,,backtest,demand_forecast_run_20261005T130920538
2025-09-12,S10,P0073,CAT13,3,3,14.02,1.355,2.824,6.64,Medium,BELOW_REORDER,backtest,demand_forecast_run_20261005T130920538
2025-09-12,S10,P0170,CAT17,9,3,12.61,1.532,3.92,17.63,Low,,backtest,demand_forecast_run_20261005T130920538
2025-09-12,S10,P0206,CAT15,6,5,6.46,3.711,7.577,4.85,Low,,backtest,demand_forecast_run_20261005T130920538
2025-09-12,S10,P0213,CAT07,11,4,10.27,2.856,6.986,11.55,Low,,backtest,demand_forecast_run_20261005T130920538
2025-09-12,S10,P0252,CAT18,8,7,3.73,4.053,9.772,5.92,Low,,backtest,demand_forecast_run_20261005T130920538
2025-09-12,S10,P0272,CAT13,8,3,112.68,0.677,1.412,35.43,Low,,backtest,demand_forecast_run_20261005T130920538
2025-09-12,S10,P0288,CAT14,5,4,7.78,1.766,3.814,8.49,Low,,backtest,demand_forecast_run_20261005T130920538
2025-09-12,S10,P0316,CAT15,8,4,37.38,1.484,3.031,16.17,Low,,backtest,demand_forecast_run_20261005T130920538
2025-09-12,S10,P0369,CAT09,22,7,10.62,4.494,10.486,14.69,Low,,backtest,demand_forecast_run_20261005T130920538
2025-09-12,S10,P0381,CAT13,8,3,12.44,2.168,4.519,11.07,Low,,backtest,demand_forecast_run_20261005T130920538
2025-09-12,S10,P0391,CAT06,12,5,12.92,2.808,6.127,12.82,Low,,backtest,demand_forecast_run_20261005T130920538
2025-09-12,S10,P0392,CAT19,7,3,19.61,0.977,2.275,21.49,Low,,backtest,demand_forecast_run_20261005T130920538
2025-09-12,S10,P0408,CAT16,5,4,8.76,1.529,4.231,9.81,Low,,backtest,demand_forecast_run_20261005T130920538
2025-09-12,S10,P0409,CAT12,10,5,9.34,2.513,6.006,11.94,Low,,backtest,demand_forecast_run_20261005T130920538
2025-09-12,S10,P0433,CAT20,3,2,14.02,0.91,2.367,9.89,Low,,backtest,demand_forecast_run_20261005T130920538
2025-09-12,S10,P0435,CAT14,10,7,7.37,4.927,10.638,6.09,Low,,backtest,demand_forecast_run_20261005T130920538
2025-09-12,S10,P0445,CAT02,4,3,4.67,1.554,2.874,7.72,Low,,backtest,demand_forecast_run_20261005T130920538
2025-09-12,S10,P0507,CAT02,36,13,12.92,11.834,21.884,9.13,Low,,backtest,demand_forecast_run_20261005T130920538
2025-09-12,S10,P0563,CAT13,10,6,9.34,5.148,10.732,5.83,Low,,backtest,demand_forecast_run_20261005T130920538
2025-09-12,S10,P0579,CAT12,6,3,20.98,1.206,2.883,14.92,Low,,backtest,demand_forecast_run_20261005T130920538
2025-09-12,S10,P0589,CAT03,6,4,7.63,2.669,4.689,6.74,Low,,backtest,demand_forecast_run_20261005T130920538
2025-09-12,S11,P0003,CAT03,7,6,7,3.684,5.768,5.7,Low,,backtest,demand_forecast_run_20261005T130920538
2025-09-12,S11,P0022,CAT05,19,6,13.3,4.789,7.362,11.9,Low,,backtest,demand_forecast_run_20261005T130920538
2025-09-12,S11,P0032,CAT11,1,20,0.18,16.28,25.042,0.18,High,DEMAND_EXCEEDS_STOCK|BELOW_REORDER|LOW_DAYS_COVER,backtest,demand_forecast_run_20261005T130920538
2025-09-12,S11,P0053,CAT06,8,4,10.18,1.393,2.935,17.23,Low,,backtest,demand_forecast_run_20261005T130920538
2025-09-12,S11,P0073,CAT13,7,3,19.61,1.275,2.091,16.48,Low,,backtest,demand_forecast_run_20261005T130920538
2025-09-12,S11,P0170,CAT17,2,4,2.15,2.063,4.044,2.91,High,DEMAND_EXCEEDS_STOCK|BELOW_REORDER|LOW_DAYS_COVER,backtest,demand_forecast_run_20261005T130920538
2025-09-12,S11,P0206,CAT15,0,7,0,4.706,7.224,0,High,ZERO_STOCK|DEMAND_EXCEEDS_STOCK|BELOW_REORDER|LOW_DAYS_COVER,backtest,demand_forecast_run_20261005T130920538
2025-09-12,S11,P0213,CAT07,18,6,10.96,3.413,6.586,15.82,Low,,backtest,demand_forecast_run_20261005T130920538
2025-09-12,S11,P0252,CAT18,16,9,6.4,6.979,13.961,6.88,Low,,backtest,demand_forecast_run_20261005T130920538
2025-09-12,S11,P0272,CAT13,9,4,20.98,1.471,2.413,18.36,Low,,backtest,demand_forecast_run_20261005T130920538
2025-09-12,S11,P0288,CAT14,19,5,15.65,2.891,5.011,19.72,Low,,backtest,demand_forecast_run_20261005T130920538
2025-09-12,S11,P0316,CAT15,11,4,12.84,3.565,5.473,9.26,Low,,backtest,demand_forecast_run_20261005T130920538
2025-09-12,S11,P0369,CAT09,20,9,8.23,6.951,14.44,8.63,Low,,backtest,demand_forecast_run_20261005T130920538
2025-09-12,S11,P0381,CAT13,10,4,7,3.236,5.309,9.27,Low,,backtest,demand_forecast_run_20261005T130920538
2025-09-12,S11,P0391,CAT06,0,7,0,3.528,7.435,0,High,ZERO_STOCK|DEMAND_EXCEEDS_STOCK|BELOW_REORDER|LOW_DAYS_COVER,backtest,demand_forecast_run_20261005T130920538
2025-09-12,S11,P0392,CAT19,9,3,9.69,1.873,3.578,14.42,Low,,backtest,demand_forecast_run_20261005T130920538
2025-09-12,S11,P0408,CAT16,9,5,5.48,3.282,6.983,8.23,Low,,backtest,demand_forecast_run_20261005T130920538
2025-09-12,S11,P0409,CAT12,9,5,14,2.808,5.486,9.61,Low,,backtest,demand_forecast_run_20261005T130920538
2025-09-12,S11,P0433,CAT20,9,3,31.47,0.589,1.046,45.86,Low,,backtest,demand_forecast_run_20261005T130920538
2025-09-12,S11,P0435,CAT14,10,9,4.12,7.096,12.299,4.23,Low,,backtest,demand_forecast_run_20261005T130920538
2025-09-12,S11,P0445,CAT02,15,5,21.01,3.084,4.722,14.59,Low,,backtest,demand_forecast_run_20261005T130920538
2025-09-12,S11,P0507,CAT02,53,18,12.37,15.18,23.249,10.47,Low,,backtest,demand_forecast_run_20261005T130920538
2025-09-12,S11,P0563,CAT13,17,7,7.21,5.981,9.813,8.53,Low,,backtest,demand_forecast_run_20261005T130920538
2025-09-12,S11,P0579,CAT12,1,3,1.56,1.685,3.292,1.78,High,DEMAND_EXCEEDS_STOCK|BELOW_REORDER|LOW_DAYS_COVER,backtest,demand_forecast_run_20261005T130920538
2025-09-12,S11,P0589,CAT03,10,5,7.78,3.09,4.837,9.71,Low,,backtest,demand_forecast_run_20261005T130920538
2025-09-12,S12,P0003,CAT03,13,6,8.67,3.14,5.698,12.42,Low,,backtest,demand_forecast_run_20261005T130920538
2025-09-12,S12,P0022,CAT05,1,5,0.87,3.014,5.65,1,High,DEMAND_EXCEEDS_STOCK|BELOW_REORDER|LOW_DAYS_COVER,backtest,demand_forecast_run_20261005T130920538
2025-09-12,S12,P0032,CAT11,27,15,5.04,12.824,22.511,6.32,Low,,backtest,demand_forecast_run_20261005T130920538
2025-09-12,S12,P0053,CAT06,8,3,7.47,1.606,3.722,14.95,Low,,backtest,demand_forecast_run_20261005T130920538
2025-09-12,S12,P0073,CAT13,8,3,22.41,1.153,2.016,20.82,Low,,backtest,demand_forecast_run_20261005T130920538
2025-09-12,S12,P0170,CAT17,6,3,8.4,1.611,4.256,11.17,Low,,backtest,demand_forecast_run_20261005T130920538
2025-09-12,S12,P0206,CAT15,14,6,8.17,3.308,6.686,12.7,Low,,backtest,demand_forecast_run_20261005T130920538
2025-09-12,S12,P0213,CAT07,8,5,6.59,2.512,5.869,9.56,Low,,backtest,demand_forecast_run_20261005T130920538
2025-09-12,S12,P0252,CAT18,19,7,10.64,4.31,10.238,13.22,Low,,backtest,demand_forecast_run_20261005T130920538
2025-09-12,S12,P0272,CAT13,10,3,11.67,2.45,4.284,12.25,Low,,backtest,demand_forecast_run_20261005T130920538
2025-09-12,S12,P0288,CAT14,5,4,5,2.25,4.437,6.67,Low,,backtest,demand_forecast_run_20261005T130920538
2025-09-12,S12,P0316,CAT15,13,3,15.17,2.171,4.388,17.96,Low,,backtest,demand_forecast_run_20261005T130920538
2025-09-12,S12,P0369,CAT09,13,8,5.2,6.942,14.86,5.62,Low,,backtest,demand_forecast_run_20261005T130920538
2025-09-12,S12,P0381,CAT13,8,3,12.44,2.017,3.528,11.9,Low,,backtest,demand_forecast_run_20261005T130920538
2025-09-12,S12,P0391,CAT06,5,5,3.04,2.701,6.26,5.55,Medium,BELOW_REORDER,backtest,demand_forecast_run_20261005T130920538
2025-09-12,S12,P0392,CAT19,10,3,11.67,1.208,3.018,24.84,Low,,backtest,demand_forecast_run_20261005T130920538
2025-09-12,S12,P0408,CAT16,10,4,14.01,1.461,4.143,20.54,Low,,backtest,demand_forecast_run_20261005T130920538
2025-09-12,S12,P0409,CAT12,10,4,7.37,2.224,5.232,13.49,Low,,backtest,demand_forecast_run_20261005T130920538
2025-09-12,S12,P0433,CAT20,6,2,13.99,0.778,2.081,23.13,Low,,backtest,demand_forecast_run_20261005T130920538
2025-09-12,S12,P0435,CAT14,4,6,1.93,6.892,13.587,1.74,High,DEMAND_EXCEEDS_STOCK|BELOW_REORDER|LOW_DAYS_COVER,backtest,demand_forecast_run_20261005T130920538
2025-09-12,S12,P0445,CAT02,6,3,13.99,1.519,2.669,11.85,Low,,backtest,demand_forecast_run_20261005T130920538
2025-09-12,S12,P0507,CAT02,16,14,3.45,12.034,21.146,3.99,Low,,backtest,demand_forecast_run_20261005T130920538
2025-09-12,S12,P0563,CAT13,18,6,12.6,4.467,7.811,12.09,Low,,backtest,demand_forecast_run_20261005T130920538
2025-09-12,S12,P0579,CAT12,6,3,12,1.074,2.526,16.76,Low,,backtest,demand_forecast_run_20261005T130920538
2025-09-12,S12,P0589,CAT03,9,4,9.69,2.382,4.323,11.33,Low,,backtest,demand_forecast_run_20261005T130920538
2025-09-13,S01,P0003,CAT03,3,6,2,3.713,6.477,2.42,High,DEMAND_EXCEEDS_STOCK|BELOW_REORDER|LOW_DAYS_COVER,backtest,demand_forecast_run_20261005T130920538
2025-09-13,S01,P0022,CAT05,7,5,5.77,3.23,5.198,6.5,Low,,backtest,demand_forecast_run_20261005T130920538
2025-09-13,S01,P0032,CAT11,43,14,10.75,11.542,19.785,11.18,Low,,backtest,demand_forecast_run_20261005T130920538
2025-09-13,S01,P0053,CAT06,5,3,11.66,1.417,3.066,10.59,Low,,backtest,demand_forecast_run_20261005T130920538
2025-09-13,S01,P0073,CAT13,5,3,11.66,1.429,2.754,10.5,Low,,backtest,demand_forecast_run_20261005T130920538
2025-09-13,S01,P0170,CAT17,12,4,16.81,1.84,4.124,19.57,Low,,backtest,demand_forecast_run_20261005T130920538
2025-09-13,S01,P0206,CAT15,13,6,13,3.955,7.272,9.86,Low,,backtest,demand_forecast_run_20261005T130920538
2025-09-13,S01,P0213,CAT07,6,5,4.42,2.891,6.022,6.23,Low,,backtest,demand_forecast_run_20261005T130920538
2025-09-13,S01,P0252,CAT18,21,7,11.31,6.694,14.656,9.41,Low,,backtest,demand_forecast_run_20261005T130920538
2025-09-13,S01,P0272,CAT13,6,3,7.63,2.089,4.025,8.62,Low,,backtest,demand_forecast_run_20261005T130920538
2025-09-13,S01,P0288,CAT14,10,4,20,1.516,2.98,19.79,Low,,backtest,demand_forecast_run_20261005T130920538
2025-09-13,S01,P0316,CAT15,8,3,37.38,1.13,2.078,21.24,Low,,backtest,demand_forecast_run_20261005T130920538
2025-09-13,S01,P0369,CAT09,14,8,14,5.372,10.372,7.82,Low,,backtest,demand_forecast_run_20261005T130920538
2025-09-13,S01,P0381,CAT13,6,3,7,2.089,4.025,8.62,Low,,backtest,demand_forecast_run_20261005T130920538
2025-09-13,S01,P0391,CAT06,13,5,6.74,5.384,11.649,7.24,Low,,backtest,demand_forecast_run_20261005T130920538
2025-09-13,S01,P0392,CAT19,7,3,24.48,1.158,2.376,18.13,Low,,backtest,demand_forecast_run_20261005T130920538
2025-09-13,S01,P0408,CAT16,4,4,5.09,1.823,5.328,6.58,Medium,BELOW_REORDER,backtest,demand_forecast_run_20261005T130920538
2025-09-13,S01,P0409,CAT12,10,4,9.34,1.725,3.827,17.39,Low,,backtest,demand_forecast_run_20261005T130920538
2025-09-13,S01,P0433,CAT20,7,3,48.95,0.653,1.806,32.18,Low,,backtest,demand_forecast_run_20261005T130920538
2025-09-13,S01,P0435,CAT14,12,7,7.3,5.015,9.858,7.18,Low,,backtest,demand_forecast_run_20261005T130920538
2025-09-13,S01,P0445,CAT02,3,4,3.82,3.646,5.621,2.47,High,DEMAND_EXCEEDS_STOCK|BELOW_REORDER,backtest,demand_forecast_run_20261005T130920538
2025-09-13,S01,P0507,CAT02,35,14,10.21,14.022,21.62,7.49,Low,,backtest,demand_forecast_run_20261005T130920538
2025-09-13,S01,P0563,CAT13,7,6,4.08,3.957,7.625,5.31,Low,,backtest,demand_forecast_run_20261005T130920538
2025-09-13,S01,P0579,CAT12,3,3,3.23,1.176,2.61,7.65,Medium,BELOW_REORDER,backtest,demand_forecast_run_20261005T130920538
2025-09-13,S01,P0589,CAT03,12,4,12.92,2.681,4.678,13.43,Low,,backtest,demand_forecast_run_20261005T130920538
2025-09-13,S02,P0003,CAT03,0,6,0,4.067,8.694,0,High,ZERO_STOCK|DEMAND_EXCEEDS_STOCK|BELOW_REORDER|LOW_DAYS_COVER,backtest,demand_forecast_run_20261005T130920538
2025-09-13,S02,P0022,CAT05,9,6,5.25,4.552,7.418,5.93,Low,,backtest,demand_forecast_run_20261005T130920538
2025-09-13,S02,P0032,CAT11,58,17,13.53,10.858,19.413,16.02,Low,,backtest,demand_forecast_run_20261005T130920538
2025-09-13,S02,P0053,CAT06,3,3,6.99,0.836,1.784,10.77,Medium,BELOW_REORDER,backtest,demand_forecast_run_20261005T130920538
2025-09-13,S02,P0073,CAT13,5,3,8.76,1.277,2.756,11.75,Low,,backtest,demand_forecast_run_20261005T130920538
2025-09-13,S02,P0170,CAT17,5,3,8.76,1.406,3.248,10.67,Low,,backtest,demand_forecast_run_20261005T130920538
2025-09-13,S02,P0206,CAT15,2,6,1.17,4.92,8.551,1.22,High,DEMAND_EXCEEDS_STOCK|BELOW_REORDER|LOW_DAYS_COVER,backtest,demand_forecast_run_20261005T130920538
2025-09-13,S02,P0213,CAT07,14,5,17.81,3.285,7.186,12.78,Low,,backtest,demand_forecast_run_20261005T130920538
2025-09-13,S02,P0252,CAT18,3,7,2.33,5.586,11.514,1.61,High,DEMAND_EXCEEDS_STOCK|BELOW_REORDER|LOW_DAYS_COVER,backtest,demand_forecast_run_20261005T130920538
2025-09-13,S02,P0272,CAT13,5,3,4.37,1.571,3.392,9.55,Low,,backtest,demand_forecast_run_20261005T130920538
2025-09-13,S02,P0288,CAT14,11,4,19.26,2.334,4.299,14.14,Low,,backtest,demand_forecast_run_20261005T130920538
2025-09-13,S02,P0316,CAT15,8,3,14.01,1.546,2.688,15.52,Low,,backtest,demand_forecast_run_20261005T130920538
2025-09-13,S02,P0369,CAT09,23,8,26.84,5.478,11.255,12.6,Low,,backtest,demand_forecast_run_20261005T130920538
2025-09-13,S02,P0381,CAT13,5,3,7,1.571,3.392,9.55,Low,,backtest,demand_forecast_run_20261005T130920538
2025-09-13,S02,P0391,CAT06,9,7,6.63,4.805,10.258,5.62,Low,,backtest,demand_forecast_run_20261005T130920538
2025-09-13,S02,P0392,CAT19,4,3,5.09,1.002,2.523,11.98,Low,,backtest,demand_forecast_run_20261005T130920538
2025-09-13,S02,P0408,CAT16,9,4,14,3.471,8.232,7.78,Low,,backtest,demand_forecast_run_20261005T130920538
2025-09-13,S02,P0409,CAT12,10,5,7,3.888,8.241,7.72,Low,,backtest,demand_forecast_run_20261005T130920538
2025-09-13,S02,P0433,CAT20,8,3,22.41,0.646,1.84,37.12,Low,,backtest,demand_forecast_run_20261005T130920538
2025-09-13,S02,P0435,CAT14,21,8,8.91,7.001,12.896,9,Low,,backtest,demand_forecast_run_20261005T130920538
2025-09-13,S02,P0445,CAT02,12,4,12,2.369,3.935,15.2,Low,,backtest,demand_forecast_run_20261005T130920538
2025-09-13,S02,P0507,CAT02,21,15,5.16,17.055,28.333,3.69,Low,,backtest,demand_forecast_run_20261005T130920538
2025-09-13,S02,P0563,CAT13,9,6,6.3,3.437,7.42,7.86,Low,,backtest,demand_forecast_run_20261005T130920538
2025-09-13,S02,P0579,CAT12,8,3,9.33,1.595,3.381,15.05,Low,,backtest,demand_forecast_run_20261005T130920538
2025-09-13,S02,P0589,CAT03,14,4,12.25,2.033,4.347,20.66,Low,,backtest,demand_forecast_run_20261005T130920538
2025-09-13,S03,P0003,CAT03,10,6,10.76,3.2,6.403,9.38,Low,,backtest,demand_forecast_run_20261005T130920538
2025-09-13,S03,P0022,CAT05,9,5,9.69,2.442,3.883,11.05,Low,,backtest,demand_forecast_run_20261005T130920538
2025-09-13,S03,P0032,CAT11,5,15,1.43,11.225,20.17,1.34,High,DEMAND_EXCEEDS_STOCK|BELOW_REORDER|LOW_DAYS_COVER,backtest,demand_forecast_run_20261005T130920538
2025-09-13,S03,P0053,CAT06,3,4,6.99,1.619,3.382,5.56,Medium,BELOW_REORDER,backtest,demand_forecast_run_20261005T130920538
2025-09-13,S03,P0073,CAT13,2,3,9.35,0.691,1.325,8.68,Medium,BELOW_REORDER,backtest,demand_forecast_run_20261005T130920538
2025-09-13,S03,P0170,CAT17,9,4,12.61,2.748,4.927,9.83,Low,,backtest,demand_forecast_run_20261005T130920538
2025-09-13,S03,P0206,CAT15,20,6,21.53,3.975,8.129,15.1,Low,,backtest,demand_forecast_run_20261005T130920538
2025-09-13,S03,P0213,CAT07,11,4,12.84,1.797,4.186,18.37,Low,,backtest,demand_forecast_run_20261005T130920538
2025-09-13,S03,P0252,CAT18,14,8,9.8,5.05,10.446,8.32,Low,,backtest,demand_forecast_run_20261005T130920538
2025-09-13,S03,P0272,CAT13,9,3,25.21,1.521,2.914,17.75,Low,,backtest,demand_forecast_run_20261005T130920538
2025-09-13,S03,P0288,CAT14,5,3,14.01,1.394,2.826,10.76,Low,,backtest,demand_forecast_run_20261005T130920538
2025-09-13,S03,P0316,CAT15,8,4,22.41,2.044,4.181,11.74,Low,,backtest,demand_forecast_run_20261005T130920538
2025-09-13,S03,P0369,CAT09,13,8,10.71,4.438,9.577,8.79,Low,,backtest,demand_forecast_run_20261005T130920538
2025-09-13,S03,P0381,CAT13,2,3,4,1.521,2.914,3.95,Medium,BELOW_REORDER,backtest,demand_forecast_run_20261005T130920538
2025-09-13,S03,P0391,CAT06,18,6,9,4.29,8.961,12.59,Low,,backtest,demand_forecast_run_20261005T130920538
2025-09-13,S03,P0392,CAT19,7,3,12.26,0.859,2.032,24.45,Low,,backtest,demand_forecast_run_20261005T130920538
2025-09-13,S03,P0408,CAT16,4,4,7.01,1.415,3.252,8.48,Medium,BELOW_REORDER,backtest,demand_forecast_run_20261005T130920538
2025-09-13,S03,P0409,CAT12,2,4,2.54,2.117,4.254,2.83,High,DEMAND_EXCEEDS_STOCK|BELOW_REORDER|LOW_DAYS_COVER,backtest,demand_forecast_run_20261005T130920538
2025-09-13,S03,P0433,CAT20,6,2,,0.371,0.781,48.49,Low,,backtest,demand_forecast_run_20261005T130920538
2025-09-13,S03,P0435,CAT14,9,7,6.3,5.228,10.596,5.16,Low,,backtest,demand_forecast_run_20261005T130920538
2025-09-13,S03,P0445,CAT02,6,3,28.04,1.706,2.695,10.55,Low,,backtest,demand_forecast_run_20261005T130920538
2025-09-13,S03,P0507,CAT02,28,14,6.76,16.745,26.461,5.02,Low,,backtest,demand_forecast_run_20261005T130920538
2025-09-13,S03,P0563,CAT13,13,6,18.21,3.595,6.888,10.85,Low,,backtest,demand_forecast_run_20261005T130920538
2025-09-13,S03,P0579,CAT12,5,3,8.76,1.714,3.444,8.75,Low,,backtest,demand_forecast_run_20261005T130920538
2025-09-13,S03,P0589,CAT03,7,5,6.54,2.993,5.99,7.02,Low,,backtest,demand_forecast_run_20261005T130920538
2025-09-13,S04,P0003,CAT03,9,5,7,3.35,6.546,8.06,Low,,backtest,demand_forecast_run_20261005T130920538
2025-09-13,S04,P0022,CAT05,12,5,14,2.211,3.937,16.28,Low,,backtest,demand_forecast_run_20261005T130920538
2025-09-13,S04,P0032,CAT11,38,12,9.67,8.197,16.493,13.91,Low,,backtest,demand_forecast_run_20261005T130920538
2025-09-13,S04,P0053,CAT06,8,3,18.65,1.092,2.65,21.98,Low,,backtest,demand_forecast_run_20261005T130920538
2025-09-13,S04,P0073,CAT13,7,2,19.61,1.107,2.557,18.96,Low,,backtest,demand_forecast_run_20261005T130920538
2025-09-13,S04,P0170,CAT17,9,3,9,2.67,6.579,10.11,Low,,backtest,demand_forecast_run_20261005T130920538
2025-09-13,S04,P0206,CAT15,16,5,12.44,3.266,7.404,14.7,Low,,backtest,demand_forecast_run_20261005T130920538
2025-09-13,S04,P0213,CAT07,5,4,10,1.722,3.841,8.71,Low,,backtest,demand_forecast_run_20261005T130920538
2025-09-13,S04,P0252,CAT18,2,6,1.65,3.331,7.112,1.8,High,DEMAND_EXCEEDS_STOCK|BELOW_REORDER|LOW_DAYS_COVER,backtest,demand_forecast_run_20261005T130920538
2025-09-13,S04,P0272,CAT13,3,3,6,1.6,3.693,5.63,Medium,BELOW_REORDER,backtest,demand_forecast_run_20261005T130920538
2025-09-13,S04,P0288,CAT14,9,4,10.5,1.537,3.251,17.57,Low,,backtest,demand_forecast_run_20261005T130920538
2025-09-13,S04,P0316,CAT15,4,3,18.69,0.714,1.62,16.8,Low,,backtest,demand_forecast_run_20261005T130920538
2025-09-13,S04,P0369,CAT09,15,6,10.5,4.024,9.262,11.18,Low,,backtest,demand_forecast_run_20261005T130920538
2025-09-13,S04,P0381,CAT13,6,3,10.51,1.6,3.693,11.25,Low,,backtest,demand_forecast_run_20261005T130920538
2025-09-13,S04,P0391,CAT06,5,5,3.89,2.525,6.127,5.94,Medium,BELOW_REORDER,backtest,demand_forecast_run_20261005T130920538
2025-09-13,S04,P0392,CAT19,4,3,11.2,0.771,1.642,15.57,Low,,backtest,demand_forecast_run_20261005T130920538
2025-09-13,S04,P0408,CAT16,12,3,169.01,2.016,5.329,17.86,Low,,backtest,demand_forecast_run_20261005T130920538
2025-09-13,S04,P0409,CAT12,10,4,10.76,1.609,3.648,18.64,Low,,backtest,demand_forecast_run_20261005T130920538
2025-09-13,S04,P0433,CAT20,2,2,28.17,0.199,0.551,30.12,Medium,BELOW_REORDER,backtest,demand_forecast_run_20261005T130920538
2025-09-13,S04,P0435,CAT14,6,6,3.23,4.355,9.212,4.13,Medium,BELOW_REORDER,backtest,demand_forecast_run_20261005T130920538
2025-09-13,S04,P0445,CAT02,7,3,12.26,1.35,2.242,15.55,Low,,backtest,demand_forecast_run_20261005T130920538
2025-09-13,S04,P0507,CAT02,10,11,3.26,11.209,18.605,2.68,High,DEMAND_EXCEEDS_STOCK|BELOW_REORDER,backtest,demand_forecast_run_20261005T130920538
2025-09-13,S04,P0563,CAT13,12,5,21.02,2.215,5.114,16.25,Low,,backtest,demand_forecast_run_20261005T130920538
2025-09-13,S04,P0579,CAT12,8,3,12.44,1.126,2.553,21.31,Low,,backtest,demand_forecast_run_20261005T130920538
2025-09-13,S04,P0589,CAT03,12,4,18.66,1.989,3.887,18.1,Low,,backtest,demand_forecast_run_20261005T130920538
2025-09-13,S05,P0003,CAT03,2,4,2,2.54,5.871,2.36,High,DEMAND_EXCEEDS_STOCK|BELOW_REORDER|LOW_DAYS_COVER,backtest,demand_forecast_run_20261005T130920538
2025-09-13,S05,P0022,CAT05,10,4,12.72,3.4,6.664,8.82,Low,,backtest,demand_forecast_run_20261005T130920538
2025-09-13,S05,P0032,CAT11,33,11,21.01,7.999,15.5,12.38,Low,,backtest,demand_forecast_run_20261005T130920538
2025-09-13,S05,P0053,CAT06,9,3,11.45,0.763,2.131,35.41,Low,,backtest,demand_forecast_run_20261005T130920538
2025-09-13,S05,P0073,CAT13,6,2,41.96,0.586,1.425,30.72,Low,,backtest,demand_forecast_run_20261005T130920538
2025-09-13,S05,P0170,CAT17,8,3,11.2,1.355,3.194,17.71,Low,,backtest,demand_forecast_run_20261005T130920538
2025-09-13,S05,P0206,CAT15,4,4,3.73,2.336,5.462,5.14,Medium,BELOW_REORDER,backtest,demand_forecast_run_20261005T130920538
2025-09-13,S05,P0213,CAT07,12,4,11.2,1.757,4.41,20.48,Low,,backtest,demand_forecast_run_20261005T130920538
2025-09-13,S05,P0252,CAT18,16,5,24.88,3.627,8.521,13.23,Low,,backtest,demand_forecast_run_20261005T130920538
2025-09-13,S05,P0272,CAT13,9,3,14,1.465,3.564,18.43,Low,,backtest,demand_forecast_run_20261005T130920538
2025-09-13,S05,P0288,CAT14,2,3,2.15,1.679,4.028,3.57,Medium,BELOW_REORDER|LOW_DAYS_COVER,backtest,demand_forecast_run_20261005T130920538
2025-09-13,S05,P0316,CAT15,5,3,17.48,1.001,2.341,14.98,Low,,backtest,demand_forecast_run_20261005T130920538
2025-09-13,S05,P0369,CAT09,15,6,14.01,3.05,7.465,14.76,Low,,backtest,demand_forecast_run_20261005T130920538
2025-09-13,S05,P0381,CAT13,7,3,12.26,0.659,1.604,31.86,Low,,backtest,demand_forecast_run_20261005T130920538
2025-09-13,S05,P0391,CAT06,16,5,12.44,1.877,5.246,25.57,Low,,backtest,demand_forecast_run_20261005T130920538
2025-09-13,S05,P0392,CAT19,6,2,41.96,0.2,0.525,89.96,Low,,backtest,demand_forecast_run_20261005T130920538
2025-09-13,S05,P0408,CAT16,8,3,,0.572,1.731,41.95,Low,,backtest,demand_forecast_run_20261005T130920538
2025-09-13,S05,P0409,CAT12,13,3,12.14,1.836,5.211,21.24,Low,,backtest,demand_forecast_run_20261005T130920538
2025-09-13,S05,P0433,CAT20,6,2,,0.301,0.74,59.72,Low,,backtest,demand_forecast_run_20261005T130920538
2025-09-13,S05,P0435,CAT14,20,6,14.74,3.358,8.057,17.87,Low,,backtest,demand_forecast_run_20261005T130920538
2025-09-13,S05,P0445,CAT02,7,3,48.95,1.904,3.562,11.03,Low,,backtest,demand_forecast_run_20261005T130920538
2025-09-13,S05,P0507,CAT02,13,9,7,8.024,15.01,4.86,Low,,backtest,demand_forecast_run_20261005T130920538
2025-09-13,S05,P0563,CAT13,8,5,9.33,2.49,6.058,9.64,Low,,backtest,demand_forecast_run_20261005T130920538
2025-09-13,S05,P0579,CAT12,7,3,32.71,0.459,1.303,45.74,Low,,backtest,demand_forecast_run_20261005T130920538
2025-09-13,S05,P0589,CAT03,8,4,7.47,2.32,5.36,10.35,Low,,backtest,demand_forecast_run_20261005T130920538
2025-09-13,S06,P0003,CAT03,1,6,0.54,3.387,6.065,0.89,High,DEMAND_EXCEEDS_STOCK|BELOW_REORDER|LOW_DAYS_COVER,backtest,demand_forecast_run_20261005T130920538
2025-09-13,S06,P0022,CAT05,8,6,7,2.216,3.639,10.83,Low,,backtest,demand_forecast_run_20261005T130920538
2025-09-13,S06,P0032,CAT11,27,18,6.52,15.07,22.919,5.37,Low,,backtest,demand_forecast_run_20261005T130920538
2025-09-13,S06,P0053,CAT06,8,4,11.2,1.828,3.535,13.13,Low,,backtest,demand_forecast_run_20261005T130920538
2025-09-13,S06,P0073,CAT13,3,4,4.67,2.858,5.263,3.15,Medium,BELOW_REORDER,backtest,demand_forecast_run_20261005T130920538
2025-09-13,S06,P0170,CAT17,4,4,4.67,1.343,3.017,8.93,Medium,BELOW_REORDER,backtest,demand_forecast_run_20261005T130920538
2025-09-13,S06,P0206,CAT15,15,7,16.15,6.626,11.069,6.79,Low,,backtest,demand_forecast_run_20261005T130920538
2025-09-13,S06,P0213,CAT07,5,6,4.12,4.799,9.454,3.13,Medium,BELOW_REORDER,backtest,demand_forecast_run_20261005T130920538
2025-09-13,S06,P0252,CAT18,15,8,8.4,5.717,13.257,7.87,Low,,backtest,demand_forecast_run_20261005T130920538
2025-09-13,S06,P0272,CAT13,6,4,10.51,1.869,3.441,9.63,Low,,backtest,demand_forecast_run_20261005T130920538
2025-09-13,S06,P0288,CAT14,8,4,27.97,1.54,2.895,15.58,Low,,backtest,demand_forecast_run_20261005T130920538
2025-09-13,S06,P0316,CAT15,9,4,25.21,2.134,3.564,12.65,Low,,backtest,demand_forecast_run_20261005T130920538
2025-09-13,S06,P0369,CAT09,11,10,5.7,7.094,14.698,4.65,Low,,backtest,demand_forecast_run_20261005T130920538
2025-09-13,S06,P0381,CAT13,6,4,8.4,2.089,3.846,8.62,Low,,backtest,demand_forecast_run_20261005T130920538
2025-09-13,S06,P0391,CAT06,12,7,8,3.516,6.799,10.24,Low,,backtest,demand_forecast_run_20261005T130920538
2025-09-13,S06,P0392,CAT19,6,3,7.63,2.268,4.291,7.94,Low,,backtest,demand_forecast_run_20261005T130920538
2025-09-13,S06,P0408,CAT16,9,5,7.87,2.827,6.471,9.55,Low,,backtest,demand_forecast_run_20261005T130920538
2025-09-13,S06,P0409,CAT12,7,5,5.44,2.326,4.96,9.03,Low,,backtest,demand_forecast_run_20261005T130920538
2025-09-13,S06,P0433,CAT20,4,3,13.99,1.022,1.995,11.74,Low,,backtest,demand_forecast_run_20261005T130920538
2025-09-13,S06,P0435,CAT14,21,9,13.37,6.449,12.124,9.77,Low,,backtest,demand_forecast_run_20261005T130920538
2025-09-13,S06,P0445,CAT02,9,4,11.45,3.338,5.466,8.09,Low,,backtest,demand_forecast_run_20261005T130920538
2025-09-13,S06,P0507,CAT02,18,17,4.85,16.981,27.808,3.18,Low,,backtest,demand_forecast_run_20261005T130920538
2025-09-13,S06,P0563,CAT13,14,6,19.61,3.078,5.668,13.64,Low,,backtest,demand_forecast_run_20261005T130920538
2025-09-13,S06,P0579,CAT12,13,4,15.17,2.14,4.564,18.22,Low,,backtest,demand_forecast_run_20261005T130920538
2025-09-13,S06,P0589,CAT03,12,6,9.88,2.54,4.549,14.17,Low,,backtest,demand_forecast_run_20261005T130920538
2025-09-13,S07,P0003,CAT03,6,5,6.46,3.065,5.847,5.87,Low,,backtest,demand_forecast_run_20261005T130920538
2025-09-13,S07,P0022,CAT05,11,4,9.06,2.986,5.781,11.05,Low,,backtest,demand_forecast_run_20261005T130920538
2025-09-13,S07,P0032,CAT11,14,12,4.17,9.486,18.081,4.43,Low,,backtest,demand_forecast_run_20261005T130920538
2025-09-13,S07,P0053,CAT06,5,3,11.66,0.696,1.752,21.54,Low,,backtest,demand_forecast_run_20261005T130920538
2025-09-13,S07,P0073,CAT13,2,3,4.66,0.877,2.028,6.84,Medium,BELOW_REORDER,backtest,demand_forecast_run_20261005T130920538
2025-09-13,S07,P0170,CAT17,4,3,18.69,1.021,2.61,11.75,Low,,backtest,demand_forecast_run_20261005T130920538
2025-09-13,S07,P0206,CAT15,1,5,0.74,3.214,7.169,0.93,High,DEMAND_EXCEEDS_STOCK|BELOW_REORDER|LOW_DAYS_COVER,backtest,demand_forecast_run_20261005T130920538
2025-09-13,S07,P0213,CAT07,11,4,8.55,2.462,5.298,13.4,Low,,backtest,demand_forecast_run_20261005T130920538
2025-09-13,S07,P0252,CAT18,18,5,11.46,3.321,8.904,16.26,Low,,backtest,demand_forecast_run_20261005T130920538
2025-09-13,S07,P0272,CAT13,4,3,11.2,0.701,1.622,17.11,Low,,backtest,demand_forecast_run_20261005T130920538
2025-09-13,S07,P0288,CAT14,7,3,8.91,1.981,4.589,10.6,Low,,backtest,demand_forecast_run_20261005T130920538
2025-09-13,S07,P0316,CAT15,5,3,23.36,0.554,1.236,27.07,Low,,backtest,demand_forecast_run_20261005T130920538
2025-09-13,S07,P0369,CAT09,16,7,14.94,3.876,8.528,12.38,Low,,backtest,demand_forecast_run_20261005T130920538
2025-09-13,S07,P0381,CAT13,6,3,16.81,0.701,1.622,25.67,Low,,backtest,demand_forecast_run_20261005T130920538
2025-09-13,S07,P0391,CAT06,12,5,6.72,2.727,6.862,13.2,Low,,backtest,demand_forecast_run_20261005T130920538
2025-09-13,S07,P0392,CAT19,9,3,14,1.539,3.68,17.55,Low,,backtest,demand_forecast_run_20261005T130920538
2025-09-13,S07,P0408,CAT16,6,3,7,1.322,4.593,13.61,Low,,backtest,demand_forecast_run_20261005T130920538
2025-09-13,S07,P0409,CAT12,9,4,5.48,2.141,5.473,12.61,Low,,backtest,demand_forecast_run_20261005T130920538
2025-09-13,S07,P0433,CAT20,6,2,84.51,0.216,0.623,83.37,Low,,backtest,demand_forecast_run_20261005T130920538
2025-09-13,S07,P0435,CAT14,19,7,8.87,3.566,8.261,15.99,Low,,backtest,demand_forecast_run_20261005T130920538
2025-09-13,S07,P0445,CAT02,4,3,8,1.086,1.897,11.05,Low,,backtest,demand_forecast_run_20261005T130920538
2025-09-13,S07,P0507,CAT02,18,11,6.3,8.448,14.754,6.39,Low,,backtest,demand_forecast_run_20261005T130920538
2025-09-13,S07,P0563,CAT13,8,5,4.67,2.806,6.489,8.55,Low,,backtest,demand_forecast_run_20261005T130920538
2025-09-13,S07,P0579,CAT12,9,3,9,1.213,3.101,22.26,Low,,backtest,demand_forecast_run_20261005T130920538
2025-09-13,S07,P0589,CAT03,7,4,14,2.011,3.837,10.44,Low,,backtest,demand_forecast_run_20261005T130920538
2025-09-13,S08,P0003,CAT03,14,7,7.54,3.409,6.339,12.32,Low,,backtest,demand_forecast_run_20261005T130920538
2025-09-13,S08,P0022,CAT05,10,6,14.01,4.455,6.85,6.73,Low,,backtest,demand_forecast_run_20261005T130920538
2025-09-13,S08,P0032,CAT11,51,18,14.28,13.334,21.816,11.47,Low,,backtest,demand_forecast_run_20261005T130920538
2025-09-13,S08,P0053,CAT06,6,3,5.25,1.486,3.514,12.11,Low,,backtest,demand_forecast_run_20261005T130920538
2025-09-13,S08,P0073,CAT13,5,3,11.66,0.889,1.638,16.88,Low,,backtest,demand_forecast_run_20261005T130920538
2025-09-13,S08,P0170,CAT17,14,4,28,1.788,3.993,23.49,Low,,backtest,demand_forecast_run_20261005T130920538
2025-09-13,S08,P0206,CAT15,9,7,7,4.584,9.145,5.89,Low,,backtest,demand_forecast_run_20261005T130920538
2025-09-13,S08,P0213,CAT07,18,6,12.6,2.272,5.085,23.77,Low,,backtest,demand_forecast_run_20261005T130920538
2025-09-13,S08,P0252,CAT18,21,9,11.76,6.088,14.314,10.35,Low,,backtest,demand_forecast_run_20261005T130920538
2025-09-13,S08,P0272,CAT13,7,4,9.8,1.777,3.276,11.82,Low,,backtest,demand_forecast_run_20261005T130920538
2025-09-13,S08,P0288,CAT14,5,4,7,2.222,4.633,6.75,Low,,backtest,demand_forecast_run_20261005T130920538
2025-09-13,S08,P0316,CAT15,10,4,28.01,1.066,2.127,28.14,Low,,backtest,demand_forecast_run_20261005T130920538
2025-09-13,S08,P0369,CAT09,16,10,5.9,4.806,11.542,9.99,Low,,backtest,demand_forecast_run_20261005T130920538
2025-09-13,S08,P0381,CAT13,8,4,16,1.511,2.785,15.89,Low,,backtest,demand_forecast_run_20261005T130920538
2025-09-13,S08,P0391,CAT06,22,6,13.39,3.032,7.168,21.77,Low,,backtest,demand_forecast_run_20261005T130920538
2025-09-13,S08,P0392,CAT19,10,4,10,1.79,3.883,16.76,Low,,backtest,demand_forecast_run_20261005T130920538
2025-09-13,S08,P0408,CAT16,2,4,1.33,2.175,5.367,2.76,High,DEMAND_EXCEEDS_STOCK|BELOW_REORDER|LOW_DAYS_COVER,backtest,demand_forecast_run_20261005T130920538
2025-09-13,S08,P0409,CAT12,9,5,5.48,2.92,6.426,9.24,Low,,backtest,demand_forecast_run_20261005T130920538
2025-09-13,S08,P0433,CAT20,7,2,48.95,1.189,2.43,17.67,Low,,backtest,demand_forecast_run_20261005T130920538
2025-09-13,S08,P0435,CAT14,19,9,7,6.495,13.542,8.78,Low,,backtest,demand_forecast_run_20261005T130920538
2025-09-13,S08,P0445,CAT02,5,4,10,1.947,3.124,7.7,Low,,backtest,demand_forecast_run_20261005T130920538
2025-09-13,S08,P0507,CAT02,6,18,1.27,16.134,25.88,1.12,High,DEMAND_EXCEEDS_STOCK|BELOW_REORDER|LOW_DAYS_COVER,backtest,demand_forecast_run_20261005T130920538
2025-09-13,S08,P0563,CAT13,17,8,6.1,5.687,10.484,8.97,Low,,backtest,demand_forecast_run_20261005T130920538
2025-09-13,S08,P0579,CAT12,11,3,38.46,1.055,2.321,31.29,Low,,backtest,demand_forecast_run_20261005T130920538
2025-09-13,S08,P0589,CAT03,5,5,4.12,3.099,5.763,4.84,Medium,BELOW_REORDER,backtest,demand_forecast_run_20261005T130920538
2025-09-13,S09,P0003,CAT03,11,5,8.55,3.112,5.608,10.6,Low,,backtest,demand_forecast_run_20261005T130920538
2025-09-13,S09,P0022,CAT05,13,6,13,3.787,5.527,10.3,Low,,backtest,demand_forecast_run_20261005T130920538
2025-09-13,S09,P0032,CAT11,12,17,3,11.168,19.874,3.22,Medium,BELOW_REORDER,backtest,demand_forecast_run_20261005T130920538
2025-09-13,S09,P0053,CAT06,7,3,24.48,1.349,3.062,15.57,Low,,backtest,demand_forecast_run_20261005T130920538
2025-09-13,S09,P0073,CAT13,4,3,18.69,0.958,1.817,12.53,Low,,backtest,demand_forecast_run_20261005T130920538
2025-09-13,S09,P0170,CAT17,9,4,8.4,2.138,5.143,12.63,Low,,backtest,demand_forecast_run_20261005T130920538
2025-09-13,S09,P0206,CAT15,17,6,13.22,3.857,6.521,13.22,Low,,backtest,demand_forecast_run_20261005T130920538
2025-09-13,S09,P0213,CAT07,6,5,4.94,4.187,9.069,4.3,Low,,backtest,demand_forecast_run_20261005T130920538
2025-09-13,S09,P0252,CAT18,12,7,6.22,4.814,10.964,7.48,Low,,backtest,demand_forecast_run_20261005T130920538
2025-09-13,S09,P0272,CAT13,8,3,27.97,0.958,1.817,25.07,Low,,backtest,demand_forecast_run_20261005T130920538
2025-09-13,S09,P0288,CAT14,7,4,9.8,1.786,4.079,11.76,Low,,backtest,demand_forecast_run_20261005T130920538
2025-09-13,S09,P0316,CAT15,8,4,14.01,1.372,2.319,17.5,Low,,backtest,demand_forecast_run_20261005T130920538
2025-09-13,S09,P0369,CAT09,16,8,9.74,4.254,9.964,11.28,Low,,backtest,demand_forecast_run_20261005T130920538
2025-09-13,S09,P0381,CAT13,6,3,20.98,1.197,2.271,15.04,Low,,backtest,demand_forecast_run_20261005T130920538
2025-09-13,S09,P0391,CAT06,10,7,4.83,3.311,7.516,9.06,Low,,backtest,demand_forecast_run_20261005T130920538
2025-09-13,S09,P0392,CAT19,8,3,8.61,0.899,2,26.7,Low,,backtest,demand_forecast_run_20261005T130920538
2025-09-13,S09,P0408,CAT16,13,4,18.21,2.943,6.511,13.25,Low,,backtest,demand_forecast_run_20261005T130920538
2025-09-13,S09,P0409,CAT12,9,5,9,2.345,5.417,11.51,Low,,backtest,demand_forecast_run_20261005T130920538
2025-09-13,S09,P0433,CAT20,7,2,48.95,0.21,0.53,100.19,Low,,backtest,demand_forecast_run_20261005T130920538
2025-09-13,S09,P0435,CAT14,1,9,0.37,6.412,14.647,0.47,High,DEMAND_EXCEEDS_STOCK|BELOW_REORDER|LOW_DAYS_COVER,backtest,demand_forecast_run_20261005T130920538
2025-09-13,S09,P0445,CAT02,12,4,33.61,2.156,3.666,16.7,Low,,backtest,demand_forecast_run_20261005T130920538
2025-09-13,S09,P0507,CAT02,40,16,13.33,13.444,22.861,8.93,Low,,backtest,demand_forecast_run_20261005T130920538
2025-09-13,S09,P0563,CAT13,9,6,6,4.668,8.857,5.78,Low,,backtest,demand_forecast_run_20261005T130920538
2025-09-13,S09,P0579,CAT12,3,3,4.67,1.34,3.096,6.72,Medium,BELOW_REORDER,backtest,demand_forecast_run_20261005T130920538
2025-09-13,S09,P0589,CAT03,13,5,10.71,4.565,8.225,8.54,Low,,backtest,demand_forecast_run_20261005T130920538
2025-09-13,S10,P0003,CAT03,3,5,1.83,3.943,7.24,2.28,High,DEMAND_EXCEEDS_STOCK|BELOW_REORDER|LOW_DAYS_COVER,backtest,demand_forecast_run_20261005T130920538
2025-09-13,S10,P0022,CAT05,10,5,20,2.359,3.824,12.72,Low,,backtest,demand_forecast_run_20261005T130920538
2025-09-13,S10,P0032,CAT11,13,14,3.19,10.336,18.329,3.77,Medium,BELOW_REORDER,backtest,demand_forecast_run_20261005T130920538
2025-09-13,S10,P0053,CAT06,7,3,16.32,0.534,1.298,39.3,Low,,backtest,demand_forecast_run_20261005T130920538
2025-09-13,S10,P0073,CAT13,2,3,6.99,1.024,2.197,5.86,Medium,BELOW_REORDER,backtest,demand_forecast_run_20261005T130920538
2025-09-13,S10,P0170,CAT17,9,3,12.61,1.521,3.807,17.75,Low,,backtest,demand_forecast_run_20261005T130920538
2025-09-13,S10,P0206,CAT15,4,5,4.67,3.344,7.292,3.59,Medium,BELOW_REORDER,backtest,demand_forecast_run_20261005T130920538
2025-09-13,S10,P0213,CAT07,9,4,8.4,3.024,6.834,8.93,Low,,backtest,demand_forecast_run_20261005T130920538
2025-09-13,S10,P0252,CAT18,4,7,1.93,4.052,9.788,2.96,High,DEMAND_EXCEEDS_STOCK|BELOW_REORDER|LOW_DAYS_COVER,backtest,demand_forecast_run_20261005T130920538
2025-09-13,S10,P0272,CAT13,8,3,112.68,0.569,1.22,42.19,Low,,backtest,demand_forecast_run_20261005T130920538
2025-09-13,S10,P0288,CAT14,0,4,0,1.322,2.422,0,High,ZERO_STOCK|DEMAND_EXCEEDS_STOCK|BELOW_REORDER|LOW_DAYS_COVER,backtest,demand_forecast_run_20261005T130920538
2025-09-13,S10,P0316,CAT15,8,4,55.94,0.76,1.657,31.58,Low,,backtest,demand_forecast_run_20261005T130920538
2025-09-13,S10,P0369,CAT09,21,7,10.5,4.265,9.83,14.77,Low,,backtest,demand_forecast_run_20261005T130920538
2025-09-13,S10,P0381,CAT13,7,3,10.89,1.593,3.417,13.19,Low,,backtest,demand_forecast_run_20261005T130920538
2025-09-13,S10,P0391,CAT06,13,5,13.99,2.613,6.346,14.93,Low,,backtest,demand_forecast_run_20261005T130920538
2025-09-13,S10,P0392,CAT19,5,3,14.01,1.017,2.314,14.75,Low,,backtest,demand_forecast_run_20261005T130920538
2025-09-13,S10,P0408,CAT16,5,4,8.76,1.367,3.851,10.97,Low,,backtest,demand_forecast_run_20261005T130920538
2025-09-13,S10,P0409,CAT12,6,5,4.94,2.417,5.791,7.45,Low,,backtest,demand_forecast_run_20261005T130920538
2025-09-13,S10,P0433,CAT20,3,2,14.02,0.8,1.968,11.25,Low,,backtest,demand_forecast_run_20261005T130920538
2025-09-13,S10,P0435,CAT14,0,7,0,4.174,7.648,0,High,ZERO_STOCK|DEMAND_EXCEEDS_STOCK|BELOW_REORDER|LOW_DAYS_COVER,backtest,demand_forecast_run_20261005T130920538
2025-09-13,S10,P0445,CAT02,3,3,3.82,1.827,3.072,4.93,Medium,BELOW_REORDER,backtest,demand_forecast_run_20261005T130920538
2025-09-13,S10,P0507,CAT02,28,13,8.91,13.441,22.599,6.25,Low,,backtest,demand_forecast_run_20261005T130920538
2025-09-13,S10,P0563,CAT13,7,6,8.91,3.982,8.543,5.27,Low,,backtest,demand_forecast_run_20261005T130920538
2025-09-13,S10,P0579,CAT12,6,3,20.98,1.074,2.574,16.76,Low,,backtest,demand_forecast_run_20261005T130920538
2025-09-13,S10,P0589,CAT03,5,4,7.78,2.591,4.758,5.79,Low,,backtest,demand_forecast_run_20261005T130920538
2025-09-13,S11,P0003,CAT03,6,6,6,3.466,5.542,5.19,Medium,BELOW_REORDER,backtest,demand_forecast_run_20261005T130920538
2025-09-13,S11,P0022,CAT05,9,6,4.85,4.319,7.66,6.25,Low,,backtest,demand_forecast_run_20261005T130920538
2025-09-13,S11,P0032,CAT11,56,20,9.45,13.355,23.795,12.58,Low,,backtest,demand_forecast_run_20261005T130920538
2025-09-13,S11,P0053,CAT06,6,4,8.4,1.529,3.051,11.77,Low,,backtest,demand_forecast_run_20261005T130920538
2025-09-13,S11,P0073,CAT13,5,3,14.01,1.1,2.113,13.64,Low,,backtest,demand_forecast_run_20261005T130920538
2025-09-13,S11,P0170,CAT17,14,4,14,2.247,4.28,18.69,Low,,backtest,demand_forecast_run_20261005T130920538
2025-09-13,S11,P0206,CAT15,0,7,0,3.807,6.249,0,High,ZERO_STOCK|DEMAND_EXCEEDS_STOCK|BELOW_REORDER|LOW_DAYS_COVER,backtest,demand_forecast_run_20261005T130920538
2025-09-13,S11,P0213,CAT07,17,6,11.33,3.496,6.484,14.59,Low,,backtest,demand_forecast_run_20261005T130920538
2025-09-13,S11,P0252,CAT18,5,9,1.63,6.496,10.826,2.31,High,DEMAND_EXCEEDS_STOCK|BELOW_REORDER|LOW_DAYS_COVER,backtest,demand_forecast_run_20261005T130920538
2025-09-13,S11,P0272,CAT13,8,4,18.65,1.257,2.415,19.1,Low,,backtest,demand_forecast_run_20261005T130920538
2025-09-13,S11,P0288,CAT14,16,5,12.44,2.452,4.253,19.57,Low,,backtest,demand_forecast_run_20261005T130920538
2025-09-13,S11,P0316,CAT15,9,4,9.69,2.856,4.687,9.46,Low,,backtest,demand_forecast_run_20261005T130920538
2025-09-13,S11,P0369,CAT09,2,9,0.58,6.623,10.979,0.91,High,DEMAND_EXCEEDS_STOCK|BELOW_REORDER|LOW_DAYS_COVER,backtest,demand_forecast_run_20261005T130920538
2025-09-13,S11,P0381,CAT13,10,4,8.24,2.592,4.982,11.57,Low,,backtest,demand_forecast_run_20261005T130920538
2025-09-13,S11,P0391,CAT06,0,7,0,3.419,6.82,0,High,ZERO_STOCK|DEMAND_EXCEEDS_STOCK|BELOW_REORDER|LOW_DAYS_COVER,backtest,demand_forecast_run_20261005T130920538
2025-09-13,S11,P0392,CAT19,7,3,6.54,1.358,2.385,15.47,Low,,backtest,demand_forecast_run_20261005T130920538
2025-09-13,S11,P0408,CAT16,9,5,6.3,3.148,6.64,8.58,Low,,backtest,demand_forecast_run_20261005T130920538
2025-09-13,S11,P0409,CAT12,9,5,15.76,2.594,4.997,10.41,Low,,backtest,demand_forecast_run_20261005T130920538
2025-09-13,S11,P0433,CAT20,8,3,22.41,0.495,1.033,48.48,Low,,backtest,demand_forecast_run_20261005T130920538
2025-09-13,S11,P0435,CAT14,0,9,0,5.995,10.396,0,High,ZERO_STOCK|DEMAND_EXCEEDS_STOCK|BELOW_REORDER|LOW_DAYS_COVER,backtest,demand_forecast_run_20261005T130920538
2025-09-13,S11,P0445,CAT02,13,5,26,3.715,5.37,10.5,Low,,backtest,demand_forecast_run_20261005T130920538
2025-09-13,S11,P0507,CAT02,47,18,10.61,17.115,24.74,8.24,Low,,backtest,demand_forecast_run_20261005T130920538
2025-09-13,S11,P0563,CAT13,16,7,9.74,4.791,9.209,10.02,Low,,backtest,demand_forecast_run_20261005T130920538
2025-09-13,S11,P0579,CAT12,1,3,2.33,1.621,3.123,1.85,High,DEMAND_EXCEEDS_STOCK|BELOW_REORDER|LOW_DAYS_COVER,backtest,demand_forecast_run_20261005T130920538
2025-09-13,S11,P0589,CAT03,9,5,6.63,3.12,4.988,8.65,Low,,backtest,demand_forecast_run_20261005T130920538
2025-09-13,S12,P0003,CAT03,13,6,9.58,2.971,5.504,13.13,Low,,backtest,demand_forecast_run_20261005T130920538
2025-09-13,S12,P0022,CAT05,0,5,0,2.935,5.922,0,High,ZERO_STOCK|DEMAND_EXCEEDS_STOCK|BELOW_REORDER|LOW_DAYS_COVER,backtest,demand_forecast_run_20261005T130920538
2025-09-13,S12,P0032,CAT11,19,15,3.24,13.228,22.62,4.31,Low,,backtest,demand_forecast_run_20261005T130920538
2025-09-13,S12,P0053,CAT06,8,3,11.2,1.464,3.377,16.39,Low,,backtest,demand_forecast_run_20261005T130920538
2025-09-13,S12,P0073,CAT13,7,3,24.48,1.004,1.878,20.91,Low,,backtest,demand_forecast_run_20261005T130920538
2025-09-13,S12,P0170,CAT17,6,3,8.4,1.504,3.905,11.97,Low,,backtest,demand_forecast_run_20261005T130920538
2025-09-13,S12,P0206,CAT15,13,6,8.27,2.845,5.947,13.71,Low,,backtest,demand_forecast_run_20261005T130920538
2025-09-13,S12,P0213,CAT07,8,5,7,2.105,4.752,11.4,Low,,backtest,demand_forecast_run_20261005T130920538
2025-09-13,S12,P0252,CAT18,15,7,8.4,4.118,9.842,10.93,Low,,backtest,demand_forecast_run_20261005T130920538
2025-09-13,S12,P0272,CAT13,7,3,7.53,2.231,4.172,9.41,Low,,backtest,demand_forecast_run_20261005T130920538
2025-09-13,S12,P0288,CAT14,1,4,0.78,2.071,4.633,1.45,High,DEMAND_EXCEEDS_STOCK|BELOW_REORDER|LOW_DAYS_COVER,backtest,demand_forecast_run_20261005T130920538
2025-09-13,S12,P0316,CAT15,10,3,10.76,2.134,4.46,14.06,Low,,backtest,demand_forecast_run_20261005T130920538
2025-09-13,S12,P0369,CAT09,11,8,5.13,6.946,15.035,4.75,Low,,backtest,demand_forecast_run_20261005T130920538
2025-09-13,S12,P0381,CAT13,5,3,10,1.897,3.546,7.91,Low,,backtest,demand_forecast_run_20261005T130920538
2025-09-13,S12,P0391,CAT06,13,5,7.91,2.65,6.11,14.72,Low,,backtest,demand_forecast_run_20261005T130920538
2025-09-13,S12,P0392,CAT19,10,3,12.72,1.216,3.094,24.66,Low,,backtest,demand_forecast_run_20261005T130920538
2025-09-13,S12,P0408,CAT16,10,4,17.51,1.375,3.89,21.81,Low,,backtest,demand_forecast_run_20261005T130920538
2025-09-13,S12,P0409,CAT12,8,4,5.6,2.238,5.082,10.73,Low,,backtest,demand_forecast_run_20261005T130920538
2025-09-13,S12,P0433,CAT20,6,2,13.99,0.732,1.844,24.6,Low,,backtest,demand_forecast_run_20261005T130920538
2025-09-13,S12,P0435,CAT14,21,6,10.5,5.176,11.582,12.17,Low,,backtest,demand_forecast_run_20261005T130920538
2025-09-13,S12,P0445,CAT02,6,3,13.99,1.541,2.702,11.68,Low,,backtest,demand_forecast_run_20261005T130920538
2025-09-13,S12,P0507,CAT02,12,14,2.51,12.447,21.824,2.89,High,DEMAND_EXCEEDS_STOCK|BELOW_REORDER|LOW_DAYS_COVER,backtest,demand_forecast_run_20261005T130920538
2025-09-13,S12,P0563,CAT13,15,6,10,3.57,6.676,12.61,Low,,backtest,demand_forecast_run_20261005T130920538
2025-09-13,S12,P0579,CAT12,6,3,12,1.044,2.371,17.24,Low,,backtest,demand_forecast_run_20261005T130920538
2025-09-13,S12,P0589,CAT03,9,4,9.69,2.335,4.325,11.57,Low,,backtest,demand_forecast_run_20261005T130920538
2025-09-14,S01,P0003,CAT03,2,6,1.33,3.484,6.012,1.72,High,DEMAND_EXCEEDS_STOCK|BELOW_REORDER|LOW_DAYS_COVER,backtest,demand_forecast_run_20261005T130920538
2025-09-14,S01,P0022,CAT05,5,5,4.12,2.679,4.678,5.6,Medium,BELOW_REORDER,backtest,demand_forecast_run_20261005T130920538
2025-09-14,S01,P0032,CAT11,42,14,10.5,11.079,19.103,11.37,Low,,backtest,demand_forecast_run_20261005T130920538
2025-09-14,S01,P0053,CAT06,5,3,23.36,1.257,2.82,11.93,Low,,backtest,demand_forecast_run_20261005T130920538
2025-09-14,S01,P0073,CAT13,4,3,8,1.126,2.323,10.65,Low,,backtest,demand_forecast_run_20261005T130920538
2025-09-14,S01,P0170,CAT17,12,4,16.81,1.552,3.34,23.2,Low,,backtest,demand_forecast_run_20261005T130920538
2025-09-14,S01,P0206,CAT15,11,6,11,2.678,5.927,12.32,Low,,backtest,demand_forecast_run_20261005T130920538
2025-09-14,S01,P0213,CAT07,5,5,4.12,2.536,5.578,5.92,Medium,BELOW_REORDER,backtest,demand_forecast_run_20261005T130920538
2025-09-14,S01,P0252,CAT18,21,7,12.78,6.108,13.256,10.32,Low,,backtest,demand_forecast_run_20261005T130920538
2025-09-14,S01,P0272,CAT13,6,3,8.4,1.529,3.153,11.77,Low,,backtest,demand_forecast_run_20261005T130920538
2025-09-14,S01,P0288,CAT14,8,4,18.65,0.833,1.894,28.81,Low,,backtest,demand_forecast_run_20261005T130920538
2025-09-14,S01,P0316,CAT15,8,3,55.94,0.739,1.635,32.49,Low,,backtest,demand_forecast_run_20261005T130920538
2025-09-14,S01,P0369,CAT09,14,8,15.07,4.804,10.469,8.74,Low,,backtest,demand_forecast_run_20261005T130920538
2025-09-14,S01,P0381,CAT13,4,3,4.67,1.529,3.153,7.85,Low,,backtest,demand_forecast_run_20261005T130920538
2025-09-14,S01,P0391,CAT06,13,5,9.1,4.778,10.715,8.16,Low,,backtest,demand_forecast_run_20261005T130920538
2025-09-14,S01,P0392,CAT19,7,3,32.71,0.883,1.924,23.77,Low,,backtest,demand_forecast_run_20261005T130920538
2025-09-14,S01,P0408,CAT16,13,4,18.21,1.587,5.055,24.57,Low,,backtest,demand_forecast_run_20261005T130920538
2025-09-14,S01,P0409,CAT12,10,4,9.34,1.469,3.331,20.42,Low,,backtest,demand_forecast_run_20261005T130920538
2025-09-14,S01,P0433,CAT20,7,3,48.95,0.607,1.568,34.58,Low,,backtest,demand_forecast_run_20261005T130920538
2025-09-14,S01,P0435,CAT14,11,7,7.33,3.582,8.142,9.21,Low,,backtest,demand_forecast_run_20261005T130920538
2025-09-14,S01,P0445,CAT02,3,4,4.2,2.799,4.162,3.22,Medium,BELOW_REORDER,backtest,demand_forecast_run_20261005T130920538
2025-09-14,S01,P0507,CAT02,31,14,8.86,13.853,20.599,6.71,Low,,backtest,demand_forecast_run_20261005T130920538
2025-09-14,S01,P0563,CAT13,7,6,4.26,2.896,5.974,7.25,Low,,backtest,demand_forecast_run_20261005T130920538
2025-09-14,S01,P0579,CAT12,3,3,3.23,1.002,2.271,8.99,Medium,BELOW_REORDER,backtest,demand_forecast_run_20261005T130920538
2025-09-14,S01,P0589,CAT03,12,4,15.27,2.489,4.294,14.47,Low,,backtest,demand_forecast_run_20261005T130920538
2025-09-14,S02,P0003,CAT03,0,6,0,3.593,8.102,0,High,ZERO_STOCK|DEMAND_EXCEEDS_STOCK|BELOW_REORDER|LOW_DAYS_COVER,backtest,demand_forecast_run_20261005T130920538
2025-09-14,S02,P0022,CAT05,7,6,4.46,3.804,6.452,5.52,Low,,backtest,demand_forecast_run_20261005T130920538
2025-09-14,S02,P0032,CAT11,57,17,14.78,9.969,18.114,17.15,Low,,backtest,demand_forecast_run_20261005T130920538
2025-09-14,S02,P0053,CAT06,3,3,6.99,0.748,1.549,12.03,Medium,BELOW_REORDER,backtest,demand_forecast_run_20261005T130920538
2025-09-14,S02,P0073,CAT13,8,3,14.01,0.96,2.147,24.99,Low,,backtest,demand_forecast_run_20261005T130920538
2025-09-14,S02,P0170,CAT17,5,3,11.66,1.141,2.835,13.14,Low,,backtest,demand_forecast_run_20261005T130920538
2025-09-14,S02,P0206,CAT15,19,6,10.64,3.099,6.727,18.39,Low,,backtest,demand_forecast_run_20261005T130920538
2025-09-14,S02,P0213,CAT07,14,5,28,2.506,5.445,16.76,Low,,backtest,demand_forecast_run_20261005T130920538
2025-09-14,S02,P0252,CAT18,1,7,0.7,4.715,11.364,0.64,High,DEMAND_EXCEEDS_STOCK|BELOW_REORDER|LOW_DAYS_COVER,backtest,demand_forecast_run_20261005T130920538
2025-09-14,S02,P0272,CAT13,4,3,4,1.256,2.807,9.56,Low,,backtest,demand_forecast_run_20261005T130920538
2025-09-14,S02,P0288,CAT14,11,4,25.64,1.374,3.093,24.01,Low,,backtest,demand_forecast_run_20261005T130920538
2025-09-14,S02,P0316,CAT15,8,3,14.01,1.033,2.242,23.23,Low,,backtest,demand_forecast_run_20261005T130920538
2025-09-14,S02,P0369,CAT09,23,8,26.84,4.834,10.63,14.27,Low,,backtest,demand_forecast_run_20261005T130920538
2025-09-14,S02,P0381,CAT13,5,3,10,1.182,2.642,12.69,Low,,backtest,demand_forecast_run_20261005T130920538
2025-09-14,S02,P0391,CAT06,9,7,7,4.596,9.515,5.87,Low,,backtest,demand_forecast_run_20261005T130920538
2025-09-14,S02,P0392,CAT19,4,3,5.09,0.853,2.29,14.07,Low,,backtest,demand_forecast_run_20261005T130920538
2025-09-14,S02,P0408,CAT16,9,4,18,2.763,7.113,9.77,Low,,backtest,demand_forecast_run_20261005T130920538
2025-09-14,S02,P0409,CAT12,11,5,7.7,3.223,7.353,10.24,Low,,backtest,demand_forecast_run_20261005T130920538
2025-09-14,S02,P0433,CAT20,8,3,22.41,0.598,1.773,40.12,Low,,backtest,demand_forecast_run_20261005T130920538
2025-09-14,S02,P0435,CAT14,20,8,10.37,4.604,10.36,13.03,Low,,backtest,demand_forecast_run_20261005T130920538
2025-09-14,S02,P0445,CAT02,12,4,15.27,1.95,3.322,18.46,Low,,backtest,demand_forecast_run_20261005T130920538
2025-09-14,S02,P0507,CAT02,18,15,4.34,15.18,25.861,3.56,Low,,backtest,demand_forecast_run_20261005T130920538
2025-09-14,S02,P0563,CAT13,9,6,7,2.29,5.119,11.79,Low,,backtest,demand_forecast_run_20261005T130920538
2025-09-14,S02,P0579,CAT12,8,3,10.18,1.394,3.18,17.22,Low,,backtest,demand_forecast_run_20261005T130920538
2025-09-14,S02,P0589,CAT03,13,4,11.37,1.871,4.22,20.84,Low,,backtest,demand_forecast_run_20261005T130920538
2025-09-14,S03,P0003,CAT03,7,6,6.12,3.122,5.954,6.73,Low,,backtest,demand_forecast_run_20261005T130920538
2025-09-14,S03,P0022,CAT05,7,5,6.54,2.348,4.221,8.94,Low,,backtest,demand_forecast_run_20261005T130920538
2025-09-14,S03,P0032,CAT11,0,15,0,11.659,19.228,0,High,ZERO_STOCK|DEMAND_EXCEEDS_STOCK|BELOW_REORDER|LOW_DAYS_COVER,backtest,demand_forecast_run_20261005T130920538
2025-09-14,S03,P0053,CAT06,2,4,4.66,1.37,3.128,4.38,Medium,BELOW_REORDER,backtest,demand_forecast_run_20261005T130920538
2025-09-14,S03,P0073,CAT13,8,3,37.38,0.554,1.242,43.28,Low,,backtest,demand_forecast_run_20261005T130920538
2025-09-14,S03,P0170,CAT17,7,4,8.91,2.721,5.538,7.72,Low,,backtest,demand_forecast_run_20261005T130920538
2025-09-14,S03,P0206,CAT15,16,6,14.94,2.663,6.275,18.03,Low,,backtest,demand_forecast_run_20261005T130920538
2025-09-14,S03,P0213,CAT07,10,4,12.72,1.825,4.296,16.44,Low,,backtest,demand_forecast_run_20261005T130920538
2025-09-14,S03,P0252,CAT18,14,8,10.89,4.457,10.063,9.42,Low,,backtest,demand_forecast_run_20261005T130920538
2025-09-14,S03,P0272,CAT13,9,3,25.21,1.22,2.732,22.13,Low,,backtest,demand_forecast_run_20261005T130920538
2025-09-14,S03,P0288,CAT14,2,3,5.6,1.075,2.364,5.58,Medium,BELOW_REORDER,backtest,demand_forecast_run_20261005T130920538
2025-09-14,S03,P0316,CAT15,7,4,16.32,1.488,3.507,14.11,Low,,backtest,demand_forecast_run_20261005T130920538
2025-09-14,S03,P0369,CAT09,11,8,9.06,4.256,9.604,7.75,Low,,backtest,demand_forecast_run_20261005T130920538
2025-09-14,S03,P0381,CAT13,2,3,4,1.22,2.732,4.92,Medium,BELOW_REORDER,backtest,demand_forecast_run_20261005T130920538
2025-09-14,S03,P0391,CAT06,16,6,7.73,4.11,9.383,11.68,Low,,backtest,demand_forecast_run_20261005T130920538
2025-09-14,S03,P0392,CAT19,7,3,14,0.71,1.916,29.57,Low,,backtest,demand_forecast_run_20261005T130920538
2025-09-14,S03,P0408,CAT16,4,4,8,1.206,3.092,9.95,Medium,BELOW_REORDER,backtest,demand_forecast_run_20261005T130920538
2025-09-14,S03,P0409,CAT12,11,4,12.84,1.999,4.373,16.51,Low,,backtest,demand_forecast_run_20261005T130920538
2025-09-14,S03,P0433,CAT20,6,2,,0.372,0.817,48.45,Low,,backtest,demand_forecast_run_20261005T130920538
2025-09-14,S03,P0435,CAT14,5,7,3.68,4.302,9.457,3.49,Medium,BELOW_REORDER,backtest,demand_forecast_run_20261005T130920538
2025-09-14,S03,P0445,CAT02,6,3,28.04,1.453,2.463,12.39,Low,,backtest,demand_forecast_run_20261005T130920538
2025-09-14,S03,P0507,CAT02,20,14,4.59,15.056,25.529,3.99,Low,,backtest,demand_forecast_run_20261005T130920538
2025-09-14,S03,P0563,CAT13,8,6,10.18,2.883,6.456,8.32,Low,,backtest,demand_forecast_run_20261005T130920538
2025-09-14,S03,P0579,CAT12,5,3,11.66,1.478,3.232,10.15,Low,,backtest,demand_forecast_run_20261005T130920538
2025-09-14,S03,P0589,CAT03,6,5,5.25,2.927,5.582,6.15,Low,,backtest,demand_forecast_run_20261005T130920538
2025-09-14,S04,P0003,CAT03,7,5,5.16,3.315,6.671,6.33,Low,,backtest,demand_forecast_run_20261005T130920538
2025-09-14,S04,P0022,CAT05,12,5,15.27,1.832,3.515,19.65,Low,,backtest,demand_forecast_run_20261005T130920538
2025-09-14,S04,P0032,CAT11,38,12,9.85,7.9,16.273,14.43,Low,,backtest,demand_forecast_run_20261005T130920538
2025-09-14,S04,P0053,CAT06,8,3,22.41,0.925,2.208,25.96,Low,,backtest,demand_forecast_run_20261005T130920538
2025-09-14,S04,P0073,CAT13,7,2,19.61,0.877,2.091,23.96,Low,,backtest,demand_forecast_run_20261005T130920538
2025-09-14,S04,P0170,CAT17,9,3,11.45,2.536,6.343,10.65,Low,,backtest,demand_forecast_run_20261005T130920538
2025-09-14,S04,P0206,CAT15,15,5,13.12,2.453,6.079,18.35,Low,,backtest,demand_forecast_run_20261005T130920538
2025-09-14,S04,P0213,CAT07,3,4,4.67,1.813,4.092,4.96,Medium,BELOW_REORDER,backtest,demand_forecast_run_20261005T130920538
2025-09-14,S04,P0252,CAT18,1,6,0.78,2.934,6.796,1.02,High,DEMAND_EXCEEDS_STOCK|BELOW_REORDER|LOW_DAYS_COVER,backtest,demand_forecast_run_20261005T130920538
2025-09-14,S04,P0272,CAT13,12,3,24,1.266,3.02,28.44,Low,,backtest,demand_forecast_run_20261005T130920538
2025-09-14,S04,P0288,CAT14,9,4,12.61,1.073,2.585,25.15,Low,,backtest,demand_forecast_run_20261005T130920538
2025-09-14,S04,P0316,CAT15,4,3,18.69,0.537,1.33,22.36,Low,,backtest,demand_forecast_run_20261005T130920538
2025-09-14,S04,P0369,CAT09,12,6,8.84,3.75,8.577,9.6,Low,,backtest,demand_forecast_run_20261005T130920538
2025-09-14,S04,P0381,CAT13,6,3,10.51,1.071,2.556,16.8,Low,,backtest,demand_forecast_run_20261005T130920538
2025-09-14,S04,P0391,CAT06,5,5,4.37,2.56,6.115,5.86,Medium,BELOW_REORDER,backtest,demand_forecast_run_20261005T130920538
2025-09-14,S04,P0392,CAT19,10,3,28.01,0.681,1.577,44.08,Low,,backtest,demand_forecast_run_20261005T130920538
2025-09-14,S04,P0408,CAT16,12,3,169.01,1.456,4.01,24.73,Low,,backtest,demand_forecast_run_20261005T130920538
2025-09-14,S04,P0409,CAT12,10,4,10.76,1.459,3.358,20.57,Low,,backtest,demand_forecast_run_20261005T130920538
2025-09-14,S04,P0433,CAT20,6,2,84.51,0.198,0.536,91.09,Low,,backtest,demand_forecast_run_20261005T130920538
2025-09-14,S04,P0435,CAT14,21,6,14.7,2.624,6.318,24.01,Low,,backtest,demand_forecast_run_20261005T130920538
2025-09-14,S04,P0445,CAT02,7,3,12.26,1.229,2.175,17.09,Low,,backtest,demand_forecast_run_20261005T130920538
2025-09-14,S04,P0507,CAT02,38,11,12.97,9.956,17.62,11.45,Low,,backtest,demand_forecast_run_20261005T130920538
2025-09-14,S04,P0563,CAT13,10,5,14.01,1.85,4.414,16.21,Low,,backtest,demand_forecast_run_20261005T130920538
2025-09-14,S04,P0579,CAT12,8,3,14.01,1.021,2.351,23.5,Low,,backtest,demand_forecast_run_20261005T130920538
2025-09-14,S04,P0589,CAT03,12,4,18.66,1.853,3.728,19.43,Low,,backtest,demand_forecast_run_20261005T130920538
2025-09-14,S05,P0003,CAT03,12,4,11.2,2.601,5.752,13.84,Low,,backtest,demand_forecast_run_20261005T130920538
2025-09-14,S05,P0022,CAT05,10,4,14.01,2.98,5.95,10.07,Low,,backtest,demand_forecast_run_20261005T130920538
2025-09-14,S05,P0032,CAT11,30,11,19.1,7.947,15.826,11.33,Low,,backtest,demand_forecast_run_20261005T130920538
2025-09-14,S05,P0053,CAT06,9,3,11.45,0.715,2.042,37.77,Low,,backtest,demand_forecast_run_20261005T130920538
2025-09-14,S05,P0073,CAT13,5,2,34.97,0.488,1.248,30.73,Low,,backtest,demand_forecast_run_20261005T130920538
2025-09-14,S05,P0170,CAT17,8,3,14.01,1.406,3.431,17.06,Low,,backtest,demand_forecast_run_20261005T130920538
2025-09-14,S05,P0206,CAT15,8,4,5.6,1.869,5.156,12.84,Low,,backtest,demand_forecast_run_20261005T130920538
2025-09-14,S05,P0213,CAT07,12,4,12.92,1.706,4.089,21.1,Low,,backtest,demand_forecast_run_20261005T130920538
2025-09-14,S05,P0252,CAT18,16,5,32,3.344,7.977,14.36,Low,,backtest,demand_forecast_run_20261005T130920538
2025-09-14,S05,P0272,CAT13,9,3,14,1.098,2.809,24.58,Low,,backtest,demand_forecast_run_20261005T130920538
2025-09-14,S05,P0288,CAT14,8,3,8,1.353,3.424,17.73,Low,,backtest,demand_forecast_run_20261005T130920538
2025-09-14,S05,P0316,CAT15,5,3,17.48,0.701,1.934,21.4,Low,,backtest,demand_forecast_run_20261005T130920538
2025-09-14,S05,P0369,CAT09,9,6,7.41,3.021,7.583,8.94,Low,,backtest,demand_forecast_run_20261005T130920538
2025-09-14,S05,P0381,CAT13,7,3,14,0.549,1.404,38.24,Low,,backtest,demand_forecast_run_20261005T130920538
2025-09-14,S05,P0391,CAT06,15,5,12.36,1.815,5.182,24.8,Low,,backtest,demand_forecast_run_20261005T130920538
2025-09-14,S05,P0392,CAT19,2,2,13.99,0.188,0.536,31.85,Medium,BELOW_REORDER,backtest,demand_forecast_run_20261005T130920538
2025-09-14,S05,P0408,CAT16,4,3,13.99,1.018,3.111,11.79,Low,,backtest,demand_forecast_run_20261005T130920538
2025-09-14,S05,P0409,CAT12,13,3,15.17,1.868,5.052,20.88,Low,,backtest,demand_forecast_run_20261005T130920538
2025-09-14,S05,P0433,CAT20,6,2,,0.342,0.866,52.71,Low,,backtest,demand_forecast_run_20261005T130920538
2025-09-14,S05,P0435,CAT14,20,6,14.74,2.639,6.677,22.74,Low,,backtest,demand_forecast_run_20261005T130920538
2025-09-14,S05,P0445,CAT02,4,3,27.97,1.702,3.273,7.05,Low,,backtest,demand_forecast_run_20261005T130920538
2025-09-14,S05,P0507,CAT02,11,9,5.7,7.986,15.355,4.13,Low,,backtest,demand_forecast_run_20261005T130920538
2025-09-14,S05,P0563,CAT13,7,5,8.17,2.136,5.461,9.83,Low,,backtest,demand_forecast_run_20261005T130920538
2025-09-14,S05,P0579,CAT12,7,3,32.71,0.374,1.01,56.21,Low,,backtest,demand_forecast_run_20261005T130920538
2025-09-14,S05,P0589,CAT03,6,4,4.94,2.719,6.013,6.62,Low,,backtest,demand_forecast_run_20261005T130920538
2025-09-14,S06,P0003,CAT03,1,6,0.58,3.432,5.766,0.87,High,DEMAND_EXCEEDS_STOCK|BELOW_REORDER|LOW_DAYS_COVER,backtest,demand_forecast_run_20261005T130920538
2025-09-14,S06,P0022,CAT05,19,6,16.62,2.001,3.274,28.48,Low,,backtest,demand_forecast_run_20261005T130920538
2025-09-14,S06,P0032,CAT11,16,18,3.29,15.585,24.299,3.08,Medium,BELOW_REORDER,backtest,demand_forecast_run_20261005T130920538
2025-09-14,S06,P0053,CAT06,8,4,12.44,1.84,3.681,13.04,Low,,backtest,demand_forecast_run_20261005T130920538
2025-09-14,S06,P0073,CAT13,10,4,14.01,2.444,4.721,12.28,Low,,backtest,demand_forecast_run_20261005T130920538
2025-09-14,S06,P0170,CAT17,12,4,12.92,1.344,3.09,26.79,Low,,backtest,demand_forecast_run_20261005T130920538
2025-09-14,S06,P0206,CAT15,12,7,10.5,5.121,9.927,7.03,Low,,backtest,demand_forecast_run_20261005T130920538
2025-09-14,S06,P0213,CAT07,20,6,16.47,4.518,9.01,13.28,Low,,backtest,demand_forecast_run_20261005T130920538
2025-09-14,S06,P0252,CAT18,12,8,6.22,5.653,12.833,6.37,Low,,backtest,demand_forecast_run_20261005T130920538
2025-09-14,S06,P0272,CAT13,5,4,8.76,1.484,2.866,10.11,Low,,backtest,demand_forecast_run_20261005T130920538
2025-09-14,S06,P0288,CAT14,8,4,27.97,1.074,2.124,22.36,Low,,backtest,demand_forecast_run_20261005T130920538
2025-09-14,S06,P0316,CAT15,7,4,14,1.766,3.423,11.89,Low,,backtest,demand_forecast_run_20261005T130920538
2025-09-14,S06,P0369,CAT09,10,10,5.39,6.879,14.45,4.36,Medium,BELOW_REORDER,backtest,demand_forecast_run_20261005T130920538
2025-09-14,S06,P0381,CAT13,3,4,3.23,1.92,3.709,4.69,Medium,BELOW_REORDER,backtest,demand_forecast_run_20261005T130920538
2025-09-14,S06,P0391,CAT06,12,7,8,3.606,7.214,9.98,Low,,backtest,demand_forecast_run_20261005T130920538
2025-09-14,S06,P0392,CAT19,6,3,7.63,2.1,3.9,8.57,Low,,backtest,demand_forecast_run_20261005T130920538
2025-09-14,S06,P0408,CAT16,8,5,6.59,2.905,6.71,8.26,Low,,backtest,demand_forecast_run_20261005T130920538
2025-09-14,S06,P0409,CAT12,6,5,4.67,2.486,4.97,7.24,Low,,backtest,demand_forecast_run_20261005T130920538
2025-09-14,S06,P0433,CAT20,2,3,4.66,0.944,1.893,6.36,Medium,BELOW_REORDER,backtest,demand_forecast_run_20261005T130920538
2025-09-14,S06,P0435,CAT14,17,9,10.35,5.45,10.783,9.36,Low,,backtest,demand_forecast_run_20261005T130920538
2025-09-14,S06,P0445,CAT02,9,4,12.61,3.374,5.225,8,Low,,backtest,demand_forecast_run_20261005T130920538
2025-09-14,S06,P0507,CAT02,54,17,13.03,17.309,26.806,9.36,Low,,backtest,demand_forecast_run_20261005T130920538
2025-09-14,S06,P0563,CAT13,13,6,18.21,2.444,4.721,15.96,Low,,backtest,demand_forecast_run_20261005T130920538
2025-09-14,S06,P0579,CAT12,13,4,15.17,2.2,4.397,17.73,Low,,backtest,demand_forecast_run_20261005T130920538
2025-09-14,S06,P0589,CAT03,9,6,6.63,2.832,4.757,9.54,Low,,backtest,demand_forecast_run_20261005T130920538
2025-09-14,S07,P0003,CAT03,6,5,6.46,2.759,5.088,6.53,Low,,backtest,demand_forecast_run_20261005T130920538
2025-09-14,S07,P0022,CAT05,7,4,6.12,2.749,5.2,7.64,Low,,backtest,demand_forecast_run_20261005T130920538
2025-09-14,S07,P0032,CAT11,43,12,13.09,9.264,17.478,13.93,Low,,backtest,demand_forecast_run_20261005T130920538
2025-09-14,S07,P0053,CAT06,4,3,9.32,0.718,1.798,16.72,Low,,backtest,demand_forecast_run_20261005T130920538
2025-09-14,S07,P0073,CAT13,8,3,16,0.7,1.569,34.28,Low,,backtest,demand_forecast_run_20261005T130920538
2025-09-14,S07,P0170,CAT17,4,3,18.69,0.933,2.456,12.86,Low,,backtest,demand_forecast_run_20261005T130920538
2025-09-14,S07,P0206,CAT15,13,5,11.37,2.742,6.504,14.22,Low,,backtest,demand_forecast_run_20261005T130920538
2025-09-14,S07,P0213,CAT07,11,4,9.06,2.383,4.776,13.85,Low,,backtest,demand_forecast_run_20261005T130920538
2025-09-14,S07,P0252,CAT18,18,5,13.26,2.899,8.334,18.63,Low,,backtest,demand_forecast_run_20261005T130920538
2025-09-14,S07,P0272,CAT13,8,3,18.65,0.63,1.412,38.1,Low,,backtest,demand_forecast_run_20261005T130920538
2025-09-14,S07,P0288,CAT14,7,3,12.26,1.369,3.173,15.34,Low,,backtest,demand_forecast_run_20261005T130920538
2025-09-14,S07,P0316,CAT15,5,3,23.36,0.416,0.985,36.1,Low,,backtest,demand_forecast_run_20261005T130920538
2025-09-14,S07,P0369,CAT09,12,7,8.84,3.843,8.698,9.37,Low,,backtest,demand_forecast_run_20261005T130920538
2025-09-14,S07,P0381,CAT13,5,3,14.01,0.63,1.412,23.81,Low,,backtest,demand_forecast_run_20261005T130920538
2025-09-14,S07,P0391,CAT06,12,5,7.3,2.484,6.226,14.49,Low,,backtest,demand_forecast_run_20261005T130920538
2025-09-14,S07,P0392,CAT19,8,3,14.01,1.443,3.701,16.63,Low,,backtest,demand_forecast_run_20261005T130920538
2025-09-14,S07,P0408,CAT16,10,3,20,1.218,4.423,24.62,Low,,backtest,demand_forecast_run_20261005T130920538
2025-09-14,S07,P0409,CAT12,7,4,4.46,1.963,5.178,10.7,Low,,backtest,demand_forecast_run_20261005T130920538
2025-09-14,S07,P0433,CAT20,6,2,84.51,0.189,0.557,95.29,Low,,backtest,demand_forecast_run_20261005T130920538
2025-09-14,S07,P0435,CAT14,11,7,4.81,3.236,7.501,10.2,Low,,backtest,demand_forecast_run_20261005T130920538
2025-09-14,S07,P0445,CAT02,3,3,6,1.13,2.043,7.97,Medium,BELOW_REORDER,backtest,demand_forecast_run_20261005T130920538
2025-09-14,S07,P0507,CAT02,10,11,3.18,7.806,14.117,3.84,Medium,BELOW_REORDER,backtest,demand_forecast_run_20261005T130920538
2025-09-14,S07,P0563,CAT13,17,5,11.33,2.38,5.334,21.43,Low,,backtest,demand_forecast_run_20261005T130920538
2025-09-14,S07,P0579,CAT12,9,3,10.5,1.043,2.751,25.89,Low,,backtest,demand_forecast_run_20261005T130920538
2025-09-14,S07,P0589,CAT03,6,4,10.51,2.023,3.731,8.9,Low,,backtest,demand_forecast_run_20261005T130920538
2025-09-14,S08,P0003,CAT03,10,7,5.39,3.36,6.331,8.93,Low,,backtest,demand_forecast_run_20261005T130920538
2025-09-14,S08,P0022,CAT05,8,6,12.44,3.067,5.736,7.83,Low,,backtest,demand_forecast_run_20261005T130920538
2025-09-14,S08,P0032,CAT11,43,18,11.15,12.302,21.73,10.49,Low,,backtest,demand_forecast_run_20261005T130920538
2025-09-14,S08,P0053,CAT06,5,3,4.37,1.421,3.295,10.55,Low,,backtest,demand_forecast_run_20261005T130920538
2025-09-14,S08,P0073,CAT13,4,3,13.99,0.678,1.364,17.7,Low,,backtest,demand_forecast_run_20261005T130920538
2025-09-14,S08,P0170,CAT17,13,4,26,1.602,4.04,24.35,Low,,backtest,demand_forecast_run_20261005T130920538
2025-09-14,S08,P0206,CAT15,21,7,16.33,3.566,7.942,17.67,Low,,backtest,demand_forecast_run_20261005T130920538
2025-09-14,S08,P0213,CAT07,16,6,10.18,2.151,4.545,22.32,Low,,backtest,demand_forecast_run_20261005T130920538
2025-09-14,S08,P0252,CAT18,18,9,9.69,5.658,13.844,9.54,Low,,backtest,demand_forecast_run_20261005T130920538
2025-09-14,S08,P0272,CAT13,7,4,10.89,1.506,3.03,13.94,Low,,backtest,demand_forecast_run_20261005T130920538
2025-09-14,S08,P0288,CAT14,5,4,5.83,1.838,4.042,8.16,Low,,backtest,demand_forecast_run_20261005T130920538
2025-09-14,S08,P0316,CAT15,7,4,12.26,1.104,2.458,19.03,Low,,backtest,demand_forecast_run_20261005T130920538
2025-09-14,S08,P0369,CAT09,12,10,4.54,4.444,10.028,8.1,Low,,backtest,demand_forecast_run_20261005T130920538
2025-09-14,S08,P0381,CAT13,8,4,22.41,1.13,2.273,21.24,Low,,backtest,demand_forecast_run_20261005T130920538
2025-09-14,S08,P0391,CAT06,22,6,13.39,2.9,6.722,22.76,Low,,backtest,demand_forecast_run_20261005T130920538
2025-09-14,S08,P0392,CAT19,9,4,14,1.778,4.07,15.18,Low,,backtest,demand_forecast_run_20261005T130920538
2025-09-14,S08,P0408,CAT16,1,4,0.64,2.161,5.568,1.39,High,DEMAND_EXCEEDS_STOCK|BELOW_REORDER|LOW_DAYS_COVER,backtest,demand_forecast_run_20261005T130920538
2025-09-14,S08,P0409,CAT12,6,5,3.23,2.625,5.899,6.86,Low,,backtest,demand_forecast_run_20261005T130920538
2025-09-14,S08,P0433,CAT20,7,2,48.95,1.163,2.431,18.05,Low,,backtest,demand_forecast_run_20261005T130920538
2025-09-14,S08,P0435,CAT14,18,9,7.2,5.036,11.079,10.72,Low,,backtest,demand_forecast_run_20261005T130920538
2025-09-14,S08,P0445,CAT02,5,4,34.97,1.76,3.13,8.52,Low,,backtest,demand_forecast_run_20261005T130920538
2025-09-14,S08,P0507,CAT02,0,18,0,14.836,26.378,0,High,ZERO_STOCK|DEMAND_EXCEEDS_STOCK|BELOW_REORDER|LOW_DAYS_COVER,backtest,demand_forecast_run_20261005T130920538
2025-09-14,S08,P0563,CAT13,17,8,6.61,4.746,9.546,10.75,Low,,backtest,demand_forecast_run_20261005T130920538
2025-09-14,S08,P0579,CAT12,8,3,16,1.077,2.42,22.29,Low,,backtest,demand_forecast_run_20261005T130920538
2025-09-14,S08,P0589,CAT03,15,5,12.36,2.86,5.388,15.74,Low,,backtest,demand_forecast_run_20261005T130920538
2025-09-14,S09,P0003,CAT03,9,5,6.63,3.18,6.06,8.49,Low,,backtest,demand_forecast_run_20261005T130920538
2025-09-14,S09,P0022,CAT05,13,6,15.17,2.672,4.4,14.6,Low,,backtest,demand_forecast_run_20261005T130920538
2025-09-14,S09,P0032,CAT11,57,17,14.51,10.433,19.383,16.39,Low,,backtest,demand_forecast_run_20261005T130920538
2025-09-14,S09,P0053,CAT06,7,3,24.48,1.309,3.073,16.04,Low,,backtest,demand_forecast_run_20261005T130920538
2025-09-14,S09,P0073,CAT13,11,3,154.93,0.578,1.332,57.12,Low,,backtest,demand_forecast_run_20261005T130920538
2025-09-14,S09,P0170,CAT17,9,4,10.5,1.971,4.657,13.7,Low,,backtest,demand_forecast_run_20261005T130920538
2025-09-14,S09,P0206,CAT15,15,6,11.66,2.685,5.081,16.76,Low,,backtest,demand_forecast_run_20261005T130920538
2025-09-14,S09,P0213,CAT07,6,5,6.46,3.852,8.636,4.67,Low,,backtest,demand_forecast_run_20261005T130920538
2025-09-14,S09,P0252,CAT18,12,7,6.72,4.545,10.222,7.92,Low,,backtest,demand_forecast_run_20261005T130920538
2025-09-14,S09,P0272,CAT13,8,3,37.38,0.66,1.523,36.36,Low,,backtest,demand_forecast_run_20261005T130920538
2025-09-14,S09,P0288,CAT14,6,4,7.63,1.283,3.125,14.02,Low,,backtest,demand_forecast_run_20261005T130920538
2025-09-14,S09,P0316,CAT15,6,4,9.33,0.959,1.815,18.77,Low,,backtest,demand_forecast_run_20261005T130920538
2025-09-14,S09,P0369,CAT09,15,8,9.55,4.037,9.738,11.15,Low,,backtest,demand_forecast_run_20261005T130920538
2025-09-14,S09,P0381,CAT13,6,3,41.96,0.743,1.713,24.24,Low,,backtest,demand_forecast_run_20261005T130920538
2025-09-14,S09,P0391,CAT06,10,7,5.6,3.054,7.17,9.82,Low,,backtest,demand_forecast_run_20261005T130920538
2025-09-14,S09,P0392,CAT19,8,3,8.61,0.814,1.909,29.47,Low,,backtest,demand_forecast_run_20261005T130920538
2025-09-14,S09,P0408,CAT16,13,4,20.22,2.683,7.15,14.54,Low,,backtest,demand_forecast_run_20261005T130920538
2025-09-14,S09,P0409,CAT12,9,5,9,2.178,5.172,12.39,Low,,backtest,demand_forecast_run_20261005T130920538
2025-09-14,S09,P0433,CAT20,6,2,28.04,0.282,0.706,63.81,Low,,backtest,demand_forecast_run_20261005T130920538
2025-09-14,S09,P0435,CAT14,27,9,10.5,4.609,11.222,17.57,Low,,backtest,demand_forecast_run_20261005T130920538
2025-09-14,S09,P0445,CAT02,12,4,41.96,2.082,3.561,17.29,Low,,backtest,demand_forecast_run_20261005T130920538
2025-09-14,S09,P0507,CAT02,39,16,14.76,12.737,21.783,9.19,Low,,backtest,demand_forecast_run_20261005T130920538
2025-09-14,S09,P0563,CAT13,7,6,4.46,3.301,7.614,6.36,Low,,backtest,demand_forecast_run_20261005T130920538
2025-09-14,S09,P0579,CAT12,10,3,23.31,1.291,3.065,23.24,Low,,backtest,demand_forecast_run_20261005T130920538
2025-09-14,S09,P0589,CAT03,13,5,13,4.173,7.954,9.35,Low,,backtest,demand_forecast_run_20261005T130920538
2025-09-14,S10,P0003,CAT03,0,5,0,4.353,7.772,0,High,ZERO_STOCK|DEMAND_EXCEEDS_STOCK|BELOW_REORDER|LOW_DAYS_COVER,backtest,demand_forecast_run_20261005T130920538
2025-09-14,S10,P0022,CAT05,8,5,14.01,2.122,3.206,11.31,Low,,backtest,demand_forecast_run_20261005T130920538
2025-09-14,S10,P0032,CAT11,43,14,10.94,10.881,19.038,11.86,Low,,backtest,demand_forecast_run_20261005T130920538
2025-09-14,S10,P0053,CAT06,6,3,13.99,0.568,1.403,31.67,Low,,backtest,demand_forecast_run_20261005T130920538
2025-09-14,S10,P0073,CAT13,6,3,13.99,0.93,2.155,19.36,Low,,backtest,demand_forecast_run_20261005T130920538
2025-09-14,S10,P0170,CAT17,7,3,9.8,1.777,4.44,11.82,Low,,backtest,demand_forecast_run_20261005T130920538
2025-09-14,S10,P0206,CAT15,4,5,5.6,2.436,5.765,4.93,Medium,BELOW_REORDER,backtest,demand_forecast_run_20261005T130920538
2025-09-14,S10,P0213,CAT07,9,4,9,2.886,6.441,9.35,Low,,backtest,demand_forecast_run_20261005T130920538
2025-09-14,S10,P0252,CAT18,2,7,0.93,3.996,10.058,1.5,High,DEMAND_EXCEEDS_STOCK|BELOW_REORDER|LOW_DAYS_COVER,backtest,demand_forecast_run_20261005T130920538
2025-09-14,S10,P0272,CAT13,8,3,112.68,0.423,0.98,56.78,Low,,backtest,demand_forecast_run_20261005T130920538
2025-09-14,S10,P0288,CAT14,0,4,0,1.164,2.098,0,High,ZERO_STOCK|DEMAND_EXCEEDS_STOCK|BELOW_REORDER|LOW_DAYS_COVER,backtest,demand_forecast_run_20261005T130920538
2025-09-14,S10,P0316,CAT15,8,4,55.94,0.58,1.372,41.37,Low,,backtest,demand_forecast_run_20261005T130920538
2025-09-14,S10,P0369,CAT09,19,7,9.17,4.442,10.756,12.83,Low,,backtest,demand_forecast_run_20261005T130920538
2025-09-14,S10,P0381,CAT13,6,3,8.4,1.184,2.743,15.21,Low,,backtest,demand_forecast_run_20261005T130920538
2025-09-14,S10,P0391,CAT06,13,5,15.17,2.715,6.703,14.36,Low,,backtest,demand_forecast_run_20261005T130920538
2025-09-14,S10,P0392,CAT19,5,3,17.48,0.962,2.25,15.6,Low,,backtest,demand_forecast_run_20261005T130920538
2025-09-14,S10,P0408,CAT16,5,4,14.01,1.286,3.843,11.66,Low,,backtest,demand_forecast_run_20261005T130920538
2025-09-14,S10,P0409,CAT12,6,5,5.6,2.533,5.849,7.11,Low,,backtest,demand_forecast_run_20261005T130920538
2025-09-14,S10,P0433,CAT20,2,2,9.35,0.804,2.052,7.47,Medium,BELOW_REORDER,backtest,demand_forecast_run_20261005T130920538
2025-09-14,S10,P0435,CAT14,0,7,0,3.677,6.627,0,High,ZERO_STOCK|DEMAND_EXCEEDS_STOCK|BELOW_REORDER|LOW_DAYS_COVER,backtest,demand_forecast_run_20261005T130920538
2025-09-14,S10,P0445,CAT02,3,3,4.2,2.261,3.33,3.98,Medium,BELOW_REORDER,backtest,demand_forecast_run_20261005T130920538
2025-09-14,S10,P0507,CAT02,26,13,8.27,15.505,22.834,5.03,Low,,backtest,demand_forecast_run_20261005T130920538
2025-09-14,S10,P0563,CAT13,13,6,12.14,3.381,7.836,11.53,Low,,backtest,demand_forecast_run_20261005T130920538
2025-09-14,S10,P0579,CAT12,6,3,20.98,1.072,2.474,16.8,Low,,backtest,demand_forecast_run_20261005T130920538
2025-09-14,S10,P0589,CAT03,6,4,9.33,2.588,4.621,6.95,Low,,backtest,demand_forecast_run_20261005T130920538
2025-09-14,S11,P0003,CAT03,5,6,7,3.243,5.24,4.63,Medium,BELOW_REORDER,backtest,demand_forecast_run_20261005T130920538
2025-09-14,S11,P0022,CAT05,6,6,3.23,4.056,7.421,4.44,Medium,BELOW_REORDER,backtest,demand_forecast_run_20261005T130920538
2025-09-14,S11,P0032,CAT11,52,20,9.1,13.508,23.379,11.55,Low,,backtest,demand_forecast_run_20261005T130920538
2025-09-14,S11,P0053,CAT06,6,4,8.4,1.507,2.965,11.94,Low,,backtest,demand_forecast_run_20261005T130920538
2025-09-14,S11,P0073,CAT13,4,3,13.99,0.974,1.949,12.33,Low,,backtest,demand_forecast_run_20261005T130920538
2025-09-14,S11,P0170,CAT17,13,4,12.14,2.039,3.881,19.13,Low,,backtest,demand_forecast_run_20261005T130920538
2025-09-14,S11,P0206,CAT15,0,7,0,3.002,5.508,0,High,ZERO_STOCK|DEMAND_EXCEEDS_STOCK|BELOW_REORDER|LOW_DAYS_COVER,backtest,demand_forecast_run_20261005T130920538
2025-09-14,S11,P0213,CAT07,14,6,9.33,3.503,6.444,11.99,Low,,backtest,demand_forecast_run_20261005T130920538
2025-09-14,S11,P0252,CAT18,1,9,0.33,6.248,11.48,0.48,High,DEMAND_EXCEEDS_STOCK|BELOW_REORDER|LOW_DAYS_COVER,backtest,demand_forecast_run_20261005T130920538
2025-09-14,S11,P0272,CAT13,7,4,16.32,1.103,2.209,19.03,Low,,backtest,demand_forecast_run_20261005T130920538
2025-09-14,S11,P0288,CAT14,12,5,8,2.219,3.725,16.22,Low,,backtest,demand_forecast_run_20261005T130920538
2025-09-14,S11,P0316,CAT15,7,4,7.53,2.418,4.437,8.68,Low,,backtest,demand_forecast_run_20261005T130920538
2025-09-14,S11,P0369,CAT09,0,9,0,6.572,10.073,0,High,ZERO_STOCK|DEMAND_EXCEEDS_STOCK|BELOW_REORDER|LOW_DAYS_COVER,backtest,demand_forecast_run_20261005T130920538
2025-09-14,S11,P0381,CAT13,9,4,7.87,2.142,4.289,12.61,Low,,backtest,demand_forecast_run_20261005T130920538
2025-09-14,S11,P0391,CAT06,7,7,4.67,3.191,6.278,6.58,Medium,BELOW_REORDER,backtest,demand_forecast_run_20261005T130920538
2025-09-14,S11,P0392,CAT19,7,3,6.54,1.121,1.854,18.74,Low,,backtest,demand_forecast_run_20261005T130920538
2025-09-14,S11,P0408,CAT16,4,5,2.24,2.725,6.121,4.4,Medium,BELOW_REORDER|LOW_DAYS_COVER,backtest,demand_forecast_run_20261005T130920538
2025-09-14,S11,P0409,CAT12,9,5,15.76,2.794,4.917,9.66,Low,,backtest,demand_forecast_run_20261005T130920538
2025-09-14,S11,P0433,CAT20,8,3,22.41,0.471,1,50.91,Low,,backtest,demand_forecast_run_20261005T130920538
2025-09-14,S11,P0435,CAT14,22,9,8.32,5.349,8.978,12.34,Low,,backtest,demand_forecast_run_20261005T130920538
2025-09-14,S11,P0445,CAT02,13,5,26,3.536,4.795,11.03,Low,,backtest,demand_forecast_run_20261005T130920538
2025-09-14,S11,P0507,CAT02,42,18,9.05,16.765,22.733,7.52,Low,,backtest,demand_forecast_run_20261005T130920538
2025-09-14,S11,P0563,CAT13,14,7,7.84,4.024,8.058,10.44,Low,,backtest,demand_forecast_run_20261005T130920538
2025-09-14,S11,P0579,CAT12,0,3,0,1.747,3.073,0,High,ZERO_STOCK|DEMAND_EXCEEDS_STOCK|BELOW_REORDER|LOW_DAYS_COVER,backtest,demand_forecast_run_20261005T130920538
2025-09-14,S11,P0589,CAT03,9,5,7,3.127,5.053,8.64,Low,,backtest,demand_forecast_run_20261005T130920538
2025-09-14,S12,P0003,CAT03,11,6,7.7,3.26,6.099,10.12,Low,,backtest,demand_forecast_run_20261005T130920538
2025-09-14,S12,P0022,CAT05,0,5,0,2.768,5.399,0,High,ZERO_STOCK|DEMAND_EXCEEDS_STOCK|BELOW_REORDER|LOW_DAYS_COVER,backtest,demand_forecast_run_20261005T130920538
2025-09-14,S12,P0032,CAT11,39,15,5.46,12.136,20.458,9.64,Low,,backtest,demand_forecast_run_20261005T130920538
2025-09-14,S12,P0053,CAT06,8,3,11.2,1.419,3.426,16.91,Low,,backtest,demand_forecast_run_20261005T130920538
2025-09-14,S12,P0073,CAT13,7,3,32.71,0.754,1.649,27.84,Low,,backtest,demand_forecast_run_20261005T130920538
2025-09-14,S12,P0170,CAT17,6,3,8.4,1.482,3.99,12.14,Low,,backtest,demand_forecast_run_20261005T130920538
2025-09-14,S12,P0206,CAT15,13,6,8.27,2.129,4.892,18.32,Low,,backtest,demand_forecast_run_20261005T130920538
2025-09-14,S12,P0213,CAT07,5,5,3.89,2.021,4.878,7.42,Medium,BELOW_REORDER,backtest,demand_forecast_run_20261005T130920538
2025-09-14,S12,P0252,CAT18,15,7,8.4,4.13,10.131,10.9,Low,,backtest,demand_forecast_run_20261005T130920538
2025-09-14,S12,P0272,CAT13,5,3,4.67,1.844,4.031,8.14,Low,,backtest,demand_forecast_run_20261005T130920538
2025-09-14,S12,P0288,CAT14,12,4,9.33,1.636,3.91,22.01,Low,,backtest,demand_forecast_run_20261005T130920538
2025-09-14,S12,P0316,CAT15,10,3,15.55,1.648,3.787,18.2,Low,,backtest,demand_forecast_run_20261005T130920538
2025-09-14,S12,P0369,CAT09,10,8,4.83,6.593,14.468,4.55,Low,,backtest,demand_forecast_run_20261005T130920538
2025-09-14,S12,P0381,CAT13,5,3,10,1.257,2.748,11.93,Low,,backtest,demand_forecast_run_20261005T130920538
2025-09-14,S12,P0391,CAT06,12,5,7.64,2.636,6.362,13.66,Low,,backtest,demand_forecast_run_20261005T130920538
2025-09-14,S12,P0392,CAT19,10,3,12.72,1.087,3.028,27.6,Low,,backtest,demand_forecast_run_20261005T130920538
2025-09-14,S12,P0408,CAT16,10,4,23.31,1.192,3.466,25.16,Low,,backtest,demand_forecast_run_20261005T130920538
2025-09-14,S12,P0409,CAT12,6,4,3.82,2.157,5.318,8.34,Low,,backtest,demand_forecast_run_20261005T130920538
2025-09-14,S12,P0433,CAT20,6,2,13.99,0.772,1.733,23.32,Low,,backtest,demand_forecast_run_20261005T130920538
2025-09-14,S12,P0435,CAT14,21,6,10.89,3.844,9.189,16.39,Low,,backtest,demand_forecast_run_20261005T130920538
2025-09-14,S12,P0445,CAT02,4,3,8,1.462,2.707,8.21,Low,,backtest,demand_forecast_run_20261005T130920538
2025-09-14,S12,P0507,CAT02,43,14,8.6,10.648,19.719,12.12,Low,,backtest,demand_forecast_run_20261005T130920538
2025-09-14,S12,P0563,CAT13,15,6,10,2.43,5.313,18.52,Low,,backtest,demand_forecast_run_20261005T130920538
2025-09-14,S12,P0579,CAT12,6,3,12,0.944,2.327,19.07,Low,,backtest,demand_forecast_run_20261005T130920538
2025-09-14,S12,P0589,CAT03,9,4,12.61,2.065,3.863,13.08,Low,,backtest,demand_forecast_run_20261005T130920538
2025-09-15,S01,P0003,CAT03,17,6,14,3.594,6.165,14.19,Low,,backtest,demand_forecast_run_20261005T130920538
2025-09-15,S01,P0022,CAT05,4,5,4.31,2.508,4.416,4.79,Medium,BELOW_REORDER,backtest,demand_forecast_run_20261005T130920538
2025-09-15,S01,P0032,CAT11,39,14,10.92,10.617,18.61,11.02,Low,,backtest,demand_forecast_run_20261005T130920538
2025-09-15,S01,P0053,CAT06,5,3,23.36,1.173,2.784,12.79,Low,,backtest,demand_forecast_run_20261005T130920538
2025-09-15,S01,P0073,CAT13,4,3,9.32,1.101,2.265,10.9,Low,,backtest,demand_forecast_run_20261005T130920538
2025-09-15,S01,P0170,CAT17,11,4,22,1.589,3.704,20.77,Low,,backtest,demand_forecast_run_20261005T130920538
2025-09-15,S01,P0206,CAT15,5,6,4.37,2.901,6.317,5.17,Medium,BELOW_REORDER,backtest,demand_forecast_run_20261005T130920538
2025-09-15,S01,P0213,CAT07,14,5,11.53,2.64,5.762,15.91,Low,,backtest,demand_forecast_run_20261005T130920538
2025-09-15,S01,P0252,CAT18,20,7,15.55,5.296,12.882,11.33,Low,,backtest,demand_forecast_run_20261005T130920538
2025-09-15,S01,P0272,CAT13,1,3,1.56,1.337,2.751,2.24,High,DEMAND_EXCEEDS_STOCK|BELOW_REORDER|LOW_DAYS_COVER,backtest,demand_forecast_run_20261005T130920538
2025-09-15,S01,P0288,CAT14,8,4,18.65,0.805,1.851,29.8,Low,,backtest,demand_forecast_run_20261005T130920538
2025-09-15,S01,P0316,CAT15,3,3,20.98,0.749,1.63,12.02,Medium,BELOW_REORDER,backtest,demand_forecast_run_20261005T130920538
2025-09-15,S01,P0369,CAT09,7,8,6.12,4.92,10.326,4.27,Medium,BELOW_REORDER,backtest,demand_forecast_run_20261005T130920538
2025-09-15,S01,P0381,CAT13,4,3,5.09,1.494,3.074,8.03,Low,,backtest,demand_forecast_run_20261005T130920538
2025-09-15,S01,P0391,CAT06,12,5,9.33,4.34,10.302,8.29,Low,,backtest,demand_forecast_run_20261005T130920538
2025-09-15,S01,P0392,CAT19,9,3,31.47,1.006,2.278,26.84,Low,,backtest,demand_forecast_run_20261005T130920538
2025-09-15,S01,P0408,CAT16,13,4,20.22,1.535,4.935,25.41,Low,,backtest,demand_forecast_run_20261005T130920538
2025-09-15,S01,P0409,CAT12,10,4,9.34,1.281,2.982,23.41,Low,,backtest,demand_forecast_run_20261005T130920538
2025-09-15,S01,P0433,CAT20,4,3,13.99,0.805,2.148,14.91,Low,,backtest,demand_forecast_run_20261005T130920538
2025-09-15,S01,P0435,CAT14,7,7,4.9,3.463,7.96,6.06,Medium,BELOW_REORDER,backtest,demand_forecast_run_20261005T130920538
2025-09-15,S01,P0445,CAT02,11,4,17.11,2.453,3.854,13.45,Low,,backtest,demand_forecast_run_20261005T130920538
2025-09-15,S01,P0507,CAT02,23,14,6.71,13.629,21.408,5.06,Low,,backtest,demand_forecast_run_20261005T130920538
2025-09-15,S01,P0563,CAT13,5,6,2.8,2.989,6.149,5.02,Medium,BELOW_REORDER|LOW_DAYS_COVER,backtest,demand_forecast_run_20261005T130920538
2025-09-15,S01,P0579,CAT12,5,3,5,1.025,2.386,14.63,Low,,backtest,demand_forecast_run_20261005T130920538
2025-09-15,S01,P0589,CAT03,8,4,11.2,2.808,4.816,8.55,Low,,backtest,demand_forecast_run_20261005T130920538
2025-09-15,S02,P0003,CAT03,18,6,14,3.64,7.695,14.83,Low,,backtest,demand_forecast_run_20261005T130920538
2025-09-15,S02,P0022,CAT05,7,6,4.9,3.302,6.426,6.36,Low,,backtest,demand_forecast_run_20261005T130920538
2025-09-15,S02,P0032,CAT11,47,17,12.9,9.53,17.662,14.8,Low,,backtest,demand_forecast_run_20261005T130920538
2025-09-15,S02,P0053,CAT06,9,3,25.21,0.558,1.369,48.4,Low,,backtest,demand_forecast_run_20261005T130920538
2025-09-15,S02,P0073,CAT13,8,3,14.01,0.986,2.166,24.35,Low,,backtest,demand_forecast_run_20261005T130920538
2025-09-15,S02,P0170,CAT17,4,3,27.97,1.077,2.639,11.14,Low,,backtest,demand_forecast_run_20261005T130920538
2025-09-15,S02,P0206,CAT15,15,6,8.4,2.777,5.851,16.21,Low,,backtest,demand_forecast_run_20261005T130920538
2025-09-15,S02,P0213,CAT07,14,5,28,2.327,5.292,18.05,Low,,backtest,demand_forecast_run_20261005T130920538
2025-09-15,S02,P0252,CAT18,13,7,8.27,5.253,11.36,7.42,Low,,backtest,demand_forecast_run_20261005T130920538
2025-09-15,S02,P0272,CAT13,4,3,4,1.289,2.833,9.31,Low,,backtest,demand_forecast_run_20261005T130920538
2025-09-15,S02,P0288,CAT14,9,4,15.76,1.319,2.945,20.48,Low,,backtest,demand_forecast_run_20261005T130920538
2025-09-15,S02,P0316,CAT15,6,3,8.4,1.062,2.237,16.95,Low,,backtest,demand_forecast_run_20261005T130920538
2025-09-15,S02,P0369,CAT09,22,8,23.68,4.729,10.717,13.96,Low,,backtest,demand_forecast_run_20261005T130920538
2025-09-15,S02,P0381,CAT13,5,3,10,1.213,2.666,12.37,Low,,backtest,demand_forecast_run_20261005T130920538
2025-09-15,S02,P0391,CAT06,4,7,2.55,3.746,9.194,3.2,Medium,BELOW_REORDER|LOW_DAYS_COVER,backtest,demand_forecast_run_20261005T130920538
2025-09-15,S02,P0392,CAT19,4,3,7.01,0.799,2.235,15.02,Low,,backtest,demand_forecast_run_20261005T130920538
2025-09-15,S02,P0408,CAT16,8,4,16,2.315,6.517,10.37,Low,,backtest,demand_forecast_run_20261005T130920538
2025-09-15,S02,P0409,CAT12,10,5,7.78,2.915,7.086,10.29,Low,,backtest,demand_forecast_run_20261005T130920538
2025-09-15,S02,P0433,CAT20,6,3,16.81,0.623,1.748,28.87,Low,,backtest,demand_forecast_run_20261005T130920538
2025-09-15,S02,P0435,CAT14,18,8,9.69,4.65,10.384,11.61,Low,,backtest,demand_forecast_run_20261005T130920538
2025-09-15,S02,P0445,CAT02,11,4,13.99,1.893,3.225,17.43,Low,,backtest,demand_forecast_run_20261005T130920538
2025-09-15,S02,P0507,CAT02,9,15,2.21,14.466,24.65,1.87,High,DEMAND_EXCEEDS_STOCK|BELOW_REORDER|LOW_DAYS_COVER,backtest,demand_forecast_run_20261005T130920538
2025-09-15,S02,P0563,CAT13,8,6,6.59,2.35,5.166,10.21,Low,,backtest,demand_forecast_run_20261005T130920538
2025-09-15,S02,P0579,CAT12,10,3,12.72,1.26,3.064,23.8,Low,,backtest,demand_forecast_run_20261005T130920538
2025-09-15,S02,P0589,CAT03,11,4,10.27,1.896,4.008,17.4,Low,,backtest,demand_forecast_run_20261005T130920538
2025-09-15,S03,P0003,CAT03,5,6,3.89,2.955,6.257,5.08,Medium,BELOW_REORDER,backtest,demand_forecast_run_20261005T130920538
2025-09-15,S03,P0022,CAT05,14,5,11.53,2.234,4.151,18.8,Low,,backtest,demand_forecast_run_20261005T130920538
2025-09-15,S03,P0032,CAT11,31,15,7.48,11.264,20.036,8.26,Low,,backtest,demand_forecast_run_20261005T130920538
2025-09-15,S03,P0053,CAT06,5,4,11.66,1.258,3.036,11.93,Low,,backtest,demand_forecast_run_20261005T130920538
2025-09-15,S03,P0073,CAT13,7,3,24.48,0.641,1.473,32.76,Low,,backtest,demand_forecast_run_20261005T130920538
2025-09-15,S03,P0170,CAT17,4,4,4,2.94,6.236,4.08,Medium,BELOW_REORDER,backtest,demand_forecast_run_20261005T130920538
2025-09-15,S03,P0206,CAT15,13,6,12.14,2.357,5.977,16.55,Low,,backtest,demand_forecast_run_20261005T130920538
2025-09-15,S03,P0213,CAT07,7,4,7,1.812,4.169,11.59,Low,,backtest,demand_forecast_run_20261005T130920538
2025-09-15,S03,P0252,CAT18,7,8,5.16,4.206,10.374,4.99,Medium,BELOW_REORDER,backtest,demand_forecast_run_20261005T130920538
2025-09-15,S03,P0272,CAT13,9,3,25.21,0.962,2.209,28.08,Low,,backtest,demand_forecast_run_20261005T130920538
2025-09-15,S03,P0288,CAT14,10,3,28.01,1.078,2.342,27.82,Low,,backtest,demand_forecast_run_20261005T130920538
2025-09-15,S03,P0316,CAT15,6,4,13.99,1.292,3.278,13.93,Low,,backtest,demand_forecast_run_20261005T130920538
2025-09-15,S03,P0369,CAT09,23,8,16.1,4.274,10.153,16.14,Low,,backtest,demand_forecast_run_20261005T130920538
2025-09-15,S03,P0381,CAT13,9,3,20.98,1.175,2.7,22.97,Low,,backtest,demand_forecast_run_20261005T130920538
2025-09-15,S03,P0391,CAT06,15,6,8.08,3.633,8.771,12.38,Low,,backtest,demand_forecast_run_20261005T130920538
2025-09-15,S03,P0392,CAT19,4,3,9.32,0.667,1.779,18,Low,,backtest,demand_forecast_run_20261005T130920538
2025-09-15,S03,P0408,CAT16,9,4,18,1.346,3.664,20.06,Low,,backtest,demand_forecast_run_20261005T130920538
2025-09-15,S03,P0409,CAT12,6,4,7,1.904,4.258,9.45,Low,,backtest,demand_forecast_run_20261005T130920538
2025-09-15,S03,P0433,CAT20,6,2,,0.272,0.59,66.08,Low,,backtest,demand_forecast_run_20261005T130920538
2025-09-15,S03,P0435,CAT14,5,7,3.89,4.117,8.942,3.64,Medium,BELOW_REORDER,backtest,demand_forecast_run_20261005T130920538
2025-09-15,S03,P0445,CAT02,4,3,18.69,1.268,2.237,9.47,Low,,backtest,demand_forecast_run_20261005T130920538
2025-09-15,S03,P0507,CAT02,11,14,2.23,15.085,26.619,2.19,High,DEMAND_EXCEEDS_STOCK|BELOW_REORDER|LOW_DAYS_COVER,backtest,demand_forecast_run_20261005T130920538
2025-09-15,S03,P0563,CAT13,18,6,27.99,2.778,6.382,19.44,Low,,backtest,demand_forecast_run_20261005T130920538
2025-09-15,S03,P0579,CAT12,5,3,11.66,1.408,3.147,10.66,Low,,backtest,demand_forecast_run_20261005T130920538
2025-09-15,S03,P0589,CAT03,4,5,3.73,2.781,5.889,4.32,Medium,BELOW_REORDER,backtest,demand_forecast_run_20261005T130920538
2025-09-15,S04,P0003,CAT03,6,5,4.94,3.138,6.59,5.74,Low,,backtest,demand_forecast_run_20261005T130920538
2025-09-15,S04,P0022,CAT05,12,5,15.27,1.511,3.083,23.82,Low,,backtest,demand_forecast_run_20261005T130920538
2025-09-15,S04,P0032,CAT11,34,12,10.13,7.863,16.461,12.97,Low,,backtest,demand_forecast_run_20261005T130920538
2025-09-15,S04,P0053,CAT06,5,3,14.01,0.851,2.236,17.62,Low,,backtest,demand_forecast_run_20261005T130920538
2025-09-15,S04,P0073,CAT13,7,2,19.61,0.882,2.134,23.82,Low,,backtest,demand_forecast_run_20261005T130920538
2025-09-15,S04,P0170,CAT17,9,3,11.45,2.515,6.15,10.74,Low,,backtest,demand_forecast_run_20261005T130920538
2025-09-15,S04,P0206,CAT15,15,5,13.12,2.307,6.039,19.51,Low,,backtest,demand_forecast_run_20261005T130920538
2025-09-15,S04,P0213,CAT07,11,4,17.11,1.523,3.516,21.66,Low,,backtest,demand_forecast_run_20261005T130920538
2025-09-15,S04,P0252,CAT18,19,6,14.77,2.721,7.012,20.95,Low,,backtest,demand_forecast_run_20261005T130920538
2025-09-15,S04,P0272,CAT13,9,3,18,1.274,3.082,21.2,Low,,backtest,demand_forecast_run_20261005T130920538
2025-09-15,S04,P0288,CAT14,7,4,12.26,1.053,2.462,19.94,Low,,backtest,demand_forecast_run_20261005T130920538
2025-09-15,S04,P0316,CAT15,3,3,10.49,0.577,1.51,15.6,Medium,BELOW_REORDER,backtest,demand_forecast_run_20261005T130920538
2025-09-15,S04,P0369,CAT09,10,6,7,3.71,8.544,8.09,Low,,backtest,demand_forecast_run_20261005T130920538
2025-09-15,S04,P0381,CAT13,6,3,10.51,1.078,2.608,16.7,Low,,backtest,demand_forecast_run_20261005T130920538
2025-09-15,S04,P0391,CAT06,15,5,15,2.03,5.333,22.17,Low,,backtest,demand_forecast_run_20261005T130920538
2025-09-15,S04,P0392,CAT19,9,3,25.21,0.605,1.515,44.64,Low,,backtest,demand_forecast_run_20261005T130920538
2025-09-15,S04,P0408,CAT16,12,3,169.01,1.308,3.507,27.53,Low,,backtest,demand_forecast_run_20261005T130920538
2025-09-15,S04,P0409,CAT12,8,4,7.47,1.24,3.178,19.35,Low,,backtest,demand_forecast_run_20261005T130920538
2025-09-15,S04,P0433,CAT20,6,2,84.51,0.082,0.265,218.98,Low,,backtest,demand_forecast_run_20261005T130920538
2025-09-15,S04,P0435,CAT14,18,6,11.46,2.691,6.292,20.06,Low,,backtest,demand_forecast_run_20261005T130920538
2025-09-15,S04,P0445,CAT02,3,3,4.67,1.31,2.427,6.87,Medium,BELOW_REORDER,backtest,demand_forecast_run_20261005T130920538
2025-09-15,S04,P0507,CAT02,31,11,10.58,9.648,17.873,9.64,Low,,backtest,demand_forecast_run_20261005T130920538
2025-09-15,S04,P0563,CAT13,7,5,9.8,1.665,4.031,12.61,Low,,backtest,demand_forecast_run_20261005T130920538
2025-09-15,S04,P0579,CAT12,8,3,14.01,0.914,2.342,26.26,Low,,backtest,demand_forecast_run_20261005T130920538
2025-09-15,S04,P0589,CAT03,9,4,20.98,1.806,3.794,14.95,Low,,backtest,demand_forecast_run_20261005T130920538
2025-09-15,S05,P0003,CAT03,12,4,11.2,2.237,5.237,16.1,Low,,backtest,demand_forecast_run_20261005T130920538
2025-09-15,S05,P0022,CAT05,6,4,8.4,2.797,5.933,6.43,Low,,backtest,demand_forecast_run_20261005T130920538
2025-09-15,S05,P0032,CAT11,24,11,11.59,9.029,16.999,7.97,Low,,backtest,demand_forecast_run_20261005T130920538
2025-09-15,S05,P0053,CAT06,9,3,12.61,0.702,2.032,38.45,Low,,backtest,demand_forecast_run_20261005T130920538
2025-09-15,S05,P0073,CAT13,5,2,34.97,0.451,1.247,33.24,Low,,backtest,demand_forecast_run_20261005T130920538
2025-09-15,S05,P0170,CAT17,7,3,12.26,1.209,3.187,17.37,Low,,backtest,demand_forecast_run_20261005T130920538
2025-09-15,S05,P0206,CAT15,7,4,4.67,1.792,5.319,11.72,Low,,backtest,demand_forecast_run_20261005T130920538
2025-09-15,S05,P0213,CAT07,11,4,15.41,1.831,4.408,18.02,Low,,backtest,demand_forecast_run_20261005T130920538
2025-09-15,S05,P0252,CAT18,11,5,17.11,3.278,8.008,10.07,Low,,backtest,demand_forecast_run_20261005T130920538
2025-09-15,S05,P0272,CAT13,8,3,11.2,1.071,2.96,22.4,Low,,backtest,demand_forecast_run_20261005T130920538
2025-09-15,S05,P0288,CAT14,6,3,5.6,1.272,3.514,14.16,Low,,backtest,demand_forecast_run_20261005T130920538
2025-09-15,S05,P0316,CAT15,3,3,8.4,0.752,2.231,11.97,Medium,BELOW_REORDER,backtest,demand_forecast_run_20261005T130920538
2025-09-15,S05,P0369,CAT09,5,6,3.68,3.006,8.018,4.99,Medium,BELOW_REORDER,backtest,demand_forecast_run_20261005T130920538
2025-09-15,S05,P0381,CAT13,4,3,9.32,0.507,1.402,23.65,Low,,backtest,demand_forecast_run_20261005T130920538
2025-09-15,S05,P0391,CAT06,6,5,4.94,1.836,5.314,9.8,Low,,backtest,demand_forecast_run_20261005T130920538
2025-09-15,S05,P0392,CAT19,2,2,13.99,0.191,0.542,31.45,Medium,BELOW_REORDER,backtest,demand_forecast_run_20261005T130920538
2025-09-15,S05,P0408,CAT16,4,3,13.99,0.883,3.061,13.58,Low,,backtest,demand_forecast_run_20261005T130920538
2025-09-15,S05,P0409,CAT12,11,3,13.99,1.812,4.769,18.21,Low,,backtest,demand_forecast_run_20261005T130920538
2025-09-15,S05,P0433,CAT20,5,2,70.42,0.33,0.84,45.41,Low,,backtest,demand_forecast_run_20261005T130920538
2025-09-15,S05,P0435,CAT14,18,6,12.6,2.361,6.526,22.87,Low,,backtest,demand_forecast_run_20261005T130920538
2025-09-15,S05,P0445,CAT02,7,3,24.48,1.685,3.339,12.46,Low,,backtest,demand_forecast_run_20261005T130920538
2025-09-15,S05,P0507,CAT02,4,9,1.87,8.167,16.181,1.47,High,DEMAND_EXCEEDS_STOCK|BELOW_REORDER|LOW_DAYS_COVER,backtest,demand_forecast_run_20261005T130920538
2025-09-15,S05,P0563,CAT13,1,5,0.93,1.974,5.454,1.52,High,DEMAND_EXCEEDS_STOCK|BELOW_REORDER|LOW_DAYS_COVER,backtest,demand_forecast_run_20261005T130920538
2025-09-15,S05,P0579,CAT12,7,3,48.95,0.403,1.06,52.16,Low,,backtest,demand_forecast_run_20261005T130920538
2025-09-15,S05,P0589,CAT03,5,4,3.89,2.44,5.714,6.15,Low,,backtest,demand_forecast_run_20261005T130920538
2025-09-15,S06,P0003,CAT03,18,6,10.5,3.542,6.11,15.25,Low,,backtest,demand_forecast_run_20261005T130920538
2025-09-15,S06,P0022,CAT05,12,6,8.4,2.277,3.745,15.81,Low,,backtest,demand_forecast_run_20261005T130920538
2025-09-15,S06,P0032,CAT11,57,18,12.09,15.698,24.788,10.89,Low,,backtest,demand_forecast_run_20261005T130920538
2025-09-15,S06,P0053,CAT06,6,4,10.51,1.681,3.675,10.71,Low,,backtest,demand_forecast_run_20261005T130920538
2025-09-15,S06,P0073,CAT13,9,4,11.45,2.728,5.454,9.9,Low,,backtest,demand_forecast_run_20261005T130920538
2025-09-15,S06,P0170,CAT17,10,4,10.76,1.592,3.81,18.85,Low,,backtest,demand_forecast_run_20261005T130920538
2025-09-15,S06,P0206,CAT15,6,7,5.25,5.251,9.954,3.43,Medium,BELOW_REORDER,backtest,demand_forecast_run_20261005T130920538
2025-09-15,S06,P0213,CAT07,15,6,12.36,4.296,8.438,10.48,Low,,backtest,demand_forecast_run_20261005T130920538
2025-09-15,S06,P0252,CAT18,8,8,4.15,5.422,12.341,4.43,Medium,BELOW_REORDER,backtest,demand_forecast_run_20261005T130920538
2025-09-15,S06,P0272,CAT13,12,4,21.02,1.223,2.445,29.43,Low,,backtest,demand_forecast_run_20261005T130920538
2025-09-15,S06,P0288,CAT14,5,4,17.48,1.21,2.206,12.4,Low,,backtest,demand_forecast_run_20261005T130920538
2025-09-15,S06,P0316,CAT15,5,4,10,1.882,3.568,7.97,Low,,backtest,demand_forecast_run_20261005T130920538
2025-09-15,S06,P0369,CAT09,32,10,21.33,6.441,13.921,14.9,Low,,backtest,demand_forecast_run_20261005T130920538
2025-09-15,S06,P0381,CAT13,1,4,1,2.164,4.326,1.39,High,DEMAND_EXCEEDS_STOCK|BELOW_REORDER|LOW_DAYS_COVER,backtest,demand_forecast_run_20261005T130920538
2025-09-15,S06,P0391,CAT06,9,7,6.3,3.168,6.927,8.52,Low,,backtest,demand_forecast_run_20261005T130920538
2025-09-15,S06,P0392,CAT19,1,3,1.17,2,3.984,1.5,High,DEMAND_EXCEEDS_STOCK|BELOW_REORDER|LOW_DAYS_COVER,backtest,demand_forecast_run_20261005T130920538
2025-09-15,S06,P0408,CAT16,6,5,4.67,2.979,6.926,6.04,Low,,backtest,demand_forecast_run_20261005T130920538
2025-09-15,S06,P0409,CAT12,13,5,8.67,2.839,5.692,13.74,Low,,backtest,demand_forecast_run_20261005T130920538
2025-09-15,S06,P0433,CAT20,1,3,2,1.048,1.997,2.86,High,DEMAND_EXCEEDS_STOCK|BELOW_REORDER|LOW_DAYS_COVER,backtest,demand_forecast_run_20261005T130920538
2025-09-15,S06,P0435,CAT14,15,9,9.55,5.957,10.863,7.55,Low,,backtest,demand_forecast_run_20261005T130920538
2025-09-15,S06,P0445,CAT02,7,4,8.17,3.586,5.735,5.86,Low,,backtest,demand_forecast_run_20261005T130920538
2025-09-15,S06,P0507,CAT02,48,17,12,16.207,25.92,8.88,Low,,backtest,demand_forecast_run_20261005T130920538
2025-09-15,S06,P0563,CAT13,10,6,11.67,2.634,5.266,11.39,Low,,backtest,demand_forecast_run_20261005T130920538
2025-09-15,S06,P0579,CAT12,9,4,11.45,1.958,3.926,13.79,Low,,backtest,demand_forecast_run_20261005T130920538
2025-09-15,S06,P0589,CAT03,9,6,6.63,3.01,5.193,8.97,Low,,backtest,demand_forecast_run_20261005T130920538
2025-09-15,S07,P0003,CAT03,14,5,14,2.787,5.192,15.07,Low,,backtest,demand_forecast_run_20261005T130920538
2025-09-15,S07,P0022,CAT05,0,4,0,2.25,4.824,0,High,ZERO_STOCK|DEMAND_EXCEEDS_STOCK|BELOW_REORDER|LOW_DAYS_COVER,backtest,demand_forecast_run_20261005T130920538
2025-09-15,S07,P0032,CAT11,36,12,11.72,9.442,17.93,11.44,Low,,backtest,demand_forecast_run_20261005T130920538
2025-09-15,S07,P0053,CAT06,2,3,3.5,0.8,2.066,7.5,Medium,BELOW_REORDER,backtest,demand_forecast_run_20261005T130920538
2025-09-15,S07,P0073,CAT13,7,3,14,0.739,1.674,28.41,Low,,backtest,demand_forecast_run_20261005T130920538
2025-09-15,S07,P0170,CAT17,7,3,48.95,0.934,2.548,22.48,Low,,backtest,demand_forecast_run_20261005T130920538
2025-09-15,S07,P0206,CAT15,9,5,7.41,2.686,7.029,10.05,Low,,backtest,demand_forecast_run_20261005T130920538
2025-09-15,S07,P0213,CAT07,9,4,7.41,2.389,4.974,11.3,Low,,backtest,demand_forecast_run_20261005T130920538
2025-09-15,S07,P0252,CAT18,16,5,13.18,2.882,8.179,16.65,Low,,backtest,demand_forecast_run_20261005T130920538
2025-09-15,S07,P0272,CAT13,7,3,16.32,0.665,1.506,31.56,Low,,backtest,demand_forecast_run_20261005T130920538
2025-09-15,S07,P0288,CAT14,7,3,12.26,1.329,3.288,15.8,Low,,backtest,demand_forecast_run_20261005T130920538
2025-09-15,S07,P0316,CAT15,10,3,46.73,0.373,0.976,80.43,Low,,backtest,demand_forecast_run_20261005T130920538
2025-09-15,S07,P0369,CAT09,7,7,4.67,3.992,9.204,5.26,Medium,BELOW_REORDER,backtest,demand_forecast_run_20261005T130920538
2025-09-15,S07,P0381,CAT13,4,3,11.2,0.739,1.674,16.24,Low,,backtest,demand_forecast_run_20261005T130920538
2025-09-15,S07,P0391,CAT06,11,5,6.7,2.399,6.197,13.75,Low,,backtest,demand_forecast_run_20261005T130920538
2025-09-15,S07,P0392,CAT19,7,3,12.26,1.419,3.978,14.8,Low,,backtest,demand_forecast_run_20261005T130920538
2025-09-15,S07,P0408,CAT16,10,3,20,1.205,4.579,24.9,Low,,backtest,demand_forecast_run_20261005T130920538
2025-09-15,S07,P0409,CAT12,3,4,2.1,1.931,5.156,4.66,Medium,BELOW_REORDER|LOW_DAYS_COVER,backtest,demand_forecast_run_20261005T130920538
2025-09-15,S07,P0433,CAT20,6,2,84.51,0.184,0.567,97.83,Low,,backtest,demand_forecast_run_20261005T130920538
2025-09-15,S07,P0435,CAT14,10,7,4.37,3.142,7.772,9.55,Low,,backtest,demand_forecast_run_20261005T130920538
2025-09-15,S07,P0445,CAT02,3,3,6,1.209,2.242,7.45,Medium,BELOW_REORDER,backtest,demand_forecast_run_20261005T130920538
2025-09-15,S07,P0507,CAT02,5,11,1.71,7.911,14.677,1.9,High,DEMAND_EXCEEDS_STOCK|BELOW_REORDER|LOW_DAYS_COVER,backtest,demand_forecast_run_20261005T130920538
2025-09-15,S07,P0563,CAT13,13,5,10.11,2.513,5.69,15.52,Low,,backtest,demand_forecast_run_20261005T130920538
2025-09-15,S07,P0579,CAT12,8,3,8.61,1.121,2.994,21.41,Low,,backtest,demand_forecast_run_20261005T130920538
2025-09-15,S07,P0589,CAT03,5,4,7.78,2.136,3.98,7.02,Low,,backtest,demand_forecast_run_20261005T130920538
2025-09-15,S08,P0003,CAT03,7,7,3.77,3.374,6.43,6.22,Medium,BELOW_REORDER,backtest,demand_forecast_run_20261005T130920538
2025-09-15,S08,P0022,CAT05,2,6,2.33,2.92,5.372,2.05,High,DEMAND_EXCEEDS_STOCK|BELOW_REORDER|LOW_DAYS_COVER,backtest,demand_forecast_run_20261005T130920538
2025-09-15,S08,P0032,CAT11,30,18,7,12.77,22.822,7.05,Low,,backtest,demand_forecast_run_20261005T130920538
2025-09-15,S08,P0053,CAT06,5,3,4.37,1.378,3.27,10.88,Low,,backtest,demand_forecast_run_20261005T130920538
2025-09-15,S08,P0073,CAT13,0,3,0,0.694,1.404,0,High,ZERO_STOCK|DEMAND_EXCEEDS_STOCK|BELOW_REORDER|LOW_DAYS_COVER,backtest,demand_forecast_run_20261005T130920538
2025-09-15,S08,P0170,CAT17,10,4,20,1.469,3.697,20.43,Low,,backtest,demand_forecast_run_20261005T130920538
2025-09-15,S08,P0206,CAT15,16,7,12.44,3.648,8.027,13.16,Low,,backtest,demand_forecast_run_20261005T130920538
2025-09-15,S08,P0213,CAT07,16,6,10.67,2.15,4.644,22.32,Low,,backtest,demand_forecast_run_20261005T130920538
2025-09-15,S08,P0252,CAT18,15,9,9.13,5.703,13.694,7.89,Low,,backtest,demand_forecast_run_20261005T130920538
2025-09-15,S08,P0272,CAT13,3,4,3.82,1.696,3.432,5.31,Medium,BELOW_REORDER,backtest,demand_forecast_run_20261005T130920538
2025-09-15,S08,P0288,CAT14,4,4,4.67,1.875,4.009,6.4,Medium,BELOW_REORDER,backtest,demand_forecast_run_20261005T130920538
2025-09-15,S08,P0316,CAT15,7,4,12.26,1.103,2.427,19.04,Low,,backtest,demand_forecast_run_20261005T130920538
2025-09-15,S08,P0369,CAT09,13,10,4.92,4.652,10.379,8.38,Low,,backtest,demand_forecast_run_20261005T130920538
2025-09-15,S08,P0381,CAT13,7,4,19.61,1.156,2.34,18.16,Low,,backtest,demand_forecast_run_20261005T130920538
2025-09-15,S08,P0391,CAT06,20,6,12.73,2.757,6.539,21.76,Low,,backtest,demand_forecast_run_20261005T130920538
2025-09-15,S08,P0392,CAT19,9,4,14,1.729,4.04,15.61,Low,,backtest,demand_forecast_run_20261005T130920538
2025-09-15,S08,P0408,CAT16,13,4,8.67,2.192,5.78,17.79,Low,,backtest,demand_forecast_run_20261005T130920538
2025-09-15,S08,P0409,CAT12,5,5,2.8,2.666,6.248,5.63,Medium,BELOW_REORDER|LOW_DAYS_COVER,backtest,demand_forecast_run_20261005T130920538
2025-09-15,S08,P0433,CAT20,6,2,28.04,1.253,2.597,14.36,Low,,backtest,demand_forecast_run_20261005T130920538
2025-09-15,S08,P0435,CAT14,14,9,5.94,5.209,11.135,8.06,Low,,backtest,demand_forecast_run_20261005T130920538
2025-09-15,S08,P0445,CAT02,5,4,34.97,1.856,3.192,8.08,Low,,backtest,demand_forecast_run_20261005T130920538
2025-09-15,S08,P0507,CAT02,35,18,6.9,16.042,27.583,6.55,Low,,backtest,demand_forecast_run_20261005T130920538
2025-09-15,S08,P0563,CAT13,13,8,5.69,4.934,9.984,7.9,Low,,backtest,demand_forecast_run_20261005T130920538
2025-09-15,S08,P0579,CAT12,6,3,10.51,1.162,2.724,15.49,Low,,backtest,demand_forecast_run_20261005T130920538
2025-09-15,S08,P0589,CAT03,15,5,12.36,2.999,5.715,15,Low,,backtest,demand_forecast_run_20261005T130920538
2025-09-15,S09,P0003,CAT03,7,5,5.44,3.323,6.476,6.32,Low,,backtest,demand_forecast_run_20261005T130920538
2025-09-15,S09,P0022,CAT05,13,6,16.54,2.587,3.965,15.08,Low,,backtest,demand_forecast_run_20261005T130920538
2025-09-15,S09,P0032,CAT11,48,17,12,10.837,20.423,13.29,Low,,backtest,demand_forecast_run_20261005T130920538
2025-09-15,S09,P0053,CAT06,7,3,32.71,1.257,2.935,16.71,Low,,backtest,demand_forecast_run_20261005T130920538
2025-09-15,S09,P0073,CAT13,10,3,140.85,0.594,1.376,50.49,Low,,backtest,demand_forecast_run_20261005T130920538
2025-09-15,S09,P0170,CAT17,6,4,7,2.05,4.829,8.78,Low,,backtest,demand_forecast_run_20261005T130920538
2025-09-15,S09,P0206,CAT15,15,6,13.12,2.438,4.924,18.46,Low,,backtest,demand_forecast_run_20261005T130920538
2025-09-15,S09,P0213,CAT07,6,5,6.46,3.903,8.673,4.61,Low,,backtest,demand_forecast_run_20261005T130920538
2025-09-15,S09,P0252,CAT18,12,7,9.33,4.52,10.418,7.96,Low,,backtest,demand_forecast_run_20261005T130920538
2025-09-15,S09,P0272,CAT13,7,3,24.48,0.764,1.769,27.49,Low,,backtest,demand_forecast_run_20261005T130920538
2025-09-15,S09,P0288,CAT14,3,4,3,1.41,3.417,6.38,Medium,BELOW_REORDER,backtest,demand_forecast_run_20261005T130920538
2025-09-15,S09,P0316,CAT15,5,4,7,1.026,2.073,14.61,Low,,backtest,demand_forecast_run_20261005T130920538
2025-09-15,S09,P0369,CAT09,11,8,6.42,4.191,9.979,7.87,Low,,backtest,demand_forecast_run_20261005T130920538
2025-09-15,S09,P0381,CAT13,6,3,41.96,0.764,1.769,23.56,Low,,backtest,demand_forecast_run_20261005T130920538
2025-09-15,S09,P0391,CAT06,7,7,3.5,3.112,7.267,6.75,Medium,BELOW_REORDER,backtest,demand_forecast_run_20261005T130920538
2025-09-15,S09,P0392,CAT19,3,3,2.8,0.953,2.289,9.45,Medium,BELOW_REORDER|LOW_DAYS_COVER,backtest,demand_forecast_run_20261005T130920538
2025-09-15,S09,P0408,CAT16,13,4,20.22,2.2,6.261,17.73,Low,,backtest,demand_forecast_run_20261005T130920538
2025-09-15,S09,P0409,CAT12,7,5,7,2.207,5.337,9.52,Low,,backtest,demand_forecast_run_20261005T130920538
2025-09-15,S09,P0433,CAT20,4,2,18.69,0.296,0.732,40.61,Low,,backtest,demand_forecast_run_20261005T130920538
2025-09-15,S09,P0435,CAT14,27,9,11.46,4.455,10.797,18.18,Low,,backtest,demand_forecast_run_20261005T130920538
2025-09-15,S09,P0445,CAT02,6,4,13.99,2.257,3.835,7.97,Low,,backtest,demand_forecast_run_20261005T130920538
2025-09-15,S09,P0507,CAT02,36,16,13.62,12.356,20.99,8.74,Low,,backtest,demand_forecast_run_20261005T130920538
2025-09-15,S09,P0563,CAT13,7,6,4.67,3.226,7.469,6.51,Low,,backtest,demand_forecast_run_20261005T130920538
2025-09-15,S09,P0579,CAT12,10,3,23.31,1.358,3.285,22.09,Low,,backtest,demand_forecast_run_20261005T130920538
2025-09-15,S09,P0589,CAT03,13,5,13.99,4.008,7.81,9.73,Low,,backtest,demand_forecast_run_20261005T130920538
2025-09-15,S10,P0003,CAT03,9,5,4.35,4.226,7.675,6.39,Low,,backtest,demand_forecast_run_20261005T130920538
2025-09-15,S10,P0022,CAT05,4,5,5.6,2.171,3.286,5.53,Medium,BELOW_REORDER,backtest,demand_forecast_run_20261005T130920538
2025-09-15,S10,P0032,CAT11,41,14,10.63,10.293,18.654,11.95,Low,,backtest,demand_forecast_run_20261005T130920538
2025-09-15,S10,P0053,CAT06,6,3,13.99,0.62,1.484,29.05,Low,,backtest,demand_forecast_run_20261005T130920538
2025-09-15,S10,P0073,CAT13,6,3,13.99,1.015,2.323,17.73,Low,,backtest,demand_forecast_run_20261005T130920538
2025-09-15,S10,P0170,CAT17,7,3,9.8,1.754,4.511,11.97,Low,,backtest,demand_forecast_run_20261005T130920538
2025-09-15,S10,P0206,CAT15,13,5,16.54,2.196,5.462,17.76,Low,,backtest,demand_forecast_run_20261005T130920538
2025-09-15,S10,P0213,CAT07,9,4,9,2.96,6.537,9.12,Low,,backtest,demand_forecast_run_20261005T130920538
2025-09-15,S10,P0252,CAT18,0,7,0,4.021,10.144,0,High,ZERO_STOCK|DEMAND_EXCEEDS_STOCK|BELOW_REORDER|LOW_DAYS_COVER,backtest,demand_forecast_run_20261005T130920538
2025-09-15,S10,P0272,CAT13,8,3,112.68,0.369,0.845,65.01,Low,,backtest,demand_forecast_run_20261005T130920538
2025-09-15,S10,P0288,CAT14,5,4,7.78,1.53,2.778,9.8,Low,,backtest,demand_forecast_run_20261005T130920538
2025-09-15,S10,P0316,CAT15,7,4,32.71,0.573,1.425,36.66,Low,,backtest,demand_forecast_run_20261005T130920538
2025-09-15,S10,P0369,CAT09,17,7,7.93,4.619,11.114,11.04,Low,,backtest,demand_forecast_run_20261005T130920538
2025-09-15,S10,P0381,CAT13,4,3,5.6,1.384,3.167,8.67,Low,,backtest,demand_forecast_run_20261005T130920538
2025-09-15,S10,P0391,CAT06,13,5,15.17,2.685,6.43,14.52,Low,,backtest,demand_forecast_run_20261005T130920538
2025-09-15,S10,P0392,CAT19,5,3,23.36,0.788,1.836,19.03,Low,,backtest,demand_forecast_run_20261005T130920538
2025-09-15,S10,P0408,CAT16,5,4,14.01,1.281,3.912,11.71,Low,,backtest,demand_forecast_run_20261005T130920538
2025-09-15,S10,P0409,CAT12,6,5,5.6,2.338,5.548,7.7,Low,,backtest,demand_forecast_run_20261005T130920538
2025-09-15,S10,P0433,CAT20,6,2,41.96,0.692,1.662,26.03,Low,,backtest,demand_forecast_run_20261005T130920538
2025-09-15,S10,P0435,CAT14,0,7,0,4.04,7.332,0,High,ZERO_STOCK|DEMAND_EXCEEDS_STOCK|BELOW_REORDER|LOW_DAYS_COVER,backtest,demand_forecast_run_20261005T130920538
2025-09-15,S10,P0445,CAT02,4,3,4,2.705,4.152,4.44,Low,,backtest,demand_forecast_run_20261005T130920538
2025-09-15,S10,P0507,CAT02,15,13,4.47,14.728,22.606,3.06,Low,,backtest,demand_forecast_run_20261005T130920538
2025-09-15,S10,P0563,CAT13,11,6,9.62,3.692,8.446,8.94,Low,,backtest,demand_forecast_run_20261005T130920538
2025-09-15,S10,P0579,CAT12,6,3,20.98,1.029,2.441,17.49,Low,,backtest,demand_forecast_run_20261005T130920538
2025-09-15,S10,P0589,CAT03,4,4,5.09,2.742,4.978,4.38,Medium,BELOW_REORDER,backtest,demand_forecast_run_20261005T130920538
2025-09-15,S11,P0003,CAT03,13,6,12.14,3.611,5.75,10.8,Low,,backtest,demand_forecast_run_20261005T130920538
2025-09-15,S11,P0022,CAT05,18,6,9.69,3.609,6.8,14.96,Low,,backtest,demand_forecast_run_20261005T130920538
2025-09-15,S11,P0032,CAT11,50,20,8.98,13.314,23.418,11.27,Low,,backtest,demand_forecast_run_20261005T130920538
2025-09-15,S11,P0053,CAT06,6,4,13.99,1.383,2.782,13.02,Low,,backtest,demand_forecast_run_20261005T130920538
2025-09-15,S11,P0073,CAT13,0,3,0,1.061,2.225,0,High,ZERO_STOCK|DEMAND_EXCEEDS_STOCK|BELOW_REORDER|LOW_DAYS_COVER,backtest,demand_forecast_run_20261005T130920538
2025-09-15,S11,P0170,CAT17,8,4,7.47,1.751,3.581,13.7,Low,,backtest,demand_forecast_run_20261005T130920538
2025-09-15,S11,P0206,CAT15,9,7,8.4,3.019,5.54,8.94,Low,,backtest,demand_forecast_run_20261005T130920538
2025-09-15,S11,P0213,CAT07,9,6,6.3,3.43,6.707,7.87,Low,,backtest,demand_forecast_run_20261005T130920538
2025-09-15,S11,P0252,CAT18,27,9,9,6.227,12.214,13.01,Low,,backtest,demand_forecast_run_20261005T130920538
2025-09-15,S11,P0272,CAT13,7,4,19.61,0.936,1.963,22.44,Low,,backtest,demand_forecast_run_20261005T130920538
2025-09-15,S11,P0288,CAT14,11,5,7.33,2.06,3.723,16.02,Low,,backtest,demand_forecast_run_20261005T130920538
2025-09-15,S11,P0316,CAT15,6,4,7,2.432,4.463,7.4,Low,,backtest,demand_forecast_run_20261005T130920538
2025-09-15,S11,P0369,CAT09,30,9,8.94,6.161,10.269,14.61,Low,,backtest,demand_forecast_run_20261005T130920538
2025-09-15,S11,P0381,CAT13,8,4,7.47,2.059,4.319,11.66,Low,,backtest,demand_forecast_run_20261005T130920538
2025-09-15,S11,P0391,CAT06,18,7,10.5,3.091,6.219,17.47,Low,,backtest,demand_forecast_run_20261005T130920538
2025-09-15,S11,P0392,CAT19,7,3,9.8,1.283,1.989,16.37,Low,,backtest,demand_forecast_run_20261005T130920538
2025-09-15,S11,P0408,CAT16,14,5,9.8,2.656,5.842,15.81,Low,,backtest,demand_forecast_run_20261005T130920538
2025-09-15,S11,P0409,CAT12,5,5,7.78,2.555,4.906,5.87,Medium,BELOW_REORDER,backtest,demand_forecast_run_20261005T130920538
2025-09-15,S11,P0433,CAT20,6,3,12,0.572,1.302,31.47,Low,,backtest,demand_forecast_run_20261005T130920538
2025-09-15,S11,P0435,CAT14,18,9,6.3,5.201,9.401,10.38,Low,,backtest,demand_forecast_run_20261005T130920538
2025-09-15,S11,P0445,CAT02,12,5,24,3.328,5.01,10.82,Low,,backtest,demand_forecast_run_20261005T130920538
2025-09-15,S11,P0507,CAT02,37,18,7.62,15.097,22.724,7.35,Low,,backtest,demand_forecast_run_20261005T130920538
2025-09-15,S11,P0563,CAT13,13,7,7.58,3.868,8.115,10.08,Low,,backtest,demand_forecast_run_20261005T130920538
2025-09-15,S11,P0579,CAT12,8,3,18.65,1.533,2.943,15.65,Low,,backtest,demand_forecast_run_20261005T130920538
2025-09-15,S11,P0589,CAT03,7,5,7,2.934,4.672,7.16,Low,,backtest,demand_forecast_run_20261005T130920538
2025-09-15,S12,P0003,CAT03,10,6,7.78,3.246,6.151,9.24,Low,,backtest,demand_forecast_run_20261005T130920538
2025-09-15,S12,P0022,CAT05,2,5,1.27,2.541,5.069,2.36,High,DEMAND_EXCEEDS_STOCK|BELOW_REORDER|LOW_DAYS_COVER,backtest,demand_forecast_run_20261005T130920538
2025-09-15,S12,P0032,CAT11,9,15,1.07,11.618,22.126,2.32,High,DEMAND_EXCEEDS_STOCK|BELOW_REORDER|LOW_DAYS_COVER,backtest,demand_forecast_run_20261005T130920538
2025-09-15,S12,P0053,CAT06,8,3,11.2,1.457,3.534,16.47,Low,,backtest,demand_forecast_run_20261005T130920538
2025-09-15,S12,P0073,CAT13,5,3,23.36,0.776,1.666,19.34,Low,,backtest,demand_forecast_run_20261005T130920538
2025-09-15,S12,P0170,CAT17,0,3,0,1.941,4.771,0,High,ZERO_STOCK|DEMAND_EXCEEDS_STOCK|BELOW_REORDER|LOW_DAYS_COVER,backtest,demand_forecast_run_20261005T130920538
2025-09-15,S12,P0206,CAT15,12,6,9.33,2.063,4.851,17.45,Low,,backtest,demand_forecast_run_20261005T130920538
2025-09-15,S12,P0213,CAT07,14,5,11.53,2.09,4.911,20.1,Low,,backtest,demand_forecast_run_20261005T130920538
2025-09-15,S12,P0252,CAT18,12,7,6.46,4.025,10.404,8.94,Low,,backtest,demand_forecast_run_20261005T130920538
2025-09-15,S12,P0272,CAT13,4,3,3.73,1.896,4.073,6.33,Low,,backtest,demand_forecast_run_20261005T130920538
2025-09-15,S12,P0288,CAT14,12,4,9.88,1.599,3.732,22.51,Low,,backtest,demand_forecast_run_20261005T130920538
2025-09-15,S12,P0316,CAT15,9,3,14,1.444,3.396,18.7,Low,,backtest,demand_forecast_run_20261005T130920538
2025-09-15,S12,P0369,CAT09,6,8,2.71,6.82,15.086,2.64,High,DEMAND_EXCEEDS_STOCK|BELOW_REORDER|LOW_DAYS_COVER,backtest,demand_forecast_run_20261005T130920538
2025-09-15,S12,P0381,CAT13,4,3,9.32,1.292,2.777,9.28,Low,,backtest,demand_forecast_run_20261005T130920538
2025-09-15,S12,P0391,CAT06,12,5,8,2.567,6.227,14.02,Low,,backtest,demand_forecast_run_20261005T130920538
2025-09-15,S12,P0392,CAT19,7,3,10.89,0.898,2.383,23.4,Low,,backtest,demand_forecast_run_20261005T130920538
2025-09-15,S12,P0408,CAT16,10,4,23.31,1.177,3.565,25.5,Low,,backtest,demand_forecast_run_20261005T130920538
2025-09-15,S12,P0409,CAT12,4,4,2.43,2.19,5.661,5.48,Medium,BELOW_REORDER|LOW_DAYS_COVER,backtest,demand_forecast_run_20261005T130920538
2025-09-15,S12,P0433,CAT20,6,2,13.99,0.616,1.664,29.22,Low,,backtest,demand_forecast_run_20261005T130920538
2025-09-15,S12,P0435,CAT14,15,6,7.24,3.998,9.33,11.26,Low,,backtest,demand_forecast_run_20261005T130920538
2025-09-15,S12,P0445,CAT02,9,3,18,1.358,2.649,19.89,Low,,backtest,demand_forecast_run_20261005T130920538
2025-09-15,S12,P0507,CAT02,41,14,8.09,9.505,18.546,12.94,Low,,backtest,demand_forecast_run_20261005T130920538
2025-09-15,S12,P0563,CAT13,14,6,10.89,2.499,5.369,16.81,Low,,backtest,demand_forecast_run_20261005T130920538
2025-09-15,S12,P0579,CAT12,5,3,14.01,0.929,2.402,16.14,Low,,backtest,demand_forecast_run_20261005T130920538
2025-09-15,S12,P0589,CAT03,9,4,14,1.885,3.572,14.32,Low,,backtest,demand_forecast_run_20261005T130920538
2025-09-16,S01,P0003,CAT03,17,6,14.87,3.682,6.31,13.85,Low,,backtest,demand_forecast_run_20261005T130920538
2025-09-16,S01,P0022,CAT05,3,5,3,2.808,4.81,3.21,Medium,BELOW_REORDER,backtest,demand_forecast_run_20261005T130920538
2025-09-16,S01,P0032,CAT11,29,14,7,10.976,17.548,7.93,Low,,backtest,demand_forecast_run_20261005T130920538
2025-09-16,S01,P0053,CAT06,5,3,23.36,0.84,1.963,17.86,Low,,backtest,demand_forecast_run_20261005T130920538
2025-09-16,S01,P0073,CAT13,4,3,9.32,1.158,2.428,10.37,Low,,backtest,demand_forecast_run_20261005T130920538
2025-09-16,S01,P0170,CAT17,11,4,22,1.945,4.536,16.97,Low,,backtest,demand_forecast_run_20261005T130920538
2025-09-16,S01,P0206,CAT15,5,6,5.38,2.837,6.392,5.29,Medium,BELOW_REORDER,backtest,demand_forecast_run_20261005T130920538
2025-09-16,S01,P0213,CAT07,14,5,11.53,2.401,5.362,17.49,Low,,backtest,demand_forecast_run_20261005T130920538
2025-09-16,S01,P0252,CAT18,20,7,16.47,4.755,12.341,12.62,Low,,backtest,demand_forecast_run_20261005T130920538
2025-09-16,S01,P0272,CAT13,7,3,9.8,1.406,2.948,14.94,Low,,backtest,demand_forecast_run_20261005T130920538
2025-09-16,S01,P0288,CAT14,7,4,14,0.887,1.647,23.69,Low,,backtest,demand_forecast_run_20261005T130920538
2025-09-16,S01,P0316,CAT15,3,3,20.98,0.489,1.102,18.4,Medium,BELOW_REORDER,backtest,demand_forecast_run_20261005T130920538
2025-09-16,S01,P0369,CAT09,27,8,25.21,5.339,11.034,15.17,Low,,backtest,demand_forecast_run_20261005T130920538
2025-09-16,S01,P0381,CAT13,4,3,5.09,1.488,3.121,8.06,Low,,backtest,demand_forecast_run_20261005T130920538
2025-09-16,S01,P0391,CAT06,11,5,8.11,4.439,10.373,7.43,Low,,backtest,demand_forecast_run_20261005T130920538
2025-09-16,S01,P0392,CAT19,6,3,41.96,0.8,1.828,22.49,Low,,backtest,demand_forecast_run_20261005T130920538
2025-09-16,S01,P0408,CAT16,12,4,16.81,1.469,4.433,24.51,Low,,backtest,demand_forecast_run_20261005T130920538
2025-09-16,S01,P0409,CAT12,8,4,6.59,1.44,3.479,16.66,Low,,backtest,demand_forecast_run_20261005T130920538
2025-09-16,S01,P0433,CAT20,4,3,13.99,0.608,1.733,19.74,Low,,backtest,demand_forecast_run_20261005T130920538
2025-09-16,S01,P0435,CAT14,0,7,0,4.255,7.904,0,High,ZERO_STOCK|DEMAND_EXCEEDS_STOCK|BELOW_REORDER|LOW_DAYS_COVER,backtest,demand_forecast_run_20261005T130920538
2025-09-16,S01,P0445,CAT02,11,4,17.11,2.16,3.231,15.28,Low,,backtest,demand_forecast_run_20261005T130920538
2025-09-16,S01,P0507,CAT02,17,14,4.76,14.69,21.973,3.47,Low,,backtest,demand_forecast_run_20261005T130920538
2025-09-16,S01,P0563,CAT13,5,6,2.92,2.894,6.069,5.18,Medium,BELOW_REORDER|LOW_DAYS_COVER,backtest,demand_forecast_run_20261005T130920538
2025-09-16,S01,P0579,CAT12,5,3,5,1.097,2.65,13.67,Low,,backtest,demand_forecast_run_20261005T130920538
2025-09-16,S01,P0589,CAT03,8,4,11.2,2.257,3.867,10.64,Low,,backtest,demand_forecast_run_20261005T130920538
2025-09-16,S02,P0003,CAT03,15,6,11.05,3.765,7.442,11.95,Low,,backtest,demand_forecast_run_20261005T130920538
2025-09-16,S02,P0022,CAT05,6,6,4.2,3.541,6.922,5.08,Medium,BELOW_REORDER,backtest,demand_forecast_run_20261005T130920538
2025-09-16,S02,P0032,CAT11,43,17,12.04,9.853,18.098,13.09,Low,,backtest,demand_forecast_run_20261005T130920538
2025-09-16,S02,P0053,CAT06,9,3,25.21,0.59,1.415,45.72,Low,,backtest,demand_forecast_run_20261005T130920538
2025-09-16,S02,P0073,CAT13,7,3,16.32,1.057,2.344,19.86,Low,,backtest,demand_forecast_run_20261005T130920538
2025-09-16,S02,P0170,CAT17,4,3,27.97,1.117,2.678,10.74,Low,,backtest,demand_forecast_run_20261005T130920538
2025-09-16,S02,P0206,CAT15,14,6,7.84,3.046,6.458,13.79,Low,,backtest,demand_forecast_run_20261005T130920538
2025-09-16,S02,P0213,CAT07,12,5,18.66,2.638,5.762,13.65,Low,,backtest,demand_forecast_run_20261005T130920538
2025-09-16,S02,P0252,CAT18,11,7,6.7,4.741,11.734,6.96,Low,,backtest,demand_forecast_run_20261005T130920538
2025-09-16,S02,P0272,CAT13,4,3,4,1.284,2.846,9.35,Low,,backtest,demand_forecast_run_20261005T130920538
2025-09-16,S02,P0288,CAT14,8,4,12.44,1.381,3.065,17.37,Low,,backtest,demand_forecast_run_20261005T130920538
2025-09-16,S02,P0316,CAT15,6,3,9.33,1.131,2.399,15.91,Low,,backtest,demand_forecast_run_20261005T130920538
2025-09-16,S02,P0369,CAT09,22,8,25.67,5.051,10.704,13.07,Low,,backtest,demand_forecast_run_20261005T130920538
2025-09-16,S02,P0381,CAT13,1,3,2,1.208,2.679,2.48,High,DEMAND_EXCEEDS_STOCK|BELOW_REORDER|LOW_DAYS_COVER,backtest,demand_forecast_run_20261005T130920538
2025-09-16,S02,P0391,CAT06,4,7,2.55,3.965,9.498,3.03,Medium,BELOW_REORDER|LOW_DAYS_COVER,backtest,demand_forecast_run_20261005T130920538
2025-09-16,S02,P0392,CAT19,3,3,6.99,0.884,2.286,10.18,Medium,BELOW_REORDER,backtest,demand_forecast_run_20261005T130920538
2025-09-16,S02,P0408,CAT16,5,4,7,2.403,6.506,6.24,Low,,backtest,demand_forecast_run_20261005T130920538
2025-09-16,S02,P0409,CAT12,7,5,4.9,3.175,7.656,6.61,Low,,backtest,demand_forecast_run_20261005T130920538
2025-09-16,S02,P0433,CAT20,6,3,16.81,0.721,1.882,24.98,Low,,backtest,demand_forecast_run_20261005T130920538
2025-09-16,S02,P0435,CAT14,14,8,7,4.835,10.728,8.69,Low,,backtest,demand_forecast_run_20261005T130920538
2025-09-16,S02,P0445,CAT02,10,4,10.76,2.316,3.716,12.96,Low,,backtest,demand_forecast_run_20261005T130920538
2025-09-16,S02,P0507,CAT02,49,15,13.19,15.485,24.853,9.49,Low,,backtest,demand_forecast_run_20261005T130920538
2025-09-16,S02,P0563,CAT13,8,6,7.47,2.341,5.19,10.25,Low,,backtest,demand_forecast_run_20261005T130920538
2025-09-16,S02,P0579,CAT12,10,3,12.72,1.27,3.062,23.62,Low,,backtest,demand_forecast_run_20261005T130920538
2025-09-16,S02,P0589,CAT03,11,4,10.27,2.046,4.045,16.13,Low,,backtest,demand_forecast_run_20261005T130920538
2025-09-16,S03,P0003,CAT03,18,6,14,2.896,6.274,18.64,Low,,backtest,demand_forecast_run_20261005T130920538
2025-09-16,S03,P0022,CAT05,14,5,13.07,2.285,4.066,18.38,Low,,backtest,demand_forecast_run_20261005T130920538
2025-09-16,S03,P0032,CAT11,30,15,7.37,10.788,19.915,8.34,Low,,backtest,demand_forecast_run_20261005T130920538
2025-09-16,S03,P0053,CAT06,5,4,11.66,1.15,2.887,13.05,Low,,backtest,demand_forecast_run_20261005T130920538
2025-09-16,S03,P0073,CAT13,7,3,24.48,0.666,1.604,31.54,Low,,backtest,demand_forecast_run_20261005T130920538
2025-09-16,S03,P0170,CAT17,4,4,4.67,3.206,6.532,3.74,Medium,BELOW_REORDER,backtest,demand_forecast_run_20261005T130920538
2025-09-16,S03,P0206,CAT15,13,6,12.14,2.459,5.969,15.86,Low,,backtest,demand_forecast_run_20261005T130920538
2025-09-16,S03,P0213,CAT07,3,4,2.47,2.346,5.313,3.84,Medium,BELOW_REORDER|LOW_DAYS_COVER,backtest,demand_forecast_run_20261005T130920538
2025-09-16,S03,P0252,CAT18,7,8,6.54,4.389,10.641,4.78,Medium,BELOW_REORDER,backtest,demand_forecast_run_20261005T130920538
2025-09-16,S03,P0272,CAT13,9,3,42.06,0.999,2.406,27.03,Low,,backtest,demand_forecast_run_20261005T130920538
2025-09-16,S03,P0288,CAT14,10,3,34.97,0.705,1.591,42.54,Low,,backtest,demand_forecast_run_20261005T130920538
2025-09-16,S03,P0316,CAT15,6,4,13.99,1.393,3.383,12.92,Low,,backtest,demand_forecast_run_20261005T130920538
2025-09-16,S03,P0369,CAT09,23,8,17.88,4.767,10.791,14.47,Low,,backtest,demand_forecast_run_20261005T130920538
2025-09-16,S03,P0381,CAT13,9,3,20.98,1.11,2.673,24.33,Low,,backtest,demand_forecast_run_20261005T130920538
2025-09-16,S03,P0391,CAT06,15,6,10,3.592,9.022,12.53,Low,,backtest,demand_forecast_run_20261005T130920538
2025-09-16,S03,P0392,CAT19,3,3,6.99,0.778,2.031,11.57,Medium,BELOW_REORDER,backtest,demand_forecast_run_20261005T130920538
2025-09-16,S03,P0408,CAT16,9,4,18,1.322,3.806,20.43,Low,,backtest,demand_forecast_run_20261005T130920538
2025-09-16,S03,P0409,CAT12,6,4,7,1.977,4.436,9.1,Low,,backtest,demand_forecast_run_20261005T130920538
2025-09-16,S03,P0433,CAT20,6,2,,0.277,0.599,64.98,Low,,backtest,demand_forecast_run_20261005T130920538
2025-09-16,S03,P0435,CAT14,21,7,18.37,4.03,9.09,15.63,Low,,backtest,demand_forecast_run_20261005T130920538
2025-09-16,S03,P0445,CAT02,4,3,18.69,1.494,2.39,8.03,Low,,backtest,demand_forecast_run_20261005T130920538
2025-09-16,S03,P0507,CAT02,48,14,10.84,17.334,27.726,8.31,Low,,backtest,demand_forecast_run_20261005T130920538
2025-09-16,S03,P0563,CAT13,17,6,29.77,2.996,7.217,17.02,Low,,backtest,demand_forecast_run_20261005T130920538
2025-09-16,S03,P0579,CAT12,3,3,5.25,1.633,3.664,5.51,Medium,BELOW_REORDER,backtest,demand_forecast_run_20261005T130920538
2025-09-16,S03,P0589,CAT03,15,5,14.01,2.809,6.084,16.02,Low,,backtest,demand_forecast_run_20261005T130920538
2025-09-16,S04,P0003,CAT03,6,5,4.94,3.059,6.543,5.88,Low,,backtest,demand_forecast_run_20261005T130920538
2025-09-16,S04,P0022,CAT05,8,5,7.47,1.861,3.951,12.9,Low,,backtest,demand_forecast_run_20261005T130920538
2025-09-16,S04,P0032,CAT11,31,12,9.04,8.071,16.715,11.52,Low,,backtest,demand_forecast_run_20261005T130920538
2025-09-16,S04,P0053,CAT06,5,3,14.01,0.876,2.344,17.13,Low,,backtest,demand_forecast_run_20261005T130920538
2025-09-16,S04,P0073,CAT13,7,2,24.48,1.003,2.298,20.93,Low,,backtest,demand_forecast_run_20261005T130920538
2025-09-16,S04,P0170,CAT17,7,3,8.91,2.316,5.956,9.07,Low,,backtest,demand_forecast_run_20261005T130920538
2025-09-16,S04,P0206,CAT15,13,5,10.11,2.656,6.457,14.68,Low,,backtest,demand_forecast_run_20261005T130920538
2025-09-16,S04,P0213,CAT07,11,4,17.11,1.548,3.639,21.31,Low,,backtest,demand_forecast_run_20261005T130920538
2025-09-16,S04,P0252,CAT18,18,6,15.75,2.774,7.055,19.46,Low,,backtest,demand_forecast_run_20261005T130920538
2025-09-16,S04,P0272,CAT13,9,3,18,1.449,3.319,18.63,Low,,backtest,demand_forecast_run_20261005T130920538
2025-09-16,S04,P0288,CAT14,7,4,12.26,1.109,2.552,18.93,Low,,backtest,demand_forecast_run_20261005T130920538
2025-09-16,S04,P0316,CAT15,3,3,10.49,0.644,1.565,13.98,Medium,BELOW_REORDER,backtest,demand_forecast_run_20261005T130920538
2025-09-16,S04,P0369,CAT09,10,6,7,3.754,9.256,7.99,Low,,backtest,demand_forecast_run_20261005T130920538
2025-09-16,S04,P0381,CAT13,6,3,10.51,1.226,2.808,14.68,Low,,backtest,demand_forecast_run_20261005T130920538
2025-09-16,S04,P0391,CAT06,15,5,15,1.953,5.229,23.04,Low,,backtest,demand_forecast_run_20261005T130920538
2025-09-16,S04,P0392,CAT19,8,3,22.41,0.662,1.738,36.28,Low,,backtest,demand_forecast_run_20261005T130920538
2025-09-16,S04,P0408,CAT16,12,3,169.01,1.31,3.314,27.49,Low,,backtest,demand_forecast_run_20261005T130920538
2025-09-16,S04,P0409,CAT12,8,4,7.47,1.332,3.581,18.02,Low,,backtest,demand_forecast_run_20261005T130920538
2025-09-16,S04,P0433,CAT20,6,2,84.51,0.086,0.251,210.28,Low,,backtest,demand_forecast_run_20261005T130920538
2025-09-16,S04,P0435,CAT14,18,6,12.6,2.871,6.604,18.81,Low,,backtest,demand_forecast_run_20261005T130920538
2025-09-16,S04,P0445,CAT02,3,3,4.67,1.389,2.456,6.48,Medium,BELOW_REORDER,backtest,demand_forecast_run_20261005T130920538
2025-09-16,S04,P0507,CAT02,26,11,8.09,10.356,18.311,7.53,Low,,backtest,demand_forecast_run_20261005T130920538
2025-09-16,S04,P0563,CAT13,7,5,9.8,1.895,4.34,11.08,Low,,backtest,demand_forecast_run_20261005T130920538
2025-09-16,S04,P0579,CAT12,8,3,14.01,0.771,2.074,31.12,Low,,backtest,demand_forecast_run_20261005T130920538
2025-09-16,S04,P0589,CAT03,9,4,20.98,1.816,3.885,14.86,Low,,backtest,demand_forecast_run_20261005T130920538
2025-09-16,S05,P0003,CAT03,10,4,8.24,2.55,6.264,11.76,Low,,backtest,demand_forecast_run_20261005T130920538
2025-09-16,S05,P0022,CAT05,6,4,8.4,2.957,6.102,6.09,Low,,backtest,demand_forecast_run_20261005T130920538
2025-09-16,S05,P0032,CAT11,23,11,11.11,8.7,17.058,7.93,Low,,backtest,demand_forecast_run_20261005T130920538
2025-09-16,S05,P0053,CAT06,9,3,12.61,0.693,2.151,38.95,Low,,backtest,demand_forecast_run_20261005T130920538
2025-09-16,S05,P0073,CAT13,5,2,34.97,0.491,1.328,30.53,Low,,backtest,demand_forecast_run_20261005T130920538
2025-09-16,S05,P0170,CAT17,7,3,14,1.162,3.296,18.07,Low,,backtest,demand_forecast_run_20261005T130920538
2025-09-16,S05,P0206,CAT15,7,4,4.9,2.185,6.284,9.61,Low,,backtest,demand_forecast_run_20261005T130920538
2025-09-16,S05,P0213,CAT07,11,4,17.11,2.061,5.193,16.01,Low,,backtest,demand_forecast_run_20261005T130920538
2025-09-16,S05,P0252,CAT18,8,5,10.18,3.673,8.496,6.53,Low,,backtest,demand_forecast_run_20261005T130920538
2025-09-16,S05,P0272,CAT13,8,3,11.2,1.044,2.822,22.98,Low,,backtest,demand_forecast_run_20261005T130920538
2025-09-16,S05,P0288,CAT14,6,3,5.6,1.502,4.047,11.99,Low,,backtest,demand_forecast_run_20261005T130920538
2025-09-16,S05,P0316,CAT15,3,3,8.4,0.846,2.433,10.64,Medium,BELOW_REORDER,backtest,demand_forecast_run_20261005T130920538
2025-09-16,S05,P0369,CAT09,5,6,3.68,2.989,8.212,5.02,Medium,BELOW_REORDER,backtest,demand_forecast_run_20261005T130920538
2025-09-16,S05,P0381,CAT13,4,3,9.32,0.553,1.494,21.71,Low,,backtest,demand_forecast_run_20261005T130920538
2025-09-16,S05,P0391,CAT06,6,5,5.6,1.76,5.46,10.23,Low,,backtest,demand_forecast_run_20261005T130920538
2025-09-16,S05,P0392,CAT19,2,2,13.99,0.216,0.593,27.84,Medium,BELOW_REORDER,backtest,demand_forecast_run_20261005T130920538
2025-09-16,S05,P0408,CAT16,4,3,13.99,0.875,3.094,13.71,Low,,backtest,demand_forecast_run_20261005T130920538
2025-09-16,S05,P0409,CAT12,11,3,17.11,1.94,4.707,17.01,Low,,backtest,demand_forecast_run_20261005T130920538
2025-09-16,S05,P0433,CAT20,5,2,70.42,0.337,0.899,44.55,Low,,backtest,demand_forecast_run_20261005T130920538
2025-09-16,S05,P0435,CAT14,18,6,12.6,2.646,7.13,20.41,Low,,backtest,demand_forecast_run_20261005T130920538
2025-09-16,S05,P0445,CAT02,7,3,24.48,1.634,3.146,12.85,Low,,backtest,demand_forecast_run_20261005T130920538
2025-09-16,S05,P0507,CAT02,23,9,10.73,9.359,18.017,7.37,Low,,backtest,demand_forecast_run_20261005T130920538
2025-09-16,S05,P0563,CAT13,0,5,0,2.15,5.81,0,High,ZERO_STOCK|DEMAND_EXCEEDS_STOCK|BELOW_REORDER|LOW_DAYS_COVER,backtest,demand_forecast_run_20261005T130920538
2025-09-16,S05,P0579,CAT12,6,3,28.04,0.571,1.384,31.54,Low,,backtest,demand_forecast_run_20261005T130920538
2025-09-16,S05,P0589,CAT03,5,4,3.89,2.444,6.003,6.14,Low,,backtest,demand_forecast_run_20261005T130920538
2025-09-16,S06,P0003,CAT03,18,6,10.96,3.695,6.328,14.61,Low,,backtest,demand_forecast_run_20261005T130920538
2025-09-16,S06,P0022,CAT05,12,6,9.33,2.324,3.586,15.49,Low,,backtest,demand_forecast_run_20261005T130920538
2025-09-16,S06,P0032,CAT11,56,18,12.85,14.997,23.874,11.2,Low,,backtest,demand_forecast_run_20261005T130920538
2025-09-16,S06,P0053,CAT06,6,4,10.51,1.821,3.829,9.88,Low,,backtest,demand_forecast_run_20261005T130920538
2025-09-16,S06,P0073,CAT13,9,4,11.45,2.818,5.218,9.58,Low,,backtest,demand_forecast_run_20261005T130920538
2025-09-16,S06,P0170,CAT17,10,4,11.67,1.744,3.683,17.2,Low,,backtest,demand_forecast_run_20261005T130920538
2025-09-16,S06,P0206,CAT15,5,7,4.37,5.49,9.678,2.73,High,DEMAND_EXCEEDS_STOCK|BELOW_REORDER,backtest,demand_forecast_run_20261005T130920538
2025-09-16,S06,P0213,CAT07,14,6,10.89,4.833,8.508,8.69,Low,,backtest,demand_forecast_run_20261005T130920538
2025-09-16,S06,P0252,CAT18,25,8,14.59,5.869,12.993,12.78,Low,,backtest,demand_forecast_run_20261005T130920538
2025-09-16,S06,P0272,CAT13,12,4,27.97,1.308,2.422,27.51,Low,,backtest,demand_forecast_run_20261005T130920538
2025-09-16,S06,P0288,CAT14,5,4,17.48,1.39,2.313,10.79,Low,,backtest,demand_forecast_run_20261005T130920538
2025-09-16,S06,P0316,CAT15,5,4,11.66,2.102,3.706,7.13,Low,,backtest,demand_forecast_run_20261005T130920538
2025-09-16,S06,P0369,CAT09,31,10,20.67,7.47,14.758,12.45,Low,,backtest,demand_forecast_run_20261005T130920538
2025-09-16,S06,P0381,CAT13,12,4,12,2.315,4.286,15.55,Low,,backtest,demand_forecast_run_20261005T130920538
2025-09-16,S06,P0391,CAT06,9,7,6.63,3.362,7.069,8.03,Low,,backtest,demand_forecast_run_20261005T130920538
2025-09-16,S06,P0392,CAT19,10,3,11.67,2.335,4.348,12.85,Low,,backtest,demand_forecast_run_20261005T130920538
2025-09-16,S06,P0408,CAT16,5,5,3.89,3.437,7.665,4.36,Medium,BELOW_REORDER,backtest,demand_forecast_run_20261005T130920538
2025-09-16,S06,P0409,CAT12,13,5,8.67,2.878,5.791,13.55,Low,,backtest,demand_forecast_run_20261005T130920538
2025-09-16,S06,P0433,CAT20,8,3,18.65,0.998,1.994,24.05,Low,,backtest,demand_forecast_run_20261005T130920538
2025-09-16,S06,P0435,CAT14,15,9,11.05,6.837,11.37,6.58,Low,,backtest,demand_forecast_run_20261005T130920538
2025-09-16,S06,P0445,CAT02,6,4,7.63,3.771,5.326,4.77,Low,,backtest,demand_forecast_run_20261005T130920538
2025-09-16,S06,P0507,CAT02,47,17,14.3,16.812,23.747,8.39,Low,,backtest,demand_forecast_run_20261005T130920538
2025-09-16,S06,P0563,CAT13,8,6,10.18,2.818,5.218,8.52,Low,,backtest,demand_forecast_run_20261005T130920538
2025-09-16,S06,P0579,CAT12,5,4,7.78,2.382,4.792,6.3,Low,,backtest,demand_forecast_run_20261005T130920538
2025-09-16,S06,P0589,CAT03,9,6,7,3.221,5.516,8.38,Low,,backtest,demand_forecast_run_20261005T130920538
2025-09-16,S07,P0003,CAT03,14,5,14,2.595,5.016,16.18,Low,,backtest,demand_forecast_run_20261005T130920538
2025-09-16,S07,P0022,CAT05,9,4,7.41,2.532,4.882,10.66,Low,,backtest,demand_forecast_run_20261005T130920538
2025-09-16,S07,P0032,CAT11,36,12,13.62,9.946,18.501,10.86,Low,,backtest,demand_forecast_run_20261005T130920538
2025-09-16,S07,P0053,CAT06,3,3,5.25,0.877,2.189,10.26,Medium,BELOW_REORDER,backtest,demand_forecast_run_20261005T130920538
2025-09-16,S07,P0073,CAT13,7,3,14,0.814,1.78,25.8,Low,,backtest,demand_forecast_run_20261005T130920538
2025-09-16,S07,P0170,CAT17,6,3,28.04,1.042,2.908,17.27,Low,,backtest,demand_forecast_run_20261005T130920538
2025-09-16,S07,P0206,CAT15,9,5,8.4,2.841,7.21,9.5,Low,,backtest,demand_forecast_run_20261005T130920538
2025-09-16,S07,P0213,CAT07,9,4,7.87,2.528,5.526,10.68,Low,,backtest,demand_forecast_run_20261005T130920538
2025-09-16,S07,P0252,CAT18,14,5,11.53,3.232,8.943,13,Low,,backtest,demand_forecast_run_20261005T130920538
2025-09-16,S07,P0272,CAT13,6,3,12,0.814,1.78,22.11,Low,,backtest,demand_forecast_run_20261005T130920538
2025-09-16,S07,P0288,CAT14,7,3,12.26,1.307,3.12,16.07,Low,,backtest,demand_forecast_run_20261005T130920538
2025-09-16,S07,P0316,CAT15,10,3,46.73,0.43,1.092,69.7,Low,,backtest,demand_forecast_run_20261005T130920538
2025-09-16,S07,P0369,CAT09,7,7,4.9,4.082,9.58,5.14,Medium,BELOW_REORDER,backtest,demand_forecast_run_20261005T130920538
2025-09-16,S07,P0381,CAT13,4,3,13.99,0.814,1.78,14.74,Low,,backtest,demand_forecast_run_20261005T130920538
2025-09-16,S07,P0391,CAT06,10,5,6.09,2.689,6.712,11.16,Low,,backtest,demand_forecast_run_20261005T130920538
2025-09-16,S07,P0392,CAT19,5,3,8.76,1.599,4.283,9.38,Low,,backtest,demand_forecast_run_20261005T130920538
2025-09-16,S07,P0408,CAT16,7,3,9.8,1.34,4.899,15.68,Low,,backtest,demand_forecast_run_20261005T130920538
2025-09-16,S07,P0409,CAT12,3,4,2.21,2.175,5.671,4.14,Medium,BELOW_REORDER|LOW_DAYS_COVER,backtest,demand_forecast_run_20261005T130920538
2025-09-16,S07,P0433,CAT20,5,2,34.97,0.135,0.413,111.11,Low,,backtest,demand_forecast_run_20261005T130920538
2025-09-16,S07,P0435,CAT14,7,7,3.16,3.594,8.581,5.84,Medium,BELOW_REORDER,backtest,demand_forecast_run_20261005T130920538
2025-09-16,S07,P0445,CAT02,10,3,28.01,1.295,2.212,23.17,Low,,backtest,demand_forecast_run_20261005T130920538
2025-09-16,S07,P0507,CAT02,28,11,9.8,9.064,15.481,9.27,Low,,backtest,demand_forecast_run_20261005T130920538
2025-09-16,S07,P0563,CAT13,13,5,10.71,2.768,6.053,14.09,Low,,backtest,demand_forecast_run_20261005T130920538
2025-09-16,S07,P0579,CAT12,8,3,8.61,1.263,3.293,19,Low,,backtest,demand_forecast_run_20261005T130920538
2025-09-16,S07,P0589,CAT03,2,4,2.54,2.41,4.658,2.49,High,DEMAND_EXCEEDS_STOCK|BELOW_REORDER|LOW_DAYS_COVER,backtest,demand_forecast_run_20261005T130920538
2025-09-16,S08,P0003,CAT03,19,7,9.17,4.049,6.884,14.08,Low,,backtest,demand_forecast_run_20261005T130920538
2025-09-16,S08,P0022,CAT05,18,6,19.38,3.048,5.439,17.72,Low,,backtest,demand_forecast_run_20261005T130920538
2025-09-16,S08,P0032,CAT11,25,18,5.93,13.122,22.912,5.72,Low,,backtest,demand_forecast_run_20261005T130920538
2025-09-16,S08,P0053,CAT06,5,3,5.83,1.487,3.324,10.09,Low,,backtest,demand_forecast_run_20261005T130920538
2025-09-16,S08,P0073,CAT13,9,3,31.47,0.854,1.54,31.61,Low,,backtest,demand_forecast_run_20261005T130920538
2025-09-16,S08,P0170,CAT17,7,4,9.8,1.854,4.359,11.33,Low,,backtest,demand_forecast_run_20261005T130920538
2025-09-16,S08,P0206,CAT15,15,7,11.66,3.811,8.033,11.81,Low,,backtest,demand_forecast_run_20261005T130920538
2025-09-16,S08,P0213,CAT07,16,6,14.94,2.358,4.678,20.36,Low,,backtest,demand_forecast_run_20261005T130920538
2025-09-16,S08,P0252,CAT18,12,9,7,6.476,14.827,5.56,Low,,backtest,demand_forecast_run_20261005T130920538
2025-09-16,S08,P0272,CAT13,3,4,3.82,1.803,3.25,4.99,Medium,BELOW_REORDER,backtest,demand_forecast_run_20261005T130920538
2025-09-16,S08,P0288,CAT14,11,4,17.11,2.04,4.084,16.17,Low,,backtest,demand_forecast_run_20261005T130920538
2025-09-16,S08,P0316,CAT15,16,4,32,1.18,2.486,40.7,Low,,backtest,demand_forecast_run_20261005T130920538
2025-09-16,S08,P0369,CAT09,7,10,2.33,5.07,11.107,4.14,Medium,BELOW_REORDER|LOW_DAYS_COVER,backtest,demand_forecast_run_20261005T130920538
2025-09-16,S08,P0381,CAT13,7,4,19.61,1.328,2.395,15.81,Low,,backtest,demand_forecast_run_20261005T130920538
2025-09-16,S08,P0391,CAT06,16,6,8.96,3.097,6.925,15.5,Low,,backtest,demand_forecast_run_20261005T130920538
2025-09-16,S08,P0392,CAT19,9,4,15.76,1.935,4.092,13.96,Low,,backtest,demand_forecast_run_20261005T130920538
2025-09-16,S08,P0408,CAT16,13,4,11.37,2.314,5.737,16.85,Low,,backtest,demand_forecast_run_20261005T130920538
2025-09-16,S08,P0409,CAT12,5,5,3.33,2.937,6.586,5.11,Medium,BELOW_REORDER,backtest,demand_forecast_run_20261005T130920538
2025-09-16,S08,P0433,CAT20,6,2,28.04,1.268,2.702,14.2,Low,,backtest,demand_forecast_run_20261005T130920538
2025-09-16,S08,P0435,CAT14,12,9,5.25,5.965,11.936,6.04,Low,,backtest,demand_forecast_run_20261005T130920538
2025-09-16,S08,P0445,CAT02,5,4,70.42,1.932,2.879,7.76,Low,,backtest,demand_forecast_run_20261005T130920538
2025-09-16,S08,P0507,CAT02,30,18,6.46,17.111,25.501,5.26,Low,,backtest,demand_forecast_run_20261005T130920538
2025-09-16,S08,P0563,CAT13,12,8,5.6,5.978,10.777,6.02,Low,,backtest,demand_forecast_run_20261005T130920538
2025-09-16,S08,P0579,CAT12,6,3,10.51,1.205,2.702,14.94,Low,,backtest,demand_forecast_run_20261005T130920538
2025-09-16,S08,P0589,CAT03,15,5,13.12,2.843,4.834,15.83,Low,,backtest,demand_forecast_run_20261005T130920538
2025-09-16,S09,P0003,CAT03,5,5,3.89,3.441,6.587,4.36,Medium,BELOW_REORDER,backtest,demand_forecast_run_20261005T130920538
2025-09-16,S09,P0022,CAT05,13,6,20.22,2.797,3.933,13.94,Low,,backtest,demand_forecast_run_20261005T130920538
2025-09-16,S09,P0032,CAT11,45,17,11.89,11.679,21.038,11.56,Low,,backtest,demand_forecast_run_20261005T130920538
2025-09-16,S09,P0053,CAT06,6,3,20.98,1.39,3.199,12.95,Low,,backtest,demand_forecast_run_20261005T130920538
2025-09-16,S09,P0073,CAT13,7,3,98.59,0.625,1.407,33.62,Low,,backtest,demand_forecast_run_20261005T130920538
2025-09-16,S09,P0170,CAT17,5,4,5.38,2.318,5.164,6.47,Low,,backtest,demand_forecast_run_20261005T130920538
2025-09-16,S09,P0206,CAT15,14,6,14,2.631,5.318,15.96,Low,,backtest,demand_forecast_run_20261005T130920538
2025-09-16,S09,P0213,CAT07,3,5,2.62,4.228,9.604,2.13,High,DEMAND_EXCEEDS_STOCK|BELOW_REORDER|LOW_DAYS_COVER,backtest,demand_forecast_run_20261005T130920538
2025-09-16,S09,P0252,CAT18,9,7,7.87,5.821,12.031,4.64,Low,,backtest,demand_forecast_run_20261005T130920538
2025-09-16,S09,P0272,CAT13,6,3,16.81,0.892,2.01,20.17,Low,,backtest,demand_forecast_run_20261005T130920538
2025-09-16,S09,P0288,CAT14,12,4,14,1.569,3.634,22.94,Low,,backtest,demand_forecast_run_20261005T130920538
2025-09-16,S09,P0316,CAT15,5,4,7.78,1.138,2.3,13.18,Low,,backtest,demand_forecast_run_20261005T130920538
2025-09-16,S09,P0369,CAT09,11,8,8.55,4.542,10.295,7.27,Low,,backtest,demand_forecast_run_20261005T130920538
2025-09-16,S09,P0381,CAT13,6,3,41.96,0.803,1.809,22.41,Low,,backtest,demand_forecast_run_20261005T130920538
2025-09-16,S09,P0391,CAT06,7,7,3.63,3.285,7.561,6.39,Medium,BELOW_REORDER,backtest,demand_forecast_run_20261005T130920538
2025-09-16,S09,P0392,CAT19,3,3,2.8,1.049,2.378,8.58,Medium,BELOW_REORDER|LOW_DAYS_COVER,backtest,demand_forecast_run_20261005T130920538
2025-09-16,S09,P0408,CAT16,12,4,16.81,2.441,6.824,14.75,Low,,backtest,demand_forecast_run_20261005T130920538
2025-09-16,S09,P0409,CAT12,6,5,5.6,2.503,5.759,7.19,Low,,backtest,demand_forecast_run_20261005T130920538
2025-09-16,S09,P0433,CAT20,4,2,18.69,0.301,0.743,39.83,Low,,backtest,demand_forecast_run_20261005T130920538
2025-09-16,S09,P0435,CAT14,27,9,12.2,4.645,10.756,17.44,Low,,backtest,demand_forecast_run_20261005T130920538
2025-09-16,S09,P0445,CAT02,6,4,16.81,2.455,4.077,7.33,Low,,backtest,demand_forecast_run_20261005T130920538
2025-09-16,S09,P0507,CAT02,33,16,12.84,13.177,21.887,7.51,Low,,backtest,demand_forecast_run_20261005T130920538
2025-09-16,S09,P0563,CAT13,6,6,4,3.391,7.639,5.31,Medium,BELOW_REORDER,backtest,demand_forecast_run_20261005T130920538
2025-09-16,S09,P0579,CAT12,9,3,18,1.576,3.626,17.14,Low,,backtest,demand_forecast_run_20261005T130920538
2025-09-16,S09,P0589,CAT03,11,5,11,4.276,8.184,7.72,Low,,backtest,demand_forecast_run_20261005T130920538
2025-09-16,S10,P0003,CAT03,8,5,3.73,4.264,7.938,5.63,Low,,backtest,demand_forecast_run_20261005T130920538
2025-09-16,S10,P0022,CAT05,14,5,15.07,2.256,3.874,18.62,Low,,backtest,demand_forecast_run_20261005T130920538
2025-09-16,S10,P0032,CAT11,39,14,10.5,10.598,19.035,11.04,Low,,backtest,demand_forecast_run_20261005T130920538
2025-09-16,S10,P0053,CAT06,6,3,13.99,0.617,1.479,29.17,Low,,backtest,demand_forecast_run_20261005T130920538
2025-09-16,S10,P0073,CAT13,6,3,13.99,1.029,2.313,17.5,Low,,backtest,demand_forecast_run_20261005T130920538
2025-09-16,S10,P0170,CAT17,6,3,9.33,1.818,4.84,9.9,Low,,backtest,demand_forecast_run_20261005T130920538
2025-09-16,S10,P0206,CAT15,13,5,16.54,2.139,5.263,18.24,Low,,backtest,demand_forecast_run_20261005T130920538
2025-09-16,S10,P0213,CAT07,9,4,9,2.545,5.97,10.61,Low,,backtest,demand_forecast_run_20261005T130920538
2025-09-16,S10,P0252,CAT18,0,7,0,4.307,10.391,0,High,ZERO_STOCK|DEMAND_EXCEEDS_STOCK|BELOW_REORDER|LOW_DAYS_COVER,backtest,demand_forecast_run_20261005T130920538
2025-09-16,S10,P0272,CAT13,7,3,48.95,0.468,1.052,44.91,Low,,backtest,demand_forecast_run_20261005T130920538
2025-09-16,S10,P0288,CAT14,4,4,5.6,1.537,2.924,7.8,Medium,BELOW_REORDER,backtest,demand_forecast_run_20261005T130920538
2025-09-16,S10,P0316,CAT15,7,4,32.71,0.583,1.435,36.01,Low,,backtest,demand_forecast_run_20261005T130920538
2025-09-16,S10,P0369,CAT09,17,7,9.15,4.59,10.878,11.11,Low,,backtest,demand_forecast_run_20261005T130920538
2025-09-16,S10,P0381,CAT13,4,3,5.6,1.403,3.154,8.55,Low,,backtest,demand_forecast_run_20261005T130920538
2025-09-16,S10,P0391,CAT06,13,5,15.17,2.674,6.409,14.58,Low,,backtest,demand_forecast_run_20261005T130920538
2025-09-16,S10,P0392,CAT19,1,3,4.67,0.844,2.005,3.56,Medium,BELOW_REORDER,backtest,demand_forecast_run_20261005T130920538
2025-09-16,S10,P0408,CAT16,5,4,14.01,1.44,4.338,10.42,Low,,backtest,demand_forecast_run_20261005T130920538
2025-09-16,S10,P0409,CAT12,6,5,6,2.434,5.766,7.4,Low,,backtest,demand_forecast_run_20261005T130920538
2025-09-16,S10,P0433,CAT20,6,2,41.96,0.642,1.67,28.05,Low,,backtest,demand_forecast_run_20261005T130920538
2025-09-16,S10,P0435,CAT14,0,7,0,4.182,7.954,0,High,ZERO_STOCK|DEMAND_EXCEEDS_STOCK|BELOW_REORDER|LOW_DAYS_COVER,backtest,demand_forecast_run_20261005T130920538
2025-09-16,S10,P0445,CAT02,2,3,1.75,3.022,4.708,1.99,High,DEMAND_EXCEEDS_STOCK|BELOW_REORDER|LOW_DAYS_COVER,backtest,demand_forecast_run_20261005T130920538
2025-09-16,S10,P0507,CAT02,13,13,3.87,14.807,23.07,2.63,High,DEMAND_EXCEEDS_STOCK|BELOW_REORDER,backtest,demand_forecast_run_20261005T130920538
2025-09-16,S10,P0563,CAT13,8,6,7,3.928,8.832,6.11,Low,,backtest,demand_forecast_run_20261005T130920538
2025-09-16,S10,P0579,CAT12,6,3,20.98,1.071,2.537,16.81,Low,,backtest,demand_forecast_run_20261005T130920538
2025-09-16,S10,P0589,CAT03,4,4,7.01,2.693,5.013,4.46,Medium,BELOW_REORDER,backtest,demand_forecast_run_20261005T130920538
2025-09-16,S11,P0003,CAT03,13,6,13,3.636,5.822,10.73,Low,,backtest,demand_forecast_run_20261005T130920538
2025-09-16,S11,P0022,CAT05,12,6,5.25,4.393,7.523,8.2,Low,,backtest,demand_forecast_run_20261005T130920538
2025-09-16,S11,P0032,CAT11,45,20,7.78,13.49,23.503,10.01,Low,,backtest,demand_forecast_run_20261005T130920538
2025-09-16,S11,P0053,CAT06,5,4,11.66,1.542,3.06,9.73,Low,,backtest,demand_forecast_run_20261005T130920538
2025-09-16,S11,P0073,CAT13,4,3,9.32,1.194,2.281,10.05,Low,,backtest,demand_forecast_run_20261005T130920538
2025-09-16,S11,P0170,CAT17,7,4,6.54,1.97,3.998,10.66,Low,,backtest,demand_forecast_run_20261005T130920538
2025-09-16,S11,P0206,CAT15,9,7,8.4,3.099,5.484,8.71,Low,,backtest,demand_forecast_run_20261005T130920538
2025-09-16,S11,P0213,CAT07,9,6,7,3.725,6.829,7.25,Low,,backtest,demand_forecast_run_20261005T130920538
2025-09-16,S11,P0252,CAT18,24,9,8.19,6.479,12.939,11.11,Low,,backtest,demand_forecast_run_20261005T130920538
2025-09-16,S11,P0272,CAT13,7,4,19.61,0.983,1.878,21.35,Low,,backtest,demand_forecast_run_20261005T130920538
2025-09-16,S11,P0288,CAT14,11,5,7.33,2.336,4.078,14.13,Low,,backtest,demand_forecast_run_20261005T130920538
2025-09-16,S11,P0316,CAT15,6,4,8.4,2.643,4.678,6.81,Low,,backtest,demand_forecast_run_20261005T130920538
2025-09-16,S11,P0369,CAT09,28,9,8.34,6.232,11.158,13.48,Low,,backtest,demand_forecast_run_20261005T130920538
2025-09-16,S11,P0381,CAT13,7,4,7,2.388,4.561,8.79,Low,,backtest,demand_forecast_run_20261005T130920538
2025-09-16,S11,P0391,CAT06,17,7,13.22,3.256,6.461,15.67,Low,,backtest,demand_forecast_run_20261005T130920538
2025-09-16,S11,P0392,CAT19,7,3,14,1.432,2.133,14.67,Low,,backtest,demand_forecast_run_20261005T130920538
2025-09-16,S11,P0408,CAT16,14,5,10.32,2.753,6.119,15.25,Low,,backtest,demand_forecast_run_20261005T130920538
2025-09-16,S11,P0409,CAT12,1,5,1.75,2.701,5.095,1.11,High,DEMAND_EXCEEDS_STOCK|BELOW_REORDER|LOW_DAYS_COVER,backtest,demand_forecast_run_20261005T130920538
2025-09-16,S11,P0433,CAT20,6,3,16.81,0.602,1.359,29.89,Low,,backtest,demand_forecast_run_20261005T130920538
2025-09-16,S11,P0435,CAT14,20,9,7,6.023,10.517,9.96,Low,,backtest,demand_forecast_run_20261005T130920538
2025-09-16,S11,P0445,CAT02,8,5,10.18,3.011,5.206,7.97,Low,,backtest,demand_forecast_run_20261005T130920538
2025-09-16,S11,P0507,CAT02,78,18,16.3,13.658,23.612,17.13,Low,,backtest,demand_forecast_run_20261005T130920538
2025-09-16,S11,P0563,CAT13,13,7,9.1,4.355,8.317,8.96,Low,,backtest,demand_forecast_run_20261005T130920538
2025-09-16,S11,P0579,CAT12,8,3,18.65,1.688,3.184,14.22,Low,,backtest,demand_forecast_run_20261005T130920538
2025-09-16,S11,P0589,CAT03,7,5,7,2.954,4.73,7.11,Low,,backtest,demand_forecast_run_20261005T130920538
2025-09-16,S12,P0003,CAT03,9,6,6.63,3.127,6.012,8.63,Low,,backtest,demand_forecast_run_20261005T130920538
2025-09-16,S12,P0022,CAT05,12,5,6.72,2.826,5.605,12.74,Low,,backtest,demand_forecast_run_20261005T130920538
2025-09-16,S12,P0032,CAT11,7,15,0.84,11.893,22.093,1.77,High,DEMAND_EXCEEDS_STOCK|BELOW_REORDER|LOW_DAYS_COVER,backtest,demand_forecast_run_20261005T130920538
2025-09-16,S12,P0053,CAT06,8,3,11.2,1.454,3.807,16.51,Low,,backtest,demand_forecast_run_20261005T130920538
2025-09-16,S12,P0073,CAT13,4,3,13.99,0.873,1.898,13.75,Low,,backtest,demand_forecast_run_20261005T130920538
2025-09-16,S12,P0170,CAT17,10,3,10,1.989,4.948,15.08,Low,,backtest,demand_forecast_run_20261005T130920538
2025-09-16,S12,P0206,CAT15,8,6,5.09,2.22,5.133,10.81,Low,,backtest,demand_forecast_run_20261005T130920538
2025-09-16,S12,P0213,CAT07,14,5,11.53,2.491,5.091,16.86,Low,,backtest,demand_forecast_run_20261005T130920538
2025-09-16,S12,P0252,CAT18,9,7,5.04,4.116,11.054,6.56,Low,,backtest,demand_forecast_run_20261005T130920538
2025-09-16,S12,P0272,CAT13,4,3,4.67,1.92,4.176,6.25,Low,,backtest,demand_forecast_run_20261005T130920538
2025-09-16,S12,P0288,CAT14,11,4,9.06,1.694,3.981,19.48,Low,,backtest,demand_forecast_run_20261005T130920538
2025-09-16,S12,P0316,CAT15,6,3,7.63,1.615,3.733,11.15,Low,,backtest,demand_forecast_run_20261005T130920538
2025-09-16,S12,P0369,CAT09,6,8,2.71,7.652,16.634,2.35,High,DEMAND_EXCEEDS_STOCK|BELOW_REORDER|LOW_DAYS_COVER,backtest,demand_forecast_run_20261005T130920538
2025-09-16,S12,P0381,CAT13,4,3,9.32,1.309,2.847,9.17,Low,,backtest,demand_forecast_run_20261005T130920538
2025-09-16,S12,P0391,CAT06,13,5,10.11,2.562,6.707,15.22,Low,,backtest,demand_forecast_run_20261005T130920538
2025-09-16,S12,P0392,CAT19,7,3,10.89,0.875,2.338,23.99,Low,,backtest,demand_forecast_run_20261005T130920538
2025-09-16,S12,P0408,CAT16,10,4,23.31,1.247,3.558,24.06,Low,,backtest,demand_forecast_run_20261005T130920538
2025-09-16,S12,P0409,CAT12,11,4,6.7,2.296,6.037,14.37,Low,,backtest,demand_forecast_run_20261005T130920538
2025-09-16,S12,P0433,CAT20,6,2,16.81,0.63,1.767,28.58,Low,,backtest,demand_forecast_run_20261005T130920538
2025-09-16,S12,P0435,CAT14,15,6,7.24,4.15,9.753,10.84,Low,,backtest,demand_forecast_run_20261005T130920538
2025-09-16,S12,P0445,CAT02,9,3,18,1.049,1.981,25.73,Low,,backtest,demand_forecast_run_20261005T130920538
2025-09-16,S12,P0507,CAT02,38,14,8.06,10.073,19.02,11.32,Low,,backtest,demand_forecast_run_20261005T130920538
2025-09-16,S12,P0563,CAT13,14,6,11.53,2.531,5.504,16.59,Low,,backtest,demand_forecast_run_20261005T130920538
2025-09-16,S12,P0579,CAT12,5,3,23.36,0.889,2.337,16.87,Low,,backtest,demand_forecast_run_20261005T130920538
2025-09-16,S12,P0589,CAT03,7,4,10.89,1.857,3.57,11.31,Low,,backtest,demand_forecast_run_20261005T130920538
2025-09-17,S01,P0003,CAT03,17,6,21.63,3.534,6.333,14.43,Low,,backtest,demand_forecast_run_20261005T130920538
2025-09-17,S01,P0022,CAT05,19,5,19,2.766,5.054,20.61,Low,,backtest,demand_forecast_run_20261005T130920538
2025-09-17,S01,P0032,CAT11,28,14,7,11.042,18.73,7.61,Low,,backtest,demand_forecast_run_20261005T130920538
2025-09-17,S01,P0053,CAT06,5,3,23.36,0.854,2.085,17.56,Low,,backtest,demand_forecast_run_20261005T130920538
2025-09-17,S01,P0073,CAT13,4,3,13.99,1.378,2.802,8.71,Low,,backtest,demand_forecast_run_20261005T130920538
2025-09-17,S01,P0170,CAT17,10,4,23.31,2.148,5.02,13.97,Low,,backtest,demand_forecast_run_20261005T130920538
2025-09-17,S01,P0206,CAT15,17,6,15.87,3.874,8.247,13.16,Low,,backtest,demand_forecast_run_20261005T130920538
2025-09-17,S01,P0213,CAT07,14,5,11.53,2.453,5.78,17.12,Low,,backtest,demand_forecast_run_20261005T130920538
2025-09-17,S01,P0252,CAT18,20,7,16.47,5.266,12.852,11.39,Low,,backtest,demand_forecast_run_20261005T130920538
2025-09-17,S01,P0272,CAT13,6,3,7.63,1.772,3.603,10.16,Low,,backtest,demand_forecast_run_20261005T130920538
2025-09-17,S01,P0288,CAT14,5,4,8.76,1.231,2.118,12.18,Low,,backtest,demand_forecast_run_20261005T130920538
2025-09-17,S01,P0316,CAT15,12,3,83.92,0.625,1.33,57.61,Low,,backtest,demand_forecast_run_20261005T130920538
2025-09-17,S01,P0369,CAT09,27,8,29.06,5.529,10.919,14.65,Low,,backtest,demand_forecast_run_20261005T130920538
2025-09-17,S01,P0381,CAT13,4,3,5.09,1.772,3.603,6.77,Low,,backtest,demand_forecast_run_20261005T130920538
2025-09-17,S01,P0391,CAT06,10,5,7.37,4.636,11.316,6.47,Low,,backtest,demand_forecast_run_20261005T130920538
2025-09-17,S01,P0392,CAT19,4,3,27.97,0.85,1.909,14.12,Low,,backtest,demand_forecast_run_20261005T130920538
2025-09-17,S01,P0408,CAT16,12,4,18.66,1.599,4.453,22.51,Low,,backtest,demand_forecast_run_20261005T130920538
2025-09-17,S01,P0409,CAT12,7,4,6.12,1.644,3.896,12.77,Low,,backtest,demand_forecast_run_20261005T130920538
2025-09-17,S01,P0433,CAT20,4,3,13.99,0.618,1.817,19.41,Low,,backtest,demand_forecast_run_20261005T130920538
2025-09-17,S01,P0435,CAT14,21,7,10.5,5.91,10.164,10.66,Low,,backtest,demand_forecast_run_20261005T130920538
2025-09-17,S01,P0445,CAT02,11,4,19.26,1.896,2.971,17.4,Low,,backtest,demand_forecast_run_20261005T130920538
2025-09-17,S01,P0507,CAT02,11,14,2.8,13.148,20.6,2.51,High,DEMAND_EXCEEDS_STOCK|BELOW_REORDER|LOW_DAYS_COVER,backtest,demand_forecast_run_20261005T130920538
2025-09-17,S01,P0563,CAT13,16,6,8.62,3.74,7.607,12.83,Low,,backtest,demand_forecast_run_20261005T130920538
2025-09-17,S01,P0579,CAT12,4,3,4.67,1.271,3.01,9.44,Low,,backtest,demand_forecast_run_20261005T130920538
2025-09-17,S01,P0589,CAT03,6,4,7,2.394,4.29,7.52,Low,,backtest,demand_forecast_run_20261005T130920538
2025-09-17,S02,P0003,CAT03,15,6,11.05,3.996,7.373,11.26,Low,,backtest,demand_forecast_run_20261005T130920538
2025-09-17,S02,P0022,CAT05,20,6,14,3.744,7.445,16.03,Low,,backtest,demand_forecast_run_20261005T130920538
2025-09-17,S02,P0032,CAT11,39,17,10.71,10.844,18.861,10.79,Low,,backtest,demand_forecast_run_20261005T130920538
2025-09-17,S02,P0053,CAT06,8,3,27.97,0.624,1.46,38.47,Low,,backtest,demand_forecast_run_20261005T130920538
2025-09-17,S02,P0073,CAT13,7,3,16.32,1.403,2.449,14.96,Low,,backtest,demand_forecast_run_20261005T130920538
2025-09-17,S02,P0170,CAT17,4,3,,1.155,2.741,10.39,Low,,backtest,demand_forecast_run_20261005T130920538
2025-09-17,S02,P0206,CAT15,14,6,7.84,4.174,7.989,10.06,Low,,backtest,demand_forecast_run_20261005T130920538
2025-09-17,S02,P0213,CAT07,7,5,7.53,3.034,6.977,6.92,Low,,backtest,demand_forecast_run_20261005T130920538
2025-09-17,S02,P0252,CAT18,8,7,4.48,5.242,12.335,4.58,Low,,backtest,demand_forecast_run_20261005T130920538
2025-09-17,S02,P0272,CAT13,4,3,4.31,1.835,3.202,6.54,Low,,backtest,demand_forecast_run_20261005T130920538
2025-09-17,S02,P0288,CAT14,6,4,7.63,2.117,4.091,8.5,Low,,backtest,demand_forecast_run_20261005T130920538
2025-09-17,S02,P0316,CAT15,6,3,9.33,1.312,2.511,13.72,Low,,backtest,demand_forecast_run_20261005T130920538
2025-09-17,S02,P0369,CAT09,20,8,25.45,5.584,10.77,10.74,Low,,backtest,demand_forecast_run_20261005T130920538
2025-09-17,S02,P0381,CAT13,0,3,0,1.727,3.014,0,High,ZERO_STOCK|DEMAND_EXCEEDS_STOCK|BELOW_REORDER|LOW_DAYS_COVER,backtest,demand_forecast_run_20261005T130920538
2025-09-17,S02,P0391,CAT06,3,7,2.1,4.011,9.388,2.24,High,DEMAND_EXCEEDS_STOCK|BELOW_REORDER|LOW_DAYS_COVER,backtest,demand_forecast_run_20261005T130920538
2025-09-17,S02,P0392,CAT19,2,3,4,1.005,2.54,5.97,Medium,BELOW_REORDER,backtest,demand_forecast_run_20261005T130920538
2025-09-17,S02,P0408,CAT16,5,4,7,2.615,6.633,5.74,Low,,backtest,demand_forecast_run_20261005T130920538
2025-09-17,S02,P0409,CAT12,4,5,2.8,3.377,8.065,3.55,Medium,BELOW_REORDER|LOW_DAYS_COVER,backtest,demand_forecast_run_20261005T130920538
2025-09-17,S02,P0433,CAT20,6,3,16.81,0.497,1.282,36.2,Low,,backtest,demand_forecast_run_20261005T130920538
2025-09-17,S02,P0435,CAT14,13,8,6.74,6.543,12.643,5.96,Low,,backtest,demand_forecast_run_20261005T130920538
2025-09-17,S02,P0445,CAT02,10,4,11.67,2.209,3.637,13.58,Low,,backtest,demand_forecast_run_20261005T130920538
2025-09-17,S02,P0507,CAT02,47,15,13.16,14.634,24.092,9.64,Low,,backtest,demand_forecast_run_20261005T130920538
2025-09-17,S02,P0563,CAT13,5,6,3.89,3.455,6.028,4.34,Medium,BELOW_REORDER,backtest,demand_forecast_run_20261005T130920538
2025-09-17,S02,P0579,CAT12,10,3,14.01,1.182,2.823,25.39,Low,,backtest,demand_forecast_run_20261005T130920538
2025-09-17,S02,P0589,CAT03,11,4,11.84,2.22,4.096,14.86,Low,,backtest,demand_forecast_run_20261005T130920538
2025-09-17,S03,P0003,CAT03,18,6,16.81,2.563,5.542,21.07,Low,,backtest,demand_forecast_run_20261005T130920538
2025-09-17,S03,P0022,CAT05,14,5,13.07,2.642,4.599,15.9,Low,,backtest,demand_forecast_run_20261005T130920538
2025-09-17,S03,P0032,CAT11,26,15,6.39,10.762,19.783,7.25,Low,,backtest,demand_forecast_run_20261005T130920538
2025-09-17,S03,P0053,CAT06,5,4,11.66,1.126,2.707,13.32,Low,,backtest,demand_forecast_run_20261005T130920538
2025-09-17,S03,P0073,CAT13,6,3,16.81,0.913,2.04,19.72,Low,,backtest,demand_forecast_run_20261005T130920538
2025-09-17,S03,P0170,CAT17,11,4,12.84,3.004,6.143,10.98,Low,,backtest,demand_forecast_run_20261005T130920538
2025-09-17,S03,P0206,CAT15,13,6,13.99,2.899,6.192,13.45,Low,,backtest,demand_forecast_run_20261005T130920538
2025-09-17,S03,P0213,CAT07,13,4,9.58,2.665,6.012,14.63,Low,,backtest,demand_forecast_run_20261005T130920538
2025-09-17,S03,P0252,CAT18,7,8,7,5.218,11.606,4.02,Medium,BELOW_REORDER,backtest,demand_forecast_run_20261005T130920538
2025-09-17,S03,P0272,CAT13,7,3,32.71,1.043,2.332,20.13,Low,,backtest,demand_forecast_run_20261005T130920538
2025-09-17,S03,P0288,CAT14,10,3,34.97,0.869,1.819,34.53,Low,,backtest,demand_forecast_run_20261005T130920538
2025-09-17,S03,P0316,CAT15,4,4,7.01,1.9,4.057,6.32,Medium,BELOW_REORDER,backtest,demand_forecast_run_20261005T130920538
2025-09-17,S03,P0369,CAT09,19,8,14,4.321,9.98,13.19,Low,,backtest,demand_forecast_run_20261005T130920538
2025-09-17,S03,P0381,CAT13,9,3,20.98,1.304,2.914,20.7,Low,,backtest,demand_forecast_run_20261005T130920538
2025-09-17,S03,P0391,CAT06,18,6,12,3.755,9.025,14.38,Low,,backtest,demand_forecast_run_20261005T130920538
2025-09-17,S03,P0392,CAT19,5,3,11.66,0.89,2.214,16.86,Low,,backtest,demand_forecast_run_20261005T130920538
2025-09-17,S03,P0408,CAT16,8,4,14.01,1.519,4.29,15.8,Low,,backtest,demand_forecast_run_20261005T130920538
2025-09-17,S03,P0409,CAT12,5,4,5.38,2.006,4.53,7.48,Low,,backtest,demand_forecast_run_20261005T130920538
2025-09-17,S03,P0433,CAT20,6,2,,0.281,0.632,64.06,Low,,backtest,demand_forecast_run_20261005T130920538
2025-09-17,S03,P0435,CAT14,19,7,16.62,5.212,10.913,10.94,Low,,backtest,demand_forecast_run_20261005T130920538
2025-09-17,S03,P0445,CAT02,0,3,0,1.399,2.263,0,High,ZERO_STOCK|DEMAND_EXCEEDS_STOCK|BELOW_REORDER|LOW_DAYS_COVER,backtest,demand_forecast_run_20261005T130920538
2025-09-17,S03,P0507,CAT02,46,14,10.73,15.666,25.347,8.81,Low,,backtest,demand_forecast_run_20261005T130920538
2025-09-17,S03,P0563,CAT13,16,6,24.88,3.521,7.869,13.63,Low,,backtest,demand_forecast_run_20261005T130920538
2025-09-17,S03,P0579,CAT12,2,3,3.11,1.824,4.118,3.29,Medium,BELOW_REORDER,backtest,demand_forecast_run_20261005T130920538
2025-09-17,S03,P0589,CAT03,11,5,8.11,3.295,7.125,10.02,Low,,backtest,demand_forecast_run_20261005T130920538
2025-09-17,S04,P0003,CAT03,6,5,5.25,3.233,6.904,5.57,Low,,backtest,demand_forecast_run_20261005T130920538
2025-09-17,S04,P0022,CAT05,8,5,8,2.239,4.475,10.72,Low,,backtest,demand_forecast_run_20261005T130920538
2025-09-17,S04,P0032,CAT11,27,12,7.56,8.743,17.486,9.26,Low,,backtest,demand_forecast_run_20261005T130920538
2025-09-17,S04,P0053,CAT06,5,3,14.01,0.828,2.282,18.12,Low,,backtest,demand_forecast_run_20261005T130920538
2025-09-17,S04,P0073,CAT13,5,2,23.36,1.022,2.267,14.68,Low,,backtest,demand_forecast_run_20261005T130920538
2025-09-17,S04,P0170,CAT17,3,3,4.67,2.552,6.564,3.53,Medium,BELOW_REORDER,backtest,demand_forecast_run_20261005T130920538
2025-09-17,S04,P0206,CAT15,13,5,13,3.486,8.098,11.19,Low,,backtest,demand_forecast_run_20261005T130920538
2025-09-17,S04,P0213,CAT07,11,4,19.26,1.327,3.14,24.87,Low,,backtest,demand_forecast_run_20261005T130920538
2025-09-17,S04,P0252,CAT18,15,6,11.05,3.162,7.726,14.23,Low,,backtest,demand_forecast_run_20261005T130920538
2025-09-17,S04,P0272,CAT13,9,3,18,1.752,3.886,15.41,Low,,backtest,demand_forecast_run_20261005T130920538
2025-09-17,S04,P0288,CAT14,6,4,9.33,1.464,3.206,12.29,Low,,backtest,demand_forecast_run_20261005T130920538
2025-09-17,S04,P0316,CAT15,9,3,31.47,0.845,1.963,31.95,Low,,backtest,demand_forecast_run_20261005T130920538
2025-09-17,S04,P0369,CAT09,7,6,6.12,3.874,9.862,5.42,Low,,backtest,demand_forecast_run_20261005T130920538
2025-09-17,S04,P0381,CAT13,6,3,12,1.606,3.562,11.21,Low,,backtest,demand_forecast_run_20261005T130920538
2025-09-17,S04,P0391,CAT06,14,5,15.07,2.001,5.515,20.99,Low,,backtest,demand_forecast_run_20261005T130920538
2025-09-17,S04,P0392,CAT19,7,3,19.61,0.789,2.074,26.61,Low,,backtest,demand_forecast_run_20261005T130920538
2025-09-17,S04,P0408,CAT16,16,3,225.35,1.527,3.443,31.44,Low,,backtest,demand_forecast_run_20261005T130920538
2025-09-17,S04,P0409,CAT12,8,4,9.33,1.368,3.763,17.54,Low,,backtest,demand_forecast_run_20261005T130920538
2025-09-17,S04,P0433,CAT20,8,2,112.68,0.09,0.266,267.86,Low,,backtest,demand_forecast_run_20261005T130920538
2025-09-17,S04,P0435,CAT14,18,6,13.26,3.58,7.836,15.09,Low,,backtest,demand_forecast_run_20261005T130920538
2025-09-17,S04,P0445,CAT02,8,3,12.44,1.619,2.867,14.82,Low,,backtest,demand_forecast_run_20261005T130920538
2025-09-17,S04,P0507,CAT02,24,11,7.64,10.253,18.16,7.02,Low,,backtest,demand_forecast_run_20261005T130920538
2025-09-17,S04,P0563,CAT13,7,5,10.89,2.336,5.181,8.99,Low,,backtest,demand_forecast_run_20261005T130920538
2025-09-17,S04,P0579,CAT12,8,3,14.01,0.792,2.179,30.3,Low,,backtest,demand_forecast_run_20261005T130920538
2025-09-17,S04,P0589,CAT03,9,4,20.98,1.981,4.231,13.63,Low,,backtest,demand_forecast_run_20261005T130920538
2025-09-17,S05,P0003,CAT03,10,4,8.24,2.51,5.948,11.95,Low,,backtest,demand_forecast_run_20261005T130920538
2025-09-17,S05,P0022,CAT05,5,4,6.36,3.134,6.058,4.79,Low,,backtest,demand_forecast_run_20261005T130920538
2025-09-17,S05,P0032,CAT11,17,11,7.44,9.559,17.662,5.34,Low,,backtest,demand_forecast_run_20261005T130920538
2025-09-17,S05,P0053,CAT06,9,3,12.61,0.796,2.245,33.91,Low,,backtest,demand_forecast_run_20261005T130920538
2025-09-17,S05,P0073,CAT13,5,2,34.97,0.588,1.47,25.5,Low,,backtest,demand_forecast_run_20261005T130920538
2025-09-17,S05,P0170,CAT17,7,3,14,1.129,3.295,18.6,Low,,backtest,demand_forecast_run_20261005T130920538
2025-09-17,S05,P0206,CAT15,7,4,4.9,2.781,6.523,7.55,Low,,backtest,demand_forecast_run_20261005T130920538
2025-09-17,S05,P0213,CAT07,11,4,17.11,2.078,5.38,15.88,Low,,backtest,demand_forecast_run_20261005T130920538
2025-09-17,S05,P0252,CAT18,8,5,10.18,4.313,8.919,5.56,Low,,backtest,demand_forecast_run_20261005T130920538
2025-09-17,S05,P0272,CAT13,8,3,14.01,1.25,3.124,19.2,Low,,backtest,demand_forecast_run_20261005T130920538
2025-09-17,S05,P0288,CAT14,5,3,4.37,1.746,4.415,8.59,Low,,backtest,demand_forecast_run_20261005T130920538
2025-09-17,S05,P0316,CAT15,7,3,14,1.177,2.76,17.85,Low,,backtest,demand_forecast_run_20261005T130920538
2025-09-17,S05,P0369,CAT09,18,6,13.26,3.427,8.763,15.76,Low,,backtest,demand_forecast_run_20261005T130920538
2025-09-17,S05,P0381,CAT13,1,3,1.56,0.882,2.205,3.4,Medium,BELOW_REORDER|LOW_DAYS_COVER,backtest,demand_forecast_run_20261005T130920538
2025-09-17,S05,P0391,CAT06,6,5,5.6,1.899,5.354,9.48,Low,,backtest,demand_forecast_run_20261005T130920538
2025-09-17,S05,P0392,CAT19,6,2,41.96,0.228,0.649,78.81,Low,,backtest,demand_forecast_run_20261005T130920538
2025-09-17,S05,P0408,CAT16,4,3,13.99,1.15,3.5,10.44,Low,,backtest,demand_forecast_run_20261005T130920538
2025-09-17,S05,P0409,CAT12,11,3,17.11,2.237,5.16,14.75,Low,,backtest,demand_forecast_run_20261005T130920538
2025-09-17,S05,P0433,CAT20,5,2,70.42,0.439,1.166,34.18,Low,,backtest,demand_forecast_run_20261005T130920538
2025-09-17,S05,P0435,CAT14,15,6,9.55,3.174,8.027,14.18,Low,,backtest,demand_forecast_run_20261005T130920538
2025-09-17,S05,P0445,CAT02,7,3,24.48,1.65,3.091,12.73,Low,,backtest,demand_forecast_run_20261005T130920538
2025-09-17,S05,P0507,CAT02,22,9,10.62,9.447,17.702,6.99,Low,,backtest,demand_forecast_run_20261005T130920538
2025-09-17,S05,P0563,CAT13,13,5,10.71,2.647,6.616,14.73,Low,,backtest,demand_forecast_run_20261005T130920538
2025-09-17,S05,P0579,CAT12,5,3,70.42,0.658,1.518,22.8,Low,,backtest,demand_forecast_run_20261005T130920538
2025-09-17,S05,P0589,CAT03,5,4,5.38,2.624,6.218,5.72,Low,,backtest,demand_forecast_run_20261005T130920538
2025-09-17,S06,P0003,CAT03,17,6,10.35,3.617,6.507,14.1,Low,,backtest,demand_forecast_run_20261005T130920538
2025-09-17,S06,P0022,CAT05,10,6,8.24,2.289,4.086,13.1,Low,,backtest,demand_forecast_run_20261005T130920538
2025-09-17,S06,P0032,CAT11,53,18,12.79,15.173,22.782,10.48,Low,,backtest,demand_forecast_run_20261005T130920538
2025-09-17,S06,P0053,CAT06,6,4,10.51,1.693,3.558,10.63,Low,,backtest,demand_forecast_run_20261005T130920538
2025-09-17,S06,P0073,CAT13,8,4,10.18,3.023,5.372,7.94,Low,,backtest,demand_forecast_run_20261005T130920538
2025-09-17,S06,P0170,CAT17,10,4,15.55,1.893,3.913,15.85,Low,,backtest,demand_forecast_run_20261005T130920538
2025-09-17,S06,P0206,CAT15,22,7,19.25,6.02,10.343,10.96,Low,,backtest,demand_forecast_run_20261005T130920538
2025-09-17,S06,P0213,CAT07,14,6,14,4.418,8.018,9.51,Low,,backtest,demand_forecast_run_20261005T130920538
2025-09-17,S06,P0252,CAT18,25,8,15.22,6.11,13.445,12.27,Low,,backtest,demand_forecast_run_20261005T130920538
2025-09-17,S06,P0272,CAT13,10,4,17.51,1.679,2.984,17.86,Low,,backtest,demand_forecast_run_20261005T130920538
2025-09-17,S06,P0288,CAT14,4,4,27.97,1.706,2.876,7.03,Medium,BELOW_REORDER,backtest,demand_forecast_run_20261005T130920538
2025-09-17,S06,P0316,CAT15,0,4,0,2.885,4.956,0,High,ZERO_STOCK|DEMAND_EXCEEDS_STOCK|BELOW_REORDER|LOW_DAYS_COVER,backtest,demand_forecast_run_20261005T130920538
2025-09-17,S06,P0369,CAT09,30,10,19.1,7.542,15.157,11.93,Low,,backtest,demand_forecast_run_20261005T130920538
2025-09-17,S06,P0381,CAT13,5,4,3.33,3.359,5.968,4.47,Low,,backtest,demand_forecast_run_20261005T130920538
2025-09-17,S06,P0391,CAT06,9,7,7,3.693,7.762,7.31,Low,,backtest,demand_forecast_run_20261005T130920538
2025-09-17,S06,P0392,CAT19,9,3,10.5,2.457,4.551,10.99,Low,,backtest,demand_forecast_run_20261005T130920538
2025-09-17,S06,P0408,CAT16,5,5,4.37,4.384,8.758,3.42,Medium,BELOW_REORDER,backtest,demand_forecast_run_20261005T130920538
2025-09-17,S06,P0409,CAT12,13,5,9.1,3.027,6.078,12.88,Low,,backtest,demand_forecast_run_20261005T130920538
2025-09-17,S06,P0433,CAT20,8,3,18.65,1.057,2.034,22.7,Low,,backtest,demand_forecast_run_20261005T130920538
2025-09-17,S06,P0435,CAT14,14,9,10.89,7.613,12.831,5.52,Low,,backtest,demand_forecast_run_20261005T130920538
2025-09-17,S06,P0445,CAT02,5,4,10,3.567,5.182,4.2,Low,,backtest,demand_forecast_run_20261005T130920538
2025-09-17,S06,P0507,CAT02,40,17,10.57,17.371,25.233,6.91,Low,,backtest,demand_forecast_run_20261005T130920538
2025-09-17,S06,P0563,CAT13,6,6,6.46,3.247,5.769,5.54,Medium,BELOW_REORDER,backtest,demand_forecast_run_20261005T130920538
2025-09-17,S06,P0579,CAT12,4,4,6.22,2.61,5.24,4.6,Medium,BELOW_REORDER,backtest,demand_forecast_run_20261005T130920538
2025-09-17,S06,P0589,CAT03,8,6,6.59,2.984,5.368,8.04,Low,,backtest,demand_forecast_run_20261005T130920538
2025-09-17,S07,P0003,CAT03,11,5,9.06,2.884,5.201,11.44,Low,,backtest,demand_forecast_run_20261005T130920538
2025-09-17,S07,P0022,CAT05,6,4,4.94,3.568,6.119,5.04,Low,,backtest,demand_forecast_run_20261005T130920538
2025-09-17,S07,P0032,CAT11,34,12,15.36,9.984,18.907,10.22,Low,,backtest,demand_forecast_run_20261005T130920538
2025-09-17,S07,P0053,CAT06,2,3,3.5,0.958,2.453,6.26,Medium,BELOW_REORDER,backtest,demand_forecast_run_20261005T130920538
2025-09-17,S07,P0073,CAT13,4,3,8,0.981,2.064,12.24,Low,,backtest,demand_forecast_run_20261005T130920538
2025-09-17,S07,P0170,CAT17,6,3,28.04,1.158,3.026,15.55,Low,,backtest,demand_forecast_run_20261005T130920538
2025-09-17,S07,P0206,CAT15,5,5,4.67,3.793,8.015,3.95,Medium,BELOW_REORDER,backtest,demand_forecast_run_20261005T130920538
2025-09-17,S07,P0213,CAT07,9,4,7.87,2.867,6.304,9.42,Low,,backtest,demand_forecast_run_20261005T130920538
2025-09-17,S07,P0252,CAT18,12,5,9.88,3.666,9.476,9.82,Low,,backtest,demand_forecast_run_20261005T130920538
2025-09-17,S07,P0272,CAT13,6,3,12,0.981,2.064,18.35,Low,,backtest,demand_forecast_run_20261005T130920538
2025-09-17,S07,P0288,CAT14,7,3,12.26,1.582,3.493,13.28,Low,,backtest,demand_forecast_run_20261005T130920538
2025-09-17,S07,P0316,CAT15,10,3,46.73,0.575,1.214,52.2,Low,,backtest,demand_forecast_run_20261005T130920538
2025-09-17,S07,P0369,CAT09,19,7,13.3,4.464,10.161,12.77,Low,,backtest,demand_forecast_run_20261005T130920538
2025-09-17,S07,P0381,CAT13,4,3,13.99,0.981,2.064,12.24,Low,,backtest,demand_forecast_run_20261005T130920538
2025-09-17,S07,P0391,CAT06,10,5,6.09,2.756,7.053,10.89,Low,,backtest,demand_forecast_run_20261005T130920538
2025-09-17,S07,P0392,CAT19,3,3,5.25,1.707,4.188,5.27,Medium,BELOW_REORDER,backtest,demand_forecast_run_20261005T130920538
2025-09-17,S07,P0408,CAT16,4,3,4.31,1.498,5.041,8.01,Low,,backtest,demand_forecast_run_20261005T130920538
2025-09-17,S07,P0409,CAT12,10,4,6.37,2.472,6.531,12.13,Low,,backtest,demand_forecast_run_20261005T130920538
2025-09-17,S07,P0433,CAT20,3,2,10.49,0.293,0.892,30.67,Low,,backtest,demand_forecast_run_20261005T130920538
2025-09-17,S07,P0435,CAT14,7,7,3.63,4.35,9.606,4.83,Medium,BELOW_REORDER,backtest,demand_forecast_run_20261005T130920538
2025-09-17,S07,P0445,CAT02,10,3,46.73,1.338,2.276,22.42,Low,,backtest,demand_forecast_run_20261005T130920538
2025-09-17,S07,P0507,CAT02,22,11,7.9,9.973,16.966,6.62,Low,,backtest,demand_forecast_run_20261005T130920538
2025-09-17,S07,P0563,CAT13,13,5,11.37,3.334,7.017,11.7,Low,,backtest,demand_forecast_run_20261005T130920538
2025-09-17,S07,P0579,CAT12,8,3,10.18,1.309,3.458,18.34,Low,,backtest,demand_forecast_run_20261005T130920538
2025-09-17,S07,P0589,CAT03,10,4,12.72,2.575,4.644,11.65,Low,,backtest,demand_forecast_run_20261005T130920538
2025-09-17,S08,P0003,CAT03,19,7,9.85,4.354,7.082,13.09,Low,,backtest,demand_forecast_run_20261005T130920538
2025-09-17,S08,P0022,CAT05,13,6,10.11,3.529,6.102,11.05,Low,,backtest,demand_forecast_run_20261005T130920538
2025-09-17,S08,P0032,CAT11,20,18,4.59,13.889,21.362,4.32,Low,,backtest,demand_forecast_run_20261005T130920538
2025-09-17,S08,P0053,CAT06,1,3,1.08,1.523,3.215,1.97,High,DEMAND_EXCEEDS_STOCK|BELOW_REORDER|LOW_DAYS_COVER,backtest,demand_forecast_run_20261005T130920538
2025-09-17,S08,P0073,CAT13,12,3,41.96,1.024,1.723,35.15,Low,,backtest,demand_forecast_run_20261005T130920538
2025-09-17,S08,P0170,CAT17,7,4,9.8,2.01,4.585,10.45,Low,,backtest,demand_forecast_run_20261005T130920538
2025-09-17,S08,P0206,CAT15,15,7,12.36,4.52,8.633,9.96,Low,,backtest,demand_forecast_run_20261005T130920538
2025-09-17,S08,P0213,CAT07,16,6,17.22,2.545,5.068,18.86,Low,,backtest,demand_forecast_run_20261005T130920538
2025-09-17,S08,P0252,CAT18,9,9,4.85,6.844,15.243,3.95,Medium,BELOW_REORDER,backtest,demand_forecast_run_20261005T130920538
2025-09-17,S08,P0272,CAT13,11,4,15.41,2.162,3.638,15.26,Low,,backtest,demand_forecast_run_20261005T130920538
2025-09-17,S08,P0288,CAT14,11,4,17.11,2.467,4.593,13.37,Low,,backtest,demand_forecast_run_20261005T130920538
2025-09-17,S08,P0316,CAT15,16,4,44.82,1.546,2.954,31.04,Low,,backtest,demand_forecast_run_20261005T130920538
2025-09-17,S08,P0369,CAT09,7,10,3.16,5.532,12.156,3.8,Medium,BELOW_REORDER,backtest,demand_forecast_run_20261005T130920538
2025-09-17,S08,P0381,CAT13,5,4,14.01,1.593,2.681,9.41,Low,,backtest,demand_forecast_run_20261005T130920538
2025-09-17,S08,P0391,CAT06,16,6,8.96,3.461,7.307,13.87,Low,,backtest,demand_forecast_run_20261005T130920538
2025-09-17,S08,P0392,CAT19,7,4,12.26,2.071,4.38,10.14,Low,,backtest,demand_forecast_run_20261005T130920538
2025-09-17,S08,P0408,CAT16,10,4,7.37,2.742,6.348,10.94,Low,,backtest,demand_forecast_run_20261005T130920538
2025-09-17,S08,P0409,CAT12,15,5,10.5,3.161,6.93,14.24,Low,,backtest,demand_forecast_run_20261005T130920538
2025-09-17,S08,P0433,CAT20,6,2,28.04,1.275,2.773,14.11,Low,,backtest,demand_forecast_run_20261005T130920538
2025-09-17,S08,P0435,CAT14,11,9,4.67,7.599,14.146,4.34,Low,,backtest,demand_forecast_run_20261005T130920538
2025-09-17,S08,P0445,CAT02,5,4,,2.085,2.937,7.2,Low,,backtest,demand_forecast_run_20261005T130920538
2025-09-17,S08,P0507,CAT02,29,18,6.44,18.121,25.529,4.8,Low,,backtest,demand_forecast_run_20261005T130920538
2025-09-17,S08,P0563,CAT13,9,8,3.82,7.512,12.636,3.59,Low,,backtest,demand_forecast_run_20261005T130920538
2025-09-17,S08,P0579,CAT12,4,3,5.6,1.459,3.198,8.22,Low,,backtest,demand_forecast_run_20261005T130920538
2025-09-17,S08,P0589,CAT03,15,5,13.12,3.193,5.194,14.09,Low,,backtest,demand_forecast_run_20261005T130920538
2025-09-17,S09,P0003,CAT03,5,5,3.89,3.872,6.977,3.87,Medium,BELOW_REORDER,backtest,demand_forecast_run_20261005T130920538
2025-09-17,S09,P0022,CAT05,13,6,20.22,3.421,4.488,11.4,Low,,backtest,demand_forecast_run_20261005T130920538
2025-09-17,S09,P0032,CAT11,41,17,10.44,12.677,21.883,9.7,Low,,backtest,demand_forecast_run_20261005T130920538
2025-09-17,S09,P0053,CAT06,8,3,27.97,1.001,2.24,23.97,Low,,backtest,demand_forecast_run_20261005T130920538
2025-09-17,S09,P0073,CAT13,7,3,98.59,0.885,1.67,23.72,Low,,backtest,demand_forecast_run_20261005T130920538
2025-09-17,S09,P0170,CAT17,5,4,5.38,2.508,5.27,5.98,Low,,backtest,demand_forecast_run_20261005T130920538
2025-09-17,S09,P0206,CAT15,16,6,14.94,3.561,6.603,13.48,Low,,backtest,demand_forecast_run_20261005T130920538
2025-09-17,S09,P0213,CAT07,0,5,0,4.653,8.877,0,High,ZERO_STOCK|DEMAND_EXCEEDS_STOCK|BELOW_REORDER|LOW_DAYS_COVER,backtest,demand_forecast_run_20261005T130920538
2025-09-17,S09,P0252,CAT18,6,7,4.94,5.896,11.914,3.05,Medium,BELOW_REORDER,backtest,demand_forecast_run_20261005T130920538
2025-09-17,S09,P0272,CAT13,5,3,11.66,1.391,2.623,10.78,Low,,backtest,demand_forecast_run_20261005T130920538
2025-09-17,S09,P0288,CAT14,12,4,14,2.102,4.289,17.12,Low,,backtest,demand_forecast_run_20261005T130920538
2025-09-17,S09,P0316,CAT15,5,4,7.78,1.499,2.78,10,Low,,backtest,demand_forecast_run_20261005T130920538
2025-09-17,S09,P0369,CAT09,10,8,8.24,5.14,11.453,5.84,Low,,backtest,demand_forecast_run_20261005T130920538
2025-09-17,S09,P0381,CAT13,6,3,41.96,1.138,2.146,15.81,Low,,backtest,demand_forecast_run_20261005T130920538
2025-09-17,S09,P0391,CAT06,22,7,11.4,3.672,8.211,17.98,Low,,backtest,demand_forecast_run_20261005T130920538
2025-09-17,S09,P0392,CAT19,3,3,3.23,1.154,2.482,7.8,Medium,BELOW_REORDER,backtest,demand_forecast_run_20261005T130920538
2025-09-17,S09,P0408,CAT16,10,4,12.72,2.959,7.372,10.14,Low,,backtest,demand_forecast_run_20261005T130920538
2025-09-17,S09,P0409,CAT12,6,5,7,2.68,6.027,6.72,Low,,backtest,demand_forecast_run_20261005T130920538
2025-09-17,S09,P0433,CAT20,4,2,18.69,0.365,0.839,32.87,Low,,backtest,demand_forecast_run_20261005T130920538
2025-09-17,S09,P0435,CAT14,27,9,12.2,6.054,12.352,13.38,Low,,backtest,demand_forecast_run_20261005T130920538
2025-09-17,S09,P0445,CAT02,6,4,16.81,2.472,4.133,7.28,Low,,backtest,demand_forecast_run_20261005T130920538
2025-09-17,S09,P0507,CAT02,31,16,14,12.619,21.1,7.37,Low,,backtest,demand_forecast_run_20261005T130920538
2025-09-17,S09,P0563,CAT13,19,6,12.67,4.932,9.301,11.56,Low,,backtest,demand_forecast_run_20261005T130920538
2025-09-17,S09,P0579,CAT12,9,3,18,1.687,3.795,16,Low,,backtest,demand_forecast_run_20261005T130920538
2025-09-17,S09,P0589,CAT03,11,5,11,4.811,8.668,6.86,Low,,backtest,demand_forecast_run_20261005T130920538
2025-09-17,S10,P0003,CAT03,7,5,3.16,4.463,8.286,4.71,Low,,backtest,demand_forecast_run_20261005T130920538
2025-09-17,S10,P0022,CAT05,12,5,12,2.566,4.276,14.03,Low,,backtest,demand_forecast_run_20261005T130920538
2025-09-17,S10,P0032,CAT11,37,14,9.77,10.489,19.077,10.58,Low,,backtest,demand_forecast_run_20261005T130920538
2025-09-17,S10,P0053,CAT06,5,3,14.01,0.599,1.361,25.02,Low,,backtest,demand_forecast_run_20261005T130920538
2025-09-17,S10,P0073,CAT13,6,3,13.99,1.202,2.417,14.97,Low,,backtest,demand_forecast_run_20261005T130920538
2025-09-17,S10,P0170,CAT17,6,3,12,1.814,4.775,9.92,Low,,backtest,demand_forecast_run_20261005T130920538
2025-09-17,S10,P0206,CAT15,12,5,14,3.073,6.864,11.71,Low,,backtest,demand_forecast_run_20261005T130920538
2025-09-17,S10,P0213,CAT07,8,4,7.47,2.706,6.531,8.87,Low,,backtest,demand_forecast_run_20261005T130920538
2025-09-17,S10,P0252,CAT18,0,7,0,5.137,11.476,0,High,ZERO_STOCK|DEMAND_EXCEEDS_STOCK|BELOW_REORDER|LOW_DAYS_COVER,backtest,demand_forecast_run_20261005T130920538
2025-09-17,S10,P0272,CAT13,6,3,28.04,0.721,1.45,24.95,Low,,backtest,demand_forecast_run_20261005T130920538
2025-09-17,S10,P0288,CAT14,4,4,5.6,1.828,3.037,6.57,Medium,BELOW_REORDER,backtest,demand_forecast_run_20261005T130920538
2025-09-17,S10,P0316,CAT15,5,4,17.48,0.802,1.791,18.71,Low,,backtest,demand_forecast_run_20261005T130920538
2025-09-17,S10,P0369,CAT09,16,7,9.74,4.691,10.751,10.23,Low,,backtest,demand_forecast_run_20261005T130920538
2025-09-17,S10,P0381,CAT13,2,3,2.33,2.044,4.108,2.94,High,DEMAND_EXCEEDS_STOCK|BELOW_REORDER|LOW_DAYS_COVER,backtest,demand_forecast_run_20261005T130920538
2025-09-17,S10,P0391,CAT06,9,5,10.5,2.773,6.294,9.74,Low,,backtest,demand_forecast_run_20261005T130920538
2025-09-17,S10,P0392,CAT19,1,3,4.67,0.816,1.896,3.68,Medium,BELOW_REORDER,backtest,demand_forecast_run_20261005T130920538
2025-09-17,S10,P0408,CAT16,0,4,0,2.211,5.433,0,High,ZERO_STOCK|DEMAND_EXCEEDS_STOCK|BELOW_REORDER|LOW_DAYS_COVER,backtest,demand_forecast_run_20261005T130920538
2025-09-17,S10,P0409,CAT12,5,5,5,2.675,6.252,5.61,Medium,BELOW_REORDER,backtest,demand_forecast_run_20261005T130920538
2025-09-17,S10,P0433,CAT20,5,2,23.36,0.557,1.534,26.91,Low,,backtest,demand_forecast_run_20261005T130920538
2025-09-17,S10,P0435,CAT14,0,7,0,5.255,8.731,0,High,ZERO_STOCK|DEMAND_EXCEEDS_STOCK|BELOW_REORDER|LOW_DAYS_COVER,backtest,demand_forecast_run_20261005T130920538
2025-09-17,S10,P0445,CAT02,9,3,7.41,2.575,4.447,10.48,Low,,backtest,demand_forecast_run_20261005T130920538
2025-09-17,S10,P0507,CAT02,7,13,1.88,12.263,21.177,1.71,High,DEMAND_EXCEEDS_STOCK|BELOW_REORDER|LOW_DAYS_COVER,backtest,demand_forecast_run_20261005T130920538
2025-09-17,S10,P0563,CAT13,6,6,4.94,5.17,10.392,3.48,Medium,BELOW_REORDER,backtest,demand_forecast_run_20261005T130920538
2025-09-17,S10,P0579,CAT12,6,3,20.98,0.926,2.164,19.44,Low,,backtest,demand_forecast_run_20261005T130920538
2025-09-17,S10,P0589,CAT03,3,4,4.67,2.746,5.099,3.28,Medium,BELOW_REORDER,backtest,demand_forecast_run_20261005T130920538
2025-09-17,S11,P0003,CAT03,13,6,13,3.783,5.949,10.31,Low,,backtest,demand_forecast_run_20261005T130920538
2025-09-17,S11,P0022,CAT05,11,6,4.97,4.09,7.538,8.07,Low,,backtest,demand_forecast_run_20261005T130920538
2025-09-17,S11,P0032,CAT11,40,20,6.91,13.117,22.051,9.15,Low,,backtest,demand_forecast_run_20261005T130920538
2025-09-17,S11,P0053,CAT06,5,4,11.66,1.63,3.289,9.21,Low,,backtest,demand_forecast_run_20261005T130920538
2025-09-17,S11,P0073,CAT13,4,3,9.32,1.556,2.699,7.71,Low,,backtest,demand_forecast_run_20261005T130920538
2025-09-17,S11,P0170,CAT17,7,4,7,1.99,4.127,10.55,Low,,backtest,demand_forecast_run_20261005T130920538
2025-09-17,S11,P0206,CAT15,8,7,7,3.298,5.38,7.28,Low,,backtest,demand_forecast_run_20261005T130920538
2025-09-17,S11,P0213,CAT07,9,6,7,4.002,7.346,6.75,Low,,backtest,demand_forecast_run_20261005T130920538
2025-09-17,S11,P0252,CAT18,24,9,8.84,7.393,12.2,9.74,Low,,backtest,demand_forecast_run_20261005T130920538
2025-09-17,S11,P0272,CAT13,5,4,23.36,1.281,2.223,11.71,Low,,backtest,demand_forecast_run_20261005T130920538
2025-09-17,S11,P0288,CAT14,11,5,7.33,3.055,5.017,10.8,Low,,backtest,demand_forecast_run_20261005T130920538
2025-09-17,S11,P0316,CAT15,4,4,5.09,3.195,5.212,3.76,Medium,BELOW_REORDER,backtest,demand_forecast_run_20261005T130920538
2025-09-17,S11,P0369,CAT09,24,9,7.15,6.46,11.285,11.14,Low,,backtest,demand_forecast_run_20261005T130920538
2025-09-17,S11,P0381,CAT13,7,4,7,3.112,5.398,6.75,Low,,backtest,demand_forecast_run_20261005T130920538
2025-09-17,S11,P0391,CAT06,16,7,12.44,3.44,6.943,13.95,Low,,backtest,demand_forecast_run_20261005T130920538
2025-09-17,S11,P0392,CAT19,7,3,19.61,1.448,2.192,14.5,Low,,backtest,demand_forecast_run_20261005T130920538
2025-09-17,S11,P0408,CAT16,14,5,10.32,3.249,6.95,12.93,Low,,backtest,demand_forecast_run_20261005T130920538
2025-09-17,S11,P0409,CAT12,0,5,0,2.849,5.615,0,High,ZERO_STOCK|DEMAND_EXCEEDS_STOCK|BELOW_REORDER|LOW_DAYS_COVER,backtest,demand_forecast_run_20261005T130920538
2025-09-17,S11,P0433,CAT20,6,3,16.81,0.676,1.497,26.64,Low,,backtest,demand_forecast_run_20261005T130920538
2025-09-17,S11,P0435,CAT14,20,9,7.18,7.397,12.146,8.11,Low,,backtest,demand_forecast_run_20261005T130920538
2025-09-17,S11,P0445,CAT02,8,5,10.18,2.875,4.584,8.35,Low,,backtest,demand_forecast_run_20261005T130920538
2025-09-17,S11,P0507,CAT02,76,18,16.63,14.029,22.371,16.25,Low,,backtest,demand_forecast_run_20261005T130920538
2025-09-17,S11,P0563,CAT13,12,7,8,5.4,9.367,6.67,Low,,backtest,demand_forecast_run_20261005T130920538
2025-09-17,S11,P0579,CAT12,6,3,16.81,1.71,3.369,10.53,Low,,backtest,demand_forecast_run_20261005T130920538
2025-09-17,S11,P0589,CAT03,6,5,6.46,2.956,4.648,6.09,Low,,backtest,demand_forecast_run_20261005T130920538
2025-09-17,S12,P0003,CAT03,7,6,5.16,3.197,6.423,6.57,Low,,backtest,demand_forecast_run_20261005T130920538
2025-09-17,S12,P0022,CAT05,12,5,7,3.046,5.932,11.82,Low,,backtest,demand_forecast_run_20261005T130920538
2025-09-17,S12,P0032,CAT11,47,15,5.53,12.747,22.794,11.06,Low,,backtest,demand_forecast_run_20261005T130920538
2025-09-17,S12,P0053,CAT06,8,3,11.2,1.546,4.088,15.52,Low,,backtest,demand_forecast_run_20261005T130920538
2025-09-17,S12,P0073,CAT13,2,3,6.99,1.106,2.222,5.42,Medium,BELOW_REORDER,backtest,demand_forecast_run_20261005T130920538
2025-09-17,S12,P0170,CAT17,10,3,10.76,1.766,4.846,16.99,Low,,backtest,demand_forecast_run_20261005T130920538
2025-09-17,S12,P0206,CAT15,7,6,4.26,3.034,6.828,6.92,Low,,backtest,demand_forecast_run_20261005T130920538
2025-09-17,S12,P0213,CAT07,10,5,7.78,2.439,5.706,12.3,Low,,backtest,demand_forecast_run_20261005T130920538
2025-09-17,S12,P0252,CAT18,9,7,5.25,4.474,11.835,6.04,Low,,backtest,demand_forecast_run_20261005T130920538
2025-09-17,S12,P0272,CAT13,4,3,5.09,2.434,4.889,4.93,Low,,backtest,demand_forecast_run_20261005T130920538
2025-09-17,S12,P0288,CAT14,13,4,10.71,2.086,4.636,18.7,Low,,backtest,demand_forecast_run_20261005T130920538
2025-09-17,S12,P0316,CAT15,6,3,7.63,2.142,4.82,8.4,Low,,backtest,demand_forecast_run_20261005T130920538
2025-09-17,S12,P0369,CAT09,24,8,10.84,7.985,15.995,9.02,Low,,backtest,demand_forecast_run_20261005T130920538
2025-09-17,S12,P0381,CAT13,13,3,36.41,1.66,3.334,23.5,Low,,backtest,demand_forecast_run_20261005T130920538
2025-09-17,S12,P0391,CAT06,13,5,10.11,2.65,7.009,14.71,Low,,backtest,demand_forecast_run_20261005T130920538
2025-09-17,S12,P0392,CAT19,7,3,10.89,1.027,2.626,20.45,Low,,backtest,demand_forecast_run_20261005T130920538
2025-09-17,S12,P0408,CAT16,7,4,9.8,1.735,4.28,12.1,Low,,backtest,demand_forecast_run_20261005T130920538
2025-09-17,S12,P0409,CAT12,11,4,7.7,2.397,6.244,13.77,Low,,backtest,demand_forecast_run_20261005T130920538
2025-09-17,S12,P0433,CAT20,6,2,16.81,0.689,2.049,26.12,Low,,backtest,demand_forecast_run_20261005T130920538
2025-09-17,S12,P0435,CAT14,13,6,6.74,5.319,11.823,7.33,Low,,backtest,demand_forecast_run_20261005T130920538
2025-09-17,S12,P0445,CAT02,9,3,18,1.105,1.962,24.44,Low,,backtest,demand_forecast_run_20261005T130920538
2025-09-17,S12,P0507,CAT02,36,14,7.75,10.162,18.055,10.63,Low,,backtest,demand_forecast_run_20261005T130920538
2025-09-17,S12,P0563,CAT13,11,6,7.7,3.541,7.112,9.32,Low,,backtest,demand_forecast_run_20261005T130920538
2025-09-17,S12,P0579,CAT12,4,3,13.99,1.038,2.706,11.56,Low,,backtest,demand_forecast_run_20261005T130920538
2025-09-17,S12,P0589,CAT03,5,4,6.36,2.035,4.088,7.37,Low,,backtest,demand_forecast_run_20261005T130920538
2025-09-18,S01,P0003,CAT03,16,6,18.67,3.674,6.741,13.06,Low,,backtest,demand_forecast_run_20261005T130920538
2025-09-18,S01,P0022,CAT05,19,5,19,3.376,5.954,16.88,Low,,backtest,demand_forecast_run_20261005T130920538
2025-09-18,S01,P0032,CAT11,24,14,6,11.253,18.518,6.4,Low,,backtest,demand_forecast_run_20261005T130920538
2025-09-18,S01,P0053,CAT06,5,3,23.36,0.884,2.075,16.97,Low,,backtest,demand_forecast_run_20261005T130920538
2025-09-18,S01,P0073,CAT13,4,3,13.99,1.637,3.093,7.33,Low,,backtest,demand_forecast_run_20261005T130920538
2025-09-18,S01,P0170,CAT17,10,4,23.31,2.132,4.97,14.07,Low,,backtest,demand_forecast_run_20261005T130920538
2025-09-18,S01,P0206,CAT15,14,6,11.53,4.563,9.145,9.2,Low,,backtest,demand_forecast_run_20261005T130920538
2025-09-18,S01,P0213,CAT07,14,5,11.53,2.463,5.605,17.05,Low,,backtest,demand_forecast_run_20261005T130920538
2025-09-18,S01,P0252,CAT18,17,7,12.53,5.612,13.886,9.09,Low,,backtest,demand_forecast_run_20261005T130920538
2025-09-18,S01,P0272,CAT13,6,3,7.63,2.105,3.976,8.55,Low,,backtest,demand_forecast_run_20261005T130920538
2025-09-18,S01,P0288,CAT14,5,4,8.76,1.396,2.454,10.75,Low,,backtest,demand_forecast_run_20261005T130920538
2025-09-18,S01,P0316,CAT15,12,3,83.92,0.761,1.524,47.34,Low,,backtest,demand_forecast_run_20261005T130920538
2025-09-18,S01,P0369,CAT09,27,8,29.06,5.602,10.949,14.46,Low,,backtest,demand_forecast_run_20261005T130920538
2025-09-18,S01,P0381,CAT13,3,3,3.5,2.222,4.197,4.05,Medium,BELOW_REORDER,backtest,demand_forecast_run_20261005T130920538
2025-09-18,S01,P0391,CAT06,8,5,6.22,4.926,11.558,4.87,Low,,backtest,demand_forecast_run_20261005T130920538
2025-09-18,S01,P0392,CAT19,4,3,27.97,0.84,1.936,14.29,Low,,backtest,demand_forecast_run_20261005T130920538
2025-09-18,S01,P0408,CAT16,12,4,18.66,1.75,4.792,20.57,Low,,backtest,demand_forecast_run_20261005T130920538
2025-09-18,S01,P0409,CAT12,6,4,6,1.91,4.348,9.42,Low,,backtest,demand_forecast_run_20261005T130920538
2025-09-18,S01,P0433,CAT20,2,3,4.66,0.87,2.475,6.9,Medium,BELOW_REORDER,backtest,demand_forecast_run_20261005T130920538
2025-09-18,S01,P0435,CAT14,19,7,8.87,6.978,12.272,8.17,Low,,backtest,demand_forecast_run_20261005T130920538
2025-09-18,S01,P0445,CAT02,11,4,30.81,1.513,2.672,21.81,Low,,backtest,demand_forecast_run_20261005T130920538
2025-09-18,S01,P0507,CAT02,1,14,0.23,11.347,20.038,0.26,High,DEMAND_EXCEEDS_STOCK|BELOW_REORDER|LOW_DAYS_COVER,backtest,demand_forecast_run_20261005T130920538
2025-09-18,S01,P0563,CAT13,14,6,7,4.677,8.836,8.98,Low,,backtest,demand_forecast_run_20261005T130920538
2025-09-18,S01,P0579,CAT12,2,3,2,1.578,3.592,3.8,Medium,BELOW_REORDER|LOW_DAYS_COVER,backtest,demand_forecast_run_20261005T130920538
2025-09-18,S01,P0589,CAT03,6,4,8.4,2.411,4.424,7.46,Low,,backtest,demand_forecast_run_20261005T130920538
2025-09-18,S02,P0003,CAT03,17,6,11.33,4.345,7.396,11.74,Low,,backtest,demand_forecast_run_20261005T130920538
2025-09-18,S02,P0022,CAT05,19,6,14.77,4.794,8.252,11.89,Low,,backtest,demand_forecast_run_20261005T130920538
2025-09-18,S02,P0032,CAT11,34,17,9.33,11.612,19.175,8.78,Low,,backtest,demand_forecast_run_20261005T130920538
2025-09-18,S02,P0053,CAT06,7,3,19.61,0.773,1.73,27.16,Low,,backtest,demand_forecast_run_20261005T130920538
2025-09-18,S02,P0073,CAT13,7,3,16.32,1.582,2.817,13.28,Low,,backtest,demand_forecast_run_20261005T130920538
2025-09-18,S02,P0170,CAT17,2,3,,1.288,2.793,4.66,Medium,BELOW_REORDER,backtest,demand_forecast_run_20261005T130920538
2025-09-18,S02,P0206,CAT15,11,6,7,5.364,9.513,6.15,Low,,backtest,demand_forecast_run_20261005T130920538
2025-09-18,S02,P0213,CAT07,7,5,7.53,3.15,6.99,6.67,Low,,backtest,demand_forecast_run_20261005T130920538
2025-09-18,S02,P0252,CAT18,7,7,4.08,6.343,13.341,3.31,Medium,BELOW_REORDER,backtest,demand_forecast_run_20261005T130920538
2025-09-18,S02,P0272,CAT13,1,3,0.87,2.433,4.334,1.23,High,DEMAND_EXCEEDS_STOCK|BELOW_REORDER|LOW_DAYS_COVER,backtest,demand_forecast_run_20261005T130920538
2025-09-18,S02,P0288,CAT14,6,4,7.63,2.665,4.922,6.75,Low,,backtest,demand_forecast_run_20261005T130920538
2025-09-18,S02,P0316,CAT15,6,3,9.33,1.686,2.99,10.68,Low,,backtest,demand_forecast_run_20261005T130920538
2025-09-18,S02,P0369,CAT09,19,8,22.17,6.177,11.498,9.23,Low,,backtest,demand_forecast_run_20261005T130920538
2025-09-18,S02,P0381,CAT13,10,3,20,1.947,3.467,15.41,Low,,backtest,demand_forecast_run_20261005T130920538
2025-09-18,S02,P0391,CAT06,1,7,0.67,4.253,9.513,0.71,High,DEMAND_EXCEEDS_STOCK|BELOW_REORDER|LOW_DAYS_COVER,backtest,demand_forecast_run_20261005T130920538
2025-09-18,S02,P0392,CAT19,7,3,10.89,1.145,2.659,18.34,Low,,backtest,demand_forecast_run_20261005T130920538
2025-09-18,S02,P0408,CAT16,4,4,5.09,3.489,7.664,3.44,Medium,BELOW_REORDER,backtest,demand_forecast_run_20261005T130920538
2025-09-18,S02,P0409,CAT12,11,5,6.7,3.816,8.035,8.65,Low,,backtest,demand_forecast_run_20261005T130920538
2025-09-18,S02,P0433,CAT20,6,3,16.81,0.515,1.229,34.95,Low,,backtest,demand_forecast_run_20261005T130920538
2025-09-18,S02,P0435,CAT14,12,8,6.22,8.239,15.212,4.37,Low,,backtest,demand_forecast_run_20261005T130920538
2025-09-18,S02,P0445,CAT02,10,4,11.67,2.209,3.561,13.58,Low,,backtest,demand_forecast_run_20261005T130920538
2025-09-18,S02,P0507,CAT02,46,15,14,14.221,22.927,9.7,Low,,backtest,demand_forecast_run_20261005T130920538
2025-09-18,S02,P0563,CAT13,17,6,12.53,4.015,7.152,12.7,Low,,backtest,demand_forecast_run_20261005T130920538
2025-09-18,S02,P0579,CAT12,10,3,14.01,1.187,2.5,25.27,Low,,backtest,demand_forecast_run_20261005T130920538
2025-09-18,S02,P0589,CAT03,11,4,12.84,2.414,4.109,13.67,Low,,backtest,demand_forecast_run_20261005T130920538
2025-09-18,S03,P0003,CAT03,17,6,14.87,2.446,4.808,20.85,Low,,backtest,demand_forecast_run_20261005T130920538
2025-09-18,S03,P0022,CAT05,12,5,9.88,2.787,4.601,12.92,Low,,backtest,demand_forecast_run_20261005T130920538
2025-09-18,S03,P0032,CAT11,26,15,7,10.292,19.05,7.58,Low,,backtest,demand_forecast_run_20261005T130920538
2025-09-18,S03,P0053,CAT06,5,4,11.66,1.187,2.643,12.64,Low,,backtest,demand_forecast_run_20261005T130920538
2025-09-18,S03,P0073,CAT13,6,3,16.81,1.036,2.104,17.38,Low,,backtest,demand_forecast_run_20261005T130920538
2025-09-18,S03,P0170,CAT17,10,4,14.01,3.373,6.732,8.89,Low,,backtest,demand_forecast_run_20261005T130920538
2025-09-18,S03,P0206,CAT15,11,6,10.27,3.814,7.317,8.65,Low,,backtest,demand_forecast_run_20261005T130920538
2025-09-18,S03,P0213,CAT07,12,4,9.33,2.819,6.178,12.77,Low,,backtest,demand_forecast_run_20261005T130920538
2025-09-18,S03,P0252,CAT18,5,8,5,5.665,11.516,2.65,High,DEMAND_EXCEEDS_STOCK|BELOW_REORDER,backtest,demand_forecast_run_20261005T130920538
2025-09-18,S03,P0272,CAT13,4,3,27.97,1.332,2.706,9.01,Low,,backtest,demand_forecast_run_20261005T130920538
2025-09-18,S03,P0288,CAT14,13,3,60.75,1.116,2.085,34.94,Low,,backtest,demand_forecast_run_20261005T130920538
2025-09-18,S03,P0316,CAT15,11,4,19.26,2.092,4.012,15.78,Low,,backtest,demand_forecast_run_20261005T130920538
2025-09-18,S03,P0369,CAT09,18,8,12.6,4.544,9.519,11.88,Low,,backtest,demand_forecast_run_20261005T130920538
2025-09-18,S03,P0381,CAT13,7,3,16.32,1.332,2.706,15.77,Low,,backtest,demand_forecast_run_20261005T130920538
2025-09-18,S03,P0391,CAT06,18,6,12,3.956,8.81,13.65,Low,,backtest,demand_forecast_run_20261005T130920538
2025-09-18,S03,P0392,CAT19,11,3,25.64,0.927,2.168,35.58,Low,,backtest,demand_forecast_run_20261005T130920538
2025-09-18,S03,P0408,CAT16,8,4,14.01,1.695,4.007,14.16,Low,,backtest,demand_forecast_run_20261005T130920538
2025-09-18,S03,P0409,CAT12,3,4,3.23,2.091,4.658,4.3,Medium,BELOW_REORDER,backtest,demand_forecast_run_20261005T130920538
2025-09-18,S03,P0433,CAT20,6,2,,0.279,0.585,64.49,Low,,backtest,demand_forecast_run_20261005T130920538
2025-09-18,S03,P0435,CAT14,19,7,17.74,6.218,11.618,9.17,Low,,backtest,demand_forecast_run_20261005T130920538
2025-09-18,S03,P0445,CAT02,0,3,0,1.23,2.081,0,High,ZERO_STOCK|DEMAND_EXCEEDS_STOCK|BELOW_REORDER|LOW_DAYS_COVER,backtest,demand_forecast_run_20261005T130920538
2025-09-18,S03,P0507,CAT02,45,14,11.45,13.161,22.266,10.26,Low,,backtest,demand_forecast_run_20261005T130920538
2025-09-18,S03,P0563,CAT13,15,6,21.01,3.995,8.117,11.26,Low,,backtest,demand_forecast_run_20261005T130920538
2025-09-18,S03,P0579,CAT12,2,3,3.11,1.818,4.05,3.3,Medium,BELOW_REORDER,backtest,demand_forecast_run_20261005T130920538
2025-09-18,S03,P0589,CAT03,9,5,6.63,3.443,6.767,7.84,Low,,backtest,demand_forecast_run_20261005T130920538
2025-09-18,S04,P0003,CAT03,6,5,5.6,3.336,7.028,5.4,Low,,backtest,demand_forecast_run_20261005T130920538
2025-09-18,S04,P0022,CAT05,8,5,8.61,2.34,4.736,10.26,Low,,backtest,demand_forecast_run_20261005T130920538
2025-09-18,S04,P0032,CAT11,27,12,8.04,8.537,16.956,9.49,Low,,backtest,demand_forecast_run_20261005T130920538
2025-09-18,S04,P0053,CAT06,5,3,14.01,0.831,2.088,18.06,Low,,backtest,demand_forecast_run_20261005T130920538
2025-09-18,S04,P0073,CAT13,5,2,23.36,1.303,2.743,11.51,Low,,backtest,demand_forecast_run_20261005T130920538
2025-09-18,S04,P0170,CAT17,3,3,5.25,2.694,6.843,3.34,Medium,BELOW_REORDER,backtest,demand_forecast_run_20261005T130920538
2025-09-18,S04,P0206,CAT15,13,5,13.99,4.932,9.728,7.91,Low,,backtest,demand_forecast_run_20261005T130920538
2025-09-18,S04,P0213,CAT07,10,4,15.55,1.491,3.579,20.12,Low,,backtest,demand_forecast_run_20261005T130920538
2025-09-18,S04,P0252,CAT18,15,6,12.36,3.754,8.179,11.99,Low,,backtest,demand_forecast_run_20261005T130920538
2025-09-18,S04,P0272,CAT13,9,3,18,2.233,4.703,12.09,Low,,backtest,demand_forecast_run_20261005T130920538
2025-09-18,S04,P0288,CAT14,6,4,10.51,1.902,3.91,9.46,Low,,backtest,demand_forecast_run_20261005T130920538
2025-09-18,S04,P0316,CAT15,9,3,62.94,1.046,2.064,25.81,Low,,backtest,demand_forecast_run_20261005T130920538
2025-09-18,S04,P0369,CAT09,7,6,6.54,3.971,9.423,5.29,Low,,backtest,demand_forecast_run_20261005T130920538
2025-09-18,S04,P0381,CAT13,6,3,28.04,2.047,4.311,8.79,Low,,backtest,demand_forecast_run_20261005T130920538
2025-09-18,S04,P0391,CAT06,14,5,16.34,2.114,5.316,19.86,Low,,backtest,demand_forecast_run_20261005T130920538
2025-09-18,S04,P0392,CAT19,7,3,24.48,0.902,2.189,23.27,Low,,backtest,demand_forecast_run_20261005T130920538
2025-09-18,S04,P0408,CAT16,16,3,225.35,2.043,4.396,23.5,Low,,backtest,demand_forecast_run_20261005T130920538
2025-09-18,S04,P0409,CAT12,8,4,9.33,1.512,3.652,15.87,Low,,backtest,demand_forecast_run_20261005T130920538
2025-09-18,S04,P0433,CAT20,8,2,112.68,0.103,0.284,233.92,Low,,backtest,demand_forecast_run_20261005T130920538
2025-09-18,S04,P0435,CAT14,18,6,15.75,4.65,9.557,11.61,Low,,backtest,demand_forecast_run_20261005T130920538
2025-09-18,S04,P0445,CAT02,4,3,5.6,2.092,3.757,5.74,Low,,backtest,demand_forecast_run_20261005T130920538
2025-09-18,S04,P0507,CAT02,21,11,7.95,9.412,16.906,6.69,Low,,backtest,demand_forecast_run_20261005T130920538
2025-09-18,S04,P0563,CAT13,7,5,10.89,2.605,5.487,8.06,Low,,backtest,demand_forecast_run_20261005T130920538
2025-09-18,S04,P0579,CAT12,8,3,14.01,0.924,2.232,25.98,Low,,backtest,demand_forecast_run_20261005T130920538
2025-09-18,S04,P0589,CAT03,8,4,16,2.301,4.847,10.43,Low,,backtest,demand_forecast_run_20261005T130920538
2025-09-18,S05,P0003,CAT03,10,4,10,2.528,6.017,11.87,Low,,backtest,demand_forecast_run_20261005T130920538
2025-09-18,S05,P0022,CAT05,5,4,6.36,3.409,6.527,4.4,Low,,backtest,demand_forecast_run_20261005T130920538
2025-09-18,S05,P0032,CAT11,12,11,5.42,8.911,17.839,4.04,Low,,backtest,demand_forecast_run_20261005T130920538
2025-09-18,S05,P0053,CAT06,8,3,11.2,0.97,2.595,24.73,Low,,backtest,demand_forecast_run_20261005T130920538
2025-09-18,S05,P0073,CAT13,5,2,34.97,0.755,1.545,19.86,Low,,backtest,demand_forecast_run_20261005T130920538
2025-09-18,S05,P0170,CAT17,7,3,14,1.292,3.518,16.25,Low,,backtest,demand_forecast_run_20261005T130920538
2025-09-18,S05,P0206,CAT15,6,4,4,3.421,7.789,5.26,Low,,backtest,demand_forecast_run_20261005T130920538
2025-09-18,S05,P0213,CAT07,11,4,17.11,1.845,5.541,17.89,Low,,backtest,demand_forecast_run_20261005T130920538
2025-09-18,S05,P0252,CAT18,8,5,10.18,4.594,9.1,5.22,Low,,backtest,demand_forecast_run_20261005T130920538
2025-09-18,S05,P0272,CAT13,8,3,14.01,1.51,3.091,15.89,Low,,backtest,demand_forecast_run_20261005T130920538
2025-09-18,S05,P0288,CAT14,5,3,4.37,2.124,4.912,7.06,Low,,backtest,demand_forecast_run_20261005T130920538
2025-09-18,S05,P0316,CAT15,7,3,14,1.448,3.295,14.51,Low,,backtest,demand_forecast_run_20261005T130920538
2025-09-18,S05,P0369,CAT09,14,6,9.33,4.12,9.918,10.2,Low,,backtest,demand_forecast_run_20261005T130920538
2025-09-18,S05,P0381,CAT13,1,3,1.56,1.133,2.318,2.65,High,DEMAND_EXCEEDS_STOCK|BELOW_REORDER|LOW_DAYS_COVER,backtest,demand_forecast_run_20261005T130920538
2025-09-18,S05,P0391,CAT06,5,5,4.37,2.164,5.788,6.93,Medium,BELOW_REORDER,backtest,demand_forecast_run_20261005T130920538
2025-09-18,S05,P0392,CAT19,5,2,23.36,0.423,1.063,35.49,Low,,backtest,demand_forecast_run_20261005T130920538
2025-09-18,S05,P0408,CAT16,2,3,4.66,1.531,3.951,3.92,Medium,BELOW_REORDER,backtest,demand_forecast_run_20261005T130920538
2025-09-18,S05,P0409,CAT12,9,3,11.45,2.357,5.173,11.45,Low,,backtest,demand_forecast_run_20261005T130920538
2025-09-18,S05,P0433,CAT20,5,2,70.42,0.426,1.128,35.18,Low,,backtest,demand_forecast_run_20261005T130920538
2025-09-18,S05,P0435,CAT14,15,6,11.05,3.945,9.121,11.41,Low,,backtest,demand_forecast_run_20261005T130920538
2025-09-18,S05,P0445,CAT02,7,3,24.48,1.55,2.895,13.55,Low,,backtest,demand_forecast_run_20261005T130920538
2025-09-18,S05,P0507,CAT02,17,9,9.15,9.02,16.843,5.65,Low,,backtest,demand_forecast_run_20261005T130920538
2025-09-18,S05,P0563,CAT13,13,5,13,3.398,6.954,11.48,Low,,backtest,demand_forecast_run_20261005T130920538
2025-09-18,S05,P0579,CAT12,2,3,6.99,0.992,2.178,6.05,Medium,BELOW_REORDER,backtest,demand_forecast_run_20261005T130920538
2025-09-18,S05,P0589,CAT03,5,4,5.83,2.769,6.59,5.42,Low,,backtest,demand_forecast_run_20261005T130920538
2025-09-18,S06,P0003,CAT03,17,6,11.9,3.516,6.222,14.5,Low,,backtest,demand_forecast_run_20261005T130920538
2025-09-18,S06,P0022,CAT05,10,6,8.75,2.491,4.4,12.04,Low,,backtest,demand_forecast_run_20261005T130920538
2025-09-18,S06,P0032,CAT11,51,18,13.47,14.352,22.404,10.66,Low,,backtest,demand_forecast_run_20261005T130920538
2025-09-18,S06,P0053,CAT06,6,4,12,1.698,3.417,10.6,Low,,backtest,demand_forecast_run_20261005T130920538
2025-09-18,S06,P0073,CAT13,8,4,10.18,3.362,6.133,7.14,Low,,backtest,demand_forecast_run_20261005T130920538
2025-09-18,S06,P0170,CAT17,9,4,12.61,2.098,4.331,12.87,Low,,backtest,demand_forecast_run_20261005T130920538
2025-09-18,S06,P0206,CAT15,21,7,22.6,8.397,12.851,7.5,Low,,backtest,demand_forecast_run_20261005T130920538
2025-09-18,S06,P0213,CAT07,14,6,19.61,4.604,8.093,9.12,Low,,backtest,demand_forecast_run_20261005T130920538
2025-09-18,S06,P0252,CAT18,24,8,15.28,7.012,13.411,10.27,Low,,backtest,demand_forecast_run_20261005T130920538
2025-09-18,S06,P0272,CAT13,10,4,17.51,1.883,3.434,15.93,Low,,backtest,demand_forecast_run_20261005T130920538
2025-09-18,S06,P0288,CAT14,4,4,27.97,2.067,3.313,5.81,Medium,BELOW_REORDER,backtest,demand_forecast_run_20261005T130920538
2025-09-18,S06,P0316,CAT15,12,4,16.81,3.573,5.468,10.07,Low,,backtest,demand_forecast_run_20261005T130920538
2025-09-18,S06,P0369,CAT09,27,10,16.43,8.381,15.151,9.66,Low,,backtest,demand_forecast_run_20261005T130920538
2025-09-18,S06,P0381,CAT13,3,4,1.83,3.766,6.869,2.39,High,DEMAND_EXCEEDS_STOCK|BELOW_REORDER|LOW_DAYS_COVER,backtest,demand_forecast_run_20261005T130920538
2025-09-18,S06,P0391,CAT06,8,7,5.9,3.99,8.029,6.01,Low,,backtest,demand_forecast_run_20261005T130920538
2025-09-18,S06,P0392,CAT19,9,3,10.5,2.686,4.806,10.05,Low,,backtest,demand_forecast_run_20261005T130920538
2025-09-18,S06,P0408,CAT16,16,5,14,4.4,8.375,10.91,Low,,backtest,demand_forecast_run_20261005T130920538
2025-09-18,S06,P0409,CAT12,12,5,9.88,2.88,5.515,12.5,Low,,backtest,demand_forecast_run_20261005T130920538
2025-09-18,S06,P0433,CAT20,8,3,18.65,1.086,2.092,22.11,Low,,backtest,demand_forecast_run_20261005T130920538
2025-09-18,S06,P0435,CAT14,13,9,10.11,9.301,14.909,4.19,Low,,backtest,demand_forecast_run_20261005T130920538
2025-09-18,S06,P0445,CAT02,5,4,10,2.661,4.444,5.64,Low,,backtest,demand_forecast_run_20261005T130920538
2025-09-18,S06,P0507,CAT02,30,17,7.24,14.574,24.338,6.18,Low,,backtest,demand_forecast_run_20261005T130920538
2025-09-18,S06,P0563,CAT13,5,6,6.36,3.632,6.623,4.13,Medium,BELOW_REORDER,backtest,demand_forecast_run_20261005T130920538
2025-09-18,S06,P0579,CAT12,10,4,12.72,2.582,4.944,11.62,Low,,backtest,demand_forecast_run_20261005T130920538
2025-09-18,S06,P0589,CAT03,6,6,4.94,3.146,5.567,5.72,Medium,BELOW_REORDER,backtest,demand_forecast_run_20261005T130920538
2025-09-18,S07,P0003,CAT03,11,5,10.27,2.908,5.233,11.35,Low,,backtest,demand_forecast_run_20261005T130920538
2025-09-18,S07,P0022,CAT05,2,4,1.65,3.744,6.143,1.6,High,DEMAND_EXCEEDS_STOCK|BELOW_REORDER|LOW_DAYS_COVER,backtest,demand_forecast_run_20261005T130920538
2025-09-18,S07,P0032,CAT11,30,12,12.35,10.609,19.092,8.48,Low,,backtest,demand_forecast_run_20261005T130920538
2025-09-18,S07,P0053,CAT06,6,3,8.4,1.192,2.758,15.11,Low,,backtest,demand_forecast_run_20261005T130920538
2025-09-18,S07,P0073,CAT13,4,3,8,1.086,2.157,11.05,Low,,backtest,demand_forecast_run_20261005T130920538
2025-09-18,S07,P0170,CAT17,5,3,17.48,0.956,2.324,15.69,Low,,backtest,demand_forecast_run_20261005T130920538
2025-09-18,S07,P0206,CAT15,2,5,1.56,5.136,9.892,1.17,High,DEMAND_EXCEEDS_STOCK|BELOW_REORDER|LOW_DAYS_COVER,backtest,demand_forecast_run_20261005T130920538
2025-09-18,S07,P0213,CAT07,8,4,7,3.105,6.813,7.73,Low,,backtest,demand_forecast_run_20261005T130920538
2025-09-18,S07,P0252,CAT18,10,5,7.37,4.526,10.234,6.63,Low,,backtest,demand_forecast_run_20261005T130920538
2025-09-18,S07,P0272,CAT13,6,3,12,1.086,2.157,16.57,Low,,backtest,demand_forecast_run_20261005T130920538
2025-09-18,S07,P0288,CAT14,7,3,12.26,1.948,3.834,10.78,Low,,backtest,demand_forecast_run_20261005T130920538
2025-09-18,S07,P0316,CAT15,10,3,46.73,0.713,1.374,42.05,Low,,backtest,demand_forecast_run_20261005T130920538
2025-09-18,S07,P0369,CAT09,17,7,10.82,4.79,10.108,10.65,Low,,backtest,demand_forecast_run_20261005T130920538
2025-09-18,S07,P0381,CAT13,4,3,13.99,1.086,2.157,11.05,Low,,backtest,demand_forecast_run_20261005T130920538
2025-09-18,S07,P0391,CAT06,8,5,4.48,3.01,6.966,7.97,Low,,backtest,demand_forecast_run_20261005T130920538
2025-09-18,S07,P0392,CAT19,3,3,5.25,1.769,3.922,5.09,Medium,BELOW_REORDER,backtest,demand_forecast_run_20261005T130920538
2025-09-18,S07,P0408,CAT16,12,3,16.81,1.78,5.203,20.22,Low,,backtest,demand_forecast_run_20261005T130920538
2025-09-18,S07,P0409,CAT12,9,4,6,3.026,7.139,8.92,Low,,backtest,demand_forecast_run_20261005T130920538
2025-09-18,S07,P0433,CAT20,5,2,11.66,0.469,1.307,32,Low,,backtest,demand_forecast_run_20261005T130920538
2025-09-18,S07,P0435,CAT14,25,7,12.96,5.536,10.897,13.55,Low,,backtest,demand_forecast_run_20261005T130920538
2025-09-18,S07,P0445,CAT02,10,3,46.73,1.2,2.176,25,Low,,backtest,demand_forecast_run_20261005T130920538
2025-09-18,S07,P0507,CAT02,19,11,6.49,9.271,16.816,6.15,Low,,backtest,demand_forecast_run_20261005T130920538
2025-09-18,S07,P0563,CAT13,10,5,7.78,3.91,7.767,7.67,Low,,backtest,demand_forecast_run_20261005T130920538
2025-09-18,S07,P0579,CAT12,8,3,10.18,1.47,3.468,16.33,Low,,backtest,demand_forecast_run_20261005T130920538
2025-09-18,S07,P0589,CAT03,10,4,14.01,2.692,4.846,11.14,Low,,backtest,demand_forecast_run_20261005T130920538
2025-09-18,S08,P0003,CAT03,18,7,9,4.376,7.058,12.34,Low,,backtest,demand_forecast_run_20261005T130920538
2025-09-18,S08,P0022,CAT05,13,6,10.11,3.655,6.639,10.67,Low,,backtest,demand_forecast_run_20261005T130920538
2025-09-18,S08,P0032,CAT11,20,18,5.19,14.343,21.298,4.18,Low,,backtest,demand_forecast_run_20261005T130920538
2025-09-18,S08,P0053,CAT06,9,3,9,1.656,3.352,16.31,Low,,backtest,demand_forecast_run_20261005T130920538
2025-09-18,S08,P0073,CAT13,12,3,41.96,1.192,1.948,30.21,Low,,backtest,demand_forecast_run_20261005T130920538
2025-09-18,S08,P0170,CAT17,6,4,8.4,2.238,4.735,8.04,Low,,backtest,demand_forecast_run_20261005T130920538
2025-09-18,S08,P0206,CAT15,13,7,10.11,5.625,9.288,6.93,Low,,backtest,demand_forecast_run_20261005T130920538
2025-09-18,S08,P0213,CAT07,14,6,15.07,2.737,5.358,15.35,Low,,backtest,demand_forecast_run_20261005T130920538
2025-09-18,S08,P0252,CAT18,29,9,17.65,8.441,16.444,10.31,Low,,backtest,demand_forecast_run_20261005T130920538
2025-09-18,S08,P0272,CAT13,11,4,15.41,2.516,4.112,13.12,Low,,backtest,demand_forecast_run_20261005T130920538
2025-09-18,S08,P0288,CAT14,11,4,17.11,2.907,5.108,11.35,Low,,backtest,demand_forecast_run_20261005T130920538
2025-09-18,S08,P0316,CAT15,15,4,52.45,2.089,3.45,21.54,Low,,backtest,demand_forecast_run_20261005T130920538
2025-09-18,S08,P0369,CAT09,1,10,0.4,6.273,13.362,0.48,High,DEMAND_EXCEEDS_STOCK|BELOW_REORDER|LOW_DAYS_COVER,backtest,demand_forecast_run_20261005T130920538
2025-09-18,S08,P0381,CAT13,14,4,39.22,1.854,3.03,22.65,Low,,backtest,demand_forecast_run_20261005T130920538
2025-09-18,S08,P0391,CAT06,16,6,9.33,3.764,7.619,12.75,Low,,backtest,demand_forecast_run_20261005T130920538
2025-09-18,S08,P0392,CAT19,7,4,12.26,2.188,4.412,9.6,Low,,backtest,demand_forecast_run_20261005T130920538
2025-09-18,S08,P0408,CAT16,5,4,2.92,3.268,7.541,4.59,Medium,LOW_DAYS_COVER,backtest,demand_forecast_run_20261005T130920538
2025-09-18,S08,P0409,CAT12,15,5,11.05,3.504,7.309,12.84,Low,,backtest,demand_forecast_run_20261005T130920538
2025-09-18,S08,P0433,CAT20,6,2,41.96,1.377,2.892,13.07,Low,,backtest,demand_forecast_run_20261005T130920538
2025-09-18,S08,P0435,CAT14,9,9,3.71,9.515,16.716,2.84,High,DEMAND_EXCEEDS_STOCK|BELOW_REORDER,backtest,demand_forecast_run_20261005T130920538
2025-09-18,S08,P0445,CAT02,4,4,56.34,2.003,3.146,5.99,Medium,BELOW_REORDER,backtest,demand_forecast_run_20261005T130920538
2025-09-18,S08,P0507,CAT02,26,18,6.28,15.881,24.944,4.91,Low,,backtest,demand_forecast_run_20261005T130920538
2025-09-18,S08,P0563,CAT13,13,8,6.28,8.741,14.283,4.46,Low,,backtest,demand_forecast_run_20261005T130920538
2025-09-18,S08,P0579,CAT12,3,3,3.82,1.705,3.556,5.28,Medium,BELOW_REORDER,backtest,demand_forecast_run_20261005T130920538
2025-09-18,S08,P0589,CAT03,15,5,15,3.256,5.253,13.82,Low,,backtest,demand_forecast_run_20261005T130920538
2025-09-18,S09,P0003,CAT03,17,5,15.87,3.867,6.826,13.19,Low,,backtest,demand_forecast_run_20261005T130920538
2025-09-18,S09,P0022,CAT05,12,6,16.81,3.523,5.384,10.22,Low,,backtest,demand_forecast_run_20261005T130920538
2025-09-18,S09,P0032,CAT11,35,17,8.17,13.603,21.466,7.72,Low,,backtest,demand_forecast_run_20261005T130920538
2025-09-18,S09,P0053,CAT06,8,3,55.94,0.888,1.833,27.01,Low,,backtest,demand_forecast_run_20261005T130920538
2025-09-18,S09,P0073,CAT13,7,3,98.59,1.059,1.958,19.83,Low,,backtest,demand_forecast_run_20261005T130920538
2025-09-18,S09,P0170,CAT17,3,4,3,2.653,5.761,3.39,Medium,BELOW_REORDER,backtest,demand_forecast_run_20261005T130920538
2025-09-18,S09,P0206,CAT15,16,6,17.22,4.732,7.516,10.14,Low,,backtest,demand_forecast_run_20261005T130920538
2025-09-18,S09,P0213,CAT07,16,5,18.67,4.988,9.126,9.62,Low,,backtest,demand_forecast_run_20261005T130920538
2025-09-18,S09,P0252,CAT18,6,7,5.25,6.361,12.343,2.83,High,DEMAND_EXCEEDS_STOCK|BELOW_REORDER,backtest,demand_forecast_run_20261005T130920538
2025-09-18,S09,P0272,CAT13,5,3,11.66,1.664,3.076,9.02,Low,,backtest,demand_forecast_run_20261005T130920538
2025-09-18,S09,P0288,CAT14,12,4,16.81,2.706,5.057,13.31,Low,,backtest,demand_forecast_run_20261005T130920538
2025-09-18,S09,P0316,CAT15,2,4,2.33,2.366,3.758,2.54,High,DEMAND_EXCEEDS_STOCK|BELOW_REORDER|LOW_DAYS_COVER,backtest,demand_forecast_run_20261005T130920538
2025-09-18,S09,P0369,CAT09,6,8,4.67,5.595,11.53,3.22,Medium,BELOW_REORDER,backtest,demand_forecast_run_20261005T130920538
2025-09-18,S09,P0381,CAT13,6,3,41.96,1.361,2.517,13.22,Low,,backtest,demand_forecast_run_20261005T130920538
2025-09-18,S09,P0391,CAT06,22,7,14.67,3.909,8.067,16.88,Low,,backtest,demand_forecast_run_20261005T130920538
2025-09-18,S09,P0392,CAT19,9,3,9.69,1.429,2.766,18.89,Low,,backtest,demand_forecast_run_20261005T130920538
2025-09-18,S09,P0408,CAT16,7,4,8.91,3.236,6.876,6.49,Low,,backtest,demand_forecast_run_20261005T130920538
2025-09-18,S09,P0409,CAT12,6,5,10.51,2.744,5.58,6.56,Low,,backtest,demand_forecast_run_20261005T130920538
2025-09-18,S09,P0433,CAT20,4,2,18.69,0.415,0.888,28.9,Low,,backtest,demand_forecast_run_20261005T130920538
2025-09-18,S09,P0435,CAT14,25,9,11.67,7.684,14.361,9.76,Low,,backtest,demand_forecast_run_20261005T130920538
2025-09-18,S09,P0445,CAT02,5,4,11.66,2.414,3.882,6.21,Low,,backtest,demand_forecast_run_20261005T130920538
2025-09-18,S09,P0507,CAT02,22,16,8.56,12.189,19.606,5.41,Low,,backtest,demand_forecast_run_20261005T130920538
2025-09-18,S09,P0563,CAT13,19,6,12.67,5.597,10.347,10.18,Low,,backtest,demand_forecast_run_20261005T130920538
2025-09-18,S09,P0579,CAT12,8,3,37.38,1.756,3.571,13.67,Low,,backtest,demand_forecast_run_20261005T130920538
2025-09-18,S09,P0589,CAT03,9,5,7.87,4.989,8.808,5.41,Low,,backtest,demand_forecast_run_20261005T130920538
2025-09-18,S10,P0003,CAT03,7,5,3.27,4.558,8.263,4.61,Low,,backtest,demand_forecast_run_20261005T130920538
2025-09-18,S10,P0022,CAT05,10,5,8.75,3.208,5.028,9.35,Low,,backtest,demand_forecast_run_20261005T130920538
2025-09-18,S10,P0032,CAT11,31,14,7.61,10.569,19.11,8.8,Low,,backtest,demand_forecast_run_20261005T130920538
2025-09-18,S10,P0053,CAT06,5,3,14.01,0.656,1.38,22.88,Low,,backtest,demand_forecast_run_20261005T130920538
2025-09-18,S10,P0073,CAT13,6,3,16.81,1.204,2.276,14.95,Low,,backtest,demand_forecast_run_20261005T130920538
2025-09-18,S10,P0170,CAT17,6,3,13.99,1.867,4.564,9.64,Low,,backtest,demand_forecast_run_20261005T130920538
2025-09-18,S10,P0206,CAT15,12,5,14,3.452,7.243,10.43,Low,,backtest,demand_forecast_run_20261005T130920538
2025-09-18,S10,P0213,CAT07,8,4,7.47,2.889,6.559,8.31,Low,,backtest,demand_forecast_run_20261005T130920538
2025-09-18,S10,P0252,CAT18,0,7,0,5.299,10.9,0,High,ZERO_STOCK|DEMAND_EXCEEDS_STOCK|BELOW_REORDER|LOW_DAYS_COVER,backtest,demand_forecast_run_20261005T130920538
2025-09-18,S10,P0272,CAT13,3,3,6.99,1.07,2.023,8.41,Medium,BELOW_REORDER,backtest,demand_forecast_run_20261005T130920538
2025-09-18,S10,P0288,CAT14,11,4,15.41,2.277,3.868,14.49,Low,,backtest,demand_forecast_run_20261005T130920538
2025-09-18,S10,P0316,CAT15,1,4,2.33,1.315,2.759,2.28,High,DEMAND_EXCEEDS_STOCK|BELOW_REORDER|LOW_DAYS_COVER,backtest,demand_forecast_run_20261005T130920538
2025-09-18,S10,P0369,CAT09,14,7,8.17,4.896,10.192,8.58,Low,,backtest,demand_forecast_run_20261005T130920538
2025-09-18,S10,P0381,CAT13,2,3,2.54,2.141,4.046,2.8,High,DEMAND_EXCEEDS_STOCK|BELOW_REORDER|LOW_DAYS_COVER,backtest,demand_forecast_run_20261005T130920538
2025-09-18,S10,P0391,CAT06,8,5,9.33,3.114,6.555,7.71,Low,,backtest,demand_forecast_run_20261005T130920538
2025-09-18,S10,P0392,CAT19,7,3,24.48,0.945,2.002,22.23,Low,,backtest,demand_forecast_run_20261005T130920538
2025-09-18,S10,P0408,CAT16,0,4,0,2.626,5.283,0,High,ZERO_STOCK|DEMAND_EXCEEDS_STOCK|BELOW_REORDER|LOW_DAYS_COVER,backtest,demand_forecast_run_20261005T130920538
2025-09-18,S10,P0409,CAT12,2,5,1.75,3.036,6.732,1.98,High,DEMAND_EXCEEDS_STOCK|BELOW_REORDER|LOW_DAYS_COVER,backtest,demand_forecast_run_20261005T130920538
2025-09-18,S10,P0433,CAT20,3,2,8.4,0.807,2.079,11.15,Low,,backtest,demand_forecast_run_20261005T130920538
2025-09-18,S10,P0435,CAT14,0,7,0,6.356,10.797,0,High,ZERO_STOCK|DEMAND_EXCEEDS_STOCK|BELOW_REORDER|LOW_DAYS_COVER,backtest,demand_forecast_run_20261005T130920538
2025-09-18,S10,P0445,CAT02,6,3,6.46,2.344,4.385,7.68,Low,,backtest,demand_forecast_run_20261005T130920538
2025-09-18,S10,P0507,CAT02,2,13,0.5,11.048,20.673,0.54,High,DEMAND_EXCEEDS_STOCK|BELOW_REORDER|LOW_DAYS_COVER,backtest,demand_forecast_run_20261005T130920538
2025-09-18,S10,P0563,CAT13,4,6,2.95,6.021,11.38,1.99,High,DEMAND_EXCEEDS_STOCK|BELOW_REORDER|LOW_DAYS_COVER,backtest,demand_forecast_run_20261005T130920538
2025-09-18,S10,P0579,CAT12,5,3,14.01,1.084,2.404,13.83,Low,,backtest,demand_forecast_run_20261005T130920538
2025-09-18,S10,P0589,CAT03,3,4,4.67,2.805,5.085,3.21,Medium,BELOW_REORDER,backtest,demand_forecast_run_20261005T130920538
2025-09-18,S11,P0003,CAT03,13,6,13.99,3.501,5.512,11.14,Low,,backtest,demand_forecast_run_20261005T130920538
2025-09-18,S11,P0022,CAT05,8,6,3.29,4.558,7.926,5.27,Low,,backtest,demand_forecast_run_20261005T130920538
2025-09-18,S11,P0032,CAT11,39,20,7,12.397,20.781,9.44,Low,,backtest,demand_forecast_run_20261005T130920538
2025-09-18,S11,P0053,CAT06,3,4,6.99,1.457,3.002,6.18,Medium,BELOW_REORDER,backtest,demand_forecast_run_20261005T130920538
2025-09-18,S11,P0073,CAT13,4,3,9.32,1.385,2.274,8.66,Low,,backtest,demand_forecast_run_20261005T130920538
2025-09-18,S11,P0170,CAT17,6,4,6,2.133,4.505,8.44,Low,,backtest,demand_forecast_run_20261005T130920538
2025-09-18,S11,P0206,CAT15,5,7,3.68,3.806,6.049,3.94,Medium,BELOW_REORDER,backtest,demand_forecast_run_20261005T130920538
2025-09-18,S11,P0213,CAT07,6,6,4.2,4.215,7.901,4.27,Medium,BELOW_REORDER,backtest,demand_forecast_run_20261005T130920538
2025-09-18,S11,P0252,CAT18,23,9,8.26,7.349,13.032,9.39,Low,,backtest,demand_forecast_run_20261005T130920538
2025-09-18,S11,P0272,CAT13,1,4,3.5,1.598,2.624,1.88,High,DEMAND_EXCEEDS_STOCK|BELOW_REORDER,backtest,demand_forecast_run_20261005T130920538
2025-09-18,S11,P0288,CAT14,10,5,6.37,3.5,6.017,8.57,Low,,backtest,demand_forecast_run_20261005T130920538
2025-09-18,S11,P0316,CAT15,10,4,11.67,3.48,5.53,8.62,Low,,backtest,demand_forecast_run_20261005T130920538
2025-09-18,S11,P0369,CAT09,21,9,6.39,6.922,12.546,9.1,Low,,backtest,demand_forecast_run_20261005T130920538
2025-09-18,S11,P0381,CAT13,7,4,7,3.516,5.773,5.97,Low,,backtest,demand_forecast_run_20261005T130920538
2025-09-18,S11,P0391,CAT06,15,7,11.66,3.188,6.566,14.11,Low,,backtest,demand_forecast_run_20261005T130920538
2025-09-18,S11,P0392,CAT19,7,3,19.61,1.484,2.401,14.15,Low,,backtest,demand_forecast_run_20261005T130920538
2025-09-18,S11,P0408,CAT16,14,5,10.89,3.724,7.202,11.28,Low,,backtest,demand_forecast_run_20261005T130920538
2025-09-18,S11,P0409,CAT12,0,5,0,3.033,5.891,0,High,ZERO_STOCK|DEMAND_EXCEEDS_STOCK|BELOW_REORDER|LOW_DAYS_COVER,backtest,demand_forecast_run_20261005T130920538
2025-09-18,S11,P0433,CAT20,6,3,16.81,0.79,1.53,22.79,Low,,backtest,demand_forecast_run_20261005T130920538
2025-09-18,S11,P0435,CAT14,20,9,7.57,8.198,14.093,7.32,Low,,backtest,demand_forecast_run_20261005T130920538
2025-09-18,S11,P0445,CAT02,8,5,12.44,2.564,4.265,9.36,Low,,backtest,demand_forecast_run_20261005T130920538
2025-09-18,S11,P0507,CAT02,67,18,13.4,12.818,21.326,15.68,Low,,backtest,demand_forecast_run_20261005T130920538
2025-09-18,S11,P0563,CAT13,11,7,7,6.392,10.496,5.16,Low,,backtest,demand_forecast_run_20261005T130920538
2025-09-18,S11,P0579,CAT12,6,3,16.81,1.643,3.191,10.95,Low,,backtest,demand_forecast_run_20261005T130920538
2025-09-18,S11,P0589,CAT03,5,5,5.83,3.034,4.777,4.94,Medium,BELOW_REORDER,backtest,demand_forecast_run_20261005T130920538
2025-09-18,S12,P0003,CAT03,19,6,17.74,3.345,6.32,17.04,Low,,backtest,demand_forecast_run_20261005T130920538
2025-09-18,S12,P0022,CAT05,12,5,7.3,3.557,5.934,10.12,Low,,backtest,demand_forecast_run_20261005T130920538
2025-09-18,S12,P0032,CAT11,47,15,5.93,13.317,22.428,10.59,Low,,backtest,demand_forecast_run_20261005T130920538
2025-09-18,S12,P0053,CAT06,8,3,14.01,1.603,3.998,14.97,Low,,backtest,demand_forecast_run_20261005T130920538
2025-09-18,S12,P0073,CAT13,2,3,6.99,1.235,2.309,4.86,Medium,BELOW_REORDER,backtest,demand_forecast_run_20261005T130920538
2025-09-18,S12,P0170,CAT17,10,3,10.76,1.801,5.056,16.66,Low,,backtest,demand_forecast_run_20261005T130920538
2025-09-18,S12,P0206,CAT15,7,6,5.16,3.858,7.207,5.44,Low,,backtest,demand_forecast_run_20261005T130920538
2025-09-18,S12,P0213,CAT07,10,5,10,2.615,6.061,11.47,Low,,backtest,demand_forecast_run_20261005T130920538
2025-09-18,S12,P0252,CAT18,8,7,5.9,4.792,11.925,5.01,Low,,backtest,demand_forecast_run_20261005T130920538
2025-09-18,S12,P0272,CAT13,4,3,5.09,3.018,5.644,3.98,Low,,backtest,demand_forecast_run_20261005T130920538
2025-09-18,S12,P0288,CAT14,13,4,10.71,2.543,5.448,15.34,Low,,backtest,demand_forecast_run_20261005T130920538
2025-09-18,S12,P0316,CAT15,6,3,7.63,2.723,5.088,6.61,Low,,backtest,demand_forecast_run_20261005T130920538
2025-09-18,S12,P0369,CAT09,24,8,11.2,8.154,14.951,8.83,Low,,backtest,demand_forecast_run_20261005T130920538
2025-09-18,S12,P0381,CAT13,13,3,45.45,2.058,3.848,18.95,Low,,backtest,demand_forecast_run_20261005T130920538
2025-09-18,S12,P0391,CAT06,10,5,9.34,2.886,7.196,10.39,Low,,backtest,demand_forecast_run_20261005T130920538
2025-09-18,S12,P0392,CAT19,7,3,14,1.052,2.647,19.95,Low,,backtest,demand_forecast_run_20261005T130920538
2025-09-18,S12,P0408,CAT16,6,4,10.51,1.944,4.656,9.26,Low,,backtest,demand_forecast_run_20261005T130920538
2025-09-18,S12,P0409,CAT12,11,4,8.11,2.522,6.53,13.08,Low,,backtest,demand_forecast_run_20261005T130920538
2025-09-18,S12,P0433,CAT20,6,2,16.81,0.714,2.228,25.21,Low,,backtest,demand_forecast_run_20261005T130920538
2025-09-18,S12,P0435,CAT14,13,6,7,6.485,13.892,6.01,Low,,backtest,demand_forecast_run_20261005T130920538
2025-09-18,S12,P0445,CAT02,9,3,20.98,0.934,1.812,28.9,Low,,backtest,demand_forecast_run_20261005T130920538
2025-09-18,S12,P0507,CAT02,30,14,6.18,9.064,17.576,9.93,Low,,backtest,demand_forecast_run_20261005T130920538
2025-09-18,S12,P0563,CAT13,11,6,9.62,4.115,7.696,8.02,Low,,backtest,demand_forecast_run_20261005T130920538
2025-09-18,S12,P0579,CAT12,4,3,13.99,1.093,2.83,10.98,Low,,backtest,demand_forecast_run_20261005T130920538
2025-09-18,S12,P0589,CAT03,5,4,7,2.196,4.147,6.83,Low,,backtest,demand_forecast_run_20261005T130920538
2025-09-19,S01,P0003,CAT03,13,6,13,3.889,7.069,10.03,Low,,backtest,demand_forecast_run_20261005T130920538
2025-09-19,S01,P0022,CAT05,18,5,16.81,3.083,5.914,17.52,Low,,backtest,demand_forecast_run_20261005T130920538
2025-09-19,S01,P0032,CAT11,21,14,5.65,11.041,18.834,5.71,Low,,backtest,demand_forecast_run_20261005T130920538
2025-09-19,S01,P0053,CAT06,2,3,4.66,1.181,2.704,5.08,Medium,BELOW_REORDER,backtest,demand_forecast_run_20261005T130920538
2025-09-19,S01,P0073,CAT13,4,3,13.99,1.578,2.997,7.6,Low,,backtest,demand_forecast_run_20261005T130920538
2025-09-19,S01,P0170,CAT17,6,4,16.81,1.955,4.501,9.21,Low,,backtest,demand_forecast_run_20261005T130920538
2025-09-19,S01,P0206,CAT15,13,6,11.37,4.809,9.547,8.11,Low,,backtest,demand_forecast_run_20261005T130920538
2025-09-19,S01,P0213,CAT07,14,5,12.25,2.551,5.526,16.47,Low,,backtest,demand_forecast_run_20261005T130920538
2025-09-19,S01,P0252,CAT18,16,7,13.18,5.636,12.994,8.52,Low,,backtest,demand_forecast_run_20261005T130920538
2025-09-19,S01,P0272,CAT13,6,3,10.51,2.029,3.854,8.87,Low,,backtest,demand_forecast_run_20261005T130920538
2025-09-19,S01,P0288,CAT14,4,4,6.22,1.56,2.837,7.69,Medium,BELOW_REORDER,backtest,demand_forecast_run_20261005T130920538
2025-09-19,S01,P0316,CAT15,8,3,37.38,0.962,1.909,24.95,Low,,backtest,demand_forecast_run_20261005T130920538
2025-09-19,S01,P0369,CAT09,26,8,33.08,5.538,11.313,14.08,Low,,backtest,demand_forecast_run_20261005T130920538
2025-09-19,S01,P0381,CAT13,7,3,12.26,2.142,4.068,9.81,Low,,backtest,demand_forecast_run_20261005T130920538
2025-09-19,S01,P0391,CAT06,8,5,6.59,4.604,10.547,5.21,Low,,backtest,demand_forecast_run_20261005T130920538
2025-09-19,S01,P0392,CAT19,4,3,27.97,0.832,1.903,14.42,Low,,backtest,demand_forecast_run_20261005T130920538
2025-09-19,S01,P0408,CAT16,12,4,18.66,1.87,4.981,19.26,Low,,backtest,demand_forecast_run_20261005T130920538
2025-09-19,S01,P0409,CAT12,5,4,5,1.907,4.181,7.87,Low,,backtest,demand_forecast_run_20261005T130920538
2025-09-19,S01,P0433,CAT20,0,3,0,1.112,2.686,0,High,ZERO_STOCK|DEMAND_EXCEEDS_STOCK|BELOW_REORDER|LOW_DAYS_COVER,backtest,demand_forecast_run_20261005T130920538
2025-09-19,S01,P0435,CAT14,13,7,6.07,6.808,12.38,5.73,Low,,backtest,demand_forecast_run_20261005T130920538
2025-09-19,S01,P0445,CAT02,11,4,38.46,1.236,2.294,26.7,Low,,backtest,demand_forecast_run_20261005T130920538
2025-09-19,S01,P0507,CAT02,43,14,10.03,9.982,18.528,12.92,Low,,backtest,demand_forecast_run_20261005T130920538
2025-09-19,S01,P0563,CAT13,12,6,6,4.734,8.992,7.6,Low,,backtest,demand_forecast_run_20261005T130920538
2025-09-19,S01,P0579,CAT12,10,3,14.01,1.575,3.454,19.04,Low,,backtest,demand_forecast_run_20261005T130920538
2025-09-19,S01,P0589,CAT03,3,4,4.2,2.666,4.847,3.38,Medium,BELOW_REORDER,backtest,demand_forecast_run_20261005T130920538
2025-09-19,S02,P0003,CAT03,14,6,9.8,4.484,7.374,9.37,Low,,backtest,demand_forecast_run_20261005T130920538
2025-09-19,S02,P0022,CAT05,19,6,15.65,4.604,7.6,12.38,Low,,backtest,demand_forecast_run_20261005T130920538
2025-09-19,S02,P0032,CAT11,29,17,8.64,10.605,17.735,8.2,Low,,backtest,demand_forecast_run_20261005T130920538
2025-09-19,S02,P0053,CAT06,7,3,19.61,0.796,1.719,26.39,Low,,backtest,demand_forecast_run_20261005T130920538
2025-09-19,S02,P0073,CAT13,7,3,16.32,1.49,2.791,14.1,Low,,backtest,demand_forecast_run_20261005T130920538
2025-09-19,S02,P0170,CAT17,0,3,0,1.493,3.336,0,High,ZERO_STOCK|DEMAND_EXCEEDS_STOCK|BELOW_REORDER|LOW_DAYS_COVER,backtest,demand_forecast_run_20261005T130920538
2025-09-19,S02,P0206,CAT15,10,6,6.67,5.275,9.532,5.69,Low,,backtest,demand_forecast_run_20261005T130920538
2025-09-19,S02,P0213,CAT07,6,5,6.46,3,6.757,6,Low,,backtest,demand_forecast_run_20261005T130920538
2025-09-19,S02,P0252,CAT18,7,7,4.08,6.141,12.599,3.42,Medium,BELOW_REORDER,backtest,demand_forecast_run_20261005T130920538
2025-09-19,S02,P0272,CAT13,9,3,7.41,2.406,4.508,11.22,Low,,backtest,demand_forecast_run_20261005T130920538
2025-09-19,S02,P0288,CAT14,4,4,5.09,2.619,4.839,4.58,Medium,BELOW_REORDER,backtest,demand_forecast_run_20261005T130920538
2025-09-19,S02,P0316,CAT15,6,3,9.33,1.612,2.912,11.17,Low,,backtest,demand_forecast_run_20261005T130920538
2025-09-19,S02,P0369,CAT09,19,8,24.17,5.605,11.231,10.17,Low,,backtest,demand_forecast_run_20261005T130920538
2025-09-19,S02,P0381,CAT13,10,3,46.73,1.834,3.435,16.36,Low,,backtest,demand_forecast_run_20261005T130920538
2025-09-19,S02,P0391,CAT06,0,7,0,4.775,10.312,0,High,ZERO_STOCK|DEMAND_EXCEEDS_STOCK|BELOW_REORDER|LOW_DAYS_COVER,backtest,demand_forecast_run_20261005T130920538
2025-09-19,S02,P0392,CAT19,5,3,6.36,1.179,2.751,12.72,Low,,backtest,demand_forecast_run_20261005T130920538
2025-09-19,S02,P0408,CAT16,13,4,16.54,3.08,7.062,12.66,Low,,backtest,demand_forecast_run_20261005T130920538
2025-09-19,S02,P0409,CAT12,11,5,7.7,3.811,8.222,8.66,Low,,backtest,demand_forecast_run_20261005T130920538
2025-09-19,S02,P0433,CAT20,6,3,16.81,0.484,1.226,37.2,Low,,backtest,demand_forecast_run_20261005T130920538
2025-09-19,S02,P0435,CAT14,12,8,6.46,8.107,14.977,4.44,Low,,backtest,demand_forecast_run_20261005T130920538
2025-09-19,S02,P0445,CAT02,10,4,17.51,1.877,3.263,15.99,Low,,backtest,demand_forecast_run_20261005T130920538
2025-09-19,S02,P0507,CAT02,42,15,12.51,12.199,21.211,10.33,Low,,backtest,demand_forecast_run_20261005T130920538
2025-09-19,S02,P0563,CAT13,15,6,11.66,4.011,7.514,11.22,Low,,backtest,demand_forecast_run_20261005T130920538
2025-09-19,S02,P0579,CAT12,10,3,15.55,1.186,2.558,25.3,Low,,backtest,demand_forecast_run_20261005T130920538
2025-09-19,S02,P0589,CAT03,11,4,12.84,2.344,3.855,14.08,Low,,backtest,demand_forecast_run_20261005T130920538
2025-09-19,S03,P0003,CAT03,17,6,15.87,2.264,4.774,22.53,Low,,backtest,demand_forecast_run_20261005T130920538
2025-09-19,S03,P0022,CAT05,10,5,8.24,2.706,4.812,11.09,Low,,backtest,demand_forecast_run_20261005T130920538
2025-09-19,S03,P0032,CAT11,25,15,6.86,10.579,19.225,7.09,Low,,backtest,demand_forecast_run_20261005T130920538
2025-09-19,S03,P0053,CAT06,3,4,5.25,1.282,2.825,7.02,Medium,BELOW_REORDER,backtest,demand_forecast_run_20261005T130920538
2025-09-19,S03,P0073,CAT13,5,3,11.66,1.334,2.606,11.24,Low,,backtest,demand_forecast_run_20261005T130920538
2025-09-19,S03,P0170,CAT17,10,4,14.01,3.164,6.719,9.48,Low,,backtest,demand_forecast_run_20261005T130920538
2025-09-19,S03,P0206,CAT15,9,6,7.87,4.181,7.786,6.46,Low,,backtest,demand_forecast_run_20261005T130920538
2025-09-19,S03,P0213,CAT07,12,4,9.88,2.709,6.059,13.29,Low,,backtest,demand_forecast_run_20261005T130920538
2025-09-19,S03,P0252,CAT18,4,8,3.73,5.452,11.572,2.2,High,DEMAND_EXCEEDS_STOCK|BELOW_REORDER,backtest,demand_forecast_run_20261005T130920538
2025-09-19,S03,P0272,CAT13,4,3,27.97,1.167,2.281,10.28,Low,,backtest,demand_forecast_run_20261005T130920538
2025-09-19,S03,P0288,CAT14,10,3,23.31,1.219,2.377,24.61,Low,,backtest,demand_forecast_run_20261005T130920538
2025-09-19,S03,P0316,CAT15,11,4,19.26,2.091,3.893,15.78,Low,,backtest,demand_forecast_run_20261005T130920538
2025-09-19,S03,P0369,CAT09,16,8,10.67,4.56,9.184,10.53,Low,,backtest,demand_forecast_run_20261005T130920538
2025-09-19,S03,P0381,CAT13,7,3,16.32,1.501,2.932,13.99,Low,,backtest,demand_forecast_run_20261005T130920538
2025-09-19,S03,P0391,CAT06,21,6,17.3,3.847,8.474,16.38,Low,,backtest,demand_forecast_run_20261005T130920538
2025-09-19,S03,P0392,CAT19,11,3,30.81,0.943,2.151,34.98,Low,,backtest,demand_forecast_run_20261005T130920538
2025-09-19,S03,P0408,CAT16,8,4,14.01,1.674,3.994,14.33,Low,,backtest,demand_forecast_run_20261005T130920538
2025-09-19,S03,P0409,CAT12,13,4,16.54,1.947,4.283,20.03,Low,,backtest,demand_forecast_run_20261005T130920538
2025-09-19,S03,P0433,CAT20,6,2,,0,0,,Low,,backtest,demand_forecast_run_20261005T130920538
2025-09-19,S03,P0435,CAT14,15,7,11.66,5.943,11.589,7.57,Low,,backtest,demand_forecast_run_20261005T130920538
2025-09-19,S03,P0445,CAT02,7,3,16.32,1.065,2.158,19.72,Low,,backtest,demand_forecast_run_20261005T130920538
2025-09-19,S03,P0507,CAT02,37,14,9.25,9.938,20.139,11.17,Low,,backtest,demand_forecast_run_20261005T130920538
2025-09-19,S03,P0563,CAT13,14,6,17.81,4.169,8.146,10.07,Low,,backtest,demand_forecast_run_20261005T130920538
2025-09-19,S03,P0579,CAT12,0,3,0,1.862,4.097,0,High,ZERO_STOCK|DEMAND_EXCEEDS_STOCK|BELOW_REORDER|LOW_DAYS_COVER,backtest,demand_forecast_run_20261005T130920538
2025-09-19,S03,P0589,CAT03,9,5,7.41,3.309,6.977,8.16,Low,,backtest,demand_forecast_run_20261005T130920538
2025-09-19,S04,P0003,CAT03,5,5,4.67,3.26,6.795,4.6,Medium,BELOW_REORDER,backtest,demand_forecast_run_20261005T130920538
2025-09-19,S04,P0022,CAT05,7,5,8.17,2.406,4.71,8.73,Low,,backtest,demand_forecast_run_20261005T130920538
2025-09-19,S04,P0032,CAT11,23,12,6.57,8.75,17.137,7.89,Low,,backtest,demand_forecast_run_20261005T130920538
2025-09-19,S04,P0053,CAT06,5,3,14.01,0.86,2.179,17.44,Low,,backtest,demand_forecast_run_20261005T130920538
2025-09-19,S04,P0073,CAT13,5,2,23.36,1.24,2.676,12.1,Low,,backtest,demand_forecast_run_20261005T130920538
2025-09-19,S04,P0170,CAT17,9,3,15.76,2.469,6.614,10.94,Low,,backtest,demand_forecast_run_20261005T130920538
2025-09-19,S04,P0206,CAT15,10,5,8.75,4.583,9.32,6.55,Low,,backtest,demand_forecast_run_20261005T130920538
2025-09-19,S04,P0213,CAT07,10,4,15.55,1.432,3.467,20.94,Low,,backtest,demand_forecast_run_20261005T130920538
2025-09-19,S04,P0252,CAT18,15,6,12.36,3.631,8.034,12.39,Low,,backtest,demand_forecast_run_20261005T130920538
2025-09-19,S04,P0272,CAT13,9,3,25.21,2.126,4.588,12.7,Low,,backtest,demand_forecast_run_20261005T130920538
2025-09-19,S04,P0288,CAT14,6,4,10.51,1.831,3.789,9.83,Low,,backtest,demand_forecast_run_20261005T130920538
2025-09-19,S04,P0316,CAT15,9,3,62.94,0.891,1.812,30.3,Low,,backtest,demand_forecast_run_20261005T130920538
2025-09-19,S04,P0369,CAT09,6,6,5.6,3.903,8.954,4.61,Medium,BELOW_REORDER,backtest,demand_forecast_run_20261005T130920538
2025-09-19,S04,P0381,CAT13,6,3,28.04,1.949,4.205,9.24,Low,,backtest,demand_forecast_run_20261005T130920538
2025-09-19,S04,P0391,CAT06,14,5,17.81,2.111,5.349,19.9,Low,,backtest,demand_forecast_run_20261005T130920538
2025-09-19,S04,P0392,CAT19,7,3,32.71,0.876,2.137,23.97,Low,,backtest,demand_forecast_run_20261005T130920538
2025-09-19,S04,P0408,CAT16,16,3,225.35,1.825,4.057,26.31,Low,,backtest,demand_forecast_run_20261005T130920538
2025-09-19,S04,P0409,CAT12,8,4,10.18,1.366,3.334,17.57,Low,,backtest,demand_forecast_run_20261005T130920538
2025-09-19,S04,P0433,CAT20,6,2,28.04,0.263,0.778,68.44,Low,,backtest,demand_forecast_run_20261005T130920538
2025-09-19,S04,P0435,CAT14,15,6,11.05,4.577,9.471,9.83,Low,,backtest,demand_forecast_run_20261005T130920538
2025-09-19,S04,P0445,CAT02,1,3,1.4,1.761,3.52,1.7,High,DEMAND_EXCEEDS_STOCK|BELOW_REORDER|LOW_DAYS_COVER,backtest,demand_forecast_run_20261005T130920538
2025-09-19,S04,P0507,CAT02,17,11,6.1,8.216,16.426,6.21,Low,,backtest,demand_forecast_run_20261005T130920538
2025-09-19,S04,P0563,CAT13,6,5,8.4,2.657,5.735,6.77,Low,,backtest,demand_forecast_run_20261005T130920538
2025-09-19,S04,P0579,CAT12,8,3,16,0.884,2.157,27.15,Low,,backtest,demand_forecast_run_20261005T130920538
2025-09-19,S04,P0589,CAT03,8,4,16,2.294,4.781,10.46,Low,,backtest,demand_forecast_run_20261005T130920538
2025-09-19,S05,P0003,CAT03,8,4,7.47,2.365,5.214,10.15,Low,,backtest,demand_forecast_run_20261005T130920538
2025-09-19,S05,P0022,CAT05,4,4,5.09,2.821,6.166,4.25,Medium,BELOW_REORDER,backtest,demand_forecast_run_20261005T130920538
2025-09-19,S05,P0032,CAT11,7,11,2.8,7.386,16.791,2.84,High,DEMAND_EXCEEDS_STOCK|BELOW_REORDER|LOW_DAYS_COVER,backtest,demand_forecast_run_20261005T130920538
2025-09-19,S05,P0053,CAT06,8,3,11.2,0.947,2.413,25.33,Low,,backtest,demand_forecast_run_20261005T130920538
2025-09-19,S05,P0073,CAT13,5,2,70.42,0.498,1.097,30.1,Low,,backtest,demand_forecast_run_20261005T130920538
2025-09-19,S05,P0170,CAT17,7,3,14,1.303,2.93,16.12,Low,,backtest,demand_forecast_run_20261005T130920538
2025-09-19,S05,P0206,CAT15,3,4,1.83,3.543,7.745,2.54,High,DEMAND_EXCEEDS_STOCK|BELOW_REORDER|LOW_DAYS_COVER,backtest,demand_forecast_run_20261005T130920538
2025-09-19,S05,P0213,CAT07,11,4,19.26,1.637,4.972,20.15,Low,,backtest,demand_forecast_run_20261005T130920538
2025-09-19,S05,P0252,CAT18,5,5,5.38,4.612,8.832,3.25,Medium,BELOW_REORDER,backtest,demand_forecast_run_20261005T130920538
2025-09-19,S05,P0272,CAT13,6,3,8.4,1.329,2.924,13.55,Low,,backtest,demand_forecast_run_20261005T130920538
2025-09-19,S05,P0288,CAT14,4,3,3.29,2.039,4.785,5.89,Low,,backtest,demand_forecast_run_20261005T130920538
2025-09-19,S05,P0316,CAT15,7,3,14,1.344,2.938,15.63,Low,,backtest,demand_forecast_run_20261005T130920538
2025-09-19,S05,P0369,CAT09,13,6,10.71,3.878,8.358,10.06,Low,,backtest,demand_forecast_run_20261005T130920538
2025-09-19,S05,P0381,CAT13,6,3,7.63,1.163,2.559,15.48,Low,,backtest,demand_forecast_run_20261005T130920538
2025-09-19,S05,P0391,CAT06,11,5,9.06,2.405,6.125,13.72,Low,,backtest,demand_forecast_run_20261005T130920538
2025-09-19,S05,P0392,CAT19,3,2,8.4,0.616,1.646,14.61,Low,,backtest,demand_forecast_run_20261005T130920538
2025-09-19,S05,P0408,CAT16,2,3,4.66,1.46,3.75,4.11,Medium,BELOW_REORDER,backtest,demand_forecast_run_20261005T130920538
2025-09-19,S05,P0409,CAT12,9,3,18,2.111,4.949,12.79,Low,,backtest,demand_forecast_run_20261005T130920538
2025-09-19,S05,P0433,CAT20,4,2,27.97,0.422,1.148,28.42,Low,,backtest,demand_forecast_run_20261005T130920538
2025-09-19,S05,P0435,CAT14,12,6,8,3.614,8.482,9.96,Low,,backtest,demand_forecast_run_20261005T130920538
2025-09-19,S05,P0445,CAT02,6,3,16.81,1.228,2.464,14.66,Low,,backtest,demand_forecast_run_20261005T130920538
2025-09-19,S05,P0507,CAT02,8,9,3.2,7.365,14.787,3.26,Medium,BELOW_REORDER,backtest,demand_forecast_run_20261005T130920538
2025-09-19,S05,P0563,CAT13,13,5,13,2.824,6.214,13.81,Low,,backtest,demand_forecast_run_20261005T130920538
2025-09-19,S05,P0579,CAT12,2,3,6.99,0.938,2.2,6.39,Medium,BELOW_REORDER,backtest,demand_forecast_run_20261005T130920538
2025-09-19,S05,P0589,CAT03,5,4,5.83,2.59,5.71,5.79,Low,,backtest,demand_forecast_run_20261005T130920538
2025-09-19,S06,P0003,CAT03,15,6,11.05,3.683,6.377,12.22,Low,,backtest,demand_forecast_run_20261005T130920538
2025-09-19,S06,P0022,CAT05,9,6,10.5,2.561,4.396,10.54,Low,,backtest,demand_forecast_run_20261005T130920538
2025-09-19,S06,P0032,CAT11,41,18,10.44,14.083,22.31,8.73,Low,,backtest,demand_forecast_run_20261005T130920538
2025-09-19,S06,P0053,CAT06,15,4,30,1.779,3.389,25.29,Low,,backtest,demand_forecast_run_20261005T130920538
2025-09-19,S06,P0073,CAT13,5,4,6.36,2.866,5.339,5.23,Low,,backtest,demand_forecast_run_20261005T130920538
2025-09-19,S06,P0170,CAT17,7,4,9.8,1.96,4.065,10.71,Low,,backtest,demand_forecast_run_20261005T130920538
2025-09-19,S06,P0206,CAT15,16,7,14,6.882,12.476,6.98,Low,,backtest,demand_forecast_run_20261005T130920538
2025-09-19,S06,P0213,CAT07,13,6,16.54,3.588,7.159,10.87,Low,,backtest,demand_forecast_run_20261005T130920538
2025-09-19,S06,P0252,CAT18,24,8,22.41,6.414,12.738,11.23,Low,,backtest,demand_forecast_run_20261005T130920538
2025-09-19,S06,P0272,CAT13,8,4,11.2,1.954,3.64,12.28,Low,,backtest,demand_forecast_run_20261005T130920538
2025-09-19,S06,P0288,CAT14,13,4,90.91,2.036,3.54,19.15,Low,,backtest,demand_forecast_run_20261005T130920538
2025-09-19,S06,P0316,CAT15,12,4,18.66,2.867,5.198,12.56,Low,,backtest,demand_forecast_run_20261005T130920538
2025-09-19,S06,P0369,CAT09,25,10,15.22,7.225,13.967,10.38,Low,,backtest,demand_forecast_run_20261005T130920538
2025-09-19,S06,P0381,CAT13,3,4,1.83,3.648,6.795,2.47,High,DEMAND_EXCEEDS_STOCK|BELOW_REORDER|LOW_DAYS_COVER,backtest,demand_forecast_run_20261005T130920538
2025-09-19,S06,P0391,CAT06,8,7,8,3.825,7.286,6.27,Low,,backtest,demand_forecast_run_20261005T130920538
2025-09-19,S06,P0392,CAT19,9,3,12.61,2.451,4.58,11.02,Low,,backtest,demand_forecast_run_20261005T130920538
2025-09-19,S06,P0408,CAT16,14,5,12.25,4.117,8.288,10.2,Low,,backtest,demand_forecast_run_20261005T130920538
2025-09-19,S06,P0409,CAT12,12,5,11.2,2.883,5.574,12.49,Low,,backtest,demand_forecast_run_20261005T130920538
2025-09-19,S06,P0433,CAT20,8,3,22.41,1.101,2.129,21.8,Low,,backtest,demand_forecast_run_20261005T130920538
2025-09-19,S06,P0435,CAT14,12,9,9.88,8.824,15.34,4.08,Low,,backtest,demand_forecast_run_20261005T130920538
2025-09-19,S06,P0445,CAT02,6,4,16.81,2.278,3.921,7.9,Low,,backtest,demand_forecast_run_20261005T130920538
2025-09-19,S06,P0507,CAT02,27,17,6.3,12.829,22.08,6.31,Low,,backtest,demand_forecast_run_20261005T130920538
2025-09-19,S06,P0563,CAT13,18,6,19.38,2.997,5.582,18.02,Low,,backtest,demand_forecast_run_20261005T130920538
2025-09-19,S06,P0579,CAT12,10,4,12.72,2.677,5.175,11.2,Low,,backtest,demand_forecast_run_20261005T130920538
2025-09-19,S06,P0589,CAT03,6,6,4.94,2.928,5.069,6.15,Medium,BELOW_REORDER,backtest,demand_forecast_run_20261005T130920538
2025-09-19,S07,P0003,CAT03,11,5,11.84,2.664,4.727,12.39,Low,,backtest,demand_forecast_run_20261005T130920538
2025-09-19,S07,P0022,CAT05,13,4,10.71,3.176,5.932,12.28,Low,,backtest,demand_forecast_run_20261005T130920538
2025-09-19,S07,P0032,CAT11,27,12,10.22,10.22,18.113,7.93,Low,,backtest,demand_forecast_run_20261005T130920538
2025-09-19,S07,P0053,CAT06,6,3,8.4,1.086,2.302,16.58,Low,,backtest,demand_forecast_run_20261005T130920538
2025-09-19,S07,P0073,CAT13,4,3,8,0.803,1.61,14.95,Low,,backtest,demand_forecast_run_20261005T130920538
2025-09-19,S07,P0170,CAT17,7,3,19.61,0.785,1.85,26.76,Low,,backtest,demand_forecast_run_20261005T130920538
2025-09-19,S07,P0206,CAT15,1,5,0.78,4.681,9.401,0.64,High,DEMAND_EXCEEDS_STOCK|BELOW_REORDER|LOW_DAYS_COVER,backtest,demand_forecast_run_20261005T130920538
2025-09-19,S07,P0213,CAT07,6,4,4.67,2.966,6.289,6.07,Low,,backtest,demand_forecast_run_20261005T130920538
2025-09-19,S07,P0252,CAT18,9,5,7,4.223,9.54,6.39,Low,,backtest,demand_forecast_run_20261005T130920538
2025-09-19,S07,P0272,CAT13,5,3,8.76,1.104,2.213,13.59,Low,,backtest,demand_forecast_run_20261005T130920538
2025-09-19,S07,P0288,CAT14,6,3,10.51,1.842,3.687,9.77,Low,,backtest,demand_forecast_run_20261005T130920538
2025-09-19,S07,P0316,CAT15,9,3,31.47,0.759,1.524,35.57,Low,,backtest,demand_forecast_run_20261005T130920538
2025-09-19,S07,P0369,CAT09,16,7,10.67,4.838,9.828,9.92,Low,,backtest,demand_forecast_run_20261005T130920538
2025-09-19,S07,P0381,CAT13,3,3,8.4,1.104,2.213,8.15,Medium,BELOW_REORDER,backtest,demand_forecast_run_20261005T130920538
2025-09-19,S07,P0391,CAT06,5,5,2.5,3.257,6.906,4.61,Medium,BELOW_REORDER|LOW_DAYS_COVER,backtest,demand_forecast_run_20261005T130920538
2025-09-19,S07,P0392,CAT19,9,3,15.76,1.856,3.955,14.55,Low,,backtest,demand_forecast_run_20261005T130920538
2025-09-19,S07,P0408,CAT16,11,3,13.99,1.87,5.245,17.65,Low,,backtest,demand_forecast_run_20261005T130920538
2025-09-19,S07,P0409,CAT12,3,4,2.1,2.818,6.369,3.19,Medium,BELOW_REORDER|LOW_DAYS_COVER,backtest,demand_forecast_run_20261005T130920538
2025-09-19,S07,P0433,CAT20,5,2,11.66,0.471,1.322,31.83,Low,,backtest,demand_forecast_run_20261005T130920538
2025-09-19,S07,P0435,CAT14,22,7,10.27,5.249,10.506,12.57,Low,,backtest,demand_forecast_run_20261005T130920538
2025-09-19,S07,P0445,CAT02,9,3,31.47,1.178,2.29,22.92,Low,,backtest,demand_forecast_run_20261005T130920538
2025-09-19,S07,P0507,CAT02,19,11,6.49,7.953,15.456,7.17,Low,,backtest,demand_forecast_run_20261005T130920538
2025-09-19,S07,P0563,CAT13,10,5,7.78,3.612,7.243,8.31,Low,,backtest,demand_forecast_run_20261005T130920538
2025-09-19,S07,P0579,CAT12,7,3,8.17,1.585,3.583,13.25,Low,,backtest,demand_forecast_run_20261005T130920538
2025-09-19,S07,P0589,CAT03,10,4,14.01,2.557,4.538,11.73,Low,,backtest,demand_forecast_run_20261005T130920538
2025-09-19,S08,P0003,CAT03,14,7,8.17,4.292,7.854,9.79,Low,,backtest,demand_forecast_run_20261005T130920538
2025-09-19,S08,P0022,CAT05,14,6,11.53,3.039,6.004,13.82,Low,,backtest,demand_forecast_run_20261005T130920538
2025-09-19,S08,P0032,CAT11,14,18,3.44,13.342,21.773,3.15,Medium,BELOW_REORDER,backtest,demand_forecast_run_20261005T130920538
2025-09-19,S08,P0053,CAT06,9,3,9,1.505,3.184,17.94,Low,,backtest,demand_forecast_run_20261005T130920538
2025-09-19,S08,P0073,CAT13,12,3,41.96,1.138,1.729,31.62,Low,,backtest,demand_forecast_run_20261005T130920538
2025-09-19,S08,P0170,CAT17,4,4,4.67,2.187,4.836,5.49,Medium,BELOW_REORDER,backtest,demand_forecast_run_20261005T130920538
2025-09-19,S08,P0206,CAT15,13,7,10.11,4.972,8.711,7.84,Low,,backtest,demand_forecast_run_20261005T130920538
2025-09-19,S08,P0213,CAT07,14,6,15.07,2.484,5.13,16.91,Low,,backtest,demand_forecast_run_20261005T130920538
2025-09-19,S08,P0252,CAT18,28,9,19.59,7.341,15.674,11.44,Low,,backtest,demand_forecast_run_20261005T130920538
2025-09-19,S08,P0272,CAT13,9,4,10.5,2.562,3.891,10.54,Low,,backtest,demand_forecast_run_20261005T130920538
2025-09-19,S08,P0288,CAT14,11,4,17.11,2.542,4.574,12.98,Low,,backtest,demand_forecast_run_20261005T130920538
2025-09-19,S08,P0316,CAT15,15,4,52.45,2.02,3.539,22.28,Low,,backtest,demand_forecast_run_20261005T130920538
2025-09-19,S08,P0369,CAT09,34,10,14.43,5.668,12.25,18,Low,,backtest,demand_forecast_run_20261005T130920538
2025-09-19,S08,P0381,CAT13,14,4,39.22,1.992,3.026,21.08,Low,,backtest,demand_forecast_run_20261005T130920538
2025-09-19,S08,P0391,CAT06,9,6,4.5,3.557,7.526,7.59,Low,,backtest,demand_forecast_run_20261005T130920538
2025-09-19,S08,P0392,CAT19,7,4,12.26,2.072,4.359,10.13,Low,,backtest,demand_forecast_run_20261005T130920538
2025-09-19,S08,P0408,CAT16,5,4,2.92,3.513,7.784,4.27,Medium,LOW_DAYS_COVER,backtest,demand_forecast_run_20261005T130920538
2025-09-19,S08,P0409,CAT12,14,5,9.8,3.402,7.369,12.34,Low,,backtest,demand_forecast_run_20261005T130920538
2025-09-19,S08,P0433,CAT20,6,2,41.96,1.377,2.982,13.07,Low,,backtest,demand_forecast_run_20261005T130920538
2025-09-19,S08,P0435,CAT14,27,9,11.46,8.897,16.009,9.1,Low,,backtest,demand_forecast_run_20261005T130920538
2025-09-19,S08,P0445,CAT02,11,4,76.92,1.667,3.046,19.8,Low,,backtest,demand_forecast_run_20261005T130920538
2025-09-19,S08,P0507,CAT02,18,18,4.06,12.892,23.555,4.19,Medium,BELOW_REORDER,backtest,demand_forecast_run_20261005T130920538
2025-09-19,S08,P0563,CAT13,13,8,7,8.539,12.969,4.57,Low,,backtest,demand_forecast_run_20261005T130920538
2025-09-19,S08,P0579,CAT12,2,3,2.33,1.701,3.685,3.53,Medium,BELOW_REORDER|LOW_DAYS_COVER,backtest,demand_forecast_run_20261005T130920538
2025-09-19,S08,P0589,CAT03,12,5,9.88,3.079,5.634,11.69,Low,,backtest,demand_forecast_run_20261005T130920538
2025-09-19,S09,P0003,CAT03,13,5,9.58,4.17,7.406,9.35,Low,,backtest,demand_forecast_run_20261005T130920538
2025-09-19,S09,P0022,CAT05,6,6,7,3.551,5.489,5.07,Medium,BELOW_REORDER,backtest,demand_forecast_run_20261005T130920538
2025-09-19,S09,P0032,CAT11,28,17,6.53,12.728,21.651,6.6,Low,,backtest,demand_forecast_run_20261005T130920538
2025-09-19,S09,P0053,CAT06,8,3,55.94,0.779,1.608,30.79,Low,,backtest,demand_forecast_run_20261005T130920538
2025-09-19,S09,P0073,CAT13,7,3,98.59,1.021,1.859,20.56,Low,,backtest,demand_forecast_run_20261005T130920538
2025-09-19,S09,P0170,CAT17,12,4,12.92,2.385,5.442,15.09,Low,,backtest,demand_forecast_run_20261005T130920538
2025-09-19,S09,P0206,CAT15,14,6,13.07,4.493,7.499,9.35,Low,,backtest,demand_forecast_run_20261005T130920538
2025-09-19,S09,P0213,CAT07,11,5,10.27,5.143,10.484,6.42,Low,,backtest,demand_forecast_run_20261005T130920538
2025-09-19,S09,P0252,CAT18,25,7,19.44,6.127,12.409,12.24,Low,,backtest,demand_forecast_run_20261005T130920538
2025-09-19,S09,P0272,CAT13,2,3,4.66,1.459,2.655,4.11,Medium,BELOW_REORDER,backtest,demand_forecast_run_20261005T130920538
2025-09-19,S09,P0288,CAT14,12,4,16.81,2.589,4.931,13.9,Low,,backtest,demand_forecast_run_20261005T130920538
2025-09-19,S09,P0316,CAT15,12,4,14,2.307,3.851,15.6,Low,,backtest,demand_forecast_run_20261005T130920538
2025-09-19,S09,P0369,CAT09,2,8,1.65,5.45,11.393,1.1,High,DEMAND_EXCEEDS_STOCK|BELOW_REORDER|LOW_DAYS_COVER,backtest,demand_forecast_run_20261005T130920538
2025-09-19,S09,P0381,CAT13,6,3,41.96,1.313,2.39,13.71,Low,,backtest,demand_forecast_run_20261005T130920538
2025-09-19,S09,P0391,CAT06,19,7,11.56,4.071,8.398,14,Low,,backtest,demand_forecast_run_20261005T130920538
2025-09-19,S09,P0392,CAT19,9,3,9.69,1.398,2.753,19.32,Low,,backtest,demand_forecast_run_20261005T130920538
2025-09-19,S09,P0408,CAT16,7,4,8.91,3.167,7.005,6.63,Low,,backtest,demand_forecast_run_20261005T130920538
2025-09-19,S09,P0409,CAT12,3,5,4.67,2.898,6.115,3.11,Medium,BELOW_REORDER,backtest,demand_forecast_run_20261005T130920538
2025-09-19,S09,P0433,CAT20,4,2,27.97,0.407,0.956,29.49,Low,,backtest,demand_forecast_run_20261005T130920538
2025-09-19,S09,P0435,CAT14,24,9,11.59,7.552,14.382,9.53,Low,,backtest,demand_forecast_run_20261005T130920538
2025-09-19,S09,P0445,CAT02,3,4,6,2.276,3.928,3.96,Medium,BELOW_REORDER,backtest,demand_forecast_run_20261005T130920538
2025-09-19,S09,P0507,CAT02,15,16,5.38,10.758,18.571,4.18,Medium,BELOW_REORDER,backtest,demand_forecast_run_20261005T130920538
2025-09-19,S09,P0563,CAT13,15,6,8.4,5.982,10.887,7.52,Low,,backtest,demand_forecast_run_20261005T130920538
2025-09-19,S09,P0579,CAT12,8,3,55.94,1.672,3.528,14.36,Low,,backtest,demand_forecast_run_20261005T130920538
2025-09-19,S09,P0589,CAT03,5,5,5,4.646,8.253,3.23,Medium,BELOW_REORDER,backtest,demand_forecast_run_20261005T130920538
2025-09-19,S10,P0003,CAT03,6,5,2.71,4.664,8.41,3.86,Medium,LOW_DAYS_COVER,backtest,demand_forecast_run_20261005T130920538
2025-09-19,S10,P0022,CAT05,7,5,5.16,3.225,5.247,6.51,Low,,backtest,demand_forecast_run_20261005T130920538
2025-09-19,S10,P0032,CAT11,27,14,7.13,10.677,18.528,7.59,Low,,backtest,demand_forecast_run_20261005T130920538
2025-09-19,S10,P0053,CAT06,4,3,9.32,0.729,1.474,16.46,Low,,backtest,demand_forecast_run_20261005T130920538
2025-09-19,S10,P0073,CAT13,3,3,10.49,1.229,2.351,7.33,Medium,BELOW_REORDER,backtest,demand_forecast_run_20261005T130920538
2025-09-19,S10,P0170,CAT17,4,3,9.32,2.013,4.586,5.96,Low,,backtest,demand_forecast_run_20261005T130920538
2025-09-19,S10,P0206,CAT15,11,5,12.84,3.443,7.348,9.59,Low,,backtest,demand_forecast_run_20261005T130920538
2025-09-19,S10,P0213,CAT07,6,4,6.46,3.118,6.729,5.77,Low,,backtest,demand_forecast_run_20261005T130920538
2025-09-19,S10,P0252,CAT18,0,7,0,5.378,11.438,0,High,ZERO_STOCK|DEMAND_EXCEEDS_STOCK|BELOW_REORDER|LOW_DAYS_COVER,backtest,demand_forecast_run_20261005T130920538
2025-09-19,S10,P0272,CAT13,3,3,6.99,0.956,1.828,9.42,Medium,BELOW_REORDER,backtest,demand_forecast_run_20261005T130920538
2025-09-19,S10,P0288,CAT14,7,4,7,2.52,4.882,8.33,Low,,backtest,demand_forecast_run_20261005T130920538
2025-09-19,S10,P0316,CAT15,11,4,30.81,1.408,3.006,23.43,Low,,backtest,demand_forecast_run_20261005T130920538
2025-09-19,S10,P0369,CAT09,14,7,10.32,5.038,10.316,8.34,Low,,backtest,demand_forecast_run_20261005T130920538
2025-09-19,S10,P0381,CAT13,2,3,4,2.184,4.179,2.75,High,DEMAND_EXCEEDS_STOCK|BELOW_REORDER,backtest,demand_forecast_run_20261005T130920538
2025-09-19,S10,P0391,CAT06,4,5,3.73,3.321,6.717,3.61,Medium,BELOW_REORDER,backtest,demand_forecast_run_20261005T130920538
2025-09-19,S10,P0392,CAT19,7,3,24.48,0.988,2.135,21.26,Low,,backtest,demand_forecast_run_20261005T130920538
2025-09-19,S10,P0408,CAT16,11,4,25.64,2.52,5.014,13.1,Low,,backtest,demand_forecast_run_20261005T130920538
2025-09-19,S10,P0409,CAT12,13,5,10.71,3.242,6.96,12.03,Low,,backtest,demand_forecast_run_20261005T130920538
2025-09-19,S10,P0433,CAT20,3,2,8.4,0.829,2.074,10.86,Low,,backtest,demand_forecast_run_20261005T130920538
2025-09-19,S10,P0435,CAT14,0,7,0,6.03,11.681,0,High,ZERO_STOCK|DEMAND_EXCEEDS_STOCK|BELOW_REORDER|LOW_DAYS_COVER,backtest,demand_forecast_run_20261005T130920538
2025-09-19,S10,P0445,CAT02,3,3,3,2.271,4.442,3.96,Medium,BELOW_REORDER,backtest,demand_forecast_run_20261005T130920538
2025-09-19,S10,P0507,CAT02,0,13,0,9.747,19.061,0,High,ZERO_STOCK|DEMAND_EXCEEDS_STOCK|BELOW_REORDER|LOW_DAYS_COVER,backtest,demand_forecast_run_20261005T130920538
2025-09-19,S10,P0563,CAT13,20,6,14,5.734,10.97,10.46,Low,,backtest,demand_forecast_run_20261005T130920538
2025-09-19,S10,P0579,CAT12,5,3,17.48,0.865,1.856,17.35,Low,,backtest,demand_forecast_run_20261005T130920538
2025-09-19,S10,P0589,CAT03,3,4,4.67,2.87,5.175,3.14,Medium,BELOW_REORDER,backtest,demand_forecast_run_20261005T130920538
2025-09-19,S11,P0003,CAT03,13,6,15.17,3.458,5.131,11.28,Low,,backtest,demand_forecast_run_20261005T130920538
2025-09-19,S11,P0022,CAT05,8,6,3.39,4.507,8.025,5.32,Low,,backtest,demand_forecast_run_20261005T130920538
2025-09-19,S11,P0032,CAT11,33,20,5.63,13.25,20.673,7.47,Low,,backtest,demand_forecast_run_20261005T130920538
2025-09-19,S11,P0053,CAT06,2,4,4.66,1.644,3.134,3.65,Medium,BELOW_REORDER,backtest,demand_forecast_run_20261005T130920538
2025-09-19,S11,P0073,CAT13,1,3,2,1.38,2.198,2.17,High,DEMAND_EXCEEDS_STOCK|BELOW_REORDER|LOW_DAYS_COVER,backtest,demand_forecast_run_20261005T130920538
2025-09-19,S11,P0170,CAT17,5,4,4.67,1.968,3.925,7.62,Low,,backtest,demand_forecast_run_20261005T130920538
2025-09-19,S11,P0206,CAT15,2,7,1.27,3.326,5.458,1.8,High,DEMAND_EXCEEDS_STOCK|BELOW_REORDER|LOW_DAYS_COVER,backtest,demand_forecast_run_20261005T130920538
2025-09-19,S11,P0213,CAT07,4,6,2.67,4.201,7.836,2.86,High,DEMAND_EXCEEDS_STOCK|BELOW_REORDER|LOW_DAYS_COVER,backtest,demand_forecast_run_20261005T130920538
2025-09-19,S11,P0252,CAT18,19,9,6.33,7.206,12.856,7.91,Low,,backtest,demand_forecast_run_20261005T130920538
2025-09-19,S11,P0272,CAT13,1,4,3.5,1.38,2.198,2.17,High,DEMAND_EXCEEDS_STOCK|BELOW_REORDER,backtest,demand_forecast_run_20261005T130920538
2025-09-19,S11,P0288,CAT14,10,5,6.37,3.504,5.885,8.56,Low,,backtest,demand_forecast_run_20261005T130920538
2025-09-19,S11,P0316,CAT15,10,4,11.67,3.326,5.458,9.02,Low,,backtest,demand_forecast_run_20261005T130920538
2025-09-19,S11,P0369,CAT09,16,9,4.87,6.846,12.533,7.01,Low,,backtest,demand_forecast_run_20261005T130920538
2025-09-19,S11,P0381,CAT13,6,4,7.63,3.056,4.868,5.89,Low,,backtest,demand_forecast_run_20261005T130920538
2025-09-19,S11,P0391,CAT06,15,7,13.12,3.288,6.269,13.69,Low,,backtest,demand_forecast_run_20261005T130920538
2025-09-19,S11,P0392,CAT19,6,3,20.98,1.355,2.334,13.29,Low,,backtest,demand_forecast_run_20261005T130920538
2025-09-19,S11,P0408,CAT16,14,5,10.89,3.485,6.842,12.05,Low,,backtest,demand_forecast_run_20261005T130920538
2025-09-19,S11,P0409,CAT12,0,5,0,2.872,5.284,0,High,ZERO_STOCK|DEMAND_EXCEEDS_STOCK|BELOW_REORDER|LOW_DAYS_COVER,backtest,demand_forecast_run_20261005T130920538
2025-09-19,S11,P0433,CAT20,2,3,3.11,1.059,2.018,5.67,Medium,BELOW_REORDER,backtest,demand_forecast_run_20261005T130920538
2025-09-19,S11,P0435,CAT14,20,9,8.23,7.468,12.544,8.03,Low,,backtest,demand_forecast_run_20261005T130920538
2025-09-19,S11,P0445,CAT02,8,5,12.44,2.401,3.986,10,Low,,backtest,demand_forecast_run_20261005T130920538
2025-09-19,S11,P0507,CAT02,56,18,10.18,13.404,22.254,12.53,Low,,backtest,demand_forecast_run_20261005T130920538
2025-09-19,S11,P0563,CAT13,5,7,2.59,6.112,9.737,2.45,High,DEMAND_EXCEEDS_STOCK|BELOW_REORDER|LOW_DAYS_COVER,backtest,demand_forecast_run_20261005T130920538
2025-09-19,S11,P0579,CAT12,6,3,16.81,1.778,3.271,10.12,Low,,backtest,demand_forecast_run_20261005T130920538
2025-09-19,S11,P0589,CAT03,5,5,7,3.202,4.751,4.69,Medium,BELOW_REORDER,backtest,demand_forecast_run_20261005T130920538
2025-09-19,S12,P0003,CAT03,19,6,17.74,3.381,5.969,16.86,Low,,backtest,demand_forecast_run_20261005T130920538
2025-09-19,S12,P0022,CAT05,12,5,7.3,3.649,5.475,9.87,Low,,backtest,demand_forecast_run_20261005T130920538
2025-09-19,S12,P0032,CAT11,44,15,5.5,12.26,20.081,10.77,Low,,backtest,demand_forecast_run_20261005T130920538
2025-09-19,S12,P0053,CAT06,8,3,18.65,1.64,3.748,14.63,Low,,backtest,demand_forecast_run_20261005T130920538
2025-09-19,S12,P0073,CAT13,8,3,37.38,1.246,2.319,19.26,Low,,backtest,demand_forecast_run_20261005T130920538
2025-09-19,S12,P0170,CAT17,10,3,11.67,1.834,5.034,16.36,Low,,backtest,demand_forecast_run_20261005T130920538
2025-09-19,S12,P0206,CAT15,3,6,2,3.953,7.757,2.28,High,DEMAND_EXCEEDS_STOCK|BELOW_REORDER|LOW_DAYS_COVER,backtest,demand_forecast_run_20261005T130920538
2025-09-19,S12,P0213,CAT07,9,5,8.4,2.538,5.508,10.64,Low,,backtest,demand_forecast_run_20261005T130920538
2025-09-19,S12,P0252,CAT18,4,7,3.11,4.297,10.748,2.79,High,DEMAND_EXCEEDS_STOCK|BELOW_REORDER,backtest,demand_forecast_run_20261005T130920538
2025-09-19,S12,P0272,CAT13,4,3,5.6,2.354,4.381,5.1,Low,,backtest,demand_forecast_run_20261005T130920538
2025-09-19,S12,P0288,CAT14,12,4,10.5,2.714,5.754,13.26,Low,,backtest,demand_forecast_run_20261005T130920538
2025-09-19,S12,P0316,CAT15,6,3,8.4,2.564,5.032,7.02,Low,,backtest,demand_forecast_run_20261005T130920538
2025-09-19,S12,P0369,CAT09,24,8,12,7.868,14.646,9.15,Low,,backtest,demand_forecast_run_20261005T130920538
2025-09-19,S12,P0381,CAT13,12,3,33.61,2.216,4.123,16.25,Low,,backtest,demand_forecast_run_20261005T130920538
2025-09-19,S12,P0391,CAT06,10,5,9.34,2.936,6.707,10.22,Low,,backtest,demand_forecast_run_20261005T130920538
2025-09-19,S12,P0392,CAT19,7,3,14,0.978,2.393,21.46,Low,,backtest,demand_forecast_run_20261005T130920538
2025-09-19,S12,P0408,CAT16,6,4,10.51,2.06,5.171,8.74,Low,,backtest,demand_forecast_run_20261005T130920538
2025-09-19,S12,P0409,CAT12,11,4,9.06,2.51,6.32,13.15,Low,,backtest,demand_forecast_run_20261005T130920538
2025-09-19,S12,P0433,CAT20,6,2,16.81,0.759,2.281,23.72,Low,,backtest,demand_forecast_run_20261005T130920538
2025-09-19,S12,P0435,CAT14,11,6,5.7,6.463,13.7,5.11,Low,,backtest,demand_forecast_run_20261005T130920538
2025-09-19,S12,P0445,CAT02,9,3,20.98,0.847,1.633,31.87,Low,,backtest,demand_forecast_run_20261005T130920538
2025-09-19,S12,P0507,CAT02,29,14,5.88,7.965,15.353,10.92,Low,,backtest,demand_forecast_run_20261005T130920538
2025-09-19,S12,P0563,CAT13,11,6,11,4.016,7.473,8.22,Low,,backtest,demand_forecast_run_20261005T130920538
2025-09-19,S12,P0579,CAT12,3,3,10.49,0.92,2.317,9.78,Medium,BELOW_REORDER,backtest,demand_forecast_run_20261005T130920538
2025-09-19,S12,P0589,CAT03,5,4,11.66,2.29,4.043,6.55,Low,,backtest,demand_forecast_run_20261005T130920538
2025-09-20,S01,P0003,CAT03,13,6,13,4.47,6.902,8.72,Low,,backtest,demand_forecast_run_20261005T130920538
2025-09-20,S01,P0022,CAT05,15,5,15,2.482,4.596,18.13,Low,,backtest,demand_forecast_run_20261005T130920538
2025-09-20,S01,P0032,CAT11,20,14,5.28,11.443,18.366,5.24,Low,,backtest,demand_forecast_run_20261005T130920538
2025-09-20,S01,P0053,CAT06,9,3,20.98,1.358,2.656,19.89,Low,,backtest,demand_forecast_run_20261005T130920538
2025-09-20,S01,P0073,CAT13,4,3,18.69,1.34,2.351,8.95,Low,,backtest,demand_forecast_run_20261005T130920538
2025-09-20,S01,P0170,CAT17,6,4,16.81,1.919,4.368,9.38,Low,,backtest,demand_forecast_run_20261005T130920538
2025-09-20,S01,P0206,CAT15,12,6,10.5,3.774,7.292,9.54,Low,,backtest,demand_forecast_run_20261005T130920538
2025-09-20,S01,P0213,CAT07,13,5,13,2.508,5.142,15.55,Low,,backtest,demand_forecast_run_20261005T130920538
2025-09-20,S01,P0252,CAT18,15,7,12.36,5.696,12.553,7.9,Low,,backtest,demand_forecast_run_20261005T130920538
2025-09-20,S01,P0272,CAT13,6,3,16.81,2.011,3.527,8.95,Low,,backtest,demand_forecast_run_20261005T130920538
2025-09-20,S01,P0288,CAT14,11,4,19.26,1.346,2.579,24.52,Low,,backtest,demand_forecast_run_20261005T130920538
2025-09-20,S01,P0316,CAT15,7,3,24.48,0.944,1.823,22.26,Low,,backtest,demand_forecast_run_20261005T130920538
2025-09-20,S01,P0369,CAT09,26,8,52,6.12,10.968,12.74,Low,,backtest,demand_forecast_run_20261005T130920538
2025-09-20,S01,P0381,CAT13,7,3,14,2.122,3.723,9.89,Low,,backtest,demand_forecast_run_20261005T130920538
2025-09-20,S01,P0391,CAT06,8,5,9.33,5.159,10.094,4.65,Low,,backtest,demand_forecast_run_20261005T130920538
2025-09-20,S01,P0392,CAT19,3,3,14.02,0.966,2.02,9.32,Medium,BELOW_REORDER,backtest,demand_forecast_run_20261005T130920538
2025-09-20,S01,P0408,CAT16,12,4,27.97,1.681,4.674,21.42,Low,,backtest,demand_forecast_run_20261005T130920538
2025-09-20,S01,P0409,CAT12,0,4,0,2.266,4.594,0,High,ZERO_STOCK|DEMAND_EXCEEDS_STOCK|BELOW_REORDER|LOW_DAYS_COVER,backtest,demand_forecast_run_20261005T130920538
2025-09-20,S01,P0433,CAT20,8,3,14.01,1.056,2.488,22.72,Low,,backtest,demand_forecast_run_20261005T130920538
2025-09-20,S01,P0435,CAT14,10,7,4.83,5.627,10.785,5.33,Low,,backtest,demand_forecast_run_20261005T130920538
2025-09-20,S01,P0445,CAT02,11,4,38.46,1.141,1.923,28.92,Low,,backtest,demand_forecast_run_20261005T130920538
2025-09-20,S01,P0507,CAT02,41,14,9.9,10.685,18.002,11.51,Low,,backtest,demand_forecast_run_20261005T130920538
2025-09-20,S01,P0563,CAT13,11,6,5.92,4.58,8.033,7.21,Low,,backtest,demand_forecast_run_20261005T130920538
2025-09-20,S01,P0579,CAT12,9,3,12.61,1.619,3.282,16.68,Low,,backtest,demand_forecast_run_20261005T130920538
2025-09-20,S01,P0589,CAT03,13,4,18.21,3.024,4.669,12.9,Low,,backtest,demand_forecast_run_20261005T130920538
2025-09-20,S02,P0003,CAT03,12,6,8,5.422,8.157,6.64,Low,,backtest,demand_forecast_run_20261005T130920538
2025-09-20,S02,P0022,CAT05,16,6,17.22,4.685,7.81,10.25,Low,,backtest,demand_forecast_run_20261005T130920538
2025-09-20,S02,P0032,CAT11,24,17,7,10.439,18.345,6.9,Low,,backtest,demand_forecast_run_20261005T130920538
2025-09-20,S02,P0053,CAT06,7,3,19.61,0.788,1.676,26.64,Low,,backtest,demand_forecast_run_20261005T130920538
2025-09-20,S02,P0073,CAT13,6,3,12,1.316,2.564,13.67,Low,,backtest,demand_forecast_run_20261005T130920538
2025-09-20,S02,P0170,CAT17,9,3,62.94,1.497,3.471,18.04,Low,,backtest,demand_forecast_run_20261005T130920538
2025-09-20,S02,P0206,CAT15,10,6,8.75,4.305,7.58,6.97,Low,,backtest,demand_forecast_run_20261005T130920538
2025-09-20,S02,P0213,CAT07,3,5,3.23,3.006,6.592,2.99,High,DEMAND_EXCEEDS_STOCK|BELOW_REORDER,backtest,demand_forecast_run_20261005T130920538
2025-09-20,S02,P0252,CAT18,19,7,10.64,5.586,12.704,10.2,Low,,backtest,demand_forecast_run_20261005T130920538
2025-09-20,S02,P0272,CAT13,9,3,10.5,1.974,3.847,13.67,Low,,backtest,demand_forecast_run_20261005T130920538
2025-09-20,S02,P0288,CAT14,4,4,5.09,2.005,3.979,5.99,Medium,BELOW_REORDER,backtest,demand_forecast_run_20261005T130920538
2025-09-20,S02,P0316,CAT15,6,3,12,1.519,2.675,11.85,Low,,backtest,demand_forecast_run_20261005T130920538
2025-09-20,S02,P0369,CAT09,18,8,22.9,5.452,10.757,9.9,Low,,backtest,demand_forecast_run_20261005T130920538
2025-09-20,S02,P0381,CAT13,13,3,,1.504,2.931,25.92,Low,,backtest,demand_forecast_run_20261005T130920538
2025-09-20,S02,P0391,CAT06,0,7,0,4.926,10.474,0,High,ZERO_STOCK|DEMAND_EXCEEDS_STOCK|BELOW_REORDER|LOW_DAYS_COVER,backtest,demand_forecast_run_20261005T130920538
2025-09-20,S02,P0392,CAT19,4,3,4.67,1.176,2.793,10.21,Low,,backtest,demand_forecast_run_20261005T130920538
2025-09-20,S02,P0408,CAT16,12,4,14,2.653,6.698,13.57,Low,,backtest,demand_forecast_run_20261005T130920538
2025-09-20,S02,P0409,CAT12,10,5,7.78,4.248,7.912,7.06,Low,,backtest,demand_forecast_run_20261005T130920538
2025-09-20,S02,P0433,CAT20,6,3,16.81,0.462,1.154,38.97,Low,,backtest,demand_forecast_run_20261005T130920538
2025-09-20,S02,P0435,CAT14,9,8,5.04,6.964,13.822,3.88,Low,,backtest,demand_forecast_run_20261005T130920538
2025-09-20,S02,P0445,CAT02,10,4,17.51,1.88,3.184,15.96,Low,,backtest,demand_forecast_run_20261005T130920538
2025-09-20,S02,P0507,CAT02,37,15,11.26,12.573,21.294,8.83,Low,,backtest,demand_forecast_run_20261005T130920538
2025-09-20,S02,P0563,CAT13,13,6,13,3.385,6.594,11.52,Low,,backtest,demand_forecast_run_20261005T130920538
2025-09-20,S02,P0579,CAT12,10,3,28.01,1.383,2.576,21.69,Low,,backtest,demand_forecast_run_20261005T130920538
2025-09-20,S02,P0589,CAT03,11,4,12.84,2.593,3.901,12.73,Low,,backtest,demand_forecast_run_20261005T130920538
2025-09-20,S03,P0003,CAT03,17,6,17,2.484,4.899,20.53,Low,,backtest,demand_forecast_run_20261005T130920538
2025-09-20,S03,P0022,CAT05,8,5,6.59,2.45,4.525,9.8,Low,,backtest,demand_forecast_run_20261005T130920538
2025-09-20,S03,P0032,CAT11,20,15,5.83,11.177,19.771,5.37,Low,,backtest,demand_forecast_run_20261005T130920538
2025-09-20,S03,P0053,CAT06,1,4,1.4,1.53,3.093,1.96,High,DEMAND_EXCEEDS_STOCK|BELOW_REORDER|LOW_DAYS_COVER,backtest,demand_forecast_run_20261005T130920538
2025-09-20,S03,P0073,CAT13,4,3,8,1.136,2.155,10.56,Low,,backtest,demand_forecast_run_20261005T130920538
2025-09-20,S03,P0170,CAT17,9,4,11.45,3.122,6.758,8.65,Low,,backtest,demand_forecast_run_20261005T130920538
2025-09-20,S03,P0206,CAT15,8,6,7.47,3.825,7.307,6.27,Low,,backtest,demand_forecast_run_20261005T130920538
2025-09-20,S03,P0213,CAT07,11,4,8.55,2.745,5.81,12.02,Low,,backtest,demand_forecast_run_20261005T130920538
2025-09-20,S03,P0252,CAT18,1,8,0.93,5.643,11.914,0.53,High,DEMAND_EXCEEDS_STOCK|BELOW_REORDER|LOW_DAYS_COVER,backtest,demand_forecast_run_20261005T130920538
2025-09-20,S03,P0272,CAT13,4,3,11.2,1.278,2.424,9.39,Low,,backtest,demand_forecast_run_20261005T130920538
2025-09-20,S03,P0288,CAT14,7,3,12.26,1.406,3.074,14.94,Low,,backtest,demand_forecast_run_20261005T130920538
2025-09-20,S03,P0316,CAT15,9,4,15.76,2.098,4.007,12.87,Low,,backtest,demand_forecast_run_20261005T130920538
2025-09-20,S03,P0369,CAT09,15,8,9.55,4.464,8.776,10.08,Low,,backtest,demand_forecast_run_20261005T130920538
2025-09-20,S03,P0381,CAT13,5,3,11.66,1.421,2.694,10.56,Low,,backtest,demand_forecast_run_20261005T130920538
2025-09-20,S03,P0391,CAT06,17,6,12.53,4.506,9.108,11.32,Low,,backtest,demand_forecast_run_20261005T130920538
2025-09-20,S03,P0392,CAT19,10,3,23.31,1.007,2.328,29.78,Low,,backtest,demand_forecast_run_20261005T130920538
2025-09-20,S03,P0408,CAT16,4,4,4.67,1.792,4.618,6.7,Medium,BELOW_REORDER,backtest,demand_forecast_run_20261005T130920538
2025-09-20,S03,P0409,CAT12,13,4,16.54,1.886,4.029,20.68,Low,,backtest,demand_forecast_run_20261005T130920538
2025-09-20,S03,P0433,CAT20,6,2,,0,0,,Low,,backtest,demand_forecast_run_20261005T130920538
2025-09-20,S03,P0435,CAT14,17,7,11.9,4.985,10.901,10.23,Low,,backtest,demand_forecast_run_20261005T130920538
2025-09-20,S03,P0445,CAT02,7,3,16.32,1.093,2.085,19.21,Low,,backtest,demand_forecast_run_20261005T130920538
2025-09-20,S03,P0507,CAT02,32,14,7.86,10.385,19.806,9.24,Low,,backtest,demand_forecast_run_20261005T130920538
2025-09-20,S03,P0563,CAT13,12,6,12.92,3.836,7.273,9.39,Low,,backtest,demand_forecast_run_20261005T130920538
2025-09-20,S03,P0579,CAT12,0,3,0,1.886,4.029,0,High,ZERO_STOCK|DEMAND_EXCEEDS_STOCK|BELOW_REORDER|LOW_DAYS_COVER,backtest,demand_forecast_run_20261005T130920538
2025-09-20,S03,P0589,CAT03,8,5,7,3.535,6.972,6.79,Low,,backtest,demand_forecast_run_20261005T130920538
2025-09-20,S04,P0003,CAT03,4,5,4.31,3.229,6.137,3.72,Medium,BELOW_REORDER,backtest,demand_forecast_run_20261005T130920538
2025-09-20,S04,P0022,CAT05,7,5,8.17,2.554,4.596,8.22,Low,,backtest,demand_forecast_run_20261005T130920538
2025-09-20,S04,P0032,CAT11,20,12,5.71,8.902,17.401,6.74,Low,,backtest,demand_forecast_run_20261005T130920538
2025-09-20,S04,P0053,CAT06,5,3,14.01,0.968,2.093,15.5,Low,,backtest,demand_forecast_run_20261005T130920538
2025-09-20,S04,P0073,CAT13,3,2,8.4,1.426,2.997,6.31,Low,,backtest,demand_forecast_run_20261005T130920538
2025-09-20,S04,P0170,CAT17,8,3,14.01,1.953,5.076,12.29,Low,,backtest,demand_forecast_run_20261005T130920538
2025-09-20,S04,P0206,CAT15,10,5,11.67,4.052,7.821,7.4,Low,,backtest,demand_forecast_run_20261005T130920538
2025-09-20,S04,P0213,CAT07,6,4,6.46,1.727,3.929,10.43,Low,,backtest,demand_forecast_run_20261005T130920538
2025-09-20,S04,P0252,CAT18,13,6,10.71,3.765,8.045,10.36,Low,,backtest,demand_forecast_run_20261005T130920538
2025-09-20,S04,P0272,CAT13,9,3,42.06,1.901,3.996,14.2,Low,,backtest,demand_forecast_run_20261005T130920538
2025-09-20,S04,P0288,CAT14,6,4,13.99,1.481,3.162,12.15,Low,,backtest,demand_forecast_run_20261005T130920538
2025-09-20,S04,P0316,CAT15,9,3,62.94,0.834,1.61,32.37,Low,,backtest,demand_forecast_run_20261005T130920538
2025-09-20,S04,P0369,CAT09,5,6,5.83,3.886,7.83,3.86,Medium,BELOW_REORDER,backtest,demand_forecast_run_20261005T130920538
2025-09-20,S04,P0381,CAT13,6,3,84.51,1.743,3.663,10.33,Low,,backtest,demand_forecast_run_20261005T130920538
2025-09-20,S04,P0391,CAT06,12,5,18.66,2.464,5.329,14.61,Low,,backtest,demand_forecast_run_20261005T130920538
2025-09-20,S04,P0392,CAT19,6,3,20.98,1.078,2.389,16.7,Low,,backtest,demand_forecast_run_20261005T130920538
2025-09-20,S04,P0408,CAT16,15,3,104.9,1.731,4.341,26,Low,,backtest,demand_forecast_run_20261005T130920538
2025-09-20,S04,P0409,CAT12,6,4,8.4,1.524,3.25,11.81,Low,,backtest,demand_forecast_run_20261005T130920538
2025-09-20,S04,P0433,CAT20,6,2,28.04,0.243,0.77,74.07,Low,,backtest,demand_forecast_run_20261005T130920538
2025-09-20,S04,P0435,CAT14,18,6,16.81,3.572,7.627,15.12,Low,,backtest,demand_forecast_run_20261005T130920538
2025-09-20,S04,P0445,CAT02,9,3,15.76,1.76,3.545,15.34,Low,,backtest,demand_forecast_run_20261005T130920538
2025-09-20,S04,P0507,CAT02,14,11,4.9,8.33,16.78,5.04,Low,,backtest,demand_forecast_run_20261005T130920538
2025-09-20,S04,P0563,CAT13,6,5,8.4,1.901,3.996,9.47,Low,,backtest,demand_forecast_run_20261005T130920538
2025-09-20,S04,P0579,CAT12,8,3,18.65,0.882,1.882,27.2,Low,,backtest,demand_forecast_run_20261005T130920538
2025-09-20,S04,P0589,CAT03,8,4,16,2.556,4.858,9.39,Low,,backtest,demand_forecast_run_20261005T130920538
2025-09-20,S05,P0003,CAT03,6,4,6,2.419,5.162,7.44,Low,,backtest,demand_forecast_run_20261005T130920538
2025-09-20,S05,P0022,CAT05,13,4,26,2.29,5.295,17.03,Low,,backtest,demand_forecast_run_20261005T130920538
2025-09-20,S05,P0032,CAT11,38,11,17.73,6.714,15.367,16.98,Low,,backtest,demand_forecast_run_20261005T130920538
2025-09-20,S05,P0053,CAT06,8,3,14.01,0.771,2.149,31.11,Low,,backtest,demand_forecast_run_20261005T130920538
2025-09-20,S05,P0073,CAT13,5,2,70.42,0.367,0.887,40.92,Low,,backtest,demand_forecast_run_20261005T130920538
2025-09-20,S05,P0170,CAT17,7,3,16.32,1.201,2.82,17.49,Low,,backtest,demand_forecast_run_20261005T130920538
2025-09-20,S05,P0206,CAT15,3,4,1.83,2.848,6.964,3.16,Medium,BELOW_REORDER|LOW_DAYS_COVER,backtest,demand_forecast_run_20261005T130920538
2025-09-20,S05,P0213,CAT07,11,4,19.26,1.497,4.722,22.04,Low,,backtest,demand_forecast_run_20261005T130920538
2025-09-20,S05,P0252,CAT18,3,5,4.2,4.456,8.49,2.02,High,DEMAND_EXCEEDS_STOCK|BELOW_REORDER,backtest,demand_forecast_run_20261005T130920538
2025-09-20,S05,P0272,CAT13,5,3,6.36,1.1,2.661,13.64,Low,,backtest,demand_forecast_run_20261005T130920538
2025-09-20,S05,P0288,CAT14,4,3,3.5,1.725,4.276,6.96,Low,,backtest,demand_forecast_run_20261005T130920538
2025-09-20,S05,P0316,CAT15,6,3,12,1.179,2.882,15.27,Low,,backtest,demand_forecast_run_20261005T130920538
2025-09-20,S05,P0369,CAT09,12,6,9.88,3.623,8.181,9.94,Low,,backtest,demand_forecast_run_20261005T130920538
2025-09-20,S05,P0381,CAT13,6,3,10.51,1.027,2.484,17.53,Low,,backtest,demand_forecast_run_20261005T130920538
2025-09-20,S05,P0391,CAT06,8,5,5.9,2.136,5.95,11.24,Low,,backtest,demand_forecast_run_20261005T130920538
2025-09-20,S05,P0392,CAT19,3,2,10.49,0.618,1.636,14.56,Low,,backtest,demand_forecast_run_20261005T130920538
2025-09-20,S05,P0408,CAT16,7,3,14,1.385,3.573,15.16,Low,,backtest,demand_forecast_run_20261005T130920538
2025-09-20,S05,P0409,CAT12,9,3,15.76,2.161,4.956,12.5,Low,,backtest,demand_forecast_run_20261005T130920538
2025-09-20,S05,P0433,CAT20,4,2,27.97,0.371,0.962,32.36,Low,,backtest,demand_forecast_run_20261005T130920538
2025-09-20,S05,P0435,CAT14,7,6,4.26,3.137,7.775,6.69,Low,,backtest,demand_forecast_run_20261005T130920538
2025-09-20,S05,P0445,CAT02,5,3,11.66,0.931,2.154,16.11,Low,,backtest,demand_forecast_run_20261005T130920538
2025-09-20,S05,P0507,CAT02,31,9,13.56,6.517,15.081,14.27,Low,,backtest,demand_forecast_run_20261005T130920538
2025-09-20,S05,P0563,CAT13,13,5,18.21,2.273,5.5,17.16,Low,,backtest,demand_forecast_run_20261005T130920538
2025-09-20,S05,P0579,CAT12,2,3,6.99,0.91,2.087,6.59,Medium,BELOW_REORDER,backtest,demand_forecast_run_20261005T130920538
2025-09-20,S05,P0589,CAT03,5,4,5.83,2.419,5.162,6.2,Low,,backtest,demand_forecast_run_20261005T130920538
2025-09-20,S06,P0003,CAT03,13,6,8.67,3.709,6.396,10.51,Low,,backtest,demand_forecast_run_20261005T130920538
2025-09-20,S06,P0022,CAT05,7,6,8.17,2.434,4.58,8.63,Low,,backtest,demand_forecast_run_20261005T130920538
2025-09-20,S06,P0032,CAT11,33,18,7.7,14.031,21.864,7.06,Low,,backtest,demand_forecast_run_20261005T130920538
2025-09-20,S06,P0053,CAT06,17,4,39.63,1.709,3.368,29.85,Low,,backtest,demand_forecast_run_20261005T130920538
2025-09-20,S06,P0073,CAT13,3,4,3.23,2.529,5.126,3.56,Medium,BELOW_REORDER,backtest,demand_forecast_run_20261005T130920538
2025-09-20,S06,P0170,CAT17,6,4,7.63,1.835,4.109,9.81,Low,,backtest,demand_forecast_run_20261005T130920538
2025-09-20,S06,P0206,CAT15,11,7,7.7,7.168,12.82,4.6,Low,,backtest,demand_forecast_run_20261005T130920538
2025-09-20,S06,P0213,CAT07,9,6,8.4,4.167,7.993,6.48,Low,,backtest,demand_forecast_run_20261005T130920538
2025-09-20,S06,P0252,CAT18,20,8,17.5,5.804,12.585,10.34,Low,,backtest,demand_forecast_run_20261005T130920538
2025-09-20,S06,P0272,CAT13,8,4,12.44,1.609,3.262,14.91,Low,,backtest,demand_forecast_run_20261005T130920538
2025-09-20,S06,P0288,CAT14,9,4,20.98,2.046,3.642,13.2,Low,,backtest,demand_forecast_run_20261005T130920538
2025-09-20,S06,P0316,CAT15,12,4,18.66,2.029,3.628,17.75,Low,,backtest,demand_forecast_run_20261005T130920538
2025-09-20,S06,P0369,CAT09,22,10,14,7.312,13.719,9.03,Low,,backtest,demand_forecast_run_20261005T130920538
2025-09-20,S06,P0381,CAT13,13,4,9.1,3.334,6.757,11.7,Low,,backtest,demand_forecast_run_20261005T130920538
2025-09-20,S06,P0391,CAT06,6,7,5.25,3.661,7.216,4.92,Medium,BELOW_REORDER,backtest,demand_forecast_run_20261005T130920538
2025-09-20,S06,P0392,CAT19,9,3,12.61,2.309,4.235,11.69,Low,,backtest,demand_forecast_run_20261005T130920538
2025-09-20,S06,P0408,CAT16,14,5,15.07,3.441,7.647,12.21,Low,,backtest,demand_forecast_run_20261005T130920538
2025-09-20,S06,P0409,CAT12,10,5,8.75,2.723,5.523,11.02,Low,,backtest,demand_forecast_run_20261005T130920538
2025-09-20,S06,P0433,CAT20,8,3,27.97,1.073,2.117,22.36,Low,,backtest,demand_forecast_run_20261005T130920538
2025-09-20,S06,P0435,CAT14,11,9,11,7.015,12.486,4.7,Low,,backtest,demand_forecast_run_20261005T130920538
2025-09-20,S06,P0445,CAT02,6,4,16.81,1.972,3.481,9.13,Low,,backtest,demand_forecast_run_20261005T130920538
2025-09-20,S06,P0507,CAT02,22,17,4.89,12.647,22.317,5.22,Low,,backtest,demand_forecast_run_20261005T130920538
2025-09-20,S06,P0563,CAT13,16,6,17.22,2.874,5.825,16.7,Low,,backtest,demand_forecast_run_20261005T130920538
2025-09-20,S06,P0579,CAT12,6,4,5.6,2.723,5.523,6.61,Low,,backtest,demand_forecast_run_20261005T130920538
2025-09-20,S06,P0589,CAT03,20,6,17.5,2.875,4.957,20.87,Low,,backtest,demand_forecast_run_20261005T130920538
2025-09-20,S07,P0003,CAT03,10,5,10,2.453,4.53,12.23,Low,,backtest,demand_forecast_run_20261005T130920538
2025-09-20,S07,P0022,CAT05,10,4,8.24,2.778,5.271,10.8,Low,,backtest,demand_forecast_run_20261005T130920538
2025-09-20,S07,P0032,CAT11,24,12,8.4,10.256,17.806,7.02,Low,,backtest,demand_forecast_run_20261005T130920538
2025-09-20,S07,P0053,CAT06,5,3,6.36,0.956,2.059,15.69,Low,,backtest,demand_forecast_run_20261005T130920538
2025-09-20,S07,P0073,CAT13,4,3,8,0.557,1.342,21.56,Low,,backtest,demand_forecast_run_20261005T130920538
2025-09-20,S07,P0170,CAT17,6,3,13.99,0.831,1.917,21.67,Low,,backtest,demand_forecast_run_20261005T130920538
2025-09-20,S07,P0206,CAT15,0,5,0,3.648,8.229,0,High,ZERO_STOCK|DEMAND_EXCEEDS_STOCK|BELOW_REORDER|LOW_DAYS_COVER,backtest,demand_forecast_run_20261005T130920538
2025-09-20,S07,P0213,CAT07,6,4,5.25,2.488,5.253,7.23,Low,,backtest,demand_forecast_run_20261005T130920538
2025-09-20,S07,P0252,CAT18,6,5,4.2,4.148,9.254,4.34,Low,,backtest,demand_forecast_run_20261005T130920538
2025-09-20,S07,P0272,CAT13,2,3,2.54,0.974,2.348,6.16,Medium,BELOW_REORDER|LOW_DAYS_COVER,backtest,demand_forecast_run_20261005T130920538
2025-09-20,S07,P0288,CAT14,4,3,5.6,1.773,3.705,6.77,Low,,backtest,demand_forecast_run_20261005T130920538
2025-09-20,S07,P0316,CAT15,8,3,27.97,0.655,1.477,36.65,Low,,backtest,demand_forecast_run_20261005T130920538
2025-09-20,S07,P0369,CAT09,8,7,5.6,4.802,9.68,5,Low,,backtest,demand_forecast_run_20261005T130920538
2025-09-20,S07,P0381,CAT13,7,3,14,0.904,2.18,23.22,Low,,backtest,demand_forecast_run_20261005T130920538
2025-09-20,S07,P0391,CAT06,16,5,9.33,3.108,6.693,15.45,Low,,backtest,demand_forecast_run_20261005T130920538
2025-09-20,S07,P0392,CAT19,9,3,15.76,1.55,3.628,17.42,Low,,backtest,demand_forecast_run_20261005T130920538
2025-09-20,S07,P0408,CAT16,6,3,5.25,2.31,6.095,7.79,Low,,backtest,demand_forecast_run_20261005T130920538
2025-09-20,S07,P0409,CAT12,1,4,0.74,2.386,5.526,1.26,High,DEMAND_EXCEEDS_STOCK|BELOW_REORDER|LOW_DAYS_COVER,backtest,demand_forecast_run_20261005T130920538
2025-09-20,S07,P0433,CAT20,2,2,3.5,0.649,1.82,9.24,Medium,BELOW_REORDER,backtest,demand_forecast_run_20261005T130920538
2025-09-20,S07,P0435,CAT14,18,7,8.13,4.812,10.055,11.22,Low,,backtest,demand_forecast_run_20261005T130920538
2025-09-20,S07,P0445,CAT02,9,3,31.47,0.898,1.855,30.08,Low,,backtest,demand_forecast_run_20261005T130920538
2025-09-20,S07,P0507,CAT02,16,11,5.74,7.54,15.582,6.37,Low,,backtest,demand_forecast_run_20261005T130920538
2025-09-20,S07,P0563,CAT13,5,5,3.5,2.783,6.709,5.39,Medium,BELOW_REORDER,backtest,demand_forecast_run_20261005T130920538
2025-09-20,S07,P0579,CAT12,7,3,9.8,1.263,2.926,16.63,Low,,backtest,demand_forecast_run_20261005T130920538
2025-09-20,S07,P0589,CAT03,9,4,15.76,2.347,4.333,11.51,Low,,backtest,demand_forecast_run_20261005T130920538
2025-09-20,S08,P0003,CAT03,12,7,6.46,3.853,7.295,9.34,Low,,backtest,demand_forecast_run_20261005T130920538
2025-09-20,S08,P0022,CAT05,13,6,11.37,2.909,5.238,13.41,Low,,backtest,demand_forecast_run_20261005T130920538
2025-09-20,S08,P0032,CAT11,50,18,12.73,12.354,21.853,12.14,Low,,backtest,demand_forecast_run_20261005T130920538
2025-09-20,S08,P0053,CAT06,9,3,9,1.455,3.073,18.56,Low,,backtest,demand_forecast_run_20261005T130920538
2025-09-20,S08,P0073,CAT13,12,3,41.96,0.938,1.492,38.39,Low,,backtest,demand_forecast_run_20261005T130920538
2025-09-20,S08,P0170,CAT17,13,4,15.17,1.986,4.425,19.64,Low,,backtest,demand_forecast_run_20261005T130920538
2025-09-20,S08,P0206,CAT15,7,7,4.46,4.139,7.564,5.07,Medium,BELOW_REORDER,backtest,demand_forecast_run_20261005T130920538
2025-09-20,S08,P0213,CAT07,12,6,11.2,2.314,4.781,15.56,Low,,backtest,demand_forecast_run_20261005T130920538
2025-09-20,S08,P0252,CAT18,27,9,19.9,7.088,15.268,11.43,Low,,backtest,demand_forecast_run_20261005T130920538
2025-09-20,S08,P0272,CAT13,12,4,21.02,2.11,3.358,17.06,Low,,backtest,demand_forecast_run_20261005T130920538
2025-09-20,S08,P0288,CAT14,7,4,12.26,1.753,3.46,11.98,Low,,backtest,demand_forecast_run_20261005T130920538
2025-09-20,S08,P0316,CAT15,13,4,30.3,1.416,2.588,27.54,Low,,backtest,demand_forecast_run_20261005T130920538
2025-09-20,S08,P0369,CAT09,29,10,10.97,5.128,11.668,16.97,Low,,backtest,demand_forecast_run_20261005T130920538
2025-09-20,S08,P0381,CAT13,12,4,24,1.876,2.985,19.19,Low,,backtest,demand_forecast_run_20261005T130920538
2025-09-20,S08,P0391,CAT06,8,6,4.67,3.505,7.402,6.85,Low,,backtest,demand_forecast_run_20261005T130920538
2025-09-20,S08,P0392,CAT19,7,4,16.32,1.968,4.187,10.67,Low,,backtest,demand_forecast_run_20261005T130920538
2025-09-20,S08,P0408,CAT16,2,4,1.08,2.886,7.202,2.08,High,DEMAND_EXCEEDS_STOCK|BELOW_REORDER|LOW_DAYS_COVER,backtest,demand_forecast_run_20261005T130920538
2025-09-20,S08,P0409,CAT12,14,5,10.32,3.124,6.862,13.44,Low,,backtest,demand_forecast_run_20261005T130920538
2025-09-20,S08,P0433,CAT20,6,2,41.96,1.164,2.483,15.47,Low,,backtest,demand_forecast_run_20261005T130920538
2025-09-20,S08,P0435,CAT14,19,9,7.19,7.218,14.249,7.9,Low,,backtest,demand_forecast_run_20261005T130920538
2025-09-20,S08,P0445,CAT02,11,4,76.92,1.579,3.002,20.9,Low,,backtest,demand_forecast_run_20261005T130920538
2025-09-20,S08,P0507,CAT02,13,18,2.98,12.419,23.619,3.14,Medium,BELOW_REORDER|LOW_DAYS_COVER,backtest,demand_forecast_run_20261005T130920538
2025-09-20,S08,P0563,CAT13,16,8,10.67,7.033,11.193,6.82,Low,,backtest,demand_forecast_run_20261005T130920538
2025-09-20,S08,P0579,CAT12,9,3,9.69,1.689,3.709,15.99,Low,,backtest,demand_forecast_run_20261005T130920538
2025-09-20,S08,P0589,CAT03,12,5,9.88,2.706,5.122,13.31,Low,,backtest,demand_forecast_run_20261005T130920538
2025-09-20,S09,P0003,CAT03,13,5,13.99,3.83,6.837,10.18,Low,,backtest,demand_forecast_run_20261005T130920538
2025-09-20,S09,P0022,CAT05,14,6,14,3.172,5.336,13.24,Low,,backtest,demand_forecast_run_20261005T130920538
2025-09-20,S09,P0032,CAT11,25,17,6.03,12.596,21.102,5.95,Low,,backtest,demand_forecast_run_20261005T130920538
2025-09-20,S09,P0053,CAT06,8,3,55.94,0.587,1.26,40.86,Low,,backtest,demand_forecast_run_20261005T130920538
2025-09-20,S09,P0073,CAT13,7,3,98.59,0.84,1.661,24.99,Low,,backtest,demand_forecast_run_20261005T130920538
2025-09-20,S09,P0170,CAT17,12,4,15.27,2.146,4.965,16.78,Low,,backtest,demand_forecast_run_20261005T130920538
2025-09-20,S09,P0206,CAT15,13,6,12.14,3.703,6.838,10.53,Low,,backtest,demand_forecast_run_20261005T130920538
2025-09-20,S09,P0213,CAT07,11,5,10.27,4.695,9.81,7.03,Low,,backtest,demand_forecast_run_20261005T130920538
2025-09-20,S09,P0252,CAT18,24,7,19.77,5.888,12.57,12.23,Low,,backtest,demand_forecast_run_20261005T130920538
2025-09-20,S09,P0272,CAT13,2,3,5.6,1.2,2.373,5,Medium,BELOW_REORDER,backtest,demand_forecast_run_20261005T130920538
2025-09-20,S09,P0288,CAT14,11,4,15.41,2.215,4.522,14.9,Low,,backtest,demand_forecast_run_20261005T130920538
2025-09-20,S09,P0316,CAT15,11,4,11.84,1.701,3.142,19.4,Low,,backtest,demand_forecast_run_20261005T130920538
2025-09-20,S09,P0369,CAT09,0,8,0,5.826,11.102,0,High,ZERO_STOCK|DEMAND_EXCEEDS_STOCK|BELOW_REORDER|LOW_DAYS_COVER,backtest,demand_forecast_run_20261005T130920538
2025-09-20,S09,P0381,CAT13,5,3,34.97,1.2,2.373,12.5,Low,,backtest,demand_forecast_run_20261005T130920538
2025-09-20,S09,P0391,CAT06,19,7,13.3,3.943,8.457,14.45,Low,,backtest,demand_forecast_run_20261005T130920538
2025-09-20,S09,P0392,CAT19,9,3,10.5,1.311,2.737,20.59,Low,,backtest,demand_forecast_run_20261005T130920538
2025-09-20,S09,P0408,CAT16,6,4,7,2.857,6.431,6.3,Low,,backtest,demand_forecast_run_20261005T130920538
2025-09-20,S09,P0409,CAT12,3,5,4.67,2.507,5.292,3.59,Medium,BELOW_REORDER,backtest,demand_forecast_run_20261005T130920538
2025-09-20,S09,P0433,CAT20,3,2,14.02,0.499,1.214,18.02,Low,,backtest,demand_forecast_run_20261005T130920538
2025-09-20,S09,P0435,CAT14,22,9,11,6.113,12.482,10.8,Low,,backtest,demand_forecast_run_20261005T130920538
2025-09-20,S09,P0445,CAT02,2,4,4,2.172,3.916,2.76,High,DEMAND_EXCEEDS_STOCK|BELOW_REORDER,backtest,demand_forecast_run_20261005T130920538
2025-09-20,S09,P0507,CAT02,52,16,19.16,10.106,18.218,15.44,Low,,backtest,demand_forecast_run_20261005T130920538
2025-09-20,S09,P0563,CAT13,14,6,9.33,4.562,9.019,9.21,Low,,backtest,demand_forecast_run_20261005T130920538
2025-09-20,S09,P0579,CAT12,5,3,14.01,2.051,4.33,7.31,Low,,backtest,demand_forecast_run_20261005T130920538
2025-09-20,S09,P0589,CAT03,5,5,5.38,4.527,8.08,3.31,Medium,BELOW_REORDER,backtest,demand_forecast_run_20261005T130920538
2025-09-20,S10,P0003,CAT03,14,5,7.26,4.776,8.557,8.79,Low,,backtest,demand_forecast_run_20261005T130920538
2025-09-20,S10,P0022,CAT05,5,5,3.33,2.765,4.562,5.43,Medium,BELOW_REORDER,backtest,demand_forecast_run_20261005T130920538
2025-09-20,S10,P0032,CAT11,23,14,5.96,11.28,19.326,6.12,Low,,backtest,demand_forecast_run_20261005T130920538
2025-09-20,S10,P0053,CAT06,4,3,27.97,0.74,1.511,16.21,Low,,backtest,demand_forecast_run_20261005T130920538
2025-09-20,S10,P0073,CAT13,8,3,27.97,0.613,1.305,39.18,Low,,backtest,demand_forecast_run_20261005T130920538
2025-09-20,S10,P0170,CAT17,8,3,18.65,1.796,4.234,13.36,Low,,backtest,demand_forecast_run_20261005T130920538
2025-09-20,S10,P0206,CAT15,11,5,17.11,2.617,5.945,12.61,Low,,backtest,demand_forecast_run_20261005T130920538
2025-09-20,S10,P0213,CAT07,6,4,7,2.943,5.89,6.12,Low,,backtest,demand_forecast_run_20261005T130920538
2025-09-20,S10,P0252,CAT18,0,7,0,5.035,11.488,0,High,ZERO_STOCK|DEMAND_EXCEEDS_STOCK|BELOW_REORDER|LOW_DAYS_COVER,backtest,demand_forecast_run_20261005T130920538
2025-09-20,S10,P0272,CAT13,2,3,4,0.817,1.741,7.34,Medium,BELOW_REORDER,backtest,demand_forecast_run_20261005T130920538
2025-09-20,S10,P0288,CAT14,7,4,7,1.984,4.017,10.58,Low,,backtest,demand_forecast_run_20261005T130920538
2025-09-20,S10,P0316,CAT15,9,4,18,1.246,2.831,21.66,Low,,backtest,demand_forecast_run_20261005T130920538
2025-09-20,S10,P0369,CAT09,12,7,8.4,4.776,10.36,7.54,Low,,backtest,demand_forecast_run_20261005T130920538
2025-09-20,S10,P0381,CAT13,0,3,0,2.042,4.352,0,High,ZERO_STOCK|DEMAND_EXCEEDS_STOCK|BELOW_REORDER|LOW_DAYS_COVER,backtest,demand_forecast_run_20261005T130920538
2025-09-20,S10,P0391,CAT06,17,5,18.3,3.126,6.382,16.32,Low,,backtest,demand_forecast_run_20261005T130920538
2025-09-20,S10,P0392,CAT19,6,3,16.81,1.027,2.315,17.53,Low,,backtest,demand_forecast_run_20261005T130920538
2025-09-20,S10,P0408,CAT16,9,4,18,2.105,5.004,12.83,Low,,backtest,demand_forecast_run_20261005T130920538
2025-09-20,S10,P0409,CAT12,13,5,13.99,3.152,7.033,12.37,Low,,backtest,demand_forecast_run_20261005T130920538
2025-09-20,S10,P0433,CAT20,2,2,4.66,0.938,2.308,6.39,Medium,BELOW_REORDER,backtest,demand_forecast_run_20261005T130920538
2025-09-20,S10,P0435,CAT14,0,7,0,4.85,9.818,0,High,ZERO_STOCK|DEMAND_EXCEEDS_STOCK|BELOW_REORDER|LOW_DAYS_COVER,backtest,demand_forecast_run_20261005T130920538
2025-09-20,S10,P0445,CAT02,3,3,3.5,2.352,4.412,3.83,Medium,BELOW_REORDER,backtest,demand_forecast_run_20261005T130920538
2025-09-20,S10,P0507,CAT02,0,13,0,9.7,18.199,0,High,ZERO_STOCK|DEMAND_EXCEEDS_STOCK|BELOW_REORDER|LOW_DAYS_COVER,backtest,demand_forecast_run_20261005T130920538
2025-09-20,S10,P0563,CAT13,20,6,14.74,4.187,8.92,14.33,Low,,backtest,demand_forecast_run_20261005T130920538
2025-09-20,S10,P0579,CAT12,4,3,18.69,0.946,2.11,12.69,Low,,backtest,demand_forecast_run_20261005T130920538
2025-09-20,S10,P0589,CAT03,0,4,0,2.796,5.009,0,High,ZERO_STOCK|DEMAND_EXCEEDS_STOCK|BELOW_REORDER|LOW_DAYS_COVER,backtest,demand_forecast_run_20261005T130920538
2025-09-20,S11,P0003,CAT03,10,6,9.34,3.467,5.084,8.65,Low,,backtest,demand_forecast_run_20261005T130920538
2025-09-20,S11,P0022,CAT05,8,6,3.86,4.594,7.485,5.22,Low,,backtest,demand_forecast_run_20261005T130920538
2025-09-20,S11,P0032,CAT11,30,20,5.12,13.658,21.288,6.59,Low,,backtest,demand_forecast_run_20261005T130920538
2025-09-20,S11,P0053,CAT06,3,4,6.99,1.547,2.996,5.82,Medium,BELOW_REORDER,backtest,demand_forecast_run_20261005T130920538
2025-09-20,S11,P0073,CAT13,1,3,2.33,1.085,1.872,2.76,High,DEMAND_EXCEEDS_STOCK|BELOW_REORDER|LOW_DAYS_COVER,backtest,demand_forecast_run_20261005T130920538
2025-09-20,S11,P0170,CAT17,5,4,5.38,1.905,3.792,7.88,Low,,backtest,demand_forecast_run_20261005T130920538
2025-09-20,S11,P0206,CAT15,0,7,0,3.494,5.853,0,High,ZERO_STOCK|DEMAND_EXCEEDS_STOCK|BELOW_REORDER|LOW_DAYS_COVER,backtest,demand_forecast_run_20261005T130920538
2025-09-20,S11,P0213,CAT07,3,6,2.21,3.871,7.32,2.33,High,DEMAND_EXCEEDS_STOCK|BELOW_REORDER|LOW_DAYS_COVER,backtest,demand_forecast_run_20261005T130920538
2025-09-20,S11,P0252,CAT18,16,9,5.74,6.871,13.017,6.99,Low,,backtest,demand_forecast_run_20261005T130920538
2025-09-20,S11,P0272,CAT13,12,4,56.07,1.266,2.184,28.44,Low,,backtest,demand_forecast_run_20261005T130920538
2025-09-20,S11,P0288,CAT14,4,5,2.67,3.18,5.528,3.77,Medium,BELOW_REORDER|LOW_DAYS_COVER,backtest,demand_forecast_run_20261005T130920538
2025-09-20,S11,P0316,CAT15,7,4,7.53,3.289,5.509,6.39,Low,,backtest,demand_forecast_run_20261005T130920538
2025-09-20,S11,P0369,CAT09,15,9,4.67,6.955,13.784,6.47,Low,,backtest,demand_forecast_run_20261005T130920538
2025-09-20,S11,P0381,CAT13,6,4,7.63,2.622,4.525,6.86,Low,,backtest,demand_forecast_run_20261005T130920538
2025-09-20,S11,P0391,CAT06,14,7,14,3.009,5.825,13.96,Low,,backtest,demand_forecast_run_20261005T130920538
2025-09-20,S11,P0392,CAT19,5,3,14.01,1.342,2.639,11.18,Low,,backtest,demand_forecast_run_20261005T130920538
2025-09-20,S11,P0408,CAT16,11,5,8.11,3.469,6.847,9.51,Low,,backtest,demand_forecast_run_20261005T130920538
2025-09-20,S11,P0409,CAT12,0,5,0,2.884,5.136,0,High,ZERO_STOCK|DEMAND_EXCEEDS_STOCK|BELOW_REORDER|LOW_DAYS_COVER,backtest,demand_forecast_run_20261005T130920538
2025-09-20,S11,P0433,CAT20,1,3,1.4,1.092,2.238,2.75,High,DEMAND_EXCEEDS_STOCK|BELOW_REORDER|LOW_DAYS_COVER,backtest,demand_forecast_run_20261005T130920538
2025-09-20,S11,P0435,CAT14,20,9,7.78,6.862,11.928,8.74,Low,,backtest,demand_forecast_run_20261005T130920538
2025-09-20,S11,P0445,CAT02,7,5,9.8,2.236,3.964,9.39,Low,,backtest,demand_forecast_run_20261005T130920538
2025-09-20,S11,P0507,CAT02,46,18,7.95,12.34,21.882,11.18,Low,,backtest,demand_forecast_run_20261005T130920538
2025-09-20,S11,P0563,CAT13,3,7,1.45,5.606,9.674,1.61,High,DEMAND_EXCEEDS_STOCK|BELOW_REORDER|LOW_DAYS_COVER,backtest,demand_forecast_run_20261005T130920538
2025-09-20,S11,P0579,CAT12,5,3,11.66,1.923,3.424,7.8,Low,,backtest,demand_forecast_run_20261005T130920538
2025-09-20,S11,P0589,CAT03,14,5,21.77,3.333,4.889,12.6,Low,,backtest,demand_forecast_run_20261005T130920538
2025-09-20,S12,P0003,CAT03,17,6,14,3.269,5.844,15.6,Low,,backtest,demand_forecast_run_20261005T130920538
2025-09-20,S12,P0022,CAT05,9,5,5.25,2.926,4.654,9.23,Low,,backtest,demand_forecast_run_20261005T130920538
2025-09-20,S12,P0032,CAT11,40,15,5.14,11.953,19.921,10.04,Low,,backtest,demand_forecast_run_20261005T130920538
2025-09-20,S12,P0053,CAT06,7,3,14,1.595,3.591,13.16,Low,,backtest,demand_forecast_run_20261005T130920538
2025-09-20,S12,P0073,CAT13,8,3,37.38,0.925,1.83,25.94,Low,,backtest,demand_forecast_run_20261005T130920538
2025-09-20,S12,P0170,CAT17,10,3,15.55,1.656,4.109,18.12,Low,,backtest,demand_forecast_run_20261005T130920538
2025-09-20,S12,P0206,CAT15,0,6,0,3.448,6.737,0,High,ZERO_STOCK|DEMAND_EXCEEDS_STOCK|BELOW_REORDER|LOW_DAYS_COVER,backtest,demand_forecast_run_20261005T130920538
2025-09-20,S12,P0213,CAT07,8,5,8,2.619,5.278,9.16,Low,,backtest,demand_forecast_run_20261005T130920538
2025-09-20,S12,P0252,CAT18,20,7,15.55,4.047,10.087,14.83,Low,,backtest,demand_forecast_run_20261005T130920538
2025-09-20,S12,P0272,CAT13,3,3,5.25,1.851,3.66,4.86,Medium,BELOW_REORDER,backtest,demand_forecast_run_20261005T130920538
2025-09-20,S12,P0288,CAT14,10,4,9.34,2.295,4.926,13.07,Low,,backtest,demand_forecast_run_20261005T130920538
2025-09-20,S12,P0316,CAT15,4,3,6.22,2.052,4.01,5.85,Low,,backtest,demand_forecast_run_20261005T130920538
2025-09-20,S12,P0369,CAT09,20,8,10.37,7.185,14.245,8.35,Low,,backtest,demand_forecast_run_20261005T130920538
2025-09-20,S12,P0381,CAT13,9,3,15.76,1.954,3.864,13.82,Low,,backtest,demand_forecast_run_20261005T130920538
2025-09-20,S12,P0391,CAT06,8,5,7,2.871,6.464,8.36,Low,,backtest,demand_forecast_run_20261005T130920538
2025-09-20,S12,P0392,CAT19,6,3,16.81,0.994,2.291,18.11,Low,,backtest,demand_forecast_run_20261005T130920538
2025-09-20,S12,P0408,CAT16,6,4,10.51,1.715,4.304,10.5,Low,,backtest,demand_forecast_run_20261005T130920538
2025-09-20,S12,P0409,CAT12,11,4,11,2.166,5.212,15.24,Low,,backtest,demand_forecast_run_20261005T130920538
2025-09-20,S12,P0433,CAT20,4,2,11.2,0.733,1.893,16.37,Low,,backtest,demand_forecast_run_20261005T130920538
2025-09-20,S12,P0435,CAT14,7,6,3.27,5.632,12.092,3.73,Low,,backtest,demand_forecast_run_20261005T130920538
2025-09-20,S12,P0445,CAT02,8,3,18.65,0.942,1.746,25.48,Low,,backtest,demand_forecast_run_20261005T130920538
2025-09-20,S12,P0507,CAT02,26,14,5.35,8.049,14.92,9.69,Low,,backtest,demand_forecast_run_20261005T130920538
2025-09-20,S12,P0563,CAT13,6,6,6,3.187,6.304,5.65,Medium,BELOW_REORDER,backtest,demand_forecast_run_20261005T130920538
2025-09-20,S12,P0579,CAT12,0,3,0,1.011,2.432,0,High,ZERO_STOCK|DEMAND_EXCEEDS_STOCK|BELOW_REORDER|LOW_DAYS_COVER,backtest,demand_forecast_run_20261005T130920538
2025-09-20,S12,P0589,CAT03,4,4,9.32,2.179,3.896,5.51,Medium,BELOW_REORDER,backtest,demand_forecast_run_20261005T130920538
2025-09-21,S01,P0003,CAT03,12,6,11.2,3.969,6.26,9.07,Low,,backtest,demand_forecast_run_20261005T130920538
2025-09-21,S01,P0022,CAT05,10,5,8.24,2.208,4.903,13.59,Low,,backtest,demand_forecast_run_20261005T130920538
2025-09-21,S01,P0032,CAT11,49,14,11.06,11.464,18.953,12.82,Low,,backtest,demand_forecast_run_20261005T130920538
2025-09-21,S01,P0053,CAT06,9,3,20.98,1.194,2.446,22.61,Low,,backtest,demand_forecast_run_20261005T130920538
2025-09-21,S01,P0073,CAT13,4,3,18.69,0.888,1.762,13.52,Low,,backtest,demand_forecast_run_20261005T130920538
2025-09-21,S01,P0170,CAT17,6,4,20.98,1.664,3.839,10.82,Low,,backtest,demand_forecast_run_20261005T130920538
2025-09-21,S01,P0206,CAT15,12,6,11.2,2.772,5.848,12.99,Low,,backtest,demand_forecast_run_20261005T130920538
2025-09-21,S01,P0213,CAT07,8,5,7,2.646,5.512,9.07,Low,,backtest,demand_forecast_run_20261005T130920538
2025-09-21,S01,P0252,CAT18,13,7,10.71,4.83,12.276,8.07,Low,,backtest,demand_forecast_run_20261005T130920538
2025-09-21,S01,P0272,CAT13,4,3,8,1.406,2.789,8.54,Low,,backtest,demand_forecast_run_20261005T130920538
2025-09-21,S01,P0288,CAT14,8,4,16,1.058,2.372,22.68,Low,,backtest,demand_forecast_run_20261005T130920538
2025-09-21,S01,P0316,CAT15,7,3,24.48,0.693,1.462,30.3,Low,,backtest,demand_forecast_run_20261005T130920538
2025-09-21,S01,P0369,CAT09,24,8,37.33,5.473,10.533,13.15,Low,,backtest,demand_forecast_run_20261005T130920538
2025-09-21,S01,P0381,CAT13,5,3,8.76,1.554,3.083,9.66,Low,,backtest,demand_forecast_run_20261005T130920538
2025-09-21,S01,P0391,CAT06,5,5,7,4.896,10.027,3.06,Medium,BELOW_REORDER,backtest,demand_forecast_run_20261005T130920538
2025-09-21,S01,P0392,CAT19,5,3,11.66,1.069,2.365,14.03,Low,,backtest,demand_forecast_run_20261005T130920538
2025-09-21,S01,P0408,CAT16,10,4,17.51,1.462,4.079,20.52,Low,,backtest,demand_forecast_run_20261005T130920538
2025-09-21,S01,P0409,CAT12,0,4,0,1.978,4.081,0,High,ZERO_STOCK|DEMAND_EXCEEDS_STOCK|BELOW_REORDER|LOW_DAYS_COVER,backtest,demand_forecast_run_20261005T130920538
2025-09-21,S01,P0433,CAT20,8,3,14.01,0.82,2.325,29.26,Low,,backtest,demand_forecast_run_20261005T130920538
2025-09-21,S01,P0435,CAT14,3,7,1.17,4.006,8.981,2.25,High,DEMAND_EXCEEDS_STOCK|BELOW_REORDER|LOW_DAYS_COVER,backtest,demand_forecast_run_20261005T130920538
2025-09-21,S01,P0445,CAT02,10,4,28.01,1.108,2.004,27.07,Low,,backtest,demand_forecast_run_20261005T130920538
2025-09-21,S01,P0507,CAT02,38,14,9.5,9.788,17.7,11.65,Low,,backtest,demand_forecast_run_20261005T130920538
2025-09-21,S01,P0563,CAT13,6,6,3.23,3.403,6.752,5.29,Medium,BELOW_REORDER,backtest,demand_forecast_run_20261005T130920538
2025-09-21,S01,P0579,CAT12,9,3,15.76,1.413,2.915,19.11,Low,,backtest,demand_forecast_run_20261005T130920538
2025-09-21,S01,P0589,CAT03,8,4,7.47,3.368,5.311,7.13,Low,,backtest,demand_forecast_run_20261005T130920538
2025-09-21,S02,P0003,CAT03,9,6,5.25,4.713,8.247,5.73,Low,,backtest,demand_forecast_run_20261005T130920538
2025-09-21,S02,P0022,CAT05,14,6,14,3.672,6.362,11.44,Low,,backtest,demand_forecast_run_20261005T130920538
2025-09-21,S02,P0032,CAT11,19,17,5.54,9.532,17.404,5.98,Low,,backtest,demand_forecast_run_20261005T130920538
2025-09-21,S02,P0053,CAT06,7,3,19.61,0.692,1.478,30.37,Low,,backtest,demand_forecast_run_20261005T130920538
2025-09-21,S02,P0073,CAT13,6,3,12,0.997,2.093,18.05,Low,,backtest,demand_forecast_run_20261005T130920538
2025-09-21,S02,P0170,CAT17,9,3,62.94,1.19,3.116,22.7,Low,,backtest,demand_forecast_run_20261005T130920538
2025-09-21,S02,P0206,CAT15,10,6,11.67,3.014,6.233,9.95,Low,,backtest,demand_forecast_run_20261005T130920538
2025-09-21,S02,P0213,CAT07,0,5,0,2.684,6.542,0,High,ZERO_STOCK|DEMAND_EXCEEDS_STOCK|BELOW_REORDER|LOW_DAYS_COVER,backtest,demand_forecast_run_20261005T130920538
2025-09-21,S02,P0252,CAT18,13,7,5.87,4.584,12.341,8.51,Low,,backtest,demand_forecast_run_20261005T130920538
2025-09-21,S02,P0272,CAT13,9,3,11.45,1.496,3.139,18.05,Low,,backtest,demand_forecast_run_20261005T130920538
2025-09-21,S02,P0288,CAT14,9,4,10.5,1.577,3.495,17.12,Low,,backtest,demand_forecast_run_20261005T130920538
2025-09-21,S02,P0316,CAT15,6,3,16.81,1.096,2.267,16.42,Low,,backtest,demand_forecast_run_20261005T130920538
2025-09-21,S02,P0369,CAT09,17,8,29.77,5.066,10.648,10.07,Low,,backtest,demand_forecast_run_20261005T130920538
2025-09-21,S02,P0381,CAT13,13,3,,0.997,2.093,39.11,Low,,backtest,demand_forecast_run_20261005T130920538
2025-09-21,S02,P0391,CAT06,0,7,0,4.939,10.56,0,High,ZERO_STOCK|DEMAND_EXCEEDS_STOCK|BELOW_REORDER|LOW_DAYS_COVER,backtest,demand_forecast_run_20261005T130920538
2025-09-21,S02,P0392,CAT19,3,3,4.67,1.077,2.714,8.36,Medium,BELOW_REORDER,backtest,demand_forecast_run_20261005T130920538
2025-09-21,S02,P0408,CAT16,11,4,15.41,1.886,5.372,17.5,Low,,backtest,demand_forecast_run_20261005T130920538
2025-09-21,S02,P0409,CAT12,7,5,5.16,3.955,7.758,5.31,Low,,backtest,demand_forecast_run_20261005T130920538
2025-09-21,S02,P0433,CAT20,5,3,11.66,0.474,1.306,31.67,Low,,backtest,demand_forecast_run_20261005T130920538
2025-09-21,S02,P0435,CAT14,6,8,3.65,4.882,10.817,3.69,Medium,BELOW_REORDER,backtest,demand_forecast_run_20261005T130920538
2025-09-21,S02,P0445,CAT02,9,4,14,1.772,3.008,15.24,Low,,backtest,demand_forecast_run_20261005T130920538
2025-09-21,S02,P0507,CAT02,30,15,8.4,11.464,19.461,7.85,Low,,backtest,demand_forecast_run_20261005T130920538
2025-09-21,S02,P0563,CAT13,12,6,12,2.565,5.382,14.04,Low,,backtest,demand_forecast_run_20261005T130920538
2025-09-21,S02,P0579,CAT12,10,3,69.93,1.258,2.468,23.84,Low,,backtest,demand_forecast_run_20261005T130920538
2025-09-21,S02,P0589,CAT03,7,4,6.12,2.664,4.662,7.88,Low,,backtest,demand_forecast_run_20261005T130920538
2025-09-21,S03,P0003,CAT03,8,6,5.6,2.8,5.285,8.57,Low,,backtest,demand_forecast_run_20261005T130920538
2025-09-21,S03,P0022,CAT05,8,5,6.59,2.165,4.387,11.09,Low,,backtest,demand_forecast_run_20261005T130920538
2025-09-21,S03,P0032,CAT11,18,15,5.36,11.664,20.766,4.63,Low,,backtest,demand_forecast_run_20261005T130920538
2025-09-21,S03,P0053,CAT06,13,4,18.21,1.34,2.757,29.11,Low,,backtest,demand_forecast_run_20261005T130920538
2025-09-21,S03,P0073,CAT13,3,3,5.25,1.06,2.311,8.49,Medium,BELOW_REORDER,backtest,demand_forecast_run_20261005T130920538
2025-09-21,S03,P0170,CAT17,9,4,14,3.193,7.13,8.46,Low,,backtest,demand_forecast_run_20261005T130920538
2025-09-21,S03,P0206,CAT15,8,6,8.61,2.916,6.537,8.23,Low,,backtest,demand_forecast_run_20261005T130920538
2025-09-21,S03,P0213,CAT07,11,4,8.55,2.686,5.841,12.29,Low,,backtest,demand_forecast_run_20261005T130920538
2025-09-21,S03,P0252,CAT18,1,8,1.17,5.285,12.582,0.57,High,DEMAND_EXCEEDS_STOCK|BELOW_REORDER|LOW_DAYS_COVER,backtest,demand_forecast_run_20261005T130920538
2025-09-21,S03,P0272,CAT13,4,3,13.99,1.06,2.311,11.32,Low,,backtest,demand_forecast_run_20261005T130920538
2025-09-21,S03,P0288,CAT14,7,3,12.26,1.079,2.709,19.46,Low,,backtest,demand_forecast_run_20261005T130920538
2025-09-21,S03,P0316,CAT15,9,4,18,1.652,3.705,16.34,Low,,backtest,demand_forecast_run_20261005T130920538
2025-09-21,S03,P0369,CAT09,14,8,9.33,4.212,8.852,9.97,Low,,backtest,demand_forecast_run_20261005T130920538
2025-09-21,S03,P0381,CAT13,5,3,14.01,1.178,2.568,12.73,Low,,backtest,demand_forecast_run_20261005T130920538
2025-09-21,S03,P0391,CAT06,21,6,18.37,4.733,9.742,13.31,Low,,backtest,demand_forecast_run_20261005T130920538
2025-09-21,S03,P0392,CAT19,10,3,28.01,0.892,2.232,33.62,Low,,backtest,demand_forecast_run_20261005T130920538
2025-09-21,S03,P0408,CAT16,10,4,10.76,1.663,4.789,18.04,Low,,backtest,demand_forecast_run_20261005T130920538
2025-09-21,S03,P0409,CAT12,10,4,10.76,1.829,4.173,16.41,Low,,backtest,demand_forecast_run_20261005T130920538
2025-09-21,S03,P0433,CAT20,4,2,,0,0,,Low,,backtest,demand_forecast_run_20261005T130920538
2025-09-21,S03,P0435,CAT14,14,7,9.33,3.924,9.852,10.7,Low,,backtest,demand_forecast_run_20261005T130920538
2025-09-21,S03,P0445,CAT02,7,3,16.32,1.052,2.091,19.96,Low,,backtest,demand_forecast_run_20261005T130920538
2025-09-21,S03,P0507,CAT02,32,14,8.78,9.818,19.516,9.78,Low,,backtest,demand_forecast_run_20261005T130920538
2025-09-21,S03,P0563,CAT13,11,6,11.84,3.18,6.934,10.38,Low,,backtest,demand_forecast_run_20261005T130920538
2025-09-21,S03,P0579,CAT12,0,3,0,1.752,3.999,0,High,ZERO_STOCK|DEMAND_EXCEEDS_STOCK|BELOW_REORDER|LOW_DAYS_COVER,backtest,demand_forecast_run_20261005T130920538
2025-09-21,S03,P0589,CAT03,7,5,5.77,3.238,6.111,6.49,Low,,backtest,demand_forecast_run_20261005T130920538
2025-09-21,S04,P0003,CAT03,12,5,9.88,3.29,6.249,10.94,Low,,backtest,demand_forecast_run_20261005T130920538
2025-09-21,S04,P0022,CAT05,5,5,7,2.255,4.109,6.65,Medium,BELOW_REORDER,backtest,demand_forecast_run_20261005T130920538
2025-09-21,S04,P0032,CAT11,19,12,6.05,8.252,17.001,6.91,Low,,backtest,demand_forecast_run_20261005T130920538
2025-09-21,S04,P0053,CAT06,5,3,14.01,0.845,1.899,17.75,Low,,backtest,demand_forecast_run_20261005T130920538
2025-09-21,S04,P0073,CAT13,3,2,8.4,1.177,2.538,7.65,Low,,backtest,demand_forecast_run_20261005T130920538
2025-09-21,S04,P0170,CAT17,7,3,10.89,1.7,4.84,12.35,Low,,backtest,demand_forecast_run_20261005T130920538
2025-09-21,S04,P0206,CAT15,10,5,15.55,2.49,5.959,12.05,Low,,backtest,demand_forecast_run_20261005T130920538
2025-09-21,S04,P0213,CAT07,5,4,5,1.592,3.719,9.42,Low,,backtest,demand_forecast_run_20261005T130920538
2025-09-21,S04,P0252,CAT18,12,6,9.88,3.727,8.824,9.66,Low,,backtest,demand_forecast_run_20261005T130920538
2025-09-21,S04,P0272,CAT13,9,3,42.06,1.569,3.384,17.21,Low,,backtest,demand_forecast_run_20261005T130920538
2025-09-21,S04,P0288,CAT14,5,4,14.01,1.008,2.363,14.89,Low,,backtest,demand_forecast_run_20261005T130920538
2025-09-21,S04,P0316,CAT15,8,3,55.94,0.581,1.391,41.32,Low,,backtest,demand_forecast_run_20261005T130920538
2025-09-21,S04,P0369,CAT09,20,6,28.01,3.682,7.956,16.3,Low,,backtest,demand_forecast_run_20261005T130920538
2025-09-21,S04,P0381,CAT13,6,3,84.51,1.177,2.538,15.3,Low,,backtest,demand_forecast_run_20261005T130920538
2025-09-21,S04,P0391,CAT06,12,5,24,2.367,5.317,15.21,Low,,backtest,demand_forecast_run_20261005T130920538
2025-09-21,S04,P0392,CAT19,5,3,14.01,1,2.49,14.99,Low,,backtest,demand_forecast_run_20261005T130920538
2025-09-21,S04,P0408,CAT16,14,3,65.42,1.415,3.756,29.67,Low,,backtest,demand_forecast_run_20261005T130920538
2025-09-21,S04,P0409,CAT12,2,4,2.33,1.638,3.847,3.66,Medium,BELOW_REORDER|LOW_DAYS_COVER,backtest,demand_forecast_run_20261005T130920538
2025-09-21,S04,P0433,CAT20,10,2,69.93,0.206,0.73,145.56,Low,,backtest,demand_forecast_run_20261005T130920538
2025-09-21,S04,P0435,CAT14,12,6,8.84,2.834,6.645,12.7,Low,,backtest,demand_forecast_run_20261005T130920538
2025-09-21,S04,P0445,CAT02,8,3,14.01,1.727,3.71,13.89,Low,,backtest,demand_forecast_run_20261005T130920538
2025-09-21,S04,P0507,CAT02,13,11,4.67,7.557,16.232,5.16,Low,,backtest,demand_forecast_run_20261005T130920538
2025-09-21,S04,P0563,CAT13,6,5,9.33,1.569,3.384,11.47,Low,,backtest,demand_forecast_run_20261005T130920538
2025-09-21,S04,P0579,CAT12,8,3,18.65,0.784,1.84,30.63,Low,,backtest,demand_forecast_run_20261005T130920538
2025-09-21,S04,P0589,CAT03,6,4,9.33,2.437,4.629,7.38,Low,,backtest,demand_forecast_run_20261005T130920538
2025-09-21,S05,P0003,CAT03,4,4,4,2.192,4.583,5.47,Medium,BELOW_REORDER,backtest,demand_forecast_run_20261005T130920538
2025-09-21,S05,P0022,CAT05,7,4,9.8,2.075,5.055,10.12,Low,,backtest,demand_forecast_run_20261005T130920538
2025-09-21,S05,P0032,CAT11,37,11,16.71,6.547,14.6,16.95,Low,,backtest,demand_forecast_run_20261005T130920538
2025-09-21,S05,P0053,CAT06,8,3,14.01,0.677,1.831,35.46,Low,,backtest,demand_forecast_run_20261005T130920538
2025-09-21,S05,P0073,CAT13,4,2,27.97,0.359,0.97,33.39,Low,,backtest,demand_forecast_run_20261005T130920538
2025-09-21,S05,P0170,CAT17,7,3,19.61,1.057,2.661,19.87,Low,,backtest,demand_forecast_run_20261005T130920538
2025-09-21,S05,P0206,CAT15,11,4,7.33,2.348,6.261,14.05,Low,,backtest,demand_forecast_run_20261005T130920538
2025-09-21,S05,P0213,CAT07,10,4,23.31,1.626,4.416,18.45,Low,,backtest,demand_forecast_run_20261005T130920538
2025-09-21,S05,P0252,CAT18,18,5,22.9,3.879,8.275,13.92,Low,,backtest,demand_forecast_run_20261005T130920538
2025-09-21,S05,P0272,CAT13,5,3,8.76,0.899,2.425,16.69,Low,,backtest,demand_forecast_run_20261005T130920538
2025-09-21,S05,P0288,CAT14,3,3,3.23,1.509,3.868,5.96,Medium,BELOW_REORDER,backtest,demand_forecast_run_20261005T130920538
2025-09-21,S05,P0316,CAT15,6,3,13.99,0.881,2.348,20.44,Low,,backtest,demand_forecast_run_20261005T130920538
2025-09-21,S05,P0369,CAT09,10,6,7.37,3.455,8.271,8.68,Low,,backtest,demand_forecast_run_20261005T130920538
2025-09-21,S05,P0381,CAT13,5,3,7.78,0.899,2.425,16.69,Low,,backtest,demand_forecast_run_20261005T130920538
2025-09-21,S05,P0391,CAT06,4,5,2.43,2.082,5.633,5.76,Medium,BELOW_REORDER|LOW_DAYS_COVER,backtest,demand_forecast_run_20261005T130920538
2025-09-21,S05,P0392,CAT19,3,2,10.49,0.578,1.621,15.56,Low,,backtest,demand_forecast_run_20261005T130920538
2025-09-21,S05,P0408,CAT16,7,3,14,1.095,3.039,19.18,Low,,backtest,demand_forecast_run_20261005T130920538
2025-09-21,S05,P0409,CAT12,9,3,20.98,1.777,4.666,15.19,Low,,backtest,demand_forecast_run_20261005T130920538
2025-09-21,S05,P0433,CAT20,4,2,27.97,0.346,0.932,34.69,Low,,backtest,demand_forecast_run_20261005T130920538
2025-09-21,S05,P0435,CAT14,20,6,12.73,2.607,6.682,23.02,Low,,backtest,demand_forecast_run_20261005T130920538
2025-09-21,S05,P0445,CAT02,2,3,4.66,0.648,1.594,9.25,Medium,BELOW_REORDER,backtest,demand_forecast_run_20261005T130920538
2025-09-21,S05,P0507,CAT02,27,9,10.8,6.115,15.026,13.25,Low,,backtest,demand_forecast_run_20261005T130920538
2025-09-21,S05,P0563,CAT13,15,5,23.33,1.917,5.173,23.47,Low,,backtest,demand_forecast_run_20261005T130920538
2025-09-21,S05,P0579,CAT12,8,3,27.97,0.748,1.965,32.08,Low,,backtest,demand_forecast_run_20261005T130920538
2025-09-21,S05,P0589,CAT03,5,4,5.83,2.192,4.583,6.84,Low,,backtest,demand_forecast_run_20261005T130920538
2025-09-21,S06,P0003,CAT03,12,6,7.64,3.461,5.859,10.4,Low,,backtest,demand_forecast_run_20261005T130920538
2025-09-21,S06,P0022,CAT05,5,6,5,2.317,4.211,6.47,Medium,BELOW_REORDER,backtest,demand_forecast_run_20261005T130920538
2025-09-21,S06,P0032,CAT11,30,18,6.89,13.331,21.223,6.75,Low,,backtest,demand_forecast_run_20261005T130920538
2025-09-21,S06,P0053,CAT06,15,4,30,1.799,3.609,25.01,Low,,backtest,demand_forecast_run_20261005T130920538
2025-09-21,S06,P0073,CAT13,12,4,14,2.023,4.113,17.79,Low,,backtest,demand_forecast_run_20261005T130920538
2025-09-21,S06,P0170,CAT17,6,4,7.63,1.797,4.042,10.01,Low,,backtest,demand_forecast_run_20261005T130920538
2025-09-21,S06,P0206,CAT15,7,7,4.26,5.609,10.813,3.74,Medium,BELOW_REORDER,backtest,demand_forecast_run_20261005T130920538
2025-09-21,S06,P0213,CAT07,7,6,6.54,3.823,7.528,5.49,Low,,backtest,demand_forecast_run_20261005T130920538
2025-09-21,S06,P0252,CAT18,14,8,10.32,5.584,13.299,7.52,Low,,backtest,demand_forecast_run_20261005T130920538
2025-09-21,S06,P0272,CAT13,7,4,9.8,1.38,2.804,15.22,Low,,backtest,demand_forecast_run_20261005T130920538
2025-09-21,S06,P0288,CAT14,9,4,20.98,1.514,2.788,17.84,Low,,backtest,demand_forecast_run_20261005T130920538
2025-09-21,S06,P0316,CAT15,12,4,18.66,1.588,3.06,22.68,Low,,backtest,demand_forecast_run_20261005T130920538
2025-09-21,S06,P0369,CAT09,14,10,7.54,5.591,12.226,7.51,Low,,backtest,demand_forecast_run_20261005T130920538
2025-09-21,S06,P0381,CAT13,13,4,9.1,2.667,5.421,14.62,Low,,backtest,demand_forecast_run_20261005T130920538
2025-09-21,S06,P0391,CAT06,3,7,2.33,3.598,7.217,2.5,High,DEMAND_EXCEEDS_STOCK|BELOW_REORDER|LOW_DAYS_COVER,backtest,demand_forecast_run_20261005T130920538
2025-09-21,S06,P0392,CAT19,12,3,15.27,1.964,3.831,18.33,Low,,backtest,demand_forecast_run_20261005T130920538
2025-09-21,S06,P0408,CAT16,14,5,16.34,3.412,7.928,12.31,Low,,backtest,demand_forecast_run_20261005T130920538
2025-09-21,S06,P0409,CAT12,9,5,7.87,2.566,5.38,10.52,Low,,backtest,demand_forecast_run_20261005T130920538
2025-09-21,S06,P0433,CAT20,8,3,27.97,0.847,1.706,28.34,Low,,backtest,demand_forecast_run_20261005T130920538
2025-09-21,S06,P0435,CAT14,8,9,6.59,5.822,10.725,4.12,Medium,BELOW_REORDER,backtest,demand_forecast_run_20261005T130920538
2025-09-21,S06,P0445,CAT02,6,4,16.81,1.973,3.389,9.12,Low,,backtest,demand_forecast_run_20261005T130920538
2025-09-21,S06,P0507,CAT02,20,17,4.59,12.416,21.334,4.83,Low,,backtest,demand_forecast_run_20261005T130920538
2025-09-21,S06,P0563,CAT13,15,6,15,2.299,4.674,19.57,Low,,backtest,demand_forecast_run_20261005T130920538
2025-09-21,S06,P0579,CAT12,6,4,5.6,2.481,5.201,7.26,Low,,backtest,demand_forecast_run_20261005T130920538
2025-09-21,S06,P0589,CAT03,17,6,12.53,2.942,4.98,17.33,Low,,backtest,demand_forecast_run_20261005T130920538
2025-09-21,S07,P0003,CAT03,10,5,14.01,2.293,4.424,13.08,Low,,backtest,demand_forecast_run_20261005T130920538
2025-09-21,S07,P0022,CAT05,7,4,7,2.376,4.996,8.84,Low,,backtest,demand_forecast_run_20261005T130920538
2025-09-21,S07,P0032,CAT11,19,12,6.49,10.272,17.451,5.55,Low,,backtest,demand_forecast_run_20261005T130920538
2025-09-21,S07,P0053,CAT06,4,3,4.67,0.962,2.158,12.48,Low,,backtest,demand_forecast_run_20261005T130920538
2025-09-21,S07,P0073,CAT13,9,3,15.76,0.532,1.226,50.78,Low,,backtest,demand_forecast_run_20261005T130920538
2025-09-21,S07,P0170,CAT17,4,3,7.01,0.868,2.344,13.82,Low,,backtest,demand_forecast_run_20261005T130920538
2025-09-21,S07,P0206,CAT15,0,5,0,2.662,6.385,0,High,ZERO_STOCK|DEMAND_EXCEEDS_STOCK|BELOW_REORDER|LOW_DAYS_COVER,backtest,demand_forecast_run_20261005T130920538
2025-09-21,S07,P0213,CAT07,5,4,5.38,2.442,4.97,6.14,Low,,backtest,demand_forecast_run_20261005T130920538
2025-09-21,S07,P0252,CAT18,1,5,0.7,3.283,8.742,0.91,High,DEMAND_EXCEEDS_STOCK|BELOW_REORDER|LOW_DAYS_COVER,backtest,demand_forecast_run_20261005T130920538
2025-09-21,S07,P0272,CAT13,9,3,15.76,0.827,1.908,32.65,Low,,backtest,demand_forecast_run_20261005T130920538
2025-09-21,S07,P0288,CAT14,11,3,19.26,1.152,2.528,28.64,Low,,backtest,demand_forecast_run_20261005T130920538
2025-09-21,S07,P0316,CAT15,8,3,27.97,0.466,1.117,51.51,Low,,backtest,demand_forecast_run_20261005T130920538
2025-09-21,S07,P0369,CAT09,4,7,2.43,4.217,9.242,2.85,High,DEMAND_EXCEEDS_STOCK|BELOW_REORDER|LOW_DAYS_COVER,backtest,demand_forecast_run_20261005T130920538
2025-09-21,S07,P0381,CAT13,7,3,14,0.768,1.772,27.34,Low,,backtest,demand_forecast_run_20261005T130920538
2025-09-21,S07,P0391,CAT06,16,5,11.79,2.942,6.6,16.32,Low,,backtest,demand_forecast_run_20261005T130920538
2025-09-21,S07,P0392,CAT19,9,3,18,1.331,3.17,20.28,Low,,backtest,demand_forecast_run_20261005T130920538
2025-09-21,S07,P0408,CAT16,6,3,5.6,1.879,5.274,9.58,Low,,backtest,demand_forecast_run_20261005T130920538
2025-09-21,S07,P0409,CAT12,1,4,0.87,2.313,5.198,1.3,High,DEMAND_EXCEEDS_STOCK|BELOW_REORDER|LOW_DAYS_COVER,backtest,demand_forecast_run_20261005T130920538
2025-09-21,S07,P0433,CAT20,7,2,12.26,0.59,1.702,35.6,Low,,backtest,demand_forecast_run_20261005T130920538
2025-09-21,S07,P0435,CAT14,13,7,5.06,3.638,7.982,10.72,Low,,backtest,demand_forecast_run_20261005T130920538
2025-09-21,S07,P0445,CAT02,9,3,42.06,0.82,1.731,32.94,Low,,backtest,demand_forecast_run_20261005T130920538
2025-09-21,S07,P0507,CAT02,14,11,5.16,6.72,14.196,6.25,Low,,backtest,demand_forecast_run_20261005T130920538
2025-09-21,S07,P0563,CAT13,15,5,10,2.363,5.451,19.04,Low,,backtest,demand_forecast_run_20261005T130920538
2025-09-21,S07,P0579,CAT12,7,3,14,1.261,2.835,16.65,Low,,backtest,demand_forecast_run_20261005T130920538
2025-09-21,S07,P0589,CAT03,8,4,14.01,2.293,4.424,10.47,Low,,backtest,demand_forecast_run_20261005T130920538
2025-09-21,S08,P0003,CAT03,10,7,5.39,3.692,7.098,8.13,Low,,backtest,demand_forecast_run_20261005T130920538
2025-09-21,S08,P0022,CAT05,8,6,5.33,3.156,5.288,7.61,Low,,backtest,demand_forecast_run_20261005T130920538
2025-09-21,S08,P0032,CAT11,42,18,9.97,11.649,20.848,10.82,Low,,backtest,demand_forecast_run_20261005T130920538
2025-09-21,S08,P0053,CAT06,9,3,10.5,1.15,2.599,23.48,Low,,backtest,demand_forecast_run_20261005T130920538
2025-09-21,S08,P0073,CAT13,12,3,41.96,0.599,0.847,60.08,Low,,backtest,demand_forecast_run_20261005T130920538
2025-09-21,S08,P0170,CAT17,10,4,9.34,1.956,4.551,15.34,Low,,backtest,demand_forecast_run_20261005T130920538
2025-09-21,S08,P0206,CAT15,5,7,3.33,2.969,6.46,5.05,Medium,BELOW_REORDER,backtest,demand_forecast_run_20261005T130920538
2025-09-21,S08,P0213,CAT07,10,6,9.34,2.005,4.308,14.96,Low,,backtest,demand_forecast_run_20261005T130920538
2025-09-21,S08,P0252,CAT18,25,9,16.67,5.576,13.847,13.45,Low,,backtest,demand_forecast_run_20261005T130920538
2025-09-21,S08,P0272,CAT13,10,4,14.01,1.712,2.419,17.52,Low,,backtest,demand_forecast_run_20261005T130920538
2025-09-21,S08,P0288,CAT14,3,4,4.2,1.371,3.124,6.57,Medium,BELOW_REORDER,backtest,demand_forecast_run_20261005T130920538
2025-09-21,S08,P0316,CAT15,12,4,24,1.043,2.27,34.51,Low,,backtest,demand_forecast_run_20261005T130920538
2025-09-21,S08,P0369,CAT09,29,10,12.3,5.11,10.966,17.03,Low,,backtest,demand_forecast_run_20261005T130920538
2025-09-21,S08,P0381,CAT13,11,4,30.81,1.113,1.572,29.66,Low,,backtest,demand_forecast_run_20261005T130920538
2025-09-21,S08,P0391,CAT06,5,6,2.8,3.329,7.525,4.51,Medium,BELOW_REORDER|LOW_DAYS_COVER,backtest,demand_forecast_run_20261005T130920538
2025-09-21,S08,P0392,CAT19,11,4,30.81,1.62,3.839,20.37,Low,,backtest,demand_forecast_run_20261005T130920538
2025-09-21,S08,P0408,CAT16,2,4,1.22,2.258,6.179,2.66,High,DEMAND_EXCEEDS_STOCK|BELOW_REORDER|LOW_DAYS_COVER,backtest,demand_forecast_run_20261005T130920538
2025-09-21,S08,P0409,CAT12,12,5,9.33,2.754,6.039,13.07,Low,,backtest,demand_forecast_run_20261005T130920538
2025-09-21,S08,P0433,CAT20,6,2,41.96,0.71,1.747,25.34,Low,,backtest,demand_forecast_run_20261005T130920538
2025-09-21,S08,P0435,CAT14,14,9,5.45,5.194,11.839,8.09,Low,,backtest,demand_forecast_run_20261005T130920538
2025-09-21,S08,P0445,CAT02,8,4,22.41,1.569,3.019,15.29,Low,,backtest,demand_forecast_run_20261005T130920538
2025-09-21,S08,P0507,CAT02,4,18,0.9,10.636,20.462,1.13,High,DEMAND_EXCEEDS_STOCK|BELOW_REORDER|LOW_DAYS_COVER,backtest,demand_forecast_run_20261005T130920538
2025-09-21,S08,P0563,CAT13,15,8,13.12,5.136,7.256,8.76,Low,,backtest,demand_forecast_run_20261005T130920538
2025-09-21,S08,P0579,CAT12,5,3,5.38,1.573,3.451,9.53,Low,,backtest,demand_forecast_run_20261005T130920538
2025-09-21,S08,P0589,CAT03,9,5,8.4,2.461,4.732,10.97,Low,,backtest,demand_forecast_run_20261005T130920538
2025-09-21,S09,P0003,CAT03,12,5,12,3.868,6.792,9.31,Low,,backtest,demand_forecast_run_20261005T130920538
2025-09-21,S09,P0022,CAT05,13,6,12.14,2.828,5.112,13.79,Low,,backtest,demand_forecast_run_20261005T130920538
2025-09-21,S09,P0032,CAT11,25,17,7,11.817,20.28,6.35,Low,,backtest,demand_forecast_run_20261005T130920538
2025-09-21,S09,P0053,CAT06,8,3,55.94,0.564,1.301,42.55,Low,,backtest,demand_forecast_run_20261005T130920538
2025-09-21,S09,P0073,CAT13,7,3,98.59,0.657,1.351,31.97,Low,,backtest,demand_forecast_run_20261005T130920538
2025-09-21,S09,P0170,CAT17,12,4,16.81,2.066,4.789,17.42,Low,,backtest,demand_forecast_run_20261005T130920538
2025-09-21,S09,P0206,CAT15,10,6,8.24,2.591,5.87,11.58,Low,,backtest,demand_forecast_run_20261005T130920538
2025-09-21,S09,P0213,CAT07,11,5,11.84,4.294,9.161,7.68,Low,,backtest,demand_forecast_run_20261005T130920538
2025-09-21,S09,P0252,CAT18,23,7,18.95,5.195,12.101,13.28,Low,,backtest,demand_forecast_run_20261005T130920538
2025-09-21,S09,P0272,CAT13,6,3,16.81,0.938,1.931,19.18,Low,,backtest,demand_forecast_run_20261005T130920538
2025-09-21,S09,P0288,CAT14,8,4,9.33,1.783,4.269,13.46,Low,,backtest,demand_forecast_run_20261005T130920538
2025-09-21,S09,P0316,CAT15,10,4,10,1.196,2.709,25.09,Low,,backtest,demand_forecast_run_20261005T130920538
2025-09-21,S09,P0369,CAT09,0,8,0,5.341,11.265,0,High,ZERO_STOCK|DEMAND_EXCEEDS_STOCK|BELOW_REORDER|LOW_DAYS_COVER,backtest,demand_forecast_run_20261005T130920538
2025-09-21,S09,P0381,CAT13,2,3,13.99,0.938,1.931,6.39,Medium,BELOW_REORDER,backtest,demand_forecast_run_20261005T130920538
2025-09-21,S09,P0391,CAT06,19,7,14.77,3.545,8.177,16.08,Low,,backtest,demand_forecast_run_20261005T130920538
2025-09-21,S09,P0392,CAT19,9,3,10.5,1.111,2.631,24.31,Low,,backtest,demand_forecast_run_20261005T130920538
2025-09-21,S09,P0408,CAT16,6,4,7,2.373,6.334,7.59,Low,,backtest,demand_forecast_run_20261005T130920538
2025-09-21,S09,P0409,CAT12,15,5,30,2.269,4.974,19.83,Low,,backtest,demand_forecast_run_20261005T130920538
2025-09-21,S09,P0433,CAT20,3,2,14.02,0.436,1.144,20.66,Low,,backtest,demand_forecast_run_20261005T130920538
2025-09-21,S09,P0435,CAT14,20,9,9.66,4.266,10.215,14.06,Low,,backtest,demand_forecast_run_20261005T130920538
2025-09-21,S09,P0445,CAT02,11,4,22,2.1,4.109,15.71,Low,,backtest,demand_forecast_run_20261005T130920538
2025-09-21,S09,P0507,CAT02,46,16,15.71,9.8,19.177,14.08,Low,,backtest,demand_forecast_run_20261005T130920538
2025-09-21,S09,P0563,CAT13,14,6,9.8,3.472,7.143,12.1,Low,,backtest,demand_forecast_run_20261005T130920538
2025-09-21,S09,P0579,CAT12,4,3,9.32,2.042,4.477,5.88,Low,,backtest,demand_forecast_run_20261005T130920538
2025-09-21,S09,P0589,CAT03,15,5,19.08,4.323,7.591,10.41,Low,,backtest,demand_forecast_run_20261005T130920538
2025-09-21,S10,P0003,CAT03,14,5,7.26,4.33,7.931,9.7,Low,,backtest,demand_forecast_run_20261005T130920538
2025-09-21,S10,P0022,CAT05,22,5,18.12,2.479,4.395,26.63,Low,,backtest,demand_forecast_run_20261005T130920538
2025-09-21,S10,P0032,CAT11,21,14,5.55,11.706,19.914,5.38,Low,,backtest,demand_forecast_run_20261005T130920538
2025-09-21,S10,P0053,CAT06,2,3,6.99,0.763,1.832,7.86,Medium,BELOW_REORDER,backtest,demand_forecast_run_20261005T130920538
2025-09-21,S10,P0073,CAT13,8,3,27.97,0.477,1.193,50.28,Low,,backtest,demand_forecast_run_20261005T130920538
2025-09-21,S10,P0170,CAT17,8,3,18.65,1.604,4.2,14.97,Low,,backtest,demand_forecast_run_20261005T130920538
2025-09-21,S10,P0206,CAT15,8,5,11.2,2.289,5.949,10.49,Low,,backtest,demand_forecast_run_20261005T130920538
2025-09-21,S10,P0213,CAT07,6,4,7,2.306,5.153,7.81,Low,,backtest,demand_forecast_run_20261005T130920538
2025-09-21,S10,P0252,CAT18,0,7,0,4.604,12.023,0,High,ZERO_STOCK|DEMAND_EXCEEDS_STOCK|BELOW_REORDER|LOW_DAYS_COVER,backtest,demand_forecast_run_20261005T130920538
2025-09-21,S10,P0272,CAT13,0,3,0,0.875,2.188,0,High,ZERO_STOCK|DEMAND_EXCEEDS_STOCK|BELOW_REORDER|LOW_DAYS_COVER,backtest,demand_forecast_run_20261005T130920538
2025-09-21,S10,P0288,CAT14,5,4,4.37,1.427,3.492,10.51,Low,,backtest,demand_forecast_run_20261005T130920538
2025-09-21,S10,P0316,CAT15,9,4,18,0.954,2.479,28.32,Low,,backtest,demand_forecast_run_20261005T130920538
2025-09-21,S10,P0369,CAT09,12,7,8.4,4.35,10.827,8.28,Low,,backtest,demand_forecast_run_20261005T130920538
2025-09-21,S10,P0381,CAT13,0,3,0,1.511,3.778,0,High,ZERO_STOCK|DEMAND_EXCEEDS_STOCK|BELOW_REORDER|LOW_DAYS_COVER,backtest,demand_forecast_run_20261005T130920538
2025-09-21,S10,P0391,CAT06,15,5,14.01,2.775,6.662,16.22,Low,,backtest,demand_forecast_run_20261005T130920538
2025-09-21,S10,P0392,CAT19,6,3,16.81,0.998,2.341,18.03,Low,,backtest,demand_forecast_run_20261005T130920538
2025-09-21,S10,P0408,CAT16,2,4,2.8,1.998,5.445,3,Medium,BELOW_REORDER|LOW_DAYS_COVER,backtest,demand_forecast_run_20261005T130920538
2025-09-21,S10,P0409,CAT12,13,5,15.17,2.873,7.045,13.57,Low,,backtest,demand_forecast_run_20261005T130920538
2025-09-21,S10,P0433,CAT20,1,2,2.33,0.865,2.393,3.47,Medium,BELOW_REORDER|LOW_DAYS_COVER,backtest,demand_forecast_run_20261005T130920538
2025-09-21,S10,P0435,CAT14,0,7,0,3.768,9.218,0,High,ZERO_STOCK|DEMAND_EXCEEDS_STOCK|BELOW_REORDER|LOW_DAYS_COVER,backtest,demand_forecast_run_20261005T130920538
2025-09-21,S10,P0445,CAT02,10,3,11.67,2.188,4.102,13.71,Low,,backtest,demand_forecast_run_20261005T130920538
2025-09-21,S10,P0507,CAT02,0,13,0,9.419,17.658,0,High,ZERO_STOCK|DEMAND_EXCEEDS_STOCK|BELOW_REORDER|LOW_DAYS_COVER,backtest,demand_forecast_run_20261005T130920538
2025-09-21,S10,P0563,CAT13,19,6,13.3,3.023,7.557,18.86,Low,,backtest,demand_forecast_run_20261005T130920538
2025-09-21,S10,P0579,CAT12,4,3,18.69,0.862,2.113,13.92,Low,,backtest,demand_forecast_run_20261005T130920538
2025-09-21,S10,P0589,CAT03,0,4,0,2.735,5.009,0,High,ZERO_STOCK|DEMAND_EXCEEDS_STOCK|BELOW_REORDER|LOW_DAYS_COVER,backtest,demand_forecast_run_20261005T130920538
2025-09-21,S11,P0003,CAT03,10,6,10,3.276,5.339,9.16,Low,,backtest,demand_forecast_run_20261005T130920538
2025-09-21,S11,P0022,CAT05,8,6,4.15,3.609,6.781,6.65,Low,,backtest,demand_forecast_run_20261005T130920538
2025-09-21,S11,P0032,CAT11,27,20,4.78,13.389,20.953,6.05,Low,,backtest,demand_forecast_run_20261005T130920538
2025-09-21,S11,P0053,CAT06,1,4,2.33,1.485,2.997,2.02,High,DEMAND_EXCEEDS_STOCK|BELOW_REORDER|LOW_DAYS_COVER,backtest,demand_forecast_run_20261005T130920538
2025-09-21,S11,P0073,CAT13,1,3,2.33,0.96,1.748,3.13,Medium,BELOW_REORDER|LOW_DAYS_COVER,backtest,demand_forecast_run_20261005T130920538
2025-09-21,S11,P0170,CAT17,5,4,5.38,1.886,3.937,7.95,Low,,backtest,demand_forecast_run_20261005T130920538
2025-09-21,S11,P0206,CAT15,18,7,14,2.966,5.682,18.21,Low,,backtest,demand_forecast_run_20261005T130920538
2025-09-21,S11,P0213,CAT07,2,6,1.4,3.667,7.096,1.64,High,DEMAND_EXCEEDS_STOCK|BELOW_REORDER|LOW_DAYS_COVER,backtest,demand_forecast_run_20261005T130920538
2025-09-21,S11,P0252,CAT18,18,9,7,6.537,13.901,8.26,Low,,backtest,demand_forecast_run_20261005T130920538
2025-09-21,S11,P0272,CAT13,12,4,56.07,0.96,1.748,37.51,Low,,backtest,demand_forecast_run_20261005T130920538
2025-09-21,S11,P0288,CAT14,4,5,2.67,2.733,4.541,4.39,Medium,BELOW_REORDER|LOW_DAYS_COVER,backtest,demand_forecast_run_20261005T130920538
2025-09-21,S11,P0316,CAT15,6,4,6,2.791,5.348,6.45,Low,,backtest,demand_forecast_run_20261005T130920538
2025-09-21,S11,P0369,CAT09,14,9,4.67,6.639,13.612,6.33,Low,,backtest,demand_forecast_run_20261005T130920538
2025-09-21,S11,P0381,CAT13,6,4,8.4,2.239,4.078,8.04,Low,,backtest,demand_forecast_run_20261005T130920538
2025-09-21,S11,P0391,CAT06,13,7,12.14,2.887,5.828,13.51,Low,,backtest,demand_forecast_run_20261005T130920538
2025-09-21,S11,P0392,CAT19,5,3,17.48,1.292,2.584,11.61,Low,,backtest,demand_forecast_run_20261005T130920538
2025-09-21,S11,P0408,CAT16,11,5,10.27,2.972,6.574,11.1,Low,,backtest,demand_forecast_run_20261005T130920538
2025-09-21,S11,P0409,CAT12,0,5,0,2.731,5.051,0,High,ZERO_STOCK|DEMAND_EXCEEDS_STOCK|BELOW_REORDER|LOW_DAYS_COVER,backtest,demand_forecast_run_20261005T130920538
2025-09-21,S11,P0433,CAT20,9,3,12.61,1.095,2.312,24.65,Low,,backtest,demand_forecast_run_20261005T130920538
2025-09-21,S11,P0435,CAT14,14,9,5.16,6.113,10.158,6.87,Low,,backtest,demand_forecast_run_20261005T130920538
2025-09-21,S11,P0445,CAT02,7,5,9.8,2.257,3.181,9.31,Low,,backtest,demand_forecast_run_20261005T130920538
2025-09-21,S11,P0507,CAT02,41,18,7.27,13.442,18.949,9.15,Low,,backtest,demand_forecast_run_20261005T130920538
2025-09-21,S11,P0563,CAT13,24,7,16,4.878,8.885,14.76,Low,,backtest,demand_forecast_run_20261005T130920538
2025-09-21,S11,P0579,CAT12,5,3,11.66,1.43,2.646,10.49,Low,,backtest,demand_forecast_run_20261005T130920538
2025-09-21,S11,P0589,CAT03,13,5,30.3,3.407,5.553,11.45,Low,,backtest,demand_forecast_run_20261005T130920538
2025-09-21,S12,P0003,CAT03,17,6,17,3.287,6.022,15.51,Low,,backtest,demand_forecast_run_20261005T130920538
2025-09-21,S12,P0022,CAT05,4,5,2.07,2.843,4.536,4.22,Medium,BELOW_REORDER|LOW_DAYS_COVER,backtest,demand_forecast_run_20261005T130920538
2025-09-21,S12,P0032,CAT11,34,15,4.33,12.138,20.955,8.4,Low,,backtest,demand_forecast_run_20261005T130920538
2025-09-21,S12,P0053,CAT06,7,3,14,1.563,3.575,13.43,Low,,backtest,demand_forecast_run_20261005T130920538
2025-09-21,S12,P0073,CAT13,8,3,37.38,0.732,1.58,32.78,Low,,backtest,demand_forecast_run_20261005T130920538
2025-09-21,S12,P0170,CAT17,8,3,14.01,1.405,3.637,17.08,Low,,backtest,demand_forecast_run_20261005T130920538
2025-09-21,S12,P0206,CAT15,13,6,8.27,2.869,5.979,13.59,Low,,backtest,demand_forecast_run_20261005T130920538
2025-09-21,S12,P0213,CAT07,8,5,8.61,2.85,5.133,8.42,Low,,backtest,demand_forecast_run_20261005T130920538
2025-09-21,S12,P0252,CAT18,18,7,16.81,3.731,10.074,14.47,Low,,backtest,demand_forecast_run_20261005T130920538
2025-09-21,S12,P0272,CAT13,3,3,5.25,1.464,3.16,6.15,Medium,BELOW_REORDER,backtest,demand_forecast_run_20261005T130920538
2025-09-21,S12,P0288,CAT14,10,4,9.34,1.562,3.514,19.21,Low,,backtest,demand_forecast_run_20261005T130920538
2025-09-21,S12,P0316,CAT15,3,3,4.2,1.494,3.114,6.02,Medium,BELOW_REORDER,backtest,demand_forecast_run_20261005T130920538
2025-09-21,S12,P0369,CAT09,20,8,10.77,7.123,15.162,8.42,Low,,backtest,demand_forecast_run_20261005T130920538
2025-09-21,S12,P0381,CAT13,5,3,6.36,1.79,3.862,8.38,Low,,backtest,demand_forecast_run_20261005T130920538
2025-09-21,S12,P0391,CAT06,8,5,7.47,2.658,6.077,9.03,Low,,backtest,demand_forecast_run_20261005T130920538
2025-09-21,S12,P0392,CAT19,4,3,8,1.098,2.432,10.93,Low,,backtest,demand_forecast_run_20261005T130920538
2025-09-21,S12,P0408,CAT16,5,4,10,1.69,4.393,8.87,Low,,backtest,demand_forecast_run_20261005T130920538
2025-09-21,S12,P0409,CAT12,10,4,9.34,2.151,5.151,13.95,Low,,backtest,demand_forecast_run_20261005T130920538
2025-09-21,S12,P0433,CAT20,3,2,8.4,0.688,1.746,13.09,Low,,backtest,demand_forecast_run_20261005T130920538
2025-09-21,S12,P0435,CAT14,5,6,2.26,3.763,8.465,3.99,Medium,BELOW_REORDER|LOW_DAYS_COVER,backtest,demand_forecast_run_20261005T130920538
2025-09-21,S12,P0445,CAT02,8,3,18.65,0.954,1.766,25.15,Low,,backtest,demand_forecast_run_20261005T130920538
2025-09-21,S12,P0507,CAT02,21,14,4.32,8.326,15.411,7.57,Low,,backtest,demand_forecast_run_20261005T130920538
2025-09-21,S12,P0563,CAT13,6,6,7,2.522,5.442,7.14,Medium,BELOW_REORDER,backtest,demand_forecast_run_20261005T130920538
2025-09-21,S12,P0579,CAT12,0,3,0,0.971,2.326,0,High,ZERO_STOCK|DEMAND_EXCEEDS_STOCK|BELOW_REORDER|LOW_DAYS_COVER,backtest,demand_forecast_run_20261005T130920538
2025-09-21,S12,P0589,CAT03,3,4,6,1.992,3.65,4.52,Medium,BELOW_REORDER,backtest,demand_forecast_run_20261005T130920538
2025-09-22,S01,P0003,CAT03,11,6,10.27,4.112,6.363,8.03,Low,,backtest,demand_forecast_run_20261005T130920538
2025-09-22,S01,P0022,CAT05,10,5,8.24,2.402,5.172,12.49,Low,,backtest,demand_forecast_run_20261005T130920538
2025-09-22,S01,P0032,CAT11,34,14,7.56,11.307,18.004,9.02,Low,,backtest,demand_forecast_run_20261005T130920538
2025-09-22,S01,P0053,CAT06,5,3,8.76,1.355,2.82,11.07,Low,,backtest,demand_forecast_run_20261005T130920538
2025-09-22,S01,P0073,CAT13,4,3,18.69,0.895,1.826,13.4,Low,,backtest,demand_forecast_run_20261005T130920538
2025-09-22,S01,P0170,CAT17,4,4,18.69,1.5,3.632,8,Medium,BELOW_REORDER,backtest,demand_forecast_run_20261005T130920538
2025-09-22,S01,P0206,CAT15,10,6,9.34,2.603,5.52,11.53,Low,,backtest,demand_forecast_run_20261005T130920538
2025-09-22,S01,P0213,CAT07,7,5,6.12,2.548,5.518,8.24,Low,,backtest,demand_forecast_run_20261005T130920538
2025-09-22,S01,P0252,CAT18,6,7,4.42,4.829,12.219,3.73,Medium,BELOW_REORDER,backtest,demand_forecast_run_20261005T130920538
2025-09-22,S01,P0272,CAT13,4,3,8,1.343,2.739,8.94,Low,,backtest,demand_forecast_run_20261005T130920538
2025-09-22,S01,P0288,CAT14,8,4,16,1.033,2.252,23.24,Low,,backtest,demand_forecast_run_20261005T130920538
2025-09-22,S01,P0316,CAT15,4,3,11.2,0.771,1.636,15.56,Low,,backtest,demand_forecast_run_20261005T130920538
2025-09-22,S01,P0369,CAT09,22,8,30.81,5.062,9.736,13.04,Low,,backtest,demand_forecast_run_20261005T130920538
2025-09-22,S01,P0381,CAT13,5,3,8.76,1.567,3.196,9.57,Low,,backtest,demand_forecast_run_20261005T130920538
2025-09-22,S01,P0391,CAT06,4,5,5.09,4.742,9.871,2.53,High,DEMAND_EXCEEDS_STOCK|BELOW_REORDER,backtest,demand_forecast_run_20261005T130920538
2025-09-22,S01,P0392,CAT19,5,3,11.66,1.07,2.43,14.01,Low,,backtest,demand_forecast_run_20261005T130920538
2025-09-22,S01,P0408,CAT16,8,4,12.44,1.472,4.409,16.3,Low,,backtest,demand_forecast_run_20261005T130920538
2025-09-22,S01,P0409,CAT12,13,4,11.37,2.04,4.112,19.12,Low,,backtest,demand_forecast_run_20261005T130920538
2025-09-22,S01,P0433,CAT20,6,3,8.4,0.882,2.399,20.41,Low,,backtest,demand_forecast_run_20261005T130920538
2025-09-22,S01,P0435,CAT14,0,7,0,3.91,8.526,0,High,ZERO_STOCK|DEMAND_EXCEEDS_STOCK|BELOW_REORDER|LOW_DAYS_COVER,backtest,demand_forecast_run_20261005T130920538
2025-09-22,S01,P0445,CAT02,9,4,20.98,1.192,2.206,22.64,Low,,backtest,demand_forecast_run_20261005T130920538
2025-09-22,S01,P0507,CAT02,33,14,8.25,9.631,17.815,10.28,Low,,backtest,demand_forecast_run_20261005T130920538
2025-09-22,S01,P0563,CAT13,2,6,0.93,3.73,7.608,1.61,High,DEMAND_EXCEEDS_STOCK|BELOW_REORDER|LOW_DAYS_COVER,backtest,demand_forecast_run_20261005T130920538
2025-09-22,S01,P0579,CAT12,8,3,14.01,1.457,2.937,16.47,Low,,backtest,demand_forecast_run_20261005T130920538
2025-09-22,S01,P0589,CAT03,8,4,7.47,2.955,4.573,8.12,Low,,backtest,demand_forecast_run_20261005T130920538
2025-09-22,S02,P0003,CAT03,7,6,3.92,4.268,7.456,4.92,Low,,backtest,demand_forecast_run_20261005T130920538
2025-09-22,S02,P0022,CAT05,11,6,12.84,3.65,6.599,9.04,Low,,backtest,demand_forecast_run_20261005T130920538
2025-09-22,S02,P0032,CAT11,12,17,3.57,9.684,17.442,3.72,Medium,BELOW_REORDER,backtest,demand_forecast_run_20261005T130920538
2025-09-22,S02,P0053,CAT06,5,3,14.01,0.641,1.46,23.4,Low,,backtest,demand_forecast_run_20261005T130920538
2025-09-22,S02,P0073,CAT13,6,3,13.99,0.996,2.079,18.07,Low,,backtest,demand_forecast_run_20261005T130920538
2025-09-22,S02,P0170,CAT17,5,3,11.66,1.526,3.84,9.83,Low,,backtest,demand_forecast_run_20261005T130920538
2025-09-22,S02,P0206,CAT15,6,6,6,3.1,6.408,5.81,Medium,BELOW_REORDER,backtest,demand_forecast_run_20261005T130920538
2025-09-22,S02,P0213,CAT07,16,5,16,2.63,6.188,18.25,Low,,backtest,demand_forecast_run_20261005T130920538
2025-09-22,S02,P0252,CAT18,12,7,6,4.726,12.178,7.62,Low,,backtest,demand_forecast_run_20261005T130920538
2025-09-22,S02,P0272,CAT13,9,3,12.61,1.494,3.118,18.07,Low,,backtest,demand_forecast_run_20261005T130920538
2025-09-22,S02,P0288,CAT14,9,4,12.61,1.541,3.385,17.52,Low,,backtest,demand_forecast_run_20261005T130920538
2025-09-22,S02,P0316,CAT15,6,3,16.81,1.003,2.073,17.95,Low,,backtest,demand_forecast_run_20261005T130920538
2025-09-22,S02,P0369,CAT09,15,8,26.27,4.824,10.377,9.33,Low,,backtest,demand_forecast_run_20261005T130920538
2025-09-22,S02,P0381,CAT13,13,3,,0.996,2.079,39.15,Low,,backtest,demand_forecast_run_20261005T130920538
2025-09-22,S02,P0391,CAT06,4,7,1.87,4.579,10.43,2.62,High,DEMAND_EXCEEDS_STOCK|BELOW_REORDER|LOW_DAYS_COVER,backtest,demand_forecast_run_20261005T130920538
2025-09-22,S02,P0392,CAT19,2,3,2.8,1.144,2.755,5.24,Medium,BELOW_REORDER|LOW_DAYS_COVER,backtest,demand_forecast_run_20261005T130920538
2025-09-22,S02,P0408,CAT16,9,4,12.61,1.911,5.364,14.13,Low,,backtest,demand_forecast_run_20261005T130920538
2025-09-22,S02,P0409,CAT12,6,5,4.42,3.213,6.998,5.6,Low,,backtest,demand_forecast_run_20261005T130920538
2025-09-22,S02,P0433,CAT20,5,3,11.66,0.451,1.322,33.25,Low,,backtest,demand_forecast_run_20261005T130920538
2025-09-22,S02,P0435,CAT14,24,8,14,4.99,10.962,14.43,Low,,backtest,demand_forecast_run_20261005T130920538
2025-09-22,S02,P0445,CAT02,8,4,22.41,1.662,2.959,14.44,Low,,backtest,demand_forecast_run_20261005T130920538
2025-09-22,S02,P0507,CAT02,21,15,5.34,11.44,20.365,5.51,Low,,backtest,demand_forecast_run_20261005T130920538
2025-09-22,S02,P0563,CAT13,12,6,16.81,2.561,5.345,14.06,Low,,backtest,demand_forecast_run_20261005T130920538
2025-09-22,S02,P0579,CAT12,6,3,13.99,1.377,2.999,13.07,Low,,backtest,demand_forecast_run_20261005T130920538
2025-09-22,S02,P0589,CAT03,7,4,6.12,2.412,4.214,8.71,Low,,backtest,demand_forecast_run_20261005T130920538
2025-09-22,S03,P0003,CAT03,18,6,13.26,2.78,5.366,19.42,Low,,backtest,demand_forecast_run_20261005T130920538
2025-09-22,S03,P0022,CAT05,8,5,6.59,1.841,3.826,13.04,Low,,backtest,demand_forecast_run_20261005T130920538
2025-09-22,S03,P0032,CAT11,48,15,14.93,11.881,21.127,12.12,Low,,backtest,demand_forecast_run_20261005T130920538
2025-09-22,S03,P0053,CAT06,10,4,11.67,1.586,3.361,18.92,Low,,backtest,demand_forecast_run_20261005T130920538
2025-09-22,S03,P0073,CAT13,2,3,3.11,1.109,2.546,5.41,Medium,BELOW_REORDER,backtest,demand_forecast_run_20261005T130920538
2025-09-22,S03,P0170,CAT17,9,4,14,3.312,7.118,8.15,Low,,backtest,demand_forecast_run_20261005T130920538
2025-09-22,S03,P0206,CAT15,8,6,8.61,2.666,6.27,9,Low,,backtest,demand_forecast_run_20261005T130920538
2025-09-22,S03,P0213,CAT07,11,4,9.62,2.576,5.619,12.81,Low,,backtest,demand_forecast_run_20261005T130920538
2025-09-22,S03,P0252,CAT18,18,8,21,5.317,13.113,10.16,Low,,backtest,demand_forecast_run_20261005T130920538
2025-09-22,S03,P0272,CAT13,4,3,13.99,0.998,2.292,12.02,Low,,backtest,demand_forecast_run_20261005T130920538
2025-09-22,S03,P0288,CAT14,7,3,14,1.086,2.675,19.34,Low,,backtest,demand_forecast_run_20261005T130920538
2025-09-22,S03,P0316,CAT15,6,4,8.4,1.538,3.617,11.7,Low,,backtest,demand_forecast_run_20261005T130920538
2025-09-22,S03,P0369,CAT09,10,8,6.67,4.159,9.438,7.21,Low,,backtest,demand_forecast_run_20261005T130920538
2025-09-22,S03,P0381,CAT13,5,3,14.01,0.998,2.292,15.02,Low,,backtest,demand_forecast_run_20261005T130920538
2025-09-22,S03,P0391,CAT06,19,6,17.74,4.198,8.897,13.58,Low,,backtest,demand_forecast_run_20261005T130920538
2025-09-22,S03,P0392,CAT19,9,3,25.21,0.904,2.289,29.87,Low,,backtest,demand_forecast_run_20261005T130920538
2025-09-22,S03,P0408,CAT16,10,4,10.76,1.753,4.926,17.11,Low,,backtest,demand_forecast_run_20261005T130920538
2025-09-22,S03,P0409,CAT12,9,4,9,1.782,4.284,15.15,Low,,backtest,demand_forecast_run_20261005T130920538
2025-09-22,S03,P0433,CAT20,4,2,,0,0,,Low,,backtest,demand_forecast_run_20261005T130920538
2025-09-22,S03,P0435,CAT14,14,7,9.8,3.851,9.484,10.91,Low,,backtest,demand_forecast_run_20261005T130920538
2025-09-22,S03,P0445,CAT02,4,3,9.32,0.993,1.87,12.08,Low,,backtest,demand_forecast_run_20261005T130920538
2025-09-22,S03,P0507,CAT02,27,14,8.22,10.625,20.012,7.62,Low,,backtest,demand_forecast_run_20261005T130920538
2025-09-22,S03,P0563,CAT13,7,6,7,3.106,7.129,6.76,Low,,backtest,demand_forecast_run_20261005T130920538
2025-09-22,S03,P0579,CAT12,6,3,7,1.56,3.749,11.54,Low,,backtest,demand_forecast_run_20261005T130920538
2025-09-22,S03,P0589,CAT03,4,5,3.5,3.452,6.661,3.48,Medium,BELOW_REORDER,backtest,demand_forecast_run_20261005T130920538
2025-09-22,S04,P0003,CAT03,10,5,7.37,3.112,6.328,9.64,Low,,backtest,demand_forecast_run_20261005T130920538
2025-09-22,S04,P0022,CAT05,2,5,2.54,2.304,4.278,2.6,High,DEMAND_EXCEEDS_STOCK|BELOW_REORDER|LOW_DAYS_COVER,backtest,demand_forecast_run_20261005T130920538
2025-09-22,S04,P0032,CAT11,16,12,5.6,8.39,17.313,5.72,Low,,backtest,demand_forecast_run_20261005T130920538
2025-09-22,S04,P0053,CAT06,4,3,11.2,0.783,1.78,15.32,Low,,backtest,demand_forecast_run_20261005T130920538
2025-09-22,S04,P0073,CAT13,0,2,0,1.371,3.258,0,High,ZERO_STOCK|DEMAND_EXCEEDS_STOCK|BELOW_REORDER|LOW_DAYS_COVER,backtest,demand_forecast_run_20261005T130920538
2025-09-22,S04,P0170,CAT17,6,3,9.33,1.672,4.789,10.76,Low,,backtest,demand_forecast_run_20261005T130920538
2025-09-22,S04,P0206,CAT15,3,5,3,2.554,6.222,3.52,Medium,BELOW_REORDER,backtest,demand_forecast_run_20261005T130920538
2025-09-22,S04,P0213,CAT07,1,4,0.82,1.83,4.351,1.64,High,DEMAND_EXCEEDS_STOCK|BELOW_REORDER|LOW_DAYS_COVER,backtest,demand_forecast_run_20261005T130920538
2025-09-22,S04,P0252,CAT18,12,6,9.88,3.46,8.467,10.4,Low,,backtest,demand_forecast_run_20261005T130920538
2025-09-22,S04,P0272,CAT13,8,3,27.97,1.486,3.529,16.15,Low,,backtest,demand_forecast_run_20261005T130920538
2025-09-22,S04,P0288,CAT14,1,4,2.8,0.964,2.336,3.11,Medium,BELOW_REORDER|LOW_DAYS_COVER,backtest,demand_forecast_run_20261005T130920538
2025-09-22,S04,P0316,CAT15,8,3,112.68,0.511,1.244,46.99,Low,,backtest,demand_forecast_run_20261005T130920538
2025-09-22,S04,P0369,CAT09,17,6,26.44,3.655,7.614,13.95,Low,,backtest,demand_forecast_run_20261005T130920538
2025-09-22,S04,P0381,CAT13,6,3,84.51,1.028,2.443,17.5,Low,,backtest,demand_forecast_run_20261005T130920538
2025-09-22,S04,P0391,CAT06,9,5,15.76,2.436,5.537,11.08,Low,,backtest,demand_forecast_run_20261005T130920538
2025-09-22,S04,P0392,CAT19,1,3,1.56,1.17,2.9,2.56,High,DEMAND_EXCEEDS_STOCK|BELOW_REORDER|LOW_DAYS_COVER,backtest,demand_forecast_run_20261005T130920538
2025-09-22,S04,P0408,CAT16,14,3,65.42,1.536,3.792,27.35,Low,,backtest,demand_forecast_run_20261005T130920538
2025-09-22,S04,P0409,CAT12,0,4,0,1.45,3.973,0,High,ZERO_STOCK|DEMAND_EXCEEDS_STOCK|BELOW_REORDER|LOW_DAYS_COVER,backtest,demand_forecast_run_20261005T130920538
2025-09-22,S04,P0433,CAT20,9,2,42.06,0.307,0.97,88.06,Low,,backtest,demand_forecast_run_20261005T130920538
2025-09-22,S04,P0435,CAT14,7,6,4.26,2.772,6.716,7.58,Low,,backtest,demand_forecast_run_20261005T130920538
2025-09-22,S04,P0445,CAT02,8,3,14.01,1.724,3.745,13.93,Low,,backtest,demand_forecast_run_20261005T130920538
2025-09-22,S04,P0507,CAT02,9,11,3.15,7.433,16.152,3.63,Medium,BELOW_REORDER,backtest,demand_forecast_run_20261005T130920538
2025-09-22,S04,P0563,CAT13,14,5,24.52,1.486,3.529,28.27,Low,,backtest,demand_forecast_run_20261005T130920538
2025-09-22,S04,P0579,CAT12,8,3,27.97,0.604,1.655,39.74,Low,,backtest,demand_forecast_run_20261005T130920538
2025-09-22,S04,P0589,CAT03,4,4,6.22,2.039,4.146,5.89,Medium,BELOW_REORDER,backtest,demand_forecast_run_20261005T130920538
2025-09-22,S05,P0003,CAT03,3,4,3,2.08,4.613,4.33,Medium,BELOW_REORDER,backtest,demand_forecast_run_20261005T130920538
2025-09-22,S05,P0022,CAT05,4,4,5.6,2.046,4.81,5.86,Medium,BELOW_REORDER,backtest,demand_forecast_run_20261005T130920538
2025-09-22,S05,P0032,CAT11,32,11,14,6.787,15.209,14.14,Low,,backtest,demand_forecast_run_20261005T130920538
2025-09-22,S05,P0053,CAT06,7,3,16.32,0.694,1.917,30.25,Low,,backtest,demand_forecast_run_20261005T130920538
2025-09-22,S05,P0073,CAT13,4,2,27.97,0.249,0.639,48.17,Low,,backtest,demand_forecast_run_20261005T130920538
2025-09-22,S05,P0170,CAT17,7,3,24.48,1.069,2.972,19.65,Low,,backtest,demand_forecast_run_20261005T130920538
2025-09-22,S05,P0206,CAT15,8,4,5.6,2.359,6.426,10.17,Low,,backtest,demand_forecast_run_20261005T130920538
2025-09-22,S05,P0213,CAT07,8,4,18.65,1.682,4.875,14.27,Low,,backtest,demand_forecast_run_20261005T130920538
2025-09-22,S05,P0252,CAT18,12,5,12.92,3.844,8.701,9.37,Low,,backtest,demand_forecast_run_20261005T130920538
2025-09-22,S05,P0272,CAT13,5,3,8.76,0.934,2.396,16.06,Low,,backtest,demand_forecast_run_20261005T130920538
2025-09-22,S05,P0288,CAT14,9,3,9.69,1.601,4.107,16.86,Low,,backtest,demand_forecast_run_20261005T130920538
2025-09-22,S05,P0316,CAT15,4,3,9.32,0.913,2.488,13.14,Low,,backtest,demand_forecast_run_20261005T130920538
2025-09-22,S05,P0369,CAT09,7,6,4.46,3.624,8.947,5.8,Low,,backtest,demand_forecast_run_20261005T130920538
2025-09-22,S05,P0381,CAT13,2,3,2.33,1.121,2.875,5.35,Medium,BELOW_REORDER|LOW_DAYS_COVER,backtest,demand_forecast_run_20261005T130920538
2025-09-22,S05,P0391,CAT06,0,5,0,2.43,6.708,0,High,ZERO_STOCK|DEMAND_EXCEEDS_STOCK|BELOW_REORDER|LOW_DAYS_COVER,backtest,demand_forecast_run_20261005T130920538
2025-09-22,S05,P0392,CAT19,3,2,10.49,0.575,1.727,15.65,Low,,backtest,demand_forecast_run_20261005T130920538
2025-09-22,S05,P0408,CAT16,7,3,14,1.035,3.33,20.29,Low,,backtest,demand_forecast_run_20261005T130920538
2025-09-22,S05,P0409,CAT12,6,3,13.99,1.603,4.525,11.23,Low,,backtest,demand_forecast_run_20261005T130920538
2025-09-22,S05,P0433,CAT20,4,2,27.97,0.334,0.95,35.96,Low,,backtest,demand_forecast_run_20261005T130920538
2025-09-22,S05,P0435,CAT14,16,6,10.67,2.766,7.095,17.35,Low,,backtest,demand_forecast_run_20261005T130920538
2025-09-22,S05,P0445,CAT02,0,3,0,0.685,1.711,0,High,ZERO_STOCK|DEMAND_EXCEEDS_STOCK|BELOW_REORDER|LOW_DAYS_COVER,backtest,demand_forecast_run_20261005T130920538
2025-09-22,S05,P0507,CAT02,24,9,9.6,6.362,15.887,11.32,Low,,backtest,demand_forecast_run_20261005T130920538
2025-09-22,S05,P0563,CAT13,15,5,23.33,1.992,5.112,22.59,Low,,backtest,demand_forecast_run_20261005T130920538
2025-09-22,S05,P0579,CAT12,6,3,13.99,0.844,2.382,21.34,Low,,backtest,demand_forecast_run_20261005T130920538
2025-09-22,S05,P0589,CAT03,2,4,2.54,2.26,5.014,2.65,High,DEMAND_EXCEEDS_STOCK|BELOW_REORDER|LOW_DAYS_COVER,backtest,demand_forecast_run_20261005T130920538
2025-09-22,S06,P0003,CAT03,6,6,3.23,4.305,6.647,4.18,Medium,BELOW_REORDER,backtest,demand_forecast_run_20261005T130920538
2025-09-22,S06,P0022,CAT05,18,6,18,2.728,4.597,19.79,Low,,backtest,demand_forecast_run_20261005T130920538
2025-09-22,S06,P0032,CAT11,17,18,3.55,14.039,21.374,3.63,Medium,BELOW_REORDER,backtest,demand_forecast_run_20261005T130920538
2025-09-22,S06,P0053,CAT06,8,4,16,2.082,3.974,11.53,Low,,backtest,demand_forecast_run_20261005T130920538
2025-09-22,S06,P0073,CAT13,12,4,14,2.158,3.962,16.68,Low,,backtest,demand_forecast_run_20261005T130920538
2025-09-22,S06,P0170,CAT17,4,4,8,1.726,3.874,6.95,Medium,BELOW_REORDER,backtest,demand_forecast_run_20261005T130920538
2025-09-22,S06,P0206,CAT15,4,7,2.43,5.605,10.806,2.14,High,DEMAND_EXCEEDS_STOCK|BELOW_REORDER|LOW_DAYS_COVER,backtest,demand_forecast_run_20261005T130920538
2025-09-22,S06,P0213,CAT07,18,6,18,4.338,7.999,12.45,Low,,backtest,demand_forecast_run_20261005T130920538
2025-09-22,S06,P0252,CAT18,4,8,2.55,6.068,13.347,1.98,High,DEMAND_EXCEEDS_STOCK|BELOW_REORDER|LOW_DAYS_COVER,backtest,demand_forecast_run_20261005T130920538
2025-09-22,S06,P0272,CAT13,6,4,8.4,1.704,3.128,10.56,Low,,backtest,demand_forecast_run_20261005T130920538
2025-09-22,S06,P0288,CAT14,9,4,20.98,1.732,2.996,15.59,Low,,backtest,demand_forecast_run_20261005T130920538
2025-09-22,S06,P0316,CAT15,12,4,18.66,1.586,3.058,22.69,Low,,backtest,demand_forecast_run_20261005T130920538
2025-09-22,S06,P0369,CAT09,9,10,4.85,6.105,12.517,4.42,Medium,BELOW_REORDER,backtest,demand_forecast_run_20261005T130920538
2025-09-22,S06,P0381,CAT13,11,4,7.7,3.294,6.048,10.02,Low,,backtest,demand_forecast_run_20261005T130920538
2025-09-22,S06,P0391,CAT06,21,7,18.37,3.843,7.337,16.39,Low,,backtest,demand_forecast_run_20261005T130920538
2025-09-22,S06,P0392,CAT19,11,3,15.41,2.128,4.08,15.51,Low,,backtest,demand_forecast_run_20261005T130920538
2025-09-22,S06,P0408,CAT16,13,5,16.54,3.267,7.971,11.94,Low,,backtest,demand_forecast_run_20261005T130920538
2025-09-22,S06,P0409,CAT12,11,5,11,2.786,5.672,11.84,Low,,backtest,demand_forecast_run_20261005T130920538
2025-09-22,S06,P0433,CAT20,7,3,19.61,0.859,1.817,24.45,Low,,backtest,demand_forecast_run_20261005T130920538
2025-09-22,S06,P0435,CAT14,6,9,5.25,6.528,11.29,2.76,High,DEMAND_EXCEEDS_STOCK|BELOW_REORDER,backtest,demand_forecast_run_20261005T130920538
2025-09-22,S06,P0445,CAT02,1,4,2.8,2.308,3.758,1.3,High,DEMAND_EXCEEDS_STOCK|BELOW_REORDER|LOW_DAYS_COVER,backtest,demand_forecast_run_20261005T130920538
2025-09-22,S06,P0507,CAT02,13,17,2.89,13.719,22.339,2.84,High,DEMAND_EXCEEDS_STOCK|BELOW_REORDER|LOW_DAYS_COVER,backtest,demand_forecast_run_20261005T130920538
2025-09-22,S06,P0563,CAT13,19,6,19,2.726,5.005,20.91,Low,,backtest,demand_forecast_run_20261005T130920538
2025-09-22,S06,P0579,CAT12,4,4,3.29,2.697,5.489,4.45,Medium,BELOW_REORDER,backtest,demand_forecast_run_20261005T130920538
2025-09-22,S06,P0589,CAT03,10,6,6.09,3.635,5.613,8.25,Low,,backtest,demand_forecast_run_20261005T130920538
2025-09-22,S07,P0003,CAT03,14,5,21.77,2.418,4.466,17.37,Low,,backtest,demand_forecast_run_20261005T130920538
2025-09-22,S07,P0022,CAT05,6,4,6,2.504,4.845,7.19,Low,,backtest,demand_forecast_run_20261005T130920538
2025-09-22,S07,P0032,CAT11,17,12,5.95,10.165,18.014,5.02,Low,,backtest,demand_forecast_run_20261005T130920538
2025-09-22,S07,P0053,CAT06,4,3,5.6,1.025,2.371,11.7,Low,,backtest,demand_forecast_run_20261005T130920538
2025-09-22,S07,P0073,CAT13,7,3,12.26,0.588,1.287,35.74,Low,,backtest,demand_forecast_run_20261005T130920538
2025-09-22,S07,P0170,CAT17,2,3,2.8,1.008,2.791,5.95,Medium,BELOW_REORDER|LOW_DAYS_COVER,backtest,demand_forecast_run_20261005T130920538
2025-09-22,S07,P0206,CAT15,3,5,1.68,2.982,7.065,3.02,Medium,BELOW_REORDER|LOW_DAYS_COVER,backtest,demand_forecast_run_20261005T130920538
2025-09-22,S07,P0213,CAT07,5,4,5.38,2.369,5.058,6.33,Low,,backtest,demand_forecast_run_20261005T130920538
2025-09-22,S07,P0252,CAT18,16,5,11.2,3.32,8.432,14.46,Low,,backtest,demand_forecast_run_20261005T130920538
2025-09-22,S07,P0272,CAT13,6,3,7.63,1.11,2.432,16.22,Low,,backtest,demand_forecast_run_20261005T130920538
2025-09-22,S07,P0288,CAT14,10,3,20,1.211,2.633,24.77,Low,,backtest,demand_forecast_run_20261005T130920538
2025-09-22,S07,P0316,CAT15,5,3,23.36,0.509,1.206,29.46,Low,,backtest,demand_forecast_run_20261005T130920538
2025-09-22,S07,P0369,CAT09,0,7,0,4.938,10.029,0,High,ZERO_STOCK|DEMAND_EXCEEDS_STOCK|BELOW_REORDER|LOW_DAYS_COVER,backtest,demand_forecast_run_20261005T130920538
2025-09-22,S07,P0381,CAT13,5,3,10,0.783,1.717,19.15,Low,,backtest,demand_forecast_run_20261005T130920538
2025-09-22,S07,P0391,CAT06,16,5,11.79,2.956,6.833,16.24,Low,,backtest,demand_forecast_run_20261005T130920538
2025-09-22,S07,P0392,CAT19,9,3,25.21,1.268,3.226,21.3,Low,,backtest,demand_forecast_run_20261005T130920538
2025-09-22,S07,P0408,CAT16,3,3,2.8,1.83,5.413,4.92,Medium,BELOW_REORDER|LOW_DAYS_COVER,backtest,demand_forecast_run_20261005T130920538
2025-09-22,S07,P0409,CAT12,0,4,0,2.185,5.406,0,High,ZERO_STOCK|DEMAND_EXCEEDS_STOCK|BELOW_REORDER|LOW_DAYS_COVER,backtest,demand_forecast_run_20261005T130920538
2025-09-22,S07,P0433,CAT20,6,2,10.51,0.584,1.741,30.84,Low,,backtest,demand_forecast_run_20261005T130920538
2025-09-22,S07,P0435,CAT14,10,7,3.89,3.824,8.316,7.85,Low,,backtest,demand_forecast_run_20261005T130920538
2025-09-22,S07,P0445,CAT02,6,3,28.04,0.824,1.797,21.86,Low,,backtest,demand_forecast_run_20261005T130920538
2025-09-22,S07,P0507,CAT02,34,11,13.6,6.671,14.554,15.29,Low,,backtest,demand_forecast_run_20261005T130920538
2025-09-22,S07,P0563,CAT13,13,5,9.1,2.677,5.865,14.57,Low,,backtest,demand_forecast_run_20261005T130920538
2025-09-22,S07,P0579,CAT12,4,3,9.32,1.221,3.021,9.83,Low,,backtest,demand_forecast_run_20261005T130920538
2025-09-22,S07,P0589,CAT03,8,4,14.01,2.198,4.06,10.92,Low,,backtest,demand_forecast_run_20261005T130920538
2025-09-22,S08,P0003,CAT03,5,7,2.5,3.965,7.45,3.78,Medium,BELOW_REORDER|LOW_DAYS_COVER,backtest,demand_forecast_run_20261005T130920538
2025-09-22,S08,P0022,CAT05,18,6,11.46,3.435,5.223,15.72,Low,,backtest,demand_forecast_run_20261005T130920538
2025-09-22,S08,P0032,CAT11,40,18,9.33,13.179,22.049,9.11,Low,,backtest,demand_forecast_run_20261005T130920538
2025-09-22,S08,P0053,CAT06,7,3,8.17,1.234,2.626,17.02,Low,,backtest,demand_forecast_run_20261005T130920538
2025-09-22,S08,P0073,CAT13,11,3,30.81,0.685,1.068,48.19,Low,,backtest,demand_forecast_run_20261005T130920538
2025-09-22,S08,P0170,CAT17,10,4,9.34,2.139,4.712,14.02,Low,,backtest,demand_forecast_run_20261005T130920538
2025-09-22,S08,P0206,CAT15,19,7,11.56,3.33,6.854,17.12,Low,,backtest,demand_forecast_run_20261005T130920538
2025-09-22,S08,P0213,CAT07,10,6,9.34,2.071,4.306,14.48,Low,,backtest,demand_forecast_run_20261005T130920538
2025-09-22,S08,P0252,CAT18,21,9,12.78,6.065,14.556,10.39,Low,,backtest,demand_forecast_run_20261005T130920538
2025-09-22,S08,P0272,CAT13,9,4,15.76,1.712,2.671,15.77,Low,,backtest,demand_forecast_run_20261005T130920538
2025-09-22,S08,P0288,CAT14,3,4,4.67,1.465,3.212,6.14,Medium,BELOW_REORDER,backtest,demand_forecast_run_20261005T130920538
2025-09-22,S08,P0316,CAT15,6,4,12,1.11,2.285,16.22,Low,,backtest,demand_forecast_run_20261005T130920538
2025-09-22,S08,P0369,CAT09,28,10,13.07,5.82,11.712,14.43,Low,,backtest,demand_forecast_run_20261005T130920538
2025-09-22,S08,P0381,CAT13,10,4,34.97,1.027,1.602,29.2,Low,,backtest,demand_forecast_run_20261005T130920538
2025-09-22,S08,P0391,CAT06,4,6,2.43,3.497,7.44,3.43,Medium,BELOW_REORDER|LOW_DAYS_COVER,backtest,demand_forecast_run_20261005T130920538
2025-09-22,S08,P0392,CAT19,11,4,30.81,1.604,3.628,20.57,Low,,backtest,demand_forecast_run_20261005T130920538
2025-09-22,S08,P0408,CAT16,11,4,6.42,2.423,6.412,13.62,Low,,backtest,demand_forecast_run_20261005T130920538
2025-09-22,S08,P0409,CAT12,11,5,9.62,2.791,6.055,11.82,Low,,backtest,demand_forecast_run_20261005T130920538
2025-09-22,S08,P0433,CAT20,9,2,62.94,0.548,1.346,49.32,Low,,backtest,demand_forecast_run_20261005T130920538
2025-09-22,S08,P0435,CAT14,10,9,4.24,5.55,12.171,5.41,Low,,backtest,demand_forecast_run_20261005T130920538
2025-09-22,S08,P0445,CAT02,6,4,16.81,1.623,2.988,11.09,Low,,backtest,demand_forecast_run_20261005T130920538
2025-09-22,S08,P0507,CAT02,56,18,13.29,11.839,21.794,14.19,Low,,backtest,demand_forecast_run_20261005T130920538
2025-09-22,S08,P0563,CAT13,13,8,13.99,5.307,8.279,7.35,Low,,backtest,demand_forecast_run_20261005T130920538
2025-09-22,S08,P0579,CAT12,4,3,4,1.674,3.633,7.17,Low,,backtest,demand_forecast_run_20261005T130920538
2025-09-22,S08,P0589,CAT03,8,5,7,2.566,4.821,9.35,Low,,backtest,demand_forecast_run_20261005T130920538
2025-09-22,S09,P0003,CAT03,10,5,8.75,3.819,6.948,7.86,Low,,backtest,demand_forecast_run_20261005T130920538
2025-09-22,S09,P0022,CAT05,9,6,7,2.924,5.804,9.23,Low,,backtest,demand_forecast_run_20261005T130920538
2025-09-22,S09,P0032,CAT11,23,17,6.71,11.492,20.155,6,Low,,backtest,demand_forecast_run_20261005T130920538
2025-09-22,S09,P0053,CAT06,8,3,112.68,0.513,1.219,46.76,Low,,backtest,demand_forecast_run_20261005T130920538
2025-09-22,S09,P0073,CAT13,7,3,,0.31,0.644,67.65,Low,,backtest,demand_forecast_run_20261005T130920538
2025-09-22,S09,P0170,CAT17,11,4,22,1.942,4.647,16.99,Low,,backtest,demand_forecast_run_20261005T130920538
2025-09-22,S09,P0206,CAT15,10,6,10.76,2.514,5.8,11.93,Low,,backtest,demand_forecast_run_20261005T130920538
2025-09-22,S09,P0213,CAT07,10,5,10,4.439,9.369,6.76,Low,,backtest,demand_forecast_run_20261005T130920538
2025-09-22,S09,P0252,CAT18,13,7,8.27,5.778,13.093,6.75,Low,,backtest,demand_forecast_run_20261005T130920538
2025-09-22,S09,P0272,CAT13,6,3,20.98,1.034,2.147,17.4,Low,,backtest,demand_forecast_run_20261005T130920538
2025-09-22,S09,P0288,CAT14,4,4,4.31,1.992,4.509,6.02,Medium,BELOW_REORDER,backtest,demand_forecast_run_20261005T130920538
2025-09-22,S09,P0316,CAT15,10,4,11.67,1.223,2.822,24.53,Low,,backtest,demand_forecast_run_20261005T130920538
2025-09-22,S09,P0369,CAT09,21,8,13.37,5.234,10.999,12.04,Low,,backtest,demand_forecast_run_20261005T130920538
2025-09-22,S09,P0381,CAT13,9,3,62.94,1.034,2.147,26.1,Low,,backtest,demand_forecast_run_20261005T130920538
2025-09-22,S09,P0391,CAT06,15,7,12.36,3.374,8.01,13.34,Low,,backtest,demand_forecast_run_20261005T130920538
2025-09-22,S09,P0392,CAT19,6,3,7.63,1.055,2.601,17.06,Low,,backtest,demand_forecast_run_20261005T130920538
2025-09-22,S09,P0408,CAT16,4,4,5.09,2.655,6.694,4.52,Medium,BELOW_REORDER,backtest,demand_forecast_run_20261005T130920538
2025-09-22,S09,P0409,CAT12,14,5,24.52,2.084,4.699,20.15,Low,,backtest,demand_forecast_run_20261005T130920538
2025-09-22,S09,P0433,CAT20,3,2,14.02,0.431,1.106,20.87,Low,,backtest,demand_forecast_run_20261005T130920538
2025-09-22,S09,P0435,CAT14,16,9,8.96,4.317,9.769,11.12,Low,,backtest,demand_forecast_run_20261005T130920538
2025-09-22,S09,P0445,CAT02,11,4,22,2.116,4.124,15.59,Low,,backtest,demand_forecast_run_20261005T130920538
2025-09-22,S09,P0507,CAT02,39,16,13.32,9.346,18.216,12.52,Low,,backtest,demand_forecast_run_20261005T130920538
2025-09-22,S09,P0563,CAT13,13,6,8.67,3.931,8.158,9.92,Low,,backtest,demand_forecast_run_20261005T130920538
2025-09-22,S09,P0579,CAT12,4,3,9.32,1.772,3.994,6.77,Low,,backtest,demand_forecast_run_20261005T130920538
2025-09-22,S09,P0589,CAT03,11,5,11,4.146,7.544,7.96,Low,,backtest,demand_forecast_run_20261005T130920538
2025-09-22,S10,P0003,CAT03,11,5,5.92,4.229,7.707,7.8,Low,,backtest,demand_forecast_run_20261005T130920538
2025-09-22,S10,P0022,CAT05,15,5,11.05,2.482,4.55,18.13,Low,,backtest,demand_forecast_run_20261005T130920538
2025-09-22,S10,P0032,CAT11,17,14,4.96,10.821,19.216,4.71,Low,,backtest,demand_forecast_run_20261005T130920538
2025-09-22,S10,P0053,CAT06,1,3,2.8,0.796,1.984,3.77,Medium,BELOW_REORDER|LOW_DAYS_COVER,backtest,demand_forecast_run_20261005T130920538
2025-09-22,S10,P0073,CAT13,7,3,24.48,0.514,1.199,40.86,Low,,backtest,demand_forecast_run_20261005T130920538
2025-09-22,S10,P0170,CAT17,8,3,18.65,1.418,4.06,16.93,Low,,backtest,demand_forecast_run_20261005T130920538
2025-09-22,S10,P0206,CAT15,7,5,8.91,2.464,6.072,8.52,Low,,backtest,demand_forecast_run_20261005T130920538
2025-09-22,S10,P0213,CAT07,6,4,7.63,2.194,5.395,8.21,Low,,backtest,demand_forecast_run_20261005T130920538
2025-09-22,S10,P0252,CAT18,11,7,5.31,4.739,12.21,6.96,Low,,backtest,demand_forecast_run_20261005T130920538
2025-09-22,S10,P0272,CAT13,5,3,7.78,0.857,1.998,17.51,Low,,backtest,demand_forecast_run_20261005T130920538
2025-09-22,S10,P0288,CAT14,0,4,0,1.617,3.761,0,High,ZERO_STOCK|DEMAND_EXCEEDS_STOCK|BELOW_REORDER|LOW_DAYS_COVER,backtest,demand_forecast_run_20261005T130920538
2025-09-22,S10,P0316,CAT15,3,4,6,0.986,2.429,9.13,Medium,BELOW_REORDER,backtest,demand_forecast_run_20261005T130920538
2025-09-22,S10,P0369,CAT09,13,7,9.58,4.093,10.629,9.53,Low,,backtest,demand_forecast_run_20261005T130920538
2025-09-22,S10,P0381,CAT13,7,3,8.91,1.542,3.596,13.62,Low,,backtest,demand_forecast_run_20261005T130920538
2025-09-22,S10,P0391,CAT06,12,5,11.2,2.588,6.448,13.91,Low,,backtest,demand_forecast_run_20261005T130920538
2025-09-22,S10,P0392,CAT19,4,3,13.99,0.796,1.896,15.08,Low,,backtest,demand_forecast_run_20261005T130920538
2025-09-22,S10,P0408,CAT16,10,4,12.72,2.003,5.531,14.98,Low,,backtest,demand_forecast_run_20261005T130920538
2025-09-22,S10,P0409,CAT12,13,5,15.17,2.76,6.961,14.13,Low,,backtest,demand_forecast_run_20261005T130920538
2025-09-22,S10,P0433,CAT20,6,2,13.99,0.774,2.073,23.24,Low,,backtest,demand_forecast_run_20261005T130920538
2025-09-22,S10,P0435,CAT14,18,7,6.63,3.892,9.053,13.87,Low,,backtest,demand_forecast_run_20261005T130920538
2025-09-22,S10,P0445,CAT02,9,3,11.45,2.19,4.201,12.33,Low,,backtest,demand_forecast_run_20261005T130920538
2025-09-22,S10,P0507,CAT02,18,13,4.67,9.142,17.535,5.91,Low,,backtest,demand_forecast_run_20261005T130920538
2025-09-22,S10,P0563,CAT13,19,6,13.3,3.255,7.592,17.51,Low,,backtest,demand_forecast_run_20261005T130920538
2025-09-22,S10,P0579,CAT12,4,3,18.69,0.857,2.16,14.01,Low,,backtest,demand_forecast_run_20261005T130920538
2025-09-22,S10,P0589,CAT03,8,4,11.2,2.628,4.791,9.13,Low,,backtest,demand_forecast_run_20261005T130920538
2025-09-22,S11,P0003,CAT03,9,6,10.5,3.505,5.331,7.7,Low,,backtest,demand_forecast_run_20261005T130920538
2025-09-22,S11,P0022,CAT05,3,6,1.36,3.745,7.02,2.4,High,DEMAND_EXCEEDS_STOCK|BELOW_REORDER|LOW_DAYS_COVER,backtest,demand_forecast_run_20261005T130920538
2025-09-22,S11,P0032,CAT11,20,20,3.84,13.088,20.653,4.58,Medium,BELOW_REORDER,backtest,demand_forecast_run_20261005T130920538
2025-09-22,S11,P0053,CAT06,9,4,20.98,1.504,3.125,17.95,Low,,backtest,demand_forecast_run_20261005T130920538
2025-09-22,S11,P0073,CAT13,9,3,20.98,0.886,1.701,30.48,Low,,backtest,demand_forecast_run_20261005T130920538
2025-09-22,S11,P0170,CAT17,5,4,5.38,1.787,3.878,8.39,Low,,backtest,demand_forecast_run_20261005T130920538
2025-09-22,S11,P0206,CAT15,22,7,17.11,2.747,5.223,24.03,Low,,backtest,demand_forecast_run_20261005T130920538
2025-09-22,S11,P0213,CAT07,14,6,8.91,3.889,7.721,10.8,Low,,backtest,demand_forecast_run_20261005T130920538
2025-09-22,S11,P0252,CAT18,17,9,7,6.302,13.941,8.09,Low,,backtest,demand_forecast_run_20261005T130920538
2025-09-22,S11,P0272,CAT13,10,4,28.01,1.033,1.985,29.04,Low,,backtest,demand_forecast_run_20261005T130920538
2025-09-22,S11,P0288,CAT14,13,5,8.67,2.805,4.482,13.9,Low,,backtest,demand_forecast_run_20261005T130920538
2025-09-22,S11,P0316,CAT15,2,4,1.87,2.575,4.897,2.33,High,DEMAND_EXCEEDS_STOCK|BELOW_REORDER|LOW_DAYS_COVER,backtest,demand_forecast_run_20261005T130920538
2025-09-22,S11,P0369,CAT09,13,9,4.44,6.371,13.692,6.12,Low,,backtest,demand_forecast_run_20261005T130920538
2025-09-22,S11,P0381,CAT13,6,4,8.4,1.771,3.402,10.16,Low,,backtest,demand_forecast_run_20261005T130920538
2025-09-22,S11,P0391,CAT06,13,7,12.14,2.758,5.73,14.14,Low,,backtest,demand_forecast_run_20261005T130920538
2025-09-22,S11,P0392,CAT19,5,3,17.48,1.097,2.454,13.67,Low,,backtest,demand_forecast_run_20261005T130920538
2025-09-22,S11,P0408,CAT16,9,5,8.4,2.806,6.309,9.62,Low,,backtest,demand_forecast_run_20261005T130920538
2025-09-22,S11,P0409,CAT12,11,5,17.11,2.477,4.913,13.32,Low,,backtest,demand_forecast_run_20261005T130920538
2025-09-22,S11,P0433,CAT20,6,3,7,1.345,2.934,13.38,Low,,backtest,demand_forecast_run_20261005T130920538
2025-09-22,S11,P0435,CAT14,10,9,3.68,6.467,10.334,4.64,Low,,backtest,demand_forecast_run_20261005T130920538
2025-09-22,S11,P0445,CAT02,13,5,16.54,2.206,3.481,17.68,Low,,backtest,demand_forecast_run_20261005T130920538
2025-09-22,S11,P0507,CAT02,58,18,10.41,12.776,20.161,13.62,Low,,backtest,demand_forecast_run_20261005T130920538
2025-09-22,S11,P0563,CAT13,19,7,12.09,4.65,8.932,12.26,Low,,backtest,demand_forecast_run_20261005T130920538
2025-09-22,S11,P0579,CAT12,4,3,13.99,1.486,2.948,8.07,Low,,backtest,demand_forecast_run_20261005T130920538
2025-09-22,S11,P0589,CAT03,14,5,32.63,3.505,5.331,11.98,Low,,backtest,demand_forecast_run_20261005T130920538
2025-09-22,S12,P0003,CAT03,14,6,12.25,3.39,6.094,12.39,Low,,backtest,demand_forecast_run_20261005T130920538
2025-09-22,S12,P0022,CAT05,1,5,0.54,3.126,5.086,0.96,High,DEMAND_EXCEEDS_STOCK|BELOW_REORDER|LOW_DAYS_COVER,backtest,demand_forecast_run_20261005T130920538
2025-09-22,S12,P0032,CAT11,29,15,3.69,13.234,24.148,6.57,Low,,backtest,demand_forecast_run_20261005T130920538
2025-09-22,S12,P0053,CAT06,7,3,32.71,1.411,3.407,14.89,Low,,backtest,demand_forecast_run_20261005T130920538
2025-09-22,S12,P0073,CAT13,9,3,42.06,0.784,1.655,34.43,Low,,backtest,demand_forecast_run_20261005T130920538
2025-09-22,S12,P0170,CAT17,7,3,16.32,1.421,3.637,14.77,Low,,backtest,demand_forecast_run_20261005T130920538
2025-09-22,S12,P0206,CAT15,11,6,6.42,2.942,6.588,11.22,Low,,backtest,demand_forecast_run_20261005T130920538
2025-09-22,S12,P0213,CAT07,8,5,11.2,2.518,5.011,9.53,Low,,backtest,demand_forecast_run_20261005T130920538
2025-09-22,S12,P0252,CAT18,15,7,14.01,3.625,9.73,12.41,Low,,backtest,demand_forecast_run_20261005T130920538
2025-09-22,S12,P0272,CAT13,10,3,20,1.568,3.31,19.13,Low,,backtest,demand_forecast_run_20261005T130920538
2025-09-22,S12,P0288,CAT14,10,4,9.34,1.766,3.837,16.99,Low,,backtest,demand_forecast_run_20261005T130920538
2025-09-22,S12,P0316,CAT15,10,3,14.01,1.471,3.294,20.39,Low,,backtest,demand_forecast_run_20261005T130920538
2025-09-22,S12,P0369,CAT09,17,8,8.5,7.224,15.161,7.06,Low,,backtest,demand_forecast_run_20261005T130920538
2025-09-22,S12,P0381,CAT13,10,3,12.72,1.743,3.678,17.22,Low,,backtest,demand_forecast_run_20261005T130920538
2025-09-22,S12,P0391,CAT06,7,5,8.17,2.469,5.962,8.51,Low,,backtest,demand_forecast_run_20261005T130920538
2025-09-22,S12,P0392,CAT19,4,3,18.69,1.094,2.389,10.97,Low,,backtest,demand_forecast_run_20261005T130920538
2025-09-22,S12,P0408,CAT16,5,4,10,1.686,4.614,8.9,Low,,backtest,demand_forecast_run_20261005T130920538
2025-09-22,S12,P0409,CAT12,10,4,9.34,2.085,5.126,14.39,Low,,backtest,demand_forecast_run_20261005T130920538
2025-09-22,S12,P0433,CAT20,3,2,8.4,0.703,1.737,12.79,Low,,backtest,demand_forecast_run_20261005T130920538
2025-09-22,S12,P0435,CAT14,4,6,1.87,3.773,8.197,3.18,Medium,BELOW_REORDER|LOW_DAYS_COVER,backtest,demand_forecast_run_20261005T130920538
2025-09-22,S12,P0445,CAT02,7,3,14,0.996,1.902,21.09,Low,,backtest,demand_forecast_run_20261005T130920538
2025-09-22,S12,P0507,CAT02,12,14,2.67,8.048,15.374,4.47,Medium,BELOW_REORDER|LOW_DAYS_COVER,backtest,demand_forecast_run_20261005T130920538
2025-09-22,S12,P0563,CAT13,18,6,21,2.701,5.7,19.99,Low,,backtest,demand_forecast_run_20261005T130920538
2025-09-22,S12,P0579,CAT12,6,3,12,1.042,2.563,17.27,Low,,backtest,demand_forecast_run_20261005T130920538
2025-09-22,S12,P0589,CAT03,10,4,14.01,2.228,4.005,13.47,Low,,backtest,demand_forecast_run_20261005T130920538
2025-09-23,S01,P0003,CAT03,10,6,8.75,3.735,6.43,8.03,Low,,backtest,demand_forecast_run_20261005T130920538
2025-09-23,S01,P0022,CAT05,10,5,9.34,2.1,4.569,14.28,Low,,backtest,demand_forecast_run_20261005T130920538
2025-09-23,S01,P0032,CAT11,28,14,6.22,10.476,17.926,8.02,Low,,backtest,demand_forecast_run_20261005T130920538
2025-09-23,S01,P0053,CAT06,5,3,10,1.146,2.675,13.09,Low,,backtest,demand_forecast_run_20261005T130920538
2025-09-23,S01,P0073,CAT13,4,3,18.69,0.878,1.902,13.67,Low,,backtest,demand_forecast_run_20261005T130920538
2025-09-23,S01,P0170,CAT17,3,4,10.49,1.501,3.765,6,Medium,BELOW_REORDER,backtest,demand_forecast_run_20261005T130920538
2025-09-23,S01,P0206,CAT15,9,6,7.87,2.54,5.724,10.63,Low,,backtest,demand_forecast_run_20261005T130920538
2025-09-23,S01,P0213,CAT07,7,5,6.54,2.446,5.476,8.59,Low,,backtest,demand_forecast_run_20261005T130920538
2025-09-23,S01,P0252,CAT18,4,7,2.8,4.432,11.995,2.71,High,DEMAND_EXCEEDS_STOCK|BELOW_REORDER|LOW_DAYS_COVER,backtest,demand_forecast_run_20261005T130920538
2025-09-23,S01,P0272,CAT13,4,3,8,1.316,2.854,9.12,Low,,backtest,demand_forecast_run_20261005T130920538
2025-09-23,S01,P0288,CAT14,7,4,12.26,1.155,2.493,18.19,Low,,backtest,demand_forecast_run_20261005T130920538
2025-09-23,S01,P0316,CAT15,4,3,11.2,0.635,1.431,18.9,Low,,backtest,demand_forecast_run_20261005T130920538
2025-09-23,S01,P0369,CAT09,17,8,19.84,4.594,9.673,11.1,Low,,backtest,demand_forecast_run_20261005T130920538
2025-09-23,S01,P0381,CAT13,4,3,6.22,1.316,2.854,9.12,Low,,backtest,demand_forecast_run_20261005T130920538
2025-09-23,S01,P0391,CAT06,17,5,23.81,4.063,9.485,12.55,Low,,backtest,demand_forecast_run_20261005T130920538
2025-09-23,S01,P0392,CAT19,5,3,11.66,1.12,2.509,13.4,Low,,backtest,demand_forecast_run_20261005T130920538
2025-09-23,S01,P0408,CAT16,8,4,12.44,1.49,4.288,16.11,Low,,backtest,demand_forecast_run_20261005T130920538
2025-09-23,S01,P0409,CAT12,13,4,13.99,1.737,3.898,22.45,Low,,backtest,demand_forecast_run_20261005T130920538
2025-09-23,S01,P0433,CAT20,6,3,8.4,0.85,2.407,21.18,Low,,backtest,demand_forecast_run_20261005T130920538
2025-09-23,S01,P0435,CAT14,21,7,8.65,4.08,8.81,15.44,Low,,backtest,demand_forecast_run_20261005T130920538
2025-09-23,S01,P0445,CAT02,9,4,20.98,1.156,2.218,23.35,Low,,backtest,demand_forecast_run_20261005T130920538
2025-09-23,S01,P0507,CAT02,26,14,6.28,9.249,17.746,8.43,Low,,backtest,demand_forecast_run_20261005T130920538
2025-09-23,S01,P0563,CAT13,19,6,9.17,3.584,7.768,15.9,Low,,backtest,demand_forecast_run_20261005T130920538
2025-09-23,S01,P0579,CAT12,9,3,15.76,1.336,2.999,20.2,Low,,backtest,demand_forecast_run_20261005T130920538
2025-09-23,S01,P0589,CAT03,4,4,3.73,2.685,4.621,4.47,Medium,BELOW_REORDER,backtest,demand_forecast_run_20261005T130920538
2025-09-23,S02,P0003,CAT03,3,6,1.56,3.751,6.896,2.4,High,DEMAND_EXCEEDS_STOCK|BELOW_REORDER|LOW_DAYS_COVER,backtest,demand_forecast_run_20261005T130920538
2025-09-23,S02,P0022,CAT05,11,6,15.41,3.653,6.794,9.03,Low,,backtest,demand_forecast_run_20261005T130920538
2025-09-23,S02,P0032,CAT11,49,17,13.45,9.28,16.736,15.84,Low,,backtest,demand_forecast_run_20261005T130920538
2025-09-23,S02,P0053,CAT06,4,3,9.32,0.704,1.673,17.04,Low,,backtest,demand_forecast_run_20261005T130920538
2025-09-23,S02,P0073,CAT13,5,3,14.01,0.914,1.981,16.41,Low,,backtest,demand_forecast_run_20261005T130920538
2025-09-23,S02,P0170,CAT17,7,3,16.32,1.276,3.489,16.46,Low,,backtest,demand_forecast_run_20261005T130920538
2025-09-23,S02,P0206,CAT15,4,6,4,2.867,6.153,4.19,Medium,BELOW_REORDER,backtest,demand_forecast_run_20261005T130920538
2025-09-23,S02,P0213,CAT07,15,5,14.01,2.62,6.067,17.18,Low,,backtest,demand_forecast_run_20261005T130920538
2025-09-23,S02,P0252,CAT18,12,7,7,4.697,11.906,7.66,Low,,backtest,demand_forecast_run_20261005T130920538
2025-09-23,S02,P0272,CAT13,9,3,12.61,1.476,3.199,18.29,Low,,backtest,demand_forecast_run_20261005T130920538
2025-09-23,S02,P0288,CAT14,7,4,8.91,1.692,3.79,12.41,Low,,backtest,demand_forecast_run_20261005T130920538
2025-09-23,S02,P0316,CAT15,5,3,11.66,0.983,2.11,15.26,Low,,backtest,demand_forecast_run_20261005T130920538
2025-09-23,S02,P0369,CAT09,15,8,26.27,4.51,9.65,9.98,Low,,backtest,demand_forecast_run_20261005T130920538
2025-09-23,S02,P0381,CAT13,13,3,,0.844,1.828,46.23,Low,,backtest,demand_forecast_run_20261005T130920538
2025-09-23,S02,P0391,CAT06,20,7,10.77,4.138,9.832,14.5,Low,,backtest,demand_forecast_run_20261005T130920538
2025-09-23,S02,P0392,CAT19,8,3,12.44,1.158,2.735,20.72,Low,,backtest,demand_forecast_run_20261005T130920538
2025-09-23,S02,P0408,CAT16,9,4,12.61,1.981,5.427,13.63,Low,,backtest,demand_forecast_run_20261005T130920538
2025-09-23,S02,P0409,CAT12,4,5,3.11,3.053,7.32,3.93,Medium,BELOW_REORDER,backtest,demand_forecast_run_20261005T130920538
2025-09-23,S02,P0433,CAT20,5,3,17.48,0.472,1.238,31.77,Low,,backtest,demand_forecast_run_20261005T130920538
2025-09-23,S02,P0435,CAT14,24,8,14.61,4.768,10.681,15.1,Low,,backtest,demand_forecast_run_20261005T130920538
2025-09-23,S02,P0445,CAT02,7,4,24.48,1.647,3.005,12.75,Low,,backtest,demand_forecast_run_20261005T130920538
2025-09-23,S02,P0507,CAT02,16,15,4,10.433,19.03,4.6,Low,,backtest,demand_forecast_run_20261005T130920538
2025-09-23,S02,P0563,CAT13,11,6,15.41,2.601,5.637,12.69,Low,,backtest,demand_forecast_run_20261005T130920538
2025-09-23,S02,P0579,CAT12,6,3,16.81,1.266,3.035,14.22,Low,,backtest,demand_forecast_run_20261005T130920538
2025-09-23,S02,P0589,CAT03,5,4,5,2.167,3.984,6.92,Low,,backtest,demand_forecast_run_20261005T130920538
2025-09-23,S03,P0003,CAT03,15,6,10,2.539,5.572,17.72,Low,,backtest,demand_forecast_run_20261005T130920538
2025-09-23,S03,P0022,CAT05,8,5,9.33,1.71,3.821,14.04,Low,,backtest,demand_forecast_run_20261005T130920538
2025-09-23,S03,P0032,CAT11,45,15,14.32,11.407,21.058,11.83,Low,,backtest,demand_forecast_run_20261005T130920538
2025-09-23,S03,P0053,CAT06,10,4,14.01,1.376,3.388,21.8,Low,,backtest,demand_forecast_run_20261005T130920538
2025-09-23,S03,P0073,CAT13,8,3,12.44,1.006,2.437,23.86,Low,,backtest,demand_forecast_run_20261005T130920538
2025-09-23,S03,P0170,CAT17,8,4,11.2,3.191,7.292,7.52,Low,,backtest,demand_forecast_run_20261005T130920538
2025-09-23,S03,P0206,CAT15,5,6,5,2.472,6.328,6.07,Medium,BELOW_REORDER,backtest,demand_forecast_run_20261005T130920538
2025-09-23,S03,P0213,CAT07,11,4,9.62,2.659,6.065,12.41,Low,,backtest,demand_forecast_run_20261005T130920538
2025-09-23,S03,P0252,CAT18,18,8,22.9,5.064,13.104,10.66,Low,,backtest,demand_forecast_run_20261005T130920538
2025-09-23,S03,P0272,CAT13,6,3,16.81,1.006,2.437,17.9,Low,,backtest,demand_forecast_run_20261005T130920538
2025-09-23,S03,P0288,CAT14,7,3,14,1.12,2.873,18.75,Low,,backtest,demand_forecast_run_20261005T130920538
2025-09-23,S03,P0316,CAT15,6,4,8.4,1.374,3.515,13.1,Low,,backtest,demand_forecast_run_20261005T130920538
2025-09-23,S03,P0369,CAT09,8,8,5.09,4.208,9.649,5.7,Medium,BELOW_REORDER,backtest,demand_forecast_run_20261005T130920538
2025-09-23,S03,P0381,CAT13,4,3,9.32,1.006,2.437,11.93,Low,,backtest,demand_forecast_run_20261005T130920538
2025-09-23,S03,P0391,CAT06,19,6,26.61,3.561,8.768,16.01,Low,,backtest,demand_forecast_run_20261005T130920538
2025-09-23,S03,P0392,CAT19,9,3,25.21,0.916,2.175,29.47,Low,,backtest,demand_forecast_run_20261005T130920538
2025-09-23,S03,P0408,CAT16,7,4,6.12,1.931,5.132,10.87,Low,,backtest,demand_forecast_run_20261005T130920538
2025-09-23,S03,P0409,CAT12,7,4,6.12,1.827,4.706,11.49,Low,,backtest,demand_forecast_run_20261005T130920538
2025-09-23,S03,P0433,CAT20,4,2,,0,0,,Low,,backtest,demand_forecast_run_20261005T130920538
2025-09-23,S03,P0435,CAT14,13,7,8.67,3.666,9.403,10.64,Low,,backtest,demand_forecast_run_20261005T130920538
2025-09-23,S03,P0445,CAT02,4,3,9.32,0.715,1.267,16.79,Low,,backtest,demand_forecast_run_20261005T130920538
2025-09-23,S03,P0507,CAT02,17,14,4.49,9.21,16.331,5.54,Low,,backtest,demand_forecast_run_20261005T130920538
2025-09-23,S03,P0563,CAT13,3,6,2.33,3.118,7.555,2.89,High,DEMAND_EXCEEDS_STOCK|BELOW_REORDER|LOW_DAYS_COVER,backtest,demand_forecast_run_20261005T130920538
2025-09-23,S03,P0579,CAT12,6,3,7,1.405,3.62,12.81,Low,,backtest,demand_forecast_run_20261005T130920538
2025-09-23,S03,P0589,CAT03,14,5,13.07,2.539,5.572,16.54,Low,,backtest,demand_forecast_run_20261005T130920538
2025-09-23,S04,P0003,CAT03,10,5,7.78,3.168,7.134,9.47,Low,,backtest,demand_forecast_run_20261005T130920538
2025-09-23,S04,P0022,CAT05,16,5,20.36,2.129,4.128,22.54,Low,,backtest,demand_forecast_run_20261005T130920538
2025-09-23,S04,P0032,CAT11,10,12,3.18,8.521,18.166,3.52,Medium,BELOW_REORDER,backtest,demand_forecast_run_20261005T130920538
2025-09-23,S04,P0053,CAT06,4,3,11.2,0.609,1.621,19.7,Low,,backtest,demand_forecast_run_20261005T130920538
2025-09-23,S04,P0073,CAT13,0,2,0,1.276,2.953,0,High,ZERO_STOCK|DEMAND_EXCEEDS_STOCK|BELOW_REORDER|LOW_DAYS_COVER,backtest,demand_forecast_run_20261005T130920538
2025-09-23,S04,P0170,CAT17,6,3,9.33,1.58,4.517,11.39,Low,,backtest,demand_forecast_run_20261005T130920538
2025-09-23,S04,P0206,CAT15,1,5,1,2.86,6.498,1.05,High,DEMAND_EXCEEDS_STOCK|BELOW_REORDER|LOW_DAYS_COVER,backtest,demand_forecast_run_20261005T130920538
2025-09-23,S04,P0213,CAT07,0,4,0,1.737,4.375,0,High,ZERO_STOCK|DEMAND_EXCEEDS_STOCK|BELOW_REORDER|LOW_DAYS_COVER,backtest,demand_forecast_run_20261005T130920538
2025-09-23,S04,P0252,CAT18,11,6,9.06,3.272,8.673,10.08,Low,,backtest,demand_forecast_run_20261005T130920538
2025-09-23,S04,P0272,CAT13,7,3,32.71,1.382,3.199,15.19,Low,,backtest,demand_forecast_run_20261005T130920538
2025-09-23,S04,P0288,CAT14,0,4,0,0.97,2.38,0,High,ZERO_STOCK|DEMAND_EXCEEDS_STOCK|BELOW_REORDER|LOW_DAYS_COVER,backtest,demand_forecast_run_20261005T130920538
2025-09-23,S04,P0316,CAT15,8,3,112.68,0.541,1.229,44.35,Low,,backtest,demand_forecast_run_20261005T130920538
2025-09-23,S04,P0369,CAT09,11,6,13.99,3.569,8.173,9.25,Low,,backtest,demand_forecast_run_20261005T130920538
2025-09-23,S04,P0381,CAT13,4,3,18.69,1.17,2.707,10.26,Low,,backtest,demand_forecast_run_20261005T130920538
2025-09-23,S04,P0391,CAT06,8,5,14.01,2.208,5.874,10.87,Low,,backtest,demand_forecast_run_20261005T130920538
2025-09-23,S04,P0392,CAT19,1,3,1.56,1.197,3.008,2.51,High,DEMAND_EXCEEDS_STOCK|BELOW_REORDER|LOW_DAYS_COVER,backtest,demand_forecast_run_20261005T130920538
2025-09-23,S04,P0408,CAT16,14,3,97.9,1.409,3.319,29.8,Low,,backtest,demand_forecast_run_20261005T130920538
2025-09-23,S04,P0409,CAT12,10,4,8.75,1.474,4.338,20.35,Low,,backtest,demand_forecast_run_20261005T130920538
2025-09-23,S04,P0433,CAT20,8,2,37.38,0.308,0.98,77.9,Low,,backtest,demand_forecast_run_20261005T130920538
2025-09-23,S04,P0435,CAT14,6,6,4.67,2.668,6.545,6.75,Medium,BELOW_REORDER,backtest,demand_forecast_run_20261005T130920538
2025-09-23,S04,P0445,CAT02,6,3,8.4,1.76,3.956,10.23,Low,,backtest,demand_forecast_run_20261005T130920538
2025-09-23,S04,P0507,CAT02,37,11,14.8,6.846,15.384,16.21,Low,,backtest,demand_forecast_run_20261005T130920538
2025-09-23,S04,P0563,CAT13,11,5,22,1.382,3.199,23.87,Low,,backtest,demand_forecast_run_20261005T130920538
2025-09-23,S04,P0579,CAT12,5,3,17.48,0.546,1.606,27.48,Low,,backtest,demand_forecast_run_20261005T130920538
2025-09-23,S04,P0589,CAT03,4,4,6.22,1.857,4.182,6.46,Medium,BELOW_REORDER,backtest,demand_forecast_run_20261005T130920538
2025-09-23,S05,P0003,CAT03,10,4,8.24,2.064,4.954,14.53,Low,,backtest,demand_forecast_run_20261005T130920538
2025-09-23,S05,P0022,CAT05,13,4,18.21,2.118,4.904,18.41,Low,,backtest,demand_forecast_run_20261005T130920538
2025-09-23,S05,P0032,CAT11,29,11,11.6,7.041,15.194,12.36,Low,,backtest,demand_forecast_run_20261005T130920538
2025-09-23,S05,P0053,CAT06,7,3,48.95,0.808,1.939,26,Low,,backtest,demand_forecast_run_20261005T130920538
2025-09-23,S05,P0073,CAT13,2,2,6.99,0.376,0.94,15.98,Medium,BELOW_REORDER,backtest,demand_forecast_run_20261005T130920538
2025-09-23,S05,P0170,CAT17,7,3,24.48,1.024,2.958,20.5,Low,,backtest,demand_forecast_run_20261005T130920538
2025-09-23,S05,P0206,CAT15,8,4,5.6,2.488,6.585,9.65,Low,,backtest,demand_forecast_run_20261005T130920538
2025-09-23,S05,P0213,CAT07,8,4,22.41,1.804,4.685,13.3,Low,,backtest,demand_forecast_run_20261005T130920538
2025-09-23,S05,P0252,CAT18,12,5,12.92,3.72,8.781,9.68,Low,,backtest,demand_forecast_run_20261005T130920538
2025-09-23,S05,P0272,CAT13,4,3,6.22,1.001,2.508,11.99,Low,,backtest,demand_forecast_run_20261005T130920538
2025-09-23,S05,P0288,CAT14,9,3,12.61,1.6,4.104,16.88,Low,,backtest,demand_forecast_run_20261005T130920538
2025-09-23,S05,P0316,CAT15,2,3,4.66,0.963,2.549,6.23,Medium,BELOW_REORDER,backtest,demand_forecast_run_20261005T130920538
2025-09-23,S05,P0369,CAT09,6,6,4.42,3.82,9.03,4.71,Medium,BELOW_REORDER,backtest,demand_forecast_run_20261005T130920538
2025-09-23,S05,P0381,CAT13,8,3,10.18,1.126,2.821,21.31,Low,,backtest,demand_forecast_run_20261005T130920538
2025-09-23,S05,P0391,CAT06,15,5,9.13,2.827,6.786,15.92,Low,,backtest,demand_forecast_run_20261005T130920538
2025-09-23,S05,P0392,CAT19,3,2,10.49,0.526,1.568,17.11,Low,,backtest,demand_forecast_run_20261005T130920538
2025-09-23,S05,P0408,CAT16,7,3,14,1.054,3.351,19.92,Low,,backtest,demand_forecast_run_20261005T130920538
2025-09-23,S05,P0409,CAT12,6,3,20.98,1.647,4.538,10.93,Low,,backtest,demand_forecast_run_20261005T130920538
2025-09-23,S05,P0433,CAT20,4,2,27.97,0.22,0.621,54.45,Low,,backtest,demand_forecast_run_20261005T130920538
2025-09-23,S05,P0435,CAT14,14,6,9.33,2.908,7.461,14.44,Low,,backtest,demand_forecast_run_20261005T130920538
2025-09-23,S05,P0445,CAT02,0,3,0,0.734,1.549,0,High,ZERO_STOCK|DEMAND_EXCEEDS_STOCK|BELOW_REORDER|LOW_DAYS_COVER,backtest,demand_forecast_run_20261005T130920538
2025-09-23,S05,P0507,CAT02,24,9,9.6,6.819,14.383,10.56,Low,,backtest,demand_forecast_run_20261005T130920538
2025-09-23,S05,P0563,CAT13,14,5,19.61,2.065,5.172,20.34,Low,,backtest,demand_forecast_run_20261005T130920538
2025-09-23,S05,P0579,CAT12,6,3,13.99,0.867,2.388,20.76,Low,,backtest,demand_forecast_run_20261005T130920538
2025-09-23,S05,P0589,CAT03,8,4,7.47,2.312,5.549,10.38,Low,,backtest,demand_forecast_run_20261005T130920538
2025-09-23,S06,P0003,CAT03,6,6,3.5,4.3,7.032,4.19,Medium,BELOW_REORDER,backtest,demand_forecast_run_20261005T130920538
2025-09-23,S06,P0022,CAT05,17,6,15.87,2.987,4.916,17.07,Low,,backtest,demand_forecast_run_20261005T130920538
2025-09-23,S06,P0032,CAT11,54,18,11.28,14.243,22.966,11.37,Low,,backtest,demand_forecast_run_20261005T130920538
2025-09-23,S06,P0053,CAT06,8,4,16,2.046,4.036,11.73,Low,,backtest,demand_forecast_run_20261005T130920538
2025-09-23,S06,P0073,CAT13,12,4,18.66,2.102,3.837,17.13,Low,,backtest,demand_forecast_run_20261005T130920538
2025-09-23,S06,P0170,CAT17,17,4,34,1.713,3.909,29.76,Low,,backtest,demand_forecast_run_20261005T130920538
2025-09-23,S06,P0206,CAT15,20,7,11.2,5.687,10.919,10.55,Low,,backtest,demand_forecast_run_20261005T130920538
2025-09-23,S06,P0213,CAT07,18,6,18,4.455,8.263,12.12,Low,,backtest,demand_forecast_run_20261005T130920538
2025-09-23,S06,P0252,CAT18,25,8,15.22,6.313,13.724,11.88,Low,,backtest,demand_forecast_run_20261005T130920538
2025-09-23,S06,P0272,CAT13,6,4,9.33,1.66,3.029,10.85,Low,,backtest,demand_forecast_run_20261005T130920538
2025-09-23,S06,P0288,CAT14,4,4,7.01,1.714,2.964,7,Medium,BELOW_REORDER,backtest,demand_forecast_run_20261005T130920538
2025-09-23,S06,P0316,CAT15,12,4,18.66,1.61,3.09,22.36,Low,,backtest,demand_forecast_run_20261005T130920538
2025-09-23,S06,P0369,CAT09,8,10,4.31,6.116,12.74,3.92,Medium,BELOW_REORDER,backtest,demand_forecast_run_20261005T130920538
2025-09-23,S06,P0381,CAT13,11,4,9.06,3.209,5.856,10.28,Low,,backtest,demand_forecast_run_20261005T130920538
2025-09-23,S06,P0391,CAT06,18,7,18,4.013,7.916,13.46,Low,,backtest,demand_forecast_run_20261005T130920538
2025-09-23,S06,P0392,CAT19,11,3,17.11,2.038,3.844,16.19,Low,,backtest,demand_forecast_run_20261005T130920538
2025-09-23,S06,P0408,CAT16,13,5,16.54,3.376,7.827,11.55,Low,,backtest,demand_forecast_run_20261005T130920538
2025-09-23,S06,P0409,CAT12,11,5,11.84,2.797,5.76,11.8,Low,,backtest,demand_forecast_run_20261005T130920538
2025-09-23,S06,P0433,CAT20,7,3,19.61,0.909,1.779,23.11,Low,,backtest,demand_forecast_run_20261005T130920538
2025-09-23,S06,P0435,CAT14,24,9,19.77,6.459,11.173,11.15,Low,,backtest,demand_forecast_run_20261005T130920538
2025-09-23,S06,P0445,CAT02,1,4,2.8,2.316,3.692,1.3,High,DEMAND_EXCEEDS_STOCK|BELOW_REORDER|LOW_DAYS_COVER,backtest,demand_forecast_run_20261005T130920538
2025-09-23,S06,P0507,CAT02,54,17,11.81,14.284,22.766,11.34,Low,,backtest,demand_forecast_run_20261005T130920538
2025-09-23,S06,P0563,CAT13,17,6,14.87,2.766,5.048,18.44,Low,,backtest,demand_forecast_run_20261005T130920538
2025-09-23,S06,P0579,CAT12,4,4,3.5,2.797,5.76,4.29,Medium,BELOW_REORDER,backtest,demand_forecast_run_20261005T130920538
2025-09-23,S06,P0589,CAT03,7,6,3.92,3.918,6.406,5.36,Low,,backtest,demand_forecast_run_20261005T130920538
2025-09-23,S07,P0003,CAT03,14,5,24.52,2.379,4.415,17.65,Low,,backtest,demand_forecast_run_20261005T130920538
2025-09-23,S07,P0022,CAT05,0,4,0,2.579,5.117,0,High,ZERO_STOCK|DEMAND_EXCEEDS_STOCK|BELOW_REORDER|LOW_DAYS_COVER,backtest,demand_forecast_run_20261005T130920538
2025-09-23,S07,P0032,CAT11,12,12,4,10.438,17.432,3.45,Medium,BELOW_REORDER,backtest,demand_forecast_run_20261005T130920538
2025-09-23,S07,P0053,CAT06,4,3,6.22,1.126,2.498,10.66,Low,,backtest,demand_forecast_run_20261005T130920538
2025-09-23,S07,P0073,CAT13,7,3,12.26,0.665,1.384,31.57,Low,,backtest,demand_forecast_run_20261005T130920538
2025-09-23,S07,P0170,CAT17,7,3,8.91,1.186,3.395,17.7,Low,,backtest,demand_forecast_run_20261005T130920538
2025-09-23,S07,P0206,CAT15,3,5,1.68,3.399,7.307,2.65,High,DEMAND_EXCEEDS_STOCK|BELOW_REORDER|LOW_DAYS_COVER,backtest,demand_forecast_run_20261005T130920538
2025-09-23,S07,P0213,CAT07,3,4,3.23,2.463,5.436,3.65,Medium,BELOW_REORDER,backtest,demand_forecast_run_20261005T130920538
2025-09-23,S07,P0252,CAT18,16,5,11.2,3.491,8.692,13.75,Low,,backtest,demand_forecast_run_20261005T130920538
2025-09-23,S07,P0272,CAT13,6,3,7.63,1.182,2.46,15.23,Low,,backtest,demand_forecast_run_20261005T130920538
2025-09-23,S07,P0288,CAT14,8,3,12.44,1.459,3.007,16.45,Low,,backtest,demand_forecast_run_20261005T130920538
2025-09-23,S07,P0316,CAT15,5,3,23.36,0.595,1.279,25.22,Low,,backtest,demand_forecast_run_20261005T130920538
2025-09-23,S07,P0369,CAT09,0,7,0,5.268,10.281,0,High,ZERO_STOCK|DEMAND_EXCEEDS_STOCK|BELOW_REORDER|LOW_DAYS_COVER,backtest,demand_forecast_run_20261005T130920538
2025-09-23,S07,P0381,CAT13,2,3,4,0.739,1.537,8.12,Medium,BELOW_REORDER,backtest,demand_forecast_run_20261005T130920538
2025-09-23,S07,P0391,CAT06,15,5,11.05,3.112,6.905,14.46,Low,,backtest,demand_forecast_run_20261005T130920538
2025-09-23,S07,P0392,CAT19,9,3,42.06,1.229,3.219,21.96,Low,,backtest,demand_forecast_run_20261005T130920538
2025-09-23,S07,P0408,CAT16,10,3,10,1.767,4.993,16.98,Low,,backtest,demand_forecast_run_20261005T130920538
2025-09-23,S07,P0409,CAT12,0,4,0,2.299,5.45,0,High,ZERO_STOCK|DEMAND_EXCEEDS_STOCK|BELOW_REORDER|LOW_DAYS_COVER,backtest,demand_forecast_run_20261005T130920538
2025-09-23,S07,P0433,CAT20,6,2,10.51,0.604,1.912,29.78,Low,,backtest,demand_forecast_run_20261005T130920538
2025-09-23,S07,P0435,CAT14,9,7,3.71,4.098,8.447,6.59,Low,,backtest,demand_forecast_run_20261005T130920538
2025-09-23,S07,P0445,CAT02,6,3,28.04,0.895,1.764,20.11,Low,,backtest,demand_forecast_run_20261005T130920538
2025-09-23,S07,P0507,CAT02,31,11,12.06,7.43,14.641,12.52,Low,,backtest,demand_forecast_run_20261005T130920538
2025-09-23,S07,P0563,CAT13,13,5,9.1,3.03,6.303,12.87,Low,,backtest,demand_forecast_run_20261005T130920538
2025-09-23,S07,P0579,CAT12,3,3,6,1.437,3.406,6.26,Medium,BELOW_REORDER,backtest,demand_forecast_run_20261005T130920538
2025-09-23,S07,P0589,CAT03,7,4,10.89,2.379,4.415,8.83,Low,,backtest,demand_forecast_run_20261005T130920538
2025-09-23,S08,P0003,CAT03,5,7,2.5,4.368,7.579,3.43,Medium,BELOW_REORDER|LOW_DAYS_COVER,backtest,demand_forecast_run_20261005T130920538
2025-09-23,S08,P0022,CAT05,18,6,12.6,3.434,5.582,15.73,Low,,backtest,demand_forecast_run_20261005T130920538
2025-09-23,S08,P0032,CAT11,38,18,8.72,13.761,21.657,8.28,Low,,backtest,demand_forecast_run_20261005T130920538
2025-09-23,S08,P0053,CAT06,7,3,8.17,1.286,2.789,16.33,Low,,backtest,demand_forecast_run_20261005T130920538
2025-09-23,S08,P0073,CAT13,11,3,30.81,0.746,1.234,44.25,Low,,backtest,demand_forecast_run_20261005T130920538
2025-09-23,S08,P0170,CAT17,10,4,11.67,2.265,4.792,13.24,Low,,backtest,demand_forecast_run_20261005T130920538
2025-09-23,S08,P0206,CAT15,19,7,11.56,3.417,7.605,16.68,Low,,backtest,demand_forecast_run_20261005T130920538
2025-09-23,S08,P0213,CAT07,6,6,4.42,2.329,4.955,7.73,Medium,BELOW_REORDER,backtest,demand_forecast_run_20261005T130920538
2025-09-23,S08,P0252,CAT18,18,9,10.96,6.33,14.597,8.53,Low,,backtest,demand_forecast_run_20261005T130920538
2025-09-23,S08,P0272,CAT13,9,4,15.76,1.864,3.086,14.48,Low,,backtest,demand_forecast_run_20261005T130920538
2025-09-23,S08,P0288,CAT14,11,4,15.41,1.595,3.439,20.68,Low,,backtest,demand_forecast_run_20261005T130920538
2025-09-23,S08,P0316,CAT15,6,4,13.99,1.139,2.535,15.8,Low,,backtest,demand_forecast_run_20261005T130920538
2025-09-23,S08,P0369,CAT09,25,10,10.61,5.76,11.847,13.02,Low,,backtest,demand_forecast_run_20261005T130920538
2025-09-23,S08,P0381,CAT13,10,4,28.01,1.212,2.006,24.75,Low,,backtest,demand_forecast_run_20261005T130920538
2025-09-23,S08,P0391,CAT06,14,6,9.33,3.787,8.211,11.09,Low,,backtest,demand_forecast_run_20261005T130920538
2025-09-23,S08,P0392,CAT19,10,4,34.97,1.644,3.64,18.25,Low,,backtest,demand_forecast_run_20261005T130920538
2025-09-23,S08,P0408,CAT16,11,4,7.33,2.689,6.932,12.27,Low,,backtest,demand_forecast_run_20261005T130920538
2025-09-23,S08,P0409,CAT12,11,5,9.62,2.676,6.131,12.33,Low,,backtest,demand_forecast_run_20261005T130920538
2025-09-23,S08,P0433,CAT20,7,2,32.71,0.826,2.078,25.42,Low,,backtest,demand_forecast_run_20261005T130920538
2025-09-23,S08,P0435,CAT14,9,9,3.71,5.824,12.551,4.64,Medium,BELOW_REORDER,backtest,demand_forecast_run_20261005T130920538
2025-09-23,S08,P0445,CAT02,6,4,16.81,1.641,2.946,10.97,Low,,backtest,demand_forecast_run_20261005T130920538
2025-09-23,S08,P0507,CAT02,54,18,12.6,12.165,21.837,13.32,Low,,backtest,demand_forecast_run_20261005T130920538
2025-09-23,S08,P0563,CAT13,12,8,12,5.78,9.566,6.23,Low,,backtest,demand_forecast_run_20261005T130920538
2025-09-23,S08,P0579,CAT12,3,3,3,1.605,3.678,5.61,Medium,BELOW_REORDER,backtest,demand_forecast_run_20261005T130920538
2025-09-23,S08,P0589,CAT03,8,5,7,2.826,4.904,8.49,Low,,backtest,demand_forecast_run_20261005T130920538
2025-09-23,S09,P0003,CAT03,9,5,7.41,3.975,7.045,6.79,Low,,backtest,demand_forecast_run_20261005T130920538
2025-09-23,S09,P0022,CAT05,9,6,7.41,3.192,5.535,8.46,Low,,backtest,demand_forecast_run_20261005T130920538
2025-09-23,S09,P0032,CAT11,18,17,4.94,12.115,20.599,4.46,Low,,backtest,demand_forecast_run_20261005T130920538
2025-09-23,S09,P0053,CAT06,8,3,112.68,0.6,1.28,39.99,Low,,backtest,demand_forecast_run_20261005T130920538
2025-09-23,S09,P0073,CAT13,7,3,,0.329,0.692,63.81,Low,,backtest,demand_forecast_run_20261005T130920538
2025-09-23,S09,P0170,CAT17,11,4,25.64,2.235,4.774,14.77,Low,,backtest,demand_forecast_run_20261005T130920538
2025-09-23,S09,P0206,CAT15,8,6,8,3.073,6.646,7.81,Low,,backtest,demand_forecast_run_20261005T130920538
2025-09-23,S09,P0213,CAT07,10,5,10.76,4.861,9.605,6.17,Low,,backtest,demand_forecast_run_20261005T130920538
2025-09-23,S09,P0252,CAT18,13,7,8.27,6.336,13.422,6.16,Low,,backtest,demand_forecast_run_20261005T130920538
2025-09-23,S09,P0272,CAT13,6,3,20.98,1.097,2.307,16.41,Low,,backtest,demand_forecast_run_20261005T130920538
2025-09-23,S09,P0288,CAT14,12,4,12.92,2.229,4.732,16.15,Low,,backtest,demand_forecast_run_20261005T130920538
2025-09-23,S09,P0316,CAT15,10,4,11.67,1.456,3.148,20.61,Low,,backtest,demand_forecast_run_20261005T130920538
2025-09-23,S09,P0369,CAT09,19,8,11.09,5.08,11.25,11.22,Low,,backtest,demand_forecast_run_20261005T130920538
2025-09-23,S09,P0381,CAT13,9,3,62.94,0.987,2.076,27.35,Low,,backtest,demand_forecast_run_20261005T130920538
2025-09-23,S09,P0391,CAT06,15,7,13.12,3.773,8.044,11.93,Low,,backtest,demand_forecast_run_20261005T130920538
2025-09-23,S09,P0392,CAT19,6,3,9.33,1.194,2.701,15.08,Low,,backtest,demand_forecast_run_20261005T130920538
2025-09-23,S09,P0408,CAT16,4,4,5.09,2.909,6.706,4.13,Medium,BELOW_REORDER,backtest,demand_forecast_run_20261005T130920538
2025-09-23,S09,P0409,CAT12,11,5,22,2.317,4.802,14.24,Low,,backtest,demand_forecast_run_20261005T130920538
2025-09-23,S09,P0433,CAT20,3,2,20.98,0.45,1.1,19.98,Low,,backtest,demand_forecast_run_20261005T130920538
2025-09-23,S09,P0435,CAT14,16,9,9.33,5.096,10.816,9.42,Low,,backtest,demand_forecast_run_20261005T130920538
2025-09-23,S09,P0445,CAT02,11,4,22,1.54,2.816,21.43,Low,,backtest,demand_forecast_run_20261005T130920538
2025-09-23,S09,P0507,CAT02,36,16,12,10.779,19.713,10.02,Low,,backtest,demand_forecast_run_20261005T130920538
2025-09-23,S09,P0563,CAT13,15,6,10,4.168,8.766,10.8,Low,,backtest,demand_forecast_run_20261005T130920538
2025-09-23,S09,P0579,CAT12,4,3,9.32,1.854,3.842,6.47,Low,,backtest,demand_forecast_run_20261005T130920538
2025-09-23,S09,P0589,CAT03,7,5,8.17,4.326,7.667,4.85,Low,,backtest,demand_forecast_run_20261005T130920538
2025-09-23,S10,P0003,CAT03,7,5,3.38,4.454,8.61,4.72,Low,,backtest,demand_forecast_run_20261005T130920538
2025-09-23,S10,P0022,CAT05,15,5,11.05,2.698,4.918,16.68,Low,,backtest,demand_forecast_run_20261005T130920538
2025-09-23,S10,P0032,CAT11,15,14,4.47,10.774,18.932,4.18,Low,,backtest,demand_forecast_run_20261005T130920538
2025-09-23,S10,P0053,CAT06,8,3,22.41,0.969,2.217,24.76,Low,,backtest,demand_forecast_run_20261005T130920538
2025-09-23,S10,P0073,CAT13,7,3,24.48,0.522,1.195,40.25,Low,,backtest,demand_forecast_run_20261005T130920538
2025-09-23,S10,P0170,CAT17,8,3,22.41,1.321,3.743,18.17,Low,,backtest,demand_forecast_run_20261005T130920538
2025-09-23,S10,P0206,CAT15,7,5,8.91,2.534,6.113,8.29,Low,,backtest,demand_forecast_run_20261005T130920538
2025-09-23,S10,P0213,CAT07,5,4,8.76,2.332,5.656,6.43,Low,,backtest,demand_forecast_run_20261005T130920538
2025-09-23,S10,P0252,CAT18,9,7,4.85,5.186,12.197,5.21,Low,,backtest,demand_forecast_run_20261005T130920538
2025-09-23,S10,P0272,CAT13,5,3,7.78,0.869,1.992,17.25,Low,,backtest,demand_forecast_run_20261005T130920538
2025-09-23,S10,P0288,CAT14,0,4,0,1.684,3.661,0,High,ZERO_STOCK|DEMAND_EXCEEDS_STOCK|BELOW_REORDER|LOW_DAYS_COVER,backtest,demand_forecast_run_20261005T130920538
2025-09-23,S10,P0316,CAT15,11,4,22,1.014,2.445,32.55,Low,,backtest,demand_forecast_run_20261005T130920538
2025-09-23,S10,P0369,CAT09,10,7,6.37,4.576,10.801,6.56,Low,,backtest,demand_forecast_run_20261005T130920538
2025-09-23,S10,P0381,CAT13,7,3,10.89,1.565,3.586,13.42,Low,,backtest,demand_forecast_run_20261005T130920538
2025-09-23,S10,P0391,CAT06,12,5,11.2,2.666,6.096,13.5,Low,,backtest,demand_forecast_run_20261005T130920538
2025-09-23,S10,P0392,CAT19,4,3,13.99,0.787,1.909,15.25,Low,,backtest,demand_forecast_run_20261005T130920538
2025-09-23,S10,P0408,CAT16,10,4,12.72,2.141,5.639,14.01,Low,,backtest,demand_forecast_run_20261005T130920538
2025-09-23,S10,P0409,CAT12,13,5,15.17,2.654,6.378,14.7,Low,,backtest,demand_forecast_run_20261005T130920538
2025-09-23,S10,P0433,CAT20,6,2,13.99,0.77,2.11,23.38,Low,,backtest,demand_forecast_run_20261005T130920538
2025-09-23,S10,P0435,CAT14,18,7,6.81,4.146,9.01,13.02,Low,,backtest,demand_forecast_run_20261005T130920538
2025-09-23,S10,P0445,CAT02,9,3,11.45,2.263,4.201,11.93,Low,,backtest,demand_forecast_run_20261005T130920538
2025-09-23,S10,P0507,CAT02,14,13,3.44,9.542,17.715,4.4,Low,,backtest,demand_forecast_run_20261005T130920538
2025-09-23,S10,P0563,CAT13,19,6,14,3.304,7.571,17.25,Low,,backtest,demand_forecast_run_20261005T130920538
2025-09-23,S10,P0579,CAT12,1,3,4.67,0.849,2.041,3.53,Medium,BELOW_REORDER,backtest,demand_forecast_run_20261005T130920538
2025-09-23,S10,P0589,CAT03,4,4,4.67,2.672,5.166,4.49,Medium,BELOW_REORDER,backtest,demand_forecast_run_20261005T130920538
2025-09-23,S11,P0003,CAT03,7,6,7.53,3.407,5.785,6.16,Low,,backtest,demand_forecast_run_20261005T130920538
2025-09-23,S11,P0022,CAT05,18,6,7.87,4.366,7.04,12.37,Low,,backtest,demand_forecast_run_20261005T130920538
2025-09-23,S11,P0032,CAT11,7,20,1.27,14.44,22.734,1.45,High,DEMAND_EXCEEDS_STOCK|BELOW_REORDER|LOW_DAYS_COVER,backtest,demand_forecast_run_20261005T130920538
2025-09-23,S11,P0053,CAT06,6,4,9.33,1.793,3.508,10.04,Low,,backtest,demand_forecast_run_20261005T130920538
2025-09-23,S11,P0073,CAT13,9,3,25.21,1.038,1.834,26.02,Low,,backtest,demand_forecast_run_20261005T130920538
2025-09-23,S11,P0170,CAT17,5,4,5.83,1.654,3.489,9.07,Low,,backtest,demand_forecast_run_20261005T130920538
2025-09-23,S11,P0206,CAT15,22,7,18.12,2.988,5.015,22.09,Low,,backtest,demand_forecast_run_20261005T130920538
2025-09-23,S11,P0213,CAT07,7,6,4.9,4.451,8.007,4.72,Low,,backtest,demand_forecast_run_20261005T130920538
2025-09-23,S11,P0252,CAT18,15,9,5.83,6.741,14.081,6.68,Low,,backtest,demand_forecast_run_20261005T130920538
2025-09-23,S11,P0272,CAT13,10,4,28.01,1.124,1.986,26.69,Low,,backtest,demand_forecast_run_20261005T130920538
2025-09-23,S11,P0288,CAT14,10,5,6.37,3.148,4.915,9.53,Low,,backtest,demand_forecast_run_20261005T130920538
2025-09-23,S11,P0316,CAT15,2,4,2.15,2.988,5.015,2.01,High,DEMAND_EXCEEDS_STOCK|BELOW_REORDER|LOW_DAYS_COVER,backtest,demand_forecast_run_20261005T130920538
2025-09-23,S11,P0369,CAT09,13,9,4.67,6.86,14.107,5.69,Low,,backtest,demand_forecast_run_20261005T130920538
2025-09-23,S11,P0381,CAT13,3,4,6,2.076,3.667,4.34,Medium,BELOW_REORDER,backtest,demand_forecast_run_20261005T130920538
2025-09-23,S11,P0391,CAT06,13,7,13.99,2.732,5.345,14.27,Low,,backtest,demand_forecast_run_20261005T130920538
2025-09-23,S11,P0392,CAT19,4,3,13.99,1.165,2.249,10.3,Low,,backtest,demand_forecast_run_20261005T130920538
2025-09-23,S11,P0408,CAT16,9,5,10.5,2.857,6.359,9.45,Low,,backtest,demand_forecast_run_20261005T130920538
2025-09-23,S11,P0409,CAT12,11,5,17.11,2.26,4.651,14.6,Low,,backtest,demand_forecast_run_20261005T130920538
2025-09-23,S11,P0433,CAT20,5,3,5.38,1.39,3.048,10.79,Low,,backtest,demand_forecast_run_20261005T130920538
2025-09-23,S11,P0435,CAT14,8,9,2.87,6.892,10.76,3.48,Medium,BELOW_REORDER|LOW_DAYS_COVER,backtest,demand_forecast_run_20261005T130920538
2025-09-23,S11,P0445,CAT02,13,5,18.21,2.043,3.291,19.09,Low,,backtest,demand_forecast_run_20261005T130920538
2025-09-23,S11,P0507,CAT02,51,18,9.78,12.878,20.749,11.88,Low,,backtest,demand_forecast_run_20261005T130920538
2025-09-23,S11,P0563,CAT13,16,7,9.33,5.535,9.779,8.67,Low,,backtest,demand_forecast_run_20261005T130920538
2025-09-23,S11,P0579,CAT12,4,3,13.99,1.428,2.937,8.41,Low,,backtest,demand_forecast_run_20261005T130920538
2025-09-23,S11,P0589,CAT03,14,5,48.95,3.155,5.357,13.31,Low,,backtest,demand_forecast_run_20261005T130920538
2025-09-23,S12,P0003,CAT03,14,6,13.07,3.323,6.013,12.64,Low,,backtest,demand_forecast_run_20261005T130920538
2025-09-23,S12,P0022,CAT05,1,5,0.54,3.312,5.351,0.91,High,DEMAND_EXCEEDS_STOCK|BELOW_REORDER|LOW_DAYS_COVER,backtest,demand_forecast_run_20261005T130920538
2025-09-23,S12,P0032,CAT11,27,15,3.57,13.872,25.249,5.84,Low,,backtest,demand_forecast_run_20261005T130920538
2025-09-23,S12,P0053,CAT06,6,3,28.04,1.618,3.619,11.12,Low,,backtest,demand_forecast_run_20261005T130920538
2025-09-23,S12,P0073,CAT13,9,3,42.06,0.842,1.705,32.08,Low,,backtest,demand_forecast_run_20261005T130920538
2025-09-23,S12,P0170,CAT17,7,3,16.32,1.506,3.797,13.94,Low,,backtest,demand_forecast_run_20261005T130920538
2025-09-23,S12,P0206,CAT15,10,6,5.6,3.276,6.945,9.16,Low,,backtest,demand_forecast_run_20261005T130920538
2025-09-23,S12,P0213,CAT07,6,5,7.63,2.684,5.508,6.71,Low,,backtest,demand_forecast_run_20261005T130920538
2025-09-23,S12,P0252,CAT18,15,7,15,4.113,9.738,10.94,Low,,backtest,demand_forecast_run_20261005T130920538
2025-09-23,S12,P0272,CAT13,13,3,22.77,1.777,3.599,21.95,Low,,backtest,demand_forecast_run_20261005T130920538
2025-09-23,S12,P0288,CAT14,10,4,10,1.853,4.035,16.19,Low,,backtest,demand_forecast_run_20261005T130920538
2025-09-23,S12,P0316,CAT15,10,3,14.01,1.604,3.402,18.7,Low,,backtest,demand_forecast_run_20261005T130920538
2025-09-23,S12,P0369,CAT09,15,8,7,7.392,15.051,6.09,Low,,backtest,demand_forecast_run_20261005T130920538
2025-09-23,S12,P0381,CAT13,10,3,12.72,1.87,3.788,16.04,Low,,backtest,demand_forecast_run_20261005T130920538
2025-09-23,S12,P0391,CAT06,6,5,6.46,2.697,6.032,6.67,Low,,backtest,demand_forecast_run_20261005T130920538
2025-09-23,S12,P0392,CAT19,4,3,18.69,1.081,2.456,11.1,Low,,backtest,demand_forecast_run_20261005T130920538
2025-09-23,S12,P0408,CAT16,5,4,10,1.698,4.652,8.83,Low,,backtest,demand_forecast_run_20261005T130920538
2025-09-23,S12,P0409,CAT12,9,4,11.45,2.056,5.371,13.13,Low,,backtest,demand_forecast_run_20261005T130920538
2025-09-23,S12,P0433,CAT20,3,2,10.49,0.713,1.754,12.62,Low,,backtest,demand_forecast_run_20261005T130920538
2025-09-23,S12,P0435,CAT14,20,6,11.67,3.79,8.254,15.83,Low,,backtest,demand_forecast_run_20261005T130920538
2025-09-23,S12,P0445,CAT02,7,3,14,0.951,1.789,22.08,Low,,backtest,demand_forecast_run_20261005T130920538
2025-09-23,S12,P0507,CAT02,45,14,10.68,8.561,16.104,15.77,Low,,backtest,demand_forecast_run_20261005T130920538
2025-09-23,S12,P0563,CAT13,17,6,23.81,2.806,5.683,18.18,Low,,backtest,demand_forecast_run_20261005T130920538
2025-09-23,S12,P0579,CAT12,6,3,12,1.028,2.685,17.51,Low,,backtest,demand_forecast_run_20261005T130920538
2025-09-23,S12,P0589,CAT03,10,4,17.51,2.285,4.134,13.13,Low,,backtest,demand_forecast_run_20261005T130920538
2025-09-24,S01,P0003,CAT03,8,6,6.22,3.803,7.009,6.31,Low,,backtest,demand_forecast_run_20261005T130920538
2025-09-24,S01,P0022,CAT05,10,5,10,2.385,4.908,12.58,Low,,backtest,demand_forecast_run_20261005T130920538
2025-09-24,S01,P0032,CAT11,23,14,5.03,11.117,18.904,6.21,Low,,backtest,demand_forecast_run_20261005T130920538
2025-09-24,S01,P0053,CAT06,4,3,7.01,1.259,3.023,9.53,Low,,backtest,demand_forecast_run_20261005T130920538
2025-09-24,S01,P0073,CAT13,4,3,18.69,0.773,1.492,15.53,Low,,backtest,demand_forecast_run_20261005T130920538
2025-09-24,S01,P0170,CAT17,12,4,41.96,1.447,3.57,24.88,Low,,backtest,demand_forecast_run_20261005T130920538
2025-09-24,S01,P0206,CAT15,12,6,10.5,3.31,7.034,10.88,Low,,backtest,demand_forecast_run_20261005T130920538
2025-09-24,S01,P0213,CAT07,6,5,6.46,2.523,5.673,7.13,Low,,backtest,demand_forecast_run_20261005T130920538
2025-09-24,S01,P0252,CAT18,20,7,15.55,5.068,12.486,11.84,Low,,backtest,demand_forecast_run_20261005T130920538
2025-09-24,S01,P0272,CAT13,4,3,8,1.739,3.357,6.9,Low,,backtest,demand_forecast_run_20261005T130920538
2025-09-24,S01,P0288,CAT14,4,4,7.01,1.596,2.964,7.52,Medium,BELOW_REORDER,backtest,demand_forecast_run_20261005T130920538
2025-09-24,S01,P0316,CAT15,4,3,11.2,0.709,1.507,16.92,Low,,backtest,demand_forecast_run_20261005T130920538
2025-09-24,S01,P0369,CAT09,13,8,13.99,4.777,10.195,8.16,Low,,backtest,demand_forecast_run_20261005T130920538
2025-09-24,S01,P0381,CAT13,2,3,2.54,1.932,3.73,3.11,Medium,BELOW_REORDER|LOW_DAYS_COVER,backtest,demand_forecast_run_20261005T130920538
2025-09-24,S01,P0391,CAT06,14,5,17.81,4.197,10.077,10.01,Low,,backtest,demand_forecast_run_20261005T130920538
2025-09-24,S01,P0392,CAT19,5,3,11.66,1.146,2.59,13.09,Low,,backtest,demand_forecast_run_20261005T130920538
2025-09-24,S01,P0408,CAT16,1,4,1.17,1.946,4.923,1.54,High,DEMAND_EXCEEDS_STOCK|BELOW_REORDER|LOW_DAYS_COVER,backtest,demand_forecast_run_20261005T130920538
2025-09-24,S01,P0409,CAT12,12,4,14,1.894,4.381,19.01,Low,,backtest,demand_forecast_run_20261005T130920538
2025-09-24,S01,P0433,CAT20,5,3,7,0.952,2.688,15.76,Low,,backtest,demand_forecast_run_20261005T130920538
2025-09-24,S01,P0435,CAT14,21,7,8.65,5.534,10.275,11.38,Low,,backtest,demand_forecast_run_20261005T130920538
2025-09-24,S01,P0445,CAT02,9,4,25.21,1.201,2.068,22.48,Low,,backtest,demand_forecast_run_20261005T130920538
2025-09-24,S01,P0507,CAT02,18,14,4,10.07,17.336,5.36,Low,,backtest,demand_forecast_run_20261005T130920538
2025-09-24,S01,P0563,CAT13,17,6,8.5,4.733,9.138,10.77,Low,,backtest,demand_forecast_run_20261005T130920538
2025-09-24,S01,P0579,CAT12,9,3,18,1.457,3.37,18.54,Low,,backtest,demand_forecast_run_20261005T130920538
2025-09-24,S01,P0589,CAT03,0,4,0,2.852,5.256,0,High,ZERO_STOCK|DEMAND_EXCEEDS_STOCK|BELOW_REORDER|LOW_DAYS_COVER,backtest,demand_forecast_run_20261005T130920538
2025-09-24,S02,P0003,CAT03,20,6,10.77,3.942,7.99,15.22,Low,,backtest,demand_forecast_run_20261005T130920538
2025-09-24,S02,P0022,CAT05,8,6,12.44,4.063,7.325,5.91,Low,,backtest,demand_forecast_run_20261005T130920538
2025-09-24,S02,P0032,CAT11,44,17,11,10.201,18.489,12.94,Low,,backtest,demand_forecast_run_20261005T130920538
2025-09-24,S02,P0053,CAT06,3,3,6,0.8,1.838,11.26,Medium,BELOW_REORDER,backtest,demand_forecast_run_20261005T130920538
2025-09-24,S02,P0073,CAT13,5,3,14.01,1.309,2.473,11.46,Low,,backtest,demand_forecast_run_20261005T130920538
2025-09-24,S02,P0170,CAT17,7,3,16.32,1.394,3.695,15.07,Low,,backtest,demand_forecast_run_20261005T130920538
2025-09-24,S02,P0206,CAT15,16,6,14.94,4.052,7.998,11.85,Low,,backtest,demand_forecast_run_20261005T130920538
2025-09-24,S02,P0213,CAT07,14,5,12.25,2.915,6.629,14.41,Low,,backtest,demand_forecast_run_20261005T130920538
2025-09-24,S02,P0252,CAT18,10,7,5.39,5.487,13.073,5.47,Low,,backtest,demand_forecast_run_20261005T130920538
2025-09-24,S02,P0272,CAT13,9,3,15.76,2.291,4.328,11.78,Low,,backtest,demand_forecast_run_20261005T130920538
2025-09-24,S02,P0288,CAT14,7,4,8.91,2.431,4.976,8.64,Low,,backtest,demand_forecast_run_20261005T130920538
2025-09-24,S02,P0316,CAT15,1,3,2,1.505,2.971,1.99,High,DEMAND_EXCEEDS_STOCK|BELOW_REORDER|LOW_DAYS_COVER,backtest,demand_forecast_run_20261005T130920538
2025-09-24,S02,P0369,CAT09,14,8,21.77,4.129,8.622,10.17,Low,,backtest,demand_forecast_run_20261005T130920538
2025-09-24,S02,P0381,CAT13,13,3,,1.2,2.267,32.49,Low,,backtest,demand_forecast_run_20261005T130920538
2025-09-24,S02,P0391,CAT06,17,7,8.5,4.441,10.208,11.48,Low,,backtest,demand_forecast_run_20261005T130920538
2025-09-24,S02,P0392,CAT19,8,3,12.44,1.281,2.892,18.73,Low,,backtest,demand_forecast_run_20261005T130920538
2025-09-24,S02,P0408,CAT16,6,4,9.33,2.039,5.43,8.83,Low,,backtest,demand_forecast_run_20261005T130920538
2025-09-24,S02,P0409,CAT12,14,5,10.32,3.17,7.579,13.25,Low,,backtest,demand_forecast_run_20261005T130920538
2025-09-24,S02,P0433,CAT20,5,3,34.97,0.56,1.42,26.77,Low,,backtest,demand_forecast_run_20261005T130920538
2025-09-24,S02,P0435,CAT14,22,8,14.67,6.409,13.12,10.3,Low,,backtest,demand_forecast_run_20261005T130920538
2025-09-24,S02,P0445,CAT02,7,4,24.48,1.587,3.104,13.23,Low,,backtest,demand_forecast_run_20261005T130920538
2025-09-24,S02,P0507,CAT02,39,15,8.81,10.582,20.692,11.06,Low,,backtest,demand_forecast_run_20261005T130920538
2025-09-24,S02,P0563,CAT13,10,6,12.72,3.492,6.595,8.59,Low,,backtest,demand_forecast_run_20261005T130920538
2025-09-24,S02,P0579,CAT12,6,3,16.81,1.315,3.142,13.69,Low,,backtest,demand_forecast_run_20261005T130920538
2025-09-24,S02,P0589,CAT03,3,4,3.23,2.399,4.864,3.75,Medium,BELOW_REORDER,backtest,demand_forecast_run_20261005T130920538
2025-09-24,S03,P0003,CAT03,15,6,11.05,2.792,5.909,16.12,Low,,backtest,demand_forecast_run_20261005T130920538
2025-09-24,S03,P0022,CAT05,7,5,7.53,1.971,4.037,10.65,Low,,backtest,demand_forecast_run_20261005T130920538
2025-09-24,S03,P0032,CAT11,44,15,14,11.757,21.134,11.23,Low,,backtest,demand_forecast_run_20261005T130920538
2025-09-24,S03,P0053,CAT06,9,4,11.45,1.455,3.612,18.56,Low,,backtest,demand_forecast_run_20261005T130920538
2025-09-24,S03,P0073,CAT13,7,3,10.89,1.11,2.411,18.92,Low,,backtest,demand_forecast_run_20261005T130920538
2025-09-24,S03,P0170,CAT17,8,4,11.2,3.293,7.424,7.29,Low,,backtest,demand_forecast_run_20261005T130920538
2025-09-24,S03,P0206,CAT15,0,6,0,3.68,8.469,0,High,ZERO_STOCK|DEMAND_EXCEEDS_STOCK|BELOW_REORDER|LOW_DAYS_COVER,backtest,demand_forecast_run_20261005T130920538
2025-09-24,S03,P0213,CAT07,11,4,9.62,2.151,5.481,15.34,Low,,backtest,demand_forecast_run_20261005T130920538
2025-09-24,S03,P0252,CAT18,18,8,22.9,5.368,12.479,10.06,Low,,backtest,demand_forecast_run_20261005T130920538
2025-09-24,S03,P0272,CAT13,4,3,8,1.48,3.215,8.11,Low,,backtest,demand_forecast_run_20261005T130920538
2025-09-24,S03,P0288,CAT14,7,3,14,1.489,3.307,14.1,Low,,backtest,demand_forecast_run_20261005T130920538
2025-09-24,S03,P0316,CAT15,6,4,8.4,1.495,3.44,12.04,Low,,backtest,demand_forecast_run_20261005T130920538
2025-09-24,S03,P0369,CAT09,8,8,5.9,4.446,9.966,5.4,Medium,BELOW_REORDER,backtest,demand_forecast_run_20261005T130920538
2025-09-24,S03,P0381,CAT13,4,3,9.32,1.234,2.679,9.73,Low,,backtest,demand_forecast_run_20261005T130920538
2025-09-24,S03,P0391,CAT06,17,6,21.63,3.556,8.828,14.34,Low,,backtest,demand_forecast_run_20261005T130920538
2025-09-24,S03,P0392,CAT19,9,3,31.47,0.97,2.234,27.83,Low,,backtest,demand_forecast_run_20261005T130920538
2025-09-24,S03,P0408,CAT16,7,4,6.12,1.917,5.544,10.96,Low,,backtest,demand_forecast_run_20261005T130920538
2025-09-24,S03,P0409,CAT12,6,4,4.94,1.896,4.647,9.5,Low,,backtest,demand_forecast_run_20261005T130920538
2025-09-24,S03,P0433,CAT20,4,2,,0,0,,Low,,backtest,demand_forecast_run_20261005T130920538
2025-09-24,S03,P0435,CAT14,11,7,6.7,5.01,11.124,6.59,Low,,backtest,demand_forecast_run_20261005T130920538
2025-09-24,S03,P0445,CAT02,3,3,6,0.846,1.651,10.63,Medium,BELOW_REORDER,backtest,demand_forecast_run_20261005T130920538
2025-09-24,S03,P0507,CAT02,13,14,3.31,9.82,19.151,3.97,Medium,BELOW_REORDER,backtest,demand_forecast_run_20261005T130920538
2025-09-24,S03,P0563,CAT13,3,6,2.33,3.824,8.306,2.35,High,DEMAND_EXCEEDS_STOCK|BELOW_REORDER|LOW_DAYS_COVER,backtest,demand_forecast_run_20261005T130920538
2025-09-24,S03,P0579,CAT12,5,3,6.36,1.592,3.903,9.42,Low,,backtest,demand_forecast_run_20261005T130920538
2025-09-24,S03,P0589,CAT03,14,5,14,2.882,6.1,14.57,Low,,backtest,demand_forecast_run_20261005T130920538
2025-09-24,S04,P0003,CAT03,1,5,0.56,2.993,7.324,1,High,DEMAND_EXCEEDS_STOCK|BELOW_REORDER|LOW_DAYS_COVER,backtest,demand_forecast_run_20261005T130920538
2025-09-24,S04,P0022,CAT05,10,5,9.34,2.484,5.282,12.08,Low,,backtest,demand_forecast_run_20261005T130920538
2025-09-24,S04,P0032,CAT11,38,12,12.97,9.379,18.823,12.15,Low,,backtest,demand_forecast_run_20261005T130920538
2025-09-24,S04,P0053,CAT06,4,3,11.2,0.622,1.616,19.31,Low,,backtest,demand_forecast_run_20261005T130920538
2025-09-24,S04,P0073,CAT13,4,2,11.2,1.462,3.344,8.21,Low,,backtest,demand_forecast_run_20261005T130920538
2025-09-24,S04,P0170,CAT17,6,3,9.33,1.847,4.723,9.74,Low,,backtest,demand_forecast_run_20261005T130920538
2025-09-24,S04,P0206,CAT15,15,5,15,3.708,8.196,12.13,Low,,backtest,demand_forecast_run_20261005T130920538
2025-09-24,S04,P0213,CAT07,8,4,6.22,1.943,5.03,12.35,Low,,backtest,demand_forecast_run_20261005T130920538
2025-09-24,S04,P0252,CAT18,10,6,8.24,3.613,8.654,8.3,Low,,backtest,demand_forecast_run_20261005T130920538
2025-09-24,S04,P0272,CAT13,5,3,14.01,1.993,4.56,7.53,Low,,backtest,demand_forecast_run_20261005T130920538
2025-09-24,S04,P0288,CAT14,12,4,27.97,1.326,3.127,27.15,Low,,backtest,demand_forecast_run_20261005T130920538
2025-09-24,S04,P0316,CAT15,6,3,28.04,0.586,1.294,30.74,Low,,backtest,demand_forecast_run_20261005T130920538
2025-09-24,S04,P0369,CAT09,10,6,11.67,3.94,8.768,7.61,Low,,backtest,demand_forecast_run_20261005T130920538
2025-09-24,S04,P0381,CAT13,3,3,10.49,1.595,3.648,5.64,Medium,BELOW_REORDER,backtest,demand_forecast_run_20261005T130920538
2025-09-24,S04,P0391,CAT06,6,5,12,2.409,6.263,7.47,Low,,backtest,demand_forecast_run_20261005T130920538
2025-09-24,S04,P0392,CAT19,6,3,9.33,1.258,3.06,14.31,Low,,backtest,demand_forecast_run_20261005T130920538
2025-09-24,S04,P0408,CAT16,13,3,60.75,1.656,3.983,23.55,Low,,backtest,demand_forecast_run_20261005T130920538
2025-09-24,S04,P0409,CAT12,4,4,2.8,1.988,5.138,6.04,Medium,BELOW_REORDER|LOW_DAYS_COVER,backtest,demand_forecast_run_20261005T130920538
2025-09-24,S04,P0433,CAT20,8,2,37.38,0.363,1.069,66.15,Low,,backtest,demand_forecast_run_20261005T130920538
2025-09-24,S04,P0435,CAT14,16,6,10.67,3.896,9.185,12.32,Low,,backtest,demand_forecast_run_20261005T130920538
2025-09-24,S04,P0445,CAT02,2,3,2.54,1.851,3.993,3.24,Medium,BELOW_REORDER|LOW_DAYS_COVER,backtest,demand_forecast_run_20261005T130920538
2025-09-24,S04,P0507,CAT02,34,11,14.43,7.403,15.972,13.78,Low,,backtest,demand_forecast_run_20261005T130920538
2025-09-24,S04,P0563,CAT13,11,5,25.64,1.595,3.648,20.69,Low,,backtest,demand_forecast_run_20261005T130920538
2025-09-24,S04,P0579,CAT12,5,3,,0.603,1.557,24.89,Low,,backtest,demand_forecast_run_20261005T130920538
2025-09-24,S04,P0589,CAT03,14,4,28,1.339,3.276,31.37,Low,,backtest,demand_forecast_run_20261005T130920538
2025-09-24,S05,P0003,CAT03,5,4,3.68,2.177,5.77,6.89,Low,,backtest,demand_forecast_run_20261005T130920538
2025-09-24,S05,P0022,CAT05,12,4,18.66,2.574,5.709,13.99,Low,,backtest,demand_forecast_run_20261005T130920538
2025-09-24,S05,P0032,CAT11,24,11,8.61,7.532,16.674,9.56,Low,,backtest,demand_forecast_run_20261005T130920538
2025-09-24,S05,P0053,CAT06,6,3,41.96,0.854,2.269,21.08,Low,,backtest,demand_forecast_run_20261005T130920538
2025-09-24,S05,P0073,CAT13,8,2,27.97,0.436,1.069,55.07,Low,,backtest,demand_forecast_run_20261005T130920538
2025-09-24,S05,P0170,CAT17,4,3,11.2,1.262,3.644,9.51,Low,,backtest,demand_forecast_run_20261005T130920538
2025-09-24,S05,P0206,CAT15,8,4,5.6,3.555,7.985,6.75,Low,,backtest,demand_forecast_run_20261005T130920538
2025-09-24,S05,P0213,CAT07,8,4,27.97,1.603,4.897,14.97,Low,,backtest,demand_forecast_run_20261005T130920538
2025-09-24,S05,P0252,CAT18,7,5,7,4.029,9.309,5.21,Low,,backtest,demand_forecast_run_20261005T130920538
2025-09-24,S05,P0272,CAT13,0,3,0,1.162,2.85,0,High,ZERO_STOCK|DEMAND_EXCEEDS_STOCK|BELOW_REORDER|LOW_DAYS_COVER,backtest,demand_forecast_run_20261005T130920538
2025-09-24,S05,P0288,CAT14,9,3,14,1.92,4.784,14.06,Low,,backtest,demand_forecast_run_20261005T130920538
2025-09-24,S05,P0316,CAT15,0,3,0,1.376,3.091,0,High,ZERO_STOCK|DEMAND_EXCEEDS_STOCK|BELOW_REORDER|LOW_DAYS_COVER,backtest,demand_forecast_run_20261005T130920538
2025-09-24,S05,P0369,CAT09,5,6,3.68,3.854,10.218,3.89,Medium,BELOW_REORDER,backtest,demand_forecast_run_20261005T130920538
2025-09-24,S05,P0381,CAT13,8,3,10.18,1.307,3.206,18.36,Low,,backtest,demand_forecast_run_20261005T130920538
2025-09-24,S05,P0391,CAT06,15,5,10.5,2.759,7.332,16.31,Low,,backtest,demand_forecast_run_20261005T130920538
2025-09-24,S05,P0392,CAT19,3,2,14.02,0.474,1.342,19.01,Low,,backtest,demand_forecast_run_20261005T130920538
2025-09-24,S05,P0408,CAT16,4,3,8,1.051,3.475,11.41,Low,,backtest,demand_forecast_run_20261005T130920538
2025-09-24,S05,P0409,CAT12,5,3,14.01,1.696,5.026,8.85,Low,,backtest,demand_forecast_run_20261005T130920538
2025-09-24,S05,P0433,CAT20,4,2,27.97,0.223,0.641,53.93,Low,,backtest,demand_forecast_run_20261005T130920538
2025-09-24,S05,P0435,CAT14,14,6,10.89,3.492,8.698,12.03,Low,,backtest,demand_forecast_run_20261005T130920538
2025-09-24,S05,P0445,CAT02,9,3,20.98,0.751,1.627,35.96,Low,,backtest,demand_forecast_run_20261005T130920538
2025-09-24,S05,P0507,CAT02,22,9,9.33,7.08,15.339,9.32,Low,,backtest,demand_forecast_run_20261005T130920538
2025-09-24,S05,P0563,CAT13,14,5,19.61,2.324,5.7,18.07,Low,,backtest,demand_forecast_run_20261005T130920538
2025-09-24,S05,P0579,CAT12,6,3,13.99,0.848,2.513,21.23,Low,,backtest,demand_forecast_run_20261005T130920538
2025-09-24,S05,P0589,CAT03,8,4,7.47,2.258,5.984,10.63,Low,,backtest,demand_forecast_run_20261005T130920538
2025-09-24,S06,P0003,CAT03,17,6,9.52,4.264,7.565,11.96,Low,,backtest,demand_forecast_run_20261005T130920538
2025-09-24,S06,P0022,CAT05,15,6,14.01,3.479,5.763,12.93,Low,,backtest,demand_forecast_run_20261005T130920538
2025-09-24,S06,P0032,CAT11,43,18,8.03,16.981,25.425,7.6,Low,,backtest,demand_forecast_run_20261005T130920538
2025-09-24,S06,P0053,CAT06,8,4,16,1.76,3.442,13.63,Low,,backtest,demand_forecast_run_20261005T130920538
2025-09-24,S06,P0073,CAT13,14,4,21.77,2.816,4.416,14.92,Low,,backtest,demand_forecast_run_20261005T130920538
2025-09-24,S06,P0170,CAT17,13,4,16.54,2.084,4.485,18.72,Low,,backtest,demand_forecast_run_20261005T130920538
2025-09-24,S06,P0206,CAT15,18,7,9.69,6.91,11.358,7.82,Low,,backtest,demand_forecast_run_20261005T130920538
2025-09-24,S06,P0213,CAT07,13,6,10.11,4.803,9.157,8.12,Low,,backtest,demand_forecast_run_20261005T130920538
2025-09-24,S06,P0252,CAT18,21,8,11.76,6.924,14.603,9.1,Low,,backtest,demand_forecast_run_20261005T130920538
2025-09-24,S06,P0272,CAT13,6,4,13.99,2.223,3.487,8.1,Low,,backtest,demand_forecast_run_20261005T130920538
2025-09-24,S06,P0288,CAT14,4,4,7.01,2.322,3.816,5.17,Medium,BELOW_REORDER,backtest,demand_forecast_run_20261005T130920538
2025-09-24,S06,P0316,CAT15,9,4,10.5,2.937,4.827,9.19,Low,,backtest,demand_forecast_run_20261005T130920538
2025-09-24,S06,P0369,CAT09,31,10,16.69,6.524,12.537,14.25,Low,,backtest,demand_forecast_run_20261005T130920538
2025-09-24,S06,P0381,CAT13,10,4,7.78,4.446,6.973,6.75,Low,,backtest,demand_forecast_run_20261005T130920538
2025-09-24,S06,P0391,CAT06,14,7,10.89,4.792,9.37,8.76,Low,,backtest,demand_forecast_run_20261005T130920538
2025-09-24,S06,P0392,CAT19,11,3,30.81,2.082,3.852,15.85,Low,,backtest,demand_forecast_run_20261005T130920538
2025-09-24,S06,P0408,CAT16,12,5,16.81,4.031,8.677,8.93,Low,,backtest,demand_forecast_run_20261005T130920538
2025-09-24,S06,P0409,CAT12,9,5,9.69,2.965,6.039,9.11,Low,,backtest,demand_forecast_run_20261005T130920538
2025-09-24,S06,P0433,CAT20,7,3,19.61,0.998,2.052,21.05,Low,,backtest,demand_forecast_run_20261005T130920538
2025-09-24,S06,P0435,CAT14,21,9,15.48,8.752,14.381,7.2,Low,,backtest,demand_forecast_run_20261005T130920538
2025-09-24,S06,P0445,CAT02,0,4,0,2.234,3.886,0,High,ZERO_STOCK|DEMAND_EXCEEDS_STOCK|BELOW_REORDER|LOW_DAYS_COVER,backtest,demand_forecast_run_20261005T130920538
2025-09-24,S06,P0507,CAT02,52,17,11.38,13.651,23.745,11.43,Low,,backtest,demand_forecast_run_20261005T130920538
2025-09-24,S06,P0563,CAT13,12,6,9.33,4.15,6.508,8.68,Low,,backtest,demand_forecast_run_20261005T130920538
2025-09-24,S06,P0579,CAT12,12,4,11.2,2.965,6.039,12.14,Low,,backtest,demand_forecast_run_20261005T130920538
2025-09-24,S06,P0589,CAT03,6,6,3.23,4.061,7.205,4.43,Medium,BELOW_REORDER,backtest,demand_forecast_run_20261005T130920538
2025-09-24,S07,P0003,CAT03,9,5,11.45,2.951,5.478,9.15,Low,,backtest,demand_forecast_run_20261005T130920538
2025-09-24,S07,P0022,CAT05,0,4,0,2.76,5.424,0,High,ZERO_STOCK|DEMAND_EXCEEDS_STOCK|BELOW_REORDER|LOW_DAYS_COVER,backtest,demand_forecast_run_20261005T130920538
2025-09-24,S07,P0032,CAT11,36,12,11.72,11.064,19.216,9.76,Low,,backtest,demand_forecast_run_20261005T130920538
2025-09-24,S07,P0053,CAT06,4,3,6.22,1.161,2.767,10.34,Low,,backtest,demand_forecast_run_20261005T130920538
2025-09-24,S07,P0073,CAT13,6,3,9.33,0.9,1.79,20,Low,,backtest,demand_forecast_run_20261005T130920538
2025-09-24,S07,P0170,CAT17,5,3,5.38,1.379,4.079,10.88,Low,,backtest,demand_forecast_run_20261005T130920538
2025-09-24,S07,P0206,CAT15,12,5,5.79,4.5,9.41,8,Low,,backtest,demand_forecast_run_20261005T130920538
2025-09-24,S07,P0213,CAT07,3,4,3.5,2.504,5.925,3.59,Medium,BELOW_REORDER,backtest,demand_forecast_run_20261005T130920538
2025-09-24,S07,P0252,CAT18,16,5,11.2,4.038,9.536,11.89,Low,,backtest,demand_forecast_run_20261005T130920538
2025-09-24,S07,P0272,CAT13,6,3,7.63,1.44,2.864,12.5,Low,,backtest,demand_forecast_run_20261005T130920538
2025-09-24,S07,P0288,CAT14,8,3,12.44,1.732,3.313,13.86,Low,,backtest,demand_forecast_run_20261005T130920538
2025-09-24,S07,P0316,CAT15,5,3,23.36,0.716,1.497,20.95,Low,,backtest,demand_forecast_run_20261005T130920538
2025-09-24,S07,P0369,CAT09,22,7,12.32,5.608,11.157,11.77,Low,,backtest,demand_forecast_run_20261005T130920538
2025-09-24,S07,P0381,CAT13,2,3,4,0.9,1.79,6.67,Medium,BELOW_REORDER,backtest,demand_forecast_run_20261005T130920538
2025-09-24,S07,P0391,CAT06,15,5,17.5,3.005,7.162,14.98,Low,,backtest,demand_forecast_run_20261005T130920538
2025-09-24,S07,P0392,CAT19,9,3,42.06,1.3,3.069,20.77,Low,,backtest,demand_forecast_run_20261005T130920538
2025-09-24,S07,P0408,CAT16,8,3,7,1.999,5.721,12.01,Low,,backtest,demand_forecast_run_20261005T130920538
2025-09-24,S07,P0409,CAT12,0,4,0,2.384,5.984,0,High,ZERO_STOCK|DEMAND_EXCEEDS_STOCK|BELOW_REORDER|LOW_DAYS_COVER,backtest,demand_forecast_run_20261005T130920538
2025-09-24,S07,P0433,CAT20,6,2,10.51,0.629,2.026,28.62,Low,,backtest,demand_forecast_run_20261005T130920538
2025-09-24,S07,P0435,CAT14,8,7,3.5,5.772,11.042,4.16,Low,,backtest,demand_forecast_run_20261005T130920538
2025-09-24,S07,P0445,CAT02,5,3,17.48,1.026,1.922,14.62,Low,,backtest,demand_forecast_run_20261005T130920538
2025-09-24,S07,P0507,CAT02,21,11,6.39,8.023,15.027,7.85,Low,,backtest,demand_forecast_run_20261005T130920538
2025-09-24,S07,P0563,CAT13,13,5,10.71,3.69,7.339,10.57,Low,,backtest,demand_forecast_run_20261005T130920538
2025-09-24,S07,P0579,CAT12,9,3,18,1.49,3.74,18.12,Low,,backtest,demand_forecast_run_20261005T130920538
2025-09-24,S07,P0589,CAT03,7,4,10.89,2.566,4.764,8.18,Low,,backtest,demand_forecast_run_20261005T130920538
2025-09-24,S08,P0003,CAT03,20,7,9.66,5.014,7.946,11.97,Low,,backtest,demand_forecast_run_20261005T130920538
2025-09-24,S08,P0022,CAT05,17,6,12.53,3.708,6.258,13.75,Low,,backtest,demand_forecast_run_20261005T130920538
2025-09-24,S08,P0032,CAT11,35,18,7.9,15.898,22.956,6.6,Low,,backtest,demand_forecast_run_20261005T130920538
2025-09-24,S08,P0053,CAT06,7,3,14,1.444,3.008,14.54,Low,,backtest,demand_forecast_run_20261005T130920538
2025-09-24,S08,P0073,CAT13,11,3,51.4,1.047,1.708,31.53,Low,,backtest,demand_forecast_run_20261005T130920538
2025-09-24,S08,P0170,CAT17,10,4,11.67,2.402,5.127,12.49,Low,,backtest,demand_forecast_run_20261005T130920538
2025-09-24,S08,P0206,CAT15,19,7,11.56,4.814,9.05,11.84,Low,,backtest,demand_forecast_run_20261005T130920538
2025-09-24,S08,P0213,CAT07,17,6,11.33,2.717,5.428,18.77,Low,,backtest,demand_forecast_run_20261005T130920538
2025-09-24,S08,P0252,CAT18,16,9,9.74,7.162,15.304,6.7,Low,,backtest,demand_forecast_run_20261005T130920538
2025-09-24,S08,P0272,CAT13,9,4,15.76,2.224,3.629,12.14,Low,,backtest,demand_forecast_run_20261005T130920538
2025-09-24,S08,P0288,CAT14,11,4,17.11,2.312,4.604,14.27,Low,,backtest,demand_forecast_run_20261005T130920538
2025-09-24,S08,P0316,CAT15,9,4,20.98,1.604,3.017,16.83,Low,,backtest,demand_forecast_run_20261005T130920538
2025-09-24,S08,P0369,CAT09,23,10,9.47,6.487,12.414,10.64,Low,,backtest,demand_forecast_run_20261005T130920538
2025-09-24,S08,P0381,CAT13,9,4,25.21,1.701,2.775,15.87,Low,,backtest,demand_forecast_run_20261005T130920538
2025-09-24,S08,P0391,CAT06,9,6,5.04,4.332,9.025,6.23,Low,,backtest,demand_forecast_run_20261005T130920538
2025-09-24,S08,P0392,CAT19,10,4,34.97,1.797,3.716,16.7,Low,,backtest,demand_forecast_run_20261005T130920538
2025-09-24,S08,P0408,CAT16,9,4,6.3,3.154,7.705,8.56,Low,,backtest,demand_forecast_run_20261005T130920538
2025-09-24,S08,P0409,CAT12,11,5,15.41,2.979,6.488,11.08,Low,,backtest,demand_forecast_run_20261005T130920538
2025-09-24,S08,P0433,CAT20,7,2,32.71,0.761,1.745,27.61,Low,,backtest,demand_forecast_run_20261005T130920538
2025-09-24,S08,P0435,CAT14,27,9,10.8,8.207,16.344,9.87,Low,,backtest,demand_forecast_run_20261005T130920538
2025-09-24,S08,P0445,CAT02,6,4,16.81,1.635,2.692,11.01,Low,,backtest,demand_forecast_run_20261005T130920538
2025-09-24,S08,P0507,CAT02,43,18,8.85,13.693,22.545,9.42,Low,,backtest,demand_forecast_run_20261005T130920538
2025-09-24,S08,P0563,CAT13,10,8,10,7.326,11.955,4.09,Low,,backtest,demand_forecast_run_20261005T130920538
2025-09-24,S08,P0579,CAT12,3,3,3,1.664,3.626,5.41,Medium,BELOW_REORDER,backtest,demand_forecast_run_20261005T130920538
2025-09-24,S08,P0589,CAT03,5,5,4.37,3.217,5.097,4.66,Medium,BELOW_REORDER,backtest,demand_forecast_run_20261005T130920538
2025-09-24,S09,P0003,CAT03,6,5,4.42,4.303,7.81,4.18,Low,,backtest,demand_forecast_run_20261005T130920538
2025-09-24,S09,P0022,CAT05,8,6,6.22,3.929,6.004,6.11,Low,,backtest,demand_forecast_run_20261005T130920538
2025-09-24,S09,P0032,CAT11,12,17,3,13.064,21.03,2.76,High,DEMAND_EXCEEDS_STOCK|BELOW_REORDER,backtest,demand_forecast_run_20261005T130920538
2025-09-24,S09,P0053,CAT06,8,3,112.68,0.608,1.297,39.49,Low,,backtest,demand_forecast_run_20261005T130920538
2025-09-24,S09,P0073,CAT13,6,3,,0.459,0.884,39.24,Low,,backtest,demand_forecast_run_20261005T130920538
2025-09-24,S09,P0170,CAT17,11,4,25.64,2.399,5.098,13.76,Low,,backtest,demand_forecast_run_20261005T130920538
2025-09-24,S09,P0206,CAT15,8,6,8,3.859,7.176,6.22,Low,,backtest,demand_forecast_run_20261005T130920538
2025-09-24,S09,P0213,CAT07,8,5,7.47,5.372,10.58,4.47,Low,,backtest,demand_forecast_run_20261005T130920538
2025-09-24,S09,P0252,CAT18,11,7,6.42,6.645,13.974,4.97,Low,,backtest,demand_forecast_run_20261005T130920538
2025-09-24,S09,P0272,CAT13,5,3,17.48,1.529,2.949,9.81,Low,,backtest,demand_forecast_run_20261005T130920538
2025-09-24,S09,P0288,CAT14,11,4,11.84,2.803,5.455,11.77,Low,,backtest,demand_forecast_run_20261005T130920538
2025-09-24,S09,P0316,CAT15,10,4,11.67,2.105,3.914,14.25,Low,,backtest,demand_forecast_run_20261005T130920538
2025-09-24,S09,P0369,CAT09,18,8,10.08,5.659,11.857,9.54,Low,,backtest,demand_forecast_run_20261005T130920538
2025-09-24,S09,P0381,CAT13,9,3,126.76,1.376,2.654,19.62,Low,,backtest,demand_forecast_run_20261005T130920538
2025-09-24,S09,P0391,CAT06,13,7,12.14,3.994,8.522,9.76,Low,,backtest,demand_forecast_run_20261005T130920538
2025-09-24,S09,P0392,CAT19,3,3,5.25,1.303,2.809,6.91,Medium,BELOW_REORDER,backtest,demand_forecast_run_20261005T130920538
2025-09-24,S09,P0408,CAT16,12,4,15.27,3.625,7.279,9.93,Low,,backtest,demand_forecast_run_20261005T130920538
2025-09-24,S09,P0409,CAT12,10,5,17.51,2.45,5.012,12.24,Low,,backtest,demand_forecast_run_20261005T130920538
2025-09-24,S09,P0433,CAT20,2,2,9.35,0.562,1.266,10.67,Medium,BELOW_REORDER,backtest,demand_forecast_run_20261005T130920538
2025-09-24,S09,P0435,CAT14,15,9,9.55,6.126,11.921,7.35,Low,,backtest,demand_forecast_run_20261005T130920538
2025-09-24,S09,P0445,CAT02,11,4,22,1.651,2.846,19.98,Low,,backtest,demand_forecast_run_20261005T130920538
2025-09-24,S09,P0507,CAT02,35,16,11.4,11.677,20.125,8.99,Low,,backtest,demand_forecast_run_20261005T130920538
2025-09-24,S09,P0563,CAT13,11,6,6.42,5.963,11.5,5.53,Low,,backtest,demand_forecast_run_20261005T130920538
2025-09-24,S09,P0579,CAT12,12,3,27.97,1.634,3.341,22.04,Low,,backtest,demand_forecast_run_20261005T130920538
2025-09-24,S09,P0589,CAT03,4,5,4,4.422,8.027,2.71,High,DEMAND_EXCEEDS_STOCK|BELOW_REORDER,backtest,demand_forecast_run_20261005T130920538
2025-09-24,S10,P0003,CAT03,5,5,2.41,4.549,8.605,3.3,Medium,BELOW_REORDER|LOW_DAYS_COVER,backtest,demand_forecast_run_20261005T130920538
2025-09-24,S10,P0022,CAT05,15,5,11.05,2.797,5.192,16.09,Low,,backtest,demand_forecast_run_20261005T130920538
2025-09-24,S10,P0032,CAT11,41,14,11.25,10.71,18.556,11.48,Low,,backtest,demand_forecast_run_20261005T130920538
2025-09-24,S10,P0053,CAT06,8,3,22.41,1.082,2.281,22.18,Low,,backtest,demand_forecast_run_20261005T130920538
2025-09-24,S10,P0073,CAT13,7,3,24.48,0.666,1.382,31.53,Low,,backtest,demand_forecast_run_20261005T130920538
2025-09-24,S10,P0170,CAT17,6,3,12,1.424,3.924,12.64,Low,,backtest,demand_forecast_run_20261005T130920538
2025-09-24,S10,P0206,CAT15,5,5,5.83,3.553,7.697,4.22,Medium,BELOW_REORDER,backtest,demand_forecast_run_20261005T130920538
2025-09-24,S10,P0213,CAT07,4,4,6.22,2.553,5.81,4.7,Medium,BELOW_REORDER,backtest,demand_forecast_run_20261005T130920538
2025-09-24,S10,P0252,CAT18,6,7,3.11,5.575,12.466,3.23,Medium,BELOW_REORDER,backtest,demand_forecast_run_20261005T130920538
2025-09-24,S10,P0272,CAT13,5,3,7.78,1.11,2.304,13.51,Low,,backtest,demand_forecast_run_20261005T130920538
2025-09-24,S10,P0288,CAT14,10,4,7.37,2.177,4.376,13.78,Low,,backtest,demand_forecast_run_20261005T130920538
2025-09-24,S10,P0316,CAT15,11,4,22,1.316,2.851,25.08,Low,,backtest,demand_forecast_run_20261005T130920538
2025-09-24,S10,P0369,CAT09,9,7,6.63,4.902,11.096,5.51,Low,,backtest,demand_forecast_run_20261005T130920538
2025-09-24,S10,P0381,CAT13,7,3,10.89,1.998,4.146,10.51,Low,,backtest,demand_forecast_run_20261005T130920538
2025-09-24,S10,P0391,CAT06,10,5,8.75,2.976,6.273,10.08,Low,,backtest,demand_forecast_run_20261005T130920538
2025-09-24,S10,P0392,CAT19,4,3,13.99,0.818,1.963,14.67,Low,,backtest,demand_forecast_run_20261005T130920538
2025-09-24,S10,P0408,CAT16,9,4,11.45,2.569,6.023,10.51,Low,,backtest,demand_forecast_run_20261005T130920538
2025-09-24,S10,P0409,CAT12,10,5,9.34,3.546,6.13,8.46,Low,,backtest,demand_forecast_run_20261005T130920538
2025-09-24,S10,P0433,CAT20,7,2,19.61,0.82,2.148,25.59,Low,,backtest,demand_forecast_run_20261005T130920538
2025-09-24,S10,P0435,CAT14,13,7,5.06,5.19,10.435,7.51,Low,,backtest,demand_forecast_run_20261005T130920538
2025-09-24,S10,P0445,CAT02,8,3,9.33,2.238,4.276,10.72,Low,,backtest,demand_forecast_run_20261005T130920538
2025-09-24,S10,P0507,CAT02,8,13,1.9,9.325,17.816,2.57,High,DEMAND_EXCEEDS_STOCK|BELOW_REORDER|LOW_DAYS_COVER,backtest,demand_forecast_run_20261005T130920538
2025-09-24,S10,P0563,CAT13,19,6,14,4.108,8.523,13.88,Low,,backtest,demand_forecast_run_20261005T130920538
2025-09-24,S10,P0579,CAT12,8,3,22.41,1.364,2.358,17.6,Low,,backtest,demand_forecast_run_20261005T130920538
2025-09-24,S10,P0589,CAT03,12,4,12.92,2.6,4.917,13.85,Low,,backtest,demand_forecast_run_20261005T130920538
2025-09-24,S11,P0003,CAT03,6,6,6,3.557,6.523,5.06,Medium,BELOW_REORDER,backtest,demand_forecast_run_20261005T130920538
2025-09-24,S11,P0022,CAT05,17,6,7.21,5.613,7.928,9.09,Low,,backtest,demand_forecast_run_20261005T130920538
2025-09-24,S11,P0032,CAT11,62,20,10.72,15.341,24.27,12.12,Low,,backtest,demand_forecast_run_20261005T130920538
2025-09-24,S11,P0053,CAT06,6,4,9.33,1.79,3.449,10.06,Low,,backtest,demand_forecast_run_20261005T130920538
2025-09-24,S11,P0073,CAT13,9,3,25.21,1.276,2.093,21.16,Low,,backtest,demand_forecast_run_20261005T130920538
2025-09-24,S11,P0170,CAT17,5,4,7,1.802,3.707,8.32,Low,,backtest,demand_forecast_run_20261005T130920538
2025-09-24,S11,P0206,CAT15,21,7,17.3,3.352,5.565,18.79,Low,,backtest,demand_forecast_run_20261005T130920538
2025-09-24,S11,P0213,CAT07,7,6,5.44,4.732,8.768,4.44,Low,,backtest,demand_forecast_run_20261005T130920538
2025-09-24,S11,P0252,CAT18,14,9,5.6,7.138,14.118,5.88,Low,,backtest,demand_forecast_run_20261005T130920538
2025-09-24,S11,P0272,CAT13,10,4,28.01,1.382,2.268,21.7,Low,,backtest,demand_forecast_run_20261005T130920538
2025-09-24,S11,P0288,CAT14,6,5,3.36,4.03,6.679,4.47,Low,,backtest,demand_forecast_run_20261005T130920538
2025-09-24,S11,P0316,CAT15,2,4,2.15,3.129,5.194,1.92,High,DEMAND_EXCEEDS_STOCK|BELOW_REORDER|LOW_DAYS_COVER,backtest,demand_forecast_run_20261005T130920538
2025-09-24,S11,P0369,CAT09,13,9,5.06,6.667,14.774,5.85,Low,,backtest,demand_forecast_run_20261005T130920538
2025-09-24,S11,P0381,CAT13,12,4,24,2.552,4.186,14.1,Low,,backtest,demand_forecast_run_20261005T130920538
2025-09-24,S11,P0391,CAT06,11,7,11.84,2.898,5.584,11.39,Low,,backtest,demand_forecast_run_20261005T130920538
2025-09-24,S11,P0392,CAT19,3,3,8.4,1.318,2.483,6.83,Medium,BELOW_REORDER,backtest,demand_forecast_run_20261005T130920538
2025-09-24,S11,P0408,CAT16,9,5,12.61,3.145,6.479,8.59,Low,,backtest,demand_forecast_run_20261005T130920538
2025-09-24,S11,P0409,CAT12,11,5,19.26,2.316,4.615,14.25,Low,,backtest,demand_forecast_run_20261005T130920538
2025-09-24,S11,P0433,CAT20,5,3,5.83,1.545,3.302,9.71,Low,,backtest,demand_forecast_run_20261005T130920538
2025-09-24,S11,P0435,CAT14,8,9,3.03,7.469,12.38,3.21,Medium,BELOW_REORDER,backtest,demand_forecast_run_20261005T130920538
2025-09-24,S11,P0445,CAT02,12,5,15.27,2.107,3.676,17.09,Low,,backtest,demand_forecast_run_20261005T130920538
2025-09-24,S11,P0507,CAT02,47,18,8.55,12.729,22.208,11.08,Low,,backtest,demand_forecast_run_20261005T130920538
2025-09-24,S11,P0563,CAT13,16,7,9.74,6.487,10.64,7.4,Low,,backtest,demand_forecast_run_20261005T130920538
2025-09-24,S11,P0579,CAT12,4,3,18.69,1.634,3.258,7.34,Low,,backtest,demand_forecast_run_20261005T130920538
2025-09-24,S11,P0589,CAT03,11,5,22,3.557,6.523,9.28,Low,,backtest,demand_forecast_run_20261005T130920538
2025-09-24,S12,P0003,CAT03,13,6,11.37,3.452,6.196,11.3,Low,,backtest,demand_forecast_run_20261005T130920538
2025-09-24,S12,P0022,CAT05,16,5,9.74,3.724,5.739,12.89,Low,,backtest,demand_forecast_run_20261005T130920538
2025-09-24,S12,P0032,CAT11,27,15,3.63,15.363,26.257,5.27,Low,,backtest,demand_forecast_run_20261005T130920538
2025-09-24,S12,P0053,CAT06,6,3,28.04,1.644,3.717,10.95,Low,,backtest,demand_forecast_run_20261005T130920538
2025-09-24,S12,P0073,CAT13,9,3,62.94,0.835,1.576,32.34,Low,,backtest,demand_forecast_run_20261005T130920538
2025-09-24,S12,P0170,CAT17,7,3,16.32,1.529,3.79,13.74,Low,,backtest,demand_forecast_run_20261005T130920538
2025-09-24,S12,P0206,CAT15,6,6,3.23,4.062,8.267,4.43,Medium,BELOW_REORDER,backtest,demand_forecast_run_20261005T130920538
2025-09-24,S12,P0213,CAT07,4,5,4.31,2.958,5.924,4.06,Medium,BELOW_REORDER,backtest,demand_forecast_run_20261005T130920538
2025-09-24,S12,P0252,CAT18,15,7,15,4.124,9.846,10.91,Low,,backtest,demand_forecast_run_20261005T130920538
2025-09-24,S12,P0272,CAT13,13,3,26,2.266,4.277,17.21,Low,,backtest,demand_forecast_run_20261005T130920538
2025-09-24,S12,P0288,CAT14,9,4,9.69,2.408,4.869,11.21,Low,,backtest,demand_forecast_run_20261005T130920538
2025-09-24,S12,P0316,CAT15,7,3,7.53,2.112,4.299,9.94,Low,,backtest,demand_forecast_run_20261005T130920538
2025-09-24,S12,P0369,CAT09,12,8,5.42,7.488,15.541,4.81,Low,,backtest,demand_forecast_run_20261005T130920538
2025-09-24,S12,P0381,CAT13,7,3,8.17,2.505,4.727,8.38,Low,,backtest,demand_forecast_run_20261005T130920538
2025-09-24,S12,P0391,CAT06,5,5,7,2.662,6.018,5.64,Medium,BELOW_REORDER,backtest,demand_forecast_run_20261005T130920538
2025-09-24,S12,P0392,CAT19,3,3,10.49,1.187,2.647,7.58,Medium,BELOW_REORDER,backtest,demand_forecast_run_20261005T130920538
2025-09-24,S12,P0408,CAT16,0,4,0,2.018,5.199,0,High,ZERO_STOCK|DEMAND_EXCEEDS_STOCK|BELOW_REORDER|LOW_DAYS_COVER,backtest,demand_forecast_run_20261005T130920538
2025-09-24,S12,P0409,CAT12,9,4,14,2.19,5.657,12.33,Low,,backtest,demand_forecast_run_20261005T130920538
2025-09-24,S12,P0433,CAT20,3,2,42.25,0.718,1.724,12.54,Low,,backtest,demand_forecast_run_20261005T130920538
2025-09-24,S12,P0435,CAT14,18,6,11.46,4.606,9.315,11.72,Low,,backtest,demand_forecast_run_20261005T130920538
2025-09-24,S12,P0445,CAT02,7,3,14,0.982,1.885,21.39,Low,,backtest,demand_forecast_run_20261005T130920538
2025-09-24,S12,P0507,CAT02,45,14,11.45,8.835,16.961,15.28,Low,,backtest,demand_forecast_run_20261005T130920538
2025-09-24,S12,P0563,CAT13,13,6,18.21,3.697,6.978,10.55,Low,,backtest,demand_forecast_run_20261005T130920538
2025-09-24,S12,P0579,CAT12,6,3,12,1.022,2.64,17.62,Low,,backtest,demand_forecast_run_20261005T130920538
2025-09-24,S12,P0589,CAT03,8,4,14.01,2.301,4.131,10.43,Low,,backtest,demand_forecast_run_20261005T130920538
2025-09-25,S01,P0003,CAT03,6,6,4.2,3.867,7.014,4.66,Medium,BELOW_REORDER,backtest,demand_forecast_run_20261005T130920538
2025-09-25,S01,P0022,CAT05,10,5,12.72,2.445,4.905,12.27,Low,,backtest,demand_forecast_run_20261005T130920538
2025-09-25,S01,P0032,CAT11,21,14,4.52,11.499,19.537,5.48,Low,,backtest,demand_forecast_run_20261005T130920538
2025-09-25,S01,P0053,CAT06,0,3,0,1.364,2.965,0,High,ZERO_STOCK|DEMAND_EXCEEDS_STOCK|BELOW_REORDER|LOW_DAYS_COVER,backtest,demand_forecast_run_20261005T130920538
2025-09-25,S01,P0073,CAT13,4,3,27.97,0.874,1.615,13.73,Low,,backtest,demand_forecast_run_20261005T130920538
2025-09-25,S01,P0170,CAT17,12,4,56.07,1.344,3.506,26.79,Low,,backtest,demand_forecast_run_20261005T130920538
2025-09-25,S01,P0206,CAT15,12,6,11.2,3.409,7.226,10.56,Low,,backtest,demand_forecast_run_20261005T130920538
2025-09-25,S01,P0213,CAT07,13,5,16.54,2.615,5.869,14.91,Low,,backtest,demand_forecast_run_20261005T130920538
2025-09-25,S01,P0252,CAT18,18,7,12.6,5.22,12.568,10.34,Low,,backtest,demand_forecast_run_20261005T130920538
2025-09-25,S01,P0272,CAT13,3,3,5.25,1.966,3.634,4.58,Medium,BELOW_REORDER,backtest,demand_forecast_run_20261005T130920538
2025-09-25,S01,P0288,CAT14,4,4,8,1.895,3.209,6.33,Medium,BELOW_REORDER,backtest,demand_forecast_run_20261005T130920538
2025-09-25,S01,P0316,CAT15,4,3,13.99,0.787,1.668,15.25,Low,,backtest,demand_forecast_run_20261005T130920538
2025-09-25,S01,P0369,CAT09,12,8,12,4.832,10.451,7.45,Low,,backtest,demand_forecast_run_20261005T130920538
2025-09-25,S01,P0381,CAT13,2,3,3.5,2.184,4.038,2.75,High,DEMAND_EXCEEDS_STOCK|BELOW_REORDER,backtest,demand_forecast_run_20261005T130920538
2025-09-25,S01,P0391,CAT06,9,5,7.87,4.616,10.035,5.85,Low,,backtest,demand_forecast_run_20261005T130920538
2025-09-25,S01,P0392,CAT19,5,3,11.66,1.205,2.764,12.44,Low,,backtest,demand_forecast_run_20261005T130920538
2025-09-25,S01,P0408,CAT16,0,4,0,2.207,4.954,0,High,ZERO_STOCK|DEMAND_EXCEEDS_STOCK|BELOW_REORDER|LOW_DAYS_COVER,backtest,demand_forecast_run_20261005T130920538
2025-09-25,S01,P0409,CAT12,12,4,14,1.922,4.634,18.73,Low,,backtest,demand_forecast_run_20261005T130920538
2025-09-25,S01,P0433,CAT20,5,3,7,0.982,2.739,15.27,Low,,backtest,demand_forecast_run_20261005T130920538
2025-09-25,S01,P0435,CAT14,19,7,8.06,6.82,11.553,8.36,Low,,backtest,demand_forecast_run_20261005T130920538
2025-09-25,S01,P0445,CAT02,9,4,25.21,1.21,2.152,22.32,Low,,backtest,demand_forecast_run_20261005T130920538
2025-09-25,S01,P0507,CAT02,14,14,3.06,10.422,18.54,4.03,Medium,BELOW_REORDER,backtest,demand_forecast_run_20261005T130920538
2025-09-25,S01,P0563,CAT13,16,6,8.62,5.461,10.094,8.79,Low,,backtest,demand_forecast_run_20261005T130920538
2025-09-25,S01,P0579,CAT12,8,3,16,1.552,3.743,15.46,Low,,backtest,demand_forecast_run_20261005T130920538
2025-09-25,S01,P0589,CAT03,11,4,8.11,2.951,5.353,11.18,Low,,backtest,demand_forecast_run_20261005T130920538
2025-09-25,S02,P0003,CAT03,19,6,9.85,3.505,7.666,16.26,Low,,backtest,demand_forecast_run_20261005T130920538
2025-09-25,S02,P0022,CAT05,8,6,12.44,4.136,7.688,5.8,Low,,backtest,demand_forecast_run_20261005T130920538
2025-09-25,S02,P0032,CAT11,40,17,10,10.182,18.934,11.78,Low,,backtest,demand_forecast_run_20261005T130920538
2025-09-25,S02,P0053,CAT06,9,3,42.06,0.847,1.905,31.89,Low,,backtest,demand_forecast_run_20261005T130920538
2025-09-25,S02,P0073,CAT13,5,3,23.36,1.466,2.701,10.23,Low,,backtest,demand_forecast_run_20261005T130920538
2025-09-25,S02,P0170,CAT17,7,3,16.32,1.605,3.891,13.08,Low,,backtest,demand_forecast_run_20261005T130920538
2025-09-25,S02,P0206,CAT15,16,6,16,4.922,9.41,9.75,Low,,backtest,demand_forecast_run_20261005T130920538
2025-09-25,S02,P0213,CAT07,14,5,12.25,3.138,7.026,13.38,Low,,backtest,demand_forecast_run_20261005T130920538
2025-09-25,S02,P0252,CAT18,7,7,3.63,6.133,14.065,3.42,Medium,BELOW_REORDER,backtest,demand_forecast_run_20261005T130920538
2025-09-25,S02,P0272,CAT13,9,3,25.21,2.565,4.727,10.53,Low,,backtest,demand_forecast_run_20261005T130920538
2025-09-25,S02,P0288,CAT14,7,4,9.8,3.124,5.838,6.72,Low,,backtest,demand_forecast_run_20261005T130920538
2025-09-25,S02,P0316,CAT15,0,3,0,1.828,3.495,0,High,ZERO_STOCK|DEMAND_EXCEEDS_STOCK|BELOW_REORDER|LOW_DAYS_COVER,backtest,demand_forecast_run_20261005T130920538
2025-09-25,S02,P0369,CAT09,13,8,20.22,4.282,8.347,9.11,Low,,backtest,demand_forecast_run_20261005T130920538
2025-09-25,S02,P0381,CAT13,10,3,46.73,1.588,2.926,18.9,Low,,backtest,demand_forecast_run_20261005T130920538
2025-09-25,S02,P0391,CAT06,15,7,7.5,4.798,10.796,9.38,Low,,backtest,demand_forecast_run_20261005T130920538
2025-09-25,S02,P0392,CAT19,5,3,5.83,1.502,3.442,9.99,Low,,backtest,demand_forecast_run_20261005T130920538
2025-09-25,S02,P0408,CAT16,6,4,12,2.674,6.296,6.73,Low,,backtest,demand_forecast_run_20261005T130920538
2025-09-25,S02,P0409,CAT12,14,5,10.32,3.276,7.594,12.82,Low,,backtest,demand_forecast_run_20261005T130920538
2025-09-25,S02,P0433,CAT20,5,3,70.42,0.647,1.482,23.18,Low,,backtest,demand_forecast_run_20261005T130920538
2025-09-25,S02,P0435,CAT14,21,8,14.7,8.093,15.124,7.78,Low,,backtest,demand_forecast_run_20261005T130920538
2025-09-25,S02,P0445,CAT02,3,4,10.49,1.53,3.008,5.88,Medium,BELOW_REORDER,backtest,demand_forecast_run_20261005T130920538
2025-09-25,S02,P0507,CAT02,36,15,8,10.454,20.552,10.33,Low,,backtest,demand_forecast_run_20261005T130920538
2025-09-25,S02,P0563,CAT13,5,6,4.67,4.275,7.878,3.51,Medium,BELOW_REORDER,backtest,demand_forecast_run_20261005T130920538
2025-09-25,S02,P0579,CAT12,7,3,19.61,1.466,3.397,14.33,Low,,backtest,demand_forecast_run_20261005T130920538
2025-09-25,S02,P0589,CAT03,1,4,0.93,2.286,5,1.31,High,DEMAND_EXCEEDS_STOCK|BELOW_REORDER|LOW_DAYS_COVER,backtest,demand_forecast_run_20261005T130920538
2025-09-25,S03,P0003,CAT03,14,6,10.89,2.792,5.977,15.04,Low,,backtest,demand_forecast_run_20261005T130920538
2025-09-25,S03,P0022,CAT05,5,5,5,2.174,4.177,6.9,Medium,BELOW_REORDER,backtest,demand_forecast_run_20261005T130920538
2025-09-25,S03,P0032,CAT11,42,15,14.7,10.733,18.788,11.74,Low,,backtest,demand_forecast_run_20261005T130920538
2025-09-25,S03,P0053,CAT06,9,4,14,1.251,2.987,21.58,Low,,backtest,demand_forecast_run_20261005T130920538
2025-09-25,S03,P0073,CAT13,7,3,10.89,1.219,2.412,17.23,Low,,backtest,demand_forecast_run_20261005T130920538
2025-09-25,S03,P0170,CAT17,8,4,14.01,3.17,6.8,7.57,Low,,backtest,demand_forecast_run_20261005T130920538
2025-09-25,S03,P0206,CAT15,0,6,0,3.744,8.726,0,High,ZERO_STOCK|DEMAND_EXCEEDS_STOCK|BELOW_REORDER|LOW_DAYS_COVER,backtest,demand_forecast_run_20261005T130920538
2025-09-25,S03,P0213,CAT07,11,4,10.27,2.235,4.807,14.76,Low,,backtest,demand_forecast_run_20261005T130920538
2025-09-25,S03,P0252,CAT18,17,8,19.84,5.996,12.897,8.51,Low,,backtest,demand_forecast_run_20261005T130920538
2025-09-25,S03,P0272,CAT13,3,3,6,1.625,3.216,5.54,Medium,BELOW_REORDER,backtest,demand_forecast_run_20261005T130920538
2025-09-25,S03,P0288,CAT14,7,3,14,1.739,3.466,12.07,Low,,backtest,demand_forecast_run_20261005T130920538
2025-09-25,S03,P0316,CAT15,6,4,8.4,1.57,3.659,11.46,Low,,backtest,demand_forecast_run_20261005T130920538
2025-09-25,S03,P0369,CAT09,8,8,5.9,4.11,8.989,5.84,Medium,BELOW_REORDER,backtest,demand_forecast_run_20261005T130920538
2025-09-25,S03,P0381,CAT13,4,3,9.32,1.354,2.68,8.86,Low,,backtest,demand_forecast_run_20261005T130920538
2025-09-25,S03,P0391,CAT06,16,6,18.67,3.753,8.961,12.79,Low,,backtest,demand_forecast_run_20261005T130920538
2025-09-25,S03,P0392,CAT19,9,3,31.47,0.774,1.771,34.88,Low,,backtest,demand_forecast_run_20261005T130920538
2025-09-25,S03,P0408,CAT16,7,4,7,2.189,5.495,9.59,Low,,backtest,demand_forecast_run_20261005T130920538
2025-09-25,S03,P0409,CAT12,6,4,5.6,2.071,4.622,8.69,Low,,backtest,demand_forecast_run_20261005T130920538
2025-09-25,S03,P0433,CAT20,2,2,,0,0,,Medium,BELOW_REORDER,backtest,demand_forecast_run_20261005T130920538
2025-09-25,S03,P0435,CAT14,10,7,6.37,5.85,11.657,5.13,Low,,backtest,demand_forecast_run_20261005T130920538
2025-09-25,S03,P0445,CAT02,10,3,23.31,0.675,1.333,44.43,Low,,backtest,demand_forecast_run_20261005T130920538
2025-09-25,S03,P0507,CAT02,6,14,1.42,10.297,20.329,1.75,High,DEMAND_EXCEEDS_STOCK|BELOW_REORDER|LOW_DAYS_COVER,backtest,demand_forecast_run_20261005T130920538
2025-09-25,S03,P0563,CAT13,19,6,14,4.198,8.307,13.58,Low,,backtest,demand_forecast_run_20261005T130920538
2025-09-25,S03,P0579,CAT12,5,3,7.78,1.74,3.882,8.62,Low,,backtest,demand_forecast_run_20261005T130920538
2025-09-25,S03,P0589,CAT03,12,5,12,2.966,6.35,12.14,Low,,backtest,demand_forecast_run_20261005T130920538
2025-09-25,S04,P0003,CAT03,16,5,9.33,3.516,7.073,13.65,Low,,backtest,demand_forecast_run_20261005T130920538
2025-09-25,S04,P0022,CAT05,10,5,10,2.497,5.214,12.01,Low,,backtest,demand_forecast_run_20261005T130920538
2025-09-25,S04,P0032,CAT11,37,12,14.39,9.126,18.182,12.16,Low,,backtest,demand_forecast_run_20261005T130920538
2025-09-25,S04,P0053,CAT06,4,3,11.2,0.667,1.636,18,Low,,backtest,demand_forecast_run_20261005T130920538
2025-09-25,S04,P0073,CAT13,4,2,11.2,1.911,3.746,6.28,Low,,backtest,demand_forecast_run_20261005T130920538
2025-09-25,S04,P0170,CAT17,5,3,8.76,1.916,4.934,7.83,Low,,backtest,demand_forecast_run_20261005T130920538
2025-09-25,S04,P0206,CAT15,15,5,15,4.702,9.973,9.57,Low,,backtest,demand_forecast_run_20261005T130920538
2025-09-25,S04,P0213,CAT07,7,4,5.77,2.08,5.215,10.1,Low,,backtest,demand_forecast_run_20261005T130920538
2025-09-25,S04,P0252,CAT18,10,6,8.75,3.945,8.856,7.6,Low,,backtest,demand_forecast_run_20261005T130920538
2025-09-25,S04,P0272,CAT13,5,3,14.01,2.605,5.108,5.76,Low,,backtest,demand_forecast_run_20261005T130920538
2025-09-25,S04,P0288,CAT14,8,4,14.01,1.932,4.12,12.42,Low,,backtest,demand_forecast_run_20261005T130920538
2025-09-25,S04,P0316,CAT15,6,3,28.04,0.742,1.575,24.24,Low,,backtest,demand_forecast_run_20261005T130920538
2025-09-25,S04,P0369,CAT09,7,6,7.53,3.949,8.643,5.32,Low,,backtest,demand_forecast_run_20261005T130920538
2025-09-25,S04,P0381,CAT13,3,3,10.49,2.084,4.086,4.32,Medium,BELOW_REORDER,backtest,demand_forecast_run_20261005T130920538
2025-09-25,S04,P0391,CAT06,6,5,12,2.25,5.521,8,Low,,backtest,demand_forecast_run_20261005T130920538
2025-09-25,S04,P0392,CAT19,6,3,9.33,1.324,3.006,13.59,Low,,backtest,demand_forecast_run_20261005T130920538
2025-09-25,S04,P0408,CAT16,12,3,41.96,1.918,4.269,18.77,Low,,backtest,demand_forecast_run_20261005T130920538
2025-09-25,S04,P0409,CAT12,4,4,2.8,2.068,5.599,5.8,Medium,BELOW_REORDER|LOW_DAYS_COVER,backtest,demand_forecast_run_20261005T130920538
2025-09-25,S04,P0433,CAT20,6,2,28.04,0.373,1.048,48.26,Low,,backtest,demand_forecast_run_20261005T130920538
2025-09-25,S04,P0435,CAT14,15,6,9.55,5.046,10.759,8.92,Low,,backtest,demand_forecast_run_20261005T130920538
2025-09-25,S04,P0445,CAT02,9,3,12.61,1.881,3.81,14.35,Low,,backtest,demand_forecast_run_20261005T130920538
2025-09-25,S04,P0507,CAT02,31,11,12.76,7.837,15.874,11.87,Low,,backtest,demand_forecast_run_20261005T130920538
2025-09-25,S04,P0563,CAT13,11,5,25.64,2.084,4.086,15.83,Low,,backtest,demand_forecast_run_20261005T130920538
2025-09-25,S04,P0579,CAT12,5,3,,0.646,1.75,23.21,Low,,backtest,demand_forecast_run_20261005T130920538
2025-09-25,S04,P0589,CAT03,14,4,28,1.48,2.978,28.37,Low,,backtest,demand_forecast_run_20261005T130920538
2025-09-25,S05,P0003,CAT03,5,4,4.37,1.987,5.14,7.55,Low,,backtest,demand_forecast_run_20261005T130920538
2025-09-25,S05,P0022,CAT05,12,4,24,2.463,5.195,14.62,Low,,backtest,demand_forecast_run_20261005T130920538
2025-09-25,S05,P0032,CAT11,22,11,8.56,7.593,15.668,8.69,Low,,backtest,demand_forecast_run_20261005T130920538
2025-09-25,S05,P0053,CAT06,6,3,41.96,0.885,2.113,20.33,Low,,backtest,demand_forecast_run_20261005T130920538
2025-09-25,S05,P0073,CAT13,8,2,37.38,0.572,1.229,41.98,Low,,backtest,demand_forecast_run_20261005T130920538
2025-09-25,S05,P0170,CAT17,4,3,18.69,1.262,3.051,9.51,Low,,backtest,demand_forecast_run_20261005T130920538
2025-09-25,S05,P0206,CAT15,5,4,3.5,4.104,9.208,3.65,Low,,backtest,demand_forecast_run_20261005T130920538
2025-09-25,S05,P0213,CAT07,7,4,19.61,1.612,4.674,13.03,Low,,backtest,demand_forecast_run_20261005T130920538
2025-09-25,S05,P0252,CAT18,7,5,7,4.442,9.631,4.73,Low,,backtest,demand_forecast_run_20261005T130920538
2025-09-25,S05,P0272,CAT13,8,3,18.65,1.62,3.484,14.82,Low,,backtest,demand_forecast_run_20261005T130920538
2025-09-25,S05,P0288,CAT14,9,3,15.76,2.236,5.348,12.07,Low,,backtest,demand_forecast_run_20261005T130920538
2025-09-25,S05,P0316,CAT15,9,3,31.47,1.449,3.25,18.64,Low,,backtest,demand_forecast_run_20261005T130920538
2025-09-25,S05,P0369,CAT09,19,6,13.3,3.665,9.849,15.55,Low,,backtest,demand_forecast_run_20261005T130920538
2025-09-25,S05,P0381,CAT13,7,3,8.91,1.81,3.893,11.6,Low,,backtest,demand_forecast_run_20261005T130920538
2025-09-25,S05,P0391,CAT06,14,5,10.89,2.86,6.828,14.68,Low,,backtest,demand_forecast_run_20261005T130920538
2025-09-25,S05,P0392,CAT19,2,2,9.35,0.501,1.34,11.98,Medium,BELOW_REORDER,backtest,demand_forecast_run_20261005T130920538
2025-09-25,S05,P0408,CAT16,4,3,8,1.116,3.419,10.76,Low,,backtest,demand_forecast_run_20261005T130920538
2025-09-25,S05,P0409,CAT12,5,3,14.01,1.721,4.947,8.71,Low,,backtest,demand_forecast_run_20261005T130920538
2025-09-25,S05,P0433,CAT20,2,2,6.99,0.419,1.246,14.31,Medium,BELOW_REORDER,backtest,demand_forecast_run_20261005T130920538
2025-09-25,S05,P0435,CAT14,12,6,10.5,3.964,9.48,9.08,Low,,backtest,demand_forecast_run_20261005T130920538
2025-09-25,S05,P0445,CAT02,9,3,31.47,0.641,1.321,42.14,Low,,backtest,demand_forecast_run_20261005T130920538
2025-09-25,S05,P0507,CAT02,15,9,5.53,7.582,15.634,5.93,Low,,backtest,demand_forecast_run_20261005T130920538
2025-09-25,S05,P0563,CAT13,14,5,24.52,2.954,6.352,14.22,Low,,backtest,demand_forecast_run_20261005T130920538
2025-09-25,S05,P0579,CAT12,6,3,13.99,0.906,2.604,19.87,Low,,backtest,demand_forecast_run_20261005T130920538
2025-09-25,S05,P0589,CAT03,7,4,6.54,2.226,5.756,9.43,Low,,backtest,demand_forecast_run_20261005T130920538
2025-09-25,S06,P0003,CAT03,17,6,9.92,4.162,7.906,12.25,Low,,backtest,demand_forecast_run_20261005T130920538
2025-09-25,S06,P0022,CAT05,13,6,10.71,3.436,6.478,11.35,Low,,backtest,demand_forecast_run_20261005T130920538
2025-09-25,S06,P0032,CAT11,41,18,7.97,14.9,24.416,8.26,Low,,backtest,demand_forecast_run_20261005T130920538
2025-09-25,S06,P0053,CAT06,6,4,9.33,1.94,4.188,9.28,Low,,backtest,demand_forecast_run_20261005T130920538
2025-09-25,S06,P0073,CAT13,14,4,21.77,2.848,4.615,14.75,Low,,backtest,demand_forecast_run_20261005T130920538
2025-09-25,S06,P0170,CAT17,13,4,16.54,2.076,4.273,18.79,Low,,backtest,demand_forecast_run_20261005T130920538
2025-09-25,S06,P0206,CAT15,18,7,10.5,7.634,12.188,7.07,Low,,backtest,demand_forecast_run_20261005T130920538
2025-09-25,S06,P0213,CAT07,8,6,5.09,4.815,9.225,4.98,Low,,backtest,demand_forecast_run_20261005T130920538
2025-09-25,S06,P0252,CAT18,20,8,10.77,6.978,14.301,8.6,Low,,backtest,demand_forecast_run_20261005T130920538
2025-09-25,S06,P0272,CAT13,6,4,16.81,2.513,4.072,7.16,Low,,backtest,demand_forecast_run_20261005T130920538
2025-09-25,S06,P0288,CAT14,4,4,7.01,2.218,3.821,5.41,Medium,BELOW_REORDER,backtest,demand_forecast_run_20261005T130920538
2025-09-25,S06,P0316,CAT15,7,4,7,3.626,5.789,5.79,Low,,backtest,demand_forecast_run_20261005T130920538
2025-09-25,S06,P0369,CAT09,31,10,17.36,6.389,12.272,14.56,Low,,backtest,demand_forecast_run_20261005T130920538
2025-09-25,S06,P0381,CAT13,6,4,4.94,4.524,7.329,3.98,Low,,backtest,demand_forecast_run_20261005T130920538
2025-09-25,S06,P0391,CAT06,13,7,10.11,4.187,9.036,9.31,Low,,backtest,demand_forecast_run_20261005T130920538
2025-09-25,S06,P0392,CAT19,11,3,30.81,2.252,4.182,14.65,Low,,backtest,demand_forecast_run_20261005T130920538
2025-09-25,S06,P0408,CAT16,12,5,18.66,4.269,8.74,8.43,Low,,backtest,demand_forecast_run_20261005T130920538
2025-09-25,S06,P0409,CAT12,8,5,8,2.829,6.138,8.48,Low,,backtest,demand_forecast_run_20261005T130920538
2025-09-25,S06,P0433,CAT20,6,3,16.81,1.119,2.281,16.09,Low,,backtest,demand_forecast_run_20261005T130920538
2025-09-25,S06,P0435,CAT14,20,9,14.74,9.274,15.978,6.47,Low,,backtest,demand_forecast_run_20261005T130920538
2025-09-25,S06,P0445,CAT02,0,4,0,2.079,3.698,0,High,ZERO_STOCK|DEMAND_EXCEEDS_STOCK|BELOW_REORDER|LOW_DAYS_COVER,backtest,demand_forecast_run_20261005T130920538
2025-09-25,S06,P0507,CAT02,49,17,11.43,12.704,22.599,11.57,Low,,backtest,demand_forecast_run_20261005T130920538
2025-09-25,S06,P0563,CAT13,11,6,8.11,4.859,7.872,6.79,Low,,backtest,demand_forecast_run_20261005T130920538
2025-09-25,S06,P0579,CAT12,12,4,11.2,2.927,6.35,12.3,Low,,backtest,demand_forecast_run_20261005T130920538
2025-09-25,S06,P0589,CAT03,19,6,11.09,4.06,7.713,14.04,Low,,backtest,demand_forecast_run_20261005T130920538
2025-09-25,S07,P0003,CAT03,7,5,7.53,3.225,6.117,6.51,Low,,backtest,demand_forecast_run_20261005T130920538
2025-09-25,S07,P0022,CAT05,12,4,10.5,3.298,6.496,10.92,Low,,backtest,demand_forecast_run_20261005T130920538
2025-09-25,S07,P0032,CAT11,34,12,10.82,11.23,19.278,9.08,Low,,backtest,demand_forecast_run_20261005T130920538
2025-09-25,S07,P0053,CAT06,0,3,0,1.138,2.734,0,High,ZERO_STOCK|DEMAND_EXCEEDS_STOCK|BELOW_REORDER|LOW_DAYS_COVER,backtest,demand_forecast_run_20261005T130920538
2025-09-25,S07,P0073,CAT13,6,3,12,1.003,1.881,17.95,Low,,backtest,demand_forecast_run_20261005T130920538
2025-09-25,S07,P0170,CAT17,5,3,5.38,1.466,3.812,10.23,Low,,backtest,demand_forecast_run_20261005T130920538
2025-09-25,S07,P0206,CAT15,12,5,6.22,5.142,10.179,7,Low,,backtest,demand_forecast_run_20261005T130920538
2025-09-25,S07,P0213,CAT07,1,4,1.27,2.552,5.888,1.18,High,DEMAND_EXCEEDS_STOCK|BELOW_REORDER|LOW_DAYS_COVER,backtest,demand_forecast_run_20261005T130920538
2025-09-25,S07,P0252,CAT18,14,5,11.53,4.116,9.218,10.21,Low,,backtest,demand_forecast_run_20261005T130920538
2025-09-25,S07,P0272,CAT13,6,3,7.63,1.604,3.009,11.22,Low,,backtest,demand_forecast_run_20261005T130920538
2025-09-25,S07,P0288,CAT14,8,3,12.44,1.841,3.687,13.04,Low,,backtest,demand_forecast_run_20261005T130920538
2025-09-25,S07,P0316,CAT15,5,3,34.97,0.818,1.619,18.34,Low,,backtest,demand_forecast_run_20261005T130920538
2025-09-25,S07,P0369,CAT09,20,7,10.37,5.696,11.889,10.53,Low,,backtest,demand_forecast_run_20261005T130920538
2025-09-25,S07,P0381,CAT13,9,3,20.98,1.003,1.881,26.92,Low,,backtest,demand_forecast_run_20261005T130920538
2025-09-25,S07,P0391,CAT06,11,5,9.62,3.012,7.236,10.96,Low,,backtest,demand_forecast_run_20261005T130920538
2025-09-25,S07,P0392,CAT19,9,3,42.06,1.409,3.147,19.16,Low,,backtest,demand_forecast_run_20261005T130920538
2025-09-25,S07,P0408,CAT16,8,3,7,1.974,6.088,12.16,Low,,backtest,demand_forecast_run_20261005T130920538
2025-09-25,S07,P0409,CAT12,9,4,8.4,2.625,6.401,10.28,Low,,backtest,demand_forecast_run_20261005T130920538
2025-09-25,S07,P0433,CAT20,5,2,7.78,0.727,2.093,20.62,Low,,backtest,demand_forecast_run_20261005T130920538
2025-09-25,S07,P0435,CAT14,8,7,4.15,6.281,12.578,3.82,Low,,backtest,demand_forecast_run_20261005T130920538
2025-09-25,S07,P0445,CAT02,5,3,17.48,1.102,1.889,13.61,Low,,backtest,demand_forecast_run_20261005T130920538
2025-09-25,S07,P0507,CAT02,21,11,6.68,8.415,14.422,7.49,Low,,backtest,demand_forecast_run_20261005T130920538
2025-09-25,S07,P0563,CAT13,13,5,12.14,4.111,7.71,9.49,Low,,backtest,demand_forecast_run_20261005T130920538
2025-09-25,S07,P0579,CAT12,9,3,18,1.5,3.658,18,Low,,backtest,demand_forecast_run_20261005T130920538
2025-09-25,S07,P0589,CAT03,7,4,10.89,2.58,4.893,8.14,Low,,backtest,demand_forecast_run_20261005T130920538
2025-09-25,S08,P0003,CAT03,16,7,7.73,5.059,8.93,9.49,Low,,backtest,demand_forecast_run_20261005T130920538
2025-09-25,S08,P0022,CAT05,15,6,10,3.72,6.373,12.1,Low,,backtest,demand_forecast_run_20261005T130920538
2025-09-25,S08,P0032,CAT11,23,18,4.74,14.739,24.728,4.68,Low,,backtest,demand_forecast_run_20261005T130920538
2025-09-25,S08,P0053,CAT06,7,3,16.32,1.53,3.284,13.72,Low,,backtest,demand_forecast_run_20261005T130920538
2025-09-25,S08,P0073,CAT13,11,3,51.4,1.11,1.821,29.73,Low,,backtest,demand_forecast_run_20261005T130920538
2025-09-25,S08,P0170,CAT17,9,4,9.69,2.42,5.145,11.16,Low,,backtest,demand_forecast_run_20261005T130920538
2025-09-25,S08,P0206,CAT15,14,7,7.84,5.743,10.515,7.31,Low,,backtest,demand_forecast_run_20261005T130920538
2025-09-25,S08,P0213,CAT07,16,6,14.94,2.867,5.577,16.74,Low,,backtest,demand_forecast_run_20261005T130920538
2025-09-25,S08,P0252,CAT18,13,9,7.91,7.186,15.227,5.43,Low,,backtest,demand_forecast_run_20261005T130920538
2025-09-25,S08,P0272,CAT13,9,4,18,2.359,3.87,11.45,Low,,backtest,demand_forecast_run_20261005T130920538
2025-09-25,S08,P0288,CAT14,11,4,17.11,2.75,5.525,12,Low,,backtest,demand_forecast_run_20261005T130920538
2025-09-25,S08,P0316,CAT15,9,4,20.98,1.736,3.179,15.55,Low,,backtest,demand_forecast_run_20261005T130920538
2025-09-25,S08,P0369,CAT09,21,10,8.4,6.443,12.518,9.78,Low,,backtest,demand_forecast_run_20261005T130920538
2025-09-25,S08,P0381,CAT13,8,4,22.41,1.665,2.732,14.41,Low,,backtest,demand_forecast_run_20261005T130920538
2025-09-25,S08,P0391,CAT06,7,6,4.08,4.336,9.304,4.84,Low,,backtest,demand_forecast_run_20261005T130920538
2025-09-25,S08,P0392,CAT19,9,4,25.21,2.01,3.893,13.43,Low,,backtest,demand_forecast_run_20261005T130920538
2025-09-25,S08,P0408,CAT16,5,4,3.33,3.915,8.958,3.83,Low,,backtest,demand_forecast_run_20261005T130920538
2025-09-25,S08,P0409,CAT12,11,5,15.41,2.803,6.153,11.77,Low,,backtest,demand_forecast_run_20261005T130920538
2025-09-25,S08,P0433,CAT20,7,2,32.71,0.81,1.848,25.91,Low,,backtest,demand_forecast_run_20261005T130920538
2025-09-25,S08,P0435,CAT14,23,9,8.47,9.488,19.063,7.27,Low,,backtest,demand_forecast_run_20261005T130920538
2025-09-25,S08,P0445,CAT02,6,4,16.81,1.473,2.441,12.22,Low,,backtest,demand_forecast_run_20261005T130920538
2025-09-25,S08,P0507,CAT02,27,18,4.85,13.259,21.972,6.11,Low,,backtest,demand_forecast_run_20261005T130920538
2025-09-25,S08,P0563,CAT13,8,8,7.47,7.91,12.975,3.03,Medium,BELOW_REORDER,backtest,demand_forecast_run_20261005T130920538
2025-09-25,S08,P0579,CAT12,9,3,8.4,1.718,3.771,15.72,Low,,backtest,demand_forecast_run_20261005T130920538
2025-09-25,S08,P0589,CAT03,3,5,2.8,2.485,4.387,3.62,Medium,BELOW_REORDER|LOW_DAYS_COVER,backtest,demand_forecast_run_20261005T130920538
2025-09-25,S09,P0003,CAT03,5,5,3.5,4.267,8.166,3.52,Medium,BELOW_REORDER,backtest,demand_forecast_run_20261005T130920538
2025-09-25,S09,P0022,CAT05,6,6,4.67,3.968,6.183,4.54,Medium,BELOW_REORDER,backtest,demand_forecast_run_20261005T130920538
2025-09-25,S09,P0032,CAT11,50,17,12.96,13.234,20.689,11.33,Low,,backtest,demand_forecast_run_20261005T130920538
2025-09-25,S09,P0053,CAT06,6,3,28.04,0.776,1.565,23.2,Low,,backtest,demand_forecast_run_20261005T130920538
2025-09-25,S09,P0073,CAT13,6,3,,0.539,0.98,33.41,Low,,backtest,demand_forecast_run_20261005T130920538
2025-09-25,S09,P0170,CAT17,10,4,20,2.475,4.97,12.12,Low,,backtest,demand_forecast_run_20261005T130920538
2025-09-25,S09,P0206,CAT15,5,6,4.12,4.633,7.312,3.24,Medium,BELOW_REORDER,backtest,demand_forecast_run_20261005T130920538
2025-09-25,S09,P0213,CAT07,6,5,4.94,5.516,10.348,3.26,Low,,backtest,demand_forecast_run_20261005T130920538
2025-09-25,S09,P0252,CAT18,9,7,5.04,7.289,14.349,3.7,Low,,backtest,demand_forecast_run_20261005T130920538
2025-09-25,S09,P0272,CAT13,6,3,16.81,1.616,2.94,11.14,Low,,backtest,demand_forecast_run_20261005T130920538
2025-09-25,S09,P0288,CAT14,11,4,11.84,3.422,6.367,9.64,Low,,backtest,demand_forecast_run_20261005T130920538
2025-09-25,S09,P0316,CAT15,10,4,11.67,2.246,3.545,13.35,Low,,backtest,demand_forecast_run_20261005T130920538
2025-09-25,S09,P0369,CAT09,12,8,6,6.354,12.306,5.67,Low,,backtest,demand_forecast_run_20261005T130920538
2025-09-25,S09,P0381,CAT13,8,3,55.94,1.796,3.266,13.36,Low,,backtest,demand_forecast_run_20261005T130920538
2025-09-25,S09,P0391,CAT06,11,7,11.84,4.46,9,7.4,Low,,backtest,demand_forecast_run_20261005T130920538
2025-09-25,S09,P0392,CAT19,10,3,17.51,1.396,2.739,21.49,Low,,backtest,demand_forecast_run_20261005T130920538
2025-09-25,S09,P0408,CAT16,10,4,10.76,3.796,7.746,7.9,Low,,backtest,demand_forecast_run_20261005T130920538
2025-09-25,S09,P0409,CAT12,10,5,23.31,2.47,5.268,12.15,Low,,backtest,demand_forecast_run_20261005T130920538
2025-09-25,S09,P0433,CAT20,2,2,9.35,0.609,1.292,9.86,Medium,BELOW_REORDER,backtest,demand_forecast_run_20261005T130920538
2025-09-25,S09,P0435,CAT14,13,9,7.91,7.633,14.203,5.11,Low,,backtest,demand_forecast_run_20261005T130920538
2025-09-25,S09,P0445,CAT02,10,4,17.51,1.62,2.68,18.52,Low,,backtest,demand_forecast_run_20261005T130920538
2025-09-25,S09,P0507,CAT02,27,16,7.56,12.087,19.999,6.7,Low,,backtest,demand_forecast_run_20261005T130920538
2025-09-25,S09,P0563,CAT13,9,6,4.85,7.004,12.738,3.85,Low,,backtest,demand_forecast_run_20261005T130920538
2025-09-25,S09,P0579,CAT12,11,3,22,1.764,3.762,18.71,Low,,backtest,demand_forecast_run_20261005T130920538
2025-09-25,S09,P0589,CAT03,14,5,13.07,3.658,6.999,11.48,Low,,backtest,demand_forecast_run_20261005T130920538
2025-09-25,S10,P0003,CAT03,1,5,0.44,4.534,9.197,0.66,High,DEMAND_EXCEEDS_STOCK|BELOW_REORDER|LOW_DAYS_COVER,backtest,demand_forecast_run_20261005T130920538
2025-09-25,S10,P0022,CAT05,8,5,4.31,3.288,6.474,7.3,Low,,backtest,demand_forecast_run_20261005T130920538
2025-09-25,S10,P0032,CAT11,29,14,6.77,10.716,19.169,8.12,Low,,backtest,demand_forecast_run_20261005T130920538
2025-09-25,S10,P0053,CAT06,8,3,22.41,1.181,2.48,20.32,Low,,backtest,demand_forecast_run_20261005T130920538
2025-09-25,S10,P0073,CAT13,6,3,16.81,0.881,1.708,20.42,Low,,backtest,demand_forecast_run_20261005T130920538
2025-09-25,S10,P0170,CAT17,4,3,6.22,1.615,4.129,7.43,Low,,backtest,demand_forecast_run_20261005T130920538
2025-09-25,S10,P0206,CAT15,15,5,17.5,4.21,8.874,10.69,Low,,backtest,demand_forecast_run_20261005T130920538
2025-09-25,S10,P0213,CAT07,0,4,0,2.72,5.877,0,High,ZERO_STOCK|DEMAND_EXCEEDS_STOCK|BELOW_REORDER|LOW_DAYS_COVER,backtest,demand_forecast_run_20261005T130920538
2025-09-25,S10,P0252,CAT18,6,7,3.82,6.054,12.344,2.97,High,DEMAND_EXCEEDS_STOCK|BELOW_REORDER,backtest,demand_forecast_run_20261005T130920538
2025-09-25,S10,P0272,CAT13,3,3,3.82,1.511,2.927,5.96,Medium,BELOW_REORDER,backtest,demand_forecast_run_20261005T130920538
2025-09-25,S10,P0288,CAT14,10,4,7.37,2.256,4.573,13.3,Low,,backtest,demand_forecast_run_20261005T130920538
2025-09-25,S10,P0316,CAT15,11,4,22,1.559,3.287,21.16,Low,,backtest,demand_forecast_run_20261005T130920538
2025-09-25,S10,P0369,CAT09,5,7,3.89,5.348,11.334,2.8,High,DEMAND_EXCEEDS_STOCK|BELOW_REORDER,backtest,demand_forecast_run_20261005T130920538
2025-09-25,S10,P0381,CAT13,7,3,10.89,2.266,4.391,9.27,Low,,backtest,demand_forecast_run_20261005T130920538
2025-09-25,S10,P0391,CAT06,6,5,4.42,3.05,6.407,5.9,Low,,backtest,demand_forecast_run_20261005T130920538
2025-09-25,S10,P0392,CAT19,4,3,18.69,0.782,1.75,15.34,Low,,backtest,demand_forecast_run_20261005T130920538
2025-09-25,S10,P0408,CAT16,8,4,11.2,2.679,6.077,8.96,Low,,backtest,demand_forecast_run_20261005T130920538
2025-09-25,S10,P0409,CAT12,9,5,9.69,3.17,6.307,8.52,Low,,backtest,demand_forecast_run_20261005T130920538
2025-09-25,S10,P0433,CAT20,6,2,16.81,0.876,2.324,20.54,Low,,backtest,demand_forecast_run_20261005T130920538
2025-09-25,S10,P0435,CAT14,8,7,2.73,5.727,11.608,4.19,Medium,LOW_DAYS_COVER,backtest,demand_forecast_run_20261005T130920538
2025-09-25,S10,P0445,CAT02,6,3,6,2.237,4.362,8.05,Low,,backtest,demand_forecast_run_20261005T130920538
2025-09-25,S10,P0507,CAT02,36,13,7.75,9.119,17.782,11.84,Low,,backtest,demand_forecast_run_20261005T130920538
2025-09-25,S10,P0563,CAT13,17,6,11.33,4.784,9.269,10.66,Low,,backtest,demand_forecast_run_20261005T130920538
2025-09-25,S10,P0579,CAT12,8,3,27.97,1.056,2.102,22.72,Low,,backtest,demand_forecast_run_20261005T130920538
2025-09-25,S10,P0589,CAT03,9,4,9.69,2.365,4.799,11.42,Low,,backtest,demand_forecast_run_20261005T130920538
2025-09-25,S11,P0003,CAT03,17,6,15.87,3.895,7.195,13.09,Low,,backtest,demand_forecast_run_20261005T130920538
2025-09-25,S11,P0022,CAT05,15,6,6.56,5.891,9.419,7.64,Low,,backtest,demand_forecast_run_20261005T130920538
2025-09-25,S11,P0032,CAT11,56,20,9.45,15.477,24.057,10.85,Low,,backtest,demand_forecast_run_20261005T130920538
2025-09-25,S11,P0053,CAT06,6,4,9.33,1.821,3.461,9.88,Low,,backtest,demand_forecast_run_20261005T130920538
2025-09-25,S11,P0073,CAT13,8,3,22.41,1.647,2.72,14.57,Low,,backtest,demand_forecast_run_20261005T130920538
2025-09-25,S11,P0170,CAT17,4,4,6.22,1.64,3.56,7.32,Medium,BELOW_REORDER,backtest,demand_forecast_run_20261005T130920538
2025-09-25,S11,P0206,CAT15,21,7,17.3,3.862,6.128,16.31,Low,,backtest,demand_forecast_run_20261005T130920538
2025-09-25,S11,P0213,CAT07,6,6,4.67,4.623,8.48,3.89,Medium,BELOW_REORDER,backtest,demand_forecast_run_20261005T130920538
2025-09-25,S11,P0252,CAT18,13,9,5.35,7.126,13.925,5.47,Low,,backtest,demand_forecast_run_20261005T130920538
2025-09-25,S11,P0272,CAT13,10,4,28.01,1.647,2.72,18.21,Low,,backtest,demand_forecast_run_20261005T130920538
2025-09-25,S11,P0288,CAT14,6,5,3.82,4.559,8.047,3.95,Low,,backtest,demand_forecast_run_20261005T130920538
2025-09-25,S11,P0316,CAT15,2,4,2.15,3.218,5.106,1.86,High,DEMAND_EXCEEDS_STOCK|BELOW_REORDER|LOW_DAYS_COVER,backtest,demand_forecast_run_20261005T130920538
2025-09-25,S11,P0369,CAT09,13,9,5.52,6.862,14.303,5.68,Low,,backtest,demand_forecast_run_20261005T130920538
2025-09-25,S11,P0381,CAT13,12,4,24,3.157,5.214,11.4,Low,,backtest,demand_forecast_run_20261005T130920538
2025-09-25,S11,P0391,CAT06,11,7,13.99,2.732,5.192,12.08,Low,,backtest,demand_forecast_run_20261005T130920538
2025-09-25,S11,P0392,CAT19,3,3,8.4,1.449,2.695,6.21,Medium,BELOW_REORDER,backtest,demand_forecast_run_20261005T130920538
2025-09-25,S11,P0408,CAT16,5,5,5,3.353,7.473,4.47,Medium,BELOW_REORDER,backtest,demand_forecast_run_20261005T130920538
2025-09-25,S11,P0409,CAT12,11,5,19.26,2.217,4.501,14.89,Low,,backtest,demand_forecast_run_20261005T130920538
2025-09-25,S11,P0433,CAT20,5,3,6.36,1.368,3.298,10.97,Low,,backtest,demand_forecast_run_20261005T130920538
2025-09-25,S11,P0435,CAT14,6,9,2.15,8.433,14.887,2.13,High,DEMAND_EXCEEDS_STOCK|BELOW_REORDER|LOW_DAYS_COVER,backtest,demand_forecast_run_20261005T130920538
2025-09-25,S11,P0445,CAT02,12,5,15.27,1.903,3.299,18.92,Low,,backtest,demand_forecast_run_20261005T130920538
2025-09-25,S11,P0507,CAT02,43,18,7.92,13.048,22.619,9.89,Low,,backtest,demand_forecast_run_20261005T130920538
2025-09-25,S11,P0563,CAT13,15,7,9.13,7.688,12.694,5.85,Low,,backtest,demand_forecast_run_20261005T130920538
2025-09-25,S11,P0579,CAT12,15,3,104.9,1.773,3.601,25.38,Low,,backtest,demand_forecast_run_20261005T130920538
2025-09-25,S11,P0589,CAT03,9,5,14,3.895,7.195,6.93,Low,,backtest,demand_forecast_run_20261005T130920538
2025-09-25,S12,P0003,CAT03,11,6,11,3.122,6.303,10.57,Low,,backtest,demand_forecast_run_20261005T130920538
2025-09-25,S12,P0022,CAT05,13,5,7,4.529,6.971,8.61,Low,,backtest,demand_forecast_run_20261005T130920538
2025-09-25,S12,P0032,CAT11,13,15,1.86,15.447,24.762,2.52,High,DEMAND_EXCEEDS_STOCK|BELOW_REORDER|LOW_DAYS_COVER,backtest,demand_forecast_run_20261005T130920538
2025-09-25,S12,P0053,CAT06,4,3,11.2,1.762,3.742,6.81,Low,,backtest,demand_forecast_run_20261005T130920538
2025-09-25,S12,P0073,CAT13,9,3,62.94,1.018,1.802,26.53,Low,,backtest,demand_forecast_run_20261005T130920538
2025-09-25,S12,P0170,CAT17,6,3,12,1.485,3.852,12.12,Low,,backtest,demand_forecast_run_20261005T130920538
2025-09-25,S12,P0206,CAT15,4,6,2,4.59,9.341,2.61,High,DEMAND_EXCEEDS_STOCK|BELOW_REORDER|LOW_DAYS_COVER,backtest,demand_forecast_run_20261005T130920538
2025-09-25,S12,P0213,CAT07,3,5,3,3.011,6.539,2.99,High,DEMAND_EXCEEDS_STOCK|BELOW_REORDER,backtest,demand_forecast_run_20261005T130920538
2025-09-25,S12,P0252,CAT18,13,7,12.14,4.439,9.666,8.79,Low,,backtest,demand_forecast_run_20261005T130920538
2025-09-25,S12,P0272,CAT13,13,3,26,2.763,4.892,14.12,Low,,backtest,demand_forecast_run_20261005T130920538
2025-09-25,S12,P0288,CAT14,7,4,7,3,5.848,7,Low,,backtest,demand_forecast_run_20261005T130920538
2025-09-25,S12,P0316,CAT15,5,3,5,2.387,4.857,6.28,Low,,backtest,demand_forecast_run_20261005T130920538
2025-09-25,S12,P0369,CAT09,12,8,8.84,8.033,14.599,4.48,Low,,backtest,demand_forecast_run_20261005T130920538
2025-09-25,S12,P0381,CAT13,6,3,6.46,3.199,5.664,5.63,Low,,backtest,demand_forecast_run_20261005T130920538
2025-09-25,S12,P0391,CAT06,3,5,3.5,2.803,5.954,3.21,Medium,BELOW_REORDER,backtest,demand_forecast_run_20261005T130920538
2025-09-25,S12,P0392,CAT19,3,3,10.49,1.195,2.613,7.53,Medium,BELOW_REORDER,backtest,demand_forecast_run_20261005T130920538
2025-09-25,S12,P0408,CAT16,11,4,19.26,2.071,5.31,15.94,Low,,backtest,demand_forecast_run_20261005T130920538
2025-09-25,S12,P0409,CAT12,6,4,7.63,2.467,5.737,7.3,Low,,backtest,demand_forecast_run_20261005T130920538
2025-09-25,S12,P0433,CAT20,3,2,42.25,0.636,1.656,14.15,Low,,backtest,demand_forecast_run_20261005T130920538
2025-09-25,S12,P0435,CAT14,15,6,13.12,5.499,10.721,8.18,Low,,backtest,demand_forecast_run_20261005T130920538
2025-09-25,S12,P0445,CAT02,5,3,7.78,1.139,2.156,13.17,Low,,backtest,demand_forecast_run_20261005T130920538
2025-09-25,S12,P0507,CAT02,41,14,12.76,9.022,17.08,13.63,Low,,backtest,demand_forecast_run_20261005T130920538
2025-09-25,S12,P0563,CAT13,11,6,12.84,4.799,8.497,6.88,Low,,backtest,demand_forecast_run_20261005T130920538
2025-09-25,S12,P0579,CAT12,6,3,13.99,1.152,2.677,15.63,Low,,backtest,demand_forecast_run_20261005T130920538
2025-09-25,S12,P0589,CAT03,6,4,8.4,2.112,4.264,8.52,Low,,backtest,demand_forecast_run_20261005T130920538
2025-09-26,S01,P0003,CAT03,18,6,14,3.699,6.758,14.6,Low,,backtest,demand_forecast_run_20261005T130920538
2025-09-26,S01,P0022,CAT05,9,5,9,2.279,5.08,11.85,Low,,backtest,demand_forecast_run_20261005T130920538
2025-09-26,S01,P0032,CAT11,18,14,4.06,11.022,18.331,4.9,Low,,backtest,demand_forecast_run_20261005T130920538
2025-09-26,S01,P0053,CAT06,0,3,0,1.267,2.929,0,High,ZERO_STOCK|DEMAND_EXCEEDS_STOCK|BELOW_REORDER|LOW_DAYS_COVER,backtest,demand_forecast_run_20261005T130920538
2025-09-26,S01,P0073,CAT13,6,3,41.96,0.841,1.499,21.4,Low,,backtest,demand_forecast_run_20261005T130920538
2025-09-26,S01,P0170,CAT17,12,4,56.07,1.172,3.201,30.72,Low,,backtest,demand_forecast_run_20261005T130920538
2025-09-26,S01,P0206,CAT15,8,6,6.59,3.56,7.263,6.74,Low,,backtest,demand_forecast_run_20261005T130920538
2025-09-26,S01,P0213,CAT07,11,5,11.84,2.749,6.248,12,Low,,backtest,demand_forecast_run_20261005T130920538
2025-09-26,S01,P0252,CAT18,14,7,8.17,4.944,12.216,8.49,Low,,backtest,demand_forecast_run_20261005T130920538
2025-09-26,S01,P0272,CAT13,3,3,5.25,1.892,3.373,4.76,Medium,BELOW_REORDER,backtest,demand_forecast_run_20261005T130920538
2025-09-26,S01,P0288,CAT14,11,4,22,1.694,2.85,19.48,Low,,backtest,demand_forecast_run_20261005T130920538
2025-09-26,S01,P0316,CAT15,2,3,4.66,0.949,1.937,6.32,Medium,BELOW_REORDER,backtest,demand_forecast_run_20261005T130920538
2025-09-26,S01,P0369,CAT09,30,8,23.33,5,10.655,18,Low,,backtest,demand_forecast_run_20261005T130920538
2025-09-26,S01,P0381,CAT13,9,3,14,2.208,3.935,12.23,Low,,backtest,demand_forecast_run_20261005T130920538
2025-09-26,S01,P0391,CAT06,5,5,3.5,4.678,10.816,3.21,Medium,BELOW_REORDER,backtest,demand_forecast_run_20261005T130920538
2025-09-26,S01,P0392,CAT19,3,3,5.25,1.234,2.885,7.29,Medium,BELOW_REORDER,backtest,demand_forecast_run_20261005T130920538
2025-09-26,S01,P0408,CAT16,4,4,4.31,2.28,5.595,5.26,Medium,BELOW_REORDER,backtest,demand_forecast_run_20261005T130920538
2025-09-26,S01,P0409,CAT12,12,4,14,1.918,4.452,18.77,Low,,backtest,demand_forecast_run_20261005T130920538
2025-09-26,S01,P0433,CAT20,4,3,5.09,0.906,2.448,13.24,Low,,backtest,demand_forecast_run_20261005T130920538
2025-09-26,S01,P0435,CAT14,16,7,6.59,6.436,10.828,7.46,Low,,backtest,demand_forecast_run_20261005T130920538
2025-09-26,S01,P0445,CAT02,8,4,18.65,1.248,2.281,19.22,Low,,backtest,demand_forecast_run_20261005T130920538
2025-09-26,S01,P0507,CAT02,11,14,2.48,9.809,17.925,3.36,Medium,BELOW_REORDER|LOW_DAYS_COVER,backtest,demand_forecast_run_20261005T130920538
2025-09-26,S01,P0563,CAT13,16,6,9.33,5.046,8.994,9.51,Low,,backtest,demand_forecast_run_20261005T130920538
2025-09-26,S01,P0579,CAT12,5,3,7,1.696,3.939,8.84,Low,,backtest,demand_forecast_run_20261005T130920538
2025-09-26,S01,P0589,CAT03,11,4,9.06,2.899,5.297,11.38,Low,,backtest,demand_forecast_run_20261005T130920538
2025-09-26,S02,P0003,CAT03,15,6,7.78,3.33,7.268,13.51,Low,,backtest,demand_forecast_run_20261005T130920538
2025-09-26,S02,P0022,CAT05,12,6,18.66,3.852,7.16,9.34,Low,,backtest,demand_forecast_run_20261005T130920538
2025-09-26,S02,P0032,CAT11,30,17,6.67,9.527,19.592,9.45,Low,,backtest,demand_forecast_run_20261005T130920538
2025-09-26,S02,P0053,CAT06,9,3,42.06,0.797,1.811,33.89,Low,,backtest,demand_forecast_run_20261005T130920538
2025-09-26,S02,P0073,CAT13,5,3,23.36,1.424,2.667,10.53,Low,,backtest,demand_forecast_run_20261005T130920538
2025-09-26,S02,P0170,CAT17,7,3,16.32,1.517,3.637,13.84,Low,,backtest,demand_forecast_run_20261005T130920538
2025-09-26,S02,P0206,CAT15,16,6,22.41,4.541,9.054,10.57,Low,,backtest,demand_forecast_run_20261005T130920538
2025-09-26,S02,P0213,CAT07,12,5,9.33,3.084,7.037,11.67,Low,,backtest,demand_forecast_run_20261005T130920538
2025-09-26,S02,P0252,CAT18,4,7,1.87,5.561,13.798,2.16,High,DEMAND_EXCEEDS_STOCK|BELOW_REORDER|LOW_DAYS_COVER,backtest,demand_forecast_run_20261005T130920538
2025-09-26,S02,P0272,CAT13,9,3,25.21,2.493,4.667,10.83,Low,,backtest,demand_forecast_run_20261005T130920538
2025-09-26,S02,P0288,CAT14,7,4,9.8,3.002,5.535,6.99,Low,,backtest,demand_forecast_run_20261005T130920538
2025-09-26,S02,P0316,CAT15,0,3,0,1.87,3.728,0,High,ZERO_STOCK|DEMAND_EXCEEDS_STOCK|BELOW_REORDER|LOW_DAYS_COVER,backtest,demand_forecast_run_20261005T130920538
2025-09-26,S02,P0369,CAT09,8,8,8,4.211,8.96,5.7,Medium,BELOW_REORDER,backtest,demand_forecast_run_20261005T130920538
2025-09-26,S02,P0381,CAT13,10,3,46.73,1.543,2.889,19.44,Low,,backtest,demand_forecast_run_20261005T130920538
2025-09-26,S02,P0391,CAT06,12,7,5.6,4.781,10.867,7.53,Low,,backtest,demand_forecast_run_20261005T130920538
2025-09-26,S02,P0392,CAT19,5,3,5.83,1.457,3.458,10.3,Low,,backtest,demand_forecast_run_20261005T130920538
2025-09-26,S02,P0408,CAT16,6,4,12,2.446,5.772,7.36,Low,,backtest,demand_forecast_run_20261005T130920538
2025-09-26,S02,P0409,CAT12,14,5,10.32,3.179,7.486,13.21,Low,,backtest,demand_forecast_run_20261005T130920538
2025-09-26,S02,P0433,CAT20,4,3,27.97,0.671,1.601,17.89,Low,,backtest,demand_forecast_run_20261005T130920538
2025-09-26,S02,P0435,CAT14,21,8,14.7,7.956,14.667,7.92,Low,,backtest,demand_forecast_run_20261005T130920538
2025-09-26,S02,P0445,CAT02,11,4,38.46,1.699,3.255,19.42,Low,,backtest,demand_forecast_run_20261005T130920538
2025-09-26,S02,P0507,CAT02,35,15,7.9,11.234,21.521,9.35,Low,,backtest,demand_forecast_run_20261005T130920538
2025-09-26,S02,P0563,CAT13,5,6,4.67,4.155,7.778,3.61,Medium,BELOW_REORDER,backtest,demand_forecast_run_20261005T130920538
2025-09-26,S02,P0579,CAT12,6,3,16.81,1.422,3.349,12.66,Low,,backtest,demand_forecast_run_20261005T130920538
2025-09-26,S02,P0589,CAT03,14,4,14,2.081,4.542,20.18,Low,,backtest,demand_forecast_run_20261005T130920538
2025-09-26,S03,P0003,CAT03,13,6,10.11,2.95,5.89,13.22,Low,,backtest,demand_forecast_run_20261005T130920538
2025-09-26,S03,P0022,CAT05,3,5,3,2.216,4.237,4.06,Medium,BELOW_REORDER,backtest,demand_forecast_run_20261005T130920538
2025-09-26,S03,P0032,CAT11,39,15,13.65,10.882,18.788,10.75,Low,,backtest,demand_forecast_run_20261005T130920538
2025-09-26,S03,P0053,CAT06,7,4,9.8,1.396,3.401,15.05,Low,,backtest,demand_forecast_run_20261005T130920538
2025-09-26,S03,P0073,CAT13,6,3,9.33,1.336,2.627,13.47,Low,,backtest,demand_forecast_run_20261005T130920538
2025-09-26,S03,P0170,CAT17,10,4,17.51,3.534,7.504,8.49,Low,,backtest,demand_forecast_run_20261005T130920538
2025-09-26,S03,P0206,CAT15,18,6,14,3.726,8.523,14.49,Low,,backtest,demand_forecast_run_20261005T130920538
2025-09-26,S03,P0213,CAT07,10,4,8.75,2.113,4.242,14.2,Low,,backtest,demand_forecast_run_20261005T130920538
2025-09-26,S03,P0252,CAT18,15,8,21.01,4.532,12.157,9.93,Low,,backtest,demand_forecast_run_20261005T130920538
2025-09-26,S03,P0272,CAT13,0,3,0,1.603,3.152,0,High,ZERO_STOCK|DEMAND_EXCEEDS_STOCK|BELOW_REORDER|LOW_DAYS_COVER,backtest,demand_forecast_run_20261005T130920538
2025-09-26,S03,P0288,CAT14,7,3,16.32,1.621,3.196,12.95,Low,,backtest,demand_forecast_run_20261005T130920538
2025-09-26,S03,P0316,CAT15,6,4,10.51,1.562,3.574,11.52,Low,,backtest,demand_forecast_run_20261005T130920538
2025-09-26,S03,P0369,CAT09,27,8,21,3.913,8.927,20.7,Low,,backtest,demand_forecast_run_20261005T130920538
2025-09-26,S03,P0381,CAT13,4,3,13.99,1.336,2.627,8.98,Low,,backtest,demand_forecast_run_20261005T130920538
2025-09-26,S03,P0391,CAT06,15,6,17.5,3.314,8.077,13.58,Low,,backtest,demand_forecast_run_20261005T130920538
2025-09-26,S03,P0392,CAT19,8,3,37.38,0.893,2.075,26.88,Low,,backtest,demand_forecast_run_20261005T130920538
2025-09-26,S03,P0408,CAT16,5,4,5,2.27,5.974,6.61,Low,,backtest,demand_forecast_run_20261005T130920538
2025-09-26,S03,P0409,CAT12,5,4,4.37,2.128,4.769,7.05,Low,,backtest,demand_forecast_run_20261005T130920538
2025-09-26,S03,P0433,CAT20,2,2,,0,0,,Medium,BELOW_REORDER,backtest,demand_forecast_run_20261005T130920538
2025-09-26,S03,P0435,CAT14,9,7,7,5.601,11.042,4.82,Low,,backtest,demand_forecast_run_20261005T130920538
2025-09-26,S03,P0445,CAT02,10,3,23.31,0.676,1.3,44.39,Low,,backtest,demand_forecast_run_20261005T130920538
2025-09-26,S03,P0507,CAT02,45,14,11.05,10.306,19.819,13.1,Low,,backtest,demand_forecast_run_20261005T130920538
2025-09-26,S03,P0563,CAT13,19,6,15.65,4.141,8.144,13.76,Low,,backtest,demand_forecast_run_20261005T130920538
2025-09-26,S03,P0579,CAT12,5,3,7.78,1.228,2.752,12.22,Low,,backtest,demand_forecast_run_20261005T130920538
2025-09-26,S03,P0589,CAT03,9,5,7.41,3.308,6.604,8.16,Low,,backtest,demand_forecast_run_20261005T130920538
2025-09-26,S04,P0003,CAT03,15,5,10.5,3.485,6.702,12.91,Low,,backtest,demand_forecast_run_20261005T130920538
2025-09-26,S04,P0022,CAT05,10,5,10.76,2.045,5.09,14.67,Low,,backtest,demand_forecast_run_20261005T130920538
2025-09-26,S04,P0032,CAT11,35,12,15.31,8.402,18.184,12.5,Low,,backtest,demand_forecast_run_20261005T130920538
2025-09-26,S04,P0053,CAT06,3,3,14.02,0.599,1.539,15.02,Medium,BELOW_REORDER,backtest,demand_forecast_run_20261005T130920538
2025-09-26,S04,P0073,CAT13,3,2,6,1.799,4.281,5,Low,,backtest,demand_forecast_run_20261005T130920538
2025-09-26,S04,P0170,CAT17,3,3,6.99,1.83,4.974,4.92,Medium,BELOW_REORDER,backtest,demand_forecast_run_20261005T130920538
2025-09-26,S04,P0206,CAT15,15,5,15,4.081,9.111,11.03,Low,,backtest,demand_forecast_run_20261005T130920538
2025-09-26,S04,P0213,CAT07,4,4,3.29,1.956,4.992,6.14,Medium,BELOW_REORDER,backtest,demand_forecast_run_20261005T130920538
2025-09-26,S04,P0252,CAT18,9,6,7.87,3.898,9.468,6.93,Low,,backtest,demand_forecast_run_20261005T130920538
2025-09-26,S04,P0272,CAT13,5,3,17.48,1.937,4.611,7.74,Low,,backtest,demand_forecast_run_20261005T130920538
2025-09-26,S04,P0288,CAT14,6,4,10.51,1.893,3.83,9.51,Low,,backtest,demand_forecast_run_20261005T130920538
2025-09-26,S04,P0316,CAT15,6,3,28.04,0.68,1.519,26.46,Low,,backtest,demand_forecast_run_20261005T130920538
2025-09-26,S04,P0369,CAT09,20,6,28.01,3.442,8.088,17.43,Low,,backtest,demand_forecast_run_20261005T130920538
2025-09-26,S04,P0381,CAT13,7,3,24.48,1.799,4.281,11.67,Low,,backtest,demand_forecast_run_20261005T130920538
2025-09-26,S04,P0391,CAT06,2,5,2.54,2.246,5.773,2.67,High,DEMAND_EXCEEDS_STOCK|BELOW_REORDER|LOW_DAYS_COVER,backtest,demand_forecast_run_20261005T130920538
2025-09-26,S04,P0392,CAT19,5,3,7.78,1.276,3.066,11.75,Low,,backtest,demand_forecast_run_20261005T130920538
2025-09-26,S04,P0408,CAT16,12,3,41.96,1.877,4.499,19.18,Low,,backtest,demand_forecast_run_20261005T130920538
2025-09-26,S04,P0409,CAT12,3,4,2,2.013,5.628,4.47,Medium,BELOW_REORDER|LOW_DAYS_COVER,backtest,demand_forecast_run_20261005T130920538
2025-09-26,S04,P0433,CAT20,6,2,28.04,0.328,0.955,54.83,Low,,backtest,demand_forecast_run_20261005T130920538
2025-09-26,S04,P0435,CAT14,9,6,4.67,5.015,10.15,5.38,Low,,backtest,demand_forecast_run_20261005T130920538
2025-09-26,S04,P0445,CAT02,9,3,12.61,1.658,3.654,16.28,Low,,backtest,demand_forecast_run_20261005T130920538
2025-09-26,S04,P0507,CAT02,25,11,10.29,7.185,15.836,10.44,Low,,backtest,demand_forecast_run_20261005T130920538
2025-09-26,S04,P0563,CAT13,9,5,20.98,1.937,4.611,13.94,Low,,backtest,demand_forecast_run_20261005T130920538
2025-09-26,S04,P0579,CAT12,5,3,,0.61,1.705,24.59,Low,,backtest,demand_forecast_run_20261005T130920538
2025-09-26,S04,P0589,CAT03,17,4,39.63,1.376,2.645,37.08,Low,,backtest,demand_forecast_run_20261005T130920538
2025-09-26,S05,P0003,CAT03,5,4,4.37,2.015,5.064,7.44,Low,,backtest,demand_forecast_run_20261005T130920538
2025-09-26,S05,P0022,CAT05,11,4,19.26,2.633,5.399,12.53,Low,,backtest,demand_forecast_run_20261005T130920538
2025-09-26,S05,P0032,CAT11,21,11,7.95,7.311,14.816,8.62,Low,,backtest,demand_forecast_run_20261005T130920538
2025-09-26,S05,P0053,CAT06,0,3,0,1.051,2.458,0,High,ZERO_STOCK|DEMAND_EXCEEDS_STOCK|BELOW_REORDER|LOW_DAYS_COVER,backtest,demand_forecast_run_20261005T130920538
2025-09-26,S05,P0073,CAT13,7,2,24.48,0.721,1.478,29.14,Low,,backtest,demand_forecast_run_20261005T130920538
2025-09-26,S05,P0170,CAT17,4,3,18.69,1.361,3.106,8.82,Low,,backtest,demand_forecast_run_20261005T130920538
2025-09-26,S05,P0206,CAT15,5,4,4.12,3.271,8.11,4.59,Low,,backtest,demand_forecast_run_20261005T130920538
2025-09-26,S05,P0213,CAT07,6,4,13.99,1.642,5.06,10.96,Low,,backtest,demand_forecast_run_20261005T130920538
2025-09-26,S05,P0252,CAT18,7,5,7,4.045,9.092,5.19,Low,,backtest,demand_forecast_run_20261005T130920538
2025-09-26,S05,P0272,CAT13,7,3,14,1.75,3.59,12,Low,,backtest,demand_forecast_run_20261005T130920538
2025-09-26,S05,P0288,CAT14,4,3,6.22,2.285,5.195,5.25,Low,,backtest,demand_forecast_run_20261005T130920538
2025-09-26,S05,P0316,CAT15,8,3,22.41,1.289,3.195,18.62,Low,,backtest,demand_forecast_run_20261005T130920538
2025-09-26,S05,P0369,CAT09,19,6,13.3,3.411,9.408,16.71,Low,,backtest,demand_forecast_run_20261005T130920538
2025-09-26,S05,P0381,CAT13,7,3,8.91,1.853,3.801,11.33,Low,,backtest,demand_forecast_run_20261005T130920538
2025-09-26,S05,P0391,CAT06,13,5,9.58,2.803,6.554,13.91,Low,,backtest,demand_forecast_run_20261005T130920538
2025-09-26,S05,P0392,CAT19,2,2,9.35,0.55,1.385,10.9,Medium,BELOW_REORDER,backtest,demand_forecast_run_20261005T130920538
2025-09-26,S05,P0408,CAT16,4,3,8,1.231,3.699,9.75,Low,,backtest,demand_forecast_run_20261005T130920538
2025-09-26,S05,P0409,CAT12,4,3,9.32,1.758,4.95,6.82,Low,,backtest,demand_forecast_run_20261005T130920538
2025-09-26,S05,P0433,CAT20,6,2,20.98,0.389,1.203,46.32,Low,,backtest,demand_forecast_run_20261005T130920538
2025-09-26,S05,P0435,CAT14,10,6,7.78,4.228,9.611,7.1,Low,,backtest,demand_forecast_run_20261005T130920538
2025-09-26,S05,P0445,CAT02,9,3,31.47,0.609,1.361,44.33,Low,,backtest,demand_forecast_run_20261005T130920538
2025-09-26,S05,P0507,CAT02,8,9,2.73,7.005,15.648,3.43,Medium,BELOW_REORDER|LOW_DAYS_COVER,backtest,demand_forecast_run_20261005T130920538
2025-09-26,S05,P0563,CAT13,14,5,24.52,2.882,5.912,14.57,Low,,backtest,demand_forecast_run_20261005T130920538
2025-09-26,S05,P0579,CAT12,6,3,13.99,0.791,2.228,22.75,Low,,backtest,demand_forecast_run_20261005T130920538
2025-09-26,S05,P0589,CAT03,7,4,7,2.015,5.064,10.42,Low,,backtest,demand_forecast_run_20261005T130920538
2025-09-26,S06,P0003,CAT03,14,6,8.52,4.578,8.048,9.17,Low,,backtest,demand_forecast_run_20261005T130920538
2025-09-26,S06,P0022,CAT05,11,6,8.55,3.819,6.945,8.64,Low,,backtest,demand_forecast_run_20261005T130920538
2025-09-26,S06,P0032,CAT11,38,18,7.39,14.657,23.261,7.78,Low,,backtest,demand_forecast_run_20261005T130920538
2025-09-26,S06,P0053,CAT06,6,4,9.33,1.934,4.104,9.31,Low,,backtest,demand_forecast_run_20261005T130920538
2025-09-26,S06,P0073,CAT13,10,4,20,2.757,4.599,10.88,Low,,backtest,demand_forecast_run_20261005T130920538
2025-09-26,S06,P0170,CAT17,12,4,16.81,2.041,4.539,17.64,Low,,backtest,demand_forecast_run_20261005T130920538
2025-09-26,S06,P0206,CAT15,15,7,8.4,8.225,13.271,5.47,Low,,backtest,demand_forecast_run_20261005T130920538
2025-09-26,S06,P0213,CAT07,8,6,5.6,4.525,8.35,5.3,Low,,backtest,demand_forecast_run_20261005T130920538
2025-09-26,S06,P0252,CAT18,17,8,9.15,6.78,14.48,7.52,Low,,backtest,demand_forecast_run_20261005T130920538
2025-09-26,S06,P0272,CAT13,2,4,3.11,2.757,4.599,2.18,High,DEMAND_EXCEEDS_STOCK|BELOW_REORDER,backtest,demand_forecast_run_20261005T130920538
2025-09-26,S06,P0288,CAT14,11,4,13.99,2.969,5.035,11.12,Low,,backtest,demand_forecast_run_20261005T130920538
2025-09-26,S06,P0316,CAT15,7,4,7,3.443,5.555,6.1,Low,,backtest,demand_forecast_run_20261005T130920538
2025-09-26,S06,P0369,CAT09,28,10,14,6.333,12.112,13.26,Low,,backtest,demand_forecast_run_20261005T130920538
2025-09-26,S06,P0381,CAT13,6,4,5.25,3.982,6.643,4.52,Low,,backtest,demand_forecast_run_20261005T130920538
2025-09-26,S06,P0391,CAT06,8,7,6.22,4.378,9.289,5.48,Low,,backtest,demand_forecast_run_20261005T130920538
2025-09-26,S06,P0392,CAT19,9,3,18,2.204,4.514,12.25,Low,,backtest,demand_forecast_run_20261005T130920538
2025-09-26,S06,P0408,CAT16,12,5,27.97,3.55,7.666,10.14,Low,,backtest,demand_forecast_run_20261005T130920538
2025-09-26,S06,P0409,CAT12,7,5,7,3.134,6.488,6.7,Low,,backtest,demand_forecast_run_20261005T130920538
2025-09-26,S06,P0433,CAT20,6,3,16.81,1.06,2.162,16.99,Low,,backtest,demand_forecast_run_20261005T130920538
2025-09-26,S06,P0435,CAT14,20,9,16.47,9.118,15.464,6.58,Low,,backtest,demand_forecast_run_20261005T130920538
2025-09-26,S06,P0445,CAT02,0,4,0,1.984,3.651,0,High,ZERO_STOCK|DEMAND_EXCEEDS_STOCK|BELOW_REORDER|LOW_DAYS_COVER,backtest,demand_forecast_run_20261005T130920538
2025-09-26,S06,P0507,CAT02,47,17,11.96,12.252,22.551,11.51,Low,,backtest,demand_forecast_run_20261005T130920538
2025-09-26,S06,P0563,CAT13,10,6,7,4.595,7.665,6.53,Low,,backtest,demand_forecast_run_20261005T130920538
2025-09-26,S06,P0579,CAT12,10,4,10.76,2.925,6.055,10.26,Low,,backtest,demand_forecast_run_20261005T130920538
2025-09-26,S06,P0589,CAT03,16,6,11.2,4.259,7.486,11.27,Low,,backtest,demand_forecast_run_20261005T130920538
2025-09-26,S07,P0003,CAT03,6,5,6.46,3.185,6.323,5.65,Low,,backtest,demand_forecast_run_20261005T130920538
2025-09-26,S07,P0022,CAT05,8,4,6.22,3.183,6.361,7.54,Low,,backtest,demand_forecast_run_20261005T130920538
2025-09-26,S07,P0032,CAT11,28,12,9.56,10.111,17.882,8.31,Low,,backtest,demand_forecast_run_20261005T130920538
2025-09-26,S07,P0053,CAT06,0,3,0,1.019,2.583,0,High,ZERO_STOCK|DEMAND_EXCEEDS_STOCK|BELOW_REORDER|LOW_DAYS_COVER,backtest,demand_forecast_run_20261005T130920538
2025-09-26,S07,P0073,CAT13,6,3,13.99,0.93,1.842,19.36,Low,,backtest,demand_forecast_run_20261005T130920538
2025-09-26,S07,P0170,CAT17,5,3,5.83,1.455,3.897,10.31,Low,,backtest,demand_forecast_run_20261005T130920538
2025-09-26,S07,P0206,CAT15,11,5,5.7,5.247,11.164,6.29,Low,,backtest,demand_forecast_run_20261005T130920538
2025-09-26,S07,P0213,CAT07,13,4,20.22,2.388,5.606,16.33,Low,,backtest,demand_forecast_run_20261005T130920538
2025-09-26,S07,P0252,CAT18,11,5,8.11,3.746,8.746,8.81,Low,,backtest,demand_forecast_run_20261005T130920538
2025-09-26,S07,P0272,CAT13,6,3,8.4,1.302,2.579,13.83,Low,,backtest,demand_forecast_run_20261005T130920538
2025-09-26,S07,P0288,CAT14,8,3,14.01,1.574,3.336,15.25,Low,,backtest,demand_forecast_run_20261005T130920538
2025-09-26,S07,P0316,CAT15,5,3,34.97,0.816,1.737,18.38,Low,,backtest,demand_forecast_run_20261005T130920538
2025-09-26,S07,P0369,CAT09,19,7,11.09,5.016,11.204,11.36,Low,,backtest,demand_forecast_run_20261005T130920538
2025-09-26,S07,P0381,CAT13,9,3,25.21,0.93,1.842,29.04,Low,,backtest,demand_forecast_run_20261005T130920538
2025-09-26,S07,P0391,CAT06,9,5,8.4,2.921,7.404,9.24,Low,,backtest,demand_forecast_run_20261005T130920538
2025-09-26,S07,P0392,CAT19,7,3,19.61,1.495,3.425,14.05,Low,,backtest,demand_forecast_run_20261005T130920538
2025-09-26,S07,P0408,CAT16,8,3,7.47,1.971,6.009,12.18,Low,,backtest,demand_forecast_run_20261005T130920538
2025-09-26,S07,P0409,CAT12,9,4,10.5,2.574,6.204,10.49,Low,,backtest,demand_forecast_run_20261005T130920538
2025-09-26,S07,P0433,CAT20,4,2,5.6,0.79,2.384,15.18,Low,,backtest,demand_forecast_run_20261005T130920538
2025-09-26,S07,P0435,CAT14,7,7,3.5,5.606,11.884,3.75,Medium,BELOW_REORDER,backtest,demand_forecast_run_20261005T130920538
2025-09-26,S07,P0445,CAT02,4,3,11.2,1.074,2.067,11.18,Low,,backtest,demand_forecast_run_20261005T130920538
2025-09-26,S07,P0507,CAT02,20,11,6.22,7.425,14.295,8.08,Low,,backtest,demand_forecast_run_20261005T130920538
2025-09-26,S07,P0563,CAT13,13,5,13,3.626,7.183,10.76,Low,,backtest,demand_forecast_run_20261005T130920538
2025-09-26,S07,P0579,CAT12,9,3,25.21,1.471,3.545,18.35,Low,,backtest,demand_forecast_run_20261005T130920538
2025-09-26,S07,P0589,CAT03,6,4,8.4,2.421,4.806,7.44,Low,,backtest,demand_forecast_run_20261005T130920538
2025-09-26,S08,P0003,CAT03,14,7,6.32,5.093,8.886,8.25,Low,,backtest,demand_forecast_run_20261005T130920538
2025-09-26,S08,P0022,CAT05,15,6,10,3.399,5.876,13.24,Low,,backtest,demand_forecast_run_20261005T130920538
2025-09-26,S08,P0032,CAT11,19,18,3.8,14.839,22.652,3.84,Low,,backtest,demand_forecast_run_20261005T130920538
2025-09-26,S08,P0053,CAT06,7,3,19.61,1.492,3.202,14.07,Low,,backtest,demand_forecast_run_20261005T130920538
2025-09-26,S08,P0073,CAT13,11,3,51.4,1.186,1.868,27.83,Low,,backtest,demand_forecast_run_20261005T130920538
2025-09-26,S08,P0170,CAT17,6,4,7,2.134,4.667,8.44,Low,,backtest,demand_forecast_run_20261005T130920538
2025-09-26,S08,P0206,CAT15,13,7,7.58,5.531,9.817,7.05,Low,,backtest,demand_forecast_run_20261005T130920538
2025-09-26,S08,P0213,CAT07,10,6,6.67,2.993,5.771,10.02,Low,,backtest,demand_forecast_run_20261005T130920538
2025-09-26,S08,P0252,CAT18,32,9,17.92,6.868,14.712,13.98,Low,,backtest,demand_forecast_run_20261005T130920538
2025-09-26,S08,P0272,CAT13,9,4,18,2.372,3.735,11.38,Low,,backtest,demand_forecast_run_20261005T130920538
2025-09-26,S08,P0288,CAT14,11,4,17.11,2.698,4.984,12.23,Low,,backtest,demand_forecast_run_20261005T130920538
2025-09-26,S08,P0316,CAT15,8,4,16,1.508,2.677,15.91,Low,,backtest,demand_forecast_run_20261005T130920538
2025-09-26,S08,P0369,CAT09,18,10,7.87,6.047,12.124,8.93,Low,,backtest,demand_forecast_run_20261005T130920538
2025-09-26,S08,P0381,CAT13,8,4,22.41,1.779,2.802,13.49,Low,,backtest,demand_forecast_run_20261005T130920538
2025-09-26,S08,P0391,CAT06,7,6,4.08,4.146,8.895,5.07,Low,,backtest,demand_forecast_run_20261005T130920538
2025-09-26,S08,P0392,CAT19,9,4,25.21,1.981,3.96,13.63,Low,,backtest,demand_forecast_run_20261005T130920538
2025-09-26,S08,P0408,CAT16,5,4,3.33,3.838,8.958,3.91,Low,,backtest,demand_forecast_run_20261005T130920538
2025-09-26,S08,P0409,CAT12,10,5,12.72,2.948,6.486,10.18,Low,,backtest,demand_forecast_run_20261005T130920538
2025-09-26,S08,P0433,CAT20,4,2,18.69,0.753,1.815,15.95,Low,,backtest,demand_forecast_run_20261005T130920538
2025-09-26,S08,P0435,CAT14,23,9,9.47,9.515,17.573,7.25,Low,,backtest,demand_forecast_run_20261005T130920538
2025-09-26,S08,P0445,CAT02,6,4,16.81,1.41,2.322,12.76,Low,,backtest,demand_forecast_run_20261005T130920538
2025-09-26,S08,P0507,CAT02,21,18,3.59,12.781,21.041,4.93,Low,,backtest,demand_forecast_run_20261005T130920538
2025-09-26,S08,P0563,CAT13,8,8,7.47,8.005,12.607,3,High,DEMAND_EXCEEDS_STOCK|BELOW_REORDER,backtest,demand_forecast_run_20261005T130920538
2025-09-26,S08,P0579,CAT12,9,3,9.69,1.712,3.766,15.77,Low,,backtest,demand_forecast_run_20261005T130920538
2025-09-26,S08,P0589,CAT03,14,5,16.34,2.417,4.217,17.37,Low,,backtest,demand_forecast_run_20261005T130920538
2025-09-26,S09,P0003,CAT03,2,5,1.4,3.882,7.461,1.55,High,DEMAND_EXCEEDS_STOCK|BELOW_REORDER|LOW_DAYS_COVER,backtest,demand_forecast_run_20261005T130920538
2025-09-26,S09,P0022,CAT05,5,6,4.12,3.789,5.978,3.96,Medium,BELOW_REORDER,backtest,demand_forecast_run_20261005T130920538
2025-09-26,S09,P0032,CAT11,44,17,10.81,12.65,20.846,10.43,Low,,backtest,demand_forecast_run_20261005T130920538
2025-09-26,S09,P0053,CAT06,3,3,6.99,0.984,2.152,9.15,Medium,BELOW_REORDER,backtest,demand_forecast_run_20261005T130920538
2025-09-26,S09,P0073,CAT13,6,3,,0.535,0.989,33.63,Low,,backtest,demand_forecast_run_20261005T130920538
2025-09-26,S09,P0170,CAT17,9,4,20.98,2.116,5.224,12.76,Low,,backtest,demand_forecast_run_20261005T130920538
2025-09-26,S09,P0206,CAT15,22,6,20.54,4.208,6.958,15.68,Low,,backtest,demand_forecast_run_20261005T130920538
2025-09-26,S09,P0213,CAT07,4,5,3.5,4.52,9.179,2.65,High,DEMAND_EXCEEDS_STOCK|BELOW_REORDER,backtest,demand_forecast_run_20261005T130920538
2025-09-26,S09,P0252,CAT18,6,7,3.5,7.076,14.801,2.54,High,DEMAND_EXCEEDS_STOCK|BELOW_REORDER,backtest,demand_forecast_run_20261005T130920538
2025-09-26,S09,P0272,CAT13,6,3,16.81,1.606,2.966,11.21,Low,,backtest,demand_forecast_run_20261005T130920538
2025-09-26,S09,P0288,CAT14,10,4,10,3.199,6.539,9.38,Low,,backtest,demand_forecast_run_20261005T130920538
2025-09-26,S09,P0316,CAT15,10,4,11.67,2.04,3.374,14.7,Low,,backtest,demand_forecast_run_20261005T130920538
2025-09-26,S09,P0369,CAT09,10,8,5.18,5.792,12.108,5.18,Low,,backtest,demand_forecast_run_20261005T130920538
2025-09-26,S09,P0381,CAT13,8,3,55.94,1.784,3.296,13.45,Low,,backtest,demand_forecast_run_20261005T130920538
2025-09-26,S09,P0391,CAT06,9,7,8.4,3.934,8.607,6.86,Low,,backtest,demand_forecast_run_20261005T130920538
2025-09-26,S09,P0392,CAT19,7,3,8.91,1.417,3.073,14.82,Low,,backtest,demand_forecast_run_20261005T130920538
2025-09-26,S09,P0408,CAT16,9,4,10.5,3.604,7.853,7.49,Low,,backtest,demand_forecast_run_20261005T130920538
2025-09-26,S09,P0409,CAT12,9,5,18,2.331,5.225,11.58,Low,,backtest,demand_forecast_run_20261005T130920538
2025-09-26,S09,P0433,CAT20,7,2,32.71,0.521,1.197,40.31,Low,,backtest,demand_forecast_run_20261005T130920538
2025-09-26,S09,P0435,CAT14,10,9,6.67,7.228,14.773,4.15,Low,,backtest,demand_forecast_run_20261005T130920538
2025-09-26,S09,P0445,CAT02,5,4,5.38,2.048,3.473,7.32,Low,,backtest,demand_forecast_run_20261005T130920538
2025-09-26,S09,P0507,CAT02,17,16,4.03,11.832,20.068,4.31,Low,,backtest,demand_forecast_run_20261005T130920538
2025-09-26,S09,P0563,CAT13,9,6,5.48,6.779,12.523,3.98,Low,,backtest,demand_forecast_run_20261005T130920538
2025-09-26,S09,P0579,CAT12,11,3,25.64,1.589,3.563,20.76,Low,,backtest,demand_forecast_run_20261005T130920538
2025-09-26,S09,P0589,CAT03,12,5,11.2,3.653,7.022,9.85,Low,,backtest,demand_forecast_run_20261005T130920538
2025-09-26,S10,P0003,CAT03,15,5,8.4,4.622,8.961,9.74,Low,,backtest,demand_forecast_run_20261005T130920538
2025-09-26,S10,P0022,CAT05,6,5,2.8,4.096,6.762,4.39,Medium,LOW_DAYS_COVER,backtest,demand_forecast_run_20261005T130920538
2025-09-26,S10,P0032,CAT11,25,14,5.83,10.305,19.781,7.28,Low,,backtest,demand_forecast_run_20261005T130920538
2025-09-26,S10,P0053,CAT06,8,3,22.41,1.146,2.584,20.93,Low,,backtest,demand_forecast_run_20261005T130920538
2025-09-26,S10,P0073,CAT13,9,3,31.47,0.871,1.75,31,Low,,backtest,demand_forecast_run_20261005T130920538
2025-09-26,S10,P0170,CAT17,0,3,0,1.505,3.828,0,High,ZERO_STOCK|DEMAND_EXCEEDS_STOCK|BELOW_REORDER|LOW_DAYS_COVER,backtest,demand_forecast_run_20261005T130920538
2025-09-26,S10,P0206,CAT15,15,5,17.5,3.965,8.015,11.35,Low,,backtest,demand_forecast_run_20261005T130920538
2025-09-26,S10,P0213,CAT07,13,4,16.54,3.011,6.129,12.95,Low,,backtest,demand_forecast_run_20261005T130920538
2025-09-26,S10,P0252,CAT18,2,7,1.17,5.396,11.245,1.11,High,DEMAND_EXCEEDS_STOCK|BELOW_REORDER|LOW_DAYS_COVER,backtest,demand_forecast_run_20261005T130920538
2025-09-26,S10,P0272,CAT13,2,3,2.54,1.493,3.001,4.02,Medium,BELOW_REORDER|LOW_DAYS_COVER,backtest,demand_forecast_run_20261005T130920538
2025-09-26,S10,P0288,CAT14,10,4,8.75,2.262,4.723,13.26,Low,,backtest,demand_forecast_run_20261005T130920538
2025-09-26,S10,P0316,CAT15,11,4,22,1.586,3.206,20.81,Low,,backtest,demand_forecast_run_20261005T130920538
2025-09-26,S10,P0369,CAT09,20,7,13.33,4.95,10.69,12.12,Low,,backtest,demand_forecast_run_20261005T130920538
2025-09-26,S10,P0381,CAT13,7,3,10.89,2.239,4.502,9.38,Low,,backtest,demand_forecast_run_20261005T130920538
2025-09-26,S10,P0391,CAT06,5,5,3.68,3.057,6.89,4.91,Medium,BELOW_REORDER,backtest,demand_forecast_run_20261005T130920538
2025-09-26,S10,P0392,CAT19,4,3,18.69,0.735,1.694,16.32,Low,,backtest,demand_forecast_run_20261005T130920538
2025-09-26,S10,P0408,CAT16,7,4,8.91,2.671,6.447,7.86,Low,,backtest,demand_forecast_run_20261005T130920538
2025-09-26,S10,P0409,CAT12,6,5,5.6,2.957,6.562,6.09,Low,,backtest,demand_forecast_run_20261005T130920538
2025-09-26,S10,P0433,CAT20,6,2,16.81,0.868,2.431,20.74,Low,,backtest,demand_forecast_run_20261005T130920538
2025-09-26,S10,P0435,CAT14,8,7,2.73,5.428,11.336,4.42,Medium,LOW_DAYS_COVER,backtest,demand_forecast_run_20261005T130920538
2025-09-26,S10,P0445,CAT02,6,3,6,2.31,4.259,7.79,Low,,backtest,demand_forecast_run_20261005T130920538
2025-09-26,S10,P0507,CAT02,29,13,6.06,9.418,17.365,9.24,Low,,backtest,demand_forecast_run_20261005T130920538
2025-09-26,S10,P0563,CAT13,17,6,11.33,4.479,9.003,11.39,Low,,backtest,demand_forecast_run_20261005T130920538
2025-09-26,S10,P0579,CAT12,7,3,19.61,0.887,1.969,23.68,Low,,backtest,demand_forecast_run_20261005T130920538
2025-09-26,S10,P0589,CAT03,9,4,10.5,2.311,4.48,11.68,Low,,backtest,demand_forecast_run_20261005T130920538
2025-09-26,S11,P0003,CAT03,17,6,17,4.162,6.912,12.25,Low,,backtest,demand_forecast_run_20261005T130920538
2025-09-26,S11,P0022,CAT05,14,6,5.94,5.21,9.154,8.06,Low,,backtest,demand_forecast_run_20261005T130920538
2025-09-26,S11,P0032,CAT11,51,20,10.35,14.528,22.891,10.53,Low,,backtest,demand_forecast_run_20261005T130920538
2025-09-26,S11,P0053,CAT06,6,4,9.33,1.817,3.671,9.91,Low,,backtest,demand_forecast_run_20261005T130920538
2025-09-26,S11,P0073,CAT13,7,3,16.32,1.37,2.182,15.33,Low,,backtest,demand_forecast_run_20261005T130920538
2025-09-26,S11,P0170,CAT17,0,4,0,1.728,3.824,0,High,ZERO_STOCK|DEMAND_EXCEEDS_STOCK|BELOW_REORDER|LOW_DAYS_COVER,backtest,demand_forecast_run_20261005T130920538
2025-09-26,S11,P0206,CAT15,21,7,18.37,3.54,5.781,17.8,Low,,backtest,demand_forecast_run_20261005T130920538
2025-09-26,S11,P0213,CAT07,6,6,4.67,3.803,7.845,4.73,Medium,BELOW_REORDER,backtest,demand_forecast_run_20261005T130920538
2025-09-26,S11,P0252,CAT18,10,9,4,7,13.662,4.29,Low,,backtest,demand_forecast_run_20261005T130920538
2025-09-26,S11,P0272,CAT13,8,4,16,1.619,2.578,14.82,Low,,backtest,demand_forecast_run_20261005T130920538
2025-09-26,S11,P0288,CAT14,4,5,2.33,4.255,7.647,2.82,High,DEMAND_EXCEEDS_STOCK|BELOW_REORDER|LOW_DAYS_COVER,backtest,demand_forecast_run_20261005T130920538
2025-09-26,S11,P0316,CAT15,0,4,0,3.186,5.203,0,High,ZERO_STOCK|DEMAND_EXCEEDS_STOCK|BELOW_REORDER|LOW_DAYS_COVER,backtest,demand_forecast_run_20261005T130920538
2025-09-26,S11,P0369,CAT09,13,9,5.52,6.141,13.109,6.35,Low,,backtest,demand_forecast_run_20261005T130920538
2025-09-26,S11,P0381,CAT13,10,4,28.01,3.113,4.958,9.64,Low,,backtest,demand_forecast_run_20261005T130920538
2025-09-26,S11,P0391,CAT06,11,7,13.99,2.726,5.506,12.11,Low,,backtest,demand_forecast_run_20261005T130920538
2025-09-26,S11,P0392,CAT19,1,3,2.8,1.31,2.795,2.29,High,DEMAND_EXCEEDS_STOCK|BELOW_REORDER|LOW_DAYS_COVER,backtest,demand_forecast_run_20261005T130920538
2025-09-26,S11,P0408,CAT16,3,5,2.8,3.506,7.884,2.57,High,DEMAND_EXCEEDS_STOCK|BELOW_REORDER|LOW_DAYS_COVER,backtest,demand_forecast_run_20261005T130920538
2025-09-26,S11,P0409,CAT12,10,5,20,2.376,4.873,12.63,Low,,backtest,demand_forecast_run_20261005T130920538
2025-09-26,S11,P0433,CAT20,5,3,6.36,1.346,3.335,11.15,Low,,backtest,demand_forecast_run_20261005T130920538
2025-09-26,S11,P0435,CAT14,22,9,6.85,8.199,14.735,8.05,Low,,backtest,demand_forecast_run_20261005T130920538
2025-09-26,S11,P0445,CAT02,12,5,15.27,2.075,3.418,17.35,Low,,backtest,demand_forecast_run_20261005T130920538
2025-09-26,S11,P0507,CAT02,37,18,6.56,13.732,22.626,8.08,Low,,backtest,demand_forecast_run_20261005T130920538
2025-09-26,S11,P0563,CAT13,9,7,5.48,6.974,11.106,3.87,Low,,backtest,demand_forecast_run_20261005T130920538
2025-09-26,S11,P0579,CAT12,13,3,45.45,1.931,3.959,20.2,Low,,backtest,demand_forecast_run_20261005T130920538
2025-09-26,S11,P0589,CAT03,7,5,8.91,4.311,7.158,4.87,Low,,backtest,demand_forecast_run_20261005T130920538
2025-09-26,S12,P0003,CAT03,15,6,16.15,3.022,5.92,14.89,Low,,backtest,demand_forecast_run_20261005T130920538
2025-09-26,S12,P0022,CAT05,11,5,5.5,4.229,6.748,7.8,Low,,backtest,demand_forecast_run_20261005T130920538
2025-09-26,S12,P0032,CAT11,7,15,1.02,15.061,21.249,1.39,High,DEMAND_EXCEEDS_STOCK|BELOW_REORDER|LOW_DAYS_COVER,backtest,demand_forecast_run_20261005T130920538
2025-09-26,S12,P0053,CAT06,4,3,13.99,1.539,3.364,7.8,Low,,backtest,demand_forecast_run_20261005T130920538
2025-09-26,S12,P0073,CAT13,8,3,37.38,1.101,2.019,21.81,Low,,backtest,demand_forecast_run_20261005T130920538
2025-09-26,S12,P0170,CAT17,6,3,12,1.449,3.629,12.42,Low,,backtest,demand_forecast_run_20261005T130920538
2025-09-26,S12,P0206,CAT15,4,6,2.15,3.95,8.558,3.04,Medium,BELOW_REORDER|LOW_DAYS_COVER,backtest,demand_forecast_run_20261005T130920538
2025-09-26,S12,P0213,CAT07,16,5,16,2.935,6.301,16.36,Low,,backtest,demand_forecast_run_20261005T130920538
2025-09-26,S12,P0252,CAT18,12,7,10.5,4.126,9.404,8.72,Low,,backtest,demand_forecast_run_20261005T130920538
2025-09-26,S12,P0272,CAT13,13,3,26,2.614,4.796,14.92,Low,,backtest,demand_forecast_run_20261005T130920538
2025-09-26,S12,P0288,CAT14,6,4,7.63,2.891,5.875,6.23,Low,,backtest,demand_forecast_run_20261005T130920538
2025-09-26,S12,P0316,CAT15,4,3,3.73,2.133,4.622,5.63,Low,,backtest,demand_forecast_run_20261005T130920538
2025-09-26,S12,P0369,CAT09,12,8,9.88,7.636,14.647,4.71,Low,,backtest,demand_forecast_run_20261005T130920538
2025-09-26,S12,P0381,CAT13,6,3,6.46,3.026,5.554,5.95,Low,,backtest,demand_forecast_run_20261005T130920538
2025-09-26,S12,P0391,CAT06,14,5,15.07,2.916,6.374,14.4,Low,,backtest,demand_forecast_run_20261005T130920538
2025-09-26,S12,P0392,CAT19,9,3,25.21,1.266,2.696,21.32,Low,,backtest,demand_forecast_run_20261005T130920538
2025-09-26,S12,P0408,CAT16,10,4,15.55,1.87,5.173,16.04,Low,,backtest,demand_forecast_run_20261005T130920538
2025-09-26,S12,P0409,CAT12,6,4,7.63,2.548,5.885,7.06,Low,,backtest,demand_forecast_run_20261005T130920538
2025-09-26,S12,P0433,CAT20,3,2,42.25,0.512,1.386,17.57,Low,,backtest,demand_forecast_run_20261005T130920538
2025-09-26,S12,P0435,CAT14,11,6,8.55,5.435,11.046,6.07,Low,,backtest,demand_forecast_run_20261005T130920538
2025-09-26,S12,P0445,CAT02,5,3,11.66,1.029,1.94,14.58,Low,,backtest,demand_forecast_run_20261005T130920538
2025-09-26,S12,P0507,CAT02,38,14,12.97,9.086,17.14,12.55,Low,,backtest,demand_forecast_run_20261005T130920538
2025-09-26,S12,P0563,CAT13,6,6,6,4.677,8.583,3.85,Medium,BELOW_REORDER,backtest,demand_forecast_run_20261005T130920538
2025-09-26,S12,P0579,CAT12,1,3,2.33,1.104,2.55,2.72,High,DEMAND_EXCEEDS_STOCK|BELOW_REORDER|LOW_DAYS_COVER,backtest,demand_forecast_run_20261005T130920538
2025-09-26,S12,P0589,CAT03,5,4,6.36,2.133,4.179,7.03,Low,,backtest,demand_forecast_run_20261005T130920538
2025-09-27,S01,P0003,CAT03,18,6,18,3.739,6.301,14.44,Low,,backtest,demand_forecast_run_20261005T130920538
2025-09-27,S01,P0022,CAT05,6,5,5.25,2.154,5.084,8.36,Low,,backtest,demand_forecast_run_20261005T130920538
2025-09-27,S01,P0032,CAT11,18,14,4.42,10.936,17.447,4.94,Low,,backtest,demand_forecast_run_20261005T130920538
2025-09-27,S01,P0053,CAT06,9,3,18,1.364,2.811,19.8,Low,,backtest,demand_forecast_run_20261005T130920538
2025-09-27,S01,P0073,CAT13,5,3,34.97,0.658,1.303,22.78,Low,,backtest,demand_forecast_run_20261005T130920538
2025-09-27,S01,P0170,CAT17,12,4,56.07,1.312,3.189,27.45,Low,,backtest,demand_forecast_run_20261005T130920538
2025-09-27,S01,P0206,CAT15,21,6,17.3,3.12,6.59,20.2,Low,,backtest,demand_forecast_run_20261005T130920538
2025-09-27,S01,P0213,CAT07,11,5,15.41,3.19,6.346,10.35,Low,,backtest,demand_forecast_run_20261005T130920538
2025-09-27,S01,P0252,CAT18,14,7,8.52,5.358,11.964,7.84,Low,,backtest,demand_forecast_run_20261005T130920538
2025-09-27,S01,P0272,CAT13,9,3,20.98,1.399,2.769,19.29,Low,,backtest,demand_forecast_run_20261005T130920538
2025-09-27,S01,P0288,CAT14,9,4,14,1.323,2.592,20.4,Low,,backtest,demand_forecast_run_20261005T130920538
2025-09-27,S01,P0316,CAT15,10,3,28.01,0.805,1.701,37.27,Low,,backtest,demand_forecast_run_20261005T130920538
2025-09-27,S01,P0369,CAT09,26,8,20.22,4.828,9.426,16.16,Low,,backtest,demand_forecast_run_20261005T130920538
2025-09-27,S01,P0381,CAT13,5,3,5.38,2.058,4.072,7.29,Low,,backtest,demand_forecast_run_20261005T130920538
2025-09-27,S01,P0391,CAT06,5,5,3.5,4.931,10.165,3.04,Medium,BELOW_REORDER,backtest,demand_forecast_run_20261005T130920538
2025-09-27,S01,P0392,CAT19,10,3,17.51,1.276,2.619,23.51,Low,,backtest,demand_forecast_run_20261005T130920538
2025-09-27,S01,P0408,CAT16,10,4,10,2.156,5.868,13.92,Low,,backtest,demand_forecast_run_20261005T130920538
2025-09-27,S01,P0409,CAT12,13,4,15.17,2.331,4.56,16.73,Low,,backtest,demand_forecast_run_20261005T130920538
2025-09-27,S01,P0433,CAT20,4,3,5.09,0.966,2.508,12.42,Low,,backtest,demand_forecast_run_20261005T130920538
2025-09-27,S01,P0435,CAT14,13,7,5.06,4.88,9.558,7.99,Low,,backtest,demand_forecast_run_20261005T130920538
2025-09-27,S01,P0445,CAT02,8,4,37.38,1.214,2.223,19.77,Low,,backtest,demand_forecast_run_20261005T130920538
2025-09-27,S01,P0507,CAT02,43,14,9.41,9.711,17.785,13.28,Low,,backtest,demand_forecast_run_20261005T130920538
2025-09-27,S01,P0563,CAT13,15,6,10,3.704,7.329,12.15,Low,,backtest,demand_forecast_run_20261005T130920538
2025-09-27,S01,P0579,CAT12,5,3,7.78,1.899,3.716,7.9,Low,,backtest,demand_forecast_run_20261005T130920538
2025-09-27,S01,P0589,CAT03,10,4,8.24,3.205,5.401,9.36,Low,,backtest,demand_forecast_run_20261005T130920538
2025-09-27,S02,P0003,CAT03,15,6,7.78,3.521,7.44,12.78,Low,,backtest,demand_forecast_run_20261005T130920538
2025-09-27,S02,P0022,CAT05,9,6,14,3.31,6.176,8.16,Low,,backtest,demand_forecast_run_20261005T130920538
2025-09-27,S02,P0032,CAT11,25,17,5.47,9.345,18.396,8.03,Low,,backtest,demand_forecast_run_20261005T130920538
2025-09-27,S02,P0053,CAT06,9,3,42.06,0.871,1.973,31,Low,,backtest,demand_forecast_run_20261005T130920538
2025-09-27,S02,P0073,CAT13,3,3,8.4,1.022,1.884,8.81,Medium,BELOW_REORDER,backtest,demand_forecast_run_20261005T130920538
2025-09-27,S02,P0170,CAT17,6,3,12,1.572,3.342,11.45,Low,,backtest,demand_forecast_run_20261005T130920538
2025-09-27,S02,P0206,CAT15,16,6,22.41,3.304,7.174,14.53,Low,,backtest,demand_forecast_run_20261005T130920538
2025-09-27,S02,P0213,CAT07,10,5,7,3.329,7.179,9.01,Low,,backtest,demand_forecast_run_20261005T130920538
2025-09-27,S02,P0252,CAT18,24,7,10.84,5.333,13.523,13.5,Low,,backtest,demand_forecast_run_20261005T130920538
2025-09-27,S02,P0272,CAT13,9,3,25.21,1.651,3.043,16.35,Low,,backtest,demand_forecast_run_20261005T130920538
2025-09-27,S02,P0288,CAT14,7,4,9.8,1.924,3.926,10.92,Low,,backtest,demand_forecast_run_20261005T130920538
2025-09-27,S02,P0316,CAT15,0,3,0,1.458,3.165,0,High,ZERO_STOCK|DEMAND_EXCEEDS_STOCK|BELOW_REORDER|LOW_DAYS_COVER,backtest,demand_forecast_run_20261005T130920538
2025-09-27,S02,P0369,CAT09,19,8,12.67,4.632,10.462,12.31,Low,,backtest,demand_forecast_run_20261005T130920538
2025-09-27,S02,P0381,CAT13,9,3,31.47,1.101,2.029,24.53,Low,,backtest,demand_forecast_run_20261005T130920538
2025-09-27,S02,P0391,CAT06,11,7,4.97,4.839,10.961,6.82,Low,,backtest,demand_forecast_run_20261005T130920538
2025-09-27,S02,P0392,CAT19,5,3,6.36,1.351,3.309,11.1,Low,,backtest,demand_forecast_run_20261005T130920538
2025-09-27,S02,P0408,CAT16,4,4,6.22,2.29,6.088,5.24,Medium,BELOW_REORDER,backtest,demand_forecast_run_20261005T130920538
2025-09-27,S02,P0409,CAT12,14,5,11.53,3.089,6.882,13.59,Low,,backtest,demand_forecast_run_20261005T130920538
2025-09-27,S02,P0433,CAT20,4,3,27.97,0.622,1.538,19.3,Low,,backtest,demand_forecast_run_20261005T130920538
2025-09-27,S02,P0435,CAT14,15,8,8.75,6.092,12.433,7.39,Low,,backtest,demand_forecast_run_20261005T130920538
2025-09-27,S02,P0445,CAT02,10,4,28.01,1.628,3.14,18.43,Low,,backtest,demand_forecast_run_20261005T130920538
2025-09-27,S02,P0507,CAT02,32,15,7.23,10.194,19.666,9.42,Low,,backtest,demand_forecast_run_20261005T130920538
2025-09-27,S02,P0563,CAT13,11,6,7,3.302,6.087,9.99,Low,,backtest,demand_forecast_run_20261005T130920538
2025-09-27,S02,P0579,CAT12,5,3,11.66,1.503,3.348,9.98,Low,,backtest,demand_forecast_run_20261005T130920538
2025-09-27,S02,P0589,CAT03,11,4,11,2.201,4.65,14.99,Low,,backtest,demand_forecast_run_20261005T130920538
2025-09-27,S03,P0003,CAT03,12,6,9.33,3.094,6.129,11.64,Low,,backtest,demand_forecast_run_20261005T130920538
2025-09-27,S03,P0022,CAT05,9,5,8.4,2.469,4.59,10.93,Low,,backtest,demand_forecast_run_20261005T130920538
2025-09-27,S03,P0032,CAT11,35,15,11.4,11.348,19.255,9.25,Low,,backtest,demand_forecast_run_20261005T130920538
2025-09-27,S03,P0053,CAT06,6,4,8.4,1.601,3.521,11.24,Low,,backtest,demand_forecast_run_20261005T130920538
2025-09-27,S03,P0073,CAT13,3,3,6,1.201,2.491,7.49,Medium,BELOW_REORDER,backtest,demand_forecast_run_20261005T130920538
2025-09-27,S03,P0170,CAT17,10,4,17.51,4.175,8.086,7.19,Low,,backtest,demand_forecast_run_20261005T130920538
2025-09-27,S03,P0206,CAT15,18,6,14.83,3.169,7.471,17.04,Low,,backtest,demand_forecast_run_20261005T130920538
2025-09-27,S03,P0213,CAT07,8,4,7.47,2.221,4.476,10.81,Low,,backtest,demand_forecast_run_20261005T130920538
2025-09-27,S03,P0252,CAT18,15,8,21.01,4.55,10.833,9.89,Low,,backtest,demand_forecast_run_20261005T130920538
2025-09-27,S03,P0272,CAT13,0,3,0,1.442,2.99,0,High,ZERO_STOCK|DEMAND_EXCEEDS_STOCK|BELOW_REORDER|LOW_DAYS_COVER,backtest,demand_forecast_run_20261005T130920538
2025-09-27,S03,P0288,CAT14,9,3,20.98,1.423,2.948,18.97,Low,,backtest,demand_forecast_run_20261005T130920538
2025-09-27,S03,P0316,CAT15,4,4,5.6,1.585,3.736,7.57,Medium,BELOW_REORDER,backtest,demand_forecast_run_20261005T130920538
2025-09-27,S03,P0369,CAT09,27,8,21,4.069,8.878,19.91,Low,,backtest,demand_forecast_run_20261005T130920538
2025-09-27,S03,P0381,CAT13,4,3,27.97,1.081,2.242,11.1,Low,,backtest,demand_forecast_run_20261005T130920538
2025-09-27,S03,P0391,CAT06,15,6,21.01,3.803,8.362,11.83,Low,,backtest,demand_forecast_run_20261005T130920538
2025-09-27,S03,P0392,CAT19,8,3,37.38,0.894,1.94,26.85,Low,,backtest,demand_forecast_run_20261005T130920538
2025-09-27,S03,P0408,CAT16,5,4,5.38,2.254,5.462,6.66,Low,,backtest,demand_forecast_run_20261005T130920538
2025-09-27,S03,P0409,CAT12,5,4,4.67,2.507,5.04,5.98,Low,,backtest,demand_forecast_run_20261005T130920538
2025-09-27,S03,P0433,CAT20,3,2,,0,0,,Low,,backtest,demand_forecast_run_20261005T130920538
2025-09-27,S03,P0435,CAT14,8,7,6.22,4.916,10.184,4.88,Low,,backtest,demand_forecast_run_20261005T130920538
2025-09-27,S03,P0445,CAT02,10,3,28.01,0.681,1.336,44.07,Low,,backtest,demand_forecast_run_20261005T130920538
2025-09-27,S03,P0507,CAT02,43,14,10.56,9.787,19.21,13.18,Low,,backtest,demand_forecast_run_20261005T130920538
2025-09-27,S03,P0563,CAT13,16,6,11.79,3.484,7.225,13.78,Low,,backtest,demand_forecast_run_20261005T130920538
2025-09-27,S03,P0579,CAT12,2,3,4,1.446,2.908,4.15,Medium,BELOW_REORDER,backtest,demand_forecast_run_20261005T130920538
2025-09-27,S03,P0589,CAT03,9,5,7.41,3.194,6.327,8.45,Low,,backtest,demand_forecast_run_20261005T130920538
2025-09-27,S04,P0003,CAT03,14,5,9.33,3.7,6.732,11.35,Low,,backtest,demand_forecast_run_20261005T130920538
2025-09-27,S04,P0022,CAT05,10,5,11.67,2.274,4.657,13.2,Low,,backtest,demand_forecast_run_20261005T130920538
2025-09-27,S04,P0032,CAT11,33,12,14,8.014,18.406,12.35,Low,,backtest,demand_forecast_run_20261005T130920538
2025-09-27,S04,P0053,CAT06,2,3,9.35,0.733,1.749,8.19,Medium,BELOW_REORDER,backtest,demand_forecast_run_20261005T130920538
2025-09-27,S04,P0073,CAT13,2,2,3.5,1.413,3.365,4.25,Medium,BELOW_REORDER,backtest,demand_forecast_run_20261005T130920538
2025-09-27,S04,P0170,CAT17,11,3,25.64,1.754,5.49,18.81,Low,,backtest,demand_forecast_run_20261005T130920538
2025-09-27,S04,P0206,CAT15,14,5,13.07,3.027,6.985,13.87,Low,,backtest,demand_forecast_run_20261005T130920538
2025-09-27,S04,P0213,CAT07,0,4,0,1.997,5.238,0,High,ZERO_STOCK|DEMAND_EXCEEDS_STOCK|BELOW_REORDER|LOW_DAYS_COVER,backtest,demand_forecast_run_20261005T130920538
2025-09-27,S04,P0252,CAT18,9,6,11.45,4.117,9.568,6.56,Low,,backtest,demand_forecast_run_20261005T130920538
2025-09-27,S04,P0272,CAT13,4,3,11.2,1.304,3.106,9.2,Low,,backtest,demand_forecast_run_20261005T130920538
2025-09-27,S04,P0288,CAT14,5,4,8.76,1.477,3.303,10.15,Low,,backtest,demand_forecast_run_20261005T130920538
2025-09-27,S04,P0316,CAT15,5,3,17.48,0.642,1.482,23.36,Low,,backtest,demand_forecast_run_20261005T130920538
2025-09-27,S04,P0369,CAT09,18,6,21,3.442,8.113,15.69,Low,,backtest,demand_forecast_run_20261005T130920538
2025-09-27,S04,P0381,CAT13,7,3,24.48,1.304,3.106,16.1,Low,,backtest,demand_forecast_run_20261005T130920538
2025-09-27,S04,P0391,CAT06,1,5,1.17,2.443,5.829,1.23,High,DEMAND_EXCEEDS_STOCK|BELOW_REORDER|LOW_DAYS_COVER,backtest,demand_forecast_run_20261005T130920538
2025-09-27,S04,P0392,CAT19,5,3,7.78,1.317,3.2,11.39,Low,,backtest,demand_forecast_run_20261005T130920538
2025-09-27,S04,P0408,CAT16,11,3,30.81,1.598,4.387,20.65,Low,,backtest,demand_forecast_run_20261005T130920538
2025-09-27,S04,P0409,CAT12,13,4,9.1,2.073,5.31,18.82,Low,,backtest,demand_forecast_run_20261005T130920538
2025-09-27,S04,P0433,CAT20,2,2,4,0.551,1.752,10.88,Medium,BELOW_REORDER,backtest,demand_forecast_run_20261005T130920538
2025-09-27,S04,P0435,CAT14,6,6,2.8,4.137,9.248,4.35,Medium,BELOW_REORDER|LOW_DAYS_COVER,backtest,demand_forecast_run_20261005T130920538
2025-09-27,S04,P0445,CAT02,7,3,8.17,1.755,4.077,11.97,Low,,backtest,demand_forecast_run_20261005T130920538
2025-09-27,S04,P0507,CAT02,22,11,9.06,6.756,15.695,9.77,Low,,backtest,demand_forecast_run_20261005T130920538
2025-09-27,S04,P0563,CAT13,7,5,16.32,1.522,3.624,13.8,Low,,backtest,demand_forecast_run_20261005T130920538
2025-09-27,S04,P0579,CAT12,1,3,6.99,0.691,1.77,4.34,Medium,BELOW_REORDER,backtest,demand_forecast_run_20261005T130920538
2025-09-27,S04,P0589,CAT03,15,4,30,1.518,2.762,29.64,Low,,backtest,demand_forecast_run_20261005T130920538
2025-09-27,S05,P0003,CAT03,8,4,10.18,1.929,4.404,12.44,Low,,backtest,demand_forecast_run_20261005T130920538
2025-09-27,S05,P0022,CAT05,11,4,19.26,2.167,4.116,15.23,Low,,backtest,demand_forecast_run_20261005T130920538
2025-09-27,S05,P0032,CAT11,19,11,7.6,6.565,13.511,8.68,Low,,backtest,demand_forecast_run_20261005T130920538
2025-09-27,S05,P0053,CAT06,2,3,6.99,1,2.438,6,Medium,BELOW_REORDER,backtest,demand_forecast_run_20261005T130920538
2025-09-27,S05,P0073,CAT13,6,2,16.81,0.692,1.455,26.01,Low,,backtest,demand_forecast_run_20261005T130920538
2025-09-27,S05,P0170,CAT17,4,3,18.69,1.321,2.974,9.09,Low,,backtest,demand_forecast_run_20261005T130920538
2025-09-27,S05,P0206,CAT15,5,4,4.37,2.896,7.226,5.18,Low,,backtest,demand_forecast_run_20261005T130920538
2025-09-27,S05,P0213,CAT07,6,4,16.81,1.718,4.572,10.48,Low,,backtest,demand_forecast_run_20261005T130920538
2025-09-27,S05,P0252,CAT18,6,5,5.6,3.784,8.954,4.76,Low,,backtest,demand_forecast_run_20261005T130920538
2025-09-27,S05,P0272,CAT13,7,3,14,1.582,3.325,13.28,Low,,backtest,demand_forecast_run_20261005T130920538
2025-09-27,S05,P0288,CAT14,2,3,3.11,2.05,4.44,2.93,High,DEMAND_EXCEEDS_STOCK|BELOW_REORDER,backtest,demand_forecast_run_20261005T130920538
2025-09-27,S05,P0316,CAT15,7,3,16.32,0.934,2.331,22.48,Low,,backtest,demand_forecast_run_20261005T130920538
2025-09-27,S05,P0369,CAT09,18,6,13.26,3.359,8.353,16.07,Low,,backtest,demand_forecast_run_20261005T130920538
2025-09-27,S05,P0381,CAT13,7,3,9.8,1.779,3.74,11.8,Low,,backtest,demand_forecast_run_20261005T130920538
2025-09-27,S05,P0391,CAT06,13,5,10.11,2.399,5.852,16.25,Low,,backtest,demand_forecast_run_20261005T130920538
2025-09-27,S05,P0392,CAT19,6,2,28.04,0.521,1.176,34.57,Low,,backtest,demand_forecast_run_20261005T130920538
2025-09-27,S05,P0408,CAT16,4,3,8,0.932,2.725,12.88,Low,,backtest,demand_forecast_run_20261005T130920538
2025-09-27,S05,P0409,CAT12,4,3,11.2,1.704,4.76,7.04,Low,,backtest,demand_forecast_run_20261005T130920538
2025-09-27,S05,P0433,CAT20,6,2,20.98,0.385,1.158,46.74,Low,,backtest,demand_forecast_run_20261005T130920538
2025-09-27,S05,P0435,CAT14,7,6,4.67,3.728,8.073,5.63,Low,,backtest,demand_forecast_run_20261005T130920538
2025-09-27,S05,P0445,CAT02,9,3,31.47,0.543,1.257,49.71,Low,,backtest,demand_forecast_run_20261005T130920538
2025-09-27,S05,P0507,CAT02,8,9,2.73,6.065,14.038,3.96,Medium,BELOW_REORDER|LOW_DAYS_COVER,backtest,demand_forecast_run_20261005T130920538
2025-09-27,S05,P0563,CAT13,12,5,16.81,2.175,4.572,16.55,Low,,backtest,demand_forecast_run_20261005T130920538
2025-09-27,S05,P0579,CAT12,6,3,13.99,0.767,2.142,23.48,Low,,backtest,demand_forecast_run_20261005T130920538
2025-09-27,S05,P0589,CAT03,7,4,9.8,1.929,4.404,10.89,Low,,backtest,demand_forecast_run_20261005T130920538
2025-09-27,S06,P0003,CAT03,11,6,8.11,4.322,7.713,7.64,Low,,backtest,demand_forecast_run_20261005T130920538
2025-09-27,S06,P0022,CAT05,7,6,4.46,3.966,7.195,5.29,Low,,backtest,demand_forecast_run_20261005T130920538
2025-09-27,S06,P0032,CAT11,36,18,7.1,14.489,22.652,7.45,Low,,backtest,demand_forecast_run_20261005T130920538
2025-09-27,S06,P0053,CAT06,6,4,9.33,1.582,3.737,11.38,Low,,backtest,demand_forecast_run_20261005T130920538
2025-09-27,S06,P0073,CAT13,3,4,3,2.629,5.091,3.42,Medium,BELOW_REORDER,backtest,demand_forecast_run_20261005T130920538
2025-09-27,S06,P0170,CAT17,12,4,16.81,1.649,4.034,21.83,Low,,backtest,demand_forecast_run_20261005T130920538
2025-09-27,S06,P0206,CAT15,13,7,7,5.818,10.856,6.7,Low,,backtest,demand_forecast_run_20261005T130920538
2025-09-27,S06,P0213,CAT07,2,6,1.12,4.32,8.734,1.39,High,DEMAND_EXCEEDS_STOCK|BELOW_REORDER|LOW_DAYS_COVER,backtest,demand_forecast_run_20261005T130920538
2025-09-27,S06,P0252,CAT18,17,8,9.92,6.366,14.308,8.01,Low,,backtest,demand_forecast_run_20261005T130920538
2025-09-27,S06,P0272,CAT13,12,4,18.66,1.943,3.763,18.53,Low,,backtest,demand_forecast_run_20261005T130920538
2025-09-27,S06,P0288,CAT14,10,4,12.72,2.76,5.141,10.87,Low,,backtest,demand_forecast_run_20261005T130920538
2025-09-27,S06,P0316,CAT15,7,4,8.17,2.536,4.732,8.28,Low,,backtest,demand_forecast_run_20261005T130920538
2025-09-27,S06,P0369,CAT09,23,10,11.5,5.809,12.063,11.88,Low,,backtest,demand_forecast_run_20261005T130920538
2025-09-27,S06,P0381,CAT13,3,4,2.47,3.086,5.976,2.92,High,DEMAND_EXCEEDS_STOCK|BELOW_REORDER|LOW_DAYS_COVER,backtest,demand_forecast_run_20261005T130920538
2025-09-27,S06,P0391,CAT06,4,7,2.67,3.498,8.26,3.43,Medium,BELOW_REORDER|LOW_DAYS_COVER,backtest,demand_forecast_run_20261005T130920538
2025-09-27,S06,P0392,CAT19,9,3,20.98,1.967,3.927,13.73,Low,,backtest,demand_forecast_run_20261005T130920538
2025-09-27,S06,P0408,CAT16,12,5,27.97,3.407,7.704,10.57,Low,,backtest,demand_forecast_run_20261005T130920538
2025-09-27,S06,P0409,CAT12,6,5,6.46,2.668,6.072,6.75,Low,,backtest,demand_forecast_run_20261005T130920538
2025-09-27,S06,P0433,CAT20,6,3,20.98,1.16,2.425,15.51,Low,,backtest,demand_forecast_run_20261005T130920538
2025-09-27,S06,P0435,CAT14,20,9,20,6.624,12.339,9.06,Low,,backtest,demand_forecast_run_20261005T130920538
2025-09-27,S06,P0445,CAT02,0,4,0,1.802,3.463,0,High,ZERO_STOCK|DEMAND_EXCEEDS_STOCK|BELOW_REORDER|LOW_DAYS_COVER,backtest,demand_forecast_run_20261005T130920538
2025-09-27,S06,P0507,CAT02,43,17,10.75,11.452,22.003,11.26,Low,,backtest,demand_forecast_run_20261005T130920538
2025-09-27,S06,P0563,CAT13,9,6,6.63,3.315,6.419,8.15,Low,,backtest,demand_forecast_run_20261005T130920538
2025-09-27,S06,P0579,CAT12,7,4,6.12,2.41,5.485,8.72,Low,,backtest,demand_forecast_run_20261005T130920538
2025-09-27,S06,P0589,CAT03,16,6,11.2,3.553,6.342,13.51,Low,,backtest,demand_forecast_run_20261005T130920538
2025-09-27,S07,P0003,CAT03,4,5,4.31,3.206,6.13,3.74,Medium,BELOW_REORDER,backtest,demand_forecast_run_20261005T130920538
2025-09-27,S07,P0022,CAT05,8,4,6.59,2.882,5.771,8.33,Low,,backtest,demand_forecast_run_20261005T130920538
2025-09-27,S07,P0032,CAT11,20,12,6.09,8.469,16.856,7.08,Low,,backtest,demand_forecast_run_20261005T130920538
2025-09-27,S07,P0053,CAT06,3,3,2.8,1.338,3.232,6.73,Medium,BELOW_REORDER|LOW_DAYS_COVER,backtest,demand_forecast_run_20261005T130920538
2025-09-27,S07,P0073,CAT13,4,3,13.99,0.82,1.671,14.63,Low,,backtest,demand_forecast_run_20261005T130920538
2025-09-27,S07,P0170,CAT17,3,3,3,1.346,3.636,6.68,Medium,BELOW_REORDER,backtest,demand_forecast_run_20261005T130920538
2025-09-27,S07,P0206,CAT15,9,5,4.85,4.1,9.544,6.59,Low,,backtest,demand_forecast_run_20261005T130920538
2025-09-27,S07,P0213,CAT07,11,4,13.99,2.274,5.02,14.51,Low,,backtest,demand_forecast_run_20261005T130920538
2025-09-27,S07,P0252,CAT18,10,5,7,3.257,8.529,9.21,Low,,backtest,demand_forecast_run_20261005T130920538
2025-09-27,S07,P0272,CAT13,6,3,9.33,1.148,2.34,15.68,Low,,backtest,demand_forecast_run_20261005T130920538
2025-09-27,S07,P0288,CAT14,5,3,14.01,1.201,2.703,12.49,Low,,backtest,demand_forecast_run_20261005T130920538
2025-09-27,S07,P0316,CAT15,5,3,34.97,0.456,1.06,32.93,Low,,backtest,demand_forecast_run_20261005T130920538
2025-09-27,S07,P0369,CAT09,18,7,10.08,4.696,10.492,11.5,Low,,backtest,demand_forecast_run_20261005T130920538
2025-09-27,S07,P0381,CAT13,3,3,3.82,1.312,2.674,6.86,Medium,BELOW_REORDER,backtest,demand_forecast_run_20261005T130920538
2025-09-27,S07,P0391,CAT06,6,5,6.46,2.421,5.848,7.43,Low,,backtest,demand_forecast_run_20261005T130920538
2025-09-27,S07,P0392,CAT19,7,3,19.61,1.262,2.898,16.64,Low,,backtest,demand_forecast_run_20261005T130920538
2025-09-27,S07,P0408,CAT16,8,3,8,1.809,5.917,13.27,Low,,backtest,demand_forecast_run_20261005T130920538
2025-09-27,S07,P0409,CAT12,8,4,8.61,2.38,5.869,10.09,Low,,backtest,demand_forecast_run_20261005T130920538
2025-09-27,S07,P0433,CAT20,9,2,12.61,0.773,2.31,34.95,Low,,backtest,demand_forecast_run_20261005T130920538
2025-09-27,S07,P0435,CAT14,5,7,2.5,4.355,9.799,3.44,Medium,BELOW_REORDER|LOW_DAYS_COVER,backtest,demand_forecast_run_20261005T130920538
2025-09-27,S07,P0445,CAT02,16,3,44.82,0.94,1.986,51.04,Low,,backtest,demand_forecast_run_20261005T130920538
2025-09-27,S07,P0507,CAT02,18,11,5.73,6.583,13.9,8.2,Low,,backtest,demand_forecast_run_20261005T130920538
2025-09-27,S07,P0563,CAT13,6,5,4.42,3.526,7.187,5.1,Low,,backtest,demand_forecast_run_20261005T130920538
2025-09-27,S07,P0579,CAT12,9,3,31.47,1.19,2.935,22.69,Low,,backtest,demand_forecast_run_20261005T130920538
2025-09-27,S07,P0589,CAT03,13,4,18.21,2.096,4.008,18.61,Low,,backtest,demand_forecast_run_20261005T130920538
2025-09-27,S08,P0003,CAT03,14,7,6.32,4.675,8.216,8.98,Low,,backtest,demand_forecast_run_20261005T130920538
2025-09-27,S08,P0022,CAT05,13,6,8.67,2.787,4.811,13.99,Low,,backtest,demand_forecast_run_20261005T130920538
2025-09-27,S08,P0032,CAT11,14,18,2.61,13.126,21.585,3.2,Medium,BELOW_REORDER|LOW_DAYS_COVER,backtest,demand_forecast_run_20261005T130920538
2025-09-27,S08,P0053,CAT06,4,3,27.97,1.436,3.244,8.35,Low,,backtest,demand_forecast_run_20261005T130920538
2025-09-27,S08,P0073,CAT13,11,3,76.92,0.81,1.426,40.73,Low,,backtest,demand_forecast_run_20261005T130920538
2025-09-27,S08,P0170,CAT17,6,4,7.63,1.872,4.299,9.61,Low,,backtest,demand_forecast_run_20261005T130920538
2025-09-27,S08,P0206,CAT15,8,7,4,4.378,8.771,5.48,Low,,backtest,demand_forecast_run_20261005T130920538
2025-09-27,S08,P0213,CAT07,8,6,4.87,2.85,5.965,8.42,Low,,backtest,demand_forecast_run_20261005T130920538
2025-09-27,S08,P0252,CAT18,28,9,14.52,5.867,13.856,14.32,Low,,backtest,demand_forecast_run_20261005T130920538
2025-09-27,S08,P0272,CAT13,5,4,8.76,1.823,3.207,8.23,Low,,backtest,demand_forecast_run_20261005T130920538
2025-09-27,S08,P0288,CAT14,9,4,11.45,1.987,4.089,13.59,Low,,backtest,demand_forecast_run_20261005T130920538
2025-09-27,S08,P0316,CAT15,6,4,9.33,1.332,2.67,13.51,Low,,backtest,demand_forecast_run_20261005T130920538
2025-09-27,S08,P0369,CAT09,18,10,8.69,5.337,11.57,10.12,Low,,backtest,demand_forecast_run_20261005T130920538
2025-09-27,S08,P0381,CAT13,11,4,30.81,1.215,2.138,27.15,Low,,backtest,demand_forecast_run_20261005T130920538
2025-09-27,S08,P0391,CAT06,18,6,9.33,3.99,9.011,13.53,Low,,backtest,demand_forecast_run_20261005T130920538
2025-09-27,S08,P0392,CAT19,5,4,8.76,1.667,3.667,9,Low,,backtest,demand_forecast_run_20261005T130920538
2025-09-27,S08,P0408,CAT16,6,4,4,3.426,8.683,5.25,Low,,backtest,demand_forecast_run_20261005T130920538
2025-09-27,S08,P0409,CAT12,7,5,10.89,2.519,6.115,8.34,Low,,backtest,demand_forecast_run_20261005T130920538
2025-09-27,S08,P0433,CAT20,10,2,46.73,0.719,1.765,41.72,Low,,backtest,demand_forecast_run_20261005T130920538
2025-09-27,S08,P0435,CAT14,19,9,8.06,6.718,13.825,8.49,Low,,backtest,demand_forecast_run_20261005T130920538
2025-09-27,S08,P0445,CAT02,6,4,16.81,0.95,1.601,18.94,Low,,backtest,demand_forecast_run_20261005T130920538
2025-09-27,S08,P0507,CAT02,14,18,2.31,11.957,20.15,3.51,Medium,BELOW_REORDER|LOW_DAYS_COVER,backtest,demand_forecast_run_20261005T130920538
2025-09-27,S08,P0563,CAT13,22,8,17.11,5.773,10.157,11.43,Low,,backtest,demand_forecast_run_20261005T130920538
2025-09-27,S08,P0579,CAT12,9,3,9.69,1.338,3.249,20.17,Low,,backtest,demand_forecast_run_20261005T130920538
2025-09-27,S08,P0589,CAT03,14,5,17.81,2.296,4.036,18.29,Low,,backtest,demand_forecast_run_20261005T130920538
2025-09-27,S09,P0003,CAT03,15,5,11.66,4.053,7.59,11.1,Low,,backtest,demand_forecast_run_20261005T130920538
2025-09-27,S09,P0022,CAT05,4,6,3.29,3.052,5.489,3.93,Medium,BELOW_REORDER,backtest,demand_forecast_run_20261005T130920538
2025-09-27,S09,P0032,CAT11,40,17,10.37,11.778,20.099,10.19,Low,,backtest,demand_forecast_run_20261005T130920538
2025-09-27,S09,P0053,CAT06,3,3,6.99,0.853,1.965,10.56,Medium,BELOW_REORDER,backtest,demand_forecast_run_20261005T130920538
2025-09-27,S09,P0073,CAT13,2,3,28.17,0.571,1.148,10.51,Medium,BELOW_REORDER,backtest,demand_forecast_run_20261005T130920538
2025-09-27,S09,P0170,CAT17,7,4,12.26,2.147,5.365,9.78,Low,,backtest,demand_forecast_run_20261005T130920538
2025-09-27,S09,P0206,CAT15,20,6,16.47,3.592,6.107,16.7,Low,,backtest,demand_forecast_run_20261005T130920538
2025-09-27,S09,P0213,CAT07,15,5,11.66,4.088,9.13,11.01,Low,,backtest,demand_forecast_run_20261005T130920538
2025-09-27,S09,P0252,CAT18,17,7,8.81,7.03,14.491,7.25,Low,,backtest,demand_forecast_run_20261005T130920538
2025-09-27,S09,P0272,CAT13,6,3,16.81,1.284,2.583,14.02,Low,,backtest,demand_forecast_run_20261005T130920538
2025-09-27,S09,P0288,CAT14,6,4,4.67,3.026,5.671,5.95,Low,,backtest,demand_forecast_run_20261005T130920538
2025-09-27,S09,P0316,CAT15,10,4,17.51,1.642,2.792,18.27,Low,,backtest,demand_forecast_run_20261005T130920538
2025-09-27,S09,P0369,CAT09,9,8,4.67,4.868,11.286,5.55,Low,,backtest,demand_forecast_run_20261005T130920538
2025-09-27,S09,P0381,CAT13,6,3,20.98,1.142,2.296,15.77,Low,,backtest,demand_forecast_run_20261005T130920538
2025-09-27,S09,P0391,CAT06,9,7,9,3.666,8.447,7.36,Low,,backtest,demand_forecast_run_20261005T130920538
2025-09-27,S09,P0392,CAT19,11,3,17.11,1.355,2.97,24.35,Low,,backtest,demand_forecast_run_20261005T130920538
2025-09-27,S09,P0408,CAT16,9,4,10.5,3.418,7.853,7.9,Low,,backtest,demand_forecast_run_20261005T130920538
2025-09-27,S09,P0409,CAT12,7,5,10.89,2.212,5.225,9.49,Low,,backtest,demand_forecast_run_20261005T130920538
2025-09-27,S09,P0433,CAT20,8,2,37.38,0.547,1.375,43.91,Low,,backtest,demand_forecast_run_20261005T130920538
2025-09-27,S09,P0435,CAT14,4,9,2.55,6.485,12.152,1.85,High,DEMAND_EXCEEDS_STOCK|BELOW_REORDER|LOW_DAYS_COVER,backtest,demand_forecast_run_20261005T130920538
2025-09-27,S09,P0445,CAT02,13,4,13.99,1.955,3.628,19.95,Low,,backtest,demand_forecast_run_20261005T130920538
2025-09-27,S09,P0507,CAT02,51,16,12.31,10.859,20.156,14.09,Low,,backtest,demand_forecast_run_20261005T130920538
2025-09-27,S09,P0563,CAT13,9,6,7.87,5.279,10.619,5.11,Low,,backtest,demand_forecast_run_20261005T130920538
2025-09-27,S09,P0579,CAT12,10,3,20,1.539,3.635,19.5,Low,,backtest,demand_forecast_run_20261005T130920538
2025-09-27,S09,P0589,CAT03,12,5,11.2,3.603,6.747,9.99,Low,,backtest,demand_forecast_run_20261005T130920538
2025-09-27,S10,P0003,CAT03,15,5,9.13,4.504,8.56,9.99,Low,,backtest,demand_forecast_run_20261005T130920538
2025-09-27,S10,P0022,CAT05,5,5,2.33,3.29,5.922,4.56,Medium,BELOW_REORDER|LOW_DAYS_COVER,backtest,demand_forecast_run_20261005T130920538
2025-09-27,S10,P0032,CAT11,22,14,5.31,9.892,18.992,6.67,Low,,backtest,demand_forecast_run_20261005T130920538
2025-09-27,S10,P0053,CAT06,8,3,27.97,1.038,2.395,23.13,Low,,backtest,demand_forecast_run_20261005T130920538
2025-09-27,S10,P0073,CAT13,9,3,42.06,0.789,1.616,34.23,Low,,backtest,demand_forecast_run_20261005T130920538
2025-09-27,S10,P0170,CAT17,7,3,7,1.409,3.758,14.9,Low,,backtest,demand_forecast_run_20261005T130920538
2025-09-27,S10,P0206,CAT15,11,5,11,3.236,7.35,10.2,Low,,backtest,demand_forecast_run_20261005T130920538
2025-09-27,S10,P0213,CAT07,13,4,20.22,2.059,4.869,18.94,Low,,backtest,demand_forecast_run_20261005T130920538
2025-09-27,S10,P0252,CAT18,0,7,0,5.192,11.137,0,High,ZERO_STOCK|DEMAND_EXCEEDS_STOCK|BELOW_REORDER|LOW_DAYS_COVER,backtest,demand_forecast_run_20261005T130920538
2025-09-27,S10,P0272,CAT13,2,3,2.54,1.352,2.77,4.44,Medium,BELOW_REORDER|LOW_DAYS_COVER,backtest,demand_forecast_run_20261005T130920538
2025-09-27,S10,P0288,CAT14,10,4,8.75,1.78,3.864,16.86,Low,,backtest,demand_forecast_run_20261005T130920538
2025-09-27,S10,P0316,CAT15,11,4,22,1.12,2.544,29.46,Low,,backtest,demand_forecast_run_20261005T130920538
2025-09-27,S10,P0369,CAT09,20,7,14,4.943,10.715,12.14,Low,,backtest,demand_forecast_run_20261005T130920538
2025-09-27,S10,P0381,CAT13,6,3,9.33,2.029,4.155,8.87,Low,,backtest,demand_forecast_run_20261005T130920538
2025-09-27,S10,P0391,CAT06,3,5,2.33,3.217,7.425,2.8,High,DEMAND_EXCEEDS_STOCK|BELOW_REORDER|LOW_DAYS_COVER,backtest,demand_forecast_run_20261005T130920538
2025-09-27,S10,P0392,CAT19,4,3,18.69,0.752,1.805,15.96,Low,,backtest,demand_forecast_run_20261005T130920538
2025-09-27,S10,P0408,CAT16,7,4,8.91,2.471,6.683,8.5,Low,,backtest,demand_forecast_run_20261005T130920538
2025-09-27,S10,P0409,CAT12,5,5,5.38,2.892,6.644,5.19,Medium,BELOW_REORDER,backtest,demand_forecast_run_20261005T130920538
2025-09-27,S10,P0433,CAT20,6,2,16.81,0.84,2.308,21.43,Low,,backtest,demand_forecast_run_20261005T130920538
2025-09-27,S10,P0435,CAT14,23,7,9.76,4.773,10.361,14.46,Low,,backtest,demand_forecast_run_20261005T130920538
2025-09-27,S10,P0445,CAT02,2,3,2,2.088,4.087,2.87,High,DEMAND_EXCEEDS_STOCK|BELOW_REORDER|LOW_DAYS_COVER,backtest,demand_forecast_run_20261005T130920538
2025-09-27,S10,P0507,CAT02,27,13,6.2,8.769,17.164,9.24,Low,,backtest,demand_forecast_run_20261005T130920538
2025-09-27,S10,P0563,CAT13,16,6,11.79,3.381,6.925,14.2,Low,,backtest,demand_forecast_run_20261005T130920538
2025-09-27,S10,P0579,CAT12,7,3,19.61,0.868,1.993,24.2,Low,,backtest,demand_forecast_run_20261005T130920538
2025-09-27,S10,P0589,CAT03,9,4,11.45,1.958,3.722,13.79,Low,,backtest,demand_forecast_run_20261005T130920538
2025-09-27,S11,P0003,CAT03,17,6,18.3,3.964,6.007,12.87,Low,,backtest,demand_forecast_run_20261005T130920538
2025-09-27,S11,P0022,CAT05,9,6,4.2,4.598,8.524,5.87,Low,,backtest,demand_forecast_run_20261005T130920538
2025-09-27,S11,P0032,CAT11,44,20,9.33,13.175,21.134,10.02,Low,,backtest,demand_forecast_run_20261005T130920538
2025-09-27,S11,P0053,CAT06,6,4,12,1.57,3.223,11.47,Low,,backtest,demand_forecast_run_20261005T130920538
2025-09-27,S11,P0073,CAT13,6,3,13.99,1.376,2.298,13.08,Low,,backtest,demand_forecast_run_20261005T130920538
2025-09-27,S11,P0170,CAT17,0,4,0,1.771,3.961,0,High,ZERO_STOCK|DEMAND_EXCEEDS_STOCK|BELOW_REORDER|LOW_DAYS_COVER,backtest,demand_forecast_run_20261005T130920538
2025-09-27,S11,P0206,CAT15,17,7,14,3.687,5.891,13.83,Low,,backtest,demand_forecast_run_20261005T130920538
2025-09-27,S11,P0213,CAT07,5,6,3.89,3.585,7.052,4.18,Medium,BELOW_REORDER,backtest,demand_forecast_run_20261005T130920538
2025-09-27,S11,P0252,CAT18,6,9,3,6.667,14.062,2.7,High,DEMAND_EXCEEDS_STOCK|BELOW_REORDER,backtest,demand_forecast_run_20261005T130920538
2025-09-27,S11,P0272,CAT13,8,4,18.65,1.501,2.507,15.99,Low,,backtest,demand_forecast_run_20261005T130920538
2025-09-27,S11,P0288,CAT14,14,5,8.91,3.867,7.016,10.86,Low,,backtest,demand_forecast_run_20261005T130920538
2025-09-27,S11,P0316,CAT15,0,4,0,2.905,4.641,0,High,ZERO_STOCK|DEMAND_EXCEEDS_STOCK|BELOW_REORDER|LOW_DAYS_COVER,backtest,demand_forecast_run_20261005T130920538
2025-09-27,S11,P0369,CAT09,10,9,7.78,6.063,12.422,4.95,Low,,backtest,demand_forecast_run_20261005T130920538
2025-09-27,S11,P0381,CAT13,10,4,28.01,2.753,4.597,10.9,Low,,backtest,demand_forecast_run_20261005T130920538
2025-09-27,S11,P0391,CAT06,7,7,6.54,3.139,6.447,6.69,Medium,BELOW_REORDER,backtest,demand_forecast_run_20261005T130920538
2025-09-27,S11,P0392,CAT19,8,3,22.41,1.266,3.045,18.96,Low,,backtest,demand_forecast_run_20261005T130920538
2025-09-27,S11,P0408,CAT16,15,5,14.01,3.25,7.446,13.84,Low,,backtest,demand_forecast_run_20261005T130920538
2025-09-27,S11,P0409,CAT12,4,5,4.31,3.053,6.061,3.93,Medium,BELOW_REORDER,backtest,demand_forecast_run_20261005T130920538
2025-09-27,S11,P0433,CAT20,5,3,7,1.36,3.105,11.03,Low,,backtest,demand_forecast_run_20261005T130920538
2025-09-27,S11,P0435,CAT14,20,9,7.57,7.154,12.98,8.39,Low,,backtest,demand_forecast_run_20261005T130920538
2025-09-27,S11,P0445,CAT02,11,5,15.41,1.806,2.84,18.27,Low,,backtest,demand_forecast_run_20261005T130920538
2025-09-27,S11,P0507,CAT02,34,18,6.26,14.659,23.051,6.96,Low,,backtest,demand_forecast_run_20261005T130920538
2025-09-27,S11,P0563,CAT13,9,7,5.73,5.63,9.403,4.8,Low,,backtest,demand_forecast_run_20261005T130920538
2025-09-27,S11,P0579,CAT12,13,3,45.45,1.454,2.886,26.82,Low,,backtest,demand_forecast_run_20261005T130920538
2025-09-27,S11,P0589,CAT03,7,5,9.8,4.258,6.452,4.93,Low,,backtest,demand_forecast_run_20261005T130920538
2025-09-27,S12,P0003,CAT03,13,6,11.37,3.103,5.852,12.57,Low,,backtest,demand_forecast_run_20261005T130920538
2025-09-27,S12,P0022,CAT05,10,5,5.6,3.675,6.154,8.16,Low,,backtest,demand_forecast_run_20261005T130920538
2025-09-27,S12,P0032,CAT11,54,15,8.31,13.562,19.467,11.94,Low,,backtest,demand_forecast_run_20261005T130920538
2025-09-27,S12,P0053,CAT06,4,3,13.99,1.344,2.908,8.93,Low,,backtest,demand_forecast_run_20261005T130920538
2025-09-27,S12,P0073,CAT13,8,3,55.94,0.701,1.347,34.22,Low,,backtest,demand_forecast_run_20261005T130920538
2025-09-27,S12,P0170,CAT17,6,3,12,1.37,3.429,13.14,Low,,backtest,demand_forecast_run_20261005T130920538
2025-09-27,S12,P0206,CAT15,1,6,0.5,3.023,7.478,0.99,High,DEMAND_EXCEEDS_STOCK|BELOW_REORDER|LOW_DAYS_COVER,backtest,demand_forecast_run_20261005T130920538
2025-09-27,S12,P0213,CAT07,14,5,12.25,2.841,6.227,14.78,Low,,backtest,demand_forecast_run_20261005T130920538
2025-09-27,S12,P0252,CAT18,11,7,11.84,3.882,9.352,8.5,Low,,backtest,demand_forecast_run_20261005T130920538
2025-09-27,S12,P0272,CAT13,13,3,45.45,1.987,3.815,19.62,Low,,backtest,demand_forecast_run_20261005T130920538
2025-09-27,S12,P0288,CAT14,20,4,40,2.338,5.001,25.66,Low,,backtest,demand_forecast_run_20261005T130920538
2025-09-27,S12,P0316,CAT15,2,3,2,1.632,4.038,3.68,Medium,BELOW_REORDER|LOW_DAYS_COVER,backtest,demand_forecast_run_20261005T130920538
2025-09-27,S12,P0369,CAT09,12,8,11.2,7.61,14.555,4.73,Low,,backtest,demand_forecast_run_20261005T130920538
2025-09-27,S12,P0381,CAT13,4,3,4.67,2.221,4.264,5.4,Low,,backtest,demand_forecast_run_20261005T130920538
2025-09-27,S12,P0391,CAT06,14,5,19.61,3.167,6.854,13.26,Low,,backtest,demand_forecast_run_20261005T130920538
2025-09-27,S12,P0392,CAT19,7,3,14,1.35,2.922,15.56,Low,,backtest,demand_forecast_run_20261005T130920538
2025-09-27,S12,P0408,CAT16,9,4,12.61,1.785,4.989,15.13,Low,,backtest,demand_forecast_run_20261005T130920538
2025-09-27,S12,P0409,CAT12,4,4,5.09,2.461,5.82,4.88,Medium,BELOW_REORDER,backtest,demand_forecast_run_20261005T130920538
2025-09-27,S12,P0433,CAT20,3,2,42.25,0.5,1.352,17.99,Low,,backtest,demand_forecast_run_20261005T130920538
2025-09-27,S12,P0435,CAT14,5,6,3.04,4.77,10.202,3.14,Medium,BELOW_REORDER,backtest,demand_forecast_run_20261005T130920538
2025-09-27,S12,P0445,CAT02,3,3,6,1.06,2.034,8.49,Medium,BELOW_REORDER,backtest,demand_forecast_run_20261005T130920538
2025-09-27,S12,P0507,CAT02,31,14,9.86,9.054,17.364,10.27,Low,,backtest,demand_forecast_run_20261005T130920538
2025-09-27,S12,P0563,CAT13,5,6,5.83,3.858,7.406,3.89,Medium,BELOW_REORDER,backtest,demand_forecast_run_20261005T130920538
2025-09-27,S12,P0579,CAT12,1,3,2.33,1.032,2.441,2.91,High,DEMAND_EXCEEDS_STOCK|BELOW_REORDER|LOW_DAYS_COVER,backtest,demand_forecast_run_20261005T130920538
2025-09-27,S12,P0589,CAT03,5,4,6.36,2.128,4.012,7.05,Low,,backtest,demand_forecast_run_20261005T130920538
2025-09-30,S01,P0003,CAT03,10,6,7.78,3.92,7.369,7.65,Low,,current,demand_forecast_run_20261005T130920538
2025-09-30,S01,P0022,CAT05,15,5,13.12,2.812,4.183,16,Low,,current,demand_forecast_run_20261005T130920538
2025-09-30,S01,P0032,CAT11,42,14,12.51,10.702,18.403,11.77,Low,,current,demand_forecast_run_20261005T130920538
2025-09-30,S01,P0053,CAT06,6,3,8.4,1.326,3.281,13.57,Low,,current,demand_forecast_run_20261005T130920538
2025-09-30,S01,P0073,CAT13,3,3,14.02,0.62,1.408,14.51,Medium,BELOW_REORDER,current,demand_forecast_run_20261005T130920538
2025-09-30,S01,P0170,CAT17,11,4,51.4,0.918,2.5,35.95,Low,,current,demand_forecast_run_20261005T130920538
2025-09-30,S01,P0206,CAT15,11,6,7.7,2.892,6.828,11.41,Low,,current,demand_forecast_run_20261005T130920538
2025-09-30,S01,P0213,CAT07,2,5,1.87,3.516,7.418,1.71,High,DEMAND_EXCEEDS_STOCK|BELOW_REORDER|LOW_DAYS_COVER,current,demand_forecast_run_20261005T130920538
2025-09-30,S01,P0252,CAT18,8,7,4.48,4.234,11.034,5.67,Low,,current,demand_forecast_run_20261005T130920538
2025-09-30,S01,P0272,CAT13,7,3,24.48,0.965,2.191,21.76,Low,,current,demand_forecast_run_20261005T130920538
2025-09-30,S01,P0288,CAT14,7,4,9.8,0.994,2.502,21.13,Low,,current,demand_forecast_run_20261005T130920538
2025-09-30,S01,P0316,CAT15,8,3,16,0.789,1.862,30.43,Low,,current,demand_forecast_run_20261005T130920538
2025-09-30,S01,P0369,CAT09,5,8,2.92,4.687,10.089,3.2,Medium,BELOW_REORDER|LOW_DAYS_COVER,current,demand_forecast_run_20261005T130920538
2025-09-30,S01,P0381,CAT13,1,3,0.93,1.792,4.068,1.67,High,DEMAND_EXCEEDS_STOCK|BELOW_REORDER|LOW_DAYS_COVER,current,demand_forecast_run_20261005T130920538
2025-09-30,S01,P0391,CAT06,13,5,7.91,4.284,10.6,9.1,Low,,current,demand_forecast_run_20261005T130920538
2025-09-30,S01,P0392,CAT19,3,3,3,1.24,3.217,7.26,Medium,BELOW_REORDER,current,demand_forecast_run_20261005T130920538
2025-09-30,S01,P0408,CAT16,10,4,10.76,1.636,4.694,18.34,Low,,current,demand_forecast_run_20261005T130920538
2025-09-30,S01,P0409,CAT12,12,4,15.27,2.033,4.88,17.71,Low,,current,demand_forecast_run_20261005T130920538
2025-09-30,S01,P0433,CAT20,4,3,7.01,1.001,2.826,11.99,Low,,current,demand_forecast_run_20261005T130920538
2025-09-30,S01,P0435,CAT14,23,7,10.39,3.391,8.538,20.35,Low,,current,demand_forecast_run_20261005T130920538
2025-09-30,S01,P0445,CAT02,7,4,24.48,1.314,2.433,15.98,Low,,current,demand_forecast_run_20261005T130920538
2025-09-30,S01,P0507,CAT02,32,14,8.3,10.516,19.463,9.13,Low,,current,demand_forecast_run_20261005T130920538
2025-09-30,S01,P0563,CAT13,11,6,6.7,3.239,7.355,10.19,Low,,current,demand_forecast_run_20261005T130920538
2025-09-30,S01,P0579,CAT12,9,3,11.45,1.815,4.357,14.88,Low,,current,demand_forecast_run_20261005T130920538
2025-09-30,S01,P0589,CAT03,8,4,5.9,3.344,6.286,7.18,Low,,current,demand_forecast_run_20261005T130920538
2025-09-30,S02,P0003,CAT03,16,6,9.74,3.9,6.633,12.31,Low,,current,demand_forecast_run_20261005T130920538
2025-09-30,S02,P0022,CAT05,16,6,14,3.628,5.17,13.23,Low,,current,demand_forecast_run_20261005T130920538
2025-09-30,S02,P0032,CAT11,56,17,11.2,11.789,18.989,14.25,Low,,current,demand_forecast_run_20261005T130920538
2025-09-30,S02,P0053,CAT06,9,3,42.06,0.646,1.584,41.78,Low,,current,demand_forecast_run_20261005T130920538
2025-09-30,S02,P0073,CAT13,10,3,23.31,0.922,1.973,32.54,Low,,current,demand_forecast_run_20261005T130920538
2025-09-30,S02,P0170,CAT17,10,3,17.51,1.122,2.702,26.73,Low,,current,demand_forecast_run_20261005T130920538
2025-09-30,S02,P0206,CAT15,15,6,30,2.853,5.8,15.77,Low,,current,demand_forecast_run_20261005T130920538
2025-09-30,S02,P0213,CAT07,3,5,1.68,3.396,7.688,2.65,High,DEMAND_EXCEEDS_STOCK|BELOW_REORDER|LOW_DAYS_COVER,current,demand_forecast_run_20261005T130920538
2025-09-30,S02,P0252,CAT18,14,7,6.76,4.565,11.98,9.2,Low,,current,demand_forecast_run_20261005T130920538
2025-09-30,S02,P0272,CAT13,8,3,27.97,1.383,2.959,17.35,Low,,current,demand_forecast_run_20261005T130920538
2025-09-30,S02,P0288,CAT14,11,4,13.99,1.694,4.06,19.48,Low,,current,demand_forecast_run_20261005T130920538
2025-09-30,S02,P0316,CAT15,0,3,0,1.337,2.719,0,High,ZERO_STOCK|DEMAND_EXCEEDS_STOCK|BELOW_REORDER|LOW_DAYS_COVER,current,demand_forecast_run_20261005T130920538
2025-09-30,S02,P0369,CAT09,13,8,7.91,4.876,11.153,8,Low,,current,demand_forecast_run_20261005T130920538
2025-09-30,S02,P0381,CAT13,7,3,16.32,0.999,2.137,21.03,Low,,current,demand_forecast_run_20261005T130920538
2025-09-30,S02,P0391,CAT06,20,7,8.49,4.443,10.893,13.5,Low,,current,demand_forecast_run_20261005T130920538
2025-09-30,S02,P0392,CAT19,8,3,9.33,1.458,3.783,16.46,Low,,current,demand_forecast_run_20261005T130920538
2025-09-30,S02,P0408,CAT16,7,4,8.91,1.885,4.77,11.14,Low,,current,demand_forecast_run_20261005T130920538
2025-09-30,S02,P0409,CAT12,10,5,7.78,3.022,6.792,9.93,Low,,current,demand_forecast_run_20261005T130920538
2025-09-30,S02,P0433,CAT20,8,3,37.38,0.77,2.057,31.18,Low,,current,demand_forecast_run_20261005T130920538
2025-09-30,S02,P0435,CAT14,22,8,14,4.234,10.151,15.59,Low,,current,demand_forecast_run_20261005T130920538
2025-09-30,S02,P0445,CAT02,8,4,37.38,1.464,2.928,16.39,Low,,current,demand_forecast_run_20261005T130920538
2025-09-30,S02,P0507,CAT02,15,15,3.28,10.618,21.231,4.24,Medium,BELOW_REORDER,current,demand_forecast_run_20261005T130920538
2025-09-30,S02,P0563,CAT13,10,6,6.09,2.92,6.246,10.28,Low,,current,demand_forecast_run_20261005T130920538
2025-09-30,S02,P0579,CAT12,4,3,8,1.431,3.217,8.38,Low,,current,demand_forecast_run_20261005T130920538
2025-09-30,S02,P0589,CAT03,7,4,6.12,2.879,4.896,7.3,Low,,current,demand_forecast_run_20261005T130920538
2025-09-30,S03,P0003,CAT03,10,6,8.75,4.162,7.425,7.21,Low,,current,demand_forecast_run_20261005T130920538
2025-09-30,S03,P0022,CAT05,6,5,3.36,3.558,5.48,5.06,Low,,current,demand_forecast_run_20261005T130920538
2025-09-30,S03,P0032,CAT11,22,15,7.9,12.626,20.293,5.23,Low,,current,demand_forecast_run_20261005T130920538
2025-09-30,S03,P0053,CAT06,11,4,11.84,1.765,4.13,18.7,Low,,current,demand_forecast_run_20261005T130920538
2025-09-30,S03,P0073,CAT13,5,3,7.78,1.301,2.748,11.53,Low,,current,demand_forecast_run_20261005T130920538
2025-09-30,S03,P0170,CAT17,9,4,31.47,2.811,6.069,9.6,Low,,current,demand_forecast_run_20261005T130920538
2025-09-30,S03,P0206,CAT15,12,6,9.33,2.559,6.274,14.07,Low,,current,demand_forecast_run_20261005T130920538
2025-09-30,S03,P0213,CAT07,5,4,7,1.936,4.574,7.75,Low,,current,demand_forecast_run_20261005T130920538
2025-09-30,S03,P0252,CAT18,24,8,16,3.785,10.381,19.02,Low,,current,demand_forecast_run_20261005T130920538
2025-09-30,S03,P0272,CAT13,8,3,10.18,1.401,2.96,17.13,Low,,current,demand_forecast_run_20261005T130920538
2025-09-30,S03,P0288,CAT14,12,3,24,1.036,2.72,34.73,Low,,current,demand_forecast_run_20261005T130920538
2025-09-30,S03,P0316,CAT15,11,4,17.11,1.163,2.852,28.37,Low,,current,demand_forecast_run_20261005T130920538
2025-09-30,S03,P0369,CAT09,15,8,9.55,4.459,9.826,10.09,Low,,current,demand_forecast_run_20261005T130920538
2025-09-30,S03,P0381,CAT13,8,3,37.38,0.9,1.903,26.65,Low,,current,demand_forecast_run_20261005T130920538
2025-09-30,S03,P0391,CAT06,11,6,13.99,2.972,6.955,11.1,Low,,current,demand_forecast_run_20261005T130920538
2025-09-30,S03,P0392,CAT19,5,3,14.01,0.925,2.173,16.22,Low,,current,demand_forecast_run_20261005T130920538
2025-09-30,S03,P0408,CAT16,10,4,9.34,1.509,4.209,19.89,Low,,current,demand_forecast_run_20261005T130920538
2025-09-30,S03,P0409,CAT12,13,4,13.99,2.379,5.534,16.39,Low,,current,demand_forecast_run_20261005T130920538
2025-09-30,S03,P0433,CAT20,3,2,14.02,0.355,0.977,25.32,Low,,current,demand_forecast_run_20261005T130920538
2025-09-30,S03,P0435,CAT14,17,7,11.33,3.486,9.147,14.63,Low,,current,demand_forecast_run_20261005T130920538
2025-09-30,S03,P0445,CAT02,10,3,28.01,0.761,1.502,39.42,Low,,current,demand_forecast_run_20261005T130920538
2025-09-30,S03,P0507,CAT02,28,14,7.69,10.751,21.221,7.81,Low,,current,demand_forecast_run_20261005T130920538
2025-09-30,S03,P0563,CAT13,8,6,5.33,2.901,6.131,8.27,Low,,current,demand_forecast_run_20261005T130920538
2025-09-30,S03,P0579,CAT12,9,3,25.21,1.237,2.877,21.83,Low,,current,demand_forecast_run_20261005T130920538
2025-09-30,S03,P0589,CAT03,7,5,6.12,3.795,6.77,5.53,Low,,current,demand_forecast_run_20261005T130920538
2025-09-30,S04,P0003,CAT03,5,5,3.18,3.764,7.887,3.99,Medium,BELOW_REORDER,current,demand_forecast_run_20261005T130920538
2025-09-30,S04,P0022,CAT05,7,5,9.8,2.438,4.359,8.62,Low,,current,demand_forecast_run_20261005T130920538
2025-09-30,S04,P0032,CAT11,16,12,5.46,8.681,16.789,5.53,Low,,current,demand_forecast_run_20261005T130920538
2025-09-30,S04,P0053,CAT06,6,3,28.04,0.655,1.681,27.49,Low,,current,demand_forecast_run_20261005T130920538
2025-09-30,S04,P0073,CAT13,7,2,12.26,1.151,2.527,18.25,Low,,current,demand_forecast_run_20261005T130920538
2025-09-30,S04,P0170,CAT17,8,3,16,1.852,5.281,12.96,Low,,current,demand_forecast_run_20261005T130920538
2025-09-30,S04,P0206,CAT15,12,5,12,2.407,5.836,14.96,Low,,current,demand_forecast_run_20261005T130920538
2025-09-30,S04,P0213,CAT07,10,4,8.75,2.411,5.654,12.44,Low,,current,demand_forecast_run_20261005T130920538
2025-09-30,S04,P0252,CAT18,15,6,14.01,3.547,9.341,12.69,Low,,current,demand_forecast_run_20261005T130920538
2025-09-30,S04,P0272,CAT13,9,3,18,1.342,2.948,20.11,Low,,current,demand_forecast_run_20261005T130920538
2025-09-30,S04,P0288,CAT14,12,4,16.81,1.095,2.294,32.88,Low,,current,demand_forecast_run_20261005T130920538
2025-09-30,S04,P0316,CAT15,4,3,18.69,0.526,1.276,22.8,Low,,current,demand_forecast_run_20261005T130920538
2025-09-30,S04,P0369,CAT09,15,6,17.5,3.75,8.414,12,Low,,current,demand_forecast_run_20261005T130920538
2025-09-30,S04,P0381,CAT13,7,3,24.48,1.151,2.527,18.25,Low,,current,demand_forecast_run_20261005T130920538
2025-09-30,S04,P0391,CAT06,13,5,13,2.291,5.885,17.02,Low,,current,demand_forecast_run_20261005T130920538
2025-09-30,S04,P0392,CAT19,2,3,2.54,1.526,4.007,3.93,Medium,BELOW_REORDER|LOW_DAYS_COVER,current,demand_forecast_run_20261005T130920538
2025-09-30,S04,P0408,CAT16,5,3,8.76,1.001,2.919,14.98,Low,,current,demand_forecast_run_20261005T130920538
2025-09-30,S04,P0409,CAT12,10,4,7.78,2.329,5.919,12.88,Low,,current,demand_forecast_run_20261005T130920538
2025-09-30,S04,P0433,CAT20,6,2,10.51,0.602,1.838,29.9,Low,,current,demand_forecast_run_20261005T130920538
2025-09-30,S04,P0435,CAT14,20,6,8.23,3.285,6.882,18.26,Low,,current,demand_forecast_run_20261005T130920538
2025-09-30,S04,P0445,CAT02,6,3,5.25,1.768,3.98,10.18,Low,,current,demand_forecast_run_20261005T130920538
2025-09-30,S04,P0507,CAT02,37,11,13.28,5.942,13.372,18.68,Low,,current,demand_forecast_run_20261005T130920538
2025-09-30,S04,P0563,CAT13,2,5,3.11,1.822,4.001,3.29,Medium,BELOW_REORDER,current,demand_forecast_run_20261005T130920538
2025-09-30,S04,P0579,CAT12,8,3,27.97,0.847,2.152,28.34,Low,,current,demand_forecast_run_20261005T130920538
2025-09-30,S04,P0589,CAT03,9,4,10.5,1.737,3.64,15.54,Low,,current,demand_forecast_run_20261005T130920538
2025-09-30,S05,P0003,CAT03,8,4,14.01,1.81,5.242,13.26,Low,,current,demand_forecast_run_20261005T130920538
2025-09-30,S05,P0022,CAT05,9,4,12.61,1.741,4.248,15.5,Low,,current,demand_forecast_run_20261005T130920538
2025-09-30,S05,P0032,CAT11,34,11,12.86,5.898,15.634,17.29,Low,,current,demand_forecast_run_20261005T130920538
2025-09-30,S05,P0053,CAT06,8,3,27.97,0.714,2.279,33.6,Low,,current,demand_forecast_run_20261005T130920538
2025-09-30,S05,P0073,CAT13,8,2,18.65,0.498,1.454,48.2,Low,,current,demand_forecast_run_20261005T130920538
2025-09-30,S05,P0170,CAT17,4,3,18.69,0.851,2.454,14.1,Low,,current,demand_forecast_run_20261005T130920538
2025-09-30,S05,P0206,CAT15,12,4,12.92,2.287,7.304,15.74,Low,,current,demand_forecast_run_20261005T130920538
2025-09-30,S05,P0213,CAT07,5,4,17.48,1.303,3.643,11.51,Low,,current,demand_forecast_run_20261005T130920538
2025-09-30,S05,P0252,CAT18,16,5,14.94,2.683,8.11,17.89,Low,,current,demand_forecast_run_20261005T130920538
2025-09-30,S05,P0272,CAT13,2,3,3.5,1.12,3.272,5.36,Medium,BELOW_REORDER,current,demand_forecast_run_20261005T130920538
2025-09-30,S05,P0288,CAT14,9,3,18,1.515,3.838,17.82,Low,,current,demand_forecast_run_20261005T130920538
2025-09-30,S05,P0316,CAT15,7,3,19.61,0.693,2.213,30.3,Low,,current,demand_forecast_run_20261005T130920538
2025-09-30,S05,P0369,CAT09,14,6,10.89,3.021,9.006,13.9,Low,,current,demand_forecast_run_20261005T130920538
2025-09-30,S05,P0381,CAT13,7,3,9.8,0.996,2.908,21.09,Low,,current,demand_forecast_run_20261005T130920538
2025-09-30,S05,P0391,CAT06,8,5,5.33,1.837,5.859,13.07,Low,,current,demand_forecast_run_20261005T130920538
2025-09-30,S05,P0392,CAT19,6,2,28.04,0.397,1.207,45.35,Low,,current,demand_forecast_run_20261005T130920538
2025-09-30,S05,P0408,CAT16,3,3,8.4,1.112,3.308,8.09,Medium,BELOW_REORDER,current,demand_forecast_run_20261005T130920538
2025-09-30,S05,P0409,CAT12,10,3,23.31,1.288,4.05,23.29,Low,,current,demand_forecast_run_20261005T130920538
2025-09-30,S05,P0433,CAT20,4,2,9.32,0.683,2.335,17.56,Low,,current,demand_forecast_run_20261005T130920538
2025-09-30,S05,P0435,CAT14,20,6,11.2,3.1,7.852,19.36,Low,,current,demand_forecast_run_20261005T130920538
2025-09-30,S05,P0445,CAT02,6,3,41.96,0.402,1.419,44.8,Low,,current,demand_forecast_run_20261005T130920538
2025-09-30,S05,P0507,CAT02,27,9,10.5,4.42,15.614,18.33,Low,,current,demand_forecast_run_20261005T130920538
2025-09-30,S05,P0563,CAT13,4,5,5.09,1.618,4.726,7.42,Medium,BELOW_REORDER,current,demand_forecast_run_20261005T130920538
2025-09-30,S05,P0579,CAT12,8,3,16,0.858,2.7,27.96,Low,,current,demand_forecast_run_20261005T130920538
2025-09-30,S05,P0589,CAT03,5,4,7.78,1.954,5.661,7.67,Low,,current,demand_forecast_run_20261005T130920538
2025-09-30,S06,P0003,CAT03,4,6,2.33,4.859,7.545,2.47,High,DEMAND_EXCEEDS_STOCK|BELOW_REORDER|LOW_DAYS_COVER,current,demand_forecast_run_20261005T130920538
2025-09-30,S06,P0022,CAT05,14,6,9.8,4.083,6.31,10.29,Low,,current,demand_forecast_run_20261005T130920538
2025-09-30,S06,P0032,CAT11,19,18,4.03,13.427,23.124,4.25,Low,,current,demand_forecast_run_20261005T130920538
2025-09-30,S06,P0053,CAT06,4,4,5.6,1.782,3.51,6.73,Medium,BELOW_REORDER,current,demand_forecast_run_20261005T130920538
2025-09-30,S06,P0073,CAT13,15,4,15,2.27,4.399,19.82,Low,,current,demand_forecast_run_20261005T130920538
2025-09-30,S06,P0170,CAT17,4,4,6.22,2.089,4.18,5.74,Medium,BELOW_REORDER,current,demand_forecast_run_20261005T130920538
2025-09-30,S06,P0206,CAT15,6,7,3.23,4.36,9.378,4.13,Medium,BELOW_REORDER,current,demand_forecast_run_20261005T130920538
2025-09-30,S06,P0213,CAT07,14,6,7.26,5.173,9.812,8.12,Low,,current,demand_forecast_run_20261005T130920538
2025-09-30,S06,P0252,CAT18,9,8,5.04,6.296,13.584,4.29,Low,,current,demand_forecast_run_20261005T130920538
2025-09-30,S06,P0272,CAT13,11,4,15.41,1.453,2.815,22.71,Low,,current,demand_forecast_run_20261005T130920538
2025-09-30,S06,P0288,CAT14,10,4,12.72,1.862,4.04,16.11,Low,,current,demand_forecast_run_20261005T130920538
2025-09-30,S06,P0316,CAT15,3,4,3.82,1.764,3.796,5.1,Medium,BELOW_REORDER,current,demand_forecast_run_20261005T130920538
2025-09-30,S06,P0369,CAT09,16,10,7.23,6.544,12.614,7.34,Low,,current,demand_forecast_run_20261005T130920538
2025-09-30,S06,P0381,CAT13,12,4,12.92,2.452,4.751,14.68,Low,,current,demand_forecast_run_20261005T130920538
2025-09-30,S06,P0391,CAT06,16,7,7.23,4.95,9.75,9.7,Low,,current,demand_forecast_run_20261005T130920538
2025-09-30,S06,P0392,CAT19,6,3,12,2.278,4.73,7.9,Low,,current,demand_forecast_run_20261005T130920538
2025-09-30,S06,P0408,CAT16,6,5,16.81,2.638,5.89,6.82,Low,,current,demand_forecast_run_20261005T130920538
2025-09-30,S06,P0409,CAT12,15,5,19.08,3.374,6.912,13.34,Low,,current,demand_forecast_run_20261005T130920538
2025-09-30,S06,P0433,CAT20,7,3,32.71,1.126,2.669,18.66,Low,,current,demand_forecast_run_20261005T130920538
2025-09-30,S06,P0435,CAT14,10,9,8.24,4.468,9.697,6.71,Low,,current,demand_forecast_run_20261005T130920538
2025-09-30,S06,P0445,CAT02,6,4,13.99,1.784,3.348,10.09,Low,,current,demand_forecast_run_20261005T130920538
2025-09-30,S06,P0507,CAT02,25,17,5.74,11.231,21.07,6.68,Low,,current,demand_forecast_run_20261005T130920538
2025-09-30,S06,P0563,CAT13,17,6,10.82,2.997,5.806,17.02,Low,,current,demand_forecast_run_20261005T130920538
2025-09-30,S06,P0579,CAT12,7,4,8.17,2.214,4.536,9.49,Low,,current,demand_forecast_run_20261005T130920538
2025-09-30,S06,P0589,CAT03,9,6,5.48,4.239,6.582,6.37,Low,,current,demand_forecast_run_20261005T130920538
2025-09-30,S07,P0003,CAT03,9,5,7,3.637,7.743,7.42,Low,,current,demand_forecast_run_20261005T130920538
2025-09-30,S07,P0022,CAT05,5,4,4.67,2.98,5.205,5.03,Low,,current,demand_forecast_run_20261005T130920538
2025-09-30,S07,P0032,CAT11,35,12,9.07,10.211,18.8,10.28,Low,,current,demand_forecast_run_20261005T130920538
2025-09-30,S07,P0053,CAT06,7,3,7,1.446,3.268,14.52,Low,,current,demand_forecast_run_20261005T130920538
2025-09-30,S07,P0073,CAT13,4,3,18.69,0.768,1.651,15.64,Low,,current,demand_forecast_run_20261005T130920538
2025-09-30,S07,P0170,CAT17,9,3,8.4,1.477,4.375,18.28,Low,,current,demand_forecast_run_20261005T130920538
2025-09-30,S07,P0206,CAT15,16,5,9.74,3.014,7.707,15.93,Low,,current,demand_forecast_run_20261005T130920538
2025-09-30,S07,P0213,CAT07,6,4,5.6,2.281,5.434,7.89,Low,,current,demand_forecast_run_20261005T130920538
2025-09-30,S07,P0252,CAT18,12,5,6.46,2.85,7.667,12.63,Low,,current,demand_forecast_run_20261005T130920538
2025-09-30,S07,P0272,CAT13,10,3,17.51,1.151,2.477,26.06,Low,,current,demand_forecast_run_20261005T130920538
2025-09-30,S07,P0288,CAT14,5,3,14.01,0.852,2.145,17.6,Low,,current,demand_forecast_run_20261005T130920538
2025-09-30,S07,P0316,CAT15,2,3,5.6,0.634,1.623,9.46,Medium,BELOW_REORDER,current,demand_forecast_run_20261005T130920538
2025-09-30,S07,P0369,CAT09,12,7,7,4.892,12.386,7.36,Low,,current,demand_forecast_run_20261005T130920538
2025-09-30,S07,P0381,CAT13,8,3,11.2,1.075,2.312,22.33,Low,,current,demand_forecast_run_20261005T130920538
2025-09-30,S07,P0391,CAT06,14,5,11.53,2.629,5.942,15.97,Low,,current,demand_forecast_run_20261005T130920538
2025-09-30,S07,P0392,CAT19,7,3,48.95,0.885,2.152,23.73,Low,,current,demand_forecast_run_20261005T130920538
2025-09-30,S07,P0408,CAT16,5,3,5,1.813,4.796,8.27,Low,,current,demand_forecast_run_20261005T130920538
2025-09-30,S07,P0409,CAT12,6,4,6.46,2.635,6.686,6.83,Low,,current,demand_forecast_run_20261005T130920538
2025-09-30,S07,P0433,CAT20,6,2,9.33,0.885,2.391,20.34,Low,,current,demand_forecast_run_20261005T130920538
2025-09-30,S07,P0435,CAT14,20,7,12.17,3.54,8.909,16.95,Low,,current,demand_forecast_run_20261005T130920538
2025-09-30,S07,P0445,CAT02,12,3,41.96,0.872,2.121,41.26,Low,,current,demand_forecast_run_20261005T130920538
2025-09-30,S07,P0507,CAT02,13,11,5.35,7.174,17.442,5.44,Low,,current,demand_forecast_run_20261005T130920538
2025-09-30,S07,P0563,CAT13,13,5,8.27,2.994,6.44,13.03,Low,,current,demand_forecast_run_20261005T130920538
2025-09-30,S07,P0579,CAT12,6,3,20.98,1.4,3.552,12.86,Low,,current,demand_forecast_run_20261005T130920538
2025-09-30,S07,P0589,CAT03,9,4,18,2.046,4.355,13.2,Low,,current,demand_forecast_run_20261005T130920538
2025-09-30,S08,P0003,CAT03,20,7,11.67,5.627,9.302,10.66,Low,,current,demand_forecast_run_20261005T130920538
2025-09-30,S08,P0022,CAT05,6,6,3.5,2.92,4.533,6.16,Medium,BELOW_REORDER,current,demand_forecast_run_20261005T130920538
2025-09-30,S08,P0032,CAT11,46,18,8.36,15.025,22.34,9.18,Low,,current,demand_forecast_run_20261005T130920538
2025-09-30,S08,P0053,CAT06,6,3,13.99,1.558,3.152,11.56,Low,,current,demand_forecast_run_20261005T130920538
2025-09-30,S08,P0073,CAT13,10,3,69.93,0.505,1.068,59.42,Low,,current,demand_forecast_run_20261005T130920538
2025-09-30,S08,P0170,CAT17,6,4,12,2.102,4,8.56,Low,,current,demand_forecast_run_20261005T130920538
2025-09-30,S08,P0206,CAT15,20,7,11.2,3.515,7.617,17.07,Low,,current,demand_forecast_run_20261005T130920538
2025-09-30,S08,P0213,CAT07,14,6,8.52,3.336,6.947,12.59,Low,,current,demand_forecast_run_20261005T130920538
2025-09-30,S08,P0252,CAT18,29,9,11.94,5.759,13.726,15.11,Low,,current,demand_forecast_run_20261005T130920538
2025-09-30,S08,P0272,CAT13,11,4,17.11,1.683,3.562,19.61,Low,,current,demand_forecast_run_20261005T130920538
2025-09-30,S08,P0288,CAT14,8,4,14.01,1.437,3.136,16.7,Low,,current,demand_forecast_run_20261005T130920538
2025-09-30,S08,P0316,CAT15,9,4,9.69,1.635,3.543,16.51,Low,,current,demand_forecast_run_20261005T130920538
2025-09-30,S08,P0369,CAT09,31,10,14,5.629,10.808,16.52,Low,,current,demand_forecast_run_20261005T130920538
2025-09-30,S08,P0381,CAT13,9,4,20.98,0.926,1.959,29.17,Low,,current,demand_forecast_run_20261005T130920538
2025-09-30,S08,P0391,CAT06,17,6,9.92,4.24,8.581,12.03,Low,,current,demand_forecast_run_20261005T130920538
2025-09-30,S08,P0392,CAT19,10,4,15.55,1.389,3.042,21.59,Low,,current,demand_forecast_run_20261005T130920538
2025-09-30,S08,P0408,CAT16,6,4,4.2,3.05,7.915,5.9,Low,,current,demand_forecast_run_20261005T130920538
2025-09-30,S08,P0409,CAT12,0,5,0,3.091,6.537,0,High,ZERO_STOCK|DEMAND_EXCEEDS_STOCK|BELOW_REORDER|LOW_DAYS_COVER,current,demand_forecast_run_20261005T130920538
2025-09-30,S08,P0433,CAT20,7,2,48.95,0.64,1.504,32.83,Low,,current,demand_forecast_run_20261005T130920538
2025-09-30,S08,P0435,CAT14,11,9,4.53,5.578,12.176,5.92,Low,,current,demand_forecast_run_20261005T130920538
2025-09-30,S08,P0445,CAT02,4,4,8,0.778,1.229,15.42,Medium,BELOW_REORDER,current,demand_forecast_run_20261005T130920538
2025-09-30,S08,P0507,CAT02,43,18,7.34,14.303,22.579,9.02,Low,,current,demand_forecast_run_20261005T130920538
2025-09-30,S08,P0563,CAT13,17,8,12.53,4.124,8.726,12.37,Low,,current,demand_forecast_run_20261005T130920538
2025-09-30,S08,P0579,CAT12,8,3,11.2,1.636,3.461,14.67,Low,,current,demand_forecast_run_20261005T130920538
2025-09-30,S08,P0589,CAT03,16,5,17.22,3.079,5.09,15.59,Low,,current,demand_forecast_run_20261005T130920538
2025-09-30,S09,P0003,CAT03,15,5,15,3.477,6.774,12.94,Low,,current,demand_forecast_run_20261005T130920538
2025-09-30,S09,P0022,CAT05,12,6,7.3,2.343,4.2,15.37,Low,,current,demand_forecast_run_20261005T130920538
2025-09-30,S09,P0032,CAT11,50,17,8.98,13.84,23.522,10.84,Low,,current,demand_forecast_run_20261005T130920538
2025-09-30,S09,P0053,CAT06,10,3,23.31,0.695,1.785,43.18,Low,,current,demand_forecast_run_20261005T130920538
2025-09-30,S09,P0073,CAT13,10,3,140.85,0.211,0.475,142.45,Low,,current,demand_forecast_run_20261005T130920538
2025-09-30,S09,P0170,CAT17,4,4,7.01,2.181,5.311,5.5,Medium,BELOW_REORDER,current,demand_forecast_run_20261005T130920538
2025-09-30,S09,P0206,CAT15,13,6,9.1,2.537,6.181,15.37,Low,,current,demand_forecast_run_20261005T130920538
2025-09-30,S09,P0213,CAT07,5,5,2.8,3.363,7.546,4.46,Medium,BELOW_REORDER|LOW_DAYS_COVER,current,demand_forecast_run_20261005T130920538
2025-09-30,S09,P0252,CAT18,14,7,7.26,5.707,13.702,7.36,Low,,current,demand_forecast_run_20261005T130920538
2025-09-30,S09,P0272,CAT13,9,3,25.21,1.053,2.377,25.64,Low,,current,demand_forecast_run_20261005T130920538
2025-09-30,S09,P0288,CAT14,12,4,10.5,1.903,4.542,18.91,Low,,current,demand_forecast_run_20261005T130920538
2025-09-30,S09,P0316,CAT15,8,4,18.65,1.119,2.727,21.44,Low,,current,demand_forecast_run_20261005T130920538
2025-09-30,S09,P0369,CAT09,3,8,1.5,4.867,10.825,1.85,High,DEMAND_EXCEEDS_STOCK|BELOW_REORDER|LOW_DAYS_COVER,current,demand_forecast_run_20261005T130920538
2025-09-30,S09,P0381,CAT13,10,3,28.01,0.737,1.664,40.69,Low,,current,demand_forecast_run_20261005T130920538
2025-09-30,S09,P0391,CAT06,17,7,14.87,2.987,7.675,17.07,Low,,current,demand_forecast_run_20261005T130920538
2025-09-30,S09,P0392,CAT19,6,3,12,1.325,3.345,13.58,Low,,current,demand_forecast_run_20261005T130920538
2025-09-30,S09,P0408,CAT16,5,4,5.38,2.111,5.713,7.11,Low,,current,demand_forecast_run_20261005T130920538
2025-09-30,S09,P0409,CAT12,15,5,23.33,2.572,6.366,17.49,Low,,current,demand_forecast_run_20261005T130920538
2025-09-30,S09,P0433,CAT20,7,2,32.71,0.687,1.73,30.58,Low,,current,demand_forecast_run_20261005T130920538
2025-09-30,S09,P0435,CAT14,21,9,11.31,3.875,9.246,16.26,Low,,current,demand_forecast_run_20261005T130920538
2025-09-30,S09,P0445,CAT02,5,4,4.67,1.573,3.138,9.53,Low,,current,demand_forecast_run_20261005T130920538
2025-09-30,S09,P0507,CAT02,29,16,5.72,8.417,16.789,10.34,Low,,current,demand_forecast_run_20261005T130920538
2025-09-30,S09,P0563,CAT13,7,6,6.54,3.792,8.557,5.54,Low,,current,demand_forecast_run_20261005T130920538
2025-09-30,S09,P0579,CAT12,8,3,18.65,1.394,3.448,17.22,Low,,current,demand_forecast_run_20261005T130920538
2025-09-30,S09,P0589,CAT03,6,5,4.67,3.477,6.774,5.18,Low,,current,demand_forecast_run_20261005T130920538
2025-09-30,S10,P0003,CAT03,11,5,8.55,4.097,8.731,8.05,Low,,current,demand_forecast_run_20261005T130920538
2025-09-30,S10,P0022,CAT05,17,5,10.35,3.038,4.712,16.79,Low,,current,demand_forecast_run_20261005T130920538
2025-09-30,S10,P0032,CAT11,41,14,9.11,10.933,20.549,11.25,Low,,current,demand_forecast_run_20261005T130920538
2025-09-30,S10,P0053,CAT06,4,3,7.01,1.138,2.768,10.55,Low,,current,demand_forecast_run_20261005T130920538
2025-09-30,S10,P0073,CAT13,1,3,2,0.988,2.24,3.04,Medium,BELOW_REORDER|LOW_DAYS_COVER,current,demand_forecast_run_20261005T130920538
2025-09-30,S10,P0170,CAT17,7,3,8.91,1.341,3.247,15.66,Low,,current,demand_forecast_run_20261005T130920538
2025-09-30,S10,P0206,CAT15,8,5,8.61,1.725,4.34,13.91,Low,,current,demand_forecast_run_20261005T130920538
2025-09-30,S10,P0213,CAT07,12,4,16.81,1.965,4.685,18.33,Low,,current,demand_forecast_run_20261005T130920538
2025-09-30,S10,P0252,CAT18,0,7,0,4.074,9.024,0,High,ZERO_STOCK|DEMAND_EXCEEDS_STOCK|BELOW_REORDER|LOW_DAYS_COVER,current,demand_forecast_run_20261005T130920538
2025-09-30,S10,P0272,CAT13,3,3,3.23,1.14,2.584,7.9,Medium,BELOW_REORDER,current,demand_forecast_run_20261005T130920538
2025-09-30,S10,P0288,CAT14,8,4,10.18,1.229,3.232,19.53,Low,,current,demand_forecast_run_20261005T130920538
2025-09-30,S10,P0316,CAT15,10,4,7.78,1.51,3.798,19.87,Low,,current,demand_forecast_run_20261005T130920538
2025-09-30,S10,P0369,CAT09,14,7,9.33,3.991,9.359,10.52,Low,,current,demand_forecast_run_20261005T130920538
2025-09-30,S10,P0381,CAT13,3,3,4.2,1.52,3.446,5.92,Medium,BELOW_REORDER,current,demand_forecast_run_20261005T130920538
2025-09-30,S10,P0391,CAT06,4,5,1.87,3.414,8.302,3.52,Medium,BELOW_REORDER|LOW_DAYS_COVER,current,demand_forecast_run_20261005T130920538
2025-09-30,S10,P0392,CAT19,3,3,14.02,0.655,1.46,13.74,Medium,BELOW_REORDER,current,demand_forecast_run_20261005T130920538
2025-09-30,S10,P0408,CAT16,11,4,11,1.788,5.789,18.46,Low,,current,demand_forecast_run_20261005T130920538
2025-09-30,S10,P0409,CAT12,17,5,14.87,2.203,4.716,23.15,Low,,current,demand_forecast_run_20261005T130920538
2025-09-30,S10,P0433,CAT20,6,2,16.81,0.753,1.751,23.92,Low,,current,demand_forecast_run_20261005T130920538
2025-09-30,S10,P0435,CAT14,16,7,7.23,3.569,9.388,13.45,Low,,current,demand_forecast_run_20261005T130920538
2025-09-30,S10,P0445,CAT02,10,3,15.55,2.07,3.907,14.49,Low,,current,demand_forecast_run_20261005T130920538
2025-09-30,S10,P0507,CAT02,13,13,2.98,8.944,16.879,4.36,Medium,BELOW_REORDER|LOW_DAYS_COVER,current,demand_forecast_run_20261005T130920538
2025-09-30,S10,P0563,CAT13,10,6,14.01,1.976,4.48,15.18,Low,,current,demand_forecast_run_20261005T130920538
2025-09-30,S10,P0579,CAT12,3,3,4.67,0.955,2.044,9.43,Medium,BELOW_REORDER,current,demand_forecast_run_20261005T130920538
2025-09-30,S10,P0589,CAT03,7,4,8.91,1.622,3.456,12.95,Low,,current,demand_forecast_run_20261005T130920538
2025-09-30,S11,P0003,CAT03,9,6,14,2.71,4.666,9.96,Low,,current,demand_forecast_run_20261005T130920538
2025-09-30,S11,P0022,CAT05,5,6,2.92,5.106,7.292,2.94,High,DEMAND_EXCEEDS_STOCK|BELOW_REORDER|LOW_DAYS_COVER,current,demand_forecast_run_20261005T130920538
2025-09-30,S11,P0032,CAT11,63,20,11.16,14.55,20.918,12.99,Low,,current,demand_forecast_run_20261005T130920538
2025-09-30,S11,P0053,CAT06,6,4,13.99,1.145,2.434,15.72,Low,,current,demand_forecast_run_20261005T130920538
2025-09-30,S11,P0073,CAT13,6,3,28.04,0.886,1.837,20.31,Low,,current,demand_forecast_run_20261005T130920538
2025-09-30,S11,P0170,CAT17,7,4,7,2.12,4.6,9.91,Low,,current,demand_forecast_run_20261005T130920538
2025-09-30,S11,P0206,CAT15,8,7,4.67,3.106,6.4,7.73,Low,,current,demand_forecast_run_20261005T130920538
2025-09-30,S11,P0213,CAT07,18,6,16.81,3.283,7.157,16.45,Low,,current,demand_forecast_run_20261005T130920538
2025-09-30,S11,P0252,CAT18,24,9,14.61,6.044,13.032,11.91,Low,,current,demand_forecast_run_20261005T130920538
2025-09-30,S11,P0272,CAT13,14,4,28,1.182,2.449,35.54,Low,,current,demand_forecast_run_20261005T130920538
2025-09-30,S11,P0288,CAT14,12,5,8.84,2.524,5.866,14.26,Low,,current,demand_forecast_run_20261005T130920538
2025-09-30,S11,P0316,CAT15,3,4,3.23,1.831,3.774,4.91,Medium,BELOW_REORDER,current,demand_forecast_run_20261005T130920538
2025-09-30,S11,P0369,CAT09,23,9,11.92,7.661,14.141,9.01,Low,,current,demand_forecast_run_20261005T130920538
2025-09-30,S11,P0381,CAT13,9,4,25.21,1.871,3.878,14.43,Low,,current,demand_forecast_run_20261005T130920538
2025-09-30,S11,P0391,CAT06,18,7,15.75,3.245,6.896,16.64,Low,,current,demand_forecast_run_20261005T130920538
2025-09-30,S11,P0392,CAT19,5,3,10,0.974,2.299,15.41,Low,,current,demand_forecast_run_20261005T130920538
2025-09-30,S11,P0408,CAT16,13,5,16.54,2.536,6.318,15.38,Low,,current,demand_forecast_run_20261005T130920538
2025-09-30,S11,P0409,CAT12,12,5,10.5,2.576,5.258,13.97,Low,,current,demand_forecast_run_20261005T130920538
2025-09-30,S11,P0433,CAT20,5,3,8.76,1.286,2.881,11.66,Low,,current,demand_forecast_run_20261005T130920538
2025-09-30,S11,P0435,CAT14,11,9,5.5,4.291,9.973,7.69,Low,,current,demand_forecast_run_20261005T130920538
2025-09-30,S11,P0445,CAT02,13,5,18.21,1.73,2.808,22.54,Low,,current,demand_forecast_run_20261005T130920538
2025-09-30,S11,P0507,CAT02,19,18,3.41,11.948,19.386,4.77,Low,,current,demand_forecast_run_20261005T130920538
2025-09-30,S11,P0563,CAT13,5,7,3.18,4.136,8.572,3.63,Medium,BELOW_REORDER,current,demand_forecast_run_20261005T130920538
2025-09-30,S11,P0579,CAT12,5,3,7.78,1.61,3.286,9.32,Low,,current,demand_forecast_run_20261005T130920538
2025-09-30,S11,P0589,CAT03,14,5,14,3.299,5.68,12.73,Low,,current,demand_forecast_run_20261005T130920538
2025-09-30,S12,P0003,CAT03,5,6,3.89,3.93,7.357,3.82,Medium,BELOW_REORDER,current,demand_forecast_run_20261005T130920538
2025-09-30,S12,P0022,CAT05,16,5,10.67,3.656,5.422,13.13,Low,,current,demand_forecast_run_20261005T130920538
2025-09-30,S12,P0032,CAT11,25,15,5.38,16.419,24.586,4.57,Low,,current,demand_forecast_run_20261005T130920538
2025-09-30,S12,P0053,CAT06,0,3,0,1.773,4.326,0,High,ZERO_STOCK|DEMAND_EXCEEDS_STOCK|BELOW_REORDER|LOW_DAYS_COVER,current,demand_forecast_run_20261005T130920538
2025-09-30,S12,P0073,CAT13,8,3,112.68,0.471,0.957,50.98,Low,,current,demand_forecast_run_20261005T130920538
2025-09-30,S12,P0170,CAT17,10,3,28.01,1.45,3.774,20.69,Low,,current,demand_forecast_run_20261005T130920538
2025-09-30,S12,P0206,CAT15,9,6,4.07,3.492,7.559,7.73,Low,,current,demand_forecast_run_20261005T130920538
2025-09-30,S12,P0213,CAT07,12,5,11.2,3.143,6.911,11.45,Low,,current,demand_forecast_run_20261005T130920538
2025-09-30,S12,P0252,CAT18,21,7,15.48,4.26,10.783,14.79,Low,,current,demand_forecast_run_20261005T130920538
2025-09-30,S12,P0272,CAT13,13,3,90.91,1.318,2.68,29.58,Low,,current,demand_forecast_run_20261005T130920538
2025-09-30,S12,P0288,CAT14,14,4,32.63,1.936,4.353,21.69,Low,,current,demand_forecast_run_20261005T130920538
2025-09-30,S12,P0316,CAT15,9,3,10.5,1.515,3.28,17.82,Low,,current,demand_forecast_run_20261005T130920538
2025-09-30,S12,P0369,CAT09,8,8,9.33,6.255,14.883,3.84,Medium,BELOW_REORDER,current,demand_forecast_run_20261005T130920538
2025-09-30,S12,P0381,CAT13,10,3,8.75,2.072,4.211,14.48,Low,,current,demand_forecast_run_20261005T130920538
2025-09-30,S12,P0391,CAT06,10,5,11.67,2.8,6.83,10.72,Low,,current,demand_forecast_run_20261005T130920538
2025-09-30,S12,P0392,CAT19,5,3,7.78,1.831,4.463,8.19,Low,,current,demand_forecast_run_20261005T130920538
2025-09-30,S12,P0408,CAT16,7,4,9.8,1.709,4.379,12.29,Low,,current,demand_forecast_run_20261005T130920538
2025-09-30,S12,P0409,CAT12,11,4,19.26,3.211,7.464,10.28,Low,,current,demand_forecast_run_20261005T130920538
2025-09-30,S12,P0433,CAT20,4,2,27.97,0.619,1.589,19.37,Low,,current,demand_forecast_run_20261005T130920538
2025-09-30,S12,P0435,CAT14,20,6,11.67,4.462,10.03,13.45,Low,,current,demand_forecast_run_20261005T130920538
2025-09-30,S12,P0445,CAT02,6,3,10.51,1.359,2.806,13.24,Low,,current,demand_forecast_run_20261005T130920538
2025-09-30,S12,P0507,CAT02,26,14,10.4,9.152,18.892,8.52,Low,,current,demand_forecast_run_20261005T130920538
2025-09-30,S12,P0563,CAT13,15,6,14.01,3.013,6.125,14.93,Low,,current,demand_forecast_run_20261005T130920538
2025-09-30,S12,P0579,CAT12,7,3,16.32,0.932,2.167,22.53,Low,,current,demand_forecast_run_20261005T130920538
2025-09-30,S12,P0589,CAT03,13,4,16.54,2.124,3.977,18.36,Low,,current,demand_forecast_run_20261005T130920538
